time,open,high,low,close
2003-04-30,25.4875,25.6925,25.37,25.575
2003-05-01,25.25,25.587503,25.1675,25.495
2003-05-02,25.4675,25.97,25.4675,25.97
2003-05-05,26.02,26.1375,25.935003,26.025003
2003-05-06,26.05,26.3525,26.05,26.232498
2003-05-07,26.075,26.3175,26,26.13
2003-05-08,25.89,26.02,25.837503,25.8475
2003-05-09,26.05,26.2725,25.935003,26.212503
2003-05-12,26.25,26.72,26.212503,26.7
2003-05-13,26.625,26.7625,26.555,26.6375
2003-05-14,26.68,26.7,26.575,26.7
2003-05-15,26.900003,26.9775,26.7575,26.9775
2003-05-16,26.9175,27.025003,26.7425,27.025003
2003-05-19,26.912498,26.912498,26.322498,26.322498
2003-05-20,26.462503,26.495,26.0825,26.29
2003-05-21,26.224998,26.395,26.1125,26.395
2003-05-22,26.462503,26.810003,26.462503,26.77
2003-05-23,26.724998,26.93,26.695,26.919998
2003-05-27,26.849998,27.502498,26.849998,27.5
2003-05-28,27.57,27.677503,27.445,27.572498
2003-05-29,27.6325,27.822498,27.419998,27.474998
2003-05-30,27.675,28.0125,27.669998,28.0125
2003-06-02,28.275003,28.485,28.1675,28.1675
2003-06-03,28.1125,28.2375,28.0325,28.1575
2003-06-04,28.162498,28.7575,28.162498,28.747503
2003-06-05,28.572498,28.95,28.572498,28.95
2003-06-06,29.2375,29.544998,28.8,28.8
2003-06-09,28.599998,28.64,28.287498,28.3325
2003-06-10,28.55,28.575,28.3675,28.537498
2003-06-11,28.5,29.0275,28.5,29.0275
2003-06-12,29.212503,29.212503,28.9525,29.1475
2003-06-13,29.1375,29.1375,28.615003,28.7
2003-06-16,28.875,29.28,28.82,29.28
2003-06-17,29.3625,29.3625,29.150003,29.3325
2003-06-18,29.2,29.3625,29.087503,29.195
2003-06-19,29.275003,29.337503,28.805,28.814998
2003-06-20,28.95,29.125,28.7775,28.787498
2003-06-23,28.4375,28.4375,28.25,28.3825
2003-06-24,28.3,28.400003,28.1125,28.3
2003-06-25,28.3875,28.52,28.150003,28.150003
2003-06-26,28.1375,28.4375,28.1175,28.392503
2003-06-27,28.502498,28.5125,28.224998,28.235
2003-06-30,28.462503,28.462503,28.162498,28.255
2003-07-01,28.162498,28.375,27.8175,28.349998
2003-07-02,28.375,28.71,28.375,28.71
2003-07-03,28.572498,28.759998,28.395,28.552503
2003-07-07,28.875,29.095,28.875,29.0325
2003-07-08,29.05,29.302503,28.962503,29.302503
2003-07-09,29.1875,29.377498,29.13,29.32
2003-07-10,29.0625,29.0625,28.645,28.7725
2003-07-11,28.912498,29.037498,28.87,28.947498
2003-07-14,29.28,29.4525,29.252498,29.37
2003-07-15,29.3125,29.3125,28.9675,29
2003-07-16,29.087503,29.087503,28.655,28.747503
2003-07-17,28.642503,28.642503,28.325,28.325
2003-07-18,28.3875,28.747503,28.3875,28.71
2003-07-21,28.4075,28.4075,28.325,28.335
2003-07-22,28.325,28.7,28.325,28.689998
2003-07-23,28.724998,28.724998,28.455003,28.455003
2003-07-24,28.912498,29.0075,28.575,28.575
2003-07-25,28.712503,29.0125,28.689998,29.0125
2003-07-28,29.150003,29.150003,29.0325,29.07
2003-07-29,29.085,29.085,28.715,28.849998
2003-07-30,28.8275,28.9425,28.79,28.79
2003-07-31,28.912498,29.29,28.912498,28.919998
2003-08-01,28.6925,28.765,28.62,28.735
2003-08-04,28.697498,28.755,28.325,28.685003
2003-08-05,28.662498,28.662498,28.165,28.165
2003-08-06,28.1125,28.365003,28.044998,28.2375
2003-08-07,28.2,28.37,28.197498,28.335
2003-08-08,28.4575,28.482498,28.355,28.439998
2003-08-11,28.560003,28.6575,28.37,28.555
2003-08-12,28.555,28.8475,28.555,28.8275
2003-08-13,28.9875,28.9875,28.7625,28.775003
2003-08-14,28.91,29.099998,28.8625,29.0775
2003-08-15,29.14,29.14,29.14,29.14
2003-08-18,29.2,29.474998,29.2,29.474998
2003-08-19,29.55,29.66,29.425,29.66
2003-08-20,29.525003,29.747503,29.5,29.6725
2003-08-21,29.8325,30.0075,29.7375,29.9175
2003-08-22,30.150003,30.155,29.587503,29.587503
2003-08-25,29.55,29.55,29.427503,29.53
2003-08-26,29.5,29.642503,29.205003,29.642503
2003-08-27,29.575,29.7375,29.575,29.7375
2003-08-28,29.8,29.9925,29.5925,29.9925
2003-08-29,29.825,30.235,29.825,30.1675
2003-09-02,30.3625,30.63,30.177503,30.61
2003-09-03,30.625,30.8125,30.625,30.6875
2003-09-04,30.675,30.745,30.57,30.712503
2003-09-05,30.564998,30.752498,30.474998,30.59
2003-09-08,30.645,30.855,30.645,30.837503
2003-09-09,30.787498,30.787498,30.537498,30.57
2003-09-10,30.335,30.3675,30.0075,30.025003
2003-09-11,30.1875,30.325,30.064998,30.232498
2003-09-12,30.169998,30.357498,29.9675,30.3175
2003-09-15,30.3625,30.3625,29.925,30.232498
2003-09-16,30.365003,30.662498,30.3325,30.662498
2003-09-17,30.675,30.724998,30.587503,30.599998
2003-09-18,30.6125,30.990003,30.564998,30.962503
2003-09-19,30.75,30.837503,30.655,30.802503
2003-09-22,30.375,30.47,30.3,30.384998
2003-09-23,30.419998,30.607498,30.419998,30.607498
2003-09-24,30.607498,30.607498,30.075,30.105
2003-09-25,30.125,30.125,29.77,29.77
2003-09-26,29.650003,29.675,29.5,29.53
2003-09-29,29.625,29.715,29.482498,29.71
2003-09-30,29.695,29.695,29.34,29.572498
2003-10-01,29.650003,30.095,29.650003,30.095
2003-10-02,30.259998,30.267503,30.1325,30.25
2003-10-03,30.7625,30.895,30.595,30.605
2003-10-06,30.7175,30.825,30.63,30.7925
2003-10-07,30.650003,30.9425,30.57,30.9425
2003-10-08,30.962503,30.990003,30.7925,30.857498
2003-10-09,31.2,31.3425,30.9725,31.05
2003-10-10,31.099998,31.1175,30.9725,31.025003
2003-10-13,31.2275,31.427503,31.2275,31.337503
2003-10-14,31.287498,31.455003,31.22,31.45
2003-10-15,31.575,31.587503,31.2725,31.357498
2003-10-16,31.2625,31.5125,31.2625,31.4075
2003-10-17,31.2925,31.2925,31,31.035
2003-10-20,31.1125,31.150003,30.982498,31.150003
2003-10-21,31.2,31.285,31.1375,31.2075
2003-10-22,30.95,30.9525,30.72,30.75
2003-10-23,30.6125,30.837503,30.5425,30.775003
2003-10-24,30.587503,30.6475,30.375,30.625
2003-10-27,30.912498,31,30.825,30.825
2003-10-28,31.037498,31.337503,31,31.337503
2003-10-29,31.287498,31.474998,31.28,31.4575
2003-10-30,31.675,31.675,31.400003,31.6125
2003-10-31,31.662498,31.7,31.53,31.62
2003-11-03,31.7825,31.9575,31.6875,31.89
2003-11-04,31.8325,31.927503,31.732498,31.75
2003-11-05,31.650003,31.822498,31.560003,31.794998
2003-11-06,31.825,31.9875,31.6725,31.9875
2003-11-07,32.087503,32.175,31.93,31.935003
2003-11-10,31.905,31.905,31.605,31.605
2003-11-11,31.66,31.66,31.502498,31.5975
2003-11-12,31.6875,32.04,31.6875,32.04
2003-11-13,32.025003,32.1125,31.927503,32.1125
2003-11-14,32.145,32.2625,31.75,31.787498
2003-11-17,31.7375,31.75,31.275003,31.482498
2003-11-18,31.5825,31.665,31.165,31.165
2003-11-19,31.2,31.3525,31.18,31.3525
2003-11-20,31.150003,31.482498,31.107498,31.1375
2003-11-21,31.275003,31.305,31.11,31.2725
2003-11-24,31.525003,31.8625,31.525003,31.8625
2003-11-25,31.8625,32.16,31.845,32.064997
2003-11-26,32.145,32.21,31.919998,32.2075
2003-11-28,32.2625,32.330003,32.2375,32.287498
2003-12-01,32.375,32.68,32.375,32.669998
2003-12-02,32.650003,32.689997,32.5425,32.55
2003-12-03,32.7375,32.7925,32.5075,32.5125
2003-12-04,32.5625,32.585,32.355,32.490003
2003-12-05,32.4375,32.5075,32.25,32.2625
2003-12-08,32.349998,32.5,32.2575,32.5
2003-12-09,32.5625,32.5625,32.1875,32.21
2003-12-10,32.25,32.25,31.892503,31.96
2003-12-11,32.087503,32.580003,32.087503,32.525003
2003-12-12,32.4875,32.66,32.400003,32.650003
2003-12-15,33.025003,33.025003,32.3875,32.3875
2003-12-16,32.462503,32.5425,32.252497,32.495
2003-12-17,32.5,32.5925,32.405,32.5925
2003-12-18,32.6675,33.107498,32.6675,33.07
2003-12-19,33.0625,33.0625,32.86,33.0075
2003-12-22,32.925,33.142503,32.925,33.142503
2003-12-23,33.2375,33.36,33.2275,33.36
2003-12-24,33.325,33.345,33.240003,33.2975
2003-12-26,33.3875,33.46,33.365003,33.377497
2003-12-29,33.544998,33.775003,33.4875,33.775003
2003-12-30,33.8125,33.82,33.712503,33.82
2003-12-31,33.875,33.905,33.7225,33.8625
2004-01-02,34,34.02,33.6125,33.7025
2004-01-05,33.7375,34.125,33.7375,34.125
2004-01-06,34.099998,34.224998,34.025003,34.195
2004-01-07,34.169998,34.235,33.95,34.215
2004-01-08,34.425,34.474998,34.28,34.474998
2004-01-09,34.27,34.585,34.224998,34.2925
2004-01-12,34.375,34.5,34.265,34.5
2004-01-13,34.560003,34.560003,34.150003,34.310003
2004-01-14,34.462503,34.6325,34.4375,34.62
2004-01-15,34.705003,34.84,34.445,34.715
2004-01-16,34.915,35.037498,34.86,35.037498
2004-01-20,35.150003,35.169998,34.935003,35.107498
2004-01-21,35.087503,35.3425,34.93,35.2575
2004-01-22,35.400003,35.405,35.122503,35.122503
2004-01-23,35.175,35.3,34.9375,35.037498
2004-01-26,35.075,35.349998,34.97,35.349998
2004-01-27,35.3,35.37,35.0675,35.0775
2004-01-28,35.224998,35.224998,34.537498,34.6125
2004-01-29,34.740003,34.787498,34.232498,34.62
2004-01-30,34.6375,34.689998,34.495,34.665
2004-02-02,34.724998,34.9375,34.5225,34.7025
2004-02-03,34.6875,34.78,34.6375,34.712503
2004-02-04,34.525003,34.53,34.255,34.3425
2004-02-05,34.349998,34.5275,34.322498,34.435003
2004-02-06,34.585,34.965,34.495,34.9575
2004-02-09,35.0625,35.125,34.962503,34.9875
2004-02-10,34.9875,35.175,34.9875,35.142503
2004-02-11,35.175,35.599998,35.087503,35.5675
2004-02-12,35.5625,35.634998,35.462503,35.462503
2004-02-13,35.505,35.505,35.115003,35.224998
2004-02-17,35.5,35.665,35.465,35.6175
2004-02-18,35.650003,35.650003,35.419998,35.4925
2004-02-19,35.724998,35.724998,35.2725,35.2725
2004-02-20,35.400003,35.400003,34.925,35.122503
2004-02-23,35.2375,35.2375,34.82,34.900003
2004-02-24,34.875,34.9725,34.675,34.8075
2004-02-25,34.912498,35.0775,34.82,35.0575
2004-02-26,35.025003,35.224998,34.895,35.205003
2004-02-27,35.2,35.46,35.165,35.325
2004-03-01,35.5,35.7925,35.4725,35.767503
2004-03-02,35.75,35.785,35.5825,35.625
2004-03-03,35.575,35.66,35.357498,35.64
2004-03-04,35.6875,35.775003,35.575,35.775003
2004-03-05,35.662498,36.04,35.622503,35.91
2004-03-08,35.925,35.935003,35.5,35.5
2004-03-09,35.537498,35.537498,35.1125,35.212503
2004-03-10,35.23,35.23,34.5625,34.6675
2004-03-11,34.375,34.697498,34.0625,34.09
2004-03-12,34.287498,34.6025,34.28,34.599998
2004-03-15,34.474998,34.5,34.0625,34.0625
2004-03-16,34.275003,34.349998,33.96,34.232498
2004-03-17,34.497503,34.82,34.462503,34.7625
2004-03-18,34.712503,34.775003,34.3825,34.75
2004-03-19,34.662498,34.662498,34.349998,34.349998
2004-03-22,34.2375,34.2375,33.665,33.794998
2004-03-23,33.9875,34.0325,33.697498,33.7975
2004-03-24,33.837503,33.905,33.587503,33.705003
2004-03-25,33.95,34.337503,33.884998,34.275003
2004-03-26,34.275003,34.465,34.2725,34.345
2004-03-29,34.537498,34.8075,34.537498,34.68
2004-03-30,34.68,34.982498,34.68,34.945
2004-03-31,34.939998,35.107498,34.810003,35
2004-04-01,35.099998,35.2975,35.0775,35.215
2004-04-02,35.675,35.675,35.4025,35.6125
2004-04-05,35.599998,35.82,35.55,35.82
2004-04-06,35.662498,35.747503,35.607498,35.747503
2004-04-07,35.6875,35.71,35.425,35.5625
2004-04-08,35.8125,35.82,35.4025,35.525003
2004-04-12,35.55,35.752498,35.55,35.64
2004-04-13,35.7,35.71,35.025003,35.095
2004-04-14,34.912498,35.145,34.84,34.875
2004-04-15,35.05,35.1825,34.75,34.947498
2004-04-16,35.05,35.189998,34.875,35.175
2004-04-19,35.150003,35.177503,34.96,35.175
2004-04-20,35.2375,35.314998,34.66,34.66
2004-04-21,34.625,34.9025,34.5575,34.875
2004-04-22,34.875,35.580003,34.875,35.535
2004-04-23,35.525003,35.525003,35.2425,35.445
2004-04-26,35.525003,35.5975,35.2,35.21
2004-04-27,35.325,35.61,35.265,35.265
2004-04-28,35.125,35.125,34.724998,34.7375
2004-04-29,34.697498,34.849998,34.1375,34.337503
2004-04-30,34.3875,34.4775,34.0775,34.175
2004-05-03,34.150003,34.439998,34.1375,34.400003
2004-05-04,34.45,34.752498,34.330003,34.5
2004-05-05,34.4875,34.6675,34.4875,34.6025
2004-05-06,34.4375,34.4375,34.0675,34.2625
2004-05-07,34.25,34.3,33.645,33.6525
2004-05-10,33.325,33.405,32.96,33.150003
2004-05-11,33.4175,33.55,33.375,33.525003
2004-05-12,33.400003,33.5575,32.9075,33.54
2004-05-13,33.5625,33.787498,33.43,33.665
2004-05-14,33.625,33.767503,33.3475,33.5825
2004-05-17,33.134997,33.305,33.002497,33.16
2004-05-18,33.474998,33.505,33.38,33.482498
2004-05-19,33.7625,33.9925,33.4075,33.415
2004-05-20,33.375,33.5075,33.335,33.462503
2004-05-21,33.6125,33.735,33.482498,33.54
2004-05-24,33.875,33.93,33.642503,33.8125
2004-05-25,33.64,34.419998,33.627498,34.419998
2004-05-26,34.375,34.5425,34.32,34.4875
2004-05-27,34.7,34.8275,34.515,34.655
2004-05-28,34.625,34.775003,34.607498,34.7725
2004-06-01,34.650003,34.8,34.5475,34.732498
2004-06-02,34.8975,34.935003,34.662498,34.849998
2004-06-03,34.712503,34.7625,34.5,34.5
2004-06-04,34.775003,34.875,34.6575,34.715
2004-06-07,34.9675,35.375,34.915,35.375
2004-06-08,35.3125,35.39,35.175,35.36
2004-06-09,35.325,35.34,34.982498,34.985
2004-06-10,35.162498,35.2025,35.060003,35.134998
2004-06-14,35.0125,35.015,34.645,34.724998
2004-06-15,35.0125,35.1725,34.9225,35.017503
2004-06-16,35.05,35.127498,34.962503,35.0925
2004-06-17,35.03,35.0775,34.865003,35.0625
2004-06-18,34.925,35.1925,34.925,35.064998
2004-06-21,35.1125,35.1675,34.925,34.962503
2004-06-22,34.962503,35.205003,34.845,35.162498
2004-06-23,35.224998,35.622503,35.16,35.5925
2004-06-24,35.5575,35.7,35.310003,35.5075
2004-06-25,35.5575,35.712503,35.45,35.537498
2004-06-28,35.71,35.724998,35.25,35.405
2004-06-29,35.4375,35.5425,35.3825,35.495
2004-06-30,35.599998,35.7725,35.439998,35.7375
2004-07-01,35.724998,35.7575,35.115003,35.25
2004-07-02,35.224998,35.224998,35.015,35.13
2004-07-06,34.974998,34.974998,34.669998,34.73
2004-07-07,34.825,34.875,34.712503,34.785
2004-07-08,34.675,34.715,34.400003,34.4075
2004-07-09,34.599998,34.599998,34.4575,34.515
2004-07-12,34.525003,34.5675,34.275003,34.474998
2004-07-13,34.575,34.575,34.465,34.53
2004-07-14,34.287498,34.7,34.287498,34.395
2004-07-15,34.5,34.6175,34.412498,34.482498
2004-07-16,34.5825,34.5825,34.2175,34.2175
2004-07-19,34.275003,34.335378,34.05,34.2
2004-07-20,34.224998,34.5,34.169625,34.5
2004-07-21,34.662498,34.705003,33.962503,33.965
2004-07-22,33.8875,34.0275,33.537498,33.925
2004-07-23,33.7925,33.7925,33.537498,33.629623
2004-07-26,33.650003,33.759998,33.294998,33.4675
2004-07-27,33.45,33.814998,33.43,33.77
2004-07-28,33.712503,33.8425,33.330003,33.73
2004-07-29,33.830003,34.115003,33.830003,34.05
2004-07-30,34,34.155,33.97,34.1025
2004-08-02,33.974998,34.252878,33.939998,34.235
2004-08-03,34.177503,34.177503,33.89,33.912498
2004-08-04,33.75,33.939998,33.6025,33.845
2004-08-05,33.8,33.8,33.232498,33.232498
2004-08-06,32.794998,32.9725,32.622503,32.634997
2004-08-09,32.8,32.8625,32.697497,32.814997
2004-08-10,32.95,33.2,32.8825,33.189997
2004-08-11,32.95,33.122503,32.8325,33.07
2004-08-12,32.962503,32.9875,32.665,32.7
2004-08-13,32.8,32.8,32.59,32.650003
2004-08-16,32.825,33.2625,32.825,33.2625
2004-08-17,33.4375,33.552503,33.330003,33.349998
2004-08-18,33.3,33.78,33.3,33.767503
2004-08-19,33.767503,33.767503,33.5225,33.642503
2004-08-20,33.71,33.990003,33.66,33.9775
2004-08-23,34.0425,34.0425,33.8125,33.8125
2004-08-24,34.0125,34.0125,33.72,33.8125
2004-08-25,33.825,34.162498,33.7375,34.162498
2004-08-26,34.1125,34.1375,34.0675,34.125
2004-08-27,34.134998,34.25,34.134998,34.1875
2004-08-30,34.1675,34.1675,33.9325,33.9325
2004-08-31,34.0275,34.0675,33.805,34.0675
2004-09-01,34.175,34.28,33.997503,34.1825
2004-09-02,34.2,34.627498,34.2,34.627498
2004-09-03,34.55,34.66,34.43,34.43
2004-09-07,34.724998,34.8125,34.587503,34.7175
2004-09-08,34.7,34.732498,34.48,34.515
2004-09-09,34.645,34.72,34.4225,34.6125
2004-09-10,34.55,34.8675,34.474998,34.8625
2004-09-13,34.9325,35.07,34.884998,34.9175
2004-09-14,35.025003,35.025003,34.8625,34.995
2004-09-15,34.95,34.95,34.71,34.745
2004-09-16,34.787498,34.982498,34.787498,34.945
2004-09-17,34.9875,35.075,34.872503,34.982498
2004-09-20,34.8875,34.982498,34.8,34.87
2004-09-21,34.925,35.175,34.89,35.099998
2004-09-22,34.925,34.925,34.650003,34.662498
2004-09-23,34.537498,34.64,34.495,34.5625
2004-09-24,34.575,34.689998,34.54,34.555
2004-09-27,34.37,34.48,34.302503,34.325
2004-09-28,34.325,34.552503,34.232498,34.517503
2004-09-29,34.502498,34.662498,34.485,34.662498
2004-09-30,34.7,34.875,34.66,34.855
2004-10-01,35.0325,35.4375,35.025003,35.427503
2004-10-04,35.6875,35.7725,35.580003,35.599998
2004-10-05,35.599998,35.6375,35.4525,35.54
2004-10-06,35.509998,35.78,35.462503,35.77
2004-10-07,35.75,35.75,35.435003,35.435003
2004-10-08,35.330003,35.419998,35.025003,35.1175
2004-10-11,35.224998,35.224998,35.075,35.0925
2004-10-12,34.875,35.044998,34.7825,35.007125
2004-10-13,35.1375,35.1375,34.605,34.7225
2004-10-14,34.7375,34.7425,34.395,34.4675
2004-10-15,34.587503,34.794998,34.4225,34.5975
2004-10-18,34.575,34.7625,34.43,34.7175
2004-10-19,34.837503,34.9325,34.419998,34.419998
2004-10-20,34.34,34.4575,34.115003,34.4575
2004-10-21,34.4725,34.78,34.4525,34.732498
2004-10-22,34.787498,34.825,34.4525,34.46
2004-10-25,34.4375,34.55,34.3125,34.505
2004-10-26,34.575,35.002498,34.5125,35.002498
2004-10-27,34.98,35.5275,34.947498,35.517503
2004-10-28,35.5,35.6375,35.3475,35.495
2004-10-29,35.650003,35.73,35.48,35.6825
2004-11-01,35.7,35.7925,35.6175,35.73
2004-11-02,35.814998,36.0625,35.677503,35.6875
2004-11-03,36.3125,36.3125,35.965,36.1025
2004-11-04,36.175,36.747503,36.125,36.740003
2004-11-05,36.925,37.125,36.825,36.995
2004-11-08,37,37.03,36.849998,36.925
2004-11-09,36.9375,37.05,36.87,36.95
2004-11-10,36.925,37.105,36.905,36.974998
2004-11-11,37.0625,37.37,37.02,37.34
2004-11-12,37.375,37.6575,37.22,37.655
2004-11-15,37.599998,37.755,37.5575,37.6925
2004-11-16,37.650003,37.650003,37.439998,37.474998
2004-11-17,37.8,37.955003,37.6325,37.7025
2004-11-18,37.724998,37.825,37.642503,37.82
2004-11-19,37.787498,37.79,37.3525,37.372503
2004-11-22,37.3125,37.64,37.2575,37.6375
2004-11-23,37.6125,37.752498,37.4775,37.677503
2004-11-24,37.912498,37.96,37.767503,37.96
2004-11-26,38.0125,38.125,37.990003,38.044998
2004-11-29,38.1875,38.1875,37.655,37.8475
2004-11-30,37.875,37.895,37.7225,37.75
2004-12-01,37.9175,38.27,37.8875,38.27
2004-12-02,38.247503,38.349998,38.0775,38.197498
2004-12-03,38.2775,38.419998,38.125,38.25
2004-12-06,38.25,38.28,38,38.23
2004-12-07,38.25,38.25,37.75,37.75
2004-12-08,37.8125,37.9025,37.662498,37.84
2004-12-09,37.675,38.0625,37.495,38.04
2004-12-10,37.9775,38.1875,37.9425,38.0775
2004-12-13,38.325,38.39,38.145,38.39
2004-12-14,38.5,38.6675,38.412498,38.6375
2004-12-15,38.665,38.7925,38.560003,38.7825
2004-12-16,38.7375,38.8175,38.455003,38.587003
2004-12-17,38.474998,38.485,38.14,38.400003
2004-12-20,38.5125,38.6175,38.245,38.3
2004-12-21,38.400003,38.6725,38.3675,38.665
2004-12-22,38.7,38.8325,38.6875,38.8
2004-12-23,38.8475,38.87,38.759998,38.82
2004-12-27,38.925,38.925,38.5825,38.599998
2004-12-28,38.7175,38.919998,38.7175,38.919998
2004-12-29,38.912498,39,38.89,38.98
2004-12-30,39.037498,39.11,39.0075,39.055
2004-12-31,39.075,39.2275,39.03,39.04
2005-01-03,39.2,39.2,38.485,38.5
2005-01-04,38.650003,38.650003,37.8425,37.962503
2005-01-05,37.925,38.04,37.669998,37.669998
2005-01-06,37.787498,37.909625,37.634998,37.7825
2005-01-07,37.892503,37.892503,37.555,37.6825
2005-01-10,37.6825,37.995,37.68,37.7575
2005-01-11,37.75,37.75,37.474998,37.5625
2005-01-12,37.599998,37.75,37.302503,37.75
2005-01-13,37.745,37.8075,37.455003,37.4925
2005-01-14,37.3875,37.825,37.3875,37.8175
2005-01-18,37.755,38.185003,37.662498,38.185003
2005-01-19,38.197498,38.197498,37.835,37.849998
2005-01-20,37.675,37.77,37.52,37.5575
2005-01-21,37.599998,37.6525,37.330003,37.34
2005-01-24,37.355,37.45,37.0975,37.125
2005-01-25,37.400003,37.455003,37.155,37.175
2005-01-26,37.3625,37.497503,37.215,37.447498
2005-01-27,37.3625,37.642503,37.3525,37.5675
2005-01-28,37.599998,37.599998,37.2425,37.4175
2005-01-31,37.724998,37.84,37.64,37.837503
2005-02-01,37.900003,38.127498,37.835,38.1175
2005-02-02,38.064998,38.305,38.064998,38.27
2005-02-03,38.1875,38.1875,38.0125,38.1875
2005-02-04,38.1875,38.645,38.1875,38.64
2005-02-07,38.575,38.7175,38.517503,38.57
2005-02-08,38.55,38.68,38.497503,38.525003
2005-02-09,38.599998,38.6175,38.1575,38.177503
2005-02-10,38.3,38.34,38.145,38.3275
2005-02-11,38.34,38.767503,38.2,38.735
2005-02-14,38.7,38.715,38.615003,38.697498
2005-02-15,38.724998,38.9525,38.705375,38.8425
2005-02-16,38.75,38.9175,38.655,38.8275
2005-02-17,38.825,38.86,38.552503,38.5555
2005-02-18,38.505,38.607498,38.482875,38.552503
2005-02-22,38.537498,38.552503,37.919998,37.919998
2005-02-23,38.05,38.1925,37.974998,38.127498
2005-02-24,38.175,38.474998,38.0275,38.45
2005-02-25,38.5125,38.884998,38.4375,38.8525
2005-02-28,38.825,38.855,38.4075,38.642503
2005-03-01,38.7625,38.945,38.7625,38.91
2005-03-02,38.6875,39.0625,38.650003,38.855
2005-03-03,39.0275,39.075,38.6875,38.93
2005-03-04,39.105,39.39,39.064998,39.3275
2005-03-07,39.310003,39.585,39.310003,39.45
2005-03-08,39.52,39.52,39.215,39.2375
2005-03-09,39.185003,39.212503,38.822498,38.822498
2005-03-10,38.875,38.912498,38.5925,38.8
2005-03-11,38.837503,39.0475,38.5,38.68
2005-03-14,38.8,38.9075,38.7225,38.900003
2005-03-15,38.95,39.037498,38.634998,38.64
2005-03-16,38.525003,38.525003,38.1875,38.25
2005-03-17,38.27,38.4575,38.1925,38.365003
2005-03-18,38.3075,38.310003,38.0125,38.185003
2005-03-21,38.1925,38.1925,37.9375,38.127498
2005-03-22,38.18,38.345,37.7625,37.765
2005-03-23,37.7,37.8625,37.650003,37.7625
2005-03-24,37.8825,38.009998,37.787498,37.787498
2005-03-28,37.935003,37.990003,37.8,37.82
2005-03-29,37.73,37.9225,37.36,37.4075
2005-03-30,37.585,37.9675,37.5475,37.9675
2005-03-31,37.985,38.107498,37.95,38.0275
2005-04-01,38.2,38.38,37.7375,37.900003
2005-04-04,37.837503,37.9875,37.6525,37.900003
2005-04-05,37.962503,38.099998,37.925,38.05
2005-04-06,38.150003,38.302503,38.0675,38.105
2005-04-07,38.177503,38.375,38.124748,38.365003
2005-04-08,38.425,38.425,38.055,38.07
2005-04-11,38.125,38.125,37.92675,38.05
2005-04-12,38.0125,38.314998,37.665,38.245
2005-04-13,38.150003,38.150003,37.621498,37.705003
2005-04-14,37.72,37.72,37.150003,37.150003
2005-04-15,36.900003,37.03,36.355,36.400003
2005-04-18,36.400003,36.685003,36.3275,36.575
2005-04-19,36.849998,36.9775,36.537498,36.9375
2005-04-20,36.974998,36.997503,36.3675,36.4375
2005-04-21,36.662498,37.1375,36.645,37.1325
2005-04-22,37.064998,37.080003,36.5425,36.775003
2005-04-25,37.0325,37.2,37,37.169998
2005-04-26,37.13,37.29,36.8135,36.8135
2005-04-27,36.724998,37,36.47,36.89
2005-04-28,36.837503,36.84,36.43,36.43
2005-04-29,36.6875,36.855,36.2725,36.8125
2005-05-02,36.985,37.095,36.8075,37.017503
2005-05-03,37,37.25,36.875,37.0275
2005-05-04,37.2,37.580003,37.115003,37.5325
2005-05-05,37.5825,37.677503,37.3,37.4575
2005-05-06,37.6575,37.6575,37.43,37.525003
2005-05-09,37.5,37.7625,37.46,37.7625
2005-05-10,37.55,37.5775,37.255,37.349998
2005-05-11,37.439998,37.53,37.080003,37.5
2005-05-12,37.535,37.6375,37.037498,37.125
2005-05-13,37.064998,37.23,36.6125,36.925
2005-05-16,36.974998,37.3325,36.974998,37.3325
2005-05-17,37.224998,37.642503,37.1525,37.6185
2005-05-18,37.8825,38.1825,37.810003,38.13
2005-05-19,38.1375,38.2975,38.0625,38.285
2005-05-20,38.247503,38.345,38.169998,38.34
2005-05-23,38.400003,38.5975,38.3325,38.490003
2005-05-24,38.412498,38.48,38.3,38.419998
2005-05-25,38.3625,38.3625,38.165,38.29
2005-05-26,38.43,38.607498,38.29,38.564998
2005-05-27,38.55,38.669998,38.537498,38.6475
2005-05-31,38.625,38.697498,38.4675,38.4675
2005-06-01,38.502498,38.98,38.5,38.857498
2005-06-02,38.785,38.98,38.75,38.9675
2005-06-03,38.925,39,38.685003,38.775003
2005-06-06,38.775003,38.8275,38.625,38.787498
2005-06-07,38.900003,39.21,38.822498,38.830003
2005-06-08,38.892503,38.982498,38.6875,38.73
2005-06-09,38.7,38.97,38.605,38.962503
2005-06-10,38.9875,39.0575,38.752498,38.915
2005-06-13,38.875,39.2,38.785,39.0575
2005-06-14,39.0575,39.3275,39.0575,39.212503
2005-06-15,39.37,39.37,39.044998,39.314998
2005-06-16,39.29,39.515,39.29,39.515
2005-06-17,39.650003,39.6575,39.455003,39.580003
2005-06-20,39.4375,39.6025,39.322498,39.5
2005-06-21,39.55,39.587503,39.415,39.485
2005-06-22,39.650003,39.705003,39.419998,39.52
2005-06-23,39.52,39.615003,39.09,39.09
2005-06-24,39.037498,39.055,38.740003,38.759998
2005-06-27,38.715,38.8125,38.655,38.765
2005-06-28,38.825,39.2,38.825,39.195
2005-06-29,39.2025,39.255,39.095,39.150003
2005-06-30,39.2575,39.314998,38.95,38.965
2005-07-01,39.099998,39.169998,39.03,39.08675
2005-07-05,39.025003,39.509998,39.025003,39.4925
2005-07-06,39.412498,39.509998,39.189998,39.2175
2005-07-07,38.875,39.3275,38.7925,39.3275
2005-07-08,39.325,39.8275,39.325,39.82
2005-07-11,39.900003,40.1175,39.88,40.099998
2005-07-12,40.150003,40.2775,39.9675,40.175
2005-07-13,40.212503,40.235,40.09,40.2
2005-07-14,40.462503,40.6125,40.2075,40.3
2005-07-15,40.322498,40.372503,40.1825,40.337503
2005-07-18,40.232498,40.3275,40.212503,40.302503
2005-07-19,40.4725,40.5925,40.349998,40.560003
2005-07-20,40.474998,40.89,40.3625,40.802503
2005-07-21,40.787498,40.787498,40.423,40.45
2005-07-22,40.6125,40.7975,40.5,40.7975
2005-07-25,40.825,40.9175,40.558998,40.575
2005-07-26,40.6875,40.810003,40.64,40.7275
2005-07-27,40.8625,40.912498,40.6875,40.912498
2005-07-28,41.025003,41.2,40.877498,41.177503
2005-07-29,41.175,41.259998,40.935003,40.955003
2005-08-01,41.05,41.0775,40.89,40.9575
2005-08-02,41.025003,41.232498,41.017503,41.162498
2005-08-03,41.14,41.259998,41.09,41.2075
2005-08-04,41.0625,41.075,40.865003,40.875
2005-08-05,40.785,40.785,40.424,40.5
2005-08-08,40.575,40.6925,40.325,40.34
2005-08-09,40.575,40.625,40.47,40.580003
2005-08-10,40.7775,40.974998,40.4675,40.5625
2005-08-11,40.5825,40.8275,40.555,40.745
2005-08-12,40.7,40.7375,40.435003,40.615003
2005-08-15,40.625,40.8875,40.4875,40.8875
2005-08-16,40.7375,40.7375,40.2225,40.245
2005-08-17,40.25,40.43,40.1675,40.3125
2005-08-18,40.150003,40.32,40.087503,40.16
2005-08-19,40.325,40.412498,40.27,40.3
2005-08-22,40.425,40.59,40.1925,40.3275
2005-08-23,40.41,40.41,40.107498,40.245
2005-08-24,40.2225,40.4925,40.025003,40.025003
2005-08-25,40.1475,40.23,40.0675,40.177503
2005-08-26,40.13,40.177503,39.87,39.962503
2005-08-29,39.9175,40.25,39.75,40.25
2005-08-30,40.052503,40.0575,39.7725,39.927503
2005-08-31,40.095,40.5975,39.912498,40.5975
2005-09-01,40.525003,40.6925,40.3525,40.5
2005-09-02,40.625,40.625,40.375,40.3975
2005-09-06,40.650003,40.872503,40.552503,40.872503
2005-09-07,40.849998,40.995,40.787498,40.9875
2005-09-08,40.849998,40.962503,40.765,40.7725
2005-09-09,40.912498,41.212503,40.8945,41.212503
2005-09-12,41.1525,41.28,41.1525,41.2375
2005-09-13,41.105,41.2275,40.96,40.96
2005-09-14,41.05,41.05,40.7575,40.855
2005-09-15,40.939998,40.939998,40.665,40.7425
2005-09-16,40.849998,40.9325,40.665,40.9325
2005-09-19,40.8,40.8,40.5,40.61
2005-09-20,40.705003,40.747503,40.195,40.2425
2005-09-21,40.037498,40.072498,39.7275,39.7275
2005-09-22,39.7025,39.9525,39.55,39.8875
2005-09-23,39.849998,40.175,39.79,40.0275
2005-09-26,40.3,40.322498,39.955003,40.0825
2005-09-27,40.087503,40.22,39.925,40.11
2005-09-28,40.3075,40.337503,40.0475,40.185003
2005-09-29,40.075,40.537498,39.9675,40.5
2005-09-30,40.560003,40.740003,40.5075,40.6925
2005-10-03,40.7,40.872503,40.625,40.724998
2005-10-04,40.787498,40.8625,40.255,40.255
2005-10-05,40.212503,40.212503,39.55,39.55
2005-10-06,39.575,39.732498,39.0075,39.34
2005-10-07,39.505,39.55,39.37,39.4875
2005-10-10,39.425,39.427503,39.002498,39.02
2005-10-11,39.212503,39.215,38.767503,38.822498
2005-10-12,38.8275,39,38.375,38.425
2005-10-13,38.425,38.535,38.189998,38.447498
2005-10-14,38.7275,38.89,38.45,38.8825
2005-10-17,39.025003,39.055,38.8175,39.015
2005-10-18,38.87,38.9075,38.595,38.5975
2005-10-19,38.349998,39.1475,38.25,39.1475
2005-10-20,39.165,39.287498,38.4775,38.5975
2005-10-21,38.900003,38.939998,38.575,38.814998
2005-10-24,38.900003,39.425,38.900003,39.425
2005-10-25,39.400003,39.502498,39.057998,39.2775
2005-10-26,39.3,39.53,39.10025,39.125
2005-10-27,39.14,39.14,38.595,38.605
2005-10-28,38.775003,39.22,38.66,39.212475
2005-10-31,39.462503,39.82,39.462503,39.6025
2005-11-01,39.712503,39.732475,39.505,39.560003
2005-11-02,39.575,40.0825,39.575,40.0825
2005-11-03,40.357498,40.415,40.112478,40.185025
2005-11-04,40.3,40.337503,40.05,40.21
2005-11-07,40.375,40.3975,40.185003,40.310003
2005-11-08,40.175,40.1925,40.0475,40.1675
2005-11-09,40.150003,40.379975,40.044998,40.2225
2005-11-10,40.2375,40.622503,40.022475,40.575
2005-11-11,40.5925,40.695,40.545025,40.675
2005-11-14,40.724998,40.7775,40.585,40.6525
2005-11-15,40.625,40.747503,40.4025,40.462503
2005-11-16,40.599998,40.599998,40.4175,40.564998
2005-11-17,40.7,41.072498,40.6875,41.072498
2005-11-18,41.175,41.267503,40.9725,41.175
2005-11-21,41.224998,41.439998,41.150003,41.4225
2005-11-22,41.3625,41.64,41.3075,41.615003
2005-11-23,41.64,41.934975,41.599998,41.7775
2005-11-25,41.75,41.8425,41.727475,41.8125
2005-11-28,41.825,41.8625,41.4525,41.465
2005-11-29,41.537498,41.7775,41.53725,41.59
2005-11-30,41.525003,41.6575,41.38,41.405
2005-12-01,41.68,42.0275,41.640025,42.0275
2005-12-02,41.974998,42.089973,41.915,42.075
2005-12-05,42,42,41.732525,41.912498
2005-12-06,42.105,42.255,41.965,41.9675
2005-12-07,42.0125,42.0125,41.650003,41.75
2005-12-08,41.8,42.0225,41.625,41.785
2005-12-09,41.849998,42.084975,41.77,41.965
2005-12-12,42.175,42.185003,41.8475,42.037498
2005-12-13,42,42.3525,41.967525,42.247503
2005-12-14,42.2625,42.5225,42.2375,42.422475
2005-12-15,42.490003,42.495,42.170025,42.294998
2005-12-16,42.275003,42.314975,42.075,42.105
2005-12-19,42.169998,42.169998,41.697525,41.7075
2005-12-20,41.6875,41.8625,41.605,41.735
2005-12-21,41.93,42.09,41.811748,41.912498
2005-12-22,41.95,42.125,41.919998,42.125
2005-12-23,42.1725,42.202478,42.09,42.1725
2005-12-27,42.287498,42.294998,41.767503,41.77
2005-12-28,41.875,41.9425,41.787498,41.919998
2005-12-29,41.9725,41.9725,41.75,41.75
2005-12-30,41.7,41.7,41.4665,41.482498
2006-01-03,41.77,42.195,41.3625,42.195
2006-01-04,42.142503,42.4725,42.14,42.4375
2006-01-05,42.3875,42.5425,42.322498,42.4375
2006-01-06,42.8,42.93,42.5275,42.855
2006-01-09,42.947498,43.1675,42.8875,43.1475
2006-01-10,42.974998,43.1575,42.875,43.1575
2006-01-11,43.2175,43.275003,43.0925,43.25
2006-01-12,43.25,43.25,42.962503,42.990003
2006-01-13,43.025003,43.079975,42.892503,43.03
2006-01-17,42.912498,42.912498,42.7,42.82
2006-01-18,42.650003,42.895,42.607498,42.78
2006-01-19,42.95,43.212503,42.895,43.12
2006-01-20,43.175,43.175,42.41,42.4375
2006-01-23,42.575,42.6825,42.455228,42.55
2006-01-24,42.724998,42.937473,42.677503,42.8125
2006-01-25,42.9725,42.974998,42.587503,42.825
2006-01-26,43.072498,43.1325,42.915,43.1325
2006-01-27,43.245,43.535,43.1375,43.39
2006-01-30,43.447498,43.5125,43.375,43.415
2006-01-31,43.32,43.4025,43.125,43.1525
2006-02-01,43.245,43.3475,43.122525,43.345
2006-02-02,43.325,43.325,42.84,42.9675
2006-02-03,42.75,42.9375,42.595,42.645
2006-02-06,42.8275,42.895,42.689998,42.88
2006-02-07,42.7975,42.86,42.4325,42.517503
2006-02-08,42.560003,42.802503,42.462503,42.7775
2006-02-09,42.8675,43.05,42.665,42.7175
2006-02-10,42.685003,42.845,42.415,42.735
2006-02-13,42.7,42.7025,42.474998,42.599998
2006-02-14,42.615003,43.099998,42.490003,42.990003
2006-02-15,43.025003,43.23,42.909753,43.23
2006-02-16,43.3325,43.537498,43.25,43.537498
2006-02-17,43.462503,43.622503,43.455003,43.5
2006-02-21,43.622503,43.684975,43.310003,43.377498
2006-02-22,43.400003,43.7825,43.400003,43.6575
2006-02-23,43.66,43.817525,43.5425,43.615003
2006-02-24,43.599998,43.717525,43.488498,43.66
2006-02-27,43.775003,43.9075,43.727525,43.8275
2006-02-28,43.645,43.662498,43.232498,43.2975
2006-03-01,43.462503,43.755,43.365003,43.715
2006-03-02,43.605,43.715,43.455003,43.7
2006-03-03,43.509998,43.9025,43.474998,43.59
2006-03-06,43.575,43.575,43.105,43.1725
2006-03-07,43.075,43.099998,42.835,43.009998
2006-03-08,42.8125,43.12725,42.695,43.0225
2006-03-09,43.1675,43.302503,42.8875,42.924598
2006-03-10,42.900003,43.3275,42.875,43.275003
2006-03-13,43.3825,43.515,43.3125,43.375
2006-03-14,43.349998,43.8825,43.349998,43.849998
2006-03-15,43.97,44.1925,43.849998,44.142525
2006-03-16,44.255,44.455003,44.189998,44.2975
2006-03-17,44.325,44.3325,44.1566,44.275003
2006-03-20,44.349998,44.349998,44.07,44.127498
2006-03-21,44.0625,44.322498,43.7775,43.7775
2006-03-22,43.835,44.1125,43.787498,44.0675
2006-03-23,44.0475,44.085,43.88,44.085
2006-03-24,44.0575,44.205003,43.9325,44.134998
2006-03-27,44.055,44.1475,44,44.11
2006-03-28,44.075,44.2425,43.82,43.897475
2006-03-29,44.0075,44.349998,43.920025,44.287498
2006-03-30,44.375,44.537498,44.075023,44.1175
2006-03-31,44.25,44.25,43.97775,44.099998
2006-04-03,44.175,44.447498,44,44.060003
2006-04-04,44.0575,44.3625,43.912498,44.3
2006-04-05,44.435003,44.5925,44.289975,44.482498
2006-04-06,44.5,44.552503,44.28,44.497503
2006-04-07,44.55,44.669998,44.02,44.0925
2006-04-10,44.099998,44.155,43.89,44.0675
2006-04-11,44.02,44.072498,43.462503,43.55
2006-04-12,43.655,43.747503,43.525003,43.662498
2006-04-13,43.6025,43.794998,43.46,43.752498
2006-04-17,43.8175,43.845,43.4425,43.622503
2006-04-18,43.669998,44.487478,43.669998,44.4425
2006-04-19,44.5925,44.6475,44.345,44.6475
2006-04-20,44.6125,44.865003,44.439998,44.634998
2006-04-21,44.855,44.855,44.4225,44.525003
2006-04-24,44.427503,44.5275,44.2825,44.4925
2006-04-25,44.525003,44.5625,44.2,44.365003
2006-04-26,44.5225,44.607498,44.305,44.43
2006-04-27,44.08,44.69,44.02,44.44
2006-04-28,44.44,44.64,44.39011,44.48
2006-05-01,44.60001,44.69749,44.23,44.25
2006-05-02,44.49001,44.56,44.28999,44.50999
2006-05-03,44.50999,44.56,44.3,44.41
2006-05-04,44.63,44.72,44.55,44.62
2006-05-05,44.92,45.14,44.8378,45.08
2006-05-08,45.14999,45.2099,45.0778,45.14
2006-05-09,45.13,45.14999,45.02,45.12
2006-05-10,45.07001,45.19,44.89999,45.09
2006-05-11,44.97,44.97,44.39999,44.42
2006-05-12,44.2,44.39999,43.89999,43.89999
2006-05-15,43.71001,43.98,43.56,43.91
2006-05-16,44.07001,44.07001,43.61,43.7
2006-05-17,43.55,43.64999,42.95,43.0101
2006-05-18,43.32001,43.32001,42.73,42.7401
2006-05-19,42.8,43.19991,42.55,43.02
2006-05-22,42.7,42.99001,42.39999,42.75
2006-05-23,43.10001,43.21001,42.5,42.5
2006-05-24,42.25,42.85001,42.03,42.62
2006-05-25,42.92999,43.08,42.75,43.08
2006-05-26,43.27,43.39999,43.10001,43.37
2006-05-30,43.28999,43.28999,42.62,42.62
2006-05-31,42.94,43.17,42.8,43.16
2006-06-01,43.21001,43.71001,43.16,43.66
2006-06-02,43.92,43.92,43.47,43.71001
2006-06-05,43.52,43.60001,42.8672,42.99001
2006-06-06,42.89999,42.89999,42.47,42.73
2006-06-07,42.83,43.08,42.48,42.48
2006-06-08,42.32001,42.62,41.5,42.42999
2006-06-09,42.67,42.8,42.35001,42.42
2006-06-12,42.42999,42.5,41.73,41.74001
2006-06-13,41.60001,42.00999,41.21001,41.25999
2006-06-14,41.05,41.58,41.0101,41.46001
2006-06-15,41.7,42.59,41.5701,42.52
2006-06-16,42.38,42.39,42,42
2006-06-19,42.37,42.37,41.7,41.7
2006-06-20,41.85001,42.03439,41.66,41.69
2006-06-21,41.86,42.39999,41.82001,42.2
2006-06-22,42.08,42.14,41.81,41.94
2006-06-23,41.92,42.28999,41.88,42.05
2006-06-26,42.08,42.21001,41.9801,42.2
2006-06-27,42.24001,42.25,41.69,41.78999
2006-06-28,41.89999,41.92999,41.59,41.89999
2006-06-29,42.16,42.95,42.10001,42.95
2006-06-30,43.10001,43.10001,42.81,42.91
2006-07-03,43.2,43.2,42.94,43.2
2006-07-05,42.8,42.91,42.58,42.77
2006-07-06,42.95,42.98,42.66,42.78
2006-07-07,42.72,42.8152,42.36,42.53
2006-07-10,42.63,42.73,42.35001,42.44
2006-07-11,42.42999,42.67999,42.17,42.66
2006-07-12,42.69,42.71001,42.10001,42.28
2006-07-13,41.89999,42.03999,41.52,41.58
2006-07-14,41.39999,41.48,40.94,41.22
2006-07-17,41.14,41.44,41.08,41.19
2006-07-18,41.41,41.41991,40.75999,41.17999
2006-07-19,41.32001,42.06,41.32001,41.89999
2006-07-20,42.14999,42.14999,41.46001,41.47
2006-07-21,41.5,41.5,40.97,41.02
2006-07-24,41.17999,41.8,41.17999,41.75999
2006-07-25,41.8,42.2,41.64999,41.97
2006-07-26,42.05,42.24001,41.82001,42.10001
2006-07-27,42.39999,42.39999,41.7,41.85001
2006-07-28,41.8,42.35001,41.8,42.28
2006-07-31,42.2,42.34,42.11,42.34
2006-08-01,42.05,42.08,41.84,42.07001
2006-08-02,42.14,42.49001,42.14,42.31
2006-08-03,42.00999,42.62,42.00999,42.52
2006-08-04,42.87,43.03999,42.28,42.42999
2006-08-07,42.39999,42.45,42.23,42.3
2006-08-08,42.35001,42.61,42.03999,42.11011
2006-08-09,42.52,42.52,41.8,41.81
2006-08-10,41.72,42.16991,41.72,42.09
2006-08-11,41.96001,42.09,41.78999,41.87
2006-08-14,42.08,42.38,41.94,41.97
2006-08-15,42.32001,42.69,42.3,42.63
2006-08-16,42.77,43.2,42.77,43.12
2006-08-17,43.06,43.42,43.03,43.28999
2006-08-18,43.34,43.37,43.07001,43.33
2006-08-21,43.10001,43.19,43.02,43.13
2006-08-22,43.10001,43.3,43.00999,43.17
2006-08-23,43.17999,43.25,42.78,42.89999
2006-08-24,42.89999,43.05,42.75,42.82001
2006-08-25,42.84,43.00999,42.80009,42.87
2006-08-28,42.87,43.28,42.86,43.16
2006-08-29,43.24001,43.39,42.98,43.36
2006-08-30,43.35001,43.46001,43.30991,43.42999
2006-08-31,43.35001,43.53999,43.35001,43.5
2006-09-01,43.55,43.74001,43.5,43.67999
2006-09-05,43.69,43.8,43.61011,43.75
2006-09-06,43.48,43.53999,43.24001,43.24001
2006-09-07,43.05,43.35989,42.96001,43.03999
2006-09-08,43.2,43.36,43.1001,43.32001
2006-09-11,43.08,43.50999,43.03,43.38
2006-09-12,43.38,43.99001,43.38,43.97
2006-09-13,43.97,44.25,43.94,44.17999
2006-09-14,44.10001,44.17999,43.96001,44.08
2006-09-15,44.33,44.33,44.03,44.13
2006-09-18,44.14999,44.28,44.036,44.21001
2006-09-19,44.11,44.14999,43.77,44.03
2006-09-20,44.25999,44.37,44.13989,44.25
2006-09-21,44.33,44.36,43.8501,43.92999
2006-09-22,43.98,43.98,43.66,43.83
2006-09-25,43.85001,44.32001,43.6664,44.25
2006-09-26,44.09,44.53999,44.09,44.53999
2006-09-27,44.44,44.64999,44.42,44.55
2006-09-28,44.58,44.64999,44.37,44.59
2006-09-29,44.60001,44.6499,44.42,44.42
2006-10-02,44.5,44.58,44.24001,44.36
2006-10-03,44.3,44.48,44.08,44.25
2006-10-04,44.24001,44.89999,44.2,44.85001
2006-10-05,44.96001,45.12,44.82001,45.09
2006-10-06,45,45,44.75,44.95
2006-10-09,44.85001,45.14,44.81,45.03
2006-10-10,45.07001,45.23,45.0172,45.14
2006-10-11,44.98,45.23,44.86,45.09
2006-10-12,45.16,45.57001,45.16,45.53999
2006-10-13,45.52,45.71001,45.42999,45.64
2006-10-16,45.69,45.92,45.67,45.81
2006-10-17,45.75,45.75,45.4001,45.66
2006-10-18,45.98,45.98,45.47,45.64
2006-10-19,45.58,45.71001,45.45,45.7
2006-10-20,45.74001,45.74001,45.39999,45.50999
2006-10-23,45.5,45.86,45.39,45.84
2006-10-24,45.75999,45.96001,45.6803,45.96001
2006-10-25,45.89999,46.10001,45.85001,46.06
2006-10-26,46.21001,46.35001,45.95,46.25999
2006-10-27,46.09,46.3,45.89999,45.97
2006-10-30,45.89999,46.14999,45.8401,46.10001
2006-10-31,46.22,46.22,45.87,46.09
2006-11-01,46.21001,46.25,45.63,45.7
2006-11-02,45.53999,45.7,45.47,45.7
2006-11-03,45.88,45.89999,45.39,45.46001
2006-11-06,45.78999,46.14999,45.7148,46.03999
2006-11-07,46.08,46.38,46.0601,46.17999
2006-11-08,46.10001,46.42999,45.9716,46.34
2006-11-09,46.39999,46.49001,46.09,46.14
2006-11-10,46.11,46.3,46.07001,46.3
2006-11-13,46.21001,46.53,46.2,46.46001
2006-11-14,46.52,46.81,46.3,46.75999
2006-11-15,46.78999,47.12,46.78999,47.03
2006-11-16,47.16,47.2,47.0202,47.11
2006-11-17,47,47.09,46.86,47.09
2006-11-20,47.08,47.16,46.97,47.03999
2006-11-21,47.07001,47.3,47.05,47.3
2006-11-22,47.28,47.41,47.2,47.39999
2006-11-24,47.17999,47.39,47.14999,47.31
2006-11-27,47.10001,47.21001,46.5,46.53999
2006-11-28,46.3,46.66,46.3,46.63
2006-11-29,46.82001,47.14999,46.8,47.10001
2006-11-30,47.17999,47.38,46.91,47.24001
2006-12-01,47.34,47.34,46.7,47.05
2006-12-04,47.2,47.69,47.2,47.58
2006-12-05,47.67999,47.83,47.57001,47.73
2006-12-06,47.71001,47.89,47.67,47.8
2006-12-07,47.94,47.97,47.56,47.56
2006-12-08,47.58,47.8,47.4001,47.63
2006-12-11,47.7,47.78999,47.55,47.64999
2006-12-12,47.73,47.73,47.3501,47.58
2006-12-13,47.78,47.78,47.53,47.66
2006-12-14,47.72,48.07001,47.71001,48.00999
2006-12-15,48.05,48.11,47.7215,47.8
2006-12-18,47.88,47.89999,47.44,47.53101
2006-12-19,47.22,47.66,47.2,47.59
2006-12-20,47.64999,47.77,47.57001,47.62
2006-12-21,47.56,47.67999,47.31,47.37
2006-12-22,47.50999,47.50999,47.11,47.14
2006-12-26,47.22,47.39999,47.2,47.36
2006-12-27,47.47,47.73,47.47,47.66
2006-12-28,47.75,47.75,47.52,47.52
2006-12-29,47.52,47.67999,47.32001,47.34
2007-01-03,47.58,47.78999,47.03999,47.32001
2007-01-04,47.27,47.48,47.03,47.39
2007-01-05,47.23,47.23,46.94,46.98
2007-01-08,47.00999,47.23,46.89,47.17
2007-01-09,47.25,47.3,46.97,47.23
2007-01-10,47.10001,47.42,46.97,47.37
2007-01-11,47.39999,47.84,47.39999,47.69
2007-01-12,47.66,47.94,47.66,47.91
2007-01-16,47.98,48.0399,47.86,47.95
2007-01-17,47.95,48.09,47.86,47.94
2007-01-18,47.91,48.02,47.64999,47.64999
2007-01-19,47.75999,47.97,47.72,47.97
2007-01-22,47.92999,47.92999,47.63,47.7
2007-01-23,47.73,48.10001,47.69,47.9697
2007-01-24,48.09,48.33,48,48.33
2007-01-25,48.35001,48.35001,47.77299,47.83031
2007-01-26,47.92,47.9399,47.6501,47.85001
2007-01-29,47.89999,48.05,47.75999,47.88
2007-01-30,47.97,48.25,47.88,48.17
2007-01-31,48.10001,48.64999,47.99001,48.48
2007-02-01,48.8,48.87,48.62,48.83
2007-02-02,48.92,49.06,48.85001,48.96001
2007-02-05,48.92,49.02,48.83,48.96001
2007-02-06,49.10001,49.10001,48.87399,49.06
2007-02-07,49.14999,49.31,49.08,49.21001
2007-02-08,49.25,49.53999,49.071,49.53999
2007-02-09,49.5,49.5,48.7101,48.92
2007-02-12,48.95,48.95,48.46001,48.72
2007-02-13,48.75,49.12,48.75,49.11
2007-02-14,49.3,49.61,49.21001,49.55
2007-02-15,49.60001,49.74001,49.49001,49.67
2007-02-16,49.63,49.69,49.50999,49.64999
2007-02-20,49.64,49.94,49.44,49.87
2007-02-21,49.69,49.95,49.66,49.92999
2007-02-22,50.03999,50.09801,49.69009,49.89999
2007-02-23,49.92999,49.99001,49.64999,49.85001
2007-02-26,50.09,50.09,49.56,49.78
2007-02-27,49.12,49.2,47.64999,47.89999
2007-02-28,48.21001,48.69,47.89999,48.25
2007-03-01,47.2,48.41,46.7,48.10001
2007-03-02,47.89999,48.05901,47.39,47.42
2007-03-05,47.02,47.48,46.83009,46.92
2007-03-06,47.32001,47.74001,47,47.59
2007-03-07,47.63,47.87,47.5,47.63
2007-03-08,47.87,48.2,47.84,48.03999
2007-03-09,48.31,48.3399,47.87,48.11
2007-03-12,48.07001,48.33,47.9801,48.23
2007-03-13,47.94,48.13,47.23,47.274
2007-03-14,47.34,47.59,46.71001,47.52
2007-03-15,47.59,47.87,47.50999,47.808
2007-03-16,47.74001,47.87,47.4301,47.53
2007-03-19,47.75,48.10001,47.72,48.08
2007-03-20,48.05,48.33,47.996,48.3
2007-03-21,48.36,49.25,48.23,49.02
2007-03-22,49.16,49.17,48.89999,49.05
2007-03-23,49,49.25,49,49.14999
2007-03-26,49.14999,49.17999,48.67999,49.14999
2007-03-27,49.00999,49.00999,48.7,48.84
2007-03-28,48.71001,48.74001,48.33,48.45
2007-03-29,48.75,48.86,48.25,48.56
2007-03-30,48.64999,48.89,48.22,48.54781
2007-04-02,48.58,48.81551,48.489,48.78
2007-04-03,49.05,49.33,48.9899,49.25
2007-04-04,49.17999,49.5,49,49.24001
2007-04-05,49.2,49.42999,49.14999,49.42
2007-04-09,49.46001,49.75,49.36,49.49001
2007-04-10,49.50999,49.59,49.39999,49.55
2007-04-11,49.55,49.55,49.17,49.24001
2007-04-12,49.25,49.58,49.03,49.58
2007-04-13,49.59,49.72,49.41,49.72
2007-04-16,49.92999,50.27,49.92999,50.23
2007-04-17,50.24001,50.44,50.17,50.28999
2007-04-18,50.19,50.50999,50.11,50.42
2007-04-19,50.03,50.44,50.00999,50.37
2007-04-20,50.77,50.77,50.5,50.69
2007-04-23,50.82001,50.92,50.69,50.77
2007-04-24,50.84,50.94,50.5,50.7701
2007-04-25,51.14999,51.35001,50.87,51.28
2007-04-26,51.27,51.39999,51.14999,51.33
2007-04-27,51.19,51.3,51,51.22
2007-04-30,51.2,51.23,50.645,50.69
2007-05-01,50.75,50.85001,50.33,50.8
2007-05-02,50.89999,51.3,50.89999,51.2
2007-05-03,51.33,51.42,51.1801,51.39999
2007-05-04,51.53999,51.63,51.32001,51.44099
2007-05-07,51.5,51.7,51.5,51.53
2007-05-08,51.34,51.50999,51.22,51.5
2007-05-09,51.42,51.82001,51.39,51.72
2007-05-10,51.59,51.62,51.00999,51.10001
2007-05-11,51.28,51.49001,51.16,51.46001
2007-05-14,51.59,51.67999,51.23,51.33
2007-05-15,51.5,51.71001,51.22,51.25999
2007-05-16,51.44,51.57001,51.1703,51.57001
2007-05-17,51.57001,51.67999,51.39999,51.61
2007-05-18,51.66,51.89,51.59,51.87
2007-05-21,51.88,52.17,51.84,51.99001
2007-05-22,52.03,52.14999,51.88,51.95
2007-05-23,52.14,52.28999,51.89,51.89999
2007-05-24,51.78999,52.13989,51.2204,51.32001
2007-05-25,51.44,51.66991,51.39999,51.58
2007-05-29,51.75,51.88,51.52,51.73
2007-05-30,51.57001,52.16,51.47009,52.14999
2007-05-31,52.37,52.42,52.16,52.33
2007-06-01,52.59,52.7099,52.41,52.53999
2007-06-04,52.50999,52.74001,52.42,52.67
2007-06-05,52.56,52.57001,52.22009,52.39999
2007-06-06,52.17,52.17,51.7601,51.89999
2007-06-07,51.67,51.81,50.82001,50.82001
2007-06-08,50.85001,51.50999,50.75,51.50999
2007-06-11,51.48,51.75,51.341,51.52
2007-06-12,51.28,51.5994,50.95,50.95
2007-06-13,51.14999,51.78999,51.10001,51.78999
2007-06-14,51.84,52.17,51.84,51.97
2007-06-15,52.31,52.39999,52,52
2007-06-18,52.24001,52.24001,52.00999,52.09
2007-06-19,52.03,52.17,51.87,52.16
2007-06-20,52.23,52.24001,51.4688,51.52
2007-06-21,51.42999,51.82001,51.16,51.78999
2007-06-22,51.62,51.72,51.14999,51.39999
2007-06-25,51.34,51.53999,50.86011,50.89999
2007-06-26,51.17,51.209,50.61,50.82001
2007-06-27,50.49001,51.3199,50.49001,51.21001
2007-06-28,51.23,51.61,51.23,51.3
2007-06-29,51.45,51.67999,50.9054,51.2
2007-07-02,51.45,51.75999,51.36011,51.75999
2007-07-03,51.88,51.97,51.75,51.84
2007-07-05,51.99001,52.03999,51.73,51.97
2007-07-06,51.85001,52.27,51.78999,52.21001
2007-07-09,52.27,52.3,52.06,52.17999
2007-07-10,51.91,51.97,51.41,51.46001
2007-07-11,51.34,51.66,51.27,51.60001
2007-07-12,51.89,52.47,51.89,52.47
2007-07-13,52.47,52.74001,52.37,52.60001
2007-07-16,52.62,52.7,52.39,52.39
2007-07-17,52.44,52.63,52.37,52.46001
2007-07-18,52.28999,52.41,51.92999,52.37
2007-07-19,52.58,52.67,52.47,52.64999
2007-07-20,52.44,52.55,51.78999,51.94
2007-07-23,52.16,52.28999,51.98,52
2007-07-24,51.69,51.95,50.843,51.08
2007-07-25,51.21001,51.351,50.55,50.99001
2007-07-26,50.31,50.4812,49.08,49.64
2007-07-27,49.53999,49.87,48.71001,48.71001
2007-07-30,49.07001,49.60001,48.72,49.45
2007-07-31,49.81,49.98,48.88,48.89
2007-08-01,49,53.53999,48.22,49.08
2007-08-02,49.21001,49.5,49,49.39999
2007-08-03,49.3,49.40601,47.75999,48.02
2007-08-06,48.28,48.92,47.58,48.83
2007-08-07,48.66,49.5399,48.42999,49.10001
2007-08-08,49.60001,50.09,49.17,49.75
2007-08-09,48.82001,49.5,48.476,48.51401
2007-08-10,47.83,48.75,47.53,48.50999
2007-08-13,49.07001,49.07001,48.5899,48.64
2007-08-14,48.7,48.7,47.53,47.53999
2007-08-15,47.45,48.06,46.28999,46.83
2007-08-16,46.27,47.06,45.23,46.92999
2007-08-17,48.81,50,47.0901,48.07001
2007-08-20,48.09,48.2101,47.53999,48.05
2007-08-21,47.89999,48.42,47.8401,48.05
2007-08-22,48.50999,48.85001,48.39999,48.82001
2007-08-23,49.16,49.2,48.41,48.7
2007-08-24,48.69,49.33,48.60001,49.32001
2007-08-27,49.17,49.17,48.57001,48.57001
2007-08-28,48.39999,48.41,47.5,47.67
2007-08-29,47.8,48.60001,47.7,48.58
2007-08-30,48.2,48.72,48.14999,48.37
2007-08-31,48.89,49.1801,48.61,48.92999
2007-09-04,48.94,49.67999,48.77,49.58
2007-09-05,49.07001,49.11,48.64,48.64
2007-09-06,48.99001,49.17999,48.64999,49.03
2007-09-07,48.37,48.53,48.03,48.27
2007-09-10,48.42,48.48,47.57001,47.89999
2007-09-11,48.16,48.58,48.10001,48.53
2007-09-12,48.42,48.78999,48.37601,48.45
2007-09-13,48.75,49.02,48.62,48.77
2007-09-14,48.53999,48.97,48.5,48.94
2007-09-17,48.81,48.81,48.45,48.64999
2007-09-18,48.92999,50.16,48.75481,50.13989
2007-09-19,50.49001,50.85001,50.28,50.49001
2007-09-20,50.44,50.48,49.96001,50.03
2007-09-21,50.2,50.24001,49.98,49.98
2007-09-24,50.03,50.17,49.64999,49.72
2007-09-25,49.39999,49.67999,49.24001,49.67
2007-09-26,49.82001,50.03,49.7,49.9399
2007-09-27,50.10001,50.17999,49.96001,50.12
2007-09-28,50.17,50.25,49.87,49.99001
2007-10-01,50.10001,50.75999,50.10001,50.6701
2007-10-02,50.71001,50.85001,50.58,50.77
2007-10-03,50.61,50.88,50.5331,50.7
2007-10-04,50.74001,50.79559,50.5701,50.69
2007-10-05,51.03,51.52,50.92,51.3499
2007-10-08,51.25999,51.33,51.06,51.14
2007-10-09,51.3,51.52,51.05009,51.5
2007-10-10,51.42,51.5,51.17999,51.42999
2007-10-11,51.71001,51.82001,50.84,51.08
2007-10-12,51.06,51.36,51.03999,51.25999
2007-10-15,51.32001,51.4299,50.53999,50.78
2007-10-16,50.75999,50.75999,50.3,50.39
2007-10-17,50.75999,50.81,49.91,50.47
2007-10-18,50.22,50.5,50.041,50.34
2007-10-19,50.16,50.21001,48.97,48.97
2007-10-22,48.69,49.46001,48.64,49.39999
2007-10-23,49.73,49.8,49.23,49.8
2007-10-24,49.50999,49.64,48.75,49.55
2007-10-25,49.66,49.94,49.06,49.56
2007-10-26,50.10001,50.23,49.604,50.23
2007-10-29,50.25999,50.47,50.14,50.28
2007-10-30,50.12,50.31,49.99001,50.03
2007-10-31,50.35001,50.75,50,50.55
2007-11-01,50.06,50.28999,49.17,49.17
2007-11-02,49.52,49.52,48.80009,49.24001
2007-11-05,47.5,49.31,47.5,49.07001
2007-11-06,49.28,49.5201,48.78,49.50999
2007-11-07,48.77,49.2,48.17,48.27
2007-11-08,48.32001,48.47,47.44991,48.17
2007-11-09,47.97,48.36,47.52,47.7
2007-11-12,47.8,48.08,47.07001,47.16
2007-11-13,47.17999,48.49989,47.17999,48.42
2007-11-14,48.78,48.87,48.00999,48.03
2007-11-15,47.95,48.19,47.25,47.58
2007-11-16,47.89999,47.89999,47.11,47.56
2007-11-19,47.64,47.64,46.55,46.66991
2007-11-20,46.7,47.24001,46,46.60001
2007-11-21,46.64999,46.64999,45.85001,46.00999
2007-11-23,46.46001,46.88,46.28,46.75999
2007-11-26,46.55,47.03,45.7,45.7
2007-11-27,46.10001,46.46001,45.82001,46.394
2007-11-28,46.46001,47.88,46.46001,47.72
2007-11-29,47.92999,47.92999,47.39999,47.63
2007-11-30,48.25,48.53,47.92,48.2
2007-12-03,48.14999,48.23,47.87,47.94
2007-12-04,47.61,47.89999,47.55009,47.67
2007-12-05,48,48.42,48,48.35001
2007-12-06,48.09,49.17,48.09,49.08
2007-12-07,49.17999,49.34,49.09,49.13
2007-12-10,49.08,49.6788,49.08,49.60001
2007-12-11,49.48,49.74001,48.03999,48.05
2007-12-12,49.38,49.38,47.75,48.37
2007-12-13,48.32001,48.33,47.74001,48.31
2007-12-14,47.53999,48.17,47.53999,47.58
2007-12-17,47.25999,47.50999,46.89,46.92
2007-12-18,47.08,47.34,46.59,47.14
2007-12-19,47.05,47.41,46.85001,47.14
2007-12-20,47.27,47.56,46.8401,47.33
2007-12-21,47.5,47.89,47.5,47.86
2007-12-24,47.91,48.34,47.91,48.31
2007-12-26,47.99001,48.28,47.94,48.22
2007-12-27,48.25999,48.25999,47.5,47.55
2007-12-28,47.74001,47.89999,47.3344,47.47
2007-12-31,47.16,47.55,47.06,47.17999
2008-01-02,47.10001,47.33,46.35001,46.46001
2008-01-03,46.48,46.67,46.11,46.25
2008-01-04,46,46,44.86,44.94
2008-01-07,45.05,45.27,44.60001,45.06
2008-01-08,45.25999,45.47,43.88,43.89999
2008-01-09,44,44.42999,43.31,44.37
2008-01-10,44.10001,45.31,43.92,44.99001
2008-01-11,44.53999,44.89999,44.21001,44.38
2008-01-14,44.56,44.87,44.41,44.83
2008-01-15,44.23,44.34,43.64,43.67999
2008-01-16,43.49001,44.33,43.33,43.75999
2008-01-17,43.74001,43.86,42.39,42.47
2008-01-18,42.77,43.08,41.85001,42.16
2008-01-22,39.32001,42.48,39.3,42.17
2008-01-23,40.69,43.53,40.69,43.50999
2008-01-24,43.56,43.91,43.23,43.7
2008-01-25,44.25,44.35001,43.06,43.24001
2008-01-28,43.23,44.16,42.89,44.16
2008-01-29,44.28,44.64,43.94991,44.53999
2008-01-30,44.53999,45.3476,44.03999,44.05
2008-01-31,43.61,45.52991,43.45,45.14999
2008-02-01,45.23,46.21001,45.23,46.08
2008-02-04,46.16,46.16,45.48,45.49001
2008-02-05,44.89999,45.02,44.11,44.19
2008-02-06,44.45,44.73,43.71001,43.84
2008-02-07,43.60001,44.53,43.49001,44.23
2008-02-08,44.13,44.38,43.64999,43.87
2008-02-11,43.89,44.39,43.66,44.33
2008-02-12,44.5,45.03999,44.23,44.59
2008-02-13,44.8,45.23,44.59,45.14999
2008-02-14,45.17999,45.18201,44.3701,44.46001
2008-02-15,44.22,44.45,44,44.45
2008-02-19,44.81,45.03,44.28,44.5
2008-02-20,44.22,45.03,44.06,44.92
2008-02-21,45.13,45.25,44.14999,44.24001
2008-02-22,44.42999,44.62,43.7,44.59599
2008-02-25,44.67,45.56,44.36,45.38
2008-02-26,45.2,46,45.16,45.78999
2008-02-27,45.67999,46.09,45.46001,45.46001
2008-02-28,45.34,45.42999,44.944,45.07001
2008-02-29,44.64,44.64,43.53,43.78999
2008-03-03,43.55,43.84,43.28,43.71001
2008-03-04,43.34,43.71001,42.91,43.59
2008-03-05,43.64,44.23,43.39999,43.84
2008-03-06,43.56,43.64,42.57001,42.57001
2008-03-07,42.32001,43.00999,41.96001,42.38
2008-03-10,42.32001,42.42,41.55,41.67
2008-03-11,42.45,43.23,41.92999,43.23
2008-03-12,43.27,43.66,42.77,42.77
2008-03-13,42.27,43.27679,41.84801,43.06
2008-03-14,43.3,43.32001,41.7188,42.25
2008-03-17,41.07001,41.87,40.87,41.48
2008-03-18,42.09,43.21001,42.07001,43.2
2008-03-19,43.45,43.74001,42.27,42.27
2008-03-20,42.28,43.16,41.98,43
2008-03-24,43.39,44.42999,43.35001,44.08
2008-03-25,44.21001,44.44,43.82001,44.28999
2008-03-26,44.06,44.13,43.61,43.61
2008-03-27,43.78999,43.95,43.19009,43.19009
2008-03-28,43.25999,43.39999,42.63,42.73
2008-03-31,42.67,43.17999,42.58,42.81
2008-04-01,43.56,45.06,43.5,44.73199
2008-04-02,44.84,45.2034,44.64,44.85001
2008-04-03,44.7,45.11,44.37,44.88
2008-04-04,45.02,45.31641,44.7,45
2008-04-07,45.2,45.48,44.5,44.86
2008-04-08,44.67,44.86,44.5,44.72
2008-04-09,44.66,44.77,43.99001,44.17
2008-04-10,44.05,44.52,43.91,44.27
2008-04-11,44.02,44.09,43.45,43.52
2008-04-14,43.47,43.60339,43.27,43.32001
2008-04-15,43.58,43.59,43.1144,43.48
2008-04-16,43.8,44.66,43.8,44.66
2008-04-17,44.45,44.75,44.33,44.63
2008-04-18,45.63,45.6756,45.28,45.35001
2008-04-21,45.17,45.4099,45.03,45.28
2008-04-22,45.14999,45.14999,44.42999,44.71001
2008-04-23,44.75999,45.12,44.58681,44.84
2008-04-24,44.78,45.49001,44.508,45.17999
2008-04-25,45.36,45.73,44.99001,45.6866
2008-04-28,45.74001,45.93401,45.50999,45.74001
2008-04-29,45.64999,45.77,45.41,45.67
2008-04-30,45.63,46.03,45.198,45.25999
2008-05-01,45.19,46.28,45.14999,46.25999
2008-05-02,46.61,46.8,46.12,46.39
2008-05-05,46.16,46.35001,45.94,46.125
2008-05-06,45.94,46.64,45.74339,46.52
2008-05-07,46.62,46.67,45.69,45.77
2008-05-08,45.74001,46,45.54401,45.77
2008-05-09,45.39,45.78999,45.34,45.56
2008-05-12,45.71001,46.28,45.543,46.28
2008-05-13,46.37,46.44,46.0668,46.34
2008-05-14,46.5,47.017,46.5,46.58
2008-05-15,46.67,47.25,46.53999,47.17
2008-05-16,47.27,47.27,46.78999,47.17
2008-05-19,47.13,47.664,46.98,47.10001
2008-05-20,46.89999,46.89999,46.5,46.75
2008-05-21,46.84,46.92,45.85001,45.89
2008-05-22,45.98,46.22,45.87601,46
2008-05-23,45.75,45.82001,45.25999,45.38
2008-05-27,45.49001,45.85001,45.364,45.82001
2008-05-28,45.92,46.11,45.694,46.11
2008-05-29,46.02,46.60001,46.02,46.36
2008-05-30,46.53,46.578,46.31,46.46001
2008-06-02,46.27,46.44,45.66,45.95
2008-06-03,46.16,46.23,45.45,45.78999
2008-06-04,45.64,46.22,45.53999,45.77
2008-06-05,46.02,46.62,45.91,46.56
2008-06-06,46.16,46.17,44.99001,44.99001
2008-06-09,45.16,45.46001,44.64999,45
2008-06-10,44.67999,45.12,44.63,44.82001
2008-06-11,44.72,44.75999,43.88,43.92999
2008-06-12,44.31,44.64999,43.86,44.13
2008-06-13,44.34,44.92999,44.28,44.92999
2008-06-16,44.7,45.13,44.5701,45
2008-06-17,45.17999,45.17999,44.56,44.56
2008-06-18,44.33,44.39,43.89999,44.09
2008-06-19,44.02,44.5099,43.88,44.38
2008-06-20,43.78999,43.84,43.21001,43.39
2008-06-23,43.49001,43.57001,43.05,43.11
2008-06-24,43.03,43.42,42.57001,42.99001
2008-06-25,43.25,43.81,43.1136,43.3
2008-06-26,42.85001,42.85001,42,42
2008-06-27,42.14,42.2043,41.60001,41.95
2008-06-30,42.75,42.75,41.58,41.74001
2008-07-01,41.21001,41.86,40.96001,41.826
2008-07-02,42.03,42.14,40.97,40.97
2008-07-03,41.2,41.41,40.53,40.72
2008-07-07,41.02,41.28,40.03,40.44
2008-07-08,40.32001,41.42999,40.16,41.42999
2008-07-09,41.33,41.58,40.36,40.39
2008-07-10,40.47,40.7,39.92,40.39
2008-07-11,40.05,40.545,39.36,40.08
2008-07-14,40.3,40.5,39.32001,39.36
2008-07-15,39,39.75999,38.39,39.07001
2008-07-16,39.19,40.44,38.9644,40.44
2008-07-17,40.78999,41.32001,40.23,41.27
2008-07-18,41.45,41.45,40.89999,41.24001
2008-07-21,41.25,41.53,41.03,41.2
2008-07-22,41,41.91,40.67999,41.89011
2008-07-23,41.71001,42.74001,41.5,42.27
2008-07-24,42.33,42.36,40.89999,40.99001
2008-07-25,41.22,41.34,40.85001,41.03
2008-07-28,41,41.17,40.25999,40.27
2008-07-29,40.35001,41.45,40.35001,41.45
2008-07-30,41.75,42.03999,41.31,42.03999
2008-07-31,41.53999,42.026,41.48,41.53
2008-08-01,41.88,41.88,40.96001,41.28
2008-08-04,41.45,41.45,40.8244,41.00999
2008-08-05,41.17,42.25281,41.17,42.25281
2008-08-06,42.21001,42.5,41.86,42.41
2008-08-07,42,42.2,41.5499,41.62
2008-08-08,41.74001,42.89999,41.69,42.78
2008-08-11,42.85001,43.71001,42.5876,43.34
2008-08-12,43.39999,43.39999,42.56,42.69
2008-08-13,42.96001,42.96001,42.02361,42.5
2008-08-14,42.50999,43.2,42.14,43
2008-08-15,43.2,43.46561,43.03,43.32001
2008-08-18,43.49001,43.49001,42.422,42.59
2008-08-19,42.33,42.37,41.83,41.94
2008-08-20,42.13,42.24001,41.62,42.05
2008-08-21,41.92999,42.18201,41.62,41.85001
2008-08-22,42.17,42.66,42.17,42.66
2008-08-25,42.61,42.61,41.75,41.8
2008-08-26,41.84,42.077,41.60001,41.87
2008-08-27,41.89999,42.44701,41.8568,42.35001
2008-08-28,42.55,43.16,42.55,43.12
2008-08-29,43.09,43.09,42.67999,42.75999
2008-09-02,43.2,43.7,42.5,42.8
2008-09-03,42.75999,42.95,42.38,42.56
2008-09-04,42.42,42.42,41.39999,41.41
2008-09-05,41.17,41.85001,40.7,41.7899
2008-09-08,41.8,43.41,41.8,42.66
2008-09-09,42.82001,42.82001,41.14,41.14
2008-09-10,41.25999,41.7301,40.87,41.3
2008-09-11,40.8,41.87,40.53,41.83
2008-09-12,41.67,42.1734,41.37,42.02
2008-09-15,40.3,41.60001,40.25999,40.27
2008-09-16,39.36,40.73,39.25,40.63
2008-09-17,40.31,40.31,38.77991,38.77991
2008-09-18,39.17999,40.72,37.78999,40.46001
2008-09-19,48.37,48.37,41.28,41.8
2008-09-22,40.75999,41.53999,40.16,40.19
2008-09-23,40.5,40.69,39.53,39.57001
2008-09-24,39.50999,40.98,38.81,40.09
2008-09-25,40.97,40.98,39.59,40.05
2008-09-26,40.52,41.02,39.14,40
2008-09-29,39.75,39.75,36.34,36.89999
2008-09-30,38,38.03999,36.74001,37.92999
2008-10-01,37.94,38,37.19,37.87
2008-10-02,37.78,37.78,35.87,36.2
2008-10-03,36.58,37.2,35.23,35.28
2008-10-06,34.39,34.86,32.16,34.0416
2008-10-07,34.38,35.17,31.47,31.75
2008-10-08,31.07001,32.61,30.23,31.48
2008-10-09,31.75999,32.00999,28.96001,29.2
2008-10-10,27.8,29.63,26,28.81
2008-10-13,29.32001,32,29.32001,32
2008-10-14,33.36,34.03999,30.85699,31.71001
2008-10-15,30.50999,31.42,28.715,28.88
2008-10-16,28.97,29.8,27.31,29.77
2008-10-17,29.23,30.98599,28.92,29.3
2008-10-20,30.07001,31.44,29.72,31.10001
2008-10-21,30.75999,31.00999,29.89,30.02991
2008-10-22,29.42,29.42,27.31,28.11
2008-10-23,27.84,28.52,26.36,27.92999
2008-10-24,25.25,27.62,25,26.81
2008-10-27,25.78999,27.23,25.5,25.5
2008-10-28,26.67999,28.55,25.64,28.55
2008-10-29,29.28999,29.7,28.21001,28.44
2008-10-30,29.88,29.88,28.5,29.3768
2008-10-31,29.56,30.4584,28.89,30
2008-11-03,29.84,30.2368,29.7,29.94
2008-11-04,30.8,31.19,30.34,31.12
2008-11-05,30.77,31.00281,29.45,29.45
2008-11-06,29.06,29.50999,27.86,27.92
2008-11-07,28.34,28.73,28.00999,28.71001
2008-11-10,29.45,29.45,27.77,28.17999
2008-11-11,27.58,27.98,26.92,27.32001
2008-11-12,26.89999,26.89999,25.78,25.94
2008-11-13,26.07001,27.72,24.75,27.72
2008-11-14,27.03999,27.75999,26.3696,26.45
2008-11-17,26.13,26.62,25.66,25.66
2008-11-18,25.52,26.08,24.85001,25.61
2008-11-19,25.78999,25.83321,23.92999,23.95
2008-11-20,23.61,24.28999,22.14999,22.3176
2008-11-21,22.55,23.67,21.87,23.58
2008-11-24,24.08,25.75,23.8,25.28
2008-11-25,25.94,26,24.91,25.64999
2008-11-26,24.92999,26.85001,24.92999,26.83
2008-11-28,26.7,27.11,26.60001,27.11
2008-12-01,26.53999,26.56,24.59,24.64999
2008-12-02,24.75,25.58,24.63,25.58
2008-12-03,24.92999,26.28,24.81,26.28
2008-12-04,25.81,26.50999,25.08,25.46001
2008-12-05,25.11,26.55,24.55,26.44
2008-12-08,26.95,27.75,26.91,27.39999
2008-12-09,27.35001,27.89999,26.86,27.06
2008-12-10,27.25999,27.73,26.9899,27.401
2008-12-11,27.25999,27.64999,26.33009,26.67
2008-12-12,25.84,26.92,25.64,26.88
2008-12-15,26.92999,26.99001,25.96001,26.38
2008-12-16,26.67,27.98,26.67,27.98
2008-12-17,27.57001,28.22839,27.37,27.83
2008-12-18,27.92,28.16499,26.99001,27.34
2008-12-19,27.42999,27.97,27.12,27.35001
2008-12-22,27.41,27.41,26.08,26.50999
2008-12-23,26.59,26.78999,26.02,26.12
2008-12-24,26.22,26.36839,26.08,26.27
2008-12-26,26.42999,26.61,26.24001,26.61
2008-12-29,26.50999,26.53,25.89999,26.3
2008-12-30,26.41,27.2,26.38,27.13
2008-12-31,27.22,27.92,27.02,27.8
2009-01-02,27.33,28.92,27.33,28.75
2009-01-05,28.59,29.24001,28.42,28.89999
2009-01-06,29.25,29.83,29.09801,29.5732
2009-01-07,29.19,29.19,28.44,28.59
2009-01-08,28.39999,28.84,28.17999,28.82001
2009-01-09,28.89,28.89999,28.02,28.06
2009-01-12,28,28.03,26.98,27.14999
2009-01-13,27.03,27.44,26.82001,27.16
2009-01-14,26.66,26.66879,25.89,26.13
2009-01-15,26.2,26.69,25.28,26.31
2009-01-16,26.72,26.88,25.89999,26.67
2009-01-20,26.47,26.47,24.96001,24.96001
2009-01-21,25.42,26.17,24.92,26.17
2009-01-22,25.64999,26.06,25.09,25.61
2009-01-23,24.96001,26.14999,24.8,25.86
2009-01-26,25.95,26.60001,25.67,25.96001
2009-01-27,26.03,26.49001,25.92999,26.31
2009-01-28,26.86,27.62,26.86,27.38
2009-01-29,27,27,26.27,26.31
2009-01-30,26.42999,26.50999,25.34,25.48
2009-02-02,25.10001,25.59,24.99001,25.42
2009-02-03,25.5,25.99001,25.25,25.84
2009-02-04,25.89999,26.34,25.64,25.7
2009-02-05,25.5,26.48,25.36,26.21001
2009-02-06,26.2,27.16,26.2,27.00999
2009-02-09,27.00999,27.35001,26.81,27.06
2009-02-10,26.82001,27.10001,25.46001,25.62
2009-02-11,25.82001,26.06,25.42999,25.85159
2009-02-12,25.42999,26.00999,25.03999,25.97
2009-02-13,25.89,26.16,25.62,25.71001
2009-02-17,24.86,24.86,24.37,24.38
2009-02-18,24.63,24.63,23.9406,24.2
2009-02-19,24.42,24.69,23.8,23.87
2009-02-20,23.36,23.94,23.03999,23.66
2009-02-23,23.77,23.89999,22.69,22.7419
2009-02-24,22.85001,23.88,22.73,23.77
2009-02-25,23.61,23.99001,23.08,23.49001
2009-02-26,23.77,23.97,23.02,23.03999
2009-02-27,22.53,23.16,22.48,22.61459
2009-03-02,22.10001,22.28,21.28999,21.39
2009-03-03,21.62,21.73,21.00999,21.17
2009-03-04,21.58,22.24001,21.39999,21.83
2009-03-05,21.31,21.53999,20.66,20.83
2009-03-06,21.09,21.3,20.19,20.74001
2009-03-09,20.59,21.16,20.4209,20.59
2009-03-10,20.94,22.03,20.92999,22.03
2009-03-11,22.27,22.50999,21.88,22.14999
2009-03-12,22.07001,23.1701,21.89,23.03999
2009-03-13,23.2,23.41,22.82001,23.3
2009-03-16,23.64999,23.92,23.14,23.14
2009-03-17,23.25,23.96001,22.98,23.94
2009-03-18,23.78,25,23.62,24.81
2009-03-19,25.21001,25.21001,24.48,24.58
2009-03-20,24.53999,24.53999,23.53999,23.67
2009-03-23,24.67999,25.67999,24.31,25.64
2009-03-24,25.33,25.72,25.08,25.09
2009-03-25,25.28,26,24.52,25.37
2009-03-26,25.74001,26.2522,25.49001,26.17999
2009-03-27,25.81,25.9872,25.55,25.63
2009-03-30,24.89999,24.92999,24.16901,24.44991
2009-03-31,24.77,25.2287,24.48,24.77
2009-04-01,24.64999,25.37,24.32001,25.3
2009-04-02,26.42999,26.77,25.64,26.41
2009-04-03,26.42,26.92,26.12,26.92
2009-04-06,26.50999,26.64909,26.12,26.53
2009-04-07,26.03999,26.17999,25.71001,25.73
2009-04-08,26.06,26.28,25.83,26.25999
2009-04-09,28.14,28.14,26.92,27.85001
2009-04-13,27.5,28.17999,27.1987,27.92999
2009-04-14,27.60001,28.03999,27.17999,27.21001
2009-04-15,27.16,27.78,26.94,27.71001
2009-04-16,27.89,28.62,27.61,28.35001
2009-04-17,28.56,29.02,28.23,28.8
2009-04-20,28.47,28.47,27.11,27.14999
2009-04-21,26.99001,27.98,26.56,27.95
2009-04-22,27.7,28.75,27.50999,28.00999
2009-04-23,28.00999,28.37,27.67999,28.33
2009-04-24,28.53,29.28,28.42,29.00999
2009-04-27,28.73,29.02,28.33,28.48
2009-04-28,28.27,28.77,28.02,28.36
2009-04-29,28.56,29.56,28.56,29.25
2009-04-30,29.67999,30.03,29.22,29.39999
2009-05-01,29.41,29.78999,29.17999,29.55
2009-05-04,29.86,31,29.78,30.93359
2009-05-05,30.92,31.01871,30.53999,30.89
2009-05-06,31.32001,31.59,30.81,31.49001
2009-05-07,31.92,31.99001,30.55991,30.77
2009-05-08,31.28,32.05,31.11,32.05
2009-05-11,31.67,31.67,30.98,31.11
2009-05-12,31.44,31.49001,30.11,30.64999
2009-05-13,30.17999,30.17999,29.25999,29.3026
2009-05-14,29.28,30.14,29.17999,29.85001
2009-05-15,29.87,30.16,29.25,29.42999
2009-05-18,29.75999,30.73,29.75999,30.69
2009-05-19,30.58,31.12,30.48,30.75
2009-05-20,31.07001,31.61,30.46001,30.53999
2009-05-21,30.17999,30.21001,29.55,29.92999
2009-05-22,30.09,30.21001,29.69,29.87
2009-05-26,29.55,30.89999,29.53999,30.82001
2009-05-27,30.86,31.10001,30.2,30.2
2009-05-28,30.55,30.71001,29.87,30.63
2009-05-29,30.82001,31.3,30.60001,31.3
2009-06-01,31.74001,32.62,31.73,32.42999
2009-06-02,32.36,32.63,32.19009,32.42999
2009-06-03,32.25,32.25,31.39999,31.72
2009-06-04,31.8,32.37,31.58,32.37
2009-06-05,32.69,32.73,31.88,32.36
2009-06-08,32.06,32.34,31.53999,31.97
2009-06-09,32.28,32.47,31.95,32.28999
2009-06-10,32.59,32.67999,31.77,32.64
2009-06-11,32.37,32.78,32.31,32.33
2009-06-12,32.24001,32.33,31.87,32.31
2009-06-15,31.91,31.92999,31.23399,31.35001
2009-06-16,31.50999,31.62,30.78,30.83
2009-06-17,30.74001,30.96001,30.25,30.67
2009-06-18,30.62,30.99001,30.46001,30.77
2009-06-19,30.92,31.17,30.72,30.88
2009-06-22,30.60001,30.60001,29.78,29.78
2009-06-23,29.91,30,29.53,29.77
2009-06-24,29.99001,30.48,29.91,30.11
2009-06-25,30.00999,30.88,29.92,30.87
2009-06-26,30.78,30.94,30.57001,30.75999
2009-06-29,30.84,31.14999,30.67999,31.08
2009-06-30,31.08,31.21001,30.61,30.81
2009-07-01,31.05,31.32001,30.96001,31.00999
2009-07-02,30.75,30.75,29.99001,30.017
2009-07-06,29.71001,29.95,29.5106,29.92999
2009-07-07,29.92999,29.92999,29.19,29.23
2009-07-08,29.41,29.44,28.74001,29.12
2009-07-09,29.28,29.55,29.14,29.35001
2009-07-10,29.10001,29.42,28.95,29.25
2009-07-13,29.35001,29.96001,28.97,29.92999
2009-07-14,30.00999,30.25,29.8,30.25
2009-07-15,30.61,31.28,30.60001,31.21001
2009-07-16,31.14999,31.69,30.94,31.56
2009-07-17,31.5,31.5601,31.28,31.49001
2009-07-20,31.7,32.03999,31.59,32
2009-07-21,32.37,32.37,31.53,31.98
2009-07-22,31.77,32.25,31.73,32.08
2009-07-23,32.08,33.11,32.08,32.98
2009-07-24,32.91,33.25,32.66,33.23
2009-07-27,33.22,33.45,33.02,33.45
2009-07-28,33.31,33.47,32.95,33.33
2009-07-29,33.22,33.27,32.87,33.10809
2009-07-30,33.7,33.95,33.50999,33.63
2009-07-31,33.64,33.89999,33.41,33.64
2009-08-03,34,34.38,33.85001,34.35001
2009-08-04,34.24001,34.66,34.10001,34.556
2009-08-05,34.64,34.67999,34.12,34.5
2009-08-06,34.75,34.83,34.17,34.32001
2009-08-07,34.75,35.35001,34.57001,35.11
2009-08-10,35.00999,35.09,34.64999,34.92
2009-08-11,34.82001,34.84,34.31,34.45
2009-08-12,34.45,35.22,34.45,34.92999
2009-08-13,35.07001,35.3,34.73,35.28
2009-08-14,35.3,35.3,34.5,34.82001
2009-08-17,34.16,34.17,33.75,33.84
2009-08-18,33.99001,34.33,33.88,34.24001
2009-08-19,33.92999,34.61,33.85001,34.48
2009-08-20,34.58,34.94,34.42999,34.88
2009-08-21,35.13,35.73,35.13,35.62
2009-08-24,35.85001,36.00999,35.42999,35.52
2009-08-25,35.64,36.07001,35.63,35.72
2009-08-26,35.56,35.91,35.41,35.83
2009-08-27,35.82001,36,35.21001,35.89
2009-08-28,36.25,36.34,35.64999,36.02
2009-08-31,35.59,35.64999,35.28999,35.53999
2009-09-01,35.41,35.90981,34.53,34.57001
2009-09-02,34.41,34.64,34.24001,34.39999
2009-09-03,34.7,34.89,34.28999,34.89
2009-09-04,35,35.33,34.69,35.3
2009-09-08,35.71001,35.75,35.47,35.71001
2009-09-09,35.82001,36.3,35.63,36.19
2009-09-10,36.22,36.69,35.89999,36.67
2009-09-11,36.8,36.91,36.44,36.7
2009-09-14,36.46001,37.06,36.33,37.02271
2009-09-15,37.09,37.46001,36.86,37.36
2009-09-16,37.53999,38.10001,37.36,38.09
2009-09-17,38.06,38.38,37.619,37.86
2009-09-18,37.96001,37.97,37.5701,37.78999
2009-09-21,37.52,37.78,37.28999,37.69
2009-09-22,37.88,38.05,37.74001,37.95
2009-09-23,38.07001,38.19,37.47,37.53
2009-09-24,37.53999,37.64999,36.7,36.91
2009-09-25,36.77,36.99001,36.5,36.63
2009-09-28,36.8,37.4787,36.77,37.39
2009-09-29,37.52,37.75,37.25,37.42
2009-09-30,37.56,37.60001,36.84,37.3
2009-10-01,37.19,37.19,36.11,36.11
2009-10-02,35.72,36.14,35.38,35.91
2009-10-05,36,36.61,35.89,36.5318
2009-10-06,36.87,37.3,36.73,37.05
2009-10-07,36.91,37.14,36.83,37.12
2009-10-08,37.45,37.71001,37.24001,37.57001
2009-10-09,37.53,37.78999,37.46001,37.75999
2009-10-12,38.02,38.13,37.77,37.92
2009-10-13,37.78,37.92999,37.57001,37.84
2009-10-14,38.23,38.56,38.06,38.53999
2009-10-15,38.3,38.67,38.3,38.67
2009-10-16,38.35001,38.48,38.05,38.34
2009-10-19,38.42999,38.85001,38.27,38.73
2009-10-20,38.78999,38.82001,38.21001,38.45
2009-10-21,38.41,38.88,38.03999,38.05
2009-10-22,38.10001,38.67799,37.74001,38.57001
2009-10-23,38.7,38.7,37.84399,37.97
2009-10-26,37.95,38.53,37.41,37.48
2009-10-27,37.57001,37.67,37.11,37.16
2009-10-28,37,37.12,36.11,36.14
2009-10-29,36.44,37.13811,36.41,37.03
2009-10-30,37,37.06,35.851,35.92
2009-11-02,36.05,36.60001,35.64999,36.14
2009-11-03,35.92,36.48,35.84,36.46001
2009-11-04,36.81,37.08,36.37,36.39999
2009-11-05,36.74001,37.22,36.66,37.22
2009-11-06,36.99001,37.42,36.89999,37.27
2009-11-09,37.57001,38.25999,37.57001,38.25999
2009-11-10,38.2,38.3,37.89999,38.11
2009-11-11,38.3799,38.6391,38.12,38.34
2009-11-12,38.28,38.50999,37.78999,37.87
2009-11-13,38.05,38.28,37.78999,38.11
2009-11-16,38.39999,38.95,38.36,38.73
2009-11-17,38.73,38.77,38.42,38.74001
2009-11-18,38.78,38.78,38.41,38.63
2009-11-19,38.42999,38.42999,37.75,38.02
2009-11-20,37.8,37.95,37.64,37.83
2009-11-23,38.3,38.66,38.16,38.25
2009-11-24,38.24001,38.34,37.94,38.24001
2009-11-25,38.39,38.57001,38.25,38.55
2009-11-27,37.5,38.11,37.3,37.78
2009-11-30,37.83,37.97,37.52,37.91
2009-12-01,38.39,38.58,38.03999,38.39
2009-12-02,38.42,38.81,38.41,38.61
2009-12-03,38.74001,38.9299,38.17,38.22
2009-12-04,38.78999,39.05,38.13,38.61
2009-12-07,38.64999,38.85001,38.48,38.58
2009-12-08,38.41,38.46001,38.03,38.25
2009-12-09,38.3,38.3848,38,38.32001
2009-12-10,38.58,38.7175,38.46001,38.60001
2009-12-11,38.77,38.85001,38.5701,38.83
2009-12-14,39.14,39.36,39,39.32001
2009-12-15,39.12,39.34,39.00999,39.16
2009-12-16,39.33,39.50999,39.22,39.33
2009-12-17,39.11,39.11189,38.78999,38.85001
2009-12-18,38.92999,38.98,38.53,38.89
2009-12-21,39.12,39.46001,39.07001,39.39999
2009-12-22,39.52,39.74001,39.411,39.60001
2009-12-23,39.77,39.86,39.56619,39.85001
2009-12-24,39.99001,40.09,39.92,40.05
2009-12-28,40.2,40.22,39.89,40.06
2009-12-29,40.17,40.17,39.92999,39.96001
2009-12-30,39.78999,39.97,39.78,39.97
2009-12-31,40.07001,40.07001,39.5,39.53
2010-01-04,39.91,40.19,39.88,40.17999
2010-01-05,40.17,40.41,39.98,40.41
2010-01-06,40.28,41.03,40.25999,40.56
2010-01-07,40.48,40.7701,40.31,40.75999
2010-01-08,40.64999,40.89999,40.49001,40.89999
2010-01-11,40.96001,41.104,40.73,40.92999
2010-01-12,40.7,40.7,40.27,40.46001
2010-01-13,40.50999,40.94,40.31,40.89
2010-01-14,40.87,40.998,40.72,40.95
2010-01-15,40.89999,40.89999,40.25,40.47
2010-01-19,40.42999,41.03999,40.42999,41.03999
2010-01-20,40.75,40.75,40.2,40.55
2010-01-21,40.56,40.78,39.84,39.87
2010-01-22,39.72,39.78999,38.89,38.89999
2010-01-25,39.16,39.38901,38.96001,39.14
2010-01-26,39.07001,39.3699,38.5,39
2010-01-27,38.92,39.17,38.5,39.11
2010-01-28,39.34,39.35001,38.4108,38.7
2010-01-29,38.83,39.14999,38.14,38.2186
2010-02-01,38.39,38.91,38.38,38.87
2010-02-02,38.99001,39.52,38.87,39.46001
2010-02-03,39.38,39.44,39.09,39.2
2010-02-04,38.94,38.944,37.86,37.89
2010-02-05,37.92,38.06,37.134,37.99001
2010-02-08,38,38.27,37.67999,37.7
2010-02-09,38.07001,38.55,37.85001,38.28
2010-02-10,38.23,38.3699,37.77,38.19
2010-02-11,38.10001,38.63811,37.84,38.614
2010-02-12,38.2,38.59,38.02,38.58
2010-02-16,38.92,39.33501,38.78,39.28
2010-02-17,39.58,39.61,39.31,39.53
2010-02-18,39.47,39.82001,39.42999,39.8
2010-02-19,39.74001,40.08,39.603,39.98
2010-02-22,40.14,40.14,39.84,39.95
2010-02-23,39.91,39.96001,39.31,39.38
2010-02-24,39.50999,39.8,39.39999,39.78
2010-02-25,39.25,39.85001,39.06,39.85001
2010-02-26,39.85001,39.96851,39.56,39.82001
2010-03-01,39.98,40.48,39.98,40.48
2010-03-02,40.75,40.81,40.53,40.59
2010-03-03,40.77,40.97,40.57001,40.72
2010-03-04,40.78999,40.85001,40.53999,40.75999
2010-03-05,41.07001,41.49001,40.9762,41.45
2010-03-08,41.50999,41.59,41.41,41.53
2010-03-09,41.33,41.74001,41.31,41.53
2010-03-10,41.56,41.89999,41.53999,41.81
2010-03-11,41.62,41.95,41.50999,41.92
2010-03-12,42.14999,42.16,41.85001,41.94
2010-03-15,41.94,41.9438,41.5799,41.92
2010-03-16,42.09,42.36501,41.89999,42.35001
2010-03-17,42.50999,42.81,42.44,42.69
2010-03-18,42.72,42.7394,42.39999,42.5
2010-03-19,42.57001,42.57001,41.98,42.16
2010-03-22,42,42.49001,41.82001,42.44
2010-03-23,42.53999,42.77,42.33,42.77
2010-03-24,42.61,42.67,42.39,42.45
2010-03-25,42.7,42.86,42.23,42.27
2010-03-26,42.41,42.62,42.09,42.34
2010-03-29,42.59,42.71001,42.48,42.67999
2010-03-30,42.74001,42.84,42.47,42.71001
2010-03-31,42.56,42.77,42.41,42.57001
2010-04-01,42.89999,43.07001,42.64999,42.92
2010-04-05,43.14999,43.48,42.99899,43.48
2010-04-06,43.36,43.67,43.25,43.57001
2010-04-07,43.55,43.57001,43.08009,43.3
2010-04-08,43.14999,43.41,42.89,43.36
2010-04-09,43.47,43.69,43.3399,43.67999
2010-04-12,43.7,43.87,43.67,43.75
2010-04-13,43.75,43.87,43.46001,43.82001
2010-04-14,43.97,44.39,43.89,44.39
2010-04-15,44.31,44.50999,44.25,44.39
2010-04-16,44.21001,44.34,43.41,43.66
2010-04-19,43.44,43.78999,43.14999,43.67
2010-04-20,43.99001,44.27,43.89,44.25999
2010-04-21,44.33,44.418,44.07001,44.35001
2010-04-22,44.03,44.77,43.75,44.71001
2010-04-23,44.75,45.12,44.58,45.08
2010-04-26,45.16,45.28999,44.87,44.92
2010-04-27,44.67999,44.86501,43.62,43.71001
2010-04-28,43.98,44.12801,43.60001,43.95
2010-04-29,44.28,44.64999,44.21001,44.56
2010-04-30,44.56,44.6176,43.69,43.7
2010-05-03,43.82001,44.439,43.82001,44.34
2010-05-04,43.83,43.84,42.95,43.14
2010-05-05,42.89,43.35001,42.47301,42.82001
2010-05-06,42.74001,43,40.6,41.25
2010-05-07,41.19,41.73,40,40.59
2010-05-10,42.09,42.69991,42.09,42.69
2010-05-11,42.23,43.13,42.14999,42.53999
2010-05-12,42.78999,43.35001,42.64,43.32001
2010-05-13,43.27,43.4465,42.69749,42.78999
2010-05-14,42.33,42.44,41.49001,41.88
2010-05-17,41.88,42.22,41.03,41.91499
2010-05-18,42.28999,42.52,41.2,41.37
2010-05-19,41.09,41.49001,40.22,41
2010-05-20,40.14,40.24001,39.28999,39.37
2010-05-21,38.81,40.198,38.27,40.02
2010-05-24,39.78,40.17999,39.49001,39.50999
2010-05-25,38.41,39.66,38.2,39.62
2010-05-26,40,40.41,39.41,39.5
2010-05-27,40.34,41,40.19,40.97
2010-05-28,41,41.03999,40.28149,40.48
2010-06-01,40,40.60831,39.4799,39.5
2010-06-02,39.64999,40.67,39.55,40.67
2010-06-03,40.81,40.97,40.47,40.91
2010-06-04,40.05,40.3419,39.11,39.25
2010-06-07,39.42999,39.556,38.58,38.61
2010-06-08,38.56,39.03999,38.19,38.97
2010-06-09,39.36,39.84,38.78999,38.92999
2010-06-10,39.48,40.28,39.48,40.25999
2010-06-11,39.89,40.53,39.78,40.52499
2010-06-14,40.75999,41.17999,40.5,40.53
2010-06-15,40.77,41.59,40.77,41.56
2010-06-16,41.32001,41.74001,41.2,41.52
2010-06-17,41.67999,41.67999,41.09,41.52
2010-06-18,41.50999,41.56,41.24001,41.38
2010-06-21,41.97,41.97,40.937,41.19
2010-06-22,41.21001,41.39,40.28,40.42
2010-06-23,40.41,40.57001,39.86,40.31
2010-06-24,40.05,40.13,39.42999,39.56
2010-06-25,39.63,39.97,39.25,39.78999
2010-06-28,39.85001,40.00999,39.52,39.67
2010-06-29,39.09,39.09,37.94,38.24001
2010-06-30,38.11,38.56,37.71001,37.8
2010-07-01,37.8,37.95,36.96001,37.72
2010-07-02,37.8,37.97,37.28,37.49001
2010-07-06,37.96001,38.33,37.24001,37.59
2010-07-07,37.64999,38.89999,37.64999,38.86
2010-07-08,39.31,39.35001,38.81,39.25999
2010-07-09,39.23,39.64999,39.19,39.62
2010-07-12,39.5,39.75,39.23,39.53999
2010-07-13,39.99001,40.47,39.94,40.3
2010-07-14,40.17999,40.39999,39.92,40.22501
2010-07-15,40.27,40.38,39.64,40.28999
2010-07-16,40.06,40.06,38.96001,39.02
2010-07-19,39.19,39.4514,38.8681,39.33
2010-07-20,38.85001,39.94,38.74001,39.91
2010-07-21,40.17,40.1795,39.17,39.3
2010-07-22,39.78999,40.44,39.75999,40.28999
2010-07-23,40.14999,40.8,40.0701,40.78
2010-07-26,40.78999,41.35001,40.688,41.34
2010-07-27,41.58,41.58,40.97,41.11
2010-07-28,41.02,41.13,40.59,40.74001
2010-07-29,41.09,41.13,40.14999,40.53999
2010-07-30,40.17,40.75999,39.95,40.58
2010-08-02,41.25999,41.54089,41.03,41.49001
2010-08-03,41.36,41.45,41,41.14999
2010-08-04,41.27,41.55,41.12,41.50999
2010-08-05,41.24001,41.49001,41.12,41.45
2010-08-06,40.92999,41.35001,40.67999,41.25999
2010-08-09,41.59,41.60001,41.28999,41.55
2010-08-10,41.13,41.45,40.87,41.22
2010-08-11,40.48,40.49001,39.86,39.92999
2010-08-12,39.19,39.82001,39.09,39.69
2010-08-13,39.53,39.84599,39.52,39.55
2010-08-16,39.36,39.67,39.14999,39.52
2010-08-17,39.89999,40.42999,39.8,40.17
2010-08-18,40.11,40.47,39.89,40.25
2010-08-19,40.05,40.19,39.37,39.55
2010-08-20,39.44,39.51041,39.09,39.47501
2010-08-23,39.7,39.85001,39.25,39.27
2010-08-24,38.78999,38.96001,38.38,38.69
2010-08-25,38.39,38.97,38.12,38.84
2010-08-26,38.98,39.14,38.46989,38.59
2010-08-27,38.92,39.33,38.24001,39.28999
2010-08-30,39.16,39.28999,38.6581,38.66
2010-08-31,38.5,38.89999,38.31,38.64999
2010-09-01,39.22,39.94,39.19,39.86
2010-09-02,39.97,40.412,39.92999,40.38
2010-09-03,40.78,41.03,40.60001,40.95
2010-09-07,40.71001,40.75999,40.37,40.42999
2010-09-08,40.46001,40.862,40.46001,40.7
2010-09-09,41.14999,41.17999,40.67,40.84
2010-09-10,40.86,41.09,40.78999,41.06
2010-09-13,41.46001,41.63,41.35001,41.55
2010-09-14,41.48,41.78,41.28,41.56
2010-09-15,41.39,41.74001,41.25999,41.7
2010-09-16,41.55,41.64999,41.39999,41.61
2010-09-17,41.72,41.72,41.28,41.46001
2010-09-20,41.58,42.28,41.5,42.22
2010-09-21,42.2,42.33,41.84,42
2010-09-22,41.89999,42.17999,41.59,41.72
2010-09-23,41.35001,41.8605,41.25,41.39999
2010-09-24,41.92,42.42999,41.89,42.36
2010-09-27,42.46001,42.46001,42.14999,42.2
2010-09-28,42.33,42.59,41.75,42.5
2010-09-29,42.33,42.63,42.25,42.45
2010-09-30,42.75999,43,42.12,42.38
2010-10-01,42.72,42.75,42.25999,42.5
2010-10-04,42.36,42.58,41.9081,42.16
2010-10-05,42.61,43.17,42.50999,43.06
2010-10-06,43.14,43.14,42.75,42.91
2010-10-07,43.09,43.17,42.59,42.89
2010-10-08,43,43.36,42.8084,43.22
2010-10-11,43.36,43.45,43.2,43.34
2010-10-12,43.23,43.58,42.92999,43.49001
2010-10-13,43.8,44.07001,43.60001,43.84
2010-10-14,43.82001,43.87601,43.33,43.61501
2010-10-15,43.92,43.92,43.31,43.66
2010-10-18,43.67999,43.92,43.57001,43.81
2010-10-19,43.34,43.66,42.929,43.17
2010-10-20,43.28,43.8,43.25,43.60001
2010-10-21,43.82001,44.04601,43.28999,43.63499
2010-10-22,43.72,43.82001,43.60001,43.78999
2010-10-25,44.08,44.36,43.89999,43.95
2010-10-26,43.67999,43.94119,43.53,43.86501
2010-10-27,43.57001,43.81,43.33,43.75999
2010-10-28,44.02,44.05,43.48,43.73
2010-10-29,43.69,43.94,43.58,43.89
2010-11-01,44.02,44.33,43.58009,43.82001
2010-11-02,44.19,44.33,44.039,44.24001
2010-11-03,44.37,44.37,43.77,44.35001
2010-11-04,44.94,45.28,44.82001,45.25
2010-11-05,45.28999,45.60001,45.24001,45.48
2010-11-08,45.39999,45.47,45.17999,45.42999
2010-11-09,45.57001,45.57001,44.78999,44.98
2010-11-10,45.00999,45.19,44.60001,45.17
2010-11-11,44.75,45.2,44.67,45.14999
2010-11-12,44.85001,45.02,44.34,44.55
2010-11-15,44.64999,44.882,44.46001,44.48
2010-11-16,44.21001,44.26199,43.52,43.72
2010-11-17,43.7,44,43.61,43.82001
2010-11-18,44.38,44.64999,44.28999,44.45
2010-11-19,44.45,44.66,44.1902,44.66
2010-11-22,44.52,44.75,44.19,44.73
2010-11-23,44.24001,44.27,43.96001,44.11
2010-11-24,44.44,44.87,44.3,44.87
2010-11-26,44.5,44.7397,44.42999,44.53999
2010-11-29,44.25999,44.556,43.89999,44.42999
2010-11-30,44.03,44.5,43.94,44.25
2010-12-01,44.85001,45.31,44.85001,45.24001
2010-12-02,45.32001,45.92999,45.25,45.89999
2010-12-03,45.78,46.14,45.72,46.08
2010-12-06,46.02,46.14,45.88,46.05
2010-12-07,46.56,46.56,46.0482,46.065
2010-12-08,46.17,46.27901,45.84,46.17999
2010-12-09,46.52,46.52,46.14999,46.38
2010-12-10,46.53,46.7101,46.36,46.67999
2010-12-13,46.92999,46.92999,46.61,46.61
2010-12-14,46.7,46.85001,46.49001,46.61
2010-12-15,46.56,46.7798,46.33,46.42
2010-12-16,46.42,46.77,46.28999,46.75
2010-12-17,46.66,46.84,46.39,46.78999
2010-12-20,47.00999,47.03,46.69,46.94
2010-12-21,47.1299,47.34,47.05,47.27
2010-12-22,47.36,47.41,47.2561,47.38
2010-12-23,47.36,47.379,47.16,47.27
2010-12-27,47.19,47.32001,47,47.3
2010-12-28,47.3,47.39,47.14999,47.3
2010-12-29,47.39,47.42999,47.32001,47.32001
2010-12-30,47.33,47.42,47.222,47.33501
2010-12-31,47.3,47.38,47.162,47.31
2011-01-03,47.72,47.99001,47.645,47.78999
2011-01-04,47.98,47.98,47.2903,47.56
2011-01-05,47.39999,47.84,47.28999,47.81
2011-01-06,47.92,47.92,47.60001,47.71001
2011-01-07,47.83,47.91,47.24001,47.62
2011-01-10,47.42999,47.68201,47.22,47.60001
2011-01-11,47.84,47.94,47.63,47.83
2011-01-12,48.14999,48.31,48.032,48.2675
2011-01-13,48.31,48.34,48.10001,48.21001
2011-01-14,48.17,48.56,48.10001,48.49001
2011-01-18,48.58,48.73,48.5,48.7
2011-01-19,48.69,48.69,47.92,48.06
2011-01-20,47.92,48.069,47.60001,47.96001
2011-01-21,48.28,48.369,47.94,47.97
2011-01-24,47.99001,48.36,47.94,48.28
2011-01-25,48.21001,48.3,47.886,48.25
2011-01-26,48.36,48.71001,48.33,48.61
2011-01-27,48.64,48.89,48.60001,48.83501
2011-01-28,48.86,48.96001,47.83,47.87
2011-01-31,47.98,48.38,47.98,48.31
2011-02-01,48.63,49.09,48.58,49
2011-02-02,48.89999,49.08,48.84,48.91
2011-02-03,48.97,49.21001,48.63,49.17
2011-02-04,49.3,49.44,49.03,49.39999
2011-02-07,49.55,49.89999,49.5,49.72
2011-02-08,49.78999,49.94,49.58,49.9268
2011-02-09,49.83,49.948,49.60001,49.80499
2011-02-10,49.59,50.03,49.5,49.95
2011-02-11,49.84,50.39,49.74001,50.34
2011-02-14,50.39999,50.42999,50.23,50.42
2011-02-15,50.32001,50.34,50.10001,50.24001
2011-02-16,50.47,50.72,50.4072,50.64999
2011-02-17,50.44,50.94,50.44,50.892
2011-02-18,50.89,51.05,50.78999,50.95
2011-02-22,50.42,50.78,49.64999,49.75
2011-02-23,49.74001,49.88,48.88,49.3
2011-02-24,49.24001,49.56,48.81,49.32001
2011-02-25,49.50999,50.03999,49.50999,50.00999
2011-02-28,50.28,50.33,49.94,50.25
2011-03-01,50.5,50.5,49.34,49.37
2011-03-02,49.33,49.74001,49.22,49.52
2011-03-03,50.02,50.46809,49.98,50.42
2011-03-04,50.42999,50.42999,49.73,50.09
2011-03-07,50.35001,50.36,49.30099,49.60001
2011-03-08,49.73,50.24001,49.42,50.06
2011-03-09,50.02,50.12,49.64,49.97
2011-03-10,49.5,49.5,48.98,49.00999
2011-03-11,48.82001,49.6181,48.82001,49.47
2011-03-14,49.10001,49.37,48.8,49.16
2011-03-15,48,48.98599,47.71001,48.71001
2011-03-16,48.58,48.798,47.561,47.89999
2011-03-17,48.61,48.696,48.21001,48.42
2011-03-18,48.91,48.91,48.37,48.50999
2011-03-21,49.11,49.3181,49.00999,49.22
2011-03-22,49.25999,49.2999,48.96001,48.99001
2011-03-23,48.85001,49.3,48.61,49.17999
2011-03-24,49.42,49.77,49.189,49.71001
2011-03-25,49.82001,50.12,49.71001,49.89
2011-03-28,50.03,50.10001,49.69,49.69
2011-03-29,49.67,50.05299,49.46001,50.03
2011-03-30,50.38,50.57001,50.254,50.4985
2011-03-31,50.44,50.57001,50.33,50.46001
2011-04-01,50.8,50.94901,50.59,50.72
2011-04-04,50.88,50.92599,50.56081,50.73
2011-04-05,50.67,51.10001,50.66,50.86
2011-04-06,51.03,51.17,50.75999,50.97
2011-04-07,50.95,51.09,50.60001,50.86
2011-04-08,51.07001,51.11,50.35001,50.55
2011-04-11,50.61,50.77,50.23199,50.35001
2011-04-12,50.12,50.2197,49.84,50.02
2011-04-13,50.28,50.35001,49.86,50.07001
2011-04-14,49.78999,50.2,49.60001,50.13
2011-04-15,50.22,50.53,50.12,50.46001
2011-04-18,49.88,49.95,49.49001,49.83
2011-04-19,49.97,50.12,49.78999,50.09
2011-04-20,50.75,50.97,50.726,50.88
2011-04-21,51.21001,51.21001,50.94,51.16
2011-04-25,51.2,51.2,50.92,51.09
2011-04-26,51.28,51.62,51.2058,51.5
2011-04-27,51.64,51.832,51.3632,51.75999
2011-04-28,51.73,52,51.71001,51.94
2011-04-29,51.99001,52.08,51.87,52.03999
2011-05-02,52.28,52.3308,51.85001,51.94
2011-05-03,51.78,51.89999,51.388,51.64999
2011-05-04,51.63,51.63,51.01019,51.28
2011-05-05,51.03999,51.5,50.78999,51.02
2011-05-06,51.55,51.78999,51.02,51.23
2011-05-09,51.28999,51.608,51.1729,51.5
2011-05-10,51.71001,52.14999,51.64999,52.07001
2011-05-11,52.02,52.02,51.2718,51.52
2011-05-12,51.42,51.94,51.14999,51.86
2011-05-13,51.92999,51.95,51.28,51.42999
2011-05-16,51.3,51.68581,51.05,51.13
2011-05-17,50.95,51.1371,50.65289,51.03999
2011-05-18,51.11,51.64,51,51.57001
2011-05-19,51.81,51.83,51.4099,51.7001
2011-05-20,51.62,51.64,51.16,51.34
2011-05-23,50.64,50.85001,50.50999,50.66
2011-05-24,50.85001,50.94,50.46001,50.58
2011-05-25,50.31,50.94,50.28999,50.75
2011-05-26,50.63,51.12,50.5,51.03
2011-05-27,51.16,51.39,51.1102,51.28
2011-05-31,51.78,51.78,51.3201,51.72
2011-06-01,51.66,51.66,50.467,50.5
2011-06-02,50.59,50.71001,50.16,50.45
2011-06-03,49.87,50.27,49.75,49.82001
2011-06-06,49.64,49.78999,49.16,49.17999
2011-06-07,49.5,49.7,49.27,49.3
2011-06-08,49.17999,49.24989,48.86,48.94
2011-06-09,49.05,49.5,48.95,49.3
2011-06-10,49.14999,49.14999,48.49001,48.57001
2011-06-13,48.67999,48.85001,48.3,48.53999
2011-06-14,49.02,49.46001,49.00999,49.32001
2011-06-15,48.97,49.09,48.33,48.44
2011-06-16,48.44,48.75,48.06,48.44
2011-06-17,48.71001,48.82001,48.35001,48.49001
2011-06-20,48.37,48.92999,48.37,48.82001
2011-06-21,49.10001,49.67,49.06,49.60001
2011-06-22,49.49001,49.761,49.282,49.32001
2011-06-23,48.67999,49.25,48.3374,49.22
2011-06-24,49.25999,49.27,48.60001,48.67999
2011-06-27,48.69,49.17,48.548,49.00999
2011-06-28,49.21001,49.7399,49.16,49.71001
2011-06-29,49.99001,50.255,49.74001,50.14999
2011-06-30,50.34,50.6998,50.2596,50.62
2011-07-01,50.64999,51.48,50.55,51.39
2011-07-05,51.37,51.42,51.07001,51.27
2011-07-06,51.2,51.35001,50.97,51.2971
2011-07-07,51.81,52.03999,51.72,51.92
2011-07-08,51.35001,51.46001,51.03,51.46001
2011-07-11,50.89,50.9335,50.24001,50.37
2011-07-12,50.2,50.63,50.08,50.16
2011-07-13,50.33,50.85001,50.162,50.27
2011-07-14,50.36,50.57001,49.66,49.76199
2011-07-15,50.06,50.06,49.64,50.03999
2011-07-18,49.84,49.86,49.12,49.44
2011-07-19,49.78999,50.37,49.78999,50.31
2011-07-20,50.49001,50.5,50.162,50.28999
2011-07-21,50.56,51.08,50.44,50.95
2011-07-22,50.98,51.08,50.66,51
2011-07-25,50.49001,50.94,50.42999,50.67999
2011-07-26,50.67999,50.7,50.34,50.45
2011-07-27,50.17,50.21001,49.22,49.25
2011-07-28,49.24001,49.69,48.9563,49.03
2011-07-29,48.60001,49.24001,48.2662,48.78999
2011-08-01,49.66,49.66,48,48.42
2011-08-02,48.05,48.28999,46.95,46.95
2011-08-03,46.96001,47.25,46.08,47.24001
2011-08-04,46.56,46.56,44.72,44.74001
2011-08-05,45.42,45.5,43.37,44.57001
2011-08-08,43.27,43.75999,41.19,41.3
2011-08-09,41.73,43.39999,40.69679,43.39011
2011-08-10,42.55,43.09,41.48,41.53
2011-08-11,41.92999,44.2058,41.74001,43.66
2011-08-12,44.11,44.34,43.564,43.89999
2011-08-15,44.32001,44.98,44.28,44.97
2011-08-16,44.55,44.92,43.99001,44.44
2011-08-17,44.64999,45.0495,44,44.36
2011-08-18,43.14999,43.14999,41.83,42.21001
2011-08-19,41.60001,42.77,41.46899,41.513
2011-08-22,42.28999,42.55,41.42101,41.57001
2011-08-23,41.71001,43.08,41.48,43.08
2011-08-24,43.02,43.7771,42.83,43.73
2011-08-25,43.92999,44.209,42.78,42.89999
2011-08-26,42.64999,43.89999,41.97479,43.67
2011-08-29,44.28999,45.21001,44.24001,45.17999
2011-08-30,45.02,45.7,44.64,45.37
2011-08-31,45.71001,46.2,45.31,45.69
2011-09-01,45.66,46.08,45.02,45.06
2011-09-02,44.16,44.32001,43.64,43.75
2011-09-06,42.53,43.5,42.37,43.45599
2011-09-07,44.10001,44.91701,44.03999,44.91
2011-09-08,44.59,45.08,44.17999,44.30791
2011-09-09,43.82001,43.97,42.83,43.10001
2011-09-12,42.5,43.40601,42.35001,43.37
2011-09-13,43.47,44.03999,43.19,43.89
2011-09-14,44.14,45.09,43.48,44.57001
2011-09-15,45.09,45.34,44.59,45.31
2011-09-16,45.31,45.61,44.939,45.33
2011-09-19,44.47,45.00259,44.17,44.74001
2011-09-20,44.92,45.38,44.50999,44.55
2011-09-21,44.53999,44.67999,42.97,42.97
2011-09-22,41.81,42.088,40.92999,41.53999
2011-09-23,41.25,42.10001,41.21001,41.83
2011-09-26,42.31,42.92999,41.54401,42.87
2011-09-27,43.89,44.28,43.19,43.45
2011-09-28,43.50999,43.7,42.23,42.25
2011-09-29,42.97,43.24001,41.75999,42.60001
2011-09-30,42.02,42.28,41.38,41.39999
2011-10-03,41.08,41.67,39.89,39.89
2011-10-04,39.46001,41.14999,39.03,41.06
2011-10-05,41.19,42.12,40.82001,41.99001
2011-10-06,41.96001,43,41.7,42.96001
2011-10-07,43.3,43.3,42.2,42.48
2011-10-10,43.24001,43.96001,43.14011,43.96001
2011-10-11,43.67999,44.14,43.60001,44.02
2011-10-12,44.38,45.03999,44.28011,44.49001
2011-10-13,44.24001,44.55,43.74001,44.36
2011-10-14,44.97,45.14999,44.57001,45.13
2011-10-17,44.98,44.98,43.99001,44.10001
2011-10-18,44.07001,45.5,43.62,45.14999
2011-10-19,45.06,45.38,44.42,44.58
2011-10-20,44.7699,44.95,43.9902,44.78999
2011-10-21,45.45,45.91,45.38,45.87
2011-10-24,46.00999,46.86,45.94,46.73
2011-10-25,46.45,46.5,45.57001,45.67101
2011-10-26,46.19,46.38,45.31,46.17
2011-10-27,47.64,48.39999,47.16,48.036
2011-10-28,47.89,48.17999,47.75,48.07001
2011-10-31,47.57001,47.59,46.75,46.81
2011-11-01,45.44991,45.9991,45.06,45.36
2011-11-02,46.05,46.42,45.69,46.22
2011-11-03,46.71001,47.25999,45.96001,47.14
2011-11-04,46.82001,47.09,46.28709,46.96001
2011-11-07,46.95,47.21001,46.34,47.17999
2011-11-08,47.36,47.78,46.84,47.71001
2011-11-09,46.57001,46.69,45.67,45.75
2011-11-10,46.47,46.48,45.72,46.16
2011-11-11,46.85001,47.34,46.73,47.17999
2011-11-14,47,47.09,46.49001,46.75
2011-11-15,46.53999,47.17999,46.30099,46.95
2011-11-16,46.46001,47.03,46.10001,46.14
2011-11-17,46.05,46.1286,44.95,45.27
2011-11-18,45.42,45.52,45,45.17999
2011-11-21,44.42999,44.59,43.92,44.35001
2011-11-22,44.3,44.5,43.84,44.10001
2011-11-23,43.69,43.69,43.03999,43.05
2011-11-25,42.89,43.46001,42.07001,42.96001
2011-11-28,44.2,44.53,43.96291,44.308
2011-11-29,44.39,44.73,44.23,44.39999
2011-11-30,45.75999,46.45,45.717,46.39999
2011-12-01,46.39,46.67999,46.186,46.37
2011-12-02,46.84,47,46.25,46.32001
2011-12-05,47.06,47.28999,46.60001,46.87
2011-12-06,46.92999,47.123,46.6102,46.84
2011-12-07,46.7,47.07001,46.2,46.89999
2011-12-08,46.53999,46.61,45.61,45.72
2011-12-09,45.84,46.69,45.84,46.58
2011-12-12,46.23,46.23,45.45,45.85001
2011-12-13,46.06,46.3,44.94,45.16
2011-12-14,44.94,45.12,44.53999,44.64
2011-12-15,45.10001,45.25,44.73891,44.85001
2011-12-16,44.94,45.3335,44.646,44.78
2011-12-19,44.89999,45.07001,44.05,44.16
2011-12-20,44.85001,45.72,44.85001,45.62
2011-12-21,45.62,45.847,45.17999,45.78999
2011-12-22,45.99001,46.38,45.86,46.31
2011-12-23,46.41,46.67999,46.34,46.67999
2011-12-27,46.53,46.76981,46.47,46.66
2011-12-28,46.63,46.64999,45.92,46
2011-12-29,46.07001,46.536,46.07001,46.49001
2011-12-30,46.50999,46.56,46.28,46.28
2012-01-03,47.14,47.42999,46.95,46.99001
2012-01-04,46.89,47.0471,46.61,46.95
2012-01-05,46.75999,47.23,46.42,47.14
2012-01-06,47.25999,47.25999,46.88,47.08
2012-01-09,47.14999,47.3,46.96001,47.21001
2012-01-10,47.81,47.9122,47.72,47.82001
2012-01-11,47.74001,47.96001,47.60001,47.89
2012-01-12,48.08,48.145,47.62151,48.09
2012-01-13,47.8,47.81,47.37,47.8
2012-01-17,48.28,48.33,47.81,47.89999
2012-01-18,47.96001,48.6174,47.81,48.60001
2012-01-19,48.8,49.06,48.67999,48.97
2012-01-20,48.86,48.92999,48.733,48.91
2012-01-23,48.94,49.252,48.72,48.94
2012-01-24,48.74001,49.03999,48.56,49.02
2012-01-25,48.94,49.60001,48.7,49.50999
2012-01-26,49.77,49.87,48.97,49.17999
2012-01-27,48.98,49.3299,48.933,49.2
2012-01-30,48.78,48.9857,48.48199,48.92
2012-01-31,49.2,49.291,48.6599,48.91
2012-02-01,49.32001,49.74989,49.25999,49.55
2012-02-02,49.64,49.75999,49.44,49.62
2012-02-03,50.10001,50.5,50.08,50.44
2012-02-06,50.23,50.39999,50.14999,50.36
2012-02-07,50.28999,50.55,50.019,50.46001
2012-02-08,50.42,50.71001,50.3,50.62
2012-02-09,50.63,50.78999,50.32001,50.67999
2012-02-10,50.25999,50.35001,50.03,50.28999
2012-02-13,50.66,50.71001,50.33009,50.59
2012-02-14,50.47,50.55,50.17999,50.50999
2012-02-15,50.78,50.81,50.25999,50.36
2012-02-16,50.35001,51.0571,50.3201,50.99001
2012-02-17,51.24001,51.25999,50.96001,51.13
2012-02-21,51.21001,51.32201,50.83,50.98
2012-02-22,50.87,51.03,50.66,50.75
2012-02-23,50.75,51.09,50.5652,51.05
2012-02-24,51.11,51.31,51.04201,51.11
2012-02-27,50.81,51.33,50.67,51.17
2012-02-28,51.2,51.34,51.02,51.22
2012-02-29,51.28999,51.39999,50.8226,50.87
2012-03-01,51.03,51.31,50.98,51.17999
2012-03-02,51.11,51.25999,50.83,50.94
2012-03-05,50.78999,50.84,50.4628,50.62
2012-03-06,50.07001,50.09,49.63,49.74001
2012-03-07,49.91,50.23,49.84,50.14999
2012-03-08,50.48,50.85201,50.36,50.75
2012-03-09,50.89,51.24001,50.82001,51.09
2012-03-12,51.09,51.14999,50.83,50.96001
2012-03-13,51.23,51.95,51.17999,51.92
2012-03-14,52.00999,52.05901,51.64,51.78999
2012-03-15,51.81,52.25,51.67,52.21001
2012-03-16,52.13,52.19,52,52.09
2012-03-19,52.05,52.42999,52,52.23
2012-03-20,51.89,52.03,51.67999,51.97
2012-03-21,52.02,52.08,51.78,51.91
2012-03-22,51.50999,51.62,51.2599,51.46001
2012-03-23,51.53,51.71001,51.14,51.67
2012-03-26,52.06,52.339,52.05,52.32001
2012-03-27,52.44,52.48,52.1566,52.2
2012-03-28,52.13,52.2,51.47,51.77
2012-03-29,51.46001,51.78,51.2,51.72
2012-03-30,51.98,52.0285,51.595,51.87
2012-04-02,51.82001,52.45,51.71001,52.27
2012-04-03,52.22,52.30321,51.73,52.08
2012-04-04,51.63,51.7,51.32001,51.48
2012-04-05,51.28999,51.57001,51.23,51.33
2012-04-09,50.64999,50.82001,50.5,50.66
2012-04-10,50.52,50.67999,49.69,49.73
2012-04-11,50.27,50.41,50.14,50.19
2012-04-12,50.25999,51.06,50.22,51.00999
2012-04-13,50.87,50.97,50.41,50.41
2012-04-16,50.72,50.8,50.2,50.42
2012-04-17,50.74001,51.26849,50.67999,51.13
2012-04-18,50.85001,51.07001,50.82001,50.92
2012-04-19,50.87,51.24001,50.47,50.71001
2012-04-20,50.89999,51.09,50.783,50.8
2012-04-23,50.21001,50.32001,49.91,50.25999
2012-04-24,50.25,50.57001,50.22,50.45
2012-04-25,50.83,51.09,50.74001,51.07001
2012-04-26,50.91,51.5481,50.82001,51.48
2012-04-27,51.63,51.74699,51.3138,51.63
2012-04-30,51.53,51.56,51.32001,51.48
2012-05-01,51.48,52.16,51.35001,51.81
2012-05-02,51.5,51.72729,51.32001,51.67
2012-05-03,51.64999,51.68201,51.05,51.14999
2012-05-04,50.91,50.91,50.25999,50.34
2012-05-07,50.11,50.47,50.01221,50.28999
2012-05-08,50,50.06,49.3,50
2012-05-09,49.42,50.11,49.21001,49.78999
2012-05-10,50.22,50.22,49.74001,49.82001
2012-05-11,49.5,50.19521,49.5,49.75999
2012-05-14,49.25,49.53,49.08,49.17
2012-05-15,49.09,49.367,48.72,48.82001
2012-05-16,48.99001,49.24001,48.47,48.5
2012-05-17,48.50999,48.53999,47.55,47.55
2012-05-18,47.75,47.8391,47.00999,47.10001
2012-05-21,47.19,48.06799,47.17999,48.03999
2012-05-22,48.2,48.53999,47.83,48.13
2012-05-23,47.73,48.3501,47.35001,48.28999
2012-05-24,48.39,48.42821,47.89999,48.34
2012-05-25,48.34,48.53999,48.201,48.34
2012-05-29,48.64999,49.03999,48.58,48.92999
2012-05-30,48.49001,48.58,47.98,48.03999
2012-05-31,48.03,48.23,47.37601,47.88
2012-06-01,47.00999,47.17,46.52,46.55
2012-06-04,46.55,46.7686,46.03,46.45
2012-06-05,46.35001,47.0186,46.27,46.91
2012-06-06,47.25,48.03999,47.25,48.03
2012-06-07,48.64999,48.69,47.88,47.98
2012-06-08,47.89999,48.37,47.64,48.35001
2012-06-11,48.78999,48.836,47.57001,47.61
2012-06-12,47.75999,48.21001,47.5,48.17
2012-06-13,48.02,48.27,47.59,47.74001
2012-06-14,47.92,48.39,47.71001,48.22
2012-06-15,48.13,48.62,48.13,48.57001
2012-06-18,48.42999,48.81,48.25,48.7
2012-06-19,48.94,49.496,48.92999,49.28999
2012-06-20,49.28999,49.52,48.88,49.23
2012-06-21,49.3,49.3299,47.94,47.96001
2012-06-22,48.14,48.4391,47.98019,48.32001
2012-06-25,47.75999,47.78,47.25,47.46001
2012-06-26,47.56,47.87,47.28999,47.72
2012-06-27,47.85001,48.306,47.81,48.17
2012-06-28,47.89999,48.23,47.5838,48.19
2012-06-29,49.21001,49.53999,49.0145,49.52
2012-07-02,49.74001,49.75999,49.2648,49.64
2012-07-03,49.64999,50.14,49.60001,50.09
2012-07-05,49.88,50.12,49.6201,49.88
2012-07-06,49.39,49.42,49.06,49.33
2012-07-09,49.23,49.32001,48.864,49.05009
2012-07-10,49.28,49.44,48.3418,48.53
2012-07-11,48.46001,48.73,48.25999,48.53999
2012-07-12,48.17,48.45,47.82091,48.25999
2012-07-13,48.25,49.09,48.25,49.03
2012-07-16,48.88,49.02,48.62399,48.84
2012-07-17,49.03999,49.27,48.50999,49.19
2012-07-18,49.08,49.8,49.06,49.62
2012-07-19,49.77,49.96001,49.55,49.78
2012-07-20,49.5,49.55,49.1618,49.23
2012-07-23,48.49001,48.8,48.2,48.64
2012-07-24,48.69,48.69,47.78,48.11
2012-07-25,48.21001,48.446,47.894,48.13
2012-07-26,48.85001,49.09,48.59,48.97
2012-07-27,49.28999,50.17,49.2,49.99001
2012-07-30,49.94,50.1723,49.72,49.94
2012-07-31,49.91,50,49.58,49.58
2012-08-01,49.89,49.89,49.35001,49.39999
2012-08-02,48.95,49.42799,48.62,49.02
2012-08-03,49.74001,50.19,49.74001,50.05
2012-08-06,50.32001,50.45,50.22,50.28999
2012-08-07,50.44,51.02,50.44,50.78999
2012-08-08,50.57001,50.95599,50.57001,50.92999
2012-08-09,50.78999,51.11011,50.78999,51.00999
2012-08-10,50.75999,51.11,50.71001,51.08
2012-08-13,51,51.10001,50.7224,51.02
2012-08-14,51.17,51.27991,50.78,50.92
2012-08-15,50.82001,51.17999,50.82001,51.11
2012-08-16,51.23,51.61,51.08,51.55
2012-08-17,51.59,51.7,51.53,51.64999
2012-08-20,51.60001,51.63,51.33009,51.60001
2012-08-21,51.71001,52,51.42999,51.55
2012-08-22,51.36,51.55679,51.17999,51.48
2012-08-23,51.33,51.35001,50.88,51.00999
2012-08-24,50.86,51.36011,50.79201,51.28
2012-08-27,51.36,51.44,51.14,51.17999
2012-08-28,51.12,51.36,51,51.14999
2012-08-29,51.23,51.35989,51.0312,51.27
2012-08-30,51.00999,51.03,50.70399,50.87
2012-08-31,51.16,51.34,50.85001,51.10001
2012-09-04,51.06,51.23,50.7,51.06
2012-09-05,51.07001,51.19,50.87,51.00999
2012-09-06,51.3,52.138,51.3,52.11
2012-09-07,52.25,52.47,52.21001,52.47
2012-09-10,52.41,52.57001,52.2,52.2
2012-09-11,52.25999,52.61,52.25,52.49001
2012-09-12,52.67,52.78,52.53,52.69
2012-09-13,52.67999,53.61,52.48019,53.46001
2012-09-14,53.59,54.21001,53.59,53.87
2012-09-17,53.8,53.8,53.36,53.48
2012-09-18,53.44,53.44,53.17,53.31
2012-09-19,53.35001,53.5499,53.2292,53.42999
2012-09-20,53.22,53.30991,52.86,53.28999
2012-09-21,53.31,53.38,53.03999,53.06
2012-09-24,52.89,53.02,52.74249,52.89
2012-09-25,52.95,53.032,52.14999,52.21001
2012-09-26,52.13,52.17,51.64999,51.88
2012-09-27,52.06,52.48,51.94,52.35001
2012-09-28,52.17999,52.35899,51.914,52.17999
2012-10-01,52.39999,52.78,52.14999,52.25
2012-10-02,52.45,52.53999,52.13,52.35001
2012-10-03,52.5,52.63,52.17999,52.46001
2012-10-04,52.67,52.968,52.60001,52.92999
2012-10-05,53.22,53.37,52.83,52.97
2012-10-08,52.75,52.98,52.73,52.85001
2012-10-09,52.85001,52.89999,52.32001,52.35001
2012-10-10,52.33,52.35001,51.91,51.99001
2012-10-11,52.28999,52.57001,52.2,52.21001
2012-10-12,52.22,52.38,51.8588,51.96001
2012-10-15,52.03999,52.39,51.8602,52.34
2012-10-16,52.55,52.98,52.55,52.95
2012-10-17,53,53.28999,52.92999,53.24001
2012-10-18,53.17999,53.42,53.06,53.25999
2012-10-19,53.12,53.12,52.244,52.41
2012-10-22,52.35001,52.59,52,52.37
2012-10-23,51.75,51.95,51.35361,51.75
2012-10-24,51.95,52.02,51.42999,51.5
2012-10-25,51.84,52,51.38,51.7
2012-10-26,51.67,51.89,51.34599,51.64999
2012-10-31,51.84,52.03,51.50999,51.75
2012-11-01,51.88,52.49001,51.81,52.4899
2012-11-02,52.74001,52.77,51.96001,51.98
2012-11-05,51.89999,52.24001,51.75999,52.17
2012-11-06,52.3,52.81,52.27,52.63
2012-11-07,52.13,52.14999,51.23,51.56
2012-11-08,51.46001,51.7,50.86,50.88
2012-11-09,50.67,51.3699,50.66,50.91
2012-11-12,51.00999,51.08,50.81,50.95
2012-11-13,50.63,51.31,50.61011,50.78999
2012-11-14,51,51.06,50,50.10001
2012-11-15,50.12,50.35001,49.85001,50.10001
2012-11-16,50.07001,50.46001,49.78999,50.39
2012-11-19,50.92999,51.3,50.89,51.3
2012-11-20,51.21001,51.39,50.94,51.33
2012-11-21,51.37,51.46001,51.25,51.45
2012-11-23,51.64,52.07001,51.6212,52.07001
2012-11-26,51.88,51.95,51.666,51.92
2012-11-27,51.91,52.09,51.7,51.72
2012-11-28,51.57001,52.17999,51.27,52.17999
2012-11-29,52.32001,52.5,52.11,52.35001
2012-11-30,52.42,52.48199,52.24001,52.41
2012-12-03,52.67999,52.72,52.12151,52.19
2012-12-04,52.19,52.3201,51.97501,52.14
2012-12-05,52.25999,52.52,51.92999,52.35001
2012-12-06,52.34,52.52,52.22,52.5
2012-12-07,52.74001,52.799,52.49001,52.75999
2012-12-10,52.64999,52.94,52.64999,52.88
2012-12-11,53.03999,53.34,52.9901,53.17999
2012-12-12,53.31,53.59,53.14,53.21001
2012-12-13,53.21001,53.39,52.78999,52.94
2012-12-14,52.8,53.01981,52.78,52.84
2012-12-17,53.00999,53.47,53.00999,53.47
2012-12-18,53.58,54.17,53.45,54.14
2012-12-19,54.24001,54.28999,53.86099,53.88
2012-12-20,53.98,54.16,53.74001,54.14
2012-12-21,53.3,53.506,53.112,53.45
2012-12-24,53.25,53.34,53.17999,53.27
2012-12-26,53.33,53.42,52.9201,52.97
2012-12-27,53.02,53.07899,52.27,52.86
2012-12-28,52.56,52.83,52.32001,52.32001
2012-12-31,52.31,53.32001,52.17999,53.32001
2013-01-02,54.37,54.62,54.11,54.62
2013-01-03,54.58,54.87,54.4491,54.57001
2013-01-04,54.71001,55.05,54.59399,55.00999
2013-01-07,54.85001,54.85001,54.61,54.8
2013-01-08,54.67999,54.7,54.33,54.57001
2013-01-09,54.62,54.85001,54.62,54.75999
2013-01-10,54.95,55.112,54.75,55.09
2013-01-11,55.12,55.14999,54.88,55.11
2013-01-14,55.11,55.16,54.88,55.14
2013-01-15,54.95,55.39999,54.84,55.37
2013-01-16,55.24001,55.34979,55.13,55.28999
2013-01-17,55.55,55.91901,55.4301,55.78
2013-01-18,55.83,55.98,55.60899,55.94
2013-01-22,55.99001,56.35001,55.85001,56.35001
2013-01-23,56.39,56.39,56.12,56.28999
2013-01-24,56.38,56.78,56.3315,56.53999
2013-01-25,56.74001,56.95,56.59,56.95
2013-01-28,56.92999,57.008,56.64,56.82001
2013-01-29,56.78999,57.0135,56.646,56.98
2013-01-30,56.96001,57.09,56.74001,56.81
2013-01-31,56.77,56.92599,56.59,56.78999
2013-02-01,57.17,57.368,57.05,57.31
2013-02-04,57.03999,57.11,56.6545,56.74001
2013-02-05,57.02,57.37,56.92,57.22
2013-02-06,57.08,57.41,57,57.41
2013-02-07,57.46001,57.46001,56.88,57.28999
2013-02-08,57.3,57.60001,57.3,57.57001
2013-02-11,57.64,57.64,57.42,57.59
2013-02-12,57.64999,57.85001,57.60001,57.78
2013-02-13,57.92999,57.99001,57.677,57.78999
2013-02-14,57.71001,57.967,57.5901,57.92999
2013-02-15,58,58.039,57.64999,57.88
2013-02-19,58.02,58.28,57.94,58.28
2013-02-20,58.25,58.28,57.31,57.35001
2013-02-21,57.2,57.2,56.621,56.82001
2013-02-22,57.11,57.41,57.05,57.38
2013-02-25,57.77,57.82001,56.24001,56.24001
2013-02-26,56.59,56.6741,56.07001,56.62
2013-02-27,56.56,57.58,56.56,57.41
2013-02-28,57.36,57.82001,57.34,57.34
2013-03-01,57.21001,57.6268,56.85001,57.58
2013-03-04,57.59,57.82001,57.28,57.8
2013-03-05,58.08,58.52,58.08,58.41
2013-03-06,58.62,58.7,58.39,58.47
2013-03-07,58.53,58.67999,58.519,58.64
2013-03-08,58.94,59.06,58.62601,59.02
2013-03-11,59.02,59.23,58.89999,59.2
2013-03-12,59.17,59.28,58.97,59.19
2013-03-13,59.24001,59.41,59.03,59.34
2013-03-14,59.44,59.728,59.44,59.67999
2013-03-15,59.49001,59.49001,59.22701,59.39999
2013-03-18,58.75,59.27,58.74001,59.00999
2013-03-19,59.14,59.19,58.39,58.77
2013-03-20,59.12,59.38901,59.03999,59.27
2013-03-21,59.03,59.16,58.64,58.74001
2013-03-22,58.95,59.08,58.8455,59.03999
2013-03-25,59.28999,59.38,58.63,58.92
2013-03-26,59.07001,59.35001,59.03,59.35001
2013-03-27,59.03999,59.39,58.85001,59.35001
2013-03-28,59.36,59.7498,59.28999,59.64
2013-04-01,59.7,59.74001,59.144,59.33
2013-04-02,59.4821,59.64,59.2,59.33
2013-04-03,59.42,59.44,58.49001,58.66
2013-04-04,58.71001,59,58.6602,58.97
2013-04-05,58.25,58.81,58.08,58.75999
2013-04-08,58.84,59.27,58.6102,59.27
2013-04-09,59.39999,59.67,59.14,59.49001
2013-04-10,59.64999,60.24001,59.6499,60.2
2013-04-11,60.25999,60.7034,60.25,60.5
2013-04-12,60.31,60.36,59.91,60.25
2013-04-15,60.03,60.045,58.62,58.64999
2013-04-16,59.02,59.53,58.89999,59.53
2013-04-17,59.05,59.08,58.23,58.55
2013-04-18,58.64999,58.7599,58.03081,58.27
2013-04-19,58.44,58.83,58.244,58.8
2013-04-22,58.87,59.17999,58.42,59.06
2013-04-23,59.37,59.7099,59.12,59.67
2013-04-24,59.74001,60.019,59.71001,59.95
2013-04-25,60.19,60.59,60.00999,60.28
2013-04-26,60.22,60.27,59.87,60.08
2013-04-29,60.23,60.53999,60.12,60.42
2013-04-30,60.46001,60.64999,60.14,60.64999
2013-05-01,60.50999,60.57001,60.00999,60.03
2013-05-02,60.22,60.71001,60.22,60.64999
2013-05-03,61.1626,61.59,61.1501,61.37
2013-05-06,61.42999,61.6498,61.37,61.58
2013-05-07,61.73,61.97,61.55,61.97
2013-05-08,61.91,62.27,61.866,62.27
2013-05-09,62.22,62.3799,61.96001,62.09
2013-05-10,62.14,62.49001,62.05009,62.48
2013-05-13,62.44,62.53,62.17,62.39999
2013-05-14,62.41,63.186,62.41,63.13
2013-05-15,63,63.6382,62.9971,63.53999
2013-05-16,63.45,63.57899,63.03,63.14
2013-05-17,63.41,63.8799,63.29179,63.868
2013-05-20,63.82001,64.14,63.78999,63.89999
2013-05-21,63.97,64.17,63.72,63.96001
2013-05-22,64.07001,64.55,62.89999,63.17
2013-05-23,62.53,63.19,62.35001,63.08
2013-05-24,62.75999,62.908,62.386,62.87
2013-05-28,63.62,63.86,63.08,63.31
2013-05-29,63.03,63.08,62.52,62.86
2013-05-30,62.89999,63.44,62.88029,63.16
2013-05-31,62.98,63.369,62.27,62.28
2013-06-03,62.41,62.509,61.741,62.42999
2013-06-04,62.42,62.72099,61.7701,62.14
2013-06-05,62,62.00999,61.13,61.23
2013-06-06,61.22,61.8,60.88139,61.8
2013-06-07,62.2308,62.72,62,62.67999
2013-06-10,62.84,62.92,62.44,62.64999
2013-06-11,62.24001,62.54781,61.81,61.96001
2013-06-12,62.38,62.45,61.31,61.35001
2013-06-13,61.35001,62.57001,61.27,62.45
2013-06-14,62.42,62.69679,61.961,62.12
2013-06-17,62.53999,62.853,62.28,62.64
2013-06-18,62.60001,63.21001,62.60001,63.13
2013-06-19,63.062,63.13,62.2,62.21001
2013-06-20,61.5,61.61,60.4301,60.63
2013-06-21,60.77,60.91901,59.83,60.5
2013-06-24,59.92999,60.25,59.17999,59.75
2013-06-25,60.39999,60.62,59.92999,60.4399
2013-06-26,61.05,61.14999,60.67,60.98
2013-06-27,61.38,61.726,61.37,61.56
2013-06-28,61.45,61.7,61.07001,61.27
2013-07-01,61.64999,62.14999,61.64999,61.81
2013-07-02,61.73,62.03999,61.3615,61.64999
2013-07-03,61.39999,61.75999,61.24001,61.60001
2013-07-05,62.06,62.3,61.57001,62.3
2013-07-08,62.67999,62.76601,62.5,62.58
2013-07-09,63.05,63.17999,62.78,63.11
2013-07-10,63.07001,63.32001,62.91,63.2
2013-07-11,64.03,64.14999,63.77,64.12
2013-07-12,64.13,64.31,64.00101,64.28
2013-07-15,64.39,64.49001,64.22,64.42999
2013-07-16,64.53,64.5388,63.89,64.11
2013-07-17,64.28,64.45,64.16,64.25999
2013-07-18,64.48,64.8351,64.425,64.73
2013-07-19,64.63,64.88,64.55299,64.85001
2013-07-22,65,65.10001,64.825,64.99001
2013-07-23,65.13,65.16,64.78999,64.84
2013-07-24,65.05,65.06979,64.25,64.38
2013-07-25,64.28999,64.73,64.22099,64.72
2013-07-26,64.44,64.71001,64.13,64.7
2013-07-29,64.57001,64.7,64.28,64.47
2013-07-30,64.66,64.75,64.42,64.60001
2013-07-31,64.77,65.2,64.644,64.72
2013-08-01,65.3,65.75999,65.25999,65.67
2013-08-02,65.61,65.81,65.4399,65.77
2013-08-05,65.67999,65.80991,65.58,65.72
2013-08-06,65.57001,65.6436,65.13,65.31
2013-08-07,65.17,65.17,64.748,64.98
2013-08-08,65.28,65.5,64.97,65.36
2013-08-09,65.21001,65.532,65.07001,65.28
2013-08-12,65.02,65.319,65,65.23
2013-08-13,65.36,65.46001,64.935,65.31
2013-08-14,65.27,65.34,64.96001,64.97
2013-08-15,64.48,64.48,63.87,63.98
2013-08-16,63.84,64.10001,63.6599,63.78999
2013-08-19,63.7,63.84,63.25999,63.27
2013-08-20,63.31,63.99001,63.31,63.78
2013-08-21,63.61,63.86,63.16,63.34
2013-08-22,63.41,64.13,63.41,64
2013-08-23,64.10001,64.2794,63.86,64.22
2013-08-26,64.32001,64.48,63.94,64.00999
2013-08-27,63.34,63.45,62.77,62.81
2013-08-28,62.84,63.20461,62.64999,62.98
2013-08-29,62.73,63.42,62.73,63.16
2013-08-30,63.27,63.27,62.7,62.83
2013-09-03,63.53,63.77,62.89,63.2
2013-09-04,63.23,63.89,63.10001,63.78999
2013-09-05,63.82001,64.10001,63.8,63.96001
2013-09-06,64.21001,64.39,63.44,64.02
2013-09-09,64.22,64.8,64.2,64.77
2013-09-10,65.19,65.33,65.03999,65.33
2013-09-11,65.28,65.53,65.114,65.52
2013-09-12,65.57001,65.60001,65.198,65.24001
2013-09-13,65.32001,65.45,65.14,65.45
2013-09-16,66.27,66.33,65.81,65.91
2013-09-17,66.05,66.23,66.02,66.22
2013-09-18,66.24001,67.14,65.97,67.03
2013-09-19,67.23,67.27,66.78,66.87
2013-09-20,66.78999,66.7999,66.03,66.09
2013-09-23,65.98,65.99001,65.5,65.75
2013-09-24,65.75,66.1042,65.5,65.75
2013-09-25,65.82001,65.92101,65.53,65.58
2013-09-26,65.69,65.9899,65.55,65.8
2013-09-27,65.52,65.55991,65.31,65.39999
2013-09-30,64.91,65.34,64.67999,65.2
2013-10-01,65.31,65.78,65.24001,65.73
2013-10-02,65.39,65.71001,65.14,65.71001
2013-10-03,65.56,65.61,64.73,65.12
2013-10-04,65.17999,65.74001,65.03999,65.63
2013-10-07,65.05,65.44,64.97,65.05
2013-10-08,65.03999,65.14999,64.17,64.19
2013-10-09,64.38,64.46989,63.78999,64.2
2013-10-10,64.94,65.67999,64.77,65.64999
2013-10-11,65.53999,66.11,65.46001,66.08
2013-10-14,65.7,66.33,65.57001,66.28999
2013-10-15,66.11,66.27,65.58,65.7
2013-10-16,66.17999,66.63,66.0033,66.63
2013-10-17,66.44,67.24001,66.36,67.2
2013-10-18,67.52,67.62,67.21001,67.50999
2013-10-21,67.64,67.64999,67.341,67.53999
2013-10-22,67.78,68.17999,67.67,68.00999
2013-10-23,67.75999,67.81,67.36,67.63
2013-10-24,67.73,67.8499,67.5,67.82001
2013-10-25,67.89999,68.16,67.76401,68.16
2013-10-28,68.22,68.26,67.98,68.17
2013-10-29,68.35,68.62,68.271,68.62
2013-10-30,68.69,68.72,67.88,68.12
2013-10-31,67.98,68.389,67.81,67.99
2013-11-01,68.21,68.35,67.772,68.2
2013-11-04,68.29,68.58,68.27,68.56
2013-11-05,68.36,68.4468,67.971,68.3
2013-11-06,68.61,68.6799,68.22,68.43
2013-11-07,68.5,68.65,67.374,67.46
2013-11-08,67.46,68.33,67.3912,68.33
2013-11-11,68.32,68.4899,68.23,68.435
2013-11-12,68.33,68.39,68.02,68.24
2013-11-13,67.99,68.895,67.88,68.895
2013-11-14,68.98,69.3,68.82,69.26
2013-11-15,69.43,69.55,69.24,69.55
2013-11-18,69.73,69.73,69,69.17
2013-11-19,69.16,69.26,68.73,68.86
2013-11-20,69.05,69.2302,68.46,68.67
2013-11-21,68.88,69.32,68.8,69.265
2013-11-22,69.33,69.56,69.15,69.55
2013-11-25,69.74,69.74,69.3001,69.4
2013-11-26,69.47,69.64,69.35,69.46
2013-11-27,69.57,69.6555,69.44,69.61
2013-11-29,69.77,69.789,69.439,69.5
2013-12-02,69.53,69.7453,69.26,69.35
2013-12-03,69.18,69.31,68.83,69.11
2013-12-04,68.81,69.3378,68.43,69
2013-12-05,68.87,69.0199,68.6833,68.76
2013-12-06,69.49,69.583,69.24,69.54
2013-12-09,69.81,69.826,69.5256,69.61
2013-12-10,69.47,69.769,69.405,69.45
2013-12-11,69.5,69.5,68.46,68.55
2013-12-12,68.51,68.66,68.234,68.41
2013-12-13,68.54,68.73,68.3475,68.48
2013-12-16,68.83,69.139,68.83,68.98
2013-12-17,69,69.05,68.63,68.9
2013-12-18,69,69.93,68.3501,69.92
2013-12-19,69.74,69.92,69.5325,69.81
2013-12-20,69.71,70.2298,69.62,70.12
2013-12-23,70.41,70.5,70.28,70.46
2013-12-24,70.52,70.72,70.47,70.68
2013-12-26,70.9,70.97,70.79,70.92
2013-12-27,71.07,71.07,70.87,70.94
2013-12-30,71,71.08,70.92,71.07
2013-12-31,71.23,71.35,71.06,71.25
2014-01-02,71.04,71.0799,70.38,70.6
2014-01-03,70.74,70.85,70.4801,70.54
2014-01-06,70.68,70.8899,70.26,70.32
2014-01-07,70.56,70.87,70.49,70.74
2014-01-08,70.8,70.93,70.54,70.85
2014-01-09,71.08,71.12,70.58,70.93
2014-01-10,71,71.26,70.87,71.24
2014-01-13,71.14,71.254,70.11,70.22
2014-01-14,70.48,71.06,70.34,71.03
2014-01-15,71.19,71.388,71.09,71.29
2014-01-16,71.2,71.22,70.94,71.22
2014-01-17,71.18,71.256,70.865,70.98
2014-01-21,71.4,71.44,70.81,71.2
2014-01-22,71.3,71.45,71.15,71.37
2014-01-23,71.13,71.13,70.3406,70.67
2014-01-24,70.2,70.2,69.02,69.04
2014-01-27,69.02,69.33,68.324,68.71
2014-01-28,68.96,69.421,68.9545,69.33
2014-01-29,68.85,69.2,68.56,68.7
2014-01-30,69.27,69.66,69.0993,69.47
2014-01-31,68.71,69.56,68.61,69.14
2014-02-03,68.99,69.1426,67.348,67.44
2014-02-04,67.8,68.1599,67.46,68
2014-02-05,67.82,68.015,67.23,67.88
2014-02-06,68.1,68.87,67.9701,68.86
2014-02-07,69.2,69.76,68.96,69.71
2014-02-10,69.72,69.86,69.48,69.83
2014-02-11,69.9,70.68,69.8518,70.54
2014-02-12,70.73,70.93,70.51,70.63
2014-02-13,70.2,71.12,70.082,71.07
2014-02-14,71.03,71.5,70.89,71.43
2014-02-18,71.59,71.75,71.34,71.69
2014-02-19,71.56,72.03,71.2844,71.37
2014-02-20,71.42,71.9899,71.21,71.88
2014-02-21,72.03,72.19,71.85,71.92
2014-02-24,72.06,72.815,72.06,72.3
2014-02-25,72.36,72.53,71.99,72.24
2014-02-26,72.22,72.6499,72.17,72.33
2014-02-27,72.26,72.66,72.18,72.63
2014-02-28,72.66,73.14,72.38,72.83
2014-03-03,72.26,72.5099,71.87,72.32
2014-03-04,73.14,73.51,73.06,73.4
2014-03-05,73.45,73.51,73.28,73.36
2014-03-06,73.6,73.72,73.47,73.55
2014-03-07,73.84,73.87,73.26,73.55
2014-03-10,73.46,73.5304,73.02,73.38
2014-03-11,73.52,73.64,72.83,73
2014-03-12,72.64,73.04,72.441,73.03
2014-03-13,73.28,73.28,71.99,72.2
2014-03-14,72.07,72.54,72,72.16
2014-03-17,72.58,72.92,72.42,72.76
2014-03-18,72.92,73.38,72.86,73.32
2014-03-19,73.49,73.49,72.48,72.92
2014-03-20,72.74,73.31,72.61,73.23
2014-03-21,73.33,73.54,72.7799,72.84
2014-03-24,73.03,73.19,72.06,72.32
2014-03-25,72.68,72.87,72.2199,72.56
2014-03-26,72.86,72.99,71.99,72
2014-03-27,71.9,72.144,71.59,71.86
2014-03-28,72.08,72.6482,72.02,72.33
2014-03-31,72.8,73.09,72.7149,72.99
2014-04-01,73.29,73.61,73.182,73.6
2014-04-02,73.73,73.99,73.51,73.89
2014-04-03,74.03,74.05,73.55,73.8
2014-04-04,74.19,74.3,72.821,72.96
2014-04-07,72.81,72.89,71.8001,71.99
2014-04-08,71.99,72.4999,71.72,72.38
2014-04-09,72.58,73.08,72.3521,73.08
2014-04-10,73.08,73.1299,71.4537,71.55
2014-04-11,71.15,71.5499,70.631,70.74
2014-04-14,71.17,71.5187,70.79,71.366
2014-04-15,71.51,71.86,70.75,71.82
2014-04-16,72.34,72.56,72,72.56
2014-04-17,72.56,72.85,72.37,72.69
2014-04-21,72.72,72.8899,72.54,72.88
2014-04-22,72.96,73.41,72.91,73.21
2014-04-23,73.2,73.35,73.0601,73.15
2014-04-24,73.48,73.5,72.924,73.25
2014-04-25,73.01,73.0199,72.42,72.58
2014-04-28,72.82,72.986,71.85,72.56
2014-04-29,72.84,72.9598,72.6,72.88
2014-04-30,72.74,73.27,72.69,73.27
2014-05-01,73.27,73.4999,72.966,73.3
2014-05-02,73.3,73.706,73.18,73.25
2014-05-05,72.95,73.39,72.66,73.35
2014-05-06,73.23,73.2763,72.73,72.73
2014-05-07,72.97,73.2,72.42,73.17
2014-05-08,73.04,73.72,72.8201,73.07
2014-05-09,73.1,73.18,72.7101,73.18
2014-05-12,73.49,74.02,73.45,73.99
2014-05-13,74.08,74.238,73.91,73.96
2014-05-14,73.93,73.947,73.45,73.53
2014-05-15,73.44,73.44,72.4,72.9
2014-05-16,72.91,73.2,72.63,73.2
2014-05-19,73.1,73.51,72.96,73.47
2014-05-20,73.38,73.38,72.66,72.83
2014-05-21,73.09,73.38,72.99,73.36
2014-05-22,73.42,73.769,73.28,73.58
2014-05-23,73.67,73.97,73.59,73.96
2014-05-27,74.27,74.4299,74.2,74.39
2014-05-28,74.51,74.53,74.18,74.31
2014-05-29,74.53,74.75,74.2866,74.75
2014-05-30,74.7,74.87,74.5858,74.85
2014-06-02,74.96,75.02,74.58,74.98
2014-06-03,74.82,75,74.72,74.96
2014-06-04,74.8,75.2299,74.764,75.19
2014-06-05,75.36,75.76,74.9501,75.7
2014-06-06,75.89,76.16,75.82,76.1
2014-06-09,76.12,76.44,76.03,76.21
2014-06-10,76.11,76.11,75.8725,76.07
2014-06-11,75.8,75.87,75.62,75.8
2014-06-12,75.71,75.79,75.15,75.36
2014-06-13,75.42,75.67,75.2,75.617
2014-06-16,75.56,75.86,75.48,75.75
2014-06-17,75.67,76.1499,75.59,76.1
2014-06-18,76.13,76.69,75.95,76.67
2014-06-19,76.77,76.814,76.4799,76.78
2014-06-20,76.73,76.73,76.55,76.73
2014-06-23,76.75,76.81,76.5557,76.66
2014-06-24,76.56,76.9,76.11,76.11
2014-06-25,76,76.53,75.95,76.47
2014-06-26,76.55,76.55,75.95,76.48
2014-06-27,76.3,76.68,76.3,76.68
2014-06-30,76.63,76.78,76.55,76.71
2014-07-01,76.87,77.36,76.87,77.11
2014-07-02,77.18,77.2,76.97,77.06
2014-07-03,77.33,77.5,77.22,77.5
2014-07-07,77.38,77.38,76.95,77
2014-07-08,76.9,76.97,76.37,76.6
2014-07-09,76.77,76.95,76.63,76.91
2014-07-10,76.1,76.74,76.04,76.55
2014-07-11,76.46,76.63,76.28,76.57
2014-07-14,76.96,76.999,76.7882,76.84
2014-07-15,76.88,77.05,76.34,76.65
2014-07-16,76.97,77.02,76.63,76.91
2014-07-17,76.64,76.88,75.88,75.98
2014-07-18,76.21,76.78,76.16,76.72
2014-07-21,76.49,76.63,76.2199,76.56
2014-07-22,76.86,77.05,76.81,76.9
2014-07-23,76.96,77,76.72,76.93
2014-07-24,77.03,77.17,76.91,77.09
2014-07-25,76.89,76.97,76.63,76.74
2014-07-28,76.81,76.86,76.3534,76.75
2014-07-29,76.92,77.0299,76.39,76.39
2014-07-30,76.66,76.8112,76.09,76.38
2014-07-31,75.88,75.957,74.9101,74.92
2014-08-01,74.8,75.21,74.332,74.76
2014-08-04,74.8,75.38,74.52,75.28
2014-08-05,74.96,75.28,74.39,74.59
2014-08-06,74.29,74.924,74.22,74.6
2014-08-07,74.96,74.99,74.0199,74.18
2014-08-08,74.29,75.2,74.19,75.17
2014-08-11,75.47,75.7385,75.37,75.39
2014-08-12,75.34,75.53,75.03,75.23
2014-08-13,75.45,75.76,75.33,75.73
2014-08-14,75.81,76.09,75.72,76.09
2014-08-15,76.38,76.44,75.546,76.06
2014-08-18,76.5,76.74,76.445,76.73
2014-08-19,76.89,77.16,76.87,77.14
2014-08-20,77.03,77.47,77.001,77.41
2014-08-21,77.47,77.63,77.33,77.54
2014-08-22,77.5,77.58,77.22,77.41
2014-08-25,77.86,77.9,77.64,77.79
2014-08-26,77.87,78.0499,77.81,77.86
2014-08-27,77.92,77.96,77.681,77.82
2014-08-28,77.52,77.84,77.4101,77.79
2014-08-29,77.96,78.0899,77.71,78.07
2014-09-02,78.21,78.23,77.77,78.01
2014-09-03,78.31,78.37,77.99,78.07
2014-09-04,78.19,78.48,77.77,77.97
2014-09-05,77.9,78.33,77.67,78.32
2014-09-08,78.21,78.35,77.8267,78.09
2014-09-09,78.05,78.13,77.3801,77.53
2014-09-10,77.61,77.72,77.221,77.69
2014-09-11,77.4,77.84,77.36,77.83
2014-09-12,77.75,77.75,77.03,77.27
2014-09-15,77.27,77.27,76.915,77.1
2014-09-16,77.03,77.7899,76.953,77.63
2014-09-17,77.79,78.07,77.34,77.7
2014-09-18,77.96,78.019,77.8,77.99
2014-09-19,77.96,78.06,77.37,77.55
2014-09-22,77.41,77.53,76.71,76.83
2014-09-23,76.59,76.86,76.27,76.29
2014-09-24,76.34,76.92,76.09,76.89
2014-09-25,76.7,76.7,75.7,75.75
2014-09-26,75.85,76.431,75.77,76.28
2014-09-29,75.7,76.2799,75.54,76.14
2014-09-30,76.28,76.36,75.68,75.79
2014-10-01,75.73,75.8,74.624,74.78
2014-10-02,74.72,75.1051,73.97,74.86
2014-10-03,75.39,75.77,75.119,75.6
2014-10-06,75.93,76.058,75.23,75.48
2014-10-07,75.14,75.25,74.25,74.26
2014-10-08,74.36,75.578,73.86,75.5
2014-10-09,75.31,75.4174,73.8,73.82
2014-10-10,73.84,74.16,72.92,72.92
2014-10-13,72.92,73.21,71.63,71.68
2014-10-14,72.01,72.87,71.82,72.07
2014-10-15,71.25,72.02,70.01,71.79
2014-10-16,70.53,72.48,70.261,72.02
2014-10-17,72.95,73.26,72.41,72.82
2014-10-20,72.78,73.61,72.7085,73.59
2014-10-21,74.04,75.2,73.96,75.12
2014-10-22,75.3,75.49,74.459,74.49
2014-10-23,75.21,75.88,75.105,75.38
2014-10-24,75.42,75.979,75.16,75.92
2014-10-27,75.73,75.9,75.3,75.79
2014-10-28,76.11,76.75,75.9232,76.75
2014-10-29,76.86,77.0499,76.0405,76.59
2014-10-30,76.4,77.36,76.34,77.14
2014-10-31,78.14,78.19,77.6505,78.08
2014-11-03,78.26,78.45,77.94,78.1
2014-11-04,77.93,77.9799,77.368,77.71
2014-11-05,78.27,78.349,77.96,78.31
2014-11-06,78.37,78.69,78.03,78.66
2014-11-07,78.67,78.86,78.4364,78.76
2014-11-10,78.81,79.0199,78.7245,78.96
2014-11-11,79.03,79.09,78.823,78.98
2014-11-12,78.73,79.0701,78.6868,78.99
2014-11-13,79.08,79.1699,78.52,78.84
2014-11-14,78.87,78.9899,78.66,78.88
2014-11-17,78.69,79.05,78.67,78.99
2014-11-18,79.06,79.61,79.02,79.49
2014-11-19,79.4,79.49,79,79.32
2014-11-20,78.99,79.67,78.95,79.6
2014-11-21,80.41,80.469,79.83,80.08
2014-11-24,80.32,80.39,80.18,80.36
2014-11-25,80.47,80.58,80.1,80.3
2014-11-26,80.36,80.44,80.17,80.35
2014-11-28,80.32,80.4,80.04,80.16
2014-12-01,79.82,79.91,79.34,79.53
2014-12-02,79.51,80.02,79.45,79.96
2014-12-03,80.04,80.52,79.92,80.44
2014-12-04,80.34,80.52,79.9628,80.27
2014-12-05,80.39,80.5539,80.21,80.42
2014-12-08,80.28,80.48,79.571,79.82
2014-12-09,79.06,79.95,78.971,79.9
2014-12-10,79.71,79.719,78.4777,78.59
2014-12-11,78.79,79.675,78.79,78.99
2014-12-12,78.47,78.8,77.71,77.76
2014-12-15,78.17,78.36,76.98,77.37
2014-12-16,76.94,78.43,76.832,76.89
2014-12-17,77.15,78.62,77.04,78.47
2014-12-18,79.57,80.2,79.15,80.2
2014-12-19,80.22,80.5699,79.93,80.24
2014-12-22,80.42,80.57,80.13,80.57
2014-12-23,80.88,81.02,80.78,80.84
2014-12-24,80.9,81.03,80.802,80.85
2014-12-26,81.07,81.231,81.02,81.05
2014-12-29,80.97,81.38,80.96,81.27
2014-12-30,81.09,81.16,80.79,80.79
2014-12-31,81.03,81.03,79.9999,80.05
2015-01-02,80.38,80.55,79.46,80.03
2015-01-05,79.57,79.6,78.23,78.44
2015-01-06,78.51,78.73,77.18,77.59
2015-01-07,78.27,78.64,77.95,78.52
2015-01-08,79.19,79.97,79.1467,79.9
2015-01-09,80.07,80.08,78.948,79.25
2015-01-12,79.26,79.26,78.201,78.46
2015-01-13,79.03,79.56,77.63,78.26
2015-01-14,77.34,77.89,76.85,77.85
2015-01-15,78.15,78.36,77.07,77.13
2015-01-16,77.09,78.28,76.942,78.19
2015-01-20,78.43,78.55,77.51,78.23
2015-01-21,78.03,78.9252,77.86,78.77
2015-01-22,79.13,79.935,78.5,79.87
2015-01-23,79.79,79.86,79.39,79.44
2015-01-26,79.41,79.8426,79,79.83
2015-01-27,79.02,79.6152,78.66,79.19
2015-01-28,79.56,79.56,77.92,77.98
2015-01-29,78.1,78.84,77.44,78.7
2015-01-30,78.2,78.7799,77.66,77.712
2015-02-02,78.04,78.81,77.16,78.55
2015-02-03,79.12,80.16,79.04,80.16
2015-02-04,79.75,80.21,79.51,79.71
2015-02-05,80.07,80.66,80,80.65
2015-02-06,80.77,80.919,80.09,80.31
2015-02-09,80.08,80.3807,79.8369,80.03
2015-02-10,80.4,80.9,79.94,80.81
2015-02-11,80.66,80.93,80.34,80.73
2015-02-12,81.14,81.6,81.03,81.59
2015-02-13,81.62,81.95,81.53,81.91
2015-02-17,81.84,82.18,81.63,82.12
2015-02-18,81.95,82.216,81.82,82.2
2015-02-19,81.92,82.338,81.79,82.16
2015-02-20,82.02,82.62,81.61,82.61
2015-02-23,82.54,82.55,82.24,82.51
2015-02-24,82.53,82.741,82.33,82.659
2015-02-25,82.65,82.86,82.48,82.65
2015-02-26,82.61,82.67,82.08,82.31
2015-02-27,82.31,82.45,82.12,82.16
2015-03-02,82.27,82.6225,82.11,82.56
2015-03-03,82.4,82.43,81.9,82.25
2015-03-04,81.99,81.99,81.4,81.86
2015-03-05,82.03,82.0699,81.76,82.01
2015-03-06,81.58,81.708,80.6099,80.78
2015-03-09,80.75,81.11,80.75,80.98
2015-03-10,80.3,80.38,79.75,79.75
2015-03-11,79.84,79.97,79.5928,79.75
2015-03-12,79.96,80.8,79.92,80.77
2015-03-13,80.53,80.6034,79.69,80.21
2015-03-16,80.52,81.33,80.52,81.31
2015-03-17,80.98,81.1951,80.65,81.01
2015-03-18,80.83,82.4762,80.6403,82.16
2015-03-19,82.01,82.01,81.47,81.68
2015-03-20,81.87,82.37,81.74,82.15
2015-03-23,82.15,82.52,82.099,82.1
2015-03-24,82.01,82.14,81.59,81.61
2015-03-25,81.76,81.86,80.52,80.52
2015-03-26,80.23,80.71,79.9251,80.31
2015-03-27,80.24,80.69,80.23,80.66
2015-03-30,81.08,81.74,81.02,81.61
2015-03-31,81.21,81.6344,80.98,81.05
2015-04-01,80.99,80.99,80.33,80.84
2015-04-02,80.78,81.43,80.69,81.2
2015-04-06,80.8,82.03,80.78,81.83
2015-04-07,81.84,82.07,81.52,81.53
2015-04-08,81.58,81.96,81.37,81.8
2015-04-09,81.72,82.2,81.48,82.12
2015-04-10,82.2,82.36,82.08,82.34
2015-04-13,82.29,82.47,81.9238,81.93
2015-04-14,81.89,82.18,81.5972,82.15
2015-04-15,82.43,82.88,82.3645,82.66
2015-04-16,82.5,82.768,82.245,82.5
2015-04-17,82.09,82.09,81.26,81.57
2015-04-20,82.01,82.39,81.989,82.21
2015-04-21,82.48,82.578,81.95,82.11
2015-04-22,82.26,82.45,81.76,82.39
2015-04-23,82.16,82.91,82.16,82.65
2015-04-24,82.71,82.71,82.38,82.55
2015-04-27,82.77,82.85,82.0245,82.1
2015-04-28,82.04,82.33,81.531,82.33
2015-04-29,81.99,82.29,81.7,81.99
2015-04-30,81.83,81.96,81.04,81.38
2015-05-01,81.57,82.295,81.57,82.21
2015-05-04,82.45,82.66,82.29,82.5
2015-05-05,82.4,82.63,81.44,81.49
2015-05-06,81.78,81.89,80.76,81.21
2015-05-07,81.03,81.59,80.92,81.4
2015-05-08,82,82.506,82,82.4
2015-05-11,82.31,82.51,82.05,82.07
2015-05-12,81.77,82.06,81.37,81.83
2015-05-13,82.08,82.29,81.733,81.83
2015-05-14,82.34,82.54,82.1,82.5
2015-05-15,82.63,82.68,82.34,82.68
2015-05-18,82.6,83.05,82.55,82.99
2015-05-19,82.98,82.99,82.6427,82.81
2015-05-20,82.88,83.15,82.64,82.81
2015-05-21,82.78,83.14,82.7328,83.03
2015-05-22,82.86,83.09,82.82,82.89
2015-05-26,82.58,82.64,81.798,81.94
2015-05-27,82.13,82.73,81.96,82.61
2015-05-28,82.51,82.56,82.14,82.46
2015-05-29,82.39,82.5,81.88,81.97
2015-06-01,82.25,82.37,81.73,82.1
2015-06-02,81.89,82.43,81.702,82.11
2015-06-03,82.29,82.52,82.07,82.26
2015-06-04,81.94,82.11,81.4,81.52
2015-06-05,81.47,81.71,81.067,81.51
2015-06-08,81.45,81.58,80.97,80.99
2015-06-09,81.06,81.22,80.78,80.94
2015-06-10,81.29,82.03,81.22,81.86
2015-06-11,82.03,82.2354,81.92,82.03
2015-06-12,81.76,81.81,81.4335,81.52
2015-06-15,81,81.3,80.681,81.14
2015-06-16,81.02,81.5901,81.02,81.57
2015-06-17,81.76,81.99,81.26,81.76
2015-06-18,81.99,82.76,81.99,82.5
2015-06-19,82.08,82.19,81.78,81.78
2015-06-22,82.39,82.4999,82.1468,82.27
2015-06-23,82.4,82.43,82.07,82.21
2015-06-24,82.13,82.23,81.57,81.58
2015-06-25,81.82,81.82,81.23,81.26
2015-06-26,81.46,81.5,81.08,81.35
2015-06-29,80.63,80.96,79.54,79.6
2015-06-30,80.26,80.2867,79.55,79.8
2015-07-01,80.52,80.52,80,80.3
2015-07-02,80.47,80.66,80.06,80.27
2015-07-06,79.7,80.34,79.55,79.91
2015-07-07,80.02,80.6351,79.01,80.57
2015-07-08,79.97,80.1204,79.01,79.14
2015-07-09,79.92,80.2259,79.31,79.33
2015-07-10,80.12,80.33,79.81,80.19
2015-07-13,80.82,81.04,80.69,81
2015-07-14,81.07,81.37,80.91,81.24
2015-07-15,81.33,81.33,80.751,80.96
2015-07-16,81.3,81.48,81.24,81.46
2015-07-17,81.36,81.36,80.9,81.05
2015-07-20,81.1,81.1,80.81,80.89
2015-07-21,80.84,81.03,80.43,80.59
2015-07-22,80.4,80.755,80.4,80.61
2015-07-23,80.73,80.799,80.07,80.23
2015-07-24,80.2,80.2,79.201,79.34
2015-07-27,79.04,79.18,78.66,78.86
2015-07-28,79.19,79.935,78.7865,79.85
2015-07-29,79.89,80.58,79.8,80.52
2015-07-30,80.21,80.61,80.02,80.56
2015-07-31,80.81,80.94,80.481,80.57
2015-08-03,80.59,80.59,79.9,80.26
2015-08-04,80.3,80.56,79.9868,80.17
2015-08-05,80.59,81.0136,80.3,80.45
2015-08-06,80.44,80.45,79.51,79.91
2015-08-07,79.79,79.87,79.46,79.77
2015-08-10,80.28,80.93,80.28,80.9
2015-08-11,80.27,80.472,79.9,80.23
2015-08-12,79.65,80.48,79.09,80.37
2015-08-13,80.36,80.508,80.03,80.24
2015-08-14,80.11,80.5849,80.11,80.56
2015-08-17,80.25,81.01,80.06,80.97
2015-08-18,80.9,81.046,80.685,80.8
2015-08-19,80.41,80.7555,79.77,80.18
2015-08-20,79.63,79.74,78.49,78.52
2015-08-21,77.89,78.12,76.35,76.38
2015-08-24,71.39,75.57,43.77,73.33
2015-08-25,75.51,75.57,72.265,72.27
2015-08-26,74.29,74.7403,72.58,74.64
2015-08-27,75.61,76.73,75.15,76.56
2015-08-28,76.23,76.941,76.23,76.73
2015-08-31,76.41,76.75,75.88,76.17
2015-09-01,74.42,75.12,73.6,74
2015-09-02,74.84,75.2,74.09,75.18
2015-09-03,75.48,76.33,75.24,75.5
2015-09-04,74.75,74.86,74.02,74.35
2015-09-08,75.56,76.289,75.31,76.23
2015-09-09,76.9,76.99,75.13,75.26
2015-09-10,75.19,76.07,75.0135,75.53
2015-09-11,75.32,75.82,74.96,75.82
2015-09-14,75.85,75.85,75.33,75.5
2015-09-15,75.78,76.55,75.54,76.4
2015-09-16,76.45,77.26,76.41,77.18
2015-09-17,77.09,78.24,76.9,77.04
2015-09-18,75.7,76.28,75.23,75.37
2015-09-21,75.84,76.29,75.39,75.69
2015-09-22,74.68,74.9,74.1,74.55
2015-09-23,74.55,74.7636,74.0301,74.24
2015-09-24,73.74,74.18,73.0702,73.96
2015-09-25,74.53,74.68,73.59,74.01
2015-09-28,73.62,73.62,71.84,71.96
2015-09-29,71.97,72.58,71.61,72.02
2015-09-30,72.83,73.56,72.48,73.56
2015-10-01,73.6,73.745,72.5935,73.4
2015-10-02,72.66,74.62,72.3255,74.62
2015-10-05,75.07,76.24,75.07,76.15
2015-10-06,76.06,76.3399,75.641,75.93
2015-10-07,76.39,76.88,75.88,76.71
2015-10-08,76.56,77.8064,76.47,77.63
2015-10-09,77.73,77.8654,77.35,77.61
2015-10-12,77.61,77.61,77.28,77.49
2015-10-13,77.12,77.7,76.78,76.86
2015-10-14,76.9,77.18,76.47,76.59
2015-10-15,76.74,77.6,76.48,77.59
2015-10-16,77.7,77.7301,77.21,77.7
2015-10-19,77.48,77.65,77.23,77.59
2015-10-20,77.41,78.0001,77.41,77.7
2015-10-21,77.86,77.9996,77.04,77.09
2015-10-22,77.5,78.45,77.46,78.28
2015-10-23,78.69,78.6904,78.102,78.59
2015-10-26,78.5,78.58,78.18,78.3
2015-10-27,78.02,78.03,77.515,77.92
2015-10-28,78,78.86,77.8153,78.84
2015-10-29,78.64,78.8997,78.48,78.74
2015-10-30,78.86,79.19,78.59,78.7
2015-11-02,78.91,79.82,78.7601,79.73
2015-11-03,79.53,80.1737,79.5,79.86
2015-11-04,80.03,80.09,79.33,79.59
2015-11-05,79.58,79.75,79.04,79.47
2015-11-06,79.54,79.54,78.73,79.33
2015-11-09,79.16,79.18,78.13,78.57
2015-11-10,78.34,78.83,78.26,78.83
2015-11-11,78.95,78.95,78.31,78.36
2015-11-12,77.88,78.0733,77.14,77.17
2015-11-13,76.95,77.1,76.29,76.34
2015-11-16,76.26,77.56,76.25,77.53
2015-11-17,77.68,78.067,77.21,77.36
2015-11-18,77.67,78.68,77.62,78.59
2015-11-19,78.55,78.74,78.36,78.51
2015-11-20,78.82,79.07,78.59,78.79
2015-11-23,78.84,79.1464,78.6,78.79
2015-11-24,78.44,79.19,78.22,79.05
2015-11-25,79.04,79.22,78.85,79.1
2015-11-27,79.03,79.2,78.85,79.08
2015-11-30,79.09,79.22,78.8449,78.94
2015-12-01,79.16,79.69,79.11,79.67
2015-12-02,79.57,79.63,78.52,78.62
2015-12-03,78.78,78.84,77.1774,77.5
2015-12-04,77.65,78.88,77.59,78.73
2015-12-07,78.49,78.55,77.79,78.1
2015-12-08,77.38,78,77.15,77.55
2015-12-09,77.28,78.31,76.63,77.01
2015-12-10,77.05,77.6944,76.91,77.12
2015-12-11,76.16,76.4899,75.4893,75.62
2015-12-14,75.56,76.01,74.8,75.73
2015-12-15,76.32,76.88,76.27,76.52
2015-12-16,76.94,77.73,76.695,77.62
2015-12-17,77.7,77.76,76.31,76.31
2015-12-18,75.67,75.704,74.78,74.81
2015-12-21,75.18,75.54,74.89,75.4
2015-12-22,75.73,76.4199,75.37,76.23
2015-12-23,76.63,77.55,76.63,77.55
2015-12-24,77.38,77.6739,77.28,77.41
2015-12-28,77.08,77.11,76.57,77.05
2015-12-29,77.55,77.9555,77.53,77.86
2015-12-30,77.71,77.83,77.17,77.23
2015-12-31,77.05,77.33,76.64,76.64
2016-01-04,75.4,75.81,74.84,75.79
2016-01-05,75.93,76.08,75.44,75.97
2016-01-06,74.81,75.115,74.07,74.58
2016-01-07,73.21,74.04,72.68,72.89
2016-01-08,73.24,73.47,71.915,72
2016-01-11,72.27,72.5069,71.01,71.77
2016-01-12,72.31,72.65,71.13,72.11
2016-01-13,72.34,72.58,70.09,70.3
2016-01-14,70.49,71.7199,69.68,71.26
2016-01-15,69.4,70.11,68.89,69.9
2016-01-19,70.5,70.723,69,69.69
2016-01-20,68.72,69.62,66.94,68.95
2016-01-21,69.21,70.375,68.651,69.58
2016-01-22,70.59,71.24,70.33,70.95
2016-01-25,70.68,70.78,69.54,69.6
2016-01-26,69.97,70.9657,69.85,70.88
2016-01-27,70.68,71.66,69.911,70.34
2016-01-28,70.91,71.07,69.87,70.39
2016-01-29,70.77,72.38,70.726,72.38
2016-02-01,71.83,72.72,71.55,72.35
2016-02-02,71.68,71.68,70.63,70.85
2016-02-03,71.31,71.74,69.79,71.54
2016-02-04,71.38,72.54,71.38,71.95
2016-02-05,71.71,71.7289,70.51,70.73
2016-02-08,69.86,69.86,68.3,69.24
2016-02-09,68.43,69.58,68.41,69.03
2016-02-10,69.37,70.14,69.01,69.07
2016-02-11,67.91,68.518,67.35,68.09
2016-02-12,68.71,69.58,68.3656,69.57
2016-02-16,70.26,70.96,69.94,70.96
2016-02-17,71.44,72.46,71.44,72.27
2016-02-18,72.36,72.36,71.81,72.12
2016-02-19,71.7,71.93,71.26,71.9
2016-02-22,72.6,73.18,72.6,73.16
2016-02-23,72.88,73.07,72.24,72.29
2016-02-24,71.66,72.83,71.19,72.72
2016-02-25,72.85,73.54,72.53,73.53
2016-02-26,73.91,74.0899,73.514,73.66
2016-02-29,73.6,74.07,73.1,73.1
2016-03-01,73.71,74.79,73.42,74.79
2016-03-02,74.58,75.35,74.4,75.33
2016-03-03,75.22,76.06,75.135,76.02
2016-03-04,76.09,76.84,75.8,76.41
2016-03-07,76.04,76.9789,76.01,76.78
2016-03-08,76.34,76.34,75.45,75.52
2016-03-09,75.8,76.12,75.5,75.92
2016-03-10,76.07,76.515,75.1619,76.03
2016-03-11,76.68,77.51,76.64,77.46
2016-03-14,77.2,77.52,77.03,77.35
2016-03-15,76.83,76.91,76.55,76.91
2016-03-16,76.71,77.78,76.71,77.64
2016-03-17,77.67,78.59,77.45,78.36
2016-03-18,78.16,78.53,78.1,78.32
2016-03-21,78.23,78.48,77.99,78.34
2016-03-22,77.96,78.5,77.79,78.28
2016-03-23,78.12,78.12,77.42,77.48
2016-03-24,76.99,77.39,76.69,77.39
2016-03-28,77.57,77.71,77.1749,77.5
2016-03-29,77.3,78.3,77.08,78.29
2016-03-30,78.69,78.9,78.3,78.53
2016-03-31,78.47,78.72,78.4,78.53
2016-04-01,78.08,78.905,77.7,78.84
2016-04-04,78.83,78.91,78.2416,78.33
2016-04-05,77.83,77.9,77.37,77.45
2016-04-06,77.48,78.3,77.32,78.27
2016-04-07,77.87,78.04,76.96,77.29
2016-04-08,77.84,78.1435,77.43,77.63
2016-04-11,77.92,78.36,77.5114,77.54
2016-04-12,77.63,78.52,77.45,78.38
2016-04-13,78.76,79.38,78.67,79.37
2016-04-14,79.42,79.42,79.03,79.21
2016-04-15,79.16,79.26,78.93,79.19
2016-04-18,78.93,79.77,78.76,79.76
2016-04-19,79.94,80.31,79.76,80.11
2016-04-20,80.2,80.595,79.8863,80.26
2016-04-21,80.26,80.38,79.64,79.72
2016-04-22,79.88,80.34,79.8,80.22
2016-04-25,79.94,80.056,79.55,79.88
2016-04-26,80.03,80.44,79.95,80.44
2016-04-27,80.37,81.105,80.34,80.96
2016-04-28,80.35,80.97,79.84,80
2016-04-29,79.78,79.83,78.84,79.51
2016-05-02,79.72,80.07,79.33,79.98
2016-05-03,79.38,79.38,78.73,79.08
2016-05-04,78.68,79.0399,78.32,78.57
2016-05-05,78.76,79.055,78.39,78.55
2016-05-06,78.23,78.87,78.12,78.8
2016-05-09,78.71,78.98,78.52,78.77
2016-05-10,79.05,79.7634,78.984,79.74
2016-05-11,79.5,79.7276,78.94,78.94
2016-05-12,79.32,79.469,78.43,78.92
2016-05-13,78.71,79.01,78.01,78.16
2016-05-16,78.27,79.161,78.26,78.96
2016-05-17,78.77,79.17,78.185,78.42
2016-05-18,78.21,78.82,77.75,78.23
2016-05-19,77.83,78.17,77.39,78
2016-05-20,78.28,78.719,78.17,78.58
2016-05-23,78.57,78.7771,78.46,78.53
2016-05-24,78.81,79.71,78.81,79.54
2016-05-25,79.79,80.349,79.78,80.16
2016-05-26,80.29,80.41,80.018,80.1
2016-05-27,80.16,80.56,80.16,80.56
2016-05-31,80.705,80.856,80.29,80.59
2016-06-01,80.25,80.82,80.09,80.76
2016-06-02,80.57,81.11,80.46,81.11
2016-06-03,80.86,80.98,80.24,80.83
2016-06-06,81.04,81.5138,80.9415,81.38
2016-06-07,81.43,81.9,81.38,81.68
2016-06-08,81.79,82.01,81.654,81.91
2016-06-09,81.53,81.78,81.35,81.7
2016-06-10,81.12,81.12,80.3428,80.61
2016-06-13,80.34,80.8,79.871,79.89
2016-06-14,79.74,80.02,79.16,79.64
2016-06-15,79.8,80.23,79.58,79.65
2016-06-16,79.24,79.81,78.6499,79.74
2016-06-17,79.51,79.86,79.3,79.69
2016-06-20,80.59,80.99,80.26,80.35
2016-06-21,80.48,80.65,80.11,80.4
2016-06-22,80.55,80.88,80.27,80.32
2016-06-23,81.01,81.5,80.85,81.49
2016-06-24,78.72,79.69,78.01,78.18
2016-06-27,77.47,77.49,75.79,76.14
2016-06-28,76.78,77.66,76.78,77.63
2016-06-29,78.26,79.26,78.24,79.12
2016-06-30,79.31,80.36,78.99,80.35
2016-07-01,80.34,80.87,80.09,80.6
2016-07-05,80.24,80.27,79.25,79.63
2016-07-06,79.34,80.14,79,80.11
2016-07-07,80.23,80.67,79.75,80.1
2016-07-08,80.72,81.71,80.72,81.6
2016-07-11,81.78,82.12,81.69,81.92
2016-07-12,82.36,83.04,82.36,82.89
2016-07-13,83.06,83.16,82.4833,82.84
2016-07-14,83.43,83.52,83.08,83.19
2016-07-15,83.44,83.44,82.95,83.14
2016-07-18,83.15,83.36,82.95,83.29
2016-07-19,83.09,83.11,82.82,83.07
2016-07-20,83.21,83.57,82.91,83.48
2016-07-21,83.43,83.67,83,83.17
2016-07-22,83.26,83.7192,83.12,83.7
2016-07-25,83.57,83.61,83.25,83.51
2016-07-26,83.49,83.9,83.36,83.88
2016-07-27,83.92,83.93,83.07,83.44
2016-07-28,83.32,83.7325,83.12,83.6
2016-07-29,83.34,83.81,83.0901,83.68
2016-08-01,83.64,83.74,83.18,83.37
2016-08-02,83.29,83.3744,82.1499,82.52
2016-08-03,82.42,83.02,82.24,82.99
2016-08-04,82.95,83.24,82.82,83.04
2016-08-05,83.34,83.81,83.34,83.73
2016-08-08,83.84,84.1,83.7,83.79
2016-08-09,83.78,83.97,83.56,83.66
2016-08-10,83.72,83.7999,83.32,83.44
2016-08-11,83.73,84.1378,83.665,84.06
2016-08-12,83.97,84.13,83.74,83.98
2016-08-15,84.11,84.56,84.01,84.38
2016-08-16,84.18,84.21,83.8899,83.9
2016-08-17,83.9,84.0278,83.43,83.96
2016-08-18,83.97,84.43,83.97,84.41
2016-08-19,84.16,84.5,84.03,84.44
2016-08-22,84.25,84.43,84.06,84.34
2016-08-23,84.65,84.9,84.65,84.71
2016-08-24,84.61,84.71,83.96,84.12
2016-08-25,84,84.39,83.925,84.11
2016-08-26,84.24,84.73,83.47,83.85
2016-08-29,83.91,84.49,83.91,84.32
2016-08-30,84.36,84.43,83.9,84.19
2016-08-31,84.07,84.07,83.4201,83.81
2016-09-01,83.85,84.005,83.21,83.79
2016-09-02,84.02,84.42,83.98,84.21
2016-09-06,84.37,84.42,83.91,84.35
2016-09-07,84.35,84.59,84.2204,84.59
2016-09-08,84.42,84.6,84.23,84.45
2016-09-09,83.84,84.07,82.13,82.17
2016-09-12,81.78,83.56,81.65,83.33
2016-09-13,82.68,82.851,81.64,81.93
2016-09-14,81.97,82.46,81.53,81.81
2016-09-15,81.74,82.8,81.62,82.63
2016-09-16,82.08,82.1,81.63,81.97
2016-09-19,82.3,82.6999,81.98,82.16
2016-09-20,82.53,82.57,81.96,81.96
2016-09-21,82.26,83.1599,82.08,83.07
2016-09-22,83.48,83.85,83.34,83.72
2016-09-23,83.53,83.6863,83.26,83.3
2016-09-26,82.96,83.08,82.61,82.66
2016-09-27,82.59,83.09,82.42,83.03
2016-09-28,83.19,83.685,82.69,83.61
2016-09-29,83.51,83.79,82.66,82.91
2016-09-30,83.21,83.875,83.06,83.59
2016-10-03,83.34,83.45,83.03,83.24
2016-10-04,83.36,83.41,82.46,82.73
2016-10-05,83.01,83.409,82.85,83.22
2016-10-06,83.07,83.3267,82.8,83.26
2016-10-07,83.34,83.49,82.5,82.81
2016-10-10,83.14,83.535,83.14,83.18
2016-10-11,82.93,82.93,81.61,81.94
2016-10-12,81.96,82.28,81.74,82.05
2016-10-13,81.48,82,80.95,81.75
2016-10-14,82.18,82.45,81.69,81.69
2016-10-17,81.71,81.8529,81.35,81.41
2016-10-18,82.14,82.204,81.755,81.97
2016-10-19,82.12,82.5,81.88,82.37
2016-10-20,82.19,82.47,81.89,82.21
2016-10-21,81.79,82.2467,81.61,82.16
2016-10-24,82.55,82.76,82.27,82.42
2016-10-25,82.27,82.29,81.87,81.95
2016-10-26,81.65,82.11,81.5738,81.91
2016-10-27,82.15,82.2,81.38,81.43
2016-10-28,81.41,82,81.12,81.42
2016-10-31,81.65,81.78,81.4465,81.55
2016-11-01,81.75,81.75,80.33,80.88
2016-11-02,80.74,80.94,80.12,80.3
2016-11-03,80.45,80.6,79.9,80.04
2016-11-04,80.1,80.6559,79.94,80.05
2016-11-07,81.37,81.8,81.12,81.78
2016-11-08,81.68,82.34,81.39,82.09
2016-11-09,81.41,83.37,80.88,83.06
2016-11-10,83.54,84.17,83.04,83.67
2016-11-11,83.46,83.735,83.07,83.67
2016-11-14,83.99,84.46,83.88,84.37
2016-11-15,84.57,84.99,84.34,84.99
2016-11-16,84.79,84.8,84.4138,84.62
2016-11-17,84.74,85.11,84.62,85.07
2016-11-18,85.14,85.14,84.79,84.87
2016-11-21,85.18,85.56,85.12,85.54
2016-11-22,85.76,85.86,85.396,85.8
2016-11-23,85.66,86.04,85.53,86.01
2016-11-25,86.19,86.32,86.05,86.32
2016-11-28,86.18,86.24,85.69,85.74
2016-11-29,85.79,86.02,85.5356,85.8
2016-11-30,86.19,86.2666,85.81,85.82
2016-12-01,86.05,86.155,85.3733,85.56
2016-12-02,85.57,85.86,85.4432,85.58
2016-12-05,85.98,86.3966,85.98,86.22
2016-12-06,86.38,86.67,86.07,86.66
2016-12-07,86.69,87.94,86.64,87.9
2016-12-08,87.95,88.53,87.76,88.26
2016-12-09,88.39,88.51,88.16,88.51
2016-12-12,88.49,88.5799,87.88,88.05
2016-12-13,88.38,88.63,88.0801,88.42
2016-12-14,88.3,88.54,87.29,87.5
2016-12-15,87.5,88.215,87.3386,87.81
2016-12-16,87.81,87.9,87.23,87.42
2016-12-19,87.53,87.795,87.33,87.55
2016-12-20,87.75,87.98,87.67,87.84
2016-12-21,87.84,87.9,87.62,87.64
2016-12-22,87.55,87.55,87.09,87.29
2016-12-23,87.27,87.4733,87.27,87.47
2016-12-27,87.5,87.895,87.5,87.76
2016-12-28,87.88,87.88,86.82,86.86
2016-12-29,86.89,87.11,86.695,86.89
2016-12-30,87.15,87.15,86.3583,86.64
2017-01-03,87.27,87.67,86.8032,87.33
2017-01-04,87.51,88.29,87.51,88.18
2017-01-05,88.09,88.1,87.57,87.94
2017-01-06,88.07,88.3999,87.72,88.18
2017-01-09,88.15,88.15,87.6665,87.7
2017-01-10,87.79,88.16,87.65,87.78
2017-01-11,87.77,88.05,87.495,88.01
2017-01-12,87.89,87.94,87.161,87.87
2017-01-13,87.87,88.18,87.87,88.05
2017-01-17,87.86,88.13,87.64,87.82
2017-01-18,87.96,88.09,87.62,88.08
2017-01-19,88.07,88.21,87.41,87.64
2017-01-20,87.97,88.2,87.63,87.97
2017-01-23,87.9,87.97,87.37,87.71
2017-01-24,87.92,88.73,87.9,88.58
2017-01-25,88.98,89.28,88.911,89.25
2017-01-26,89.25,89.32,88.93,89.01
2017-01-27,89.11,89.11,88.645,88.74
2017-01-30,88.44,88.45,87.66,88.24
2017-01-31,88.08,88.3819,87.76,88.38
2017-02-01,88.56,88.68,87.84,88.16
2017-02-02,87.98,88.4687,87.86,88.35
2017-02-03,88.69,89.05,88.6065,88.96
2017-02-06,88.85,88.98,88.57,88.72
2017-02-07,88.83,88.937,88.482,88.63
2017-02-08,88.46,88.86,88.31,88.82
2017-02-09,88.94,89.5468,88.9,89.37
2017-02-10,89.64,89.97,89.59,89.87
2017-02-13,90.14,90.41,90.07,90.27
2017-02-14,90.16,90.5467,90.01,90.51
2017-02-15,90.41,91.08,90.3805,90.95
2017-02-16,90.99,91.1022,90.4443,90.72
2017-02-17,90.5,90.91,90.3713,90.9
2017-02-21,91.04,91.62,91.04,91.54
2017-02-22,91.34,91.483,91.19,91.32
2017-02-23,91.59,91.61,90.92,91.16
2017-02-24,90.8,91.41,90.7,91.41
2017-02-27,91.41,91.6765,91.24,91.62
2017-02-28,91.41,91.4363,91.05,91.15
2017-03-01,91.85,92.53,91.85,92.27
2017-03-02,92.2,92.2,91.64,91.67
2017-03-03,91.61,91.74,91.36,91.66
2017-03-06,91.29,91.52,91.01,91.25
2017-03-07,91.11,91.15,90.77,90.84
2017-03-08,90.9,91.12,90.56,90.63
2017-03-09,90.64,90.8669,90.141,90.55
2017-03-10,91,91.1499,90.4749,90.91
2017-03-13,90.91,91.12,90.8,91.09
2017-03-14,90.79,90.79,90.33,90.66
2017-03-15,90.88,91.89,90.85,91.65
2017-03-16,91.74,91.7549,91.3,91.44
2017-03-17,91.28,91.31,90.99,91.06
2017-03-20,91.06,91.1,90.6143,90.8182
2017-03-21,91.11,91.11,89.51,89.61
2017-03-22,89.58,89.8954,89.2568,89.77
2017-03-23,89.75,90.3669,89.64,89.81
2017-03-24,89.96,90.22,89.46,89.81
2017-03-27,89.1,89.79,88.88,89.65
2017-03-28,89.62,90.56,89.5,90.39
2017-03-29,90.32,90.75,90.2,90.7
2017-03-30,90.67,91.009,90.57,90.88
2017-03-31,90.82,91.092,90.72,90.82
2017-04-03,90.9,90.93,89.92,90.46
2017-04-04,90.32,90.42,90.085,90.35
2017-04-05,90.67,91.17,89.99,90.1
2017-04-06,90.21,90.7954,90.06,90.58
2017-04-07,90.57,90.8,90.31,90.5
2017-04-10,90.59,91.03,90.4345,90.71
2017-04-11,90.55,90.74,90,90.74
2017-04-12,90.63,90.65,90.0723,90.18
2017-04-13,90.04,90.29,89.54,89.55
2017-04-17,89.82,90.2969,89.64,90.28
2017-04-18,89.96,90.25,89.6701,90.02
2017-04-19,90.33,90.55,89.93,90.05
2017-04-20,90.31,90.9866,90.18,90.79
2017-04-21,90.74,90.7774,90.31,90.5
2017-04-24,91.47,91.6,91.16,91.39
2017-04-25,91.63,92.0041,91.54,91.87
2017-04-26,91.89,92.3354,91.67,91.89
2017-04-27,91.97,92.04,91.5634,91.85
2017-04-28,91.88,91.9099,91.34,91.42
2017-05-01,91.63,91.63,91.24,91.38
2017-05-02,91.49,91.57,91.26,91.46
2017-05-03,91.28,91.38,90.91,91.17
2017-05-04,91.27,91.344,90.825,91.25
2017-05-05,91.46,91.85,91.35,91.85
2017-05-08,91.88,91.93,91.48,91.64
2017-05-09,91.73,91.8,91.4462,91.58
2017-05-10,91.62,91.9478,91.41,91.93
2017-05-11,91.69,91.71,91.0033,91.55
2017-05-12,91.42,91.49,91.05,91.14
2017-05-15,91.36,91.87,91.36,91.69
2017-05-16,91.83,91.85,91.2957,91.45
2017-05-17,90.77,90.95,89.9801,90.04
2017-05-18,89.92,90.6057,89.75,90.24
2017-05-19,90.48,91.27,90.27,90.97
2017-05-22,91.15,91.53,91.01,91.44
2017-05-23,91.63,91.67,91.3468,91.46
2017-05-24,91.54,91.7,91.436,91.66
2017-05-25,91.89,92.21,91.82,92.03
2017-05-26,91.98,92.04,91.895,92.01
2017-05-30,91.88,91.985,91.6751,91.84
2017-05-31,91.96,91.97,91.4598,91.93
2017-06-01,92.13,92.9,91.95,92.88
2017-06-02,92.94,93.13,92.72,93.01
2017-06-05,92.93,93,92.7431,92.81
2017-06-06,92.52,92.69,92.334,92.44
2017-06-07,92.58,92.7,92.26,92.53
2017-06-08,92.55,92.79,92.3366,92.6
2017-06-09,92.67,93.1969,92.48,92.88
2017-06-12,92.8,93.09,92.67,93
2017-06-13,93.22,93.59,93.0988,93.59
2017-06-14,93.63,93.6446,93.08,93.38
2017-06-15,92.83,93.24,92.74,93.18
2017-06-16,92.92,92.92,92.47,92.88
2017-06-19,93.18,93.49,93.05,93.46
2017-06-20,93.36,93.36,92.66,92.7
2017-06-21,92.83,92.86,92.227,92.44
2017-06-22,92.43,92.76,92.3,92.47
2017-06-23,92.53,92.779,92.39,92.68
2017-06-26,92.93,93.2101,92.83,92.95
2017-06-27,92.95,93.1035,92.33,92.33
2017-06-28,92.74,93.25,92.74,93.05
2017-06-29,93.15,93.26,91.8659,92.39
2017-06-30,92.76,93.025,92.503,92.68
2017-07-03,93.14,93.4,93.07,93.07
2017-07-05,93.2,93.2,92.66,92.93
2017-07-06,92.56,92.61,91.81,91.91
2017-07-07,92.03,92.575,92.01,92.5
2017-07-10,92.44,92.6776,92.3201,92.52
2017-07-11,92.46,92.56,91.93,92.44
2017-07-12,92.92,93.25,92.92,93.08
2017-07-13,93.18,93.39,93.06,93.35
2017-07-14,93.44,93.93,93.3101,93.76
2017-07-17,93.73,94.0374,93.68,93.87
2017-07-18,93.75,93.7507,93.4262,93.67
2017-07-19,93.87,94.34,93.7701,94.34
2017-07-20,94.46,94.46,94.12,94.29
2017-07-21,94.12,94.33,94.0431,94.31
2017-07-24,94.26,94.405,94.08,94.24
2017-07-25,94.54,94.8,94.3901,94.61
2017-07-26,94.67,94.67,94.33,94.42
2017-07-27,94.43,94.46,93.78,94.32
2017-07-28,94.14,94.26,94.01,94.2
2017-07-31,94.42,94.46,94.0143,94.16
2017-08-01,94.41,94.425,93.97,94.26
2017-08-02,94.13,94.13,93.61,93.96
2017-08-03,93.87,93.9626,93.6244,93.72
2017-08-04,93.91,93.95,93.68,93.86
2017-08-07,93.88,94.0236,93.81,93.96
2017-08-08,93.89,94.38,93.56,93.73
2017-08-09,93.45,93.62,93.28,93.6
2017-08-10,93.23,93.3,92.23,92.26
2017-08-11,92.13,92.58,92.13,92.28
2017-08-14,92.75,93.33,92.75,93.15
2017-08-15,93.23,93.23,92.8401,92.98
2017-08-16,93.2,93.4056,93.075,93.22
2017-08-17,92.98,93.15,91.79,91.79
2017-08-18,91.68,92.1,91.4,91.58
2017-08-21,91.6,91.7667,91.31,91.66
2017-08-22,91.88,92.61,91.76,92.53
2017-08-23,92.19,92.4499,92.15,92.26
2017-08-24,92.45,92.62,92.11,92.14
2017-08-25,92.45,92.71,92.37,92.46
2017-08-28,92.64,92.65,92.15,92.35
2017-08-29,91.77,92.3656,91.77,92.26
2017-08-30,92.2,92.8069,92.11,92.7
2017-08-31,92.92,93.3499,92.92,93.22
2017-09-01,93.44,93.73,93.39,93.6
2017-09-05,93.37,93.55,92.52,92.96
2017-09-06,93.25,93.4,93.1,93.29
2017-09-07,93.4,93.45,93.03,93.25
2017-09-08,93.05,93.46,92.99,93.33
2017-09-11,93.77,94.33,93.77,94.27
2017-09-12,94.39,94.65,94.3,94.64
2017-09-13,94.57,94.67,94.51,94.65
2017-09-14,94.46,94.76,94.38,94.64
2017-09-15,94.16,94.4,94.05,94.37
2017-09-18,94.53,94.719,94.3699,94.52
2017-09-19,94.62,94.62,94.29,94.39
2017-09-20,94.47,94.558,94.13,94.55
2017-09-21,94.45,94.56,94.29,94.35
2017-09-22,94.3,94.5955,94.3,94.55
2017-09-25,94.45,94.7871,94.26,94.66
2017-09-26,94.82,94.92,94.6944,94.77
2017-09-27,95.06,95.3,94.6351,95.15
2017-09-28,95.04,95.22,94.9147,95.21
2017-09-29,95.19,95.55,95.1699,95.54
2017-10-02,95.59,95.95,95.44,95.95
2017-10-03,96.03,96.16,95.82,96.11
2017-10-04,96.12,96.419,96.01,96.31
2017-10-05,96.44,96.7765,96.3701,96.69
2017-10-06,96.52,96.5837,96.32,96.49
2017-10-09,96.56,96.56,96.0544,96.15
2017-10-10,96.41,96.63,96.27,96.39
2017-10-11,96.34,96.43,96.24,96.41
2017-10-12,96.23,96.519,96.15,96.44
2017-10-13,96.62,96.77,96.4838,96.54
2017-10-16,96.69,96.7,96.43,96.57
2017-10-17,96.55,96.63,96.3732,96.56
2017-10-18,96.63,96.75,96.54,96.64
2017-10-19,96.24,96.76,96.09,96.76
2017-10-20,97.12,97.419,96.95,97.41
2017-10-23,97.56,97.609,97.03,97.08
2017-10-24,97.14,97.308,97.071,97.18
2017-10-25,96.91,97.25,95.99,96.53
2017-10-26,96.74,96.9099,96.5546,96.72
2017-10-27,96.61,96.87,96.26,96.87
2017-10-30,96.62,96.71,96.29,96.4
2017-10-31,96.5,96.6968,96.4141,96.58
2017-11-01,96.9,97.1,96.52,96.61
2017-11-02,96.55,96.7239,96.2,96.59
2017-11-03,96.49,96.7699,96.39,96.73
2017-11-06,96.72,97.18,96.71,97.13
2017-11-07,97.19,97.36,96.789,96.98
2017-11-08,96.84,97.1669,96.73,97.1
2017-11-09,96.58,97.0004,96.263,96.84
2017-11-10,96.62,96.9238,96.56,96.9
2017-11-13,96.64,97.1439,96.613,97.05
2017-11-14,96.72,97.01,96.56,97
2017-11-15,96.58,96.7368,96.1,96.47
2017-11-16,96.69,97.4666,96.69,97.3
2017-11-17,97.24,97.6,97.24,97.47
2017-11-20,97.52,97.6764,97.42,97.62
2017-11-21,97.87,98.02,97.81,97.98
2017-11-22,97.99,98.09,97.8952,97.94
2017-11-24,98.08,98.18,97.98,97.99
2017-11-27,97.99,98.06,97.785,97.89
2017-11-28,98.01,99.02,97.98,99.02
2017-11-29,99.03,99.622,99.03,99.48
2017-11-30,99.73,100.71,99.73,100.25
2017-12-01,100.27,100.48,98.56,100.05
2017-12-04,100.7,101.059,100.26,100.26
2017-12-05,100.4,100.4,99.595,99.62
2017-12-06,99.5,99.6499,99.35,99.44
2017-12-07,99.32,99.94,99.32,99.89
2017-12-08,100.24,100.52,100.07,100.51
2017-12-11,100.49,100.7,100.3858,100.6
2017-12-12,100.7,100.84,100.56,100.61
2017-12-13,100.67,100.8799,100.49,100.52
2017-12-14,100.55,100.6792,99.91,99.91
2017-12-15,99.91,100.61,99.7541,100.34
2017-12-18,100.93,101.2,100.59,101.1
2017-12-19,101.26,101.28,100.75,100.76
2017-12-20,101.15,101.15,100.63,100.77
2017-12-21,100.95,101.2,100.8064,100.97
2017-12-22,101.03,101.17,100.82,101.07
2017-12-26,101.01,101.34,101.01,101.19
2017-12-27,101.3,101.355,101.09,101.19
2017-12-28,101.33,101.55,101.09,101.44
2017-12-29,101.81,101.81,100.98,101.03
2018-01-02,101.34,101.8,101.23,101.78
2018-01-03,101.95,102.38,101.7,102.3
2018-01-04,102.58,102.759,102.4688,102.65
2018-01-05,102.92,103.2,102.7,103.14
2018-01-08,103.14,103.5444,103.04,103.48
2018-01-09,103.62,103.8599,103.37,103.53
2018-01-10,103.18,103.39,102.875,103.22
2018-01-11,103.48,104.22,103.43,104.21
2018-01-12,104.43,104.93,104.23,104.88
2018-01-16,105.28,105.43,103.92,104.17
2018-01-17,104.58,105.275,104.32,105.04
2018-01-18,104.96,105.09,104.565,104.75
2018-01-19,105.01,105.44,104.86,105.44
2018-01-22,105.4,106.19,105.35,106.19
2018-01-23,106.19,106.596,106.04,106.48
2018-01-24,106.72,107.03,106.07,106.53
2018-01-25,106.88,106.8805,106.12,106.44
2018-01-26,106.71,107.44,106.58,107.43
2018-01-29,107.26,107.41,106.615,106.66
2018-01-30,105.9,106.2,105.37,105.48
2018-01-31,105.79,106.03,104.98,105.46
2018-02-01,105.12,105.6817,104.91,105.21
2018-02-02,104.62,104.74,103.03,103.05
2018-02-05,102.5,103.18,99.15,99.23
2018-02-06,97.55,100.88,96.78,100.59
2018-02-07,100.41,101.91,100.1,100.32
2018-02-08,100.33,100.34,96.79,96.79
2018-02-09,97.8,98.7914,94.9701,98.12
2018-02-12,98.68,99.94,98.08,99.33
2018-02-13,98.88,99.78,98.72,99.57
2018-02-14,99,101.2,99,101.08
2018-02-15,101.68,102.13,100.71,102.13
2018-02-16,101.86,102.89,101.85,102.18
2018-02-20,101.78,102.35,101.213,101.53
2018-02-21,101.57,102.64,100.92,100.92
2018-02-22,101.23,102.0299,100.74,100.97
2018-02-23,101.5,102.52,101.28,102.51
2018-02-26,102.82,103.34,102.36,103.28
2018-02-27,103.34,103.7199,101.93,101.94
2018-02-28,102.3,102.525,100.83,100.83
2018-03-01,100.82,101.44,99.129,99.75
2018-03-02,99.18,100.59,98.8163,100.41
2018-03-05,99.96,101.849,99.891,101.62
2018-03-06,101.91,102.14,101.33,102.07
2018-03-07,101.26,102.12,101.18,101.98
2018-03-08,102.28,102.4,101.73,102.33
2018-03-09,102.87,103.95,102.69,103.92
2018-03-12,104.01,104.21,103.6,103.78
2018-03-13,104.22,104.41,103.12,103.34
2018-03-14,103.7,103.78,102.525,102.72
2018-03-15,102.92,103,102.2263,102.45
2018-03-16,102.15,102.7499,102.15,102.44
2018-03-19,102.16,102.44,100.6461,101.29
2018-03-20,101.58,101.7093,101.17,101.4
2018-03-21,101.34,102.218,101.3,101.43
2018-03-22,100.69,101.06,99.115,99.18
2018-03-23,99.38,99.68,97.2,97.29
2018-03-26,98.5,99.62,97.79,99.53
2018-03-27,99.89,100.16,97.85,98.35
2018-03-28,98.49,99.01,97.97,98.23
2018-03-29,98.7,100.01,98.61,99.48
2018-04-02,99.28,99.43,96.37,97.3
2018-04-03,97.69,98.64,97.2,98.47
2018-04-04,97.26,99.77,97.2,99.62
2018-04-05,100.11,100.57,99.721,100.26
2018-04-06,99.43,100,97.42,98.14
2018-04-09,98.72,99.7,98.27,98.34
2018-04-10,99.46,100.0899,99.15,99.74
2018-04-11,98.98,99.9742,98.98,99.39
2018-04-12,99.83,100.2239,99.62,99.86
2018-04-13,100.36,100.52,99.28,99.65
2018-04-16,100.2,100.9167,99.9985,100.61
2018-04-17,101.2,101.68,100.9862,101.43
2018-04-18,101.74,102.17,101.58,101.7
2018-04-19,101.56,101.56,100.56,100.99
2018-04-20,101,101.11,99.93,100.28
2018-04-23,100.36,100.84,100,100.41
2018-04-24,100.85,100.98,98.8201,99.45
2018-04-25,99.37,99.9051,98.76,99.73
2018-04-26,99.97,100.7471,99.72,100.5
2018-04-27,100.5,100.9344,100.32,100.77
2018-04-30,100.86,101.15,99.85,99.85
2018-05-01,99.66,99.9,98.9168,99.89
2018-05-02,99.62,99.95,98.93,99.06
2018-05-03,98.81,98.97,97.53,98.73
2018-05-04,98.29,100.18,98.22,99.83
2018-05-07,100.08,100.3753,99.76,100
2018-05-08,99.83,100.11,99.39,99.93
2018-05-09,100.21,100.921,100.0675,100.74
2018-05-10,101.1,101.75,100.93,101.62
2018-05-11,101.57,101.9812,101.44,101.72
2018-05-14,101.98,102.17,101.52,101.76
2018-05-15,101.29,101.37,100.92,101.25
2018-05-16,101.38,101.999,101.38,101.81
2018-05-17,101.81,102.24,101.54,101.94
2018-05-18,101.75,101.885,101.53,101.73
2018-05-21,102.26,102.57,102.18,102.39
2018-05-22,102.57,102.7475,101.91,102
2018-05-23,101.67,102.19,101.53,102.19
2018-05-24,102.02,102.2199,101.49,102.17
2018-05-25,101.93,102.14,101.7252,101.95
2018-05-29,101.39,101.53,100.43,100.87
2018-05-30,101.35,102.44,101.344,102.21
2018-05-31,102.08,102.08,101.05,101.3
2018-06-01,101.81,102.29,101.7584,102.16
2018-06-04,102.5,102.67,102.19,102.51
2018-06-05,102.55,102.795,102.33,102.7
2018-06-06,102.86,103.48,102.6246,103.48
2018-06-07,103.58,103.909,103.2,103.53
2018-06-08,103.37,104.02,103.33,104.02
2018-06-11,104.08,104.4781,104.08,104.24
2018-06-12,104.43,104.65,104.2067,104.54
2018-06-13,104.62,104.64,103.98,104.02
2018-06-14,104.25,104.55,104.07,104.29
2018-06-15,103.59,103.9126,103.17,103.89
2018-06-18,103.32,103.75,103.18,103.7
2018-06-19,102.81,103.35,102.45,103.28
2018-06-20,103.57,103.719,103.29,103.57
2018-06-21,103.56,103.57,102.78,102.97
2018-06-22,103.5,103.6,103.16,103.24
2018-06-25,102.86,102.92,101.55,102.11
2018-06-26,102.26,102.51,101.9364,102.21
2018-06-27,102.34,102.889,101.3,101.3
2018-06-28,101.2,101.97,100.85,101.71
2018-06-29,102.04,102.63,101.83,101.89
2018-07-02,101.31,101.89,100.99,101.85
2018-07-03,102.21,102.415,101.62,101.8
2018-07-05,102.18,102.57,101.76,102.56
2018-07-06,102.57,103.52,102.46,103.34
2018-07-09,103.74,104.18,103.737,104.13
2018-07-10,104.32,104.46,104.08,104.4
2018-07-11,103.89,104.0103,103.44,103.58
2018-07-12,104.04,104.25,103.661,104.16
2018-07-13,104.14,104.45,104.1,104.26
2018-07-16,104.25,104.33,103.77,103.95
2018-07-17,103.74,104.43,103.74,104.28
2018-07-18,104.28,104.56,104.14,104.52
2018-07-19,104.25,104.74,103.98,104.5
2018-07-20,104.25,104.39,104.08,104.16
2018-07-23,104.1,104.28,103.8738,104.17
2018-07-24,104.46,104.6,103.84,104.12
2018-07-25,104.05,105.0799,104.03,105.04
2018-07-26,105.06,105.61,104.9594,105.41
2018-07-27,105.55,105.6,104.48,104.79
2018-07-30,104.73,105.07,104.26,104.34
2018-07-31,104.7,105.2155,104.65,105.05
2018-08-01,104.94,104.94,104.17,104.37
2018-08-02,103.85,104.87,103.69,104.79
2018-08-03,104.89,105.34,104.81,105.32
2018-08-06,105.28,105.72,105.1616,105.57
2018-08-07,105.74,105.93,105.61,105.78
2018-08-08,105.73,105.73,105.4184,105.59
2018-08-09,105.66,105.86,105.42,105.47
2018-08-10,104.96,105.12,104.55,104.76
2018-08-13,104.87,104.94,104.0594,104.22
2018-08-14,104.54,105.24,104.54,105.1
2018-08-15,104.6,104.6,103.81,104.4
2018-08-16,104.82,105.52,104.82,105.23
2018-08-17,105.09,105.9619,105.09,105.79
2018-08-20,105.97,106.3675,105.9639,106.29
2018-08-21,106.41,106.81,106.39,106.56
2018-08-22,106.46,106.54,106.22,106.33
2018-08-23,106.23,106.41,105.96,106.07
2018-08-24,106.26,106.69,106.191,106.64
2018-08-27,107.03,107.4,107.03,107.24
2018-08-28,107.43,107.539,107.0555,107.34
2018-08-29,107.41,107.89,107.23,107.76
2018-08-30,107.53,107.57,106.87,107.07
2018-08-31,106.9,107.25,106.7412,107.11
2018-09-04,107,107.19,106.61,107.01
2018-09-05,106.86,107.18,106.49,107.06
2018-09-06,107.1,107.3519,106.59,106.86
2018-09-07,106.49,106.88,106.27,106.48
2018-09-10,106.87,107.18,106.81,106.88
2018-09-11,106.63,107.195,106.46,106.96
2018-09-12,106.93,107.2721,106.729,107.15
2018-09-13,107.46,107.7218,107.3368,107.6
2018-09-14,107.64,107.84,107.44,107.74
2018-09-17,107.8,107.84,107.29,107.38
2018-09-18,107.45,108.03,107.34,107.88
2018-09-19,107.91,108.22,107.78,107.83
2018-09-20,108.18,108.61,108.16,108.51
2018-09-21,108.76,108.8853,108.535,108.58
2018-09-24,107.93,107.9773,107.18,107.33
2018-09-25,107.53,107.6,106.96,107.04
2018-09-26,107.07,107.49,106.5146,106.63
2018-09-27,106.7,107.128,106.5207,106.64
2018-09-28,106.49,106.988,106.4608,106.81
2018-10-01,107.23,107.37,106.61,106.81
2018-10-02,106.75,107.0301,106.49,106.66
2018-10-03,107.01,107.1269,106.52,106.67
2018-10-04,106.47,106.5,105.3878,105.93
2018-10-05,105.92,106.28,104.9131,105.41
2018-10-08,105.19,105.68,104.86,105.54
2018-10-09,105.38,105.6336,105,105.04
2018-10-10,104.82,105.18,101.96,102.03
2018-10-11,101.73,102.2,99.34,99.77
2018-10-12,101.12,101.19,99.5,100.64
2018-10-15,100.5,101.444,100.47,100.6
2018-10-16,101.17,102.75,100.93,102.62
2018-10-17,102.55,102.69,101.46,102.41
2018-10-18,102.03,102.4,100.587,101.1
2018-10-19,101.19,101.95,100.5939,100.8
2018-10-22,100.99,101.15,100.06,100.13
2018-10-23,98.76,100.01,97.81,99.49
2018-10-24,99.43,99.76,96.7199,96.85
2018-10-25,97.35,98.7602,97.01,98.12
2018-10-26,96.93,97.75,95.4953,96.59
2018-10-29,97.86,98.54,95.4,96.63
2018-10-30,96.76,98.6035,96.73,98.5
2018-10-31,99.36,100.07,99.04,99.07
2018-11-01,99.32,100.63,99.2,100.51
2018-11-02,101.2,101.31,99.34,100.15
2018-11-05,100.36,101.11,100.08,100.9
2018-11-06,100.89,101.63,100.89,101.6
2018-11-07,102.32,103.2399,101.85,103.16
2018-11-08,102.92,103.36,102.67,103.08
2018-11-09,102.58,102.65,101.53,102.17
2018-11-12,101.99,102,100.4599,100.61
2018-11-13,100.9,101.6468,100.25,100.57
2018-11-14,101.14,101.48,99.33,99.93
2018-11-15,99.39,100.9612,98.78,100.78
2018-11-16,100.45,101.4502,100.3482,101.1
2018-11-19,100.95,101.18,99.41,99.78
2018-11-20,98.68,99.0299,97.76,98.03
2018-11-21,98.47,99.34,98.44,98.64
2018-11-23,98,98.8319,97.98,98.35
2018-11-26,99.23,99.7,98.97,99.68
2018-11-27,99.31,99.76,99.14,99.73
2018-11-28,100.06,101.55,99.5,101.55
2018-11-29,101.26,101.8183,100.7395,101.25
2018-11-30,101.19,101.88,101.03,101.66
2018-12-03,103.04,103.34,102.1064,102.89
2018-12-04,102.73,102.88,99.6001,99.8
2018-12-06,98.41,99.5,96.8701,99.5
2018-12-07,99.36,99.9801,96.9675,97.34
2018-12-10,97.34,97.53,95.38,97.16
2018-12-11,98.32,98.6501,96.61,97.09
2018-12-12,98.29,98.72,97.56,97.58
2018-12-13,97.84,98.069,96.8,97.12
2018-12-14,96.25,96.8772,95.485,95.74
2018-12-17,95.42,95.7311,93.16,93.67
2018-12-18,94.29,94.77,92.97,93.54
2018-12-19,93.54,95.02,91.58,92.07
2018-12-20,91.68,92.26,89.67,90.62
2018-12-21,90.89,92.13,88.82,89.01
2018-12-24,87.96,88.1587,86.16,86.19
2018-12-26,86.61,90.09,85.76,90.09
2018-12-27,88.91,90.9,87.6603,90.9
2018-12-28,91.18,91.87,90.21,90.67
2018-12-31,91.19,91.429,90.359,91.4
2019-01-02,90.06,91.79,89.899,91.45
2019-01-03,90.99,91.107,89.47,89.68
2019-01-04,90.76,92.9227,90.72,92.66
2019-01-07,92.78,94.34,92.4365,93.63
2019-01-08,94.46,94.69,93.5634,94.64
2019-01-09,94.97,95.6564,94.62,95.31
2019-01-10,94.72,95.92,94.48,95.89
2019-01-11,95.45,96.04,95.2,95.96
2019-01-14,95.28,95.8,95.0664,95.44
2019-01-15,95.52,96.305,95.52,96.17
2019-01-16,96.26,96.78,96.17,96.41
2019-01-17,96.1,97.6441,96.04,97.31
2019-01-18,97.94,98.9216,97.82,98.79
2019-01-22,98.24,98.25,96.89,97.47
2019-01-23,97.83,98.06,96.47,97.39
2019-01-24,97.35,98.06,97.29,97.84
2019-01-25,98.57,99.13,98.54,98.88
2019-01-28,98.12,98.52,97.72,98.49
2019-01-29,98.63,98.82,98.24,98.66
2019-01-30,99.02,100.07,98.48,99.71
2019-01-31,99.59,100.47,99.49,100.37
2019-02-01,100.5,100.81,100.22,100.62
2019-02-04,100.67,101.17,100.16,101.17
2019-02-05,101.3,101.6332,101.06,101.56
2019-02-06,101.41,101.64,101.22,101.47
2019-02-07,100.93,101.25,100.05,100.74
2019-02-08,100.42,100.93,99.91,100.93
2019-02-11,101.16,101.3,100.9,101.21
2019-02-12,101.87,102.66,101.85,102.46
2019-02-13,102.75,103.13,102.5666,102.91
2019-02-14,102.45,103.15,102.13,102.67
2019-02-15,103.36,103.82,103.34,103.82
2019-02-19,103.54,104.285,103.28,104.01
2019-02-20,104.05,104.59,103.9899,104.38
2019-02-21,104.21,104.33,103.5965,103.98
2019-02-22,104.21,104.605,104.0764,104.53
2019-02-25,105.05,105.259,104.5,104.55
2019-02-26,104.43,104.74,104.26,104.27
2019-02-27,104.02,104.42,103.76,104.3
2019-02-28,104.17,104.33,103.88,104.05
2019-03-01,104.77,105.0443,104.1163,104.75
2019-03-04,105.11,105.1425,103.275,104.25
2019-03-05,104.3,104.311,103.8397,103.93
2019-03-06,103.9,103.9361,102.93,103.02
2019-03-07,102.86,102.86,101.875,102.22
2019-03-08,101.55,101.93,101.21,101.9
2019-03-11,102.13,103.25,102.13,103.22
2019-03-12,103.39,103.78,103.32,103.56
2019-03-13,103.87,104.55,103.82,104.18
2019-03-14,104.22,104.36,103.8408,104.03
2019-03-15,104.18,104.77,104.11,104.41
2019-03-18,104.09,104.48,103.73,104.42
2019-03-19,104.74,105.05,103.9,104.24
2019-03-20,104.13,104.3401,103.11,103.51
2019-03-21,103.25,105.045,103.25,104.84
2019-03-22,104.37,104.45,102.645,102.69
2019-03-25,102.62,103.18,102.12,102.72
2019-03-26,103.3,103.9099,102.97,103.58
2019-03-27,103.6,103.87,102.63,103.24
2019-03-28,103.43,103.97,103.0865,103.82
2019-03-29,104.39,104.6,104.055,104.44
2019-04-01,105.19,105.85,105.1208,105.77
2019-04-02,105.81,105.8381,105.39,105.69
2019-04-03,106.2,106.43,105.7,105.98
2019-04-04,106.01,106.36,105.86,106.33
2019-04-05,106.59,107.0446,106.5159,107.02
2019-04-08,106.9,107.1,106.61,107.09
2019-04-09,106.71,106.71,106.04,106.25
2019-04-10,106.4,106.81,106.23,106.77
2019-04-11,106.98,107.0883,106.586,106.91
2019-04-12,107.57,107.9,107.3746,107.77
2019-04-15,107.86,107.86,107.34,107.47
2019-04-16,107.86,107.86,107.28,107.51
2019-04-17,107.9,108,106.74,106.88
2019-04-18,107.15,107.23,106.62,107.13
2019-04-22,106.88,106.98,106.6524,106.86
2019-04-23,107.01,107.9699,107.01,107.85
2019-04-24,107.87,108.12,107.72,107.82
2019-04-25,107.16,107.51,106.69,107.19
2019-04-26,107.26,107.84,107.02,107.84
2019-04-29,107.88,108.14,107.79,107.83
2019-04-30,107.95,108.3,107.31,108.19
2019-05-01,108.29,108.4862,107.1,107.1
2019-05-02,106.97,107.51,106.39,107.11
2019-05-03,107.5,108.13,107.38,108.07
2019-05-06,106.4,107.7501,106.23,107.56
2019-05-07,106.7,106.84,105.09,105.83
2019-05-08,105.69,106.3,105.4568,105.66
2019-05-09,104.94,105.7333,104.21,105.53
2019-05-10,105.17,106.27,103.9,105.99
2019-05-13,104.21,104.2896,102.895,103.35
2019-05-14,103.72,104.96,103.6001,104.37
2019-05-15,103.75,104.97,103.51,104.7
2019-05-16,104.93,105.9707,104.93,105.41
2019-05-17,104.58,105.6808,104.58,104.71
2019-05-20,104.12,104.53,103.7479,104.05
2019-05-21,104.67,105.32,104.6401,105.17
2019-05-22,104.8,105.06,104.45,104.64
2019-05-23,103.77,103.7702,102.77,103.33
2019-05-24,103.83,104.05,103.21,103.52
2019-05-28,103.62,103.9559,102.39,102.39
2019-05-29,101.95,102.1,101.12,101.69
2019-05-30,101.95,102.44,101.46,101.85
2019-05-31,100.86,101.195,100.5,100.69
2019-06-03,100.75,101.71,100.735,101.27
2019-06-04,102.12,103.58,102.12,103.54
2019-06-05,104.1,104.41,103.28,104.36
2019-06-06,104.45,105.1329,104.1598,104.88
2019-06-07,105.25,105.98,105.2073,105.56
2019-06-10,106.04,106.5,105.845,105.89
2019-06-11,106.52,106.7499,105.5,105.78
2019-06-12,105.68,105.9096,105.4369,105.65
2019-06-13,105.95,106.33,105.81,106.27
2019-06-14,106.22,106.22,105.7044,105.98
2019-06-17,106.1,106.19,105.77,105.81
2019-06-18,106.39,107.33,106.39,106.85
2019-06-19,106.9,107.42,106.67,107.24
2019-06-20,108.22,108.325,107.3405,108.18
2019-06-21,108.08,108.3,107.74,107.93
2019-06-24,107.46,107.52,106.9484,106.98
2019-06-25,107.07,107.105,106.28,106.33
2019-06-26,106.6,106.75,106.12,106.15
2019-06-27,106.43,106.92,106.43,106.82
2019-06-28,107.16,107.88,107.15,107.8
2019-07-01,109,109.2399,108.0108,108.57
2019-07-02,108.49,108.57,108.02,108.45
2019-07-03,108.78,109.45,108.7681,109.44
2019-07-05,108.96,109.33,108.29,109.3
2019-07-08,108.9,109.143,108.46,108.7
2019-07-09,108.22,108.71,108.15,108.66
2019-07-10,109.01,109.2643,108.55,108.78
2019-07-11,108.94,109.0516,108.45,109
2019-07-12,109.16,109.78,109.12,109.74
2019-07-15,109.85,109.85,109.4174,109.65
2019-07-16,109.63,109.8486,109.34,109.43
2019-07-17,109.43,109.43,108.52,108.52
2019-07-18,108.31,109.11,108.19,108.94
2019-07-19,109.27,109.41,108.44,108.48
2019-07-22,108.68,108.82,108.33,108.51
2019-07-23,108.83,109.48,108.7199,109.45
2019-07-24,109.31,110.24,109.18,110.18
2019-07-25,110,110,109.23,109.47
2019-07-26,109.63,110.07,109.48,110.02
2019-07-29,110.02,110.02,109.55,109.7
2019-07-30,109.11,109.8,108.87,109.8
2019-07-31,109.75,109.91,107.87,108.71
2019-08-01,108.67,109.43,106.91,107.32
2019-08-02,107.02,107.03,105.93,106.46
2019-08-05,104.99,104.99,102.592,103.44
2019-08-06,104.01,104.65,103.21,104.59
2019-08-07,103.35,104.99,102.64,104.73
2019-08-08,105.22,106.67,105.14,106.62
2019-08-09,106.2,106.33,105.1343,105.64
2019-08-12,105.06,105.13,103.92,104.29
2019-08-13,104.1,106.4309,103.896,105.64
2019-08-14,104.05,104.0799,102.3,102.4
2019-08-15,102.71,102.8502,101.7277,102.43
2019-08-16,102.97,104.23,102.97,104.09
2019-08-19,105.2,105.62,105,105.29
2019-08-20,105.06,105.15,104.39,104.44
2019-08-21,105.24,105.404,105.0504,105.29
2019-08-22,105.52,105.8055,104.77,105.36
2019-08-23,104.79,105.34,102.08,102.51
2019-08-26,103.36,103.54,102.7271,103.41
2019-08-27,103.9,104.0594,102.6703,102.83
2019-08-28,102.58,103.81,102.395,103.72
2019-08-29,104.73,105.33,104.46,105.12
2019-08-30,105.6,105.86,104.93,105.16
2019-09-03,104.49,104.8099,103.96,104.57
2019-09-04,105.41,105.84,105.2493,105.81
2019-09-05,106.84,107.69,106.785,107.36
2019-09-06,107.53,107.8639,107.2782,107.62
2019-09-09,107.95,108.22,107.7,108.21
2019-09-10,107.96,108.71,107.67,108.71
2019-09-11,108.77,109.565,108.27,109.54
2019-09-12,109.82,110.01,109.259,109.67
2019-09-13,109.95,110.25,109.64,109.69
2019-09-16,109.44,109.86,109.27,109.77
2019-09-17,109.69,109.82,109.32,109.79
2019-09-18,109.59,109.6815,108.71,109.67
2019-09-19,109.78,109.9756,109.25,109.37
2019-09-20,109.57,109.8,108.75,108.88
2019-09-23,108.09,108.7157,107.9807,108.48
2019-09-24,108.83,108.88,107.214,107.6
2019-09-25,107.6,108.36,107.19,108.21
2019-09-26,108.24,108.24,107.43,107.95
2019-09-27,108.23,108.395,106.98,107.57
2019-09-30,107.75,108.2962,107.75,108.08
2019-10-01,108.26,108.56,106.26,106.4
2019-10-02,105.77,105.855,103.96,104.39
2019-10-03,104.23,105.15,103.1435,105.15
2019-10-04,105.31,106.3575,105.228,106.32
2019-10-07,106,106.58,105.7,105.75
2019-10-08,105.03,105.03,103.92,103.92
2019-10-09,104.74,105.21,104.4136,104.84
2019-10-10,104.8,105.91,104.8,105.63
2019-10-11,106.69,107.95,106.69,107.07
2019-10-14,106.9,106.997,106.5827,106.83
2019-10-15,107.17,108.06,107.0367,107.74
2019-10-16,107.6,107.9462,107.44,107.56
2019-10-17,107.99,108.3299,107.72,107.97
2019-10-18,107.68,108.09,107.44,107.84
2019-10-21,108.41,108.7,108.25,108.66
2019-10-22,108.84,109.2472,108.591,108.67
2019-10-23,108.49,109,108.34,108.98
2019-10-24,109.29,109.38,108.574,109.03
2019-10-25,108.91,109.66,108.88,109.43
2019-10-28,109.81,110.1159,109.7401,109.77
2019-10-29,109.55,110.2885,109.48,109.97
2019-10-30,110,110.08,109.31,109.98
2019-10-31,109.79,109.79,108.8,109.41
2019-11-01,110,110.78,109.99,110.76
2019-11-04,111.33,111.49,111.18,111.4
2019-11-05,111.51,111.94,111.2346,111.4
2019-11-06,111.44,111.44,110.95,111.28
2019-11-07,111.83,112.1581,111.38,111.55
2019-11-08,111.36,111.81,111,111.81
2019-11-11,111.23,111.599,111.1101,111.51
2019-11-12,111.6,112.06,111.38,111.57
2019-11-13,111.15,111.6734,110.98,111.49
2019-11-14,111.44,111.76,111.32,111.74
2019-11-15,112.29,112.56,112.02,112.56
2019-11-18,112.4,112.5,112.205,112.42
2019-11-19,112.63,112.69,111.9985,112.33
2019-11-20,112.01,112.32,111.3745,111.9
2019-11-21,112.03,112.03,111.4101,111.67
2019-11-22,111.9,112.07,111.59,112
2019-11-25,112.4,113.03,112.32,113.01
2019-11-26,112.94,113.21,112.8,113.14
2019-11-27,113.39,113.64,113.16,113.62
2019-11-29,113.44,113.46,113,113.13
2019-12-02,113.16,113.16,112.12,112.18
2019-12-03,111.17,111.3205,110.52,111.27
2019-12-04,111.6,112.4473,111.47,112.08
2019-12-05,112.32,112.334,111.84,112.27
2019-12-06,113.04,113.52,113.04,113.31
2019-12-09,113.16,113.3716,112.96,112.96
2019-12-10,112.96,113.23,112.6843,112.84
2019-12-11,113.01,113.251,112.8542,113.17
2019-12-12,113.19,114.59,113.06,114.36
2019-12-13,114.27,114.8223,113.69,114.04
2019-12-16,114.78,115.07,114.64,114.76
2019-12-17,114.89,114.95,114.73,114.78
2019-12-18,114.9,115.075,114.727,114.95
2019-12-19,115.05,115.42,114.962,115.34
2019-12-20,115.71,116.0438,115.65,115.93
2019-12-23,115.74,115.85,115.42,115.52
2019-12-24,115.62,115.67,115.48,115.6
2019-12-26,115.74,115.87,115.54,115.85
2019-12-27,116.13,116.13,115.55,115.69
2019-12-30,115.74,115.8,115.13,115.29
2019-12-31,115.14,115.75,115.01,115.72
2020-01-02,116.27,116.37,115.37,116.05
2020-01-03,114.99,115.58,114.9224,115.39
2020-01-06,114.77,115.57,114.77,115.54
2020-01-07,115.41,115.69,115.12,115.44
2020-01-08,115.5,116.25,115.35,115.78
2020-01-09,116.19,116.3532,115.92,116.31
2020-01-10,116.52,116.52,115.8,115.95
2020-01-13,116.12,116.7,115.9665,116.67
2020-01-14,116.58,117.19,116.5055,116.9
2020-01-15,116.78,117.5,116.78,117.08
2020-01-16,117.53,118.2,117.53,118.17
2020-01-17,118.35,118.47,118.21,118.4
2020-01-21,117.94,118.2456,117.79,117.91
2020-01-22,118.23,118.41,117.66,117.76
2020-01-23,117.41,118.09,116.7874,118.02
2020-01-24,118.18,118.18,116.18,116.81
2020-01-27,114.9,115.453,114.72,114.89
2020-01-28,115.43,116.36,115.2201,115.96
2020-01-29,116.32,116.43,115.58,115.6
2020-01-30,114.65,115.9,114.39,115.85
2020-01-31,115.28,115.315,113.23,113.54
2020-02-03,114.14,115.1101,114.14,114.3
2020-02-04,115.71,116.4,115.6961,115.98
2020-02-05,117.03,117.75,116.91,117.67
2020-02-06,118.05,118.14,117.5371,117.64
2020-02-07,117.18,117.18,116.52,116.69
2020-02-10,116.41,117.2,116.3253,117.2
2020-02-11,117.72,118.2858,117.67,117.9
2020-02-12,118.45,118.82,118.43,118.71
2020-02-13,118.21,118.78,117.9696,118.6
2020-02-14,118.65,118.71,118.2,118.62
2020-02-18,118.38,118.51,117.72,118.26
2020-02-19,118.61,118.9246,118.53,118.68
2020-02-20,118.46,118.98,117.55,118.65
2020-02-21,118.06,118.15,117.3204,117.57
2020-02-24,114.41,114.9,113.51,114.01
2020-02-25,114.47,114.47,109.91,110.18
2020-02-26,110.76,111.75,109.06,109.13
2020-02-27,107.13,108.8661,104.58,104.58
2020-02-28,101.69,103.6249,100.445,103.47
2020-03-02,103.87,107.46,102.58,107.42
2020-03-03,107.45,109.3405,103.81,104.74
2020-03-04,106.58,108.89,105.75,108.87
2020-03-05,106.06,106.9678,104.1131,104.97
2020-03-06,101.77,103.51,100.46,102.82
2020-03-09,95.57,97.25,93.4333,93.91
2020-03-10,97.03,98.49,93.25,98.43
2020-03-11,95.65,96.09,92,93.12
2020-03-12,86.69,89.69,82.73,83.72
2020-03-13,88.52,90.53,83.4764,90.52
2020-03-16,80.69,85.3269,78.9,79.62
2020-03-17,81.07,84.8701,78.272,84.13
2020-03-18,78.58,80.6712,74.12,78.65
2020-03-19,77.52,80.42,75.02,78.86
2020-03-20,79.52,80.5467,74.8218,75.03
2020-03-23,74.13,74.3,70.56,71.66
2020-03-24,75.45,79.47,75.4247,79.31
2020-03-25,79.67,84.4242,78.05,81.3
2020-03-26,82.13,86.58,82.1103,85.98
2020-03-27,83.23,85.691,82.33,83.42
2020-03-30,83.83,85.88,82.81,85.61
2020-03-31,85.25,85.85,83.54,84.02
2020-04-01,80.74,81.399,79.08,79.88
2020-04-02,79.33,82.39,79.22,81.14
2020-04-03,80.76,81.68,79,79.83
2020-04-06,82.83,86.41,82.83,85.87
2020-04-07,88.91,89.8,86.46,86.56
2020-04-08,87.47,90.58,86.8194,90.14
2020-04-09,91.52,93.5663,91.13,92.22
2020-04-13,91.86,91.92,89.11,90.23
2020-04-14,92.01,93.03,91.485,92.62
2020-04-15,90.13,90.2096,88.8801,89.63
2020-04-16,89.87,90.06,88.54,89.63
2020-04-17,92.09,93.2,91.45,92.98
2020-04-20,91.4,92.695,90.7828,91.07
2020-04-21,89.02,90.04,88.11,88.41
2020-04-22,90.06,90.7,89.34,90.07
2020-04-23,90.47,91.805,90.1,90.15
2020-04-24,90.75,91.81,89.98,91.44
2020-04-27,92.06,94.42,91.98,94.07
2020-04-28,95.72,96.75,94.51,95.37
2020-04-29,97.61,99.151,97.32,98.68
2020-04-30,97.43,97.43,95.7001,96.14
2020-05-01,94.08,94.27,92.18,92.67
2020-05-04,91.56,92.86,90.83,92.74
2020-05-05,93.97,94.78,92.99,93.16
2020-05-06,93.71,94.05,91.78,91.82
2020-05-07,93.14,94.7,93.14,93.47
2020-05-08,94.9,96.19,94.56,96.03
2020-05-11,94.99,95.65,94.1,94.89
2020-05-12,95.24,95.54,92.41,92.41
2020-05-13,92,92.01,88.901,89.7
2020-05-14,88.46,91.12,87,91.09
2020-05-15,90.22,91.6,89.65,91.26
2020-05-18,94.35,96.78,94.32,96.25
2020-05-19,95.93,96.55,94.86,94.92
2020-05-20,96.27,97.18,96.2,96.65
2020-05-21,96.48,97.0964,95.643,96.22
2020-05-22,96.23,96.38,95.34,96.3
2020-05-26,99.04,100.17,99.04,99.42
2020-05-27,101.5,101.93,99.44,101.88
2020-05-28,102.78,102.78,100.6,100.86
2020-05-29,100.25,101.035,99.12,100.71
2020-06-01,100.54,102.2239,100.42,101.89
2020-06-02,102.53,103.18,102.08,103.18
2020-06-03,104.1,106.33,104.1,105.97
2020-06-04,105.5,106.8,105.06,106.51
2020-06-05,110.54,111.8385,109.93,110.44
2020-06-08,111.91,113.1649,111.45,113.09
2020-06-09,111.49,111.49,109.66,110.26
2020-06-10,110,110,107.434,107.54
2020-06-11,103.1,104.03,99.73,100.1
2020-06-12,103.34,103.92,99.75,102.1
2020-06-15,99.42,103.7484,98.61,103.23
2020-06-16,107,107.28,103.53,105.38
2020-06-17,105.59,105.59,103.99,104.2
2020-06-18,103.21,104.76,103.02,104.13
2020-06-19,105.75,105.81,102.49,103.05
2020-06-22,102.19,103.03,101.3801,102.74
2020-06-23,103.82,103.99,102.8037,102.86
2020-06-24,101.85,101.85,98.74,99.46
2020-06-25,99,100.59,98.37,100.48
2020-06-26,100.09,100.26,98.06,98.44
2020-06-29,99.17,100.5,98.43,100.4
2020-06-30,100.3,102.3,100.06,101.76
2020-07-01,102.04,102.78,101.14,101.62
2020-07-02,103.16,103.76,102.02,102.23
2020-07-06,103.78,104.27,102.96,103.35
2020-07-07,102.56,102.88,101.5703,101.7
2020-07-08,101.83,102.324,101,102
2020-07-09,101.99,102.05,99.4,100.38
2020-07-10,100.3,102.09,100.28,102.07
2020-07-13,102.67,103.74,101.5126,101.59
2020-07-14,101.26,103.35,100.97,103.24
2020-07-15,105,105.96,104.52,105.63
2020-07-16,105.01,105.94,104.73,105.48
2020-07-17,105.87,106.139,105.22,105.84
2020-07-20,105.61,105.84,104.91,105.28
2020-07-21,105.96,106.93,105.9023,106.33
2020-07-22,106.09,107.24,105.9501,107.18
2020-07-23,107.09,107.92,106.38,107
2020-07-24,106.67,106.8377,105.85,106.22
2020-07-27,106.29,106.72,105.57,106.65
2020-07-28,106.31,106.78,105.87,106
2020-07-29,106.4,107.97,106.4,107.74
2020-07-30,106.56,107.07,105.66,106.89
2020-07-31,106.75,106.84,105.21,106.84
2020-08-03,107.02,107.45,106.43,107.1
2020-08-04,106.96,107.72,106.9,107.63
2020-08-05,108.32,108.6,108.16,108.5
2020-08-06,108.13,108.57,107.88,108.42
2020-08-07,108.03,109.52,107.9657,109.52
2020-08-10,109.73,110.78,109.7,110.67
2020-08-11,111.81,112.3,110.23,110.55
2020-08-12,111.52,111.7,110.8,111.2
2020-08-13,110.7,111.22,110.349,110.66
2020-08-14,110.37,111.2979,110.27,110.98
2020-08-17,111.14,111.19,110.72,111.03
2020-08-18,111,111.03,110.212,110.39
2020-08-19,110.54,110.86,109.73,109.96
2020-08-20,109.21,109.74,108.88,109.45
2020-08-21,109.31,109.41,108.9,109.25
2020-08-24,109.89,111.04,109.56,111.04
2020-08-25,111.5,111.6,110.4122,111.04
2020-08-26,110.9,111.11,110.44,110.85
2020-08-27,111.25,111.88,111.03,111.42
2020-08-28,111.83,112.41,111.31,112.34
2020-08-31,112.13,112.3,111.4,111.4
2020-09-01,111.12,111.99,110.71,111.97
2020-09-02,112.21,114.31,112.09,113.96
2020-09-03,113.85,114.4542,110.49,111.34
2020-09-04,112.13,112.4,109.4509,111.08
2020-09-08,109.97,109.97,108.54,108.77
2020-09-09,109.62,110.855,109.38,110.03
2020-09-10,110.3,110.94,108.27,108.45
2020-09-11,109.01,109.5,108.06,109.02
2020-09-14,109.9,111.14,109.782,110.78
2020-09-15,111.34,111.72,110.75,110.89
2020-09-16,111.5,112.94,111.3,111.63
2020-09-17,110.24,111.56,109.71,111.15
2020-09-18,111.23,111.32,109.23,109.81
2020-09-21,107.51,107.62,105.41,106.56
2020-09-22,106.67,107.49,106.13,107.06
2020-09-23,107.31,107.84,104.71,104.76
2020-09-24,104.5,106.14,103.48,104.93
2020-09-25,104.5,106.67,104.3,106.39
2020-09-28,107.75,108.81,107.63,108.44
2020-09-29,108.42,108.46,107.03,107.57
2020-09-30,107.9,109.2299,107.405,108.11
2020-10-01,108.65,109.21,107.71,108.5
2020-10-02,106.77,109.4,106.7059,108.98
2020-10-05,109.72,111.01,109.72,110.89
2020-10-06,111.45,112.3899,109.57,109.75
2020-10-07,110.84,112.06,110.84,111.75
2020-10-08,112.41,113.42,112.28,113.4
2020-10-09,114.02,114.31,113.23,113.57
2020-10-12,114.06,114.68,113.743,114.45
2020-10-13,113.95,114.15,112.96,113.29
2020-10-14,113.45,114.1284,112.8715,112.98
2020-10-15,111.74,113.5786,111.5701,113.5
2020-10-16,113.76,114.08,113.27,113.4
2020-10-19,113.62,114,111.66,111.89
2020-10-20,112.49,113.66,112.34,112.5
2020-10-21,112.425,113,112.05,112.12
2020-10-22,112.24,113.6598,111.862,113.55
2020-10-23,114.13,114.25,113.21,114.15
2020-10-26,112.92,112.92,110.3894,111.49
2020-10-27,111.51,111.61,110.13,110.15
2020-10-28,108.04,108.795,106.62,106.78
2020-10-29,106.61,108.68,105.95,107.86
2020-10-30,107.25,107.95,106,107.51
2020-11-02,108.99,110.06,108.28,109.91
2020-11-03,111.38,112.82,111.28,112.2
2020-11-04,112.68,114.18,111.3,112.29
2020-11-05,113.61,115.0648,113.51,114.47
2020-11-06,114.38,114.82,113.689,114
2020-11-09,121.13,122.46,118.74,118.89
2020-11-10,118.93,119.8,118.4146,119.54
2020-11-11,120.33,120.355,118.73,119.32
2020-11-12,118.56,118.855,116.5,117.46
2020-11-13,118.33,120.35,118.2,120.05
2020-11-16,122.33,122.61,121.13,122.56
2020-11-17,121.75,122.56,120.65,122.27
2020-11-18,122.54,123.005,120.77,120.82
2020-11-19,120.44,121.49,119.82,121.43
2020-11-20,121.39,121.5,120.5746,120.74
2020-11-23,121.65,122.89,121.55,122.53
2020-11-24,124.22,125.43,123.81,125.2
2020-11-25,124.87,124.87,123.77,124.27
2020-11-27,124.57,124.68,123.89,124.21
2020-11-30,123.88,123.96,122.38,122.88
2020-12-01,124.42,124.98,123.92,124.02
2020-12-02,123.71,124.5,123.3,124.37
2020-12-03,124.6,125.75,124.3979,125.07
2020-12-04,125.66,127.1,125.66,127.08
2020-12-07,126.87,126.89,125.98,126.45
2020-12-08,125.71,127.07,125.6262,126.8
2020-12-09,127.33,127.45,125.6683,126.39
2020-12-10,125.64,126.67,125.51,126.5
2020-12-11,125.67,126.19,124.8255,125.72
2020-12-14,127.01,127.2317,124.76,124.82
2020-12-15,125.65,126.915,125.21,126.89
2020-12-16,127.1,127.1,126.19,126.62
2020-12-17,127.21,127.39,126.7,127.34
2020-12-18,127.54,127.61,126.15,127.04
2020-12-21,124.58,125.92,123.52,125.59
2020-12-22,125.66,125.675,124.9106,125.11
2020-12-23,125.6,126.44,125.5395,125.84
2020-12-24,125.99,126.16,125.4484,126.08
2020-12-28,127.02,127.24,126.315,126.46
2020-12-29,126.94,127.11,125.44,125.83
2020-12-30,126.03,127.01,126.03,126.73
2020-12-31,126.71,127.7,126.09,127.54
2021-01-04,127.96,128.22,124.62,125.7
2021-01-05,125.56,127.4,125.535,126.77
2021-01-06,127.36,130.6321,127.34,129.8
2021-01-07,130.7,131.5,130.425,131.09
2021-01-08,131.62,131.68,129.94,131.32
2021-01-11,130.1,131.4634,129.931,131.17
2021-01-12,131.33,132.3384,131.1,132.2
2021-01-13,132.07,132.24,131.32,131.77
2021-01-14,132.3,132.98,132.06,132.21
2021-01-15,131.31,131.62,130.0101,131.22
2021-01-19,132.15,132.21,131.413,131.85
2021-01-20,132.27,132.8416,131.84,132.67
2021-01-21,132.52,132.81,131.7644,132
2021-01-22,131.21,131.7,130.64,131.44
2021-01-25,131,131.75,129.82,131.32
2021-01-26,131.79,132,130.48,130.67
2021-01-27,128.88,129.255,127.01,127.66
2021-01-28,128.47,129.92,128.45,128.79
2021-01-29,128.46,128.8631,125.8312,126.5
2021-02-01,127.54,128.5303,126.7421,128.18
2021-02-02,129.35,130.54,129.19,129.87
2021-02-03,129.64,130.47,129.28,130.21
2021-02-04,130.5,131.89,130.3767,131.87
2021-02-05,132.76,132.9793,132.305,132.55
2021-02-08,133.24,134.1,132.97,134.1
2021-02-09,133.88,134.34,133.47,134.05
2021-02-10,134.67,134.92,133.55,134.46
2021-02-11,134.71,135.05,133.38,134.5
2021-02-12,134.15,135.37,134.09,135.31
2021-02-16,135.94,136.03,135.1,135.41
2021-02-17,134.98,135.385,134.325,135.34
2021-02-18,134.55,134.92,133.8,134.58
2021-02-19,135.26,135.9781,135.23,135.6
2021-02-22,134.99,136.61,134.99,135.83
2021-02-23,135.69,136.6498,133.85,136.19
2021-02-24,136.13,138.54,135.99,138.34
2021-02-25,138.29,138.43,134.57,135.12
2021-02-26,135.48,135.75,133.13,134.2
2021-03-01,135.96,137.95,135.96,137.24
2021-03-02,137.28,137.49,136.3103,136.56
2021-03-03,136.61,137.48,135.86,135.86
2021-03-04,135.83,136.4,132.002,134.01
2021-03-05,135.77,137.46,132.6,137.07
2021-03-08,137.64,139.75,137.15,137.97
2021-03-09,139.08,139.51,138.06,138.17
2021-03-10,138.73,140.17,138.66,139.59
2021-03-11,140.13,141.37,139.815,140.53
2021-03-12,140.7,141.62,140.5,141.6
2021-03-15,141.89,142.88,141.1,142.8
2021-03-16,142.6,142.6264,141.14,141.48
2021-03-17,141.19,142.25,140.56,142.21
2021-03-18,141.76,142.9299,140.52,140.82
2021-03-19,140.8,141.479,139.411,140.56
2021-03-22,140.16,140.56,139.449,140.1
2021-03-23,139.59,139.86,137.63,138.08
2021-03-24,138.76,139.82,137.9,137.9
2021-03-25,137.47,139.87,136.56,139.56
2021-03-26,140.38,142.27,139.98,142.17
2021-03-29,141.65,142.09,140.67,141.43
2021-03-30,141.05,141.97,140.95,141.7
2021-03-31,141.88,142.37,141.47,141.66
2021-04-01,142.14,143.09,141.77,143.08
2021-04-05,144.18,144.5901,143.77,144.38
2021-04-06,144.29,144.97,144.23,144.57
2021-04-07,144.65,144.76,143.66,144.03
2021-04-08,144.29,144.33,143.425,144.3
2021-04-09,144.51,145.16,144.17,145.13
2021-04-12,145.15,145.46,144.85,145.38
2021-04-13,145.0499,145.39,144.385,145.13
2021-04-14,145.17,146.085,145.09,145.36
2021-04-15,146.07,146.5895,145.56,146.5
2021-04-16,147.22,147.4,146.74,147.15
2021-04-19,146.98,147.02,146.03,146.46
2021-04-20,146.11,146.2,144.805,145.37
2021-04-21,145.27,147.35,145.11,147.29
2021-04-22,147.38,147.79,145.98,146.36
2021-04-23,146.59,148.35,146.44,147.94
2021-04-26,148.2,148.66,147.9,148.19
2021-04-27,148.19,148.49,147.8547,148.35
2021-04-28,148.46,148.76,148.15,148.39
2021-04-29,149.19,149.5186,148.27,149.36
2021-04-30,148.66,148.94,147.91,148.28
2021-05-03,149.14,149.81,148.77,149.16
2021-05-04,148.64,149,147.64,148.99
2021-05-05,149.43,149.73,148.43,149.3
2021-05-06,149.31,150.12,148.37,150.06
2021-05-07,149.88,151.72,149.67,151.64
2021-05-10,152.04,152.85,151.05,151.13
2021-05-11,149.54,150.17,148.01,149.31
2021-05-12,148.67,149.08,145.78,146
2021-05-13,146.27,148.69,146.0701,147.97
2021-05-14,148.86,150.64,148.8165,150.29
2021-05-17,149.91,150.39,149.22,150.13
2021-05-18,150.32,150.36,148.79,148.8
2021-05-19,147.06,148.08,145.93,148.03
2021-05-20,148.3,149.65,148.03,149.15
2021-05-21,149.67,150.47,149.01,149.35
2021-05-24,150.12,150.71,149.78,150.21
2021-05-25,150.64,150.79,149.36,149.58
2021-05-26,149.79,150.19,149.56,150.09
2021-05-27,150.8,151.02,150.6,150.83
2021-05-28,151.35,151.4865,150.77,151.12
2021-06-01,152.19,152.33,151.23,151.62
2021-06-02,151.9,151.975,151.22,151.73
2021-06-03,151.07,151.79,150.41,151.51
2021-06-04,152.13,152.43,151.62,152.26
2021-06-07,152.53,152.53,151.75,151.99
2021-06-08,152.15,152.38,151.28,152.18
2021-06-09,152.38,152.38,151.49,151.49
2021-06-10,152.17,152.47,151.22,151.78
2021-06-11,152.02,152.29,151.6,152.18
2021-06-14,152.15,152.26,150.975,151.71
2021-06-15,151.85,152.07,151.17,151.73
2021-06-16,151.62,151.72,150.04,150.7
2021-06-17,150.51,150.91,148.19,149.22
2021-06-18,147.88,148.015,146.58,146.65
2021-06-21,147.18,149.12,147.08,149.05
2021-06-22,149.1,149.765,148.42,149.36
2021-06-23,149.49,149.76,149.07,149.11
2021-06-24,149.85,150.255,149.465,150.09
2021-06-25,150.49,151.315,150.325,151.14
2021-06-28,151.4,151.4218,149.9812,150.51
2021-06-29,150.8,151.27,150.3,150.4
2021-06-30,150.32,150.95,150.32,150.73
2021-07-01,151.23,151.98,151.14,151.78
2021-07-02,152.07,152.36,151.62,152.23
2021-07-06,152.11,152.11,149.87,150.9
2021-07-07,150.84,151.43,150.08,151.26
2021-07-08,149.34,150.45,148.62,149.87
2021-07-09,150.81,152.11,150.75,152
2021-07-12,151.63,152.54,151.22,152.49
2021-07-13,152.17,152.2542,151.01,151.05
2021-07-14,151.53,152.14,150.49,150.83
2021-07-15,150.12,150.79,149.658,150.43
2021-07-16,150.93,151.085,149.115,149.31
2021-07-19,147.19,147.42,145.61,146.61
2021-07-20,146.96,149.86,146.78,149.39
2021-07-21,150.15,151.09,150.13,150.89
2021-07-22,150.88,150.88,149.91,150.47
2021-07-23,151.21,151.87,150.68,151.72
2021-07-26,151.59,152.39,151.5,152.15
2021-07-27,151.66,152.01,151,151.88
2021-07-28,152.14,152.56,151.07,151.96
2021-07-29,152.66,153.59,152.54,153.1
2021-07-30,152.52,153.6298,152.48,152.68
2021-08-02,153.38,154.2987,152.38,152.45
2021-08-03,152.72,153.75,151.532,153.73
2021-08-04,152.97,153.39,152.28,152.28
2021-08-05,152.84,153.43,152.76,153.43
2021-08-06,153.92,154.3703,153.637,154.06
2021-08-09,153.82,154.08,153.265,153.71
2021-08-10,153.91,154.84,153.71,154.43
2021-08-11,154.75,155.43,154.27,155.42
2021-08-12,155.35,155.46,154.63,155.34
2021-08-13,155.48,155.62,155.13,155.32
2021-08-16,154.75,155.42,154.081,155.37
2021-08-17,154.48,154.53,152.94,154.2
2021-08-18,153.84,154.38,152.51,152.61
2021-08-19,151.45,152.81,151.22,152.27
2021-08-20,152.23,153.545,151.97,153.37
2021-08-23,154.25,154.87,154.16,154.52
2021-08-24,154.88,155.4395,154.801,155.15
2021-08-25,155.3,156.35,154.89,155.97
2021-08-26,155.85,155.89,154.75,154.9
2021-08-27,155.25,156.8,155.25,156.56
2021-08-30,156.69,156.88,156.17,156.33
2021-08-31,156.33,156.51,155.96,156.3
2021-09-01,156.69,156.69,155.772,156.33
2021-09-02,156.92,157.46,156.84,157.39
2021-09-03,157.08,157.22,156.7099,156.88
2021-09-07,156.61,156.86,155.43,155.57
2021-09-08,155.32,155.9,154.825,155.47
2021-09-09,155.35,156.24,154.97,155.03
2021-09-10,155.79,155.9,153.97,154.01
2021-09-13,155.15,155.33,153.67,154.44
2021-09-14,154.91,155.0099,153.015,153.34
2021-09-15,153.37,154.93,153.05,154.7
2021-09-16,154.63,155,153.6,154.41
2021-09-17,154.04,154.43,152.94,153.04
2021-09-20,150.15,150.7256,148.4,150.18
2021-09-21,151.05,151.31,149.44,149.64
2021-09-22,150.66,152.3,150.56,151.32
2021-09-23,152.13,154.4,152.0769,153.54
2021-09-24,153.09,154.155,153.06,153.8
2021-09-27,154.1,155.14,154.03,154.31
2021-09-28,153.87,153.98,151.79,152
2021-09-29,152.5,153.09,152.01,152.33
2021-09-30,152.76,152.76,149.77,149.82
2021-10-01,150.58,152.63,149.41,151.84
2021-10-04,151.57,152.51,150.22,150.88
2021-10-05,151.4401,152.91,150.89,151.96
2021-10-06,150.66,152.18,149.64,152.17
2021-10-07,153.22,154.49,153.22,153.46
2021-10-08,153.67,153.92,152.98,153.1
2021-10-11,153.21,154.12,152.23,152.26
2021-10-12,152.43,153.16,151.93,152.3
2021-10-13,152.33,152.99,151.047,152.55
2021-10-14,153.83,155.18,153.67,155.17
2021-10-15,156.09,156.57,155.63,155.7
2021-10-18,155.06,156.09,154.69,155.76
2021-10-19,156.4,156.74,155.89,156.67
2021-10-20,156.65,158.01,156.63,157.87
2021-10-21,157.64,158.08,157.14,158.06
2021-10-22,158.25,159.04,157.8,158.51
2021-10-25,158.85,159.35,158.2698,158.87
2021-10-26,159.29,159.385,158.51,158.56
2021-10-27,158.51,158.56,156.42,156.45
2021-10-28,156.8,158.06,156.75,158.04
2021-10-29,157.69,158.24,157.23,157.76
2021-11-01,158.28,159.1,158.11,159.02
2021-11-02,159.36,159.62,158.82,159.46
2021-11-03,158.99,160.56,158.97,160.4
2021-11-04,160.53,160.975,159.515,160.07
2021-11-05,161.3,162.14,160.73,161.29
2021-11-08,162,162.26,161.195,161.53
2021-11-09,161.54,161.87,160.85,161.51
2021-11-10,161.1,161.76,160.06,160.48
2021-11-11,160.77,161.02,160.45,160.87
2021-11-12,161.3,161.845,160.85,161.65
2021-11-15,162.17,162.23,161.61,161.93
2021-11-16,162.01,162.8,161.85,162.14
2021-11-17,161.97,162.06,160.9,161.28
2021-11-18,161.63,161.63,159.92,160.69
2021-11-19,160.37,160.45,159.53,159.65
2021-11-22,160.25,161.29,159.86,159.9
2021-11-23,160.07,160.77,159.36,160.56
2021-11-24,159.82,160.78,159.68,160.64
2021-11-26,157.24,157.57,155.78,156.46
2021-11-29,158.28,158.67,156.68,157.77
2021-11-30,156.57,156.75,153.545,153.59
2021-12-01,155.92,156.9106,151.57,151.68
2021-12-02,152.25,155.96,152.1,155.35
2021-12-03,156.08,156.348,153.17,154.5
2021-12-06,155.91,157.82,155.3,156.79
2021-12-07,158.38,160.2,158.28,159.44
2021-12-08,159.72,160.19,159.27,159.85
2021-12-09,159.21,159.65,158.69,158.71
2021-12-10,159.67,159.86,158.49,159.74
2021-12-13,159.54,159.54,157.992,158.58
2021-12-14,157.5535,158.825,157.15,157.63
2021-12-15,157.75,159.48,156.74,159.35
2021-12-16,160.19,160.87,158.5502,159.07
2021-12-17,158.49,159.28,155.81,156.96
2021-12-20,155,155.11,153.42,154.9
2021-12-21,156.16,158.11,156.0038,158.04
2021-12-22,157.91,159.19,157.79,159.15
2021-12-23,159.66,160.73,159.66,160.23
2021-12-27,160.51,162.29,160.24,162.28
2021-12-28,162.24,163.095,162.135,162.53
2021-12-29,162.54,163.32,162.36,163.01
2021-12-30,163.19,163.86,162.58,162.75
2021-12-31,162.58,163.45,162.46,162.75
2022-01-03,163.13,163.47,161.8,162.89
2022-01-04,163.6,164.62,163.59,164.2
2022-01-05,164.32,164.9,161.6,161.67
2022-01-06,162.35,163.02,161.16,162.03
2022-01-07,162.04,162.57,161.42,161.77
2022-01-10,161.09,161.28,158.801,160.96
2022-01-11,161.14,162.525,159.96,162.48
2022-01-12,162.98,163.46,161.845,162.61
2022-01-13,163.03,163.67,161.49,161.86
2022-01-14,160.79,161.725,159.75,161.58
2022-01-18,160.5,160.55,158.54,159.01
2022-01-19,159.71,160,157.3,157.36
2022-01-20,157.78,159.59,155.21,155.36
2022-01-21,155.15,156.04,152.82,153.09
2022-01-24,151.04,154.48,148.16,154.24
2022-01-25,152.05,154.3,149.64,152.78
2022-01-26,154.08,155.3573,150.145,151.55
2022-01-27,153.13,154.49,149.8601,150.7
2022-01-28,150.44,153.28,148.97,153.28
2022-01-31,152.54,155.76,152.29,155.64
2022-02-01,155.7,157.03,154.65,156.85
2022-02-02,156.98,158.17,156.27,157.87
2022-02-03,156.87,157.62,155.66,155.87
2022-02-04,155.24,156.93,154.16,155.73
2022-02-07,155.92,157.01,155.515,155.83
2022-02-08,155.96,157.56,155.43,157.26
2022-02-09,158.76,160.07,158.5835,159.92
2022-02-10,158,160.4531,156.67,157.4
2022-02-11,157.48,158.52,154.74,155.32
2022-02-14,155.38,155.75,153.07,154.08
2022-02-15,155.4,156.56,155.23,156.43
2022-02-16,155.8,157.39,155.46,156.95
2022-02-17,155.76,156,153.87,154.13
2022-02-18,154.01,155.12,152.85,153.55
2022-02-22,153.3,153.99,150.97,152.02
2022-02-23,153.01,153.43,149.49,149.67
2022-02-24,146.54,151.27,146.12,151.1
2022-02-25,151.48,155.18,151.46,155.16
2022-02-28,152.9,154.96,152.4,154.25
2022-03-01,153.58,154.475,150.62,151.6
2022-03-02,152.49,155.46,152.46,154.83
2022-03-03,155.55,155.87,153.41,154.51
2022-03-04,153.04,153.68,151.77,153.58
2022-03-07,153.14,153.35,149.22,149.33
2022-03-08,149.64,151.77,148.24,148.26
2022-03-09,150.91,152.27,150.5,151.4
2022-03-10,149.67,151.38,149.4,151.11
2022-03-11,151.95,152.41,149.41,149.52
2022-03-14,150.17,151.06,148.3601,148.97
2022-03-15,149.62,151.6,149.39,151.37
2022-03-16,152.47,154.24,150.88,154.23
2022-03-17,153.59,156.17,153.44,156.17
2022-03-18,155.63,157.34,155.31,157.17
2022-03-21,156.37,157.25,155.0624,156.08
2022-03-22,156.77,157.71,156.715,157.39
2022-03-23,156.7,156.92,155.11,155.14
2022-03-24,155.71,156.97,155.18,156.95
2022-03-25,157.34,158.09,156.591,158.02
2022-03-28,157.77,158.49,156.73,158.49
2022-03-29,159.86,161.235,159.57,161.12
2022-03-30,160.69,161.01,159.12,159.89
2022-03-31,159.67,160.2,157.63,157.71
2022-04-01,158.42,158.55,156.93,158.22
2022-04-04,158.31,158.68,157.49,158.56
2022-04-05,158.21,159.08,156.45,156.87
2022-04-06,155.79,156.57,154.94,156.08
2022-04-07,155.91,157.2,154.79,156.56
2022-04-08,156.5,157.805,155.99,156.89
2022-04-11,156.12,157.03,155.19,155.37
2022-04-12,155.93,157.27,154.35,154.85
2022-04-13,154.99,156.79,154.99,156.6
2022-04-14,156.8,157.54,155.48,155.53
2022-04-18,155.2,156.04,154.5,155.2
2022-04-19,155.3,158.21,155.3,157.95
2022-04-20,158.62,159.77,158.39,158.96
2022-04-21,160.25,160.475,156.34,156.66
2022-04-22,156.07,156.16,152.27,152.39
2022-04-25,151.5,153.03,149.41,152.85
2022-04-26,151.94,152.21,149.13,149.19
2022-04-27,149.53,151.03,148.57,149.47
2022-04-28,150.74,152.71,148.7299,152.07
2022-04-29,151.42,152.27,147.19,147.45
2022-05-02,147.6,148.83,144.74,147.85
2022-05-03,148.12,150.03,147.92,149.07
2022-05-04,149.3,153.46,148.17,153.22
2022-05-05,151.91,152.15,147.18,148.61
2022-05-06,147.77,148.21,145.21,147.25
2022-05-09,145.27,145.77,142.32,142.88
2022-05-10,144.73,145.33,140.66,142.51
2022-05-11,142.49,144.87,140.52,140.67
2022-05-12,140,142.25,138.88,141.27
2022-05-13,142.59,145.085,142.48,144.5
2022-05-16,144.02,145.13,142.97,143.99
2022-05-17,146.03,147.07,144.95,147.04
2022-05-18,145.56,145.59,141.01,141.51
2022-05-19,140.2,142.78,139.88,141.19
2022-05-20,142.36,142.57,138.12,141.19
2022-05-23,142.58,143.59,141.17,143.18
2022-05-24,142.21,142.7,139.81,142.29
2022-05-25,141.84,144.47,141.77,143.93
2022-05-26,144.77,147.61,144.77,146.97
2022-05-27,147.78,150.34,147.75,150.34
2022-05-31,149.46,150.12,148.14,148.93
2022-06-01,149.58,149.89,146.13,147.35
2022-06-02,147.45,149.98,146.69,149.94
2022-06-03,148.62,149.17,147.89,148.17
2022-06-06,149.37,149.908,148.35,148.71
2022-06-07,147.42,150.28,147.28,150.13
2022-06-08,149.43,149.72,147.71,148.01
2022-06-09,147.41,147.71,144.65,144.65
2022-06-10,142.386,142.5,140.71,140.71
2022-06-13,137.42,137.89,134.3901,135.05
2022-06-14,135.79,136.1219,133.155,134.35
2022-06-15,135.55,137.42,133.45,135.64
2022-06-16,132.85,132.85,129.92,130.84
2022-06-17,131.15,132.26,129.56,131.14
2022-06-21,132.38,133.26,132.04,132.69
2022-06-22,131.07,133.82,130.8909,132.62
2022-06-23,133.22,133.97,131.99,133.72
2022-06-24,134.85,138.12,134.8,138.07
2022-06-27,138.49,138.78,137.27,138
2022-06-28,138.75,139.94,135.78,135.9
2022-06-29,135.94,135.97,134.3,135.07
2022-06-30,133.54,135.45,132.5,134.23
2022-07-01,133.98,136.18,133.2,135.87
2022-07-05,134.03,135.567,132.46,135.55
2022-07-06,135.52,136.51,134.4,135.58
2022-07-07,136.45,137.855,136.43,137.55
2022-07-08,137.37,137.94,136.28,137.04
2022-07-11,136.04,136.53,135.55,135.78
2022-07-12,135.25,136.69,134.51,135.13
2022-07-13,133.31,135.22,132.8,134.38
2022-07-14,132.235,133.49,131.48,133.32
2022-07-15,134.91,135.89,133.86,135.85
2022-07-18,136.96,137.29,134.8,135.26
2022-07-19,136.68,139.42,136.68,139.14
2022-07-20,138.97,140.4143,138.71,140.07
2022-07-21,139.59,141.16,138.9117,141.16
2022-07-22,141.41,141.97,139.46,140.34
2022-07-25,140.6,140.97,139.705,140.69
2022-07-26,140.25,140.26,139.25,139.59
2022-07-27,140.33,142.82,140.09,142.3
2022-07-28,142.6377,144.68,141.54,144.55
2022-07-29,144.53,146.2,144.21,145.84
2022-08-01,145.11,146.045,144.3648,145.56
2022-08-02,145.02,146.26,144.24,144.53
2022-08-03,145.28,146.41,144.77,146.03
2022-08-04,145.85,146.175,145.5,145.72
2022-08-05,144.42,146.07,144.31,145.88
2022-08-08,146.675,147.7,146.03,146.29
2022-08-09,146.1,146.21,145.01,145.44
2022-08-10,147.84,148.76,147.63,148.55
2022-08-11,149.59,150.9,148.95,149.21
2022-08-12,149.89,151.64,149.68,151.62
2022-08-15,150.72,152.13,150.6445,151.95
2022-08-16,151.51,153.1,151.39,152.39
2022-08-17,151.03,151.81,150.13,150.96
2022-08-18,151.05,151.64,150.66,151.44
2022-08-19,150.41,150.56,149.0199,149.44
2022-08-22,147.75,147.75,145.9401,146.32
2022-08-23,146.39,147.17,145.7575,145.94
2022-08-24,145.97,147.17,145.72,146.67
2022-08-25,147.27,148.93,147.07,148.93
2022-08-26,149.1,149.1285,144.065,144.13
2022-08-29,143.07,144.47,142.69,143.29
2022-08-30,143.73,143.775,141.175,141.78
2022-08-31,142.28,142.72,140.607,140.76
2022-09-01,139.81,140.99,138.64,140.88
2022-09-02,142.34,142.95,139.21,139.86
2022-09-06,140.3,140.49,138.525,139.47
2022-09-07,139.35,142.76,139.33,142.53
2022-09-08,141.69,143.82,141.12,143.76
2022-09-09,144.73,146.11,144.5,145.74
2022-09-12,146.59,147.4487,146.26,147.1
2022-09-13,143.96,144.345,140.87,141.28
2022-09-14,141.55,141.8,140.07,141.27
2022-09-15,140.86,142.26,139.785,140.15
2022-09-16,138.6099,139.04,137.58,138.75
2022-09-19,136.86,139.22,136.86,139.15
2022-09-20,138.01,138.095,135.92,136.91
2022-09-21,137.64,138.8,134.64,134.64
2022-09-22,134.56,134.71,132.6,132.71
2022-09-23,131.38,131.38,128.69,130.48
2022-09-26,129.99,130.98,128.09,128.59
2022-09-27,129.86,130.57,127.26,128.18
2022-09-28,128.95,131.81,128.45,131.16
2022-09-29,129.97,130,127.74,128.68
2022-09-30,128.57,129.85,127.08,127.28
2022-10-03,128.67,131.6,127.94,130.83
2022-10-04,132.85,135.3625,132.81,135.34
2022-10-05,133.69,135.69,132.8,134.81
2022-10-06,134.26,135.2989,133.08,133.31
2022-10-07,132.01,132.2,129.39,130.15
2022-10-10,130.61,130.76,128.4,129.27
2022-10-11,128.79,130.44,127.7331,128.69
2022-10-12,128.74,129.14,127.91,128.02
2022-10-13,125.46,131.7,124.915,131.1
2022-10-14,131.98,132.7,127.92,128.2
2022-10-17,130.31,131.68,130.31,130.99
2022-10-18,133.51,134.21,131.67,132.93
2022-10-19,132.01,132.78,130.37,131.36
2022-10-20,131.53,132.77,129.62,129.9
2022-10-21,129.89,133.06,129.28,132.87
2022-10-24,133.5229,134.72,132.67,134.35
2022-10-25,134.36,137.05,134.27,136.93
2022-10-26,137.06,138.87,136.805,137.2
2022-10-27,138,139.15,137.17,137.33
2022-10-28,137.4,140.33,137.22,140.18
2022-10-31,139.44,140.45,139.11,139.56
2022-11-01,141.03,141.23,139.2499,139.9
2022-11-02,139.64,143.55,136.49,136.49
2022-11-03,135.0827,136.74,134.09,135.8
2022-11-04,137.6988,138.84,135.74,137.91
2022-11-07,138.47,139.195,137.54,139.01
2022-11-08,139.36,141.13,138.34,139.84
2022-11-09,138.92,139.7,137.12,137.33
2022-11-10,142.07,144.88,141.75,144.69
2022-11-11,145.18,146.58,144.74,146.08
2022-11-14,145.56,146.62,144.41,144.49
2022-11-15,146.64,146.96,144.46,145.85
2022-11-16,145.14,145.32,144.01,144.3
2022-11-17,142.37,143.4925,141.75,143.46
2022-11-18,144.91,145.16,143.34,144.53
2022-11-21,143.91,144.67,143.56,144.47
2022-11-22,145.26,146.46,144.93,146.39
2022-11-23,146.15,147.24,146.0799,147
2022-11-25,147,147.5,147,147.5
2022-11-28,146.28,146.74,144.58,144.87
2022-11-29,145.14,145.79,144.63,145.33
2022-11-30,145.5,148.89,144.32,148.82
2022-12-01,149.62,150.2,148.345,149.03
2022-12-02,147.17,149.36,147.17,148.94
2022-12-05,147.88,147.97,145.62,146.06
2022-12-06,146.1,146.27,143.4693,144.46
2022-12-07,144.06,145.27,143.91,144.22
2022-12-08,145.07,145.87,144.51,145.15
2022-12-09,144.6599,145.41,143.97,144.03
2022-12-12,144.27,146.15,143.87,146.15
2022-12-13,150.08,150.08,146.12,147.17
2022-12-14,147.1,148.36,145.23,146.3
2022-12-15,144.46,144.72,142.55,143.09
2022-12-16,141.83,142.24,140.43,141.36
2022-12-19,140.8599,141.15,138.96,139.63
2022-12-20,139.46,140.36,139.01,139.77
2022-12-21,140.94,142.27,140.78,141.93
2022-12-22,140.83,140.885,138.01,140.39
2022-12-23,140.28,141.34,139.57,141.29
2022-12-27,141.42,141.85,140.56,141.38
2022-12-28,141.48,141.9001,139.32,139.35
2022-12-29,140.28,142.215,140.14,141.83
2022-12-30,140.94,141.34,139.96,141.25
2023-01-03,142.08,142.84,140,141.12
2023-01-04,142.08,143.92,141.85,143.32
2023-01-05,142.39,142.53,141.4,141.83
2023-01-06,143.322,145.64,142.3101,145.23
2023-01-09,145.97,147.15,145.22,145.29
2023-01-10,145.1,146.41,144.65,146.38
2023-01-11,146.97,148.18,146.8,148.16
2023-01-12,148.61,149.24,147.22,148.72
2023-01-13,147.53,149.27,147.31,149.07
2023-01-17,148.97,149.66,148.555,148.74
2023-01-18,149.33,149.675,146.37,146.45
2023-01-19,145.55,145.82,144.37,144.94
2023-01-20,145.44,147.54,144.56,147.46
2023-01-23,147.79,149.95,147.5,149.33
2023-01-24,148.9,149.37,148.03,148.98
2023-01-25,147.73,149.35,146.945,149.32
2023-01-26,150.15,150.61,148.995,150.52
2023-01-27,150.21,151.54,149.98,150.8
2023-01-30,149.73,150.86,149.1,149.2
2023-01-31,149.58,151.73,149.24,151.73
2023-02-01,150.94,154.29,150.23,153.28
2023-02-02,154.35,155.715,153.7,154.96
2023-02-03,153.38,154.28,152.63,153.06
2023-02-06,152.07,152.46,151.47,151.98
2023-02-07,151.64,153.85,150.77,153.4
2023-02-08,152.59,153.14,151.6,151.89
2023-02-09,153.07,153.36,150.06,150.5
2023-02-10,150.09,151.0993,149.81,150.96
2023-02-13,151.14,152.67,150.85,152.65
2023-02-14,152.26,153.4571,151.02,152.36
2023-02-15,151.6,153.1,151.3,153.08
2023-02-16,151.29,152.74,150.93,151.35
2023-02-17,150.71,151.15,149.81,151.03
2023-02-21,149.71,149.8,147.52,147.75
2023-02-22,147.85,148.515,146.99,147.57
2023-02-23,148.47,148.81,146.56,148.12
2023-02-24,146.37,147.16,145.67,146.85
2023-02-27,148.1,148.67,146.68,147.03
2023-02-28,147.08,147.76,146.6,146.6
2023-03-01,146.35,146.89,145.74,146.33
2023-03-02,145.77,147.79,145.3,147.48
2023-03-03,148.18,149.72,147.61,149.55
2023-03-06,149.725,150.21,148.6042,148.83
2023-03-07,148.87,149.02,146.215,146.43
2023-03-08,146.49,147.17,145.88,146.74
2023-03-09,146.85,147.29,143.185,143.5
2023-03-10,143.13,143.5106,139.65,140.47
2023-03-13,138.01,140.7,137.02,138.75
2023-03-14,141.22,141.948,139.11,140.7
2023-03-15,138.11,138.73,136.67,138.73
2023-03-16,137.52,140.69,137.14,140.4
2023-03-17,139.96,139.96,137.58,138.03
2023-03-20,137.89,139.665,137.89,139.12
2023-03-21,140.7,141.2584,140.1397,140.98
2023-03-22,140.99,141.49,137.68,137.81
2023-03-23,138.52,139.89,136.37,137.35
2023-03-24,136.61,138.62,135.79,138.52
2023-03-27,139.71,140.15,138.86,139.44
2023-03-28,139.23,140.13,139.1,139.72
2023-03-29,141,141.93,140.83,141.82
2023-03-30,142.94,143.18,141.931,142.52
2023-03-31,143.08,144.68,143.08,144.62
2023-04-03,144.72,145.29,144.06,144.74
2023-04-04,145.03,145.1,142.65,143.29
2023-04-05,142.85,143.41,142.37,142.99
2023-04-06,142.83,143.28,142.375,143.09
2023-04-10,142.49,144,142.36,143.96
2023-04-11,144.39,145.44,144.32,144.9
2023-04-12,145.81,145.87,143.98,144.2
2023-04-13,144.45,145.561,143.86,145.31
2023-04-14,145.28,145.9865,143.91,144.65
2023-04-17,144.71,145.64,144.44,145.63
2023-04-18,146.04,146.205,145.1184,145.64
2023-04-19,145,145.85,144.87,145.68
2023-04-20,144.72,145.4,144.39,144.88
2023-04-21,145.13,145.13,144.13,144.92
2023-04-24,144.86,145.2925,144.59,145.19
2023-04-25,144.4,144.4264,142.64,142.72
2023-04-26,142.4,142.48,140.94,141.23
2023-04-27,141.82,143.58,141.43,143.55
2023-04-28,143.26,145.19,143.23,145.14
2023-05-01,145.03,145.83,144.86,145.01
2023-05-02,144.53,144.53,141.45,142.84
2023-05-03,143.1,144.25,141.89,142.01
2023-05-04,141.69,141.91,140.16,140.66
2023-05-05,141.9,143.43,141.9,143.03
2023-05-08,143.42,143.44,142.3,142.77
2023-05-09,142.12,142.58,141.76,142.24
2023-05-10,143.26,143.43,140.92,142.22
2023-05-11,141.61,141.75,140.7783,141.51
2023-05-12,142.04,142.18,140.605,141.52
2023-05-15,141.73,142.54,141.26,142.32
2023-05-16,141.86,141.86,140.29,140.31
2023-05-17,141.06,142.395,140.42,142.09
2023-05-18,141.87,143.39,141.61,143.24
2023-05-19,143.68,143.87,142.33,142.86
2023-05-22,142.94,143.68,142.22,143.08
2023-05-23,142.6,143.1,141.44,141.55
2023-05-24,140.93,141.01,139.73,140.01
2023-05-25,140.18,140.4,138.95,139.92
2023-05-26,140.21,141.27,140.03,141.09
2023-05-30,141.37,141.72,140.36,140.84
2023-05-31,140.13,140.22,138.81,139.61
2023-06-01,139.87,141.11,139.05,140.66
2023-06-02,141.9,144.03,141.83,143.73
2023-06-05,143.91,143.96,143,143.24
2023-06-06,143.17,144.42,143.03,144.21
2023-06-07,144.48,145.465,144.155,145.27
2023-06-08,145.05,145.545,144.3401,145.33
2023-06-09,145.5,145.84,144.83,145.16
2023-06-12,145.45,146.21,145,146.12
2023-06-13,146.59,147.75,146.4,147.53
2023-06-14,147.92,148.46,146.415,147.25
2023-06-15,146.95,149.3,146.95,148.95
2023-06-16,149.61,149.88,148.6,148.83
2023-06-20,147.47,147.49,146.29,146.84
2023-06-21,146.4,147.16,145.83,146.63
2023-06-22,146.42,146.55,145.465,146.03
2023-06-23,145.01,145.48,144.52,144.77
2023-06-26,144.77,146.035,144.77,145.65
2023-06-27,145.86,147.64,145.5899,147.43
2023-06-28,147.17,147.315,146.48,147.18
2023-06-29,147.13,148.35,146.8375,148.33
2023-06-30,149.25,150.015,148.89,149.64
2023-07-03,149.35,150.24,149.15,150.01
2023-07-05,149.39,149.83,148.87,149.37
2023-07-06,148,148.29,146.94,148.15
2023-07-07,147.91,149.795,147.82,148.52
2023-07-10,148.42,150.03,148.36,149.85
2023-07-11,150.22,151.715,150.19,151.54
2023-07-12,152.97,153.02,152.065,152.24
2023-07-13,152.69,153.195,152.34,152.96
2023-07-14,153.1,153.1,151.68,152.06
2023-07-17,151.78,152.77,151.32,152.35
2023-07-18,152.35,153.5968,152.22,153.29
2023-07-19,153.59,154.32,153.43,154.05
2023-07-20,153.89,154.17,153.35,153.89
2023-07-21,154.4,154.588,153.63,154.11
2023-07-24,154.4,154.83,154.055,154.54
2023-07-25,154.34,155.08,154.1101,154.65
2023-07-26,154.35,155.33,154.26,155
2023-07-27,155.77,155.77,153.37,153.64
2023-07-28,155.05,155.1,153.79,154.4
2023-07-31,154.75,155.19,154.35,154.88
2023-08-01,154.18,154.65,153.775,154.25
2023-08-02,153.07,153.53,152.45,152.78
2023-08-03,152.2,152.535,151.44,152.02
2023-08-04,152.35,153.13,151.15,151.34
2023-08-07,151.92,152.71,151.87,152.62
2023-08-08,151.26,152.01,150.395,151.86
2023-08-09,151.98,152.44,151.2,151.42
2023-08-10,152.16,153.11,150.91,151.24
2023-08-11,150.77,151.68,150.63,151.27
2023-08-14,150.99,151.26,150.45,151.24
2023-08-15,150.34,150.39,149.0931,149.25
2023-08-16,149.05,149.67,148.12,148.16
2023-08-17,148.74,148.83,146.93,147.02
2023-08-18,146.13,147.52,145.92,147.28
2023-08-21,147.41,147.684,146.24,147.25
2023-08-22,147.53,147.74,146.52,146.67
2023-08-23,146.98,148.02,146.66,147.89
2023-08-24,147.79,148.81,146.45,146.47
2023-08-25,147.07,147.805,145.96,147.21
2023-08-28,147.88,148.69,147.77,148.31
2023-08-29,148.41,150.02,148.15,149.98
2023-08-30,150.06,150.67,149.905,150.45
2023-08-31,150.71,150.77,149.87,149.92
2023-09-01,150.86,151.17,150.1,150.54
2023-09-05,150.31,150.31,148.63,148.68
2023-09-06,148.41,148.795,147.44,148.17
2023-09-07,147.76,148.09,147.0625,147.58
2023-09-08,147.78,148.03,147.385,147.65
2023-09-11,148.33,148.5801,147.62,147.89
2023-09-12,147.55,148.3657,147.515,147.7
2023-09-13,147.84,148.03,146.69,147.11
2023-09-14,148.11,148.93,147.96,148.83
2023-09-15,148.35,148.71,147.44,147.58
2023-09-18,146.9,147.0473,146.21,146.59
2023-09-19,146.58,146.75,145.66,146.35
2023-09-20,146.91,147.405,145.63,145.68
2023-09-21,145.02,145.17,143.18,143.26
2023-09-22,143.51,143.69,142.56,142.69
2023-09-25,142.08,143.08,142.05,143.05
2023-09-26,142.25,142.6,140.91,141.04
2023-09-27,141.65,141.81,140.14,141.09
2023-09-28,141.09,142.6,141.09,142.07
2023-09-29,142.99,143.21,141.28,141.69
2023-10-02,141.2499,141.48,139.405,140.09
2023-10-03,139.3,139.92,137.905,138.41
2023-10-04,138.77,139.33,137.505,139.2
2023-10-05,139.1,139.39,137.96,138.8
2023-10-06,138.12,140.74,137.32,140
2023-10-09,139.42,141.21,139.33,141
2023-10-10,141.37,142.9181,141.28,142.08
2023-10-11,142.22,142.69,141.39,142.38
2023-10-12,142.57,142.61,139.78,140.6
2023-10-13,141.02,141.45,139.69,140.29
2023-10-16,141.28,142.3,140.66,142.04
2023-10-17,141.21,143.5,141.21,142.74
2023-10-18,142.03,142.11,140.285,140.48
2023-10-19,140.45,141.061,138.515,138.74
2023-10-20,138.46,138.69,136.97,137.01
2023-10-23,136.34,137.63,135.89,136.14
2023-10-24,136.8,137.65,136.34,137.01
2023-10-25,136.36,136.6,135.31,135.5
2023-10-26,135.39,136.42,135.02,135.22
2023-10-27,135.56,135.56,133.34,133.66
2023-10-30,134.505,135.045,133.5399,134.71
2023-10-31,135.03,135.97,134.5,135.83
2023-11-01,135.87,136.545,135.17,136.29
2023-11-02,137.43,139.42,137.38,139.31
2023-11-03,140.82,142.25,140.77,141.59
2023-11-06,141.71,141.84,140.3821,140.85
2023-11-07,140.59,140.9201,140.0699,140.55
2023-11-08,140.72,140.9381,139.73,140.32
2023-11-09,140.88,140.94,139.04,139.13
2023-11-10,139.71,140.89,139.03,140.76
2023-11-13,140.31,140.96,140.06,140.58
2023-11-14,142.78,145.04,142.77,144.59
2023-11-15,144.89,146.23,144.89,145.27
2023-11-16,145.15,145.53,144.3533,144.79
2023-11-17,145.45,145.66,144.955,145.49
2023-11-20,145.33,146.415,144.83,146.07
2023-11-21,145.82,146.08,145.49,145.8
2023-11-22,146.26,146.86,146.01,146.48
2023-11-24,146.43,147.03,146.35,146.91
2023-11-27,146.55,146.83,146.12,146.61
2023-11-28,146.43,147.1501,146.09,146.47
2023-11-29,147.12,148.08,146.85,147.05
2023-11-30,147.55,148.37,146.87,148.3
2023-12-01,148.16,150.575,148.01,150.53
2023-12-04,149.53,151.01,149.53,150.6
2023-12-05,149.9799,150.02,148.94,149.26
2023-12-06,149.97,150.62,149.18,149.31
2023-12-07,149.79,150.27,149.41,150.1
2023-12-08,149.97,150.95,149.89,150.57
2023-12-11,150.76,151.93,150.68,151.91
2023-12-12,151.98,152.38,151.23,152.18
2023-12-13,152.16,155.45,151.93,155.41
2023-12-14,156.6601,158.25,156.6601,157.53
2023-12-15,157.29,157.31,155.875,156.41
2023-12-18,156.4,156.51,155.6304,155.87
2023-12-19,156.4,157.25,156.2,157.18
2023-12-20,156.8,157.3799,154.515,154.58
2023-12-21,155.83,156.52,155.07,156.48
2023-12-22,156.92,157.585,156.34,157.01
2023-12-26,157.29,158.315,157.05,157.91
2023-12-27,158.08,158.32,157.59,158.06
2023-12-28,158.06,158.6,158.05,158.41
2023-12-29,158.04,158.53,157.33,157.8
2024-01-02,157.02,158.345,156.77,157.85
2024-01-03,156.98,156.98,155.3,155.52
2024-01-04,155.46,156.29,155.195,155.26
2024-01-05,155.01,156.6,154.83,155.71
2024-01-08,155.66,157.38,155.3,157.38
2024-01-09,156.38,157.08,156.07,156.58
2024-01-10,156.58,157.145,156.0701,156.85
2024-01-11,156.8,156.83,155.155,156.4
2024-01-12,157.14,157.38,155.71,156.05
2024-01-16,155.36,155.47,154.52,155.06
2024-01-17,153.87,154.6,153.1,153.84
2024-01-18,154.03,154.77,153.16,154.63
2024-01-19,154.99,156.15,154.07,155.82
2024-01-22,156.29,157.21,156.25,156.64
2024-01-23,157,157.39,156.17,156.72
2024-01-24,157.7,157.71,155.81,155.91
2024-01-25,157.17,157.5,156.3599,157.48
2024-01-26,157.66,157.98,157.2,157.5
2024-01-29,157.34,158.52,157.081,158.46
2024-01-30,158.01,158.84,157.85,158.49
2024-01-31,158.48,158.59,156.38,156.46
2024-02-01,156.79,158.38,155.79,158.28
2024-02-02,157.61,158.91,156.74,158.14
2024-02-05,157.36,157.43,156.125,156.78
2024-02-06,156.95,157.865,156.76,157.77
2024-02-07,158.51,158.77,157.62,158.39
2024-02-08,158.43,158.835,157.97,158.74
2024-02-09,158.69,159.08,158.145,158.93
2024-02-12,159,160.53,158.99,160.01
2024-02-13,157.85,158.21,156.16,157.35
2024-02-14,158.15,158.895,157.59,158.79
2024-02-15,159.42,160.91,159.37,160.76
2024-02-16,160.19,161.09,159.88,160.03
2024-02-20,159.3,159.96,159.24,159.66
2024-02-21,159.25,160.03,158.92,159.98
2024-02-22,160.82,161.98,160.48,161.57
2024-02-23,161.94,162.41,161.63,162
2024-02-26,161.98,162.41,161.235,161.35
2024-02-27,161.87,162.105,161.52,162.06
2024-02-28,161.67,162.485,161.49,162.12
2024-02-29,162.89,163.219,162.11,162.79
2024-03-01,163,164,162.23,163.93
2024-03-04,163.84,164.7,163.84,164.23
2024-03-05,163.96,164.67,162.865,163.48
2024-03-06,164.37,164.965,163.9,164.41
2024-03-07,165.42,165.97,165.31,165.7
2024-03-08,166.16,166.715,165.28,165.51
2024-03-11,165.16,165.82,164.63,165.72
2024-03-12,166.02,166.46,165.24,166.15
2024-03-13,166.27,166.815,165.735,166.23
2024-03-14,166.28,166.35,163.695,164.74
2024-03-15,163.67,164.98,163.66,164.42
2024-03-18,164.33,164.735,163.69,164.19
2024-03-19,164.17,165.21,164.04,165.17
2024-03-20,165.08,166.725,164.8,166.58
2024-03-21,167.34,168.175,167.16,167.72
2024-03-22,167.8,168,166.605,166.64
2024-03-25,166.63,167.05,166.255,166.28
2024-03-26,166.8,166.99,166.055,166.12
2024-03-27,167.14,168.79,167.05,168.78
2024-03-28,169.16,169.799,168.96,169.37
2024-04-01,169.6,169.67,168.235,168.37
2024-04-02,167.51,167.51,166.43,166.92
2024-04-03,166.71,167.4,166.58,167.1
2024-04-04,168.39,168.57,165.01,165.4
2024-04-05,165.59,166.83,165.2,166.39
2024-04-08,166.63,167.42,166.51,166.9
2024-04-09,167.46,167.77,166.05,167.56
2024-04-10,165.2,165.79,164.105,164.71
2024-04-11,165.01,165.26,163.54,164.59
2024-04-12,163.55,163.93,161.53,161.98
2024-04-15,163.65,163.8,160.025,160.58
2024-04-16,160.41,160.54,159.195,159.69
2024-04-17,160.47,160.6,158.87,159.36
2024-04-18,159.95,160.475,158.83,159.21
2024-04-19,159.52,160.34,159.305,159.81
2024-04-22,160.51,161.855,159.62,161.03
2024-04-23,161.34,162.82,161.21,162.46
2024-04-24,162.2,162.855,161.78,162.69
2024-04-25,161.96,162.605,160.56,162.35
2024-04-26,162,162.99,161.81,162.43
2024-04-29,162.89,163.6899,162.82,163.56
2024-04-30,162.85,162.95,161.17,161.2
2024-05-01,160.75,162.81,160.18,160.65
2024-05-02,161.65,162.045,160.09,161.64
2024-05-03,162.97,163.53,162.13,162.79
2024-05-06,163.65,164.05,163.27,164.04
2024-05-07,164.5,164.99,164.36,164.5
2024-05-08,163.94,164.585,163.785,164.46
2024-05-09,164.42,165.88,164.34,165.84
2024-05-10,166.4,166.55,165.85,166.11
2024-05-13,166.66,167.15,165.94,166.07
2024-05-14,166.6,167.1,166.045,166.73
2024-05-15,167.71,168.2,167.41,168.06
2024-05-16,168.17,168.39,167.765,167.79
2024-05-17,167.85,168.13,167.55,168.04
2024-05-20,168.19,168.47,167.65,167.9
2024-05-21,167.77,167.9,167.33,167.83
2024-05-22,167.36,167.92,166.75,167.19
2024-05-23,167.49,167.5,164.71,164.85
2024-05-24,165.55,166.23,165.4,165.94
2024-05-28,165.96,166.02,164.31,164.79
2024-05-29,163.47,163.47,162.78,162.86
2024-05-30,162.93,163.78,162.68,163.61
2024-05-31,163.94,165.825,163.321,165.78
2024-06-03,166.1,166.12,163.6,164.9
2024-06-04,164.13,164.849,163.73,164.4
2024-06-05,164.77,165.45,163.83,165.4
2024-06-06,165.17,165.75,164.7,165.08
2024-06-07,164.35,165.5,164.05,164.56
2024-06-10,163.99,165.11,163.755,165
2024-06-11,164.25,164.56,163.32,164.32
2024-06-12,166.17,166.39,164.79,165.2
2024-06-13,164.9,165,163.74,164.73
2024-06-14,163.8,164.12,162.685,163.68
2024-06-17,163.32,165.015,163.01,164.87
2024-06-18,164.67,165.67,164.67,165.28
2024-06-20,165.24,165.69,165,165.38
2024-06-21,165.5,165.7,164.62,165.59
2024-06-24,165.29,166.57,164.8595,165.72
2024-06-25,165.81,165.81,164.05,164.58
2024-06-26,164.01,164.125,163.405,163.96
2024-06-27,163.96,164.2,163.515,164.16
2024-06-28,164.53,165.21,163.54,164.28
2024-07-01,164.8,164.96,162.74,162.95
2024-07-02,162.9,163.69,162.85,163.68
2024-07-03,164.02,164.44,163.605,163.75
2024-07-05,163.66,163.84,162.73,163.68
2024-07-08,163.92,164.6,163.49,164
2024-07-09,163.89,164.58,163.36,163.72
2024-07-10,164.06,165.205,163.75,165.07
2024-07-11,165.88,167.38,165.81,167.06
2024-07-12,167.82,169.355,167.73,168.53
2024-07-15,168.75,169.61,168.32,168.72
2024-07-16,169.2,171.71,169.05,171.71
2024-07-17,170.81,172.19,170.66,171.01
2024-07-18,170.85,172.38,169.16,169.54
2024-07-19,169.66,169.875,168.01,168.4
2024-07-22,169.09,169.8,167.765,169.73
2024-07-23,169.42,169.84,169.015,169.13
2024-07-24,168.81,169.23,166.98,167.15
2024-07-25,167.2,169.68,166.85,167.35
2024-07-26,168.62,170.275,168.35,169.74
2024-07-29,170.14,170.39,169.17,169.97
2024-07-30,170.64,171.31,169.935,170.79
2024-07-31,172.01,173.08,171.085,171.6
2024-08-01,171.9,172.705,168.78,169.69
2024-08-02,168.23,168.41,165.1,166.77
2024-08-05,163.42,164.59,161.8,162.83
2024-08-06,163.34,166.545,163.005,164.5
2024-08-07,166.08,166.975,163.235,163.34
2024-08-08,164.15,166.45,163.88,166.3
2024-08-09,166.44,167.13,165.16,166.65
2024-08-12,166.7,166.88,165.52,165.85
2024-08-13,166.65,167.96,166.11,167.74
2024-08-14,168.02,168.555,167.6,168.09
2024-08-15,169.77,170.64,169.33,170.37
2024-08-16,170,170.92,170,170.78
2024-08-19,170.93,172.12,170.91,172.08
2024-08-20,171.91,172.19,171.17,171.4
2024-08-21,172.09,172.76,171.66,172.6
2024-08-22,173,173.2096,171.8,172.11
2024-08-23,173,174.52,172.66,174.3
2024-08-26,174.97,175.385,174.065,174.27
2024-08-27,173.91,174.41,173.7,174.35
2024-08-28,174.1,174.62,173.0545,173.87
2024-08-29,174.5,175.58,173.5,174.52
2024-08-30,175.08,175.955,173.92,175.87
2024-09-03,175,175.4,172.91,173.61
2024-09-04,173.44,174.4,172.855,173.36
2024-09-05,173.61,173.74,171.61,172.3
2024-09-06,172.52,173.325,170.22,170.45
2024-09-09,171.51,172.97,171.2,172.1
2024-09-10,172.46,172.61,170.92,172.2
2024-09-11,171.6,172.49,168.79,172.28
2024-09-12,172.31,173.46,171.445,173.35
2024-09-13,174.01,175.34,173.89,175.01
2024-09-16,175.63,176.59,175.38,176.28
2024-09-17,176.68,177.595,176.035,176.54
2024-09-18,176.89,178.4,175.95,176.21
2024-09-19,178.55,178.825,177.38,178.09
2024-09-20,177.58,177.58,176.61,177.44
2024-09-23,177.25,177.7158,176.91,177.65
2024-09-24,178.04,178.23,177.54,177.91
2024-09-25,178.1,178.26,176.54,176.81
2024-09-26,178.11,178.81,177.75,178.29
2024-09-27,179.02,179.94,178.65,178.93
2024-09-30,178.77,179.35,177.6,179.16
2024-10-01,178.95,179.17,177.27,178.21
2024-10-02,177.73,178.45,177.22,178.02
2024-10-03,177.45,177.69,176.5699,177.18
2024-10-04,178.67,178.68,177.31,178.57
2024-10-07,178.02,178.02,176.415,177.18
2024-10-08,177.37,177.795,176.74,177.6
2024-10-09,177.64,179.0487,177.33,178.82
2024-10-10,178.47,178.67,177.75,178.15
2024-10-11,178.48,180.14,178.39,179.9
2024-10-14,180.01,181.34,179.59,181.22
2024-10-15,181.26,182.22,180.285,180.4
2024-10-16,180.85,181.87,180.71,181.62
2024-10-17,182.12,182.145,181.13,181.33
2024-10-18,181.86,182.01,180.905,181.87
2024-10-21,181.59,181.85,179.93,180.32
2024-10-22,179.6,179.8,178.73,179.51
2024-10-23,178.99,179.49,177.93,178.92
2024-10-24,179.47,179.67,178.53,178.96
2024-10-25,179.94,180.15,177.97,178.11
2024-10-28,178.85,179.6,178.76,179.12
2024-10-29,178.55,179.21,178.0461,178.58
2024-10-30,177.94,179.345,177.94,178.19
2024-10-31,177.73,178,176.25,176.29
2024-11-01,176.94,177.96,176.25,176.4
2024-11-04,176.59,177.59,176.07,176.61
2024-11-05,176.68,178.73,176.21,178.67
2024-11-06,183.34,183.375,181.3,182.9
2024-11-07,183.39,183.545,182.62,183.08
2024-11-08,183.29,184.47,183.04,184.1
2024-11-11,184.82,185.79,184.73,185.02
2024-11-12,184.74,184.89,183.03,183.61
2024-11-13,183.94,184.535,183.45,183.71
2024-11-14,183.79,183.99,182.12,182.24
2024-11-15,181.9,182.33,180.65,180.94
2024-11-18,181.11,182.06,180.87,181.67
2024-11-19,180.105,181.57,179.65,181.18
2024-11-20,181.31,181.865,180.34,181.79
2024-11-21,182.4,184.4097,181.74,184.08
2024-11-22,184.52,185.785,184.49,185.53
2024-11-25,187.16,187.99,186.77,187.21
2024-11-26,187.26,187.39,186.31,187.23
2024-11-27,187.51,188.09,186.89,187.05
2024-11-29,187.46,188.16,187.34,187.62
2024-12-02,187.7,187.87,186.47,187.15
2024-12-03,187.15,187.39,186.12,186.32
2024-12-04,186.57,186.608,185.6,186.33
2024-12-05,186.32,186.48,185.34,185.4
2024-12-06,186.05,186.41,185.05,185.19
2024-12-09,185.71,185.87,184.39,184.43
2024-12-10,184.46,184.46,182.79,183.3
2024-12-11,184.12,184.175,183.28,183.47
2024-12-12,183.44,183.64,182.8,182.8
2024-12-13,182.8,183.01,181.815,182.16
2024-12-16,182.19,182.83,181.385,181.56
2024-12-17,180.91,181.31,179.845,180.13
2024-12-18,180.36,180.57,174.66,174.8
2024-12-19,175.7,176.61,174.1745,174.22
2024-12-20,173.96,177.77,173.69,176.66
2024-12-23,175.4,176.44,174.71,176.28
2024-12-24,176.37,177.7,176.04,177.61
2024-12-26,176.95,178.15,176.81,177.9
2024-12-27,177,177.99,175.79,176.69
2024-12-30,175.25,175.61,173.5731,174.91
2024-12-31,175.53,176.065,174.55,175.23
2025-01-02,176.32,176.6787,173.91,174.72
2025-01-03,175.25,176.59,174.58,176.32
2025-01-06,177.13,177.955,175.94,176.2
2025-01-07,176.81,177.39,175.03,175.61
2025-01-08,175.175,175.945,174.14,175.82
2025-01-10,174.66,174.945,173.07,173.25
2025-01-13,172.56,174.72,172.38,174.67
2025-01-14,175.43,176.285,174.7,176.08
2025-01-15,178.73,179.01,177.285,177.77
2025-01-16,177.92,179.43,177.37,179.17
2025-01-17,180.09,180.71,179.7,180.04
2025-01-21,181.09,182.21,180.945,182.13
2025-01-22,182.28,182.4,181.43,181.49
2025-01-23,181.59,182.36,180.88,182.35
2025-01-24,182.11,182.85,181.94,182.19
2025-01-27,181.26,182.35,181.155,182.31
2025-01-28,182.3,182.35,181.02,181.41
2025-01-29,181.42,182.08,180.47,180.81
2025-01-30,181.84,183.16,181.49,182.74
2025-01-31,182.4,183.23,181.04,181.24
2025-02-03,178.915,180.9,177.7,180.25
2025-02-04,179.86,180.855,179.74,180.47
2025-02-05,180.9,181.44,179.725,181.35
2025-02-06,182.1,182.1,180.11,181.11
2025-02-07,181.68,181.79,179.94,180.22
2025-02-10,181.03,181.1,180.08,180.73
2025-02-11,180.13,180.835,179.81,180.75
2025-02-12,178.75,180.11,178.65,179.7
2025-02-13,180.3,181.4192,179.81,181.26
2025-02-14,181.75,182.18,181.02,181.08
2025-02-18,181.56,182.5,181.06,182.47
2025-02-19,182,183.02,181.68,182.84
2025-02-20,182.62,182.62,181.165,182.38
2025-02-21,182.62,182.62,179.4,179.82
2025-02-24,180.37,180.79,179.21,179.97
2025-02-25,180.22,180.75,179.16,180.15
2025-02-26,180.71,181.38,179.39,179.77
2025-02-27,179.8,180.555,178.1,178.2
2025-02-28,178.68,180.25,177.51,180.18
2025-03-03,180.88,181.3979,177.31,178.26
2025-03-04,177.27,177.855,174.84,175.38
2025-03-05,175.22,177.5,174.5401,177.01
2025-03-06,175.41,176.55,174.2,175.05
2025-03-07,174.59,177.115,174.02,176.69
2025-03-10,175.08,176.73,172.92,174.2
2025-03-11,174.23,174.32,170.9599,171.88
2025-03-12,172.61,173.09,170.1025,171.07
2025-03-13,171.08,171.7,168.8401,169.43
2025-03-14,170.87,172.89,170.3,172.66
2025-03-17,172.55,175.6396,172.55,174.99
2025-03-18,174.78,174.78,173.34,174.08
2025-03-19,174.26,176.21,173.84,175.37
2025-03-20,174.56,175.76,174.16,174.64
2025-03-21,173.47,174.18,172.31,173.84
2025-03-24,174.64,175.97,174.34,175.69
2025-03-25,175.96,176.09,174.5301,175.27
2025-03-26,175.62,176.32,174.38,174.94
2025-03-27,174.65,175.51,173.61,174.49
2025-03-28,174.41,174.445,171.545,171.8
2025-03-31,170.79,173.99,170.165,173.23
2025-04-01,173,173.9,171.26,173.41
2025-04-02,171.94,175.39,171.94,174.86
2025-04-03,170,170.63,166.46,166.53
2025-04-04,162.85,163.1084,156.94,157.18
2025-04-07,153.64,161.69,150.35,155.87
2025-04-08,160.33,160.7,150.79,152.93
2025-04-09,151.24,165.885,150.81,165.16
2025-04-10,162.15,162.3008,155.48,159.6
2025-04-11,159.39,162.77,157.69,162.02
2025-04-14,164.27,164.97,162.4702,164.09
2025-04-15,164.34,165.47,163.4,163.56
2025-04-16,162.9,164.08,160.21,161.46
2025-04-17,161.83,163.91,161.69,162.66
2025-04-21,161.39,161.65,157.71,159.39
2025-04-22,161.19,163.7,160.93,163.32
2025-04-23,166.51,168.49,164.34,164.9
2025-04-24,165.21,167.97,164.58,167.69
2025-04-25,167.27,167.64,166.04,167.45
2025-04-28,167.72,168.68,166.42,167.92
2025-04-29,167.45,169.32,167.12,168.9
2025-04-30,167.15,169.55,165.39,169.14
2025-05-01,169.14,170.51,168.475,168.91
2025-05-02,171.02,172.29,170.59,171.89
2025-05-05,170.93,172.225,170.585,171.32
2025-05-06,169.92,171.38,169.48,170.05
2025-05-07,170.6,171.73,169.96,171.17
2025-05-08,172.24,174.265,171.79,172.61
2025-05-09,173.03,173.2991,172.105,172.57
2025-05-12,177.26,177.51,176.04,177.3
2025-05-13,177.43,178.52,177.22,177.7
2025-05-14,177.55,177.6293,176.22,176.63
2025-05-15,176.26,178.28,176.26,178.24
2025-05-16,178.42,179.99,177.89,179.99
2025-05-19,178.36,180.175,178.26,179.97
2025-05-20,179.485,180.18,178.785,179.5
2025-05-21,178.09,178.36,175.41,175.59
2025-05-22,175.13,176.03,174.1,175.03
2025-05-23,173.215,174.88,173,174.33
2025-05-27,176.46,177.68,175.48,177.58
2025-05-28,177.56,177.69,175.77,176.07
2025-05-29,176.73,176.7599,174.99,176.5
2025-05-30,176,177.01,174.94,176.43
2025-06-02,176.07,176.6162,174.27,176.57
2025-06-03,176.52,178.21,175.93,178.04
2025-06-04,178.31,178.45,177.57,177.64
2025-06-05,177.85,178.3,176.67,177.16
2025-06-06,178.66,179.01,178.0116,178.69
2025-06-09,179.13,179.58,178.23,178.72
2025-06-10,179.16,179.86,178.87,179.61
2025-06-11,180,180.03,178.52,179.1
2025-06-12,178.62,179.545,178.15,179.52
2025-06-13,178.19,179.03,176.87,177.35
2025-06-16,178.36,179.76,178.32,179.06
2025-06-17,178.32,178.77,177.03,177.34
2025-06-18,177.34,178.575,177.15,177.36
2025-06-20,178.38,178.68,177.21,177.65
2025-06-23,176.94,178.58,175.98,178.49
2025-06-24,179.42,180.4953,178.92,180.18
2025-06-25,179.97,180.04,178.6,178.88
2025-06-26,179.44,180.42,179.35,180.23
2025-06-27,180.59,181.81,179.95,180.89
2025-06-30,181.16,182.03,180.825,181.74
2025-07-01,181.3,184.765,181.3,183.87
2025-07-02,183.8,184.44,183.05,184.29
2025-07-03,184.65,185.515,184.65,185.18
2025-07-07,184.75,185.0692,182.7,183.7
2025-07-08,183.76,184.78,183.55,184.16
2025-07-09,184.75,184.88,183.55,184.71
2025-07-10,184.71,186.49,184.46,185.78
2025-07-11,184.64,184.905,184.005,184.42
2025-07-14,184.125,184.755,183.71,184.61
2025-07-15,184.88,185.05,182.02,182.05
2025-07-16,182.67,182.98,180.56,182.76
2025-07-17,182.83,184.395,182.62,184.25
2025-07-18,184.81,184.955,183.71,184.18
2025-07-21,184.57,184.98,183.55,183.55
2025-07-22,183.82,186.16,183.82,185.89
2025-07-23,186.93,187.4565,186.49,187.43
2025-07-24,187.15,187.79,186.785,186.83
2025-07-25,187.16,187.84,186.35,187.73
2025-07-28,187.69,187.72,186.5,186.62
2025-07-29,187.01,187.01,186.07,186.53
2025-07-30,186.52,186.915,184.4,185.32
2025-07-31,184.59,185.749,183.2,183.63
2025-08-01,182.26,182.335,179.9448,181.56
2025-08-04,182.27,183.93,182.265,183.78
2025-08-05,184.01,184.14,182.58,183.27
2025-08-06,183.48,183.56,182.4835,182.86
2025-08-07,184.04,184.44,182.11,182.75
2025-08-08,183.18,183.81,182.75,183.08
2025-08-11,183.31,184.04,182.265,182.58
2025-08-12,183.2,184.99,182.93,184.9
2025-08-13,185.54,187.625,185.3,187.54
2025-08-14,186.25,186.485,185.41,186.32
2025-08-15,186.7,186.72,185.65,185.86
2025-08-18,185.82,186.3585,185.68,185.82
2025-08-19,185.91,187.572081,185.91,186.69
2025-08-20,186.72,187.23,185.84,186.52
2025-08-21,185.93,186.36,185.37,185.87
2025-08-22,186.82,189.9888,186.785,189.49
2025-08-25,188.985,189.22,188,188.04
2025-08-26,187.815,188.38,187.59,188.17
2025-08-27,188.02,189.075,187.85,188.85
2025-08-28,189.18,189.26,187.885,188.76
2025-08-29,188.65,189.35,188.05,188.62
2025-09-02,186.74,187.34,186.05,187.13
2025-09-03,186.77,187.47,185.95,186.84
2025-09-04,187.18,188.255,186.47,188.22
2025-09-05,188.67,189.8,187.32,188.44
2025-09-08,188.48,188.48,187.04,188.29
2025-09-09,187.98,188.245,187.33,187.71
2025-09-10,187.7,188.49,186.94,187.52
2025-09-11,187.72,190.54,187.72,190.33
2025-09-12,190.09,190.315,188.8101,188.96
2025-09-15,189.315,189.72,188.45,188.63
2025-09-16,188.64,188.99,187.63,188.13
2025-09-17,188.37,190.52,187.18,188.31
2025-09-18,188.83,190.055,188.525,189.54
2025-09-19,190,190,188.57,189.21
2025-09-22,187.82,188.8,187.445,188.48
2025-09-23,188.6,189.875,188.37,188.71
2025-09-24,188.71,189.24,188.085,188.27
2025-09-25,187.61,187.64,186.03,186.72
2025-09-26,187.225,188.715,187.11,188.57
2025-09-29,189.4,189.5,188.4,189.2
2025-09-30,188.86,189.88,188.35,189.7
2025-10-01,189.27,190.42,189.27,190.13
2025-10-02,190.2,190.945,189.695,190.58
2025-10-03,190.91,192.3,190.89,191.25
2025-10-06,192.1,192.1,190.885,191.19
2025-10-07,191.63,191.91,189.965,190.35
2025-10-08,190.59,191.27,189.839,190.97
2025-10-09,191.11,191.31,189.08,189.39
2025-10-10,189.59,190.01,185.089,185.12
2025-10-13,186.43,187.535,186.101,186.92
2025-10-14,185.55,189.3,185.42,188.47
2025-10-15,189.4,190.495,187.425,188.85
2025-10-16,189.22,189.46,186.43,187.06
2025-10-17,187.04,188.37,186.84,188.01
2025-10-20,189.02,190.16,188.995,189.89
2025-10-21,189.86,191.33,189.63,190.76
2025-10-22,190.84,191.12,189.16,189.84
2025-10-23,190.12,191.085,189.58,190.74
2025-10-24,192.11,192.215,191.18,191.26
2025-10-27,192.23,192.33,191.53,192.11
2025-10-28,191.76,191.76,190.35,190.46
2025-10-29,189.85,190.125,187.71,188.33
2025-10-30,187.51,189.49,187.42,187.52
2025-10-31,187.11,188.48,186.86,187.93
2025-11-03,187.97,187.97,185.47,187.47
2025-11-04,186.2,186.96,185.74,186.23
2025-11-05,186.18,187.98,186.02,187.32
2025-11-06,187.14,187.94,185.63,186
2025-11-07,185.67,187.64,185.35,187.56
2025-11-10,188.28,189.01,187.06,188.64
2025-11-11,188.87,190.22,188.75,189.73
2025-11-12,189.94,190.93,189.94,190.18
2025-11-13,189.64,190.33,187.72,188.03
2025-11-14,187.12,188.4601,186.53,187.34
2025-11-17,187.115,187.51,184.345,184.88
2025-11-18,184.335,186.045,183.86,184.99
2025-11-19,184.86,185.36,183.67,184.43
2025-11-20,186.24,186.78,182.11,182.18
2025-11-21,183.21,186.81,182.81,185.76
2025-11-24,186.19,187.155,185.28,186.53
2025-11-25,186.98,189.5299,186.895,189.18
2025-11-26,189.4,191.16,189.31,190.5
2025-11-28,190.71,191.83,190.56,191.53
2025-12-01,190.34,191.6455,190.115,190.22
2025-12-02,190.74,190.745,189.53,190.04
2025-12-03,190.27,191.62,190.25,191.49
2025-12-04,191.48,192.06,191.005,191.55
2025-12-05,191.82,192.81,191.585,192
2025-12-08,192.235,192.27,190.67,190.85
2025-12-09,190.71,191.69,190.42,190.49
2025-12-10,190.76,193.6,190.61,193.17
2025-12-11,193.02,194.8782,193,194.73
2025-12-12,195.33,195.465,193.055,193.41
2025-12-15,194.51,194.57,192.91,193.65
2025-12-16,193.77,193.96,191.59,192.29
2025-12-17,192.45,193.61,191.54,191.77
2025-12-18,192.92,193.76,191.81,192.18
2025-12-19,192.24,193.52,192.07,192.88
2025-12-22,192.61,193.725,192.42,193.54
2025-12-23,193.34,193.66,192.725,193.09
2025-12-24,193.17,194.105,193,193.79
2025-12-26,193.8,193.93,193.17,193.84
2025-12-29,193.61,194.06,193.13,193.52
2025-12-30,193.54,193.75,193.16,193.21
2025-12-31,193.16,193.16,191.515,191.56
2026-01-02,192.21,193.29,191.035,192.86
2026-01-05,193.01,195.236,192.835,194.65
2026-01-06,194.43,197.249,194.405,197
2026-01-07,197.155,197.48,194.665,194.79
2026-01-08,194.36,196.97,194.17,196.46
2026-01-09,197,198.0692,196.63,197.6
2026-01-12,197.08,197.88,196.575,197.78
2026-01-13,198.13,198.4,197.11,197.78
2026-01-14,197.475,198.68,197.44,198.68
2026-01-15,199.32,200.105,198.745,199.56
2026-01-16,199.3,199.78,198.7,199.05
2026-01-20,196.87,197.905,195.78,196.08
2026-01-21,197.18,199.886634,197.11,199.4
2026-01-22,200.1,200.78,199.46,199.66
2026-01-23,199.29,199.47,198.0266,198.77
2026-01-26,199.22,199.79,198.945,199.24
2026-01-27,199.17,199.42,198.58,198.93
2026-01-28,198.92,199.48,197.905,198.26
2026-01-29,199.18,199.9,197.14,198.52
2026-01-30,198.01,198.73,196.245,198.08
2026-02-02,197.69,199.33,197.15,199.1
2026-02-03,198.73,200.08,196.98,198.57
2026-02-04,199.22,200.95,199.12,200.3
2026-02-05,199.64,200.0385,198.115,198.56
2026-02-06,200.065,202.49,199.9,202.26
2026-02-09,201.61,202.82,200.985,202.38
2026-02-10,202.545,203.86,202.47,203.1
2026-02-11,203.89,204.17,202.53,203.46
2026-02-12,204.27,205.24,200.39,200.79
2026-02-13,201.2,203.8199,200.43,202.87
2026-02-17,203.075,203.98,200.845,202.52
2026-02-18,202.83,204.22,202.25,203.57
2026-02-19,203.085,203.61,201.93,203.14
2026-02-20,202.5,204.78,202.34,204.09
2026-02-23,203.38,204.08,201.045,201.85
2026-02-24,201.88,203.705,201.79,203.46
2026-02-25,204.095,204.14,202.25,203.58
2026-02-26,204.12,205.03,203.175,204.73
2026-02-27,203.37,205.08,202.91,204.97
2026-03-02,203.34,205.24,202.84,204.59
2026-03-03,201.045,203.03,198.545,202.08
2026-03-04,202.7,203.345,201.415,202.89
2026-03-05,201.79,202.71,199.46,200.54
2026-03-06,198.44,198.77,196.52,198.15
2026-03-09,196.28,199.25,193.97,198.71
2026-03-10,198.44,199.575,196.85,197.22
2026-03-11,197.01,197.375,195.675,196.57
2026-03-12,194.865,196.01,193.505,193.53
2026-03-13,195.02,195.68,193.29,193.52
2026-03-16,195.25,196.19,194.59,194.96
2026-03-17,196.305,197.25,195.91,196.05
2026-03-18,195.15,195.64,193.39,193.47
2026-03-19,192.26,194.47,191.9,193.32
2026-03-20,193.03,193.42,189.5,190.48
2026-03-23,192.5,194.05,191.44,191.69
2026-03-24,190.52,192.97,190.08,191.92
2026-03-25,193.46,194.15,191.34,192.85
2026-03-26,191.71,193.5,190.84,191.08
2026-03-27,190.43,190.69,188.03,188.46
2026-03-30,190.16,190.36,187.364,188.07
2026-03-31,190.02,192.64,188.73,191.92
2026-04-01,192.54,193.47,192.18,192.54
2026-04-02,190.55,194.3,190.21,193.09
2026-04-06,192.95,194.02,192.55,193.92
2026-04-07,193.34,194.015,192.4,193.49
2026-04-08,197.3,198.3,196.92,197.96
2026-04-09,197.24,198.73,196.8,198.08
2026-04-10,198.25,198.43,196.33,196.65
2026-04-13,196.23,198.93,195.95,198.83
2026-04-14,199.09,200.03,198.53,199.66
2026-04-15,199.73,200.2,198.93,199.73
2026-04-16,200.095,201.08,199.9108,200.64
2026-04-17,201.69,204.077855,201.625,203.16
2026-04-20,202.69,203.9299,202.67,203.8
2026-04-21,204.27,205.1798,202.21,202.55
2026-04-22,203.78,204.19,201.94,202.46
2026-04-23,202.435,202.935,200.38,202.45
2026-04-24,202.58,202.9395,201.65,202.03
2026-04-27,201.97,202.94,201.68,201.79
2026-04-28,201.79,202.275,200.155,200.76
2026-04-29,200.79,201.27,199.7,200.41
2026-04-30,200.54,203.55,200.2,203.44
2026-05-01,204.01,204.31,202.785,202.82
2026-05-04,202.37,203.575,201.23,201.64
2026-05-05,202.28,203.78,201.62,203.24
2026-05-06,204.58,205.51,204.06,204.85
2026-05-07,204.96,205.53,202.945,203.54
2026-05-08,204.445,204.58,203.185,204.1
2026-05-11,204.46,204.815,203.635,203.99
2026-05-12,203.73,204.09,202.17,203.81
2026-05-13,203.68,203.68,202.335,202.92
2026-05-14,203.46,204.51,203.035,203.66
2026-05-15,202.6,202.92,201.4499,201.56
2026-05-18,201.88,203.28,201.455,202.8
2026-05-19,201.98,202.63765,200.91,201.62
2026-05-20,201.98,203.99,200.7,203.83
2026-05-21,202.94,204.9,201.81,204.71
2026-05-22,205.73,206.97,205.52,206.58
2026-05-26,207.83,208.18,206.93,207.64
2026-05-27,208.05,208.73,207.34,207.49
2026-05-28,207.38,208.89,206.64,208.25
2026-05-29,208.745,209.32,208.21,208.83
2026-06-01,208.05,209.77,207.79,209.21
2026-06-02,209.105,210.115,208.78,210.04
2026-06-03,209.43,209.805,208.84,209.25
2026-06-04,210.015,210.945,209.74,210.83
2026-06-05,209.87,210.36,207.29,207.83
2026-06-08,208.635,209.0801,207.45,207.61
2026-06-09,208.64,210.36,205.74,209.19
2026-06-10,208.53,209.93,206.45,206.53
2026-06-11,207.34,210.46,206.87,209.75
2026-06-12,210.7,212.12,209.65,211.65
2026-06-15,213.595,214.29,212.62,212.88
2026-06-16,213.49,214.3,212.075,212.17
2026-06-17,212.11,213,208.59,208.99
2026-06-18,211.22,211.2896,209.77,209.96
2026-06-22,209.53,210.34,209.1,209.61
2026-06-23,208.34,209.68,207.64,208.89
2026-06-24,209.375,211.55,209.25,210.38
2026-06-25,211.89,213.79,211.37,211.75
2026-06-26,211.35,213.09,210.31,210.31
2026-06-29,213.015,213.37,212.085,213.05
2026-06-30,212.785,213.36,211.995,212.77
2026-07-01,212.58,214.95,212.58,213.41
2026-07-02,214.49,215.61,213.29,214.91
2026-07-06,215.04,215.47,214.13,215
2026-07-07,215.81,216.37,214.505,214.73
2026-07-08,213.54,213.7,211.435,212.2
2026-07-09,212.84,214.19,212.475,213.5
2026-07-10,214.15,214.595,213.06,214.3
2026-07-13,214.48,215.5,213.8,214.23
2026-07-14,214.14,214.9,213.22,213.45
2026-07-15,213.75,214.155,212.55,212.97
2026-07-16,213.075,215.095,213.07,215.06
2026-07-17,214.36,215.9489,213.0505,213.37
2026-07-20,213.87,214,212.11,212.42
2026-07-21,212.57,213.15,211.79,212.76
2026-07-22,213.03,213.94,212.37,212.7
2026-07-23,212.1,212.94,211.27,211.92
2026-07-24,212.37,214.47,212.23,213.57
2026-07-27,214.8,215.84,214.46,215.18
2026-07-28,216.165,218.05,215.99,217.69
2026-07-29,217.2,218.11,215.55,215.73
2026-07-30,215.83,215.95,213.055,215.38
2026-07-31,215.415,215.63,213.55,215.01
2026-08-03,215.87,217.27,215.87,217.11
2026-08-04,217.57,220.445,216.92,220.23
2026-08-05,220.82,221.0902,219.235,219.73
2026-08-06,220.16,220.16,218.202,218.58
2026-08-07,219.025,220.365,218.41,220.09
2026-08-10,220.28,220.415,219.41,220.22
2026-08-11,219.97,221.23,219.9091,220.69
2026-08-12,220.95,221.365,219.87,221.08
2026-08-13,221.77,222.91,221.49,222.73
2026-08-14,222.925,222.96,222.33,222.77
2026-08-17,222.07,222.21,220.73,220.79
2026-08-18,220.86,221.4272,219.71,219.79
2026-08-19,221.61,223.435,221.45,222.07
2026-08-20,220.74,222.095,220.19,220.28
2026-08-21,221.3,222.14,221.02,221.67
2026-08-24,221.75,222.32,221.255,221.93
2026-08-25,222.235,222.28,221.24,221.77
2026-08-26,221.31,222.715,221.24,222.11
2026-08-27,221.56,222.11,221.24,221.45
2026-08-28,221.835,222.14,220.3077,220.69
2026-08-31,219.77,220,219.1498,219.39
2026-09-01,218.87,219.44,217.2,217.59
2026-09-02,217.73,219.13,217.64,218.6
2026-09-03,219.57,220.28,218.42,220.05
2026-09-04,218.81,219.77,218.51,219
2026-09-08,218.12,218.4,216.625,216.73
2026-09-09,216.14,216.42,214.61,214.64
2026-09-10,213.81,214.44,213.025,213.17
2026-09-11,214.985,215.33,214.34,214.87
2026-09-14,214.65,215.78,214.31,215.01
2026-09-15,214.7,214.85,213.625,213.96
2026-09-16,214.19,214.51,210.96,212.28
2026-09-17,214.12,214.2799,212.9499,213.31
2026-09-18,212.84,212.98,211.655,212.29
2026-09-21,212.6,213.195,211.61,212.68
2026-09-22,213.56,213.87,212.31,212.8
2026-09-23,212.27,212.54,211.23,211.31
2026-09-24,211.07,211.47,209.81,210.26
2026-09-25,210.66,211.52,209.885,211.11