time,open,high,low,close,Prior DC20 upper,Prior DC20 lower,Long signal,Short signal
2001-06-05,111,111,111,111,,,,
2001-06-06,93,93,93,93,,,,
2001-06-07,82,82,82,82,,,,
2001-06-08,58,58,58,58,,,,
2001-06-11,63,63,63,63,,,,
2001-06-12,67,67,67,67,,,,
2001-06-13,87,87,87,87,,,,
2001-06-14,40,40,40,40,,,,
2001-06-15,51,51,51,51,,,,
2001-06-18,52,52,52,52,,,,
2001-06-19,44,44,44,44,,,,
2001-06-20,69,69,69,69,,,,
2001-06-21,91,91,91,91,,,,
2001-06-22,64,64,64,64,,,,
2001-06-25,48,48,48,48,,,,
2001-06-26,56,56,56,56,,,,
2001-06-27,74,74,74,74,,,,
2001-06-28,91,91,91,91,,,,
2001-06-29,134,134,134,134,,,,
2001-07-02,79,79,79,79,,,,
2001-07-03,67,67,67,67,,,,
2001-07-05,54,54,54,54,,,,
2001-07-06,31,31,31,31,,,,
2001-07-09,34,34,34,34,,,,
2001-07-10,45,45,45,45,,,,
2001-07-11,39,39,39,39,,,,
2001-07-12,62,62,62,62,,,,
2001-07-13,84,84,84,84,,,,
2001-07-16,77,77,77,77,,,,
2001-07-17,78,78,78,78,,,,
2001-07-18,82,82,82,82,,,,
2001-07-19,95,95,95,95,,,,
2001-07-20,64,64,64,64,,,,
2001-07-23,68,68,68,68,,,,
2001-07-24,32,32,32,32,,,,
2001-07-25,40,40,40,40,,,,
2001-07-26,47,47,47,47,,,,
2001-07-27,52,52,52,52,,,,
2001-07-30,61,61,61,61,,,,
2001-07-31,75,75,75,75,,,,
2001-08-01,68,68,68,68,,,,
2001-08-02,65,65,65,65,,,,
2001-08-03,51,51,51,51,,,,
2001-08-06,51,51,51,51,,,,
2001-08-07,51,51,51,51,,,,
2001-08-08,52,52,52,52,,,,
2001-08-09,44,44,44,44,,,,
2001-08-10,76,76,76,76,,,,
2001-08-13,81,81,81,81,,,,
2001-08-14,68,68,68,68,,,,
2001-08-15,74,74,74,74,,,,
2001-08-16,78,78,78,78,,,,
2001-08-17,77,77,77,77,,,,
2001-08-20,75,75,75,75,,,,
2001-08-21,98,98,98,98,,,,
2001-08-22,68,68,68,68,,,,
2001-08-23,86,86,86,86,,,,
2001-08-24,69,69,69,69,,,,
2001-08-27,67,67,67,67,,,,
2001-08-28,39,39,39,39,,,,
2001-08-29,41,41,41,41,,,,
2001-08-30,41,41,41,41,,,,
2001-08-31,37,37,37,37,,,,
2001-09-04,67,67,67,67,,,,
2001-09-05,38,38,38,38,,,,
2001-09-06,35,35,35,35,,,,
2001-09-07,28,28,28,28,,,,
2001-09-10,20,20,20,20,,,,
2001-09-17,30,30,30,30,,,,
2001-09-18,20,20,20,20,,,,
2001-09-19,21,21,21,21,,,,
2001-09-20,17,17,17,17,,,,
2001-09-21,11,11,11,11,,,,
2001-09-24,13,13,13,13,,,,
2001-09-25,21,21,21,21,,,,
2001-09-26,8,8,8,8,,,,
2001-09-27,25,25,25,25,,,,
2001-09-28,34,34,34,34,,,,
2001-10-01,28,28,28,28,,,,
2001-10-02,43,43,43,43,,,,
2001-10-03,46,46,46,46,,,,
2001-10-04,46,46,46,46,,,,
2001-10-05,21,21,21,21,,,,
2001-10-08,32,32,32,32,,,,
2001-10-09,27,27,27,27,,,,
2001-10-10,40,40,40,40,,,,
2001-10-11,50,50,50,50,,,,
2001-10-12,29,29,29,29,,,,
2001-10-15,43,43,43,43,,,,
2001-10-16,39,39,39,39,,,,
2001-10-17,35,35,35,35,,,,
2001-10-18,15,15,15,15,,,,
2001-10-19,24,24,24,24,,,,
2001-10-22,32,32,32,32,,,,
2001-10-23,34,34,34,34,,,,
2001-10-24,25,25,25,25,,,,
2001-10-25,30,30,30,30,,,,
2001-10-26,26,26,26,26,,,,
2001-10-29,23,23,23,23,,,,
2001-10-30,21,21,21,21,,,,
2001-10-31,21,21,21,21,,,,
2001-11-01,42,42,42,42,,,,
2001-11-02,38,38,38,38,,,,
2001-11-05,54,54,54,54,,,,
2001-11-06,52,52,52,52,,,,
2001-11-07,42,42,42,42,,,,
2001-11-08,44,44,44,44,,,,
2001-11-09,35,35,35,35,,,,
2001-11-12,34,34,34,34,,,,
2001-11-13,52,52,52,52,,,,
2001-11-14,59,59,59,59,,,,
2001-11-15,51,51,51,51,,,,
2001-11-16,52,52,52,52,,,,
2001-11-19,51,51,51,51,,,,
2001-11-20,42,42,42,42,,,,
2001-11-21,31,31,31,31,,,,
2001-11-23,56,56,56,56,,,,
2001-11-26,57,57,57,57,,,,
2001-11-27,44,44,44,44,,,,
2001-11-28,33,33,33,33,,,,
2001-11-29,45,45,45,45,,,,
2001-11-30,56,56,56,56,,,,
2001-12-03,47,47,47,47,,,,
2001-12-04,60,60,60,60,,,,
2001-12-05,112,112,112,112,,,,
2001-12-06,99,99,99,99,,,,
2001-12-07,70,70,70,70,,,,
2001-12-10,42,42,42,42,,,,
2001-12-11,38,38,38,38,,,,
2001-12-12,39,39,39,39,,,,
2001-12-13,35,35,35,35,,,,
2001-12-14,40,40,40,40,,,,
2001-12-17,80,80,80,80,,,,
2001-12-18,97,97,97,97,,,,
2001-12-19,61,61,61,61,,,,
2001-12-20,51,51,51,51,,,,
2001-12-21,62,62,62,62,,,,
2001-12-24,97,97,97,97,,,,
2001-12-26,99,99,99,99,,,,
2001-12-27,91,91,91,91,,,,
2001-12-28,84,84,84,84,,,,
2001-12-31,94,94,94,94,,,,
2002-01-02,40,40,40,40,,,,
2002-01-03,59,59,59,59,,,,
2002-01-04,88,88,88,88,,,,
2002-01-07,81,81,81,81,,,,
2002-01-08,48,48,48,48,,,,
2002-01-09,76,76,76,76,,,,
2002-01-10,55,55,55,55,,,,
2002-01-11,50,50,50,50,,,,
2002-01-14,46,46,46,46,,,,
2002-01-15,45,45,45,45,,,,
2002-01-16,52,52,52,52,,,,
2002-01-17,44,44,44,44,,,,
2002-01-18,50,50,50,50,,,,
2002-01-22,59,59,59,59,,,,
2002-01-23,61,61,61,61,,,,
2002-01-24,79,79,79,79,,,,
2002-01-25,74,74,74,74,,,,
2002-01-28,84,84,84,84,,,,
2002-01-29,69,69,69,69,,,,
2002-01-30,64,64,64,64,,,,
2002-01-31,115,115,115,115,,,,
2002-02-01,102,102,102,102,,,,
2002-02-04,73,73,73,73,,,,
2002-02-05,67,67,67,67,,,,
2002-02-06,59,59,59,59,,,,
2002-02-07,57,57,57,57,,,,
2002-02-08,60,60,60,60,,,,
2002-02-11,91,91,91,91,,,,
2002-02-12,78,78,78,78,,,,
2002-02-13,108,108,108,108,,,,
2002-02-14,104,104,104,104,,,,
2002-02-15,91,91,91,91,,,,
2002-02-19,64,64,64,64,,,,
2002-02-20,87,87,87,87,,,,
2002-02-21,108,108,108,108,,,,
2002-02-22,82,82,82,82,,,,
2002-02-25,115,115,115,115,,,,
2002-02-26,130,130,130,130,,,,
2002-02-27,138,138,138,138,,,,
2002-02-28,119,119,119,119,,,,
2002-03-01,113,113,113,113,,,,
2002-03-04,213,213,213,213,,,,
2002-03-05,149,149,149,149,,,,
2002-03-06,160,160,160,160,,,,
2002-03-07,167,167,167,167,,,,
2002-03-08,147,147,147,147,,,,
2002-03-11,102,102,102,102,,,,
2002-03-12,83,83,83,83,,,,
2002-03-13,90,90,90,90,,,,
2002-03-14,102,102,102,102,,,,
2002-03-15,143,143,143,143,,,,
2002-03-18,145,145,145,145,,,,
2002-03-19,173,173,173,173,,,,
2002-03-20,107,107,107,107,,,,
2002-03-21,109,109,109,109,,,,
2002-03-22,115,115,115,115,,,,
2002-03-25,63,63,63,63,,,,
2002-03-26,85,85,85,85,,,,
2002-03-27,139,139,139,139,,,,
2002-03-28,134,134,134,134,,,,
2002-04-01,104,104,104,104,,,,
2002-04-02,118,118,118,118,,,,
2002-04-03,73,73,73,73,,,,
2002-04-04,77,77,77,77,,,,
2002-04-05,125,125,125,125,,,,
2002-04-08,145,145,145,145,,,,
2002-04-09,189,189,189,189,,,,
2002-04-10,274,274,274,274,,,,
2002-04-11,194,194,194,194,,,,
2002-04-12,182,182,182,182,,,,
2002-04-15,163,163,163,163,,,,
2002-04-16,168,168,168,168,,,,
2002-04-17,166,166,166,166,,,,
2002-04-18,118,118,118,118,,,,
2002-04-19,133,133,133,133,,,,
2002-04-22,126,126,126,126,,,,
2002-04-23,117,117,117,117,,,,
2002-04-24,125,125,125,125,,,,
2002-04-25,105,105,105,105,,,,
2002-04-26,109,109,109,109,,,,
2002-04-29,75,75,75,75,,,,
2002-04-30,129,129,129,129,,,,
2002-05-01,149,149,149,149,,,,
2002-05-02,183,183,183,183,,,,
2002-05-03,186,186,186,186,,,,
2002-05-06,163,163,163,163,,,,
2002-05-07,82,82,82,82,,,,
2002-05-08,93,93,93,93,,,,
2002-05-09,87,87,87,87,,,,
2002-05-10,55,55,55,55,,,,
2002-05-13,69,69,69,69,,,,
2002-05-14,100,100,100,100,,,,
2002-05-15,109,109,109,109,,,,
2002-05-16,93,93,93,93,,,,
2002-05-17,95,95,95,95,,,,
2002-05-20,75,75,75,75,,,,
2002-05-21,63,63,63,63,,,,
2002-05-22,63,63,63,63,,,,
2002-05-23,79,79,79,79,,,,
2002-05-24,71,71,71,71,,,,
2002-05-28,54,54,54,54,,,,
2002-05-29,56,56,56,56,,,,
2002-05-30,52,52,52,52,,,,
2002-05-31,83,83,83,83,,,,
2002-06-03,56,56,56,56,,,,
2002-06-04,36,36,36,36,,,,
2002-06-05,57,57,57,57,,,,
2002-06-06,42,42,42,42,,,,
2002-06-07,40,40,40,40,,,,
2002-06-10,64,64,64,64,,,,
2002-06-11,54,54,54,54,,,,
2002-06-12,49,49,49,49,,,,
2002-06-13,55,55,55,55,,,,
2002-06-14,30,30,30,30,,,,
2002-06-17,74,74,74,74,,,,
2002-06-18,77,77,77,77,,,,
2002-06-19,88,88,88,88,,,,
2002-06-20,59,59,59,59,,,,
2002-06-21,57,57,57,57,,,,
2002-06-24,75,75,75,75,,,,
2002-06-25,70,70,70,70,,,,
2002-06-26,49,49,49,49,,,,
2002-06-27,66,66,66,66,,,,
2002-06-28,107,107,107,107,,,,
2002-07-01,62,62,62,62,,,,
2002-07-02,30,30,30,30,,,,
2002-07-03,25,25,25,25,,,,
2002-07-05,49,49,49,49,,,,
2002-07-08,35,35,35,35,,,,
2002-07-09,36,36,36,36,,,,
2002-07-10,30,30,30,30,,,,
2002-07-11,24,24,24,24,,,,
2002-07-12,21,21,21,21,,,,
2002-07-15,20,20,20,20,,,,
2002-07-16,45,45,45,45,,,,
2002-07-17,32,32,32,32,,,,
2002-07-18,44,44,44,44,,,,
2002-07-19,41,41,41,41,,,,
2002-07-22,55,55,55,55,,,,
2002-07-23,53,53,53,53,,,,
2002-07-24,25,25,25,25,,,,
2002-07-25,28,28,28,28,,,,
2002-07-26,24,24,24,24,,,,
2002-07-29,31,31,31,31,,,,
2002-07-30,33,33,33,33,,,,
2002-07-31,30,30,30,30,,,,
2002-08-01,29,29,29,29,,,,
2002-08-02,27,27,27,27,,,,
2002-08-05,26,26,26,26,,,,
2002-08-06,25,25,25,25,,,,
2002-08-07,29,29,29,29,,,,
2002-08-08,31,31,31,31,,,,
2002-08-09,34,34,34,34,,,,
2002-08-12,38,38,38,38,,,,
2002-08-13,31,31,31,31,,,,
2002-08-14,30,30,30,30,,,,
2002-08-15,40,40,40,40,,,,
2002-08-16,39,39,39,39,,,,
2002-08-19,46,46,46,46,,,,
2002-08-20,42,42,42,42,,,,
2002-08-21,48,48,48,48,,,,
2002-08-22,45,45,45,45,,,,
2002-08-23,39,39,39,39,,,,
2002-08-26,36,36,36,36,,,,
2002-08-27,40,40,40,40,,,,
2002-08-28,40,40,40,40,,,,
2002-08-29,41,41,41,41,,,,
2002-08-30,45,45,45,45,,,,
2002-09-03,29,29,29,29,,,,
2002-09-04,23,23,23,23,,,,
2002-09-05,25,25,25,25,,,,
2002-09-06,38,38,38,38,,,,
2002-09-09,34,34,34,34,,,,
2002-09-10,37,37,37,37,,,,
2002-09-11,37,37,37,37,,,,
2002-09-12,33,33,33,33,,,,
2002-09-13,37,37,37,37,,,,
2002-09-16,42,42,42,42,,,,
2002-09-17,35,35,35,35,,,,
2002-09-18,32,32,32,32,,,,
2002-09-19,28,28,28,28,,,,
2002-09-20,33,33,33,33,,,,
2002-09-23,34,34,34,34,,,,
2002-09-24,35,35,35,35,,,,
2002-09-25,25,25,25,25,,,,
2002-09-26,37,37,37,37,,,,
2002-09-27,44,44,44,44,,,,
2002-09-30,30,30,30,30,,,,
2002-10-01,46,46,46,46,,,,
2002-10-02,53,53,53,53,,,,
2002-10-03,38,38,38,38,,,,
2002-10-04,32,32,32,32,,,,
2002-10-07,26,26,26,26,,,,
2002-10-08,37,37,37,37,,,,
2002-10-09,28,28,28,28,,,,
2002-10-10,33,33,33,33,,,,
2002-10-11,35,35,35,35,,,,
2002-10-14,36,36,36,36,,,,
2002-10-15,50,50,50,50,,,,
2002-10-16,36,36,36,36,,,,
2002-10-17,54,54,54,54,,,,
2002-10-18,39,39,39,39,,,,
2002-10-21,55,55,55,55,,,,
2002-10-22,42,42,42,42,,,,
2002-10-23,48,48,48,48,,,,
2002-10-24,53,53,53,53,,,,
2002-10-25,667,667,667,667,,,,
2002-10-28,50,50,50,50,,,,
2002-10-29,32,32,32,32,,,,
2002-10-30,47,47,47,47,,,,
2002-10-31,670,670,670,670,,,,
2002-11-01,56,56,56,56,,,,
2002-11-04,63,63,63,63,,,,
2002-11-05,41,41,41,41,,,,
2002-11-06,47,47,47,47,,,,
2002-11-07,40,40,40,40,,,,
2002-11-08,42,42,42,42,,,,
2002-11-11,41,41,41,41,,,,
2002-11-12,34,34,34,34,,,,
2002-11-13,40,40,40,40,,,,
2002-11-14,38,38,38,38,,,,
2002-11-15,53,53,53,53,,,,
2002-11-18,60,60,60,60,,,,
2002-11-19,45,45,45,45,,,,
2002-11-20,45,45,45,45,,,,
2002-11-21,58,58,58,58,,,,
2002-11-22,53,53,53,53,,,,
2002-11-25,57,57,57,57,,,,
2002-11-26,46,46,46,46,,,,
2002-11-27,60,60,60,60,,,,
2002-11-29,49,49,49,49,,,,
2002-12-02,48,48,48,48,,,,
2002-12-03,35,35,35,35,,,,
2002-12-04,38,38,38,38,,,,
2002-12-05,29,29,29,29,,,,
2002-12-06,40,40,40,40,,,,
2002-12-09,41,41,41,41,,,,
2002-12-10,41,41,41,41,,,,
2002-12-11,47,47,47,47,,,,
2002-12-12,47,47,47,47,,,,
2002-12-13,49,49,49,49,,,,
2002-12-16,46,46,46,46,,,,
2002-12-17,47,47,47,47,,,,
2002-12-18,36,36,36,36,,,,
2002-12-19,41,41,41,41,,,,
2002-12-20,49,49,49,49,,,,
2002-12-23,52,52,52,52,,,,
2002-12-24,60,60,60,60,,,,
2002-12-26,65,65,65,65,,,,
2002-12-27,44,44,44,44,,,,
2002-12-30,42,42,42,42,,,,
2002-12-31,49,49,49,49,,,,
2003-01-02,67,67,67,67,,,,
2003-01-03,69,69,69,69,,,,
2003-01-06,91,91,91,91,,,,
2003-01-07,60,60,60,60,,,,
2003-01-08,56,56,56,56,,,,
2003-01-09,64,64,64,64,,,,
2003-01-10,55,55,55,55,,,,
2003-01-13,62,62,62,62,,,,
2003-01-14,57,57,57,57,,,,
2003-01-15,63,63,63,63,,,,
2003-01-16,61,61,61,61,,,,
2003-01-17,49,49,49,49,,,,
2003-01-21,46,46,46,46,,,,
2003-01-22,43,43,43,43,,,,
2003-01-23,45,45,45,45,,,,
2003-01-24,46,46,46,46,,,,
2003-01-27,40,40,40,40,,,,
2003-01-28,35,35,35,35,,,,
2003-01-29,48,48,48,48,,,,
2003-01-30,45,45,45,45,,,,
2003-01-31,45,45,45,45,,,,
2003-02-03,54,54,54,54,,,,
2003-02-04,53,53,53,53,,,,
2003-02-05,48,48,48,48,,,,
2003-02-06,43,43,43,43,,,,
2003-02-07,42,42,42,42,,,,
2003-02-10,37,37,37,37,,,,
2003-02-11,47,47,47,47,,,,
2003-02-12,42,42,42,42,,,,
2003-02-13,37,37,37,37,,,,
2003-02-14,36,36,36,36,,,,
2003-02-18,52,52,52,52,,,,
2003-02-19,41,41,41,41,,,,
2003-02-20,49,49,49,49,,,,
2003-02-21,66,66,66,66,,,,
2003-02-24,65,65,65,65,,,,
2003-02-25,56,56,56,56,,,,
2003-02-26,48,48,48,48,,,,
2003-02-27,63,63,63,63,,,,
2003-02-28,68,68,68,68,,,,
2003-03-03,58,58,58,58,,,,
2003-03-04,58,58,58,58,,,,
2003-03-05,58,58,58,58,,,,
2003-03-06,55,55,55,55,,,,
2003-03-07,52,52,52,52,,,,
2003-03-10,51,51,51,51,,,,
2003-03-11,43,43,43,43,,,,
2003-03-12,41,41,41,41,,,,
2003-03-13,58,58,58,58,,,,
2003-03-14,54,54,54,54,,,,
2003-03-17,70,70,70,70,,,,
2003-03-18,73,73,73,73,,,,
2003-03-19,57,57,57,57,,,,
2003-03-20,77,77,77,77,,,,
2003-03-21,104,104,104,104,,,,
2003-03-24,47,47,47,47,,,,
2003-03-25,61,61,61,61,,,,
2003-03-26,58,58,58,58,,,,
2003-03-27,58,58,58,58,,,,
2003-03-28,65,65,65,65,,,,
2003-03-31,61,61,61,61,,,,
2003-04-01,88,88,88,88,,,,
2003-04-02,106,106,106,106,,,,
2003-04-03,69,69,69,69,,,,
2003-04-04,65,65,65,65,,,,
2003-04-07,97,97,97,97,,,,
2003-04-08,51,51,51,51,,,,
2003-04-09,61,61,61,61,,,,
2003-04-10,59,59,59,59,,,,
2003-04-11,69,69,69,69,,,,
2003-04-14,85,85,85,85,,,,
2003-04-15,97,97,97,97,,,,
2003-04-16,98,98,98,98,,,,
2003-04-17,94,94,94,94,,,,
2003-04-21,100,100,100,100,,,,
2003-04-22,129,129,129,129,,,,
2003-04-23,138,138,138,138,,,,
2003-04-24,87,87,87,87,,,,
2003-04-25,68,68,68,68,,,,
2003-04-28,104,104,104,104,,,,
2003-04-29,102,102,102,102,,,,
2003-04-30,89,89,89,89,,,,
2003-05-01,85,85,85,85,,,,
2003-05-02,115,115,115,115,,,,
2003-05-05,126,126,126,126,,,,
2003-05-06,127,127,127,127,,,,
2003-05-07,103,103,103,103,,,,
2003-05-08,86,86,86,86,,,,
2003-05-09,119,119,119,119,,,,
2003-05-12,144,144,144,144,,,,
2003-05-13,129,129,129,129,,,,
2003-05-14,139,139,139,139,,,,
2003-05-15,127,127,127,127,,,,
2003-05-16,123,123,123,123,,,,
2003-05-19,84,84,84,84,,,,
2003-05-20,102,102,102,102,,,,
2003-05-21,102,102,102,102,,,,
2003-05-22,141,141,141,141,,,,
2003-05-23,165,165,165,165,,,,
2003-05-27,179,179,179,179,,,,
2003-05-28,144,144,144,144,,,,
2003-05-29,124,124,124,124,,,,
2003-05-30,151,151,151,151,,,,
2003-06-02,225,225,225,225,,,,
2003-06-03,127,127,127,127,,,,
2003-06-04,218,218,218,218,,,,
2003-06-05,201,201,201,201,,,,
2003-06-06,268,268,268,268,,,,
2003-06-09,83,83,83,83,,,,
2003-06-10,135,135,135,135,,,,
2003-06-11,220,220,220,220,,,,
2003-06-12,257,257,257,257,,,,
2003-06-13,143,143,143,143,,,,
2003-06-16,191,191,191,191,,,,
2003-06-17,213,213,213,213,,,,
2003-06-18,119,119,119,119,,,,
2003-06-19,99,99,99,99,,,,
2003-06-20,72,72,72,72,,,,
2003-06-23,51,51,51,51,,,,
2003-06-24,58,58,58,58,,,,
2003-06-25,69,69,69,69,,,,
2003-06-26,85,85,85,85,,,,
2003-06-27,88,88,88,88,,,,
2003-06-30,91,91,91,91,,,,
2003-07-01,88,88,88,88,,,,
2003-07-02,165,165,165,165,,,,
2003-07-03,140,140,140,140,,,,
2003-07-07,206,206,206,206,,,,
2003-07-08,226,226,226,226,,,,
2003-07-09,191,191,191,191,,,,
2003-07-10,99,99,99,99,,,,
2003-07-11,134,134,134,134,,,,
2003-07-14,200,200,200,200,,,,
2003-07-15,167,167,167,167,,,,
2003-07-16,102,102,102,102,,,,
2003-07-17,762,762,762,762,,,,
2003-07-18,73,73,73,73,,,,
2003-07-21,73,73,73,73,,,,
2003-07-22,71,71,71,71,,,,
2003-07-23,77,77,77,77,,,,
2003-07-24,127,127,127,127,,,,
2003-07-25,111,111,111,111,,,,
2003-07-28,156,156,156,156,,,,
2003-07-29,130,130,130,130,,,,
2003-07-30,130,130,130,130,,,,
2003-07-31,158,158,158,158,,,,
2003-08-01,86,86,86,86,,,,
2003-08-04,68,68,68,68,,,,
2003-08-05,51,51,51,51,,,,
2003-08-06,44,44,44,44,,,,
2003-08-07,58,58,58,58,,,,
2003-08-08,77,77,77,77,,,,
2003-08-11,98,98,98,98,,,,
2003-08-12,113,113,113,113,,,,
2003-08-13,139,139,139,139,,,,
2003-08-14,146,146,146,146,,,,
2003-08-15,160,160,160,160,,,,
2003-08-18,208,208,208,208,,,,
2003-08-19,233,233,233,233,,,,
2003-08-20,194,194,194,194,,,,
2003-08-21,274,274,274,274,,,,
2003-08-22,210,210,210,210,,,,
2003-08-25,69,69,69,69,,,,
2003-08-26,78,78,78,78,,,,
2003-08-27,109,109,109,109,,,,
2003-08-28,156,156,156,156,,,,
2003-08-29,206,206,206,206,,,,
2003-09-02,312,312,312,312,,,,
2003-09-03,364,364,364,364,,,,
2003-09-04,246,246,246,246,,,,
2003-09-05,199,199,199,199,,,,
2003-09-08,211,211,211,211,,,,
2003-09-09,140,140,140,140,,,,
2003-09-10,72,72,72,72,,,,
2003-09-11,72,72,72,72,,,,
2003-09-12,82,82,82,82,,,,
2003-09-15,100,100,100,100,,,,
2003-09-16,128,128,128,128,,,,
2003-09-17,134,134,134,134,,,,
2003-09-18,189,189,189,189,,,,
2003-09-19,209,209,209,209,,,,
2003-09-22,84,84,84,84,,,,
2003-09-23,140,140,140,140,,,,
2003-09-24,142,142,142,142,,,,
2003-09-25,70,70,70,70,,,,
2003-09-26,45,45,45,45,,,,
2003-09-29,72,72,72,72,,,,
2003-09-30,94,94,94,94,,,,
2003-10-01,146,146,146,146,,,,
2003-10-02,195,195,195,195,,,,
2003-10-03,297,297,297,297,,,,
2003-10-06,248,248,248,248,,,,
2003-10-07,267,267,267,267,,,,
2003-10-08,231,231,231,231,,,,
2003-10-09,344,344,344,344,,,,
2003-10-10,195,195,195,195,,,,
2003-10-13,333,333,333,333,,,,
2003-10-14,297,297,297,297,,,,
2003-10-15,308,308,308,308,,,,
2003-10-16,233,233,233,233,,,,
2003-10-17,173,173,173,173,,,,
2003-10-20,133,133,133,133,,,,
2003-10-21,166,166,166,166,,,,
2003-10-22,103,103,103,103,,,,
2003-10-23,108,108,108,108,,,,
2003-10-24,99,99,99,99,,,,
2003-10-27,161,161,161,161,,,,
2003-10-28,221,221,221,221,,,,
2003-10-29,301,301,301,301,,,,
2003-10-30,332,332,332,332,,,,
2003-10-31,220,220,220,220,,,,
2003-11-03,341,341,341,341,,,,
2003-11-04,296,296,296,296,,,,
2003-11-05,217,217,217,217,,,,
2003-11-06,279,279,279,279,,,,
2003-11-07,332,332,332,332,,,,
2003-11-10,154,154,154,154,,,,
2003-11-11,85,85,85,85,,,,
2003-11-12,189,189,189,189,,,,
2003-11-13,230,230,230,230,,,,
2003-11-14,251,251,251,251,,,,
2003-11-17,75,75,75,75,,,,
2003-11-18,103,103,103,103,,,,
2003-11-19,112,112,112,112,,,,
2003-11-20,101,101,101,101,,,,
2003-11-21,94,94,94,94,,,,
2003-11-24,172,172,172,172,,,,
2003-11-25,229,229,229,229,,,,
2003-11-26,272,272,272,272,,,,
2003-11-28,238,238,238,238,,,,
2003-12-01,455,455,455,455,,,,
2003-12-02,383,383,383,383,,,,
2003-12-03,321,321,321,321,,,,
2003-12-04,166,166,166,166,,,,
2003-12-05,167,167,167,167,,,,
2003-12-08,241,241,241,241,,,,
2003-12-09,252,252,252,252,,,,
2003-12-10,119,119,119,119,,,,
2003-12-11,201,201,201,201,,,,
2003-12-12,244,244,244,244,,,,
2003-12-15,311,311,311,311,,,,
2003-12-16,129,129,129,129,,,,
2003-12-17,163,163,163,163,,,,
2003-12-18,274,274,274,274,,,,
2003-12-19,244,244,244,244,,,,
2003-12-22,260,260,260,260,,,,
2003-12-23,290,290,290,290,,,,
2003-12-24,221,221,221,221,,,,
2003-12-26,239,239,239,239,,,,
2003-12-29,450,450,450,450,,,,
2003-12-30,424,424,424,424,,,,
2003-12-31,299,299,299,299,,,,
2004-01-02,291,291,291,291,,,,
2004-01-05,354,354,354,354,,,,
2004-01-06,277,277,277,277,,,,
2004-01-07,198,198,198,198,,,,
2004-01-08,295,295,295,295,,,,
2004-01-09,267,267,267,267,,,,
2004-01-12,230,230,230,230,,,,
2004-01-13,231,231,231,231,,,,
2004-01-14,282,282,282,282,,,,
2004-01-15,280,280,280,280,,,,
2004-01-16,270,270,270,270,,,,
2004-01-20,324,324,324,324,,,,
2004-01-21,313,313,313,313,,,,
2004-01-22,310,310,310,310,,,,
2004-01-23,270,270,270,270,,,,
2004-01-26,260,260,260,260,,,,
2004-01-27,247,247,247,247,,,,
2004-01-28,206,206,206,206,,,,
2004-01-29,94,94,94,94,,,,
2004-01-30,114,114,114,114,,,,
2004-02-02,183,183,183,183,,,,
2004-02-03,160,160,160,160,,,,
2004-02-04,75,75,75,75,,,,
2004-02-05,92,92,92,92,,,,
2004-02-06,169,169,169,169,,,,
2004-02-09,204,204,204,204,,,,
2004-02-10,225,225,225,225,,,,
2004-02-11,307,307,307,307,,,,
2004-02-12,242,242,242,242,,,,
2004-02-13,162,162,162,162,,,,
2004-02-17,243,243,243,243,,,,
2004-02-18,196,196,196,196,,,,
2004-02-19,170,170,170,170,,,,
2004-02-20,84,84,84,84,,,,
2004-02-23,82,82,82,82,,,,
2004-02-24,106,106,106,106,,,,
2004-02-25,110,110,110,110,,,,
2004-02-26,150,150,150,150,,,,
2004-02-27,212,212,212,212,,,,
2004-03-01,322,322,322,322,,,,
2004-03-02,277,277,277,277,,,,
2004-03-03,176,176,176,176,,,,
2004-03-04,222,222,222,222,,,,
2004-03-05,295,295,295,295,,,,
2004-03-08,231,231,231,231,,,,
2004-03-09,121,121,121,121,,,,
2004-03-10,108,108,108,108,,,,
2004-03-11,48,48,48,48,,,,
2004-03-12,51,51,51,51,,,,
2004-03-15,49,49,49,49,,,,
2004-03-16,56,56,56,56,,,,
2004-03-17,82,82,82,82,,,,
2004-03-18,97,97,97,97,,,,
2004-03-19,103,103,103,103,,,,
2004-03-22,59,59,59,59,,,,
2004-03-23,70,70,70,70,,,,
2004-03-24,67,67,67,67,,,,
2004-03-25,90,90,90,90,,,,
2004-03-26,97,97,97,97,,,,
2004-03-29,126,126,126,126,,,,
2004-03-30,158,158,158,158,,,,
2004-03-31,202,202,202,202,,,,
2004-04-01,244,244,244,244,,,,
2004-04-02,272,272,272,272,,,,
2004-04-05,212,212,212,212,,,,
2004-04-06,160,160,160,160,,,,
2004-04-07,115,115,115,115,,,,
2004-04-08,133,133,133,133,,,,
2004-04-12,142,142,142,142,,,,
2004-04-13,110,110,110,110,,,,
2004-04-14,47,47,47,47,,,,
2004-04-15,73,73,73,73,,,,
2004-04-16,101,101,101,101,,,,
2004-04-19,111,111,111,111,,,,
2004-04-20,112,112,112,112,,,,
2004-04-21,66,66,66,66,,,,
2004-04-22,156,156,156,156,,,,
2004-04-23,117,117,117,117,,,,
2004-04-26,131,131,131,131,,,,
2004-04-27,133,133,133,133,,,,
2004-04-28,65,65,65,65,,,,
2004-04-29,48,48,48,48,,,,
2004-04-30,42,42,42,42,,,,
2004-05-03,45,45,45,45,,,,
2004-05-04,74,74,74,74,,,,
2004-05-05,72,72,72,72,,,,
2004-05-06,44,44,44,44,,,,
2004-05-07,41,41,41,41,,,,
2004-05-10,26,26,26,26,,,,
2004-05-11,26,26,26,26,,,,
2004-05-12,26,26,26,26,,,,
2004-05-13,34,34,34,34,,,,
2004-05-14,35,35,35,35,,,,
2004-05-17,724,724,724,724,,,,
2004-05-18,36,36,36,36,,,,
2004-05-19,46,46,46,46,,,,
2004-05-20,32,32,32,32,,,,
2004-05-21,37,37,37,37,,,,
2004-05-24,46,46,46,46,,,,
2004-05-25,67,67,67,67,,,,
2004-05-26,87,87,87,87,,,,
2004-05-27,103,103,103,103,,,,
2004-05-28,71,71,71,71,,,,
2004-06-01,89,89,89,89,,,,
2004-06-02,126,126,126,126,,,,
2004-06-03,68,68,68,68,,,,
2004-06-04,68,68,68,68,,,,
2004-06-07,124,124,124,124,,,,
2004-06-08,107,107,107,107,,,,
2004-06-09,96,96,96,96,,,,
2004-06-10,69,69,69,69,,,,
2004-06-14,59,59,59,59,,,,
2004-06-15,86,86,86,86,,,,
2004-06-16,97,97,97,97,,,,
2004-06-17,111,111,111,111,,,,
2004-06-18,731,731,731,731,,,,
2004-06-21,153,153,153,153,,,,
2004-06-22,108,108,108,108,,,,
2004-06-23,161,161,161,161,,,,
2004-06-24,181,181,181,181,,,,
2004-06-25,143,143,143,143,,,,
2004-06-28,159,159,159,159,,,,
2004-06-29,111,111,111,111,,,,
2004-06-30,161,161,161,161,,,,
2004-07-01,135,135,135,135,,,,
2004-07-02,97,97,97,97,,,,
2004-07-06,102,102,102,102,,,,
2004-07-07,102,102,102,102,,,,
2004-07-08,97,97,97,97,,,,
2004-07-09,67,67,67,67,,,,
2004-07-12,74,74,74,74,,,,
2004-07-13,73,73,73,73,,,,
2004-07-14,96,96,96,96,,,,
2004-07-15,107,107,107,107,,,,
2004-07-16,129,129,129,129,,,,
2004-07-19,109,109,109,109,,,,
2004-07-20,101,101,101,101,,,,
2004-07-21,115,115,115,115,,,,
2004-07-22,37,37,37,37,,,,
2004-07-23,36,36,36,36,,,,
2004-07-26,40,40,40,40,,,,
2004-07-27,46,46,46,46,,,,
2004-07-28,48,48,48,48,,,,
2004-07-29,64,64,64,64,,,,
2004-07-30,74,74,74,74,,,,
2004-08-02,73,73,73,73,,,,
2004-08-03,84,84,84,84,,,,
2004-08-04,59,59,59,59,,,,
2004-08-05,42,42,42,42,,,,
2004-08-06,34,34,34,34,,,,
2004-08-09,35,35,35,35,,,,
2004-08-10,43,43,43,43,,,,
2004-08-11,35,35,35,35,,,,
2004-08-12,37,37,37,37,,,,
2004-08-13,37,37,37,37,,,,
2004-08-16,51,51,51,51,,,,
2004-08-17,63,63,63,63,,,,
2004-08-18,78,78,78,78,,,,
2004-08-19,62,62,62,62,,,,
2004-08-20,88,88,88,88,,,,
2004-08-23,90,90,90,90,,,,
2004-08-24,83,83,83,83,,,,
2004-08-25,94,94,94,94,,,,
2004-08-26,82,82,82,82,,,,
2004-08-27,82,82,82,82,,,,
2004-08-30,83,83,83,83,,,,
2004-08-31,105,105,105,105,,,,
2004-09-01,158,158,158,158,,,,
2004-09-02,157,157,157,157,,,,
2004-09-03,151,151,151,151,,,,
2004-09-07,186,186,186,186,,,,
2004-09-08,147,147,147,147,,,,
2004-09-09,128,128,128,128,,,,
2004-09-10,121,121,121,121,,,,
2004-09-13,147,147,147,147,,,,
2004-09-14,111,111,111,111,,,,
2004-09-15,99,99,99,99,,,,
2004-09-16,135,135,135,135,,,,
2004-09-17,161,161,161,161,,,,
2004-09-20,130,130,130,130,,,,
2004-09-21,148,148,148,148,,,,
2004-09-22,94,94,94,94,,,,
2004-09-23,75,75,75,75,,,,
2004-09-24,119,119,119,119,,,,
2004-09-27,103,103,103,103,,,,
2004-09-28,152,152,152,152,,,,
2004-09-29,128,128,128,128,,,,
2004-09-30,170,170,170,170,,,,
2004-10-01,276,276,276,276,,,,
2004-10-04,322,322,322,322,,,,
2004-10-05,215,215,215,215,,,,
2004-10-06,262,262,262,262,,,,
2004-10-07,216,216,216,216,,,,
2004-10-08,103,103,103,103,,,,
2004-10-11,77,77,77,77,,,,
2004-10-12,89,89,89,89,,,,
2004-10-13,87,87,87,87,,,,
2004-10-14,64,64,64,64,,,,
2004-10-15,95,95,95,95,,,,
2004-10-18,108,108,108,108,,,,
2004-10-19,121,121,121,121,,,,
2004-10-20,54,54,54,54,,,,
2004-10-21,102,102,102,102,,,,
2004-10-22,122,122,122,122,,,,
2004-10-25,73,73,73,73,,,,
2004-10-26,138,138,138,138,,,,
2004-10-27,200,200,200,200,,,,
2004-10-28,164,164,164,164,,,,
2004-10-29,151,151,151,151,,,,
2004-11-01,153,153,153,153,,,,
2004-11-02,199,199,199,199,,,,
2004-11-03,289,289,289,289,,,,
2004-11-04,342,342,342,342,,,,
2004-11-05,344,344,344,344,,,,
2004-11-08,182,182,182,182,,,,
2004-11-09,190,190,190,190,,,,
2004-11-10,226,226,226,226,,,,
2004-11-11,267,267,267,267,,,,
2004-11-12,357,357,357,357,,,,
2004-11-15,316,316,316,316,,,,
2004-11-16,191,191,191,191,,,,
2004-11-17,277,277,277,277,,,,
2004-11-18,141,141,141,141,,,,
2004-11-19,113,113,113,113,,,,
2004-11-22,164,164,164,164,,,,
2004-11-23,245,245,245,245,,,,
2004-11-24,301,301,301,301,,,,
2004-11-26,326,326,326,326,,,,
2004-11-29,312,312,312,312,,,,
2004-11-30,219,219,219,219,,,,
2004-12-01,360,360,360,360,,,,
2004-12-02,250,250,250,250,,,,
2004-12-03,201,201,201,201,,,,
2004-12-06,166,166,166,166,,,,
2004-12-07,100,100,100,100,,,,
2004-12-08,71,71,71,71,,,,
2004-12-09,94,94,94,94,,,,
2004-12-10,161,161,161,161,,,,
2004-12-13,184,184,184,184,,,,
2004-12-14,188,188,188,188,,,,
2004-12-15,250,250,250,250,,,,
2004-12-16,195,195,195,195,,,,
2004-12-17,147,147,147,147,,,,
2004-12-20,165,165,165,165,,,,
2004-12-21,214,214,214,214,,,,
2004-12-22,293,293,293,293,,,,
2004-12-23,222,222,222,222,,,,
2004-12-27,147,147,147,147,,,,
2004-12-28,199,199,199,199,,,,
2004-12-29,199,199,199,199,,,,
2004-12-30,207,207,207,207,,,,
2004-12-31,210,210,210,210,,,,
2005-01-03,132,132,132,132,,,,
2005-01-04,41,41,41,41,,,,
2005-01-05,35,35,35,35,,,,
2005-01-06,41,41,41,41,,,,
2005-01-07,48,48,48,48,,,,
2005-01-10,53,53,53,53,,,,
2005-01-11,55,55,55,55,,,,
2005-01-12,54,54,54,54,,,,
2005-01-13,80,80,80,80,,,,
2005-01-14,91,91,91,91,,,,
2005-01-18,143,143,143,143,,,,
2005-01-19,122,122,122,122,,,,
2005-01-20,46,46,46,46,,,,
2005-01-21,64,64,64,64,,,,
2005-01-24,67,67,67,67,,,,
2005-01-25,56,56,56,56,,,,
2005-01-26,63,63,63,63,,,,
2005-01-27,108,108,108,108,,,,
2005-01-28,82,82,82,82,,,,
2005-01-31,150,150,150,150,,,,
2005-02-01,214,214,214,214,,,,
2005-02-02,223,223,223,223,,,,
2005-02-03,186,186,186,186,,,,
2005-02-04,277,277,277,277,,,,
2005-02-07,255,255,255,255,,,,
2005-02-08,167,167,167,167,,,,
2005-02-09,140,140,140,140,,,,
2005-02-10,142,142,142,142,,,,
2005-02-11,219,219,219,219,,,,
2005-02-14,221,221,221,221,,,,
2005-02-15,209,209,209,209,,,,
2005-02-16,225,225,225,225,,,,
2005-02-17,208,208,208,208,,,,
2005-02-18,132,132,132,132,,,,
2005-02-22,150,150,150,150,,,,
2005-02-23,75,75,75,75,,,,
2005-02-24,144,144,144,144,,,,
2005-02-25,253,253,253,253,,,,
2005-02-28,238,238,238,238,,,,
2005-03-01,161,161,161,161,,,,
2005-03-02,149,149,149,149,,,,
2005-03-03,166,166,166,166,,,,
2005-03-04,306,306,306,306,,,,
2005-03-07,265,265,265,265,,,,
2005-03-08,149,149,149,149,,,,
2005-03-09,107,107,107,107,,,,
2005-03-10,54,54,54,54,,,,
2005-03-11,62,62,62,62,,,,
2005-03-14,66,66,66,66,,,,
2005-03-15,113,113,113,113,,,,
2005-03-16,53,53,53,53,,,,
2005-03-17,64,64,64,64,,,,
2005-03-18,76,76,76,76,,,,
2005-03-21,61,61,61,61,,,,
2005-03-22,63,63,63,63,,,,
2005-03-23,27,27,27,27,,,,
2005-03-24,41,41,41,41,,,,
2005-03-28,47,47,47,47,,,,
2005-03-29,37,37,37,37,,,,
2005-03-30,37,37,37,37,,,,
2005-03-31,56,56,56,56,,,,
2005-04-01,71,71,71,71,,,,
2005-04-04,67,67,67,67,,,,
2005-04-05,75,75,75,75,,,,
2005-04-06,95,95,95,95,,,,
2005-04-07,85,85,85,85,,,,
2005-04-08,63,63,63,63,,,,
2005-04-11,47,47,47,47,,,,
2005-04-12,63,63,63,63,,,,
2005-04-13,53,53,53,53,,,,
2005-04-14,28,28,28,28,,,,
2005-04-15,28,28,28,28,,,,
2005-04-18,25,25,25,25,,,,
2005-04-19,28,28,28,28,,,,
2005-04-20,27,27,27,27,,,,
2005-04-21,41,41,41,41,,,,
2005-04-22,45,45,45,45,,,,
2005-04-25,62,62,62,62,,,,
2005-04-26,55,55,55,55,,,,
2005-04-27,51,51,51,51,,,,
2005-04-28,48,48,48,48,,,,
2005-04-29,53,53,53,53,,,,
2005-05-02,77,77,77,77,,,,
2005-05-03,67,67,67,67,,,,
2005-05-04,96,96,96,96,,,,
2005-05-05,103,103,103,103,,,,
2005-05-06,86,86,86,86,,,,
2005-05-09,98,98,98,98,,,,
2005-05-10,74,74,74,74,,,,
2005-05-11,68,68,68,68,,,,
2005-05-12,72,72,72,72,,,,
2005-05-13,43,43,43,43,,,,
2005-05-16,47,47,47,47,,,,
2005-05-17,73,73,73,73,,,,
2005-05-18,120,120,120,120,,,,
2005-05-19,103,103,103,103,,,,
2005-05-20,79,79,79,79,,,,
2005-05-23,118,118,118,118,,,,
2005-05-24,79,79,79,79,,,,
2005-05-25,59,59,59,59,,,,
2005-05-26,96,96,96,96,,,,
2005-05-27,112,112,112,112,,,,
2005-05-31,127,127,127,127,,,,
2005-06-01,177,177,177,177,,,,
2005-06-02,136,136,136,136,,,,
2005-06-03,135,135,135,135,,,,
2005-06-06,121,121,121,121,,,,
2005-06-07,207,207,207,207,,,,
2005-06-08,113,113,113,113,,,,
2005-06-09,98,98,98,98,,,,
2005-06-10,125,125,125,125,,,,
2005-06-13,146,146,146,146,,,,
2005-06-14,184,184,184,184,,,,
2005-06-15,208,208,208,208,,,,
2005-06-16,212,212,212,212,,,,
2005-06-17,280,280,280,280,,,,
2005-06-20,172,172,172,172,,,,
2005-06-21,130,130,130,130,,,,
2005-06-22,129,129,129,129,,,,
2005-06-23,130,130,130,130,,,,
2005-06-24,77,77,77,77,,,,
2005-06-27,84,84,84,84,,,,
2005-06-28,120,120,120,120,,,,
2005-06-29,141,141,141,141,,,,
2005-06-30,138,138,138,138,,,,
2005-07-01,141,141,141,141,,,,
2005-07-05,287,287,287,287,,,,
2005-07-06,239,239,239,239,,,,
2005-07-07,116,116,116,116,,,,
2005-07-08,293,293,293,293,,,,
2005-07-11,375,375,375,375,,,,
2005-07-12,302,302,302,302,,,,
2005-07-13,190,190,190,190,,,,
2005-07-14,196,196,196,196,,,,
2005-07-15,74,74,74,74,,,,
2005-07-18,91,91,91,91,,,,
2005-07-19,152,152,152,152,,,,
2005-07-20,220,220,220,220,,,,
2005-07-21,167,167,167,167,,,,
2005-07-22,166,166,166,166,,,,
2005-07-25,192,192,192,192,,,,
2005-07-26,144,144,144,144,,,,
2005-07-27,158,158,158,158,,,,
2005-07-28,295,295,295,295,,,,
2005-07-29,263,263,263,263,,,,
2005-08-01,237,237,237,237,,,,
2005-08-02,292,292,292,292,,,,
2005-08-03,263,263,263,263,,,,
2005-08-04,116,116,116,116,,,,
2005-08-05,62,62,62,62,,,,
2005-08-08,90,90,90,90,,,,
2005-08-09,80,80,80,80,,,,
2005-08-10,140,140,140,140,,,,
2005-08-11,143,143,143,143,,,,
2005-08-12,111,111,111,111,,,,
2005-08-15,92,92,92,92,,,,
2005-08-16,46,46,46,46,,,,
2005-08-17,41,41,41,41,,,,
2005-08-18,33,33,33,33,,,,
2005-08-19,40,40,40,40,,,,
2005-08-22,52,52,52,52,,,,
2005-08-23,44,44,44,44,,,,
2005-08-24,56,56,56,56,,,,
2005-08-25,48,48,48,48,,,,
2005-08-26,43,43,43,43,,,,
2005-08-29,59,59,59,59,,,,
2005-08-30,77,77,77,77,,,,
2005-08-31,155,155,155,155,,,,
2005-09-01,208,208,208,208,,,,
2005-09-02,94,94,94,94,,,,
2005-09-06,145,145,145,145,,,,
2005-09-07,130,130,130,130,,,,
2005-09-08,104,104,104,104,,,,
2005-09-09,171,171,171,171,,,,
2005-09-12,152,152,152,152,,,,
2005-09-13,85,85,85,85,,,,
2005-09-14,61,61,61,61,,,,
2005-09-15,96,96,96,96,,,,
2005-09-16,149,149,149,149,,,,
2005-09-19,171,171,171,171,,,,
2005-09-20,132,132,132,132,,,,
2005-09-21,117,117,117,117,,,,
2005-09-22,100,100,100,100,,,,
2005-09-23,49,49,49,49,,,,
2005-09-26,95,95,95,95,,,,
2005-09-27,84,84,84,84,,,,
2005-09-28,127,127,127,127,,,,
2005-09-29,150,150,150,150,,,,
2005-09-30,155,155,155,155,,,,
2005-10-03,181,181,181,181,,,,
2005-10-04,173,173,173,173,,,,
2005-10-05,28,28,28,28,,,,
2005-10-06,25,25,25,25,,,,
2005-10-07,35,35,35,35,,,,
2005-10-10,39,39,39,39,,,,
2005-10-11,35,35,35,35,,,,
2005-10-12,22,22,22,22,,,,
2005-10-13,20,20,20,20,,,,
2005-10-14,22,22,22,22,,,,
2005-10-17,31,31,31,31,,,,
2005-10-18,36,36,36,36,,,,
2005-10-19,41,41,41,41,,,,
2005-10-20,50,50,50,50,,,,
2005-10-21,38,38,38,38,,,,
2005-10-24,68,68,68,68,,,,
2005-10-25,58,58,58,58,,,,
2005-10-26,67,67,67,67,,,,
2005-10-27,44,44,44,44,,,,
2005-10-28,55,55,55,55,,,,
2005-10-31,93,93,93,93,,,,
2005-11-01,89,89,89,89,,,,
2005-11-02,134,134,134,134,,,,
2005-11-03,153,153,153,153,,,,
2005-11-04,66,66,66,66,,,,
2005-11-07,92,92,92,92,,,,
2005-11-08,59,59,59,59,,,,
2005-11-09,96,96,96,96,,,,
2005-11-10,125,125,125,125,,,,
2005-11-11,119,119,119,119,,,,
2005-11-14,112,112,112,112,,,,
2005-11-15,74,74,74,74,,,,
2005-11-16,51,51,51,51,,,,
2005-11-17,131,131,131,131,,,,
2005-11-18,162,162,162,162,,,,
2005-11-21,159,159,159,159,,,,
2005-11-22,176,176,176,176,,,,
2005-11-23,196,196,196,196,,,,
2005-11-25,123,123,123,123,,,,
2005-11-28,120,120,120,120,,,,
2005-11-29,119,119,119,119,,,,
2005-11-30,103,103,103,103,,,,
2005-12-01,188,188,188,188,,,,
2005-12-02,156,156,156,156,,,,
2005-12-05,135,135,135,135,,,,
2005-12-06,180,180,180,180,,,,
2005-12-07,106,106,106,106,,,,
2005-12-08,110,110,110,110,,,,
2005-12-09,93,93,93,93,,,,
2005-12-12,142,142,142,142,,,,
2005-12-13,152,152,152,152,,,,
2005-12-14,136,136,136,136,,,,
2005-12-15,91,91,91,91,,,,
2005-12-16,121,121,121,121,,,,
2005-12-19,56,56,56,56,,,,
2005-12-20,48,48,48,48,,,,
2005-12-21,76,76,76,76,,,,
2005-12-22,89,89,89,89,,,,
2005-12-23,116,116,116,116,,,,
2005-12-27,101,101,101,101,,,,
2005-12-28,68,68,68,68,,,,
2005-12-29,74,74,74,74,,,,
2005-12-30,40,40,40,40,,,,
2006-01-03,162,162,162,162,,,,
2006-01-04,213,213,213,213,,,,
2006-01-05,159,159,159,159,,,,
2006-01-06,263,263,263,263,,,,
2006-01-09,256,256,256,256,,,,
2006-01-10,203,203,203,203,,,,
2006-01-11,214,214,214,214,,,,
2006-01-12,156,156,156,156,,,,
2006-01-13,94,94,94,94,,,,
2006-01-17,126,126,126,126,,,,
2006-01-18,82,82,82,82,,,,
2006-01-19,175,175,175,175,,,,
2006-01-20,188,188,188,188,,,,
2006-01-23,119,119,119,119,,,,
2006-01-24,199,199,199,199,,,,
2006-01-25,182,182,182,182,,,,
2006-01-26,234,234,234,234,,,,
2006-01-27,325,325,325,325,,,,
2006-01-30,241,241,241,241,,,,
2006-01-31,231,231,231,231,,,,
2006-02-01,238,238,238,238,,,,
2006-02-02,116,116,116,116,,,,
2006-02-03,81,81,81,81,,,,
2006-02-06,111,111,111,111,,,,
2006-02-07,80,80,80,80,,,,
2006-02-08,70,70,70,70,,,,
2006-02-09,99,99,99,99,,,,
2006-02-10,76,76,76,76,,,,
2006-02-13,67,67,67,67,,,,
2006-02-14,111,111,111,111,,,,
2006-02-15,133,133,133,133,,,,
2006-02-16,180,180,180,180,,,,
2006-02-17,172,172,172,172,,,,
2006-02-21,159,159,159,159,,,,
2006-02-22,218,218,218,218,,,,
2006-02-23,189,189,189,189,,,,
2006-02-24,142,142,142,142,,,,
2006-02-27,212,212,212,212,,,,
2006-02-28,84,84,84,84,,,,
2006-03-01,135,135,135,135,,,,
2006-03-02,128,128,128,128,,,,
2006-03-03,138,138,138,138,,,,
2006-03-06,104,104,104,104,,,,
2006-03-07,43,43,43,43,,,,
2006-03-08,57,57,57,57,,,,
2006-03-09,84,84,84,84,,,,
2006-03-10,104,104,104,104,,,,
2006-03-13,141,141,141,141,,,,
2006-03-14,142,142,142,142,,,,
2006-03-15,219,219,219,219,,,,
2006-03-16,280,280,280,280,,,,
2006-03-17,233,233,233,233,,,,
2006-03-20,173,173,173,173,,,,
2006-03-21,109,109,109,109,,,,
2006-03-22,97,97,97,97,,,,
2006-03-23,109,109,109,109,,,,
2006-03-24,130,130,130,130,,,,
2006-03-27,117,117,117,117,,,,
2006-03-28,122,122,122,122,,,,
2006-03-29,206,206,206,206,,,,
2006-03-30,203,203,203,203,,,,
2006-03-31,146,146,146,146,,,,
2006-04-03,208,208,208,208,,,,
2006-04-04,153,153,153,153,,,,
2006-04-05,186,186,186,186,,,,
2006-04-06,178,178,178,178,,,,
2006-04-07,139,139,139,139,,,,
2006-04-10,78,78,78,78,,,,
2006-04-11,71,71,71,71,,,,
2006-04-12,50,50,50,50,,,,
2006-04-13,62,62,62,62,,,,
2006-04-17,101,101,101,101,,,,
2006-04-18,217,217,217,217,,,,
2006-04-19,274,274,274,274,,,,
2006-04-20,200,200,200,200,,,,
2006-04-21,226,226,226,226,,,,
2006-04-24,118,118,118,118,,,,
2006-04-25,130,130,130,130,,,,
2006-04-26,164,164,164,164,,,,
2006-04-27,139,139,139,139,,,,
2006-04-28,133,133,133,133,,,,
2006-05-01,159,159,159,159,,,,
2006-05-02,154,154,154,154,,,,
2006-05-03,150,150,150,150,,,,
2006-05-04,178,178,178,178,,,,
2006-05-05,273,273,273,273,,,,
2006-05-08,203,203,203,203,,,,
2006-05-09,206,206,206,206,,,,
2006-05-10,169,169,169,169,,,,
2006-05-11,152,152,152,152,,,,
2006-05-12,37,37,37,37,,,,
2006-05-15,33,33,33,33,,,,
2006-05-16,43,43,43,43,,,,
2006-05-17,32,32,32,32,,,,
2006-05-18,20,20,20,20,,,,
2006-05-19,25,25,25,25,,,,
2006-05-22,30,30,30,30,,,,
2006-05-23,33,33,33,33,,,,
2006-05-24,25,25,25,25,,,,
2006-05-25,42,42,42,42,,,,
2006-05-26,47,47,47,47,,,,
2006-05-30,37,37,37,37,,,,
2006-05-31,50,50,50,50,,,,
2006-06-01,67,67,67,67,,,,
2006-06-02,88,88,88,88,,,,
2006-06-05,55,55,55,55,,,,
2006-06-06,32,32,32,32,,,,
2006-06-07,41,41,41,41,,,,
2006-06-08,28,28,28,28,,,,
2006-06-09,39,39,39,39,,,,
2006-06-12,32,32,32,32,,,,
2006-06-13,24,24,24,24,,,,
2006-06-14,23,23,23,23,,,,
2006-06-15,30,30,30,30,,,,
2006-06-16,35,35,35,35,,,,
2006-06-19,30,30,30,30,,,,
2006-06-20,26,26,26,26,,,,
2006-06-21,31,31,31,31,,,,
2006-06-22,31,31,31,31,,,,
2006-06-23,33,33,33,33,,,,
2006-06-26,40,40,40,40,,,,
2006-06-27,40,40,40,40,,,,
2006-06-28,36,36,36,36,,,,
2006-06-29,76,76,76,76,,,,
2006-06-30,93,93,93,93,,,,
2006-07-03,88,88,88,88,,,,
2006-07-05,62,62,62,62,,,,
2006-07-06,76,76,76,76,,,,
2006-07-07,66,66,66,66,,,,
2006-07-10,61,61,61,61,,,,
2006-07-11,71,71,71,71,,,,
2006-07-12,71,71,71,71,,,,
2006-07-13,35,35,35,35,,,,
2006-07-14,30,30,30,30,,,,
2006-07-17,30,30,30,30,,,,
2006-07-18,34,34,34,34,,,,
2006-07-19,85,85,85,85,,,,
2006-07-20,81,81,81,81,,,,
2006-07-21,47,47,47,47,,,,
2006-07-24,83,83,83,83,,,,
2006-07-25,99,99,99,99,,,,
2006-07-26,91,91,91,91,,,,
2006-07-27,105,105,105,105,,,,
2006-07-28,90,90,90,90,,,,
2006-07-31,73,73,73,73,,,,
2006-08-01,81,81,81,81,,,,
2006-08-02,117,117,117,117,,,,
2006-08-03,93,93,93,93,,,,
2006-08-04,145,145,145,145,,,,
2006-08-07,62,62,62,62,,,,
2006-08-08,86,86,86,86,,,,
2006-08-09,92,92,92,92,,,,
2006-08-10,53,53,53,53,,,,
2006-08-11,49,49,49,49,,,,
2006-08-14,80,80,80,80,,,,
2006-08-15,91,91,91,91,,,,
2006-08-16,125,125,125,125,,,,
2006-08-17,108,108,108,108,,,,
2006-08-18,69,69,69,69,,,,
2006-08-21,78,78,78,78,,,,
2006-08-22,102,102,102,102,,,,
2006-08-23,88,88,88,88,,,,
2006-08-24,70,70,70,70,,,,
2006-08-25,67,67,67,67,,,,
2006-08-28,109,109,109,109,,,,
2006-08-29,123,123,123,123,,,,
2006-08-30,154,154,154,154,,,,
2006-08-31,149,149,149,149,,,,
2006-09-01,135,135,135,135,,,,
2006-09-05,139,139,139,139,,,,
2006-09-06,62,62,62,62,,,,
2006-09-07,39,39,39,39,,,,
2006-09-08,64,64,64,64,,,,
2006-09-11,73,73,73,73,,,,
2006-09-12,136,136,136,136,,,,
2006-09-13,161,161,161,161,,,,
2006-09-14,80,80,80,80,,,,
2006-09-15,141,141,141,141,,,,
2006-09-18,79,79,79,79,,,,
2006-09-19,67,67,67,67,,,,
2006-09-20,150,150,150,150,,,,
2006-09-21,116,116,116,116,,,,
2006-09-22,46,46,46,46,,,,
2006-09-25,82,82,82,82,,,,
2006-09-26,107,107,107,107,,,,
2006-09-27,138,138,138,138,,,,
2006-09-28,122,122,122,122,,,,
2006-09-29,87,87,87,87,,,,
2006-10-02,72,72,72,72,,,,
2006-10-03,105,105,105,105,,,,
2006-10-04,171,171,171,171,,,,
2006-10-05,201,201,201,201,,,,
2006-10-06,110,110,110,110,,,,
2006-10-09,125,125,125,125,,,,
2006-10-10,158,158,158,158,,,,
2006-10-11,123,123,123,123,,,,
2006-10-12,207,207,207,207,,,,
2006-10-13,229,229,229,229,,,,
2006-10-16,237,237,237,237,,,,
2006-10-17,139,139,139,139,,,,
2006-10-18,222,222,222,222,,,,
2006-10-19,180,180,180,180,,,,
2006-10-20,128,128,128,128,,,,
2006-10-23,167,167,167,167,,,,
2006-10-24,143,143,143,143,,,,
2006-10-25,220,220,220,220,,,,
2006-10-26,257,257,257,257,,,,
2006-10-27,157,157,157,157,,,,
2006-10-30,110,110,110,110,,,,
2006-10-31,142,142,142,142,,,,
2006-11-01,139,139,139,139,,,,
2006-11-02,69,69,69,69,,,,
2006-11-03,93,93,93,93,,,,
2006-11-06,128,128,128,128,,,,
2006-11-07,177,177,177,177,,,,
2006-11-08,166,166,166,166,,,,
2006-11-09,150,150,150,150,,,,
2006-11-10,126,126,126,126,,,,
2006-11-13,190,190,190,190,,,,
2006-11-14,223,223,223,223,,,,
2006-11-15,257,257,257,257,,,,
2006-11-16,245,245,245,245,,,,
2006-11-17,117,117,117,117,,,,
2006-11-20,198,198,198,198,,,,
2006-11-21,193,193,193,193,,,,
2006-11-22,232,232,232,232,,,,
2006-11-24,138,138,138,138,,,,
2006-11-27,79,79,79,79,,,,
2006-11-28,59,59,59,59,,,,
2006-11-29,155,155,155,155,,,,
2006-11-30,188,188,188,188,,,,
2006-12-01,156,156,156,156,,,,
2006-12-04,274,274,274,274,,,,
2006-12-05,306,306,306,306,,,,
2006-12-06,186,186,186,186,,,,
2006-12-07,173,173,173,173,,,,
2006-12-08,109,109,109,109,,,,
2006-12-11,139,139,139,139,,,,
2006-12-12,140,140,140,140,,,,
2006-12-13,168,168,168,168,,,,
2006-12-14,231,231,231,231,,,,
2006-12-15,210,210,210,210,,,,
2006-12-18,141,141,141,141,,,,
2006-12-19,78,78,78,78,,,,
2006-12-20,148,148,148,148,,,,
2006-12-21,106,106,106,106,,,,
2006-12-22,56,56,56,56,,,,
2006-12-26,96,96,96,96,,,,
2006-12-27,196,196,196,196,,,,
2006-12-28,165,165,165,165,,,,
2006-12-29,87,87,87,87,,,,
2007-01-03,198,198,198,198,,,,
2007-01-04,95,95,95,95,,,,
2007-01-05,54,54,54,54,,,,
2007-01-08,69,69,69,69,,,,
2007-01-09,82,82,82,82,,,,
2007-01-10,90,90,90,90,,,,
2007-01-11,171,171,171,171,,,,
2007-01-12,167,167,167,167,,,,
2007-01-16,194,194,194,194,,,,
2007-01-17,152,152,152,152,,,,
2007-01-18,133,133,133,133,,,,
2007-01-19,107,107,107,107,,,,
2007-01-22,104,104,104,104,,,,
2007-01-23,137,137,137,137,,,,
2007-01-24,175,175,175,175,,,,
2007-01-25,176,176,176,176,,,,
2007-01-26,77,77,77,77,,,,
2007-01-29,128,128,128,128,,,,
2007-01-30,139,139,139,139,,,,
2007-01-31,192,192,192,192,,,,
2007-02-01,260,260,260,260,,,,
2007-02-02,246,246,246,246,,,,
2007-02-05,206,206,206,206,,,,
2007-02-06,243,243,243,243,,,,
2007-02-07,285,285,285,285,,,,
2007-02-08,218,218,218,218,,,,
2007-02-09,160,160,160,160,,,,
2007-02-12,79,79,79,79,,,,
2007-02-13,141,141,141,141,,,,
2007-02-14,265,265,265,265,,,,
2007-02-15,226,226,226,226,,,,
2007-02-16,162,162,162,162,,,,
2007-02-20,276,276,276,276,,,,
2007-02-21,223,223,223,223,,,,
2007-02-22,209,209,209,209,,,,
2007-02-23,132,132,132,132,,,,
2007-02-26,169,169,169,169,,,,
2007-02-27,43,43,43,43,,,,
2007-02-28,32,32,32,32,,,,
2007-03-01,40,40,40,40,,,,
2007-03-02,32,32,32,32,,,,
2007-03-05,17,17,17,17,,,,
2007-03-06,32,32,32,32,,,,
2007-03-07,35,35,35,35,,,,
2007-03-08,55,55,55,55,,,,
2007-03-09,54,54,54,54,,,,
2007-03-12,76,76,76,76,,,,
2007-03-13,56,56,56,56,,,,
2007-03-14,28,28,28,28,,,,
2007-03-15,52,52,52,52,,,,
2007-03-16,60,60,60,60,,,,
2007-03-19,77,77,77,77,,,,
2007-03-20,100,100,100,100,,,,
2007-03-21,164,164,164,164,,,,
2007-03-22,178,178,178,178,,,,
2007-03-23,137,137,137,137,,,,
2007-03-26,142,142,142,142,,,,
2007-03-27,77,77,77,77,,,,
2007-03-28,75,75,75,75,,,,
2007-03-29,91,91,91,91,,,,
2007-03-30,106,106,106,106,,,,
2007-04-02,140,140,140,140,,,,
2007-04-03,207,207,207,207,,,,
2007-04-04,159,159,159,159,,,,
2007-04-05,134,134,134,134,,,,
2007-04-09,193,193,193,193,,,,
2007-04-10,164,164,164,164,,,,
2007-04-11,119,119,119,119,,,,
2007-04-12,119,119,119,119,,,,
2007-04-13,158,158,158,158,,,,
2007-04-16,265,265,265,265,,,,
2007-04-17,244,244,244,244,,,,
2007-04-18,162,162,162,162,,,,
2007-04-19,139,139,139,139,,,,
2007-04-20,239,239,239,239,,,,
2007-04-23,225,225,225,225,,,,
2007-04-24,168,168,168,168,,,,
2007-04-25,265,265,265,265,,,,
2007-04-26,229,229,229,229,,,,
2007-04-27,143,143,143,143,,,,
2007-04-30,146,146,146,146,,,,
2007-05-01,60,60,60,60,,,,
2007-05-02,159,159,159,159,,,,
2007-05-03,178,178,178,178,,,,
2007-05-04,188,188,188,188,,,,
2007-05-07,198,198,198,198,,,,
2007-05-08,126,126,126,126,,,,
2007-05-09,200,200,200,200,,,,
2007-05-10,116,116,116,116,,,,
2007-05-11,104,104,104,104,,,,
2007-05-14,164,164,164,164,,,,
2007-05-15,152,152,152,152,,,,
2007-05-16,133,133,133,133,,,,
2007-05-17,137,137,137,137,,,,
2007-05-18,193,193,193,193,,,,
2007-05-21,224,224,224,224,,,,
2007-05-22,183,183,183,183,,,,
2007-05-23,195,195,195,195,,,,
2007-05-24,100,100,100,100,,,,
2007-05-25,63,63,63,63,,,,
2007-05-29,131,131,131,131,,,,
2007-05-30,160,160,160,160,,,,
2007-05-31,283,283,283,283,,,,
2007-06-01,292,292,292,292,,,,
2007-06-04,251,251,251,251,,,,
2007-06-05,153,153,153,153,,,,
2007-06-06,49,49,49,49,,,,
2007-06-07,32,32,32,32,,,,
2007-06-08,35,35,35,35,,,,
2007-06-11,64,64,64,64,,,,
2007-06-12,39,39,39,39,,,,
2007-06-13,92,92,92,92,,,,
2007-06-14,178,178,178,178,,,,
2007-06-15,277,277,277,277,,,,
2007-06-18,203,203,203,203,,,,
2007-06-19,155,155,155,155,,,,
2007-06-20,184,184,184,184,,,,
2007-06-21,85,85,85,85,,,,
2007-06-22,83,83,83,83,,,,
2007-06-25,63,63,63,63,,,,
2007-06-26,48,48,48,48,,,,
2007-06-27,53,53,53,53,,,,
2007-06-28,93,93,93,93,,,,
2007-06-29,109,109,109,109,,,,
2007-07-02,168,168,168,168,,,,
2007-07-03,171,171,171,171,,,,
2007-07-05,175,175,175,175,,,,
2007-07-06,197,197,197,197,,,,
2007-07-09,227,227,227,227,,,,
2007-07-10,91,91,91,91,,,,
2007-07-11,87,87,87,87,,,,
2007-07-12,245,245,245,245,,,,
2007-07-13,265,265,265,265,,,,
2007-07-16,197,197,197,197,,,,
2007-07-17,191,191,191,191,,,,
2007-07-18,108,108,108,108,,,,
2007-07-19,216,216,216,216,,,,
2007-07-20,87,87,87,87,,,,
2007-07-23,130,130,130,130,,,,
2007-07-24,56,56,56,56,,,,
2007-07-25,41,41,41,41,,,,
2007-07-26,33,33,33,33,,,,
2007-07-27,17,17,17,17,,,,
2007-07-30,20,20,20,20,,,,
2007-07-31,26,26,26,26,,,,
2007-08-01,24,24,24,24,,,,
2007-08-02,35,35,35,35,,,,
2007-08-03,37,37,37,37,,,,
2007-08-06,29,29,29,29,,,,
2007-08-07,51,51,51,51,,,,
2007-08-08,114,114,114,114,,,,
2007-08-09,75,75,75,75,,,,
2007-08-10,29,29,29,29,,,,
2007-08-13,21,21,21,21,,,,
2007-08-14,11,11,11,11,,,,
2007-08-15,13,13,13,13,,,,
2007-08-16,9,9,9,9,,,,
2007-08-17,26,26,26,26,,,,
2007-08-20,9,9,9,9,,,,
2007-08-21,13,13,13,13,,,,
2007-08-22,19,19,19,19,,,,
2007-08-23,16,16,16,16,,,,
2007-08-24,25,25,25,25,,,,
2007-08-27,33,33,33,33,,,,
2007-08-28,13,13,13,13,,,,
2007-08-29,19,19,19,19,,,,
2007-08-30,21,21,21,21,,,,
2007-08-31,34,34,34,34,,,,
2007-09-04,54,54,54,54,,,,
2007-09-05,30,30,30,30,,,,
2007-09-06,38,38,38,38,,,,
2007-09-07,19,19,19,19,,,,
2007-09-10,26,26,26,26,,,,
2007-09-11,40,40,40,40,,,,
2007-09-12,51,51,51,51,,,,
2007-09-13,50,50,50,50,,,,
2007-09-14,45,45,45,45,,,,
2007-09-17,41,41,41,41,,,,
2007-09-18,112,112,112,112,,,,
2007-09-19,175,175,175,175,,,,
2007-09-20,81,81,81,81,,,,
2007-09-21,118,118,118,118,,,,
2007-09-24,99,99,99,99,,,,
2007-09-25,59,59,59,59,,,,
2007-09-26,121,121,121,121,,,,
2007-09-27,141,141,141,141,,,,
2007-09-28,129,129,129,129,,,,
2007-10-01,196,196,196,196,,,,
2007-10-02,144,144,144,144,,,,
2007-10-03,79,79,79,79,,,,
2007-10-04,74,74,74,74,,,,
2007-10-05,174,174,174,174,,,,
2007-10-08,127,127,127,127,,,,
2007-10-09,155,155,155,155,,,,
2007-10-10,157,157,157,157,,,,
2007-10-11,231,231,231,231,,,,
2007-10-12,71,71,71,71,,,,
2007-10-15,110,110,110,110,,,,
2007-10-16,68,68,68,68,,,,
2007-10-17,91,91,91,91,,,,
2007-10-18,97,97,97,97,,,,
2007-10-19,58,58,58,58,,,,
2007-10-22,32,32,32,32,,,,
2007-10-23,69,69,69,69,,,,
2007-10-24,59,59,59,59,,,,
2007-10-25,99,99,99,99,,,,
2007-10-26,176,176,176,176,,,,
2007-10-29,182,182,182,182,,,,
2007-10-30,96,96,96,96,,,,
2007-10-31,171,171,171,171,,,,
2007-11-01,64,64,64,64,,,,
2007-11-02,77,77,77,77,,,,
2007-11-05,61,61,61,61,,,,
2007-11-06,126,126,126,126,,,,
2007-11-07,91,91,91,91,,,,
2007-11-08,57,57,57,57,,,,
2007-11-09,29,29,29,29,,,,
2007-11-12,19,19,19,19,,,,
2007-11-13,29,29,29,29,,,,
2007-11-14,42,42,42,42,,,,
2007-11-15,24,24,24,24,,,,
2007-11-16,34,34,34,34,,,,
2007-11-19,32,32,32,32,,,,
2007-11-20,37,37,37,37,,,,
2007-11-21,21,21,21,21,,,,
2007-11-23,18,18,18,18,,,,
2007-11-26,28,28,28,28,,,,
2007-11-27,23,23,23,23,,,,
2007-11-28,52,52,52,52,,,,
2007-11-29,52,52,52,52,,,,
2007-11-30,68,68,68,68,,,,
2007-12-03,50,50,50,50,,,,
2007-12-04,38,38,38,38,,,,
2007-12-05,71,71,71,71,,,,
2007-12-06,91,91,91,91,,,,
2007-12-07,107,107,107,107,,,,
2007-12-10,105,105,105,105,,,,
2007-12-11,101,101,101,101,,,,
2007-12-12,55,55,55,55,,,,
2007-12-13,26,26,26,26,,,,
2007-12-14,37,37,37,37,,,,
2007-12-17,21,21,21,21,,,,
2007-12-18,21,21,21,21,,,,
2007-12-19,25,25,25,25,,,,
2007-12-20,41,41,41,41,,,,
2007-12-21,94,94,94,94,,,,
2007-12-24,92,92,92,92,,,,
2007-12-26,93,93,93,93,,,,
2007-12-27,57,57,57,57,,,,
2007-12-28,41,41,41,41,,,,
2007-12-31,32,32,32,32,,,,
2008-01-02,46,46,46,46,,,,
2008-01-03,52,52,52,52,,,,
2008-01-04,25,25,25,25,,,,
2008-01-07,36,36,36,36,,,,
2008-01-08,51,51,51,51,,,,
2008-01-09,35,35,35,35,,,,
2008-01-10,41,41,41,41,,,,
2008-01-11,28,28,28,28,,,,
2008-01-14,49,49,49,49,,,,
2008-01-15,19,19,19,19,,,,
2008-01-16,25,25,25,25,,,,
2008-01-17,19,19,19,19,,,,
2008-01-18,11,11,11,11,,,,
2008-01-22,13,13,13,13,,,,
2008-01-23,15,15,15,15,,,,
2008-01-24,13,13,13,13,,,,
2008-01-25,16,16,16,16,,,,
2008-01-28,12,12,12,12,,,,
2008-01-29,15,15,15,15,,,,
2008-01-30,21,21,21,21,,,,
2008-01-31,24,24,24,24,,,,
2008-02-01,42,42,42,42,,,,
2008-02-04,39,39,39,39,,,,
2008-02-05,15,15,15,15,,,,
2008-02-06,17,17,17,17,,,,
2008-02-07,15,15,15,15,,,,
2008-02-08,26,26,26,26,,,,
2008-02-11,41,41,41,41,,,,
2008-02-12,50,50,50,50,,,,
2008-02-13,35,35,35,35,,,,
2008-02-14,40,40,40,40,,,,
2008-02-15,17,17,17,17,,,,
2008-02-19,47,47,47,47,,,,
2008-02-20,41,41,41,41,,,,
2008-02-21,42,42,42,42,,,,
2008-02-22,22,22,22,22,,,,
2008-02-25,60,60,60,60,,,,
2008-02-26,75,75,75,75,,,,
2008-02-27,58,58,58,58,,,,
2008-02-28,60,60,60,60,,,,
2008-02-29,29,29,29,29,,,,
2008-03-03,36,36,36,36,,,,
2008-03-04,28,28,28,28,,,,
2008-03-05,37,37,37,37,,,,
2008-03-06,31,31,31,31,,,,
2008-03-07,19,19,19,19,,,,
2008-03-10,15,15,15,15,,,,
2008-03-11,23,23,23,23,,,,
2008-03-12,33,33,33,33,,,,
2008-03-13,33,33,33,33,,,,
2008-03-14,46,46,46,46,,,,
2008-03-17,23,23,23,23,,,,
2008-03-18,27,27,27,27,,,,
2008-03-19,32,32,32,32,,,,
2008-03-20,28,28,28,28,,,,
2008-03-24,41,41,41,41,,,,
2008-03-25,33,33,33,33,,,,
2008-03-26,24,24,24,24,,,,
2008-03-27,28,28,28,28,,,,
2008-03-28,21,21,21,21,,,,
2008-03-31,17,17,17,17,,,,
2008-04-01,37,37,37,37,,,,
2008-04-02,55,55,55,55,,,,
2008-04-03,55,55,55,55,,,,
2008-04-04,68,68,68,68,,,,
2008-04-07,83,83,83,83,,,,
2008-04-08,45,45,45,45,,,,
2008-04-09,57,57,57,57,,,,
2008-04-10,41,41,41,41,,,,
2008-04-11,30,30,30,30,,,,
2008-04-14,52,52,52,52,,,,
2008-04-15,66,66,66,66,,,,
2008-04-16,113,113,113,113,,,,
2008-04-17,105,105,105,105,,,,
2008-04-18,121,121,121,121,,,,
2008-04-21,114,114,114,114,,,,
2008-04-22,90,90,90,90,,,,
2008-04-23,54,54,54,54,,,,
2008-04-24,55,55,55,55,,,,
2008-04-25,63,63,63,63,,,,
2008-04-28,66,66,66,66,,,,
2008-04-29,30,30,30,30,,,,
2008-04-30,52,52,52,52,,,,
2008-05-01,59,59,59,59,,,,
2008-05-02,72,72,72,72,,,,
2008-05-05,46,46,46,46,,,,
2008-05-06,93,93,93,93,,,,
2008-05-07,96,96,96,96,,,,
2008-05-08,71,71,71,71,,,,
2008-05-09,76,76,76,76,,,,
2008-05-12,67,67,67,67,,,,
2008-05-13,104,104,104,104,,,,
2008-05-14,132,132,132,132,,,,
2008-05-15,99,99,99,99,,,,
2008-05-16,145,145,145,145,,,,
2008-05-19,158,158,158,158,,,,
2008-05-20,97,97,97,97,,,,
2008-05-21,133,133,133,133,,,,
2008-05-22,41,41,41,41,,,,
2008-05-23,28,28,28,28,,,,
2008-05-27,29,29,29,29,,,,
2008-05-28,46,46,46,46,,,,
2008-05-29,61,61,61,61,,,,
2008-05-30,65,65,65,65,,,,
2008-06-02,63,63,63,63,,,,
2008-06-03,74,74,74,74,,,,
2008-06-04,39,39,39,39,,,,
2008-06-05,98,98,98,98,,,,
2008-06-06,83,83,83,83,,,,
2008-06-09,64,64,64,64,,,,
2008-06-10,31,31,31,31,,,,
2008-06-11,32,32,32,32,,,,
2008-06-12,28,28,28,28,,,,
2008-06-13,40,40,40,40,,,,
2008-06-16,64,64,64,64,,,,
2008-06-17,89,89,89,89,,,,
2008-06-18,72,72,72,72,,,,
2008-06-19,80,80,80,80,,,,
2008-06-20,39,39,39,39,,,,
2008-06-23,65,65,65,65,,,,
2008-06-24,48,48,48,48,,,,
2008-06-25,19,19,19,19,,,,
2008-06-26,22,22,22,22,,,,
2008-06-27,38,38,38,38,,,,
2008-06-30,60,60,60,60,,,,
2008-07-01,36,36,36,36,,,,
2008-07-02,54,54,54,54,,,,
2008-07-03,10,10,10,10,,,,
2008-07-07,12,12,12,12,,,,
2008-07-08,17,17,17,17,,,,
2008-07-09,19,19,19,19,,,,
2008-07-10,20,20,20,20,,,,
2008-07-11,27,27,27,27,,,,
2008-07-14,27,27,27,27,,,,
2008-07-15,22,22,22,22,,,,
2008-07-16,26,26,26,26,,,,
2008-07-17,30,30,30,30,,,,
2008-07-18,26,26,26,26,,,,
2008-07-21,21,21,21,21,,,,
2008-07-22,35,35,35,35,,,,
2008-07-23,45,45,45,45,,,,
2008-07-24,28,28,28,28,,,,
2008-07-25,26,26,26,26,,,,
2008-07-28,15,15,15,15,,,,
2008-07-29,22,22,22,22,,,,
2008-07-30,44,44,44,44,,,,
2008-07-31,34,34,34,34,,,,
2008-08-01,27,27,27,27,,,,
2008-08-04,27,27,27,27,,,,
2008-08-05,50,50,50,50,,,,
2008-08-06,43,43,43,43,,,,
2008-08-07,26,26,26,26,,,,
2008-08-08,44,44,44,44,,,,
2008-08-11,67,67,67,67,,,,
2008-08-12,38,38,38,38,,,,
2008-08-13,29,29,29,29,,,,
2008-08-14,30,30,30,30,,,,
2008-08-15,54,54,54,54,,,,
2008-08-18,35,35,35,35,,,,
2008-08-19,16,16,16,16,,,,
2008-08-20,18,18,18,18,,,,
2008-08-21,18,18,18,18,,,,
2008-08-22,22,22,22,22,,,,
2008-08-25,17,17,17,17,,,,
2008-08-26,23,23,23,23,,,,
2008-08-27,26,26,26,26,,,,
2008-08-28,40,40,40,40,,,,
2008-08-29,32,32,32,32,,,,
2008-09-02,57,57,57,57,,,,
2008-09-03,31,31,31,31,,,,
2008-09-04,17,17,17,17,,,,
2008-09-05,16,16,16,16,,,,
2008-09-08,55,55,55,55,,,,
2008-09-09,37,37,37,37,,,,
2008-09-10,18,18,18,18,,,,
2008-09-11,22,22,22,22,,,,
2008-09-12,31,31,31,31,,,,
2008-09-15,23,23,23,23,,,,
2008-09-16,18,18,18,18,,,,
2008-09-17,18,18,18,18,,,,
2008-09-18,74,74,74,74,,,,
2008-09-19,155,155,155,155,,,,
2008-09-22,26,26,26,26,,,,
2008-09-23,11,11,11,11,,,,
2008-09-24,10,10,10,10,,,,
2008-09-25,9,9,9,9,,,,
2008-09-26,11,11,11,11,,,,
2008-09-29,10,10,10,10,,,,
2008-09-30,11,11,11,11,,,,
2008-10-01,13,13,13,13,,,,
2008-10-02,9,9,9,9,,,,
2008-10-03,8,8,8,8,,,,
2008-10-06,6,6,6,6,,,,
2008-10-07,8,8,8,8,,,,
2008-10-08,8,8,8,8,,,,
2008-10-09,7,7,7,7,,,,
2008-10-10,6,6,6,6,,,,
2008-10-13,7,7,7,7,,,,
2008-10-14,8,8,8,8,,,,
2008-10-15,9,9,9,9,,,,
2008-10-16,9,9,9,9,,,,
2008-10-17,8,8,8,8,,,,
2008-10-20,7,7,7,7,,,,
2008-10-21,7,7,7,7,,,,
2008-10-22,7,7,7,7,,,,
2008-10-23,4,4,4,4,,,,
2008-10-24,6,6,6,6,,,,
2008-10-27,8,8,8,8,,,,
2008-10-28,6,6,6,6,,,,
2008-10-29,12,12,12,12,,,,
2008-10-30,9,9,9,9,,,,
2008-10-31,7,7,7,7,,,,
2008-11-03,10,10,10,10,,,,
2008-11-04,9,9,9,9,,,,
2008-11-05,9,9,9,9,,,,
2008-11-06,8,8,8,8,,,,
2008-11-07,9,9,9,9,,,,
2008-11-10,8,8,8,8,,,,
2008-11-11,10,10,10,10,,,,
2008-11-12,6,6,6,6,,,,
2008-11-13,9,9,9,9,,,,
2008-11-14,12,12,12,12,,,,
2008-11-17,8,8,8,8,,,,
2008-11-18,9,9,9,9,,,,
2008-11-19,7,7,7,7,,,,
2008-11-20,8,8,8,8,,,,
2008-11-21,6,6,6,6,,,,
2008-11-24,8,8,8,8,,,,
2008-11-25,9,9,9,9,,,,
2008-11-26,13,13,13,13,,,,
2008-11-28,16,16,16,16,,,,
2008-12-01,10,10,10,10,,,,
2008-12-02,12,12,12,12,,,,
2008-12-03,11,11,11,11,,,,
2008-12-04,9,9,9,9,,,,
2008-12-05,10,10,10,10,,,,
2008-12-08,13,13,13,13,,,,
2008-12-09,9,9,9,9,,,,
2008-12-10,12,12,12,12,,,,
2008-12-11,12,12,12,12,,,,
2008-12-12,8,8,8,8,,,,
2008-12-15,8,8,8,8,,,,
2008-12-16,12,12,12,12,,,,
2008-12-17,12,12,12,12,,,,
2008-12-18,10,10,10,10,,,,
2008-12-19,17,17,17,17,,,,
2008-12-22,13,13,13,13,,,,
2008-12-23,10,10,10,10,,,,
2008-12-24,15,15,15,15,,,,
2008-12-26,11,11,11,11,,,,
2008-12-29,7,7,7,7,,,,
2008-12-30,12,12,12,12,,,,
2008-12-31,18,18,18,18,,,,
2009-01-02,18,18,18,18,,,,
2009-01-05,18,18,18,18,,,,
2009-01-06,14,14,14,14,,,,
2009-01-07,11,11,11,11,,,,
2009-01-08,10,10,10,10,,,,
2009-01-09,11,11,11,11,,,,
2009-01-12,8,8,8,8,,,,
2009-01-13,9,9,9,9,,,,
2009-01-14,8,8,8,8,,,,
2009-01-15,9,9,9,9,,,,
2009-01-16,7,7,7,7,,,,
2009-01-20,8,8,8,8,,,,
2009-01-21,7,7,7,7,,,,
2009-01-22,9,9,9,9,,,,
2009-01-23,7,7,7,7,,,,
2009-01-26,7,7,7,7,,,,
2009-01-27,8,8,8,8,,,,
2009-01-28,12,12,12,12,,,,
2009-01-29,12,12,12,12,,,,
2009-01-30,12,12,12,12,,,,
2009-02-02,15,15,15,15,,,,
2009-02-03,11,11,11,11,,,,
2009-02-04,11,11,11,11,,,,
2009-02-05,12,12,12,12,,,,
2009-02-06,12,12,12,12,,,,
2009-02-09,16,16,16,16,,,,
2009-02-10,11,11,11,11,,,,
2009-02-11,11,11,11,11,,,,
2009-02-12,7,7,7,7,,,,
2009-02-13,9,9,9,9,,,,
2009-02-17,8,8,8,8,,,,
2009-02-18,9,9,9,9,,,,
2009-02-19,9,9,9,9,,,,
2009-02-20,8,8,8,8,,,,
2009-02-23,10,10,10,10,,,,
2009-02-24,9,9,9,9,,,,
2009-02-25,10,10,10,10,,,,
2009-02-26,10,10,10,10,,,,
2009-02-27,7,7,7,7,,,,
2009-03-02,7,7,7,7,,,,
2009-03-03,6,6,6,6,,,,
2009-03-04,8,8,8,8,,,,
2009-03-05,9,9,9,9,,,,
2009-03-06,8,8,8,8,,,,
2009-03-09,8,8,8,8,,,,
2009-03-10,9,9,9,9,,,,
2009-03-11,11,11,11,11,,,,
2009-03-12,9,9,9,9,,,,
2009-03-13,9,9,9,9,,,,
2009-03-16,11,11,11,11,,,,
2009-03-17,10,10,10,10,,,,
2009-03-18,14,14,14,14,,,,
2009-03-19,9,9,9,9,,,,
2009-03-20,11,11,11,11,,,,
2009-03-23,13,13,13,13,,,,
2009-03-24,12,12,12,12,,,,
2009-03-25,12,12,12,12,,,,
2009-03-26,18,18,18,18,,,,
2009-03-27,12,12,12,12,,,,
2009-03-30,10,10,10,10,,,,
2009-03-31,14,14,14,14,,,,
2009-04-01,11,11,11,11,,,,
2009-04-02,16,16,16,16,,,,
2009-04-03,10,10,10,10,,,,
2009-04-06,9,9,9,9,,,,
2009-04-07,10,10,10,10,,,,
2009-04-08,11,11,11,11,,,,
2009-04-09,15,15,15,15,,,,
2009-04-13,12,12,12,12,,,,
2009-04-14,11,11,11,11,,,,
2009-04-15,14,14,14,14,,,,
2009-04-16,13,13,13,13,,,,
2009-04-17,12,12,12,12,,,,
2009-04-20,10,10,10,10,,,,
2009-04-21,12,12,12,12,,,,
2009-04-22,20,20,20,20,,,,
2009-04-23,11,11,11,11,,,,
2009-04-24,16,16,16,16,,,,
2009-04-27,12,12,12,12,,,,
2009-04-28,13,13,13,13,,,,
2009-04-29,17,17,17,17,,,,
2009-04-30,20,20,20,20,,,,
2009-05-01,19,19,19,19,,,,
2009-05-04,26,26,26,26,,,,
2009-05-05,24,24,24,24,,,,
2009-05-06,19,19,19,19,,,,
2009-05-07,22,22,22,22,,,,
2009-05-08,23,23,23,23,,,,
2009-05-11,19,19,19,19,,,,
2009-05-12,15,15,15,15,,,,
2009-05-13,13,13,13,13,,,,
2009-05-14,15,15,15,15,,,,
2009-05-15,13,13,13,13,,,,
2009-05-18,23,23,23,23,,,,
2009-05-19,20,20,20,20,,,,
2009-05-20,23,23,23,23,,,,
2009-05-21,14,14,14,14,,,,
2009-05-22,16,16,16,16,,,,
2009-05-26,19,19,19,19,,,,
2009-05-27,20,20,20,20,,,,
2009-05-28,20,20,20,20,,,,
2009-05-29,24,24,24,24,,,,
2009-06-01,36,36,36,36,,,,
2009-06-02,28,28,28,28,,,,
2009-06-03,20,20,20,20,,,,
2009-06-04,22,22,22,22,,,,
2009-06-05,24,24,24,24,,,,
2009-06-08,15,15,15,15,,,,
2009-06-09,16,16,16,16,,,,
2009-06-10,16,16,16,16,,,,
2009-06-11,21,21,21,21,,,,
2009-06-12,16,16,16,16,,,,
2009-06-15,13,13,13,13,,,,
2009-06-16,12,12,12,12,,,,
2009-06-17,13,13,13,13,,,,
2009-06-18,14,14,14,14,,,,
2009-06-19,28,28,28,28,,,,
2009-06-22,16,16,16,16,,,,
2009-06-23,12,12,12,12,,,,
2009-06-24,13,13,13,13,,,,
2009-06-25,20,20,20,20,,,,
2009-06-26,34,34,34,34,,,,
2009-06-29,30,30,30,30,,,,
2009-06-30,28,28,28,28,,,,
2009-07-01,31,31,31,31,,,,
2009-07-02,16,16,16,16,,,,
2009-07-06,17,17,17,17,,,,
2009-07-07,17,17,17,17,,,,
2009-07-08,13,13,13,13,,,,
2009-07-09,16,16,16,16,,,,
2009-07-10,20,20,20,20,,,,
2009-07-13,24,24,24,24,,,,
2009-07-14,28,28,28,28,,,,
2009-07-15,43,43,43,43,,,,
2009-07-16,39,39,39,39,,,,
2009-07-17,47,47,47,47,,,,
2009-07-20,61,61,61,61,,,,
2009-07-21,62,62,62,62,,,,
2009-07-22,53,53,53,53,,,,
2009-07-23,82,82,82,82,,,,
2009-07-24,54,54,54,54,,,,
2009-07-27,70,70,70,70,,,,
2009-07-28,52,52,52,52,,,,
2009-07-29,49,49,49,49,,,,
2009-07-30,69,69,69,69,,,,
2009-07-31,54,54,54,54,,,,
2009-08-03,84,84,84,84,,,,
2009-08-04,81,81,81,81,,,,
2009-08-05,73,73,73,73,,,,
2009-08-06,53,53,53,53,,,,
2009-08-07,62,62,62,62,,,,
2009-08-10,34,34,34,34,,,,
2009-08-11,24,24,24,24,,,,
2009-08-12,30,30,30,30,,,,
2009-08-13,36,36,36,36,,,,
2009-08-14,30,30,30,30,,,,
2009-08-17,16,16,16,16,,,,
2009-08-18,19,19,19,19,,,,
2009-08-19,24,24,24,24,,,,
2009-08-20,42,42,42,42,,,,
2009-08-21,69,69,69,69,,,,
2009-08-24,75,75,75,75,,,,
2009-08-25,69,69,69,69,,,,
2009-08-26,53,53,53,53,,,,
2009-08-27,39,39,39,39,,,,
2009-08-28,49,49,49,49,,,,
2009-08-31,22,22,22,22,,,,
2009-09-01,27,27,27,27,,,,
2009-09-02,16,16,16,16,,,,
2009-09-03,27,27,27,27,,,,
2009-09-04,34,34,34,34,,,,
2009-09-08,61,61,61,61,,,,
2009-09-09,64,64,64,64,,,,
2009-09-10,71,71,71,71,,,,
2009-09-11,75,75,75,75,,,,
2009-09-14,54,54,54,54,,,,
2009-09-15,93,93,93,93,,,,
2009-09-16,142,142,142,142,,,,
2009-09-17,126,126,126,126,,,,
2009-09-18,89,89,89,89,,,,
2009-09-21,60,60,60,60,,,,
2009-09-22,88,88,88,88,,,,
2009-09-23,100,100,100,100,,,,
2009-09-24,39,39,39,39,,,,
2009-09-25,27,27,27,27,,,,
2009-09-28,50,50,50,50,,,,
2009-09-29,64,64,64,64,,,,
2009-09-30,66,66,66,66,,,,
2009-10-01,32,32,32,32,,,,
2009-10-02,17,17,17,17,,,,
2009-10-05,42,42,42,42,,,,
2009-10-06,99,99,99,99,,,,
2009-10-07,65,65,65,65,,,,
2009-10-08,132,132,132,132,,,,
2009-10-09,111,111,111,111,,,,
2009-10-12,170,170,170,170,,,,
2009-10-13,83,83,83,83,,,,
2009-10-14,206,206,206,206,,,,
2009-10-15,157,157,157,157,,,,
2009-10-16,104,104,104,104,,,,
2009-10-19,200,200,200,200,,,,
2009-10-20,129,129,129,129,,,,
2009-10-21,172,172,172,172,,,,
2009-10-22,75,75,75,75,,,,
2009-10-23,102,102,102,102,,,,
2009-10-26,78,78,78,78,,,,
2009-10-27,31,31,31,31,,,,
2009-10-28,20,20,20,20,,,,
2009-10-29,25,25,25,25,,,,
2009-10-30,30,30,30,30,,,,
2009-11-02,23,23,23,23,,,,
2009-11-03,31,31,31,31,,,,
2009-11-04,54,54,54,54,,,,
2009-11-05,76,76,76,76,,,,
2009-11-06,82,82,82,82,,,,
2009-11-09,184,184,184,184,,,,
2009-11-10,156,156,156,156,,,,
2009-11-11,181,181,181,181,,,,
2009-11-12,93,93,93,93,,,,
2009-11-13,80,80,80,80,,,,
2009-11-16,275,275,275,275,,,,
2009-11-17,154,154,154,154,,,,
2009-11-18,166,166,166,166,,,,
2009-11-19,39,39,39,39,,,,
2009-11-20,42,42,42,42,,,,
2009-11-23,156,156,156,156,,,,
2009-11-24,73,73,73,73,,,,
2009-11-25,147,147,147,147,,,,
2009-11-27,34,34,34,34,,,,
2009-11-30,51,51,51,51,,,,
2009-12-01,174,174,174,174,,,,
2009-12-02,194,194,194,194,,,,
2009-12-03,204,204,204,204,,,,
2009-12-04,229,229,229,229,,,,
2009-12-07,140,140,140,140,,,,
2009-12-08,76,76,76,76,,,,
2009-12-09,67,67,67,67,,,,
2009-12-10,133,133,133,133,,,,
2009-12-11,166,166,166,166,,,,
2009-12-14,239,239,239,239,,,,
2009-12-15,168,168,168,168,,,,
2009-12-16,213,213,213,213,,,,
2009-12-17,87,87,87,87,,,,
2009-12-18,144,144,144,144,,,,
2009-12-21,211,211,211,211,,,,
2009-12-22,211,211,211,211,,,,
2009-12-23,274,274,274,274,,,,
2009-12-24,262,262,262,262,,,,
2009-12-28,279,279,279,279,,,,
2009-12-29,194,194,194,194,,,,
2009-12-30,96,96,96,96,,,,
2009-12-31,121,121,121,121,,,,
2010-01-04,248,248,248,248,,,,
2010-01-05,262,262,262,262,,,,
2010-01-06,289,289,289,289,,,,
2010-01-07,208,208,208,208,,,,
2010-01-08,240,240,240,240,,,,
2010-01-11,324,324,324,324,,,,
2010-01-12,75,75,75,75,,,,
2010-01-13,136,136,136,136,,,,
2010-01-14,196,196,196,196,,,,
2010-01-15,117,117,117,117,,,,
2010-01-19,196,196,196,196,,,,
2010-01-20,91,91,91,91,,,,
2010-01-21,107,107,107,107,,,,
2010-01-22,41,41,41,41,,,,
2010-01-25,34,34,34,34,,,,
2010-01-26,39,39,39,39,,,,
2010-01-27,29,29,29,29,,,,
2010-01-28,37,37,37,37,,,,
2010-01-29,31,31,31,31,,,,
2010-02-01,28,28,28,28,,,,
2010-02-02,46,46,46,46,,,,
2010-02-03,43,43,43,43,,,,
2010-02-04,19,19,19,19,,,,
2010-02-05,20,20,20,20,,,,
2010-02-08,24,24,24,24,,,,
2010-02-09,25,25,25,25,,,,
2010-02-10,30,30,30,30,,,,
2010-02-11,42,42,42,42,,,,
2010-02-12,50,50,50,50,,,,
2010-02-16,101,101,101,101,,,,
2010-02-17,110,110,110,110,,,,
2010-02-18,116,116,116,116,,,,
2010-02-19,139,139,139,139,,,,
2010-02-22,140,140,140,140,,,,
2010-02-23,73,73,73,73,,,,
2010-02-24,77,77,77,77,,,,
2010-02-25,65,65,65,65,,,,
2010-02-26,109,109,109,109,,,,
2010-03-01,214,214,214,214,,,,
2010-03-02,232,232,232,232,,,,
2010-03-03,222,222,222,222,,,,
2010-03-04,144,144,144,144,,,,
2010-03-05,297,297,297,297,,,,
2010-03-08,327,327,327,327,,,,
2010-03-09,288,288,288,288,,,,
2010-03-10,273,273,273,273,,,,
2010-03-11,206,206,206,206,,,,
2010-03-12,324,324,324,324,,,,
2010-03-15,185,185,185,185,,,,
2010-03-16,301,301,301,301,,,,
2010-03-17,419,419,419,419,,,,
2010-03-18,231,231,231,231,,,,
2010-03-19,197,197,197,197,,,,
2010-03-22,192,192,192,192,,,,
2010-03-23,265,265,265,265,,,,
2010-03-24,187,187,187,187,,,,
2010-03-25,283,283,283,283,,,,
2010-03-26,109,109,109,109,,,,
2010-03-29,155,155,155,155,,,,
2010-03-30,200,200,200,200,,,,
2010-03-31,142,142,142,142,,,,
2010-04-01,228,228,228,228,,,,
2010-04-05,391,391,391,391,,,,
2010-04-06,396,396,396,396,,,,
2010-04-07,271,271,271,271,,,,
2010-04-08,176,176,176,176,,,,
2010-04-09,281,281,281,281,,,,
2010-04-12,340,340,340,340,,,,
2010-04-13,254,254,254,254,,,,
2010-04-14,491,491,491,491,,,,
2010-04-15,443,443,443,443,,,,
2010-04-16,185,185,185,185,,,,
2010-04-19,78,78,78,78,,,,
2010-04-20,267,267,267,267,,,,
2010-04-21,341,341,341,341,,,,
2010-04-22,390,390,390,390,,,,
2010-04-23,547,547,547,547,,,,
2010-04-26,567,567,567,567,,,,
2010-04-27,157,157,157,157,,,,
2010-04-28,73,73,73,73,,,,
2010-04-29,258,258,258,258,,,,
2010-04-30,274,274,274,274,,,,
2010-05-03,194,194,194,194,,,,
2010-05-04,47,47,47,47,,,,
2010-05-05,31,31,31,31,,,,
2010-05-06,42,42,42,42,,,,
2010-05-07,8,8,8,8,,,,
2010-05-10,31,31,31,31,,,,
2010-05-11,46,46,46,46,,,,
2010-05-12,86,86,86,86,,,,
2010-05-13,96,96,96,96,,,,
2010-05-14,15,15,15,15,,,,
2010-05-17,30,30,30,30,,,,
2010-05-18,41,41,41,41,,,,
2010-05-19,7,7,7,7,,,,
2010-05-20,6,6,6,6,,,,
2010-05-21,8,8,8,8,,,,
2010-05-24,7,7,7,7,,,,
2010-05-25,7,7,7,7,,,,
2010-05-26,13,13,13,13,,,,
2010-05-27,14,14,14,14,,,,
2010-05-28,19,19,19,19,,,,
2010-06-01,16,16,16,16,,,,
2010-06-02,19,19,19,19,,,,
2010-06-03,45,45,45,45,,,,
2010-06-04,14,14,14,14,,,,
2010-06-07,11,11,11,11,,,,
2010-06-08,8,8,8,8,,,,
2010-06-09,18,18,18,18,,,,
2010-06-10,22,22,22,22,,,,
2010-06-11,33,33,33,33,,,,
2010-06-14,69,69,69,69,,,,
2010-06-15,60,60,60,60,,,,
2010-06-16,65,65,65,65,,,,
2010-06-17,60,60,60,60,,,,
2010-06-18,63,63,63,63,,,,
2010-06-21,118,118,118,118,,,,
2010-06-22,28,28,28,28,,,,
2010-06-23,11,11,11,11,,,,
2010-06-24,8,8,8,8,,,,
2010-06-25,22,22,22,22,,,,
2010-06-28,30,30,30,30,,,,
2010-06-29,9,9,9,9,,,,
2010-06-30,11,11,11,11,,,,
2010-07-01,8,8,8,8,,,,
2010-07-02,10,10,10,10,,,,
2010-07-06,19,19,19,19,,,,
2010-07-07,23,23,23,23,,,,
2010-07-08,40,40,40,40,,,,
2010-07-09,48,48,48,48,,,,
2010-07-12,42,42,42,42,,,,
2010-07-13,62,62,62,62,,,,
2010-07-14,55,55,55,55,,,,
2010-07-15,48,48,48,48,,,,
2010-07-16,22,22,22,22,,,,
2010-07-19,34,34,34,34,,,,
2010-07-20,54,54,54,54,,,,
2010-07-21,74,74,74,74,,,,
2010-07-22,82,82,82,82,,,,
2010-07-23,91,91,91,91,,,,
2010-07-26,141,141,141,141,,,,
2010-07-27,154,154,154,154,,,,
2010-07-28,38,38,38,38,,,,
2010-07-29,52,52,52,52,,,,
2010-07-30,34,34,34,34,,,,
2010-08-02,125,125,125,125,,,,
2010-08-03,67,67,67,67,,,,
2010-08-04,93,93,93,93,,,,
2010-08-05,76,76,76,76,,,,
2010-08-06,46,46,46,46,,,,
2010-08-09,99,99,99,99,,,,
2010-08-10,66,66,66,66,,,,
2010-08-11,5,5,5,5,,,,
2010-08-12,8,8,8,8,,,,
2010-08-13,11,11,11,11,,,,
2010-08-16,13,13,13,13,,,,
2010-08-17,45,45,45,45,,,,
2010-08-18,43,43,43,43,,,,
2010-08-19,23,23,23,23,,,,
2010-08-20,13,13,13,13,,,,
2010-08-23,32,32,32,32,,,,
2010-08-24,7,7,7,7,,,,
2010-08-25,14,14,14,14,,,,
2010-08-26,23,23,23,23,,,,
2010-08-27,35,35,35,35,,,,
2010-08-30,29,29,29,29,,,,
2010-08-31,28,28,28,28,,,,
2010-09-01,89,89,89,89,,,,
2010-09-02,92,92,92,92,,,,
2010-09-03,142,142,142,142,,,,
2010-09-07,62,62,62,62,,,,
2010-09-08,79,79,79,79,,,,
2010-09-09,100,100,100,100,,,,
2010-09-10,73,73,73,73,,,,
2010-09-13,152,152,152,152,,,,
2010-09-14,136,136,136,136,,,,
2010-09-15,83,83,83,83,,,,
2010-09-16,71,71,71,71,,,,
2010-09-17,119,119,119,119,,,,
2010-09-20,209,209,209,209,,,,
2010-09-21,154,154,154,154,,,,
2010-09-22,87,87,87,87,,,,
2010-09-23,46,46,46,46,,,,
2010-09-24,137,137,137,137,,,,
2010-09-27,138,138,138,138,,,,
2010-09-28,115,115,115,115,,,,
2010-09-29,128,128,128,128,,,,
2010-09-30,190,190,190,190,,,,
2010-10-01,140,140,140,140,,,,
2010-10-04,91,91,91,91,,,,
2010-10-05,223,223,223,223,,,,
2010-10-06,191,191,191,191,,,,
2010-10-07,177,177,177,177,,,,
2010-10-08,182,182,182,182,,,,
2010-10-11,211,211,211,211,,,,
2010-10-12,123,123,123,123,,,,
2010-10-13,358,358,358,358,,,,
2010-10-14,203,203,203,203,,,,
2010-10-15,207,207,207,207,,,,
2010-10-18,164,164,164,164,,,,
2010-10-19,87,87,87,87,,,,
2010-10-20,182,182,182,182,,,,
2010-10-21,234,234,234,234,,,,
2010-10-22,90,90,90,90,,,,
2010-10-25,268,268,268,268,,,,
2010-10-26,102,102,102,102,,,,
2010-10-27,63,63,63,63,,,,
2010-10-28,136,136,136,136,,,,
2010-10-29,125,125,125,125,,,,
2010-11-01,186,186,186,186,,,,
2010-11-02,211,211,211,211,,,,
2010-11-03,197,197,197,197,,,,
2010-11-04,481,481,481,481,,,,
2010-11-05,402,402,402,402,,,,
2010-11-08,224,224,224,224,,,,
2010-11-09,262,262,262,262,,,,
2010-11-10,99,99,99,99,,,,
2010-11-11,115,115,115,115,,,,
2010-11-12,34,34,34,34,,,,
2010-11-15,51,51,51,51,,,,
2010-11-16,16,16,16,16,,,,
2010-11-17,20,20,20,20,,,,
2010-11-18,100,100,100,100,,,,
2010-11-19,82,82,82,82,,,,
2010-11-22,113,113,113,113,,,,
2010-11-23,37,37,37,37,,,,
2010-11-24,150,150,150,150,,,,
2010-11-26,80,80,80,80,,,,
2010-11-29,66,66,66,66,,,,
2010-11-30,79,79,79,79,,,,
2010-12-01,263,263,263,263,,,,
2010-12-02,273,273,273,273,,,,
2010-12-03,272,272,272,272,,,,
2010-12-06,263,263,263,263,,,,
2010-12-07,421,421,421,421,,,,
2010-12-08,133,133,133,133,,,,
2010-12-09,154,154,154,154,,,,
2010-12-10,200,200,200,200,,,,
2010-12-13,278,278,278,278,,,,
2010-12-14,189,189,189,189,,,,
2010-12-15,159,159,159,159,,,,
2010-12-16,125,125,125,125,,,,
2010-12-17,181,181,181,181,,,,
2010-12-20,213,213,213,213,,,,
2010-12-21,253,253,253,253,,,,
2010-12-22,227,227,227,227,,,,
2010-12-23,155,155,155,155,,,,
2010-12-27,105,105,105,105,,,,
2010-12-28,129,129,129,129,,,,
2010-12-29,191,191,191,191,,,,
2010-12-30,155,155,155,155,,,,
2010-12-31,121,121,121,121,,,,
2011-01-03,362,362,362,362,,,,
2011-01-04,179,179,179,179,,,,
2011-01-05,157,157,157,157,,,,
2011-01-06,175,175,175,175,,,,
2011-01-07,130,130,130,130,,,,
2011-01-10,114,114,114,114,,,,
2011-01-11,212,212,212,212,,,,
2011-01-12,287,287,287,287,,,,
2011-01-13,221,221,221,221,,,,
2011-01-14,220,220,220,220,,,,
2011-01-18,288,288,288,288,,,,
2011-01-19,167,167,167,167,,,,
2011-01-20,43,43,43,43,,,,
2011-01-21,71,71,71,71,,,,
2011-01-24,117,117,117,117,,,,
2011-01-25,102,102,102,102,,,,
2011-01-26,230,230,230,230,,,,
2011-01-27,235,235,235,235,,,,
2011-01-28,143,143,143,143,,,,
2011-01-31,119,119,119,119,,,,
2011-02-01,288,288,288,288,,,,
2011-02-02,243,243,243,243,,,,
2011-02-03,158,158,158,158,,,,
2011-02-04,180,180,180,180,,,,
2011-02-07,302,302,302,302,,,,
2011-02-08,234,234,234,234,,,,
2011-02-09,194,194,194,194,,,,
2011-02-10,171,171,171,171,,,,
2011-02-11,289,289,289,289,,,,
2011-02-14,311,311,311,311,,,,
2011-02-15,191,191,191,191,,,,
2011-02-16,312,312,312,312,,,,
2011-02-17,324,324,324,324,,,,
2011-02-18,322,322,322,322,,,,
2011-02-22,132,132,132,132,,,,
2011-02-23,51,51,51,51,,,,
2011-02-24,64,64,64,64,,,,
2011-02-25,130,130,130,130,,,,
2011-02-28,249,249,249,249,,,,
2011-03-01,180,180,180,180,,,,
2011-03-02,63,63,63,63,,,,
2011-03-03,207,207,207,207,,,,
2011-03-04,147,147,147,147,,,,
2011-03-07,147,147,147,147,,,,
2011-03-08,123,123,123,123,,,,
2011-03-09,142,142,142,142,,,,
2011-03-10,170,170,170,170,,,,
2011-03-11,33,33,33,33,,,,
2011-03-14,32,32,32,32,,,,
2011-03-15,21,21,21,21,,,,
2011-03-16,25,25,25,25,,,,
2011-03-17,26,26,26,26,,,,
2011-03-18,57,57,57,57,,,,
2011-03-21,123,123,123,123,,,,
2011-03-22,94,94,94,94,,,,
2011-03-23,76,76,76,76,,,,
2011-03-24,119,119,119,119,,,,
2011-03-25,190,190,190,190,,,,
2011-03-28,116,116,116,116,,,,
2011-03-29,111,111,111,111,,,,
2011-03-30,267,267,267,267,,,,
2011-03-31,223,223,223,223,,,,
2011-04-01,383,383,383,383,,,,
2011-04-04,261,261,261,261,,,,
2011-04-05,277,277,277,277,,,,
2011-04-06,289,289,289,289,,,,
2011-04-07,138,138,138,138,,,,
2011-04-08,142,142,142,142,,,,
2011-04-11,91,91,91,91,,,,
2011-04-12,26,26,26,26,,,,
2011-04-13,43,43,43,43,,,,
2011-04-14,50,50,50,50,,,,
2011-04-15,94,94,94,94,,,,
2011-04-18,18,18,18,18,,,,
2011-04-19,50,50,50,50,,,,
2011-04-20,174,174,174,174,,,,
2011-04-21,202,202,202,202,,,,
2011-04-25,166,166,166,166,,,,
2011-04-26,288,288,288,288,,,,
2011-04-27,269,269,269,269,,,,
2011-04-28,318,318,318,318,,,,
2011-04-29,303,303,303,303,,,,
2011-05-02,297,297,297,297,,,,
2011-05-03,103,103,103,103,,,,
2011-05-04,71,71,71,71,,,,
2011-05-05,67,67,67,67,,,,
2011-05-06,92,92,92,92,,,,
2011-05-09,75,75,75,75,,,,
2011-05-10,182,182,182,182,,,,
2011-05-11,96,96,96,96,,,,
2011-05-12,135,135,135,135,,,,
2011-05-13,129,129,129,129,,,,
2011-05-16,63,63,63,63,,,,
2011-05-17,47,47,47,47,,,,
2011-05-18,85,85,85,85,,,,
2011-05-19,124,124,124,124,,,,
2011-05-20,62,62,62,62,,,,
2011-05-23,11,11,11,11,,,,
2011-05-24,28,28,28,28,,,,
2011-05-25,23,23,23,23,,,,
2011-05-26,47,47,47,47,,,,
2011-05-27,92,92,92,92,,,,
2011-05-31,169,169,169,169,,,,
2011-06-01,72,72,72,72,,,,
2011-06-02,24,24,24,24,,,,
2011-06-03,11,11,11,11,,,,
2011-06-06,8,8,8,8,,,,
2011-06-07,19,19,19,19,,,,
2011-06-08,18,18,18,18,,,,
2011-06-09,16,16,16,16,,,,
2011-06-10,11,11,11,11,,,,
2011-06-13,13,13,13,13,,,,
2011-06-14,23,23,23,23,,,,
2011-06-15,11,11,11,11,,,,
2011-06-16,7,7,7,7,,,,
2011-06-17,17,17,17,17,,,,
2011-06-20,28,28,28,28,,,,
2011-06-21,57,57,57,57,,,,
2011-06-22,55,55,55,55,,,,
2011-06-23,13,13,13,13,,,,
2011-06-24,26,26,26,26,,,,
2011-06-27,32,32,32,32,,,,
2011-06-28,62,62,62,62,,,,
2011-06-29,84,84,84,84,,,,
2011-06-30,112,112,112,112,,,,
2011-07-01,173,173,173,173,,,,
2011-07-05,180,180,180,180,,,,
2011-07-06,168,168,168,168,,,,
2011-07-07,292,292,292,292,,,,
2011-07-08,45,45,45,45,,,,
2011-07-11,24,24,24,24,,,,
2011-07-12,40,40,40,40,,,,
2011-07-13,55,55,55,55,,,,
2011-07-14,42,42,42,42,,,,
2011-07-15,42,42,42,42,,,,
2011-07-18,26,26,26,26,,,,
2011-07-19,71,71,71,71,,,,
2011-07-20,89,89,89,89,,,,
2011-07-21,164,164,164,164,,,,
2011-07-22,94,94,94,94,,,,
2011-07-25,60,60,60,60,,,,
2011-07-26,43,43,43,43,,,,
2011-07-27,25,25,25,25,,,,
2011-07-28,27,27,27,27,,,,
2011-07-29,10,10,10,10,,,,
2011-08-01,31,31,31,31,,,,
2011-08-02,20,20,20,20,,,,
2011-08-03,13,13,13,13,,,,
2011-08-04,6,6,6,6,,,,
2011-08-05,1,1,1,1,,,,
2011-08-09,2,2,2,2,,,,
2011-08-10,5,5,5,5,,,,
2011-08-11,8,8,8,8,,,,
2011-08-12,7,7,7,7,,,,
2011-08-15,12,12,12,12,,,,
2011-08-16,8,8,8,8,,,,
2011-08-17,11,11,11,11,,,,
2011-08-18,2,2,2,2,,,,
2011-08-19,3,3,3,3,,,,
2011-08-22,7,7,7,7,,,,
2011-08-23,7,7,7,7,,,,
2011-08-24,14,14,14,14,,,,
2011-08-25,10,10,10,10,,,,
2011-08-26,6,6,6,6,,,,
2011-08-29,28,28,28,28,,,,
2011-08-30,35,35,35,35,,,,
2011-08-31,39,39,39,39,,,,
2011-09-01,31,31,31,31,,,,
2011-09-02,3,3,3,3,,,,
2011-09-06,6,6,6,6,,,,
2011-09-07,10,10,10,10,,,,
2011-09-08,26,26,26,26,,,,
2011-09-09,4,4,4,4,,,,
2011-09-12,1,1,1,1,,,,
2011-09-13,9,9,9,9,,,,
2011-09-14,26,26,26,26,,,,
2011-09-15,26,26,26,26,,,,
2011-09-16,37,37,37,37,,,,
2011-09-19,18,18,18,18,,,,
2011-09-20,57,57,57,57,,,,
2011-09-21,11,11,11,11,,,,
2011-09-22,2,2,2,2,,,,
2011-09-23,2,2,2,2,,,,
2011-09-26,4,4,4,4,,,,
2011-09-27,16,16,16,16,,,,
2011-09-28,4,4,4,4,,,,
2011-09-29,6,6,6,6,,,,
2011-09-30,10,10,10,10,,,,
2011-10-03,6,6,6,6,,,,
2011-10-04,4,4,4,4,,,,
2011-10-05,5,5,5,5,,,,
2011-10-06,7,7,7,7,,,,
2011-10-07,11,11,11,11,,,,
2011-10-10,16,16,16,16,,,,
2011-10-11,13,13,13,13,,,,
2011-10-12,17,17,17,17,,,,
2011-10-13,5,5,5,5,,,,
2011-10-14,21,21,21,21,,,,
2011-10-17,12,12,12,12,,,,
2011-10-18,26,26,26,26,,,,
2011-10-19,47,47,47,47,,,,
2011-10-20,10,10,10,10,,,,
2011-10-21,60,60,60,60,,,,
2011-10-24,82,82,82,82,,,,
2011-10-25,27,27,27,27,,,,
2011-10-26,43,43,43,43,,,,
2011-10-27,169,169,169,169,,,,
2011-10-28,67,67,67,67,,,,
2011-10-31,40,40,40,40,,,,
2011-11-01,7,7,7,7,,,,
2011-11-02,16,16,16,16,,,,
2011-11-03,44,44,44,44,,,,
2011-11-04,20,20,20,20,,,,
2011-11-07,37,37,37,37,,,,
2011-11-08,55,55,55,55,,,,
2011-11-09,10,10,10,10,,,,
2011-11-10,14,14,14,14,,,,
2011-11-11,43,43,43,43,,,,
2011-11-14,28,28,28,28,,,,
2011-11-15,33,33,33,33,,,,
2011-11-16,29,29,29,29,,,,
2011-11-17,6,6,6,6,,,,
2011-11-18,7,7,7,7,,,,
2011-11-21,5,5,5,5,,,,
2011-11-22,5,5,5,5,,,,
2011-11-23,1,1,1,1,,,,
2011-11-25,3,3,3,3,,,,
2011-11-28,9,9,9,9,,,,
2011-11-29,14,14,14,14,,,,
2011-11-30,59,59,59,59,,,,
2011-12-01,67,67,67,67,,,,
2011-12-02,54,54,54,54,,,,
2011-12-05,64,64,64,64,,,,
2011-12-06,28,28,28,28,,,,
2011-12-07,32,32,32,32,,,,
2011-12-08,13,13,13,13,,,,
2011-12-09,35,35,35,35,,,,
2011-12-12,11,11,11,11,,,,
2011-12-13,31,31,31,31,,,,
2011-12-14,8,8,8,8,,,,
2011-12-15,17,17,17,17,,,,
2011-12-16,31,31,31,31,,,,
2011-12-19,32,32,32,32,,,,
2011-12-20,61,61,61,61,,,,
2011-12-21,79,79,79,79,,,,
2011-12-22,97,97,97,97,,,,
2011-12-23,92,92,92,92,,,,
2011-12-27,123,123,123,123,,,,
2011-12-28,54,54,54,54,,,,
2011-12-29,63,63,63,63,,,,
2011-12-30,59,59,59,59,,,,
2012-01-03,126,126,126,126,,,,
2012-01-04,28,28,28,28,,,,
2012-01-05,37,37,37,37,,,,
2012-01-06,33,33,33,33,,,,
2012-01-09,33,33,33,33,,,,
2012-01-10,76,76,76,76,,,,
2012-01-11,43,43,43,43,,,,
2012-01-12,61,61,61,61,,,,
2012-01-13,30,30,30,30,,,,
2012-01-17,79,79,79,79,,,,
2012-01-18,75,75,75,75,,,,
2012-01-19,92,92,92,92,,,,
2012-01-20,60,60,60,60,,,,
2012-01-23,59,59,59,59,,,,
2012-01-24,41,41,41,41,,,,
2012-01-25,74,74,74,74,,,,
2012-01-26,108,108,108,108,,,,
2012-01-27,43,43,43,43,,,,
2012-01-30,28,28,28,28,,,,
2012-01-31,56,56,56,56,,,,
2012-02-01,126,126,126,126,,,,
2012-02-02,120,120,120,120,,,,
2012-02-03,209,209,209,209,,,,
2012-02-06,83,83,83,83,,,,
2012-02-07,98,98,98,98,,,,
2012-02-08,119,119,119,119,,,,
2012-02-09,117,117,117,117,,,,
2012-02-10,30,30,30,30,,,,
2012-02-13,111,111,111,111,,,,
2012-02-14,61,61,61,61,,,,
2012-02-15,113,113,113,113,,,,
2012-02-16,95,95,95,95,,,,
2012-02-17,123,123,123,123,,,,
2012-02-21,102,102,102,102,,,,
2012-02-22,55,55,55,55,,,,
2012-02-23,76,76,76,76,,,,
2012-02-24,88,88,88,88,,,,
2012-02-27,70,70,70,70,,,,
2012-02-28,79,79,79,79,,,,
2012-02-29,90,90,90,90,,,,
2012-03-01,82,82,82,82,,,,
2012-03-02,51,51,51,51,,,,
2012-03-05,40,40,40,40,,,,
2012-03-06,9,9,9,9,,,,
2012-03-07,28,28,28,28,,,,
2012-03-08,75,75,75,75,,,,
2012-03-09,98,98,98,98,,,,
2012-03-12,75,75,75,75,,,,
2012-03-13,150,150,150,150,,,,
2012-03-14,137,137,137,137,,,,
2012-03-15,98,98,98,98,,,,
2012-03-16,96,96,96,96,,,,
2012-03-19,103,103,103,103,,,,
2012-03-20,37,37,37,37,,,,
2012-03-21,60,60,60,60,,,,
2012-03-22,31,31,31,31,,,,
2012-03-23,49,49,49,49,,,,
2012-03-26,146,146,146,146,,,,
2012-03-27,138,138,138,138,,,,
2012-03-28,44,44,44,44,,,,
2012-03-29,32,32,32,32,,,,
2012-03-30,91,91,91,91,,,,
2012-04-02,136,136,136,136,,,,
2012-04-03,110,110,110,110,,,,
2012-04-04,24,24,24,24,,,,
2012-04-05,43,43,43,43,,,,
2012-04-09,16,16,16,16,,,,
2012-04-10,11,11,11,11,,,,
2012-04-11,17,17,17,17,,,,
2012-04-12,31,31,31,31,,,,
2012-04-13,21,21,21,21,,,,
2012-04-16,36,36,36,36,,,,
2012-04-17,62,62,62,62,,,,
2012-04-18,39,39,39,39,,,,
2012-04-19,54,54,54,54,,,,
2012-04-20,92,92,92,92,,,,
2012-04-23,17,17,17,17,,,,
2012-04-24,49,49,49,49,,,,
2012-04-25,113,113,113,113,,,,
2012-04-26,142,142,142,142,,,,
2012-04-27,182,182,182,182,,,,
2012-04-30,73,73,73,73,,,,
2012-05-01,164,164,164,164,,,,
2012-05-02,68,68,68,68,,,,
2012-05-03,86,86,86,86,,,,
2012-05-04,17,17,17,17,,,,
2012-05-07,22,22,22,22,,,,
2012-05-08,26,26,26,26,,,,
2012-05-09,22,22,22,22,,,,
2012-05-10,43,43,43,43,,,,
2012-05-11,31,31,31,31,,,,
2012-05-14,15,15,15,15,,,,
2012-05-15,20,20,20,20,,,,
2012-05-16,23,23,23,23,,,,
2012-05-17,3,3,3,3,,,,
2012-05-18,3,3,3,3,,,,
2012-05-21,6,6,6,6,,,,
2012-05-22,9,9,9,9,,,,
2012-05-23,5,5,5,5,,,,
2012-05-24,20,20,20,20,,,,
2012-05-25,14,14,14,14,,,,
2012-05-29,33,33,33,33,,,,
2012-05-30,12,12,12,12,,,,
2012-05-31,22,22,22,22,,,,
2012-06-01,5,5,5,5,,,,
2012-06-04,6,6,6,6,,,,
2012-06-05,14,14,14,14,,,,
2012-06-06,36,36,36,36,,,,
2012-06-07,56,56,56,56,,,,
2012-06-08,56,56,56,56,,,,
2012-06-11,56,56,56,56,,,,
2012-06-12,9,9,9,9,,,,
2012-06-13,20,20,20,20,,,,
2012-06-14,35,35,35,35,,,,
2012-06-15,59,59,59,59,,,,
2012-06-18,64,64,64,64,,,,
2012-06-19,94,94,94,94,,,,
2012-06-20,40,40,40,40,,,,
2012-06-21,18,18,18,18,,,,
2012-06-22,15,15,15,15,,,,
2012-06-25,11,11,11,11,,,,
2012-06-26,22,22,22,22,,,,
2012-06-27,39,39,39,39,,,,
2012-06-28,34,34,34,34,,,,
2012-06-29,134,134,134,134,,,,
2012-07-02,155,155,155,155,,,,
2012-07-03,161,161,161,161,,,,
2012-07-05,126,126,126,126,,,,
2012-07-06,30,30,30,30,,,,
2012-07-09,47,47,47,47,,,,
2012-07-10,80,80,80,80,,,,
2012-07-11,29,29,29,29,,,,
2012-07-12,41,41,41,41,,,,
2012-07-13,118,118,118,118,,,,
2012-07-16,102,102,102,102,,,,
2012-07-17,127,127,127,127,,,,
2012-07-18,112,112,112,112,,,,
2012-07-19,78,78,78,78,,,,
2012-07-20,44,44,44,44,,,,
2012-07-23,10,10,10,10,,,,
2012-07-24,16,16,16,16,,,,
2012-07-25,17,17,17,17,,,,
2012-07-26,66,66,66,66,,,,
2012-07-27,121,121,121,121,,,,
2012-07-30,104,104,104,104,,,,
2012-07-31,72,72,72,72,,,,
2012-08-01,86,86,86,86,,,,
2012-08-02,29,29,29,29,,,,
2012-08-03,102,102,102,102,,,,
2012-08-06,90,90,90,90,,,,
2012-08-07,101,101,101,101,,,,
2012-08-08,59,59,59,59,,,,
2012-08-09,51,51,51,51,,,,
2012-08-10,30,30,30,30,,,,
2012-08-13,38,38,38,38,,,,
2012-08-14,68,68,68,68,,,,
2012-08-15,51,51,51,51,,,,
2012-08-16,94,94,94,94,,,,
2012-08-17,106,106,106,106,,,,
2012-08-20,78,78,78,78,,,,
2012-08-21,97,97,97,97,,,,
2012-08-22,36,36,36,36,,,,
2012-08-23,16,16,16,16,,,,
2012-08-24,41,41,41,41,,,,
2012-08-27,58,58,58,58,,,,
2012-08-28,52,52,52,52,,,,
2012-08-29,64,64,64,64,,,,
2012-08-30,29,29,29,29,,,,
2012-08-31,54,54,54,54,,,,
2012-09-04,118,118,118,118,,,,
2012-09-05,117,117,117,117,,,,
2012-09-06,231,231,231,231,,,,
2012-09-07,243,243,243,243,,,,
2012-09-10,144,144,144,144,,,,
2012-09-11,126,126,126,126,,,,
2012-09-12,186,186,186,186,,,,
2012-09-13,285,285,285,285,,,,
2012-09-14,370,370,370,370,,,,
2012-09-17,93,93,93,93,,,,
2012-09-18,70,70,70,70,,,,
2012-09-19,129,129,129,129,,,,
2012-09-20,83,83,83,83,,,,
2012-09-21,198,198,198,198,,,,
2012-09-24,101,101,101,101,,,,
2012-09-25,125,125,125,125,,,,
2012-09-26,25,25,25,25,,,,
2012-09-27,48,48,48,48,,,,
2012-09-28,42,42,42,42,,,,
2012-10-01,106,106,106,106,,,,
2012-10-02,66,66,66,66,,,,
2012-10-03,95,95,95,95,,,,
2012-10-04,143,143,143,143,,,,
2012-10-05,190,190,190,190,,,,
2012-10-08,49,49,49,49,,,,
2012-10-09,42,42,42,42,,,,
2012-10-10,22,22,22,22,,,,
2012-10-11,50,50,50,50,,,,
2012-10-12,28,28,28,28,,,,
2012-10-15,38,38,38,38,,,,
2012-10-16,125,125,125,125,,,,
2012-10-17,176,176,176,176,,,,
2012-10-18,165,165,165,165,,,,
2012-10-19,57,57,57,57,,,,
2012-10-22,33,33,33,33,,,,
2012-10-23,13,13,13,13,,,,
2012-10-24,39,39,39,39,,,,
2012-10-25,66,66,66,66,,,,
2012-10-26,30,30,30,30,,,,
2012-10-31,78,78,78,78,,,,
2012-11-01,144,144,144,144,,,,
2012-11-02,117,117,117,117,,,,
2012-11-05,45,45,45,45,,,,
2012-11-06,106,106,106,106,,,,
2012-11-07,43,43,43,43,,,,
2012-11-08,17,17,17,17,,,,
2012-11-09,16,16,16,16,,,,
2012-11-12,25,25,25,25,,,,
2012-11-13,28,28,28,28,,,,
2012-11-14,15,15,15,15,,,,
2012-11-15,8,8,8,8,,,,
2012-11-16,10,10,10,10,,,,
2012-11-19,30,30,30,30,,,,
2012-11-20,43,43,43,43,,,,
2012-11-21,44,44,44,44,,,,
2012-11-23,80,80,80,80,,,,
2012-11-26,61,61,61,61,,,,
2012-11-27,70,70,70,70,,,,
2012-11-28,56,56,56,56,,,,
2012-11-29,117,117,117,117,,,,
2012-11-30,85,85,85,85,,,,
2012-12-03,109,109,109,109,,,,
2012-12-04,47,47,47,47,,,,
2012-12-05,56,56,56,56,,,,
2012-12-06,44,44,44,44,,,,
2012-12-07,60,60,60,60,,,,
2012-12-10,74,74,74,74,,,,
2012-12-11,108,108,108,108,,,,
2012-12-12,103,103,103,103,,,,
2012-12-13,38,38,38,38,,,,
2012-12-14,48,48,48,48,,,,
2012-12-17,80,80,80,80,,,,
2012-12-18,166,166,166,166,,,,
2012-12-19,162,162,162,162,,,,
2012-12-20,137,137,137,137,,,,
2012-12-21,77,77,77,77,,,,
2012-12-24,46,46,46,46,,,,
2012-12-26,53,53,53,53,,,,
2012-12-27,43,43,43,43,,,,
2012-12-28,32,32,32,32,,,,
2012-12-31,93,93,93,93,,,,
2013-01-02,381,381,381,381,,,,
2013-01-03,238,238,238,238,,,,
2013-01-04,217,217,217,217,,,,
2013-01-07,143,143,143,143,,,,
2013-01-08,144,144,144,144,,,,
2013-01-09,208,208,208,208,,,,
2013-01-10,210,210,210,210,,,,
2013-01-11,182,182,182,182,,,,
2013-01-14,161,161,161,161,,,,
2013-01-15,158,158,158,158,,,,
2013-01-16,131,131,131,131,,,,
2013-01-17,315,315,315,315,,,,
2013-01-18,246,246,246,246,,,,
2013-01-22,341,341,341,341,,,,
2013-01-23,290,290,290,290,,,,
2013-01-24,364,364,364,364,,,,
2013-01-25,296,296,296,296,,,,
2013-01-28,279,279,279,279,,,,
2013-01-29,262,262,262,262,,,,
2013-01-30,200,200,200,200,,,,
2013-01-31,163,163,163,163,,,,
2013-02-01,350,350,350,350,,,,
2013-02-04,99,99,99,99,,,,
2013-02-05,208,208,208,208,,,,
2013-02-06,176,176,176,176,,,,
2013-02-07,193,193,193,193,,,,
2013-02-08,251,251,251,251,,,,
2013-02-11,174,174,174,174,,,,
2013-02-12,258,258,258,258,,,,
2013-02-13,293,293,293,293,,,,
2013-02-14,280,280,280,280,,,,
2013-02-15,266,266,266,266,,,,
2013-02-19,345,345,345,345,,,,
2013-02-20,243,243,243,243,,,,
2013-02-21,40,40,40,40,,,,
2013-02-22,82,82,82,82,,,,
2013-02-25,126,126,126,126,,,,
2013-02-26,24,24,24,24,,,,
2013-02-27,126,126,126,126,,,,
2013-02-28,177,177,177,177,,,,
2013-03-01,128,128,128,128,,,,
2013-03-04,200,200,200,200,,,,
2013-03-05,353,353,353,353,,,,
2013-03-06,275,275,275,275,,,,
2013-03-07,193,193,193,193,,,,
2013-03-08,296,296,296,296,,,,
2013-03-11,257,257,257,257,,,,
2013-03-12,188,188,188,188,,,,
2013-03-13,215,215,215,215,,,,
2013-03-14,329,329,329,329,,,,
2013-03-15,296,296,296,296,,,,
2013-03-18,134,134,134,134,,,,
2013-03-19,165,165,165,165,,,,
2013-03-20,290,290,290,290,,,,
2013-03-21,165,165,165,165,,,,
2013-03-22,174,174,174,174,,,,
2013-03-25,256,256,256,256,,,,
2013-03-26,213,213,213,213,,,,
2013-03-27,165,165,165,165,,,,
2013-03-28,308,308,308,308,,,,
2013-04-01,184,184,184,184,,,,
2013-04-02,214,214,214,214,,,,
2013-04-03,103,103,103,103,,,,
2013-04-04,72,72,72,72,,,,
2013-04-05,66,66,66,66,,,,
2013-04-08,140,140,140,140,,,,
2013-04-09,172,172,172,172,,,,
2013-04-10,242,242,242,242,,,,
2013-04-11,332,332,332,332,,,,
2013-04-12,153,153,153,153,,,,
2013-04-15,56,56,56,56,,,,
2013-04-16,57,57,57,57,,,,
2013-04-17,30,30,30,30,,,,
2013-04-18,34,34,34,34,,,,
2013-04-19,107,107,107,107,,,,
2013-04-22,125,125,125,125,,,,
2013-04-23,201,201,201,201,,,,
2013-04-24,217,217,217,217,,,,
2013-04-25,257,257,257,257,,,,
2013-04-26,121,121,121,121,,,,
2013-04-29,178,178,178,178,,,,
2013-04-30,226,226,226,226,,,,
2013-05-01,165,165,165,165,,,,
2013-05-02,164,164,164,164,,,,
2013-05-03,317,317,317,317,,,,
2013-05-06,207,207,207,207,,,,
2013-05-07,290,290,290,290,,,,
2013-05-08,330,330,330,330,,,,
2013-05-09,290,290,290,290,,,,
2013-05-10,228,228,228,228,,,,
2013-05-13,210,210,210,210,,,,
2013-05-14,389,389,389,389,,,,
2013-05-15,438,438,438,438,,,,
2013-05-16,307,307,307,307,,,,
2013-05-17,339,339,339,339,,,,
2013-05-20,375,375,375,375,,,,
2013-05-21,317,317,317,317,,,,
2013-05-22,376,376,376,376,,,,
2013-05-23,28,28,28,28,,,,
2013-05-24,39,39,39,39,,,,
2013-05-28,194,194,194,194,,,,
2013-05-29,55,55,55,55,,,,
2013-05-30,127,127,127,127,,,,
2013-05-31,84,84,84,84,,,,
2013-06-03,70,70,70,70,,,,
2013-06-04,79,79,79,79,,,,
2013-06-05,20,20,20,20,,,,
2013-06-06,21,21,21,21,,,,
2013-06-07,86,86,86,86,,,,
2013-06-10,111,111,111,111,,,,
2013-06-11,38,38,38,38,,,,
2013-06-12,41,41,41,41,,,,
2013-06-13,61,61,61,61,,,,
2013-06-14,79,79,79,79,,,,
2013-06-17,129,129,129,129,,,,
2013-06-18,161,161,161,161,,,,
2013-06-19,114,114,114,114,,,,
2013-06-20,12,12,12,12,,,,
2013-06-21,32,32,32,32,,,,
2013-06-24,22,22,22,22,,,,
2013-06-25,34,34,34,34,,,,
2013-06-26,54,54,54,54,,,,
2013-06-27,83,83,83,83,,,,
2013-06-28,87,87,87,87,,,,
2013-07-01,160,160,160,160,,,,
2013-07-02,117,117,117,117,,,,
2013-07-03,49,49,49,49,,,,
2013-07-05,199,199,199,199,,,,
2013-07-08,263,263,263,263,,,,
2013-07-09,271,271,271,271,,,,
2013-07-10,192,192,192,192,,,,
2013-07-11,347,347,347,347,,,,
2013-07-12,247,247,247,247,,,,
2013-07-15,295,295,295,295,,,,
2013-07-16,182,182,182,182,,,,
2013-07-17,167,167,167,167,,,,
2013-07-18,309,309,309,309,,,,
2013-07-19,245,245,245,245,,,,
2013-07-22,315,315,315,315,,,,
2013-07-23,249,249,249,249,,,,
2013-07-24,188,188,188,188,,,,
2013-07-25,158,158,158,158,,,,
2013-07-26,105,105,105,105,,,,
2013-07-29,88,88,88,88,,,,
2013-07-30,118,118,118,118,,,,
2013-07-31,197,197,197,197,,,,
2013-08-01,381,381,381,381,,,,
2013-08-02,195,195,195,195,,,,
2013-08-05,189,189,189,189,,,,
2013-08-06,119,119,119,119,,,,
2013-08-07,58,58,58,58,,,,
2013-08-08,151,151,151,151,,,,
2013-08-09,126,126,126,126,,,,
2013-08-12,111,111,111,111,,,,
2013-08-13,137,137,137,137,,,,
2013-08-14,104,104,104,104,,,,
2013-08-15,22,22,22,22,,,,
2013-08-16,28,28,28,28,,,,
2013-08-19,17,17,17,17,,,,
2013-08-20,27,27,27,27,,,,
2013-08-21,28,28,28,28,,,,
2013-08-22,66,66,66,66,,,,
2013-08-23,61,61,61,61,,,,
2013-08-26,90,90,90,90,,,,
2013-08-27,14,14,14,14,,,,
2013-08-28,26,26,26,26,,,,
2013-08-29,26,26,26,26,,,,
2013-08-30,16,16,16,16,,,,
2013-09-03,47,47,47,47,,,,
2013-09-04,67,67,67,67,,,,
2013-09-05,86,86,86,86,,,,
2013-09-06,98,98,98,98,,,,
2013-09-09,139,139,139,139,,,,
2013-09-10,201,201,201,201,,,,
2013-09-11,159,159,159,159,,,,
2013-09-12,119,119,119,119,,,,
2013-09-13,86,86,86,86,,,,
2013-09-16,226,226,226,226,,,,
2013-09-17,150,150,150,150,,,,
2013-09-18,302,302,302,302,,,,
2013-09-19,318,318,318,318,,,,
2013-09-20,171,171,171,171,,,,
2013-09-23,78,78,78,78,,,,
2013-09-24,137,137,137,137,,,,
2013-09-25,103,103,103,103,,,,
2013-09-26,114,114,114,114,,,,
2013-09-27,69,69,69,69,,,,
2013-09-30,69,69,69,69,,,,
2013-10-01,197,197,197,197,,,,
2013-10-02,111,111,111,111,,,,
2013-10-03,100,100,100,100,,,,
2013-10-04,135,135,135,135,,,,
2013-10-07,43,43,43,43,,,,
2013-10-08,38,38,38,38,,,,
2013-10-09,23,23,23,23,,,,
2013-10-10,103,103,103,103,,,,
2013-10-11,171,171,171,171,,,,
2013-10-14,180,180,180,180,,,,
2013-10-15,157,157,157,157,,,,
2013-10-16,250,250,250,250,,,,
2013-10-17,299,299,299,299,,,,
2013-10-18,436,436,436,436,,,,
2013-10-21,337,337,337,337,,,,
2013-10-22,401,401,401,401,,,,
2013-10-23,144,144,144,144,,,,
2013-10-24,212,212,212,212,,,,
2013-10-25,234,234,234,234,,,,
2013-10-28,176,176,176,176,,,,
2013-10-29,223,223,223,223,,,,
2013-10-30,213,213,213,213,,,,
2013-10-31,132,132,132,132,,,,
2013-11-01,95,95,95,95,,,,
2013-11-04,143,143,143,143,,,,
2013-11-05,130,130,130,130,,,,
2013-11-06,161,161,161,161,,,,
2013-11-07,115,115,115,115,,,,
2013-11-08,107,107,107,107,,,,
2013-11-11,129,129,129,129,,,,
2013-11-12,100,100,100,100,,,,
2013-11-13,160,160,160,160,,,,
2013-11-14,229,229,229,229,,,,
2013-11-15,215,215,215,215,,,,
2013-11-18,265,265,265,265,,,,
2013-11-19,80,80,80,80,,,,
2013-11-20,73,73,73,73,,,,
2013-11-21,146,146,146,146,,,,
2013-11-22,213,213,213,213,,,,
2013-11-25,237,237,237,237,,,,
2013-11-26,181,181,181,181,,,,
2013-11-27,182,182,182,182,,,,
2013-11-29,206,206,206,206,,,,
2013-12-02,153,153,153,153,,,,
2013-12-03,56,56,56,56,,,,
2013-12-04,54,54,54,54,,,,
2013-12-05,53,53,53,53,,,,
2013-12-06,139,139,139,139,,,,
2013-12-09,147,147,147,147,,,,
2013-12-10,98,98,98,98,,,,
2013-12-11,46,46,46,46,,,,
2013-12-12,24,24,24,24,,,,
2013-12-13,47,47,47,47,,,,
2013-12-16,107,107,107,107,,,,
2013-12-17,75,75,75,75,,,,
2013-12-18,176,176,176,176,,,,
2013-12-19,162,162,162,162,,,,
2013-12-20,263,263,263,263,,,,
2013-12-23,311,311,311,311,,,,
2013-12-24,278,278,278,278,,,,
2013-12-26,341,341,341,341,,,,
2013-12-27,241,241,241,241,,,,
2013-12-30,177,177,177,177,,,,
2013-12-31,252,252,252,252,,,,
2014-01-02,78,78,78,78,,,,
2014-01-03,86,86,86,86,,,,
2014-01-06,129,129,129,129,,,,
2014-01-07,125,125,125,125,,,,
2014-01-08,149,149,149,149,,,,
2014-01-09,194,194,194,194,,,,
2014-01-10,197,197,197,197,,,,
2014-01-13,147,147,147,147,,,,
2014-01-14,110,110,110,110,,,,
2014-01-15,233,233,233,233,,,,
2014-01-16,187,187,187,187,,,,
2014-01-17,163,163,163,163,,,,
2014-01-21,219,219,219,219,,,,
2014-01-22,178,178,178,178,,,,
2014-01-23,87,87,87,87,,,,
2014-01-24,25,25,25,25,,,,
2014-01-27,19,19,19,19,,,,
2014-01-28,23,23,23,23,,,,
2014-01-29,21,21,21,21,,,,
2014-01-30,61,61,61,61,,,,
2014-01-31,43,43,43,43,,,,
2014-02-03,29,29,29,29,,,,
2014-02-04,18,18,18,18,,,,
2014-02-05,19,19,19,19,,,,
2014-02-06,37,37,37,37,,,,
2014-02-07,69,69,69,69,,,,
2014-02-10,56,56,56,56,,,,
2014-02-11,87,87,87,87,,,,
2014-02-12,111,111,111,111,,,,
2014-02-13,136,136,136,136,,,,
2014-02-14,136,136,136,136,,,,
2014-02-18,200,200,200,200,,,,
2014-02-19,148,148,148,148,,,,
2014-02-20,130,130,130,130,,,,
2014-02-21,169,169,169,169,,,,
2014-02-24,227,227,227,227,,,,
2014-02-25,126,126,126,126,,,,
2014-02-26,158,158,158,158,,,,
2014-02-27,120,120,120,120,,,,
2014-02-28,202,202,202,202,,,,
2014-03-03,80,80,80,80,,,,
2014-03-04,270,270,270,270,,,,
2014-03-05,186,186,186,186,,,,
2014-03-06,226,226,226,226,,,,
2014-03-07,184,184,184,184,,,,
2014-03-10,91,91,91,91,,,,
2014-03-11,103,103,103,103,,,,
2014-03-12,49,49,49,49,,,,
2014-03-13,68,68,68,68,,,,
2014-03-14,45,45,45,45,,,,
2014-03-17,106,106,106,106,,,,
2014-03-18,127,127,127,127,,,,
2014-03-19,111,111,111,111,,,,
2014-03-20,85,85,85,85,,,,
2014-03-21,181,181,181,181,,,,
2014-03-24,62,62,62,62,,,,
2014-03-25,74,74,74,74,,,,
2014-03-26,75,75,75,75,,,,
2014-03-27,40,40,40,40,,,,
2014-03-28,67,67,67,67,,,,
2014-03-31,121,121,121,121,,,,
2014-04-01,156,156,156,156,,,,
2014-04-02,172,172,172,172,,,,
2014-04-03,149,149,149,149,,,,
2014-04-04,158,158,158,158,,,,
2014-04-07,24,24,24,24,,,,
2014-04-08,27,27,27,27,,,,
2014-04-09,66,66,66,66,,,,
2014-04-10,49,49,49,49,,,,
2014-04-11,11,11,11,11,,,,
2014-04-14,50,50,50,50,,,,
2014-04-15,50,50,50,50,,,,
2014-04-16,85,85,85,85,,,,
2014-04-17,110,110,110,110,,,,
2014-04-21,91,91,91,91,,,,
2014-04-22,116,116,116,116,,,,
2014-04-23,118,118,118,118,,,,
2014-04-24,108,108,108,108,,,,
2014-04-25,50,50,50,50,,,,
2014-04-28,75,75,75,75,,,,
2014-04-29,93,93,93,93,,,,
2014-04-30,82,82,82,82,,,,
2014-05-01,102,102,102,102,,,,
2014-05-02,98,98,98,98,,,,
2014-05-05,58,58,58,58,,,,
2014-05-06,71,71,71,71,,,,
2014-05-07,111,111,111,111,,,,
2014-05-08,125,125,125,125,,,,
2014-05-09,50,50,50,50,,,,
2014-05-12,127,127,127,127,,,,
2014-05-13,111,111,111,111,,,,
2014-05-14,45,45,45,45,,,,
2014-05-15,24,24,24,24,,,,
2014-05-16,45,45,45,45,,,,
2014-05-19,54,54,54,54,,,,
2014-05-20,36,36,36,36,,,,
2014-05-21,60,60,60,60,,,,
2014-05-22,77,77,77,77,,,,
2014-05-23,85,85,85,85,,,,
2014-05-27,152,152,152,152,,,,
2014-05-28,95,95,95,95,,,,
2014-05-29,117,117,117,117,,,,
2014-05-30,125,125,125,125,,,,
2014-06-02,159,159,159,159,,,,
2014-06-03,121,121,121,121,,,,
2014-06-04,135,135,135,135,,,,
2014-06-05,222,222,222,222,,,,
2014-06-06,276,276,276,276,,,,
2014-06-09,245,245,245,245,,,,
2014-06-10,102,102,102,102,,,,
2014-06-11,79,79,79,79,,,,
2014-06-12,77,77,77,77,,,,
2014-06-13,68,68,68,68,,,,
2014-06-16,110,110,110,110,,,,
2014-06-17,114,114,114,114,,,,
2014-06-18,142,142,142,142,,,,
2014-06-19,211,211,211,211,,,,
2014-06-20,234,234,234,234,,,,
2014-06-23,183,183,183,183,,,,
2014-06-24,121,121,121,121,,,,
2014-06-25,84,84,84,84,,,,
2014-06-26,85,85,85,85,,,,
2014-06-27,151,151,151,151,,,,
2014-06-30,180,180,180,180,,,,
2014-07-01,284,284,284,284,,,,
2014-07-02,144,144,144,144,,,,
2014-07-03,162,162,162,162,,,,
2014-07-07,63,63,63,63,,,,
2014-07-08,39,39,39,39,,,,
2014-07-09,76,76,76,76,,,,
2014-07-10,62,62,62,62,,,,
2014-07-11,50,50,50,50,,,,
2014-07-14,96,96,96,96,,,,
2014-07-15,77,77,77,77,,,,
2014-07-16,105,105,105,105,,,,
2014-07-17,73,73,73,73,,,,
2014-07-18,92,92,92,92,,,,
2014-07-21,65,65,65,65,,,,
2014-07-22,134,134,134,134,,,,
2014-07-23,127,127,127,127,,,,
2014-07-24,159,159,159,159,,,,
2014-07-25,57,57,57,57,,,,
2014-07-28,53,53,53,53,,,,
2014-07-29,63,63,63,63,,,,
2014-07-30,63,63,63,63,,,,
2014-07-31,22,22,22,22,,,,
2014-08-01,13,13,13,13,,,,
2014-08-04,21,21,21,21,,,,
2014-08-05,20,20,20,20,,,,
2014-08-06,23,23,23,23,,,,
2014-08-07,31,31,31,31,,,,
2014-08-08,30,30,30,30,,,,
2014-08-11,63,63,63,63,,,,
2014-08-12,37,37,37,37,,,,
2014-08-13,65,65,65,65,,,,
2014-08-14,66,66,66,66,,,,
2014-08-15,83,83,83,83,,,,
2014-08-18,115,115,115,115,,,,
2014-08-19,150,150,150,150,,,,
2014-08-20,113,113,113,113,,,,
2014-08-21,134,134,134,134,,,,
2014-08-22,82,82,82,82,,,,
2014-08-25,122,122,122,122,,,,
2014-08-26,137,137,137,137,,,,
2014-08-27,118,118,118,118,,,,
2014-08-28,79,79,79,79,,,,
2014-08-29,126,126,126,126,,,,
2014-09-02,185,185,185,185,,,,
2014-09-03,163,163,163,163,,,,
2014-09-04,129,129,129,129,,,,
2014-09-05,81,81,81,81,,,,
2014-09-08,103,103,103,103,,,,
2014-09-09,55,55,55,55,,,,
2014-09-10,43,43,43,43,,,,
2014-09-11,41,41,41,41,,,,
2014-09-12,38,38,38,38,,,,
2014-09-15,24,24,24,24,,,,
2014-09-16,43,43,43,43,,,,
2014-09-17,70,70,70,70,,,,
2014-09-18,91,91,91,91,,,,
2014-09-19,111,111,111,111,,,,
2014-09-22,22,22,22,22,,,,
2014-09-23,10,10,10,10,,,,
2014-09-24,19,19,19,19,,,,
2014-09-25,7,7,7,7,,,,
2014-09-26,16,16,16,16,,,,
2014-09-29,16,16,16,16,,,,
2014-09-30,23,23,23,23,,,,
2014-10-01,9,9,9,9,,,,
2014-10-02,6,6,6,6,,,,
2014-10-03,24,24,24,24,,,,
2014-10-06,24,24,24,24,,,,
2014-10-07,12,12,12,12,,,,
2014-10-08,17,17,17,17,,,,
2014-10-09,24,24,24,24,,,,
2014-10-10,10,10,10,10,,,,
2014-10-13,7,7,7,7,,,,
2014-10-14,27,27,27,27,,,,
2014-10-15,7,7,7,7,,,,
2014-10-16,9,9,9,9,,,,
2014-10-17,13,13,13,13,,,,
2014-10-20,21,21,21,21,,,,
2014-10-21,55,55,55,55,,,,
2014-10-22,80,80,80,80,,,,
2014-10-23,90,90,90,90,,,,
2014-10-24,66,66,66,66,,,,
2014-10-27,87,87,87,87,,,,
2014-10-28,155,155,155,155,,,,
2014-10-29,165,165,165,165,,,,
2014-10-30,180,180,180,180,,,,
2014-10-31,290,290,290,290,,,,
2014-11-03,211,211,211,211,,,,
2014-11-04,167,167,167,167,,,,
2014-11-05,196,196,196,196,,,,
2014-11-06,134,134,134,134,,,,
2014-11-07,112,112,112,112,,,,
2014-11-10,157,157,157,157,,,,
2014-11-11,153,153,153,153,,,,
2014-11-12,97,97,97,97,,,,
2014-11-13,139,139,139,139,,,,
2014-11-14,67,67,67,67,,,,
2014-11-17,72,72,72,72,,,,
2014-11-18,125,125,125,125,,,,
2014-11-19,58,58,58,58,,,,
2014-11-20,75,75,75,75,,,,
2014-11-21,172,172,172,172,,,,
2014-11-24,120,120,120,120,,,,
2014-11-25,146,146,146,146,,,,
2014-11-26,120,120,120,120,,,,
2014-11-28,256,256,256,256,,,,
2014-12-01,95,95,95,95,,,,
2014-12-02,87,87,87,87,,,,
2014-12-03,149,149,149,149,,,,
2014-12-04,137,137,137,137,,,,
2014-12-05,174,174,174,174,,,,
2014-12-08,203,203,203,203,,,,
2014-12-09,108,108,108,108,,,,
2014-12-10,97,97,97,97,,,,
2014-12-11,102,102,102,102,,,,
2014-12-12,45,45,45,45,,,,
2014-12-15,20,20,20,20,,,,
2014-12-16,15,15,15,15,,,,
2014-12-17,49,49,49,49,,,,
2014-12-18,171,171,171,171,,,,
2014-12-19,200,200,200,200,,,,
2014-12-22,170,170,170,170,,,,
2014-12-23,266,266,266,266,,,,
2014-12-24,200,200,200,200,,,,
2014-12-26,210,210,210,210,,,,
2014-12-29,233,233,233,233,,,,
2014-12-30,123,123,123,123,,,,
2014-12-31,128,128,128,128,,,,
2015-01-02,29,29,29,29,,,,
2015-01-05,41,41,41,41,,,,
2015-01-06,64,64,64,64,,,,
2015-01-07,96,96,96,96,,,,
2015-01-08,169,169,169,169,,,,
2015-01-09,117,117,117,117,,,,
2015-01-12,107,107,107,107,,,,
2015-01-13,174,174,174,174,,,,
2015-01-14,77,77,77,77,,,,
2015-01-15,109,109,109,109,,,,
2015-01-16,133,133,133,133,,,,
2015-01-20,170,170,170,170,,,,
2015-01-21,79,79,79,79,,,,
2015-01-22,201,201,201,201,,,,
2015-01-23,226,226,226,226,,,,
2015-01-26,163,163,163,163,,,,
2015-01-27,149,149,149,149,,,,
2015-01-28,174,174,174,174,,,,
2015-01-29,67,67,67,67,,,,
2015-01-30,35,35,35,35,,,,
2015-02-02,23,23,23,23,,,,
2015-02-03,85,85,85,85,,,,
2015-02-04,100,100,100,100,,,,
2015-02-05,120,120,120,120,,,,
2015-02-06,121,121,121,121,,,,
2015-02-09,42,42,42,42,,,,
2015-02-10,68,68,68,68,,,,
2015-02-11,90,90,90,90,,,,
2015-02-12,144,144,144,144,,,,
2015-02-13,159,159,159,159,,,,
2015-02-17,140,140,140,140,,,,
2015-02-18,130,130,130,130,,,,
2015-02-19,137,137,137,137,,,,
2015-02-20,147,147,147,147,,,,
2015-02-23,146,146,146,146,,,,
2015-02-24,158,158,158,158,,,,
2015-02-25,122,122,122,122,,,,
2015-02-26,115,115,115,115,,,,
2015-02-27,85,85,85,85,,,,
2015-03-02,139,139,139,139,,,,
2015-03-03,76,76,76,76,,,,
2015-03-04,55,55,55,55,,,,
2015-03-05,73,73,73,73,,,,
2015-03-06,51,51,51,51,,,,
2015-03-09,47,47,47,47,,,,
2015-03-10,19,19,19,19,,,,
2015-03-11,36,36,36,36,,,,
2015-03-12,99,99,99,99,,,,
2015-03-13,68,68,68,68,,,,
2015-03-16,132,132,132,132,,,,
2015-03-17,94,94,94,94,,,,
2015-03-18,180,180,180,180,,,,
2015-03-19,124,124,124,124,,,,
2015-03-20,241,241,241,241,,,,
2015-03-23,203,203,203,203,,,,
2015-03-24,88,88,88,88,,,,
2015-03-25,57,57,57,57,,,,
2015-03-26,10,10,10,10,,,,
2015-03-27,36,36,36,36,,,,
2015-03-30,121,121,121,121,,,,
2015-03-31,91,91,91,91,,,,
2015-04-01,50,50,50,50,,,,
2015-04-02,95,95,95,95,,,,
2015-04-06,118,118,118,118,,,,
2015-04-07,78,78,78,78,,,,
2015-04-08,86,86,86,86,,,,
2015-04-09,88,88,88,88,,,,
2015-04-10,90,90,90,90,,,,
2015-04-13,88,88,88,88,,,,
2015-04-14,62,62,62,62,,,,
2015-04-15,95,95,95,95,,,,
2015-04-16,50,50,50,50,,,,
2015-04-17,15,15,15,15,,,,
2015-04-20,44,44,44,44,,,,
2015-04-21,72,72,72,72,,,,
2015-04-22,70,70,70,70,,,,
2015-04-23,99,99,99,99,,,,
2015-04-24,83,83,83,83,,,,
2015-04-27,79,79,79,79,,,,
2015-04-28,45,45,45,45,,,,
2015-04-29,43,43,43,43,,,,
2015-04-30,31,31,31,31,,,,
2015-05-01,40,40,40,40,,,,
2015-05-04,45,45,45,45,,,,
2015-05-05,42,42,42,42,,,,
2015-05-06,22,22,22,22,,,,
2015-05-07,27,27,27,27,,,,
2015-05-08,70,70,70,70,,,,
2015-05-11,59,59,59,59,,,,
2015-05-12,30,30,30,30,,,,
2015-05-13,52,52,52,52,,,,
2015-05-14,90,90,90,90,,,,
2015-05-15,84,84,84,84,,,,
2015-05-18,103,103,103,103,,,,
2015-05-19,116,116,116,116,,,,
2015-05-20,108,108,108,108,,,,
2015-05-21,71,71,71,71,,,,
2015-05-22,73,73,73,73,,,,
2015-05-26,28,28,28,28,,,,
2015-05-27,56,56,56,56,,,,
2015-05-28,63,63,63,63,,,,
2015-05-29,58,58,58,58,,,,
2015-06-01,69,69,69,69,,,,
2015-06-02,41,41,41,41,,,,
2015-06-03,100,100,100,100,,,,
2015-06-04,35,35,35,35,,,,
2015-06-05,63,63,63,63,,,,
2015-06-08,68,68,68,68,,,,
2015-06-09,49,49,49,49,,,,
2015-06-10,117,117,117,117,,,,
2015-06-11,108,108,108,108,,,,
2015-06-12,47,47,47,47,,,,
2015-06-15,44,44,44,44,,,,
2015-06-16,69,69,69,69,,,,
2015-06-17,94,94,94,94,,,,
2015-06-18,118,118,118,118,,,,
2015-06-19,97,97,97,97,,,,
2015-06-22,152,152,152,152,,,,
2015-06-23,140,140,140,140,,,,
2015-06-24,79,79,79,79,,,,
2015-06-25,74,74,74,74,,,,
2015-06-26,86,86,86,86,,,,
2015-06-29,20,20,20,20,,,,
2015-06-30,18,18,18,18,,,,
2015-07-01,60,60,60,60,,,,
2015-07-02,46,46,46,46,,,,
2015-07-06,35,35,35,35,,,,
2015-07-07,42,42,42,42,,,,
2015-07-08,16,16,16,16,,,,
2015-07-09,24,24,24,24,,,,
2015-07-10,47,47,47,47,,,,
2015-07-13,117,117,117,117,,,,
2015-07-14,103,103,103,103,,,,
2015-07-15,96,96,96,96,,,,
2015-07-16,130,130,130,130,,,,
2015-07-17,63,63,63,63,,,,
2015-07-20,96,96,96,96,,,,
2015-07-21,60,60,60,60,,,,
2015-07-22,62,62,62,62,,,,
2015-07-23,85,85,85,85,,,,
2015-07-24,29,29,29,29,,,,
2015-07-27,13,13,13,13,,,,
2015-07-28,28,28,28,28,,,,
2015-07-29,60,60,60,60,,,,
2015-07-30,73,73,73,73,,,,
2015-07-31,103,103,103,103,,,,
2015-08-03,64,64,64,64,,,,
2015-08-04,92,92,92,92,,,,
2015-08-05,129,129,129,129,,,,
2015-08-06,46,46,46,46,,,,
2015-08-07,27,27,27,27,,,,
2015-08-10,79,79,79,79,,,,
2015-08-11,31,31,31,31,,,,
2015-08-12,29,29,29,29,,,,
2015-08-13,57,57,57,57,,,,
2015-08-14,47,47,47,47,,,,
2015-08-17,87,87,87,87,,,,
2015-08-18,94,94,94,94,,,,
2015-08-19,34,34,34,34,,,,
2015-08-20,7,7,7,7,,,,
2015-08-24,3,3,3,3,,,,
2015-08-25,3,3,3,3,,,,
2015-08-26,2,2,2,2,,,,
2015-08-27,4,4,4,4,,,,
2015-08-28,5,5,5,5,,,,
2015-08-31,5,5,5,5,,,,
2015-09-01,3,3,3,3,,,,
2015-09-02,4,4,4,4,,,,
2015-09-03,9,9,9,9,,,,
2015-09-04,4,4,4,4,,,,
2015-09-08,14,14,14,14,,,,
2015-09-09,23,23,23,23,,,,
2015-09-10,9,9,9,9,,,,
2015-09-11,9,9,9,9,,,,
2015-09-14,15,15,15,15,,,,
2015-09-15,21,21,21,21,,,,
2015-09-16,34,34,34,34,,,,
2015-09-17,44,44,44,44,,,,
2015-09-18,13,13,13,13,,,,
2015-09-21,11,11,11,11,,,,
2015-09-22,3,3,3,3,,,,
2015-09-23,9,9,9,9,,,,
2015-09-24,5,5,5,5,,,,
2015-09-25,15,15,15,15,,,,
2015-09-28,2,2,2,2,,,,
2015-09-29,3,3,3,3,,,,
2015-09-30,4,4,4,4,,,,
2015-10-01,8,8,8,8,,,,
2015-10-02,9,9,9,9,,,,
2015-10-05,40,40,40,40,,,,
2015-10-06,20,20,20,20,,,,
2015-10-07,29,29,29,29,,,,
2015-10-08,50,50,50,50,,,,
2015-10-09,57,57,57,57,,,,
2015-10-12,55,55,55,55,,,,
2015-10-13,39,39,39,39,,,,
2015-10-14,8,8,8,8,,,,
2015-10-15,29,29,29,29,,,,
2015-10-16,42,42,42,42,,,,
2015-10-19,50,50,50,50,,,,
2015-10-20,52,52,52,52,,,,
2015-10-21,47,47,47,47,,,,
2015-10-22,71,71,71,71,,,,
2015-10-23,89,89,89,89,,,,
2015-10-26,54,54,54,54,,,,
2015-10-27,33,33,33,33,,,,
2015-10-28,88,88,88,88,,,,
2015-10-29,82,82,82,82,,,,
2015-10-30,62,62,62,62,,,,
2015-11-02,64,64,64,64,,,,
2015-11-03,61,61,61,61,,,,
2015-11-04,56,56,56,56,,,,
2015-11-05,52,52,52,52,,,,
2015-11-06,59,59,59,59,,,,
2015-11-09,32,32,32,32,,,,
2015-11-10,24,24,24,24,,,,
2015-11-11,46,46,46,46,,,,
2015-11-12,13,13,13,13,,,,
2015-11-13,6,6,6,6,,,,
2015-11-16,8,8,8,8,,,,
2015-11-17,22,22,22,22,,,,
2015-11-18,38,38,38,38,,,,
2015-11-19,44,44,44,44,,,,
2015-11-20,72,72,72,72,,,,
2015-11-23,67,67,67,67,,,,
2015-11-24,42,42,42,42,,,,
2015-11-25,62,62,62,62,,,,
2015-11-27,69,69,69,69,,,,
2015-11-30,73,73,73,73,,,,
2015-12-01,75,75,75,75,,,,
2015-12-02,54,54,54,54,,,,
2015-12-03,31,31,31,31,,,,
2015-12-04,39,39,39,39,,,,
2015-12-07,38,38,38,38,,,,
2015-12-08,21,21,21,21,,,,
2015-12-09,23,23,23,23,,,,
2015-12-10,12,12,12,12,,,,
2015-12-11,4,4,4,4,,,,
2015-12-14,5,5,5,5,,,,
2015-12-15,23,23,23,23,,,,
2015-12-16,39,39,39,39,,,,
2015-12-17,37,37,37,37,,,,
2015-12-18,14,14,14,14,,,,
2015-12-21,17,17,17,17,,,,
2015-12-22,22,22,22,22,,,,
2015-12-23,36,36,36,36,,,,
2015-12-24,30,30,30,30,,,,
2015-12-28,22,22,22,22,,,,
2015-12-29,65,65,65,65,,,,
2015-12-30,36,36,36,36,,,,
2015-12-31,5,5,5,5,,,,
2016-01-04,2,2,2,2,,,,
2016-01-05,9,9,9,9,,,,
2016-01-06,10,10,10,10,,,,
2016-01-07,3,3,3,3,,,,
2016-01-08,3,3,3,3,,,,
2016-01-11,5,5,5,5,,,,
2016-01-12,2,2,2,2,,,,
2016-01-13,3,3,3,3,,,,
2016-01-14,2,2,2,2,,,,
2016-01-19,5,5,5,5,,,,
2016-01-20,2,2,2,2,,,,
2016-01-21,1,1,1,1,,,,
2016-01-22,8,8,8,8,,,,
2016-01-25,9,9,9,9,,,,
2016-01-26,12,12,12,12,,,,
2016-01-27,14,14,14,14,,,,
2016-01-28,22,22,22,22,,,,
2016-01-29,38,38,38,38,,,,
2016-02-01,52,52,52,52,,,,
2016-02-02,23,23,23,23,,,,
2016-02-03,46,46,46,46,,,,
2016-02-04,19,19,19,19,,,,
2016-02-05,13,13,13,13,,,,
2016-02-08,15,15,15,15,,,,
2016-02-09,20,20,20,20,,,,
2016-02-10,18,18,18,18,,,,
2016-02-11,9,9,9,9,,,,
2016-02-12,10,10,10,10,,,,
2016-02-16,15,15,15,15,,,,
2016-02-17,22,22,22,22,,,,
2016-02-18,23,23,23,23,,,,
2016-02-19,24,24,24,24,,,,
2016-02-22,40,40,40,40,,,,
2016-02-23,24,24,24,24,,,,
2016-02-24,24,24,24,24,,,,
2016-02-25,58,58,58,58,,,,
2016-02-26,40,40,40,40,,,,
2016-02-29,20,20,20,20,,,,
2016-03-01,26,26,26,26,,,,
2016-03-02,37,37,37,37,,,,
2016-03-03,51,51,51,51,,,,
2016-03-04,60,60,60,60,,,,
2016-03-07,38,38,38,38,,,,
2016-03-08,44,44,44,44,,,,
2016-03-09,60,60,60,60,,,,
2016-03-10,53,53,53,53,,,,
2016-03-11,65,65,65,65,,,,
2016-03-14,38,38,38,38,,,,
2016-03-15,42,42,42,42,,,,
2016-03-16,79,79,79,79,,,,
2016-03-17,140,140,140,140,,,,
2016-03-18,110,110,110,110,,,,
2016-03-21,40,40,40,40,,,,
2016-03-22,35,35,35,35,,,,
2016-03-23,31,31,31,31,,,,
2016-03-24,26,26,26,26,,,,
2016-03-28,60,60,60,60,,,,
2016-03-29,130,130,130,130,,,,
2016-03-30,149,149,149,149,,,,
2016-03-31,81,81,81,81,,,,
2016-04-01,114,114,114,114,,,,
2016-04-04,101,101,101,101,,,,
2016-04-05,29,29,29,29,,,,
2016-04-06,36,36,36,36,,,,
2016-04-07,30,30,30,30,,,,
2016-04-08,44,44,44,44,,,,
2016-04-11,54,54,54,54,,,,
2016-04-12,45,45,45,45,,,,
2016-04-13,65,65,65,65,,,,
2016-04-14,56,56,56,56,,,,
2016-04-15,48,48,48,48,,,,
2016-04-18,86,86,86,86,,,,
2016-04-19,141,141,141,141,,,,
2016-04-20,78,78,78,78,,,,
2016-04-21,39,39,39,39,,,,
2016-04-22,36,36,36,36,,,,
2016-04-25,25,25,25,25,,,,
2016-04-26,54,54,54,54,,,,
2016-04-27,71,71,71,71,,,,
2016-04-28,76,76,76,76,,,,
2016-04-29,38,38,38,38,,,,
2016-05-02,61,61,61,61,,,,
2016-05-03,35,35,35,35,,,,
2016-05-04,63,63,63,63,,,,
2016-05-05,78,78,78,78,,,,
2016-05-06,77,77,77,77,,,,
2016-05-09,120,120,120,120,,,,
2016-05-10,133,133,133,133,,,,
2016-05-11,76,76,76,76,,,,
2016-05-12,77,77,77,77,,,,
2016-05-13,40,40,40,40,,,,
2016-05-16,71,71,71,71,,,,
2016-05-17,36,36,36,36,,,,
2016-05-18,22,22,22,22,,,,
2016-05-19,15,15,15,15,,,,
2016-05-20,29,29,29,29,,,,
2016-05-23,23,23,23,23,,,,
2016-05-24,65,65,65,65,,,,
2016-05-25,77,77,77,77,,,,
2016-05-26,53,53,53,53,,,,
2016-05-27,60,60,60,60,,,,
2016-05-31,75,75,75,75,,,,
2016-06-01,70,70,70,70,,,,
2016-06-02,89,89,89,89,,,,
2016-06-03,120,120,120,120,,,,
2016-06-06,117,117,117,117,,,,
2016-06-07,142,142,142,142,,,,
2016-06-08,201,201,201,201,,,,
2016-06-09,158,158,158,158,,,,
2016-06-10,99,99,99,99,,,,
2016-06-13,80,80,80,80,,,,
2016-06-14,21,21,21,21,,,,
2016-06-15,49,49,49,49,,,,
2016-06-16,55,55,55,55,,,,
2016-06-17,50,50,50,50,,,,
2016-06-20,99,99,99,99,,,,
2016-06-21,59,59,59,59,,,,
2016-06-22,60,60,60,60,,,,
2016-06-23,122,122,122,122,,,,
2016-06-24,78,78,78,78,,,,
2016-06-27,66,66,66,66,,,,
2016-06-28,82,82,82,82,,,,
2016-06-29,143,143,143,143,,,,
2016-06-30,220,220,220,220,,,,
2016-07-01,243,243,243,243,,,,
2016-07-05,155,155,155,155,,,,
2016-07-06,157,157,157,157,,,,
2016-07-07,61,61,61,61,,,,
2016-07-08,155,155,155,155,,,,
2016-07-11,227,227,227,227,,,,
2016-07-12,214,214,214,214,,,,
2016-07-13,156,156,156,156,,,,
2016-07-14,163,163,163,163,,,,
2016-07-15,97,97,97,97,,,,
2016-07-18,95,95,95,95,,,,
2016-07-19,81,81,81,81,,,,
2016-07-20,128,128,128,128,,,,
2016-07-21,104,104,104,104,,,,
2016-07-22,130,130,130,130,,,,
2016-07-25,107,107,107,107,,,,
2016-07-26,133,133,133,133,,,,
2016-07-27,126,126,126,126,,,,
2016-07-28,134,134,134,134,,,,
2016-07-29,181,181,181,181,,,,
2016-08-01,140,140,140,140,,,,
2016-08-02,71,71,71,71,,,,
2016-08-03,46,46,46,46,,,,
2016-08-04,80,80,80,80,,,,
2016-08-05,135,135,135,135,,,,
2016-08-08,116,116,116,116,,,,
2016-08-09,115,115,115,115,,,,
2016-08-10,104,104,104,104,,,,
2016-08-11,128,128,128,128,,,,
2016-08-12,89,89,89,89,,,,
2016-08-15,138,138,138,138,,,,
2016-08-16,62,62,62,62,,,,
2016-08-17,42,42,42,42,,,,
2016-08-18,87,87,87,87,,,,
2016-08-19,63,63,63,63,,,,
2016-08-22,49,49,49,49,,,,
2016-08-23,132,132,132,132,,,,
2016-08-24,53,53,53,53,,,,
2016-08-25,66,66,66,66,,,,
2016-08-26,115,115,115,115,,,,
2016-08-29,91,91,91,91,,,,
2016-08-30,99,99,99,99,,,,
2016-08-31,60,60,60,60,,,,
2016-09-01,64,64,64,64,,,,
2016-09-02,140,140,140,140,,,,
2016-09-06,157,157,157,157,,,,
2016-09-07,142,142,142,142,,,,
2016-09-08,108,108,108,108,,,,
2016-09-09,15,15,15,15,,,,
2016-09-12,18,18,18,18,,,,
2016-09-13,12,12,12,12,,,,
2016-09-14,11,11,11,11,,,,
2016-09-15,37,37,37,37,,,,
2016-09-16,32,32,32,32,,,,
2016-09-19,53,53,53,53,,,,
2016-09-20,25,25,25,25,,,,
2016-09-21,58,58,58,58,,,,
2016-09-22,114,114,114,114,,,,
2016-09-23,53,53,53,53,,,,
2016-09-26,33,33,33,33,,,,
2016-09-27,49,49,49,49,,,,
2016-09-28,77,77,77,77,,,,
2016-09-29,71,71,71,71,,,,
2016-09-30,78,78,78,78,,,,
2016-10-03,50,50,50,50,,,,
2016-10-04,53,53,53,53,,,,
2016-10-05,94,94,94,94,,,,
2016-10-06,81,81,81,81,,,,
2016-10-07,49,49,49,49,,,,
2016-10-10,112,112,112,112,,,,
2016-10-11,25,25,25,25,,,,
2016-10-12,23,23,23,23,,,,
2016-10-13,30,30,30,30,,,,
2016-10-14,47,47,47,47,,,,
2016-10-17,34,34,34,34,,,,
2016-10-18,58,58,58,58,,,,
2016-10-19,77,77,77,77,,,,
2016-10-20,58,58,58,58,,,,
2016-10-21,55,55,55,55,,,,
2016-10-24,89,89,89,89,,,,
2016-10-25,57,57,57,57,,,,
2016-10-26,31,31,31,31,,,,
2016-10-27,48,48,48,48,,,,
2016-10-28,42,42,42,42,,,,
2016-10-31,32,32,32,32,,,,
2016-11-01,29,29,29,29,,,,
2016-11-02,16,16,16,16,,,,
2016-11-03,13,13,13,13,,,,
2016-11-04,17,17,17,17,,,,
2016-11-07,58,58,58,58,,,,
2016-11-08,78,78,78,78,,,,
2016-11-09,169,169,169,169,,,,
2016-11-10,245,245,245,245,,,,
2016-11-11,198,198,198,198,,,,
2016-11-14,298,298,298,298,,,,
2016-11-15,136,136,136,136,,,,
2016-11-16,97,97,97,97,,,,
2016-11-17,154,154,154,154,,,,
2016-11-18,137,137,137,137,,,,
2016-11-21,185,185,185,185,,,,
2016-11-22,236,236,236,236,,,,
2016-11-23,238,238,238,238,,,,
2016-11-25,188,188,188,188,,,,
2016-11-28,122,122,122,122,,,,
2016-11-29,132,132,132,132,,,,
2016-11-30,194,194,194,194,,,,
2016-12-01,209,209,209,209,,,,
2016-12-02,87,87,87,87,,,,
2016-12-05,213,213,213,213,,,,
2016-12-06,247,247,247,247,,,,
2016-12-07,380,380,380,380,,,,
2016-12-08,441,441,441,441,,,,
2016-12-09,313,313,313,313,,,,
2016-12-12,234,234,234,234,,,,
2016-12-13,151,151,151,151,,,,
2016-12-14,83,83,83,83,,,,
2016-12-15,90,90,90,90,,,,
2016-12-16,98,98,98,98,,,,
2016-12-19,89,89,89,89,,,,
2016-12-20,166,166,166,166,,,,
2016-12-21,115,115,115,115,,,,
2016-12-22,67,67,67,67,,,,
2016-12-23,56,56,56,56,,,,
2016-12-27,107,107,107,107,,,,
2016-12-28,65,65,65,65,,,,
2016-12-29,38,38,38,38,,,,
2016-12-30,38,38,38,38,,,,
2017-01-03,115,115,115,115,,,,
2017-01-04,163,163,163,163,,,,
2017-01-05,112,112,112,112,,,,
2017-01-06,72,72,72,72,,,,
2017-01-09,39,39,39,39,,,,
2017-01-10,67,67,67,67,,,,
2017-01-11,101,101,101,101,,,,
2017-01-12,71,71,71,71,,,,
2017-01-13,108,108,108,108,,,,
2017-01-17,69,69,69,69,,,,
2017-01-18,62,62,62,62,,,,
2017-01-19,69,69,69,69,,,,
2017-01-20,71,71,71,71,,,,
2017-01-23,59,59,59,59,,,,
2017-01-24,175,175,175,175,,,,
2017-01-25,261,261,261,261,,,,
2017-01-26,205,205,205,205,,,,
2017-01-27,98,98,98,98,,,,
2017-01-30,26,26,26,26,,,,
2017-01-31,53,53,53,53,,,,
2017-02-01,104,104,104,104,,,,
2017-02-02,80,80,80,80,,,,
2017-02-03,123,123,123,123,,,,
2017-02-06,78,78,78,78,,,,
2017-02-07,96,96,96,96,,,,
2017-02-08,46,46,46,46,,,,
2017-02-09,109,109,109,109,,,,
2017-02-10,159,159,159,159,,,,
2017-02-13,204,204,204,204,,,,
2017-02-14,148,148,148,148,,,,
2017-02-15,199,199,199,199,,,,
2017-02-16,169,169,169,169,,,,
2017-02-17,110,110,110,110,,,,
2017-02-21,231,231,231,231,,,,
2017-02-22,166,166,166,166,,,,
2017-02-23,165,165,165,165,,,,
2017-02-24,92,92,92,92,,,,
2017-02-27,139,139,139,139,,,,
2017-02-28,95,95,95,95,,,,
2017-03-01,255,255,255,255,,,,
2017-03-02,89,89,89,89,,,,
2017-03-03,37,37,37,37,,,,
2017-03-06,31,31,31,31,,,,
2017-03-07,37,37,37,37,,,,
2017-03-08,33,33,33,33,,,,
2017-03-09,34,34,34,34,,,,
2017-03-10,65,65,65,65,,,,
2017-03-13,76,76,76,76,,,,
2017-03-14,47,47,47,47,,,,
2017-03-15,135,135,135,135,,,,
2017-03-16,143,143,143,143,,,,
2017-03-17,121,121,121,121,,,,
2017-03-20,87,87,87,87,,,,
2017-03-21,75,75,75,75,,,,
2017-03-22,28,28,28,28,,,,
2017-03-23,46,46,46,46,,,,
2017-03-24,53,53,53,53,,,,
2017-03-27,38,38,38,38,,,,
2017-03-28,62,62,62,62,,,,
2017-03-29,58,58,58,58,,,,
2017-03-30,61,61,61,61,,,,
2017-03-31,66,66,66,66,,,,
2017-04-03,66,66,66,66,,,,
2017-04-04,43,43,43,43,,,,
2017-04-05,75,75,75,75,,,,
2017-04-06,47,47,47,47,,,,
2017-04-07,54,54,54,54,,,,
2017-04-10,57,57,57,57,,,,
2017-04-11,73,73,73,73,,,,
2017-04-12,67,67,67,67,,,,
2017-04-13,40,40,40,40,,,,
2017-04-17,60,60,60,60,,,,
2017-04-18,83,83,83,83,,,,
2017-04-19,76,76,76,76,,,,
2017-04-20,102,102,102,102,,,,
2017-04-21,88,88,88,88,,,,
2017-04-24,184,184,184,184,,,,
2017-04-25,220,220,220,220,,,,
2017-04-26,225,225,225,225,,,,
2017-04-27,204,204,204,204,,,,
2017-04-28,109,109,109,109,,,,
2017-05-01,95,95,95,95,,,,
2017-05-02,123,123,123,123,,,,
2017-05-03,75,75,75,75,,,,
2017-05-04,103,103,103,103,,,,
2017-05-05,136,136,136,136,,,,
2017-05-08,111,111,111,111,,,,
2017-05-09,106,106,106,106,,,,
2017-05-10,82,82,82,82,,,,
2017-05-11,60,60,60,60,,,,
2017-05-12,60,60,60,60,,,,
2017-05-15,100,100,100,100,,,,
2017-05-16,122,122,122,122,,,,
2017-05-17,29,29,29,29,,,,
2017-05-18,24,24,24,24,,,,
2017-05-19,66,66,66,66,,,,
2017-05-22,110,110,110,110,,,,
2017-05-23,102,102,102,102,,,,
2017-05-24,84,84,84,84,,,,
2017-05-25,157,157,157,157,,,,
2017-05-26,104,104,104,104,,,,
2017-05-30,87,87,87,87,,,,
2017-05-31,130,130,130,130,,,,
2017-06-01,197,197,197,197,,,,
2017-06-02,263,263,263,263,,,,
2017-06-05,110,110,110,110,,,,
2017-06-06,85,85,85,85,,,,
2017-06-07,78,78,78,78,,,,
2017-06-08,110,110,110,110,,,,
2017-06-09,159,159,159,159,,,,
2017-06-12,96,96,96,96,,,,
2017-06-13,98,98,98,98,,,,
2017-06-14,120,120,120,120,,,,
2017-06-15,69,69,69,69,,,,
2017-06-16,109,109,109,109,,,,
2017-06-19,168,168,168,168,,,,
2017-06-20,93,93,93,93,,,,
2017-06-21,66,66,66,66,,,,
2017-06-22,64,64,64,64,,,,
2017-06-23,76,76,76,76,,,,
2017-06-26,100,100,100,100,,,,
2017-06-27,47,47,47,47,,,,
2017-06-28,83,83,83,83,,,,
2017-06-29,61,61,61,61,,,,
2017-06-30,46,46,46,46,,,,
2017-07-03,76,76,76,76,,,,
2017-07-05,59,59,59,59,,,,
2017-07-06,24,24,24,24,,,,
2017-07-07,56,56,56,56,,,,
2017-07-10,75,75,75,75,,,,
2017-07-11,60,60,60,60,,,,
2017-07-12,144,144,144,144,,,,
2017-07-13,86,86,86,86,,,,
2017-07-14,122,122,122,122,,,,
2017-07-17,104,104,104,104,,,,
2017-07-18,77,77,77,77,,,,
2017-07-19,145,145,145,145,,,,
2017-07-20,159,159,159,159,,,,
2017-07-21,114,114,114,114,,,,
2017-07-24,109,109,109,109,,,,
2017-07-25,183,183,183,183,,,,
2017-07-26,120,120,120,120,,,,
2017-07-27,124,124,124,124,,,,
2017-07-28,60,60,60,60,,,,
2017-07-31,87,87,87,87,,,,
2017-08-01,113,113,113,113,,,,
2017-08-02,92,92,92,92,,,,
2017-08-03,91,91,91,91,,,,
2017-08-04,97,97,97,97,,,,
2017-08-07,83,83,83,83,,,,
2017-08-08,106,106,106,106,,,,
2017-08-09,54,54,54,54,,,,
2017-08-10,42,42,42,42,,,,
2017-08-11,15,15,15,15,,,,
2017-08-14,49,49,49,49,,,,
2017-08-15,51,51,51,51,,,,
2017-08-16,75,75,75,75,,,,
2017-08-17,43,43,43,43,,,,
2017-08-18,31,31,31,31,,,,
2017-08-21,40,40,40,40,,,,
2017-08-22,73,73,73,73,,,,
2017-08-23,68,68,68,68,,,,
2017-08-24,69,69,69,69,,,,
2017-08-25,80,80,80,80,,,,
2017-08-28,61,61,61,61,,,,
2017-08-29,49,49,49,49,,,,
2017-08-30,56,56,56,56,,,,
2017-08-31,105,105,105,105,,,,
2017-09-01,130,130,130,130,,,,
2017-09-05,93,93,93,93,,,,
2017-09-06,87,87,87,87,,,,
2017-09-07,97,97,97,97,,,,
2017-09-08,107,107,107,107,,,,
2017-09-11,177,177,177,177,,,,
2017-09-12,132,132,132,132,,,,
2017-09-13,84,84,84,84,,,,
2017-09-14,78,78,78,78,,,,
2017-09-15,92,92,92,92,,,,
2017-09-18,135,135,135,135,,,,
2017-09-19,129,129,129,129,,,,
2017-09-20,142,142,142,142,,,,
2017-09-21,111,111,111,111,,,,
2017-09-22,120,120,120,120,,,,
2017-09-25,103,103,103,103,,,,
2017-09-26,115,115,115,115,,,,
2017-09-27,165,165,165,165,,,,
2017-09-28,127,127,127,127,,,,
2017-09-29,149,149,149,149,,,,
2017-10-02,209,209,209,209,,,,
2017-10-03,248,248,248,248,,,,
2017-10-04,198,198,198,198,,,,
2017-10-05,199,199,199,199,,,,
2017-10-06,144,144,144,144,,,,
2017-10-09,141,141,141,141,,,,
2017-10-10,161,161,161,161,,,,
2017-10-11,147,147,147,147,,,,
2017-10-12,162,162,162,162,,,,
2017-10-13,217,217,217,217,,,,
2017-10-16,164,164,164,164,,,,
2017-10-17,105,105,105,105,,,,
2017-10-18,140,140,140,140,,,,
2017-10-19,104,104,104,104,,,,
2017-10-20,215,215,215,215,,,,
2017-10-23,170,170,170,170,,,,
2017-10-24,170,170,170,170,,,,
2017-10-25,111,111,111,111,,,,
2017-10-26,167,167,167,167,,,,
2017-10-27,162,162,162,162,,,,
2017-10-30,110,110,110,110,,,,
2017-10-31,145,145,145,145,,,,
2017-11-01,177,177,177,177,,,,
2017-11-02,142,142,142,142,,,,
2017-11-03,121,121,121,121,,,,
2017-11-06,142,142,142,142,,,,
2017-11-07,139,139,139,139,,,,
2017-11-08,99,99,99,99,,,,
2017-11-09,70,70,70,70,,,,
2017-11-10,62,62,62,62,,,,
2017-11-13,86,86,86,86,,,,
2017-11-14,103,103,103,103,,,,
2017-11-15,70,70,70,70,,,,
2017-11-16,104,104,104,104,,,,
2017-11-17,88,88,88,88,,,,
2017-11-20,128,128,128,128,,,,
2017-11-21,201,201,201,201,,,,
2017-11-22,139,139,139,139,,,,
2017-11-24,125,125,125,125,,,,
2017-11-27,116,116,116,116,,,,
2017-11-28,191,191,191,191,,,,
2017-11-29,269,269,269,269,,,,
2017-11-30,258,258,258,258,,,,
2017-12-01,125,125,125,125,,,,
2017-12-04,251,251,251,251,,,,
2017-12-05,67,67,67,67,,,,
2017-12-06,39,39,39,39,,,,
2017-12-07,57,57,57,57,,,,
2017-12-08,84,84,84,84,,,,
2017-12-11,90,90,90,90,,,,
2017-12-12,91,91,91,91,,,,
2017-12-13,117,117,117,117,,,,
2017-12-14,69,69,69,69,,,,
2017-12-15,100,100,100,100,,,,
2017-12-18,223,223,223,223,,,,
2017-12-19,137,137,137,137,,,,
2017-12-20,120,120,120,120,,,,
2017-12-21,155,155,155,155,,,,
2017-12-22,92,92,92,92,,,,
2017-12-26,132,132,132,132,,,,
2017-12-27,107,107,107,107,,,,
2017-12-28,107,107,107,107,,,,
2017-12-29,134,134,134,134,,,,
2018-01-02,149,149,149,149,,,,
2018-01-03,179,179,179,179,,,,
2018-01-04,239,239,239,239,,,,
2018-01-05,204,204,204,204,,,,
2018-01-08,206,206,206,206,,,,
2018-01-09,237,237,237,237,,,,
2018-01-10,144,144,144,144,,,,
2018-01-11,240,240,240,240,,,,
2018-01-12,337,337,337,337,,,,
2018-01-16,334,334,334,334,,,,
2018-01-17,160,160,160,160,,,,
2018-01-18,161,161,161,161,,,,
2018-01-19,221,221,221,221,,,,
2018-01-22,239,239,239,239,,,,
2018-01-23,244,244,244,244,,,,
2018-01-24,295,295,295,295,,,,
2018-01-25,234,234,234,234,,,,
2018-01-26,254,254,254,254,,,,
2018-01-29,217,217,217,217,,,,
2018-01-30,44,44,44,44,,,,
2018-01-31,82,82,82,82,,,,
2018-02-01,73,73,73,73,,,,
2018-02-02,36,36,36,36,,,,
2018-02-05,13,13,13,13,,,,
2018-02-06,5,5,5,5,,,,
2018-02-07,19,19,19,19,,,,
2018-02-08,15,15,15,15,,,,
2018-02-09,4,4,4,4,,,,
2018-02-12,8,8,8,8,,,,
2018-02-13,16,16,16,16,,,,
2018-02-14,31,31,31,31,,,,
2018-02-15,60,60,60,60,,,,
2018-02-16,67,67,67,67,,,,
2018-02-20,53,53,53,53,,,,
2018-02-21,68,68,68,68,,,,
2018-02-22,27,27,27,27,,,,
2018-02-23,37,37,37,37,,,,
2018-02-26,80,80,80,80,,,,
2018-02-27,84,84,84,84,,,,
2018-02-28,42,42,42,42,,,,
2018-03-01,9,9,9,9,,,,
2018-03-02,22,22,22,22,,,,
2018-03-05,43,43,43,43,,,,
2018-03-06,76,76,76,76,,,,
2018-03-07,88,88,88,88,,,,
2018-03-08,98,98,98,98,,,,
2018-03-09,118,118,118,118,,,,
2018-03-12,130,130,130,130,,,,
2018-03-13,86,86,86,86,,,,
2018-03-14,44,44,44,44,,,,
2018-03-15,24,24,24,24,,,,
2018-03-16,35,35,35,35,,,,
2018-03-19,25,25,25,25,,,,
2018-03-20,35,35,35,35,,,,
2018-03-21,52,52,52,52,,,,
2018-03-22,17,17,17,17,,,,
2018-03-23,13,13,13,13,,,,
2018-03-26,21,21,21,21,,,,
2018-03-27,29,29,29,29,,,,
2018-03-28,10,10,10,10,,,,
2018-03-29,26,26,26,26,,,,
2018-04-02,11,11,11,11,,,,
2018-04-03,15,15,15,15,,,,
2018-04-04,24,24,24,24,,,,
2018-04-05,48,48,48,48,,,,
2018-04-06,24,24,24,24,,,,
2018-04-09,20,20,20,20,,,,
2018-04-10,40,40,40,40,,,,
2018-04-11,36,36,36,36,,,,
2018-04-12,45,45,45,45,,,,
2018-04-13,38,38,38,38,,,,
2018-04-16,55,55,55,55,,,,
2018-04-17,95,95,95,95,,,,
2018-04-18,128,128,128,128,,,,
2018-04-19,71,71,71,71,,,,
2018-04-20,40,40,40,40,,,,
2018-04-23,50,50,50,50,,,,
2018-04-24,60,60,60,60,,,,
2018-04-25,20,20,20,20,,,,
2018-04-26,47,47,47,47,,,,
2018-04-27,51,51,51,51,,,,
2018-04-30,60,60,60,60,,,,
2018-05-01,28,28,28,28,,,,
2018-05-02,62,62,62,62,,,,
2018-05-03,46,46,46,46,,,,
2018-05-04,64,64,64,64,,,,
2018-05-07,94,94,94,94,,,,
2018-05-08,66,66,66,66,,,,
2018-05-09,138,138,138,138,,,,
2018-05-10,131,131,131,131,,,,
2018-05-11,106,106,106,106,,,,
2018-05-14,101,101,101,101,,,,
2018-05-15,57,57,57,57,,,,
2018-05-16,114,114,114,114,,,,
2018-05-17,130,130,130,130,,,,
2018-05-18,105,105,105,105,,,,
2018-05-21,171,171,171,171,,,,
2018-05-22,121,121,121,121,,,,
2018-05-23,30,30,30,30,,,,
2018-05-24,53,53,53,53,,,,
2018-05-25,63,63,63,63,,,,
2018-05-29,45,45,45,45,,,,
2018-05-30,138,138,138,138,,,,
2018-05-31,90,90,90,90,,,,
2018-06-01,97,97,97,97,,,,
2018-06-04,146,146,146,146,,,,
2018-06-05,153,153,153,153,,,,
2018-06-06,171,171,171,171,,,,
2018-06-07,152,152,152,152,,,,
2018-06-08,100,100,100,100,,,,
2018-06-11,124,124,124,124,,,,
2018-06-12,109,109,109,109,,,,
2018-06-13,93,93,93,93,,,,
2018-06-14,83,83,83,83,,,,
2018-06-15,68,68,68,68,,,,
2018-06-18,94,94,94,94,,,,
2018-06-19,57,57,57,57,,,,
2018-06-20,109,109,109,109,,,,
2018-06-21,72,72,72,72,,,,
2018-06-22,81,81,81,81,,,,
2018-06-25,35,35,35,35,,,,
2018-06-26,39,39,39,39,,,,
2018-06-27,51,51,51,51,,,,
2018-06-28,28,28,28,28,,,,
2018-06-29,34,34,34,34,,,,
2018-07-02,27,27,27,27,,,,
2018-07-03,49,49,49,49,,,,
2018-07-05,53,53,53,53,,,,
2018-07-06,102,102,102,102,,,,
2018-07-09,106,106,106,106,,,,
2018-07-10,110,110,110,110,,,,
2018-07-11,43,43,43,43,,,,
2018-07-12,78,78,78,78,,,,
2018-07-13,89,89,89,89,,,,
2018-07-16,44,44,44,44,,,,
2018-07-17,58,58,58,58,,,,
2018-07-18,62,62,62,62,,,,
2018-07-19,69,69,69,69,,,,
2018-07-20,73,73,73,73,,,,
2018-07-23,68,68,68,68,,,,
2018-07-24,75,75,75,75,,,,
2018-07-25,80,80,80,80,,,,
2018-07-26,121,121,121,121,,,,
2018-07-27,64,64,64,64,,,,
2018-07-30,37,37,37,37,,,,
2018-07-31,69,69,69,69,,,,
2018-08-01,66,66,66,66,,,,
2018-08-02,78,78,78,78,,,,
2018-08-03,93,93,93,93,,,,
2018-08-06,83,83,83,83,,,,
2018-08-07,103,103,103,103,,,,
2018-08-08,76,76,76,76,,,,
2018-08-09,100,100,100,100,,,,
2018-08-10,62,62,62,62,,,,
2018-08-13,42,42,42,42,,,,
2018-08-14,71,71,71,71,,,,
2018-08-15,46,46,46,46,,,,
2018-08-16,76,76,76,76,,,,
2018-08-17,91,91,91,91,,,,
2018-08-20,116,116,116,116,,,,
2018-08-21,139,139,139,139,,,,
2018-08-22,93,93,93,93,,,,
2018-08-23,85,85,85,85,,,,
2018-08-24,100,100,100,100,,,,
2018-08-27,126,126,126,126,,,,
2018-08-28,95,95,95,95,,,,
2018-08-29,121,121,121,121,,,,
2018-08-30,93,93,93,93,,,,
2018-08-31,75,75,75,75,,,,
2018-09-04,112,112,112,112,,,,
2018-09-05,82,82,82,82,,,,
2018-09-06,96,96,96,96,,,,
2018-09-07,75,75,75,75,,,,
2018-09-10,85,85,85,85,,,,
2018-09-11,81,81,81,81,,,,
2018-09-12,82,82,82,82,,,,
2018-09-13,122,122,122,122,,,,
2018-09-14,103,103,103,103,,,,
2018-09-17,76,76,76,76,,,,
2018-09-18,78,78,78,78,,,,
2018-09-19,64,64,64,64,,,,
2018-09-20,76,76,76,76,,,,
2018-09-21,92,92,92,92,,,,
2018-09-24,42,42,42,42,,,,
2018-09-25,68,68,68,68,,,,
2018-09-26,51,51,51,51,,,,
2018-09-27,32,32,32,32,,,,
2018-09-28,52,52,52,52,,,,
2018-10-01,74,74,74,74,,,,
2018-10-02,32,32,32,32,,,,
2018-10-03,61,61,61,61,,,,
2018-10-04,31,31,31,31,,,,
2018-10-05,21,21,21,21,,,,
2018-10-08,26,26,26,26,,,,
2018-10-09,42,42,42,42,,,,
2018-10-10,33,33,33,33,,,,
2018-10-11,4,4,4,4,,,,
2018-10-12,4,4,4,4,,,,
2018-10-15,7,7,7,7,,,,
2018-10-16,12,12,12,12,,,,
2018-10-17,12,12,12,12,,,,
2018-10-18,6,6,6,6,,,,
2018-10-19,16,16,16,16,,,,
2018-10-22,17,17,17,17,,,,
2018-10-23,8,8,8,8,,,,
2018-10-24,22,22,22,22,,,,
2018-10-25,8,8,8,8,,,,
2018-10-26,7,7,7,7,,,,
2018-10-29,13,13,13,13,,,,
2018-10-30,20,20,20,20,,,,
2018-10-31,13,13,13,13,,,,
2018-11-01,19,19,19,19,,,,
2018-11-02,19,19,19,19,,,,
2018-11-05,28,28,28,28,,,,
2018-11-06,43,43,43,43,,,,
2018-11-07,64,64,64,64,,,,
2018-11-08,67,67,67,67,,,,
2018-11-09,46,46,46,46,,,,
2018-11-12,53,53,53,53,,,,
2018-11-13,19,19,19,19,,,,
2018-11-14,18,18,18,18,,,,
2018-11-15,13,13,13,13,,,,
2018-11-16,38,38,38,38,,,,
2018-11-19,40,40,40,40,,,,
2018-11-20,26,26,26,26,,,,
2018-11-21,10,10,10,10,,,,
2018-11-23,3,3,3,3,,,,
2018-11-26,10,10,10,10,,,,
2018-11-27,19,19,19,19,,,,
2018-11-28,36,36,36,36,,,,
2018-11-29,32,32,32,32,,,,
2018-11-30,49,49,49,49,,,,
2018-12-03,72,72,72,72,,,,
2018-12-04,68,68,68,68,,,,
2018-12-05,2,2,2,2,,,,
2018-12-06,32,32,32,32,,,,
2018-12-07,30,30,30,30,,,,
2018-12-10,10,10,10,10,,,,
2018-12-11,30,30,30,30,,,,
2018-12-12,29,29,29,29,,,,
2018-12-13,18,18,18,18,,,,
2018-12-14,13,13,13,13,,,,
2018-12-17,3,3,3,3,,,,
2018-12-18,3,3,3,3,,,,
2018-12-19,5,5,5,5,,,,
2018-12-20,3,3,3,3,,,,
2018-12-21,1,1,1,1,,,,
2018-12-24,2,2,2,2,,,,
2018-12-26,3,3,3,3,,,,
2018-12-27,2,2,2,2,,,,
2018-12-28,0.01,0.01,0.01,0.01,,,,
2018-12-31,3,3,3,3,,,,
2019-01-02,3,3,3,3,,,,
2019-01-03,9,9,9,9,,,,
2019-01-04,5,5,5,5,,,,
2019-01-07,5,5,5,5,,,,
2019-01-08,11,11,11,11,,,,
2019-01-09,9,9,9,9,,,,
2019-01-10,9,9,9,9,,,,
2019-01-11,14,14,14,14,,,,
2019-01-14,9,9,9,9,,,,
2019-01-15,11,11,11,11,,,,
2019-01-16,14,14,14,14,,,,
2019-01-17,11,11,11,11,,,,
2019-01-18,23,23,23,23,,,,
2019-01-22,14,14,14,14,,,,
2019-01-23,19,19,19,19,,,,
2019-01-24,23,23,23,23,,,,
2019-01-25,41,41,41,41,,,,
2019-01-28,25,25,25,25,,,,
2019-01-29,42,42,42,42,,,,
2019-01-30,52,52,52,52,,,,
2019-01-31,73,73,73,73,,,,
2019-02-01,72,72,72,72,,,,
2019-02-04,48,48,48,48,,,,
2019-02-05,66,66,66,66,,,,
2019-02-06,44,44,44,44,,,,
2019-02-07,46,46,46,46,,,,
2019-02-08,53,53,53,53,,,,
2019-02-11,70,70,70,70,,,,
2019-02-12,75,75,75,75,,,,
2019-02-13,59,59,59,59,,,,
2019-02-14,48,48,48,48,,,,
2019-02-15,83,83,83,83,,,,
2019-02-19,91,91,91,91,,,,
2019-02-20,75,75,75,75,,,,
2019-02-21,72,72,72,72,,,,
2019-02-22,121,121,121,121,,,,
2019-02-25,113,113,113,113,,,,
2019-02-26,49,49,49,49,,,,
2019-02-27,58,58,58,58,,,,
2019-02-28,76,76,76,76,,,,
2019-03-01,82,82,82,82,,,,
2019-03-04,86,86,86,86,,,,
2019-03-05,48,48,48,48,,,,
2019-03-06,28,28,28,28,,,,
2019-03-07,31,31,31,31,,,,
2019-03-08,20,20,20,20,,,,
2019-03-11,72,72,72,72,,,,
2019-03-12,97,97,97,97,,,,
2019-03-13,107,107,107,107,,,,
2019-03-14,71,71,71,71,,,,
2019-03-15,98,98,98,98,,,,
2019-03-18,71,71,71,71,,,,
2019-03-19,83,83,83,83,,,,
2019-03-20,59,59,59,59,,,,
2019-03-21,115,115,115,115,,,,
2019-03-22,86,86,86,86,,,,
2019-03-25,26,26,26,26,,,,
2019-03-26,84,84,84,84,,,,
2019-03-27,65,65,65,65,,,,
2019-03-28,53,53,53,53,,,,
2019-03-29,81,81,81,81,,,,
2019-04-01,101,101,101,101,,,,
2019-04-02,81,81,81,81,,,,
2019-04-03,108,108,108,108,,,,
2019-04-04,48,48,48,48,,,,
2019-04-05,65,65,65,65,,,,
2019-04-08,53,53,53,53,,,,
2019-04-09,31,31,31,31,,,,
2019-04-10,68,68,68,68,,,,
2019-04-11,77,77,77,77,,,,
2019-04-12,118,118,118,118,,,,
2019-04-15,110,110,110,110,,,,
2019-04-16,92,92,92,92,,,,
2019-04-17,61,61,61,61,,,,
2019-04-18,57,57,57,57,,,,
2019-04-22,42,42,42,42,,,,
2019-04-23,105,105,105,105,,,,
2019-04-24,102,102,102,102,,,,
2019-04-25,55,55,55,55,,,,
2019-04-26,87,87,87,87,,,,
2019-04-29,91,91,91,91,,,,
2019-04-30,107,107,107,107,,,,
2019-05-01,124,124,124,124,,,,
2019-05-02,47,47,47,47,,,,
2019-05-03,97,97,97,97,,,,
2019-05-06,64,64,64,64,,,,
2019-05-07,26,26,26,26,,,,
2019-05-08,27,27,27,27,,,,
2019-05-09,24,24,24,24,,,,
2019-05-10,44,44,44,44,,,,
2019-05-13,25,25,25,25,,,,
2019-05-14,41,41,41,41,,,,
2019-05-15,61,61,61,61,,,,
2019-05-16,102,102,102,102,,,,
2019-05-17,56,56,56,56,,,,
2019-05-20,44,44,44,44,,,,
2019-05-21,69,69,69,69,,,,
2019-05-22,56,56,56,56,,,,
2019-05-23,43,43,43,43,,,,
2019-05-24,73,73,73,73,,,,
2019-05-28,64,64,64,64,,,,
2019-05-29,10,10,10,10,,,,
2019-05-30,15,15,15,15,,,,
2019-05-31,21,21,21,21,,,,
2019-06-03,43,43,43,43,,,,
2019-06-04,58,58,58,58,,,,
2019-06-05,121,121,121,121,,,,
2019-06-06,141,141,141,141,,,,
2019-06-07,190,190,190,190,,,,
2019-06-10,103,103,103,103,,,,
2019-06-11,64,64,64,64,,,,
2019-06-12,58,58,58,58,,,,
2019-06-13,72,72,72,72,,,,
2019-06-14,77,77,77,77,,,,
2019-06-17,80,80,80,80,,,,
2019-06-18,123,123,123,123,,,,
2019-06-19,99,99,99,99,,,,
2019-06-20,208,208,208,208,,,,
2019-06-21,77,77,77,77,,,,
2019-06-24,77,77,77,77,,,,
2019-06-25,57,57,57,57,,,,
2019-06-26,18,18,18,18,,,,
2019-06-27,26,26,26,26,,,,
2019-06-28,75,75,75,75,,,,
2019-07-01,134,134,134,134,,,,
2019-07-02,87,87,87,87,,,,
2019-07-03,152,152,152,152,,,,
2019-07-05,77,77,77,77,,,,
2019-07-08,79,79,79,79,,,,
2019-07-09,72,72,72,72,,,,
2019-07-10,153,153,153,153,,,,
2019-07-11,92,92,92,92,,,,
2019-07-12,106,106,106,106,,,,
2019-07-15,112,112,112,112,,,,
2019-07-16,81,81,81,81,,,,
2019-07-17,59,59,59,59,,,,
2019-07-18,71,71,71,71,,,,
2019-07-19,83,83,83,83,,,,
2019-07-22,26,26,26,26,,,,
2019-07-23,43,43,43,43,,,,
2019-07-24,72,72,72,72,,,,
2019-07-25,75,75,75,75,,,,
2019-07-26,110,110,110,110,,,,
2019-07-29,103,103,103,103,,,,
2019-07-30,84,84,84,84,,,,
2019-07-31,112,112,112,112,,,,
2019-08-01,83,83,83,83,,,,
2019-08-02,31,31,31,31,,,,
2019-08-05,25,25,25,25,,,,
2019-08-06,30,30,30,30,,,,
2019-08-07,62,62,62,62,,,,
2019-08-08,122,122,122,122,,,,
2019-08-09,99,99,99,99,,,,
2019-08-12,59,59,59,59,,,,
2019-08-13,63,63,63,63,,,,
2019-08-14,17,17,17,17,,,,
2019-08-15,38,38,38,38,,,,
2019-08-16,77,77,77,77,,,,
2019-08-19,122,122,122,122,,,,
2019-08-20,77,77,77,77,,,,
2019-08-21,81,81,81,81,,,,
2019-08-22,91,91,91,91,,,,
2019-08-23,82,82,82,82,,,,
2019-08-26,21,21,21,21,,,,
2019-08-27,74,74,74,74,,,,
2019-08-28,28,28,28,28,,,,
2019-08-29,70,70,70,70,,,,
2019-08-30,86,86,86,86,,,,
2019-09-03,91,91,91,91,,,,
2019-09-04,130,130,130,130,,,,
2019-09-05,104,104,104,104,,,,
2019-09-06,74,74,74,74,,,,
2019-09-09,68,68,68,68,,,,
2019-09-10,47,47,47,47,,,,
2019-09-11,74,74,74,74,,,,
2019-09-12,93,93,93,93,,,,
2019-09-13,75,75,75,75,,,,
2019-09-16,38,38,38,38,,,,
2019-09-17,42,42,42,42,,,,
2019-09-18,54,54,54,54,,,,
2019-09-19,64,64,64,64,,,,
2019-09-20,50,50,50,50,,,,
2019-09-23,53,53,53,53,,,,
2019-09-24,64,64,64,64,,,,
2019-09-25,38,38,38,38,,,,
2019-09-26,86,86,86,86,,,,
2019-09-27,39,39,39,39,,,,
2019-09-30,49,49,49,49,,,,
2019-10-01,37,37,37,37,,,,
2019-10-02,9,9,9,9,,,,
2019-10-03,24,24,24,24,,,,
2019-10-04,44,44,44,44,,,,
2019-10-07,46,46,46,46,,,,
2019-10-08,31,31,31,31,,,,
2019-10-09,43,43,43,43,,,,
2019-10-10,25,25,25,25,,,,
2019-10-11,62,62,62,62,,,,
2019-10-14,23,23,23,23,,,,
2019-10-15,42,42,42,42,,,,
2019-10-16,54,54,54,54,,,,
2019-10-17,96,96,96,96,,,,
2019-10-18,81,81,81,81,,,,
2019-10-21,129,129,129,129,,,,
2019-10-22,122,122,122,122,,,,
2019-10-23,87,87,87,87,,,,
2019-10-24,95,95,95,95,,,,
2019-10-25,80,80,80,80,,,,
2019-10-28,105,105,105,105,,,,
2019-10-29,107,107,107,107,,,,
2019-10-30,97,97,97,97,,,,
2019-10-31,93,93,93,93,,,,
2019-11-01,115,115,115,115,,,,
2019-11-04,140,140,140,140,,,,
2019-11-05,122,122,122,122,,,,
2019-11-06,62,62,62,62,,,,
2019-11-07,122,122,122,122,,,,
2019-11-08,71,71,71,71,,,,
2019-11-11,61,61,61,61,,,,
2019-11-12,78,78,78,78,,,,
2019-11-13,52,52,52,52,,,,
2019-11-14,67,67,67,67,,,,
2019-11-15,80,80,80,80,,,,
2019-11-18,75,75,75,75,,,,
2019-11-19,89,89,89,89,,,,
2019-11-20,72,72,72,72,,,,
2019-11-21,35,35,35,35,,,,
2019-11-22,36,36,36,36,,,,
2019-11-25,90,90,90,90,,,,
2019-11-26,101,101,101,101,,,,
2019-11-27,124,124,124,124,,,,
2019-11-29,71,71,71,71,,,,
2019-12-02,35,35,35,35,,,,
2019-12-03,20,20,20,20,,,,
2019-12-04,50,50,50,50,,,,
2019-12-05,47,47,47,47,,,,
2019-12-06,112,112,112,112,,,,
2019-12-09,70,70,70,70,,,,
2019-12-10,66,66,66,66,,,,
2019-12-11,77,77,77,77,,,,
2019-12-12,159,159,159,159,,,,
2019-12-13,132,132,132,132,,,,
2019-12-16,152,152,152,152,,,,
2019-12-17,110,110,110,110,,,,
2019-12-18,108,108,108,108,,,,
2019-12-19,102,102,102,102,,,,
2019-12-20,176,176,176,176,,,,
2019-12-23,111,111,111,111,,,,
2019-12-24,73,73,73,73,,,,
2019-12-26,105,105,105,105,,,,
2019-12-27,113,113,113,113,,,,
2019-12-30,61,61,61,61,,,,
2019-12-31,51,51,51,51,,,,
2020-01-02,113,113,113,113,,,,
2020-01-03,64,64,64,64,,,,
2020-01-06,65,65,65,65,,,,
2020-01-07,75,75,75,75,,,,
2020-01-08,115,115,115,115,,,,
2020-01-09,134,134,134,134,,,,
2020-01-10,103,103,103,103,,,,
2020-01-13,127,127,127,127,,,,
2020-01-14,130,130,130,130,,,,
2020-01-15,150,150,150,150,,,,
2020-01-16,182,182,182,182,,,,
2020-01-17,226,226,226,226,,,,
2020-01-21,155,155,155,155,,,,
2020-01-22,193,193,193,193,,,,
2020-01-23,121,121,121,121,,,,
2020-01-24,134,134,134,134,,,,
2020-01-27,45,45,45,45,,,,
2020-01-28,79,79,79,79,,,,
2020-01-29,114,114,114,114,,,,
2020-01-30,98,98,98,98,,,,
2020-01-31,63,63,63,63,,,,
2020-02-03,54,54,54,54,,,,
2020-02-04,145,145,145,145,,,,
2020-02-05,142,142,142,142,,,,
2020-02-06,148,148,148,148,,,,
2020-02-07,80,80,80,80,,,,
2020-02-10,95,95,95,95,,,,
2020-02-11,177,177,177,177,,,,
2020-02-12,160,160,160,160,,,,
2020-02-13,161,161,161,161,,,,
2020-02-14,180,180,180,180,,,,
2020-02-18,166,166,166,166,,,,
2020-02-19,160,160,160,160,,,,
2020-02-20,150,150,150,150,,,,
2020-02-21,103,103,103,103,,,,
2020-02-24,35,35,35,35,,,,
2020-02-25,15,15,15,15,,,,
2020-02-26,7,7,7,7,,,,
2020-02-27,4,4,4,4,,,,
2020-02-28,3,3,3,3,,,,
2020-03-02,3,3,3,3,,,,
2020-03-03,7,7,7,7,,,,
2020-03-04,18,18,18,18,,,,
2020-03-05,16,16,16,16,,,,
2020-03-06,12,12,12,12,,,,
2020-03-09,7,7,7,7,,,,
2020-03-10,8,8,8,8,,,,
2020-03-11,2,2,2,2,,,,
2020-03-12,0.01,0.01,0.01,0.01,,,,
2020-03-13,2,2,2,2,,,,
2020-03-16,0.01,0.01,0.01,0.01,,,,
2020-03-17,7,7,7,7,,,,
2020-03-18,10,10,10,10,,,,
2020-03-19,5,5,5,5,,,,
2020-03-20,1,1,1,1,,,,
2020-03-23,2,2,2,2,,,,
2020-03-24,1,1,1,1,,,,
2020-03-25,0.01,0.01,0.01,0.01,,,,
2020-03-26,0.01,0.01,0.01,0.01,,,,
2020-03-27,1,1,1,1,,,,
2020-03-30,2,2,2,2,,,,
2020-03-31,2,2,2,2,,,,
2020-04-01,0.01,0.01,0.01,0.01,,,,
2020-04-02,1,1,1,1,,,,
2020-04-03,2,2,2,2,,,,
2020-04-06,4,4,4,4,,,,
2020-04-07,6,6,6,6,,,,
2020-04-08,4,4,4,4,,,,
2020-04-09,8,8,8,8,,,,
2020-04-13,7,7,7,7,,,,
2020-04-14,16,16,16,16,,,,
2020-04-15,6,6,6,6,,,,
2020-04-16,16,16,16,16,,,,
2020-04-17,14,14,14,14,,,,
2020-04-20,16,16,16,16,,,,
2020-04-21,8,8,8,8,,,,
2020-04-22,12,12,12,12,,,,
2020-04-23,21,21,21,21,,,,
2020-04-24,12,12,12,12,,,,
2020-04-27,24,24,24,24,,,,
2020-04-28,26,26,26,26,,,,
2020-04-29,17,17,17,17,,,,
2020-04-30,11,11,11,11,,,,
2020-05-01,3,3,3,3,,,,
2020-05-04,6,6,6,6,,,,
2020-05-05,16,16,16,16,,,,
2020-05-06,17,17,17,17,,,,
2020-05-07,20,20,20,20,,,,
2020-05-08,22,22,22,22,,,,
2020-05-11,24,24,24,24,,,,
2020-05-12,21,21,21,21,,,,
2020-05-13,12,12,12,12,,,,
2020-05-14,11,11,11,11,,,,
2020-05-15,22,22,22,22,,,,
2020-05-18,36,36,36,36,,,,
2020-05-19,19,19,19,19,,,,
2020-05-20,20,20,20,20,,,,
2020-05-21,16,16,16,16,,,,
2020-05-22,13,13,13,13,,,,
2020-05-26,26,26,26,26,,,,
2020-05-27,13,13,13,13,,,,
2020-05-28,29,29,29,29,,,,
2020-05-29,19,19,19,19,,,,
2020-06-01,30,30,30,30,,,,
2020-06-02,35,35,35,35,,,,
2020-06-03,46,46,46,46,,,,
2020-06-04,24,24,24,24,,,,
2020-06-05,46,46,46,46,,,,
2020-06-08,31,31,31,31,,,,
2020-06-09,13,13,13,13,,,,
2020-06-10,19,19,19,19,,,,
2020-06-11,3,3,3,3,,,,
2020-06-12,6,6,6,6,,,,
2020-06-15,13,13,13,13,,,,
2020-06-16,27,27,27,27,,,,
2020-06-17,26,26,26,26,,,,
2020-06-18,23,23,23,23,,,,
2020-06-19,42,42,42,42,,,,
2020-06-22,36,36,36,36,,,,
2020-06-23,38,38,38,38,,,,
2020-06-24,10,10,10,10,,,,
2020-06-25,14,14,14,14,,,,
2020-06-26,22,22,22,22,,,,
2020-06-29,15,15,15,15,,,,
2020-06-30,27,27,27,27,,,,
2020-07-01,27,27,27,27,,,,
2020-07-02,53,53,53,53,,,,
2020-07-06,58,58,58,58,,,,
2020-07-07,41,41,41,41,,,,
2020-07-08,59,59,59,59,,,,
2020-07-09,66,66,66,66,,,,
2020-07-10,37,37,37,37,,,,
2020-07-13,66,66,66,66,,,,
2020-07-14,20,20,20,20,,,,
2020-07-15,69,69,69,69,,,,
2020-07-16,43,43,43,43,,,,
2020-07-17,59,59,59,59,,,,
2020-07-20,84,84,84,84,,,,
2020-07-21,101,101,101,101,,,,
2020-07-22,85,85,85,85,,,,
2020-07-23,99,99,99,99,,,,
2020-07-24,21,21,21,21,,,,
2020-07-27,80,80,80,80,,,,
2020-07-28,57,57,57,57,,,,
2020-07-29,86,86,86,86,,,,
2020-07-30,57,57,57,57,,,,
2020-07-31,53,53,53,53,,,,
2020-08-03,94,94,94,94,,,,
2020-08-04,70,70,70,70,,,,
2020-08-05,112,112,112,112,,,,
2020-08-06,77,77,77,77,,,,
2020-08-07,73,73,73,73,,,,
2020-08-10,82,82,82,82,,,,
2020-08-11,73,73,73,73,,,,
2020-08-12,54,54,54,54,,,,
2020-08-13,35,35,35,35,,,,
2020-08-14,29,29,29,29,,,,
2020-08-17,58,58,58,58,,,,
2020-08-18,57,57,57,57,,,,
2020-08-19,44,44,44,44,,,,
2020-08-20,25,25,25,25,,,,
2020-08-21,44,44,44,44,,,,
2020-08-24,61,61,61,61,,,,
2020-08-25,46,46,46,46,,,,
2020-08-26,51,51,51,51,,,,
2020-08-27,55,55,55,55,,,,
2020-08-28,36,36,36,36,,,,
2020-08-31,44,44,44,44,,,,
2020-09-01,72,72,72,72,,,,
2020-09-02,117,117,117,117,,,,
2020-09-03,27,27,27,27,,,,
2020-09-04,9,9,9,9,,,,
2020-09-08,5,5,5,5,,,,
2020-09-09,17,17,17,17,,,,
2020-09-10,26,26,26,26,,,,
2020-09-11,14,14,14,14,,,,
2020-09-14,35,35,35,35,,,,
2020-09-15,59,59,59,59,,,,
2020-09-16,57,57,57,57,,,,
2020-09-17,25,25,25,25,,,,
2020-09-18,36,36,36,36,,,,
2020-09-21,4,4,4,4,,,,
2020-09-22,19,19,19,19,,,,
2020-09-23,17,17,17,17,,,,
2020-09-24,1,1,1,1,,,,
2020-09-25,6,6,6,6,,,,
2020-09-28,20,20,20,20,,,,
2020-09-29,27,27,27,27,,,,
2020-09-30,40,40,40,40,,,,
2020-10-01,51,51,51,51,,,,
2020-10-02,46,46,46,46,,,,
2020-10-05,83,83,83,83,,,,
2020-10-06,99,99,99,99,,,,
2020-10-07,96,96,96,96,,,,
2020-10-08,119,119,119,119,,,,
2020-10-09,138,138,138,138,,,,
2020-10-12,131,131,131,131,,,,
2020-10-13,64,64,64,64,,,,
2020-10-14,53,53,53,53,,,,
2020-10-15,48,48,48,48,,,,
2020-10-16,89,89,89,89,,,,
2020-10-19,57,57,57,57,,,,
2020-10-20,47,47,47,47,,,,
2020-10-21,44,44,44,44,,,,
2020-10-22,38,38,38,38,,,,
2020-10-23,53,53,53,53,,,,
2020-10-26,11,11,11,11,,,,
2020-10-27,20,20,20,20,,,,
2020-10-28,10,10,10,10,,,,
2020-10-29,15,15,15,15,,,,
2020-10-30,15,15,15,15,,,,
2020-11-02,18,18,18,18,,,,
2020-11-03,49,49,49,49,,,,
2020-11-04,65,65,65,65,,,,
2020-11-05,111,111,111,111,,,,
2020-11-06,93,93,93,93,,,,
2020-11-09,234,234,234,234,,,,
2020-11-10,39,39,39,39,,,,
2020-11-11,28,28,28,28,,,,
2020-11-12,13,13,13,13,,,,
2020-11-13,29,29,29,29,,,,
2020-11-16,95,95,95,95,,,,
2020-11-17,70,70,70,70,,,,
2020-11-18,93,93,93,93,,,,
2020-11-19,28,28,28,28,,,,
2020-11-20,37,37,37,37,,,,
2020-11-23,98,98,98,98,,,,
2020-11-24,177,177,177,177,,,,
2020-11-25,59,59,59,59,,,,
2020-11-27,70,70,70,70,,,,
2020-11-30,46,46,46,46,,,,
2020-12-01,76,76,76,76,,,,
2020-12-02,46,46,46,46,,,,
2020-12-03,91,91,91,91,,,,
2020-12-04,156,156,156,156,,,,
2020-12-07,110,110,110,110,,,,
2020-12-08,118,118,118,118,,,,
2020-12-09,169,169,169,169,,,,
2020-12-10,85,85,85,85,,,,
2020-12-11,75,75,75,75,,,,
2020-12-14,109,109,109,109,,,,
2020-12-15,94,94,94,94,,,,
2020-12-16,117,117,117,117,,,,
2020-12-17,141,141,141,141,,,,
2020-12-18,175,175,175,175,,,,
2020-12-21,65,65,65,65,,,,
2020-12-22,120,120,120,120,,,,
2020-12-23,132,132,132,132,,,,
2020-12-24,54,54,54,54,,,,
2020-12-28,113,113,113,113,,,,
2020-12-29,42,42,42,42,,,,
2020-12-30,59,59,59,59,,,,
2020-12-31,56,56,56,56,,,,
2021-01-04,108,108,108,108,,,,
2021-01-05,89,89,89,89,,,,
2021-01-06,306,306,306,306,,,,
2021-01-07,305,305,305,305,,,,
2021-01-08,219,219,219,219,,,,
2021-01-11,115,115,115,115,,,,
2021-01-12,219,219,219,219,,,,
2021-01-13,124,124,124,124,,,,
2021-01-14,188,188,188,188,,,,
2021-01-15,57,57,57,57,,,,
2021-01-19,113,113,113,113,,,,
2021-01-20,141,141,141,141,,,,
2021-01-21,110,110,110,110,,,,
2021-01-22,66,66,66,66,,,,
2021-01-25,134,134,134,134,,,,
2021-01-26,81,81,81,81,,,,
2021-01-27,81,81,81,81,,,,
2021-01-28,33,33,33,33,,,,
2021-01-29,27,27,27,27,,,,
2021-02-01,39,39,39,39,,,,
2021-02-02,63,63,63,63,,,,
2021-02-03,60,60,60,60,,,,
2021-02-04,103,103,103,103,,,,
2021-02-05,157,157,157,157,,,,
2021-02-08,216,216,216,216,,,,
2021-02-09,186,186,186,186,,,,
2021-02-10,188,188,188,188,,,,
2021-02-11,149,149,149,149,,,,
2021-02-12,161,161,161,161,,,,
2021-02-16,244,244,244,244,,,,
2021-02-17,82,82,82,82,,,,
2021-02-18,55,55,55,55,,,,
2021-02-19,140,140,140,140,,,,
2021-02-22,228,228,228,228,,,,
2021-02-23,149,149,149,149,,,,
2021-02-24,282,282,282,282,,,,
2021-02-25,194,194,194,194,,,,
2021-02-26,35,35,35,35,,,,
2021-03-01,131,131,131,131,,,,
2021-03-02,94,94,94,94,,,,
2021-03-03,179,179,179,179,,,,
2021-03-04,102,102,102,102,,,,
2021-03-05,138,138,138,138,,,,
2021-03-08,289,289,289,289,,,,
2021-03-09,160,160,160,160,,,,
2021-03-10,216,216,216,216,,,,
2021-03-11,281,281,281,281,,,,
2021-03-12,297,297,297,297,,,,
2021-03-15,240,240,240,240,,,,
2021-03-16,112,112,112,112,,,,
2021-03-17,124,124,124,124,,,,
2021-03-18,242,242,242,242,,,,
2021-03-19,50,50,50,50,,,,
2021-03-22,47,47,47,47,,,,
2021-03-23,21,21,21,21,,,,
2021-03-24,21,21,21,21,,,,
2021-03-25,28,28,28,28,,,,
2021-03-26,106,106,106,106,,,,
2021-03-29,127,127,127,127,,,,
2021-03-30,45,45,45,45,,,,
2021-03-31,76,76,76,76,,,,
2021-04-01,63,63,63,63,,,,
2021-04-05,162,162,162,162,,,,
2021-04-06,161,161,161,161,,,,
2021-04-07,88,88,88,88,,,,
2021-04-08,95,95,95,95,,,,
2021-04-09,123,123,123,123,,,,
2021-04-12,178,178,178,178,,,,
2021-04-13,118,118,118,118,,,,
2021-04-14,165,165,165,165,,,,
2021-04-15,190,190,190,190,,,,
2021-04-16,306,306,306,306,,,,
2021-04-19,174,174,174,174,,,,
2021-04-20,126,126,126,126,,,,
2021-04-21,161,161,161,161,,,,
2021-04-22,187,187,187,187,,,,
2021-04-23,217,217,217,217,,,,
2021-04-26,288,288,288,288,,,,
2021-04-27,170,170,170,170,,,,
2021-04-28,229,229,229,229,,,,
2021-04-29,335,335,335,335,,,,
2021-04-30,126,126,126,126,,,,
2021-05-03,246,246,246,246,,,,
2021-05-04,208,208,208,208,,,,
2021-05-05,236,236,236,236,,,,
2021-05-06,279,279,279,279,,,,
2021-05-07,384,384,384,384,,,,
2021-05-10,531,531,531,531,,,,
2021-05-11,41,41,41,41,,,,
2021-05-12,47,47,47,47,,,,
2021-05-13,34,34,34,34,,,,
2021-05-14,104,104,104,104,,,,
2021-05-17,137,137,137,137,,,,
2021-05-18,174,174,174,174,,,,
2021-05-19,24,24,24,24,,,,
2021-05-20,64,64,64,64,,,,
2021-05-21,99,99,99,99,,,,
2021-05-24,114,114,114,114,,,,
2021-05-25,107,107,107,107,,,,
2021-05-26,63,63,63,63,,,,
2021-05-27,136,136,136,136,,,,
2021-05-28,117,117,117,117,,,,
2021-06-01,286,286,286,286,,,,
2021-06-02,242,242,242,242,,,,
2021-06-03,119,119,119,119,,,,
2021-06-04,172,172,172,172,,,,
2021-06-07,240,240,240,240,,,,
2021-06-08,250,250,250,250,,,,
2021-06-09,194,194,194,194,,,,
2021-06-10,180,180,180,180,,,,
2021-06-11,122,122,122,122,,,,
2021-06-14,152,152,152,152,,,,
2021-06-15,97,97,97,97,,,,
2021-06-16,101,101,101,101,,,,
2021-06-17,65,65,65,65,,,,
2021-06-18,27,27,27,27,,,,
2021-06-21,49,49,49,49,,,,
2021-06-22,65,65,65,65,,,,
2021-06-23,82,82,82,82,,,,
2021-06-24,99,99,99,99,,,,
2021-06-25,130,130,130,130,,,,
2021-06-28,52,52,52,52,,,,
2021-06-29,50,50,50,50,,,,
2021-06-30,44,44,44,44,,,,
2021-07-01,86,86,86,86,,,,
2021-07-02,77,77,77,77,,,,
2021-07-06,68,68,68,68,,,,
2021-07-07,86,86,86,86,,,,
2021-07-08,25,25,25,25,,,,
2021-07-09,75,75,75,75,,,,
2021-07-12,103,103,103,103,,,,
2021-07-13,49,49,49,49,,,,
2021-07-14,59,59,59,59,,,,
2021-07-15,44,44,44,44,,,,
2021-07-16,78,78,78,78,,,,
2021-07-19,10,10,10,10,,,,
2021-07-20,74,74,74,74,,,,
2021-07-21,90,90,90,90,,,,
2021-07-22,55,55,55,55,,,,
2021-07-23,110,110,110,110,,,,
2021-07-26,89,89,89,89,,,,
2021-07-27,67,67,67,67,,,,
2021-07-28,76,76,76,76,,,,
2021-07-29,154,154,154,154,,,,
2021-07-30,124,124,124,124,,,,
2021-08-02,138,138,138,138,,,,
2021-08-03,95,95,95,95,,,,
2021-08-04,103,103,103,103,,,,
2021-08-05,103,103,103,103,,,,
2021-08-06,122,122,122,122,,,,
2021-08-09,54,54,54,54,,,,
2021-08-10,103,103,103,103,,,,
2021-08-11,121,121,121,121,,,,
2021-08-12,107,107,107,107,,,,
2021-08-13,105,105,105,105,,,,
2021-08-16,101,101,101,101,,,,
2021-08-17,58,58,58,58,,,,
2021-08-18,48,48,48,48,,,,
2021-08-19,31,31,31,31,,,,
2021-08-20,61,61,61,61,,,,
2021-08-23,76,76,76,76,,,,
2021-08-24,65,65,65,65,,,,
2021-08-25,94,94,94,94,,,,
2021-08-26,60,60,60,60,,,,
2021-08-27,117,117,117,117,,,,
2021-08-30,140,140,140,140,,,,
2021-08-31,100,100,100,100,,,,
2021-09-01,121,121,121,121,,,,
2021-09-02,178,178,178,178,,,,
2021-09-03,125,125,125,125,,,,
2021-09-07,82,82,82,82,,,,
2021-09-08,65,65,65,65,,,,
2021-09-09,51,51,51,51,,,,
2021-09-10,52,52,52,52,,,,
2021-09-13,44,44,44,44,,,,
2021-09-14,34,34,34,34,,,,
2021-09-15,41,41,41,41,,,,
2021-09-16,47,47,47,47,,,,
2021-09-17,43,43,43,43,,,,
2021-09-20,6,6,5,5,,,,
2021-09-21,15,15,15,15,,,,
2021-09-22,35,35,35,35,,,,
2021-09-23,66,66,66,66,,,,
2021-09-24,60,60,60,60,,,,
2021-09-27,101,102,101,102,,,,
2021-09-28,69,70,69,70,,,,
2021-09-29,37,37,37,37,,,,
2021-09-30,35,35,35,35,,,,
2021-10-01,75,75,75,75,,,,
2021-10-04,96,96,95,95,,,,
2021-10-05,96,96,96,96,,,,
2021-10-06,25,25,25,25,,,,
2021-10-07,99,99,99,99,,,,
2021-10-08,103,103,103,103,,,,
2021-10-11,130,130,130,130,,,,
2021-10-12,64,64,64,64,,,,
2021-10-13,47,47,47,47,,,,
2021-10-14,120,120,120,120,,,,
2021-10-15,169,169,169,169,,,,
2021-10-18,103,103,103,103,,,,
2021-10-19,103,103,103,103,,,,
2021-10-20,144,144,144,144,,,,
2021-10-21,137,138,137,138,,,,
2021-10-22,165,165,165,165,,,,
2021-10-25,166,166,166,166,,,,
2021-10-26,144,144,144,144,,,,
2021-10-27,58,58,58,58,,,,
2021-10-28,97,97,96,96,,,,
2021-10-29,107,107,107,107,,,,
2021-11-01,148,148,148,148,,,,
2021-11-02,144,144,144,144,,,,
2021-11-03,183,183,183,183,,,,
2021-11-04,178,178,178,178,,,,
2021-11-05,224,224,224,224,,,,
2021-11-08,193,193,193,193,,,,
2021-11-09,111,111,111,111,,,,
2021-11-10,97,97,97,97,,,,
2021-11-11,72,72,72,72,,,,
2021-11-12,97,97,97,97,,,,
2021-11-15,106,106,106,106,,,,
2021-11-16,113,113,113,113,,,,
2021-11-17,64,64,64,64,,,,
2021-11-18,79,79,79,79,,,,
2021-11-19,72,72,72,72,,,,
2021-11-22,100,100,100,100,,,,
2021-11-23,43,43,43,43,,,,
2021-11-24,51,51,51,51,,,,
2021-11-26,11,11,11,11,,,,
2021-11-29,20,20,20,20,,,,
2021-11-30,13,13,13,13,,,,
2021-12-01,23,23,23,23,,,,
2021-12-02,9,9,9,9,,,,
2021-12-03,18,18,18,18,,,,
2021-12-06,43,43,43,43,,,,
2021-12-07,73,73,73,73,,,,
2021-12-08,63,63,63,63,,,,
2021-12-09,33,33,33,33,,,,
2021-12-10,44,44,44,44,,,,
2021-12-13,74,74,74,74,,,,
2021-12-14,23,23,23,23,,,,
2021-12-15,57,57,57,57,,,,
2021-12-16,91,91,91,91,,,,
2021-12-17,34,34,34,34,,,,
2021-12-20,6,6,6,6,,,,
2021-12-21,30,30,30,30,,,,
2021-12-22,44,44,44,44,,,,
2021-12-23,74,74,74,74,,,,
2021-12-27,108,108,108,108,,,,
2021-12-28,143,143,143,143,,,,
2021-12-29,137,137,137,137,,,,
2021-12-30,131,131,131,131,,,,
2021-12-31,86,87,86,87,,,,
2022-01-03,65,65,65,65,,,,
2022-01-04,119,119,119,119,,,,
2022-01-05,114,114,114,114,,,,
2022-01-06,62,62,62,62,,,,
2022-01-07,90,90,90,90,,,,
2022-01-10,85,85,85,85,,,,
2022-01-11,77,77,77,77,,,,
2022-01-12,102,102,102,102,,,,
2022-01-13,112,112,112,112,,,,
2022-01-14,81,81,81,81,,,,
2022-01-18,83,83,83,83,,,,
2022-01-19,36,36,36,36,,,,
2022-01-20,21,21,21,21,,,,
2022-01-21,4,4,4,4,,,,
2022-01-24,4,4,4,4,,,,
2022-01-25,13,13,13,13,,,,
2022-01-26,33,33,33,33,,,,
2022-01-27,31,31,31,31,,,,
2022-01-28,8,8,8,8,,,,
2022-01-31,18,18,18,18,,,,
2022-02-01,43,43,43,43,,,,
2022-02-02,60,60,60,60,,,,
2022-02-03,47,47,47,47,,,,
2022-02-04,53,53,53,53,,,,
2022-02-07,43,43,43,43,,,,
2022-02-08,56,56,56,56,,,,
2022-02-09,81,81,81,81,,,,
2022-02-10,77,77,77,77,,,,
2022-02-11,55,55,55,55,,,,
2022-02-14,19,19,19,19,,,,
2022-02-15,28,28,28,28,,,,
2022-02-16,58,58,58,58,,,,
2022-02-17,18,18,18,18,,,,
2022-02-18,19,19,19,19,,,,
2022-02-22,28,28,28,28,,,,
2022-02-23,20,20,20,20,,,,
2022-02-24,19,19,19,19,,,,
2022-02-25,44,44,43,43,,,,
2022-02-28,65,65,65,65,,,,
2022-03-01,90,90,90,90,,,,
2022-03-02,110,110,110,110,,,,
2022-03-03,89,89,89,89,,,,
2022-03-04,116,116,116,116,,,,
2022-03-07,158,158,158,158,,,,
2022-03-08,89,89,89,89,,,,
2022-03-09,13,13,13,13,,,,
2022-03-10,33,33,33,33,,,,
2022-03-11,50,50,50,50,,,,
2022-03-14,25,25,25,25,,,,
2022-03-15,21,21,21,21,,,,
2022-03-16,31,31,31,31,,,,
2022-03-17,39,39,39,39,,,,
2022-03-18,48,48,48,48,,,,
2022-03-21,100,100,100,100,,,,
2022-03-22,73,73,72,72,,,,
2022-03-23,70,70,70,70,,,,
2022-03-24,75,75,75,75,,,,
2022-03-25,142,142,142,142,,,,
2022-03-28,59,59,59,59,,,,
2022-03-29,100,100,100,100,,,,
2022-03-30,88,88,88,88,,,,
2022-03-31,87,87,87,87,,,,
2022-04-01,79,79,79,79,,,,
2022-04-04,68,68,68,68,,,,
2022-04-05,91,91,91,91,,,,
2022-04-06,62,62,62,62,,,,
2022-04-07,55,55,55,55,,,,
2022-04-08,101,101,101,101,,,,
2022-04-11,63,63,63,63,,,,
2022-04-12,77,77,77,77,,,,
2022-04-13,90,90,90,90,,,,
2022-04-14,123,123,123,123,,,,
2022-04-18,132,132,132,132,,,,
2022-04-19,81,81,81,81,,,,
2022-04-20,139,139,139,139,,,,
2022-04-21,140,140,140,140,,,,
2022-04-22,14,14,14,14,,,,
2022-04-25,7,7,7,7,,,,
2022-04-26,4,4,4,4,,,,
2022-04-27,13,13,13,13,,,,
2022-04-28,17,17,17,17,,,,
2022-04-29,16,16,16,16,,,,
2022-05-02,9,9,9,9,,,,
2022-05-03,19,19,19,19,,,,
2022-05-04,49,49,49,49,,,,
2022-05-05,46,46,46,46,,,,
2022-05-06,21,21,21,21,,,,
2022-05-09,13,13,13,13,,,,
2022-05-10,7,7,7,7,,,,
2022-05-11,8,8,8,8,,,,
2022-05-12,3,3,3,3,,,,
2022-05-13,10,10,10,10,,,,
2022-05-16,30,30,30,30,,,,
2022-05-17,46,46,46,46,,,,
2022-05-18,24,24,24,24,,,,
2022-05-19,12,12,12,12,,,,
2022-05-20,15,15,15,15,,,,
2022-05-23,31,31,31,31,,,,
2022-05-24,24,24,24,24,,,,
2022-05-25,41,41,41,41,,,,
2022-05-26,80,80,80,80,,,,
2022-05-27,80,80,80,80,,,,
2022-05-31,96,96,96,96,,,,
2022-06-01,48,48,48,48,,,,
2022-06-02,57,57,57,57,,,,
2022-06-03,45,45,45,45,,,,
2022-06-06,68,68,68,68,,,,
2022-06-07,90,90,90,90,,,,
2022-06-08,78,78,78,78,,,,
2022-06-09,13,13,13,13,,,,
2022-06-10,5,5,5,5,,,,
2022-06-13,4,4,4,4,,,,
2022-06-14,5,5,5,5,,,,
2022-06-15,7,7,7,7,,,,
2022-06-16,3,3,3,3,,,,
2022-06-17,3,3,3,3,,,,
2022-06-21,9,9,9,9,,,,
2022-06-22,6,6,6,6,,,,
2022-06-23,7,7,7,7,,,,
2022-06-24,10,10,10,10,,,,
2022-06-27,14,14,14,14,,,,
2022-06-28,9,9,9,9,,,,
2022-06-29,4,4,4,4,,,,
2022-06-30,12,12,12,12,,,,
2022-07-01,14,14,14,14,,,,
2022-07-05,6,6,6,6,,,,
2022-07-06,13,13,13,13,,,,
2022-07-07,14,14,14,14,,,,
2022-07-08,11,11,11,11,,,,
2022-07-11,9,9,9,9,,,,
2022-07-12,12,12,12,12,,,,
2022-07-13,6,6,6,6,,,,
2022-07-14,6,6,6,6,,,,
2022-07-15,12,12,12,12,,,,
2022-07-18,17,17,17,17,,,,
2022-07-19,16,16,16,16,,,,
2022-07-20,16,16,16,16,,,,
2022-07-21,16,16,16,16,,,,
2022-07-22,24,24,24,24,,,,
2022-07-25,27,27,27,27,,,,
2022-07-26,23,23,23,23,,,,
2022-07-27,35,35,35,35,,,,
2022-07-28,55,55,55,55,,,,
2022-07-29,48,48,48,48,,,,
2022-08-01,41,41,41,41,,,,
2022-08-02,26,26,26,26,,,,
2022-08-03,34,34,34,34,,,,
2022-08-04,29,29,29,29,,,,
2022-08-05,33,34,33,34,,,,
2022-08-08,38,38,38,38,,,,
2022-08-09,30,30,30,30,,,,
2022-08-10,59,59,59,59,,,,
2022-08-11,63,63,63,63,,,,
2022-08-12,58,58,58,58,,,,
2022-08-15,53,53,53,53,,,,
2022-08-16,56,56,56,56,,,,
2022-08-17,31,31,31,31,,,,
2022-08-18,48,48,48,48,,,,
2022-08-19,24,24,24,24,,,,
2022-08-22,15,15,15,15,,,,
2022-08-23,22,22,22,22,,,,
2022-08-24,26,26,26,26,,,,
2022-08-25,29,29,29,29,,,,
2022-08-26,22,22,22,22,,,,
2022-08-29,17,17,17,17,,,,
2022-08-30,6,6,6,6,,,,
2022-08-31,10,10,10,10,,,,
2022-09-01,7,7,7,7,,,,
2022-09-02,9,9,9,9,,,,
2022-09-06,13,13,13,13,,,,
2022-09-07,12,12,12,12,,,,
2022-09-08,20,20,20,20,,,,
2022-09-09,28,28,28,28,,,,
2022-09-12,33,33,33,33,,,,
2022-09-13,13,13,13,13,,,,
2022-09-14,27,27,27,27,,,,
2022-09-15,12,12,12,12,,,,
2022-09-16,6,6,6,6,,,,
2022-09-19,12,12,12,12,,,,
2022-09-20,13,13,13,13,,,,
2022-09-21,15,15,15,15,,,,
2022-09-22,9,9,9,9,,,,
2022-09-23,6,6,6,6,,,,
2022-09-26,3,3,3,3,,,,
2022-09-27,8,8,7,7,,,,
2022-09-28,6,6,6,6,,,,
2022-09-29,6,6,6,6,,,,
2022-09-30,3,3,3,3,,,,
2022-10-03,8,8,8,8,,,,
2022-10-04,14,14,14,14,,,,
2022-10-05,15,15,15,15,,,,
2022-10-06,16,16,16,16,,,,
2022-10-07,8,8,8,8,,,,
2022-10-10,9,9,9,9,,,,
2022-10-11,7,7,7,7,,,,
2022-10-12,5,5,5,5,,,,
2022-10-13,18,18,18,18,,,,
2022-10-14,19,19,19,19,,,,
2022-10-17,20,20,20,20,,,,
2022-10-18,22,22,22,22,,,,
2022-10-19,19,19,19,19,,,,
2022-10-20,20,20,20,20,,,,
2022-10-21,29,29,29,29,,,,
2022-10-24,48,48,48,48,,,,
2022-10-25,48,48,48,48,,,,
2022-10-26,59,59,59,59,,,,
2022-10-27,58,58,45,45,,,,
2022-10-28,70,70,35,35,,,,
2022-10-31,69,69,69,69,,,,
2022-11-01,77,77,77,77,,,,
2022-11-02,52,52,52,52,,,,
2022-11-03,35,35,35,35,,,,
2022-11-04,68,68,68,68,,,,
2022-11-07,59,59,59,59,,,,
2022-11-08,67,67,67,67,,,,
2022-11-09,25,25,25,25,,,,
2022-11-10,58,58,58,58,,,,
2022-11-11,61,61,61,61,,,,
2022-11-14,39,39,39,39,,,,
2022-11-15,45,45,45,45,,,,
2022-11-16,29,29,29,29,,,,
2022-11-17,20,20,20,20,,,,
2022-11-18,51,51,50,50,,,,
2022-11-21,30,30,30,30,,,,
2022-11-22,55,55,55,55,,,,
2022-11-23,53,53,52,52,,,,
2022-11-25,47,47,46,46,,,,
2022-11-28,24,24,24,24,,,,
2022-11-29,30,30,30,30,,,,
2022-11-30,57,57,57,57,,,,
2022-12-01,75,75,75,75,,,,
2022-12-02,51,51,51,51,,,,
2022-12-05,28,28,28,28,,,,
2022-12-06,10,10,10,10,,,,
2022-12-07,14,14,14,14,,,,
2022-12-08,25,25,25,25,,,,
2022-12-09,22,22,22,22,,,,
2022-12-12,10,10,10,10,,,,
2022-12-13,53,53,53,53,,,,
2022-12-14,28,28,28,28,,,,
2022-12-15,16,16,16,16,,,,
2022-12-16,13,13,13,13,,,,
2022-12-19,13,13,13,13,,,,
2022-12-20,16,16,16,16,,,,
2022-12-21,31,31,31,31,,,,
2022-12-22,21,21,21,21,,,,
2022-12-23,24,24,24,24,,,,
2022-12-27,36,36,36,36,,,,
2022-12-28,26,26,26,26,,,,
2022-12-29,24,24,24,24,,,,
2022-12-30,23,23,23,23,,,,
2023-01-03,29,29,29,29,,,,
2023-01-04,29,29,29,29,,,,
2023-01-05,26,26,26,26,,,,
2023-01-06,52,52,52,52,,,,
2023-01-09,55,55,55,55,,,,
2023-01-10,28,28,28,28,,,,
2023-01-11,50,50,50,50,,,,
2023-01-12,71,71,71,71,,,,
2023-01-13,68,68,68,68,,,,
2023-01-17,79,79,79,79,,,,
2023-01-18,59,59,59,59,,,,
2023-01-19,8,8,8,8,,,,
2023-01-20,20,20,20,20,,,,
2023-01-23,45,45,45,45,,,,
2023-01-24,53,62,53,62,,,,
2023-01-25,41,41,41,41,,,,
2023-01-26,65,65,65,65,,,,
2023-01-27,61,61,61,61,,,,
2023-01-30,28,28,27,27,,,,
2023-01-31,55,55,55,55,,,,
2023-02-01,115,115,115,115,,,,
2023-02-02,134,134,134,134,,,,
2023-02-03,86,86,86,86,,,,
2023-02-06,33,33,33,33,,,,
2023-02-07,58,58,58,58,,,,
2023-02-08,44,44,44,44,,,,
2023-02-09,57,57,57,57,,,,
2023-02-10,26,26,26,26,,,,
2023-02-13,49,49,49,49,,,,
2023-02-14,65,65,65,65,,,,
2023-02-15,60,60,60,60,,,,
2023-02-16,64,64,64,64,,,,
2023-02-17,42,42,42,42,,,,
2023-02-21,22,22,22,22,,,,
2023-02-22,18,18,18,18,,,,
2023-02-23,32,32,32,32,,,,
2023-02-24,26,26,26,26,,,,
2023-02-27,48,48,48,48,,,,
2023-02-28,47,47,47,47,,,,
2023-03-01,57,57,57,57,,,,
2023-03-02,57,57,57,57,,,,
2023-03-03,99,99,99,99,,,,
2023-03-06,62,62,62,62,,,,
2023-03-07,25,25,25,25,,,,
2023-03-08,23,23,23,23,,,,
2023-03-09,31,31,31,31,,,,
2023-03-10,10,10,10,10,,,,
2023-03-13,6,6,6,6,,,,
2023-03-14,9,9,9,9,,,,
2023-03-15,4,4,4,4,,,,
2023-03-16,10,10,10,10,,,,
2023-03-17,9,9,9,9,,,,
2023-03-20,9,9,8,8,,,,
2023-03-21,12,12,12,12,,,,
2023-03-22,16,16,16,16,,,,
2023-03-23,17,17,17,17,,,,
2023-03-24,10,10,10,10,,,,
2023-03-27,21,21,21,21,,,,
2023-03-28,24,24,24,24,,,,
2023-03-29,31,31,31,31,,,,
2023-03-30,33,33,33,33,,,,
2023-03-31,55,55,55,55,,,,
2023-04-03,50,50,50,50,,,,
2023-04-04,36,36,36,36,,,,
2023-04-05,23,23,23,23,,,,
2023-04-06,22,22,22,22,,,,
2023-04-10,21,21,21,21,,,,
2023-04-11,36,36,36,36,,,,
2023-04-12,48,48,48,48,,,,
2023-04-13,43,48,43,48,,,,
2023-04-14,35,35,35,35,,,,
2023-04-17,45,45,45,45,,,,
2023-04-18,56,56,56,56,,,,
2023-04-19,42,42,42,42,,,,
2023-04-20,66,66,64,64,,,,
2023-04-21,45,45,45,45,,,,
2023-04-24,40,40,40,40,,,,
2023-04-25,30,30,30,30,,,,
2023-04-26,16,16,16,16,,,,
2023-04-27,33,33,33,33,,,,
2023-04-28,55,55,55,55,,,,
2023-05-01,69,69,69,69,,,,
2023-05-02,30,30,30,30,,,,
2023-05-03,68,68,68,68,,,,
2023-05-04,25,25,25,25,,,,
2023-05-05,33,33,33,33,,,,
2023-05-08,40,40,40,40,,,,
2023-05-09,41,41,41,41,,,,
2023-05-10,43,43,43,43,,,,
2023-05-11,30,30,30,30,,,,
2023-05-12,36,36,36,36,,,,
2023-05-15,33,33,33,33,,,,
2023-05-16,30,30,30,30,,,,
2023-05-17,38,38,38,38,,,,
2023-05-18,66,66,66,66,,,,
2023-05-19,63,63,63,63,,,,
2023-05-22,38,38,38,38,,,,
2023-05-23,16,16,16,16,,,,
2023-05-24,8,8,8,8,,,,
2023-05-25,25,25,25,25,,,,
2023-05-26,35,35,35,35,,,,
2023-05-30,41,41,41,41,,,,
2023-05-31,15,15,15,15,,,,
2023-06-01,23,23,23,23,,,,
2023-06-02,72,72,72,72,,,,
2023-06-05,33,33,33,33,,,,
2023-06-06,90,90,90,90,,,,
2023-06-07,138,138,138,138,,,,
2023-06-08,69,69,69,69,,,,
2023-06-09,57,57,56,56,,,,
2023-06-12,78,78,78,78,,,,
2023-06-13,117,117,116,116,,,,
2023-06-14,96,96,95,95,,,,
2023-06-15,86,86,86,86,,,,
2023-06-16,131,131,131,131,,,,
2023-06-20,59,59,59,59,,,,
2023-06-21,78,78,78,78,,,,
2023-06-22,43,43,43,43,,,,
2023-06-23,42,42,42,42,,,,
2023-06-26,50,50,50,50,,,,
2023-06-27,97,97,97,97,,,,
2023-06-28,100,100,100,100,,,,
2023-06-29,135,135,135,135,,,,
2023-06-30,191,191,191,191,,,,
2023-07-03,74,74,74,74,,,,
2023-07-05,40,40,40,40,,,,
2023-07-06,16,16,15,15,,,,
2023-07-07,41,41,41,41,,,,
2023-07-10,68,68,68,68,,,,
2023-07-11,128,128,128,128,,,,
2023-07-12,193,193,193,193,,,,
2023-07-13,147,147,147,147,,,,
2023-07-14,92,92,91,91,,,,
2023-07-17,127,127,127,127,,,,
2023-07-18,177,177,177,177,,,,
2023-07-19,134,134,134,134,,,,
2023-07-20,97,97,96,96,,,,
2023-07-21,82,82,82,82,,,,
2023-07-24,87,87,87,87,,,,
2023-07-25,111,111,111,111,,,,
2023-07-26,100,100,100,100,,,,
2023-07-27,135,135,135,135,,,,
2023-07-28,96,96,96,96,,,,
2023-07-31,121,121,121,121,,,,
2023-08-01,90,90,90,90,,,,
2023-08-02,48,48,48,48,,,,
2023-08-03,69,69,69,69,,,,
2023-08-04,99,99,99,99,,,,
2023-08-07,84,84,84,84,,,,
2023-08-08,53,53,53,53,,,,
2023-08-09,63,63,63,63,,,,
2023-08-10,55,55,55,55,,,,
2023-08-11,29,29,29,29,,,,
2023-08-14,31,31,31,31,,,,
2023-08-15,25,25,25,25,,,,
2023-08-16,26,26,26,26,,,,
2023-08-17,12,12,12,12,,,,
2023-08-18,12,12,12,12,,,,
2023-08-21,19,19,19,19,,,,
2023-08-22,24,24,23,23,,,,
2023-08-23,26,26,26,26,,,,
2023-08-24,21,21,21,21,,,,
2023-08-25,19,19,19,19,,,,
2023-08-28,36,36,36,36,,,,
2023-08-29,56,56,56,56,,,,
2023-08-30,80,80,80,80,,,,
2023-08-31,54,54,54,54,,,,
2023-09-01,92,92,92,92,,,,
2023-09-05,40,40,40,40,,,,
2023-09-06,26,26,26,26,,,,
2023-09-07,29,29,29,29,,,,
2023-09-08,38,38,37,37,,,,
2023-09-11,49,49,49,49,,,,
2023-09-12,49,49,49,49,,,,
2023-09-13,38,38,38,38,,,,
2023-09-14,50,50,50,50,,,,
2023-09-15,34,34,34,34,,,,
2023-09-18,28,28,28,28,,,,
2023-09-19,37,37,37,37,,,,
2023-09-20,33,33,33,33,,,,
2023-09-21,12,12,12,12,,,,
2023-09-22,13,13,13,13,,,,
2023-09-25,16,16,16,16,,,,
2023-09-26,9,9,9,9,,,,
2023-09-27,25,25,25,25,,,,
2023-09-28,36,36,36,36,,,,
2023-09-29,24,24,24,24,,,,
2023-10-02,11,11,11,11,,,,
2023-10-03,6,6,6,6,,,,
2023-10-04,7,7,7,7,,,,
2023-10-05,10,10,10,10,,,,
2023-10-06,22,22,22,22,,,,
2023-10-09,25,25,25,25,,,,
2023-10-10,41,41,41,41,,,,
2023-10-11,31,31,31,31,,,,
2023-10-12,33,33,33,33,,,,
2023-10-13,26,26,26,26,,,,
2023-10-16,35,35,35,35,,,,
2023-10-17,49,49,49,49,,,,
2023-10-18,26,26,26,26,,,,
2023-10-19,14,14,14,14,,,,
2023-10-20,4,4,4,4,,,,
2023-10-23,5,5,5,5,,,,
2023-10-24,3,3,3,3,,,,
2023-10-25,6,6,6,6,,,,
2023-10-26,13,13,12,12,,,,
2023-10-27,17,17,17,17,,,,
2023-10-30,10,10,10,10,,,,
2023-10-31,10,10,10,10,,,,
2023-11-01,27,27,27,27,,,,
2023-11-02,52,52,52,52,,,,
2023-11-03,71,71,71,71,,,,
2023-11-06,28,28,28,28,,,,
2023-11-07,28,28,28,28,,,,
2023-11-08,31,31,31,31,,,,
2023-11-09,36,36,36,36,,,,
2023-11-10,38,38,38,38,,,,
2023-11-13,47,47,47,47,,,,
2023-11-14,104,104,104,104,,,,
2023-11-15,82,82,81,81,,,,
2023-11-16,38,38,38,38,,,,
2023-11-17,52,52,52,52,,,,
2023-11-20,73,73,73,73,,,,
2023-11-21,63,63,63,63,,,,
2023-11-22,73,73,72,72,,,,
2023-11-24,85,85,85,85,,,,
2023-11-27,92,92,92,92,,,,
2023-11-28,60,60,60,60,,,,
2023-11-29,77,77,76,76,,,,
2023-11-30,84,84,84,84,,,,
2023-12-01,145,145,145,145,,,,
2023-12-04,140,140,140,140,,,,
2023-12-05,73,73,72,72,,,,
2023-12-06,116,116,115,115,,,,
2023-12-07,40,40,40,40,,,,
2023-12-08,88,88,88,88,,,,
2023-12-11,107,107,106,106,,,,
2023-12-12,128,128,128,128,,,,
2023-12-13,208,208,208,208,,,,
2023-12-14,304,304,303,303,,,,
2023-12-15,144,144,144,144,,,,
2023-12-18,91,91,91,91,,,,
2023-12-19,185,185,185,185,,,,
2023-12-20,184,184,184,184,,,,
2023-12-21,72,72,72,72,,,,
2023-12-22,156,156,156,156,,,,
2023-12-26,174,174,174,174,,,,
2023-12-27,188,189,188,189,,,,
2023-12-28,96,96,96,96,,,,
2023-12-29,65,65,65,65,,,,
2024-01-02,31,31,31,31,,,,
2024-01-03,34,34,34,34,,,,
2024-01-04,49,49,48,48,,,,
2024-01-05,46,46,46,46,,,,
2024-01-08,43,43,43,43,,,,
2024-01-09,30,30,30,30,,,,
2024-01-10,51,51,51,51,,,,
2024-01-11,55,55,55,55,,,,
2024-01-12,83,83,83,83,,,,
2024-01-16,43,43,43,43,,,,
2024-01-17,33,33,33,33,,,,
2024-01-18,54,54,54,54,,,,
2024-01-19,95,95,95,95,,,,
2024-01-22,156,156,156,156,,,,
2024-01-23,74,74,74,74,,,,
2024-01-24,101,101,101,101,,,,
2024-01-25,75,75,75,75,,,,
2024-01-26,92,92,92,92,,,,
2024-01-29,98,98,97,97,,,,
2024-01-30,153,153,153,153,,,,
2024-01-31,121,121,121,121,,,,
2024-02-01,103,103,103,103,,,,
2024-02-02,129,129,129,129,,,,
2024-02-05,59,59,59,59,,,,
2024-02-06,71,71,71,71,,,,
2024-02-07,128,128,128,128,,,,
2024-02-08,120,120,120,120,,,,
2024-02-09,140,140,140,140,,,,
2024-02-12,180,180,180,180,,,,
2024-02-13,29,29,29,29,,,,
2024-02-14,76,76,76,76,,,,
2024-02-15,171,171,171,171,,,,
2024-02-16,162,162,162,162,,,,
2024-02-20,83,83,83,83,,,,
2024-02-21,64,64,64,64,,,,
2024-02-22,165,165,165,165,,,,
2024-02-23,196,196,196,196,,,,
2024-02-26,158,158,158,158,,,,
2024-02-27,142,142,142,142,,,,
2024-02-28,137,137,137,137,,,,
2024-02-29,155,155,155,155,,,,
2024-03-01,186,186,186,186,,,,
2024-03-04,221,221,221,221,,,,
2024-03-05,115,115,115,115,,,,
2024-03-06,140,140,140,140,,,,
2024-03-07,198,198,198,198,,,,
2024-03-08,183,183,182,182,,,,
2024-03-11,65,65,65,65,,,,
2024-03-12,96,96,96,96,,,,
2024-03-13,163,163,163,163,,,,
2024-03-14,95,95,93,93,,,,
2024-03-15,80,80,80,80,,,,
2024-03-18,104,104,104,104,,,,
2024-03-19,118,118,118,118,,,,
2024-03-20,207,207,207,207,,,,
2024-03-21,300,300,300,300,,,,
2024-03-22,151,151,151,151,,,,
2024-03-25,136,136,135,135,,,,
2024-03-26,102,102,101,101,,,,
2024-03-27,162,162,162,162,,,,
2024-03-28,247,247,247,247,,,,
2024-04-01,131,131,131,131,,,,
2024-04-02,82,82,82,82,,,,
2024-04-03,142,142,142,142,,,,
2024-04-04,182,182,182,182,,,,
2024-04-05,81,81,81,81,,,,
2024-04-08,100,100,100,100,,,,
2024-04-09,83,83,83,83,,,,
2024-04-10,23,23,23,23,,,,
2024-04-11,33,33,33,33,,,,
2024-04-12,49,49,49,49,,,,
2024-04-15,13,13,13,13,,,,
2024-04-16,6,6,6,6,,,,
2024-04-17,7,7,7,7,,,,
2024-04-18,7,7,7,7,,,,
2024-04-19,10,10,10,10,,,,
2024-04-22,23,23,23,23,,,,
2024-04-23,52,52,52,52,,,,
2024-04-24,50,50,50,50,,,,
2024-04-25,40,40,40,40,,,,
2024-04-26,75,75,75,75,,,,
2024-04-29,66,66,66,66,,,,
2024-04-30,53,53,53,53,,,,
2024-05-01,47,47,47,47,,,,
2024-05-02,74,74,74,74,,,,
2024-05-03,99,99,99,99,,,,
2024-05-06,133,133,133,133,,,,
2024-05-07,164,164,164,164,,,,
2024-05-08,109,109,109,109,,,,
2024-05-09,155,155,155,155,,,,
2024-05-10,181,181,181,181,,,,
2024-05-13,118,118,118,118,,,,
2024-05-14,121,121,121,121,,,,
2024-05-15,213,213,213,213,,,,
2024-05-16,144,144,144,144,,,,
2024-05-17,135,135,135,135,,,,
2024-05-20,165,165,165,165,,,,
2024-05-21,127,127,127,127,,,,
2024-05-22,79,79,79,79,,,,
2024-05-23,55,55,55,55,,,,
2024-05-24,67,67,67,67,,,,
2024-05-28,80,80,80,80,,,,
2024-05-29,28,28,28,28,,,,
2024-05-30,54,54,54,54,,,,
2024-05-31,82,82,82,82,,,,
2024-06-03,104,104,104,104,,,,
2024-06-04,31,31,31,31,,,,
2024-06-05,59,59,59,59,,,,
2024-06-06,50,50,50,50,,,,
2024-06-07,28,28,28,28,,,,
2024-06-10,39,39,39,39,,,,
2024-06-11,26,26,26,26,,,,
2024-06-12,78,78,78,78,,,,
2024-06-13,30,30,29,29,,,,
2024-06-14,14,14,14,14,,,,
2024-06-17,42,42,42,42,,,,
2024-06-18,61,61,61,61,,,,
2024-06-20,46,46,46,46,,,,
2024-06-21,29,29,29,29,,,,
2024-06-24,62,62,62,62,,,,
2024-06-25,39,39,39,39,,,,
2024-06-26,23,23,23,23,,,,
2024-06-27,36,36,36,36,,,,
2024-06-28,58,58,58,58,,,,
2024-07-01,47,47,47,47,,,,
2024-07-02,50,50,50,50,,,,
2024-07-03,55,55,55,55,,,,
2024-07-05,49,49,49,49,,,,
2024-07-08,56,56,56,56,,,,
2024-07-09,48,48,48,48,,,,
2024-07-10,62,62,62,62,,,,
2024-07-11,153,153,153,153,,,,
2024-07-12,187,187,187,187,,,,
2024-07-15,225,225,224,224,,,,
2024-07-16,313,313,313,313,,,,
2024-07-17,268,268,268,268,,,,
2024-07-18,208,208,208,208,,,,
2024-07-19,31,31,31,31,,,,
2024-07-22,73,73,72,72,,,,
2024-07-23,187,187,186,186,,,,
2024-07-24,106,107,106,107,,,,
2024-07-25,163,163,162,162,,,,
2024-07-26,179,179,179,179,,,,
2024-07-29,148,148,148,148,,,,
2024-07-30,184,184,184,184,,,,
2024-07-31,267,267,267,267,,,,
2024-08-01,132,132,131,131,,,,
2024-08-02,80,80,80,80,,,,
2024-08-05,20,20,20,20,,,,
2024-08-06,21,21,21,21,,,,
2024-08-07,34,34,34,34,,,,
2024-08-08,14,14,14,14,,,,
2024-08-09,26,26,26,26,,,,
2024-08-12,28,28,28,28,,,,
2024-08-13,38,38,38,38,,,,
2024-08-14,57,57,57,57,,,,
2024-08-15,85,85,85,85,,,,
2024-08-16,60,60,60,60,,,,
2024-08-19,88,88,88,88,,,,
2024-08-20,77,77,77,77,,,,
2024-08-21,83,83,83,83,,,,
2024-08-22,84,84,84,84,,,,
2024-08-23,190,190,190,190,,,,
2024-08-26,214,214,214,214,,,,
2024-08-27,87,87,87,87,,,,
2024-08-28,118,118,118,118,,,,
2024-08-29,134,134,134,134,,,,
2024-08-30,152,152,152,152,,,,
2024-09-03,127,127,127,127,,,,
2024-09-04,113,114,113,114,,,,
2024-09-05,103,103,103,103,,,,
2024-09-06,44,44,44,44,,,,
2024-09-09,53,53,53,53,,,,
2024-09-10,69,69,69,69,,,,
2024-09-11,34,34,34,34,,,,
2024-09-12,82,82,82,82,,,,
2024-09-13,157,157,157,157,,,,
2024-09-16,204,204,204,204,,,,
2024-09-17,171,171,171,171,,,,
2024-09-18,212,212,212,212,,,,
2024-09-19,189,189,189,189,,,,
2024-09-20,114,114,114,114,,,,
2024-09-23,144,144,144,144,,,,
2024-09-24,133,133,133,133,,,,
2024-09-25,92,92,92,92,,,,
2024-09-26,138,138,138,138,,,,
2024-09-27,105,105,105,105,,,,
2024-09-30,75,75,75,75,,,,
2024-10-01,82,82,82,82,,,,
2024-10-02,76,76,76,76,,,,
2024-10-03,60,60,60,60,,,,
2024-10-04,109,109,109,109,,,,
2024-10-07,80,80,80,80,,,,
2024-10-08,62,62,62,62,,,,
2024-10-09,100,100,100,100,,,,
2024-10-10,52,52,52,52,,,,
2024-10-11,139,139,139,139,,,,
2024-10-14,167,167,167,167,,,,
2024-10-15,220,220,220,220,,,,
2024-10-16,199,199,199,199,,,,
2024-10-17,200,200,200,200,,,,
2024-10-18,165,165,165,165,,,,
2024-10-21,107,108,107,108,,,,
2024-10-22,57,57,57,57,,,,
2024-10-23,53,53,53,53,,,,
2024-10-24,82,82,82,82,,,,
2024-10-25,81,81,81,81,,,,
2024-10-28,72,72,72,72,,,,
2024-10-29,51,51,51,51,,,,
2024-10-30,107,107,107,107,,,,
2024-10-31,63,63,63,63,,,,
2024-11-01,47,47,47,47,,,,
2024-11-04,53,53,53,53,,,,
2024-11-05,101,101,101,101,,,,
2024-11-06,400,400,400,400,,,,
2024-11-07,188,188,188,188,,,,
2024-11-08,199,200,199,200,,,,
2024-11-11,320,321,320,321,,,,
2024-11-12,146,146,146,146,,,,
2024-11-13,154,154,154,154,,,,
2024-11-14,82,82,82,82,,,,
2024-11-15,48,48,47,47,,,,
2024-11-18,78,78,78,78,,,,
2024-11-19,81,81,81,81,,,,
2024-11-20,92,92,92,92,,,,
2024-11-21,200,200,200,200,,,,
2024-11-22,244,244,244,244,,,,
2024-11-25,378,378,378,378,,,,
2024-11-26,123,123,123,123,,,,
2024-11-27,183,183,183,183,,,,
2024-11-29,106,106,106,106,,,,
2024-12-02,84,84,84,84,,,,
2024-12-03,81,81,81,81,,,,
2024-12-04,77,77,77,77,,,,
2024-12-05,105,105,105,105,,,,
2024-12-06,81,81,81,81,,,,
2024-12-09,78,78,78,78,,,,
2024-12-10,42,42,42,42,,,,
2024-12-11,76,76,76,76,,,,
2024-12-12,48,48,48,48,,,,
2024-12-13,25,25,25,25,,,,
2024-12-16,57,57,57,57,,,,
2024-12-17,37,37,37,37,,,,
2024-12-18,30,30,30,30,,,,
2024-12-19,9,9,9,9,,,,
2024-12-20,19,19,19,19,,,,
2024-12-23,17,17,17,17,,,,
2024-12-24,21,21,21,21,,,,
2024-12-26,30,30,30,30,,,,
2024-12-27,16,16,16,16,,,,
2024-12-30,14,14,14,14,,,,
2024-12-31,15,15,15,15,,,,
2025-01-02,21,21,21,21,,,,
2025-01-03,26,26,26,26,,,,
2025-01-06,46,46,46,46,,,,
2025-01-07,39,39,39,39,,,,
2025-01-08,15,15,15,15,,,,
2025-01-10,22,22,22,22,,,,
2025-01-13,11,11,11,11,,,,
2025-01-14,37,37,37,37,,,,
2025-01-15,68,68,68,68,,,,
2025-01-16,62,62,62,62,,,,
2025-01-17,80,80,80,80,,,,
2025-01-21,121,121,121,121,,,,
2025-01-22,104,104,104,104,,,,
2025-01-23,76,76,76,76,,,,
2025-01-24,78,78,78,78,,,,
2025-01-27,61,61,61,61,,,,
2025-01-28,99,99,99,99,,,,
2025-01-29,85,85,85,85,,,,
2025-01-30,124,124,124,124,,,,
2025-01-31,74,74,74,74,,,,
2025-02-03,33,33,33,33,,,,
2025-02-04,56,56,56,56,,,,
2025-02-05,81,81,81,81,,,,
2025-02-06,93,93,93,93,,,,
2025-02-07,75,75,75,75,,,,
2025-02-10,65,65,65,65,,,,
2025-02-11,56,56,56,56,,,,
2025-02-12,55,55,55,55,,,,
2025-02-13,86,86,86,86,,,,
2025-02-14,100,100,100,100,,,,
2025-02-18,92,92,91,91,,,,
2025-02-19,68,68,68,68,,,,
2025-02-20,49,49,49,49,,,,
2025-02-21,46,46,46,46,,,,
2025-02-24,36,36,36,36,,,,
2025-02-25,44,45,44,45,,,,
2025-02-26,36,36,36,36,,,,
2025-02-27,32,32,32,32,,,,
2025-02-28,53,53,53,53,,,,
2025-03-03,91,91,91,91,,,,
2025-03-04,37,37,37,37,,,,
2025-03-05,26,26,26,26,,,,
2025-03-06,23,23,23,23,,,,
2025-03-07,27,27,27,27,,,,
2025-03-10,35,35,35,35,,,,
2025-03-11,9,9,9,9,,,,
2025-03-12,3,3,3,3,,,,
2025-03-13,12,12,12,12,,,,
2025-03-14,22,22,22,22,,,,
2025-03-17,44,44,44,44,,,,
2025-03-18,42,42,42,42,,,,
2025-03-19,25,25,25,25,,,,
2025-03-20,30,30,30,30,,,,
2025-03-21,20,20,20,20,,,,
2025-03-24,17,17,17,17,,,,
2025-03-25,37,37,37,37,,,,
2025-03-26,36,36,36,36,,,,
2025-03-27,32,32,32,32,,,,
2025-03-28,33,33,33,33,,,,
2025-03-31,38,38,38,38,,,,
2025-04-01,28,28,28,28,,,,
2025-04-02,33,33,33,33,,,,
2025-04-03,51,51,51,51,,,,
2025-04-04,12,12,12,12,,,,
2025-04-07,1,1,1,1,,,,
2025-04-08,0.01,0.01,0.01,0.01,,,,
2025-04-09,7,7,7,7,,,,
2025-04-10,11,11,11,11,,,,
2025-04-11,18,18,18,18,,,,
2025-04-14,16,16,16,16,,,,
2025-04-15,24,24,24,24,,,,
2025-04-16,24,24,24,24,,,,
2025-04-17,13,13,13,13,,,,
2025-04-21,23,23,23,23,,,,
2025-04-22,19,19,19,19,,,,
2025-04-23,17,17,17,17,,,,
2025-04-24,15,15,15,15,,,,
2025-04-25,20,20,20,20,,,,
2025-04-28,21,21,21,21,,,,
2025-04-29,23,23,23,23,,,,
2025-04-30,25,25,25,25,,,,
2025-05-01,18,18,18,18,,,,
2025-05-02,47,47,47,47,,,,
2025-05-05,44,44,44,44,,,,
2025-05-06,30,30,30,30,,,,
2025-05-07,54,54,54,54,,,,
2025-05-08,59,59,59,59,,,,
2025-05-09,43,43,43,43,,,,
2025-05-12,73,73,73,73,,,,
2025-05-13,63,63,63,63,,,,
2025-05-14,40,40,40,40,,,,
2025-05-15,52,52,52,52,,,,
2025-05-16,75,75,75,75,,,,
2025-05-19,64,64,64,64,,,,
2025-05-20,66,66,66,66,,,,
2025-05-21,44,44,44,44,,,,
2025-05-22,21,21,21,21,,,,
2025-05-23,35,35,35,35,,,,
2025-05-27,77,77,77,77,,,,
2025-05-28,46,47,46,47,,,,
2025-05-29,46,46,46,46,,,,
2025-05-30,48,48,48,48,,,,
2025-06-02,66,66,66,66,,,,
2025-06-03,69,69,69,69,,,,
2025-06-04,64,64,64,64,,,,
2025-06-05,61,61,61,61,,,,
2025-06-06,65,65,65,65,,,,
2025-06-09,62,62,62,62,,,,
2025-06-10,40,40,40,40,,,,
2025-06-11,44,44,44,44,,,,
2025-06-12,56,56,56,56,,,,
2025-06-13,36,36,36,36,,,,
2025-06-16,66,66,66,66,,,,
2025-06-17,35,35,35,35,,,,
2025-06-18,47,47,47,47,,,,
2025-06-20,41,41,41,41,,,,
2025-06-23,45,45,45,45,,,,
2025-06-24,66,66,66,66,,,,
2025-06-25,45,45,45,45,,,,
2025-06-26,78,78,78,78,,,,
2025-06-27,90,90,90,90,,,,
2025-06-30,82,82,82,82,,,,
2025-07-01,90,90,90,90,,,,
2025-07-02,87,87,87,87,,,,
2025-07-03,141,141,141,141,,,,
2025-07-07,99,99,99,99,,,,
2025-07-08,73,73,73,73,,,,
2025-07-09,58,58,58,58,,,,
2025-07-10,93,93,93,93,,,,
2025-07-11,42,42,42,42,,,,
2025-07-14,68,68,68,68,,,,
2025-07-15,62,62,62,62,,,,
2025-07-16,38,38,38,38,,,,
2025-07-17,86,86,86,86,,,,
2025-07-18,85,85,85,85,,,,
2025-07-21,69,69,69,69,,,,
2025-07-22,63,63,63,63,,,,
2025-07-23,109,109,109,109,,,,
2025-07-24,84,84,84,84,,,,
2025-07-25,75,75,75,75,,,,
2025-07-28,60,60,60,60,,,,
2025-07-29,64,64,64,64,,,,
2025-07-30,65,65,65,65,,,,
2025-07-31,62,62,62,62,,,,
2025-08-01,25,25,25,25,,,,
2025-08-04,55,55,55,55,,,,
2025-08-05,70,70,70,70,,,,
2025-08-06,56,56,56,56,,,,
2025-08-07,76,76,76,76,,,,
2025-08-08,66,66,66,66,,,,
2025-08-11,58,58,58,58,,,,
2025-08-12,101,101,101,101,,,,
2025-08-13,144,144,144,144,,,,
2025-08-14,65,65,65,65,,,,
2025-08-15,45,45,45,45,,,,
2025-08-18,36,36,36,36,,,,
2025-08-19,41,41,41,41,,,,
2025-08-20,41,41,41,41,,,,
2025-08-21,28,28,28,28,,,,
2025-08-22,137,137,137,137,,,,
2025-08-25,72,72,72,72,,,,
2025-08-26,97,97,97,97,,,,
2025-08-27,92,92,92,92,,,,
2025-08-28,102,102,102,102,,,,
2025-08-29,73,73,73,73,,,,
2025-09-02,57,57,57,57,,,,
2025-09-03,72,72,72,72,,,,
2025-09-04,81,81,81,81,,,,
2025-09-05,147,147,147,147,,,,
2025-09-08,94,94,94,94,,,,
2025-09-09,68,68,68,68,,,,
2025-09-10,89,89,89,89,,,,
2025-09-11,153,153,153,153,,,,
2025-09-12,84,84,84,84,,,,
2025-09-15,109,109,109,109,,,,
2025-09-16,68,68,68,68,,,,
2025-09-17,102,102,102,102,,,,
2025-09-18,104,104,104,104,,,,
2025-09-19,107,107,107,107,,,,
2025-09-22,92,92,92,92,,,,
2025-09-23,158,158,157,157,,,,
2025-09-24,56,56,56,56,,,,
2025-09-25,28,28,28,28,,,,
2025-09-26,68,68,68,68,,,,
2025-09-29,93,93,93,93,,,,
2025-09-30,98,98,98,98,,,,
2025-10-01,109,109,109,109,,,,
2025-10-02,88,88,88,88,,,,
2025-10-03,104,104,104,104,,,,
2025-10-06,127,127,127,127,,,,
2025-10-07,76,76,76,76,,,,
2025-10-08,91,91,91,91,,,,
2025-10-09,73,73,73,73,,,,
2025-10-10,42,42,42,42,,,,
2025-10-13,48,48,48,48,,,,
2025-10-14,64,64,64,64,,,,
2025-10-15,105,105,105,105,,,,
2025-10-16,92,92,92,92,,,,
2025-10-17,20,20,20,20,,,,
2025-10-20,53,53,53,53,,,,
2025-10-21,45,45,45,45,,,,
2025-10-22,33,33,33,33,,,,
2025-10-23,61,61,61,61,,,,
2025-10-24,97,97,97,97,,,,
2025-10-27,87,87,87,87,,,,
2025-10-28,73,74,73,74,,,,
2025-10-29,107,107,107,107,,,,
2025-10-30,80,80,80,80,,,,
2025-10-31,41,41,41,41,,,,
2025-11-03,51,51,51,51,,,,
2025-11-04,30,30,30,30,,,,
2025-11-05,70,70,70,70,,,,
2025-11-06,76,76,76,76,,,,
2025-11-07,53,53,53,53,,,,
2025-11-10,117,117,115,115,,,,
2025-11-11,123,123,123,123,,,,
2025-11-12,118,118,118,118,,,,
2025-11-13,75,75,75,75,,,,
2025-11-14,37,37,37,37,,,,
2025-11-17,37,37,37,37,,,,
2025-11-18,34,34,34,34,,,,
2025-11-19,28,28,28,28,,,,
2025-11-20,39,39,39,39,,,,
2025-11-21,35,35,35,35,,,,
2025-11-24,39,39,39,39,,,,
2025-11-25,87,87,87,87,,,,
2025-11-26,103,103,103,103,,,,
2025-11-28,78,78,78,78,,,,
2025-12-01,67,67,67,67,,,,
2025-12-02,65,65,65,65,,,,
2025-12-03,93,93,93,93,,,,
2025-12-04,103,103,103,103,,,,
2025-12-05,93,93,93,93,,,,
2025-12-08,61,61,61,61,,,,
2025-12-09,71,71,71,71,,,,
2025-12-10,134,134,134,134,,,,
2025-12-11,187,187,187,187,,,,
2025-12-12,138,138,138,138,,,,
2025-12-15,91,91,91,91,,,,
2025-12-16,48,48,48,48,,,,
2025-12-17,51,51,51,51,,,,
2025-12-18,71,71,71,71,,,,
2025-12-19,78,78,78,78,,,,
2025-12-22,121,121,121,121,,,,
2025-12-23,97,97,97,97,,,,
2025-12-24,62,62,62,62,,,,
2025-12-26,64,64,63,63,,,,
2025-12-29,24,24,24,24,,,,
2025-12-30,27,27,27,27,,,,
2025-12-31,9,10,9,10,,,,
2026-01-02,53,53,53,53,,,,
2026-01-05,174,174,174,174,,,,
2026-01-06,177,177,177,177,,,,
2026-01-07,96,96,96,96,,,,
2026-01-08,138,138,138,138,,,,
2026-01-09,151,151,151,151,,,,
2026-01-12,154,154,154,154,,,,
2026-01-13,185,185,185,185,,,,
2026-01-14,172,172,172,172,,,,
2026-01-15,209,209,209,209,,,,
2026-01-16,151,151,150,150,,,,
2026-01-20,89,89,89,89,,,,
2026-01-21,205,205,205,205,,,,
2026-01-22,239,239,239,239,,,,
2026-01-23,133,133,133,133,,,,
2026-01-26,138,138,138,138,,,,
2026-01-27,151,151,151,151,,,,
2026-01-28,146,146,146,146,,,,
2026-01-29,187,187,187,187,,,,
2026-01-30,72,72,72,72,,,,
2026-02-02,128,128,128,128,,,,
2026-02-03,235,235,235,235,,,,
2026-02-04,268,268,268,268,,,,
2026-02-05,144,144,143,143,,,,
2026-02-06,280,280,280,280,,,,
2026-02-09,221,221,221,221,,,,
2026-02-10,213,213,213,213,,,,
2026-02-11,327,327,327,327,,,,
2026-02-12,286,286,286,286,,,,
2026-02-13,132,132,132,132,,,,
2026-02-17,139,139,139,139,,,,
2026-02-18,123,123,123,123,,,,
2026-02-19,96,96,96,96,,,,
2026-02-20,124,125,124,125,,,,
2026-02-23,120,120,120,120,,,,
2026-02-24,129,129,129,129,,,,
2026-02-25,155,155,155,155,,,,
2026-02-26,142,142,142,142,,,,
2026-02-27,146,146,146,146,,,,
2026-03-02,175,175,175,175,,,,
2026-03-03,60,60,60,60,,,,
2026-03-04,60,60,60,60,,,,
2026-03-05,39,39,39,39,,,,
2026-03-06,39,39,38,38,,,,
2026-03-09,38,38,38,38,,,,
2026-03-10,24,24,24,24,,,,
2026-03-11,29,29,29,29,,,,
2026-03-12,53,53,53,53,,,,
2026-03-13,34,34,34,34,,,,
2026-03-16,47,47,47,47,,,,
2026-03-17,65,65,65,65,,,,
2026-03-18,50,50,50,50,,,,
2026-03-19,61,61,61,61,,,,
2026-03-20,28,28,28,28,,,,
2026-03-23,24,24,24,24,,,,
2026-03-24,69,69,69,69,,,,
2026-03-25,49,49,49,49,,,,
2026-03-26,61,61,61,61,,,,
2026-03-27,64,64,64,64,,,,
2026-03-30,76,76,76,76,,,,
2026-03-31,46,46,46,46,,,,
2026-04-01,28,46,28,46,,,,
2026-04-02,44,44,44,44,,,,
2026-04-06,39,39,39,39,,,,
2026-04-07,41,41,41,41,,,,
2026-04-08,91,91,91,91,,,,
2026-04-09,120,120,120,120,,,,
2026-04-10,75,75,75,75,,,,
2026-04-13,69,69,69,69,,,,
2026-04-14,92,92,92,92,,,,
2026-04-15,47,47,47,47,,,,
2026-04-16,57,57,57,57,,,,
2026-04-17,152,152,152,152,,,,
2026-04-20,111,111,111,111,,,,
2026-04-21,128,128,128,128,,,,
2026-04-22,76,76,76,76,,,,
2026-04-23,103,103,103,103,,,,
2026-04-24,88,88,88,88,,,,
2026-04-27,89,89,89,89,,,,
2026-04-28,64,64,64,64,,,,
2026-04-29,65,65,65,65,,,,
2026-04-30,108,108,108,108,,,,
2026-05-01,125,125,125,125,,,,
2026-05-04,80,80,80,80,,,,
2026-05-05,152,152,152,152,,,,
2026-05-06,154,154,154,154,,,,
2026-05-07,89,89,89,89,,,,
2026-05-08,73,73,73,73,,,,
2026-05-11,88,88,88,88,,,,
2026-05-12,42,42,42,42,,,,
2026-05-13,68,68,68,68,,,,
2026-05-14,84,84,84,84,,,,
2026-05-15,33,33,33,33,,,,
2026-05-18,73,73,73,73,,,,
2026-05-19,52,52,52,52,,,,
2026-05-20,65,65,65,65,,,,
2026-05-21,57,57,56,56,,,,
2026-05-22,59,59,59,59,,,,
2026-05-26,110,110,110,110,,,,
2026-05-27,97,97,97,97,,,,
2026-05-28,66,66,66,66,,,,
2026-05-29,62,63,62,63,,,,
2026-06-01,72,72,72,72,,,,
2026-06-02,99,99,98,98,,,,
2026-06-03,66,66,66,66,,,,
2026-06-04,75,75,75,75,,,,
2026-06-05,66,66,66,66,,,,
2026-06-08,71,71,71,71,,,,
2026-06-09,116,116,116,116,,,,
2026-06-10,98,98,98,98,,,,
2026-06-11,114,114,114,114,,,,
2026-06-12,139,139,139,139,,,,
2026-06-15,115,115,115,115,,,,
2026-06-16,79,79,79,79,,,,
2026-06-17,92,92,92,92,,,,
2026-06-18,94,94,94,94,,,,
2026-06-22,96,96,96,96,,,,
2026-06-23,46,46,46,46,,,,
2026-06-24,101,101,101,101,,,,
2026-06-25,158,158,158,158,,,,
2026-06-26,138,138,138,138,,,,
2026-06-29,116,116,116,116,,,,
2026-06-30,100,100,100,100,,,,
2026-07-01,135,135,135,135,,,,
2026-07-02,130,130,130,130,,,,
2026-07-06,91,91,91,91,,,,
2026-07-07,103,103,103,103,,,,
2026-07-08,19,19,19,19,,,,
2026-07-09,39,39,39,39,,,,
2026-07-10,56,56,56,56,,,,
2026-07-13,61,61,61,61,,,,
2026-07-14,82,82,82,82,,,,
2026-07-15,83,83,83,83,,,,
2026-07-16,149,149,149,149,,,,
2026-07-17,134,134,134,134,,,,
2026-07-20,50,50,50,50,,,,
2026-07-21,44,44,44,44,,,,
2026-07-22,53,53,53,53,,,,
2026-07-23,39,39,39,39,,,,
2026-07-24,72,72,72,72,,,,
2026-07-27,92,92,92,92,,,,
2026-07-28,148,148,148,148,,,,
2026-07-29,106,106,106,106,,,,
2026-07-30,55,55,55,55,,,,
2026-07-31,36,36,36,36,,,,
2026-08-03,73,73,73,73,,,,
2026-08-04,99,99,99,99,,,,
2026-08-05,108,108,108,108,,,,
2026-08-06,90,90,90,90,,,,
2026-08-07,54,54,54,54,,,,
2026-08-10,51,51,51,51,,,,
2026-08-11,65,65,65,65,,,,
2026-08-12,58,58,58,58,,,,
2026-08-13,87,87,87,87,,,,
2026-08-14,58,58,58,58,,,,
2026-08-17,58,58,58,58,,,,
2026-08-18,47,47,47,47,,,,
2026-08-19,63,63,63,63,,,,
2026-08-20,49,49,49,49,,,,
2026-08-21,55,55,55,55,,,,
2026-08-24,49,49,49,49,,,,
2026-08-25,45,45,45,45,,,,
2026-08-26,33,33,33,33,,,,
2026-08-27,34,34,34,34,,,,
2026-08-28,34,34,34,34,,,,
2026-08-31,21,21,21,21,,,,
2026-09-01,31,31,31,31,,,,
2026-09-02,48,48,48,48,,,,
2026-09-03,63,63,63,63,,,,
2026-09-04,36,36,36,36,,,,
2026-09-08,38,38,38,38,,,,
2026-09-09,27,27,27,27,,,,
2026-09-10,35,35,35,35,,,,
2026-09-11,36,36,36,36,,,,
2026-09-14,38,38,38,38,,,,
2026-09-15,55,55,55,55,,,,
2026-09-16,38,38,38,38,,,,
2026-09-17,50,50,50,50,,,,
2026-09-18,24,24,24,24,,,,
2026-09-21,18,18,18,18,,,,
2026-09-22,19,19,19,19,,,,
2026-09-23,21,21,21,21,,,,
2026-09-24,20,20,20,20,,,,
2026-09-25,10,10,10,10,,,,