time,open,high,low,close,Prior DC20 upper,Prior DC20 lower,Long signal,Short signal
2008-01-15,33.88,33.88,33.88,33.88,,,,
2008-01-16,31.43,31.43,31.43,31.43,,,,
2008-01-17,25.92,25.92,25.92,25.92,,,,
2008-01-18,23.67,23.67,23.67,23.67,,,,
2008-01-21,23.67,23.67,23.67,23.67,,,,
2008-01-22,21.02,21.02,21.02,21.02,,,,
2008-01-23,23.27,23.27,23.27,23.27,,,,
2008-01-24,23.88,23.88,23.88,23.88,,,,
2008-01-25,21.84,21.84,21.84,21.84,,,,
2008-01-28,25.1,25.1,25.1,25.1,,,,
2008-01-29,26.33,26.33,26.33,26.33,,,,
2008-01-30,25.1,25.1,25.1,25.1,,,,
2008-01-31,27.96,27.96,27.96,27.96,,,,
2008-02-01,33.27,33.27,33.27,33.27,,,,
2008-02-04,31.02,31.02,31.02,31.02,,,,
2008-02-05,24.29,24.29,24.29,24.29,,,,
2008-02-06,22.65,22.65,22.65,22.65,,,,
2008-02-07,24.49,24.49,24.49,24.49,,,,
2008-02-08,24.29,24.29,24.29,24.29,,,,
2008-02-11,27.55,27.55,27.55,27.55,,,,
2008-02-12,27.55,27.55,27.55,27.55,,,,
2008-02-13,30,30,30,30,,,,
2008-02-14,26.73,26.73,26.73,26.73,,,,
2008-02-15,26.73,26.73,26.73,26.73,,,,
2008-02-18,26.73,26.73,26.73,26.73,,,,
2008-02-19,27.96,27.96,27.96,27.96,,,,
2008-02-20,29.39,29.39,29.39,29.39,,,,
2008-02-21,25.71,25.71,25.71,25.71,,,,
2008-02-22,27.96,27.96,27.96,27.96,,,,
2008-02-25,33.27,33.27,33.27,33.27,,,,
2008-02-26,34.9,34.9,34.9,34.9,,,,
2008-02-27,33.47,33.47,33.47,33.47,,,,
2008-02-28,31.02,31.02,31.02,31.02,,,,
2008-02-29,23.88,23.88,23.88,23.88,,,,
2008-03-03,25.51,25.51,25.51,25.51,,,,
2008-03-04,25.51,25.51,25.51,25.51,,,,
2008-03-05,27.35,27.35,27.35,27.35,,,,
2008-03-06,24.29,24.29,24.29,24.29,,,,
2008-03-07,21.43,21.43,21.43,21.43,,,,
2008-03-10,18.57,18.57,18.57,18.57,,,,
2008-03-11,24.69,24.69,24.69,24.69,,,,
2008-03-12,24.49,24.49,24.49,24.49,,,,
2008-03-13,24.69,24.69,24.69,24.69,,,,
2008-03-14,21.63,21.63,21.63,21.63,,,,
2008-03-17,18.37,18.37,18.37,18.37,,,,
2008-03-18,26.53,26.53,26.53,26.53,,,,
2008-03-19,21.18,21.18,21.18,21.18,,,,
2008-03-20,26.27,26.27,26.27,26.27,,,,
2008-03-21,26.27,26.27,26.27,26.27,,,,
2008-03-24,30.35,30.35,30.35,30.35,,,,
2008-03-25,32.38,32.38,32.38,32.38,,,,
2008-03-26,29.94,29.94,29.94,29.94,,,,
2008-03-27,28.11,28.11,28.11,28.11,,,,
2008-03-28,25.46,25.46,25.46,25.46,,,,
2008-03-31,27.24,27.24,27.24,27.24,,,,
2008-04-01,35.77,35.77,35.77,35.77,,,,
2008-04-02,35.37,35.37,35.37,35.37,,,,
2008-04-03,37.6,37.6,37.6,37.6,,,,
2008-04-04,38.41,38.41,38.41,38.41,,,,
2008-04-07,36.59,36.59,36.59,36.59,,,,
2008-04-08,34.96,34.96,34.96,34.96,,,,
2008-04-09,33.54,33.54,33.54,33.54,,,,
2008-04-10,33.74,33.74,33.74,33.74,,,,
2008-04-11,29.67,29.67,29.67,29.67,,,,
2008-04-14,28.86,28.86,28.86,28.86,,,,
2008-04-15,29.88,29.88,29.88,29.88,,,,
2008-04-16,37.8,37.8,37.8,37.8,,,,
2008-04-17,38.01,38.01,38.01,38.01,,,,
2008-04-18,42.68,42.68,42.68,42.68,,,,
2008-04-21,41.26,41.26,41.26,41.26,,,,
2008-04-22,37.8,37.8,37.8,37.8,,,,
2008-04-23,40.65,40.65,40.65,40.65,,,,
2008-04-24,42.28,42.28,42.28,42.28,,,,
2008-04-25,43.9,43.9,43.9,43.9,,,,
2008-04-28,44.11,44.11,44.11,44.11,,,,
2008-04-29,44.31,44.31,44.31,44.31,,,,
2008-04-30,41.87,41.87,41.87,41.87,,,,
2008-05-01,49.8,49.8,49.8,49.8,,,,
2008-05-02,50.2,50.2,50.2,50.2,,,,
2008-05-05,48.58,48.58,48.58,48.58,,,,
2008-05-06,49.8,49.8,49.8,49.8,,,,
2008-05-07,45.03,45.03,45.03,45.03,,,,
2008-05-08,45.03,45.03,45.03,45.03,,,,
2008-05-09,44.83,44.83,44.83,44.83,,,,
2008-05-12,49.49,49.49,49.49,49.49,,,,
2008-05-13,49.9,49.9,49.9,49.9,,,,
2008-05-14,53.75,53.75,53.75,53.75,,,,
2008-05-15,55.98,55.98,55.98,55.98,,,,
2008-05-16,55.58,55.58,55.58,55.58,,,,
2008-05-19,55.58,55.58,55.58,55.58,,,,
2008-05-20,51.12,51.12,51.12,51.12,,,,
2008-05-21,46.65,46.65,46.65,46.65,,,,
2008-05-22,47.87,47.87,47.87,47.87,,,,
2008-05-23,43.2,43.2,43.2,43.2,,,,
2008-05-26,43.2,43.2,43.2,43.2,,,,
2008-05-27,46.86,46.86,46.86,46.86,,,,
2008-05-28,48.07,48.07,48.07,48.07,,,,
2008-05-29,50.91,50.91,50.91,50.91,,,,
2008-05-30,51.93,51.93,51.93,51.93,,,,
2008-06-02,47.46,47.46,47.46,47.46,,,,
2008-06-03,46.45,46.45,46.45,46.45,,,,
2008-06-04,49.09,49.09,49.09,49.09,,,,
2008-06-05,53.55,53.55,53.55,53.55,,,,
2008-06-06,44.02,44.02,44.02,44.02,,,,
2008-06-09,43.41,43.41,43.41,43.41,,,,
2008-06-10,42.31,42.31,42.31,42.31,,,,
2008-06-11,37.65,37.65,37.65,37.65,,,,
2008-06-12,40.61,40.61,40.61,40.61,,,,
2008-06-13,43.23,43.23,43.23,43.23,,,,
2008-06-16,44.65,44.65,44.65,44.65,,,,
2008-06-17,42.42,42.42,42.42,42.42,,,,
2008-06-18,37.98,37.98,37.98,37.98,,,,
2008-06-19,42.22,42.22,42.22,42.22,,,,
2008-06-20,36.36,36.36,36.36,36.36,,,,
2008-06-23,35.56,35.56,35.56,35.56,,,,
2008-06-24,34.34,34.34,34.34,34.34,,,,
2008-06-25,36.36,36.36,36.36,36.36,,,,
2008-06-26,30.1,30.1,30.1,30.1,,,,
2008-06-27,29.7,29.7,29.7,29.7,,,,
2008-06-30,29.49,29.49,29.49,29.49,,,,
2008-07-01,30.3,30.3,30.3,30.3,,,,
2008-07-02,26.67,26.67,26.67,26.67,,,,
2008-07-03,26.26,26.26,26.26,26.26,,,,
2008-07-04,26.26,26.26,26.26,26.26,,,,
2008-07-07,26.46,26.46,26.46,26.46,,,,
2008-07-08,30.1,30.1,30.1,30.1,,,,
2008-07-09,28.48,28.48,28.48,28.48,,,,
2008-07-10,29.49,29.49,29.49,29.49,,,,
2008-07-11,27.07,27.07,27.07,27.07,,,,
2008-07-14,26.26,26.26,26.26,26.26,,,,
2008-07-15,25.25,25.25,25.25,25.25,,,,
2008-07-16,29.7,29.7,29.7,29.7,,,,
2008-07-17,29.09,29.09,29.09,29.09,,,,
2008-07-18,30.51,30.51,30.51,30.51,,,,
2008-07-21,31.72,31.72,31.72,31.72,,,,
2008-07-22,33.33,33.33,33.33,33.33,,,,
2008-07-23,33.13,33.13,33.13,33.13,,,,
2008-07-24,27.27,27.27,27.27,27.27,,,,
2008-07-25,28.69,28.69,28.69,28.69,,,,
2008-07-28,25.45,25.45,25.45,25.45,,,,
2008-07-29,29.9,29.9,29.9,29.9,,,,
2008-07-30,33.94,33.94,33.94,33.94,,,,
2008-07-31,32.73,32.73,32.73,32.73,,,,
2008-08-01,31.31,31.31,31.31,31.31,,,,
2008-08-04,28.08,28.08,28.08,28.08,,,,
2008-08-05,34.55,34.55,34.55,34.55,,,,
2008-08-06,36.16,36.16,36.16,36.16,,,,
2008-08-07,33.54,33.54,33.54,33.54,,,,
2008-08-08,39.19,39.19,39.19,39.19,,,,
2008-08-11,42.42,42.42,42.42,42.42,,,,
2008-08-12,41.21,41.21,41.21,41.21,,,,
2008-08-13,40.4,40.4,40.4,40.4,,,,
2008-08-14,41.41,41.41,41.41,41.41,,,,
2008-08-15,43.03,43.03,43.03,43.03,,,,
2008-08-18,40,40,40,40,,,,
2008-08-19,37.58,37.58,37.58,37.58,,,,
2008-08-20,38.18,38.18,38.18,38.18,,,,
2008-08-21,38.59,38.59,38.59,38.59,,,,
2008-08-22,42.63,42.63,42.63,42.63,,,,
2008-08-25,37.17,37.17,37.17,37.17,,,,
2008-08-26,39.39,39.39,39.39,39.39,,,,
2008-08-27,40.81,40.81,40.81,40.81,,,,
2008-08-28,45.45,45.45,45.45,45.45,,,,
2008-08-29,40.61,40.61,40.61,40.61,,,,
2008-09-01,40.61,40.61,40.61,40.61,,,,
2008-09-02,41.01,41.01,41.01,41.01,,,,
2008-09-03,38.79,38.79,38.79,38.79,,,,
2008-09-04,30.71,30.71,30.71,30.71,,,,
2008-09-05,30.3,30.3,30.3,30.3,,,,
2008-09-08,39.19,39.19,39.19,39.19,,,,
2008-09-09,32.53,32.53,32.53,32.53,,,,
2008-09-10,33.94,33.94,33.94,33.94,,,,
2008-09-11,36.16,36.16,36.16,36.16,,,,
2008-09-12,37.17,37.17,37.17,37.17,,,,
2008-09-15,27.88,27.88,27.88,27.88,,,,
2008-09-16,32.73,32.73,32.73,32.73,,,,
2008-09-17,21.62,21.62,21.62,21.62,,,,
2008-09-18,33.33,33.33,33.33,33.33,,,,
2008-09-19,41.01,41.01,41.01,41.01,,,,
2008-09-22,28.28,28.28,28.28,28.28,,,,
2008-09-23,24.04,24.04,24.04,24.04,,,,
2008-09-24,23.64,23.64,23.64,23.64,,,,
2008-09-25,28.89,28.89,28.89,28.89,,,,
2008-09-26,28.69,28.69,28.69,28.69,,,,
2008-09-29,16.16,16.16,16.16,16.16,,,,
2008-09-30,23.43,23.43,23.43,23.43,,,,
2008-10-01,21.01,21.01,21.01,21.01,,,,
2008-10-02,16.36,16.36,16.36,16.36,,,,
2008-10-03,13.54,13.54,13.54,13.54,,,,
2008-10-06,8.89,8.89,8.89,8.89,,,,
2008-10-07,5.05,5.05,5.05,5.05,,,,
2008-10-08,4.44,4.44,4.44,4.44,,,,
2008-10-09,1.62,1.62,1.62,1.62,,,,
2008-10-10,2.63,2.63,2.63,2.63,,,,
2008-10-13,5.25,5.25,5.25,5.25,,,,
2008-10-14,3.64,3.64,3.64,3.64,,,,
2008-10-15,2.22,2.22,2.22,2.22,,,,
2008-10-16,4.04,4.04,4.04,4.04,,,,
2008-10-17,3.03,3.03,3.03,3.03,,,,
2008-10-20,4.44,4.44,4.44,4.44,,,,
2008-10-21,4.24,4.24,4.24,4.24,,,,
2008-10-22,2.83,2.83,2.83,2.83,,,,
2008-10-23,2.83,2.83,2.83,2.83,,,,
2008-10-24,2.83,2.83,2.83,2.83,,,,
2008-10-27,2.63,2.63,2.63,2.63,,,,
2008-10-28,4.24,4.24,4.24,4.24,,,,
2008-10-29,4.04,4.04,4.04,4.04,,,,
2008-10-30,5.45,5.45,5.45,5.45,,,,
2008-10-31,6.87,6.87,6.87,6.87,,,,
2008-11-03,6.67,6.67,6.67,6.67,,,,
2008-11-04,8.69,8.69,8.69,8.69,,,,
2008-11-05,5.05,5.05,5.05,5.05,,,,
2008-11-06,3.64,3.64,3.64,3.64,,,,
2008-11-07,4.24,4.24,4.24,4.24,,,,
2008-11-10,4.44,4.44,4.44,4.44,,,,
2008-11-11,3.64,3.64,3.64,3.64,,,,
2008-11-12,2.83,2.83,2.83,2.83,,,,
2008-11-13,5.05,5.05,5.05,5.05,,,,
2008-11-14,3.23,3.23,3.23,3.23,,,,
2008-11-17,3.23,3.23,3.23,3.23,,,,
2008-11-18,3.43,3.43,3.43,3.43,,,,
2008-11-19,2.63,2.63,2.63,2.63,,,,
2008-11-20,2.02,2.02,2.02,2.02,,,,
2008-11-21,2.83,2.83,2.83,2.83,,,,
2008-11-24,3.43,3.43,3.43,3.43,,,,
2008-11-25,3.43,3.43,3.43,3.43,,,,
2008-11-26,3.64,3.64,3.64,3.64,,,,
2008-11-27,3.64,3.64,3.64,3.64,,,,
2008-11-28,4.24,4.24,4.24,4.24,,,,
2008-12-01,2.22,2.22,2.22,2.22,,,,
2008-12-02,2.83,2.83,2.83,2.83,,,,
2008-12-03,3.84,3.84,3.84,3.84,,,,
2008-12-04,2.83,2.83,2.83,2.83,,,,
2008-12-05,4.85,4.85,4.85,4.85,,,,
2008-12-08,5.05,5.05,5.05,5.05,,,,
2008-12-09,3.64,3.64,3.64,3.64,,,,
2008-12-10,4.04,4.04,4.04,4.04,,,,
2008-12-11,3.03,3.03,3.03,3.03,,,,
2008-12-12,3.64,3.64,3.64,3.64,,,,
2008-12-15,3.23,3.23,3.23,3.23,,,,
2008-12-16,5.45,5.45,5.45,5.45,,,,
2008-12-17,4.65,4.65,4.65,4.65,,,,
2008-12-18,4.44,4.44,4.44,4.44,,,,
2008-12-19,4.65,4.65,4.65,4.65,,,,
2008-12-22,4.65,4.65,4.65,4.65,,,,
2008-12-23,3.64,3.64,3.64,3.64,,,,
2008-12-24,4.65,4.65,4.65,4.65,,,,
2008-12-26,4.65,4.65,4.65,4.65,,,,
2008-12-29,4.24,4.24,4.24,4.24,,,,
2008-12-30,5.25,5.25,5.25,5.25,,,,
2008-12-31,6.06,6.06,6.06,6.06,,,,
2009-01-02,7.47,7.47,7.47,7.47,,,,
2009-01-05,6.06,6.06,6.06,6.06,,,,
2009-01-06,4.85,4.85,4.85,4.85,,,,
2009-01-07,4.24,4.24,4.24,4.24,,,,
2009-01-08,4.44,4.44,4.44,4.44,,,,
2009-01-09,4.04,4.04,4.04,4.04,,,,
2009-01-12,3.43,3.43,3.43,3.43,,,,
2009-01-13,2.83,2.83,2.83,2.83,,,,
2009-01-14,2.63,2.63,2.63,2.63,,,,
2009-01-15,2.83,2.83,2.83,2.83,,,,
2009-01-16,3.43,3.43,3.43,3.43,,,,
2009-01-19,3.43,3.43,3.43,3.43,,,,
2009-01-20,2.42,2.42,2.42,2.42,,,,
2009-01-21,3.23,3.23,3.23,3.23,,,,
2009-01-22,3.23,3.23,3.23,3.23,,,,
2009-01-23,3.43,3.43,3.43,3.43,,,,
2009-01-26,4.65,4.65,4.65,4.65,,,,
2009-01-27,4.85,4.85,4.85,4.85,,,,
2009-01-28,6.46,6.46,6.46,6.46,,,,
2009-01-29,5.66,5.66,5.66,5.66,,,,
2009-01-30,5.25,5.25,5.25,5.25,,,,
2009-02-02,5.66,5.66,5.66,5.66,,,,
2009-02-03,6.06,6.06,6.06,6.06,,,,
2009-02-04,6.26,6.26,6.26,6.26,,,,
2009-02-05,7.07,7.07,7.07,7.07,,,,
2009-02-06,8.48,8.48,8.48,8.48,,,,
2009-02-09,8.08,8.08,8.08,8.08,,,,
2009-02-10,5.25,5.25,5.25,5.25,,,,
2009-02-11,6.45,6.45,6.45,6.45,,,,
2009-02-12,7.06,7.06,7.06,7.06,,,,
2009-02-13,6.45,6.45,6.45,6.45,,,,
2009-02-16,6.45,6.45,6.45,6.45,,,,
2009-02-17,4.64,4.64,4.64,4.64,,,,
2009-02-18,4.44,4.44,4.44,4.44,,,,
2009-02-19,4.03,4.03,4.03,4.03,,,,
2009-02-20,4.03,4.03,4.03,4.03,,,,
2009-02-23,3.23,3.23,3.23,3.23,,,,
2009-02-24,4.23,4.23,4.23,4.23,,,,
2009-02-25,3.43,3.43,3.43,3.43,,,,
2009-02-26,3.02,3.02,3.02,3.02,,,,
2009-02-27,3.02,3.02,3.02,3.02,,,,
2009-03-02,2.22,2.22,2.22,2.22,,,,
2009-03-03,2.22,2.22,2.22,2.22,,,,
2009-03-04,2.42,2.42,2.42,2.42,,,,
2009-03-05,2.22,2.22,2.22,2.22,,,,
2009-03-06,1.81,1.81,1.81,1.81,,,,
2009-03-09,2.42,2.42,2.42,2.42,,,,
2009-03-10,3.23,3.23,3.23,3.23,,,,
2009-03-11,3.63,3.63,3.63,3.63,,,,
2009-03-12,4.23,4.23,4.23,4.23,,,,
2009-03-13,4.23,4.23,4.23,4.23,,,,
2009-03-16,3.83,3.83,3.83,3.83,,,,
2009-03-17,5.04,5.04,5.04,5.04,,,,
2009-03-18,6.45,6.45,6.45,6.45,,,,
2009-03-19,6.25,6.25,6.25,6.25,,,,
2009-03-20,5.24,5.24,5.24,5.24,,,,
2009-03-23,9.27,9.27,9.27,9.27,,,,
2009-03-24,7.46,7.46,7.46,7.46,,,,
2009-03-25,8.27,8.27,8.27,8.27,,,,
2009-03-26,12.1,12.1,12.1,12.1,,,,
2009-03-27,9.27,9.27,9.27,9.27,,,,
2009-03-30,7.66,7.66,7.66,7.66,,,,
2009-03-31,8.27,8.27,8.27,8.27,,,,
2009-04-01,9.48,9.48,9.48,9.48,,,,
2009-04-02,12.7,12.7,12.7,12.7,,,,
2009-04-03,14.72,14.72,14.72,14.72,,,,
2009-04-06,13.51,13.51,13.51,13.51,,,,
2009-04-07,11.29,11.29,11.29,11.29,,,,
2009-04-08,14.31,14.31,14.31,14.31,,,,
2009-04-09,19.15,19.15,19.15,19.15,,,,
2009-04-10,19.15,19.15,19.15,19.15,,,,
2009-04-13,19.56,19.56,19.56,19.56,,,,
2009-04-14,16.33,16.33,16.33,16.33,,,,
2009-04-15,18.55,18.55,18.55,18.55,,,,
2009-04-16,22.98,22.98,22.98,22.98,,,,
2009-04-17,24.4,24.4,24.4,24.4,,,,
2009-04-20,17.54,17.54,17.54,17.54,,,,
2009-04-21,20.56,20.56,20.56,20.56,,,,
2009-04-22,20.77,20.77,20.77,20.77,,,,
2009-04-23,21.17,21.17,21.17,21.17,,,,
2009-04-24,26.61,26.61,26.61,26.61,,,,
2009-04-27,23.99,23.99,23.99,23.99,,,,
2009-04-28,24.8,24.8,24.8,24.8,,,,
2009-04-29,30.24,30.24,30.24,30.24,,,,
2009-04-30,30.24,30.24,30.24,30.24,,,,
2009-05-01,30.24,30.24,30.24,30.24,,,,
2009-05-04,40.73,40.73,40.73,40.73,,,,
2009-05-05,37.9,37.9,37.9,37.9,,,,
2009-05-06,43.15,43.15,43.15,43.15,,,,
2009-05-07,36.9,36.9,36.9,36.9,,,,
2009-05-08,45.77,45.77,45.77,45.77,,,,
2009-05-11,37.9,37.9,37.9,37.9,,,,
2009-05-12,38.1,38.1,38.1,38.1,,,,
2009-05-13,26.81,26.81,26.81,26.81,,,,
2009-05-14,31.85,31.85,31.85,31.85,,,,
2009-05-15,31.45,31.45,31.45,31.45,,,,
2009-05-18,40.52,40.52,40.52,40.52,,,,
2009-05-19,41.53,41.53,41.53,41.53,,,,
2009-05-20,41.73,41.73,41.73,41.73,,,,
2009-05-21,35.69,35.69,35.69,35.69,,,,
2009-05-22,35.89,35.89,35.89,35.89,,,,
2009-05-25,35.89,35.89,35.89,35.89,,,,
2009-05-26,46.37,46.37,46.37,46.37,,,,
2009-05-27,40.73,40.73,40.73,40.73,,,,
2009-05-28,44.76,44.76,44.76,44.76,,,,
2009-05-29,50.2,50.2,50.2,50.2,,,,
2009-06-01,60.48,60.48,60.48,60.48,,,,
2009-06-02,60.28,60.28,60.28,60.28,,,,
2009-06-03,56.85,56.85,56.85,56.85,,,,
2009-06-04,59.48,59.48,59.48,59.48,,,,
2009-06-05,59.48,59.48,59.48,59.48,,,,
2009-06-08,59.07,59.07,59.07,59.07,,,,
2009-06-09,62.1,62.1,62.1,62.1,,,,
2009-06-10,61.9,61.9,61.9,61.9,,,,
2009-06-11,63.71,63.71,63.71,63.71,,,,
2009-06-12,64.31,64.31,64.31,64.31,,,,
2009-06-15,58.67,58.67,58.67,58.67,,,,
2009-06-16,56.45,56.45,56.45,56.45,,,,
2009-06-17,56.25,56.25,56.25,56.25,,,,
2009-06-18,58.47,58.47,58.47,58.47,,,,
2009-06-19,59.48,59.48,59.48,59.48,,,,
2009-06-22,51.61,51.61,51.61,51.61,,,,
2009-06-23,52.62,52.62,52.62,52.62,,,,
2009-06-24,55.04,55.04,55.04,55.04,,,,
2009-06-25,63.1,63.1,63.1,63.1,,,,
2009-06-26,64.11,64.11,64.11,64.11,,,,
2009-06-29,66.94,66.94,66.94,66.94,,,,
2009-06-30,65.52,65.52,65.52,65.52,,,,
2009-07-01,69.76,69.76,69.76,69.76,,,,
2009-07-02,57.66,57.66,57.66,57.66,,,,
2009-07-03,57.66,57.66,57.66,57.66,,,,
2009-07-06,59.07,59.07,59.07,59.07,,,,
2009-07-07,52.22,52.22,52.22,52.22,,,,
2009-07-08,52.62,52.62,52.62,52.62,,,,
2009-07-09,55.85,55.85,55.85,55.85,,,,
2009-07-10,55.44,55.44,55.44,55.44,,,,
2009-07-13,62.7,62.7,62.7,62.7,,,,
2009-07-14,65.93,65.93,65.93,65.93,,,,
2009-07-15,73.99,73.99,73.99,73.99,,,,
2009-07-16,77.02,77.02,77.02,77.02,,,,
2009-07-17,75.81,75.81,75.81,75.81,,,,
2009-07-20,79.44,79.44,79.44,79.44,,,,
2009-07-21,80.85,80.85,80.85,80.85,,,,
2009-07-22,80.24,80.24,80.24,80.24,,,,
2009-07-23,86.09,86.09,86.09,86.09,,,,
2009-07-24,87.1,87.1,87.1,87.1,,,,
2009-07-27,88.71,88.71,88.71,88.71,,,,
2009-07-28,88.1,88.1,88.1,88.1,,,,
2009-07-29,87.9,87.9,87.9,87.9,,,,
2009-07-30,88.31,88.31,88.31,88.31,,,,
2009-07-31,87.9,87.9,87.9,87.9,,,,
2009-08-03,90.32,90.32,90.32,90.32,,,,
2009-08-04,91.13,91.13,91.13,91.13,,,,
2009-08-05,91.13,91.13,91.13,91.13,,,,
2009-08-06,90.12,90.12,90.12,90.12,,,,
2009-08-07,90.93,90.93,90.93,90.93,,,,
2009-08-10,90.73,90.73,90.73,90.73,,,,
2009-08-11,89.31,89.31,89.31,89.31,,,,
2009-08-12,90.32,90.32,90.32,90.32,,,,
2009-08-13,90.73,90.73,90.73,90.73,,,,
2009-08-14,90.32,90.32,90.32,90.32,,,,
2009-08-17,86.49,86.49,86.49,86.49,,,,
2009-08-18,87.9,87.9,87.9,87.9,,,,
2009-08-19,89.52,89.52,89.52,89.52,,,,
2009-08-20,90.52,90.52,90.52,90.52,,,,
2009-08-21,92.56,92.56,92.56,92.56,,,,
2009-08-24,92.15,92.15,92.15,92.15,,,,
2009-08-25,92.35,92.35,92.35,92.35,,,,
2009-08-26,92.76,92.76,92.76,92.76,,,,
2009-08-27,93.16,93.16,93.16,93.16,,,,
2009-08-28,93.36,93.36,93.36,93.36,,,,
2009-08-31,92.76,92.76,92.76,92.76,,,,
2009-09-01,90.34,90.34,90.34,90.34,,,,
2009-09-02,89.74,89.74,89.74,89.74,,,,
2009-09-03,90.54,90.54,90.54,90.54,,,,
2009-09-04,91.75,91.75,91.75,91.75,,,,
2009-09-07,91.75,91.75,91.75,91.75,,,,
2009-09-08,92.35,92.35,92.35,92.35,,,,
2009-09-09,92.96,92.96,92.96,92.96,,,,
2009-09-10,93.16,93.16,93.16,93.16,,,,
2009-09-11,92.76,92.76,92.76,92.76,,,,
2009-09-14,93.16,93.16,93.16,93.16,,,,
2009-09-15,93.96,93.96,93.96,93.96,,,,
2009-09-16,94.57,94.57,94.57,94.57,,,,
2009-09-17,94.37,94.37,94.37,94.37,,,,
2009-09-18,94.77,94.77,94.77,94.77,,,,
2009-09-21,95.17,95.17,95.17,95.17,,,,
2009-09-22,95.17,95.17,95.17,95.17,,,,
2009-09-23,94.97,94.97,94.97,94.97,,,,
2009-09-24,94.16,94.16,94.16,94.16,,,,
2009-09-25,93.76,93.76,93.76,93.76,,,,
2009-09-28,95.17,95.17,95.17,95.17,,,,
2009-09-29,94.57,94.57,94.57,94.57,,,,
2009-09-30,93.76,93.76,93.76,93.76,,,,
2009-10-01,92.15,92.15,92.15,92.15,,,,
2009-10-02,90.74,90.74,90.74,90.74,,,,
2009-10-05,91.15,91.15,91.15,91.15,,,,
2009-10-06,91.95,91.95,91.95,91.95,,,,
2009-10-07,91.75,91.75,91.75,91.75,,,,
2009-10-08,93.36,93.36,93.36,93.36,,,,
2009-10-09,93.36,93.36,93.36,93.36,,,,
2009-10-12,94.16,94.16,94.16,94.16,,,,
2009-10-13,93.76,93.76,93.76,93.76,,,,
2009-10-14,94.77,94.77,94.77,94.77,,,,
2009-10-15,96.38,96.38,96.38,96.38,,,,
2009-10-16,95.37,95.37,95.37,95.37,,,,
2009-10-19,96.38,96.38,96.38,96.38,,,,
2009-10-20,95.57,95.57,95.57,95.57,,,,
2009-10-21,94.16,94.16,94.16,94.16,,,,
2009-10-22,95.37,95.37,95.37,95.37,,,,
2009-10-23,94.37,94.37,94.37,94.37,,,,
2009-10-26,92.96,92.96,92.96,92.96,,,,
2009-10-27,92.56,92.56,92.56,92.56,,,,
2009-10-28,90.14,90.14,90.14,90.14,,,,
2009-10-29,93.16,93.16,93.16,93.16,,,,
2009-10-30,88.93,88.93,88.93,88.93,,,,
2009-11-02,89.74,89.74,89.74,89.74,,,,
2009-11-03,89.94,89.94,89.94,89.94,,,,
2009-11-04,89.34,89.34,89.34,89.34,,,,
2009-11-05,91.35,91.35,91.35,91.35,,,,
2009-11-06,91.55,91.55,91.55,91.55,,,,
2009-11-09,93.56,93.56,93.56,93.56,,,,
2009-11-10,92.35,92.35,92.35,92.35,,,,
2009-11-11,92.76,92.76,92.76,92.76,,,,
2009-11-12,92.15,92.15,92.15,92.15,,,,
2009-11-13,92.35,92.35,92.35,92.35,,,,
2009-11-16,93.16,93.16,93.16,93.16,,,,
2009-11-17,92.96,92.96,92.96,92.96,,,,
2009-11-18,92.96,92.96,92.96,92.96,,,,
2009-11-19,91.75,91.75,91.75,91.75,,,,
2009-11-20,92.15,92.15,92.15,92.15,,,,
2009-11-23,92.76,92.76,92.76,92.76,,,,
2009-11-24,92.35,92.35,92.35,92.35,,,,
2009-11-25,92.96,92.96,92.96,92.96,,,,
2009-11-26,92.96,92.96,92.96,92.96,,,,
2009-11-27,91.55,91.55,91.55,91.55,,,,
2009-11-30,91.15,91.15,91.15,91.15,,,,
2009-12-01,92.35,92.35,92.35,92.35,,,,
2009-12-02,92.76,92.76,92.76,92.76,,,,
2009-12-03,91.55,91.55,91.55,91.55,,,,
2009-12-04,91.95,91.95,91.95,91.95,,,,
2009-12-07,92.76,92.76,92.76,92.76,,,,
2009-12-08,91.15,91.15,91.15,91.15,,,,
2009-12-09,91.75,91.75,91.75,91.75,,,,
2009-12-10,91.15,91.15,91.15,91.15,,,,
2009-12-11,92.35,92.35,92.35,92.35,,,,
2009-12-14,92.76,92.76,92.76,92.76,,,,
2009-12-15,91.35,91.35,91.35,91.35,,,,
2009-12-16,91.55,91.55,91.55,91.55,,,,
2009-12-17,90.34,90.34,90.34,90.34,,,,
2009-12-18,91.35,91.35,91.35,91.35,,,,
2009-12-21,91.75,91.75,91.75,91.75,,,,
2009-12-22,91.55,91.55,91.55,91.55,,,,
2009-12-23,91.75,91.75,91.75,91.75,,,,
2009-12-24,91.95,91.95,91.95,91.95,,,,
2009-12-28,91.75,91.75,91.75,91.75,,,,
2009-12-29,91.75,91.75,91.75,91.75,,,,
2009-12-30,91.15,91.15,91.15,91.15,,,,
2009-12-31,90.74,90.74,90.74,90.74,,,,
2010-01-04,92.2,92.2,92.2,92.2,,,,
2010-01-05,92.8,92.8,92.8,92.8,,,,
2010-01-06,94,94,94,94,,,,
2010-01-07,94.4,94.4,94.4,94.4,,,,
2010-01-08,94.2,94.2,94.2,94.2,,,,
2010-01-11,94.8,94.8,94.8,94.8,,,,
2010-01-12,94,94,94,94,,,,
2010-01-13,94.2,94.2,94.2,94.2,,,,
2010-01-14,94.2,94.2,94.2,94.2,,,,
2010-01-15,93.6,93.6,93.6,93.6,,,,
2010-01-19,95,95,95,95,,,,
2010-01-20,94.2,94.2,94.2,94.2,,,,
2010-01-21,91.6,91.6,91.6,91.6,,,,
2010-01-22,88.4,88.4,88.4,88.4,,,,
2010-01-25,89.4,89.4,89.4,89.4,,,,
2010-01-26,87.6,87.6,87.6,87.6,,,,
2010-01-27,88.8,88.8,88.8,88.8,,,,
2010-01-28,85,85,85,85,,,,
2010-01-29,83,83,83,83,,,,
2010-02-01,86.2,86.2,86.2,86.2,,,,
2010-02-02,87.2,87.2,87.2,87.2,,,,
2010-02-03,85.4,85.4,85.4,85.4,,,,
2010-02-04,77.4,77.4,77.4,77.4,,,,
2010-02-05,79.6,79.6,79.6,79.6,,,,
2010-02-08,74.4,74.4,74.4,74.4,,,,
2010-02-09,79.2,79.2,79.2,79.2,,,,
2010-02-10,78.6,78.6,78.6,78.6,,,,
2010-02-11,80.6,80.6,80.6,80.6,,,,
2010-02-12,78.6,78.6,78.6,78.6,,,,
2010-02-16,83.6,83.6,83.6,83.6,,,,
2010-02-17,84,84,84,84,,,,
2010-02-18,85,85,85,85,,,,
2010-02-19,85.4,85.4,85.4,85.4,,,,
2010-02-22,84.8,84.8,84.8,84.8,,,,
2010-02-23,82,82,82,82,,,,
2010-02-24,83.4,83.4,83.4,83.4,,,,
2010-02-25,82.8,82.8,82.8,82.8,,,,
2010-02-26,83,83,83,83,,,,
2010-03-01,84.6,84.6,84.6,84.6,,,,
2010-03-02,85,85,85,85,,,,
2010-03-03,85.6,85.6,85.6,85.6,,,,
2010-03-04,86.6,86.6,86.6,86.6,,,,
2010-03-05,88.6,88.6,88.6,88.6,,,,
2010-03-08,89.2,89.2,89.2,89.2,,,,
2010-03-09,89.8,89.8,89.8,89.8,,,,
2010-03-10,90.4,90.4,90.4,90.4,,,,
2010-03-11,90.8,90.8,90.8,90.8,,,,
2010-03-12,90.6,90.6,90.6,90.6,,,,
2010-03-15,90.4,90.4,90.4,90.4,,,,
2010-03-16,92,92,92,92,,,,
2010-03-17,92,92,92,92,,,,
2010-03-18,92,92,92,92,,,,
2010-03-19,90.6,90.6,90.6,90.6,,,,
2010-03-22,91,91,91,91,,,,
2010-03-23,91.4,91.4,91.4,91.4,,,,
2010-03-24,91,91,91,91,,,,
2010-03-25,89.4,89.4,89.4,89.4,,,,
2010-03-26,89.2,89.2,89.2,89.2,,,,
2010-03-29,90,90,90,90,,,,
2010-03-30,90,90,90,90,,,,
2010-03-31,89.8,89.8,89.8,89.8,,,,
2010-04-01,91.4,91.4,91.4,91.4,,,,
2010-04-05,92.8,92.8,92.8,92.8,,,,
2010-04-06,93.4,93.4,93.4,93.4,,,,
2010-04-07,92.2,92.2,92.2,92.2,,,,
2010-04-08,91.8,91.8,91.8,91.8,,,,
2010-04-09,93,93,93,93,,,,
2010-04-12,93,93,93,93,,,,
2010-04-13,92.6,92.6,92.6,92.6,,,,
2010-04-14,94.2,94.2,94.2,94.2,,,,
2010-04-15,93.2,93.2,93.2,93.2,,,,
2010-04-16,91.8,91.8,91.8,91.8,,,,
2010-04-19,91.6,91.6,91.6,91.6,,,,
2010-04-20,92.8,92.8,92.8,92.8,,,,
2010-04-21,92.2,92.2,92.2,92.2,,,,
2010-04-22,92,92,92,92,,,,
2010-04-23,93,93,93,93,,,,
2010-04-26,92.4,92.4,92.4,92.4,,,,
2010-04-27,88.4,88.4,88.4,88.4,,,,
2010-04-28,90.2,90.2,90.2,90.2,,,,
2010-04-29,91.2,91.2,91.2,91.2,,,,
2010-04-30,87.8,87.8,87.8,87.8,,,,
2010-05-03,89.4,89.4,89.4,89.4,,,,
2010-05-04,83,83,83,83,,,,
2010-05-05,83.6,83.6,83.6,83.6,,,,
2010-05-06,73,73,73,73,,,,
2010-05-07,67.13,67.13,67.13,67.13,,,,
2010-05-10,79.6,79.6,79.6,79.6,,,,
2010-05-11,78,78,78,78,,,,
2010-05-12,82.6,82.6,82.6,82.6,,,,
2010-05-13,79.2,79.2,79.2,79.2,,,,
2010-05-14,72,72,72,72,,,,
2010-05-17,74,74,74,74,,,,
2010-05-18,70.4,70.4,70.4,70.4,,,,
2010-05-19,67.6,67.6,67.6,67.6,,,,
2010-05-20,50.6,50.6,50.6,50.6,,,,
2010-05-21,56.6,56.6,56.6,56.6,,,,
2010-05-24,52.2,52.2,52.2,52.2,,,,
2010-05-25,50.6,50.6,50.6,50.6,,,,
2010-05-26,49.6,49.6,49.6,49.6,,,,
2010-05-27,62.6,62.6,62.6,62.6,,,,
2010-05-28,59,59,59,59,,,,
2010-06-01,48.6,48.6,48.6,48.6,,,,
2010-06-02,59.6,59.6,59.6,59.6,,,,
2010-06-03,60.6,60.6,60.6,60.6,,,,
2010-06-04,45.4,45.4,45.4,45.4,,,,
2010-06-07,38.6,38.6,38.6,38.6,,,,
2010-06-08,44,44,44,44,,,,
2010-06-09,42.8,42.8,42.8,42.8,,,,
2010-06-10,53.6,53.6,53.6,53.6,,,,
2010-06-11,55.4,55.4,55.4,55.4,,,,
2010-06-14,55.8,55.8,55.8,55.8,,,,
2010-06-15,64.2,64.2,64.2,64.2,,,,
2010-06-16,62.8,62.8,62.8,62.8,,,,
2010-06-17,62.6,62.6,62.6,62.6,,,,
2010-06-18,62.4,62.4,62.4,62.4,,,,
2010-06-21,59.8,59.8,59.8,59.8,,,,
2010-06-22,55,55,55,55,,,,
2010-06-23,55,55,55,55,,,,
2010-06-24,48.4,48.4,48.4,48.4,,,,
2010-06-25,48.8,48.8,48.8,48.8,,,,
2010-06-28,48.2,48.2,48.2,48.2,,,,
2010-06-29,35,35,35,35,,,,
2010-06-30,31.4,31.4,31.4,31.4,,,,
2010-07-01,30.6,30.6,30.6,30.6,,,,
2010-07-02,27.2,27.2,27.2,27.2,,,,
2010-07-06,28.4,28.4,28.4,28.4,,,,
2010-07-07,39.8,39.8,39.8,39.8,,,,
2010-07-08,44.2,44.2,44.2,44.2,,,,
2010-07-09,49,49,49,49,,,,
2010-07-12,46.6,46.6,46.6,46.6,,,,
2010-07-13,52.2,52.2,52.2,52.2,,,,
2010-07-14,52.6,52.6,52.6,52.6,,,,
2010-07-15,52.8,52.8,52.8,52.8,,,,
2010-07-16,42.2,42.2,42.2,42.2,,,,
2010-07-19,44.8,44.8,44.8,44.8,,,,
2010-07-20,48.6,48.6,48.6,48.6,,,,
2010-07-21,43.8,43.8,43.8,43.8,,,,
2010-07-22,54,54,54,54,,,,
2010-07-23,56,56,56,56,,,,
2010-07-26,60,60,60,60,,,,
2010-07-27,58.2,58.2,58.2,58.2,,,,
2010-07-28,54.6,54.6,54.6,54.6,,,,
2010-07-29,53.8,53.8,53.8,53.8,,,,
2010-07-30,53.2,53.2,53.2,53.2,,,,
2010-08-02,60.2,60.2,60.2,60.2,,,,
2010-08-03,56.6,56.6,56.6,56.6,,,,
2010-08-04,59.6,59.6,59.6,59.6,,,,
2010-08-05,59.4,59.4,59.4,59.4,,,,
2010-08-06,59.6,59.6,59.6,59.6,,,,
2010-08-09,60.6,60.6,60.6,60.6,,,,
2010-08-10,58.4,58.4,58.4,58.4,,,,
2010-08-11,48.2,48.2,48.2,48.2,,,,
2010-08-12,45,45,45,45,,,,
2010-08-13,43.6,43.6,43.6,43.6,,,,
2010-08-16,42.8,42.8,42.8,42.8,,,,
2010-08-17,49.2,49.2,49.2,49.2,,,,
2010-08-18,50.2,50.2,50.2,50.2,,,,
2010-08-19,42.2,42.2,42.2,42.2,,,,
2010-08-20,41.4,41.4,41.4,41.4,,,,
2010-08-23,39,39,39,39,,,,
2010-08-24,32.6,32.6,32.6,32.6,,,,
2010-08-25,33.8,33.8,33.8,33.8,,,,
2010-08-26,32.6,32.6,32.6,32.6,,,,
2010-08-27,39.6,39.6,39.6,39.6,,,,
2010-08-30,32.8,32.8,32.8,32.8,,,,
2010-08-31,34,34,34,34,,,,
2010-09-01,41,45,41,45,,,,
2010-09-02,45,48,45,48,,,,
2010-09-03,53,54,50,52,,,,
2010-09-07,50,50,47,48,,,,
2010-09-08,49,52,49,51,,,,
2010-09-09,54.2,55.2,52.2,53,,,,
2010-09-10,53.2,55.79,53.2,55.4,,,,
2010-09-13,59.59,61.59,58.59,59.59,,,,
2010-09-14,58.2,61.59,57.79,60.2,,,,
2010-09-15,58.59,61.4,58.2,60.79,,,,
2010-09-16,59.59,60.4,57.59,60,,,,
2010-09-17,60.79,60.79,58.4,60,,,,
2010-09-20,60.2,65.19,60.2,64.8,,,,
2010-09-21,64.4,66,63.2,64.4,,,,
2010-09-22,64.59,64.59,60.2,61.79,,,,
2010-09-23,60,63,58.2,58.2,,,,
2010-09-24,65,67.4,65,67.4,,,,
2010-09-27,66.59,68,65.8,65.8,,,,
2010-09-28,64.59,68.59,63,68.19,,,,
2010-09-29,67.59,68.8,66.4,68.19,,,,
2010-09-30,69.19,69.19,65.19,67,,,,
2010-10-01,68,68,68,68,,,,
2010-10-04,66.19,67.59,64,65.59,,,,
2010-10-05,68.19,71.4,67.8,70.8,,,,
2010-10-06,69.8,70.59,68.59,69.59,,,,
2010-10-07,70.19,70.19,68.4,69.4,,,,
2010-10-08,69.8,72.59,69.19,72.19,,,,
2010-10-11,72.19,72.59,71.59,71.8,,,,
2010-10-12,70.19,74.59,70.19,74.4,,,,
2010-10-13,74.4,76.59,74.4,75.8,,,,
2010-10-14,76,76,72.59,73.4,,,,
2010-10-15,74.19,74.19,72.19,73.59,,,,
2010-10-18,73.19,75.19,73.19,75.19,,,,
2010-10-19,73.59,74.4,71.59,72.19,,,,
2010-10-20,72.8,74.59,71.59,74,,,,
2010-10-21,74.8,77.19,72.19,73.8,,,,
2010-10-22,74.59,74.59,73,73.4,,,,
2010-10-25,76.59,76.59,74.19,74.4,,,,
2010-10-26,72.8,73.8,72.59,73.8,,,,
2010-10-27,73.59,75,72.19,75,,,,
2010-10-28,75.4,75.4,73.4,74.59,,,,
2010-10-29,73.8,74.8,73.59,74.19,,,,
2010-11-01,75.19,76.19,71.59,73.59,,,,
2010-11-02,75.8,75.8,75,75.59,,,,
2010-11-03,75.59,75.8,74.19,75.4,,,,
2010-11-04,79.4,81.4,77.8,81.19,,,,
2010-11-05,82.4,83.59,82.19,82.8,,,,
2010-11-08,82.19,82.8,81.4,82.4,,,,
2010-11-09,83,83.59,80,80.4,,,,
2010-11-10,79.59,80.59,78,80,,,,
2010-11-11,78,80.59,78,80.19,,,,
2010-11-12,77.8,78.4,75,77.19,,,,
2010-11-15,77.59,78.59,76.59,76.59,,,,
2010-11-16,73.19,74.4,70,71.4,,,,
2010-11-17,70.59,71.8,70.4,70.4,,,,
2010-11-18,73,74.4,72.59,73.14,,,,
2010-11-19,72.34,75.35,71.94,75.15,,,,
2010-11-22,75.35,75.35,72.74,74.94,,,,
2010-11-23,72.14,72.34,70.74,71.34,,,,
2010-11-24,72.34,74.74,72.34,74.14,,,,
2010-11-26,73.14,73.94,72.74,72.94,,,,
2010-11-29,71.34,72,69.13,71.8,,,,
2010-11-30,69.19,72.59,69.19,70.8,,,,
2010-12-01,74.59,75.8,74.59,74.8,,,,
2010-12-02,76,80.19,76,79.8,,,,
2010-12-03,79.4,81.4,78.4,81.19,,,,
2010-12-06,78.8,80.59,78.8,80.4,,,,
2010-12-07,83.19,83.19,80,80.59,,,,
2010-12-08,82.19,82.4,80.8,82.19,,,,
2010-12-09,83.59,84.59,83.19,83.8,,,,
2010-12-10,85,85.59,84.19,84.8,,,,
2010-12-13,85.8,86.19,84.8,84.8,,,,
2010-12-14,86,87.59,86,86.4,,,,
2010-12-15,86.19,86.8,84,84.19,,,,
2010-12-16,84.4,86.19,83,85.8,,,,
2010-12-17,85.8,86.8,85.59,86.8,,,,
2010-12-20,87.4,88.59,87.19,88,,,,
2010-12-21,88.8,89.19,88.4,89,,,,
2010-12-22,89,89.4,88.4,89.19,,,,
2010-12-23,89.19,89.8,88.8,89.19,,,,
2010-12-27,88.8,89.19,88.59,89,,,,
2010-12-28,88.4,88.8,88.19,88.59,,,,
2010-12-29,89,89.19,88.59,88.8,,,,
2010-12-30,88.19,89.4,88,88.59,,,,
2010-12-31,88.19,89.4,87.8,88.59,,,,
2011-01-03,89.8,90.59,88.8,89.19,,,,
2011-01-04,88.4,89.4,88.4,89.4,,,,
2011-01-05,89.19,90.4,89.19,90.19,,,,
2011-01-06,90.19,91.19,89.59,91,,,,
2011-01-07,91,91,89.19,90.19,,,,
2011-01-10,89.4,90.4,89.19,89.8,,,,
2011-01-11,90.4,91,89.59,90.59,,,,
2011-01-12,91.8,92.4,91.4,91.59,,,,
2011-01-13,91.59,91.59,90.19,90.8,,,,
2011-01-14,90.59,92.59,90.59,92.59,,,,
2011-01-18,92.59,93.59,92,92.59,,,,
2011-01-19,92,92,90.19,90.8,,,,
2011-01-20,90.59,92.19,90.59,91.59,,,,
2011-01-21,91.8,91.8,90.4,91.19,,,,
2011-01-24,91,91.8,90.19,91.4,,,,
2011-01-25,90.59,91.8,89.4,91.19,,,,
2011-01-26,91.19,92.59,90.8,91.4,,,,
2011-01-27,91.8,92.4,91.59,91.8,,,,
2011-01-28,92,92.4,87.8,88.4,,,,
2011-01-31,89,89,87.8,88.4,,,,
2011-02-01,89.19,91.19,89.19,90.59,,,,
2011-02-02,90.8,91.4,90.4,90.59,,,,
2011-02-03,91.19,92,90.19,92,,,,
2011-02-04,91.19,92.8,91.19,92.59,,,,
2011-02-07,92.8,93.59,92.19,92.4,,,,
2011-02-08,92.59,94,92.59,93.8,,,,
2011-02-09,93.4,94.19,93.4,94,,,,
2011-02-10,93,93.59,92.59,93.4,,,,
2011-02-11,92.8,93.59,92.8,93.19,,,,
2011-02-14,93.19,93.8,93.19,93.4,,,,
2011-02-15,93.19,93.59,92.59,93.4,,,,
2011-02-16,93.59,94,93.59,93.59,,,,
2011-02-17,93,94,93,93.8,,,,
2011-02-18,93.8,94.19,93.4,93.8,,,,
2011-02-22,92.59,93.59,91.19,91.4,,,,
2011-02-23,91.8,91.8,90,90.59,,,,
2011-02-24,90.19,90.8,88.8,90.59,,,,
2011-02-25,90.4,91.59,90.4,91.59,,,,
2011-02-28,91.8,92.4,91.4,92,,,,
2011-03-01,92.19,92.19,91,91,,,,
2011-03-02,91.19,91.4,90.4,91,,,,
2011-03-03,92,92.19,91.4,91.8,,,,
2011-03-04,91.19,91.8,90.59,91,,,,
2011-03-07,92.4,92.4,90,90.19,,,,
2011-03-08,90.19,92.4,90.19,92.4,,,,
2011-03-09,91.8,93,91.8,92.59,,,,
2011-03-10,90.4,91.19,89.59,89.8,,,,
2011-03-11,89.8,91.8,89.59,91.19,,,,
2011-03-14,90,90,88.19,88.8,,,,
2011-03-15,85.4,87.4,83.8,85.8,,,,
2011-03-16,85.19,85.8,81.8,82.8,,,,
2011-03-17,85.19,85.19,83.19,84.4,,,,
2011-03-18,86.4,86.59,84.59,85.4,,,,
2011-03-21,87.4,88.8,87.4,87.8,,,,
2011-03-22,87.4,88.4,87,87.59,,,,
2011-03-23,84.8,88.59,84.59,88,,,,
2011-03-24,88.19,90,88.19,89.59,,,,
2011-03-25,89.59,90.59,89.4,89.4,,,,
2011-03-28,90.19,90.4,88.59,88.59,,,,
2011-03-29,88,89.59,87.8,89.59,,,,
2011-03-30,90.8,91.8,90.8,91.59,,,,
2011-03-31,91.59,91.8,91,91.4,,,,
2011-04-01,92,92.4,91.59,91.59,,,,
2011-04-04,91.8,92.4,91.59,92.19,,,,
2011-04-05,91.8,92.8,91.8,92,,,,
2011-04-06,92.8,93,92.19,92.59,,,,
2011-04-07,92.4,93.19,92,93,,,,
2011-04-08,93.59,93.59,91.19,91.59,,,,
2011-04-11,92.19,92.59,91.19,91.19,,,,
2011-04-12,90.4,91,90,90.59,,,,
2011-04-13,90.8,91,89.8,90,,,,
2011-04-14,88.19,90,88.19,90,,,,
2011-04-15,90,90.8,89.8,90.4,,,,
2011-04-18,88.19,89,87.19,88.8,,,,
2011-04-19,89,89.4,88.19,89,,,,
2011-04-20,90.8,91.59,90,90.8,,,,
2011-04-21,91.4,91.8,90.4,90.8,,,,
2011-04-25,91.19,91.8,90.4,91.4,,,,
2011-04-26,92,92.8,92,92.4,,,,
2011-04-27,92.4,93.59,92,93.59,,,,
2011-04-28,93.4,93.59,93.19,93.59,,,,
2011-04-29,93.59,93.59,92.59,93.58,,,,
2011-05-02,92.98,92.98,92.18,92.38,,,,
2011-05-03,91.98,92.59,91.58,92.59,,,,
2011-05-04,91.8,92.19,91.19,91.4,,,,
2011-05-05,90.59,92.19,90.4,91,,,,
2011-05-06,92.4,92.59,91.19,91.38,,,,
2011-05-09,91.18,91.58,90.78,91.18,,,,
2011-05-10,91.38,92.18,91.38,91.78,,,,
2011-05-11,91.78,91.78,89.97,90.58,,,,
2011-05-12,89.57,91.18,89.37,90.78,,,,
2011-05-13,90.98,90.98,89.37,90.18,,,,
2011-05-16,90.18,90.98,88.77,89.17,,,,
2011-05-17,88.37,88.97,87.17,88.57,,,,
2011-05-18,88.37,89.37,88.17,89.37,,,,
2011-05-19,88.97,89.17,88.37,88.77,,,,
2011-05-20,88.17,88.37,86.77,87.17,,,,
2011-05-23,84.76,85.17,83.76,83.76,,,,
2011-05-24,84.76,85.17,83.16,83.56,,,,
2011-05-25,83.36,85.37,83.16,84.56,,,,
2011-05-26,84.76,85.57,83.36,84.96,,,,
2011-05-27,86.57,87.37,85.77,86.37,,,,
2011-05-31,87.77,87.77,86.97,87.77,,,,
2011-06-01,86.97,86.97,81,81.19,,,,
2011-06-02,81.19,82.59,80,80.8,,,,
2011-06-03,77.4,80.59,76.8,77.35,,,,
2011-06-06,76.75,76.75,71.54,72.14,,,,
2011-06-07,73.34,74.54,72.34,72.34,,,,
2011-06-08,70.34,71.14,69.73,69.73,,,,
2011-06-09,70.14,71.74,70.14,71.34,,,,
2011-06-10,69.73,69.73,65.53,66.53,,,,
2011-06-13,66.93,66.93,62.12,64.32,,,,
2011-06-14,68.73,70.34,68.53,69.73,,,,
2011-06-15,66.73,67.53,62.32,62.72,,,,
2011-06-16,63.92,65.53,60.12,62.12,,,,
2011-06-17,64.72,66.13,61.92,63.32,,,,
2011-06-20,64.12,66.13,63.12,65.53,,,,
2011-06-21,66.13,70.14,66.13,69.93,,,,
2011-06-22,69.93,71.14,68.73,68.73,,,,
2011-06-23,62.52,67.93,62.52,67.93,,,,
2011-06-24,67.73,67.73,63.32,64.12,,,,
2011-06-27,63.52,67.93,63.52,66.33,,,,
2011-06-28,68.73,70.34,68.13,69.93,,,,
2011-06-29,70.94,73.34,70.94,72.74,,,,
2011-06-30,74.34,77.35,74.34,75.75,,,,
2011-07-01,75.35,80.76,75.35,80.36,,,,
2011-07-05,78.35,79.35,76.95,78.75,,,,
2011-07-06,76.95,78.95,75.35,78.15,,,,
2011-07-07,80.96,82.76,80.96,82.12,,,,
2011-07-08,77.1,77.91,76.1,77.71,,,,
2011-07-11,73.29,73.89,70.08,70.48,,,,
2011-07-12,69.27,71.48,68.67,69.07,,,,
2011-07-13,70.08,73.49,69.47,70.08,,,,
2011-07-14,69.87,71.28,65.66,66.46,,,,
2011-07-15,66.86,67.26,64.85,67.06,,,,
2011-07-18,65.06,65.06,60.44,62.24,,,,
2011-07-19,66.26,68.47,65.26,68.07,,,,
2011-07-20,68.87,69.87,67.87,68.07,,,,
2011-07-21,70.88,73.69,70.88,73.49,,,,
2011-07-22,71.68,73.29,70.48,73.09,,,,
2011-07-25,68.47,71.28,68.47,69.87,,,,
2011-07-26,68.27,68.47,65.86,66.86,,,,
2011-07-27,62.85,62.85,56.42,56.42,,,,
2011-07-28,57.02,59.63,54.81,54.81,,,,
2011-07-29,49.59,54.41,49.59,52.2,,,,
2011-08-01,53.41,53.41,45.78,48.99,,,,
2011-08-02,46.58,47.38,39.35,39.35,,,,
2011-08-03,38.15,38.95,33.73,38.55,,,,
2011-08-04,33.73,34.53,22.28,22.28,,,,
2011-08-05,25.5,26.1,18.07,24.09,,,,
2011-08-08,18.27,18.27,9.39,9.6,,,,
2011-08-09,8.8,17.6,8.8,17.6,,,,
2011-08-10,14.6,16.2,11.8,12.19,,,,
2011-08-11,12.8,22.79,12.39,20.39,,,,
2011-08-12,21.6,24.79,19.2,22,,,,
2011-08-15,25.39,28,23.6,28,,,,
2011-08-16,24.6,27.39,24,25.79,,,,
2011-08-17,28.39,29.6,24.39,26.39,,,,
2011-08-18,19,19,15,16.6,,,,
2011-08-19,15.8,18.79,14.8,15,,,,
2011-08-22,16.79,17.39,14,14.19,,,,
2011-08-23,13.8,22.6,13.8,22.6,,,,
2011-08-24,22.2,26,22.2,25.79,,,,
2011-08-25,25.6,25.6,21,21.2,,,,
2011-08-26,19.6,25.79,16.79,25.2,,,,
2011-08-29,29,32.2,27.79,32,,,,
2011-08-30,31.79,35.4,29.79,34.4,,,,
2011-08-31,36.2,37.2,34.2,35.2,,,,
2011-09-01,35.2,36.2,32.4,32.79,,,,
2011-09-02,26.6,28.79,25.2,25.2,,,,
2011-09-06,21.6,24.2,20.79,24,,,,
2011-09-07,27.2,31.2,26.6,31.2,,,,
2011-09-08,31.39,32.2,27.79,28,,,,
2011-09-09,24.6,25.6,20.79,22.2,,,,
2011-09-12,20,23.6,18.79,23.6,,,,
2011-09-13,22.6,25,22.6,24.79,,,,
2011-09-14,25,30.79,23.79,28,,,,
2011-09-15,30.2,32.59,28.2,32.59,,,,
2011-09-16,34.2,35,33,34.4,,,,
2011-09-19,31.39,33.2,30.6,32.59,,,,
2011-09-20,32.59,35.4,31.39,31.39,,,,
2011-09-21,31,31.79,24.79,24.79,,,,
2011-09-22,19.6,20,17,19.2,,,,
2011-09-23,19.6,21,19,20.79,,,,
2011-09-26,21.6,24.6,20,24.6,,,,
2011-09-27,28.79,30,26,26.85,,,,
2011-09-28,27.25,28.45,22,22.2,,,,
2011-09-29,25.2,25.2,19.6,23,,,,
2011-09-30,22,22.39,19.39,19.39,,,,
2011-10-03,18.39,20.6,14.39,14.39,,,,
2011-10-04,12,17.23,10.8,17.23,,,,
2011-10-05,15.83,19.03,15.03,18.83,,,,
2011-10-06,20.44,23.84,17.83,23.84,,,,
2011-10-07,23.84,26.65,22.24,23.44,,,,
2011-10-10,27.65,29.85,27.65,29.85,,,,
2011-10-11,28.85,30.86,28.45,29.25,,,,
2011-10-12,30.86,33.46,30.26,30.26,,,,
2011-10-13,29.45,30.66,28.25,30.66,,,,
2011-10-14,33.66,33.66,31.86,33.26,,,,
2011-10-17,32.86,32.86,29.05,29.45,,,,
2011-10-18,28.65,35.79,27.05,34.2,,,,
2011-10-19,34,35.59,31.79,32.59,,,,
2011-10-20,32.2,33.79,29.79,32.4,,,,
2011-10-21,37.59,40.79,37.59,40.79,,,,
2011-10-24,42.2,44.4,41.79,44.2,,,,
2011-10-25,42,43.2,39,39.2,,,,
2011-10-26,43.2,44.79,37,44,,,,
2011-10-27,51.2,56,49.2,53,,,,
2011-10-28,53.59,54,51.4,52.4,,,,
2011-10-31,47.79,50.2,43.59,43.59,,,,
2011-11-01,36.2,39.59,35,36.4,,,,
2011-11-02,40.4,41.79,36.79,40.59,,,,
2011-11-03,41.4,47.79,39.4,47.79,,,,
2011-11-04,45.4,46.59,40.79,46.2,,,,
2011-11-07,47.59,47.59,42,46.79,,,,
2011-11-08,48.4,50.79,44.59,50.79,,,,
2011-11-09,41.79,43.59,39.2,39.4,,,,
2011-11-10,41.2,43,38.59,41.79,,,,
2011-11-11,46,48.79,46,47.79,,,,
2011-11-14,47,48,45,46,,,,
2011-11-15,46.4,48.79,43.2,47.4,,,,
2011-11-16,45.2,47.4,41.79,41.79,,,,
2011-11-17,38.79,41.2,33.59,34.79,,,,
2011-11-18,35.4,36.59,30.79,32,,,,
2011-11-21,26.39,28.39,23.79,27.2,,,,
2011-11-22,25,26.79,23.79,24.79,,,,
2011-11-23,21.39,21.79,18.79,18.79,,,,
2011-11-25,20,21.2,18.39,18.39,,,,
2011-11-28,26.6,27.39,24.39,26,,,,
2011-11-29,26.39,28.6,26.39,27.2,,,,
2011-11-30,36.4,41.2,36.4,41.2,,,,
2011-12-01,41.2,42.79,40,40.68,,,,
2011-12-02,43.48,45.09,40.79,40.79,,,,
2011-12-05,45.4,47.4,43.79,45.2,,,,
2011-12-06,44.79,46.4,43.59,44.68,,,,
2011-12-07,40.88,45.69,40.08,45.09,,,,
2011-12-08,42.68,42.68,36.07,36.07,,,,
2011-12-09,39.87,46.69,39.87,45.29,,,,
2011-12-12,38.47,39.27,35.27,38.07,,,,
2011-12-13,43.48,43.68,34.46,34.93,,,,
2011-12-14,34.33,34.33,30.52,31.12,,,,
2011-12-15,34.73,35.34,32.32,34.33,,,,
2011-12-16,36.47,37.67,34.46,35.87,,,,
2011-12-19,37.07,37.07,30.66,31.06,,,,
2011-12-20,38.67,40.08,37.87,39.15,,,,
2011-12-21,38.75,41.76,37.95,41.76,,,,
2011-12-22,44.77,45.58,43.57,44.57,,,,
2011-12-23,45.38,47.18,45.38,47.18,,,,
2011-12-27,47.18,49.19,46.78,47.79,,,,
2011-12-28,46.58,46.58,43.57,43.77,,,,
2011-12-29,44.97,47.38,44.97,47.38,,,,
2011-12-30,46.78,47.79,46.58,46.58,,,,
2012-01-03,53.81,54.41,50,50.6,,,,
2012-01-04,48.59,50.4,47.79,50,,,,
2012-01-05,45.98,51.2,45.78,51,,,,
2012-01-06,50.2,53.01,48.79,49.59,,,,
2012-01-09,50.2,52,49.19,51.6,,,,
2012-01-10,56.22,58.83,56.22,58.03,,,,
2012-01-11,56.82,58.23,55.82,58.03,,,,
2012-01-12,56.62,58.03,55.62,57.83,,,,
2012-01-13,54.61,55.62,53.81,54.81,,,,
2012-01-17,59.83,60.64,56.62,57.79,,,,
2012-01-18,58.2,62.2,58.2,62.2,,,,
2012-01-19,63.4,66.59,63.2,65.8,,,,
2012-01-20,66.4,67,64.59,67,,,,
2012-01-23,67.8,69,65.19,66.8,,,,
2012-01-24,64.8,67.8,64.59,67.19,,,,
2012-01-25,66.8,71.19,66,71.19,,,,
2012-01-26,72.59,72.59,68.59,69,,,,
2012-01-27,68.19,69.59,67.59,68.59,,,,
2012-01-30,65.59,66.19,64.19,65.8,,,,
2012-01-31,67.8,67.8,65.59,67.19,,,,
2012-02-01,70.4,73.59,70.19,71.8,,,,
2012-02-02,72.4,73.19,71.59,72.8,,,,
2012-02-03,76.8,78.19,76.8,77.59,,,,
2012-02-06,76.4,77.4,76.4,77.19,,,,
2012-02-07,76.59,77.59,75.4,77.4,,,,
2012-02-08,78,78.8,76.8,78.8,,,,
2012-02-09,78.19,78.4,76.59,77.4,,,,
2012-02-10,75.59,76.59,74.4,76.19,,,,
2012-02-13,78.4,78.4,77,77.19,,,,
2012-02-14,77.19,77.19,74.59,76.59,,,,
2012-02-15,76.8,78.4,75.19,75.4,,,,
2012-02-16,77.4,81.4,76.19,81.4,,,,
2012-02-17,82.19,82.19,81,81.19,,,,
2012-02-21,81.4,82.59,80,80.8,,,,
2012-02-22,80.19,80.59,79,79.8,,,,
2012-02-23,79.8,81.4,79.8,81.19,,,,
2012-02-24,80.59,81.8,80.19,80.59,,,,
2012-02-27,78.19,82,78.19,81.19,,,,
2012-02-28,80,81,79.8,81,,,,
2012-02-29,81.19,81.4,79.19,79.59,,,,
2012-03-01,80.8,81.19,80,81.19,,,,
2012-03-02,80.4,81.4,79.19,80,,,,
2012-03-05,80,80,78.4,79.8,,,,
2012-03-06,76.4,76.4,73.59,74.4,,,,
2012-03-07,75,76.8,75,76.19,,,,
2012-03-08,78.4,79.8,77,79.19,,,,
2012-03-09,79.4,81.19,79.4,80.8,,,,
2012-03-12,81.19,81.19,79.8,80.59,,,,
2012-03-13,81.8,84,81.59,84,,,,
2012-03-14,83.8,84,81.59,82.16,,,,
2012-03-15,81.56,83.56,81.16,83.56,,,,
2012-03-16,83.76,85.17,83.76,85.17,,,,
2012-03-19,84.16,85.77,84.16,84.16,,,,
2012-03-20,84.16,84.76,83.76,84.36,,,,
2012-03-21,84.16,84.36,82.76,83.16,,,,
2012-03-22,82.16,82.36,81.56,81.96,,,,
2012-03-23,81.96,83.16,81.76,82.36,,,,
2012-03-26,84.96,85.77,83.96,85.77,,,,
2012-03-27,86.37,87.17,85.17,85.57,,,,
2012-03-28,84.96,84.96,83.36,83.96,,,,
2012-03-29,82.96,83.96,82.76,83.56,,,,
2012-03-30,83.96,84.76,83.76,84.16,,,,
2012-04-02,84.56,86.17,84.36,85.57,,,,
2012-04-03,85.17,85.77,83.8,84.56,,,,
2012-04-04,83.96,83.96,83.16,83.16,,,,
2012-04-05,82.76,83.36,81.76,82.56,,,,
2012-04-09,79.95,79.95,78.95,79.35,,,,
2012-04-10,79.55,79.55,73.14,73.34,,,,
2012-04-11,77.55,78.75,75.95,76.35,,,,
2012-04-12,77.75,80.76,77.75,80.76,,,,
2012-04-13,80.16,80.16,77.55,77.55,,,,
2012-04-16,78.75,78.75,76.75,77.35,,,,
2012-04-17,79.35,81.16,78.95,80.96,,,,
2012-04-18,80.56,80.76,79.15,79.95,,,,
2012-04-19,79.75,80.36,78.55,78.95,,,,
2012-04-20,79.35,79.95,78.55,78.75,,,,
2012-04-23,76.15,76.35,74.74,75.75,,,,
2012-04-24,75.35,76.95,74.94,75.75,,,,
2012-04-25,78.75,79.55,77.75,79.15,,,,
2012-04-26,78.55,80.96,78.55,80.76,,,,
2012-04-27,80.76,81.36,80.36,80.76,,,,
2012-04-30,79.75,80.56,79.35,80.16,,,,
2012-05-01,80.16,82.8,79.75,81.8,,,,
2012-05-02,79.4,80.8,79,79.8,,,,
2012-05-03,79.59,79.59,76.19,77,,,,
2012-05-04,76,76.4,71.4,72.19,,,,
2012-05-07,71.59,72.8,70.4,71.59,,,,
2012-05-08,69.8,71.8,67,71.59,,,,
2012-05-09,66.8,69.4,65.4,67.59,,,,
2012-05-10,70.8,71.4,69.19,69.59,,,,
2012-05-11,68.8,70.59,68.19,68.4,,,,
2012-05-14,63.59,66.8,63.59,65.59,,,,
2012-05-15,64.59,65.8,61.79,62.4,,,,
2012-05-16,63.59,64.8,59.4,59.4,,,,
2012-05-17,59,59,53.79,53.79,,,,
2012-05-18,54.79,55.79,49.59,50.2,,,,
2012-05-21,52,56.4,50.2,56.4,,,,
2012-05-22,57.79,60.2,55.79,56.59,,,,
2012-05-23,53,57.79,51.59,57.11,,,,
2012-05-24,57.71,58.31,54.3,56.91,,,,
2012-05-25,56.71,59.11,54.9,55.71,,,,
2012-05-29,60.64,62.24,57.02,60.44,,,,
2012-05-30,54.61,54.81,53.01,53.21,,,,
2012-05-31,50.8,53.41,49.39,52,,,,
2012-06-01,46.98,46.98,42.36,42.59,,,,
2012-06-04,42.59,42.79,38.59,41.79,,,,
2012-06-05,41.2,44.79,41.2,44.4,,,,
2012-06-06,48.4,52.59,48.4,52.5,,,,
2012-06-07,55.71,55.71,51.7,51.9,,,,
2012-06-08,50.5,54.5,50.5,51.9,,,,
2012-06-11,54.7,55.11,50.1,50.1,,,,
2012-06-12,50.5,53.3,49.29,53.1,,,,
2012-06-13,51.5,52.7,49.69,50.5,,,,
2012-06-14,50.5,52.5,50.5,52.3,,,,
2012-06-15,53.1,56.31,53.1,56.11,,,,
2012-06-18,55.11,57.31,53.9,56.11,,,,
2012-06-19,57.91,62.52,57.91,61.72,,,,
2012-06-20,60.52,62.12,59.31,61.72,,,,
2012-06-21,60.32,60.32,52.5,52.5,,,,
2012-06-22,53.7,54.9,52.1,54.5,,,,
2012-06-25,50.1,50.1,48.09,49.09,,,,
2012-06-26,50.1,51.7,47.29,50.3,,,,
2012-06-27,51.3,54.9,50.9,54.5,,,,
2012-06-28,50.7,52.5,47.89,52.5,,,,
2012-06-29,58.51,61.24,58.51,61.24,,,,
2012-07-02,62.24,62.24,58.83,60.44,,,,
2012-07-03,61.04,64.25,61.04,64.25,,,,
2012-07-05,62.17,63.98,60.56,62.77,,,,
2012-07-06,58.95,59.55,57.34,59.15,,,,
2012-07-09,57.74,57.74,55.33,56.94,,,,
2012-07-10,59.15,59.15,52.51,53.92,,,,
2012-07-11,53.31,55.33,52.31,54.72,,,,
2012-07-12,48.49,52.51,48.08,50.5,,,,
2012-07-13,54.52,57.54,54.52,57.54,,,,
2012-07-16,55.13,56.53,53.92,55.93,,,,
2012-07-17,56.13,57.74,53.11,57.34,,,,
2012-07-18,57.74,60.76,57.74,60.56,,,,
2012-07-19,61.77,62.97,60.16,62.37,,,,
2012-07-20,58.35,59.75,55.93,56.53,,,,
2012-07-23,51.5,52.71,50.5,52.31,,,,
2012-07-24,51.91,51.91,47.28,49.89,,,,
2012-07-25,51.91,52.51,48.69,50.5,,,,
2012-07-26,54.92,56.33,53.11,56.13,,,,
2012-07-27,57.54,64.38,57.54,63.38,,,,
2012-07-30,62.37,62.97,60.16,61.89,,,,
2012-07-31,62.09,62.09,59.47,59.47,,,,
2012-08-01,59.67,60.08,58.06,58.46,,,,
2012-08-02,54.43,56.04,51,53.42,,,,
2012-08-03,60.48,63.3,60.48,62.09,,,,
2012-08-06,63.1,64.71,63.1,63.1,,,,
2012-08-07,66.73,69.95,66.73,68.54,,,,
2012-08-08,67.94,69.15,66.33,68.95,,,,
2012-08-09,69.55,70.16,67.94,69.55,,,,
2012-08-10,67.94,68.75,66.93,68.75,,,,
2012-08-13,68.75,69.15,66.33,68.14,,,,
2012-08-14,69.75,69.75,66.59,67,,,,
2012-08-15,67.4,68.59,67.19,68.19,,,,
2012-08-16,67.8,71.59,67.8,71,,,,
2012-08-17,71.4,71.8,70.4,71.19,,,,
2012-08-20,71.4,71.4,68,71.19,,,,
2012-08-21,71.8,74.8,71.19,71.19,,,,
2012-08-22,70,70.8,68,70.19,,,,
2012-08-23,68.59,68.59,65.19,65.59,,,,
2012-08-24,64.59,68.19,64.19,67.59,,,,
2012-08-27,67,68,66.59,66.8,,,,
2012-08-28,67,67.4,65.8,66.59,,,,
2012-08-29,66.4,68.19,66.19,68,,,,
2012-08-30,64.59,64.59,62.79,63.79,,,,
2012-08-31,66.19,67.4,63.79,66,,,,
2012-09-04,64.59,66,63,65,,,,
2012-09-05,64.19,65,62.59,63.2,,,,
2012-09-06,66.59,71.19,66.59,70.8,,,,
2012-09-07,73.8,74,72.8,73.8,,,,
2012-09-10,73.19,75,72,72,,,,
2012-09-11,72.59,75.19,72.59,74,,,,
2012-09-12,75,75,73.4,74.19,,,,
2012-09-13,73.4,78.8,72.4,78.59,,,,
2012-09-14,79.59,82.19,78.4,78.59,,,,
2012-09-17,78,78.4,75.4,76.59,,,,
2012-09-18,75.4,76.4,74.59,76.4,,,,
2012-09-19,75,77,74.59,76.19,,,,
2012-09-20,74,75.4,72.59,75.4,,,,
2012-09-21,75.19,75.59,74.4,75,,,,
2012-09-24,74,74.8,73.59,74,,,,
2012-09-25,73.8,74.19,70.4,70.4,,,,
2012-09-26,68,68.59,66.4,67.59,,,,
2012-09-27,69.59,71,67.59,70.4,,,,
2012-09-28,67.4,70,66.4,68.8,,,,
2012-10-01,69.4,71,67,67.59,,,,
2012-10-02,68.8,68.8,66.4,67.73,,,,
2012-10-03,66.73,68.53,66.53,67.53,,,,
2012-10-04,68.33,71.14,68.13,70.34,,,,
2012-10-05,72.94,73.54,69.33,70.14,,,,
2012-10-08,69.33,70.4,69.13,70.19,,,,
2012-10-09,69.19,69.4,65.59,65.8,,,,
2012-10-10,65.19,65.8,63.4,64,,,,
2012-10-11,65.4,67.19,65.4,65.4,,,,
2012-10-12,65,66.19,62.59,63.2,,,,
2012-10-15,64,67.19,62.79,66.19,,,,
2012-10-16,68.59,70.4,68.59,70.4,,,,
2012-10-17,69.8,72.8,69.8,72.19,,,,
2012-10-18,70.19,72,70,71,,,,
2012-10-19,67.59,69.19,65.8,66.59,,,,
2012-10-22,66.19,67.59,64,66.19,,,,
2012-10-23,60.79,62.4,59,61,,,,
2012-10-24,60.59,61,58.59,59.2,,,,
2012-10-25,60.59,61.59,58.2,61.2,,,,
2012-10-26,60.79,61.4,58.59,60.2,,,,
2012-10-31,61.2,62.4,58.4,60.4,,,,
2012-11-01,62.4,65.59,62.4,65.4,,,,
2012-11-02,65.8,65.8,60.79,60.79,,,,
2012-11-05,59.4,62,59.4,61.59,,,,
2012-11-06,63.2,65.8,62.59,65,,,,
2012-11-07,60.2,60.2,54.79,56.79,,,,
2012-11-08,58.2,58.2,50,50,,,,
2012-11-09,51.2,54.4,50.4,51.2,,,,
2012-11-12,51.2,52.2,50.59,51.59,,,,
2012-11-13,50.4,54.59,50.2,50.2,,,,
2012-11-14,51.2,52.2,43,43.2,,,,
2012-11-15,45.2,45.4,42.59,44.59,,,,
2012-11-16,43,47.4,41.79,47,,,,
2012-11-19,52,52.2,51,52,,,,
2012-11-20,50.79,53.4,50.59,52.59,,,,
2012-11-21,53.4,53.79,52.79,53.59,,,,
2012-11-23,56.2,60.79,56.2,60.79,,,,
2012-11-26,58.79,59,57.59,58.79,,,,
2012-11-27,59.59,60,57.59,57.59,,,,
2012-11-28,54,60.59,52.79,60.59,,,,
2012-11-29,62.79,62.79,61.4,62.2,,,,
2012-11-30,62.2,63,60.4,62.59,,,,
2012-12-03,63.59,63.59,60,60.2,,,,
2012-12-04,60.2,60.59,58,58.91,,,,
2012-12-05,60.12,62.72,58.31,62.32,,,,
2012-12-06,62.72,63.32,61.12,62.72,,,,
2012-12-07,63.92,64.52,61.92,64.12,,,,
2012-12-10,64.72,65.93,64.32,64.92,,,,
2012-12-11,66.93,68.33,65.73,66.93,,,,
2012-12-12,67.33,70.14,66.53,66.53,,,,
2012-12-13,66.53,67.73,63.52,64.12,,,,
2012-12-14,65.13,65.93,63.52,63.92,,,,
2012-12-17,65.53,68.13,65.53,68.13,,,,
2012-12-18,70.14,73.34,70.14,73.14,,,,
2012-12-19,74.34,74.54,71.34,71.34,,,,
2012-12-20,70.74,73.34,70.54,73.34,,,,
2012-12-21,70.14,71.14,68.13,70.14,,,,
2012-12-24,68.73,69.13,68.13,68.93,,,,
2012-12-26,68.93,68.93,65.73,65.73,,,,
2012-12-27,66.13,66.53,60.52,66.13,,,,
2012-12-28,62.32,65.13,61.12,61.12,,,,
2012-12-31,60.92,69.13,60.52,69.13,,,,
2013-01-02,74.14,76.95,72.94,76.95,,,,
2013-01-03,77.35,78.15,76.15,77.19,,,,
2013-01-04,77.4,80,77.4,79.19,,,,
2013-01-07,77.59,78.19,76.4,77,,,,
2013-01-08,76.8,76.8,75.4,76.19,,,,
2013-01-09,76.19,77.59,75.8,76.4,,,,
2013-01-10,77.19,78.8,77.19,78.8,,,,
2013-01-11,78.19,78.8,77.8,78.19,,,,
2013-01-14,79.4,80.59,78.59,80.4,,,,
2013-01-15,78.59,80.59,78.59,80.4,,,,
2013-01-16,79.4,80,79.19,79.8,,,,
2013-01-17,80.8,82.19,80.8,81.59,,,,
2013-01-18,82.19,83,81.59,83,,,,
2013-01-22,82.59,84,82.59,84,,,,
2013-01-23,84,84.19,83.8,83.8,,,,
2013-01-24,85.8,86,84.59,85.37,,,,
2013-01-25,86.17,86.17,85.37,85.57,,,,
2013-01-28,85.77,85.77,84.16,84.4,,,,
2013-01-29,84.19,86.4,84.19,86.19,,,,
2013-01-30,85.8,86.19,84.8,85.19,,,,
2013-01-31,86.4,86.4,84.59,85.4,,,,
2013-02-01,86.8,87,86.19,86.19,,,,
2013-02-04,86.19,86.19,83.59,83.8,,,,
2013-02-05,85.59,86.19,85.19,86,,,,
2013-02-06,85.8,87,85.8,86.59,,,,
2013-02-07,86.19,86.8,85,86.19,,,,
2013-02-08,86.8,87.59,86.4,87.59,,,,
2013-02-11,87,87.19,86.59,87,,,,
2013-02-12,87.19,87.8,86.4,87.19,,,,
2013-02-13,87.4,87.8,86.4,86.59,,,,
2013-02-14,85.19,85.59,85,85.19,,,,
2013-02-15,85,86,84.19,85.4,,,,
2013-02-19,86,86.19,85.4,86.19,,,,
2013-02-20,86,86.4,83.8,84.19,,,,
2013-02-21,82.19,83.19,81,81.8,,,,
2013-02-22,82.19,83.19,82,83.19,,,,
2013-02-25,83.19,83.4,79.4,79.4,,,,
2013-02-26,79.8,80.19,78.59,79.59,,,,
2013-02-27,80,82.59,80,81.8,,,,
2013-02-28,82.8,83.59,81.59,81.59,,,,
2013-03-01,80.8,81.8,80.4,81.59,,,,
2013-03-04,82.59,83.4,82,82.8,,,,
2013-03-05,84.19,85,84.19,84.4,,,,
2013-03-06,85.19,85.19,83.8,84,,,,
2013-03-07,84.59,84.59,83.19,84,,,,
2013-03-08,84.19,85.4,83.59,85,,,,
2013-03-11,84.59,85.4,84.59,85.19,,,,
2013-03-12,84.8,85.4,84.59,85,,,,
2013-03-13,84.8,85.8,84.8,85.19,,,,
2013-03-14,86,86.19,85.4,86,,,,
2013-03-15,85.8,86.19,85.59,86,,,,
2013-03-18,85,86.4,85,85.59,,,,
2013-03-19,85.4,85.8,83.4,85.19,,,,
2013-03-20,85.59,86.4,85.59,85.8,,,,
2013-03-21,85.8,86.19,85,85.19,,,,
2013-03-22,85.8,86,84.59,85.4,,,,
2013-03-25,86.4,86.4,85,85.4,,,,
2013-03-26,86,86.59,85.8,86.59,,,,
2013-03-27,85.59,87,85.59,86.59,,,,
2013-03-28,86.8,87.4,86.59,87.4,,,,
2013-04-01,87,87,85.59,86.4,,,,
2013-04-02,87.59,87.59,85.19,86.4,,,,
2013-04-03,86,86,83.4,83.8,,,,
2013-04-04,84.19,84.59,83.4,84.19,,,,
2013-04-05,82.8,84.4,82.59,84.4,,,,
2013-04-08,84,85.4,83.8,85.19,,,,
2013-04-09,85.19,87.59,85.19,87,,,,
2013-04-10,87.4,88.59,87.4,88.4,,,,
2013-04-11,88.8,89.59,88.59,89,,,,
2013-04-12,88.4,88.8,87.19,88.8,,,,
2013-04-15,86.59,86.59,82.59,82.59,,,,
2013-04-16,84.59,85.19,83.4,85.19,,,,
2013-04-17,82.8,83,80.8,81.4,,,,
2013-04-18,80.8,81.8,79.8,81,,,,
2013-04-19,79.4,81.8,79.4,81.8,,,,
2013-04-22,80.4,82.59,80,81.8,,,,
2013-04-23,82.59,83.8,82,83.59,,,,
2013-04-24,85.4,86.4,85,86,,,,
2013-04-25,85.4,86.8,85.19,86.59,,,,
2013-04-26,85.19,85.59,83.59,85.19,,,,
2013-04-29,85,86.59,85,85.8,,,,
2013-04-30,85,87,84.59,87,,,,
2013-05-01,85.8,86.4,84.8,85.37,,,,
2013-05-02,85.57,87.37,85.57,86.97,,,,
2013-05-03,89.17,89.77,88.97,89.37,,,,
2013-05-06,89.37,90.38,89.17,89.57,,,,
2013-05-07,90.38,90.98,90.18,90.98,,,,
2013-05-08,91.18,92,91.18,92,,,,
2013-05-09,91.8,92,91.19,91.59,,,,
2013-05-10,91.59,92.59,91.59,92.59,,,,
2013-05-13,92.4,92.4,91.4,92,,,,
2013-05-14,92.19,93.4,92.19,92.98,,,,
2013-05-15,92.78,93.38,92.78,93.38,,,,
2013-05-16,93.38,93.58,92.98,92.98,,,,
2013-05-17,92.98,93.38,92.98,93.38,,,,
2013-05-20,92.98,93.78,92.98,93.18,,,,
2013-05-21,93.78,93.98,93.18,93.38,,,,
2013-05-22,93.38,93.78,92.78,92.78,,,,
2013-05-23,92.18,92.58,91.58,92.58,,,,
2013-05-24,91.58,91.78,90.78,91.58,,,,
2013-05-28,92.38,92.38,91.38,91.98,,,,
2013-05-29,90.58,90.98,89.57,90.38,,,,
2013-05-30,90.98,91.18,90.18,90.18,,,,
2013-05-31,90.38,90.38,87.97,87.97,,,,
2013-06-03,87.37,88.37,86.97,88.37,,,,
2013-06-04,88.57,89.37,86.57,86.77,,,,
2013-06-05,86.77,87.17,84.76,84.76,,,,
2013-06-06,85.37,87.57,83.56,87.57,,,,
2013-06-07,86.57,89.77,86.57,89.37,,,,
2013-06-10,88.37,89.17,88.17,88.57,,,,
2013-06-11,85.77,87.77,84.53,84.53,,,,
2013-06-12,86.34,86.34,80.92,81.32,,,,
2013-06-13,81.32,87.14,81.32,87.14,,,,
2013-06-14,87.34,88.15,86.34,86.94,,,,
2013-06-17,88.55,89.35,87.55,87.95,,,,
2013-06-18,88.55,89.55,88.55,89.35,,,,
2013-06-19,88.95,89.35,83.93,83.93,,,,
2013-06-20,79.51,79.51,74.29,75.1,,,,
2013-06-21,77.1,77.3,73.49,76.1,,,,
2013-06-24,70.28,76.1,68.47,71.88,,,,
2013-06-25,75.9,76.3,74.49,76.1,,,,
2013-06-26,79.91,79.91,77.51,79.11,,,,
2013-06-27,81.32,83.13,81.32,82.32,,,,
2013-06-28,80.32,83.33,79.91,81.52,,,,
2013-07-01,82.53,83.93,81.59,82,,,,
2013-07-02,82.59,83,81.4,82.19,,,,
2013-07-03,80.59,81.4,79,80.59,,,,
2013-07-05,81.8,82.8,79.4,82.8,,,,
2013-07-08,82.8,83.8,82.8,83.4,,,,
2013-07-09,83.8,86,83.8,85.19,,,,
2013-07-10,84.4,85.8,84,85.19,,,,
2013-07-11,88.4,90,88.4,90,,,,
2013-07-12,89.19,90.4,89,90.4,,,,
2013-07-15,90,90.59,89.19,90.19,,,,
2013-07-16,90,90.4,89.59,90.19,,,,
2013-07-17,90,90.4,89.4,89.59,,,,
2013-07-18,89.8,90,89.19,89.4,,,,
2013-07-19,89.19,89.59,88.8,89.59,,,,
2013-07-22,89,89.59,89,89.19,,,,
2013-07-23,89.59,90.19,89.4,89.59,,,,
2013-07-24,88.59,89,87.59,87.8,,,,
2013-07-25,88.4,89.19,87.8,89,,,,
2013-07-26,87.59,88.19,85.8,88.19,,,,
2013-07-29,87.59,87.8,86.4,87.59,,,,
2013-07-30,86.8,87.8,86.8,87.4,,,,
2013-07-31,86.4,87.59,86,86.19,,,,
2013-08-01,88,88.59,87.59,88.59,,,,
2013-08-02,88.59,88.8,88,88.19,,,,
2013-08-05,88.19,88.4,87.19,87.4,,,,
2013-08-06,87.8,87.8,86,86.59,,,,
2013-08-07,86.59,86.59,86,86.59,,,,
2013-08-08,87,87.19,85.4,86.19,,,,
2013-08-09,86.4,88.19,86.4,87.19,,,,
2013-08-12,86.19,86.4,85.59,86,,,,
2013-08-13,86,86.19,85,85.8,,,,
2013-08-14,85.4,85.8,84.59,85.19,,,,
2013-08-15,81.8,81.8,80.4,81,,,,
2013-08-16,80.19,81,78.4,79.19,,,,
2013-08-19,78.4,79,76.4,76.4,,,,
2013-08-20,77,79.8,77,78.8,,,,
2013-08-21,77.4,78.59,75.8,76,,,,
2013-08-22,77.4,79.19,77.4,79,,,,
2013-08-23,79,79.19,78.4,79,,,,
2013-08-26,79.19,79.59,78.19,78.19,,,,
2013-08-27,75.4,76.4,73.59,74,,,,
2013-08-28,73.59,74.8,72.4,73.8,,,,
2013-08-29,73.4,75.19,73.4,74.19,,,,
2013-08-30,74.19,74.59,71.8,73.4,,,,
2013-09-03,75.4,75.4,71.19,73,,,,
2013-09-04,72.19,75.19,72.19,74.19,,,,
2013-09-05,75,76,74.8,75.4,,,,
2013-09-06,73.59,76.19,73,73.8,,,,
2013-09-09,75.4,77.8,75.4,77.59,,,,
2013-09-10,78.4,79.19,77.8,79.19,,,,
2013-09-11,79.8,80.8,79.4,80.59,,,,
2013-09-12,80.59,80.59,78.19,78.55,,,,
2013-09-13,78.75,79.75,78.35,79.55,,,,
2013-09-16,81.36,81.96,80.76,80.96,,,,
2013-09-17,81.36,82.16,80.76,81.76,,,,
2013-09-18,81.76,86.77,80.76,86.37,,,,
2013-09-19,86.17,86.77,85.17,85.17,,,,
2013-09-20,84.16,84.76,82.36,82.36,,,,
2013-09-23,81.76,81.96,80.36,81.36,,,,
2013-09-24,79.95,82.36,79.35,80.56,,,,
2013-09-25,80.16,81.16,78.95,79.35,,,,
2013-09-26,79.75,80.36,78.75,79.95,,,,
2013-09-27,78.35,78.55,76.75,77.15,,,,
2013-09-30,75.55,76.15,74.94,75.7,,,,
2013-10-01,76.7,78.51,76.7,77.71,,,,
2013-10-02,75.5,77.55,74.29,77.55,,,,
2013-10-03,76.75,76.75,73.74,74.94,,,,
2013-10-04,74.74,77.15,74.74,76.95,,,,
2013-10-07,74.94,76.55,74.94,75.55,,,,
2013-10-08,75.35,75.55,70.94,70.94,,,,
2013-10-09,70.34,72.8,68.59,71.4,,,,
2013-10-10,75.4,76.4,75,76.19,,,,
2013-10-11,76.4,78.8,76.4,78.8,,,,
2013-10-14,76.8,78.59,76.4,78.4,,,,
2013-10-15,77.59,78.4,76.4,76.4,,,,
2013-10-16,78.4,80.19,78.4,79.59,,,,
2013-10-17,79.4,82,78.59,81.59,,,,
2013-10-18,83,83.59,82.59,83.4,,,,
2013-10-21,82.4,83,82,83,,,,
2013-10-22,83.19,84.8,83.19,84.59,,,,
2013-10-23,83.4,84.19,83.19,83.59,,,,
2013-10-24,82.19,83.4,82.19,83.19,,,,
2013-10-25,82.4,84,82.4,84,,,,
2013-10-28,83.19,85,83.19,84,,,,
2013-10-29,84.59,85,84,84.8,,,,
2013-10-30,83.8,84.8,83,83.19,,,,
2013-10-31,82.59,83.59,81,82.36,,,,
2013-11-01,82.96,82.96,81.16,82.36,,,,
2013-11-04,83.56,83.96,81.96,83.96,,,,
2013-11-05,82.56,83.36,81.96,82.16,,,,
2013-11-06,83.16,84.36,82.96,83.96,,,,
2013-11-07,83.76,83.76,79.95,80.36,,,,
2013-11-08,79.35,80.36,78.15,80.36,,,,
2013-11-11,80.36,81.36,80.16,81.16,,,,
2013-11-12,80.36,81.16,79.35,80.56,,,,
2013-11-13,79.55,81.56,79.35,81.56,,,,
2013-11-14,81.36,83.36,81.16,82.36,,,,
2013-11-15,82.36,82.96,81.96,82.76,,,,
2013-11-18,82.96,83.36,82.16,82.36,,,,
2013-11-19,81.76,82.76,81.16,81.76,,,,
2013-11-20,81.76,82.96,79.95,79.95,,,,
2013-11-21,80.56,81.76,79.95,80.96,,,,
2013-11-22,80.96,82.76,80.96,82.56,,,,
2013-11-25,82.16,82.56,81.76,81.76,,,,
2013-11-26,80.96,81.76,80.96,81.16,,,,
2013-11-27,80.56,80.96,80.36,80.56,,,,
2013-11-29,80.96,81.36,80.16,80.16,,,,
2013-12-02,78.75,80.56,78.75,79.07,,,,
2013-12-03,79.07,79.87,78.26,79.67,,,,
2013-12-04,78.26,80.08,76.45,78.87,,,,
2013-12-05,77.46,78.67,77.26,78.06,,,,
2013-12-06,79.27,79.87,78.06,79.07,,,,
2013-12-09,80.08,80.48,79.47,80.08,,,,
2013-12-10,79.27,79.47,78.26,78.47,,,,
2013-12-11,78.26,78.26,76.65,76.81,,,,
2013-12-12,75.8,75.8,73.99,74.79,,,,
2013-12-13,75.6,75.8,75,75,,,,
2013-12-16,76.2,77.01,75.8,76.2,,,,
2013-12-17,75,76.2,74.79,75.4,,,,
2013-12-18,75.6,78.62,73.99,78.62,,,,
2013-12-19,78.02,78.42,76.81,78.22,,,,
2013-12-20,79.23,80.04,78.42,79.63,,,,
2013-12-23,80.44,81.04,79.83,81.04,,,,
2013-12-24,80.84,81.85,80.64,81.85,,,,
2013-12-26,82.05,82.25,81.65,82.05,,,,
2013-12-27,81.85,82.05,81.04,81.25,,,,
2013-12-30,81.65,82.05,81.45,81.85,,,,
2013-12-31,81.85,82.66,81.65,82.25,,,,
2014-01-02,81.04,81.25,79.43,80.04,,,,
2014-01-03,80.44,80.64,79.23,79.43,,,,
2014-01-06,79.23,79.63,77.91,78.71,,,,
2014-01-07,79.11,79.91,78.91,79.31,,,,
2014-01-08,78.91,79.71,78.11,78.11,,,,
2014-01-09,78.11,78.11,77.1,77.71,,,,
2014-01-10,78.51,79.11,78.11,79.11,,,,
2014-01-13,78.31,78.91,76.5,76.7,,,,
2014-01-14,77.71,79.11,77.51,78.71,,,,
2014-01-15,78.71,79.51,78.31,78.91,,,,
2014-01-16,78.51,78.71,77.91,78.71,,,,
2014-01-17,78.11,78.51,76.3,76.9,,,,
2014-01-21,78.11,78.11,74.89,77.51,,,,
2014-01-22,77.1,77.91,76.5,77.1,,,,
2014-01-23,75.3,75.3,72.69,73.69,,,,
2014-01-24,70.88,71.68,67.06,67.06,,,,
2014-01-27,69.07,69.07,64.65,66.66,,,,
2014-01-28,68.07,69.07,67.67,68.47,,,,
2014-01-29,66.86,68.07,65.46,66.66,,,,
2014-01-30,68.47,71.08,67.67,70.08,,,,
2014-01-31,67.26,70.28,67.06,69.07,,,,
2014-02-03,67.46,67.46,57.83,59.03,,,,
2014-02-04,59.23,63.25,59.23,62.24,,,,
2014-02-05,59.83,62.24,57.42,61.36,,,,
2014-02-06,63.17,67.2,63.17,66.8,,,,
2014-02-07,69.01,70.62,67.4,70.62,,,,
2014-02-10,70.22,72.23,70.02,71.22,,,,
2014-02-11,72.63,76.05,71.83,75.25,,,,
2014-02-12,76.05,76.45,74.44,75.45,,,,
2014-02-13,73.44,76.86,73.44,76.65,,,,
2014-02-14,75.85,77.86,75.85,77.46,,,,
2014-02-18,77.46,77.66,76.05,77.26,,,,
2014-02-19,76.65,78.47,74.64,75.05,,,,
2014-02-20,75.05,77.26,74.64,76.05,,,,
2014-02-21,76.86,78.47,76.45,76.45,,,,
2014-02-24,78.67,79.47,77.86,78.06,,,,
2014-02-25,76.65,77.86,76.45,76.86,,,,
2014-02-26,77.26,78.87,76.25,77.46,,,,
2014-02-27,77.46,78.47,76.45,78.26,,,,
2014-02-28,78.87,80.68,78.26,80.08,,,,
2014-03-03,78.47,78.47,76.45,77.4,,,,
2014-03-04,80.4,80.8,79.4,80.4,,,,
2014-03-05,79.4,80.4,79.19,79.4,,,,
2014-03-06,79.59,81,79.59,80,,,,
2014-03-07,80.59,81,79.59,80.59,,,,
2014-03-10,79.8,80,78.59,79.4,,,,
2014-03-11,80.19,80.4,79.19,79.8,,,,
2014-03-12,78.59,79.59,78.59,79.59,,,,
2014-03-13,80.4,80.59,77.19,77.59,,,,
2014-03-14,78,79,77,77.59,,,,
2014-03-17,79.59,80,78.8,79.4,,,,
2014-03-18,79.4,80.8,79.4,80.59,,,,
2014-03-19,80,81.19,77.59,78.19,,,,
2014-03-20,77.59,79.59,77.19,78.59,,,,
2014-03-21,81.19,81.59,78.8,79,,,,
2014-03-24,79.4,80,77.4,78.19,,,,
2014-03-25,79.4,79.4,78,78.8,,,,
2014-03-26,80.19,80.19,77.59,77.8,,,,
2014-03-27,75.8,78.19,75.8,76.8,,,,
2014-03-28,78.4,80,77.4,78,,,,
2014-03-31,80.59,81.19,80.19,81,,,,
2014-04-01,81.8,83.4,81.59,82.8,,,,
2014-04-02,83.19,84.4,82.8,84.19,,,,
2014-04-03,84.59,84.8,83.19,84.19,,,,
2014-04-04,84.59,85.8,81.8,82.19,,,,
2014-04-07,79.59,81,75.59,77,,,,
2014-04-08,78.4,80.19,77,79,,,,
2014-04-09,79.19,82.19,78.59,82,,,,
2014-04-10,82.59,82.59,74.4,74.4,,,,
2014-04-11,72.59,74,68.4,68.4,,,,
2014-04-14,70.59,71.88,67.46,71.88,,,,
2014-04-15,73.89,74.89,67.87,74.89,,,,
2014-04-16,76.3,77.1,75.5,77.1,,,,
2014-04-17,77.1,80.32,76.1,78.91,,,,
2014-04-21,78.8,79.59,77.8,79.59,,,,
2014-04-22,79.4,81.8,79.4,81.4,,,,
2014-04-23,81.19,81.19,80,80.8,,,,
2014-04-24,81.19,81.8,79.59,80.4,,,,
2014-04-25,78.59,78.59,75.8,76.4,,,,
2014-04-28,76,78.19,72.19,75.4,,,,
2014-04-29,76.19,77,75.19,76.59,,,,
2014-04-30,76.19,78.59,75.59,78.19,,,,
2014-05-01,77.8,79.4,76.8,77.8,,,,
2014-05-02,78.8,79.59,77,77.15,,,,
2014-05-05,74.74,78.15,74.74,77.75,,,,
2014-05-06,75.95,77.15,74.54,74.54,,,,
2014-05-07,75.75,76.55,72.94,76.55,,,,
2014-05-08,77.35,78.75,75.55,76.5,,,,
2014-05-09,74.89,78.31,74.49,78.31,,,,
2014-05-12,79.31,80.72,79.31,80.52,,,,
2014-05-13,80.92,80.92,79.91,80.32,,,,
2014-05-14,79.31,80.12,77.71,78.71,,,,
2014-05-15,74.89,74.89,71.48,73.89,,,,
2014-05-16,73.29,75.1,72.48,75.1,,,,
2014-05-19,75.3,77.3,75.1,77.1,,,,
2014-05-20,74.89,76.1,72.08,73.49,,,,
2014-05-21,76.1,76.5,74.89,75.9,,,,
2014-05-22,76.5,77.71,76.5,77.71,,,,
2014-05-23,77.3,78.51,77.3,78.51,,,,
2014-05-27,79.31,79.51,78.71,79.11,,,,
2014-05-28,79.31,80.52,78.31,79.11,,,,
2014-05-29,80.72,80.72,78.51,80.52,,,,
2014-05-30,79.91,80.72,79.11,80.32,,,,
2014-06-02,80.52,81.8,80.12,81.4,,,,
2014-06-03,80.19,81.4,79.8,80.59,,,,
2014-06-04,80.19,82.4,80.19,82.19,,,,
2014-06-05,82.19,84.8,81.19,83.8,,,,
2014-06-06,86,86.8,85.4,86.8,,,,
2014-06-09,87.59,87.59,86,86.8,,,,
2014-06-10,85.8,86.4,85.4,85.59,,,,
2014-06-11,84.4,84.8,83.8,84.59,,,,
2014-06-12,83,83,81.8,82.19,,,,
2014-06-13,81.8,83.59,81.59,83.59,,,,
2014-06-16,83.19,83.19,81.8,82.59,,,,
2014-06-17,82,85.4,82,84.59,,,,
2014-06-18,83.4,85.59,83,85.59,,,,
2014-06-19,85.59,85.59,84.19,85.4,,,,
2014-06-20,84.8,86,84.8,85.59,,,,
2014-06-23,85,86.19,85,86,,,,
2014-06-24,85.8,87,84.8,84.8,,,,
2014-06-25,84.4,85.19,84.4,85.19,,,,
2014-06-26,84.4,85,83.8,85,,,,
2014-06-27,84.8,85.4,84.59,85,,,,
2014-06-30,84.59,84.8,84,84.4,,,,
2014-07-01,85.19,87,85.19,86.59,,,,
2014-07-02,86.19,86.19,85.4,85.77,,,,
2014-07-03,87.17,88.17,86.97,87.97,,,,
2014-07-07,87.17,87.57,85.97,86.59,,,,
2014-07-08,86.19,86.19,84,85.19,,,,
2014-07-09,86.4,86.4,84.8,85.8,,,,
2014-07-10,82.8,84.8,82.59,84,,,,
2014-07-11,82.8,84.4,82.8,84.4,,,,
2014-07-14,85.19,86.4,84.8,85.19,,,,
2014-07-15,85.19,85.4,83,84.8,,,,
2014-07-16,85,85.4,84.4,85,,,,
2014-07-17,84.19,84.59,78.8,78.8,,,,
2014-07-18,81.8,83.59,81.19,83.59,,,,
2014-07-21,81.59,82,80.4,80.8,,,,
2014-07-22,82.19,83.19,82.19,82.8,,,,
2014-07-23,81.59,82.59,81.19,82.4,,,,
2014-07-24,83.19,84,82.19,83.8,,,,
2014-07-25,81.19,82.19,78.8,79.19,,,,
2014-07-28,78.19,79,75.8,78.4,,,,
2014-07-29,78.59,80,76.19,76.19,,,,
2014-07-30,77.59,77.59,74.59,76.4,,,,
2014-07-31,71.4,71.8,65.4,65.4,,,,
2014-08-01,65.59,67,61.4,62.79,,,,
2014-08-04,62.79,66.8,61.4,66.59,,,,
2014-08-05,64.19,65.4,61,61.4,,,,
2014-08-06,60.4,63.4,60.2,62.59,,,,
2014-08-07,63.79,64.59,58,58.79,,,,
2014-08-08,60.59,67,59.4,67,,,,
2014-08-11,68.8,70.4,67.59,67.8,,,,
2014-08-12,68,68.19,65.8,66.8,,,,
2014-08-13,67.8,70.8,66.19,69.4,,,,
2014-08-14,70.8,72.59,70.8,72.4,,,,
2014-08-15,73.8,74.19,66.8,70.19,,,,
2014-08-18,74.19,75.8,74.19,75.4,,,,
2014-08-19,76,78.19,76,78,,,,
2014-08-20,76.8,78.59,76.19,78.59,,,,
2014-08-21,78.59,81,78.19,80.19,,,,
2014-08-22,78.8,79.8,78.19,78.4,,,,
2014-08-25,80.19,81.4,80.19,81,,,,
2014-08-26,81,82.19,80,80,,,,
2014-08-27,81,81,79.8,80.59,,,,
2014-08-28,78.4,81,78.4,80,,,,
2014-08-29,80.19,80.8,79.19,80.8,,,,
2014-09-02,80.19,81.4,79.4,80.59,,,,
2014-09-03,81.8,82.19,79.4,80.4,,,,
2014-09-04,82.8,82.8,78.4,79.59,,,,
2014-09-05,79,81.19,77.59,81,,,,
2014-09-08,80.19,80.59,77.59,78.8,,,,
2014-09-09,77.8,78.19,74.59,74.8,,,,
2014-09-10,73.19,77.59,73,77.59,,,,
2014-09-11,74.8,77.4,74.4,77.19,,,,
2014-09-12,75.19,75.19,70.8,71.8,,,,
2014-09-15,70.59,73.19,69.8,72.19,,,,
2014-09-16,72.8,76.19,72.4,74.19,,,,
2014-09-17,75.8,77.4,73,75,,,,
2014-09-18,76.4,76.8,74,75.4,,,,
2014-09-19,77,78.19,73.8,74.8,,,,
2014-09-22,70.8,72,69.4,70.19,,,,
2014-09-23,67.4,69,64.19,64.19,,,,
2014-09-24,65.59,70,64.8,68.8,,,,
2014-09-25,66.19,66.19,60.79,60.79,,,,
2014-09-26,59.4,65.8,59.4,64.8,,,,
2014-09-29,60.2,64,59.59,63.59,,,,
2014-09-30,63.2,65.59,61.2,62,,,,
2014-10-01,59,60.2,54.79,56.4,,,,
2014-10-02,57.2,57.2,49.4,55.79,,,,
2014-10-03,58.59,61.79,58.59,60.79,,,,
2014-10-06,62.4,62.4,56.79,58.2,,,,
2014-10-07,54.79,56.79,49.4,49.4,,,,
2014-10-08,50.79,58.4,48.79,58.4,,,,
2014-10-09,57.4,57.4,50.4,50.4,,,,
2014-10-10,51,51,43.2,43.2,,,,
2014-10-13,44,44.4,38,38,,,,
2014-10-14,40,42,37,37.79,,,,
2014-10-15,34,37.59,29.2,35.79,,,,
2014-10-16,33.4,39,33.4,36.2,,,,
2014-10-17,41,43.2,40.59,41,,,,
2014-10-20,41.4,46,41.4,46,,,,
2014-10-21,50.2,56.2,50.2,55.79,,,,
2014-10-22,54.79,57.4,51.2,51.2,,,,
2014-10-23,55.4,58.2,55.4,56.4,,,,
2014-10-24,57.2,60,56,59.79,,,,
2014-10-27,57.79,60.4,57.59,60.4,,,,
2014-10-28,60.79,64.4,60.79,64.4,,,,
2014-10-29,66,66,62.2,63.4,,,,
2014-10-30,64.19,67.19,63,66.4,,,,
2014-10-31,69.19,71,68.59,71,,,,
2014-11-03,70.19,71.8,69.8,70.8,,,,
2014-11-04,70.19,70.4,68.8,70.4,,,,
2014-11-05,71.19,72,70.8,72,,,,
2014-11-06,72.59,74.8,72.4,74.8,,,,
2014-11-07,73.19,74.4,73,73.8,,,,
2014-11-10,74.19,74.8,73.4,74.59,,,,
2014-11-11,74.19,75,73.4,74.19,,,,
2014-11-12,72.8,74.4,72.8,74.4,,,,
2014-11-13,74,74.8,71.8,72,,,,
2014-11-14,71.8,73.19,71.8,72.59,,,,
2014-11-17,71.59,73.4,71.59,72.8,,,,
2014-11-18,73.59,74.8,73.59,74.59,,,,
2014-11-19,73.8,74,73.4,73.59,,,,
2014-11-20,74,74.8,74,74.4,,,,
2014-11-21,77.8,77.8,75.4,75.8,,,,
2014-11-24,76,76.59,75.19,76.4,,,,
2014-11-25,76.4,77.19,75.19,77,,,,
2014-11-26,75.59,76.19,75.19,76.19,,,,
2014-11-28,75.8,76,75.19,75.4,,,,
2014-12-01,74.59,75.19,73.8,74.4,,,,
2014-12-02,74.59,75.59,74.4,74.8,,,,
2014-12-03,75.8,76.59,75,75.95,,,,
2014-12-04,75.55,75.75,74.14,75.15,,,,
2014-12-05,76.15,76.55,75.75,75.95,,,,
2014-12-08,76.15,76.75,74.34,74.74,,,,
2014-12-09,73.34,75.55,72.74,75.55,,,,
2014-12-10,74.34,74.34,69.73,69.73,,,,
2014-12-11,72.34,72.54,70.94,71.34,,,,
2014-12-12,70.14,70.14,65.93,65.93,,,,
2014-12-15,67.33,67.33,63.72,65.33,,,,
2014-12-16,64.72,68.33,62.92,62.92,,,,
2014-12-17,64.52,68.13,62.72,67.93,,,,
2014-12-18,71.94,73.34,71.54,73.14,,,,
2014-12-19,74.54,75.55,74.14,74.94,,,,
2014-12-22,75.35,75.75,75.15,75.75,,,,
2014-12-23,75.95,76.35,75.95,75.95,,,,
2014-12-24,76.15,76.55,76.15,76.35,,,,
2014-12-26,76.55,77.15,76.55,76.95,,,,
2014-12-29,76.75,77.75,76.75,77.35,,,,
2014-12-30,76.75,77.15,76.35,76.55,,,,
2014-12-31,76.35,77.15,75.1,75.1,,,,
2015-01-02,76.1,76.1,73.69,75.5,,,,
2015-01-05,72.48,72.48,68.87,68.87,,,,
2015-01-06,68.27,69.27,64.65,66.13,,,,
2015-01-07,68.72,69.12,67.33,69.12,,,,
2015-01-08,71.31,72.7,71.11,72.5,,,,
2015-01-09,71.11,71.11,69.32,69.92,,,,
2015-01-12,67.52,68.32,67.13,67.72,,,,
2015-01-13,69.52,69.92,64.74,66.33,,,,
2015-01-14,62.74,63.34,60.15,62.54,,,,
2015-01-15,61.75,63.54,59.76,59.76,,,,
2015-01-16,60.35,62.74,58.76,62.74,,,,
2015-01-20,62.35,63.94,61.75,63.34,,,,
2015-01-21,63.34,65.73,63.34,65.33,,,,
2015-01-22,66.13,69.52,65.33,68.92,,,,
2015-01-23,67.52,68.72,66.53,67.33,,,,
2015-01-26,64.94,67.52,64.94,67.52,,,,
2015-01-27,64.54,65.93,63.14,64.34,,,,
2015-01-28,65.33,65.33,61.07,61.07,,,,
2015-01-29,60.87,63.87,59.88,63.47,,,,
2015-01-30,62.87,62.87,60.67,60.87,,,,
2015-02-02,59.88,63.27,57.88,63.2,,,,
2015-02-03,64,66.8,64,66.8,,,,
2015-02-04,66.59,67.59,66.19,66.19,,,,
2015-02-05,66.8,67.4,66.19,67.4,,,,
2015-02-06,68,70.19,68,68.59,,,,
2015-02-09,67.8,69,67.4,68.4,,,,
2015-02-10,68.4,69.8,67.8,69.8,,,,
2015-02-11,68.59,69.8,67.59,69.59,,,,
2015-02-12,70,72.4,70,72.4,,,,
2015-02-13,72.19,72.8,71,72.59,,,,
2015-02-17,71.8,73.4,71.59,73.19,,,,
2015-02-18,73,73,71.4,72.59,,,,
2015-02-19,71.8,74.19,71.59,72.94,,,,
2015-02-20,70.94,73.94,70.14,73.54,,,,
2015-02-23,72.34,72.94,72.14,72.74,,,,
2015-02-24,72.94,74.5,72.54,73.5,,,,
2015-02-25,73.7,74.3,72.7,73.3,,,,
2015-02-26,73.5,73.7,72.7,73.5,,,,
2015-02-27,72.7,73.7,72.5,72.9,,,,
2015-03-02,72.31,73.5,72.31,73.5,,,,
2015-03-03,73.3,73.7,72.11,73.3,,,,
2015-03-04,70.71,71.91,70.11,70.71,,,,
2015-03-05,69.32,70.51,69.32,70.31,,,,
2015-03-06,69.12,69.12,64.94,65.33,,,,
2015-03-09,65.73,65.93,65.33,65.73,,,,
2015-03-10,64.14,64.54,62.54,62.54,,,,
2015-03-11,62.54,62.54,60.75,60.95,,,,
2015-03-12,65.33,66.13,64.34,66.13,,,,
2015-03-13,64.74,64.74,61.55,63.47,,,,
2015-03-16,64.47,66.26,64.47,66.26,,,,
2015-03-17,65.06,65.66,64.27,64.27,,,,
2015-03-18,63.27,69.66,62.47,68.53,,,,
2015-03-19,67.53,67.93,65.93,66.53,,,,
2015-03-20,67.93,69.93,67.73,69.53,,,,
2015-03-23,70.14,70.74,69.53,69.53,,,,
2015-03-24,68.93,69.33,67.53,67.53,,,,
2015-03-25,68.73,68.73,62.52,62.52,,,,
2015-03-26,61.72,63.12,60.32,61.92,,,,
2015-03-27,60.92,62.12,60.92,61.32,,,,
2015-03-30,63.72,66.33,63.72,65.73,,,,
2015-03-31,63.72,65.93,63.12,63.32,,,,
2015-04-01,61.52,64.52,61.52,63.32,,,,
2015-04-02,63.92,64.92,63.92,64.72,,,,
2015-04-06,64.72,67.93,64.72,66.73,,,,
2015-04-07,66.93,66.93,65.33,65.33,,,,
2015-04-08,65.53,66.13,64.52,65.13,,,,
2015-04-09,65.13,66.53,64.12,66.33,,,,
2015-04-10,66.53,67.53,66.13,66.73,,,,
2015-04-13,66.53,67.73,65.13,65.13,,,,
2015-04-14,65.93,67.53,64.92,67.53,,,,
2015-04-15,69.33,71.14,69.13,70.54,,,,
2015-04-16,68.93,70.74,67.73,69.33,,,,
2015-04-17,66.13,66.53,64.12,65.73,,,,
2015-04-20,69.53,69.93,69.13,69.53,,,,
2015-04-21,69.33,69.33,66.13,66.73,,,,
2015-04-22,66.13,69.13,64.52,68.53,,,,
2015-04-23,67.73,71.54,67.13,69.33,,,,
2015-04-24,68.73,70.34,68.13,68.93,,,,
2015-04-27,68.93,70.74,67.93,67.93,,,,
2015-04-28,68.13,70.34,66.33,70.34,,,,
2015-04-29,69.93,71.14,67.33,69.13,,,,
2015-04-30,65.53,66.33,61.32,63.12,,,,
2015-05-01,66.13,68.13,64.52,67.73,,,,
2015-05-04,69.13,70.74,69.13,69.33,,,,
2015-05-05,69.53,69.53,62.52,63.12,,,,
2015-05-06,61.92,63.72,58.71,61.12,,,,
2015-05-07,61.92,63.52,60.92,63.52,,,,
2015-05-08,66.93,67.73,66.13,66.93,,,,
2015-05-11,67.13,68.13,66.13,66.13,,,,
2015-05-12,62.92,66.13,62.32,64.72,,,,
2015-05-13,65.73,66.33,64.52,65.13,,,,
2015-05-14,66.53,66.93,65.53,66.73,,,,
2015-05-15,66.13,68.13,66.13,67.33,,,,
2015-05-18,66.93,69.13,66.73,69.13,,,,
2015-05-19,67.53,69.13,67.53,67.93,,,,
2015-05-20,67.53,69.33,67.13,67.33,,,,
2015-05-21,67.53,69.33,67.53,68.53,,,,
2015-05-22,67.13,67.73,66.13,66.73,,,,
2015-05-26,63.12,63.12,61.92,62.52,,,,
2015-05-27,63.12,64.92,63.12,64.12,,,,
2015-05-28,62.72,64.12,62.72,64.12,,,,
2015-05-29,62.92,62.92,58.51,58.71,,,,
2015-06-01,58.31,62.54,57.51,60.55,,,,
2015-06-02,58.16,62.15,57.96,60.15,,,,
2015-06-03,59.76,61.55,59.16,60.95,,,,
2015-06-04,59.36,59.76,56.57,56.77,,,,
2015-06-05,53.98,56.97,53.98,56.17,,,,
2015-06-08,55.77,55.77,54.18,54.18,,,,
2015-06-09,53.18,54.98,52.78,53.38,,,,
2015-06-10,55.57,58.56,55.57,57.96,,,,
2015-06-11,59.16,59.16,57.56,57.76,,,,
2015-06-12,56.77,57.17,55.77,56.17,,,,
2015-06-15,52.58,54.38,51.79,53.4,,,,
2015-06-16,53.79,56,53.2,55.59,,,,
2015-06-17,56.4,58,53.59,56.59,,,,
2015-06-18,58.4,61.59,58.4,60.4,,,,
2015-06-19,59,60.2,58.2,58.4,,,,
2015-06-22,59.4,60.59,59,59.2,,,,
2015-06-23,58.79,59,58,59,,,,
2015-06-24,59,59,56.79,56.79,,,,
2015-06-25,56,56.79,54.59,55,,,,
2015-06-26,55,55.59,53.59,54.59,,,,
2015-06-29,52,53.2,47.4,47.49,,,,
2015-06-30,49.29,50.5,47.49,48.69,,,,
2015-07-01,50.3,50.5,49.29,50.4,,,,
2015-07-02,51.6,51.6,49.39,50.4,,,,
2015-07-06,48.69,50.7,47.48,49.39,,,,
2015-07-07,48.99,53.42,45.56,52.41,,,,
2015-07-08,49.59,49.59,44.15,44.64,,,,
2015-07-09,49.89,49.89,45.45,46.06,,,,
2015-07-10,49.69,50.1,48.28,49.49,,,,
2015-07-13,51.71,53.93,51.71,53.93,,,,
2015-07-14,53.93,54.94,53.53,54.34,,,,
2015-07-15,53.53,54.54,52.12,53.76,,,,
2015-07-16,55.75,56.34,54.96,56.15,,,,
2015-07-17,54.76,54.76,53.17,54.16,,,,
2015-07-20,53.37,54.36,53.17,53.96,,,,
2015-07-21,53.37,53.37,51,51,,,,
2015-07-22,51.8,53.01,51,51.6,,,,
2015-07-23,52,52.81,50,50.6,,,,
2015-07-24,49.79,50,47.38,48.39,,,,
2015-07-27,45.78,46.98,44.57,45.38,,,,
2015-07-28,46.58,49.59,46.18,48.89,,,,
2015-07-29,50.3,52.91,50.3,52.31,,,,
2015-07-30,50.5,51.91,50.5,51.3,,,,
2015-07-31,52.51,53.72,51.91,52.71,,,,
2015-08-03,50.5,52.51,49.89,51.71,,,,
2015-08-04,51.1,51.91,50.1,50.3,,,,
2015-08-05,53.11,53.11,51.1,51.3,,,,
2015-08-06,51.5,51.5,48.28,49.89,,,,
2015-08-07,48.89,51.59,48.49,51.59,,,,
2015-08-10,53.78,55.17,53.78,54.18,,,,
2015-08-11,52.58,54.38,52.19,52.39,,,,
2015-08-12,50,53.38,48.8,52.98,,,,
2015-08-13,52.78,53.58,52.39,52.78,,,,
2015-08-14,53.18,54.38,52.98,54.38,,,,
2015-08-17,52.19,55.77,52.19,55.57,,,,
2015-08-18,55.17,55.77,54.18,54.98,,,,
2015-08-19,53.18,55.17,52.19,53.58,,,,
2015-08-20,51.19,51.19,46.21,46.21,,,,
2015-08-21,42.03,42.82,34.06,34.06,,,,
2015-08-24,17.52,29.08,17.52,19.92,,,,
2015-08-25,24.3,25.49,17.13,17.13,,,,
2015-08-26,21.31,26.09,17.92,25.89,,,,
2015-08-27,30.27,33.06,27.09,32.27,,,,
2015-08-28,32.07,32.47,30.27,32.07,,,,
2015-08-31,30.47,31.27,28.68,29.28,,,,
2015-09-01,23.9,23.9,21.51,21.75,,,,
2015-09-02,23.15,26.14,21.95,26.14,,,,
2015-09-03,27.74,29.14,26.54,27.34,,,,
2015-09-04,25.54,25.54,23.35,24,,,,
2015-09-08,28,29.79,26.39,29.6,,,,
2015-09-09,30.6,31,26.39,26.6,,,,
2015-09-10,26.6,28.39,26,27.6,,,,
2015-09-11,27,29,26.39,28.79,,,,
2015-09-14,28.39,29,27.2,27.79,,,,
2015-09-15,28,31.6,28,31.2,,,,
2015-09-16,30.79,33.59,30.6,32.79,,,,
2015-09-17,33,36.59,31.79,31.79,,,,
2015-09-18,28.79,30.79,28,28.39,,,,
2015-09-21,30,30.6,27.6,28.6,,,,
2015-09-22,26.39,26.39,24.6,25.79,,,,
2015-09-23,25.39,26.79,25.39,26.6,,,,
2015-09-24,24.79,26.39,23,26.39,,,,
2015-09-25,26.6,29,25.39,27,,,,
2015-09-28,25.2,25.2,19.2,19.39,,,,
2015-09-29,19.79,21,19.2,20.6,,,,
2015-09-30,23.6,25,23,24.6,,,,
2015-10-01,24.2,26,22.6,26,,,,
2015-10-02,23,29.39,22.39,29.39,,,,
2015-10-05,32.4,34.85,32,34.85,,,,
2015-10-06,34.05,34.25,31.48,31.88,,,,
2015-10-07,33.46,34.65,31.28,34.65,,,,
2015-10-08,33.46,39,33.46,38.01,,,,
2015-10-09,38.21,38.41,35.64,36.63,,,,
2015-10-12,36.83,38.21,36.83,38.21,,,,
2015-10-13,37.42,38.41,35.84,36.03,,,,
2015-10-14,36.63,37.22,34.65,35.04,,,,
2015-10-15,36.23,39,35.24,39,,,,
2015-10-16,40,40.59,39,40.59,,,,
2015-10-19,39.6,40.59,38.61,40.59,,,,
2015-10-20,40.59,41.78,40.39,40.39,,,,
2015-10-21,41.38,41.38,37.42,38.01,,,,
2015-10-22,42.17,44.15,41.98,43.76,,,,
2015-10-23,44.35,45.74,43.56,45.54,,,,
2015-10-26,44.55,44.95,43.56,44.75,,,,
2015-10-27,43.76,44.55,42.17,44.35,,,,
2015-10-28,44.95,48.51,44.75,48.51,,,,
2015-10-29,48.31,48.71,46.73,48.31,,,,
2015-10-30,48.51,50.09,47.12,47.52,,,,
2015-11-02,49.5,53.46,49.5,53.26,,,,
2015-11-03,52.67,54.25,51.48,52.57,,,,
2015-11-04,52.18,52.97,50.19,50.79,,,,
2015-11-05,50.79,51.19,48.01,50.79,,,,
2015-11-06,51.19,51.19,47.42,49,,,,
2015-11-09,47.61,47.61,44.64,46.03,,,,
2015-11-10,46.03,47.22,45.03,47.22,,,,
2015-11-11,48.21,48.8,46.62,47.02,,,,
2015-11-12,43.45,45.43,39.48,39.68,,,,
2015-11-13,39.48,39.48,35.31,35.71,,,,
2015-11-16,37.5,42.46,37.3,42.46,,,,
2015-11-17,41.66,45.23,39.48,39.68,,,,
2015-11-18,42.65,47.42,42.46,47.42,,,,
2015-11-19,48.01,48.8,47.42,48.21,,,,
2015-11-20,50.19,50.99,48.8,50.29,,,,
2015-11-23,50.09,51.88,49.1,49.5,,,,
2015-11-24,48.31,49.9,46.52,49.3,,,,
2015-11-25,49.3,50.89,49.3,50.69,,,,
2015-11-27,49.9,51.49,49.3,51.49,,,,
2015-11-30,49.9,51.49,49.5,50.29,,,,
2015-12-01,52.88,52.88,51.29,52.68,,,,
2015-12-02,52.88,52.88,46.91,47.71,,,,
2015-12-03,46.71,46.71,40.35,42.09,,,,
2015-12-04,44.26,50.59,44.26,50.59,,,,
2015-12-07,49.01,49.01,47.43,48.61,,,,
2015-12-08,45.45,47.23,43.08,45.45,,,,
2015-12-09,46.24,47.23,39.32,41.5,,,,
2015-12-10,42.29,45.05,40.71,41.3,,,,
2015-12-11,38.14,38.33,34.78,35.17,,,,
2015-12-14,35.96,36.95,33,36.95,,,,
2015-12-15,40.51,44.07,40.51,42.37,,,,
2015-12-16,46.53,47.72,43.36,47.12,,,,
2015-12-17,46.13,46.33,43.36,43.36,,,,
2015-12-18,39.8,40.19,37.22,37.22,,,,
2015-12-21,38.61,40,37.22,40,,,,
2015-12-22,40.59,41.98,39.8,41.98,,,,
2015-12-23,42.97,45.34,42.97,45.14,,,,
2015-12-24,45.14,46.73,44.55,44.75,,,,
2015-12-28,43.96,44.15,43.16,44.15,,,,
2015-12-29,47.52,48.51,46.73,48.31,,,,
2015-12-30,46.73,48.11,44.95,45.03,,,,
2015-12-31,44.24,45.83,43.05,43.05,,,,
2016-01-04,37.89,37.89,34.32,37.89,,,,
2016-01-05,39.08,39.48,37.5,38.88,,,,
2016-01-06,34.32,36.3,33.73,35.91,,,,
2016-01-07,30.15,32.14,26.58,27.97,,,,
2016-01-08,28.76,28.76,23.01,23.01,,,,
2016-01-11,24.6,24.8,23.01,24.2,,,,
2016-01-12,25.59,26.58,23.01,26.19,,,,
2016-01-13,26.58,26.58,21.42,21.62,,,,
2016-01-14,22.02,24.2,20.23,23.01,,,,
2016-01-15,19.64,21.03,17.26,20.47,,,,
2016-01-19,21.66,22.26,20.07,21.07,,,,
2016-01-20,19.08,20.07,13.71,18.48,,,,
2016-01-21,18.29,20.47,17.49,17.89,,,,
2016-01-22,21.27,23.45,21.07,23.45,,,,
2016-01-25,21.27,22.86,20.07,20.07,,,,
2016-01-26,22.66,23.85,20.87,22.86,,,,
2016-01-27,23.26,25.44,21.47,22.46,,,,
2016-01-28,23.65,24.05,22.26,23.06,,,,
2016-01-29,24.05,29.02,24.05,29.02,,,,
2016-02-01,26.64,30.21,26.44,29.64,,,,
2016-02-02,27.07,27.66,26.48,26.53,,,,
2016-02-03,27.72,27.72,25.34,27.57,,,,
2016-02-04,27.18,29.16,27.18,27.77,,,,
2016-02-05,27.57,27.57,23.01,24.4,,,,
2016-02-08,21.42,21.62,18.65,21.42,,,,
2016-02-09,21.23,23.01,20.23,21.62,,,,
2016-02-10,23.01,23.8,21.82,21.82,,,,
2016-02-11,19.44,19.84,18.45,19.04,,,,
2016-02-12,20.23,23.8,20.03,23.8,,,,
2016-02-16,25.79,26.78,24.4,26.58,,,,
2016-02-17,27.57,30.35,27.38,30.15,,,,
2016-02-18,29.96,30.55,28.96,29.36,,,,
2016-02-19,27.97,29.96,27.97,29.96,,,,
2016-02-22,33.73,33.73,32.14,33.53,,,,
2016-02-23,32.93,32.93,31.34,32.4,,,,
2016-02-24,30.21,33.39,29.22,33.39,,,,
2016-02-25,33,35.58,32.8,35.58,,,,
2016-02-26,35.98,37.37,35.78,35.98,,,,
2016-02-29,35.71,36.9,34.52,34.52,,,,
2016-03-01,35.71,40.47,35.71,40.47,,,,
2016-03-02,40.07,41.86,38.69,41.86,,,,
2016-03-03,40.47,44.04,40.07,44.04,,,,
2016-03-04,42.85,47.22,42.85,44.44,,,,
2016-03-07,43.84,47.02,43.65,46.12,,,,
2016-03-08,43.73,44.73,41.74,41.74,,,,
2016-03-09,43.93,45.32,42.94,44.93,,,,
2016-03-10,45.72,47.51,39.76,44.33,,,,
2016-03-11,49.1,52.08,48.7,51.88,,,,
2016-03-14,53.08,53.08,50.69,51.88,,,,
2016-03-15,49.1,50.89,48.9,50.89,,,,
2016-03-16,51.09,54.47,50.69,53.87,,,,
2016-03-17,53.87,57.05,53.08,56.66,,,,
2016-03-18,58.44,58.84,56.26,57.65,,,,
2016-03-21,58.61,58.61,55.84,57.42,,,,
2016-03-22,56.03,58.01,55.44,56.63,,,,
2016-03-23,55.44,55.84,54.25,54.45,,,,
2016-03-24,53.06,54.65,52.67,54.25,,,,
2016-03-28,54.36,55.55,54.36,55.35,,,,
2016-03-29,54.56,56.94,54.56,56.94,,,,
2016-03-30,59.72,59.92,57.14,58.13,,,,
2016-03-31,58.53,59.72,57.93,59.12,,,,
2016-04-01,56.74,60.71,56.74,60.51,,,,
2016-04-04,61.11,61.9,59.72,60.11,,,,
2016-04-05,56.54,58.13,56.15,56.46,,,,
2016-04-06,56.66,60.23,56.46,60.11,,,,
2016-04-07,58.53,58.53,54.96,56.34,,,,
2016-04-08,59.12,59.92,57.34,58.33,,,,
2016-04-11,60.51,60.91,57.53,57.73,,,,
2016-04-12,59.32,61.7,58.73,61.5,,,,
2016-04-13,63.69,65.27,63.09,65.07,,,,
2016-04-14,65.27,65.47,64.48,64.88,,,,
2016-04-15,64.88,64.88,64.08,64.48,,,,
2016-04-18,64.48,66.46,64.48,66.07,,,,
2016-04-19,67.65,68.25,66.46,68.25,,,,
2016-04-20,68.84,70.63,68.05,70.03,,,,
2016-04-21,70.83,71.82,69.04,69.04,,,,
2016-04-22,71.42,71.42,69.64,71.42,,,,
2016-04-25,70.23,70.63,69.04,69.84,,,,
2016-04-26,70.83,73.21,70.43,73.01,,,,
2016-04-27,74.2,75.59,71.03,75.19,,,,
2016-04-28,71.03,73.21,69.04,69.18,,,,
2016-04-29,67.79,68.19,65,66.99,,,,
2016-05-02,67.59,69.58,66.79,69.18,,,,
2016-05-03,65.4,65.4,63.22,63.94,,,,
2016-05-04,62.74,64.34,60.95,61.55,,,,
2016-05-05,61.55,63.74,61.55,61.55,,,,
2016-05-06,62.35,63.94,61.55,63.54,,,,
2016-05-09,64.74,64.94,63.14,63.74,,,,
2016-05-10,64.34,67.72,64.34,67.33,,,,
2016-05-11,65.93,66.13,64.14,64.14,,,,
2016-05-12,65.13,65.13,63.34,64.34,,,,
2016-05-13,64.74,64.74,61.55,61.95,,,,
2016-05-16,62.54,64.14,62.15,63.07,,,,
2016-05-17,62.27,64.67,60.87,61.67,,,,
2016-05-18,61.27,63.87,58.68,61.27,,,,
2016-05-19,60.27,61.07,57.48,60.59,,,,
2016-05-20,64.59,65.8,63.2,63.79,,,,
2016-05-23,64,64.4,63.2,63.4,,,,
2016-05-24,65.19,68.59,65.19,68.59,,,,
2016-05-25,70.59,72,70.4,71.19,,,,
2016-05-26,72,72.19,70.4,71,,,,
2016-05-27,71.59,72.4,71.4,72.19,,,,
2016-05-31,72.59,73,70.8,72.4,,,,
2016-06-01,70.19,72.4,69.59,71.8,,,,
2016-06-02,71.8,72.8,71.4,72.8,,,,
2016-06-03,69.8,71.73,68.8,70.94,,,,
2016-06-06,72.52,74.11,72.33,73.32,,,,
2016-06-07,73.51,74.3,73.32,73.51,,,,
2016-06-08,74.3,75.09,74.11,75.09,,,,
2016-06-09,72.13,73.12,71.73,72.72,,,,
2016-06-10,70.55,71.54,69.36,69.96,,,,
2016-06-13,69.16,70.15,68.37,68.37,,,,
2016-06-14,67.98,67.98,65.61,66.79,,,,
2016-06-15,66.6,68.37,66.4,66.4,,,,
2016-06-16,64.62,67.78,62.84,67.78,,,,
2016-06-17,66.99,67.58,66.2,67.39,,,,
2016-06-20,70.55,71.14,68.97,68.97,,,,
2016-06-21,68.97,69.76,68.77,68.97,,,,
2016-06-22,69.16,70.35,68.51,68.51,,,,
2016-06-23,71.28,72.87,70.89,72.87,,,,
2016-06-24,64.15,64.95,58.61,59,,,,
2016-06-27,53.66,53.66,49.3,51.08,,,,
2016-06-28,54.85,56.83,53.06,56.83,,,,
2016-06-29,58.81,62.57,58.81,62.57,,,,
2016-06-30,62.37,67.52,61.58,67.52,,,,
2016-07-01,67.52,68.51,65.54,66.33,,,,
2016-07-05,63.74,63.74,61.75,63.69,,,,
2016-07-06,61.11,63.88,60.71,63.88,,,,
2016-07-07,64.88,65.47,63.69,64.68,,,,
2016-07-08,68.05,69.64,67.65,69.04,,,,
2016-07-11,70.63,70.63,70.03,70.43,,,,
2016-07-12,72.61,73.01,71.82,72.42,,,,
2016-07-13,72.61,73.01,71.82,72.61,,,,
2016-07-14,74.8,75.59,74.6,75.19,,,,
2016-07-15,75.19,75.59,74.6,75.19,,,,
2016-07-18,75,75.79,75,75.79,,,,
2016-07-19,75,75.59,74.2,75,,,,
2016-07-20,74.8,76.38,74.8,75.99,,,,
2016-07-21,76.38,76.98,75.39,76.19,,,,
2016-07-22,76.38,77.18,76.19,77.18,,,,
2016-07-25,77.57,77.57,76.38,77.18,,,,
2016-07-26,76.98,78.37,75.99,77.38,,,,
2016-07-27,76.98,77.18,74.4,75.59,,,,
2016-07-28,73.61,76.38,73.61,75,,,,
2016-07-29,75,75.19,74,75.19,,,,
2016-08-01,74.8,75,73.41,73.61,,,,
2016-08-02,73.8,73.8,69.44,70.63,,,,
2016-08-03,71.03,73.21,71.03,73.21,,,,
2016-08-04,73.8,74.2,72.81,73.01,,,,
2016-08-05,75.19,76.98,75.19,76.58,,,,
2016-08-08,77.18,77.18,77.18,77.18,,,,
2016-08-09,75.99,77.38,75.39,75.79,,,,
2016-08-10,75.79,76.78,74.8,74.8,,,,
2016-08-11,76.38,78.17,75.79,78.17,,,,
2016-08-12,76.98,77.97,76.78,77.38,,,,
2016-08-15,78.57,79.36,78.57,78.76,,,,
2016-08-16,77.77,77.77,77.18,77.38,,,,
2016-08-17,76.98,77.57,75.39,77.18,,,,
2016-08-18,77.77,78.76,77.57,78.76,,,,
2016-08-19,77.97,80.15,77.97,79.96,,,,
2016-08-22,79.16,79.76,78.57,79.36,,,,
2016-08-23,80.15,80.75,79.36,79.56,,,,
2016-08-24,79.76,80.35,78.76,78.96,,,,
2016-08-25,78.57,79.16,77.57,77.97,,,,
2016-08-26,79.36,79.96,75.99,77.18,,,,
2016-08-29,78.37,78.96,78.37,78.76,,,,
2016-08-30,78.76,79.16,77.57,77.77,,,,
2016-08-31,77.18,77.57,75.39,76.58,,,,
2016-09-01,77.38,77.77,75.39,76.98,,,,
2016-09-02,77.57,78.17,76.78,77.38,,,,
2016-09-06,77.77,78.37,76.98,78.13,,,,
2016-09-07,78.72,78.72,77.53,78.52,,,,
2016-09-08,77.93,78.33,77.33,77.68,,,,
2016-09-09,76.29,76.29,67.33,67.33,,,,
2016-09-12,67.92,74.9,67.92,74.5,,,,
2016-09-13,71.31,71.31,65.53,67.92,,,,
2016-09-14,67.92,69.32,65.33,66.93,,,,
2016-09-15,66.13,70.91,66.13,69.72,,,,
2016-09-16,65.33,68.52,65.33,67.92,,,,
2016-09-19,70.11,71.51,67.52,68.52,,,,
2016-09-20,68.92,69.92,67.52,67.52,,,,
2016-09-21,68.92,71.71,67.72,71.71,,,,
2016-09-22,74.5,74.9,73.1,74.9,,,,
2016-09-23,73.7,74.1,72.7,72.7,,,,
2016-09-26,71.91,71.91,69.26,69.26,,,,
2016-09-27,68.66,72.05,68.66,71.45,,,,
2016-09-28,71.85,72.65,69.66,72.65,,,,
2016-09-29,72.85,74.25,70.25,71.05,,,,
2016-09-30,72.25,73.85,70.65,72.65,,,,
2016-10-03,71.05,71.05,68.66,70.25,,,,
2016-10-04,69.06,70.05,65.28,65.87,,,,
2016-10-05,67.85,68.04,65.68,65.68,,,,
2016-10-06,64.69,66.86,64.29,66.27,,,,
2016-10-07,66.86,66.86,63.11,64.29,,,,
2016-10-10,68.44,68.44,65.87,66.07,,,,
2016-10-11,64.29,64.29,58.97,60.55,,,,
2016-10-12,59.36,61.73,59.36,61.34,,,,
2016-10-13,58.38,62.52,57.98,61.53,,,,
2016-10-14,64.1,65.08,60.35,60.35,,,,
2016-10-17,60.15,61.14,58.97,59.36,,,,
2016-10-18,62.13,62.91,60.35,61.73,,,,
2016-10-19,60.74,63.31,60.35,62.32,,,,
2016-10-20,61.34,62.32,59.96,61.93,,,,
2016-10-21,59.17,62.13,59.17,61.34,,,,
2016-10-24,64.29,64.29,61.14,62.72,,,,
2016-10-25,60.94,60.94,58.97,59.56,,,,
2016-10-26,57.19,60.35,57.19,59.36,,,,
2016-10-27,57.59,57.98,54.63,56.41,,,,
2016-10-28,57.19,59.76,56.21,57.39,,,,
2016-10-31,57,59.76,56.41,58.77,,,,
2016-11-01,57.19,57.98,52.85,53.64,,,,
2016-11-02,53.05,53.25,50.88,51.47,,,,
2016-11-03,52.26,52.46,50.29,50.88,,,,
2016-11-04,51.67,52.66,49.7,49.9,,,,
2016-11-07,54.83,57,54.43,56.8,,,,
2016-11-08,57.59,59.76,56.8,58.38,,,,
2016-11-09,54.24,61.53,53.25,60.35,,,,
2016-11-10,62.13,62.72,58.18,60.55,,,,
2016-11-11,59.76,59.76,56.8,58.77,,,,
2016-11-14,59.56,61.14,57.79,60.55,,,,
2016-11-15,60.94,63.7,60.55,63.51,,,,
2016-11-16,62.32,62.72,60.74,61.34,,,,
2016-11-17,62.13,63.9,61.73,63.7,,,,
2016-11-18,63.11,63.51,61.93,61.93,,,,
2016-11-21,63.11,64.49,62.52,63.11,,,,
2016-11-22,64.49,65.68,63.31,65.28,,,,
2016-11-23,63.9,64.29,63.31,63.7,,,,
2016-11-25,66.27,67.25,66.07,67.06,,,,
2016-11-28,66.46,66.46,64.89,65.08,,,,
2016-11-29,64.49,65.68,63.31,64.49,,,,
2016-11-30,65.08,65.28,61.34,61.53,,,,
2016-12-01,61.73,62.52,60.15,60.55,,,,
2016-12-02,60.55,60.94,58.57,59.17,,,,
2016-12-05,60.15,61.53,60.15,60.94,,,,
2016-12-06,61.34,62.13,59.96,62.13,,,,
2016-12-07,63.11,66.99,62.52,66.99,,,,
2016-12-08,66.99,68.37,66.6,67.58,,,,
2016-12-09,67.78,68.18,67.39,67.98,,,,
2016-12-12,67.65,68.04,67.06,67.45,,,,
2016-12-13,69.63,69.63,69.63,69.63,,,,
2016-12-14,69.23,69.62,65.87,65.87,,,,
2016-12-15,65.08,67.85,65.08,65.87,,,,
2016-12-16,66.86,66.86,63.31,64.89,,,,
2016-12-19,65.87,66.27,64.49,65.08,,,,
2016-12-20,66.86,66.86,65.28,66.07,,,,
2016-12-21,66.27,67.06,65.08,65.08,,,,
2016-12-22,63.9,64.1,62.13,62.91,,,,
2016-12-23,63.7,63.7,62.72,63.7,,,,
2016-12-27,65.08,65.08,63.7,64.1,,,,
2016-12-28,63.11,63.11,61.34,61.34,,,,
2016-12-29,61.53,62.32,61.14,61.93,,,,
2016-12-30,61.14,61.73,59.96,60.35,,,,
2017-01-03,61.14,63.31,60.15,61.93,,,,
2017-01-04,63.7,66.46,63.7,66.07,,,,
2017-01-05,64.29,65.08,63.51,64.89,,,,
2017-01-06,65.28,67.45,64.69,66.79,,,,
2017-01-09,65.41,66.2,64.62,64.62,,,,
2017-01-10,65.41,66.79,65.21,65.81,,,,
2017-01-11,65.41,65.61,64.03,65.61,,,,
2017-01-12,64.62,66.2,63.63,66.2,,,,
2017-01-13,66.79,67.39,66.26,66.26,,,,
2017-01-17,66.86,68.31,66.53,67.92,,,,
2017-01-18,66.93,67.92,66.93,67.52,,,,
2017-01-19,65.34,66.13,63.96,64.75,,,,
2017-01-20,65.74,66.53,64.35,66.33,,,,
2017-01-23,66.13,66.13,62.97,64.35,,,,
2017-01-24,64.75,66.93,64.35,66.33,,,,
2017-01-25,67.52,68.51,67.12,67.72,,,,
2017-01-26,66.93,67.52,65.94,66.13,,,,
2017-01-27,64.95,64.95,63.56,64.55,,,,
2017-01-30,63.76,64.35,62.37,64.15,,,,
2017-01-31,64.35,65.94,63.76,65.94,,,,
2017-02-01,65.94,65.94,62.97,64.55,,,,
2017-02-02,65.54,67.72,65.54,67.72,,,,
2017-02-03,67.92,68.91,67.52,68.51,,,,
2017-02-06,68.7,68.7,66.33,66.92,,,,
2017-02-07,66.92,67.91,66.73,67.12,,,,
2017-02-08,66.92,69.29,66.92,68.89,,,,
2017-02-09,69.68,71.85,69.68,71.85,,,,
2017-02-10,71.85,73.03,71.85,72.83,,,,
2017-02-13,72.63,74.01,72.44,73.81,,,,
2017-02-14,73.81,74.01,72.63,73.81,,,,
2017-02-15,73.22,75.78,72.63,75.39,,,,
2017-02-16,75.98,75.98,74.01,75.59,,,,
2017-02-17,74.21,76.18,73.81,76.18,,,,
2017-02-21,76.18,78.34,76.18,77.75,,,,
2017-02-22,77.16,77.36,76.18,76.96,,,,
2017-02-23,77.55,77.95,76.37,76.37,,,,
2017-02-24,76.37,78.54,76.18,78.54,,,,
2017-02-27,77.36,79.52,77.36,78.93,,,,
2017-02-28,77.75,78.34,76.96,77.12,,,,
2017-03-01,78.89,80.67,78.89,79.88,,,,
2017-03-02,79.09,80.07,78.5,78.69,,,,
2017-03-03,78.5,78.69,76.72,77.9,,,,
2017-03-06,76.72,77.12,75.54,76.52,,,,
2017-03-07,75.34,75.34,73.76,74.16,,,,
2017-03-08,74.75,75.54,73.17,73.17,,,,
2017-03-09,73.57,73.96,72.38,72.97,,,,
2017-03-10,74.35,74.75,72.27,73.46,,,,
2017-03-13,73.06,73.46,72.27,73.46,,,,
2017-03-14,72.47,73.26,71.68,72.76,,,,
2017-03-15,73.16,77.13,73.16,76.14,,,,
2017-03-16,75.74,76.14,74.35,74.55,,,,
2017-03-17,75.34,76.93,75.34,75.94,,,,
2017-03-20,75.94,75.94,74.15,74.95,,,,
2017-03-21,76.54,76.54,72.96,73.35,,,,
2017-03-22,72.96,73.75,71.37,73.55,,,,
2017-03-23,73.35,74.95,72.96,73.35,,,,
2017-03-24,73.95,74.75,71.76,72.76,,,,
2017-03-27,70.97,72.76,70.77,71.96,,,,
2017-03-28,72.36,74.95,71.17,74.75,,,,
2017-03-29,74.75,75.94,74.75,75.34,,,,
2017-03-30,75.94,76.54,75.74,76.14,,,,
2017-03-31,75.74,76.93,75.74,75.74,,,,
2017-04-03,75.74,75.74,73.55,74.35,,,,
2017-04-04,74.55,75.14,73.95,74.95,,,,
2017-04-05,75.94,76.93,73.55,73.75,,,,
2017-04-06,74.15,75.74,73.75,73.95,,,,
2017-04-07,74.35,75.24,73.95,75.24,,,,
2017-04-10,75.44,77.22,75.44,76.63,,,,
2017-04-11,74.85,77.02,74.05,77.02,,,,
2017-04-12,76.03,76.43,73.66,74.25,,,,
2017-04-13,73.66,74.85,69.9,69.9,,,,
2017-04-17,71.48,74.05,70.29,74.05,,,,
2017-04-18,72.07,72.87,70.69,72.27,,,,
2017-04-19,73.46,73.46,71.48,71.88,,,,
2017-04-20,73.46,74.65,72.47,74.05,,,,
2017-04-21,73.66,74.05,72.27,73.06,,,,
2017-04-24,75.64,75.64,74.45,75.24,,,,
2017-04-25,75.64,76.83,75.24,76.23,,,,
2017-04-26,76.23,77.42,75.84,76.23,,,,
2017-04-27,75.64,76.23,74.85,75.24,,,,
2017-04-28,73.86,74.25,72.47,73.06,,,,
2017-05-01,72.87,73.86,71.48,71.88,,,,
2017-05-02,72.07,72.67,71.48,72.07,,,,
2017-05-03,71.28,71.88,69.9,71.08,,,,
2017-05-04,71.08,71.48,69.5,70.69,,,,
2017-05-05,70.69,71.28,70.49,71.28,,,,
2017-05-08,71.68,72.07,70.69,71.28,,,,
2017-05-09,71.68,72.07,71.08,71.48,,,,
2017-05-10,70.69,71.68,70.69,70.89,,,,
2017-05-11,70.09,70.09,68.51,69.9,,,,
2017-05-12,68.91,69.3,68.11,68.71,,,,
2017-05-15,69.9,70.49,69.5,69.5,,,,
2017-05-16,69.7,69.7,67.32,67.72,,,,
2017-05-17,67.32,67.52,63.96,63.96,,,,
2017-05-18,64.35,65.34,63.76,64.15,,,,
2017-05-19,64.55,68.11,64.35,66.93,,,,
2017-05-22,68.31,68.71,66.53,68.31,,,,
2017-05-23,68.51,69.1,67.72,68.91,,,,
2017-05-24,69.1,69.1,67.52,68.91,,,,
2017-05-25,68.51,69.9,68.51,68.91,,,,
2017-05-26,68.91,69.1,68.51,68.91,,,,
2017-05-30,67.52,68.91,67.52,67.52,,,,
2017-05-31,68.51,68.51,66.93,67.92,,,,
2017-06-01,67.52,70.69,67.52,70.69,,,,
2017-06-02,70.69,71.48,70.09,70.89,,,,
2017-06-05,70.69,70.69,69.7,69.9,,,,
2017-06-06,69.1,69.5,68.51,68.91,,,,
2017-06-07,68.51,69.7,68.51,69.7,,,,
2017-06-08,68.71,69.7,68.51,69.3,,,,
2017-06-09,69.5,70.29,69.3,69.9,,,,
2017-06-12,71.48,72.47,71.48,72.07,,,,
2017-06-13,71.88,73.66,71.48,73.06,,,,
2017-06-14,72.67,72.67,70.69,71.28,,,,
2017-06-15,70.69,72.07,70.69,71.88,,,,
2017-06-16,71.68,71.88,70.69,71.82,,,,
2017-06-19,71.82,72.42,71.42,72.02,,,,
2017-06-20,71.62,71.62,70.03,70.23,,,,
2017-06-21,70.03,70.63,69.64,70.23,,,,
2017-06-22,69.84,71.23,69.64,70.03,,,,
2017-06-23,70.43,71.03,70.03,70.03,,,,
2017-06-26,70.83,72.42,70.83,72.22,,,,
2017-06-27,71.42,72.42,69.44,69.44,,,,
2017-06-28,71.03,73.41,71.03,72.42,,,,
2017-06-29,72.61,72.61,69.64,70.43,,,,
2017-06-30,71.08,71.28,70.29,70.49,,,,
2017-07-03,72.67,73.46,72.67,73.06,,,,
2017-07-05,73.06,73.06,70.89,70.89,,,,
2017-07-06,70.49,70.69,69.3,69.3,,,,
2017-07-07,69.5,70.29,69.3,70.09,,,,
2017-07-10,69.9,70.29,69.7,69.7,,,,
2017-07-11,69.9,69.9,68.71,69.5,,,,
2017-07-12,70.49,71.08,70.49,70.89,,,,
2017-07-13,70.29,71.08,70.09,70.49,,,,
2017-07-14,71.68,72.47,71.28,72.07,,,,
2017-07-17,71.68,73.46,71.68,72.67,,,,
2017-07-18,72.07,72.07,71.08,71.88,,,,
2017-07-19,72.47,73.66,72.47,73.66,,,,
2017-07-20,74.25,74.25,72.87,72.87,,,,
2017-07-21,73.51,73.71,72.52,73.71,,,,
2017-07-24,73.32,73.32,72.33,72.33,,,,
2017-07-25,73.12,74.5,73.12,74.11,,,,
2017-07-26,72.92,73.12,72.13,72.67,,,,
2017-07-27,71.88,73.06,71.28,73.06,,,,
2017-07-28,71.68,71.88,70.29,71.08,,,,
2017-07-31,71.68,72.47,71.28,71.68,,,,
2017-08-01,72.27,72.27,71.08,71.42,,,,
2017-08-02,70.23,70.83,69.84,70.03,,,,
2017-08-03,69.64,70.63,69.24,69.44,,,,
2017-08-04,69.44,70.43,69.44,70.03,,,,
2017-08-07,69.04,70.03,69.04,69.64,,,,
2017-08-08,70.03,70.83,69.24,69.44,,,,
2017-08-09,68.25,68.84,67.65,68.45,,,,
2017-08-10,68.05,68.05,63.88,63.88,,,,
2017-08-11,64.08,65.34,63.88,65.34,,,,
2017-08-14,67.32,68.91,67.32,67.72,,,,
2017-08-15,67.92,68.31,67.12,67.12,,,,
2017-08-16,67.92,68.71,66.93,67.32,,,,
2017-08-17,66.53,66.93,60.79,60.79,,,,
2017-08-18,60,61.78,60,60.39,,,,
2017-08-21,60,60.39,58.81,59.4,,,,
2017-08-22,60.59,63.16,60.59,62.77,,,,
2017-08-23,61.98,62.97,61.78,61.78,,,,
2017-08-24,62.57,63.16,61.38,61.38,,,,
2017-08-25,62.77,63.36,62.17,62.97,,,,
2017-08-28,63.36,63.36,60.99,61.58,,,,
2017-08-29,59,61.38,59,60.99,,,,
2017-08-30,60.79,62.37,60.39,61.98,,,,
2017-08-31,62.77,63.56,62.17,63.16,,,,
2017-09-01,63.96,64.55,63.56,63.88,,,,
2017-09-05,62.77,62.97,59,60,,,,
2017-09-06,60.99,62.77,60.99,62.37,,,,
2017-09-07,61.98,61.98,60.19,61.38,,,,
2017-09-08,60.19,62.17,60.19,62.17,,,,
2017-09-11,64.35,64.55,63.56,63.96,,,,
2017-09-12,65.54,66.93,65.14,66.33,,,,
2017-09-13,65.74,66.33,64.75,65.54,,,,
2017-09-14,64.95,65.54,64.68,64.68,,,,
2017-09-15,64.88,66.46,64.88,66.26,,,,
2017-09-18,66.07,67.26,66.07,66.26,,,,
2017-09-19,66.26,67.65,66.26,67.65,,,,
2017-09-20,67.26,67.85,66.46,67.85,,,,
2017-09-21,68.45,68.45,67.06,67.26,,,,
2017-09-22,66.86,67.46,66.66,67.06,,,,
2017-09-25,68.25,69.24,67.65,69.04,,,,
2017-09-26,68.65,69.44,68.65,68.65,,,,
2017-09-27,69.84,70.03,68.45,69.24,,,,
2017-09-28,68.65,70.03,68.05,69.44,,,,
2017-09-29,69.44,70.03,68.84,70.03,,,,
2017-10-02,70.03,71.23,70.03,71.23,,,,
2017-10-03,70.23,70.43,69.44,69.84,,,,
2017-10-04,70.03,71.42,70.03,71.23,,,,
2017-10-05,71.23,73.01,71.23,72.47,,,,
2017-10-06,70.89,71.48,70.29,71.48,,,,
2017-10-09,70.89,70.89,69.9,70.09,,,,
2017-10-10,70.69,71.68,70.69,70.89,,,,
2017-10-11,71.48,72.07,71.08,72.07,,,,
2017-10-12,71.68,72.67,71.28,72.07,,,,
2017-10-13,71.48,72.87,71.28,71.68,,,,
2017-10-16,71.68,72.27,71.48,71.48,,,,
2017-10-17,71.08,71.88,71.08,71.88,,,,
2017-10-18,71.88,72.07,71.68,72.07,,,,
2017-10-19,70.89,72.47,70.89,72.47,,,,
2017-10-20,72.67,73.66,72.67,73.46,,,,
2017-10-23,74.25,74.25,73.26,73.46,,,,
2017-10-24,73.26,73.26,72.27,72.27,,,,
2017-10-25,71.68,71.68,68.91,70.69,,,,
2017-10-26,70.49,70.49,69.3,69.3,,,,
2017-10-27,68.91,69.9,68.91,69.5,,,,
2017-10-30,69.1,69.7,67.92,68.51,,,,
2017-10-31,68.91,69.1,67.12,67.46,,,,
2017-11-01,68.65,68.65,67.46,68.25,,,,
2017-11-02,68.25,68.25,66.26,67.59,,,,
2017-11-03,67.39,67.59,66.99,67.39,,,,
2017-11-06,67.79,68.98,67.79,67.99,,,,
2017-11-07,68.58,69.78,67.52,67.72,,,,
2017-11-08,67.32,68.51,67.32,67.72,,,,
2017-11-09,67.12,68.71,66.53,68.11,,,,
2017-11-10,68.31,68.71,67.32,67.72,,,,
2017-11-13,67.72,68.51,67.12,67.72,,,,
2017-11-14,67.52,68.31,67.32,67.52,,,,
2017-11-15,65.14,66.73,64.95,65.47,,,,
2017-11-16,65.87,68.84,65.87,67.85,,,,
2017-11-17,67.06,67.46,66.46,66.46,,,,
2017-11-20,66.86,67.46,65.87,67.26,,,,
2017-11-21,68.45,69.44,68.45,69.04,,,,
2017-11-22,69.04,69.44,68.05,68.45,,,,
2017-11-24,68.84,68.84,67.65,68.05,,,,
2017-11-27,68.25,68.65,67.06,67.06,,,,
2017-11-28,67.46,70.63,67.26,70.63,,,,
2017-11-29,70.63,73.21,70.63,72.22,,,,
2017-11-30,73.41,74.8,71.82,71.82,,,,
2017-12-01,74,74.6,72.22,74.2,,,,
2017-12-04,76.83,78.21,76.43,76.43,,,,
2017-12-05,75.84,75.84,73.86,74.25,,,,
2017-12-06,74.25,75.04,72.67,73.66,,,,
2017-12-07,73.66,74.85,73.66,74.65,,,,
2017-12-08,74.45,75.24,74.05,74.45,,,,
2017-12-11,74.25,76.23,74.25,76.23,,,,
2017-12-12,76.43,77.22,75.84,77.02,,,,
2017-12-13,77.22,77.42,75.44,75.64,,,,
2017-12-14,74.65,76.23,74.45,74.45,,,,
2017-12-15,76.43,77.62,75.84,77.22,,,,
2017-12-18,77.82,78.61,77.02,77.02,,,,
2017-12-19,78.41,78.41,75.04,75.04,,,,
2017-12-20,75.64,76.63,75.24,76.03,,,,
2017-12-21,76.43,76.43,75.44,76.03,,,,
2017-12-22,76.43,77.02,75.64,76.43,,,,
2017-12-26,76.43,77.42,75.64,76.23,,,,
2017-12-27,76.23,77.22,76.03,76.43,,,,
2017-12-28,76.63,76.83,76.03,76.83,,,,
2017-12-29,77.42,77.42,76.63,76.63,,,,
2018-01-02,76.78,77.38,75.99,76.58,,,,
2018-01-03,76.19,77.57,75.79,76.19,,,,
2018-01-04,76.58,77.77,76.38,76.78,,,,
2018-01-05,77.18,78.17,76.78,78.01,,,,
2018-01-08,77.82,78.81,77.82,78.81,,,,
2018-01-09,78.41,78.61,77.62,77.62,,,,
2018-01-10,77.42,77.42,76.03,76.83,,,,
2018-01-11,76.43,77.22,76.03,77.02,,,,
2018-01-12,77.22,77.62,77.02,77.62,,,,
2018-01-16,78.41,79.4,77.22,77.22,,,,
2018-01-17,77.82,78.81,77.62,78.41,,,,
2018-01-18,78.21,78.41,77.02,77.82,,,,
2018-01-19,78.21,78.61,78.01,78.41,,,,
2018-01-22,79.4,79.8,79,79.8,,,,
2018-01-23,80,80.99,79.6,80.99,,,,
2018-01-24,81.38,81.58,80,80.79,,,,
2018-01-25,80.99,81.18,80.39,80.99,,,,
2018-01-26,80.79,82.17,80.59,82.17,,,,
2018-01-29,81.38,81.58,80.79,80.79,,,,
2018-01-30,80.19,80.19,78.81,79.4,,,,
2018-01-31,79.6,79.8,78.61,79.4,,,,
2018-02-01,78.61,79.2,77.82,77.82,,,,
2018-02-02,76.83,77.42,74.65,74.65,,,,
2018-02-05,73.06,74.05,60.99,61.18,,,,
2018-02-06,56.43,67.12,56.43,66.53,,,,
2018-02-07,66.33,69.3,64.75,64.75,,,,
2018-02-08,64.95,64.95,51.88,51.88,,,,
2018-02-09,55.24,58.41,47.32,57.02,,,,
2018-02-12,59.6,63.56,57.42,60.99,,,,
2018-02-13,60.39,61.58,58.81,61.18,,,,
2018-02-14,60.39,66.93,59.8,65.94,,,,
2018-02-15,66.93,68.71,64.75,68.71,,,,
2018-02-16,68.31,70.89,68.11,69.3,,,,
2018-02-20,68.11,69.9,66.53,67.12,,,,
2018-02-21,68.51,68.91,65.74,65.74,,,,
2018-02-22,65.74,67.92,64.95,64.95,,,,
2018-02-23,67.32,68.51,65.94,68.51,,,,
2018-02-26,68.71,70.89,68.11,70.09,,,,
2018-02-27,70.69,71.08,66.66,66.66,,,,
2018-02-28,67.65,68.84,63.49,63.61,,,,
2018-03-01,63.02,64.61,57.85,60.03,,,,
2018-03-02,58.44,61.23,56.46,60.83,,,,
2018-03-05,59.2,64.35,59.2,63.36,,,,
2018-03-06,63.76,65.14,62.97,63.96,,,,
2018-03-07,63.16,64.95,62.17,63.96,,,,
2018-03-08,65.54,65.54,63.76,64.48,,,,
2018-03-09,66.07,69.04,65.67,69.04,,,,
2018-03-12,69.44,70.03,68.45,68.65,,,,
2018-03-13,68.84,69.44,66.46,66.86,,,,
2018-03-14,67.65,67.65,64.68,65.67,,,,
2018-03-15,66.07,66.46,64.08,64.28,,,,
2018-03-16,65.27,66.26,65.07,65.27,,,,
2018-03-19,64.68,65.07,61.11,62.69,,,,
2018-03-20,63.49,63.49,62.1,62.42,,,,
2018-03-21,61.63,63.81,61.43,62.42,,,,
2018-03-22,60.03,60.83,54.67,54.67,,,,
2018-03-23,56.26,56.26,46.91,48.11,,,,
2018-03-26,53.87,56.26,50.69,56.06,,,,
2018-03-27,55.46,58.44,51.09,52.08,,,,
2018-03-28,53.08,54.67,51.09,52.28,,,,
2018-03-29,54.47,57.65,53.67,56.26,,,,
2018-04-02,55.26,55.26,42.94,46.71,,,,
2018-04-03,48.51,51.88,47.52,51.48,,,,
2018-04-04,47.32,57.42,47.32,57.02,,,,
2018-04-05,58.01,58.41,56.63,57.14,,,,
2018-04-06,55.95,57.14,47.22,49.2,,,,
2018-04-09,52.77,55.15,50.59,50.59,,,,
2018-04-10,53.96,55.95,53.17,54.76,,,,
2018-04-11,52.38,54.96,52.18,52.57,,,,
2018-04-12,55.15,56.34,55.15,55.75,,,,
2018-04-13,56.94,56.94,53.17,53.96,,,,
2018-04-16,55.15,58.33,55.15,57.34,,,,
2018-04-17,59.32,61.7,58.13,59.72,,,,
2018-04-18,60.71,61.3,59.92,60.11,,,,
2018-04-19,59.52,59.52,55.55,57.14,,,,
2018-04-20,56.94,56.94,53.96,54.96,,,,
2018-04-23,55.75,57.14,55.15,56.74,,,,
2018-04-24,57.93,58.13,50.59,51.98,,,,
2018-04-25,52.18,54.36,49.8,52.77,,,,
2018-04-26,52.77,56.54,52.77,55.75,,,,
2018-04-27,55.15,55.95,53.37,54.36,,,,
2018-04-30,56.15,56.54,50.39,50.39,,,,
2018-05-01,50.59,52.38,48.41,52.38,,,,
2018-05-02,50.79,52.77,47.61,48.21,,,,
2018-05-03,45.43,48.41,41.86,47.72,,,,
2018-05-04,44.55,54.85,44.55,53.26,,,,
2018-05-07,53.66,54.45,52.87,53.46,,,,
2018-05-08,53.06,53.46,50.49,52.27,,,,
2018-05-09,52.67,55.44,52.27,54.65,,,,
2018-05-10,56.43,59.4,56.03,58.41,,,,
2018-05-11,58.41,60.59,58.41,60,,,,
2018-05-14,60.19,60.79,58.81,59.2,,,,
2018-05-15,58.01,58.01,55.44,56.83,,,,
2018-05-16,58.01,59,56.83,57.82,,,,
2018-05-17,57.22,58.21,56.63,57.02,,,,
2018-05-18,57.22,58.41,57.02,58.21,,,,
2018-05-21,59.8,60.59,58.81,60.39,,,,
2018-05-22,60.39,60.79,57.62,58.41,,,,
2018-05-23,57.02,59.2,57.02,59.2,,,,
2018-05-24,58.61,59.6,57.82,59.32,,,,
2018-05-25,57.73,58.53,55.95,57.53,,,,
2018-05-29,54.16,54.56,49,50.99,,,,
2018-05-30,54.56,58.13,53.76,56.94,,,,
2018-05-31,56.15,56.34,51.98,52.38,,,,
2018-06-01,55.15,56.74,54.76,56.26,,,,
2018-06-04,56.26,57.65,55.66,56.43,,,,
2018-06-05,56.83,58.61,56.83,58.01,,,,
2018-06-06,58.81,60.39,58.21,60.19,,,,
2018-06-07,60.79,61.78,60.39,61.58,,,,
2018-06-08,61.18,62.17,60.39,61.9,,,,
2018-06-11,62.1,63.49,62.1,63.09,,,,
2018-06-12,63.29,64.08,62.3,63.69,,,,
2018-06-13,63.29,63.49,60.71,60.71,,,,
2018-06-14,60.91,61.7,60.31,60.91,,,,
2018-06-15,59.32,60.31,57.53,60.31,,,,
2018-06-18,57.53,60.11,56.74,60.03,,,,
2018-06-19,55.06,56.46,53.67,55.75,,,,
2018-06-20,55.95,57.34,55.15,56.15,,,,
2018-06-21,55.75,55.95,53.96,55.15,,,,
2018-06-22,56.94,58.33,56.94,57.73,,,,
2018-06-25,56.54,56.54,51.78,54.16,,,,
2018-06-26,53.17,55.15,52.77,53.17,,,,
2018-06-27,55.35,56.54,50.59,50.79,,,,
2018-06-28,50.59,53.17,49.2,52.38,,,,
2018-06-29,52.38,55.24,52.38,52.87,,,,
2018-07-02,52.07,52.27,49.9,52.27,,,,
2018-07-03,53.86,54.85,52.27,52.87,,,,
2018-07-05,53.26,55.84,52.47,55.64,,,,
2018-07-06,55.24,58.41,55.24,57.62,,,,
2018-07-09,58.41,60.79,58.41,60.39,,,,
2018-07-10,60.99,62.17,59.6,61.5,,,,
2018-07-11,59.92,60.71,58.53,58.92,,,,
2018-07-12,60.11,60.11,57.93,59.72,,,,
2018-07-13,59.72,60.11,59.32,60.11,,,,
2018-07-16,59.92,60.31,57.34,59.32,,,,
2018-07-17,59.72,61.9,59.12,60.91,,,,
2018-07-18,60.11,62.1,59.32,61.9,,,,
2018-07-19,60.71,61.5,59.12,61.11,,,,
2018-07-20,59.72,61.3,59.72,59.92,,,,
2018-07-23,59.92,59.92,56.94,58.33,,,,
2018-07-24,57.93,59.72,57.53,58.53,,,,
2018-07-25,58.73,61.3,58.73,61.3,,,,
2018-07-26,63.49,64.68,63.29,63.88,,,,
2018-07-27,64.08,64.28,61.9,62.1,,,,
2018-07-30,62.5,63.88,60.51,61.11,,,,
2018-07-31,62.77,64.75,62.77,64.55,,,,
2018-08-01,63.16,63.96,61.98,61.98,,,,
2018-08-02,60,63.16,59.4,62.97,,,,
2018-08-03,63.76,65.54,63.56,64.95,,,,
2018-08-06,64.75,66.53,64.55,65.74,,,,
2018-08-07,65.94,66.53,65.54,65.74,,,,
2018-08-08,65.94,66.93,64.95,65.74,,,,
2018-08-09,65.34,66.33,64.55,64.95,,,,
2018-08-10,63.16,63.16,60.79,61.38,,,,
2018-08-13,62.17,62.57,58.21,59.4,,,,
2018-08-14,61.78,64.55,61.58,63.56,,,,
2018-08-15,61.78,61.78,61.78,61.78,,,,
2018-08-16,63.56,64.75,63.56,64.35,,,,
2018-08-17,63.76,65.14,63.76,64.55,,,,
2018-08-20,65.34,65.74,65.14,65.54,,,,
2018-08-21,66.13,66.53,65.54,65.54,,,,
2018-08-22,65.94,65.94,64.35,64.95,,,,
2018-08-23,64.55,64.55,62.97,63.76,,,,
2018-08-24,63.36,65.34,62.97,64.95,,,,
2018-08-27,65.54,66.93,65.54,66.13,,,,
2018-08-28,67.32,67.72,65.94,66.33,,,,
2018-08-29,66.33,68.11,66.33,67.65,,,,
2018-08-30,66.66,67.65,65.47,65.87,,,,
2018-08-31,65.47,66.26,64.08,65.87,,,,
2018-09-04,65.34,65.54,63.76,65.34,,,,
2018-09-05,64.35,65.54,63.76,64.95,,,,
2018-09-06,65.34,65.74,62.17,63.96,,,,
2018-09-07,62.17,64.35,62.17,63.16,,,,
2018-09-10,64.55,64.55,63.36,63.56,,,,
2018-09-11,62.17,64.15,62.17,63.56,,,,
2018-09-12,63.36,64.15,62.37,63.76,,,,
2018-09-13,64.15,64.15,62.77,63.09,,,,
2018-09-14,63.49,63.88,62.89,63.29,,,,
2018-09-17,63.88,64.28,62.89,63.09,,,,
2018-09-18,63.29,64.28,62.5,63.69,,,,
2018-09-19,65.47,68.25,65.47,66.07,,,,
2018-09-20,69.24,70.23,67.85,69.44,,,,
2018-09-21,70.23,71.03,70.03,70.03,,,,
2018-09-24,70.03,70.03,65.67,65.87,,,,
2018-09-25,65.47,66.07,64.48,64.48,,,,
2018-09-26,64.88,65.07,61.9,62.1,,,,
2018-09-27,62.1,63.29,61.9,62.3,,,,
2018-09-28,61.9,63.09,61.7,62.3,,,,
2018-10-01,63.69,64.28,61.46,62.05,,,,
2018-10-02,62.25,63.24,61.46,61.78,,,,
2018-10-03,63.36,63.96,61.78,62.17,,,,
2018-10-04,61.98,63.16,59.8,62.37,,,,
2018-10-05,62.77,63.16,59,60.99,,,,
2018-10-08,60.19,63.36,59.8,62.77,,,,
2018-10-09,61.98,62.17,60.19,60.79,,,,
2018-10-10,57.22,57.62,49.9,49.9,,,,
2018-10-11,48.11,48.71,37.22,37.22,,,,
2018-10-12,43.56,44.35,38.01,41.86,,,,
2018-10-15,41.86,46.42,41.66,42.46,,,,
2018-10-16,44.04,50.59,44.04,50.59,,,,
2018-10-17,49.8,49.8,46.23,48.21,,,,
2018-10-18,46.62,48.61,42.46,43.65,,,,
2018-10-19,44.64,46.82,43.84,43.84,,,,
2018-10-22,44.24,44.24,40.87,41.46,,,,
2018-10-23,37.1,41.66,33.73,40.07,,,,
2018-10-24,40.07,41.07,32.34,32.34,,,,
2018-10-25,33.73,38.49,33.53,36.11,,,,
2018-10-26,32.73,35.51,29.56,32.14,,,,
2018-10-29,37.89,38.09,29.56,32.53,,,,
2018-10-30,33.13,39.48,33.13,39.48,,,,
2018-10-31,41.26,42.65,39.48,39.48,,,,
2018-11-01,40.07,43.65,39.48,43.65,,,,
2018-11-02,46.03,46.03,39.68,42.46,,,,
2018-11-05,43.84,45.43,41.66,44.84,,,,
2018-11-06,45.03,45.83,44.44,45.83,,,,
2018-11-07,47.81,50.59,46.82,49.7,,,,
2018-11-08,49.1,50.49,48.5,49.9,,,,
2018-11-09,48.11,48.31,46.32,47.51,,,,
2018-11-12,47.91,47.91,42.74,42.94,,,,
2018-11-13,44.53,46.12,41.94,43.14,,,,
2018-11-14,45.12,45.92,40.15,40.35,,,,
2018-11-15,37.97,43.33,37.77,42.94,,,,
2018-11-16,40.95,44.33,40.95,43.53,,,,
2018-11-19,42.74,43.93,38.56,39.16,,,,
2018-11-20,36.77,37.57,33.39,34.19,,,,
2018-11-21,35.78,37.57,34.39,34.59,,,,
2018-11-23,33,36.38,33,34.99,,,,
2018-11-26,36.77,39.36,35.98,37.97,,,,
2018-11-27,37.77,38.17,36.58,37.77,,,,
2018-11-28,38.76,44.73,38.17,44.62,,,,
2018-11-29,44.22,45.81,41.43,43.62,,,,
2018-11-30,43.62,45.92,43.02,45.72,,,,
2018-12-03,50.69,50.69,47.91,49.9,,,,
2018-12-04,48.7,48.7,40.35,40.95,,,,
2018-12-05,40.95,40.95,40.95,40.95,,,,
2018-12-06,36.58,39.36,34.99,39.36,,,,
2018-12-07,39.56,40.35,33.79,34.79,,,,
2018-12-10,35.58,36.58,31.41,36.38,,,,
2018-12-11,38.56,39.96,34.59,35.38,,,,
2018-12-12,38.76,39.16,36.58,36.58,,,,
2018-12-13,37.57,37.57,34.59,35.58,,,,
2018-12-14,33.39,33.99,30.81,31.41,,,,
2018-12-17,29.02,29.62,23.85,24.25,,,,
2018-12-18,26.24,26.64,23.26,25.64,,,,
2018-12-19,25.44,27.23,19.68,20.87,,,,
2018-12-20,18.68,20.07,15.3,16.5,,,,
2018-12-21,17.29,19.28,14.51,14.51,,,,
2018-12-24,14.31,14.31,9.56,9.56,,,,
2018-12-26,10.95,15.13,9.16,15.13,,,,
2018-12-27,13.74,17.52,11.55,17.52,,,,
2018-12-28,18.52,20.71,16.13,17.33,,,,
2018-12-31,19.32,20.31,16.53,20.31,,,,
2019-01-02,16.33,17.33,15.53,17.02,,,,
2019-01-03,16.03,18.01,12.5,12.5,,,,
2019-01-04,14.88,20.03,14.88,19.44,,,,
2019-01-07,19.64,24.2,18.84,22.22,,,,
2019-01-08,24,25.99,22.22,25.99,,,,
2019-01-09,27.18,27.77,25.99,26.78,,,,
2019-01-10,25.39,28.17,24.2,27.97,,,,
2019-01-11,27.77,29.16,27.38,29.16,,,,
2019-01-14,25.99,28.17,25.99,26.98,,,,
2019-01-15,29.96,29.96,29.96,29.96,,,,
2019-01-16,30.55,30.75,29.56,29.56,,,,
2019-01-17,30.15,32.14,29.96,31.74,,,,
2019-01-18,34.72,38.29,33.33,37.69,,,,
2019-01-22,34.92,34.92,30.15,33.33,,,,
2019-01-23,34.72,35.31,30.55,32.73,,,,
2019-01-24,31.74,34.32,31.74,33.73,,,,
2019-01-25,37.1,37.89,35.91,36.9,,,,
2019-01-28,32.73,35.31,32.14,35.31,,,,
2019-01-29,36.5,37.1,34.92,35.71,,,,
2019-01-30,36.43,42.77,36.03,42.37,,,,
2019-01-31,41.18,44.15,40.39,42.77,,,,
2019-02-01,43.76,46.33,42.77,45.14,,,,
2019-02-04,44.95,47.92,44.15,47.92,,,,
2019-02-05,48.71,49.7,48.11,49.5,,,,
2019-02-06,50.49,50.49,47.92,49.5,,,,
2019-02-07,46.73,48.11,42.77,45.94,,,,
2019-02-08,44.55,46.93,43.16,46.93,,,,
2019-02-11,47.12,47.32,45.74,47.32,,,,
2019-02-12,49.1,53.46,49.1,52.27,,,,
2019-02-13,55.04,55.84,53.26,55.24,,,,
2019-02-14,51.88,54.65,51.28,53.86,,,,
2019-02-15,56.43,58.61,56.03,57.53,,,,
2019-02-19,57.34,59.92,56.94,58.73,,,,
2019-02-20,58.53,59.92,58.13,59.92,,,,
2019-02-21,58.53,59.72,56.54,58.33,,,,
2019-02-22,58.73,60.11,57.93,59.52,,,,
2019-02-25,61.9,62.89,59.12,59.12,,,,
2019-02-26,58.53,59.12,57.53,57.73,,,,
2019-02-27,57.34,59.32,56.15,57.93,,,,
2019-02-28,56.74,58.33,56.34,56.94,,,,
2019-03-01,59.92,60.31,57.34,58.53,,,,
2019-03-04,59.8,60.79,55.64,58.61,,,,
2019-03-05,58.61,58.61,57.02,57.02,,,,
2019-03-06,58.21,58.21,54.05,54.45,,,,
2019-03-07,53.46,53.46,49.9,50.49,,,,
2019-03-08,47.72,49.3,47.72,49.3,,,,
2019-03-11,52.27,54.45,52.27,53.86,,,,
2019-03-12,55.24,56.23,53.06,54.85,,,,
2019-03-13,55.64,57.42,55.04,56.23,,,,
2019-03-14,55.44,55.64,54.45,55.04,,,,
2019-03-15,56.23,56.63,55.04,56.03,,,,
2019-03-18,56.83,59,56.83,59,,,,
2019-03-19,59.2,60,55.04,55.84,,,,
2019-03-20,54.65,55.44,51.88,53.26,,,,
2019-03-21,53.66,58.21,53.46,57.62,,,,
2019-03-22,56.23,56.23,51.88,51.88,,,,
2019-03-25,51.48,52.27,50.89,52.07,,,,
2019-03-26,53.86,55.44,52.27,53.66,,,,
2019-03-27,54.45,54.85,51.88,53.86,,,,
2019-03-28,54.65,56.03,54.25,55.04,,,,
2019-03-29,55.64,57.02,55.44,57.02,,,,
2019-04-01,58.41,61.78,58.21,61.78,,,,
2019-04-02,62.37,63.36,61.78,62.57,,,,
2019-04-03,64.55,65.14,62.97,62.97,,,,
2019-04-04,63.96,65.94,63.76,65.34,,,,
2019-04-05,66.93,67.72,66.33,67.32,,,,
2019-04-08,66.93,67.92,66.53,67.92,,,,
2019-04-09,65.54,65.94,63.96,64.95,,,,
2019-04-10,66.73,67.12,64.55,67.12,,,,
2019-04-11,67.52,68.51,66.53,67.32,,,,
2019-04-12,69.3,71.48,68.91,71.08,,,,
2019-04-15,70.89,70.89,68.91,69.7,,,,
2019-04-16,70.49,70.89,69.3,70.29,,,,
2019-04-17,69.9,70.29,69.3,69.7,,,,
2019-04-18,70.09,71.28,68.91,70.49,,,,
2019-04-22,68.71,69.7,68.71,69.5,,,,
2019-04-23,70.29,72.87,70.29,72.47,,,,
2019-04-24,72.47,72.67,71.68,71.88,,,,
2019-04-25,70.09,71.68,68.51,70.89,,,,
2019-04-26,70.09,70.89,69.7,70.69,,,,
2019-04-29,70.69,71.88,70.29,70.29,,,,
2019-04-30,71.08,71.08,70.09,70.89,,,,
2019-05-01,71.08,71.08,68.11,68.11,,,,
2019-05-02,68.11,68.51,66.93,67.92,,,,
2019-05-03,69.1,69.9,68.71,69.3,,,,
2019-05-06,67.72,69.3,67.12,68.71,,,,
2019-05-07,67.12,67.12,64.35,66.13,,,,
2019-05-08,64.35,65.74,63.76,63.76,,,,
2019-05-09,62.17,63.96,60.39,63.96,,,,
2019-05-10,62.97,64.35,59.2,64.35,,,,
2019-05-13,58.81,59,54.65,55.84,,,,
2019-05-14,56.83,59.2,56.63,57.42,,,,
2019-05-15,55.44,58.61,55.44,58.21,,,,
2019-05-16,59,60.79,58.81,59,,,,
2019-05-17,57.62,60.59,57.42,58.01,,,,
2019-05-20,57.22,58.41,55.44,57.02,,,,
2019-05-21,58.81,60.59,58.81,60.39,,,,
2019-05-22,59.4,59.8,58.21,58.81,,,,
2019-05-23,53.46,55.04,52.47,54.85,,,,
2019-05-24,56.63,56.63,54.05,54.85,,,,
2019-05-28,55.44,56.83,51.88,51.88,,,,
2019-05-29,50.09,51.88,49.3,50.89,,,,
2019-05-30,52.07,52.47,50.49,51.08,,,,
2019-05-31,48.11,49.7,47.12,48.31,,,,
2019-06-03,49.1,50.69,47.52,49,,,,
2019-06-04,52.77,55.75,51.58,55.75,,,,
2019-06-05,56.94,58.53,55.15,58.53,,,,
2019-06-06,59.12,59.92,58.53,59.32,,,,
2019-06-07,59.92,61.9,59.72,60.91,,,,
2019-06-10,63.29,63.29,61.3,61.7,,,,
2019-06-11,62.3,62.89,60.91,61.11,,,,
2019-06-12,62.3,62.3,60.31,60.71,,,,
2019-06-13,61.5,62.3,61.5,62.1,,,,
2019-06-14,61.3,61.5,60.71,61.11,,,,
2019-06-17,61.5,62.1,61.11,61.11,,,,
2019-06-18,62.5,66.07,62.5,65.27,,,,
2019-06-19,66.07,67.26,65.67,66.26,,,,
2019-06-20,68.65,69.44,66.26,69.04,,,,
2019-06-21,69.04,69.24,67.65,67.85,,,,
2019-06-24,67.85,69.04,67.85,68.65,,,,
2019-06-25,68.45,68.45,66.86,67.65,,,,
2019-06-26,67.85,67.85,65.87,66.26,,,,
2019-06-27,66.86,68.25,66.86,67.65,,,,
2019-06-28,70.03,71.82,69.04,71.42,,,,
2019-07-01,74,74,71.42,72.22,,,,
2019-07-02,71.82,72.42,71.23,71.91,,,,
2019-07-03,72.5,73.9,72.5,73.9,,,,
2019-07-05,73.5,73.7,71.71,73.7,,,,
2019-07-08,72.7,73.3,71.31,71.71,,,,
2019-07-09,71.31,71.71,70.71,71.51,,,,
2019-07-10,73.1,73.1,70.91,71.45,,,,
2019-07-11,71.25,71.85,70.25,71.45,,,,
2019-07-12,72.25,73.05,72.05,72.85,,,,
2019-07-15,72.85,73.45,72.25,72.45,,,,
2019-07-16,72.65,73.65,72.45,72.45,,,,
2019-07-17,71.65,72.45,70.85,70.85,,,,
2019-07-18,70.45,71.05,69.06,70.45,,,,
2019-07-19,72.65,73.05,71.05,71.05,,,,
2019-07-22,71.45,71.65,70.65,71.05,,,,
2019-07-23,71.45,72.85,71.45,72.85,,,,
2019-07-24,72.05,75.24,72.05,75.24,,,,
2019-07-25,74.25,74.45,72.25,72.65,,,,
2019-07-26,72.85,74.65,72.85,74.45,,,,
2019-07-29,73.65,73.86,72.85,73.86,,,,
2019-07-30,72.07,73.86,71.28,73.86,,,,
2019-07-31,73.66,74.05,70.69,71.08,,,,
2019-08-01,71.08,72.67,66.53,66.73,,,,
2019-08-02,66.33,66.33,62.97,64.95,,,,
2019-08-05,58.01,58.81,51.08,53.46,,,,
2019-08-06,57.02,57.62,53.46,57.62,,,,
2019-08-07,52.87,58.41,51.48,57.22,,,,
2019-08-08,59.4,62.37,58.81,62.17,,,,
2019-08-09,60.79,60.79,57.82,59.72,,,,
2019-08-12,57.93,58.13,55.35,56.85,,,,
2019-08-13,55.86,60.63,55.86,59,,,,
2019-08-14,56.23,56.23,51.88,52.47,,,,
2019-08-15,52.67,53.06,51.28,52.07,,,,
2019-08-16,53.06,55.24,53.06,54.45,,,,
2019-08-19,57.22,57.82,56.63,57.22,,,,
2019-08-20,55.84,57.02,55.64,55.64,,,,
2019-08-21,57.42,57.82,57.02,57.62,,,,
2019-08-22,57.82,58.41,56.43,57.42,,,,
2019-08-23,55.64,57.22,50.69,51.08,,,,
2019-08-26,53.46,53.66,52.07,53.66,,,,
2019-08-27,54.25,54.25,52.07,52.47,,,,
2019-08-28,50.89,54.45,50.89,54.45,,,,
2019-08-29,56.23,57.42,55.44,56.43,,,,
2019-08-30,58.21,58.21,56.63,57.02,,,,
2019-09-03,55.04,55.64,54.05,55.44,,,,
2019-09-04,57.02,57.02,55.64,56.63,,,,
2019-09-05,60.79,64.95,60.79,62.97,,,,
2019-09-06,63.76,65.34,63.16,64.55,,,,
2019-09-09,64.75,67.72,64.75,67.52,,,,
2019-09-10,67.72,71.08,66.33,71.08,,,,
2019-09-11,70.29,73.66,70.29,73.66,,,,
2019-09-12,73.66,74.25,72.67,73.26,,,,
2019-09-13,75.24,75.44,74.25,75.04,,,,
2019-09-16,73.46,74.65,73.06,74.45,,,,
2019-09-17,73.06,73.26,70.49,72.87,,,,
2019-09-18,71.28,71.88,69.5,71.88,,,,
2019-09-19,72.67,72.67,70.49,71.42,,,,
2019-09-20,72.61,72.61,70.43,70.43,,,,
2019-09-23,69.24,70.43,68.45,69.84,,,,
2019-09-24,69.84,70.43,67.06,68.25,,,,
2019-09-25,67.65,69.24,66.86,69.04,,,,
2019-09-26,68.05,68.25,66.26,67.46,,,,
2019-09-27,68.65,70.03,65.87,67.26,,,,
2019-09-30,68.05,68.84,66.86,67.26,,,,
2019-10-01,68.45,69.84,63.69,64.48,,,,
2019-10-02,59.72,59.72,54.36,56.54,,,,
2019-10-03,55.95,58.81,52.67,58.81,,,,
2019-10-04,60.19,62.37,58.81,62.37,,,,
2019-10-07,60.39,62.57,59.6,59.8,,,,
2019-10-08,56.63,56.63,53.06,53.06,,,,
2019-10-09,55.04,56.43,54.85,55.84,,,,
2019-10-10,55.84,59.6,55.84,58.01,,,,
2019-10-11,62.57,64.75,62.57,62.57,,,,
2019-10-14,62.57,62.77,61.78,62.17,,,,
2019-10-15,63.16,66.33,62.77,65.94,,,,
2019-10-16,65.54,66.33,64.55,64.55,,,,
2019-10-17,65.54,66.33,64.75,64.75,,,,
2019-10-18,65.14,67.32,64.95,66.66,,,,
2019-10-21,67.85,69.04,67.46,68.84,,,,
2019-10-22,67.85,70.03,67.85,69.24,,,,
2019-10-23,69.44,70.03,68.84,69.24,,,,
2019-10-24,69.64,69.84,68.65,69.24,,,,
2019-10-25,68.84,70.03,68.25,69.3,,,,
2019-10-28,70.49,71.08,69.9,70.29,,,,
2019-10-29,70.29,71.28,69.9,70.09,,,,
2019-10-30,69.5,70.69,67.52,70.09,,,,
2019-10-31,69.1,69.1,65.34,67.72,,,,
2019-11-01,69.9,71.68,69.5,71.48,,,,
2019-11-04,72.67,74.05,72.67,73.86,,,,
2019-11-05,74.05,74.25,72.07,72.36,,,,
2019-11-06,72.96,73.55,72.36,73.35,,,,
2019-11-07,74.95,75.54,71.96,72.56,,,,
2019-11-08,72.76,72.76,71.57,72.16,,,,
2019-11-11,70.77,72.16,70.77,71.57,,,,
2019-11-12,71.57,72.36,69.38,70.17,,,,
2019-11-13,69.98,72.56,69.98,71.37,,,,
2019-11-14,71.57,72.16,71.17,71.96,,,,
2019-11-15,72.96,74.35,72.56,74.35,,,,
2019-11-18,73.16,73.75,72.16,72.96,,,,
2019-11-19,72.76,73.35,71.37,72.76,,,,
2019-11-20,72.16,73.16,69.18,70.77,,,,
2019-11-21,70.37,70.97,68.78,69.38,,,,
2019-11-22,71.57,72.76,71.37,72.31,,,,
2019-11-25,72.7,74.5,72.11,74.5,,,,
2019-11-26,72.5,74.3,72.5,73.3,,,,
2019-11-27,74.7,75.89,74.7,75.69,,,,
2019-11-29,74.7,75.29,73.3,73.5,,,,
2019-12-02,72.9,72.9,71.11,71.34,,,,
2019-12-03,66.79,67.58,65.41,67.19,,,,
2019-12-04,70.35,71.93,70.35,71.14,,,,
2019-12-05,71.14,72.13,70.55,72.13,,,,
2019-12-06,74.9,75.88,74.7,75.64,,,,
2019-12-09,75.24,75.44,73.61,73.61,,,,
2019-12-10,73.61,74.4,72.61,72.96,,,,
2019-12-11,73.16,73.35,72.56,73.3,,,,
2019-12-12,74.1,75.69,73.5,74.3,,,,
2019-12-13,74.9,75.09,73.3,74.5,,,,
2019-12-16,76.09,77.68,75.49,77.62,,,,
2019-12-17,77.22,77.62,76.43,76.63,,,,
2019-12-18,77.22,78.01,76.63,77.22,,,,
2019-12-19,76.83,78.81,76.43,77.82,,,,
2019-12-20,79,79.8,78.41,79,,,,
2019-12-23,78.61,80.79,78.61,80.79,,,,
2019-12-24,80.79,80.99,80,80.79,,,,
2019-12-26,80.79,80.99,79.2,80.99,,,,
2019-12-27,81.58,81.58,80.19,80.79,,,,
2019-12-30,79.8,80.39,78.21,78.81,,,,
2019-12-31,79,80.19,78.21,80.19,,,,
2020-01-02,81.98,81.98,79,80.99,,,,
2020-01-03,79.6,80.99,79.4,80.79,,,,
2020-01-06,80.79,80.79,79.2,80.19,,,,
2020-01-07,78.61,79.6,77.42,78.01,,,,
2020-01-08,79.2,80.19,77.62,79.2,,,,
2020-01-09,78.81,79.4,77.82,78.61,,,,
2020-01-10,78.21,79,78.01,78.21,,,,
2020-01-13,78.61,80.39,78.61,80.39,,,,
2020-01-14,80,81.18,78.41,80.19,,,,
2020-01-15,81.18,82.17,80,81.18,,,,
2020-01-16,83.56,84.35,83.36,84.35,,,,
2020-01-17,84.15,84.55,83.16,84.15,,,,
2020-01-21,82.77,83.16,81.58,81.98,,,,
2020-01-22,82.57,83.16,80.99,80.99,,,,
2020-01-23,77.62,81.58,77.62,80.99,,,,
2020-01-24,80.19,80.19,76.23,77.82,,,,
2020-01-27,73.06,73.86,72.02,72.02,,,,
2020-01-28,72.02,74.6,72.02,73.06,,,,
2020-01-29,73.86,74.05,71.68,72.47,,,,
2020-01-30,70.29,72.87,69.1,72.87,,,,
2020-01-31,71.68,71.68,67.32,68.11,,,,
2020-02-03,70.49,70.69,68.51,68.91,,,,
2020-02-04,72.47,73.46,71.28,71.28,,,,
2020-02-05,75.84,77.22,75.04,76.83,,,,
2020-02-06,76.83,77.22,75.24,75.24,,,,
2020-02-07,74.85,75.04,72.47,72.87,,,,
2020-02-10,72.07,74.05,71.88,74.05,,,,
2020-02-11,75.84,76.43,75.44,75.84,,,,
2020-02-12,79,79,76.63,78.01,,,,
2020-02-13,77.02,77.62,75.84,77.42,,,,
2020-02-14,77.42,77.42,75.64,76.83,,,,
2020-02-18,75.24,75.24,72.27,73.46,,,,
2020-02-19,74.85,76.23,74.05,75.04,,,,
2020-02-20,74.45,77.02,74.25,76.03,,,,
2020-02-21,72.47,74.25,72.27,73.66,,,,
2020-02-24,64.75,64.95,60.79,61.18,,,,
2020-02-25,61.78,61.78,50.09,50.29,,,,
2020-02-26,53.66,55.04,46.53,46.73,,,,
2020-02-27,39.4,45.14,32.47,32.47,,,,
2020-02-28,20.39,24.15,16.83,23.96,,,,
2020-03-02,24.35,41.18,23.96,41.18,,,,
2020-03-03,37.82,46.33,31.28,33.66,,,,
2020-03-04,39.2,45.14,38.01,45.14,,,,
2020-03-05,39,40.59,35.04,36.63,,,,
2020-03-06,28.51,32.87,24.35,32.67,,,,
2020-03-09,17.22,20.19,13.86,15.24,,,,
2020-03-10,19.2,24.95,12.67,24.75,,,,
2020-03-11,15.64,16.63,11.08,12.07,,,,
2020-03-12,4.95,8.71,4.55,4.95,,,,
2020-03-13,5.74,11.48,5.14,11.48,,,,
2020-03-16,7.72,8.11,3.56,3.56,,,,
2020-03-17,3.56,10.69,3.56,10.29,,,,
2020-03-18,5.94,8.91,5.34,6.73,,,,
2020-03-19,5.34,6.93,4.95,4.95,,,,
2020-03-20,4.75,6.33,2.57,2.97,,,,
2020-03-23,3.16,3.56,1.98,2.97,,,,
2020-03-24,4.35,4.75,3.56,4.55,,,,
2020-03-25,4.95,5.54,3.76,3.76,,,,
2020-03-26,5.14,8.31,4.95,8.31,,,,
2020-03-27,5.94,7.52,5.54,5.94,,,,
2020-03-30,6.93,10.29,6.93,9.9,,,,
2020-03-31,8.91,10.29,8.31,8.71,,,,
2020-04-01,5.94,7.32,5.74,6.33,,,,
2020-04-02,5.94,7.92,5.94,7.92,,,,
2020-04-03,8.51,8.51,7.32,8.13,,,,
2020-04-06,9.72,13.04,9.72,13.04,,,,
2020-04-07,13.04,15.61,12.25,12.25,,,,
2020-04-08,11.85,16.23,11.66,15.64,,,,
2020-04-09,18.21,20.59,16.83,18.01,,,,
2020-04-13,16.63,16.63,14.25,15.64,,,,
2020-04-14,19.2,21.98,18.61,21.58,,,,
2020-04-15,18.01,19,16.83,18.01,,,,
2020-04-16,18.61,21.18,17.62,21.18,,,,
2020-04-17,23.96,24.95,21.98,24.55,,,,
2020-04-20,21.98,23.36,21.38,21.38,,,,
2020-04-21,18.41,18.81,16.63,17.02,,,,
2020-04-22,18.81,20,18.41,19.4,,,,
2020-04-23,20.39,21.78,19,19.2,,,,
2020-04-24,19.6,21.78,19,21.78,,,,
2020-04-27,23.36,24.95,22.57,23.96,,,,
2020-04-28,27.92,28.31,23.76,23.76,,,,
2020-04-29,26.53,30.89,26.53,28.31,,,,
2020-04-30,25.74,26.73,23.96,24.15,,,,
2020-05-01,20.79,20.99,19.4,20.19,,,,
2020-05-04,18.81,21.58,18.81,20.99,,,,
2020-05-05,23.96,26.13,23.76,23.76,,,,
2020-05-06,23.76,25.34,23.76,23.76,,,,
2020-05-07,25.14,25.94,24.55,24.75,,,,
2020-05-08,24.75,28.31,24.75,27.32,,,,
2020-05-11,27.52,29.7,26.53,28.91,,,,
2020-05-12,28.91,29.1,25,25,,,,
2020-05-13,24.4,25.59,21.82,23.8,,,,
2020-05-14,21.82,25,20.83,25,,,,
2020-05-15,24.2,25.79,23.8,25.19,,,,
2020-05-18,30.35,33.26,29.56,31.28,,,,
2020-05-19,30.29,31.68,29.3,29.3,,,,
2020-05-20,31.88,34.65,31.88,33.26,,,,
2020-05-21,32.07,32.07,28.91,29.5,,,,
2020-05-22,29.7,31.28,29.7,31.28,,,,
2020-05-26,35.44,37.22,34.65,34.85,,,,
2020-05-27,38.81,41.58,36.63,41.58,,,,
2020-05-28,41.38,43.76,41.18,41.98,,,,
2020-05-29,40.39,42.37,39.6,41.98,,,,
2020-06-01,40.99,43.16,40.99,41.78,,,,
2020-06-02,42.37,44.55,42.17,43.96,,,,
2020-06-03,46.73,49.3,46.53,48.91,,,,
2020-06-04,47.12,48.91,46.73,48.11,,,,
2020-06-05,56.03,59.6,55.04,55.44,,,,
2020-06-08,59.4,61.98,59,61.98,,,,
2020-06-09,56.23,56.23,53.46,54.25,,,,
2020-06-10,51.68,51.68,48.31,48.91,,,,
2020-06-11,40.59,41.58,33.46,33.46,,,,
2020-06-12,40.59,40.59,31.68,36.43,,,,
2020-06-15,31.28,39.8,31.28,38.81,,,,
2020-06-16,43.96,44.35,40.59,42.17,,,,
2020-06-17,42.17,43.16,41.58,41.78,,,,
2020-06-18,41.38,41.58,40.19,41.38,,,,
2020-06-19,42.77,42.97,39.4,40,,,,
2020-06-22,38.61,40.59,38.61,40.39,,,,
2020-06-23,41.78,41.98,40.79,41.18,,,,
2020-06-24,39.2,39.2,33.66,34.65,,,,
2020-06-25,32.47,36.43,32.47,36.03,,,,
2020-06-26,36.23,36.43,32.07,32.47,,,,
2020-06-29,32.87,36.43,32.87,36.43,,,,
2020-06-30,35.84,40.99,35.64,39.4,,,,
2020-07-01,40.99,40.99,38.41,39.8,,,,
2020-07-02,43.76,43.76,40.39,41.38,,,,
2020-07-06,43.76,44.35,42.17,43.36,,,,
2020-07-07,40.79,42.17,40.19,40.59,,,,
2020-07-08,40.99,41.58,38.01,40.39,,,,
2020-07-09,38.81,39.2,36.03,38.01,,,,
2020-07-10,38.01,40.59,37.02,40.39,,,,
2020-07-13,40.79,43.36,40.59,41.18,,,,
2020-07-14,41.38,44.55,40.59,44.55,,,,
2020-07-15,48.31,49.9,47.52,49.3,,,,
2020-07-16,48.51,50.29,48.51,49.9,,,,
2020-07-17,50.69,51.68,49.9,51.48,,,,
2020-07-20,51.08,51.08,49.5,49.9,,,,
2020-07-21,50.89,52.47,50.89,51.68,,,,
2020-07-22,51.88,54.65,51.88,54.65,,,,
2020-07-23,54.25,55.04,53.46,53.66,,,,
2020-07-24,53.06,53.46,52.07,52.27,,,,
2020-07-27,51.88,52.87,51.88,52.87,,,,
2020-07-28,53.06,53.06,51.88,51.88,,,,
2020-07-29,53.46,54.65,53.26,54.65,,,,
2020-07-30,53.06,54.25,51.48,53.86,,,,
2020-07-31,52.47,52.47,49.3,52.17,,,,
2020-08-03,52.17,52.37,50.98,52.17,,,,
2020-08-04,51.97,52.76,51.58,52.76,,,,
2020-08-05,53.75,55.53,53.75,54.94,,,,
2020-08-06,54.74,54.94,53.55,54.54,,,,
2020-08-07,54.54,57.31,54.54,57.31,,,,
2020-08-10,58.49,59.68,58.1,59.09,,,,
2020-08-11,63.24,63.24,58.89,59.28,,,,
2020-08-12,61.66,62.05,59.68,60.47,,,,
2020-08-13,58.69,59.88,58.49,59.48,,,,
2020-08-14,57.9,60.27,57.9,59.48,,,,
2020-08-17,59.88,60.07,58.69,58.69,,,,
2020-08-18,59.48,59.68,58.89,58.89,,,,
2020-08-19,58.69,59.28,58.69,58.89,,,,
2020-08-20,58.3,58.49,57.11,57.31,,,,
2020-08-21,57.7,57.7,56.52,57.11,,,,
2020-08-24,57.9,59.68,57.31,59.68,,,,
2020-08-25,60.27,60.27,58.89,59.88,,,,
2020-08-26,59.09,59.68,57.31,58.69,,,,
2020-08-27,59.68,61.46,59.48,61.06,,,,
2020-08-28,61.06,62.05,60.86,62.05,,,,
2020-08-31,61.46,61.66,61.06,61.26,,,,
2020-09-01,60.86,61.18,60.27,60.99,,,,
2020-09-02,61.38,64.55,61.38,64.15,,,,
2020-09-03,64.95,66.53,60,61.78,,,,
2020-09-04,63.16,63.16,59,61.78,,,,
2020-09-08,58.01,60.19,56.43,57.02,,,,
2020-09-09,58.81,60.79,58.81,59.8,,,,
2020-09-10,60.99,61.78,56.83,57.02,,,,
2020-09-11,57.22,59,56.03,57.42,,,,
2020-09-14,60,62.37,60,61.78,,,,
2020-09-15,62.97,63.36,61.98,61.98,,,,
2020-09-16,63.36,65.34,63.16,63.96,,,,
2020-09-17,60.79,62.97,60,62.77,,,,
2020-09-18,62.37,62.37,58.41,59.12,,,,
2020-09-21,54.36,54.36,51.19,54.05,,,,
2020-09-22,54.85,55.44,53.26,54.85,,,,
2020-09-23,56.83,56.83,50.69,50.89,,,,
2020-09-24,47.92,55.24,47.12,51.48,,,,
2020-09-25,50.09,56.03,49.5,55.64,,,,
2020-09-28,58.41,59.2,57.62,58.61,,,,
2020-09-29,58.81,58.81,56.23,56.83,,,,
2020-09-30,58.41,60,57.62,58.61,,,,
2020-10-01,59.6,59.8,57.02,59.2,,,,
2020-10-02,57.02,61.58,57.02,60.19,,,,
2020-10-05,62.77,64.75,61.58,64.35,,,,
2020-10-06,64.95,68.91,61.18,62.1,,,,
2020-10-07,65.27,68.45,65.27,66.99,,,,
2020-10-08,69.58,71.17,69.38,70.97,,,,
2020-10-09,73.35,73.75,70.77,72.16,,,,
2020-10-12,71.96,73.55,71.96,73.16,,,,
2020-10-13,71.76,72.36,69.58,70.57,,,,
2020-10-14,71.37,72.16,70.17,70.37,,,,
2020-10-15,67.79,70.97,67.79,70.77,,,,
2020-10-16,71.96,72.56,70.97,70.97,,,,
2020-10-19,72.16,72.56,66.53,66.93,,,,
2020-10-20,69.1,71.88,68.71,68.91,,,,
2020-10-21,69.3,70.29,68.51,68.51,,,,
2020-10-22,68.31,72.67,68.11,72.47,,,,
2020-10-23,73.66,74.05,71.48,72.47,,,,
2020-10-26,69.3,69.3,64.95,66.53,,,,
2020-10-27,66.53,66.93,63.36,63.36,,,,
2020-10-28,59.4,60.19,55.44,55.44,,,,
2020-10-29,55.64,59.2,53.86,58.01,,,,
2020-10-30,58.81,58.81,55.44,57.02,,,,
2020-11-02,61.18,64.35,58.81,64.35,,,,
2020-11-03,68.91,70.29,67.92,69.3,,,,
2020-11-04,68.31,73.26,68.31,69.3,,,,
2020-11-05,72.87,74.85,71.68,73.06,,,,
2020-11-06,73.66,73.86,70.29,70.49,,,,
2020-11-09,84.35,84.35,80.99,80.99,,,,
2020-11-10,81.38,83.56,80.39,83.56,,,,
2020-11-11,83.96,83.96,82.37,83.16,,,,
2020-11-12,81.58,81.98,79.4,80.19,,,,
2020-11-13,81.78,85.54,81.78,85.34,,,,
2020-11-16,87.12,88.51,86.33,88.11,,,,
2020-11-17,86.13,88.31,86.13,88.11,,,,
2020-11-18,88.51,89.3,86.13,86.13,,,,
2020-11-19,85.34,86.73,83.96,86.53,,,,
2020-11-20,87.12,87.12,85.34,86.13,,,,
2020-11-23,86.73,88.51,86.73,88.51,,,,
2020-11-24,89.3,90.49,89.3,90.09,,,,
2020-11-25,90.09,90.29,89.3,90.09,,,,
2020-11-27,90.29,90.89,89.5,89.9,,,,
2020-11-30,89.9,90.29,88.31,89.5,,,,
2020-12-01,90.69,91.48,90.69,91.48,,,,
2020-12-02,90.49,91.88,90.49,91.88,,,,
2020-12-03,91.68,91.88,91.48,91.68,,,,
2020-12-04,91.88,92.07,90.89,91.08,,,,
2020-12-07,91.48,91.88,90.69,90.89,,,,
2020-12-08,90.49,91.88,90.49,91.68,,,,
2020-12-09,91.28,91.48,91.08,91.28,,,,
2020-12-10,90.89,91.08,90.29,90.69,,,,
2020-12-11,90.89,90.89,90.49,90.89,,,,
2020-12-14,91.48,91.88,90.29,90.49,,,,
2020-12-15,90.09,91.48,90.09,91.48,,,,
2020-12-16,92.07,92.07,90.49,90.49,,,,
2020-12-17,91.48,92.07,91.28,91.28,,,,
2020-12-18,91.48,91.48,89.7,89.9,,,,
2020-12-21,87.92,88.73,87.12,88.73,,,,
2020-12-22,88.14,88.14,87.35,87.74,,,,
2020-12-23,88.53,89.3,88.11,88.11,,,,
2020-12-24,88.31,89.3,88.31,89.3,,,,
2020-12-28,89.9,90.29,89.3,89.7,,,,
2020-12-29,89.9,90.09,89.1,89.3,,,,
2020-12-30,89.5,90.09,89.5,89.5,,,,
2020-12-31,89.5,90.89,88.71,90.89,,,,
2021-01-04,90.29,90.29,87.52,88.71,,,,
2021-01-05,89.3,89.7,87.72,88.71,,,,
2021-01-06,88.71,91.48,88.71,90.49,,,,
2021-01-07,90.09,90.49,89.5,89.5,,,,
2021-01-08,89.7,90.29,88.51,90.07,,,,
2021-01-11,88.88,89.9,88.88,89.9,,,,
2021-01-12,89.1,89.9,89.1,89.3,,,,
2021-01-13,89.5,89.9,89.1,89.7,,,,
2021-01-14,89.3,89.9,88.51,89.1,,,,
2021-01-15,88.91,90.29,88.91,89.5,,,,
2021-01-19,89.7,90.09,89.3,89.7,,,,
2021-01-20,89.7,89.9,88.91,89.68,,,,
2021-01-21,89.68,89.88,88.88,89.08,,,,
2021-01-22,89.08,89.28,88.29,88.88,,,,
2021-01-25,88.29,90.09,88.29,90.09,,,,
2021-01-26,89.5,90.49,88.91,90.49,,,,
2021-01-27,87.92,89.1,86.33,86.73,,,,
2021-01-28,87.92,89.1,86.93,86.93,,,,
2021-01-29,86.53,87.52,83.76,83.76,,,,
2021-02-01,85.34,86.93,84.95,86.33,,,,
2021-02-02,87.12,88.91,87.12,88.11,,,,
2021-02-03,87.52,88.31,86.53,87.52,,,,
2021-02-04,87.92,88.91,87.52,88.91,,,,
2021-02-05,88.91,88.91,88.11,88.11,,,,
2021-02-08,88.91,88.91,87.52,88.31,,,,
2021-02-09,88.11,89.3,88.11,88.91,,,,
2021-02-10,89.7,89.7,88.51,89.1,,,,
2021-02-11,89.5,89.5,87.52,87.92,,,,
2021-02-12,87.52,87.72,86.73,87.12,,,,
2021-02-16,87.52,87.72,86.13,86.33,,,,
2021-02-17,85.54,87.12,85.54,86.93,,,,
2021-02-18,87.12,87.72,86.33,87.32,,,,
2021-02-19,87.72,87.72,86.13,86.13,,,,
2021-02-22,85.54,85.74,84.55,84.95,,,,
2021-02-23,83.16,84.35,82.77,83.76,,,,
2021-02-24,84.15,85.14,83.96,84.35,,,,
2021-02-25,84.95,84.95,81.38,81.78,,,,
2021-02-26,81.98,82.37,79,79,,,,
2021-03-01,81.58,83.96,81.38,82.97,,,,
2021-03-02,82.97,83.16,80.99,81.78,,,,
2021-03-03,81.38,81.38,79.4,79.4,,,,
2021-03-04,79.2,80.99,75.64,77.02,,,,
2021-03-05,77.62,81.98,75.44,81.38,,,,
2021-03-08,83.56,83.96,80.19,80.19,,,,
2021-03-09,83.16,84.95,83.16,83.56,,,,
2021-03-10,83.96,84.95,83.56,83.76,,,,
2021-03-11,84.55,85.74,84.35,84.75,,,,
2021-03-12,84.15,85.94,84.15,85.54,,,,
2021-03-15,85.94,86.73,85.74,86.73,,,,
2021-03-16,87.52,88.51,86.93,88.11,,,,
2021-03-17,86.93,87.92,86.53,87.32,,,,
2021-03-18,86.53,86.73,86.13,86.13,,,,
2021-03-19,86.53,86.93,85.54,86.13,,,,
2021-03-22,85.34,88.11,85.34,87.92,,,,
2021-03-23,87.92,89.1,87.52,88.11,,,,
2021-03-24,87.72,89.1,87.12,87.12,,,,
2021-03-25,86.53,88.11,85.74,87.92,,,,
2021-03-26,88.51,91.88,87.32,91.88,,,,
2021-03-29,92.27,94.46,90.89,93.87,,,,
2021-03-30,92.49,92.49,90.9,91.3,,,,
2021-03-31,91.5,92.88,91.5,92.88,,,,
2021-04-01,92.29,93.67,91.69,93.47,,,,
2021-04-05,93.86,95.24,93.86,94.85,,,,
2021-04-06,94.85,95.44,94.65,95.24,,,,
2021-04-07,94.85,95.04,94.05,94.25,,,,
2021-04-08,94.65,94.65,93.66,93.86,,,,
2021-04-09,93.86,94.05,92.67,94.05,,,,
2021-04-12,94.05,94.85,94.05,94.45,,,,
2021-04-13,93.86,95.44,93.86,95.24,,,,
2021-04-14,95.04,95.84,94.85,95.04,,,,
2021-04-15,95.64,96.23,95.64,96.23,,,,
2021-04-16,96.03,96.63,95.84,96.62,,,,
2021-04-19,96.62,96.62,95.83,96.23,,,,
2021-04-20,96.42,97.02,96.42,96.82,,,,
2021-04-21,96.42,96.82,96.42,96.82,,,,
2021-04-22,96.42,96.42,95.63,96.23,,,,
2021-04-23,96.03,96.23,95.63,95.83,,,,
2021-04-26,95.23,95.83,95.23,95.43,,,,
2021-04-27,95.83,95.83,95.03,95.23,,,,
2021-04-28,94.64,95.03,94.04,94.64,,,,
2021-04-29,94.25,94.65,94.05,94.25,,,,
2021-04-30,93.66,94.65,93.66,94.05,,,,
2021-05-03,94.25,95.24,93.66,93.66,,,,
2021-05-04,94.25,94.25,92.67,93.26,,,,
2021-05-05,93.06,93.46,92.67,93.26,,,,
2021-05-06,92.47,92.47,91.48,92.47,,,,
2021-05-07,92.67,93.86,92.07,92.27,,,,
2021-05-10,92.47,93.46,91.48,91.48,,,,
2021-05-11,90.89,92.47,90.49,92.07,,,,
2021-05-12,90.09,90.49,88.71,88.91,,,,
2021-05-13,88.51,90.09,88.51,89.3,,,,
2021-05-14,90.09,91.68,90.09,91.68,,,,
2021-05-17,91.08,91.28,90.11,90.31,,,,
2021-05-18,90.51,90.71,89.1,89.1,,,,
2021-05-19,87.92,89.1,87.32,89.1,,,,
2021-05-20,90.09,92.27,90.09,91.88,,,,
2021-05-21,92.27,92.87,91.08,91.08,,,,
2021-05-24,91.88,92.07,91.28,91.28,,,,
2021-05-25,91.28,91.48,90.69,91.48,,,,
2021-05-26,91.28,91.88,90.89,91.08,,,,
2021-05-27,91.08,91.88,91.08,91.08,,,,
2021-05-28,92.07,92.67,91.48,91.88,,,,
2021-06-01,91.88,91.88,90.49,90.89,,,,
2021-06-02,90.89,91.08,89.7,90.49,,,,
2021-06-03,88.91,89.5,87.52,89.3,,,,
2021-06-04,90.09,90.89,90.09,90.69,,,,
2021-06-07,90.89,90.89,89.7,89.9,,,,
2021-06-08,90.69,90.69,88.31,90.09,,,,
2021-06-09,89.9,90.49,89.1,89.5,,,,
2021-06-10,89.5,90.89,89.5,90.49,,,,
2021-06-11,90.09,90.89,90.09,90.89,,,,
2021-06-14,91.08,91.48,90.29,91.48,,,,
2021-06-15,91.28,91.68,90.29,90.89,,,,
2021-06-16,90.89,91.08,88.71,89.3,,,,
2021-06-17,89.3,90.09,88.71,89.7,,,,
2021-06-18,87.52,87.52,85.94,85.94,,,,
2021-06-21,87.32,88.51,87.12,88.11,,,,
2021-06-22,87.72,89.1,87.52,88.31,,,,
2021-06-23,88.11,88.51,87.32,87.32,,,,
2021-06-24,88.31,88.91,88.11,88.31,,,,
2021-06-25,89.1,90.29,88.71,90.09,,,,
2021-06-28,90.29,90.69,89.5,90.09,,,,
2021-06-29,90.49,90.89,88.91,89.1,,,,
2021-06-30,89.5,89.9,88.91,89.5,,,,
2021-07-01,90.09,90.89,90.09,90.49,,,,
2021-07-02,90.89,91.28,90.29,91.28,,,,
2021-07-06,90.49,90.49,88.31,89.3,,,,
2021-07-07,89.5,91.08,89.3,90.29,,,,
2021-07-08,87.92,88.91,86.53,87.52,,,,
2021-07-09,89.3,90.49,89.3,90.49,,,,
2021-07-12,89.3,90.49,89.3,90.09,,,,
2021-07-13,90.29,90.49,88.11,89.1,,,,
2021-07-14,88.91,89.3,87.32,88.51,,,,
2021-07-15,86.93,88.71,86.93,88.31,,,,
2021-07-16,89.3,89.3,85.94,86.13,,,,
2021-07-19,81.98,81.98,76.43,78.81,,,,
2021-07-20,79.2,85.34,79.2,84.35,,,,
2021-07-21,86.33,86.93,85.14,86.33,,,,
2021-07-22,83.36,84.35,82.97,84.15,,,,
2021-07-23,84.35,86.53,84.15,86.33,,,,
2021-07-26,86.93,87.92,86.33,87.12,,,,
2021-07-27,86.93,88.71,86.13,88.51,,,,
2021-07-28,89.5,89.5,87.12,88.51,,,,
2021-07-29,88.71,89.9,88.31,88.71,,,,
2021-07-30,87.92,88.71,85.94,86.73,,,,
2021-08-02,87.72,88.91,85.34,85.34,,,,
2021-08-03,84.55,86.33,83.76,86.3,,,,
2021-08-04,83.73,83.92,81.34,81.54,,,,
2021-08-05,82.53,83.13,81.94,82.34,,,,
2021-08-06,83.53,84.32,83.33,83.33,,,,
2021-08-09,82.93,83.39,82.14,82.6,,,,
2021-08-10,83.2,84.38,83.2,83.99,,,,
2021-08-11,83.79,85.57,83.59,85.37,,,,
2021-08-12,84.58,84.58,83,84.38,,,,
2021-08-13,83.99,84.78,83.59,84.18,,,,
2021-08-16,82.21,84.15,82.21,83.76,,,,
2021-08-17,80.79,81.38,79.2,81.18,,,,
2021-08-18,79.8,81.18,78.01,78.01,,,,
2021-08-19,75.24,76.63,73.66,74.45,,,,
2021-08-20,73.86,76.23,73.86,75.64,,,,
2021-08-23,78.81,80,77.82,79.4,,,,
2021-08-24,80.39,81.98,79.8,80.99,,,,
2021-08-25,79.6,83.16,79.6,81.98,,,,
2021-08-26,80.99,81.18,78.01,78.81,,,,
2021-08-27,80,81.98,80,81.78,,,,
2021-08-30,81.18,81.18,79.36,79.36,,,,
2021-08-31,78.96,80.35,78.96,79.96,,,,
2021-09-01,78.76,79.36,78.17,78.81,,,,
2021-09-02,79.8,81.18,79.6,80.39,,,,
2021-09-03,80.19,80.19,78.21,78.61,,,,
2021-09-07,77.82,78.41,75.84,75.84,,,,
2021-09-08,74.65,76.63,73.26,73.66,,,,
2021-09-09,73.66,75.44,73.66,73.66,,,,
2021-09-10,74.05,74.05,71.88,71.88,,,,
2021-09-13,73.06,74.65,73.06,74.65,,,,
2021-09-14,74.65,74.65,71.28,71.68,,,,
2021-09-15,71.68,74.65,71.68,74.25,,,,
2021-09-16,74.65,74.65,71.68,72.07,,,,
2021-09-17,71.28,71.68,68.51,68.91,,,,
2021-09-20,63.96,64.75,60.19,64.75,,,,
2021-09-21,66.33,66.33,62.37,62.57,,,,
2021-09-22,65.14,67.72,65.14,66.13,,,,
2021-09-23,69.3,73.66,69.3,71.88,,,,
2021-09-24,70.89,73.46,70.89,72.47,,,,
2021-09-27,71.88,71.88,71.88,71.88,,,,
2021-09-28,70.29,70.69,66.13,66.93,,,,
2021-09-29,67.72,69.7,67.32,68.11,,,,
2021-09-30,67.52,67.72,60.79,60.79,,,,
2021-10-01,63.16,67.32,60.39,65.14,,,,
2021-10-04,63.16,64.95,62.17,63.69,,,,
2021-10-05,64.68,67.65,64.08,65.27,,,,
2021-10-06,62.69,66.66,59.32,66.66,,,,
2021-10-07,70.23,72.02,66.26,66.86,,,,
2021-10-08,66.26,67.46,64.48,64.48,,,,
2021-10-11,65.47,67.06,62.57,62.77,,,,
2021-10-12,62.97,64.95,62.37,62.57,,,,
2021-10-13,62.17,64.15,59.8,63.36,,,,
2021-10-14,66.73,70.69,66.13,70.69,,,,
2021-10-15,72.87,74.05,70.69,70.69,,,,
2021-10-18,69.5,70.29,69.5,69.9,,,,
2021-10-19,71.28,72.27,70.29,72.27,,,,
2021-10-20,71.88,74.65,71.88,74.65,,,,
2021-10-21,72.87,74.25,72.87,74.25,,,,
2021-10-22,74.85,76.03,74.45,74.65,,,,
2021-10-25,73.26,75.24,73.26,73.86,,,,
2021-10-26,73.66,74.65,72.87,73.26,,,,
2021-10-27,72.07,72.07,69.5,69.5,,,,
2021-10-28,69.7,72.67,69.7,72.07,,,,
2021-10-29,71.48,72.07,68.71,70.29,,,,
2021-11-01,70.69,72.27,70.49,71.88,,,,
2021-11-02,71.88,71.88,69.3,70.69,,,,
2021-11-03,70.69,73.86,70.29,73.86,,,,
2021-11-04,74.45,74.45,70.49,71.28,,,,
2021-11-05,75.24,76.23,73.66,75.04,,,,
2021-11-08,75.84,75.84,72.52,73.51,,,,
2021-11-09,73.51,74.3,72.72,74.3,,,,
2021-11-10,75.69,75.88,74.11,74.5,,,,
2021-11-11,74.9,74.9,73.32,73.32,,,,
2021-11-12,74.3,74.7,72.92,73.71,,,,
2021-11-15,74.11,74.7,73.06,74.25,,,,
2021-11-16,74.45,75.24,72.47,72.47,,,,
2021-11-17,71.48,71.68,69.9,71.48,,,,
2021-11-18,70.89,70.89,68.71,69.9,,,,
2021-11-19,68.71,70.09,67.92,68.51,,,,
2021-11-22,69.3,72.07,68.71,70.55,,,,
2021-11-23,70.35,72.33,70.15,71.93,,,,
2021-11-24,71.34,71.54,69.76,70.94,,,,
2021-11-26,65.01,65.21,61.85,63.83,,,,
2021-11-29,65.21,65.81,63.83,65.21,,,,
2021-11-30,61.26,61.26,54.74,55.73,,,,
2021-12-01,58.69,61.46,51.97,51.97,,,,
2021-12-02,52.76,59.88,52.76,59.28,,,,
2021-12-03,60.27,60.27,55.13,57.5,,,,
2021-12-06,62.84,66.73,62.84,64.55,,,,
2021-12-07,66.93,70.09,66.93,68.51,,,,
2021-12-08,68.71,69.5,67.92,68.71,,,,
2021-12-09,66.53,68.51,66.53,67.72,,,,
2021-12-10,68.31,69.3,66.13,67.12,,,,
2021-12-13,66.93,67.72,65.14,66.53,,,,
2021-12-14,67.12,67.12,64.35,65.34,,,,
2021-12-15,65.54,67.32,62.37,66.66,,,,
2021-12-16,67.26,69.84,66.66,67.46,,,,
2021-12-17,64.28,65.27,62.3,62.5,,,,
2021-12-20,58.13,58.13,55.15,58.01,,,,
2021-12-21,60.99,64.35,60.99,64.35,,,,
2021-12-22,63.96,65.54,63.96,65.34,,,,
2021-12-23,66.33,68.71,66.33,67.72,,,,
2021-12-27,68.11,70.89,67.52,70.89,,,,
2021-12-28,71.08,72.07,70.89,71.48,,,,
2021-12-29,72.27,72.47,71.28,71.68,,,,
2021-12-30,72.47,73.06,71.28,71.28,,,,
2021-12-31,71.28,72.47,71.28,71.88,,,,
2022-01-03,72.67,73.66,71.48,73.46,,,,
2022-01-04,75.24,75.44,73.66,74.65,,,,
2022-01-05,75.24,75.44,71.08,71.08,,,,
2022-01-06,70.69,71.88,69.9,70.09,,,,
2022-01-07,70.69,71.68,69.5,69.9,,,,
2022-01-10,68.71,69.1,65.14,68.91,,,,
2022-01-11,68.91,70.89,66.73,70.89,,,,
2022-01-12,72.47,72.67,69.9,71.88,,,,
2022-01-13,71.48,72.67,69.9,69.9,,,,
2022-01-14,64.95,65.94,63.16,65.94,,,,
2022-01-18,62.37,62.37,58.81,60.19,,,,
2022-01-19,60.59,61.98,57.02,57.02,,,,
2022-01-20,59.2,61.98,53.26,53.26,,,,
2022-01-21,52.07,55.64,49.3,49.7,,,,
2022-01-24,43.16,51.28,36.03,51.28,,,,
2022-01-25,44.15,49.3,38.41,46.53,,,,
2022-01-26,47.52,51.48,38.81,42.17,,,,
2022-01-27,48.11,48.51,37.42,39.2,,,,
2022-01-28,37.02,45.94,36.03,45.94,,,,
2022-01-31,42.77,50.69,42.77,50.69,,,,
2022-02-01,50.69,52.87,48.71,52.87,,,,
2022-02-02,53.06,57.02,53.06,56.63,,,,
2022-02-03,53.06,54.05,50.49,50.49,,,,
2022-02-04,50.49,51.88,46.13,48.31,,,,
2022-02-07,49.3,51.88,47.52,48.51,,,,
2022-02-08,48.91,53.06,48.91,52.87,,,,
2022-02-09,57.42,58.81,57.02,58.01,,,,
2022-02-10,54.65,57.82,49.9,50.69,,,,
2022-02-11,52.27,53.06,43.76,45.34,,,,
2022-02-14,44.75,45.54,40.99,42.57,,,,
2022-02-15,47.72,49.1,47.32,48.11,,,,
2022-02-16,47.52,49.3,46.33,49.2,,,,
2022-02-17,45.43,47.22,43.05,43.73,,,,
2022-02-18,44.13,44.93,41.94,43.14,,,,
2022-02-22,40.95,43.73,38.76,40,,,,
2022-02-23,40.79,40.79,34.85,34.85,,,,
2022-02-24,30.09,35.84,29.5,35.64,,,,
2022-02-25,39.4,46.13,38.21,45.94,,,,
2022-02-28,44.15,44.35,44.15,44.35,,,,
2022-03-01,40.59,40.59,35.24,37.5,,,,
2022-03-02,40.27,45.03,40.27,44.44,,,,
2022-03-03,45.83,45.83,43.25,44.64,,,,
2022-03-04,40.87,43.65,40.07,43.65,,,,
2022-03-07,41.07,41.07,34.32,34.32,,,,
2022-03-08,36.11,38.29,32.27,32.27,,,,
2022-03-09,38.01,39.2,37.02,37.62,,,,
2022-03-10,36.23,37.82,34.65,37.42,,,,
2022-03-11,38.81,39,35.04,35.04,,,,
2022-03-14,37.22,38.61,35.24,36.43,,,,
2022-03-15,37.22,40.19,36.83,39.2,,,,
2022-03-16,40.79,42.97,38.21,42.97,,,,
2022-03-17,42.17,45.54,42.17,45.54,,,,
2022-03-18,44.75,49.3,44.55,49.1,,,,
2022-03-21,49.7,49.7,45.54,47.52,,,,
2022-03-22,48.31,51.28,48.31,49.5,,,,
2022-03-23,48.51,48.51,45.54,45.54,,,,
2022-03-24,45.74,49.3,45.74,49.3,,,,
2022-03-25,49.3,50.89,48.91,50.69,,,,
2022-03-28,49.7,52.07,48.11,52.07,,,,
2022-03-29,57.22,59.4,55.04,59.2,,,,
2022-03-30,58.61,58.61,55.44,56.03,,,,
2022-03-31,55.24,56.03,51.28,51.28,,,,
2022-04-01,52.07,52.27,49.1,51.28,,,,
2022-04-04,50.89,52.07,49.5,52.07,,,,
2022-04-05,52.07,52.07,48.11,48.31,,,,
2022-04-06,45.34,48.11,45.34,47.61,,,,
2022-04-07,47.02,48.8,46.03,48.01,,,,
2022-04-08,48.01,49.4,47.61,48.01,,,,
2022-04-11,47.22,47.82,46.64,46.83,,,,
2022-04-12,46.73,47.52,45.54,46.23,,,,
2022-04-13,47.22,47.81,46.62,47.61,,,,
2022-04-14,48.21,48.61,47.02,47.02,,,,
2022-04-18,47.22,47.42,45.63,46.62,,,,
2022-04-19,47.42,49.1,47.42,49.1,,,,
2022-04-20,50.89,51.48,50.49,51.08,,,,
2022-04-21,52.67,52.67,48.11,48.11,,,,
2022-04-22,46.53,46.53,43.56,43.76,,,,
2022-04-25,43.16,44.75,41.38,44.55,,,,
2022-04-26,44.75,44.75,41.78,41.78,,,,
2022-04-27,42.57,43.16,40.99,41.38,,,,
2022-04-28,42.57,44.35,40.59,43.96,,,,
2022-04-29,42.77,42.77,34.25,34.25,,,,
2022-05-02,34.45,36.63,29.7,33.46,,,,
2022-05-03,34.65,38.01,34.25,36.03,,,,
2022-05-04,36.43,41.38,35.84,41.18,,,,
2022-05-05,39.8,39.8,34.85,36.03,,,,
2022-05-06,33.66,35.04,33.26,34.85,,,,
2022-05-09,31.48,32.87,30.29,30.69,,,,
2022-05-10,32.47,32.47,26.93,28.96,,,,
2022-05-11,29.36,32.34,27.97,28.17,,,,
2022-05-12,27.97,28.96,25.39,27.92,,,,
2022-05-13,30.29,31.68,29.1,31.28,,,,
2022-05-16,30.89,32.47,30.49,31.48,,,,
2022-05-17,33.46,35.04,33.06,35.04,,,,
2022-05-18,32.67,32.67,27.12,27.12,,,,
2022-05-19,25.34,27.52,23.56,25.34,,,,
2022-05-20,26.93,26.93,22.77,24.35,,,,
2022-05-23,27.32,28.91,26.13,27.72,,,,
2022-05-24,27.32,29.3,25.94,29.3,,,,
2022-05-25,29.3,30.69,28.71,29.7,,,,
2022-05-26,31.48,33.26,31.28,32.67,,,,
2022-05-27,34.45,37.42,34.45,37.42,,,,
2022-05-31,35.44,36.83,34.65,36.03,,,,
2022-06-01,36.43,36.43,30.69,33.06,,,,
2022-06-02,32.27,35.84,31.68,35.84,,,,
2022-06-03,33.86,34.25,32.87,32.87,,,,
2022-06-06,35.04,36.03,34.25,34.45,,,,
2022-06-07,33.06,36.83,33.06,36.83,,,,
2022-06-08,34.25,35.44,32.27,32.27,,,,
2022-06-09,32.27,32.67,27.72,27.72,,,,
2022-06-10,23.96,25.14,23.96,24.4,,,,
2022-06-13,21.03,21.03,16.46,16.83,,,,
2022-06-14,18.01,18.01,13.86,15.44,,,,
2022-06-15,16.23,18.81,14.85,16.43,,,,
2022-06-16,12.87,12.87,11.48,12.27,,,,
2022-06-17,13.26,13.26,10.69,11.48,,,,
2022-06-21,15.64,16.63,15.64,16.03,,,,
2022-06-22,15.04,16.63,15.04,15.84,,,,
2022-06-23,17.02,17.22,14.45,16.83,,,,
2022-06-24,19.8,22.77,19.8,22.17,,,,
2022-06-27,21.78,24.15,21.78,23.61,,,,
2022-06-28,25,25,21.66,21.66,,,,
2022-06-29,22.26,22.66,21.47,21.86,,,,
2022-06-30,19.68,22.06,19.68,20.47,,,,
2022-07-01,20.27,24.05,20.27,24.05,,,,
2022-07-05,21.07,21.07,15.7,18.68,,,,
2022-07-06,20.27,20.47,17.89,20.27,,,,
2022-07-07,21.07,22.06,21.07,21.66,,,,
2022-07-08,19.88,22.66,19.88,20.87,,,,
2022-07-11,20.67,22.06,19.08,20.67,,,,
2022-07-12,20.27,20.87,18.09,18.68,,,,
2022-07-13,19.28,19.88,17.49,17.89,,,,
2022-07-14,15.7,16.89,14.91,16.69,,,,
2022-07-15,18.29,18.68,17.49,18.09,,,,
2022-07-18,18.68,18.68,15.7,15.7,,,,
2022-07-19,17.29,19.68,17.29,19.68,,,,
2022-07-20,18.68,19.08,17.69,18.68,,,,
2022-07-21,18.09,20.47,17.49,20.47,,,,
2022-07-22,21.86,22.46,19.08,20.07,,,,
2022-07-25,20.27,23.65,20.27,23.06,,,,
2022-07-26,22.06,23.26,21.66,22.26,,,,
2022-07-27,22.86,26.83,22.86,25.84,,,,
2022-07-28,26.04,32.2,25.44,32,,,,
2022-07-29,32.2,35.58,32,34.39,,,,
2022-08-01,32.8,34.79,32.8,33.59,,,,
2022-08-02,33.2,34.99,31.61,32.2,,,,
2022-08-03,32.8,35.18,32.8,33.99,,,,
2022-08-04,34.19,34.59,33.2,33.2,,,,
2022-08-05,31.01,35.18,31.01,35.18,,,,
2022-08-08,36.18,36.77,34.19,34.39,,,,
2022-08-09,33.99,35.18,32.6,33.2,,,,
2022-08-10,37.77,39.76,37.77,39.76,,,,
2022-08-11,41.94,44.33,40.15,40.35,,,,
2022-08-12,41.55,44.73,41.55,44.73,,,,
2022-08-15,43.53,46.12,43.53,45.72,,,,
2022-08-16,45.32,50.09,45.32,47.51,,,,
2022-08-17,44.53,47.31,43.73,45.52,,,,
2022-08-18,45.92,47.31,45.52,46.91,,,,
2022-08-19,44.93,44.93,42.94,43.33,,,,
2022-08-22,39.36,39.36,36.77,36.77,,,,
2022-08-23,37.37,37.77,35.78,36.18,,,,
2022-08-24,35.98,37.37,35.98,36.77,,,,
2022-08-25,37.37,41.94,37.37,41.94,,,,
2022-08-26,42.14,42.14,33.99,33.99,,,,
2022-08-29,31.41,33.2,30.61,31.61,,,,
2022-08-30,31.21,31.21,27.63,27.83,,,,
2022-08-31,28.23,29.82,26.44,26.44,,,,
2022-09-01,24.85,27.23,24.25,27.23,,,,
2022-09-02,28.82,30.81,25.44,25.64,,,,
2022-09-06,26.44,26.44,24.85,25.04,,,,
2022-09-07,25.44,32,25.44,31.8,,,,
2022-09-08,31.21,33.99,31.01,33.99,,,,
2022-09-09,34.99,37.37,34.99,36.77,,,,
2022-09-12,39.36,39.56,38.76,39.56,,,,
2022-09-13,35.38,35.38,28.82,29.42,,,,
2022-09-14,28.82,30.81,27.43,29.62,,,,
2022-09-15,29.02,30.01,28.03,28.03,,,,
2022-09-16,24.85,25.44,22.46,25.24,,,,
2022-09-19,22.86,27.63,22.86,27.63,,,,
2022-09-20,25.84,25.84,23.06,24.25,,,,
2022-09-21,26.64,27.43,20.27,20.27,,,,
2022-09-22,17.69,19.88,17.29,17.89,,,,
2022-09-23,13.71,13.91,11.53,13.51,,,,
2022-09-26,13.32,13.91,11.13,11.13,,,,
2022-09-27,13.12,13.32,10.13,10.53,,,,
2022-09-28,10.93,15.3,10.93,14.71,,,,
2022-09-29,13.91,13.91,11.13,11.72,,,,
2022-09-30,12.32,13.71,11.13,11.13,,,,
2022-10-03,12.52,16.1,12.52,15.53,,,,
2022-10-04,19.32,20.75,19.32,20.75,,,,
2022-10-05,20.35,22.35,18.76,20.95,,,,
2022-10-06,21.15,21.15,18.96,19.56,,,,
2022-10-07,17.29,17.29,15.5,16.3,,,,
2022-10-10,16.89,16.89,14.91,16.1,,,,
2022-10-11,16.3,17.69,15.7,16.3,,,,
2022-10-12,16.3,16.89,15.9,16.1,,,,
2022-10-13,12.52,18.09,12.52,17.33,,,,
2022-10-14,19.12,19.12,14.54,14.54,,,,
2022-10-17,16.93,18.72,16.73,17.69,,,,
2022-10-18,21.07,21.47,18.88,20.87,,,,
2022-10-19,20.67,20.67,18.48,19.88,,,,
2022-10-20,19.28,20.07,16.89,17.09,,,,
2022-10-21,18.09,22.06,18.09,22.06,,,,
2022-10-24,23.26,24.25,22.66,23.65,,,,
2022-10-25,24.65,28.82,24.65,28.82,,,,
2022-10-26,29.62,31.41,29.62,29.62,,,,
2022-10-27,32,33.39,30.21,30.81,,,,
2022-10-28,31.61,36.77,31.01,36.77,,,,
2022-10-31,35.25,37.64,35.25,35.85,,,,
2022-11-01,38.84,38.84,35.45,36.65,,,,
2022-11-02,35.85,37.45,32.07,32.07,,,,
2022-11-03,30.47,33.26,30.47,31.47,,,,
2022-11-04,33.86,36.05,31.27,34.66,,,,
2022-11-07,36.58,38.76,34.99,38.36,,,,
2022-11-08,39.36,41.55,37.57,40.23,,,,
2022-11-09,37.45,40.23,35.65,35.85,,,,
2022-11-10,43.42,50.39,43.42,50.39,,,,
2022-11-11,51.29,53.28,49.5,52.68,,,,
2022-11-14,51.88,55.26,48.31,48.31,,,,
2022-11-15,54.27,54.67,51.29,52.08,,,,
2022-11-16,51.49,52.28,50.69,51.09,,,,
2022-11-17,47.31,49.1,45.32,49.1,,,,
2022-11-18,53.08,53.87,51.29,53.87,,,,
2022-11-21,54.27,54.27,52.08,53.67,,,,
2022-11-22,55.66,57.45,55.06,56.66,,,,
2022-11-23,56.66,59.84,56.66,59.64,,,,
2022-11-25,59.84,61.23,59.84,61.23,,,,
2022-11-28,60.23,60.23,54.67,56.26,,,,
2022-11-29,56.66,57.45,55.26,56.26,,,,
2022-11-30,56.66,63.22,55.46,63.22,,,,
2022-12-01,64.81,64.81,62.42,62.62,,,,
2022-12-02,59.64,62.82,59.64,62.62,,,,
2022-12-05,61.03,61.03,56.46,57.25,,,,
2022-12-06,57.25,57.25,53.28,55.66,,,,
2022-12-07,55.66,56.06,53.67,54.07,,,,
2022-12-08,54.07,56.85,54.07,55.06,,,,
2022-12-09,55.26,56.26,53.87,53.87,,,,
2022-12-12,54.07,58.05,53.87,58.05,,,,
2022-12-13,65.2,65.2,59.24,61.63,,,,
2022-12-14,62.42,62.62,55.66,57.45,,,,
2022-12-15,52.68,52.68,49.9,50.59,,,,
2022-12-16,47.8,49,45.21,47.01,,,,
2022-12-19,47.01,47.01,44.02,45.23,,,,
2022-12-20,45.23,46.23,44.24,45.43,,,,
2022-12-21,47.02,49,47.02,48.61,,,,
2022-12-22,46.42,46.42,42.65,46.42,,,,
2022-12-23,46.82,48.41,45.23,48.41,,,,
2022-12-27,48.41,50.19,48.01,49.9,,,,
2022-12-28,50.29,50.29,45.52,45.52,,,,
2022-12-29,48.31,50.89,48.31,49.5,,,,
2022-12-30,47.91,47.91,45.72,47.71,,,,
2023-01-03,48.5,48.5,45.52,47.51,,,,
2023-01-04,48.9,52.28,47.11,50.09,,,,
2023-01-05,47.31,48.11,46.12,47.11,,,,
2023-01-06,51.49,54.67,51.49,53.87,,,,
2023-01-09,54.47,58.64,53.37,54.16,,,,
2023-01-10,54.16,56.54,52.77,56.54,,,,
2023-01-11,58.13,61.11,58.13,61.11,,,,
2023-01-12,62.69,63.88,58.92,62.3,,,,
2023-01-13,58.92,63.29,58.92,63.09,,,,
2023-01-17,62.89,63.88,61.7,62.02,,,,
2023-01-18,63.22,63.61,57.05,57.05,,,,
2023-01-19,54.87,54.87,52.48,52.48,,,,
2023-01-20,53.87,58.44,53.67,58.44,,,,
2023-01-23,59.24,65.2,59.24,63.61,,,,
2023-01-24,63.02,63.61,62.42,62.62,,,,
2023-01-25,59.64,63.22,59.64,63.22,,,,
2023-01-26,62.82,65.2,62.82,65.2,,,,
2023-01-27,64.41,66.6,64.41,66.6,,,,
2023-01-30,64.61,66.6,63.22,63.22,,,,
2023-01-31,64.41,68.78,64.21,68.78,,,,
2023-02-01,67.39,73.35,67.39,71.57,,,,
2023-02-02,74.35,76.14,73.16,75.94,,,,
2023-02-03,73.16,73.16,70.57,71.17,,,,
2023-02-06,70.17,70.17,68.19,68.98,,,,
2023-02-07,67.99,72.16,66.4,71.37,,,,
2023-02-08,69.98,69.98,68.58,68.78,,,,
2023-02-09,70.17,70.17,64.81,65.2,,,,
2023-02-10,65.8,68.19,65.8,68.19,,,,
2023-02-13,68.19,70.17,68.19,69.58,,,,
2023-02-14,70.37,70.37,66.4,68.98,,,,
2023-02-15,67.19,68.98,66.79,68.98,,,,
2023-02-16,65.8,68.38,65.8,66.2,,,,
2023-02-17,65,66.4,63.81,66.2,,,,
2023-02-21,64.61,64.61,59.24,60.63,,,,
2023-02-22,61.03,62.42,59.24,60.23,,,,
2023-02-23,62.82,62.82,57.25,61.43,,,,
2023-02-24,56.06,57.25,54.47,57.25,,,,
2023-02-27,59.64,61.63,56.85,57.85,,,,
2023-02-28,55.66,58.64,55.66,55.66,,,,
2023-03-01,54.87,55.46,51.49,53.08,,,,
2023-03-02,51.09,55.86,51.09,55.86,,,,
2023-03-03,57.25,60.83,57.25,60.03,,,,
2023-03-06,60.43,61.82,59.24,59.64,,,,
2023-03-07,59.24,59.84,53.08,53.47,,,,
2023-03-08,53.87,54.87,52.28,53.87,,,,
2023-03-09,53.28,53.87,47.71,47.71,,,,
2023-03-10,43.93,48.11,40.35,41.35,,,,
2023-03-13,39.16,41.55,38.56,38.76,,,,
2023-03-14,43.14,44.53,39.76,42.14,,,,
2023-03-15,36.58,37.17,33.2,37.17,,,,
2023-03-16,36.77,42.54,35.78,41.94,,,,
2023-03-17,39.16,39.36,35.18,37.37,,,,
2023-03-20,39.36,41.94,38.76,41.55,,,,
2023-03-21,47.51,47.51,44.73,46.12,,,,
2023-03-22,46.13,46.93,40.59,40.59,,,,
2023-03-23,41.18,43.16,37.62,38.61,,,,
2023-03-24,35.44,40.19,34.85,40,,,,
2023-03-27,43.53,45.32,41.94,43.33,,,,
2023-03-28,42.94,45.52,42.94,44.53,,,,
2023-03-29,46.32,49.5,46.32,49.1,,,,
2023-03-30,51.88,52.68,50.09,51.88,,,,
2023-03-31,52.88,54.87,52.48,54.87,,,,
2023-04-03,57.85,57.85,55.46,56.46,,,,
2023-04-04,56.26,56.26,52.28,53.08,,,,
2023-04-05,53.08,54.07,52.28,53.87,,,,
2023-04-06,52.48,53.67,52.28,53.47,,,,
2023-04-10,51.88,54.87,51.88,54.87,,,,
2023-04-11,55.66,60.03,55.66,58.05,,,,
2023-04-12,59.24,59.44,55.66,56.26,,,,
2023-04-13,59.24,59.44,55.66,58.64,,,,
2023-04-14,59.64,60.63,54.87,56.26,,,,
2023-04-17,55.66,57.85,55.46,57.65,,,,
2023-04-18,58.64,58.84,56.85,57.85,,,,
2023-04-19,57.05,58.84,56.46,58.05,,,,
2023-04-20,56.85,58.05,55.86,57.25,,,,
2023-04-21,56.46,56.85,54.67,56.46,,,,
2023-04-24,57.25,57.65,55.26,56.06,,,,
2023-04-25,54.27,54.27,51.09,51.09,,,,
2023-04-26,50.29,50.29,45.72,46.12,,,,
2023-04-27,46.91,50.29,45.12,50.29,,,,
2023-04-28,49.9,55.26,49.9,54.87,,,,
2023-05-01,54.07,55.86,53.67,53.67,,,,
2023-05-02,50.29,50.29,45.12,48.11,,,,
2023-05-03,49.1,50.09,45.32,45.32,,,,
2023-05-04,46.52,46.52,44.13,45.32,,,,
2023-05-05,47.11,49.1,46.91,48.11,,,,
2023-05-08,48.31,49.5,47.71,48.9,,,,
2023-05-09,46.12,48.5,46.12,47.71,,,,
2023-05-10,50.69,50.69,44.93,47.51,,,,
2023-05-11,46.32,46.32,44.33,45.12,,,,
2023-05-12,47.31,47.31,43.33,46.12,,,,
2023-05-15,45.32,46.91,44.53,46.62,,,,
2023-05-16,43.65,44.04,42.26,42.34,,,,
2023-05-17,44.33,45.92,43.14,45.12,,,,
2023-05-18,43.84,48.8,43.84,48.61,,,,
2023-05-19,49.6,50,46.03,47.61,,,,
2023-05-22,47.22,49.4,46.82,48.01,,,,
2023-05-23,47.81,48.01,44.33,44.33,,,,
2023-05-24,43.14,43.14,38.96,39.56,,,,
2023-05-25,36.18,38.36,34.99,37.17,,,,
2023-05-26,39.56,41.55,39.56,41.35,,,,
2023-05-30,41.55,41.74,39.76,40.15,,,,
2023-05-31,36.97,38.76,36.18,38.17,,,,
2023-06-01,38.56,41.35,38.56,40.95,,,,
2023-06-02,43.33,49.7,43.33,49.5,,,,
2023-06-05,50.09,50.29,47.91,48.5,,,,
2023-06-06,47.71,50.69,47.71,50.09,,,,
2023-06-07,50.89,54.07,50.89,53.78,,,,
2023-06-08,51.99,53.98,51.59,53.78,,,,
2023-06-09,52.39,53.98,51.39,52.58,,,,
2023-06-12,51.99,54.07,51.59,54.07,,,,
2023-06-13,57.45,58.64,56.85,56.85,,,,
2023-06-14,59.04,59.24,55.66,56.06,,,,
2023-06-15,57.25,60.83,56.46,60.83,,,,
2023-06-16,63.02,63.61,60.63,61.03,,,,
2023-06-20,57.65,57.85,56.06,56.46,,,,
2023-06-21,55.26,58.64,55.26,58.05,,,,
2023-06-22,55.26,55.46,53.87,55.46,,,,
2023-06-23,51.09,53.87,51.09,52.08,,,,
2023-06-26,51.49,55.86,51.49,55.06,,,,
2023-06-27,56.26,59.84,55.86,59.44,,,,
2023-06-28,56.26,57.45,56.06,57.45,,,,
2023-06-29,57.65,60.23,57.65,59.84,,,,
2023-06-30,62.02,64.41,61.03,62.82,,,,
2023-07-03,62.42,65.8,62.02,65.8,,,,
2023-07-05,62.22,63.61,61.23,62.22,,,,
2023-07-06,59.24,60.43,57.05,60.43,,,,
2023-07-07,60.43,64.41,60.43,62.02,,,,
2023-07-10,63.41,64.41,63.02,64.08,,,,
2023-07-11,64.88,67.46,64.88,67.26,,,,
2023-07-12,69.24,69.64,68.32,68.52,,,,
2023-07-13,68.52,69.92,67.92,69.52,,,,
2023-07-14,69.52,69.52,65.53,66.73,,,,
2023-07-17,66.73,66.73,65.13,65.4,,,,
2023-07-18,65.4,69.38,65.4,67.19,,,,
2023-07-19,69.58,70.17,67.99,69.98,,,,
2023-07-20,69.98,72.56,69.58,72.36,,,,
2023-07-21,72.36,73.95,71.57,73.75,,,,
2023-07-24,74.35,74.35,72.56,73.55,,,,
2023-07-25,73.55,73.95,72.76,72.76,,,,
2023-07-26,72.76,73.95,71.76,73.55,,,,
2023-07-27,73.55,74.35,68.98,68.98,,,,
2023-07-28,68.98,70.97,68.38,70.17,,,,
2023-07-31,72.16,72.16,69.98,71.76,,,,
2023-08-01,71.76,71.76,67.19,68.19,,,,
2023-08-02,68.19,68.19,65.6,66.99,,,,
2023-08-03,66.99,66.99,62.42,63.02,,,,
2023-08-04,64.81,65.8,61.43,61.63,,,,
2023-08-07,61.63,64.21,61.63,64.21,,,,
2023-08-08,64.21,64.21,58.84,61.03,,,,
2023-08-09,61.03,64.41,61.03,61.82,,,,
2023-08-10,61.82,64.61,60.23,61.43,,,,
2023-08-11,60.23,61.23,59.84,60.63,,,,
2023-08-14,59.64,60.03,58.84,59.24,,,,
2023-08-15,59.24,59.24,54.87,55.06,,,,
2023-08-16,55.06,56.06,52.88,52.88,,,,
2023-08-17,52.88,54.87,50.29,50.29,,,,
2023-08-18,50.29,51.49,49.9,51.49,,,,
2023-08-21,51.49,51.88,48.7,50.69,,,,
2023-08-22,50.69,50.69,48.5,49.1,,,,
2023-08-23,49.1,50.29,49.1,50.29,,,,
2023-08-24,50.29,51.68,48.31,48.31,,,,
2023-08-25,48.31,51.09,48.11,49.9,,,,
2023-08-28,49.9,52.08,49.9,51.09,,,,
2023-08-29,51.29,54.27,51.29,54.27,,,,
2023-08-30,54.27,55.46,54.07,54.58,,,,
2023-08-31,54.58,55.77,54.07,54.27,,,,
2023-09-01,54.27,56.26,54.27,55.26,,,,
2023-09-05,52.57,53.37,51.38,51.38,,,,
2023-09-06,51.38,51.58,49.2,50.69,,,,
2023-09-07,49.5,49.5,47.11,48.5,,,,
2023-09-08,48.5,49.1,47.71,47.91,,,,
2023-09-11,47.91,49.9,47.71,48.31,,,,
2023-09-12,48.31,49.9,47.91,48.9,,,,
2023-09-13,48.9,48.9,46.52,47.11,,,,
2023-09-14,50.29,52.88,50.09,51.88,,,,
2023-09-15,51.88,52.08,49.5,50.09,,,,
2023-09-18,50.09,50.69,47.71,49.1,,,,
2023-09-19,49.1,49.1,47.51,48.11,,,,
2023-09-20,48.11,51.29,47.91,48.31,,,,
2023-09-21,48.31,48.31,43.14,43.14,,,,
2023-09-22,43.14,44.13,41.74,41.74,,,,
2023-09-25,41.74,42.54,40.15,42.34,,,,
2023-09-26,40.55,40.55,38.76,38.96,,,,
2023-09-27,38.96,39.76,37.17,39.16,,,,
2023-09-28,39.16,41.35,39.16,40.95,,,,
2023-09-29,40.95,42.14,39.76,39.76,,,,
2023-10-02,39.76,39.76,36.97,38.17,,,,
2023-10-03,38.17,38.17,34.99,35.38,,,,
2023-10-04,35.38,36.58,33.39,36.58,,,,
2023-10-05,36.58,36.58,33.99,35.58,,,,
2023-10-06,35.78,38.17,34.19,36.58,,,,
2023-10-09,36.58,40.95,36.58,39.96,,,,
2023-10-10,39.96,44.73,39.96,42.74,,,,
2023-10-11,42.74,43.53,40.55,43.14,,,,
2023-10-12,43.14,43.14,37.77,39.16,,,,
2023-10-13,39.16,39.76,37.77,38.36,,,,
2023-10-16,38.36,41.55,38.36,41.03,,,,
2023-10-17,41.03,43.62,40.63,42.43,,,,
2023-10-18,42.43,42.43,38.04,38.04,,,,
2023-10-19,38.04,38.36,34.79,35.38,,,,
2023-10-20,35.38,35.38,31.8,31.8,,,,
2023-10-23,31.8,32.4,29.82,29.82,,,,
2023-10-24,29.82,33.2,28.82,31.21,,,,
2023-10-25,31.21,31.21,27.23,27.23,,,,
2023-10-26,28.03,28.62,27.23,27.43,,,,
2023-10-27,27.43,27.43,23.65,24.05,,,,
2023-10-30,24.05,28.03,24.05,27.63,,,,
2023-10-31,27.63,30.41,27.23,30.21,,,,
2023-11-01,30.21,33,29.42,32.8,,,,
2023-11-02,32.8,38.56,32.8,38.17,,,,
2023-11-03,42.74,42.94,41.74,41.74,,,,
2023-11-06,41.74,41.74,39.96,40.35,,,,
2023-11-07,38.96,40.15,38.56,38.76,,,,
2023-11-08,38.76,38.76,36.97,37.77,,,,
2023-11-09,37.77,39.36,36.58,36.97,,,,
2023-11-10,36.97,40.15,36.97,39.76,,,,
2023-11-13,39.76,40.75,39.36,40.35,,,,
2023-11-14,40.35,49.7,40.35,48.11,,,,
2023-11-15,50.09,51.88,49.5,49.5,,,,
2023-11-16,49.7,49.7,48.11,48.7,,,,
2023-11-17,48.7,51.49,48.7,51.49,,,,
2023-11-20,51.49,52.68,50.89,51.68,,,,
2023-11-21,51.68,53.28,51.09,52.08,,,,
2023-11-22,52.48,53.47,52.28,52.88,,,,
2023-11-24,52.88,55.26,52.88,54.87,,,,
2023-11-27,54.87,54.87,53.08,53.47,,,,
2023-11-28,53.47,55.66,53.28,54.87,,,,
2023-11-29,57.45,58.25,55.86,55.86,,,,
2023-11-30,55.86,58.05,55.06,58.05,,,,
2023-12-01,58.05,62.82,58.05,62.82,,,,
2023-12-04,61.63,63.61,61.03,63.02,,,,
2023-12-05,63.02,63.02,59.24,59.24,,,,
2023-12-06,59.24,61.03,59.24,60.63,,,,
2023-12-07,60.43,61.82,60.43,61.23,,,,
2023-12-08,60.43,62.42,60.43,62.02,,,,
2023-12-11,62.02,65.6,62.02,65,,,,
2023-12-12,65,65.4,63.22,65.2,,,,
2023-12-13,65.2,71.57,64.01,71.57,,,,
2023-12-14,71.57,77.53,71.57,74.75,,,,
2023-12-15,74.75,74.75,71.37,71.96,,,,
2023-12-18,71.96,73.35,70.77,72.96,,,,
2023-12-19,72.96,75.34,72.96,75.14,,,,
2023-12-20,75.14,75.74,69.18,69.38,,,,
2023-12-21,70.37,72.36,69.38,72.36,,,,
2023-12-22,72.36,75.94,72.36,73.75,,,,
2023-12-26,73.75,75.34,73.75,74.75,,,,
2023-12-27,74.75,75.54,74.15,74.75,,,,
2023-12-28,74.75,76.34,74.75,76.14,,,,
2023-12-29,76.14,76.34,73.75,74.75,,,,
2024-01-02,74.75,79.12,74.75,78.52,,,,
2024-01-03,78.52,78.52,75.14,76.54,,,,
2024-01-04,76.54,76.54,74.55,74.55,,,,
2024-01-05,73.95,76.34,73.75,74.95,,,,
2024-01-08,74.15,76.93,74.15,76.93,,,,
2024-01-09,76.93,76.93,74.95,75.34,,,,
2024-01-10,75.34,75.34,74.35,74.95,,,,
2024-01-11,74.35,74.35,71.96,73.35,,,,
2024-01-12,74.75,74.75,72.56,72.96,,,,
2024-01-16,72.96,72.96,69.58,70.57,,,,
2024-01-17,67.99,69.78,65.8,66.79,,,,
2024-01-18,66.79,66.79,64.21,66.6,,,,
2024-01-19,66.6,69.18,66.4,68.98,,,,
2024-01-22,68.98,70.77,68.98,69.98,,,,
2024-01-23,69.98,70.77,68.58,69.38,,,,
2024-01-24,69.38,70.37,67.59,67.59,,,,
2024-01-25,67.59,70.37,67.59,70.37,,,,
2024-01-26,70.37,71.57,69.38,70.17,,,,
2024-01-29,70.17,71.96,69.58,71.96,,,,
2024-01-30,71.96,72.56,69.98,71.76,,,,
2024-01-31,71.76,72.76,68.19,68.19,,,,
2024-02-01,68.19,73.35,67.99,73.3,,,,
2024-02-02,73.3,73.3,68.72,70.31,,,,
2024-02-05,70.31,70.31,65.73,67.13,,,,
2024-02-06,67.13,70.37,67.13,69.98,,,,
2024-02-07,69.98,70.57,68.78,69.98,,,,
2024-02-08,69.98,69.98,67.79,69.98,,,,
2024-02-09,69.98,69.98,67.59,68.98,,,,
2024-02-12,68.98,71.96,68.98,71.37,,,,
2024-02-13,71.37,71.37,63.41,65.4,,,,
2024-02-14,65.4,66.2,64.81,66,,,,
2024-02-15,70.37,71.37,68.98,71.37,,,,
2024-02-16,71.37,71.57,68.98,69.58,,,,
2024-02-20,69.58,70.17,68.38,68.78,,,,
2024-02-21,68.78,70.37,68.58,70.37,,,,
2024-02-22,70.37,72.96,69.78,72.36,,,,
2024-02-23,72.56,73.55,72.16,72.76,,,,
2024-02-26,72.76,72.96,69.18,69.18,,,,
2024-02-27,69.18,71.57,69.18,71.17,,,,
2024-02-28,71.17,72.16,69.98,71.17,,,,
2024-02-29,71.17,73.55,71.17,73.16,,,,
2024-03-01,73.16,73.55,71.57,72.56,,,,
2024-03-04,73.35,74.35,71.96,74.1,,,,
2024-03-05,74.1,75.09,71.51,72.7,,,,
2024-03-06,72.7,75.29,72.7,74.3,,,,
2024-03-07,74.3,76.49,74.3,76.09,,,,
2024-03-08,76.09,77.68,75.89,76.49,,,,
2024-03-11,76.49,80.27,76.29,79.88,,,,
2024-03-12,79.88,80.07,77.09,77.73,,,,
2024-03-13,77.73,79.92,77.73,78.92,,,,
2024-03-14,77.73,77.73,74.55,75.94,,,,
2024-03-15,75.94,76.93,74.75,75.34,,,,
2024-03-18,75.34,76.73,74.75,75.34,,,,
2024-03-19,75.34,77.73,75.34,77.73,,,,
2024-03-20,77.73,79.92,77.53,79.32,,,,
2024-03-21,80.51,80.51,79.52,79.72,,,,
2024-03-22,79.72,79.92,78.33,78.92,,,,
2024-03-25,78.92,78.92,77.33,77.68,,,,
2024-03-26,77.68,78.08,77.29,77.29,,,,
2024-03-27,77.33,81.31,77.33,80.91,,,,
2024-03-28,80.91,83.1,80.91,82.7,,,,
2024-04-01,82.7,82.7,80.51,81.11,,,,
2024-04-02,81.11,81.11,78.72,79.52,,,,
2024-04-03,79.52,79.52,76.73,77.33,,,,
2024-04-04,77.33,79.72,75.74,76.34,,,,
2024-04-05,76.34,76.93,74.75,76.14,,,,
2024-04-08,76.14,77.53,76.14,76.93,,,,
2024-04-09,76.93,79.92,76.93,79.52,,,,
2024-04-10,79.52,79.52,72.36,74.15,,,,
2024-04-11,74.15,75.14,71.76,73.16,,,,
2024-04-12,71.17,71.37,68.98,69.18,,,,
2024-04-15,69.18,70.17,67.19,67.39,,,,
2024-04-16,67.39,67.39,63.81,65,,,,
2024-04-17,65,67.39,64.61,66.2,,,,
2024-04-18,66.6,67.59,65.2,65.8,,,,
2024-04-19,65.8,69.38,65.8,67.99,,,,
2024-04-22,67.99,72.76,67.99,71.57,,,,
2024-04-23,72.36,74.95,72.36,73.75,,,,
2024-04-24,73.75,74.15,71.76,73.35,,,,
2024-04-25,70.97,73.16,68.98,72.36,,,,
2024-04-26,72.56,73.16,71.37,71.37,,,,
2024-04-29,71.37,74.95,71.37,74.95,,,,
2024-04-30,74.95,74.95,68.98,68.98,,,,
2024-05-01,68.98,71.57,68.58,68.58,,,,
2024-05-02,68.38,70.57,67.59,69.98,,,,
2024-05-03,72.56,73.35,70.37,72.16,,,,
2024-05-06,72.16,73.35,71.57,73.16,,,,
2024-05-07,73.16,74.95,73.16,74.3,,,,
2024-05-08,74.3,74.3,73.3,73.7,,,,
2024-05-09,73.7,75.89,73.7,75.89,,,,
2024-05-10,75.89,77.29,75.89,76.69,,,,
2024-05-13,76.69,79.08,76.69,77.68,,,,
2024-05-14,77.73,79.52,77.33,78.92,,,,
2024-05-15,79.72,79.92,79.12,79.32,,,,
2024-05-16,79.32,80.31,78.52,79.52,,,,
2024-05-17,79.52,79.72,78.72,79.12,,,,
2024-05-20,79.12,79.72,77.68,77.68,,,,
2024-05-21,77.68,78.48,76.29,78.28,,,,
2024-05-22,78.28,79.08,75.69,76.89,,,,
2024-05-23,73.95,74.15,70.57,70.57,,,,
2024-05-24,70.57,71.96,70.57,71.37,,,,
2024-05-28,71.37,71.96,69.18,69.38,,,,
2024-05-29,69.38,69.38,63.81,63.81,,,,
2024-05-30,63.81,66,63.81,65.6,,,,
2024-05-31,68.19,70.57,65.2,70.57,,,,
2024-06-03,70.57,70.57,67.39,69.38,,,,
2024-06-04,69.38,69.98,68.19,69.58,,,,
2024-06-05,69.58,69.58,67.79,69.38,,,,
2024-06-06,67.99,69.58,67.19,67.99,,,,
2024-06-07,67.99,67.99,66.2,66.79,,,,
2024-06-10,66.79,67.19,65.8,66.6,,,,
2024-06-11,66.6,66.79,64.61,66.6,,,,
2024-06-12,69.38,69.38,66,66.79,,,,
2024-06-13,66.79,67.19,64.01,66.99,,,,
2024-06-14,66.99,66.99,62.42,64.21,,,,
2024-06-17,64.21,66.6,63.02,65.6,,,,
2024-06-18,67.19,67.19,65.4,65.8,,,,
2024-06-20,65.8,67.99,65.8,67.59,,,,
2024-06-21,67.59,67.79,66.4,67.79,,,,
2024-06-24,67.79,72.16,67.79,70.97,,,,
2024-06-25,70.97,70.97,67.19,67.99,,,,
2024-06-26,67.99,67.99,65.4,66.6,,,,
2024-06-27,66.6,68.19,66.6,67.99,,,,
2024-06-28,67.99,68.98,66.79,67.59,,,,
2024-07-01,67.59,68.19,65,65,,,,
2024-07-02,65,65.6,64.41,65.4,,,,
2024-07-03,65.4,66.4,65.4,66,,,,
2024-07-05,66,66,63.61,64.61,,,,
2024-07-08,64.61,65.8,63.81,63.81,,,,
2024-07-09,63.81,65.4,62.62,63.41,,,,
2024-07-10,63.41,65.8,63.41,65.8,,,,
2024-07-11,65.8,70.17,65.8,69.18,,,,
2024-07-12,69.18,73.95,69.18,72.16,,,,
2024-07-15,73.35,74.55,72.76,73.35,,,,
2024-07-16,73.35,78.72,73.35,78.33,,,,
2024-07-17,78.33,80.31,78.33,79.32,,,,
2024-07-18,79.32,80.31,76.14,76.54,,,,
2024-07-19,76.54,76.54,72.16,72.56,,,,
2024-07-22,72.56,74.55,71.96,74.35,,,,
2024-07-23,74.35,74.35,70.97,71.17,,,,
2024-07-24,71.17,72.16,70.37,70.57,,,,
2024-07-25,71.37,74.75,71.37,71.57,,,,
2024-07-26,71.57,76.93,71.57,75.34,,,,
2024-07-29,75.34,76.93,75.14,75.94,,,,
2024-07-30,75.94,77.73,75.54,77.13,,,,
2024-07-31,77.13,79.92,77.13,77.93,,,,
2024-08-01,77.93,77.93,72.16,73.95,,,,
2024-08-02,73.95,73.95,66.79,68.78,,,,
2024-08-05,68.78,68.78,59.44,60.43,,,,
2024-08-06,60.43,67.39,60.43,63.81,,,,
2024-08-07,67.79,67.99,61.03,61.43,,,,
2024-08-08,66.2,67.39,65.4,66.79,,,,
2024-08-09,64.61,67.39,64.61,66.4,,,,
2024-08-12,66.4,66.4,63.02,64.61,,,,
2024-08-13,64.61,68.19,64.61,67.99,,,,
2024-08-14,67.99,68.98,67.19,67.99,,,,
2024-08-15,70.77,71.96,70.77,71.37,,,,
2024-08-16,71.37,71.96,70.17,71.57,,,,
2024-08-19,71.57,73.35,71.57,73.35,,,,
2024-08-20,73.35,73.55,72.36,72.56,,,,
2024-08-21,72.56,75.34,72.56,75.34,,,,
2024-08-22,74.55,74.95,73.35,74.15,,,,
2024-08-23,74.15,77.33,74.15,76.73,,,,
2024-08-26,76.73,78.52,76.14,77.13,,,,
2024-08-27,77.13,77.13,74.95,76.14,,,,
2024-08-28,76.14,76.14,72.56,74.75,,,,
2024-08-29,74.75,77.33,74.75,75.94,,,,
2024-08-30,75.94,78.13,75.74,78.13,,,,
2024-09-03,75.74,75.94,73.35,73.55,,,,
2024-09-04,73.75,74.55,71.57,71.96,,,,
2024-09-05,71.37,71.57,69.58,71.17,,,,
2024-09-06,71.57,71.57,66.6,66.99,,,,
2024-09-09,68.19,71.17,68.19,69.58,,,,
2024-09-10,68.38,68.98,66,67.79,,,,
2024-09-11,64.81,68.78,62.82,68.78,,,,
2024-09-12,67.59,69.98,66.79,69.98,,,,
2024-09-13,71.96,73.55,71.96,73.35,,,,
2024-09-16,73.95,74.75,73.55,74.15,,,,
2024-09-17,76.34,77.13,74.95,74.95,,,,
2024-09-18,76.14,77.33,74.95,74.95,,,,
2024-09-19,77.93,78.72,76.93,77.93,,,,
2024-09-20,76.73,76.73,73.55,74.95,,,,
2024-09-23,75.74,76.54,75.54,76.34,,,,
2024-09-24,76.73,77.33,76.34,77.13,,,,
2024-09-25,76.34,76.34,73.95,73.95,,,,
2024-09-26,77.93,77.93,76.73,77.93,,,,
2024-09-27,79.52,82.1,78.72,79.92,,,,
2024-09-30,77.73,78.72,76.93,78.72,,,,
2024-10-01,76.54,77.93,75.74,76.54,,,,
2024-10-02,76.89,76.89,75.89,76.09,,,,
2024-10-03,74.1,75.29,73.5,74.7,,,,
2024-10-04,76.49,76.49,73.5,75.69,,,,
2024-10-07,73.5,73.5,71.11,72.5,,,,
2024-10-08,72.7,73.7,71.91,73.1,,,,
2024-10-09,73.1,75.69,73.1,75.69,,,,
2024-10-10,74.1,74.7,73.3,74.5,,,,
2024-10-11,75.49,77.49,75.49,76.69,,,,
2024-10-14,76.09,78.88,76.09,78.88,,,,
2024-10-15,79.68,80.87,78.08,78.08,,,,
2024-10-16,78.08,80.07,78.08,79.08,,,,
2024-10-17,79.32,79.52,78.52,78.92,,,,
2024-10-18,78.72,78.72,78.52,78.72,,,,
2024-10-21,77.73,77.93,75.34,75.94,,,,
2024-10-22,73.75,74.95,73.35,74.55,,,,
2024-10-23,73.95,73.95,71.37,72.76,,,,
2024-10-24,72.56,73.55,71.76,72.16,,,,
2024-10-25,73.16,74.15,70.97,71.57,,,,
2024-10-28,72.96,74.15,72.96,73.16,,,,
2024-10-29,71.76,73.16,71.57,72.36,,,,
2024-10-30,71.37,72.76,71.37,71.76,,,,
2024-10-31,70.17,70.17,68.78,68.78,,,,
2024-11-01,71.17,71.57,68.58,68.58,,,,
2024-11-04,70.77,71.37,68.78,69.18,,,,
2024-11-05,69.78,72.36,69.78,72.36,,,,
2024-11-06,72.36,74.15,72.36,74.15,,,,
2024-11-07,74.15,75.14,73.95,73.95,,,,
2024-11-08,73.35,74.15,73.35,73.55,,,,
2024-11-11,74.15,74.15,72.96,72.96,,,,
2024-11-12,72.96,72.96,71.37,71.37,,,,
2024-11-13,71.37,72.36,71.17,71.57,,,,
2024-11-14,71.57,72.36,69.98,69.98,,,,
2024-11-15,70.57,70.57,67.59,68.19,,,,
2024-11-18,67.99,69.58,67.99,68.98,,,,
2024-11-19,67.19,68.58,66.79,68.19,,,,
2024-11-20,66.6,68.58,66.6,68.58,,,,
2024-11-21,68.58,70.77,68.58,70.57,,,,
2024-11-22,71.57,72.16,71.37,71.37,,,,
2024-11-25,74.5,76.09,74.3,75.49,,,,
2024-11-26,74.9,74.9,74.9,74.9,,,,
2024-11-27,75.54,75.54,74.95,74.95,,,,
2024-11-29,75.34,76.34,75.14,75.54,,,,
2024-12-02,74.75,76.54,74.75,75.94,,,,
2024-12-03,74.35,74.75,73.55,73.95,,,,
2024-12-04,72.16,72.56,71.57,72.16,,,,
2024-12-05,72.16,72.16,70.17,70.17,,,,
2024-12-06,71.76,71.76,68.98,69.38,,,,
2024-12-09,70.57,72.16,70.57,70.77,,,,
2024-12-10,67.19,68.38,66.4,67.39,,,,
2024-12-11,67.79,67.99,66,66,,,,
2024-12-12,66,66.99,65.8,66,,,,
2024-12-13,64.81,65,63.41,64.61,,,,
2024-12-16,64.01,65,61.23,61.82,,,,
2024-12-17,62.62,62.62,60.23,60.63,,,,
2024-12-18,61.23,61.63,53.87,53.87,,,,
2024-12-19,55.66,55.66,52.39,52.39,,,,
2024-12-20,53.58,56.37,53.18,54.98,,,,
2024-12-23,54.38,55.26,53.98,54.98,,,,
2024-12-24,55.26,57.45,54.87,57.45,,,,
2024-12-26,57.65,57.85,57.45,57.65,,,,
2024-12-27,58.05,58.05,55.66,56.46,,,,
2024-12-30,53.28,55.46,51.68,54.27,,,,
2024-12-31,55.26,55.26,52.68,53.87,,,,
2025-01-02,56.46,56.46,51.68,53.28,,,,
2025-01-03,53.28,55.26,53.28,54.67,,,,
2025-01-06,55.06,55.26,52.68,52.68,,,,
2025-01-07,54.67,54.67,51.29,52.08,,,,
2025-01-08,49.9,53.47,49.9,53.47,,,,
2025-01-10,50.29,50.29,48.5,48.9,,,,
2025-01-13,48.5,51.88,48.5,51.88,,,,
2025-01-14,51.49,55.06,50.89,55.06,,,,
2025-01-15,57.45,57.45,55.26,55.26,,,,
2025-01-16,55.26,58.64,55.26,58.25,,,,
2025-01-17,58.44,59.64,58.44,58.44,,,,
2025-01-21,60.23,60.83,59.64,60.43,,,,
2025-01-22,60.23,61.23,59.44,59.44,,,,
2025-01-23,58.44,60.23,57.65,60.03,,,,
2025-01-24,59.64,60.63,59.04,60.43,,,,
2025-01-27,62.42,63.81,60.23,63.61,,,,
2025-01-28,61.23,62.42,60.63,61.23,,,,
2025-01-29,61.03,61.63,58.64,58.84,,,,
2025-01-30,61.03,62.42,60.43,61.23,,,,
2025-01-31,59.64,62.22,58.84,59.44,,,,
2025-02-03,54.27,59.84,54.27,58.64,,,,
2025-02-04,57.05,58.44,57.05,57.05,,,,
2025-02-05,56.26,59.84,56.26,58.84,,,,
2025-02-06,59.04,59.04,57.25,57.85,,,,
2025-02-07,57.65,58.84,56.66,57.05,,,,
2025-02-10,56.66,58.84,56.66,58.64,,,,
2025-02-11,57.05,58.84,57.05,58.44,,,,
2025-02-12,55.46,57.25,55.46,56.66,,,,
2025-02-13,58.05,59.44,57.85,59.44,,,,
2025-02-14,58.84,59.64,58.64,59.04,,,,
2025-02-18,59.04,59.24,58.05,58.64,,,,
2025-02-19,58.84,61.03,58.84,60.63,,,,
2025-02-20,60.63,61.03,60.03,61.03,,,,
2025-02-21,60.03,60.03,57.85,58.64,,,,
2025-02-24,57.65,60.03,57.65,58.44,,,,
2025-02-25,58.84,60.03,57.05,58.44,,,,
2025-02-26,59.04,60.83,57.45,57.65,,,,
2025-02-27,58.84,58.84,55.06,55.06,,,,
2025-02-28,56.66,57.45,54.27,57.45,,,,
2025-03-03,59.84,59.84,54.27,55.06,,,,
2025-03-04,48.7,52.28,47.91,48.11,,,,
2025-03-05,48.5,50.89,47.51,50.09,,,,
2025-03-06,47.31,48.7,46.32,47.31,,,,
2025-03-07,47.91,50.29,44.93,50.29,,,,
2025-03-10,47.31,49.5,41.74,44.13,,,,
2025-03-11,41.35,42.74,37.97,38.56,,,,
2025-03-12,39.96,39.96,34.79,37.37,,,,
2025-03-13,36.77,36.97,32.8,33.39,,,,
2025-03-14,35.78,39.56,35.78,39.56,,,,
2025-03-17,40.15,43.93,40.15,42.34,,,,
2025-03-18,41.94,41.94,40.35,41.15,,,,
2025-03-19,41.55,44.73,41.55,43.33,,,,
2025-03-20,42.34,43.73,41.94,42.34,,,,
2025-03-21,39.96,41.74,39.36,41.15,,,,
2025-03-24,44.33,46.32,44.33,45.52,,,,
2025-03-25,45.52,46.52,44.53,46.52,,,,
2025-03-26,48.7,48.7,44.73,46.52,,,,
2025-03-27,42.94,47.71,42.94,44.73,,,,
2025-03-28,41.55,41.55,39.16,39.96,,,,
2025-03-31,39.76,43.53,39.76,43.14,,,,
2025-04-01,39.96,43.14,39.96,42.94,,,,
2025-04-02,42.34,46.12,42.14,46.12,,,,
2025-04-03,39.56,39.56,35.78,36.58,,,,
2025-04-04,28.42,29.42,21.47,21.47,,,,
2025-04-07,20.07,20.47,17.29,18.68,,,,
2025-04-08,22.86,24.85,15.9,17.69,,,,
2025-04-09,17.49,30.61,15.1,30.01,,,,
2025-04-10,26.44,26.44,21.07,25.24,,,,
2025-04-11,24.65,28.42,23.65,28.23,,,,
2025-04-14,29.22,31.21,29.22,29.82,,,,
2025-04-15,30.61,30.81,29.42,29.62,,,,
2025-04-16,29.22,31.21,27.23,28.23,,,,
2025-04-17,28.23,32.8,28.23,30.21,,,,
2025-04-21,28.03,28.23,23.85,25.04,,,,
2025-04-22,27.43,30.01,27.43,30.01,,,,
2025-04-23,32.4,33.39,29.62,30.01,,,,
2025-04-24,29.82,33.2,29.82,32.8,,,,
2025-04-25,33,33,31.01,32.8,,,,
2025-04-28,34.39,34.39,31.01,33.39,,,,
2025-04-29,32.8,35.18,32,34.99,,,,
2025-04-30,31.8,35.98,31.8,35.98,,,,
2025-05-01,35.98,37.37,35.58,35.58,,,,
2025-05-02,40.55,42.34,39.36,40.95,,,,
2025-05-05,40.15,42.34,40.15,40.15,,,,
2025-05-06,37.97,39.76,36.58,36.97,,,,
2025-05-07,39.96,42.54,39.16,40.55,,,,
2025-05-08,42.34,45.12,42.34,42.34,,,,
2025-05-09,42.54,42.94,42.14,42.74,,,,
2025-05-12,50.89,50.89,49.1,50.69,,,,
2025-05-13,50.09,51.09,49.9,49.9,,,,
2025-05-14,48.7,48.9,47.71,48.5,,,,
2025-05-15,49.1,52.48,48.31,52.28,,,,
2025-05-16,52.48,55.06,51.49,54.67,,,,
2025-05-19,52.28,55.06,52.28,54.47,,,,
2025-05-20,54.07,55.06,52.28,53.57,,,,
2025-05-21,51.38,51.38,48.41,48.41,,,,
2025-05-22,47.42,48.61,46.42,47.22,,,,
2025-05-23,44.04,46.23,44.04,45.83,,,,
2025-05-27,46.42,50.59,46.42,50.29,,,,
2025-05-28,49.7,49.7,46.71,46.91,,,,
2025-05-29,47.71,47.91,45.52,47.91,,,,
2025-05-30,46.12,48.8,45.92,48.8,,,,
2025-06-02,43.65,48.21,43.65,48.01,,,,
2025-06-03,46.23,49,45.63,48.8,,,,
2025-06-04,49.2,50.19,48.61,48.61,,,,
2025-06-05,46.62,48.21,46.62,46.62,,,,
2025-06-06,49.2,50.39,47.81,49.2,,,,
2025-06-09,48.01,50.79,47.02,49.4,,,,
2025-06-10,50.19,52.38,49,51.78,,,,
2025-06-11,51.38,52.18,50,50.39,,,,
2025-06-12,49,51.58,49,51.19,,,,
2025-06-13,50,50,46.42,47.42,,,,
2025-06-16,50.19,51.19,48.41,49.2,,,,
2025-06-17,47.81,47.81,44.84,45.63,,,,
2025-06-18,47.42,47.42,45.23,45.23,,,,
2025-06-20,47.11,47.71,44.93,45.12,,,,
2025-06-23,47.11,49.3,45.12,49.3,,,,
2025-06-24,49.9,51.88,49.9,51.68,,,,
2025-06-25,49.1,49.1,46.91,46.91,,,,
2025-06-26,48.5,49.9,47.91,49.9,,,,
2025-06-27,50.09,52.88,49.3,51.09,,,,
2025-06-30,52.08,53.08,51.29,53.08,,,,
2025-07-01,53.47,60.63,53.47,58.92,,,,
2025-07-02,57.73,59.72,56.74,58.92,,,,
2025-07-03,60.31,62.5,60.31,61.23,,,,
2025-07-07,60.55,60.75,56.17,57.37,,,,
2025-07-08,56.37,59.56,56.37,58.16,,,,
2025-07-09,59.56,59.56,57.56,59.36,,,,
2025-07-10,58.76,63.14,58.76,61.55,,,,
2025-07-11,59.16,60.35,58.16,59.56,,,,
2025-07-14,58.76,59.36,57.76,58.84,,,,
2025-07-15,58.84,58.84,54.87,54.87,,,,
2025-07-16,56.26,56.26,54.27,55.86,,,,
2025-07-17,57.05,59.24,56.85,58.44,,,,
2025-07-18,59.24,59.44,57.65,58.44,,,,
2025-07-21,58.96,59.96,56.77,56.77,,,,
2025-07-22,60.35,61.75,58.96,61.75,,,,
2025-07-23,62.54,63.94,62.15,63.14,,,,
2025-07-24,61.95,63.94,61.55,62.15,,,,
2025-07-25,61.15,63.74,61.15,63.34,,,,
2025-07-28,62.74,62.94,60.55,60.75,,,,
2025-07-29,60.75,61.55,59.56,60.75,,,,
2025-07-30,60.75,61.23,57.85,58.64,,,,
2025-07-31,57.85,58.84,56.06,56.46,,,,
2025-08-01,53.08,54.07,52.68,53.47,,,,
2025-08-04,54.27,57.45,54.27,57.45,,,,
2025-08-05,57.65,57.65,55.26,56.26,,,,
2025-08-06,55.66,55.86,54.27,54.27,,,,
2025-08-07,56.46,56.46,53.28,55.26,,,,
2025-08-08,55.86,56.85,55.66,56.46,,,,
2025-08-11,57.85,57.85,54.27,54.98,,,,
2025-08-12,56.17,58.36,55.57,58.16,,,,
2025-08-13,59.76,63.61,59.76,63.54,,,,
2025-08-14,60.63,60.83,59.24,60.23,,,,
2025-08-15,61.63,61.63,59.64,60.03,,,,
2025-08-18,59.44,60.63,59.44,60.43,,,,
2025-08-19,61.23,63.61,61.23,62.42,,,,
2025-08-20,62.22,63.02,61.63,62.82,,,,
2025-08-21,62.02,62.82,62.02,62.62,,,,
2025-08-22,66.99,68.58,66.99,67.99,,,,
2025-08-25,66.79,66.79,64.61,64.61,,,,
2025-08-26,64.81,64.81,62.62,63.81,,,,
2025-08-27,64.41,65.8,63.81,65.2,,,,
2025-08-28,64.01,64.61,62.82,64.41,,,,
2025-08-29,65,65.2,64.21,65,,,,
2025-09-02,62.62,64.21,60.43,62.82,,,,
2025-09-03,61.63,62.62,60.83,62.62,,,,
2025-09-04,62.42,63.81,62.02,63.81,,,,
2025-09-05,65.2,65.2,61.82,63.22,,,,
2025-09-08,61.23,63.22,61.23,63.22,,,,
2025-09-09,63.02,63.02,61.63,61.82,,,,
2025-09-10,61.23,61.23,59.04,60.03,,,,
2025-09-11,62.62,65.6,62.42,65.6,,,,
2025-09-12,65.2,65.4,62.82,62.82,,,,
2025-09-15,63.02,64.61,60.63,61.03,,,,
2025-09-16,61.63,61.63,60.63,61.23,,,,
2025-09-17,62.62,63.61,61.03,61.03,,,,
2025-09-18,61.03,61.82,60.43,60.63,,,,
2025-09-19,60.43,61.23,59.24,59.84,,,,
2025-09-22,59.04,61.03,58.84,60.03,,,,
2025-09-23,62.42,62.42,60.23,60.83,,,,
2025-09-24,61.43,62.02,61.23,61.23,,,,
2025-09-25,60.83,60.83,58.64,59.04,,,,
2025-09-26,62.22,62.22,61.23,62.02,,,,
2025-09-29,61.63,62.42,61.03,62.22,,,,
2025-09-30,62.22,64.21,61.03,64.21,,,,
2025-10-01,65,65,63.81,64.61,,,,
2025-10-02,64.01,64.41,63.41,63.61,,,,
2025-10-03,65.6,66.79,64.81,64.81,,,,
2025-10-06,64.61,66,64.41,64.61,,,,
2025-10-07,64.41,64.41,63.22,64.21,,,,
2025-10-08,62.82,64.21,62.82,62.82,,,,
2025-10-09,62.82,63.22,61.63,61.63,,,,
2025-10-10,61.63,61.63,54.27,54.27,,,,
2025-10-13,57.05,59.04,56.06,57.45,,,,
2025-10-14,58.64,62.22,58.64,61.23,,,,
2025-10-15,62.02,62.22,59.84,60.83,,,,
2025-10-16,60.03,60.03,55.86,56.46,,,,
2025-10-17,57.45,58.44,57.05,57.85,,,,
2025-10-20,60.23,62.82,59.84,62.42,,,,
2025-10-21,62.62,64.61,62.62,64.21,,,,
2025-10-22,63.61,65.2,62.82,63.02,,,,
2025-10-23,63.81,64.61,62.02,64.21,,,,
2025-10-24,65.4,65.4,62.62,62.62,,,,
2025-10-27,62.82,63.41,62.02,63.22,,,,
2025-10-28,61.63,62.22,60.03,60.03,,,,
2025-10-29,56.66,57.45,52.88,54.07,,,,
2025-10-30,54.87,56.85,53.08,53.08,,,,
2025-10-31,53.28,54.47,53.28,53.67,,,,
2025-11-03,50.69,53.47,50.49,53.08,,,,
2025-11-04,51.88,53.08,51.68,52.48,,,,
2025-11-05,52.48,54.07,51.88,53.67,,,,
2025-11-06,52.68,52.68,50.69,51.68,,,,
2025-11-07,52.28,54.07,51.29,54.07,,,,
2025-11-10,54.47,55.86,53.08,55.26,,,,
2025-11-11,56.46,58.05,56.46,57.45,,,,
2025-11-12,59.24,59.24,57.65,57.65,,,,
2025-11-13,58.84,59.04,56.46,56.66,,,,
2025-11-14,55.06,57.05,54.87,55.86,,,,
2025-11-17,54.87,54.87,51.09,51.49,,,,
2025-11-18,52.08,53.47,51.49,52.08,,,,
2025-11-19,51.68,51.88,50.09,50.89,,,,
2025-11-20,53.28,53.47,47.51,47.51,,,,
2025-11-21,51.09,55.66,51.09,53.28,,,,
2025-11-24,52.48,54.47,52.48,53.08,,,,
2025-11-25,54.47,57.45,54.47,56.85,,,,
2025-11-26,57.45,59.24,57.45,58.05,,,,
2025-11-28,57.85,61.03,57.85,60.03,,,,
2025-12-01,58.25,59.64,57.65,57.76,,,,
2025-12-02,56.46,57.25,56.46,56.85,,,,
2025-12-03,58.84,59.84,58.44,59.04,,,,
2025-12-04,58.84,59.24,58.64,59.24,,,,
2025-12-05,59.44,60.83,59.44,60.43,,,,
2025-12-08,58.44,58.44,56.06,56.06,,,,
2025-12-09,57.25,58.25,56.06,56.06,,,,
2025-12-10,56.66,59.64,56.46,58.84,,,,
2025-12-11,60.83,62.22,60.03,62.02,,,,
2025-12-12,63.22,63.81,60.83,62.35,,,,
2025-12-15,61.75,62.02,61.55,61.82,,,,
2025-12-16,61.43,61.43,59.84,59.84,,,,
2025-12-17,59.44,61.23,58.84,59.84,,,,
2025-12-18,61.43,62.02,59.44,59.44,,,,
2025-12-19,59.24,59.64,58.05,58.05,,,,
2025-12-22,59.84,60.63,59.44,60.63,,,,
2025-12-23,59.64,60.83,59.64,60.63,,,,
2025-12-24,60.43,61.43,60.03,61.23,,,,
2025-12-26,60.83,60.83,59.64,60.43,,,,
2025-12-29,60.83,61.63,60.43,61.63,,,,
2025-12-30,61.63,61.82,61.23,61.23,,,,
2025-12-31,60.43,60.43,58.64,58.84,,,,
2026-01-02,57.65,58.64,57.05,58.64,,,,
2026-01-05,59.04,60.63,59.04,60.03,,,,
2026-01-06,61.43,63.22,61.03,62.82,,,,
2026-01-07,60.23,60.63,58.44,58.84,,,,
2026-01-08,61.03,63.41,61.03,62.82,,,,
2026-01-09,64.01,65,63.22,64.01,,,,
2026-01-12,63.22,64.61,63.22,64.61,,,,
2026-01-13,65,65,63.61,64.21,,,,
2026-01-14,65.2,66.73,65.2,66.73,,,,
2026-01-15,67.13,68.52,67.13,67.52,,,,
2026-01-16,66.13,67.52,66.13,67.13,,,,
2026-01-20,63.34,64.74,62.74,63.34,,,,
2026-01-21,65.93,67.13,64.94,66.53,,,,
2026-01-22,66.4,68.19,66.4,66.6,,,,
2026-01-23,65.6,65.6,64.41,65.6,,,,
2026-01-26,67.59,67.59,65.6,66.2,,,,
2026-01-27,65.6,66.2,64.61,66,,,,
2026-01-28,66.6,66.6,65,65,,,,
2026-01-29,64.21,64.21,61.43,64.01,,,,
2026-01-30,62.62,64.21,61.82,64.01,,,,
2026-02-02,63.41,64.01,63.02,63.02,,,,
2026-02-03,64.01,64.21,62.22,62.62,,,,
2026-02-04,65.8,67.99,65.8,66.99,,,,
2026-02-05,66.6,66.6,64.61,65.4,,,,
2026-02-06,67.59,67.59,66,67.13,,,,
2026-02-09,66.33,66.93,65.33,66.93,,,,
2026-02-10,66.93,67.99,66.79,67.19,,,,
2026-02-11,66.99,67.19,66.2,66.99,,,,
2026-02-12,67.39,67.39,64.21,64.81,,,,
2026-02-13,64.21,66.4,63.81,64.81,,,,
2026-02-17,65.4,65.4,63.41,63.61,,,,
2026-02-18,65.2,66.2,65,66,,,,
2026-02-19,64.41,64.41,63.41,64.01,,,,
2026-02-20,64.81,65.8,64.01,65.6,,,,
2026-02-23,65.2,65.2,62.82,63.41,,,,
2026-02-24,63.22,64.61,62.82,63.61,,,,
2026-02-25,61.63,63.22,61.43,63.02,,,,
2026-02-26,64.01,65.4,62.62,65.4,,,,
2026-02-27,63.41,65.6,63.02,65.6,,,,
2026-03-02,62.62,65.6,62.62,64.61,,,,
2026-03-03,58.05,62.62,58.05,61.03,,,,
2026-03-04,60.43,61.23,60.23,60.83,,,,
2026-03-05,59.44,59.44,55.86,58.25,,,,
2026-03-06,54.07,55.86,53.28,55.26,,,,
2026-03-09,50.49,56.26,50.49,55.26,,,,
2026-03-10,54.27,55.26,53.47,53.47,,,,
2026-03-11,52.08,52.48,51.49,51.68,,,,
2026-03-12,50.29,50.69,48.9,48.9,,,,
2026-03-13,50.09,50.09,47.51,47.91,,,,
2026-03-16,51.29,51.29,48.9,49.3,,,,
2026-03-17,51.68,51.68,49.9,50.09,,,,
2026-03-18,49.7,49.9,47.11,47.11,,,,
2026-03-19,45.32,47.51,44.53,46.91,,,,
2026-03-20,46.52,46.52,42.34,43.93,,,,
2026-03-23,47.31,48.7,46.91,47.11,,,,
2026-03-24,48.7,48.7,47.71,47.71,,,,
2026-03-25,49.1,49.1,47.31,48.11,,,,
2026-03-26,48.7,48.7,46.52,46.71,,,,
2026-03-27,44.73,44.93,42.34,42.94,,,,
2026-03-30,43.14,44.73,42.14,42.54,,,,
2026-03-31,42.54,47.31,42.54,47.31,,,,
2026-04-01,42.54,47.71,42.54,47.71,,,,
2026-04-02,45.52,48.31,45.52,48.31,,,,
2026-04-06,47.11,48.5,47.11,48.31,,,,
2026-04-07,47.51,48.31,46.52,48.11,,,,
2026-04-08,54.47,55.06,53.67,54.98,,,,
2026-04-09,53.98,55.57,53.58,55.37,,,,
2026-04-10,54.38,54.38,52.39,53.18,,,,
2026-04-13,53.38,55.57,51.99,55.37,,,,
2026-04-14,56.26,56.66,55.86,56.66,,,,
2026-04-15,55.66,56.06,54.67,54.87,,,,
2026-04-16,56.06,56.06,52.88,53.28,,,,
2026-04-17,57.25,60.43,57.25,60.03,,,,
2026-04-20,58.64,59.24,58.25,59.04,,,,
2026-04-21,58.05,58.44,56.26,56.26,,,,
2026-04-22,58.64,58.64,55.66,56.66,,,,
2026-04-23,56.85,57.05,54.87,55.66,,,,
2026-04-24,54.47,55.46,54.47,54.67,,,,
2026-04-27,55.86,55.86,55.06,55.06,,,,
2026-04-28,55.46,55.46,53.87,55.26,,,,
2026-04-29,55.46,55.46,53.28,53.67,,,,
2026-04-30,56.85,57.45,56.46,57.25,,,,
2026-05-01,57.65,58.05,56.06,56.85,,,,
2026-05-04,57.25,57.25,52.88,53.47,,,,
2026-05-05,53.87,55.46,53.87,54.47,,,,
2026-05-06,56.06,56.66,55.46,55.86,,,,
2026-05-07,56.26,56.85,54.27,55.26,,,,
2026-05-08,54.47,55.06,52.88,52.98,,,,
2026-05-11,53.98,54.58,52.78,53.98,,,,
2026-05-12,52.58,54.18,51.79,53.87,,,,
2026-05-13,52.68,53.87,51.68,52.68,,,,
2026-05-14,53.08,53.87,52.88,53.87,,,,
2026-05-15,53.08,53.08,49.5,50.89,,,,
2026-05-18,50.49,52.48,50.49,52.48,,,,
2026-05-19,49.5,52.48,49.5,50.69,,,,
2026-05-20,51.09,54.47,51.09,53.67,,,,
2026-05-21,52.08,55.26,52.08,55.17,,,,
2026-05-22,55.97,56.77,55.57,56.37,,,,
2026-05-26,57.76,58.16,56.77,57.25,,,,
2026-05-27,58.44,59.24,57.85,57.85,,,,
2026-05-28,58.64,59.44,57.25,57.25,,,,
2026-05-29,56.46,56.85,55.06,55.26,,,,
2026-06-01,53.67,54.27,53.08,53.47,,,,
2026-06-02,54.07,54.27,53.08,53.47,,,,
2026-06-03,54.47,55.46,53.47,53.47,,,,
2026-06-04,57.05,57.05,55.46,56.26,,,,
2026-06-05,57.05,59.04,57.05,58.05,,,,
2026-06-08,58.05,58.44,55.26,55.46,,,,
2026-06-09,57.85,58.44,57.05,58.44,,,,
2026-06-10,58.44,59.24,56.46,56.46,,,,
2026-06-11,58.84,60.23,57.25,59.24,,,,
2026-06-12,60.03,61.23,60.03,61.03,,,,
2026-06-15,62.02,62.22,60.63,60.83,,,,
2026-06-16,61.63,62.22,61.63,61.63,,,,
2026-06-17,61.63,63.02,56.46,57.85,,,,
2026-06-18,59.84,60.43,57.65,58.25,,,,
2026-06-22,58.84,59.84,57.25,57.25,,,,
2026-06-23,58.44,61.23,58.44,60.63,,,,
2026-06-24,62.22,63.22,62.22,62.35,,,,
2026-06-25,63.74,64.14,60.95,61.75,,,,
2026-06-26,62.94,63.74,62.54,63.54,,,,
2026-06-29,63.34,63.34,61.35,61.75,,,,
2026-06-30,60.75,61.75,60.55,60.55,,,,
2026-07-01,61.95,64.34,61.5,61.5,,,,
2026-07-02,64.48,66.26,63.29,65.87,,,,
2026-07-06,63.49,65.47,63.09,65,,,,
2026-07-07,67.19,67.19,65.8,66.6,,,,
2026-07-08,65,65.2,64.21,64.41,,,,
2026-07-09,64.81,65,63.61,64.21,,,,
2026-07-10,65.6,66.79,65.4,65.8,,,,
2026-07-13,68.19,68.19,66.2,66.99,,,,
2026-07-14,66,66.2,64.81,65,,,,
2026-07-15,65.6,68.38,63.81,64.61,,,,
2026-07-16,66.6,69.38,66.6,69.38,,,,
2026-07-17,68.98,69.98,66.2,66.4,,,,
2026-07-20,65.8,65.8,64.01,64.01,,,,
2026-07-21,63.41,63.41,62.62,63.41,,,,
2026-07-22,65.8,66,64.21,64.41,,,,
2026-07-23,63.81,64.41,62.82,64.41,,,,
2026-07-24,64.81,66.2,64.81,65.8,,,,
2026-07-27,68.98,69.18,67.59,68.98,,,,
2026-07-28,70.97,72.36,70.37,71.76,,,,
2026-07-29,70.17,70.57,68.19,69.18,,,,
2026-07-30,67.39,68.58,65.4,68.58,,,,
2026-07-31,66.6,67.59,66.6,66.6,,,,
2026-08-03,69.18,69.58,68.38,68.98,,,,
2026-08-04,68.98,71.37,68.38,70.97,,,,
2026-08-05,70.17,71.17,69.78,70.57,,,,
2026-08-06,70.57,70.57,68.58,69.98,,,,
2026-08-07,71.37,73.16,71.37,72.76,,,,
2026-08-10,71.76,71.96,70.37,71.17,,,,
2026-08-11,71.76,72.16,71.17,71.17,,,,
2026-08-12,68.38,69.78,68.38,69.38,,,,
2026-08-13,71.76,73.16,70.97,73.16,,,,
2026-08-14,71.76,73.16,71.76,72.76,,,,
2026-08-17,70.97,70.97,68.19,68.58,,,,
2026-08-18,71.17,71.76,68.12,68.12,,,,
2026-08-19,73.3,73.9,72.11,72.11,,,,
2026-08-20,71.51,73.3,70.31,70.31,,,,
2026-08-21,70.31,71.11,69.52,69.52,,,,
2026-08-24,70.71,72.16,70.51,72.11,,,,
2026-08-25,70.17,71.17,69.98,70.57,,,,
2026-08-26,70.97,71.76,70.37,70.37,,,,
2026-08-27,68.78,70.77,68.78,69.58,,,,
2026-08-28,70.17,70.17,67.99,68.78,,,,
2026-08-31,67.19,67.19,65.8,66.2,,,,
2026-09-01,65.4,65.4,61.82,62.62,,,,
2026-09-02,62.22,66,62.22,64.21,,,,
2026-09-03,65.8,66.6,63.61,66.4,,,,
2026-09-04,63.81,64.81,63.81,64.01,,,,
2026-09-08,62.62,62.62,60.43,60.63,,,,
2026-09-09,58.25,58.84,56.26,56.85,,,,
2026-09-10,55.66,55.86,52.88,54.67,,,,
2026-09-11,57.05,57.05,54.87,56.46,,,,
2026-09-14,56.46,57.25,56.06,56.26,,,,
2026-09-15,51.88,53.47,51.88,52.88,,,,
2026-09-16,53.28,54.27,48.11,50.09,,,,
2026-09-17,49.9,51.49,48.9,50.29,,,,
2026-09-18,48.9,50.49,48.11,49.5,,,,
2026-09-21,50.69,51.09,48.7,50.49,,,,
2026-09-22,48.9,49.9,48.11,49.7,,,,
2026-09-23,47.71,49.9,47.71,47.71,,,,
2026-09-24,47.71,47.71,45.12,45.12,,,,
2026-09-25,45.92,46.71,45.32,46.52,,,,