time,open,high,low,close,Prior DC20 upper,Prior DC20 lower,Long signal,Short signal
2007-09-28,754,754,754,754,,,,
2007-10-01,1659,1659,1659,1659,,,,
2007-10-02,1186,1186,1186,1186,,,,
2007-10-03,655,655,655,655,,,,
2007-10-04,1219,1219,1219,1219,,,,
2007-10-05,1705,1705,1705,1705,,,,
2007-10-08,659,659,659,659,,,,
2007-10-09,1418,1418,1418,1418,,,,
2007-10-10,904,904,904,904,,,,
2007-10-11,688,688,688,688,,,,
2007-10-12,1263,1263,1263,1263,,,,
2007-10-15,474,474,474,474,,,,
2007-10-16,542,542,542,542,,,,
2007-10-17,1066,1066,1066,1066,,,,
2007-10-18,1005,1005,1005,1005,,,,
2007-10-19,155,155,155,155,,,,
2007-10-22,1267,1267,1267,1267,,,,
2007-10-23,1380,1380,1380,1380,,,,
2007-10-24,801,801,801,801,,,,
2007-10-25,1027,1027,1027,1027,,,,
2007-10-26,1568,1568,1568,1568,,,,
2007-10-29,1142,1142,1142,1142,,,,
2007-10-30,737,737,737,737,,,,
2007-10-31,1575,1575,1575,1575,,,,
2007-11-01,204,204,204,204,,,,
2007-11-02,1053,1053,1053,1053,,,,
2007-11-05,521,521,521,521,,,,
2007-11-06,1460,1460,1460,1460,,,,
2007-11-07,184,184,184,184,,,,
2007-11-08,1142,1142,1142,1142,,,,
2007-11-09,557,557,557,557,,,,
2007-11-12,720,720,720,720,,,,
2007-11-13,1768,1768,1768,1768,,,,
2007-11-14,732,732,732,732,,,,
2007-11-15,478,478,478,478,,,,
2007-11-16,972,972,972,972,,,,
2007-11-19,263,263,263,263,,,,
2007-11-20,1054,1054,1054,1054,,,,
2007-11-21,478,478,478,478,,,,
2007-11-23,1739,1739,1739,1739,,,,
2007-11-26,341,341,341,341,,,,
2007-11-27,1421,1421,1421,1421,,,,
2007-11-28,1854,1854,1854,1854,,,,
2007-11-29,790,790,790,790,,,,
2007-11-30,1345,1345,1345,1345,,,,
2007-12-03,711,711,711,711,,,,
2007-12-04,642,642,642,642,,,,
2007-12-05,1607,1607,1607,1607,,,,
2007-12-06,1686,1686,1686,1686,,,,
2007-12-07,1013,1013,1013,1013,,,,
2007-12-10,1344,1344,1344,1344,,,,
2007-12-11,202,202,202,202,,,,
2007-12-12,1204,1204,1204,1204,,,,
2007-12-13,784,784,784,784,,,,
2007-12-14,351,351,351,351,,,,
2007-12-17,320,320,320,320,,,,
2007-12-18,1417,1417,1417,1417,,,,
2007-12-19,984,984,984,984,,,,
2007-12-20,1302,1302,1302,1302,,,,
2007-12-21,1687,1687,1687,1687,,,,
2007-12-24,1560,1560,1560,1560,,,,
2007-12-26,977,977,977,977,,,,
2007-12-27,287,287,287,287,,,,
2007-12-28,1022,1022,1022,1022,,,,
2007-12-31,758,758,758,758,,,,
2008-01-02,569,569,569,569,,,,
2008-01-03,774,774,774,774,,,,
2008-01-04,233,233,233,233,,,,
2008-01-07,1078,1078,1078,1078,,,,
2008-01-08,449,449,449,449,,,,
2008-01-09,1260,1260,1260,1260,,,,
2008-01-10,1320,1320,1320,1320,,,,
2008-01-11,466,466,466,466,,,,
2008-01-14,1333,1333,1333,1333,,,,
2008-01-15,294,294,294,294,,,,
2008-01-16,1035,1035,1035,1035,,,,
2008-01-17,254,254,254,254,,,,
2008-01-18,781,781,781,781,,,,
2008-01-23,1441,1441,1441,1441,,,,
2008-01-24,1183,1183,1183,1183,,,,
2008-01-25,753,753,753,753,,,,
2008-01-28,1645,1645,1645,1645,,,,
2008-01-29,1247,1247,1247,1247,,,,
2008-01-30,716,716,716,716,,,,
2008-01-31,1571,1571,1571,1571,,,,
2008-02-01,1652,1652,1652,1652,,,,
2008-02-04,788,788,788,788,,,,
2008-02-05,214,214,214,214,,,,
2008-02-06,661,661,661,661,,,,
2008-02-07,1387,1387,1387,1387,,,,
2008-02-08,779,779,779,779,,,,
2008-02-11,1197,1197,1197,1197,,,,
2008-02-12,1312,1312,1312,1312,,,,
2008-02-13,1560,1560,1560,1560,,,,
2008-02-14,412,412,412,412,,,,
2008-02-15,829,829,829,829,,,,
2008-02-19,1099,1099,1099,1099,,,,
2008-02-20,1384,1384,1384,1384,,,,
2008-02-21,441,441,441,441,,,,
2008-02-22,1292,1292,1292,1292,,,,
2008-02-25,1672,1672,1672,1672,,,,
2008-02-26,1427,1427,1427,1427,,,,
2008-02-27,877,877,877,877,,,,
2008-02-28,598,598,598,598,,,,
2008-02-29,189,189,189,189,,,,
2008-03-03,1029,1029,1029,1029,,,,
2008-03-04,721,721,721,721,,,,
2008-03-05,1196,1196,1196,1196,,,,
2008-03-06,203,203,203,203,,,,
2008-03-07,725,725,725,725,,,,
2008-03-10,333,333,333,333,,,,
2008-03-11,1819,1819,1819,1819,,,,
2008-03-12,687,687,687,687,,,,
2008-03-13,1366,1366,1366,1366,,,,
2008-03-14,228,228,228,228,,,,
2008-03-17,455,455,455,455,,,,
2008-03-18,1836,1836,1836,1836,,,,
2008-03-19,377,377,377,377,,,,
2008-03-20,1482,1482,1482,1482,,,,
2008-03-24,1677,1677,1677,1677,,,,
2008-03-25,1352,1352,1352,1352,,,,
2008-03-26,708,708,708,708,,,,
2008-03-27,614,614,614,614,,,,
2008-03-28,605,605,605,605,,,,
2008-03-31,1345,1345,1345,1345,,,,
2008-04-01,1789,1789,1789,1789,,,,
2008-04-02,1219,1219,1219,1219,,,,
2008-04-03,1107,1107,1107,1107,,,,
2008-04-04,1035,1035,1035,1035,,,,
2008-04-07,1060,1060,1060,1060,,,,
2008-04-08,847,847,847,847,,,,
2008-04-09,418,418,418,418,,,,
2008-04-10,1304,1304,1304,1304,,,,
2008-04-11,261,261,261,261,,,,
2008-04-14,861,861,861,861,,,,
2008-04-15,1299,1299,1299,1299,,,,
2008-04-16,1773,1773,1773,1773,,,,
2008-04-17,891,891,891,891,,,,
2008-04-18,1578,1578,1578,1578,,,,
2008-04-21,827,827,827,827,,,,
2008-04-22,438,438,438,438,,,,
2008-04-23,1040,1040,1040,1040,,,,
2008-04-24,1270,1270,1270,1270,,,,
2008-04-25,1317,1317,1317,1317,,,,
2008-04-28,1129,1129,1129,1129,,,,
2008-04-29,724,724,724,724,,,,
2008-04-30,957,957,957,957,,,,
2008-05-01,1464,1464,1464,1464,,,,
2008-05-02,1033,1033,1033,1033,,,,
2008-05-05,887,887,887,887,,,,
2008-05-06,1323,1323,1323,1323,,,,
2008-05-07,410,410,410,410,,,,
2008-05-08,1121,1121,1121,1121,,,,
2008-05-09,854,854,854,854,,,,
2008-05-12,1576,1576,1576,1576,,,,
2008-05-13,1089,1089,1089,1089,,,,
2008-05-14,1157,1157,1157,1157,,,,
2008-05-15,1460,1460,1460,1460,,,,
2008-05-16,966,966,966,966,,,,
2008-05-19,960,960,960,960,,,,
2008-05-20,711,711,711,711,,,,
2008-05-21,490,490,490,490,,,,
2008-05-22,1183,1183,1183,1183,,,,
2008-05-23,403,403,403,403,,,,
2008-05-27,1325,1325,1325,1325,,,,
2008-05-28,1175,1175,1175,1175,,,,
2008-05-29,1312,1312,1312,1312,,,,
2008-05-30,1100,1100,1100,1100,,,,
2008-06-02,544,544,544,544,,,,
2008-06-03,853,853,853,853,,,,
2008-06-04,1000,1000,1000,1000,,,,
2008-06-05,1745,1745,1745,1745,,,,
2008-06-06,224,224,224,224,,,,
2008-06-09,778,778,778,778,,,,
2008-06-10,799,799,799,799,,,,
2008-06-11,348,348,348,348,,,,
2008-06-12,1114,1114,1114,1114,,,,
2008-06-13,1638,1638,1638,1638,,,,
2008-06-16,1236,1236,1236,1236,,,,
2008-06-17,734,734,734,734,,,,
2008-06-18,557,557,557,557,,,,
2008-06-19,1211,1211,1211,1211,,,,
2008-06-20,317,317,317,317,,,,
2008-06-23,759,759,759,759,,,,
2008-06-24,598,598,598,598,,,,
2008-06-25,1436,1436,1436,1436,,,,
2008-06-26,254,254,254,254,,,,
2008-06-27,792,792,792,792,,,,
2008-06-30,829,829,829,829,,,,
2008-07-01,943,943,943,943,,,,
2008-07-02,354,354,354,354,,,,
2008-07-03,729,729,729,729,,,,
2008-07-04,956,956,956,956,,,,
2008-07-07,619,619,619,619,,,,
2008-07-08,1515,1515,1515,1515,,,,
2008-07-09,493,493,493,493,,,,
2008-07-10,1236,1236,1236,1236,,,,
2008-07-11,845,845,845,845,,,,
2008-07-14,652,652,652,652,,,,
2008-07-15,679,679,679,679,,,,
2008-07-16,1574,1574,1574,1574,,,,
2008-07-17,1397,1397,1397,1397,,,,
2008-07-18,928,928,928,928,,,,
2008-07-21,1215,1215,1215,1215,,,,
2008-07-22,1450,1450,1450,1450,,,,
2008-07-23,1174,1174,1174,1174,,,,
2008-07-24,377,377,377,377,,,,
2008-07-25,1260,1260,1260,1260,,,,
2008-07-28,498,498,498,498,,,,
2008-07-29,1564,1564,1564,1564,,,,
2008-07-30,1362,1362,1362,1362,,,,
2008-07-31,655,655,655,655,,,,
2008-08-01,913,913,913,913,,,,
2008-08-04,576,576,576,576,,,,
2008-08-05,1582,1582,1582,1582,,,,
2008-08-06,1175,1175,1175,1175,,,,
2008-08-07,399,399,399,399,,,,
2008-08-08,1556,1556,1556,1556,,,,
2008-08-11,1367,1367,1367,1367,,,,
2008-08-12,707,707,707,707,,,,
2008-08-13,985,985,985,985,,,,
2008-08-14,1359,1359,1359,1359,,,,
2008-08-15,1012,1012,1012,1012,,,,
2008-08-18,488,488,488,488,,,,
2008-08-19,527,527,527,527,,,,
2008-08-20,1151,1151,1151,1151,,,,
2008-08-21,893,893,893,893,,,,
2008-08-22,1502,1502,1502,1502,,,,
2008-08-25,257,257,257,257,,,,
2008-08-26,1266,1266,1266,1266,,,,
2008-08-27,1602,1602,1602,1602,,,,
2008-08-28,1629,1629,1629,1629,,,,
2008-08-29,564,564,564,564,,,,
2008-09-02,1016,1016,1016,1016,,,,
2008-09-03,1002,1002,1002,1002,,,,
2008-09-04,191,191,191,191,,,,
2008-09-05,1046,1046,1046,1046,,,,
2008-09-08,1447,1447,1447,1447,,,,
2008-09-09,207,207,207,207,,,,
2008-09-10,1320,1320,1320,1320,,,,
2008-09-11,1110,1110,1110,1110,,,,
2008-09-12,1259,1259,1259,1259,,,,
2008-09-15,100,100,100,100,,,,
2008-09-16,1331,1331,1331,1331,,,,
2008-09-17,180,180,180,180,,,,
2008-09-18,1690,1690,1690,1690,,,,
2008-09-19,1733,1733,1733,1733,,,,
2008-09-22,332,332,332,332,,,,
2008-09-23,547,547,547,547,,,,
2008-09-24,709,709,709,709,,,,
2008-09-25,1491,1491,1491,1491,,,,
2008-09-26,806,806,806,806,,,,
2008-09-29,97,97,97,97,,,,
2008-09-30,1678,1678,1678,1678,,,,
2008-10-01,753,753,753,753,,,,
2008-10-02,159,159,159,159,,,,
2008-10-03,518,518,518,518,,,,
2008-10-06,205,205,205,205,,,,
2008-10-07,178,178,178,178,,,,
2008-10-08,598,598,598,598,,,,
2008-10-09,125,125,125,125,,,,
2008-10-10,940,940,940,940,,,,
2008-10-13,1911,1911,1911,1911,,,,
2008-10-14,747,747,747,747,,,,
2008-10-15,67,67,67,67,,,,
2008-10-16,1573,1573,1573,1573,,,,
2008-10-17,914,914,914,914,,,,
2008-10-20,1704,1704,1704,1704,,,,
2008-10-21,357,357,357,357,,,,
2008-10-22,128,128,128,128,,,,
2008-10-23,716,716,716,716,,,,
2008-10-24,294,294,294,294,,,,
2008-10-27,277,277,277,277,,,,
2008-10-28,1774,1774,1774,1774,,,,
2008-10-29,1233,1233,1233,1233,,,,
2008-10-30,1731,1731,1731,1731,,,,
2008-10-31,1561,1561,1561,1561,,,,
2008-11-03,1042,1042,1042,1042,,,,
2008-11-04,1583,1583,1583,1583,,,,
2008-11-05,203,203,203,203,,,,
2008-11-06,237,237,237,237,,,,
2008-11-07,1502,1502,1502,1502,,,,
2008-11-10,562,562,562,562,,,,
2008-11-11,372,372,372,372,,,,
2008-11-12,110,110,110,110,,,,
2008-11-13,1804,1804,1804,1804,,,,
2008-11-14,217,217,217,217,,,,
2008-11-17,533,533,533,533,,,,
2008-11-18,897,897,897,897,,,,
2008-11-19,92,92,92,92,,,,
2008-11-20,178,178,178,178,,,,
2008-11-21,1596,1596,1596,1596,,,,
2008-11-24,1849,1849,1849,1849,,,,
2008-11-25,1284,1284,1284,1284,,,,
2008-11-26,1780,1780,1780,1780,,,,
2008-11-28,1300,1300,1300,1300,,,,
2008-12-01,97,97,97,97,,,,
2008-12-02,1706,1706,1706,1706,,,,
2008-12-03,1431,1431,1431,1431,,,,
2008-12-04,421,421,421,421,,,,
2008-12-05,1622,1622,1622,1622,,,,
2008-12-08,1689,1689,1689,1689,,,,
2008-12-09,530,530,530,530,,,,
2008-12-10,1531,1531,1531,1531,,,,
2008-12-11,339,339,339,339,,,,
2008-12-12,1444,1444,1444,1444,,,,
2008-12-15,460,460,460,460,,,,
2008-12-16,1874,1874,1874,1874,,,,
2008-12-17,1033,1033,1033,1033,,,,
2008-12-18,625,625,625,625,,,,
2008-12-19,1158,1158,1158,1158,,,,
2008-12-22,473,473,473,473,,,,
2008-12-23,605,605,605,605,,,,
2008-12-24,1112,1112,1112,1112,,,,
2008-12-26,1492,1492,1492,1492,,,,
2008-12-29,616,616,616,616,,,,
2008-12-30,1728,1728,1728,1728,,,,
2008-12-31,1726,1726,1726,1726,,,,
2009-01-02,1589,1589,1589,1589,,,,
2009-01-05,1171,1171,1171,1171,,,,
2009-01-06,1493,1493,1493,1493,,,,
2009-01-07,279,279,279,279,,,,
2009-01-08,1293,1293,1293,1293,,,,
2009-01-09,320,320,320,320,,,,
2009-01-12,312,312,312,312,,,,
2009-01-13,1176,1176,1176,1176,,,,
2009-01-14,137,137,137,137,,,,
2009-01-15,1317,1317,1317,1317,,,,
2009-01-16,1339,1339,1339,1339,,,,
2009-01-20,113,113,113,113,,,,
2009-01-21,1807,1807,1807,1807,,,,
2009-01-22,391,391,391,391,,,,
2009-01-23,1157,1157,1157,1157,,,,
2009-01-26,1318,1318,1318,1318,,,,
2009-01-27,1399,1399,1399,1399,,,,
2009-01-28,1751,1751,1751,1751,,,,
2009-01-29,234,234,234,234,,,,
2009-01-30,407,407,407,407,,,,
2009-02-02,992,992,992,992,,,,
2009-02-03,1306,1306,1306,1306,,,,
2009-02-04,864,864,864,864,,,,
2009-02-05,1421,1421,1421,1421,,,,
2009-02-06,1739,1739,1739,1739,,,,
2009-02-09,936,936,936,936,,,,
2009-02-10,165,165,165,165,,,,
2009-02-11,1153,1153,1153,1153,,,,
2009-02-12,1022,1022,1022,1022,,,,
2009-02-13,777,777,777,777,,,,
2009-02-17,131,131,131,131,,,,
2009-02-18,648,648,648,648,,,,
2009-02-19,610,610,610,610,,,,
2009-02-20,592,592,592,592,,,,
2009-02-23,191,191,191,191,,,,
2009-02-24,1804,1804,1804,1804,,,,
2009-02-25,508,508,508,508,,,,
2009-02-26,730,730,730,730,,,,
2009-02-27,685,685,685,685,,,,
2009-03-02,116,116,116,116,,,,
2009-03-03,704,704,704,704,,,,
2009-03-04,1688,1688,1688,1688,,,,
2009-03-05,143,143,143,143,,,,
2009-03-06,894,894,894,894,,,,
2009-03-09,584,584,584,584,,,,
2009-03-10,1883,1883,1883,1883,,,,
2009-03-11,1042,1042,1042,1042,,,,
2009-03-12,1842,1842,1842,1842,,,,
2009-03-13,1175,1175,1175,1175,,,,
2009-03-16,945,945,945,945,,,,
2009-03-17,1731,1731,1731,1731,,,,
2009-03-18,1683,1683,1683,1683,,,,
2009-03-19,898,898,898,898,,,,
2009-03-20,418,418,418,418,,,,
2009-03-23,1907,1907,1907,1907,,,,
2009-03-24,416,416,416,416,,,,
2009-03-25,1447,1447,1447,1447,,,,
2009-03-26,1726,1726,1726,1726,,,,
2009-03-27,283,283,283,283,,,,
2009-03-30,209,209,209,209,,,,
2009-03-31,1478,1478,1478,1478,,,,
2009-04-01,1551,1551,1551,1551,,,,
2009-04-02,1817,1817,1817,1817,,,,
2009-04-03,1419,1419,1419,1419,,,,
2009-04-06,538,538,538,538,,,,
2009-04-07,277,277,277,277,,,,
2009-04-08,1595,1595,1595,1595,,,,
2009-04-09,1826,1826,1826,1826,,,,
2009-04-13,1079,1079,1079,1079,,,,
2009-04-14,461,461,461,461,,,,
2009-04-15,1471,1471,1471,1471,,,,
2009-04-16,1570,1570,1570,1570,,,,
2009-04-17,1271,1271,1271,1271,,,,
2009-04-20,145,145,145,145,,,,
2009-04-21,1704,1704,1704,1704,,,,
2009-04-22,992,992,992,992,,,,
2009-04-23,1077,1077,1077,1077,,,,
2009-04-24,1586,1586,1586,1586,,,,
2009-04-27,539,539,539,539,,,,
2009-04-28,1074,1074,1074,1074,,,,
2009-04-29,1758,1758,1758,1758,,,,
2009-04-30,943,943,943,943,,,,
2009-05-01,1194,1194,1194,1194,,,,
2009-05-04,1790,1790,1790,1790,,,,
2009-05-05,781,781,781,781,,,,
2009-05-06,1326,1326,1326,1326,,,,
2009-05-07,554,554,554,554,,,,
2009-05-08,1734,1734,1734,1734,,,,
2009-05-11,404,404,404,404,,,,
2009-05-12,756,756,756,756,,,,
2009-05-13,147,147,147,147,,,,
2009-05-14,1503,1503,1503,1503,,,,
2009-05-15,614,614,614,614,,,,
2009-05-18,1828,1828,1828,1828,,,,
2009-05-19,1095,1095,1095,1095,,,,
2009-05-20,898,898,898,898,,,,
2009-05-21,428,428,428,428,,,,
2009-05-22,878,878,878,878,,,,
2009-05-26,1809,1809,1809,1809,,,,
2009-05-27,452,452,452,452,,,,
2009-05-28,1363,1363,1363,1363,,,,
2009-05-29,1555,1555,1555,1555,,,,
2009-06-01,1759,1759,1759,1759,,,,
2009-06-02,1135,1135,1135,1135,,,,
2009-06-03,465,465,465,465,,,,
2009-06-04,1549,1549,1549,1549,,,,
2009-06-05,904,904,904,904,,,,
2009-06-08,646,646,646,646,,,,
2009-06-09,1146,1146,1146,1146,,,,
2009-06-10,836,836,836,836,,,,
2009-06-11,1198,1198,1198,1198,,,,
2009-06-12,909,909,909,909,,,,
2009-06-15,188,188,188,188,,,,
2009-06-16,438,438,438,438,,,,
2009-06-17,901,901,901,901,,,,
2009-06-18,1153,1153,1153,1153,,,,
2009-06-19,1197,1197,1197,1197,,,,
2009-06-22,169,169,169,169,,,,
2009-06-23,907,907,907,907,,,,
2009-06-24,1435,1435,1435,1435,,,,
2009-06-25,1787,1787,1787,1787,,,,
2009-06-26,1177,1177,1177,1177,,,,
2009-06-29,1181,1181,1181,1181,,,,
2009-06-30,716,716,716,716,,,,
2009-07-01,1494,1494,1494,1494,,,,
2009-07-02,196,196,196,196,,,,
2009-07-06,844,844,844,844,,,,
2009-07-07,288,288,288,288,,,,
2009-07-08,641,641,641,641,,,,
2009-07-09,1134,1134,1134,1134,,,,
2009-07-10,911,911,911,911,,,,
2009-07-13,1746,1746,1746,1746,,,,
2009-07-14,1423,1423,1423,1423,,,,
2009-07-15,1902,1902,1902,1902,,,,
2009-07-16,1459,1459,1459,1459,,,,
2009-07-17,883,883,883,883,,,,
2009-07-20,1662,1662,1662,1662,,,,
2009-07-21,982,982,982,982,,,,
2009-07-22,1148,1148,1148,1148,,,,
2009-07-23,1750,1750,1750,1750,,,,
2009-07-24,1302,1302,1302,1302,,,,
2009-07-27,1221,1221,1221,1221,,,,
2009-07-28,871,871,871,871,,,,
2009-07-29,602,602,602,602,,,,
2009-07-30,1651,1651,1651,1651,,,,
2009-07-31,1163,1163,1163,1163,,,,
2009-08-03,1694,1694,1694,1694,,,,
2009-08-04,1184,1184,1184,1184,,,,
2009-08-05,778,778,778,778,,,,
2009-08-06,619,619,619,619,,,,
2009-08-07,1635,1635,1635,1635,,,,
2009-08-10,838,838,838,838,,,,
2009-08-11,415,415,415,415,,,,
2009-08-12,1543,1543,1543,1543,,,,
2009-08-13,1295,1295,1295,1295,,,,
2009-08-14,409,409,409,409,,,,
2009-08-17,174,174,174,174,,,,
2009-08-18,1641,1641,1641,1641,,,,
2009-08-19,1322,1322,1322,1322,,,,
2009-08-20,1564,1564,1564,1564,,,,
2009-08-21,1802,1802,1802,1802,,,,
2009-08-24,933,933,933,933,,,,
2009-08-25,1167,1167,1167,1167,,,,
2009-08-26,936,936,936,936,,,,
2009-08-27,1076,1076,1076,1076,,,,
2009-08-28,852,852,852,852,,,,
2009-08-31,409,409,409,409,,,,
2009-09-01,205,205,205,205,,,,
2009-09-02,741,741,741,741,,,,
2009-09-03,1591,1591,1591,1591,,,,
2009-09-04,1691,1691,1691,1691,,,,
2009-09-08,1477,1477,1477,1477,,,,
2009-09-09,1496,1496,1496,1496,,,,
2009-09-10,1598,1598,1598,1598,,,,
2009-09-11,961,961,961,961,,,,
2009-09-14,1369,1369,1369,1369,,,,
2009-09-15,1364,1364,1364,1364,,,,
2009-09-16,1717,1717,1717,1717,,,,
2009-09-17,760,760,760,760,,,,
2009-09-18,1114,1114,1114,1114,,,,
2009-09-21,633,633,633,633,,,,
2009-09-22,1413,1413,1413,1413,,,,
2009-09-23,474,474,474,474,,,,
2009-09-24,297,297,297,297,,,,
2009-09-25,741,741,741,741,,,,
2009-09-28,1761,1761,1761,1761,,,,
2009-09-29,969,969,969,969,,,,
2009-09-30,707,707,707,707,,,,
2009-10-01,150,150,150,150,,,,
2009-10-02,604,604,604,604,,,,
2009-10-05,1738,1738,1738,1738,,,,
2009-10-06,1679,1679,1679,1679,,,,
2009-10-07,1007,1007,1007,1007,,,,
2009-10-08,1548,1548,1548,1548,,,,
2009-10-09,1352,1352,1352,1352,,,,
2009-10-12,1145,1145,1145,1145,,,,
2009-10-13,797,797,797,797,,,,
2009-10-14,1690,1690,1690,1690,,,,
2009-10-15,1048,1048,1048,1048,,,,
2009-10-16,547,547,547,547,,,,
2009-10-19,1582,1582,1582,1582,,,,
2009-10-20,478,478,478,478,,,,
2009-10-21,580,580,580,580,,,,
2009-10-22,1470,1470,1470,1470,,,,
2009-10-23,297,297,297,297,,,,
2009-10-26,387,387,387,387,,,,
2009-10-27,666,666,666,666,,,,
2009-10-28,171,171,171,171,,,,
2009-10-29,1758,1758,1758,1758,,,,
2009-10-30,206,206,206,206,,,,
2009-11-02,1117,1117,1117,1117,,,,
2009-11-03,1401,1401,1401,1401,,,,
2009-11-04,908,908,908,908,,,,
2009-11-05,1788,1788,1788,1788,,,,
2009-11-06,908,908,908,908,,,,
2009-11-09,1788,1788,1788,1788,,,,
2009-11-10,746,746,746,746,,,,
2009-11-11,1301,1301,1301,1301,,,,
2009-11-12,267,267,267,267,,,,
2009-11-13,1560,1560,1560,1560,,,,
2009-11-16,1807,1807,1807,1807,,,,
2009-11-17,867,867,867,867,,,,
2009-11-18,808,808,808,808,,,,
2009-11-19,249,249,249,249,,,,
2009-11-20,778,778,778,778,,,,
2009-11-23,1639,1639,1639,1639,,,,
2009-11-24,828,828,828,828,,,,
2009-11-25,1270,1270,1270,1270,,,,
2009-11-27,151,151,151,151,,,,
2009-11-30,1144,1144,1144,1144,,,,
2009-12-01,1658,1658,1658,1658,,,,
2009-12-02,1268,1268,1268,1268,,,,
2009-12-03,482,482,482,482,,,,
2009-12-04,1504,1504,1504,1504,,,,
2009-12-07,968,968,968,968,,,,
2009-12-08,480,480,480,480,,,,
2009-12-09,1038,1038,1038,1038,,,,
2009-12-10,1097,1097,1097,1097,,,,
2009-12-11,1380,1380,1380,1380,,,,
2009-12-14,1629,1629,1629,1629,,,,
2009-12-15,714,714,714,714,,,,
2009-12-16,1299,1299,1299,1299,,,,
2009-12-17,435,435,435,435,,,,
2009-12-18,1252,1252,1252,1252,,,,
2009-12-21,1517,1517,1517,1517,,,,
2009-12-22,1311,1311,1311,1311,,,,
2009-12-23,1459,1459,1459,1459,,,,
2009-12-24,1460,1460,1460,1460,,,,
2009-12-28,963,963,963,963,,,,
2009-12-29,919,919,919,919,,,,
2009-12-30,873,873,873,873,,,,
2009-12-31,451,451,451,451,,,,
2010-01-04,1743,1743,1743,1743,,,,
2010-01-05,1078,1078,1078,1078,,,,
2010-01-06,1143,1143,1143,1143,,,,
2010-01-07,1188,1188,1188,1188,,,,
2010-01-08,1191,1191,1191,1191,,,,
2010-01-11,1091,1091,1091,1091,,,,
2010-01-12,420,420,420,420,,,,
2010-01-13,1541,1541,1541,1541,,,,
2010-01-14,1134,1134,1134,1134,,,,
2010-01-15,429,429,429,429,,,,
2010-01-19,1650,1650,1650,1650,,,,
2010-01-20,361,361,361,361,,,,
2010-01-21,310,310,310,310,,,,
2010-01-22,333,333,333,333,,,,
2010-01-25,1220,1220,1220,1220,,,,
2010-01-26,578,578,578,578,,,,
2010-01-27,1096,1096,1096,1096,,,,
2010-01-28,421,421,421,421,,,,
2010-01-29,547,547,547,547,,,,
2010-02-01,1635,1635,1635,1635,,,,
2010-02-02,1495,1495,1495,1495,,,,
2010-02-03,605,605,605,605,,,,
2010-02-04,108,108,108,108,,,,
2010-02-05,1029,1029,1029,1029,,,,
2010-02-08,531,531,531,531,,,,
2010-02-09,1672,1672,1672,1672,,,,
2010-02-10,858,858,858,858,,,,
2010-02-11,1692,1692,1692,1692,,,,
2010-02-12,1163,1163,1163,1163,,,,
2010-02-16,1773,1773,1773,1773,,,,
2010-02-17,1297,1297,1297,1297,,,,
2010-02-18,1403,1403,1403,1403,,,,
2010-02-19,1201,1201,1201,1201,,,,
2010-02-22,978,978,978,978,,,,
2010-02-23,373,373,373,373,,,,
2010-02-24,1454,1454,1454,1454,,,,
2010-02-25,977,977,977,977,,,,
2010-02-26,1034,1034,1034,1034,,,,
2010-03-01,1681,1681,1681,1681,,,,
2010-03-02,1393,1393,1393,1393,,,,
2010-03-03,1127,1127,1127,1127,,,,
2010-03-04,1163,1163,1163,1163,,,,
2010-03-05,1798,1798,1798,1798,,,,
2010-03-08,1116,1116,1116,1116,,,,
2010-03-09,1090,1090,1090,1090,,,,
2010-03-10,1336,1336,1336,1336,,,,
2010-03-11,1176,1176,1176,1176,,,,
2010-03-12,1058,1058,1058,1058,,,,
2010-03-15,809,809,809,809,,,,
2010-03-16,1505,1505,1505,1505,,,,
2010-03-17,1397,1397,1397,1397,,,,
2010-03-18,726,726,726,726,,,,
2010-03-19,551,551,551,551,,,,
2010-03-22,1417,1417,1417,1417,,,,
2010-03-23,1523,1523,1523,1523,,,,
2010-03-24,535,535,535,535,,,,
2010-03-25,748,748,748,748,,,,
2010-03-26,1038,1038,1038,1038,,,,
2010-03-29,1429,1429,1429,1429,,,,
2010-03-30,1084,1084,1084,1084,,,,
2010-03-31,712,712,712,712,,,,
2010-04-01,1581,1581,1581,1581,,,,
2010-04-05,1723,1723,1723,1723,,,,
2010-04-06,1172,1172,1172,1172,,,,
2010-04-07,675,675,675,675,,,,
2010-04-08,1020,1020,1020,1020,,,,
2010-04-09,1405,1405,1405,1405,,,,
2010-04-12,1091,1091,1091,1091,,,,
2010-04-13,1041,1041,1041,1041,,,,
2010-04-14,1651,1651,1651,1651,,,,
2010-04-15,1003,1003,1003,1003,,,,
2010-04-16,282,282,282,282,,,,
2010-04-19,865,865,865,865,,,,
2010-04-20,1722,1722,1722,1722,,,,
2010-04-21,1161,1161,1161,1161,,,,
2010-04-22,1383,1383,1383,1383,,,,
2010-04-23,1498,1498,1498,1498,,,,
2010-04-26,905,905,905,905,,,,
2010-04-27,186,186,186,186,,,,
2010-04-28,1213,1213,1213,1213,,,,
2010-04-29,1648,1648,1648,1648,,,,
2010-04-30,363,363,363,363,,,,
2010-05-03,2042,2372,1966,2372,,,,
2010-05-04,289,432,287,429,,,,
2010-05-05,281,1055,264,610,,,,
2010-05-06,681,1348,133,170,,,,
2010-05-07,869,1722,518,895,,,,
2010-05-10,2361,3005,2361,2983,,,,
2010-05-11,427,2239,427,1678,,,,
2010-05-12,1765,2565,1765,2548,,,,
2010-05-13,708,1710,708,1059,,,,
2010-05-14,326,371,198,370,,,,
2010-05-17,1789,1789,395,1233,,,,
2010-05-18,2284,2449,664,679,,,,
2010-05-19,687,1271,285,657,,,,
2010-05-20,83,208,83,152,,,,
2010-05-21,190,2448,190,2355,,,,
2010-05-24,1248,1923,889,1164,,,,
2010-05-25,78,1123,78,1122,,,,
2010-05-26,2311,2697,1781,1876,,,,
2010-05-27,2474,2877,2474,2876,,,,
2010-05-28,879,1431,696,978,,,,
2010-06-01,469,1578,469,636,,,,
2010-06-02,1989,2620,1462,2620,,,,
2010-06-03,1782,2019,1163,1795,,,,
2010-06-04,103,427,103,265,,,,
2010-06-07,1580,2005,806,816,,,,
2010-06-08,1824,1837,760,1837,,,,
2010-06-09,2160,2533,1457,1533,,,,
2010-06-10,2372,2676,2372,2676,,,,
2010-06-11,365,2083,365,2083,,,,
2010-06-14,2181,2562,1876,1876,,,,
2010-06-15,2133,2632,2118,2629,,,,
2010-06-16,423,1557,423,1224,,,,
2010-06-17,1790,1790,734,1496,,,,
2010-06-18,1410,1904,1198,1682,,,,
2010-06-21,2293,2413,1195,1261,,,,
2010-06-22,1602,1959,632,633,,,,
2010-06-23,1090,1782,606,1441,,,,
2010-06-24,648,1148,524,660,,,,
2010-06-25,1231,2346,1231,2217,,,,
2010-06-28,1300,1935,861,1360,,,,
2010-06-29,196,280,190,264,,,,
2010-06-30,1230,2197,1098,1102,,,,
2010-07-01,1141,1539,429,1225,,,,
2010-07-02,1961,1961,858,1219,,,,
2010-07-06,2393,2566,1321,1487,,,,
2010-07-07,1986,2656,1986,2656,,,,
2010-07-08,2193,2318,1665,2318,,,,
2010-07-09,1271,2380,1271,2380,,,,
2010-07-12,922,1348,627,1052,,,,
2010-07-13,2304,2590,2304,2559,,,,
2010-07-14,618,1567,588,1327,,,,
2010-07-15,1079,1460,465,1460,,,,
2010-07-16,465,604,392,603,,,,
2010-07-19,2026,2026,875,1959,,,,
2010-07-20,324,2429,324,2429,,,,
2010-07-21,1871,1871,865,953,,,,
2010-07-22,2350,2673,2350,2649,,,,
2010-07-23,676,2442,676,2441,,,,
2010-07-26,1401,2485,1401,2485,,,,
2010-07-27,1912,1950,1162,1333,,,,
2010-07-28,1326,1326,811,957,,,,
2010-07-29,2127,2234,818,1571,,,,
2010-07-30,320,1938,320,1764,,,,
2010-08-02,2432,2641,2432,2584,,,,
2010-08-03,745,1479,574,1169,,,,
2010-08-04,1883,2244,1773,2244,,,,
2010-08-05,450,1325,450,1268,,,,
2010-08-06,487,1376,487,1376,,,,
2010-08-09,1931,2196,1640,2190,,,,
2010-08-10,366,1007,309,799,,,,
2010-08-11,141,353,141,353,,,,
2010-08-12,311,1363,311,1259,,,,
2010-08-13,1283,1743,1125,1375,,,,
2010-08-16,699,2071,699,1859,,,,
2010-08-17,2220,2533,2189,2396,,,,
2010-08-18,694,2000,669,1727,,,,
2010-08-19,733,901,436,566,,,,
2010-08-20,598,1249,461,1236,,,,
2010-08-23,2086,2296,1110,1110,,,,
2010-08-24,241,978,241,713,,,,
2010-08-25,466,1861,466,1827,,,,
2010-08-26,1894,2153,992,1049,,,,
2010-08-27,2117,2585,934,2585,,,,
2010-08-30,769,1153,638,638,,,,
2010-08-31,708,2072,684,1653,,,,
2010-09-01,2404,2656,2404,2621,,,,
2010-09-02,1083,2125,1083,2125,,,,
2010-09-03,2259,2357,1960,2333,,,,
2010-09-07,551,911,514,771,,,,
2010-09-08,1940,2325,1937,2061,,,,
2010-09-09,2291,2298,1532,1848,,,,
2010-09-10,1465,2055,1465,1891,,,,
2010-09-13,2170,2354,2166,2230,,,,
2010-09-14,736,1733,736,1352,,,,
2010-09-15,641,1657,641,1603,,,,
2010-09-16,898,1250,898,1247,,,,
2010-09-17,1906,1910,1073,1788,,,,
2010-09-20,1552,2476,1366,2476,,,,
2010-09-21,987,1540,987,1056,,,,
2010-09-22,1551,1710,922,1131,,,,
2010-09-23,352,1623,352,915,,,,
2010-09-24,2386,2578,2386,2528,,,,
2010-09-27,1156,1591,1069,1246,,,,
2010-09-28,1134,2107,581,2052,,,,
2010-09-29,815,1799,815,1636,,,,
2010-09-30,2248,2248,1031,1539,,,,
2010-10-01,2077,2077,2077,2077,,,,
2010-10-04,986,1168,581,798,,,,
2010-10-05,2250,2504,2173,2464,,,,
2010-10-06,1374,1555,1117,1398,,,,
2010-10-07,1841,1841,910,1365,,,,
2010-10-08,1166,2302,1166,2244,,,,
2010-10-11,1206,1902,1206,1653,,,,
2010-10-12,482,1796,470,1673,,,,
2010-10-13,1925,2381,1812,2202,,,,
2010-10-14,1137,1659,818,1188,,,,
2010-10-15,1996,1996,826,1194,,,,
2010-10-18,1136,2027,1136,2027,,,,
2010-10-19,294,1016,294,529,,,,
2010-10-20,2028,2377,1856,2266,,,,
2010-10-21,1831,2319,1049,1483,,,,
2010-10-22,1465,1799,1446,1791,,,,
2010-10-25,2327,2413,1807,1808,,,,
2010-10-26,436,1614,436,1391,,,,
2010-10-27,547,998,547,998,,,,
2010-10-28,2121,2121,1170,1497,,,,
2010-10-29,1089,1847,1089,1792,,,,
2010-11-01,1992,2323,1174,1539,,,,
2010-11-02,2262,2264,1921,2209,,,,
2010-11-03,1614,1691,906,1691,,,,
2010-11-04,2320,2549,2320,2549,,,,
2010-11-05,1298,1845,1298,1777,,,,
2010-11-08,837,1398,776,1356,,,,
2010-11-09,1454,1624,686,777,,,,
2010-11-10,1243,1821,771,1821,,,,
2010-11-11,415,1136,415,1051,,,,
2010-11-12,421,810,421,510,,,,
2010-11-15,1979,2052,1395,1396,,,,
2010-11-16,266,422,175,422,,,,
2010-11-17,1497,2005,1421,1804,,,,
2010-11-18,2372,2513,2372,2458,,,,
2010-11-19,814,1785,611,1785,,,,
2010-11-22,659,1558,659,1515,,,,
2010-11-23,271,675,271,675,,,,
2010-11-24,2298,2520,2238,2520,,,,
2010-11-26,415,1008,415,903,,,,
2010-11-29,510,1294,403,1237,,,,
2010-11-30,347,1226,347,993,,,,
2010-12-01,2479,2567,2382,2382,,,,
2010-12-02,1618,2122,1618,2122,,,,
2010-12-03,742,1884,742,1852,,,,
2010-12-06,876,1623,856,1496,,,,
2010-12-07,2265,2265,1519,1519,,,,
2010-12-08,1517,1615,898,1158,,,,
2010-12-09,1886,1886,1268,1668,,,,
2010-12-10,1343,1939,1131,1934,,,,
2010-12-13,1687,1687,1337,1337,,,,
2010-12-14,1538,1731,1234,1330,,,,
2010-12-15,935,1584,935,1011,,,,
2010-12-16,1397,2061,1304,2061,,,,
2010-12-17,1015,1700,1015,1699,,,,
2010-12-20,1585,1720,1275,1509,,,,
2010-12-21,1870,2088,1761,2079,,,,
2010-12-22,1474,1976,1459,1862,,,,
2010-12-23,1085,1534,1085,1433,,,,
2010-12-27,507,1704,507,1660,,,,
2010-12-28,1443,1512,979,1434,,,,
2010-12-29,1600,1935,1549,1822,,,,
2010-12-30,1435,1744,1367,1502,,,,
2010-12-31,399,1934,399,1612,,,,
2011-01-03,2108,2361,2108,2269,,,,
2011-01-04,1519,1519,762,1086,,,,
2011-01-05,900,1804,900,1804,,,,
2011-01-06,1185,1395,1003,1193,,,,
2011-01-07,1642,1718,794,1323,,,,
2011-01-10,421,1584,421,1558,,,,
2011-01-11,1909,1962,1569,1768,,,,
2011-01-12,2077,2192,1917,2129,,,,
2011-01-13,1146,1516,1068,1350,,,,
2011-01-14,859,1731,859,1730,,,,
2011-01-18,1117,1630,1028,1628,,,,
2011-01-19,1071,1071,602,680,,,,
2011-01-20,904,1353,632,632,,,,
2011-01-21,1533,1533,845,878,,,,
2011-01-24,1039,1482,1033,1415,,,,
2011-01-25,429,946,391,944,,,,
2011-01-26,1320,1525,994,1431,,,,
2011-01-27,785,1095,758,1037,,,,
2011-01-28,731,780,160,183,,,,
2011-01-31,1451,1554,1096,1353,,,,
2011-02-01,1590,1717,1477,1699,,,,
2011-02-02,572,997,572,730,,,,
2011-02-03,725,1073,371,1063,,,,
2011-02-04,911,937,534,937,,,,
2011-02-07,1190,1625,1190,1427,,,,
2011-02-08,774,1236,688,1236,,,,
2011-02-09,501,774,417,655,,,,
2011-02-10,320,978,320,978,,,,
2011-02-11,405,1434,405,1432,,,,
2011-02-14,941,1087,869,1072,,,,
2011-02-15,557,919,557,684,,,,
2011-02-16,1470,1527,1233,1436,,,,
2011-02-17,639,1336,639,1282,,,,
2011-02-18,1019,1196,857,1058,,,,
2011-02-22,217,468,155,165,,,,
2011-02-23,886,1093,338,436,,,,
2011-02-24,708,1332,575,1015,,,,
2011-02-25,1563,1740,1496,1740,,,,
2011-02-28,1548,1548,964,1209,,,,
2011-03-01,1287,1287,231,260,,,,
2011-03-02,918,1367,874,1159,,,,
2011-03-03,1703,1728,1597,1710,,,,
2011-03-04,797,797,281,549,,,,
2011-03-07,1340,1353,205,328,,,,
2011-03-08,1061,1610,843,1499,,,,
2011-03-09,750,1042,523,858,,,,
2011-03-10,60,340,53,340,,,,
2011-03-11,1184,1434,1059,1301,,,,
2011-03-14,322,650,246,542,,,,
2011-03-15,19,596,19,358,,,,
2011-03-16,610,1022,238,317,,,,
2011-03-17,1809,1809,1342,1434,,,,
2011-03-18,1707,1713,1307,1403,,,,
2011-03-21,1741,1787,1695,1746,,,,
2011-03-22,1120,1120,631,672,,,,
2011-03-23,447,1125,306,975,,,,
2011-03-24,1447,1464,776,1380,,,,
2011-03-25,1235,1601,944,1292,,,,
2011-03-28,1154,1350,651,651,,,,
2011-03-29,699,1412,536,1412,,,,
2011-03-30,1524,1590,1386,1541,,,,
2011-03-31,817,1155,770,1109,,,,
2011-04-01,1621,1621,1207,1365,,,,
2011-04-04,1227,1227,924,1090,,,,
2011-04-05,542,1288,542,995,,,,
2011-04-06,1458,1526,892,1084,,,,
2011-04-07,887,1190,479,626,,,,
2011-04-08,1529,1529,410,539,,,,
2011-04-11,1107,1125,466,570,,,,
2011-04-12,209,504,209,361,,,,
2011-04-13,1589,1589,764,1010,,,,
2011-04-14,234,1072,234,1064,,,,
2011-04-15,918,1423,789,1398,,,,
2011-04-18,65,207,65,205,,,,
2011-04-19,1508,1508,897,1203,,,,
2011-04-20,1787,1787,1618,1669,,,,
2011-04-21,1217,1341,949,1341,,,,
2011-04-25,703,831,489,769,,,,
2011-04-26,1358,1594,1138,1466,,,,
2011-04-27,1003,1219,731,1212,,,,
2011-04-28,730,1163,730,1158,,,,
2011-04-29,1011,1220,817,1195,,,,
2011-05-02,1289,1289,569,622,,,,
2011-05-03,657,827,341,507,,,,
2011-05-04,700,726,217,375,,,,
2011-05-05,227,1068,227,623,,,,
2011-05-06,1754,1754,1016,1220,,,,
2011-05-09,928,1414,852,1390,,,,
2011-05-10,1449,1635,1395,1620,,,,
2011-05-11,455,618,167,249,,,,
2011-05-12,324,1350,232,1202,,,,
2011-05-13,956,956,213,328,,,,
2011-05-16,266,1194,266,467,,,,
2011-05-17,338,780,338,729,,,,
2011-05-18,954,1621,954,1621,,,,
2011-05-19,1466,1470,626,1128,,,,
2011-05-20,363,775,208,500,,,,
2011-05-23,47,248,47,173,,,,
2011-05-24,1322,1439,698,836,,,,
2011-05-25,480,1463,480,1353,,,,
2011-05-26,523,1483,515,1465,,,,
2011-05-27,1548,1605,1276,1463,,,,
2011-05-31,1733,1733,1185,1593,,,,
2011-06-01,582,586,114,117,,,,
2011-06-02,1290,1290,557,885,,,,
2011-06-03,114,623,114,370,,,,
2011-06-06,721,764,206,206,,,,
2011-06-07,1641,1641,1121,1121,,,,
2011-06-08,506,750,415,432,,,,
2011-06-09,1034,1489,988,1336,,,,
2011-06-10,283,362,167,237,,,,
2011-06-13,1244,1474,628,850,,,,
2011-06-14,1770,1812,1730,1746,,,,
2011-06-15,106,425,106,159,,,,
2011-06-16,820,1360,549,952,,,,
2011-06-17,1714,1714,1040,1131,,,,
2011-06-20,704,1426,704,1396,,,,
2011-06-21,1637,1776,1637,1736,,,,
2011-06-22,462,1173,462,542,,,,
2011-06-23,84,755,84,755,,,,
2011-06-24,1163,1201,462,569,,,,
2011-06-27,776,1490,776,1398,,,,
2011-06-28,1318,1614,1318,1611,,,,
2011-06-29,1526,1526,976,1404,,,,
2011-06-30,1378,1589,1378,1488,,,,
2011-07-01,832,1710,832,1700,,,,
2011-07-05,698,923,566,833,,,,
2011-07-06,610,1177,546,1123,,,,
2011-07-07,1711,1711,1593,1623,,,,
2011-07-08,106,414,106,412,,,,
2011-07-11,78,128,55,94,,,,
2011-07-12,539,1359,539,787,,,,
2011-07-13,1603,1779,1223,1350,,,,
2011-07-14,1048,1391,247,290,,,,
2011-07-15,1502,1502,911,1250,,,,
2011-07-18,239,341,117,199,,,,
2011-07-19,1548,1577,1368,1570,,,,
2011-07-20,905,1075,702,968,,,,
2011-07-21,1502,1738,1502,1618,,,,
2011-07-22,798,933,423,859,,,,
2011-07-25,148,685,148,380,,,,
2011-07-26,763,878,433,617,,,,
2011-07-27,240,247,116,119,,,,
2011-07-28,1023,1451,734,741,,,,
2011-07-29,120,1123,105,695,,,,
2011-08-01,1708,1708,425,718,,,,
2011-08-02,639,1394,134,134,,,,
2011-08-03,1056,1056,167,1038,,,,
2011-08-04,134,203,48,48,,,,
2011-08-05,1607,1607,179,611,,,,
2011-08-08,53,127,21,21,,,,
2011-08-09,1521,1853,1019,1850,,,,
2011-08-10,72,683,72,217,,,,
2011-08-11,1690,1892,1231,1879,,,,
2011-08-12,1688,1688,895,1114,,,,
2011-08-15,1735,1826,1547,1826,,,,
2011-08-16,105,443,105,316,,,,
2011-08-17,1677,1767,658,985,,,,
2011-08-18,28,47,21,37,,,,
2011-08-19,187,1528,187,309,,,,
2011-08-22,1778,1817,729,928,,,,
2011-08-23,1086,1815,901,1813,,,,
2011-08-24,929,1598,630,1466,,,,
2011-08-25,1565,1565,169,211,,,,
2011-08-26,257,1759,160,1729,,,,
2011-08-29,1772,1889,1772,1889,,,,
2011-08-30,259,1425,197,1186,,,,
2011-08-31,1631,1695,830,1222,,,,
2011-09-01,694,1390,236,236,,,,
2011-09-02,62,186,57,101,,,,
2011-09-06,49,483,49,482,,,,
2011-09-07,1785,1855,1762,1855,,,,
2011-09-08,265,1009,214,258,,,,
2011-09-09,91,337,73,110,,,,
2011-09-12,157,1034,157,1034,,,,
2011-09-13,1350,1581,779,1554,,,,
2011-09-14,1549,1749,407,1589,,,,
2011-09-15,1657,1691,1028,1623,,,,
2011-09-16,1378,1515,663,996,,,,
2011-09-19,53,431,50,274,,,,
2011-09-20,1373,1591,520,520,,,,
2011-09-21,790,973,97,97,,,,
2011-09-22,27,185,27,132,,,,
2011-09-23,902,1532,864,1323,,,,
2011-09-26,1581,1628,547,1628,,,,
2011-09-27,1772,1862,1497,1632,,,,
2011-09-28,732,1181,107,107,,,,
2011-09-29,1809,1848,738,1469,,,,
2011-09-30,77,597,77,189,,,,
2011-10-03,227,1144,48,48,,,,
2011-10-04,203,1618,203,1615,,,,
2011-10-05,594,1503,555,1453,,,,
2011-10-06,853,1745,596,1745,,,,
2011-10-07,1088,1204,221,325,,,,
2011-10-10,1815,1892,1815,1892,,,,
2011-10-11,185,1088,185,1053,,,,
2011-10-12,1610,1764,1595,1617,,,,
2011-10-13,293,857,196,740,,,,
2011-10-14,1760,1760,1241,1684,,,,
2011-10-17,315,369,147,157,,,,
2011-10-18,1080,1763,311,1736,,,,
2011-10-19,575,1151,329,337,,,,
2011-10-20,808,1184,250,1149,,,,
2011-10-21,1747,1811,1517,1751,,,,
2011-10-24,1348,1765,1348,1747,,,,
2011-10-25,160,372,112,164,,,,
2011-10-26,1766,1766,705,1598,,,,
2011-10-27,1750,1854,1750,1823,,,,
2011-10-28,809,1215,809,828,,,,
2011-10-31,124,468,121,184,,,,
2011-11-01,25,202,25,125,,,,
2011-11-02,1740,1805,1438,1709,,,,
2011-11-03,1588,1628,605,1611,,,,
2011-11-04,210,689,155,637,,,,
2011-11-07,924,1201,285,1036,,,,
2011-11-08,1402,1510,415,1479,,,,
2011-11-09,36,119,31,52,,,,
2011-11-10,1752,1752,1001,1411,,,,
2011-11-11,1744,1817,1738,1780,,,,
2011-11-14,341,536,235,323,,,,
2011-11-15,406,1454,323,1319,,,,
2011-11-16,119,946,119,321,,,,
2011-11-17,620,1073,213,277,,,,
2011-11-18,1460,1460,781,1087,,,,
2011-11-21,48,169,39,144,,,,
2011-11-22,417,946,316,553,,,,
2011-11-23,100,146,60,89,,,,
2011-11-25,753,1541,604,604,,,,
2011-11-28,1817,1920,1817,1868,,,,
2011-11-29,758,1392,758,939,,,,
2011-11-30,1823,1899,1823,1856,,,,
2011-12-01,536,1214,536,653,,,,
2011-12-02,1691,1701,1084,1119,,,,
2011-12-05,1777,1796,1385,1570,,,,
2011-12-06,802,1243,434,901,,,,
2011-12-07,183,1114,176,992,,,,
2011-12-08,127,218,92,92,,,,
2011-12-09,1490,1814,1474,1798,,,,
2011-12-12,71,238,71,237,,,,
2011-12-13,1643,1656,232,282,,,,
2011-12-14,370,667,269,433,,,,
2011-12-15,1734,1734,1222,1301,,,,
2011-12-16,1645,1709,1049,1248,,,,
2011-12-19,1501,1501,206,222,,,,
2011-12-20,1840,1874,1840,1863,,,,
2011-12-21,384,1241,384,1235,,,,
2011-12-22,1251,1571,1238,1429,,,,
2011-12-23,1288,1393,1077,1388,,,,
2011-12-27,398,1169,398,1000,,,,
2011-12-28,371,389,118,144,,,,
2011-12-29,1404,1691,1404,1690,,,,
2011-12-30,596,1147,596,728,,,,
2012-01-03,1785,1811,1512,1558,,,,
2012-01-04,444,896,406,803,,,,
2012-01-05,280,1103,191,1095,,,,
2012-01-06,621,1001,342,702,,,,
2012-01-09,1222,1222,758,1144,,,,
2012-01-10,1744,1744,1518,1554,,,,
2012-01-11,370,1107,370,1072,,,,
2012-01-12,1278,1278,525,1151,,,,
2012-01-13,150,489,145,485,,,,
2012-01-17,1704,1713,1150,1216,,,,
2012-01-18,638,1638,638,1638,,,,
2012-01-19,1232,1334,1014,1212,,,,
2012-01-20,726,1092,726,1092,,,,
2012-01-23,1062,1493,759,1043,,,,
2012-01-24,245,1072,204,1071,,,,
2012-01-25,460,1506,423,1506,,,,
2012-01-26,1349,1364,688,798,,,,
2012-01-27,600,1196,600,1148,,,,
2012-01-30,106,626,106,510,,,,
2012-01-31,1592,1592,643,1018,,,,
2012-02-01,1631,1712,1521,1649,,,,
2012-02-02,1159,1329,898,1073,,,,
2012-02-03,1668,1670,1622,1635,,,,
2012-02-06,314,758,314,758,,,,
2012-02-07,594,1131,393,985,,,,
2012-02-08,1191,1441,595,1073,,,,
2012-02-09,1244,1244,518,902,,,,
2012-02-10,117,366,117,332,,,,
2012-02-13,1698,1698,1336,1518,,,,
2012-02-14,455,661,365,661,,,,
2012-02-15,1420,1420,556,659,,,,
2012-02-16,1051,1645,985,1645,,,,
2012-02-17,1395,1395,918,1041,,,,
2012-02-21,1231,1231,677,793,,,,
2012-02-22,704,895,512,620,,,,
2012-02-23,851,1419,625,1416,,,,
2012-02-24,1030,1179,870,901,,,,
2012-02-27,185,1021,171,856,,,,
2012-02-28,823,1126,615,816,,,,
2012-02-29,1233,1458,506,506,,,,
2012-03-01,1441,1561,1249,1288,,,,
2012-03-02,832,857,338,436,,,,
2012-03-05,461,894,410,853,,,,
2012-03-06,94,125,83,114,,,,
2012-03-07,1226,1594,1139,1563,,,,
2012-03-08,1643,1643,1064,1586,,,,
2012-03-09,987,1615,987,1462,,,,
2012-03-12,964,964,601,766,,,,
2012-03-13,1575,1748,1417,1747,,,,
2012-03-14,760,901,420,495,,,,
2012-03-15,825,1374,774,1374,,,,
2012-03-16,1146,1146,837,936,,,,
2012-03-19,620,1490,620,1220,,,,
2012-03-20,107,545,107,454,,,,
2012-03-21,1003,1214,691,851,,,,
2012-03-22,133,357,133,357,,,,
2012-03-23,884,1444,487,1438,,,,
2012-03-26,1791,1791,1541,1665,,,,
2012-03-27,1031,1056,577,577,,,,
2012-03-28,739,739,263,519,,,,
2012-03-29,185,856,162,732,,,,
2012-03-30,1611,1611,802,1087,,,,
2012-04-02,616,1606,616,1534,,,,
2012-04-03,652,841,403,596,,,,
2012-04-04,68,237,68,213,,,,
2012-04-05,485,1030,485,738,,,,
2012-04-09,67,257,67,188,,,,
2012-04-10,691,801,120,129,,,,
2012-04-11,1786,1824,1530,1643,,,,
2012-04-12,1104,1740,1104,1700,,,,
2012-04-13,371,476,245,275,,,,
2012-04-16,1636,1636,653,1065,,,,
2012-04-17,1736,1774,1545,1675,,,,
2012-04-18,245,638,245,503,,,,
2012-04-19,638,1388,493,693,,,,
2012-04-20,1610,1610,1272,1319,,,,
2012-04-23,64,282,54,272,,,,
2012-04-24,1160,1540,1005,1396,,,,
2012-04-25,1735,1764,1487,1609,,,,
2012-04-26,640,1397,640,1337,,,,
2012-04-27,1271,1395,648,1377,,,,
2012-04-30,507,661,308,619,,,,
2012-05-01,940,1663,795,1142,,,,
2012-05-02,307,826,307,826,,,,
2012-05-03,852,922,329,380,,,,
2012-05-04,395,416,230,284,,,,
2012-05-07,506,1149,506,1043,,,,
2012-05-08,218,717,218,713,,,,
2012-05-09,114,872,114,550,,,,
2012-05-10,1643,1643,1062,1197,,,,
2012-05-11,258,1183,258,708,,,,
2012-05-14,174,454,136,228,,,,
2012-05-15,967,1174,548,583,,,,
2012-05-16,1449,1543,515,515,,,,
2012-05-17,816,816,225,225,,,,
2012-05-18,1129,1313,386,465,,,,
2012-05-21,1343,1732,947,1729,,,,
2012-05-22,1081,1511,670,855,,,,
2012-05-23,300,1179,144,1131,,,,
2012-05-24,1199,1199,459,1067,,,,
2012-05-25,881,1065,699,880,,,,
2012-05-29,1688,1742,1341,1633,,,,
2012-05-30,112,183,87,129,,,,
2012-05-31,506,1093,267,893,,,,
2012-06-01,97,199,97,147,,,,
2012-06-04,1399,1399,397,798,,,,
2012-06-05,622,1533,622,1499,,,,
2012-06-06,1736,1860,1736,1842,,,,
2012-06-07,1770,1842,795,795,,,,
2012-06-08,332,1380,305,1378,,,,
2012-06-11,1598,1598,215,216,,,,
2012-06-12,1566,1623,847,1616,,,,
2012-06-13,343,1072,318,442,,,,
2012-06-14,1099,1562,975,1497,,,,
2012-06-15,1082,1510,1082,1472,,,,
2012-06-18,235,1190,235,1058,,,,
2012-06-19,1522,1798,1361,1696,,,,
2012-06-20,772,1084,594,821,,,,
2012-06-21,971,971,115,115,,,,
2012-06-22,1527,1527,1102,1389,,,,
2012-06-25,124,302,124,270,,,,
2012-06-26,1175,1397,684,1211,,,,
2012-06-27,1340,1582,1201,1537,,,,
2012-06-28,182,1089,182,1088,,,,
2012-06-29,1802,1871,1789,1818,,,,
2012-07-02,1085,1335,743,1335,,,,
2012-07-03,981,1566,981,1553,,,,
2012-07-05,586,906,394,718,,,,
2012-07-06,111,428,111,408,,,,
2012-07-09,631,731,326,704,,,,
2012-07-10,1652,1652,366,478,,,,
2012-07-11,896,1220,674,972,,,,
2012-07-12,142,860,115,637,,,,
2012-07-13,1574,1729,1574,1714,,,,
2012-07-16,440,820,298,679,,,,
2012-07-17,1604,1604,480,1325,,,,
2012-07-18,597,1345,597,1213,,,,
2012-07-19,1297,1367,761,954,,,,
2012-07-20,255,498,255,442,,,,
2012-07-23,73,331,73,259,,,,
2012-07-24,971,971,232,343,,,,
2012-07-25,1554,1559,759,988,,,,
2012-07-26,1689,1709,1347,1499,,,,
2012-07-27,1458,1789,1271,1766,,,,
2012-07-30,1168,1249,731,917,,,,
2012-07-31,853,1092,605,643,,,,
2012-08-01,1354,1354,542,543,,,,
2012-08-02,352,821,352,613,,,,
2012-08-03,1748,1814,1724,1739,,,,
2012-08-06,1191,1507,1191,1227,,,,
2012-08-07,1541,1541,1316,1321,,,,
2012-08-08,470,1064,470,940,,,,
2012-08-09,731,1268,731,1089,,,,
2012-08-10,387,1045,387,1044,,,,
2012-08-13,657,790,321,711,,,,
2012-08-14,1515,1515,729,873,,,,
2012-08-15,795,1348,795,1347,,,,
2012-08-16,987,1544,702,1505,,,,
2012-08-17,920,1267,879,1267,,,,
2012-08-20,580,830,377,830,,,,
2012-08-21,1481,1608,844,844,,,,
2012-08-22,388,800,385,730,,,,
2012-08-23,492,619,325,404,,,,
2012-08-24,640,1378,549,1262,,,,
2012-08-27,1282,1282,706,851,,,,
2012-08-28,753,1283,737,1063,,,,
2012-08-29,1001,1235,725,1069,,,,
2012-08-30,205,425,185,325,,,,
2012-08-31,1716,1716,1080,1371,,,,
2012-09-04,964,1273,488,1222,,,,
2012-09-05,1003,1003,636,861,,,,
2012-09-06,1732,1801,1665,1761,,,,
2012-09-07,1305,1396,1219,1321,,,,
2012-09-10,715,1052,700,702,,,,
2012-09-11,1065,1488,1065,1309,,,,
2012-09-12,1356,1366,888,1208,,,,
2012-09-13,683,1740,605,1680,,,,
2012-09-14,1498,1679,1372,1440,,,,
2012-09-17,490,605,398,512,,,,
2012-09-18,458,803,458,724,,,,
2012-09-19,1111,1266,892,1045,,,,
2012-09-20,292,711,250,683,,,,
2012-09-21,1647,1647,1073,1073,,,,
2012-09-24,443,1001,443,794,,,,
2012-09-25,1454,1454,261,261,,,,
2012-09-26,865,865,477,620,,,,
2012-09-27,1514,1652,1110,1550,,,,
2012-09-28,224,792,224,621,,,,
2012-10-01,1490,1598,1008,1133,,,,
2012-10-02,1507,1507,867,1113,,,,
2012-10-03,1134,1194,553,913,,,,
2012-10-04,1497,1545,1072,1542,,,,
2012-10-05,1577,1654,885,995,,,,
2012-10-08,289,730,289,652,,,,
2012-10-09,786,1018,384,389,,,,
2012-10-10,951,1019,545,696,,,,
2012-10-11,1675,1675,1250,1250,,,,
2012-10-12,966,1206,459,537,,,,
2012-10-15,1328,1447,735,1444,,,,
2012-10-16,1519,1604,1435,1554,,,,
2012-10-17,1009,1479,1009,1444,,,,
2012-10-18,710,1141,710,896,,,,
2012-10-19,277,484,169,241,,,,
2012-10-22,874,1068,565,940,,,,
2012-10-23,112,449,89,418,,,,
2012-10-24,1548,1548,736,801,,,,
2012-10-25,1704,1704,904,1226,,,,
2012-10-26,824,1004,400,672,,,,
2012-10-31,1139,1257,912,1209,,,,
2012-11-01,1166,1597,1166,1533,,,,
2012-11-02,1299,1299,443,447,,,,
2012-11-05,804,1164,649,1111,,,,
2012-11-06,1332,1569,1239,1517,,,,
2012-11-07,153,203,87,163,,,,
2012-11-08,903,1107,363,363,,,,
2012-11-09,579,1404,579,969,,,,
2012-11-12,1167,1167,762,849,,,,
2012-11-13,290,1227,290,653,,,,
2012-11-14,1282,1282,176,204,,,,
2012-11-15,987,1109,510,733,,,,
2012-11-16,781,1371,524,1355,,,,
2012-11-19,1780,1812,1720,1799,,,,
2012-11-20,533,1059,454,1026,,,,
2012-11-21,1028,1302,781,1301,,,,
2012-11-23,1534,1700,1423,1699,,,,
2012-11-26,425,914,425,914,,,,
2012-11-27,657,1138,657,700,,,,
2012-11-28,287,1384,241,1383,,,,
2012-11-29,1611,1629,1186,1483,,,,
2012-11-30,966,1107,712,1072,,,,
2012-12-03,1398,1398,666,740,,,,
2012-12-04,943,1327,673,988,,,,
2012-12-05,1177,1210,635,1010,,,,
2012-12-06,812,1073,726,1069,,,,
2012-12-07,1430,1430,867,1159,,,,
2012-12-10,955,1189,955,1163,,,,
2012-12-11,1480,1498,1168,1357,,,,
2012-12-12,1220,1300,792,841,,,,
2012-12-13,849,1029,398,544,,,,
2012-12-14,777,1126,777,919,,,,
2012-12-17,1364,1554,1276,1554,,,,
2012-12-18,1014,1653,1014,1652,,,,
2012-12-19,928,1203,810,845,,,,
2012-12-20,1022,1398,880,1395,,,,
2012-12-21,95,527,95,526,,,,
2012-12-24,550,709,527,671,,,,
2012-12-26,1121,1121,558,558,,,,
2012-12-27,885,1171,282,905,,,,
2012-12-28,240,758,240,415,,,,
2012-12-31,629,1872,629,1872,,,,
2013-01-02,1809,1919,1751,1847,,,,
2013-01-03,875,1354,846,995,,,,
2013-01-04,1225,1554,1225,1500,,,,
2013-01-07,444,757,444,754,,,,
2013-01-08,771,870,534,807,,,,
2013-01-09,1335,1427,1202,1303,,,,
2013-01-10,1440,1440,940,1273,,,,
2013-01-11,954,954,614,940,,,,
2013-01-14,976,1010,756,1010,,,,
2013-01-15,342,1264,342,1264,,,,
2013-01-16,434,813,434,741,,,,
2013-01-17,1575,1608,1437,1542,,,,
2013-01-18,1035,1221,763,1219,,,,
2013-01-22,950,1461,896,1458,,,,
2013-01-23,829,830,601,790,,,,
2013-01-24,1236,1468,954,1131,,,,
2013-01-25,1296,1320,883,1299,,,,
2013-01-28,942,991,525,935,,,,
2013-01-29,918,1255,852,1254,,,,
2013-01-30,765,885,487,538,,,,
2013-01-31,650,1187,650,1087,,,,
2013-02-01,1540,1608,1442,1543,,,,
2013-02-04,293,497,293,313,,,,
2013-02-05,1491,1545,1422,1477,,,,
2013-02-06,400,1209,400,1209,,,,
2013-02-07,927,927,372,765,,,,
2013-02-08,1172,1377,1172,1374,,,,
2013-02-11,827,882,617,872,,,,
2013-02-12,1038,1370,1038,1300,,,,
2013-02-13,1230,1342,936,1167,,,,
2013-02-14,493,1048,493,1008,,,,
2013-02-15,1053,1091,735,899,,,,
2013-02-19,1182,1422,1182,1413,,,,
2013-02-20,785,785,247,247,,,,
2013-02-21,440,606,331,451,,,,
2013-02-22,1639,1639,1326,1601,,,,
2013-02-25,1520,1520,210,212,,,,
2013-02-26,1513,1513,869,1334,,,,
2013-02-27,956,1682,956,1603,,,,
2013-02-28,800,1373,800,988,,,,
2013-03-01,285,1041,285,1041,,,,
2013-03-04,567,1102,567,1101,,,,
2013-03-05,1569,1692,1553,1586,,,,
2013-03-06,1274,1274,908,1064,,,,
2013-03-07,1117,1235,1039,1194,,,,
2013-03-08,1603,1603,1120,1444,,,,
2013-03-11,598,1101,585,1098,,,,
2013-03-12,710,972,592,737,,,,
2013-03-13,965,1148,682,1140,,,,
2013-03-14,1241,1494,1241,1494,,,,
2013-03-15,739,1011,658,944,,,,
2013-03-18,156,765,156,551,,,,
2013-03-19,1310,1310,429,766,,,,
2013-03-20,1598,1598,1391,1511,,,,
2013-03-21,416,752,416,492,,,,
2013-03-22,1442,1483,1143,1256,,,,
2013-03-25,1397,1535,554,818,,,,
2013-03-26,1479,1479,1159,1385,,,,
2013-03-27,168,991,168,948,,,,
2013-03-28,1207,1288,968,1249,,,,
2013-04-01,763,764,261,422,,,,
2013-04-02,1527,1527,759,859,,,,
2013-04-03,1027,1027,252,297,,,,
2013-04-04,993,1309,967,1305,,,,
2013-04-05,82,840,82,835,,,,
2013-04-08,1045,1496,751,1496,,,,
2013-04-09,1237,1312,808,1065,,,,
2013-04-10,1452,1645,1378,1617,,,,
2013-04-11,898,1393,898,1204,,,,
2013-04-12,325,612,313,610,,,,
2013-04-15,188,206,57,59,,,,
2013-04-16,1632,1763,1522,1758,,,,
2013-04-17,233,233,97,170,,,,
2013-04-18,1183,1183,445,796,,,,
2013-04-19,1335,1560,995,1553,,,,
2013-04-22,1189,1233,342,1107,,,,
2013-04-23,1467,1660,1456,1636,,,,
2013-04-24,1243,1353,996,1339,,,,
2013-04-25,1350,1551,1262,1302,,,,
2013-04-26,721,820,423,604,,,,
2013-04-29,1400,1578,1301,1509,,,,
2013-04-30,896,1327,628,1326,,,,
2013-05-01,461,461,242,257,,,,
2013-05-02,1419,1560,1259,1511,,,,
2013-05-03,1706,1765,1573,1576,,,,
2013-05-06,962,1244,962,1190,,,,
2013-05-07,1216,1468,1152,1468,,,,
2013-05-08,773,1307,773,1305,,,,
2013-05-09,789,928,516,618,,,,
2013-05-10,1124,1334,1007,1333,,,,
2013-05-13,620,867,433,754,,,,
2013-05-14,1176,1561,1176,1528,,,,
2013-05-15,582,1323,582,1236,,,,
2013-05-16,578,1008,535,626,,,,
2013-05-17,1495,1571,1349,1569,,,,
2013-05-20,818,1322,818,1098,,,,
2013-05-21,1189,1189,751,1034,,,,
2013-05-22,972,1641,240,312,,,,
2013-05-23,181,860,174,834,,,,
2013-05-24,281,822,252,818,,,,
2013-05-28,1754,1811,1263,1385,,,,
2013-05-29,257,511,218,429,,,,
2013-05-30,1059,1451,1059,1225,,,,
2013-05-31,238,892,238,312,,,,
2013-06-03,1102,1174,646,1174,,,,
2013-06-04,1161,1306,360,546,,,,
2013-06-05,490,595,219,221,,,,
2013-06-06,872,1622,816,1621,,,,
2013-06-07,1347,1514,1049,1470,,,,
2013-06-10,1166,1166,585,1065,,,,
2013-06-11,72,482,68,252,,,,
2013-06-12,1648,1648,355,382,,,,
2013-06-13,703,1759,703,1757,,,,
2013-06-14,829,1234,517,622,,,,
2013-06-17,1759,1782,1203,1432,,,,
2013-06-18,1206,1556,1041,1524,,,,
2013-06-19,727,791,243,244,,,,
2013-06-20,47,156,42,81,,,,
2013-06-21,1518,1518,529,1051,,,,
2013-06-24,84,560,55,283,,,,
2013-06-25,1729,1763,1437,1678,,,,
2013-06-26,1688,1688,1204,1357,,,,
2013-06-27,1711,1772,1668,1672,,,,
2013-06-28,473,1172,473,893,,,,
2013-07-01,1665,1676,1416,1463,,,,
2013-07-02,872,1282,565,825,,,,
2013-07-03,315,1046,315,911,,,,
2013-07-05,1513,1513,938,1483,,,,
2013-07-08,1532,1598,1269,1326,,,,
2013-07-09,1618,1618,1302,1563,,,,
2013-07-10,964,1115,769,1069,,,,
2013-07-11,1805,1846,1583,1715,,,,
2013-07-12,850,1064,710,1045,,,,
2013-07-15,1232,1333,977,1285,,,,
2013-07-16,1003,1003,519,649,,,,
2013-07-17,1498,1503,1157,1250,,,,
2013-07-18,1382,1672,1382,1494,,,,
2013-07-19,672,1090,650,1089,,,,
2013-07-22,1054,1351,1030,1240,,,,
2013-07-23,1322,1322,831,979,,,,
2013-07-24,1142,1142,424,492,,,,
2013-07-25,684,1353,684,1353,,,,
2013-07-26,321,813,321,812,,,,
2013-07-29,660,835,457,570,,,,
2013-07-30,1439,1439,831,1036,,,,
2013-07-31,1289,1427,1013,1013,,,,
2013-08-01,1672,1695,1490,1531,,,,
2013-08-02,630,954,572,954,,,,
2013-08-05,672,1033,638,964,,,,
2013-08-06,618,618,319,449,,,,
2013-08-07,346,619,340,540,,,,
2013-08-08,1583,1583,1097,1378,,,,
2013-08-09,717,1117,682,947,,,,
2013-08-12,421,1074,421,1038,,,,
2013-08-13,970,980,512,915,,,,
2013-08-14,920,946,673,677,,,,
2013-08-15,135,333,135,309,,,,
2013-08-16,575,1095,575,768,,,,
2013-08-19,597,848,382,382,,,,
2013-08-20,1035,1707,1035,1588,,,,
2013-08-21,301,976,301,416,,,,
2013-08-22,1368,1748,1368,1718,,,,
2013-08-23,1159,1276,788,1275,,,,
2013-08-26,915,1259,738,778,,,,
2013-08-27,165,327,165,214,,,,
2013-08-28,780,1342,780,1064,,,,
2013-08-29,752,1512,752,1308,,,,
2013-08-30,811,830,295,375,,,,
2013-09-03,1775,1775,908,1186,,,,
2013-09-04,854,1508,854,1472,,,,
2013-09-05,1087,1273,1048,1110,,,,
2013-09-06,1599,1599,579,1106,,,,
2013-09-09,1530,1767,1469,1767,,,,
2013-09-10,1514,1514,1251,1417,,,,
2013-09-11,783,1169,657,1123,,,,
2013-09-12,801,881,525,531,,,,
2013-09-13,1195,1261,927,1233,,,,
2013-09-16,1800,1800,1306,1358,,,,
2013-09-17,1051,1416,1051,1416,,,,
2013-09-18,838,1765,573,1677,,,,
2013-09-19,1344,1344,747,835,,,,
2013-09-20,1147,1147,480,521,,,,
2013-09-23,645,904,593,793,,,,
2013-09-24,856,1400,581,1034,,,,
2013-09-25,990,1383,886,956,,,,
2013-09-26,1316,1591,967,1250,,,,
2013-09-27,296,632,296,575,,,,
2013-09-30,162,864,162,760,,,,
2013-10-01,1289,1686,1289,1607,,,,
2013-10-02,289,870,289,827,,,,
2013-10-03,691,691,198,371,,,,
2013-10-04,876,1504,876,1414,,,,
2013-10-07,170,655,170,444,,,,
2013-10-08,882,1078,272,272,,,,
2013-10-09,1118,1236,600,985,,,,
2013-10-10,1734,1895,1734,1868,,,,
2013-10-11,689,1612,689,1609,,,,
2013-10-14,220,1318,220,1296,,,,
2013-10-15,483,787,399,435,,,,
2013-10-16,1629,1745,1504,1660,,,,
2013-10-17,605,1640,605,1637,,,,
2013-10-18,1489,1489,1099,1477,,,,
2013-10-21,769,960,760,896,,,,
2013-10-22,1516,1721,1284,1409,,,,
2013-10-23,392,733,392,706,,,,
2013-10-24,1195,1313,993,1270,,,,
2013-10-25,1153,1153,845,1132,,,,
2013-10-28,817,967,647,874,,,,
2013-10-29,1244,1255,922,1224,,,,
2013-10-30,1128,1128,364,472,,,,
2013-10-31,812,1141,608,728,,,,
2013-11-01,916,1110,586,961,,,,
2013-11-04,1438,1456,1106,1456,,,,
2013-11-05,364,736,289,621,,,,
2013-11-06,1521,1542,987,1079,,,,
2013-11-07,1169,1221,247,247,,,,
2013-11-08,948,1471,948,1469,,,,
2013-11-11,743,1110,743,1054,,,,
2013-11-12,502,837,502,808,,,,
2013-11-13,400,1559,400,1558,,,,
2013-11-14,1126,1346,888,1308,,,,
2013-11-15,1089,1335,897,1335,,,,
2013-11-18,1298,1298,598,651,,,,
2013-11-19,769,1051,431,549,,,,
2013-11-20,1317,1466,582,742,,,,
2013-11-21,1429,1660,1378,1650,,,,
2013-11-22,958,1289,760,1273,,,,
2013-11-25,1133,1133,814,861,,,,
2013-11-26,892,1235,862,1087,,,,
2013-11-27,1077,1297,1044,1297,,,,
2013-11-29,1199,1390,1028,1032,,,,
2013-12-02,754,950,558,594,,,,
2013-12-03,514,940,513,726,,,,
2013-12-04,396,1193,396,878,,,,
2013-12-05,608,943,544,827,,,,
2013-12-06,1777,1777,1508,1531,,,,
2013-12-09,1165,1198,859,1038,,,,
2013-12-10,801,1060,658,659,,,,
2013-12-11,846,846,232,257,,,,
2013-12-12,850,1113,687,894,,,,
2013-12-13,1406,1406,886,1133,,,,
2013-12-16,1532,1699,1401,1462,,,,
2013-12-17,744,952,541,855,,,,
2013-12-18,1040,1688,745,1687,,,,
2013-12-19,557,795,502,717,,,,
2013-12-20,1293,1644,1293,1579,,,,
2013-12-23,1531,1542,1386,1436,,,,
2013-12-24,1091,1517,1091,1497,,,,
2013-12-26,1410,1500,1120,1182,,,,
2013-12-27,1226,1226,876,1101,,,,
2013-12-30,986,1118,937,1035,,,,
2013-12-31,1281,1455,1199,1368,,,,
2014-01-02,440,541,304,419,,,,
2014-01-03,1241,1442,1001,1213,,,,
2014-01-06,1326,1326,648,672,,,,
2014-01-07,1388,1575,1271,1387,,,,
2014-01-08,705,916,495,819,,,,
2014-01-09,1283,1283,594,974,,,,
2014-01-10,1208,1368,1009,1368,,,,
2014-01-13,786,858,305,368,,,,
2014-01-14,1499,1623,1310,1604,,,,
2014-01-15,1176,1405,1176,1325,,,,
2014-01-16,894,1054,732,1053,,,,
2014-01-17,898,955,624,708,,,,
2014-01-21,1618,1618,971,1295,,,,
2014-01-22,1192,1246,932,1236,,,,
2014-01-23,371,529,357,527,,,,
2014-01-24,215,231,119,138,,,,
2014-01-27,967,1236,259,475,,,,
2014-01-28,1341,1618,1330,1568,,,,
2014-01-29,247,631,247,370,,,,
2014-01-30,1686,1753,1504,1602,,,,
2014-01-31,156,950,156,662,,,,
2014-02-03,738,739,102,119,,,,
2014-02-04,1436,1558,993,1439,,,,
2014-02-05,468,834,280,716,,,,
2014-02-06,1465,1732,1465,1654,,,,
2014-02-07,1562,1698,1182,1591,,,,
2014-02-10,670,1051,646,1049,,,,
2014-02-11,1137,1695,1137,1637,,,,
2014-02-12,1253,1454,985,1143,,,,
2014-02-13,321,1602,321,1548,,,,
2014-02-14,945,1336,687,1313,,,,
2014-02-18,1229,1393,1030,1333,,,,
2014-02-19,624,1217,486,518,,,,
2014-02-20,1283,1488,1062,1465,,,,
2014-02-21,1186,1323,1022,1035,,,,
2014-02-24,1402,1688,1334,1334,,,,
2014-02-25,942,1156,658,837,,,,
2014-02-26,1226,1408,916,1191,,,,
2014-02-27,778,1280,778,1280,,,,
2014-02-28,1142,1461,987,1184,,,,
2014-03-03,408,717,297,591,,,,
2014-03-04,1846,1873,1780,1806,,,,
2014-03-05,675,966,675,920,,,,
2014-03-06,1327,1327,1152,1207,,,,
2014-03-07,1191,1191,721,944,,,,
2014-03-10,603,777,389,770,,,,
2014-03-11,1062,1221,399,521,,,,
2014-03-12,323,1014,323,1014,,,,
2014-03-13,1322,1322,322,395,,,,
2014-03-14,862,1517,862,1171,,,,
2014-03-17,1675,1785,1415,1511,,,,
2014-03-18,1069,1675,1069,1632,,,,
2014-03-19,881,973,363,468,,,,
2014-03-20,640,1168,464,1124,,,,
2014-03-21,1538,1619,1080,1100,,,,
2014-03-24,1466,1466,354,577,,,,
2014-03-25,1786,1786,984,1186,,,,
2014-03-26,1645,1645,423,423,,,,
2014-03-27,899,1296,790,1035,,,,
2014-03-28,1386,1834,1386,1485,,,,
2014-03-31,1563,1723,1495,1670,,,,
2014-04-01,1333,1507,1181,1505,,,,
2014-04-02,910,1325,910,1303,,,,
2014-04-03,969,969,571,723,,,,
2014-04-04,1425,1618,448,497,,,,
2014-04-07,617,716,352,378,,,,
2014-04-08,1072,1614,888,1473,,,,
2014-04-09,1338,1579,929,1557,,,,
2014-04-10,690,1058,152,190,,,,
2014-04-11,319,799,319,397,,,,
2014-04-14,1687,1755,907,1443,,,,
2014-04-15,1083,1530,433,1230,,,,
2014-04-16,1688,1700,1346,1677,,,,
2014-04-17,800,1370,773,1273,,,,
2014-04-21,941,1238,770,1194,,,,
2014-04-22,1157,1583,1050,1501,,,,
2014-04-23,866,1089,676,796,,,,
2014-04-24,872,1199,788,960,,,,
2014-04-25,471,523,324,422,,,,
2014-04-28,1372,1487,452,913,,,,
2014-04-29,1562,1615,1194,1231,,,,
2014-04-30,627,1332,530,1311,,,,
2014-05-01,674,1225,595,1056,,,,
2014-05-02,1088,1587,1088,1229,,,,
2014-05-05,245,949,245,899,,,,
2014-05-06,582,888,440,456,,,,
2014-05-07,1065,1288,593,1288,,,,
2014-05-08,798,1509,639,727,,,,
2014-05-09,832,1197,556,1195,,,,
2014-05-12,1695,1851,1695,1762,,,,
2014-05-13,1066,1181,739,745,,,,
2014-05-14,660,823,558,570,,,,
2014-05-15,310,463,179,463,,,,
2014-05-16,753,1393,665,1390,,,,
2014-05-19,658,1466,658,1364,,,,
2014-05-20,596,596,292,387,,,,
2014-05-21,1574,1605,1043,1404,,,,
2014-05-22,1045,1614,1045,1387,,,,
2014-05-23,1255,1541,1195,1520,,,,
2014-05-27,1676,1676,1393,1489,,,,
2014-05-28,811,1033,608,872,,,,
2014-05-29,1383,1426,835,1327,,,,
2014-05-30,922,1095,768,991,,,,
2014-06-02,1150,1150,568,999,,,,
2014-06-03,482,1011,482,902,,,,
2014-06-04,607,1276,500,1264,,,,
2014-06-05,1342,1760,769,1709,,,,
2014-06-06,1395,1659,1395,1537,,,,
2014-06-09,1051,1499,1051,1270,,,,
2014-06-10,689,804,506,803,,,,
2014-06-11,422,646,356,598,,,,
2014-06-12,703,780,519,675,,,,
2014-06-13,1082,1295,635,1210,,,,
2014-06-16,761,1126,717,1037,,,,
2014-06-17,584,1431,584,1366,,,,
2014-06-18,851,1515,760,1508,,,,
2014-06-19,1250,1395,934,1152,,,,
2014-06-20,1235,1235,982,1187,,,,
2014-06-23,1088,1146,809,896,,,,
2014-06-24,737,1461,534,535,,,,
2014-06-25,789,1457,789,1453,,,,
2014-06-26,744,905,350,904,,,,
2014-06-27,652,1425,652,1388,,,,
2014-06-30,678,1256,610,1254,,,,
2014-07-01,1542,1648,1420,1443,,,,
2014-07-02,872,1018,759,795,,,,
2014-07-03,1367,1436,1201,1436,,,,
2014-07-07,451,477,349,389,,,,
2014-07-08,502,669,350,591,,,,
2014-07-09,1420,1420,964,1214,,,,
2014-07-10,118,678,118,535,,,,
2014-07-11,835,975,538,900,,,,
2014-07-14,1648,1679,1419,1451,,,,
2014-07-15,1106,1331,387,679,,,,
2014-07-16,1629,1629,872,1172,,,,
2014-07-17,387,870,261,275,,,,
2014-07-18,1393,1835,1390,1813,,,,
2014-07-21,353,756,304,673,,,,
2014-07-22,1648,1684,1453,1497,,,,
2014-07-23,921,1252,762,1037,,,,
2014-07-24,1291,1352,903,971,,,,
2014-07-25,348,623,348,551,,,,
2014-07-28,878,946,489,858,,,,
2014-07-29,1043,1315,693,693,,,,
2014-07-30,1558,1558,764,940,,,,
2014-07-31,157,312,142,183,,,,
2014-08-01,847,1199,468,810,,,,
2014-08-04,1245,1535,678,1503,,,,
2014-08-05,353,1004,353,572,,,,
2014-08-06,407,1435,407,1198,,,,
2014-08-07,1442,1442,522,700,,,,
2014-08-08,1192,1656,958,1653,,,,
2014-08-11,1588,1837,1506,1537,,,,
2014-08-12,658,1075,525,708,,,,
2014-08-13,1566,1622,1365,1491,,,,
2014-08-14,1366,1368,1193,1323,,,,
2014-08-15,1678,1678,480,944,,,,
2014-08-18,1739,1762,1644,1729,,,,
2014-08-19,1378,1488,1317,1331,,,,
2014-08-20,479,1119,479,1021,,,,
2014-08-21,1122,1309,688,1256,,,,
2014-08-22,631,944,470,749,,,,
2014-08-25,1581,1581,1130,1281,,,,
2014-08-26,1218,1517,1218,1335,,,,
2014-08-27,1206,1206,903,1029,,,,
2014-08-28,317,845,317,719,,,,
2014-08-29,1223,1559,868,1555,,,,
2014-09-02,1214,1257,840,1119,,,,
2014-09-03,1641,1641,825,881,,,,
2014-09-04,1161,1506,634,772,,,,
2014-09-05,777,1365,687,1363,,,,
2014-09-08,776,1059,567,805,,,,
2014-09-09,536,623,348,418,,,,
2014-09-10,936,1118,604,1118,,,,
2014-09-11,498,1278,498,1243,,,,
2014-09-12,705,705,342,437,,,,
2014-09-15,785,785,436,619,,,,
2014-09-16,1188,1561,903,1452,,,,
2014-09-17,1183,1459,922,951,,,,
2014-09-18,1431,1431,1107,1210,,,,
2014-09-19,1423,1423,481,640,,,,
2014-09-22,361,402,193,251,,,,
2014-09-23,514,1037,437,444,,,,
2014-09-24,1103,1449,722,1336,,,,
2014-09-25,380,380,119,201,,,,
2014-09-26,1141,1634,1141,1633,,,,
2014-09-29,124,765,124,755,,,,
2014-09-30,420,956,420,474,,,,
2014-10-01,601,871,288,367,,,,
2014-10-02,1032,1437,424,1267,,,,
2014-10-03,1580,1634,1394,1450,,,,
2014-10-06,1579,1579,693,848,,,,
2014-10-07,214,760,214,249,,,,
2014-10-08,865,1733,528,1733,,,,
2014-10-09,670,670,145,156,,,,
2014-10-10,1254,1254,431,431,,,,
2014-10-13,1437,1437,687,687,,,,
2014-10-14,1551,1847,1273,1416,,,,
2014-10-15,118,1196,118,1070,,,,
2014-10-16,115,1640,115,1431,,,,
2014-10-17,1769,1769,1182,1305,,,,
2014-10-20,980,1635,980,1634,,,,
2014-10-21,1588,1823,1588,1821,,,,
2014-10-22,1179,1381,443,447,,,,
2014-10-23,1732,1873,1681,1733,,,,
2014-10-24,1019,1279,844,1275,,,,
2014-10-27,465,875,306,869,,,,
2014-10-28,1654,1903,1614,1902,,,,
2014-10-29,992,1293,536,788,,,,
2014-10-30,605,1496,600,1378,,,,
2014-10-31,1599,1715,1498,1714,,,,
2014-11-03,1144,1273,852,944,,,,
2014-11-04,719,907,457,732,,,,
2014-11-05,1186,1371,1099,1266,,,,
2014-11-06,879,1233,844,1231,,,,
2014-11-07,886,1273,828,1234,,,,
2014-11-10,1235,1352,1066,1229,,,,
2014-11-11,919,1066,721,1003,,,,
2014-11-12,528,1129,528,1098,,,,
2014-11-13,1161,1161,577,650,,,,
2014-11-14,1024,1255,898,1062,,,,
2014-11-17,808,1025,739,903,,,,
2014-11-18,1389,1611,1352,1352,,,,
2014-11-19,467,851,391,681,,,,
2014-11-20,623,1504,623,1495,,,,
2014-11-21,1902,1923,1314,1422,,,,
2014-11-24,1432,1432,1204,1348,,,,
2014-11-25,1271,1281,786,1020,,,,
2014-11-26,947,1158,860,1156,,,,
2014-11-28,873,1059,704,708,,,,
2014-12-01,414,597,351,423,,,,
2014-12-02,1198,1658,1198,1445,,,,
2014-12-03,985,1652,985,1538,,,,
2014-12-04,694,910,458,779,,,,
2014-12-05,1215,1344,1055,1166,,,,
2014-12-08,634,1093,388,507,,,,
2014-12-09,264,1465,264,1465,,,,
2014-12-10,434,533,201,201,,,,
2014-12-11,1713,1835,1158,1233,,,,
2014-12-12,236,645,236,329,,,,
2014-12-15,1597,1622,416,512,,,,
2014-12-16,502,1774,502,964,,,,
2014-12-17,1366,2008,1366,2002,,,,
2014-12-18,1798,1921,1483,1785,,,,
2014-12-19,1130,1475,992,1299,,,,
2014-12-22,1229,1315,1015,1314,,,,
2014-12-23,1411,1570,1382,1435,,,,
2014-12-24,1133,1255,915,1034,,,,
2014-12-26,1641,1662,1395,1403,,,,
2014-12-29,1005,1437,1005,1193,,,,
2014-12-30,680,916,680,717,,,,
2014-12-31,1202,1352,522,526,,,,
2015-01-02,1598,1598,601,1013,,,,
2015-01-05,280,537,280,361,,,,
2015-01-06,1159,1159,306,450,,,,
2015-01-07,1641,1701,1261,1538,,,,
2015-01-08,1720,1826,1715,1765,,,,
2015-01-09,848,848,373,599,,,,
2015-01-12,882,882,374,684,,,,
2015-01-13,1791,1791,463,984,,,,
2015-01-14,191,827,191,827,,,,
2015-01-15,1433,1433,497,568,,,,
2015-01-16,1066,1826,1066,1826,,,,
2015-01-20,1279,1279,438,757,,,,
2015-01-21,643,1522,643,1317,,,,
2015-01-22,1642,1739,1179,1739,,,,
2015-01-23,849,1012,757,760,,,,
2015-01-26,745,1563,645,1561,,,,
2015-01-27,276,915,276,743,,,,
2015-01-28,1272,1272,244,261,,,,
2015-01-29,1131,1470,591,1469,,,,
2015-01-30,283,769,283,501,,,,
2015-02-02,1233,1588,749,1586,,,,
2015-02-03,1647,1873,1636,1872,,,,
2015-02-04,517,1042,517,733,,,,
2015-02-05,1456,1774,1456,1753,,,,
2015-02-06,995,1170,791,864,,,,
2015-02-09,835,1194,726,748,,,,
2015-02-10,1403,1403,726,1250,,,,
2015-02-11,805,946,574,881,,,,
2015-02-12,1632,1766,1557,1744,,,,
2015-02-13,1163,1409,1153,1360,,,,
2015-02-17,835,1248,772,1092,,,,
2015-02-18,729,1185,729,1185,,,,
2015-02-19,529,1047,529,922,,,,
2015-02-20,958,1333,471,1330,,,,
2015-02-23,697,885,521,885,,,,
2015-02-24,993,1301,976,1173,,,,
2015-02-25,1023,1190,886,1082,,,,
2015-02-26,861,1000,664,897,,,,
2015-02-27,1075,1191,816,909,,,,
2015-03-02,1002,1361,1002,1309,,,,
2015-03-03,588,766,496,730,,,,
2015-03-04,414,679,278,622,,,,
2015-03-05,935,1261,877,1112,,,,
2015-03-06,401,669,337,359,,,,
2015-03-09,1287,1323,1084,1150,,,,
2015-03-10,190,436,190,338,,,,
2015-03-11,1084,1317,836,1244,,,,
2015-03-12,1784,1800,1611,1686,,,,
2015-03-13,441,619,268,590,,,,
2015-03-16,1412,1452,1294,1451,,,,
2015-03-17,434,1147,434,1071,,,,
2015-03-18,497,1805,486,1738,,,,
2015-03-19,469,838,469,707,,,,
2015-03-20,1740,1774,1667,1691,,,,
2015-03-23,1172,1423,1168,1168,,,,
2015-03-24,794,1075,708,850,,,,
2015-03-25,1221,1221,401,401,,,,
2015-03-26,828,1086,637,819,,,,
2015-03-27,952,1186,802,1185,,,,
2015-03-30,1630,1712,1566,1661,,,,
2015-03-31,356,916,356,771,,,,
2015-04-01,895,1164,639,1073,,,,
2015-04-02,1171,1753,1171,1456,,,,
2015-04-06,889,1680,889,1593,,,,
2015-04-07,1004,1166,765,766,,,,
2015-04-08,1390,1497,978,1252,,,,
2015-04-09,1152,1152,582,979,,,,
2015-04-10,1363,1408,1191,1266,,,,
2015-04-13,981,1215,768,768,,,,
2015-04-14,1305,1346,873,1269,,,,
2015-04-15,1518,1585,1388,1390,,,,
2015-04-16,636,1081,602,878,,,,
2015-04-17,201,296,188,293,,,,
2015-04-20,1593,1671,1502,1539,,,,
2015-04-21,1342,1342,906,925,,,,
2015-04-22,1055,1291,679,1279,,,,
2015-04-23,905,1522,905,1396,,,,
2015-04-24,1013,1114,926,1050,,,,
2015-04-27,1365,1563,699,744,,,,
2015-04-28,1002,1370,660,1370,,,,
2015-04-29,398,803,398,660,,,,
2015-04-30,607,607,306,418,,,,
2015-05-01,1508,1508,1135,1433,,,,
2015-05-04,1458,1679,1228,1281,,,,
2015-05-05,1047,1100,332,405,,,,
2015-05-06,1517,1517,554,887,,,,
2015-05-07,798,1306,746,1178,,,,
2015-05-08,1801,1801,1576,1637,,,,
2015-05-11,1052,1285,855,863,,,,
2015-05-12,391,937,334,843,,,,
2015-05-13,1535,1535,866,1040,,,,
2015-05-14,1573,1719,1402,1574,,,,
2015-05-15,1036,1136,630,1134,,,,
2015-05-18,710,1362,710,1320,,,,
2015-05-19,842,939,659,840,,,,
2015-05-20,1023,1284,823,1054,,,,
2015-05-21,943,1240,926,1064,,,,
2015-05-22,612,950,590,664,,,,
2015-05-26,402,402,232,263,,,,
2015-05-27,1023,1587,1023,1587,,,,
2015-05-28,632,867,371,867,,,,
2015-05-29,716,751,347,570,,,,
2015-06-01,1356,1368,664,1097,,,,
2015-06-02,752,1493,752,1283,,,,
2015-06-03,907,1408,907,1222,,,,
2015-06-04,337,574,249,329,,,,
2015-06-05,450,1189,383,1167,,,,
2015-06-08,723,868,549,549,,,,
2015-06-09,1160,1175,682,861,,,,
2015-06-10,1731,1921,1731,1750,,,,
2015-06-11,1300,1362,1053,1214,,,,
2015-06-12,436,715,367,647,,,,
2015-06-15,169,729,169,605,,,,
2015-06-16,661,1399,661,1357,,,,
2015-06-17,1476,1476,671,1143,,,,
2015-06-18,1527,1732,1486,1589,,,,
2015-06-19,769,1054,752,771,,,,
2015-06-22,1573,1615,1351,1351,,,,
2015-06-23,1106,1247,1020,1226,,,,
2015-06-24,801,918,440,440,,,,
2015-06-25,1131,1131,657,776,,,,
2015-06-26,968,1254,806,1046,,,,
2015-06-29,338,455,95,96,,,,
2015-06-30,1735,1735,953,1195,,,,
2015-07-01,1561,1568,1066,1254,,,,
2015-07-02,1274,1294,744,886,,,,
2015-07-06,243,913,243,733,,,,
2015-07-07,773,1248,308,1230,,,,
2015-07-08,254,422,150,226,,,,
2015-07-09,1911,1924,1238,1238,,,,
2015-07-10,1816,1890,1687,1749,,,,
2015-07-13,1645,1707,1509,1610,,,,
2015-07-14,893,1450,893,1351,,,,
2015-07-15,769,772,492,613,,,,
2015-07-16,1549,1652,1327,1390,,,,
2015-07-17,775,775,438,586,,,,
2015-07-20,848,848,523,655,,,,
2015-07-21,1413,1413,740,776,,,,
2015-07-22,702,1119,702,992,,,,
2015-07-23,1173,1173,492,534,,,,
2015-07-24,660,775,392,440,,,,
2015-07-27,405,690,405,520,,,,
2015-07-28,1332,1670,898,1633,,,,
2015-07-29,1013,1651,1013,1619,,,,
2015-07-30,629,1028,576,1028,,,,
2015-07-31,1299,1542,1206,1206,,,,
2015-08-03,897,897,498,719,,,,
2015-08-04,1071,1388,831,924,,,,
2015-08-05,1663,1663,1100,1113,,,,
2015-08-06,915,915,579,819,,,,
2015-08-07,513,891,513,819,,,,
2015-08-10,1722,1782,1672,1715,,,,
2015-08-11,352,638,352,638,,,,
2015-08-12,321,1000,321,995,,,,
2015-08-13,934,1137,494,833,,,,
2015-08-14,930,1501,930,1498,,,,
2015-08-17,372,1420,372,1417,,,,
2015-08-18,638,740,553,675,,,,
2015-08-19,218,764,202,423,,,,
2015-08-20,211,509,211,220,,,,
2015-08-21,237,534,183,243,,,,
2015-08-24,18,436,18,85,,,,
2015-08-25,1773,1946,707,707,,,,
2015-08-26,1723,1871,1160,1867,,,,
2015-08-27,1876,2012,1564,1953,,,,
2015-08-28,730,1457,730,1367,,,,
2015-08-31,369,1097,324,863,,,,
2015-09-01,63,183,63,97,,,,
2015-09-02,1821,1821,967,1641,,,,
2015-09-03,1383,1876,1271,1362,,,,
2015-09-04,110,416,110,341,,,,
2015-09-08,1771,1933,1771,1811,,,,
2015-09-09,1786,1786,397,397,,,,
2015-09-10,1041,1546,809,1158,,,,
2015-09-11,330,1178,330,1175,,,,
2015-09-14,777,789,488,677,,,,
2015-09-15,1202,1727,1191,1686,,,,
2015-09-16,1398,1766,1313,1729,,,,
2015-09-17,857,1766,857,1128,,,,
2015-09-18,142,622,142,413,,,,
2015-09-21,1640,1756,1243,1306,,,,
2015-09-22,91,326,91,218,,,,
2015-09-23,1215,1275,577,738,,,,
2015-09-24,367,877,252,873,,,,
2015-09-25,1639,1639,746,903,,,,
2015-09-28,278,335,119,127,,,,
2015-09-29,1052,1506,763,1012,,,,
2015-09-30,1829,1844,1356,1751,,,,
2015-10-01,1398,1398,488,1017,,,,
2015-10-02,258,1744,258,1739,,,,
2015-10-05,1867,1995,1867,1982,,,,
2015-10-06,785,1325,785,1003,,,,
2015-10-07,1725,1833,1305,1735,,,,
2015-10-08,640,1736,640,1678,,,,
2015-10-09,1306,1337,927,1087,,,,
2015-10-12,928,1090,796,1008,,,,
2015-10-13,265,1243,265,392,,,,
2015-10-14,1049,1433,671,744,,,,
2015-10-15,1336,1800,949,1798,,,,
2015-10-16,1304,1304,723,1115,,,,
2015-10-19,495,1032,495,969,,,,
2015-10-20,839,1538,839,1249,,,,
2015-10-21,1294,1294,386,386,,,,
2015-10-22,1620,1699,1417,1555,,,,
2015-10-23,1352,1477,979,1246,,,,
2015-10-26,927,927,558,710,,,,
2015-10-27,381,516,300,436,,,,
2015-10-28,1350,1837,1314,1751,,,,
2015-10-29,547,988,547,742,,,,
2015-10-30,1178,1251,769,1038,,,,
2015-11-02,1154,1785,1154,1752,,,,
2015-11-03,735,1352,735,1200,,,,
2015-11-04,1352,1352,620,752,,,,
2015-11-05,915,1181,574,998,,,,
2015-11-06,507,1017,470,1015,,,,
2015-11-09,545,617,273,403,,,,
2015-11-10,789,1173,746,1143,,,,
2015-11-11,1289,1289,728,812,,,,
2015-11-12,263,508,244,244,,,,
2015-11-13,697,1146,418,684,,,,
2015-11-16,999,1690,971,1688,,,,
2015-11-17,1023,1393,670,719,,,,
2015-11-18,1500,1781,1358,1769,,,,
2015-11-19,947,1158,926,1073,,,,
2015-11-20,1559,1679,1217,1258,,,,
2015-11-23,947,1428,921,1048,,,,
2015-11-24,479,1396,479,1332,,,,
2015-11-25,1015,1332,788,1210,,,,
2015-11-27,934,1240,743,1194,,,,
2015-11-30,1282,1308,863,894,,,,
2015-12-01,1553,1605,1151,1446,,,,
2015-12-02,599,815,336,382,,,,
2015-12-03,1205,1205,297,364,,,,
2015-12-04,1100,1444,1100,1414,,,,
2015-12-07,463,463,273,397,,,,
2015-12-08,166,744,166,600,,,,
2015-12-09,794,1729,623,770,,,,
2015-12-10,798,1462,798,1062,,,,
2015-12-11,112,343,112,197,,,,
2015-12-14,1093,1093,357,733,,,,
2015-12-15,1788,1840,1519,1629,,,,
2015-12-16,1578,1732,1270,1702,,,,
2015-12-17,1137,1137,373,410,,,,
2015-12-18,436,842,436,578,,,,
2015-12-21,1653,1653,1062,1363,,,,
2015-12-22,1372,1736,1085,1679,,,,
2015-12-23,1803,1878,1723,1857,,,,
2015-12-24,978,1359,741,995,,,,
2015-12-28,338,695,240,688,,,,
2015-12-29,1785,1803,1180,1593,,,,
2015-12-30,472,776,347,347,,,,
2015-12-31,380,1068,380,603,,,,
2016-01-04,197,484,180,484,,,,
2016-01-05,1336,1336,749,1083,,,,
2016-01-06,117,515,117,419,,,,
2016-01-07,74,338,74,175,,,,
2016-01-08,1702,1702,479,479,,,,
2016-01-11,1600,1600,528,876,,,,
2016-01-12,1710,1743,465,1029,,,,
2016-01-13,1468,1613,173,190,,,,
2016-01-14,1253,1724,499,1537,,,,
2016-01-15,54,282,50,280,,,,
2016-01-19,1708,1708,499,685,,,,
2016-01-20,75,1010,45,758,,,,
2016-01-21,968,1732,701,1272,,,,
2016-01-22,1898,2039,1824,1922,,,,
2016-01-25,464,670,261,261,,,,
2016-01-26,1683,1880,1344,1840,,,,
2016-01-27,467,1343,467,645,,,,
2016-01-28,1736,1736,1148,1255,,,,
2016-01-29,1756,1937,1692,1934,,,,
2016-02-01,279,1084,279,878,,,,
2016-02-02,188,273,113,258,,,,
2016-02-03,1666,1666,484,1357,,,,
2016-02-04,1075,1646,1075,1355,,,,
2016-02-05,425,785,423,424,,,,
2016-02-08,180,485,154,467,,,,
2016-02-09,216,933,216,690,,,,
2016-02-10,1450,1715,1039,1039,,,,
2016-02-11,148,524,148,439,,,,
2016-02-12,1622,1788,1525,1765,,,,
2016-02-16,1766,1802,1475,1800,,,,
2016-02-17,1633,1874,1633,1746,,,,
2016-02-18,867,1033,793,925,,,,
2016-02-19,410,930,410,914,,,,
2016-02-22,1809,1919,1758,1765,,,,
2016-02-23,586,846,472,526,,,,
2016-02-24,201,1332,201,1328,,,,
2016-02-25,1395,1508,930,1508,,,,
2016-02-26,1471,1514,1185,1265,,,,
2016-02-29,1120,1585,1020,1020,,,,
2016-03-01,1766,1766,1476,1719,,,,
2016-03-02,697,1539,697,1538,,,,
2016-03-03,946,1625,946,1610,,,,
2016-03-04,1201,1606,962,1347,,,,
2016-03-07,711,1488,711,1419,,,,
2016-03-08,339,492,286,308,,,,
2016-03-09,1642,1642,1164,1428,,,,
2016-03-10,1361,1384,341,747,,,,
2016-03-11,1801,1840,1716,1802,,,,
2016-03-14,591,903,457,783,,,,
2016-03-15,210,540,210,518,,,,
2016-03-16,607,1699,607,1671,,,,
2016-03-17,1076,1745,1006,1690,,,,
2016-03-18,1429,1545,1150,1241,,,,
2016-03-21,800,1057,641,906,,,,
2016-03-22,312,1047,312,839,,,,
2016-03-23,458,488,311,311,,,,
2016-03-24,174,1142,174,1139,,,,
2016-03-28,1420,1420,765,1139,,,,
2016-03-29,514,1746,514,1729,,,,
2016-03-30,1640,1640,1096,1206,,,,
2016-03-31,1009,1244,1004,1049,,,,
2016-04-01,188,1076,188,1071,,,,
2016-04-04,781,970,477,507,,,,
2016-04-05,219,611,219,418,,,,
2016-04-06,1149,1538,778,1537,,,,
2016-04-07,365,662,287,390,,,,
2016-04-08,1763,1834,1429,1564,,,,
2016-04-11,1621,1807,1087,1087,,,,
2016-04-12,1272,1768,1170,1703,,,,
2016-04-13,1570,1630,1408,1629,,,,
2016-04-14,978,978,562,844,,,,
2016-04-15,774,1220,774,1144,,,,
2016-04-18,383,1520,383,1499,,,,
2016-04-19,1459,1699,1247,1434,,,,
2016-04-20,879,1326,723,1075,,,,
2016-04-21,883,1117,605,651,,,,
2016-04-22,1222,1636,1222,1506,,,,
2016-04-25,581,677,483,676,,,,
2016-04-26,1351,1624,1236,1623,,,,
2016-04-27,1049,1418,923,1354,,,,
2016-04-28,384,1109,384,590,,,,
2016-04-29,838,883,419,738,,,,
2016-05-02,1219,1292,907,1289,,,,
2016-05-03,260,384,169,321,,,,
2016-05-04,494,1060,494,737,,,,
2016-05-05,1278,1436,823,899,,,,
2016-05-06,535,1346,535,1319,,,,
2016-05-09,683,1101,683,951,,,,
2016-05-10,1481,1645,1443,1639,,,,
2016-05-11,644,918,505,589,,,,
2016-05-12,1470,1478,588,912,,,,
2016-05-13,545,990,393,474,,,,
2016-05-16,1393,1749,1393,1636,,,,
2016-05-17,694,1182,512,591,,,,
2016-05-18,499,1263,499,764,,,,
2016-05-19,345,689,244,641,,,,
2016-05-20,1620,1713,1549,1711,,,,
2016-05-23,886,1090,722,797,,,,
2016-05-24,1635,1758,1511,1687,,,,
2016-05-25,1453,1516,1319,1402,,,,
2016-05-26,1234,1234,811,932,,,,
2016-05-27,1002,1433,1002,1428,,,,
2016-05-31,1221,1331,822,1087,,,,
2016-06-01,413,1333,413,1329,,,,
2016-06-02,532,1343,532,1338,,,,
2016-06-03,934,984,600,875,,,,
2016-06-06,1310,1601,1301,1523,,,,
2016-06-07,1241,1510,1138,1301,,,,
2016-06-08,1282,1466,1188,1415,,,,
2016-06-09,312,708,312,670,,,,
2016-06-10,206,376,144,253,,,,
2016-06-13,541,983,319,321,,,,
2016-06-14,623,1115,383,724,,,,
2016-06-15,1252,1583,1135,1147,,,,
2016-06-16,285,1034,222,1006,,,,
2016-06-17,1171,1339,964,1181,,,,
2016-06-20,1814,1873,1649,1649,,,,
2016-06-21,1001,1178,723,1030,,,,
2016-06-22,1259,1427,756,756,,,,
2016-06-23,1818,1898,1779,1852,,,,
2016-06-24,49,244,49,191,,,,
2016-06-27,212,260,99,252,,,,
2016-06-28,1717,1879,1619,1758,,,,
2016-06-29,1904,1904,1814,1857,,,,
2016-06-30,1128,1676,785,1670,,,,
2016-07-01,1285,1573,1124,1272,,,,
2016-07-05,416,464,311,429,,,,
2016-07-06,439,1305,372,1305,,,,
2016-07-07,1326,1538,714,998,,,,
2016-07-08,1767,1939,1743,1893,,,,
2016-07-11,1541,1634,1415,1488,,,,
2016-07-12,1638,1714,1504,1588,,,,
2016-07-13,1333,1333,714,957,,,,
2016-07-14,1558,1558,1177,1177,,,,
2016-07-15,1292,1292,798,1050,,,,
2016-07-18,788,1256,712,1205,,,,
2016-07-19,538,772,473,684,,,,
2016-07-20,957,1480,748,1363,,,,
2016-07-21,889,1204,633,739,,,,
2016-07-22,1052,1415,906,1398,,,,
2016-07-25,671,843,518,696,,,,
2016-07-26,1006,1453,970,1253,,,,
2016-07-27,1200,1209,572,779,,,,
2016-07-28,775,1049,631,962,,,,
2016-07-29,908,1362,704,1215,,,,
2016-08-01,827,1075,505,774,,,,
2016-08-02,983,983,279,420,,,,
2016-08-03,647,1365,647,1363,,,,
2016-08-04,1099,1367,967,1076,,,,
2016-08-05,1356,1586,1356,1525,,,,
2016-08-08,837,837,837,837,,,,
2016-08-09,1097,1211,915,1027,,,,
2016-08-10,1196,1196,651,832,,,,
2016-08-11,1404,1443,1184,1351,,,,
2016-08-12,892,1072,708,848,,,,
2016-08-15,1433,1636,1433,1449,,,,
2016-08-16,563,702,458,508,,,,
2016-08-17,675,940,396,937,,,,
2016-08-18,1222,1495,1174,1470,,,,
2016-08-19,332,857,332,824,,,,
2016-08-22,496,941,380,941,,,,
2016-08-23,1588,1689,1389,1389,,,,
2016-08-24,682,769,435,508,,,,
2016-08-25,644,1396,644,1198,,,,
2016-08-26,1283,1755,411,695,,,,
2016-08-29,1105,1651,1105,1490,,,,
2016-08-30,1158,1204,762,964,,,,
2016-08-31,560,785,314,683,,,,
2016-09-01,964,981,383,918,,,,
2016-09-02,1703,1800,1594,1752,,,,
2016-09-06,1256,1256,780,1143,,,,
2016-09-07,876,1287,876,1285,,,,
2016-09-08,757,974,692,843,,,,
2016-09-09,174,206,70,70,,,,
2016-09-12,359,1663,359,1630,,,,
2016-09-13,123,201,72,130,,,,
2016-09-14,1163,1475,732,841,,,,
2016-09-15,1091,1737,1052,1636,,,,
2016-09-16,374,742,293,738,,,,
2016-09-19,1688,1816,1231,1374,,,,
2016-09-20,1440,1440,731,731,,,,
2016-09-21,1676,1828,1193,1812,,,,
2016-09-22,1841,1842,1606,1691,,,,
2016-09-23,556,773,511,537,,,,
2016-09-26,691,766,481,481,,,,
2016-09-27,598,1243,598,1125,,,,
2016-09-28,1369,1532,717,1532,,,,
2016-09-29,642,978,377,422,,,,
2016-09-30,1676,1676,1195,1482,,,,
2016-10-03,629,755,478,732,,,,
2016-10-04,1130,1130,450,590,,,,
2016-10-05,1609,1609,1337,1337,,,,
2016-10-06,651,1041,452,920,,,,
2016-10-07,1116,1116,339,533,,,,
2016-10-10,1739,1854,1581,1581,,,,
2016-10-11,372,402,150,208,,,,
2016-10-12,923,1380,771,1212,,,,
2016-10-13,282,846,202,668,,,,
2016-10-14,1498,1705,945,945,,,,
2016-10-17,1081,1194,844,844,,,,
2016-10-18,1807,1807,1415,1506,,,,
2016-10-19,1221,1523,927,1347,,,,
2016-10-20,608,968,463,783,,,,
2016-10-21,221,829,221,806,,,,
2016-10-24,1626,1695,1158,1318,,,,
2016-10-25,651,757,478,596,,,,
2016-10-26,359,987,359,683,,,,
2016-10-27,1188,1188,579,579,,,,
2016-10-28,1047,1381,803,913,,,,
2016-10-31,1107,1200,878,1119,,,,
2016-11-01,1181,1181,275,423,,,,
2016-11-02,540,893,426,426,,,,
2016-11-03,1080,1358,824,883,,,,
2016-11-04,730,1455,730,1018,,,,
2016-11-07,1830,1867,1750,1778,,,,
2016-11-08,534,1398,534,1189,,,,
2016-11-09,528,1439,528,1389,,,,
2016-11-10,1283,1373,1020,1182,,,,
2016-11-11,875,1254,875,1238,,,,
2016-11-14,1272,1388,1173,1281,,,,
2016-11-15,1105,1319,986,1309,,,,
2016-11-16,679,972,679,939,,,,
2016-11-17,1388,1552,1143,1167,,,,
2016-11-18,1098,1152,945,1089,,,,
2016-11-21,1589,1679,1268,1445,,,,
2016-11-22,1370,1401,1096,1343,,,,
2016-11-23,620,1136,563,1136,,,,
2016-11-25,1107,1271,1067,1270,,,,
2016-11-28,828,828,539,571,,,,
2016-11-29,982,1189,866,995,,,,
2016-11-30,1284,1284,871,871,,,,
2016-12-01,1227,1354,821,866,,,,
2016-12-02,949,1280,949,1062,,,,
2016-12-05,1615,1699,1574,1602,,,,
2016-12-06,1109,1469,817,1408,,,,
2016-12-07,1115,1570,1095,1533,,,,
2016-12-08,1039,1549,927,1476,,,,
2016-12-09,1102,1233,909,1056,,,,
2016-12-12,862,1074,659,718,,,,
2016-12-13,1499,1552,836,1124,,,,
2016-12-14,707,743,251,251,,,,
2016-12-15,757,1525,729,1213,,,,
2016-12-16,1296,1507,939,1040,,,,
2016-12-19,1143,1343,1074,1199,,,,
2016-12-20,1337,1337,1337,1337,,,,
2016-12-21,962,1014,752,752,,,,
2016-12-22,629,749,485,667,,,,
2016-12-23,980,1276,980,1240,,,,
2016-12-27,1213,1522,1213,1357,,,,
2016-12-28,1026,1026,305,340,,,,
2016-12-29,1443,1521,955,1165,,,,
2016-12-30,1016,1058,622,743,,,,
2017-01-03,1647,1647,1174,1505,,,,
2017-01-04,1583,1749,1520,1720,,,,
2017-01-05,788,971,590,779,,,,
2017-01-06,891,1098,671,837,,,,
2017-01-09,558,698,403,487,,,,
2017-01-10,1061,1442,1061,1263,,,,
2017-01-11,873,1329,873,1329,,,,
2017-01-12,686,715,350,691,,,,
2017-01-13,1341,1447,1267,1301,,,,
2017-01-17,852,974,780,815,,,,
2017-01-18,1000,1185,953,1134,,,,
2017-01-19,700,700,392,535,,,,
2017-01-20,1414,1529,1205,1423,,,,
2017-01-23,741,1017,601,883,,,,
2017-01-24,1403,1670,1272,1610,,,,
2017-01-25,1535,1561,1373,1449,,,,
2017-01-26,1065,1076,716,759,,,,
2017-01-27,961,961,521,694,,,,
2017-01-30,250,400,151,400,,,,
2017-01-31,825,1249,612,1235,,,,
2017-02-01,1318,1318,738,922,,,,
2017-02-02,896,1178,896,1028,,,,
2017-02-03,1583,1668,1433,1619,,,,
2017-02-06,612,815,500,590,,,,
2017-02-07,1008,1204,648,754,,,,
2017-02-08,498,1053,498,1011,,,,
2017-02-09,1341,1591,1341,1485,,,,
2017-02-10,1385,1610,1278,1501,,,,
2017-02-13,1434,1501,1147,1206,,,,
2017-02-14,665,1091,622,1080,,,,
2017-02-15,611,1281,611,1247,,,,
2017-02-16,1152,1152,609,842,,,,
2017-02-17,524,937,518,937,,,,
2017-02-21,1325,1575,1325,1502,,,,
2017-02-22,588,761,489,729,,,,
2017-02-23,1423,1423,639,858,,,,
2017-02-24,347,939,347,939,,,,
2017-02-27,796,1354,723,1275,,,,
2017-02-28,495,696,473,520,,,,
2017-03-01,1566,1698,1545,1595,,,,
2017-03-02,408,642,408,484,,,,
2017-03-03,1035,1167,694,989,,,,
2017-03-06,278,563,197,496,,,,
2017-03-07,757,808,467,557,,,,
2017-03-08,997,1093,622,622,,,,
2017-03-09,846,1243,546,690,,,,
2017-03-10,1724,1724,1015,1350,,,,
2017-03-13,1247,1364,1039,1206,,,,
2017-03-14,251,622,251,551,,,,
2017-03-15,1550,1809,1544,1772,,,,
2017-03-16,1321,1364,957,1051,,,,
2017-03-17,1154,1204,901,1116,,,,
2017-03-20,668,756,500,655,,,,
2017-03-21,1478,1478,289,289,,,,
2017-03-22,550,1003,486,966,,,,
2017-03-23,683,1658,683,1289,,,,
2017-03-24,1407,1499,752,928,,,,
2017-03-27,378,1054,312,969,,,,
2017-03-28,911,1544,730,1525,,,,
2017-03-29,740,1312,736,1251,,,,
2017-03-30,1003,1243,958,1207,,,,
2017-03-31,681,1371,681,1152,,,,
2017-04-03,1173,1173,413,617,,,,
2017-04-04,698,1050,698,995,,,,
2017-04-05,1515,1702,566,566,,,,
2017-04-06,865,1599,865,1532,,,,
2017-04-07,922,1156,748,822,,,,
2017-04-10,1076,1614,1002,1282,,,,
2017-04-11,739,1327,562,1326,,,,
2017-04-12,560,711,405,473,,,,
2017-04-13,589,991,332,333,,,,
2017-04-17,1560,1666,1287,1662,,,,
2017-04-18,369,936,369,927,,,,
2017-04-19,1420,1427,849,926,,,,
2017-04-20,1436,1579,1297,1517,,,,
2017-04-21,681,874,596,729,,,,
2017-04-24,1788,1788,1488,1527,,,,
2017-04-25,1460,1664,1450,1473,,,,
2017-04-26,822,1493,822,1151,,,,
2017-04-27,967,1164,724,865,,,,
2017-04-28,795,795,506,581,,,,
2017-05-01,1169,1250,815,1101,,,,
2017-05-02,1267,1267,797,927,,,,
2017-05-03,452,688,388,621,,,,
2017-05-04,1007,1007,570,816,,,,
2017-05-05,1352,1498,1187,1494,,,,
2017-05-08,972,972,540,841,,,,
2017-05-09,962,992,745,855,,,,
2017-05-10,961,1398,961,1349,,,,
2017-05-11,554,757,290,668,,,,
2017-05-12,661,786,604,678,,,,
2017-05-15,1515,1744,1459,1513,,,,
2017-05-16,1214,1214,518,821,,,,
2017-05-17,364,405,266,309,,,,
2017-05-18,535,1246,483,1016,,,,
2017-05-19,1337,1765,1337,1606,,,,
2017-05-22,1448,1594,1155,1363,,,,
2017-05-23,1205,1311,832,1087,,,,
2017-05-24,1165,1339,855,1101,,,,
2017-05-25,1196,1554,915,998,,,,
2017-05-26,782,1036,691,981,,,,
2017-05-30,514,791,461,644,,,,
2017-05-31,1114,1114,447,959,,,,
2017-06-01,1192,1739,1192,1729,,,,
2017-06-02,1199,1334,953,1095,,,,
2017-06-05,580,816,540,653,,,,
2017-06-06,331,1059,331,854,,,,
2017-06-07,977,1270,789,952,,,,
2017-06-08,677,1276,677,1206,,,,
2017-06-09,1230,1556,1106,1356,,,,
2017-06-12,1210,1318,930,1057,,,,
2017-06-13,1197,1461,1074,1424,,,,
2017-06-14,1069,1069,566,780,,,,
2017-06-15,252,715,252,708,,,,
2017-06-16,712,1113,705,1112,,,,
2017-06-19,1299,1355,1150,1248,,,,
2017-06-20,505,505,320,384,,,,
2017-06-21,971,1158,554,609,,,,
2017-06-22,1041,1352,938,1162,,,,
2017-06-23,1104,1517,942,1406,,,,
2017-06-26,1423,1478,1025,1308,,,,
2017-06-27,904,1194,627,627,,,,
2017-06-28,1632,1790,1470,1596,,,,
2017-06-29,1032,1032,426,654,,,,
2017-06-30,1501,1501,1030,1140,,,,
2017-07-03,1533,1560,1419,1427,,,,
2017-07-05,732,732,460,677,,,,
2017-07-06,411,593,276,310,,,,
2017-07-07,1113,1451,1027,1439,,,,
2017-07-10,604,1196,604,904,,,,
2017-07-11,853,1150,716,1072,,,,
2017-07-12,1743,1854,1515,1522,,,,
2017-07-13,1041,1078,761,1078,,,,
2017-07-14,1207,1531,1207,1398,,,,
2017-07-17,739,1308,739,1166,,,,
2017-07-18,575,812,547,778,,,,
2017-07-19,1357,1595,1357,1595,,,,
2017-07-20,1104,1104,819,921,,,,
2017-07-21,958,958,598,802,,,,
2017-07-24,846,953,739,909,,,,
2017-07-25,1498,1515,1387,1428,,,,
2017-07-26,948,998,834,858,,,,
2017-07-27,941,1099,728,884,,,,
2017-07-28,638,1008,638,972,,,,
2017-07-31,1229,1229,690,967,,,,
2017-08-01,1369,1369,931,1129,,,,
2017-08-02,600,741,405,688,,,,
2017-08-03,831,952,722,770,,,,
2017-08-04,1216,1248,1021,1247,,,,
2017-08-07,776,1022,715,925,,,,
2017-08-08,756,1302,651,750,,,,
2017-08-09,503,727,462,655,,,,
2017-08-10,465,555,294,295,,,,
2017-08-11,906,1093,902,958,,,,
2017-08-14,1625,1734,1559,1573,,,,
2017-08-15,802,802,570,644,,,,
2017-08-16,1527,1527,1124,1138,,,,
2017-08-17,527,995,254,255,,,,
2017-08-18,449,1246,449,956,,,,
2017-08-21,710,1060,686,982,,,,
2017-08-22,1498,1578,1411,1496,,,,
2017-08-23,523,1160,523,960,,,,
2017-08-24,1377,1377,954,1009,,,,
2017-08-25,1508,1554,1298,1400,,,,
2017-08-28,1311,1311,675,846,,,,
2017-08-29,411,971,411,896,,,,
2017-08-30,695,1291,695,1221,,,,
2017-08-31,1579,1626,1474,1508,,,,
2017-09-01,1298,1479,1257,1432,,,,
2017-09-05,941,982,406,586,,,,
2017-09-06,1424,1438,1150,1200,,,,
2017-09-07,1191,1191,824,993,,,,
2017-09-08,567,1098,567,1005,,,,
2017-09-11,1595,1689,1595,1605,,,,
2017-09-12,1169,1378,1169,1272,,,,
2017-09-13,879,1085,879,1021,,,,
2017-09-14,660,1068,584,1042,,,,
2017-09-15,824,1224,824,1220,,,,
2017-09-18,1267,1483,1132,1193,,,,
2017-09-19,1163,1163,923,1041,,,,
2017-09-20,1170,1317,982,1127,,,,
2017-09-21,867,1005,746,816,,,,
2017-09-22,981,1294,981,1271,,,,
2017-09-25,993,1251,910,1126,,,,
2017-09-26,1113,1331,1113,1156,,,,
2017-09-27,1390,1390,847,1292,,,,
2017-09-28,885,1181,666,1173,,,,
2017-09-29,990,1152,985,1087,,,,
2017-10-02,1109,1438,1109,1438,,,,
2017-10-03,1114,1184,893,1184,,,,
2017-10-04,981,1191,781,952,,,,
2017-10-05,1221,1435,1203,1262,,,,
2017-10-06,464,773,464,773,,,,
2017-10-09,1233,1233,779,827,,,,
2017-10-10,1535,1624,1141,1220,,,,
2017-10-11,1178,1178,930,1101,,,,
2017-10-12,749,1082,630,949,,,,
2017-10-13,1334,1361,1067,1094,,,,
2017-10-16,1264,1264,891,993,,,,
2017-10-17,805,940,660,755,,,,
2017-10-18,1380,1380,984,1115,,,,
2017-10-19,445,939,417,933,,,,
2017-10-20,1377,1377,1206,1239,,,,
2017-10-23,1065,1065,552,556,,,,
2017-10-24,1344,1344,1067,1109,,,,
2017-10-25,739,739,272,612,,,,
2017-10-26,1331,1331,1089,1096,,,,
2017-10-27,857,1258,752,1257,,,,
2017-10-30,666,795,565,623,,,,
2017-10-31,1177,1341,1048,1246,,,,
2017-11-01,1521,1521,886,1029,,,,
2017-11-02,917,1125,798,1030,,,,
2017-11-03,762,984,762,931,,,,
2017-11-06,969,1280,969,1209,,,,
2017-11-07,917,1103,606,738,,,,
2017-11-08,707,1109,704,1045,,,,
2017-11-09,396,907,396,806,,,,
2017-11-10,850,1093,850,912,,,,
2017-11-13,516,942,515,868,,,,
2017-11-14,434,847,434,814,,,,
2017-11-15,266,742,228,603,,,,
2017-11-16,1445,1662,1394,1524,,,,
2017-11-17,730,1324,730,1224,,,,
2017-11-20,1052,1237,883,1231,,,,
2017-11-21,1502,1564,1329,1378,,,,
2017-11-22,1200,1346,1042,1042,,,,
2017-11-24,1366,1366,1074,1147,,,,
2017-11-27,936,971,754,758,,,,
2017-11-28,1158,1490,1155,1467,,,,
2017-11-29,1113,1279,1040,1125,,,,
2017-11-30,1475,1475,1141,1171,,,,
2017-12-01,1024,1040,410,897,,,,
2017-12-04,1648,1657,991,993,,,,
2017-12-05,925,925,530,530,,,,
2017-12-06,657,881,591,671,,,,
2017-12-07,731,1466,731,1322,,,,
2017-12-08,1513,1513,1151,1293,,,,
2017-12-11,1138,1238,999,1051,,,,
2017-12-12,1185,1202,948,948,,,,
2017-12-13,1188,1411,1123,1123,,,,
2017-12-14,1051,1134,560,561,,,,
2017-12-15,1518,1619,1481,1505,,,,
2017-12-18,1766,1778,1515,1530,,,,
2017-12-19,1121,1121,626,626,,,,
2017-12-20,1433,1433,1082,1083,,,,
2017-12-21,1388,1425,1194,1254,,,,
2017-12-22,824,1038,789,932,,,,
2017-12-26,1098,1338,1098,1167,,,,
2017-12-27,933,1280,902,1011,,,,
2017-12-28,1136,1388,932,1388,,,,
2017-12-29,1273,1273,605,605,,,,
2018-01-02,1462,1511,1239,1417,,,,
2018-01-03,1176,1220,936,1060,,,,
2018-01-04,1473,1473,1159,1187,,,,
2018-01-05,1189,1209,919,1196,,,,
2018-01-08,857,1191,659,1150,,,,
2018-01-09,1126,1126,770,776,,,,
2018-01-10,534,925,534,807,,,,
2018-01-11,1332,1644,1332,1623,,,,
2018-01-12,1213,1281,1109,1187,,,,
2018-01-16,1501,1501,593,594,,,,
2018-01-17,1423,1559,1201,1464,,,,
2018-01-18,710,749,506,590,,,,
2018-01-19,1110,1510,1110,1509,,,,
2018-01-22,944,1269,854,1266,,,,
2018-01-23,974,1214,719,1120,,,,
2018-01-24,1410,1410,696,873,,,,
2018-01-25,1383,1383,788,972,,,,
2018-01-26,1141,1262,962,1260,,,,
2018-01-29,419,647,396,397,,,,
2018-01-30,336,455,291,398,,,,
2018-01-31,1550,1550,692,879,,,,
2018-02-01,655,1092,655,975,,,,
2018-02-02,170,314,154,154,,,,
2018-02-05,244,773,92,93,,,,
2018-02-06,141,1552,141,1446,,,,
2018-02-07,580,1389,580,835,,,,
2018-02-08,893,893,154,154,,,,
2018-02-09,1492,1597,338,1299,,,,
2018-02-12,1497,1655,986,1527,,,,
2018-02-13,538,1197,483,1143,,,,
2018-02-14,386,1615,386,1565,,,,
2018-02-15,1497,1497,859,1426,,,,
2018-02-16,769,1519,769,1112,,,,
2018-02-20,619,995,447,541,,,,
2018-02-21,1288,1570,839,839,,,,
2018-02-22,1548,1611,1016,1017,,,,
2018-02-23,1633,1641,1313,1641,,,,
2018-02-26,1328,1368,764,1324,,,,
2018-02-27,974,1143,251,251,,,,
2018-02-28,1458,1458,350,350,,,,
2018-03-01,958,1321,517,820,,,,
2018-03-02,272,1400,272,1386,,,,
2018-03-05,454,1563,454,1486,,,,
2018-03-06,1364,1457,856,1414,,,,
2018-03-07,527,1102,527,1030,,,,
2018-03-08,1226,1226,692,1056,,,,
2018-03-09,1426,1627,1327,1627,,,,
2018-03-12,1218,1382,975,1124,,,,
2018-03-13,1495,1547,633,687,,,,
2018-03-14,1447,1447,611,714,,,,
2018-03-15,1221,1221,540,660,,,,
2018-03-16,1169,1582,1109,1467,,,,
2018-03-19,411,443,186,399,,,,
2018-03-20,1294,1294,835,922,,,,
2018-03-21,955,1499,955,1191,,,,
2018-03-22,223,705,217,217,,,,
2018-03-23,1508,1508,298,299,,,,
2018-03-26,1838,1838,1343,1721,,,,
2018-03-27,848,1278,432,462,,,,
2018-03-28,1211,1269,881,1000,,,,
2018-03-29,1667,1752,1528,1586,,,,
2018-04-02,673,811,154,220,,,,
2018-04-03,1452,1707,1126,1668,,,,
2018-04-04,146,1548,146,1507,,,,
2018-04-05,1498,1626,1310,1560,,,,
2018-04-06,491,852,180,253,,,,
2018-04-09,1561,1615,882,882,,,,
2018-04-10,1657,1727,1589,1672,,,,
2018-04-11,505,1160,505,955,,,,
2018-04-12,1268,1304,1069,1168,,,,
2018-04-13,1355,1355,610,837,,,,
2018-04-16,1340,1676,1328,1569,,,,
2018-04-17,1493,1686,1435,1539,,,,
2018-04-18,1495,1585,1224,1225,,,,
2018-04-19,788,963,509,652,,,,
2018-04-20,777,886,455,530,,,,
2018-04-23,1075,1286,702,958,,,,
2018-04-24,1505,1505,522,709,,,,
2018-04-25,483,1156,358,1003,,,,
2018-04-26,1078,1402,1072,1280,,,,
2018-04-27,1110,1169,849,1088,,,,
2018-04-30,1370,1370,585,586,,,,
2018-05-01,495,1019,335,1017,,,,
2018-05-02,808,1291,808,894,,,,
2018-05-03,571,917,380,802,,,,
2018-05-04,466,1701,466,1603,,,,
2018-05-07,1399,1500,1240,1290,,,,
2018-05-08,887,1074,795,1054,,,,
2018-05-09,1323,1420,1012,1345,,,,
2018-05-10,1390,1559,1222,1454,,,,
2018-05-11,1073,1330,816,994,,,,
2018-05-14,1355,1375,824,866,,,,
2018-05-15,373,877,369,829,,,,
2018-05-16,1277,1508,1192,1376,,,,
2018-05-17,1147,1414,1048,1181,,,,
2018-05-18,1079,1079,934,955,,,,
2018-05-21,1663,1663,1339,1519,,,,
2018-05-22,1219,1269,717,717,,,,
2018-05-23,489,977,489,973,,,,
2018-05-24,726,939,465,839,,,,
2018-05-25,705,1014,665,871,,,,
2018-05-29,300,880,300,730,,,,
2018-05-30,1525,1798,1525,1722,,,,
2018-05-31,613,791,439,510,,,,
2018-06-01,1168,1510,1168,1390,,,,
2018-06-04,1599,1662,1100,1335,,,,
2018-06-05,997,1169,856,1121,,,,
2018-06-06,1264,1365,1040,1364,,,,
2018-06-07,1204,1284,880,1011,,,,
2018-06-08,960,1213,829,1179,,,,
2018-06-11,1131,1264,1067,1114,,,,
2018-06-12,1159,1231,871,1020,,,,
2018-06-13,1110,1110,597,599,,,,
2018-06-14,1337,1385,953,1117,,,,
2018-06-15,424,959,424,860,,,,
2018-06-18,484,1173,484,1159,,,,
2018-06-19,362,844,345,802,,,,
2018-06-20,1390,1390,1046,1277,,,,
2018-06-21,796,796,432,556,,,,
2018-06-22,1553,1557,1235,1298,,,,
2018-06-25,573,573,255,406,,,,
2018-06-26,1045,1428,943,1244,,,,
2018-06-27,1078,1262,407,407,,,,
2018-06-28,960,1312,751,1193,,,,
2018-06-29,1339,1491,1078,1078,,,,
2018-07-02,318,1007,305,1005,,,,
2018-07-03,1445,1594,1227,1229,,,,
2018-07-05,1541,1564,1086,1564,,,,
2018-07-06,856,1642,856,1526,,,,
2018-07-09,1542,1542,1296,1372,,,,
2018-07-10,1175,1272,779,952,,,,
2018-07-11,333,794,333,498,,,,
2018-07-12,1339,1349,918,1201,,,,
2018-07-13,1065,1369,980,1025,,,,
2018-07-16,872,872,528,644,,,,
2018-07-17,887,1310,887,1189,,,,
2018-07-18,834,1116,686,1110,,,,
2018-07-19,669,1258,669,1151,,,,
2018-07-20,780,976,718,760,,,,
2018-07-23,779,963,629,855,,,,
2018-07-24,1394,1394,763,881,,,,
2018-07-25,906,1290,906,1263,,,,
2018-07-26,1003,1462,1003,1246,,,,
2018-07-27,1166,1166,477,526,,,,
2018-07-30,1161,1279,951,952,,,,
2018-07-31,1266,1529,1159,1425,,,,
2018-08-01,724,833,515,735,,,,
2018-08-02,512,1207,512,1139,,,,
2018-08-03,1210,1235,942,1113,,,,
2018-08-06,775,1301,775,1179,,,,
2018-08-07,1300,1342,1083,1083,,,,
2018-08-08,773,986,577,874,,,,
2018-08-09,1091,1322,991,1003,,,,
2018-08-10,304,811,304,575,,,,
2018-08-13,860,1023,385,557,,,,
2018-08-14,1554,1683,1459,1524,,,,
2018-08-15,355,512,297,494,,,,
2018-08-16,1572,1729,1559,1560,,,,
2018-08-17,754,1496,754,1441,,,,
2018-08-20,1389,1489,1153,1341,,,,
2018-08-21,1349,1481,1340,1340,,,,
2018-08-22,977,1005,785,960,,,,
2018-08-23,715,876,567,593,,,,
2018-08-24,1358,1426,1261,1371,,,,
2018-08-27,1250,1250,1250,1250,,,,
2018-08-28,867,867,867,867,,,,
2018-08-29,1212,1212,1212,1212,,,,
2018-08-30,527,527,527,527,,,,
2018-08-31,1058,1058,1058,1058,,,,
2018-09-04,600,814,433,662,,,,
2018-09-05,530,1045,530,1007,,,,
2018-09-06,1080,1256,735,826,,,,
2018-09-07,359,934,359,751,,,,
2018-09-10,1543,1543,1098,1121,,,,
2018-09-11,519,1176,519,1011,,,,
2018-09-12,825,1183,797,1072,,,,
2018-09-13,1421,1421,1080,1147,,,,
2018-09-14,976,1258,876,1093,,,,
2018-09-17,979,1072,773,826,,,,
2018-09-18,1233,1311,1029,1178,,,,
2018-09-19,1079,1275,958,963,,,,
2018-09-20,1466,1533,1224,1500,,,,
2018-09-21,1092,1284,963,967,,,,
2018-09-24,702,721,465,540,,,,
2018-09-25,990,1147,967,967,,,,
2018-09-26,879,1039,562,562,,,,
2018-09-27,1056,1395,1041,1041,,,,
2018-09-28,779,1333,779,1148,,,,
2018-10-01,1375,1375,705,792,,,,
2018-10-02,853,1176,630,764,,,,
2018-10-03,1400,1469,1182,1220,,,,
2018-10-04,452,612,353,468,,,,
2018-10-05,1116,1116,491,681,,,,
2018-10-08,648,1132,648,1099,,,,
2018-10-09,592,1102,592,809,,,,
2018-10-10,585,671,171,171,,,,
2018-10-11,473,905,290,291,,,,
2018-10-12,1571,1686,732,1119,,,,
2018-10-15,815,1545,815,1250,,,,
2018-10-16,1373,1826,1154,1811,,,,
2018-10-17,480,767,252,659,,,,
2018-10-18,398,852,208,299,,,,
2018-10-19,1031,1571,778,850,,,,
2018-10-22,1432,1432,740,776,,,,
2018-10-23,186,797,134,592,,,,
2018-10-24,899,1089,304,305,,,,
2018-10-25,727,1655,727,1591,,,,
2018-10-26,195,849,160,521,,,,
2018-10-29,1732,1741,553,832,,,,
2018-10-30,773,1658,773,1603,,,,
2018-10-31,1584,1584,1168,1168,,,,
2018-11-01,1390,1602,1390,1567,,,,
2018-11-02,1493,1493,648,935,,,,
2018-11-05,1393,1393,982,1248,,,,
2018-11-06,896,1287,896,1262,,,,
2018-11-07,1541,1592,1130,1578,,,,
2018-11-08,600,928,600,818,,,,
2018-11-09,417,604,361,541,,,,
2018-11-12,816,816,399,399,,,,
2018-11-13,1360,1454,864,933,,,,
2018-11-14,1597,1607,564,797,,,,
2018-11-15,288,1416,288,1401,,,,
2018-11-16,527,1216,527,1126,,,,
2018-11-19,676,1022,413,551,,,,
2018-11-20,265,527,209,287,,,,
2018-11-21,1436,1795,1436,1576,,,,
2018-11-23,322,1120,322,840,,,,
2018-11-26,1669,1721,1231,1406,,,,
2018-11-27,650,924,551,744,,,,
2018-11-28,1321,1723,682,1722,,,,
2018-11-29,806,1147,524,836,,,,
2018-11-30,796,1181,796,1123,,,,
2018-12-03,1657,1657,1110,1487,,,,
2018-12-04,745,745,157,158,,,,
2018-12-06,130,841,130,841,,,,
2018-12-07,959,1396,382,440,,,,
2018-12-10,801,801,193,585,,,,
2018-12-11,1388,1712,652,855,,,,
2018-12-12,1601,1789,1391,1392,,,,
2018-12-13,989,1144,612,697,,,,
2018-12-14,221,914,221,376,,,,
2018-12-17,548,1018,229,251,,,,
2018-12-18,1512,1646,960,1009,,,,
2018-12-19,1320,1592,349,392,,,,
2018-12-20,659,1191,213,397,,,,
2018-12-21,904,1507,307,309,,,,
2018-12-24,342,683,233,272,,,,
2018-12-26,1685,1893,785,1888,,,,
2018-12-27,130,1175,130,1175,,,,
2018-12-28,1355,1708,777,1091,,,,
2018-12-31,1578,1578,673,1419,,,,
2019-01-02,123,1286,123,1237,,,,
2019-01-03,478,1031,383,613,,,,
2019-01-04,1755,1924,1755,1899,,,,
2019-01-07,1075,1719,953,1556,,,,
2019-01-08,1676,1676,1156,1605,,,,
2019-01-09,1328,1504,1085,1451,,,,
2019-01-10,301,1249,301,1241,,,,
2019-01-11,409,1075,409,1040,,,,
2019-01-14,229,945,229,664,,,,
2019-01-15,1305,1305,1305,1305,,,,
2019-01-16,1192,1498,1192,1310,,,,
2019-01-17,673,1540,673,1484,,,,
2019-01-18,1611,1668,1424,1579,,,,
2019-01-22,350,437,210,349,,,,
2019-01-23,1436,1488,608,947,,,,
2019-01-24,903,1383,903,1318,,,,
2019-01-25,1673,1745,1549,1581,,,,
2019-01-28,216,808,216,798,,,,
2019-01-29,1151,1247,950,1086,,,,
2019-01-30,1396,1679,961,1570,,,,
2019-01-31,874,1428,793,1320,,,,
2019-02-01,1050,1153,886,1106,,,,
2019-02-04,700,1418,658,1418,,,,
2019-02-05,1246,1252,879,1240,,,,
2019-02-06,768,798,529,736,,,,
2019-02-07,352,712,352,613,,,,
2019-02-08,487,904,446,904,,,,
2019-02-11,1101,1274,996,1263,,,,
2019-02-12,1570,1585,1460,1511,,,,
2019-02-13,1409,1409,1033,1228,,,,
2019-02-14,377,1203,377,982,,,,
2019-02-15,1518,1660,1518,1621,,,,
2019-02-19,596,1381,596,1231,,,,
2019-02-20,943,1303,943,1206,,,,
2019-02-21,520,822,520,765,,,,
2019-02-22,1382,1578,1352,1483,,,,
2019-02-25,1431,1431,896,896,,,,
2019-02-26,749,958,690,691,,,,
2019-02-27,621,1036,581,979,,,,
2019-02-28,634,920,625,771,,,,
2019-03-01,1582,1582,885,1234,,,,
2019-03-04,1326,1326,408,802,,,,
2019-03-05,911,975,672,763,,,,
2019-03-06,889,889,326,331,,,,
2019-03-07,666,752,411,522,,,,
2019-03-08,366,867,366,845,,,,
2019-03-11,1458,1706,1458,1702,,,,
2019-03-12,1274,1301,1016,1108,,,,
2019-03-13,1501,1589,1341,1341,,,,
2019-03-14,1,1,1,1,,,,
2019-03-15,1252,1443,1051,1143,,,,
2019-03-18,1272,1542,1014,1377,,,,
2019-03-19,1402,1402,612,718,,,,
2019-03-20,604,1147,374,719,,,,
2019-03-21,706,1589,706,1470,,,,
2019-03-22,339,415,175,178,,,,
2019-03-25,736,1355,485,1103,,,,
2019-03-26,1683,1768,1261,1511,,,,
2019-03-27,1107,1107,375,831,,,,
2019-03-28,1262,1518,793,1353,,,,
2019-03-29,1510,1510,971,1175,,,,
2019-04-01,1632,1632,1310,1529,,,,
2019-04-02,680,837,423,788,,,,
2019-04-03,1441,1539,1033,1121,,,,
2019-04-04,1077,1328,1048,1325,,,,
2019-04-05,1389,1574,1242,1497,,,,
2019-04-08,669,1003,591,998,,,,
2019-04-09,361,563,329,376,,,,
2019-04-10,1446,1557,1270,1505,,,,
2019-04-11,1021,1168,847,1020,,,,
2019-04-12,1467,1467,1145,1334,,,,
2019-04-15,1111,1111,650,782,,,,
2019-04-16,1372,1372,983,1096,,,,
2019-04-17,1242,1242,711,797,,,,
2019-04-18,863,1129,706,1026,,,,
2019-04-22,632,798,632,779,,,,
2019-04-23,1167,1577,1114,1474,,,,
2019-04-24,864,1169,850,963,,,,
2019-04-25,371,734,352,635,,,,
2019-04-26,1057,1464,1002,1455,,,,
2019-04-29,1077,1277,1062,1104,,,,
2019-04-30,1048,1048,578,960,,,,
2019-05-01,1148,1148,514,515,,,,
2019-05-02,819,1204,579,968,,,,
2019-05-03,1649,1666,1530,1655,,,,
2019-05-06,183,877,183,757,,,,
2019-05-07,267,355,179,254,,,,
2019-05-08,713,1217,713,780,,,,
2019-05-09,274,920,238,860,,,,
2019-05-10,574,1334,344,1247,,,,
2019-05-13,130,236,121,224,,,,
2019-05-14,1471,1632,1330,1518,,,,
2019-05-15,312,1315,312,1311,,,,
2019-05-16,1296,1296,1296,1296,,,,
2019-05-17,271,1035,271,417,,,,
2019-05-20,414,842,414,663,,,,
2019-05-21,1547,1687,1533,1582,,,,
2019-05-22,492,662,483,580,,,,
2019-05-23,170,329,161,329,,,,
2019-05-24,1684,1684,1071,1269,,,,
2019-05-28,1239,1245,504,505,,,,
2019-05-29,250,611,203,541,,,,
2019-05-30,1381,1559,694,878,,,,
2019-05-31,168,545,168,536,,,,
2019-06-03,1297,1506,1046,1352,,,,
2019-06-04,1627,1647,1418,1645,,,,
2019-06-05,1264,1264,598,898,,,,
2019-06-06,962,1177,612,1049,,,,
2019-06-07,1477,1607,1341,1357,,,,
2019-06-10,1368,1368,1132,1133,,,,
2019-06-11,1605,1605,868,986,,,,
2019-06-12,726,965,713,881,,,,
2019-06-13,1457,1582,1279,1460,,,,
2019-06-14,500,764,500,622,,,,
2019-06-17,972,1170,849,1005,,,,
2019-06-18,1632,1730,1397,1432,,,,
2019-06-19,872,1265,790,1207,,,,
2019-06-20,1690,1690,1179,1399,,,,
2019-06-21,495,772,380,662,,,,
2019-06-24,1035,1035,613,613,,,,
2019-06-25,875,1031,623,625,,,,
2019-06-26,1219,1265,976,977,,,,
2019-06-27,1387,1482,1260,1476,,,,
2019-06-28,1455,1586,1393,1518,,,,
2019-07-01,1737,1737,982,1137,,,,
2019-07-02,758,926,737,906,,,,
2019-07-03,1253,1431,1247,1416,,,,
2019-07-05,392,1097,392,1097,,,,
2019-07-08,496,816,496,591,,,,
2019-07-09,471,912,460,911,,,,
2019-07-10,1581,1581,982,1095,,,,
2019-07-11,1030,1089,613,882,,,,
2019-07-12,1204,1340,1153,1269,,,,
2019-07-15,1064,1064,639,799,,,,
2019-07-16,678,1201,678,952,,,,
2019-07-17,822,822,449,530,,,,
2019-07-18,562,1090,562,1020,,,,
2019-07-19,1073,1182,704,705,,,,
2019-07-22,1208,1262,791,853,,,,
2019-07-23,1366,1369,1065,1358,,,,
2019-07-24,720,1414,720,1402,,,,
2019-07-25,694,718,396,458,,,,
2019-07-26,1242,1415,1189,1337,,,,
2019-07-29,961,961,682,799,,,,
2019-07-30,398,1205,398,1200,,,,
2019-07-31,1153,1246,452,534,,,,
2019-08-01,835,1206,454,482,,,,
2019-08-02,554,679,372,602,,,,
2019-08-05,106,144,89,125,,,,
2019-08-06,1569,1569,843,1336,,,,
2019-08-07,157,984,157,984,,,,
2019-08-08,1423,1678,1409,1659,,,,
2019-08-09,532,618,341,455,,,,
2019-08-12,329,520,315,410,,,,
2019-08-13,514,1644,514,1431,,,,
2019-08-14,133,171,87,94,,,,
2019-08-15,1216,1216,699,934,,,,
2019-08-16,1608,1776,1608,1719,,,,
2019-08-19,1658,1658,1528,1529,,,,
2019-08-20,460,795,454,578,,,,
2019-08-21,1568,1655,1359,1399,,,,
2019-08-22,1368,1383,564,853,,,,
2019-08-23,360,884,116,124,,,,
2019-08-26,1746,1746,1262,1425,,,,
2019-08-27,1578,1578,423,488,,,,
2019-08-28,516,1583,516,1483,,,,
2019-08-29,1740,1740,1621,1654,,,,
2019-08-30,1540,1540,805,1106,,,,
2019-09-03,243,598,243,577,,,,
2019-09-04,1744,1744,1524,1603,,,,
2019-09-05,1556,1607,1451,1470,,,,
2019-09-06,1200,1290,956,1032,,,,
2019-09-09,1239,1325,1193,1319,,,,
2019-09-10,863,1355,843,1314,,,,
2019-09-11,942,1498,942,1496,,,,
2019-09-12,899,1094,659,962,,,,
2019-09-13,1363,1443,1053,1055,,,,
2019-09-16,646,1141,646,998,,,,
2019-09-17,565,921,565,914,,,,
2019-09-18,586,732,402,715,,,,
2019-09-19,1371,1374,820,827,,,,
2019-09-20,1349,1349,782,841,,,,
2019-09-23,424,1158,424,980,,,,
2019-09-24,2,1141,2,458,,,,
2019-09-25,979,1374,797,1337,,,,
2019-09-26,846,898,522,753,,,,
2019-09-27,1216,1265,576,762,,,,
2019-09-30,1186,1289,977,1101,,,,
2019-10-01,1354,1354,277,294,,,,
2019-10-02,228,388,178,356,,,,
2019-10-03,751,1251,322,1218,,,,
2019-10-04,1440,1514,920,1512,,,,
2019-10-07,452,1157,342,659,,,,
2019-10-08,232,539,193,306,,,,
2019-10-09,1612,1612,1121,1301,,,,
2019-10-10,1107,1454,1107,1260,,,,
2019-10-11,1670,1749,1579,1579,,,,
2019-10-14,462,783,435,705,,,,
2019-10-15,1063,1506,1063,1339,,,,
2019-10-16,791,1179,791,963,,,,
2019-10-17,1381,1581,1236,1350,,,,
2019-10-18,713,1053,656,954,,,,
2019-10-21,1537,1537,1376,1406,,,,
2019-10-22,985,1254,811,1041,,,,
2019-10-23,794,1222,794,1222,,,,
2019-10-24,1210,1210,662,801,,,,
2019-10-25,751,1322,751,1164,,,,
2019-10-28,1446,1477,1160,1160,,,,
2019-10-29,585,1207,585,1057,,,,
2019-10-30,701,936,552,908,,,,
2019-10-31,605,618,382,618,,,,
2019-11-01,1517,1609,1426,1489,,,,
2019-11-04,1459,1459,1193,1219,,,,
2019-11-05,1200,1267,907,966,,,,
2019-11-06,659,975,659,819,,,,
2019-11-07,1434,1434,968,1030,,,,
2019-11-08,596,959,596,937,,,,
2019-11-11,504,824,504,824,,,,
2019-11-12,951,1263,814,853,,,,
2019-11-13,435,835,435,769,,,,
2019-11-14,970,1212,954,1027,,,,
2019-11-15,1463,1463,1102,1262,,,,
2019-11-18,674,829,674,804,,,,
2019-11-19,1080,1080,790,900,,,,
2019-11-20,586,1028,520,728,,,,
2019-11-21,819,922,503,770,,,,
2019-11-22,1354,1354,904,1145,,,,
2019-11-25,1465,1621,1465,1543,,,,
2019-11-26,780,1156,780,997,,,,
2019-11-27,1188,1311,1062,1296,,,,
2019-11-29,498,808,498,564,,,,
2019-12-02,902,912,442,444,,,,
2019-12-03,324,669,297,645,,,,
2019-12-04,1571,1644,1360,1361,,,,
2019-12-05,1328,1328,935,1123,,,,
2019-12-06,1654,1678,1515,1515,,,,
2019-12-09,818,1076,818,884,,,,
2019-12-10,695,1050,695,888,,,,
2019-12-11,1115,1160,905,1113,,,,
2019-12-12,1424,1567,1188,1295,,,,
2019-12-13,752,1161,607,821,,,,
2019-12-16,1524,1535,1330,1333,,,,
2019-12-17,1078,1149,999,1111,,,,
2019-12-18,1229,1229,909,1149,,,,
2019-12-19,991,1149,946,1116,,,,
2019-12-20,1352,1352,1105,1143,,,,
2019-12-23,701,1017,701,949,,,,
2019-12-24,942,1124,942,1023,,,,
2019-12-26,1281,1319,1040,1216,,,,
2019-12-27,1129,1129,711,755,,,,
2019-12-30,648,1040,555,797,,,,
2019-12-31,1160,1412,1100,1229,,,,
2020-01-02,1348,1348,714,1023,,,,
2020-01-03,443,795,443,768,,,,
2020-01-06,574,1073,531,1013,,,,
2020-01-07,508,837,490,704,,,,
2020-01-08,1108,1207,882,1022,,,,
2020-01-09,980,1136,975,1035,,,,
2020-01-10,645,1034,645,748,,,,
2020-01-13,967,1370,967,1356,,,,
2020-01-14,706,1211,695,1020,,,,
2020-01-15,1215,1257,923,1055,,,,
2020-01-16,1620,1620,1451,1488,,,,
2020-01-17,1178,1178,872,927,,,,
2020-01-21,431,710,431,641,,,,
2020-01-22,1336,1336,798,850,,,,
2020-01-23,303,1046,303,955,,,,
2020-01-24,792,792,245,386,,,,
2020-01-27,152,391,139,269,,,,
2020-01-28,1413,1573,1375,1387,,,,
2020-01-29,1249,1249,707,747,,,,
2020-01-30,508,935,314,932,,,,
2020-01-31,394,394,162,196,,,,
2020-02-03,1491,1550,1260,1283,,,,
2020-02-04,1683,1683,1435,1435,,,,
2020-02-05,1515,1534,1451,1518,,,,
2020-02-06,939,1043,795,795,,,,
2020-02-07,395,552,366,468,,,,
2020-02-10,785,1061,711,1061,,,,
2020-02-11,1498,1585,1304,1339,,,,
2020-02-12,1372,1372,1263,1287,,,,
2020-02-13,759,997,534,913,,,,
2020-02-14,942,1000,738,910,,,,
2020-02-18,824,918,543,725,,,,
2020-02-19,1271,1271,1055,1073,,,,
2020-02-20,963,1217,693,1073,,,,
2020-02-21,405,645,367,547,,,,
2020-02-24,79,154,79,128,,,,
2020-02-25,676,676,100,112,,,,
2020-02-26,1459,1467,509,509,,,,
2020-02-27,127,745,81,174,,,,
2020-02-28,122,591,122,590,,,,
2020-03-02,724,1518,688,1518,,,,
2020-03-03,482,1490,237,353,,,,
2020-03-04,1456,1629,1172,1626,,,,
2020-03-05,96,242,96,176,,,,
2020-03-06,64,396,64,349,,,,
2020-03-09,23,71,23,47,,,,
2020-03-10,1686,1773,767,1576,,,,
2020-03-11,81,151,63,77,,,,
2020-03-12,27,117,21,61,,,,
2020-03-13,1646,1747,945,1688,,,,
2020-03-16,21,166,19,89,,,,
2020-03-17,650,1452,650,1262,,,,
2020-03-18,79,207,62,161,,,,
2020-03-19,377,1467,377,1403,,,,
2020-03-20,1113,1395,611,628,,,,
2020-03-23,296,715,296,558,,,,
2020-03-24,1842,1842,1659,1781,,,,
2020-03-25,1508,1717,726,1396,,,,
2020-03-26,1496,1762,1442,1635,,,,
2020-03-27,85,582,85,363,,,,
2020-03-30,561,1128,561,1127,,,,
2020-03-31,852,1153,623,820,,,,
2020-04-01,94,219,94,141,,,,
2020-04-02,1201,1572,714,1155,,,,
2020-04-03,903,903,221,426,,,,
2020-04-06,1797,1829,1737,1755,,,,
2020-04-07,1779,1779,1144,1212,,,,
2020-04-08,1533,1710,1343,1690,,,,
2020-04-09,1770,1784,1385,1571,,,,
2020-04-13,341,516,288,490,,,,
2020-04-14,1750,1756,1212,1343,,,,
2020-04-15,78,215,73,185,,,,
2020-04-16,756,756,348,641,,,,
2020-04-17,1745,1750,1636,1707,,,,
2020-04-20,259,771,259,399,,,,
2020-04-21,179,426,179,362,,,,
2020-04-22,1704,1704,1297,1333,,,,
2020-04-23,1473,1636,1201,1204,,,,
2020-04-24,1266,1371,670,1253,,,,
2020-04-27,1433,1707,1433,1665,,,,
2020-04-28,1688,1698,1244,1420,,,,
2020-04-29,1680,1732,1648,1665,,,,
2020-04-30,236,436,236,313,,,,
2020-05-01,163,181,118,179,,,,
2020-05-04,243,829,243,828,,,,
2020-05-05,1683,1686,988,988,,,,
2020-05-06,930,930,431,478,,,,
2020-05-07,1657,1657,1394,1401,,,,
2020-05-08,1684,1706,1608,1652,,,,
2020-05-11,311,671,303,500,,,,
2020-05-12,614,783,287,287,,,,
2020-05-13,274,498,131,215,,,,
2020-05-14,99,1210,86,1209,,,,
2020-05-15,679,1200,679,1115,,,,
2020-05-18,1819,1819,1751,1753,,,,
2020-05-19,466,1034,375,504,,,,
2020-05-20,1713,1713,1492,1546,,,,
2020-05-21,1219,1219,550,893,,,,
2020-05-22,597,923,419,921,,,,
2020-05-26,1765,1765,1604,1624,,,,
2020-05-27,1535,1553,1020,1553,,,,
2020-05-28,736,924,528,560,,,,
2020-05-29,414,805,364,707,,,,
2020-06-01,1301,1577,1301,1411,,,,
2020-06-02,1504,1525,1316,1402,,,,
2020-06-03,1652,1663,1575,1586,,,,
2020-06-04,425,1185,425,1121,,,,
2020-06-05,1763,1772,1671,1694,,,,
2020-06-08,1606,1606,1468,1532,,,,
2020-06-09,200,363,156,262,,,,
2020-06-10,399,520,229,331,,,,
2020-06-11,40,78,33,34,,,,
2020-06-12,1848,1848,1024,1602,,,,
2020-06-15,93,1418,93,1328,,,,
2020-06-16,1807,1807,1390,1557,,,,
2020-06-17,686,751,422,434,,,,
2020-06-18,524,1105,524,736,,,,
2020-06-19,1509,1509,443,569,,,,
2020-06-22,360,1082,360,1019,,,,
2020-06-23,1660,1660,1000,1001,,,,
2020-06-24,205,205,53,117,,,,
2020-06-25,294,1345,294,1345,,,,
2020-06-26,393,397,133,312,,,,
2020-06-29,1160,1662,1160,1595,,,,
2020-06-30,732,1365,598,1313,,,,
2020-07-01,1472,1472,631,727,,,,
2020-07-02,1722,1742,1079,1110,,,,
2020-07-06,1760,1760,1200,1378,,,,
2020-07-07,238,540,238,301,,,,
2020-07-08,1009,1432,595,1071,,,,
2020-07-09,474,520,157,313,,,,
2020-07-10,1273,1485,1059,1478,,,,
2020-07-13,1161,1485,714,716,,,,
2020-07-14,924,1413,814,1411,,,,
2020-07-15,1688,1723,1535,1645,,,,
2020-07-16,314,996,314,737,,,,
2020-07-17,1166,1328,736,948,,,,
2020-07-20,661,687,468,603,,,,
2020-07-21,1644,1691,1451,1485,,,,
2020-07-22,563,1164,563,1123,,,,
2020-07-23,912,1254,726,858,,,,
2020-07-24,669,814,394,451,,,,
2020-07-27,709,1145,685,1142,,,,
2020-07-28,853,978,647,716,,,,
2020-07-29,1438,1545,1169,1533,,,,
2020-07-30,201,539,177,500,,,,
2020-07-31,614,619,229,617,,,,
2020-08-03,1000,1239,812,1178,,,,
2020-08-04,968,1224,801,1224,,,,
2020-08-05,1568,1568,1202,1335,,,,
2020-08-06,809,1038,662,850,,,,
2020-08-07,559,1266,559,1265,,,,
2020-08-10,1454,1502,1353,1355,,,,
2020-08-11,1562,1562,896,975,,,,
2020-08-12,1672,1672,960,1128,,,,
2020-08-13,441,972,441,650,,,,
2020-08-14,456,1180,394,962,,,,
2020-08-17,959,966,749,850,,,,
2020-08-18,858,866,429,539,,,,
2020-08-19,837,1234,837,987,,,,
2020-08-20,655,726,617,642,,,,
2020-08-21,672,681,414,593,,,,
2020-08-24,1473,1473,1113,1457,,,,
2020-08-25,1322,1322,494,890,,,,
2020-08-26,551,819,541,635,,,,
2020-08-27,1343,1364,950,1109,,,,
2020-08-28,1347,1406,967,1401,,,,
2020-08-31,411,493,348,370,,,,
2020-09-01,478,1174,478,1174,,,,
2020-09-02,885,1333,773,1294,,,,
2020-09-03,916,1076,312,379,,,,
2020-09-04,1456,1456,402,859,,,,
2020-09-08,160,644,141,347,,,,
2020-09-09,1518,1519,1123,1296,,,,
2020-09-10,1203,1262,371,373,,,,
2020-09-11,1110,1146,656,903,,,,
2020-09-14,1499,1639,1491,1562,,,,
2020-09-15,1520,1520,901,929,,,,
2020-09-16,1243,1542,1144,1196,,,,
2020-09-17,127,832,127,761,,,,
2020-09-18,970,1063,382,542,,,,
2020-09-21,102,238,87,238,,,,
2020-09-22,1379,1464,720,1042,,,,
2020-09-23,1167,1234,171,172,,,,
2020-09-24,408,1501,239,1051,,,,
2020-09-25,518,1431,518,1350,,,,
2020-09-28,1776,1776,1652,1652,,,,
2020-09-29,763,835,404,561,,,,
2020-09-30,1452,1605,843,1075,,,,
2020-10-01,1455,1486,816,1250,,,,
2020-10-02,106,1383,106,1299,,,,
2020-10-05,1671,1671,1374,1528,,,,
2020-10-06,1480,1499,605,606,,,,
2020-10-07,1656,1656,1331,1458,,,,
2020-10-08,1614,1614,1330,1541,,,,
2020-10-09,1641,1641,840,947,,,,
2020-10-12,974,1240,925,1165,,,,
2020-10-13,405,503,343,454,,,,
2020-10-14,1257,1419,744,744,,,,
2020-10-15,110,1227,110,1189,,,,
2020-10-16,1042,1167,787,806,,,,
2020-10-19,1222,1406,405,416,,,,
2020-10-20,1620,1620,1278,1287,,,,
2020-10-21,867,1097,713,742,,,,
2020-10-22,1233,1434,886,1388,,,,
2020-10-23,1472,1472,935,1226,,,,
2020-10-26,183,232,97,201,,,,
2020-10-27,778,852,453,453,,,,
2020-10-28,71,190,71,129,,,,
2020-10-29,649,1437,419,1324,,,,
2020-10-30,799,799,334,664,,,,
2020-11-02,1619,1653,1399,1562,,,,
2020-11-03,1726,1781,1565,1634,,,,
2020-11-04,670,1102,572,739,,,,
2020-11-05,1643,1728,1569,1582,,,,
2020-11-06,1094,1096,652,695,,,,
2020-11-09,1704,1704,1462,1462,,,,
2020-11-10,1325,1416,1186,1390,,,,
2020-11-11,1093,1093,695,829,,,,
2020-11-12,379,603,263,327,,,,
2020-11-13,1608,1707,1555,1665,,,,
2020-11-16,1619,1656,1528,1616,,,,
2020-11-17,344,1168,297,1020,,,,
2020-11-18,1158,1291,591,591,,,,
2020-11-19,488,1176,488,1174,,,,
2020-11-20,718,884,649,842,,,,
2020-11-23,1611,1635,1444,1490,,,,
2020-11-24,1658,1658,1537,1556,,,,
2020-11-25,484,734,419,693,,,,
2020-11-27,922,985,711,902,,,,
2020-11-30,607,607,265,394,,,,
2020-12-01,1706,1706,1340,1364,,,,
2020-12-02,374,1167,374,1119,,,,
2020-12-03,1179,1470,1123,1213,,,,
2020-12-04,1576,1633,1505,1603,,,,
2020-12-07,737,777,548,699,,,,
2020-12-08,633,1199,633,1138,,,,
2020-12-09,1493,1494,710,915,,,,
2020-12-10,497,1165,497,1096,,,,
2020-12-11,439,810,407,661,,,,
2020-12-14,1675,1675,588,588,,,,
2020-12-15,1511,1643,1292,1636,,,,
2020-12-16,1154,1154,677,778,,,,
2020-12-17,1324,1324,1006,1314,,,,
2020-12-18,1125,1125,618,703,,,,
2020-12-21,231,651,231,606,,,,
2020-12-22,998,1030,694,817,,,,
2020-12-23,1582,1597,1387,1387,,,,
2020-12-24,1007,1034,717,1034,,,,
2020-12-28,1590,1590,1025,1032,,,,
2020-12-29,1451,1451,424,525,,,,
2020-12-30,1455,1666,1335,1359,,,,
2020-12-31,473,1221,473,1110,,,,
2021-01-04,1419,1419,382,542,,,,
2021-01-05,1334,1591,1255,1478,,,,
2021-01-06,1446,1688,1446,1551,,,,
2021-01-07,1367,1374,1133,1224,,,,
2021-01-08,1303,1303,520,855,,,,
2021-01-11,351,898,351,822,,,,
2021-01-12,1264,1473,1204,1463,,,,
2021-01-13,972,972,644,727,,,,
2021-01-14,1519,1552,1346,1368,,,,
2021-01-15,345,634,224,540,,,,
2021-01-19,1416,1416,974,1156,,,,
2021-01-20,1298,1347,1016,1158,,,,
2021-01-21,887,887,575,657,,,,
2021-01-22,285,1002,285,996,,,,
2021-01-25,742,1050,566,775,,,,
2021-01-26,1401,1401,628,725,,,,
2021-01-27,177,532,177,358,,,,
2021-01-28,1517,1535,1147,1240,,,,
2021-01-29,580,869,289,341,,,,
2021-02-01,1541,1663,1117,1626,,,,
2021-02-02,1473,1572,1370,1479,,,,
2021-02-03,1151,1221,850,1186,,,,
2021-02-04,1237,1452,1237,1449,,,,
2021-02-05,1553,1553,1143,1340,,,,
2021-02-08,1556,1563,1394,1522,,,,
2021-02-09,834,1116,663,999,,,,
2021-02-10,1389,1506,718,1014,,,,
2021-02-11,1202,1345,591,949,,,,
2021-02-12,668,1210,668,1202,,,,
2021-02-16,1455,1455,993,1020,,,,
2021-02-17,423,811,423,769,,,,
2021-02-18,461,642,383,533,,,,
2021-02-19,1533,1603,1424,1436,,,,
2021-02-22,816,1249,816,1087,,,,
2021-02-23,532,983,514,899,,,,
2021-02-24,1276,1576,1210,1489,,,,
2021-02-25,1021,1051,219,239,,,,
2021-02-26,1018,1070,320,603,,,,
2021-03-01,1876,1894,1685,1685,,,,
2021-03-02,930,950,568,713,,,,
2021-03-03,1287,1287,975,989,,,,
2021-03-04,1205,1205,224,434,,,,
2021-03-05,1669,1669,618,1602,,,,
2021-03-08,1226,1532,1226,1277,,,,
2021-03-09,1114,1415,1049,1049,,,,
2021-03-10,1527,1639,1454,1535,,,,
2021-03-11,1106,1556,1106,1408,,,,
2021-03-12,997,1328,997,1326,,,,
2021-03-15,858,1205,822,1205,,,,
2021-03-16,618,636,384,457,,,,
2021-03-17,454,1276,454,1256,,,,
2021-03-18,518,1064,450,476,,,,
2021-03-19,709,1271,590,973,,,,
2021-03-22,576,832,576,709,,,,
2021-03-23,313,524,217,262,,,,
2021-03-24,1118,1487,725,725,,,,
2021-03-25,369,1591,267,1551,,,,
2021-03-26,1533,1624,1184,1617,,,,
2021-03-29,584,958,346,479,,,,
2021-03-30,902,1316,819,1280,,,,
2021-03-31,917,1223,866,932,,,,
2021-04-01,1430,1597,1286,1592,,,,
2021-04-05,1484,1484,1123,1272,,,,
2021-04-06,1097,1404,1079,1141,,,,
2021-04-07,910,910,487,668,,,,
2021-04-08,806,1185,645,1181,,,,
2021-04-09,968,1137,807,1124,,,,
2021-04-12,809,1085,736,1066,,,,
2021-04-13,663,900,500,811,,,,
2021-04-14,1040,1545,1040,1238,,,,
2021-04-15,1025,1253,967,1241,,,,
2021-04-16,1205,1321,978,1236,,,,
2021-04-19,515,821,468,670,,,,
2021-04-20,538,645,364,469,,,,
2021-04-21,552,1725,552,1705,,,,
2021-04-22,885,1291,592,710,,,,
2021-04-23,1065,1678,1065,1601,,,,
2021-04-26,1373,1453,1195,1271,,,,
2021-04-27,795,1215,753,1047,,,,
2021-04-28,706,1239,706,1176,,,,
2021-04-29,1494,1494,901,1135,,,,
2021-04-30,357,702,357,497,,,,
2021-05-03,1190,1551,1190,1403,,,,
2021-05-04,561,812,385,811,,,,
2021-05-05,828,1170,741,1071,,,,
2021-05-06,711,1204,582,1203,,,,
2021-05-07,622,1545,622,1535,,,,
2021-05-10,1067,1246,649,649,,,,
2021-05-11,104,613,104,573,,,,
2021-05-12,583,719,239,244,,,,
2021-05-13,1061,1722,1061,1444,,,,
2021-05-14,1465,1806,1465,1753,,,,
2021-05-17,537,1108,526,1080,,,,
2021-05-18,865,1127,743,743,,,,
2021-05-19,129,599,108,594,,,,
2021-05-20,883,1392,772,1282,,,,
2021-05-21,1106,1568,1059,1171,,,,
2021-05-24,1202,1480,1186,1336,,,,
2021-05-25,1168,1373,537,537,,,,
2021-05-26,1350,1623,1326,1553,,,,
2021-05-27,1485,1485,1335,1335,,,,
2021-05-28,1194,1194,910,1117,,,,
2021-06-01,1698,1698,1419,1535,,,,
2021-06-02,875,1059,857,1001,,,,
2021-06-03,307,868,240,822,,,,
2021-06-04,1465,1465,882,1240,,,,
2021-06-07,1280,1283,1021,1134,,,,
2021-06-08,992,1436,791,1349,,,,
2021-06-09,1038,1038,774,777,,,,
2021-06-10,1409,1468,850,949,,,,
2021-06-11,1355,1406,1138,1361,,,,
2021-06-14,1145,1145,593,714,,,,
2021-06-15,1069,1069,537,1020,,,,
2021-06-16,685,1094,526,715,,,,
2021-06-17,895,895,383,504,,,,
2021-06-18,291,469,284,333,,,,
2021-06-21,1514,1734,1494,1696,,,,
2021-06-22,524,1147,460,996,,,,
2021-06-23,1169,1370,1023,1023,,,,
2021-06-24,1438,1544,1136,1505,,,,
2021-06-25,1315,1446,1182,1182,,,,
2021-06-28,764,764,467,605,,,,
2021-06-29,1368,1368,749,772,,,,
2021-06-30,739,1233,739,1151,,,,
2021-07-01,1560,1560,1271,1405,,,,
2021-07-02,993,993,637,864,,,,
2021-07-06,608,608,310,524,,,,
2021-07-07,1054,1054,495,928,,,,
2021-07-08,83,640,83,364,,,,
2021-07-09,1738,1842,1703,1838,,,,
2021-07-12,513,1227,481,1192,,,,
2021-07-13,485,500,344,344,,,,
2021-07-14,1514,1613,643,759,,,,
2021-07-15,455,1017,401,842,,,,
2021-07-16,1521,1521,520,554,,,,
2021-07-19,92,341,92,283,,,,
2021-07-20,943,1842,943,1797,,,,
2021-07-21,1676,1743,1668,1671,,,,
2021-07-22,633,633,406,525,,,,
2021-07-23,1341,1398,982,1292,,,,
2021-07-26,1348,1348,1111,1245,,,,
2021-07-27,285,764,285,686,,,,
2021-07-28,1448,1490,701,1302,,,,
2021-07-29,1603,1648,1442,1443,,,,
2021-07-30,771,1263,624,720,,,,
2021-08-02,1569,1618,804,804,,,,
2021-08-03,979,1291,522,1284,,,,
2021-08-04,610,753,445,490,,,,
2021-08-05,1431,1550,1404,1488,,,,
2021-08-06,1411,1411,1184,1284,,,,
2021-08-09,528,925,523,732,,,,
2021-08-10,1146,1393,1146,1302,,,,
2021-08-11,983,1454,983,1454,,,,
2021-08-12,731,953,544,794,,,,
2021-08-13,843,945,703,866,,,,
2021-08-16,316,770,310,651,,,,
2021-08-17,212,569,212,527,,,,
2021-08-18,626,1195,507,508,,,,
2021-08-19,239,662,239,522,,,,
2021-08-20,837,1681,837,1614,,,,
2021-08-23,1687,1687,1431,1540,,,,
2021-08-24,1438,1564,1400,1499,,,,
2021-08-25,684,1498,684,1280,,,,
2021-08-26,676,989,423,481,,,,
2021-08-27,1497,1852,1497,1791,,,,
2021-08-30,1061,1061,636,805,,,,
2021-08-31,966,1277,827,1146,,,,
2021-09-01,1151,1358,866,1205,,,,
2021-09-02,1456,1464,1176,1372,,,,
2021-09-03,681,815,555,765,,,,
2021-09-07,768,992,609,610,,,,
2021-09-08,590,885,502,720,,,,
2021-09-09,707,1323,707,936,,,,
2021-09-10,1169,1169,597,597,,,,
2021-09-13,1512,1512,1247,1405,,,,
2021-09-14,1321,1321,456,521,,,,
2021-09-15,919,1512,919,1478,,,,
2021-09-16,1071,1080,572,825,,,,
2021-09-17,1034,1034,594,725,,,,
2021-09-20,89,298,89,294,,,,
2021-09-21,1700,1700,810,1003,,,,
2021-09-22,1708,1863,1677,1696,,,,
2021-09-23,1586,1743,1586,1605,,,,
2021-09-24,642,1125,642,900,,,,
2021-09-27,1441,1441,1440,1440,,,,
2021-09-28,692,883,350,398,,,,
2021-09-29,1185,1368,1009,1098,,,,
2021-09-30,1263,1347,519,597,,,,
2021-10-01,1577,1736,1023,1633,,,,
2021-10-04,886,952,766,839,,,,
2021-10-05,1089,1586,1089,1300,,,,
2021-10-06,211,861,202,854,,,,
2021-10-07,1691,1816,1564,1584,,,,
2021-10-08,1066,1311,860,861,,,,
2021-10-11,1175,1546,772,772,,,,
2021-10-12,1250,1459,1135,1208,,,,
2021-10-13,1027,1226,579,1167,,,,
2021-10-14,1791,1791,1564,1603,,,,
2021-10-15,1660,1688,1036,1036,,,,
2021-10-18,1021,1160,945,1017,,,,
2021-10-19,1332,1332,987,1224,,,,
2021-10-20,1000,1536,1000,1456,,,,
2021-10-21,872,1095,755,1028,,,,
2021-10-22,1082,1283,928,1000,,,,
2021-10-25,1088,1431,996,1358,,,,
2021-10-26,1015,1198,770,770,,,,
2021-10-27,662,775,393,393,,,,
2021-10-28,1352,1531,1352,1524,,,,
2021-10-29,759,991,657,832,,,,
2021-11-01,1475,1689,1429,1656,,,,
2021-11-02,810,848,629,833,,,,
2021-11-03,942,1524,942,1479,,,,
2021-11-04,1229,1307,687,785,,,,
2021-11-05,1546,1643,1348,1425,,,,
2021-11-08,1442,1442,1049,1134,,,,
2021-11-09,1105,1105,695,1010,,,,
2021-11-10,997,1135,663,754,,,,
2021-11-11,1262,1359,1204,1290,,,,
2021-11-12,1108,1240,1002,1125,,,,
2021-11-15,1249,1249,891,996,,,,
2021-11-16,782,1076,782,907,,,,
2021-11-17,608,670,433,604,,,,
2021-11-18,1083,1083,401,708,,,,
2021-11-19,560,806,560,630,,,,
2021-11-22,1249,1452,1073,1074,,,,
2021-11-23,1160,1363,888,1140,,,,
2021-11-24,380,1161,380,1088,,,,
2021-11-26,179,232,140,225,,,,
2021-11-29,1651,1651,714,990,,,,
2021-11-30,444,515,163,303,,,,
2021-12-01,1849,1849,425,425,,,,
2021-12-02,1718,1821,1578,1776,,,,
2021-12-03,1384,1384,358,569,,,,
2021-12-06,1489,1809,1427,1718,,,,
2021-12-07,1808,1920,1653,1717,,,,
2021-12-08,1153,1454,1153,1372,,,,
2021-12-09,401,611,361,365,,,,
2021-12-10,1572,1572,728,1056,,,,
2021-12-13,646,657,441,512,,,,
2021-12-14,651,1220,590,592,,,,
2021-12-15,1005,1474,520,1449,,,,
2021-12-16,1566,1593,728,814,,,,
2021-12-17,457,1243,353,893,,,,
2021-12-20,138,360,128,349,,,,
2021-12-21,1820,1879,1784,1838,,,,
2021-12-22,1051,1574,889,1565,,,,
2021-12-23,1448,1636,1379,1529,,,,
2021-12-27,1146,1601,897,1600,,,,
2021-12-28,1009,1591,870,965,,,,
2021-12-29,831,1226,831,1155,,,,
2021-12-30,1512,1670,1041,1041,,,,
2021-12-31,1147,1418,954,1195,,,,
2022-01-03,1522,1522,1240,1375,,,,
2022-01-04,1550,1550,1330,1331,,,,
2022-01-05,1299,1322,394,394,,,,
2022-01-06,1405,1480,892,1165,,,,
2022-01-07,957,1332,957,1055,,,,
2022-01-10,615,763,315,762,,,,
2022-01-11,1185,1610,873,1576,,,,
2022-01-12,1550,1586,779,1038,,,,
2022-01-13,1332,1488,1004,1005,,,,
2022-01-14,378,976,378,965,,,,
2022-01-18,414,521,241,332,,,,
2022-01-19,1407,1407,572,572,,,,
2022-01-20,1356,1753,432,437,,,,
2022-01-21,558,1200,358,358,,,,
2022-01-24,102,1243,102,1218,,,,
2022-01-25,147,1091,122,819,,,,
2022-01-26,1585,1865,353,578,,,,
2022-01-27,1629,1738,437,549,,,,
2022-01-28,703,1615,391,1615,,,,
2022-01-31,941,1800,941,1798,,,,
2022-02-01,1225,1571,742,1551,,,,
2022-02-02,889,989,623,945,,,,
2022-02-03,237,723,237,388,,,,
2022-02-04,689,1330,612,1106,,,,
2022-02-07,1160,1532,997,1193,,,,
2022-02-08,1265,1533,1235,1503,,,,
2022-02-09,1685,1734,1586,1605,,,,
2022-02-10,383,1357,383,545,,,,
2022-02-11,1256,1624,578,693,,,,
2022-02-14,1067,1067,441,662,,,,
2022-02-15,1652,1768,1652,1729,,,,
2022-02-16,942,1340,866,1248,,,,
2022-02-17,333,581,332,440,,,,
2022-02-18,818,1303,537,667,,,,
2022-02-22,528,974,344,470,,,,
2022-02-23,1553,1553,486,494,,,,
2022-02-24,175,1296,175,1273,,,,
2022-02-25,1512,1767,1145,1750,,,,
2022-02-28,928,929,926,929,,,,
2022-03-01,986,986,494,643,,,,
2022-03-02,1463,1735,1463,1713,,,,
2022-03-03,1337,1337,495,857,,,,
2022-03-04,381,733,381,732,,,,
2022-03-07,844,844,485,491,,,,
2022-03-08,865,1520,865,1179,,,,
2022-03-09,1271,1762,1271,1672,,,,
2022-03-10,565,1001,488,967,,,,
2022-03-11,1447,1447,555,555,,,,
2022-03-14,1140,1187,563,682,,,,
2022-03-15,1306,1558,1200,1524,,,,
2022-03-16,1733,1792,1178,1747,,,,
2022-03-17,698,1631,698,1629,,,,
2022-03-18,675,1392,675,1370,,,,
2022-03-21,1182,1182,816,938,,,,
2022-03-22,1485,1630,1236,1382,,,,
2022-03-23,566,852,476,625,,,,
2022-03-24,1203,1486,1117,1485,,,,
2022-03-25,1170,1302,1046,1302,,,,
2022-03-28,735,954,503,945,,,,
2022-03-29,1527,1713,1485,1701,,,,
2022-03-30,740,920,574,636,,,,
2022-03-31,956,1224,577,579,,,,
2022-04-01,1522,1524,1104,1486,,,,
2022-04-04,956,1083,832,1078,,,,
2022-04-05,1151,1151,378,380,,,,
2022-04-06,384,728,384,663,,,,
2022-04-07,810,1055,468,904,,,,
2022-04-08,944,1428,740,1032,,,,
2022-04-11,916,1164,693,732,,,,
2022-04-12,1556,1761,942,1026,,,,
2022-04-13,1279,1767,1279,1746,,,,
2022-04-14,1334,1334,801,802,,,,
2022-04-18,848,1047,667,797,,,,
2022-04-19,1246,1655,1246,1625,,,,
2022-04-20,1305,1540,1305,1366,,,,
2022-04-21,1586,1586,351,352,,,,
2022-04-22,618,694,227,238,,,,
2022-04-25,352,1076,297,1076,,,,
2022-04-26,458,520,228,228,,,,
2022-04-27,1203,1493,1044,1044,,,,
2022-04-28,1509,1763,639,1719,,,,
2022-04-29,882,1115,256,257,,,,
2022-05-02,914,1430,488,1128,,,,
2022-05-03,1083,1560,1083,1432,,,,
2022-05-04,979,1812,719,1810,,,,
2022-05-05,314,314,114,173,,,,
2022-05-06,247,728,247,606,,,,
2022-05-09,130,409,130,249,,,,
2022-05-10,1761,1761,343,807,,,,
2022-05-11,1518,1632,572,583,,,,
2022-05-12,792,1384,693,1229,,,,
2022-05-13,1811,1920,1711,1849,,,,
2022-05-16,761,1302,761,1016,,,,
2022-05-17,1768,1845,1608,1844,,,,
2022-05-18,487,573,184,209,,,,
2022-05-19,675,1348,675,1034,,,,
2022-05-20,1298,1298,287,965,,,,
2022-05-23,1545,1648,1197,1549,,,,
2022-05-24,330,785,205,784,,,,
2022-05-25,889,1733,889,1609,,,,
2022-05-26,1775,1861,1743,1743,,,,
2022-05-27,1568,1836,1568,1836,,,,
2022-05-31,482,838,475,625,,,,
2022-06-01,1345,1345,374,779,,,,
2022-06-02,1120,1699,1120,1698,,,,
2022-06-03,329,562,313,503,,,,
2022-06-06,1651,1651,1207,1259,,,,
2022-06-07,318,1483,318,1483,,,,
2022-06-08,369,756,369,457,,,,
2022-06-09,330,681,261,261,,,,
2022-06-10,71,363,71,287,,,,
2022-06-13,51,104,50,82,,,,
2022-06-14,1124,1124,641,827,,,,
2022-06-15,1589,1823,1432,1557,,,,
2022-06-16,90,160,90,156,,,,
2022-06-17,1454,1454,917,1278,,,,
2022-06-21,1773,1773,1592,1593,,,,
2022-06-22,420,1167,420,891,,,,
2022-06-23,1353,1353,858,1164,,,,
2022-06-24,1707,1881,1707,1759,,,,
2022-06-27,1044,1401,952,1167,,,,
2022-06-28,1743,1743,470,480,,,,
2022-06-29,463,559,313,534,,,,
2022-06-30,149,988,149,748,,,,
2022-07-01,974,1555,714,1555,,,,
2022-07-05,105,922,105,922,,,,
2022-07-06,973,973,369,710,,,,
2022-07-07,1700,1792,1700,1717,,,,
2022-07-08,382,1255,382,842,,,,
2022-07-11,496,597,307,433,,,,
2022-07-12,1213,1357,772,904,,,,
2022-07-13,490,1098,490,906,,,,
2022-07-14,74,448,74,443,,,,
2022-07-15,1196,1815,1196,1800,,,,
2022-07-18,1780,1780,1141,1151,,,,
2022-07-19,1833,1931,1833,1900,,,,
2022-07-20,994,1429,873,1392,,,,
2022-07-21,402,1251,402,1251,,,,
2022-07-22,1257,1257,397,652,,,,
2022-07-25,949,1412,949,1358,,,,
2022-07-26,607,839,544,733,,,,
2022-07-27,1518,1818,1293,1784,,,,
2022-07-28,1147,1553,763,1541,,,,
2022-07-29,895,1488,895,1387,,,,
2022-08-01,312,1147,312,968,,,,
2022-08-02,602,1198,598,749,,,,
2022-08-03,1364,1492,1201,1399,,,,
2022-08-04,904,1022,874,959,,,,
2022-08-05,336,1185,336,1185,,,,
2022-08-08,1664,1748,1341,1439,,,,
2022-08-09,807,807,692,783,,,,
2022-08-10,1731,1809,1717,1790,,,,
2022-08-11,1668,1802,1322,1326,,,,
2022-08-12,1334,1749,1334,1749,,,,
2022-08-15,386,1003,386,957,,,,
2022-08-16,708,1312,708,1168,,,,
2022-08-17,217,578,217,425,,,,
2022-08-18,985,1300,886,1216,,,,
2022-08-19,235,286,163,229,,,,
2022-08-22,148,336,148,303,,,,
2022-08-23,1409,1500,1020,1023,,,,
2022-08-24,1091,1506,1091,1272,,,,
2022-08-25,1354,1695,1354,1694,,,,
2022-08-26,510,510,128,141,,,,
2022-08-29,285,960,285,641,,,,
2022-08-30,1163,1163,230,319,,,,
2022-08-31,941,1221,547,548,,,,
2022-09-01,217,611,189,610,,,,
2022-09-02,1562,1728,648,683,,,,
2022-09-06,1288,1288,498,658,,,,
2022-09-07,808,1640,808,1624,,,,
2022-09-08,629,1224,629,1206,,,,
2022-09-09,1686,1832,1686,1775,,,,
2022-09-12,1561,1650,1542,1629,,,,
2022-09-13,169,169,89,91,,,,
2022-09-14,823,1062,664,965,,,,
2022-09-15,1190,1305,497,601,,,,
2022-09-16,108,512,108,511,,,,
2022-09-19,437,1399,437,1399,,,,
2022-09-20,199,315,162,256,,,,
2022-09-21,1362,1457,325,327,,,,
2022-09-22,731,731,303,348,,,,
2022-09-23,97,205,72,205,,,,
2022-09-26,949,1082,275,290,,,,
2022-09-27,1749,1749,764,967,,,,
2022-09-28,1013,1849,1013,1818,,,,
2022-09-29,83,264,70,264,,,,
2022-09-30,903,1629,700,701,,,,
2022-10-03,1494,1845,1494,1789,,,,
2022-10-04,1895,1918,1860,1880,,,,
2022-10-05,278,778,164,616,,,,
2022-10-06,833,1048,431,552,,,,
2022-10-07,259,330,150,208,,,,
2022-10-10,1015,1018,554,744,,,,
2022-10-11,428,1438,399,919,,,,
2022-10-12,512,1077,512,782,,,,
2022-10-13,96,1741,96,1670,,,,
2022-10-14,1180,1180,214,214,,,,
2022-10-17,1848,1887,1816,1821,,,,
2022-10-18,1813,1813,1384,1579,,,,
2022-10-19,460,637,281,441,,,,
2022-10-20,1138,1570,522,614,,,,
2022-10-21,1020,1659,1020,1659,,,,
2022-10-24,1096,1283,873,1203,,,,
2022-10-25,1619,1768,1619,1750,,,,
2022-10-26,1333,1666,1128,1129,,,,
2022-10-27,1334,1595,1116,1125,,,,
2022-10-28,1215,1570,901,1568,,,,
2022-10-31,647,1164,647,905,,,,
2022-11-01,1635,1635,1153,1200,,,,
2022-11-02,408,1214,219,220,,,,
2022-11-03,283,1072,283,879,,,,
2022-11-04,1650,1668,1149,1513,,,,
2022-11-07,1451,1451,935,1246,,,,
2022-11-08,1094,1481,630,1079,,,,
2022-11-09,255,696,245,245,,,,
2022-11-10,1730,1850,1730,1811,,,,
2022-11-11,1423,1495,1236,1293,,,,
2022-11-14,620,1060,566,566,,,,
2022-11-15,1652,1767,1369,1484,,,,
2022-11-16,520,571,406,478,,,,
2022-11-17,138,706,138,706,,,,
2022-11-18,1424,1424,969,1198,,,,
2022-11-21,579,890,567,837,,,,
2022-11-22,1359,1524,1334,1523,,,,
2022-11-23,755,1214,755,1131,,,,
2022-11-25,1003,1404,1003,1259,,,,
2022-11-28,402,434,233,256,,,,
2022-11-29,1018,1501,1018,1251,,,,
2022-11-30,1022,1751,595,1751,,,,
2022-12-01,1429,1429,870,959,,,,
2022-12-02,310,1209,310,1094,,,,
2022-12-05,453,453,195,213,,,,
2022-12-06,944,944,325,499,,,,
2022-12-07,756,1247,756,790,,,,
2022-12-08,1217,1630,1147,1242,,,,
2022-12-09,632,1130,593,594,,,,
2022-12-12,956,1408,858,1396,,,,
2022-12-13,1838,1838,1160,1318,,,,
2022-12-14,1031,1359,562,708,,,,
2022-12-15,196,313,156,267,,,,
2022-12-16,319,541,269,510,,,,
2022-12-19,943,963,401,526,,,,
2022-12-20,861,1458,780,1171,,,,
2022-12-21,1555,1771,1555,1640,,,,
2022-12-22,224,409,112,408,,,,
2022-12-23,611,1449,611,1448,,,,
2022-12-27,827,1156,663,1014,,,,
2022-12-28,1157,1157,271,292,,,,
2022-12-29,1624,1831,1624,1781,,,,
2022-12-30,322,832,252,755,,,,
2023-01-03,1536,1536,723,1021,,,,
2023-01-04,1587,1707,1414,1563,,,,
2023-01-05,328,758,328,667,,,,
2023-01-06,1645,1753,1357,1713,,,,
2023-01-09,1415,1612,1112,1112,,,,
2023-01-10,1085,1457,835,1457,,,,
2023-01-11,1442,1596,1342,1494,,,,
2023-01-12,1238,1530,1210,1462,,,,
2023-01-13,366,1244,366,1212,,,,
2023-01-17,1029,1218,903,919,,,,
2023-01-18,1459,1470,375,375,,,,
2023-01-19,412,801,384,660,,,,
2023-01-20,1005,1652,1005,1652,,,,
2023-01-23,984,1611,984,1416,,,,
2023-01-24,487,1022,487,847,,,,
2023-01-25,211,1145,211,1145,,,,
2023-01-26,1093,1328,883,1328,,,,
2023-01-27,635,1293,635,1116,,,,
2023-01-30,352,985,352,410,,,,
2023-01-31,1265,1757,1265,1757,,,,
2023-02-01,965,1562,652,1405,,,,
2023-02-02,1424,1460,1181,1289,,,,
2023-02-03,379,877,379,579,,,,
2023-02-06,432,507,287,482,,,,
2023-02-07,527,1363,442,1269,,,,
2023-02-08,559,731,354,452,,,,
2023-02-09,1592,1592,355,416,,,,
2023-02-10,710,1155,710,1126,,,,
2023-02-13,875,1557,875,1518,,,,
2023-02-14,659,1330,417,897,,,,
2023-02-15,351,1277,351,1276,,,,
2023-02-16,214,938,214,516,,,,
2023-02-17,468,910,468,890,,,,
2023-02-21,314,338,193,200,,,,
2023-02-22,1326,1436,899,986,,,,
2023-02-23,1547,1588,628,1243,,,,
2023-02-24,156,532,156,532,,,,
2023-02-27,1599,1708,1014,1074,,,,
2023-02-28,865,1330,821,821,,,,
2023-03-01,1177,1177,814,937,,,,
2023-03-02,292,1222,292,1222,,,,
2023-03-03,1353,1688,1150,1613,,,,
2023-03-06,954,1016,498,534,,,,
2023-03-07,813,813,307,339,,,,
2023-03-08,1161,1330,723,1044,,,,
2023-03-09,1129,1158,177,177,,,,
2023-03-10,398,729,145,198,,,,
2023-03-13,552,807,541,561,,,,
2023-03-14,1623,1783,1211,1486,,,,
2023-03-15,92,395,92,394,,,,
2023-03-16,433,1548,433,1476,,,,
2023-03-17,326,326,171,245,,,,
2023-03-20,1510,1602,1352,1396,,,,
2023-03-21,1731,1731,1542,1592,,,,
2023-03-22,660,992,233,233,,,,
2023-03-23,1599,1709,537,694,,,,
2023-03-24,281,1284,281,1282,,,,
2023-03-27,1650,1650,1332,1494,,,,
2023-03-28,622,1407,622,1210,,,,
2023-03-29,1612,1650,1403,1568,,,,
2023-03-30,1656,1674,1114,1264,,,,
2023-03-31,1632,1685,1518,1675,,,,
2023-04-03,1157,1229,628,939,,,,
2023-04-04,580,580,317,449,,,,
2023-04-05,533,649,409,643,,,,
2023-04-06,825,1083,664,993,,,,
2023-04-10,500,1363,500,1363,,,,
2023-04-11,1398,1636,1398,1435,,,,
2023-04-12,1412,1412,774,785,,,,
2023-04-13,1412,1412,774,1404,,,,
2023-04-14,1088,1382,408,650,,,,
2023-04-17,1006,1291,945,1290,,,,
2023-04-18,1026,1026,691,847,,,,
2023-04-19,410,991,410,912,,,,
2023-04-20,395,778,395,649,,,,
2023-04-21,998,998,529,842,,,,
2023-04-24,875,1234,804,1020,,,,
2023-04-25,308,381,225,242,,,,
2023-04-26,868,962,488,523,,,,
2023-04-27,1401,1583,1091,1577,,,,
2023-04-28,860,1511,860,1413,,,,
2023-05-01,952,1338,820,866,,,,
2023-05-02,197,378,152,357,,,,
2023-05-03,1413,1413,785,787,,,,
2023-05-04,715,715,410,575,,,,
2023-05-05,1659,1707,1611,1683,,,,
2023-05-08,1249,1249,856,939,,,,
2023-05-09,363,960,363,816,,,,
2023-05-10,1568,1568,671,1013,,,,
2023-05-11,325,610,325,609,,,,
2023-05-12,1309,1348,509,809,,,,
2023-05-15,1118,1493,1107,1359,,,,
2023-05-16,414,423,257,307,,,,
2023-05-17,1472,1605,1132,1545,,,,
2023-05-18,440,1260,440,1214,,,,
2023-05-19,1443,1443,611,725,,,,
2023-05-22,1250,1424,994,1223,,,,
2023-05-23,750,1300,746,747,,,,
2023-05-24,506,506,261,403,,,,
2023-05-25,673,673,383,593,,,,
2023-05-26,1162,1417,1077,1326,,,,
2023-05-30,1229,1229,696,784,,,,
2023-05-31,543,619,337,619,,,,
2023-06-01,906,1488,793,1397,,,,
2023-06-02,1705,1772,1684,1766,,,,
2023-06-05,705,765,511,574,,,,
2023-06-06,565,1630,565,1600,,,,
2023-06-07,1577,1577,1392,1436,,,,
2023-06-08,861,861,433,812,,,,
2023-06-09,755,898,599,656,,,,
2023-06-12,823,1193,823,1058,,,,
2023-06-13,1584,1647,1404,1433,,,,
2023-06-14,1406,1406,560,675,,,,
2023-06-15,1115,1525,1026,1525,,,,
2023-06-16,1304,1304,638,776,,,,
2023-06-20,399,597,399,543,,,,
2023-06-21,345,1212,345,959,,,,
2023-06-22,363,600,326,574,,,,
2023-06-23,210,497,210,415,,,,
2023-06-26,1132,1506,1132,1271,,,,
2023-06-27,1180,1542,1180,1484,,,,
2023-06-28,445,929,445,928,,,,
2023-06-29,1027,1596,1027,1547,,,,
2023-06-30,1607,1607,1223,1313,,,,
2023-07-03,1171,1364,1171,1311,,,,
2023-07-05,274,645,274,512,,,,
2023-07-06,139,296,87,293,,,,
2023-07-07,1326,1657,1326,1398,,,,
2023-07-10,1039,1519,1039,1335,,,,
2023-07-11,1489,1563,1270,1555,,,,
2023-07-12,1772,1772,1360,1360,,,,
2023-07-13,1183,1447,1183,1361,,,,
2023-07-14,506,506,283,467,,,,
2023-07-17,640,1296,640,1164,,,,
2023-07-18,1517,1591,1256,1373,,,,
2023-07-19,1266,1406,1043,1189,,,,
2023-07-20,716,870,577,860,,,,
2023-07-21,1120,1120,795,830,,,,
2023-07-24,1486,1486,1048,1202,,,,
2023-07-25,895,1166,855,1010,,,,
2023-07-26,1325,1325,1040,1186,,,,
2023-07-27,1161,1161,413,424,,,,
2023-07-28,1596,1609,1283,1387,,,,
2023-07-31,1443,1480,1245,1357,,,,
2023-08-01,708,708,414,703,,,,
2023-08-02,310,478,288,444,,,,
2023-08-03,514,971,514,848,,,,
2023-08-04,1252,1451,903,914,,,,
2023-08-07,1391,1391,1019,1271,,,,
2023-08-08,225,654,223,654,,,,
2023-08-09,931,976,644,777,,,,
2023-08-10,1511,1643,700,834,,,,
2023-08-11,724,1174,724,1013,,,,
2023-08-14,317,711,315,708,,,,
2023-08-15,269,345,202,273,,,,
2023-08-16,1206,1210,490,490,,,,
2023-08-17,1393,1393,606,607,,,,
2023-08-18,732,1265,732,1173,,,,
2023-08-21,935,935,471,745,,,,
2023-08-22,1216,1216,745,791,,,,
2023-08-23,1195,1514,1195,1458,,,,
2023-08-24,1253,1253,447,448,,,,
2023-08-25,1428,1428,572,1179,,,,
2023-08-28,1692,1707,1402,1497,,,,
2023-08-29,1023,1635,1018,1617,,,,
2023-08-30,1044,1423,1044,1136,,,,
2023-08-31,1110,1283,751,771,,,,
2023-09-01,1698,1698,1348,1358,,,,
2023-09-05,374,482,365,365,,,,
2023-09-06,1145,1145,485,728,,,,
2023-09-07,681,714,449,658,,,,
2023-09-08,807,1141,801,959,,,,
2023-09-11,1630,1630,1091,1098,,,,
2023-09-12,1095,1190,914,956,,,,
2023-09-13,676,819,590,650,,,,
2023-09-14,1694,1694,1543,1625,,,,
2023-09-15,696,708,459,580,,,,
2023-09-18,662,941,662,764,,,,
2023-09-19,1168,1168,587,751,,,,
2023-09-20,1607,1636,665,665,,,,
2023-09-21,214,455,214,308,,,,
2023-09-22,1235,1295,791,792,,,,
2023-09-25,728,1207,728,1091,,,,
2023-09-26,730,730,251,251,,,,
2023-09-27,1364,1478,889,1130,,,,
2023-09-28,1128,1564,1128,1387,,,,
2023-09-29,1386,1402,657,747,,,,
2023-10-02,421,519,274,347,,,,
2023-10-03,278,378,246,347,,,,
2023-10-04,951,1178,539,1158,,,,
2023-10-05,678,1051,595,935,,,,
2023-10-06,479,1583,445,1375,,,,
2023-10-09,710,1364,662,1249,,,,
2023-10-10,1408,1703,1408,1432,,,,
2023-10-11,1423,1423,832,1133,,,,
2023-10-12,425,426,157,267,,,,
2023-10-13,1182,1182,601,693,,,,
2023-10-16,1385,1699,1385,1629,,,,
2023-10-17,1235,1671,1235,1381,,,,
2023-10-18,357,436,277,288,,,,
2023-10-19,601,1022,337,358,,,,
2023-10-20,785,791,402,403,,,,
2023-10-23,241,1118,241,513,,,,
2023-10-24,1452,1558,1113,1245,,,,
2023-10-25,505,710,370,489,,,,
2023-10-26,1059,1323,896,1039,,,,
2023-10-27,602,769,411,433,,,,
2023-10-30,1627,1627,1057,1356,,,,
2023-10-31,1041,1357,1014,1332,,,,
2023-11-01,572,1189,572,1142,,,,
2023-11-02,1635,1705,1578,1704,,,,
2023-11-03,1675,1702,1571,1574,,,,
2023-11-06,556,567,452,527,,,,
2023-11-07,432,818,432,733,,,,
2023-11-08,969,991,537,650,,,,
2023-11-09,1203,1203,526,555,,,,
2023-11-10,1171,1433,822,1415,,,,
2023-11-13,523,1043,523,862,,,,
2023-11-14,1779,1813,1765,1796,,,,
2023-11-15,1259,1539,1056,1056,,,,
2023-11-16,739,739,429,524,,,,
2023-11-17,1505,1536,1303,1438,,,,
2023-11-20,917,1275,887,1207,,,,
2023-11-21,456,704,418,578,,,,
2023-11-22,1449,1453,1144,1341,,,,
2023-11-24,1216,1499,1216,1452,,,,
2023-11-27,361,810,361,699,,,,
2023-11-28,481,1128,481,826,,,,
2023-11-29,1490,1490,1152,1154,,,,
2023-11-30,775,1286,775,1185,,,,
2023-12-01,977,1724,977,1694,,,,
2023-12-04,1052,1125,877,1106,,,,
2023-12-05,275,504,275,362,,,,
2023-12-06,1468,1552,888,891,,,,
2023-12-07,840,1288,840,1241,,,,
2023-12-08,1232,1232,1232,1232,,,,
2023-12-11,949,1075,837,1044,,,,
2023-12-12,420,960,420,821,,,,
2023-12-13,879,1734,760,1728,,,,
2023-12-14,1632,1632,1393,1472,,,,
2023-12-15,550,758,386,510,,,,
2023-12-18,1021,1129,956,978,,,,
2023-12-19,1615,1667,1572,1631,,,,
2023-12-20,655,1285,265,266,,,,
2023-12-21,1680,1715,1332,1663,,,,
2023-12-22,1597,1597,1091,1295,,,,
2023-12-26,1274,1634,1157,1518,,,,
2023-12-27,1015,1295,845,1038,,,,
2023-12-28,825,1126,749,895,,,,
2023-12-29,807,807,294,397,,,,
2024-01-02,889,1055,693,798,,,,
2024-01-03,276,564,276,394,,,,
2024-01-04,1159,1279,865,866,,,,
2024-01-05,1483,1502,961,1073,,,,
2024-01-08,722,1404,722,1404,,,,
2024-01-09,196,461,196,415,,,,
2024-01-10,978,1131,724,1052,,,,
2024-01-11,490,693,241,693,,,,
2024-01-12,1637,1637,873,953,,,,
2024-01-16,259,449,259,423,,,,
2024-01-17,290,561,290,440,,,,
2024-01-18,1059,1203,686,1194,,,,
2024-01-19,708,1353,543,1351,,,,
2024-01-22,1519,1591,1350,1433,,,,
2024-01-23,1372,1372,743,895,,,,
2024-01-24,1220,1243,638,649,,,,
2024-01-25,1588,1588,1179,1447,,,,
2024-01-26,1487,1487,985,1112,,,,
2024-01-29,567,1351,567,1339,,,,
2024-01-30,534,889,507,785,,,,
2024-01-31,854,1013,248,248,,,,
2024-02-01,1415,1453,880,1451,,,,
2024-02-02,256,839,256,636,,,,
2024-02-05,222,424,154,323,,,,
2024-02-06,1471,1572,1383,1497,,,,
2024-02-07,765,1097,765,972,,,,
2024-02-08,787,1296,787,1287,,,,
2024-02-09,876,1364,836,1325,,,,
2024-02-12,1528,1737,1528,1608,,,,
2024-02-13,122,198,110,147,,,,
2024-02-14,1725,1727,1460,1612,,,,
2024-02-15,1542,1642,1437,1641,,,,
2024-02-16,448,1019,448,650,,,,
2024-02-20,496,756,496,620,,,,
2024-02-21,967,1001,762,992,,,,
2024-02-22,1109,1224,978,1157,,,,
2024-02-23,878,1344,878,1139,,,,
2024-02-26,888,1268,691,802,,,,
2024-02-27,1411,1411,1126,1243,,,,
2024-02-28,663,1049,663,783,,,,
2024-02-29,1569,1569,1205,1327,,,,
2024-03-01,629,1246,629,1235,,,,
2024-03-04,1018,1053,863,874,,,,
2024-03-05,961,1036,653,696,,,,
2024-03-06,1353,1512,1276,1351,,,,
2024-03-07,1590,1590,1280,1336,,,,
2024-03-08,1540,1540,886,997,,,,
2024-03-11,827,991,667,960,,,,
2024-03-12,648,1076,648,1024,,,,
2024-03-13,1448,1459,1000,1133,,,,
2024-03-14,607,607,281,383,,,,
2024-03-15,1149,1280,937,1113,,,,
2024-03-18,864,1139,864,871,,,,
2024-03-19,1249,1400,1208,1303,,,,
2024-03-20,905,1621,905,1586,,,,
2024-03-21,1521,1521,1303,1329,,,,
2024-03-22,916,916,463,484,,,,
2024-03-25,1447,1447,901,902,,,,
2024-03-26,1248,1275,802,803,,,,
2024-03-27,1585,1678,1541,1675,,,,
2024-03-28,1424,1516,1295,1330,,,,
2024-04-01,659,728,514,565,,,,
2024-04-02,423,490,339,490,,,,
2024-04-03,848,1280,848,1195,,,,
2024-04-04,1596,1596,431,498,,,,
2024-04-05,953,1404,868,1205,,,,
2024-04-08,1142,1390,1142,1191,,,,
2024-04-09,1390,1390,858,1157,,,,
2024-04-10,134,314,134,299,,,,
2024-04-11,996,1180,497,1058,,,,
2024-04-12,617,617,112,171,,,,
2024-04-15,1503,1503,275,340,,,,
2024-04-16,260,711,260,565,,,,
2024-04-17,1570,1570,671,718,,,,
2024-04-18,1166,1573,955,1034,,,,
2024-04-19,1487,1592,1146,1349,,,,
2024-04-22,986,1589,986,1420,,,,
2024-04-23,1566,1663,1538,1541,,,,
2024-04-24,767,866,494,849,,,,
2024-04-25,193,715,193,654,,,,
2024-04-26,1421,1460,1225,1264,,,,
2024-04-29,1373,1441,1205,1309,,,,
2024-04-30,377,435,253,253,,,,
2024-05-01,1035,1529,917,1060,,,,
2024-05-02,1385,1571,1153,1515,,,,
2024-05-03,1607,1607,1215,1347,,,,
2024-05-06,1624,1624,1429,1457,,,,
2024-05-07,1322,1339,1049,1050,,,,
2024-05-08,519,953,519,952,,,,
2024-05-09,1124,1470,1124,1465,,,,
2024-05-10,1188,1188,733,874,,,,
2024-05-13,1421,1508,922,922,,,,
2024-05-14,1449,1449,1203,1377,,,,
2024-05-15,1332,1332,1115,1192,,,,
2024-05-16,727,963,727,871,,,,
2024-05-17,862,1103,862,1065,,,,
2024-05-20,796,1163,796,867,,,,
2024-05-21,767,892,691,891,,,,
2024-05-22,746,769,395,532,,,,
2024-05-23,721,721,217,284,,,,
2024-05-24,1448,1500,1257,1365,,,,
2024-05-28,1195,1195,594,686,,,,
2024-05-29,208,342,208,314,,,,
2024-05-30,1420,1553,1420,1458,,,,
2024-05-31,1599,1599,1071,1466,,,,
2024-06-03,830,886,524,719,,,,
2024-06-04,412,593,395,526,,,,
2024-06-05,863,1301,863,1296,,,,
2024-06-06,821,1007,666,776,,,,
2024-06-07,471,751,441,441,,,,
2024-06-10,532,1057,532,989,,,,
2024-06-11,218,647,213,647,,,,
2024-06-12,1655,1655,1273,1299,,,,
2024-06-13,546,575,319,545,,,,
2024-06-14,210,410,192,409,,,,
2024-06-17,723,1234,603,1220,,,,
2024-06-18,1249,1249,954,1006,,,,
2024-06-20,1000,1206,904,1010,,,,
2024-06-21,683,946,683,946,,,,
2024-06-24,1360,1602,1355,1367,,,,
2024-06-25,496,523,356,501,,,,
2024-06-26,389,888,389,837,,,,
2024-06-27,1146,1152,898,1149,,,,
2024-06-28,1484,1484,955,1201,,,,
2024-07-01,1157,1157,442,522,,,,
2024-07-02,1143,1233,967,1200,,,,
2024-07-03,1161,1535,1161,1186,,,,
2024-07-05,525,679,493,677,,,,
2024-07-08,1362,1430,1045,1117,,,,
2024-07-09,664,1025,591,688,,,,
2024-07-10,1266,1468,1174,1467,,,,
2024-07-11,1632,1740,1632,1695,,,,
2024-07-12,1426,1609,1426,1479,,,,
2024-07-15,1148,1434,1148,1202,,,,
2024-07-16,1488,1676,1488,1674,,,,
2024-07-17,1067,1067,774,849,,,,
2024-07-18,1112,1409,314,368,,,,
2024-07-19,881,921,481,617,,,,
2024-07-22,1314,1492,788,1483,,,,
2024-07-23,535,1194,535,1048,,,,
2024-07-24,495,814,341,341,,,,
2024-07-25,1269,1582,1247,1248,,,,
2024-07-26,1644,1651,1377,1612,,,,
2024-07-29,929,982,616,745,,,,
2024-07-30,1212,1256,933,1181,,,,
2024-07-31,1081,1580,1003,1181,,,,
2024-08-01,1205,1205,297,380,,,,
2024-08-02,175,315,153,314,,,,
2024-08-05,26,198,26,123,,,,
2024-08-06,1395,1635,1298,1393,,,,
2024-08-07,1498,1504,584,585,,,,
2024-08-08,1615,1688,1560,1629,,,,
2024-08-09,638,1045,622,960,,,,
2024-08-12,766,808,554,604,,,,
2024-08-13,1497,1578,1240,1577,,,,
2024-08-14,1138,1138,800,989,,,,
2024-08-15,1670,1706,1568,1667,,,,
2024-08-16,1042,1244,879,1142,,,,
2024-08-19,1523,1523,1426,1517,,,,
2024-08-20,730,730,376,460,,,,
2024-08-21,1341,1486,1174,1486,,,,
2024-08-22,1160,1160,569,621,,,,
2024-08-23,1623,1795,1623,1763,,,,
2024-08-26,1461,1545,1013,1015,,,,
2024-08-27,496,804,456,737,,,,
2024-08-28,682,981,426,641,,,,
2024-08-29,990,1594,990,1316,,,,
2024-08-30,1449,1449,588,1329,,,,
2024-09-03,429,444,306,340,,,,
2024-09-04,995,1404,714,817,,,,
2024-09-05,877,1020,571,667,,,,
2024-09-06,405,405,266,326,,,,
2024-09-09,1095,1445,1095,1132,,,,
2024-09-10,836,899,490,898,,,,
2024-09-11,377,1017,230,1017,,,,
2024-09-12,1319,1576,835,1486,,,,
2024-09-13,1643,1733,1585,1660,,,,
2024-09-16,1404,1464,1085,1327,,,,
2024-09-17,1379,1574,1132,1176,,,,
2024-09-18,1107,1596,758,861,,,,
2024-09-19,1607,1619,1506,1535,,,,
2024-09-20,401,646,387,548,,,,
2024-09-23,1318,1329,1017,1109,,,,
2024-09-24,1250,1258,1080,1138,,,,
2024-09-25,705,705,407,445,,,,
2024-09-26,1514,1514,1251,1284,,,,
2024-09-27,1572,1642,1137,1254,,,,
2024-09-30,580,1058,508,1056,,,,
2024-10-01,347,706,347,601,,,,
2024-10-02,727,1125,727,859,,,,
2024-10-03,337,681,250,608,,,,
2024-10-04,1450,1450,1145,1423,,,,
2024-10-07,511,621,381,532,,,,
2024-10-08,714,968,653,825,,,,
2024-10-09,1027,1349,894,1120,,,,
2024-10-10,419,782,419,764,,,,
2024-10-11,1449,1620,1449,1584,,,,
2024-10-14,606,1223,606,1196,,,,
2024-10-15,873,1281,873,909,,,,
2024-10-16,1475,1588,1475,1506,,,,
2024-10-17,862,898,668,895,,,,
2024-10-18,1037,1045,972,1020,,,,
2024-10-21,671,765,263,364,,,,
2024-10-22,559,777,497,731,,,,
2024-10-23,671,808,362,603,,,,
2024-10-24,1162,1162,706,1066,,,,
2024-10-25,1221,1298,580,634,,,,
2024-10-28,1528,1557,1402,1402,,,,
2024-10-29,369,768,369,653,,,,
2024-10-30,982,1375,928,928,,,,
2024-10-31,827,827,410,416,,,,
2024-11-01,1551,1551,907,920,,,,
2024-11-04,1085,1409,1085,1098,,,,
2024-11-05,1326,1589,1326,1588,,,,
2024-11-06,1310,1419,1304,1419,,,,
2024-11-07,1122,1193,946,969,,,,
2024-11-08,802,1074,802,1031,,,,
2024-11-11,1419,1419,1223,1223,,,,
2024-11-12,794,794,338,428,,,,
2024-11-13,1278,1278,772,772,,,,
2024-11-14,1107,1107,627,664,,,,
2024-11-15,1031,1049,565,674,,,,
2024-11-18,1168,1344,1081,1120,,,,
2024-11-19,324,1011,324,986,,,,
2024-11-20,644,981,568,979,,,,
2024-11-21,1084,1598,1084,1539,,,,
2024-11-22,1500,1520,1440,1489,,,,
2024-11-25,1630,1630,1381,1385,,,,
2024-11-26,708,708,708,708,,,,
2024-11-27,1221,1221,1015,1016,,,,
2024-11-29,1448,1448,1146,1146,,,,
2024-12-02,543,929,529,836,,,,
2024-12-03,844,844,570,715,,,,
2024-12-04,879,990,743,910,,,,
2024-12-05,873,983,664,664,,,,
2024-12-06,1271,1271,657,802,,,,
2024-12-09,1367,1367,955,955,,,,
2024-12-10,555,979,480,685,,,,
2024-12-11,1258,1258,896,1046,,,,
2024-12-12,787,861,527,528,,,,
2024-12-13,734,734,466,634,,,,
2024-12-16,722,1145,722,776,,,,
2024-12-17,635,635,422,492,,,,
2024-12-18,1276,1276,86,86,,,,
2024-12-19,1443,1443,760,760,,,,
2024-12-20,1291,1738,1235,1430,,,,
2024-12-23,559,985,378,984,,,,
2024-12-24,825,1588,825,1588,,,,
2024-12-26,1117,1252,1041,1215,,,,
2024-12-27,488,505,157,317,,,,
2024-12-30,219,676,170,497,,,,
2024-12-31,1508,1710,949,1247,,,,
2025-01-02,1482,1612,670,836,,,,
2025-01-03,1347,1449,891,1400,,,,
2025-01-06,1231,1389,800,823,,,,
2025-01-07,1436,1436,570,711,,,,
2025-01-08,359,843,245,843,,,,
2025-01-10,403,423,333,396,,,,
2025-01-13,581,1226,581,1225,,,,
2025-01-14,1515,1515,1167,1471,,,,
2025-01-15,1730,1730,1493,1547,,,,
2025-01-16,1058,1238,910,1179,,,,
2025-01-17,1526,1526,1099,1151,,,,
2025-01-21,1487,1558,1430,1482,,,,
2025-01-22,557,713,541,541,,,,
2025-01-23,779,1240,759,1192,,,,
2025-01-24,943,1203,718,949,,,,
2025-01-27,983,1184,952,1053,,,,
2025-01-28,775,1000,624,847,,,,
2025-01-29,907,1245,573,761,,,,
2025-01-30,1625,1625,1449,1481,,,,
2025-01-31,774,1112,326,419,,,,
2025-02-03,153,636,153,510,,,,
2025-02-04,924,1417,924,1324,,,,
2025-02-05,1176,1262,943,1230,,,,
2025-02-06,1204,1204,740,950,,,,
2025-02-07,918,918,432,490,,,,
2025-02-10,1040,1182,984,1081,,,,
2025-02-11,494,989,494,983,,,,
2025-02-12,277,644,277,578,,,,
2025-02-13,1171,1470,1137,1470,,,,
2025-02-14,1294,1342,888,888,,,,
2025-02-18,942,1310,942,1221,,,,
2025-02-19,466,820,466,772,,,,
2025-02-20,738,753,524,742,,,,
2025-02-21,1021,1021,302,318,,,,
2025-02-24,790,1172,790,813,,,,
2025-02-25,1308,1308,839,1023,,,,
2025-02-26,1034,1330,787,898,,,,
2025-02-27,854,1065,588,588,,,,
2025-02-28,1016,1347,727,1347,,,,
2025-03-03,1439,1439,358,406,,,,
2025-03-04,329,736,279,439,,,,
2025-03-05,1290,1469,1116,1388,,,,
2025-03-06,408,758,389,591,,,,
2025-03-07,883,1312,690,1201,,,,
2025-03-10,629,742,275,346,,,,
2025-03-11,1070,1070,550,783,,,,
2025-03-12,1031,1090,608,931,,,,
2025-03-13,1032,1032,367,462,,,,
2025-03-14,1695,1746,1586,1706,,,,
2025-03-17,1414,1626,1386,1572,,,,
2025-03-18,660,769,528,721,,,,
2025-03-19,1209,1512,1053,1427,,,,
2025-03-20,319,1078,319,668,,,,
2025-03-21,193,611,193,533,,,,
2025-03-24,1685,1685,1433,1534,,,,
2025-03-25,1074,1074,737,755,,,,
2025-03-26,1306,1306,657,811,,,,
2025-03-27,586,1161,586,859,,,,
2025-03-28,760,760,211,286,,,,
2025-03-31,448,1154,448,1014,,,,
2025-04-01,437,1431,394,1188,,,,
2025-04-02,575,1411,575,1395,,,,
2025-04-03,251,285,205,224,,,,
2025-04-04,70,156,70,137,,,,
2025-04-07,47,726,47,492,,,,
2025-04-08,1751,1751,153,264,,,,
2025-04-09,910,1864,608,1861,,,,
2025-04-10,187,267,88,200,,,,
2025-04-11,704,1546,444,1517,,,,
2025-04-14,1608,1681,961,1462,,,,
2025-04-15,1212,1422,817,872,,,,
2025-04-16,775,1170,392,607,,,,
2025-04-17,1422,1613,1179,1472,,,,
2025-04-21,247,252,128,252,,,,
2025-04-22,1728,1795,1574,1745,,,,
2025-04-23,1716,1716,1227,1317,,,,
2025-04-24,995,1601,995,1559,,,,
2025-04-25,531,877,432,877,,,,
2025-04-28,1407,1427,599,1208,,,,
2025-04-29,736,1366,585,1224,,,,
2025-04-30,177,804,177,789,,,,
2025-05-01,1194,1383,941,987,,,,
2025-05-02,1698,1698,1586,1634,,,,
2025-05-05,461,988,406,599,,,,
2025-05-06,539,958,531,694,,,,
2025-05-07,1293,1376,906,1106,,,,
2025-05-08,1436,1563,1343,1354,,,,
2025-05-09,1240,1240,857,1010,,,,
2025-05-12,1559,1593,1487,1540,,,,
2025-05-13,1204,1306,1166,1166,,,,
2025-05-14,624,693,486,588,,,,
2025-05-15,808,1178,799,1178,,,,
2025-05-16,973,1389,951,1335,,,,
2025-05-19,275,796,275,791,,,,
2025-05-20,598,974,598,703,,,,
2025-05-21,333,442,168,169,,,,
2025-05-22,344,1099,344,771,,,,
2025-05-23,300,913,300,790,,,,
2025-05-27,1571,1679,1520,1658,,,,
2025-05-28,743,743,391,428,,,,
2025-05-29,1334,1334,697,1267,,,,
2025-05-30,421,844,421,723,,,,
2025-06-02,393,808,393,802,,,,
2025-06-03,811,1463,686,1364,,,,
2025-06-04,1124,1124,781,782,,,,
2025-06-05,943,1255,627,882,,,,
2025-06-06,1620,1620,1346,1487,,,,
2025-06-09,1143,1381,1093,1159,,,,
2025-06-10,1234,1375,1132,1190,,,,
2025-06-11,1158,1293,752,788,,,,
2025-06-12,451,972,451,972,,,,
2025-06-13,409,435,295,331,,,,
2025-06-16,1593,1593,1257,1273,,,,
2025-06-17,454,750,454,478,,,,
2025-06-18,1224,1418,1034,1034,,,,
2025-06-20,1402,1402,703,820,,,,
2025-06-23,869,1336,614,1307,,,,
2025-06-24,1231,1472,1231,1328,,,,
2025-06-25,505,548,375,420,,,,
2025-06-26,1437,1568,1366,1567,,,,
2025-06-27,1032,1389,707,1067,,,,
2025-06-30,954,1072,820,1015,,,,
2025-07-01,788,1472,788,1355,,,,
2025-07-02,908,1359,892,1357,,,,
2025-07-03,1382,1382,1214,1312,,,,
2025-07-07,530,894,260,368,,,,
2025-07-08,1123,1357,1085,1167,,,,
2025-07-09,1215,1215,704,1111,,,,
2025-07-10,844,1386,844,1261,,,,
2025-07-11,306,605,270,529,,,,
2025-07-14,803,1017,803,1013,,,,
2025-07-15,620,620,258,258,,,,
2025-07-16,1438,1438,642,1242,,,,
2025-07-17,1227,1405,1152,1310,,,,
2025-07-18,1311,1311,607,702,,,,
2025-07-21,1295,1357,780,781,,,,
2025-07-22,1250,1555,1250,1477,,,,
2025-07-23,1384,1439,1272,1438,,,,
2025-07-24,471,763,471,531,,,,
2025-07-25,1052,1120,699,1102,,,,
2025-07-28,732,827,569,621,,,,
2025-07-29,1119,1119,727,820,,,,
2025-07-30,919,955,369,454,,,,
2025-07-31,771,870,529,574,,,,
2025-08-01,417,492,312,418,,,,
2025-08-04,1485,1626,1485,1547,,,,
2025-08-05,1220,1270,743,1127,,,,
2025-08-06,994,994,896,896,,,,
2025-08-07,1501,1501,771,870,,,,
2025-08-08,1162,1271,944,945,,,,
2025-08-11,1295,1295,661,753,,,,
2025-08-12,1366,1625,1366,1610,,,,
2025-08-13,1304,1531,1278,1519,,,,
2025-08-14,239,453,237,426,,,,
2025-08-15,1096,1096,603,726,,,,
2025-08-18,798,1141,798,1007,,,,
2025-08-19,1231,1366,938,1021,,,,
2025-08-20,1075,1075,699,869,,,,
2025-08-21,451,979,451,864,,,,
2025-08-22,1565,1794,1565,1731,,,,
2025-08-25,588,642,483,483,,,,
2025-08-26,911,1159,911,1020,,,,
2025-08-27,962,1362,962,1231,,,,
2025-08-28,895,904,578,900,,,,
2025-08-29,1074,1202,790,959,,,,
2025-09-02,204,524,204,523,,,,
2025-09-03,1032,1032,662,859,,,,
2025-09-04,1083,1398,1074,1398,,,,
2025-09-05,1509,1509,837,1073,,,,
2025-09-08,692,875,500,875,,,,
2025-09-09,634,693,551,606,,,,
2025-09-10,1062,1196,700,836,,,,
2025-09-11,1329,1590,1329,1575,,,,
2025-09-12,635,635,437,439,,,,
2025-09-15,1065,1256,866,925,,,,
2025-09-16,848,865,579,779,,,,
2025-09-17,1466,1592,914,915,,,,
2025-09-18,1235,1431,1179,1355,,,,
2025-09-19,692,733,439,514,,,,
2025-09-22,501,1048,501,953,,,,
2025-09-23,1435,1557,866,893,,,,
2025-09-24,1097,1104,714,753,,,,
2025-09-25,545,608,374,505,,,,
2025-09-26,1432,1453,1283,1420,,,,
2025-09-29,781,868,633,836,,,,
2025-09-30,969,1002,652,989,,,,
2025-10-01,769,1020,769,924,,,,
2025-10-02,921,1055,539,943,,,,
2025-10-03,1428,1559,1232,1234,,,,
2025-10-06,1027,1073,739,844,,,,
2025-10-07,989,989,456,509,,,,
2025-10-08,935,1249,935,1145,,,,
2025-10-09,829,829,354,420,,,,
2025-10-10,1217,1217,209,209,,,,
2025-10-13,1597,1597,1479,1514,,,,
2025-10-14,372,1503,372,1380,,,,
2025-10-15,1484,1610,904,1041,,,,
2025-10-16,1049,1049,413,489,,,,
2025-10-17,1082,1094,811,1039,,,,
2025-10-20,1645,1645,1358,1531,,,,
2025-10-21,748,1206,711,1015,,,,
2025-10-22,871,1085,650,841,,,,
2025-10-23,1282,1336,1100,1238,,,,
2025-10-24,1504,1517,1112,1112,,,,
2025-10-27,1246,1246,839,983,,,,
2025-10-28,527,830,408,618,,,,
2025-10-29,702,1005,422,499,,,,
2025-10-30,662,1107,662,664,,,,
2025-10-31,824,1149,812,1082,,,,
2025-11-03,432,849,414,848,,,,
2025-11-04,353,680,353,609,,,,
2025-11-05,1139,1445,1087,1282,,,,
2025-11-06,964,964,533,578,,,,
2025-11-07,999,1311,830,1302,,,,
2025-11-10,1208,1335,883,1187,,,,
2025-11-11,1157,1318,1130,1217,,,,
2025-11-12,1282,1356,982,982,,,,
2025-11-13,810,897,433,443,,,,
2025-11-14,373,904,373,761,,,,
2025-11-17,675,703,248,266,,,,
2025-11-18,916,1317,899,1107,,,,
2025-11-19,832,1044,595,758,,,,
2025-11-20,1665,1665,446,446,,,,
2025-11-21,1376,1699,1356,1611,,,,
2025-11-24,753,1301,753,1172,,,,
2025-11-25,1450,1721,1450,1582,,,,
2025-11-26,1244,1578,1244,1294,,,,
2025-11-28,1107,1361,1107,1246,,,,
2025-12-01,907,1007,675,675,,,,
2025-12-02,890,983,734,797,,,,
2025-12-03,1438,1438,1283,1390,,,,
2025-12-04,1010,1071,870,894,,,,
2025-12-05,850,1302,830,841,,,,
2025-12-08,865,865,603,605,,,,
2025-12-09,1239,1386,1043,1043,,,,
2025-12-10,991,1510,991,1389,,,,
2025-12-11,1223,1425,1223,1316,,,,
2025-12-12,749,795,640,698,,,,
2025-12-15,1001,1001,685,859,,,,
2025-12-16,681,782,484,623,,,,
2025-12-17,1140,1413,910,920,,,,
2025-12-18,1378,1387,1068,1068,,,,
2025-12-19,1049,1105,934,952,,,,
2025-12-22,1251,1378,1206,1234,,,,
2025-12-23,597,833,597,765,,,,
2025-12-24,801,1330,801,1265,,,,
2025-12-26,805,920,531,919,,,,
2025-12-29,850,850,559,695,,,,
2025-12-30,826,942,736,736,,,,
2025-12-31,635,635,326,334,,,,
2026-01-02,868,1312,864,1226,,,,
2026-01-05,1067,1447,1067,1334,,,,
2026-01-06,1041,1292,1041,1280,,,,
2026-01-07,784,784,485,519,,,,
2026-01-08,1047,1452,1047,1418,,,,
2026-01-09,809,1221,809,1073,,,,
2026-01-12,890,1104,865,1049,,,,
2026-01-13,974,1019,735,887,,,,
2026-01-14,954,1211,954,1210,,,,
2026-01-15,999,1374,999,1239,,,,
2026-01-16,538,871,538,804,,,,
2026-01-20,317,593,317,429,,,,
2026-01-21,1539,1539,1257,1501,,,,
2026-01-22,1388,1421,1075,1089,,,,
2026-01-23,617,644,520,605,,,,
2026-01-26,1148,1148,782,910,,,,
2026-01-27,796,998,796,970,,,,
2026-01-28,824,824,619,636,,,,
2026-01-29,1061,1171,806,1170,,,,
2026-01-30,403,707,339,695,,,,
2026-02-02,1005,1226,1005,1106,,,,
2026-02-03,1097,1097,844,1090,,,,
2026-02-04,1225,1303,1053,1208,,,,
2026-02-05,637,700,505,597,,,,
2026-02-06,1592,1624,1524,1554,,,,
2026-02-09,562,1090,562,997,,,,
2026-02-10,1135,1259,1096,1096,,,,
2026-02-11,1050,1050,754,932,,,,
2026-02-12,1276,1276,410,477,,,,
2026-02-13,1098,1501,1098,1324,,,,
2026-02-17,660,977,507,843,,,,
2026-02-18,1257,1405,1031,1084,,,,
2026-02-19,649,929,649,928,,,,
2026-02-20,1181,1229,760,1155,,,,
2026-02-23,769,769,357,474,,,,
2026-02-24,1170,1329,1091,1272,,,,
2026-02-25,772,1046,676,1037,,,,
2026-02-26,1049,1268,951,1244,,,,
2026-02-27,549,754,541,753,,,,
2026-03-02,470,1069,470,1036,,,,
2026-03-03,101,573,70,474,,,,
2026-03-04,829,1266,829,1182,,,,
2026-03-05,637,637,360,473,,,,
2026-03-06,291,452,283,406,,,,
2026-03-09,209,1039,209,936,,,,
2026-03-10,559,1252,559,702,,,,
2026-03-11,700,766,470,684,,,,
2026-03-12,421,576,384,384,,,,
2026-03-13,1209,1209,728,770,,,,
2026-03-16,1517,1604,1304,1305,,,,
2026-03-17,1618,1618,1232,1232,,,,
2026-03-18,451,687,345,345,,,,
2026-03-19,595,1141,523,890,,,,
2026-03-20,477,477,205,311,,,,
2026-03-23,1481,1697,1481,1549,,,,
2026-03-24,493,1285,493,1018,,,,
2026-03-25,1611,1611,1104,1225,,,,
2026-03-26,1112,1133,609,641,,,,
2026-03-27,475,735,368,392,,,,
2026-03-30,1426,1426,843,934,,,,
2026-03-31,1656,1656,1414,1550,,,,
2026-04-01,1656,1656,1103,1103,,,,
2026-04-02,368,1113,368,1111,,,,
2026-04-06,880,1187,828,1140,,,,
2026-04-07,556,824,556,821,,,,
2026-04-08,1587,1587,1486,1529,,,,
2026-04-09,725,1219,725,1091,,,,
2026-04-10,897,963,672,764,,,,
2026-04-13,556,1369,556,1369,,,,
2026-04-14,1040,1252,1040,1105,,,,
2026-04-15,759,956,759,925,,,,
2026-04-16,1049,1095,841,992,,,,
2026-04-17,1384,1515,1384,1437,,,,
2026-04-20,1036,1130,1012,1046,,,,
2026-04-21,1153,1276,520,537,,,,
2026-04-22,1325,1329,834,904,,,,
2026-04-23,934,1011,695,857,,,,
2026-04-24,824,1019,819,947,,,,
2026-04-27,1296,1296,986,988,,,,
2026-04-28,1138,1138,836,913,,,,
2026-04-29,696,696,427,490,,,,
2026-04-30,1100,1473,1100,1435,,,,
2026-05-01,816,1093,791,822,,,,
2026-05-04,590,946,505,535,,,,
2026-05-05,1349,1419,1276,1302,,,,
2026-05-06,1155,1244,1155,1171,,,,
2026-05-07,917,917,623,656,,,,
2026-05-08,1012,1061,907,942,,,,
2026-05-11,807,852,689,689,,,,
2026-05-12,619,849,504,761,,,,
2026-05-13,452,708,452,653,,,,
2026-05-14,1297,1411,1145,1145,,,,
2026-05-15,418,530,375,457,,,,
2026-05-18,1404,1404,1214,1237,,,,
2026-05-19,499,795,499,557,,,,
2026-05-20,1174,1397,1174,1383,,,,
2026-05-21,664,1165,556,1045,,,,
2026-05-22,1098,1240,965,1051,,,,
2026-05-26,1242,1287,1140,1200,,,,
2026-05-27,1064,1211,904,904,,,,
2026-05-28,737,1078,737,971,,,,
2026-05-29,692,892,692,711,,,,
2026-06-01,658,903,658,859,,,,
2026-06-02,1043,1143,1043,1065,,,,
2026-06-03,587,647,476,477,,,,
2026-06-04,1333,1420,1277,1341,,,,
2026-06-05,756,813,616,649,,,,
2026-06-08,948,1175,872,872,,,,
2026-06-09,1552,1552,1020,1283,,,,
2026-06-10,1208,1227,736,738,,,,
2026-06-11,1307,1473,1058,1308,,,,
2026-06-12,1159,1428,1159,1294,,,,
2026-06-15,1189,1189,819,819,,,,
2026-06-16,1181,1181,903,935,,,,
2026-06-17,1156,1156,389,409,,,,
2026-06-18,1182,1193,1067,1142,,,,
2026-06-22,1086,1086,848,848,,,,
2026-06-23,1034,1155,1001,1029,,,,
2026-06-24,1214,1214,1009,1057,,,,
2026-06-25,1229,1346,1028,1086,,,,
2026-06-26,1009,1350,1009,1301,,,,
2026-06-29,698,813,598,811,,,,
2026-06-30,769,941,764,815,,,,
2026-07-01,1189,1255,968,969,,,,
2026-07-02,1263,1263,985,1130,,,,
2026-07-06,936,1047,826,966,,,,
2026-07-07,1034,1034,816,816,,,,
2026-07-08,491,542,451,537,,,,
2026-07-09,1063,1227,1063,1126,,,,
2026-07-10,1270,1302,1054,1154,,,,
2026-07-13,1229,1229,893,893,,,,
2026-07-14,1192,1192,997,1014,,,,
2026-07-15,1261,1266,1062,1062,,,,
2026-07-16,1110,1303,1110,1200,,,,
2026-07-17,962,962,512,586,,,,
2026-07-20,707,746,593,594,,,,
2026-07-21,1103,1103,951,1089,,,,
2026-07-22,1111,1111,834,895,,,,
2026-07-23,622,705,533,617,,,,
2026-07-24,1189,1348,1189,1203,,,,
2026-07-27,1450,1450,1110,1192,,,,
2026-07-28,1200,1256,1181,1202,,,,
2026-07-29,720,894,605,606,,,,
2026-07-30,863,929,693,914,,,,
2026-07-31,592,893,390,820,,,,
2026-08-03,1275,1404,1239,1310,,,,
2026-08-04,739,1287,739,1225,,,,
2026-08-05,844,974,722,801,,,,
2026-08-06,951,987,687,724,,,,
2026-08-07,1096,1197,1080,1137,,,,
2026-08-10,670,726,605,697,,,,
2026-08-11,1136,1241,972,972,,,,
2026-08-12,886,1058,777,988,,,,
2026-08-13,1287,1327,1048,1138,,,,
2026-08-14,1095,1130,967,1034,,,,
2026-08-17,615,674,524,586,,,,
2026-08-18,900,954,658,658,,,,
2026-08-19,1440,1440,1141,1142,,,,
2026-08-20,698,802,598,647,,,,
2026-08-21,1300,1300,1132,1235,,,,
2026-08-24,1027,1110,841,915,,,,
2026-08-25,846,919,679,897,,,,
2026-08-26,787,1103,787,887,,,,
2026-08-27,653,820,598,718,,,,
2026-08-28,1165,1165,730,788,,,,
2026-08-31,662,662,521,612,,,,
2026-09-01,729,879,574,593,,,,
2026-09-02,1171,1400,1171,1241,,,,
2026-09-03,1291,1291,952,1174,,,,
2026-09-04,492,1075,492,946,,,,
2026-09-08,641,736,575,575,,,,
2026-09-09,571,571,405,449,,,,
2026-09-10,647,731,502,585,,,,
2026-09-11,1387,1387,1125,1146,,,,
2026-09-14,826,980,748,824,,,,
2026-09-15,539,737,539,646,,,,
2026-09-16,1061,1129,407,597,,,,
2026-09-17,1470,1470,1103,1103,,,,
2026-09-18,1,590,1,572,,,,
2026-09-21,972,1145,972,1015,,,,
2026-09-22,1106,1202,967,967,,,,
2026-09-23,595,647,423,423,,,,
2026-09-24,724,810,530,710,,,,
2026-09-25,1,1186,1,1088,,,,