time,open,high,low,close,Prior DC20 upper,Prior DC20 lower,Long signal,Short signal
2001-06-05,7,7,7,7,,,,
2001-06-06,7,7,7,7,,,,
2001-06-07,9,9,9,9,,,,
2001-06-08,11,11,11,11,,,,
2001-06-11,11,11,11,11,,,,
2001-06-12,15,15,15,15,,,,
2001-06-13,11,11,11,11,,,,
2001-06-14,12,12,12,12,,,,
2001-06-15,19,19,19,19,,,,
2001-06-18,28,28,28,28,,,,
2001-06-19,18,18,18,18,,,,
2001-06-20,24,24,24,24,,,,
2001-06-21,18,18,18,18,,,,
2001-06-22,15,15,15,15,,,,
2001-06-25,16,16,16,16,,,,
2001-06-26,16,16,16,16,,,,
2001-06-27,14,14,14,14,,,,
2001-06-28,17,17,17,17,,,,
2001-06-29,7,7,7,7,,,,
2001-07-02,10,10,10,10,,,,
2001-07-03,12,12,12,12,,,,
2001-07-05,21,21,21,21,,,,
2001-07-06,29,29,29,29,,,,
2001-07-09,16,16,16,16,,,,
2001-07-10,28,28,28,28,,,,
2001-07-11,48,48,48,48,,,,
2001-07-12,33,33,33,33,,,,
2001-07-13,22,22,22,22,,,,
2001-07-16,36,36,36,36,,,,
2001-07-17,31,31,31,31,,,,
2001-07-18,35,35,35,35,,,,
2001-07-19,24,24,24,24,,,,
2001-07-20,14,14,14,14,,,,
2001-07-23,17,17,17,17,,,,
2001-07-24,24,24,24,24,,,,
2001-07-25,17,17,17,17,,,,
2001-07-26,15,15,15,15,,,,
2001-07-27,15,15,15,15,,,,
2001-07-30,15,15,15,15,,,,
2001-07-31,10,10,10,10,,,,
2001-08-01,12,12,12,12,,,,
2001-08-02,16,16,16,16,,,,
2001-08-03,16,16,16,16,,,,
2001-08-06,9,9,9,9,,,,
2001-08-07,13,13,13,13,,,,
2001-08-08,20,20,20,20,,,,
2001-08-09,25,25,25,25,,,,
2001-08-10,20,20,20,20,,,,
2001-08-13,16,16,16,16,,,,
2001-08-14,12,12,12,12,,,,
2001-08-15,13,13,13,13,,,,
2001-08-16,20,20,20,20,,,,
2001-08-17,23,23,23,23,,,,
2001-08-20,18,18,18,18,,,,
2001-08-21,19,19,19,19,,,,
2001-08-22,20,20,20,20,,,,
2001-08-23,25,25,25,25,,,,
2001-08-24,19,19,19,19,,,,
2001-08-27,8,8,8,8,,,,
2001-08-28,16,16,16,16,,,,
2001-08-29,25,25,25,25,,,,
2001-08-30,46,46,46,46,,,,
2001-08-31,29,29,29,29,,,,
2001-09-04,30,30,30,30,,,,
2001-09-05,44,44,44,44,,,,
2001-09-06,51,51,51,51,,,,
2001-09-07,69,69,69,69,,,,
2001-09-10,70,70,70,70,,,,
2001-09-17,193,193,193,193,,,,
2001-09-18,150,150,150,150,,,,
2001-09-19,236,236,236,236,,,,
2001-09-20,229,229,229,229,,,,
2001-09-21,325,325,325,325,,,,
2001-09-24,62,62,62,62,,,,
2001-09-25,78,78,78,78,,,,
2001-09-26,105,105,105,105,,,,
2001-09-27,109,109,109,109,,,,
2001-09-28,36,36,36,36,,,,
2001-10-01,40,40,40,40,,,,
2001-10-02,40,40,40,40,,,,
2001-10-03,39,39,39,39,,,,
2001-10-04,23,23,23,23,,,,
2001-10-05,30,30,30,30,,,,
2001-10-08,27,27,27,27,,,,
2001-10-09,25,25,25,25,,,,
2001-10-10,23,23,23,23,,,,
2001-10-11,9,9,9,9,,,,
2001-10-12,18,18,18,18,,,,
2001-10-15,11,11,11,11,,,,
2001-10-16,13,13,13,13,,,,
2001-10-17,10,10,10,10,,,,
2001-10-18,17,17,17,17,,,,
2001-10-19,15,15,15,15,,,,
2001-10-22,19,19,19,19,,,,
2001-10-23,18,18,18,18,,,,
2001-10-24,23,23,23,23,,,,
2001-10-25,22,22,22,22,,,,
2001-10-26,19,19,19,19,,,,
2001-10-29,19,19,19,19,,,,
2001-10-30,34,34,34,34,,,,
2001-10-31,26,26,26,26,,,,
2001-11-01,28,28,28,28,,,,
2001-11-02,18,18,18,18,,,,
2001-11-05,17,17,17,17,,,,
2001-11-06,15,15,15,15,,,,
2001-11-07,15,15,15,15,,,,
2001-11-08,12,12,12,12,,,,
2001-11-09,10,10,10,10,,,,
2001-11-12,12,12,12,12,,,,
2001-11-13,8,8,8,8,,,,
2001-11-14,8,8,8,8,,,,
2001-11-15,16,16,16,16,,,,
2001-11-16,7,7,7,7,,,,
2001-11-19,13,13,13,13,,,,
2001-11-20,13,13,13,13,,,,
2001-11-21,12,12,12,12,,,,
2001-11-23,11,11,11,11,,,,
2001-11-26,7,7,7,7,,,,
2001-11-27,8,8,8,8,,,,
2001-11-28,8,8,8,8,,,,
2001-11-29,16,16,16,16,,,,
2001-11-30,10,10,10,10,,,,
2001-12-03,18,18,18,18,,,,
2001-12-04,17,17,17,17,,,,
2001-12-05,12,12,12,12,,,,
2001-12-06,9,9,9,9,,,,
2001-12-07,17,17,17,17,,,,
2001-12-10,17,17,17,17,,,,
2001-12-11,18,18,18,18,,,,
2001-12-12,23,23,23,23,,,,
2001-12-13,14,14,14,14,,,,
2001-12-14,12,12,12,12,,,,
2001-12-17,12,12,12,12,,,,
2001-12-18,9,9,9,9,,,,
2001-12-19,7,7,7,7,,,,
2001-12-20,10,10,10,10,,,,
2001-12-21,13,13,13,13,,,,
2001-12-24,9,9,9,9,,,,
2001-12-26,6,6,6,6,,,,
2001-12-27,5,5,5,5,,,,
2001-12-28,4,4,4,4,,,,
2001-12-31,3,3,3,3,,,,
2002-01-02,3,3,3,3,,,,
2002-01-03,6,6,6,6,,,,
2002-01-04,4,4,4,4,,,,
2002-01-07,9,9,9,9,,,,
2002-01-08,12,12,12,12,,,,
2002-01-09,10,10,10,10,,,,
2002-01-10,12,12,12,12,,,,
2002-01-11,10,10,10,10,,,,
2002-01-14,12,12,12,12,,,,
2002-01-15,14,14,14,14,,,,
2002-01-16,17,17,17,17,,,,
2002-01-17,15,15,15,15,,,,
2002-01-18,19,19,19,19,,,,
2002-01-22,21,21,21,21,,,,
2002-01-23,17,17,17,17,,,,
2002-01-24,10,10,10,10,,,,
2002-01-25,12,12,12,12,,,,
2002-01-28,11,11,11,11,,,,
2002-01-29,32,32,32,32,,,,
2002-01-30,41,41,41,41,,,,
2002-01-31,10,10,10,10,,,,
2002-02-01,19,19,19,19,,,,
2002-02-04,28,28,28,28,,,,
2002-02-05,40,40,40,40,,,,
2002-02-06,40,40,40,40,,,,
2002-02-07,20,20,20,20,,,,
2002-02-08,13,13,13,13,,,,
2002-02-11,11,11,11,11,,,,
2002-02-12,9,9,9,9,,,,
2002-02-13,6,6,6,6,,,,
2002-02-14,14,14,14,14,,,,
2002-02-15,16,16,16,16,,,,
2002-02-19,17,17,17,17,,,,
2002-02-20,26,26,26,26,,,,
2002-02-21,20,20,20,20,,,,
2002-02-22,31,31,31,31,,,,
2002-02-25,17,17,17,17,,,,
2002-02-26,12,12,12,12,,,,
2002-02-27,13,13,13,13,,,,
2002-02-28,13,13,13,13,,,,
2002-03-01,9,9,9,9,,,,
2002-03-04,9,9,9,9,,,,
2002-03-05,6,6,6,6,,,,
2002-03-06,2,2,2,2,,,,
2002-03-07,6,6,6,6,,,,
2002-03-08,5,5,5,5,,,,
2002-03-11,5,5,5,5,,,,
2002-03-12,5,5,5,5,,,,
2002-03-13,5,5,5,5,,,,
2002-03-14,6,6,6,6,,,,
2002-03-15,7,7,7,7,,,,
2002-03-18,5,5,5,5,,,,
2002-03-19,10,10,10,10,,,,
2002-03-20,9,9,9,9,,,,
2002-03-21,8,8,8,8,,,,
2002-03-22,8,8,8,8,,,,
2002-03-25,8,8,8,8,,,,
2002-03-26,12,12,12,12,,,,
2002-03-27,10,10,10,10,,,,
2002-03-28,7,7,7,7,,,,
2002-04-01,7,7,7,7,,,,
2002-04-02,12,12,12,12,,,,
2002-04-03,8,8,8,8,,,,
2002-04-04,13,13,13,13,,,,
2002-04-05,13,13,13,13,,,,
2002-04-08,21,21,21,21,,,,
2002-04-09,6,6,6,6,,,,
2002-04-10,15,15,15,15,,,,
2002-04-11,26,26,26,26,,,,
2002-04-12,13,13,13,13,,,,
2002-04-15,8,8,8,8,,,,
2002-04-16,8,8,8,8,,,,
2002-04-17,7,7,7,7,,,,
2002-04-18,8,8,8,8,,,,
2002-04-19,6,6,6,6,,,,
2002-04-22,11,11,11,11,,,,
2002-04-23,13,13,13,13,,,,
2002-04-24,12,12,12,12,,,,
2002-04-25,15,15,15,15,,,,
2002-04-26,18,18,18,18,,,,
2002-04-29,21,21,21,21,,,,
2002-04-30,19,19,19,19,,,,
2002-05-01,20,20,20,20,,,,
2002-05-02,19,19,19,19,,,,
2002-05-03,26,26,26,26,,,,
2002-05-06,22,22,22,22,,,,
2002-05-07,27,27,27,27,,,,
2002-05-08,14,14,14,14,,,,
2002-05-09,12,12,12,12,,,,
2002-05-10,27,27,27,27,,,,
2002-05-13,22,22,22,22,,,,
2002-05-14,16,16,16,16,,,,
2002-05-15,18,18,18,18,,,,
2002-05-16,23,23,23,23,,,,
2002-05-17,20,20,20,20,,,,
2002-05-20,20,20,20,20,,,,
2002-05-21,18,18,18,18,,,,
2002-05-22,15,15,15,15,,,,
2002-05-23,15,15,15,15,,,,
2002-05-24,10,10,10,10,,,,
2002-05-28,18,18,18,18,,,,
2002-05-29,22,22,22,22,,,,
2002-05-30,28,28,28,28,,,,
2002-05-31,20,20,20,20,,,,
2002-06-03,29,29,29,29,,,,
2002-06-04,41,41,41,41,,,,
2002-06-05,31,31,31,31,,,,
2002-06-06,52,52,52,52,,,,
2002-06-07,55,55,55,55,,,,
2002-06-10,23,23,23,23,,,,
2002-06-11,39,39,39,39,,,,
2002-06-12,67,67,67,67,,,,
2002-06-13,41,41,41,41,,,,
2002-06-14,66,66,66,66,,,,
2002-06-17,16,16,16,16,,,,
2002-06-18,18,18,18,18,,,,
2002-06-19,23,23,23,23,,,,
2002-06-20,48,48,48,48,,,,
2002-06-21,66,66,66,66,,,,
2002-06-24,59,59,59,59,,,,
2002-06-25,45,45,45,45,,,,
2002-06-26,72,72,72,72,,,,
2002-06-27,45,45,45,45,,,,
2002-06-28,31,31,31,31,,,,
2002-07-01,38,38,38,38,,,,
2002-07-02,79,79,79,79,,,,
2002-07-03,86,86,86,86,,,,
2002-07-05,21,21,21,21,,,,
2002-07-08,24,24,24,24,,,,
2002-07-09,43,43,43,43,,,,
2002-07-10,86,86,86,86,,,,
2002-07-11,125,125,125,125,,,,
2002-07-12,49,49,49,49,,,,
2002-07-15,128,128,128,128,,,,
2002-07-16,47,47,47,47,,,,
2002-07-17,65,65,65,65,,,,
2002-07-18,91,91,91,91,,,,
2002-07-19,175,175,175,175,,,,
2002-07-22,233,233,233,233,,,,
2002-07-23,278,278,278,278,,,,
2002-07-24,368,368,368,368,,,,
2002-07-25,85,85,85,85,,,,
2002-07-26,62,62,62,62,,,,
2002-07-29,36,36,36,36,,,,
2002-07-30,34,34,34,34,,,,
2002-07-31,33,33,33,33,,,,
2002-08-01,30,30,30,30,,,,
2002-08-02,64,64,64,64,,,,
2002-08-05,109,109,109,109,,,,
2002-08-06,42,42,42,42,,,,
2002-08-07,43,43,43,43,,,,
2002-08-08,36,36,36,36,,,,
2002-08-09,20,20,20,20,,,,
2002-08-12,25,25,25,25,,,,
2002-08-13,31,31,31,31,,,,
2002-08-14,42,42,42,42,,,,
2002-08-15,21,21,21,21,,,,
2002-08-16,20,20,20,20,,,,
2002-08-19,11,11,11,11,,,,
2002-08-20,14,14,14,14,,,,
2002-08-21,14,14,14,14,,,,
2002-08-22,12,12,12,12,,,,
2002-08-23,11,11,11,11,,,,
2002-08-26,11,11,11,11,,,,
2002-08-27,15,15,15,15,,,,
2002-08-28,19,19,19,19,,,,
2002-08-29,22,22,22,22,,,,
2002-08-30,19,19,19,19,,,,
2002-09-03,35,35,35,35,,,,
2002-09-04,26,26,26,26,,,,
2002-09-05,37,37,37,37,,,,
2002-09-06,18,18,18,18,,,,
2002-09-09,26,26,26,26,,,,
2002-09-10,18,18,18,18,,,,
2002-09-11,11,11,11,11,,,,
2002-09-12,25,25,25,25,,,,
2002-09-13,36,36,36,36,,,,
2002-09-16,30,30,30,30,,,,
2002-09-17,53,53,53,53,,,,
2002-09-18,94,94,94,94,,,,
2002-09-19,102,102,102,102,,,,
2002-09-20,85,85,85,85,,,,
2002-09-23,128,128,128,128,,,,
2002-09-24,157,157,157,157,,,,
2002-09-25,67,67,67,67,,,,
2002-09-26,31,31,31,31,,,,
2002-09-27,65,65,65,65,,,,
2002-09-30,124,124,124,124,,,,
2002-10-01,62,62,62,62,,,,
2002-10-02,52,52,52,52,,,,
2002-10-03,87,87,87,87,,,,
2002-10-04,176,176,176,176,,,,
2002-10-07,201,201,201,201,,,,
2002-10-08,183,183,183,183,,,,
2002-10-09,229,229,229,229,,,,
2002-10-10,208,208,208,208,,,,
2002-10-11,25,25,25,25,,,,
2002-10-14,30,30,30,30,,,,
2002-10-15,21,21,21,21,,,,
2002-10-16,35,35,35,35,,,,
2002-10-17,22,22,22,22,,,,
2002-10-18,21,21,21,21,,,,
2002-10-21,25,25,25,25,,,,
2002-10-22,27,27,27,27,,,,
2002-10-23,20,20,20,20,,,,
2002-10-24,26,26,26,26,,,,
2002-10-25,277,277,277,277,,,,
2002-10-28,22,22,22,22,,,,
2002-10-29,31,31,31,31,,,,
2002-10-30,23,23,23,23,,,,
2002-10-31,279,279,279,279,,,,
2002-11-01,24,24,24,24,,,,
2002-11-04,11,11,11,11,,,,
2002-11-05,17,17,17,17,,,,
2002-11-06,13,13,13,13,,,,
2002-11-07,18,18,18,18,,,,
2002-11-08,25,25,25,25,,,,
2002-11-11,34,34,34,34,,,,
2002-11-12,32,32,32,32,,,,
2002-11-13,29,29,29,29,,,,
2002-11-14,23,23,23,23,,,,
2002-11-15,21,21,21,21,,,,
2002-11-18,16,16,16,16,,,,
2002-11-19,16,16,16,16,,,,
2002-11-20,15,15,15,15,,,,
2002-11-21,14,14,14,14,,,,
2002-11-22,11,11,11,11,,,,
2002-11-25,14,14,14,14,,,,
2002-11-26,11,11,11,11,,,,
2002-11-27,8,8,8,8,,,,
2002-11-29,7,7,7,7,,,,
2002-12-02,8,8,8,8,,,,
2002-12-03,10,10,10,10,,,,
2002-12-04,14,14,14,14,,,,
2002-12-05,15,15,15,15,,,,
2002-12-06,13,13,13,13,,,,
2002-12-09,19,19,19,19,,,,
2002-12-10,19,19,19,19,,,,
2002-12-11,17,17,17,17,,,,
2002-12-12,18,18,18,18,,,,
2002-12-13,19,19,19,19,,,,
2002-12-16,13,13,13,13,,,,
2002-12-17,12,12,12,12,,,,
2002-12-18,23,23,23,23,,,,
2002-12-19,22,22,22,22,,,,
2002-12-20,22,22,22,22,,,,
2002-12-23,17,17,17,17,,,,
2002-12-24,18,18,18,18,,,,
2002-12-26,12,12,12,12,,,,
2002-12-27,12,12,12,12,,,,
2002-12-30,16,16,16,16,,,,
2002-12-31,10,10,10,10,,,,
2003-01-02,10,10,10,10,,,,
2003-01-03,10,10,10,10,,,,
2003-01-06,8,8,8,8,,,,
2003-01-07,13,13,13,13,,,,
2003-01-08,14,14,14,14,,,,
2003-01-09,14,14,14,14,,,,
2003-01-10,16,16,16,16,,,,
2003-01-13,17,17,17,17,,,,
2003-01-14,17,17,17,17,,,,
2003-01-15,14,14,14,14,,,,
2003-01-16,13,13,13,13,,,,
2003-01-17,17,17,17,17,,,,
2003-01-21,20,20,20,20,,,,
2003-01-22,29,29,29,29,,,,
2003-01-23,29,29,29,29,,,,
2003-01-24,45,45,45,45,,,,
2003-01-27,62,62,62,62,,,,
2003-01-28,34,34,34,34,,,,
2003-01-29,38,38,38,38,,,,
2003-01-30,42,42,42,42,,,,
2003-01-31,33,33,33,33,,,,
2003-02-03,19,19,19,19,,,,
2003-02-04,38,38,38,38,,,,
2003-02-05,27,27,27,27,,,,
2003-02-06,55,55,55,55,,,,
2003-02-07,76,76,76,76,,,,
2003-02-10,79,79,79,79,,,,
2003-02-11,64,64,64,64,,,,
2003-02-12,82,82,82,82,,,,
2003-02-13,109,109,109,109,,,,
2003-02-14,53,53,53,53,,,,
2003-02-18,25,25,25,25,,,,
2003-02-19,25,25,25,25,,,,
2003-02-20,32,32,32,32,,,,
2003-02-21,35,35,35,35,,,,
2003-02-24,48,48,48,48,,,,
2003-02-25,88,88,88,88,,,,
2003-02-26,39,39,39,39,,,,
2003-02-27,35,35,35,35,,,,
2003-02-28,26,26,26,26,,,,
2003-03-03,29,29,29,29,,,,
2003-03-04,65,65,65,65,,,,
2003-03-05,91,91,91,91,,,,
2003-03-06,109,109,109,109,,,,
2003-03-07,105,105,105,105,,,,
2003-03-10,120,120,120,120,,,,
2003-03-11,141,141,141,141,,,,
2003-03-12,165,165,165,165,,,,
2003-03-13,45,45,45,45,,,,
2003-03-14,27,27,27,27,,,,
2003-03-17,25,25,25,25,,,,
2003-03-18,16,16,16,16,,,,
2003-03-19,12,12,12,12,,,,
2003-03-20,13,13,13,13,,,,
2003-03-21,12,12,12,12,,,,
2003-03-24,15,15,15,15,,,,
2003-03-25,12,12,12,12,,,,
2003-03-26,17,17,17,17,,,,
2003-03-27,22,22,22,22,,,,
2003-03-28,22,22,22,22,,,,
2003-03-31,31,31,31,31,,,,
2003-04-01,21,21,21,21,,,,
2003-04-02,12,12,12,12,,,,
2003-04-03,11,11,11,11,,,,
2003-04-04,17,17,17,17,,,,
2003-04-07,9,9,9,9,,,,
2003-04-08,17,17,17,17,,,,
2003-04-09,18,18,18,18,,,,
2003-04-10,17,17,17,17,,,,
2003-04-11,16,16,16,16,,,,
2003-04-14,14,14,14,14,,,,
2003-04-15,11,11,11,11,,,,
2003-04-16,16,16,16,16,,,,
2003-04-17,17,17,17,17,,,,
2003-04-21,11,11,11,11,,,,
2003-04-22,15,15,15,15,,,,
2003-04-23,15,15,15,15,,,,
2003-04-24,14,14,14,14,,,,
2003-04-25,18,18,18,18,,,,
2003-04-28,21,21,21,21,,,,
2003-04-29,15,15,15,15,,,,
2003-04-30,10,10,10,10,,,,
2003-05-01,9,9,9,9,,,,
2003-05-02,6,6,6,6,,,,
2003-05-05,6,6,6,6,,,,
2003-05-06,8,8,8,8,,,,
2003-05-07,6,6,6,6,,,,
2003-05-08,10,10,10,10,,,,
2003-05-09,6,6,6,6,,,,
2003-05-12,6,6,6,6,,,,
2003-05-13,6,6,6,6,,,,
2003-05-14,8,8,8,8,,,,
2003-05-15,6,6,6,6,,,,
2003-05-16,10,10,10,10,,,,
2003-05-19,11,11,11,11,,,,
2003-05-20,8,8,8,8,,,,
2003-05-21,8,8,8,8,,,,
2003-05-22,9,9,9,9,,,,
2003-05-23,8,8,8,8,,,,
2003-05-27,7,7,7,7,,,,
2003-05-28,5,5,5,5,,,,
2003-05-29,6,6,6,6,,,,
2003-05-30,5,5,5,5,,,,
2003-06-02,7,7,7,7,,,,
2003-06-03,5,5,5,5,,,,
2003-06-04,6,6,6,6,,,,
2003-06-05,7,7,7,7,,,,
2003-06-06,7,7,7,7,,,,
2003-06-09,6,6,6,6,,,,
2003-06-10,6,6,6,6,,,,
2003-06-11,6,6,6,6,,,,
2003-06-12,6,6,6,6,,,,
2003-06-13,10,10,10,10,,,,
2003-06-16,5,5,5,5,,,,
2003-06-17,6,6,6,6,,,,
2003-06-18,7,7,7,7,,,,
2003-06-19,6,6,6,6,,,,
2003-06-20,7,7,7,7,,,,
2003-06-23,7,7,7,7,,,,
2003-06-24,8,8,8,8,,,,
2003-06-25,7,7,7,7,,,,
2003-06-26,6,6,6,6,,,,
2003-06-27,7,7,7,7,,,,
2003-06-30,7,7,7,7,,,,
2003-07-01,6,6,6,6,,,,
2003-07-02,6,6,6,6,,,,
2003-07-03,7,7,7,7,,,,
2003-07-07,6,6,6,6,,,,
2003-07-08,5,5,5,5,,,,
2003-07-09,6,6,6,6,,,,
2003-07-10,7,7,7,7,,,,
2003-07-11,6,6,6,6,,,,
2003-07-14,5,5,5,5,,,,
2003-07-15,6,6,6,6,,,,
2003-07-16,4,4,4,4,,,,
2003-07-17,280,280,280,280,,,,
2003-07-18,9,9,9,9,,,,
2003-07-21,6,6,6,6,,,,
2003-07-22,6,6,6,6,,,,
2003-07-23,7,7,7,7,,,,
2003-07-24,6,6,6,6,,,,
2003-07-25,5,5,5,5,,,,
2003-07-28,5,5,5,5,,,,
2003-07-29,5,5,5,5,,,,
2003-07-30,4,4,4,4,,,,
2003-07-31,6,6,6,6,,,,
2003-08-01,7,7,7,7,,,,
2003-08-04,8,8,8,8,,,,
2003-08-05,9,9,9,9,,,,
2003-08-06,11,11,11,11,,,,
2003-08-07,7,7,7,7,,,,
2003-08-08,9,9,9,9,,,,
2003-08-11,7,7,7,7,,,,
2003-08-12,7,7,7,7,,,,
2003-08-13,9,9,9,9,,,,
2003-08-14,11,11,11,11,,,,
2003-08-15,9,9,9,9,,,,
2003-08-18,8,8,8,8,,,,
2003-08-19,6,6,6,6,,,,
2003-08-20,8,8,8,8,,,,
2003-08-21,8,8,8,8,,,,
2003-08-22,7,7,7,7,,,,
2003-08-25,6,6,6,6,,,,
2003-08-26,5,5,5,5,,,,
2003-08-27,4,4,4,4,,,,
2003-08-28,5,5,5,5,,,,
2003-08-29,8,8,8,8,,,,
2003-09-02,3,3,3,3,,,,
2003-09-03,4,4,4,4,,,,
2003-09-04,5,5,5,5,,,,
2003-09-05,5,5,5,5,,,,
2003-09-08,5,5,5,5,,,,
2003-09-09,6,6,6,6,,,,
2003-09-10,3,3,3,3,,,,
2003-09-11,4,4,4,4,,,,
2003-09-12,5,5,5,5,,,,
2003-09-15,6,6,6,6,,,,
2003-09-16,6,6,6,6,,,,
2003-09-17,3,3,3,3,,,,
2003-09-18,6,6,6,6,,,,
2003-09-19,4,4,4,4,,,,
2003-09-22,5,5,5,5,,,,
2003-09-23,4,4,4,4,,,,
2003-09-24,4,4,4,4,,,,
2003-09-25,9,9,9,9,,,,
2003-09-26,12,12,12,12,,,,
2003-09-29,12,12,12,12,,,,
2003-09-30,9,9,9,9,,,,
2003-10-01,6,6,6,6,,,,
2003-10-02,7,7,7,7,,,,
2003-10-03,7,7,7,7,,,,
2003-10-06,6,6,6,6,,,,
2003-10-07,7,7,7,7,,,,
2003-10-08,7,7,7,7,,,,
2003-10-09,7,7,7,7,,,,
2003-10-10,4,4,4,4,,,,
2003-10-13,5,5,5,5,,,,
2003-10-14,5,5,5,5,,,,
2003-10-15,5,5,5,5,,,,
2003-10-16,8,8,8,8,,,,
2003-10-17,6,6,6,6,,,,
2003-10-20,7,7,7,7,,,,
2003-10-21,8,8,8,8,,,,
2003-10-22,4,4,4,4,,,,
2003-10-23,10,10,10,10,,,,
2003-10-24,9,9,9,9,,,,
2003-10-27,7,7,7,7,,,,
2003-10-28,6,6,6,6,,,,
2003-10-29,5,5,5,5,,,,
2003-10-30,7,7,7,7,,,,
2003-10-31,5,5,5,5,,,,
2003-11-03,4,4,4,4,,,,
2003-11-04,5,5,5,5,,,,
2003-11-05,9,9,9,9,,,,
2003-11-06,8,8,8,8,,,,
2003-11-07,9,9,9,9,,,,
2003-11-10,6,6,6,6,,,,
2003-11-11,11,11,11,11,,,,
2003-11-12,8,8,8,8,,,,
2003-11-13,9,9,9,9,,,,
2003-11-14,8,8,8,8,,,,
2003-11-17,8,8,8,8,,,,
2003-11-18,9,9,9,9,,,,
2003-11-19,10,10,10,10,,,,
2003-11-20,11,11,11,11,,,,
2003-11-21,8,8,8,8,,,,
2003-11-24,8,8,8,8,,,,
2003-11-25,6,6,6,6,,,,
2003-11-26,6,6,6,6,,,,
2003-11-28,6,6,6,6,,,,
2003-12-01,3,3,3,3,,,,
2003-12-02,5,5,5,5,,,,
2003-12-03,5,5,5,5,,,,
2003-12-04,5,5,5,5,,,,
2003-12-05,3,3,3,3,,,,
2003-12-08,6,6,6,6,,,,
2003-12-09,8,8,8,8,,,,
2003-12-10,7,7,7,7,,,,
2003-12-11,9,9,9,9,,,,
2003-12-12,8,8,8,8,,,,
2003-12-15,6,6,6,6,,,,
2003-12-16,7,7,7,7,,,,
2003-12-17,8,8,8,8,,,,
2003-12-18,5,5,5,5,,,,
2003-12-19,6,6,6,6,,,,
2003-12-22,4,4,4,4,,,,
2003-12-23,4,4,4,4,,,,
2003-12-24,9,9,9,9,,,,
2003-12-26,4,4,4,4,,,,
2003-12-29,4,4,4,4,,,,
2003-12-30,3,3,3,3,,,,
2003-12-31,4,4,4,4,,,,
2004-01-02,5,5,5,5,,,,
2004-01-05,6,6,6,6,,,,
2004-01-06,7,7,7,7,,,,
2004-01-07,4,4,4,4,,,,
2004-01-08,6,6,6,6,,,,
2004-01-09,5,5,5,5,,,,
2004-01-12,3,3,3,3,,,,
2004-01-13,6,6,6,6,,,,
2004-01-14,4,4,4,4,,,,
2004-01-15,4,4,4,4,,,,
2004-01-16,4,4,4,4,,,,
2004-01-20,5,5,5,5,,,,
2004-01-21,3,3,3,3,,,,
2004-01-22,3,3,3,3,,,,
2004-01-23,4,4,4,4,,,,
2004-01-26,4,4,4,4,,,,
2004-01-27,3,3,3,3,,,,
2004-01-28,6,6,6,6,,,,
2004-01-29,5,5,5,5,,,,
2004-01-30,7,7,7,7,,,,
2004-02-02,3,3,3,3,,,,
2004-02-03,3,3,3,3,,,,
2004-02-04,6,6,6,6,,,,
2004-02-05,7,7,7,7,,,,
2004-02-06,3,3,3,3,,,,
2004-02-09,6,6,6,6,,,,
2004-02-10,2,2,2,2,,,,
2004-02-11,4,4,4,4,,,,
2004-02-12,4,4,4,4,,,,
2004-02-13,3,3,3,3,,,,
2004-02-17,2,2,2,2,,,,
2004-02-18,3,3,3,3,,,,
2004-02-19,4,4,4,4,,,,
2004-02-20,6,6,6,6,,,,
2004-02-23,5,5,5,5,,,,
2004-02-24,5,5,5,5,,,,
2004-02-25,8,8,8,8,,,,
2004-02-26,5,5,5,5,,,,
2004-02-27,5,5,5,5,,,,
2004-03-01,4,4,4,4,,,,
2004-03-02,4,4,4,4,,,,
2004-03-03,6,6,6,6,,,,
2004-03-04,4,4,4,4,,,,
2004-03-05,3,3,3,3,,,,
2004-03-08,2,2,2,2,,,,
2004-03-09,4,4,4,4,,,,
2004-03-10,5,5,5,5,,,,
2004-03-11,6,6,6,6,,,,
2004-03-12,8,8,8,8,,,,
2004-03-15,6,6,6,6,,,,
2004-03-16,7,7,7,7,,,,
2004-03-17,5,5,5,5,,,,
2004-03-18,6,6,6,6,,,,
2004-03-19,6,6,6,6,,,,
2004-03-22,10,10,10,10,,,,
2004-03-23,4,4,4,4,,,,
2004-03-24,5,5,5,5,,,,
2004-03-25,8,8,8,8,,,,
2004-03-26,8,8,8,8,,,,
2004-03-29,6,6,6,6,,,,
2004-03-30,7,7,7,7,,,,
2004-03-31,8,8,8,8,,,,
2004-04-01,7,7,7,7,,,,
2004-04-02,5,5,5,5,,,,
2004-04-05,6,6,6,6,,,,
2004-04-06,8,8,8,8,,,,
2004-04-07,9,9,9,9,,,,
2004-04-08,7,7,7,7,,,,
2004-04-12,10,10,10,10,,,,
2004-04-13,11,11,11,11,,,,
2004-04-14,11,11,11,11,,,,
2004-04-15,11,11,11,11,,,,
2004-04-16,9,9,9,9,,,,
2004-04-19,9,9,9,9,,,,
2004-04-20,10,10,10,10,,,,
2004-04-21,9,9,9,9,,,,
2004-04-22,9,9,9,9,,,,
2004-04-23,7,7,7,7,,,,
2004-04-26,3,3,3,3,,,,
2004-04-27,8,8,8,8,,,,
2004-04-28,11,11,11,11,,,,
2004-04-29,13,13,13,13,,,,
2004-04-30,15,15,15,15,,,,
2004-05-03,12,12,12,12,,,,
2004-05-04,9,9,9,9,,,,
2004-05-05,9,9,9,9,,,,
2004-05-06,15,15,15,15,,,,
2004-05-07,34,34,34,34,,,,
2004-05-10,55,55,55,55,,,,
2004-05-11,14,14,14,14,,,,
2004-05-12,24,24,24,24,,,,
2004-05-13,16,16,16,16,,,,
2004-05-14,18,18,18,18,,,,
2004-05-17,364,364,364,364,,,,
2004-05-18,28,28,28,28,,,,
2004-05-19,15,15,15,15,,,,
2004-05-20,18,18,18,18,,,,
2004-05-21,14,14,14,14,,,,
2004-05-24,13,13,13,13,,,,
2004-05-25,11,11,11,11,,,,
2004-05-26,14,14,14,14,,,,
2004-05-27,10,10,10,10,,,,
2004-05-28,8,8,8,8,,,,
2004-06-01,12,12,12,12,,,,
2004-06-02,11,11,11,11,,,,
2004-06-03,13,13,13,13,,,,
2004-06-04,14,14,14,14,,,,
2004-06-07,11,11,11,11,,,,
2004-06-08,12,12,12,12,,,,
2004-06-09,16,16,16,16,,,,
2004-06-10,13,13,13,13,,,,
2004-06-14,15,15,15,15,,,,
2004-06-15,12,12,12,12,,,,
2004-06-16,19,19,19,19,,,,
2004-06-17,19,19,19,19,,,,
2004-06-18,377,377,377,377,,,,
2004-06-21,18,18,18,18,,,,
2004-06-22,18,18,18,18,,,,
2004-06-23,20,20,20,20,,,,
2004-06-24,18,18,18,18,,,,
2004-06-25,22,22,22,22,,,,
2004-06-28,16,16,16,16,,,,
2004-06-29,18,18,18,18,,,,
2004-06-30,12,12,12,12,,,,
2004-07-01,19,19,19,19,,,,
2004-07-02,19,19,19,19,,,,
2004-07-06,25,25,25,25,,,,
2004-07-07,27,27,27,27,,,,
2004-07-08,33,33,33,33,,,,
2004-07-09,28,28,28,28,,,,
2004-07-12,24,24,24,24,,,,
2004-07-13,24,24,24,24,,,,
2004-07-14,27,27,27,27,,,,
2004-07-15,32,32,32,32,,,,
2004-07-16,35,35,35,35,,,,
2004-07-19,36,36,36,36,,,,
2004-07-20,20,20,20,20,,,,
2004-07-21,26,26,26,26,,,,
2004-07-22,40,40,40,40,,,,
2004-07-23,33,33,33,33,,,,
2004-07-26,47,47,47,47,,,,
2004-07-27,36,36,36,36,,,,
2004-07-28,49,49,49,49,,,,
2004-07-29,25,25,25,25,,,,
2004-07-30,20,20,20,20,,,,
2004-08-02,25,25,25,25,,,,
2004-08-03,30,30,30,30,,,,
2004-08-04,41,41,41,41,,,,
2004-08-05,49,49,49,49,,,,
2004-08-06,76,76,76,76,,,,
2004-08-09,63,63,63,63,,,,
2004-08-10,25,25,25,25,,,,
2004-08-11,42,42,42,42,,,,
2004-08-12,56,56,56,56,,,,
2004-08-13,63,63,63,63,,,,
2004-08-16,34,34,34,34,,,,
2004-08-17,14,14,14,14,,,,
2004-08-18,17,17,17,17,,,,
2004-08-19,15,15,15,15,,,,
2004-08-20,15,15,15,15,,,,
2004-08-23,14,14,14,14,,,,
2004-08-24,15,15,15,15,,,,
2004-08-25,15,15,15,15,,,,
2004-08-26,14,14,14,14,,,,
2004-08-27,15,15,15,15,,,,
2004-08-30,13,13,13,13,,,,
2004-08-31,21,21,21,21,,,,
2004-09-01,15,15,15,15,,,,
2004-09-02,19,19,19,19,,,,
2004-09-03,17,17,17,17,,,,
2004-09-07,18,18,18,18,,,,
2004-09-08,20,20,20,20,,,,
2004-09-09,14,14,14,14,,,,
2004-09-10,14,14,14,14,,,,
2004-09-13,11,11,11,11,,,,
2004-09-14,12,12,12,12,,,,
2004-09-15,14,14,14,14,,,,
2004-09-16,16,16,16,16,,,,
2004-09-17,16,16,16,16,,,,
2004-09-20,19,19,19,19,,,,
2004-09-21,14,14,14,14,,,,
2004-09-22,21,21,21,21,,,,
2004-09-23,21,21,21,21,,,,
2004-09-24,24,24,24,24,,,,
2004-09-27,36,36,36,36,,,,
2004-09-28,28,28,28,28,,,,
2004-09-29,21,21,21,21,,,,
2004-09-30,19,19,19,19,,,,
2004-10-01,14,14,14,14,,,,
2004-10-04,15,15,15,15,,,,
2004-10-05,13,13,13,13,,,,
2004-10-06,17,17,17,17,,,,
2004-10-07,23,23,23,23,,,,
2004-10-08,18,18,18,18,,,,
2004-10-11,23,23,23,23,,,,
2004-10-12,27,27,27,27,,,,
2004-10-13,26,26,26,26,,,,
2004-10-14,37,37,37,37,,,,
2004-10-15,37,37,37,37,,,,
2004-10-18,31,31,31,31,,,,
2004-10-19,38,38,38,38,,,,
2004-10-20,47,47,47,47,,,,
2004-10-21,27,27,27,27,,,,
2004-10-22,29,29,29,29,,,,
2004-10-25,36,36,36,36,,,,
2004-10-26,24,24,24,24,,,,
2004-10-27,14,14,14,14,,,,
2004-10-28,15,15,15,15,,,,
2004-10-29,14,14,14,14,,,,
2004-11-01,16,16,16,16,,,,
2004-11-02,15,15,15,15,,,,
2004-11-03,12,12,12,12,,,,
2004-11-04,18,18,18,18,,,,
2004-11-05,12,12,12,12,,,,
2004-11-08,12,12,12,12,,,,
2004-11-09,13,13,13,13,,,,
2004-11-10,15,15,15,15,,,,
2004-11-11,11,11,11,11,,,,
2004-11-12,12,12,12,12,,,,
2004-11-15,9,9,9,9,,,,
2004-11-16,14,14,14,14,,,,
2004-11-17,13,13,13,13,,,,
2004-11-18,13,13,13,13,,,,
2004-11-19,14,14,14,14,,,,
2004-11-22,13,13,13,13,,,,
2004-11-23,14,14,14,14,,,,
2004-11-24,10,10,10,10,,,,
2004-11-26,14,14,14,14,,,,
2004-11-29,10,10,10,10,,,,
2004-11-30,11,11,11,11,,,,
2004-12-01,12,12,12,12,,,,
2004-12-02,15,15,15,15,,,,
2004-12-03,11,11,11,11,,,,
2004-12-06,12,12,12,12,,,,
2004-12-07,13,13,13,13,,,,
2004-12-08,12,12,12,12,,,,
2004-12-09,14,14,14,14,,,,
2004-12-10,13,13,13,13,,,,
2004-12-13,11,11,11,11,,,,
2004-12-14,11,11,11,11,,,,
2004-12-15,10,10,10,10,,,,
2004-12-16,15,15,15,15,,,,
2004-12-17,16,16,16,16,,,,
2004-12-20,14,14,14,14,,,,
2004-12-21,13,13,13,13,,,,
2004-12-22,13,13,13,13,,,,
2004-12-23,12,12,12,12,,,,
2004-12-27,13,13,13,13,,,,
2004-12-28,12,12,12,12,,,,
2004-12-29,10,10,10,10,,,,
2004-12-30,11,11,11,11,,,,
2004-12-31,9,9,9,9,,,,
2005-01-03,9,9,9,9,,,,
2005-01-04,12,12,12,12,,,,
2005-01-05,17,17,17,17,,,,
2005-01-06,15,15,15,15,,,,
2005-01-07,18,18,18,18,,,,
2005-01-10,13,13,13,13,,,,
2005-01-11,17,17,17,17,,,,
2005-01-12,18,18,18,18,,,,
2005-01-13,18,18,18,18,,,,
2005-01-14,15,15,15,15,,,,
2005-01-18,15,15,15,15,,,,
2005-01-19,13,13,13,13,,,,
2005-01-20,17,17,17,17,,,,
2005-01-21,21,21,21,21,,,,
2005-01-24,23,23,23,23,,,,
2005-01-25,18,18,18,18,,,,
2005-01-26,21,21,21,21,,,,
2005-01-27,18,18,18,18,,,,
2005-01-28,17,17,17,17,,,,
2005-01-31,12,12,12,12,,,,
2005-02-01,12,12,12,12,,,,
2005-02-02,14,14,14,14,,,,
2005-02-03,17,17,17,17,,,,
2005-02-04,11,11,11,11,,,,
2005-02-07,13,13,13,13,,,,
2005-02-08,16,16,16,16,,,,
2005-02-09,14,14,14,14,,,,
2005-02-10,15,15,15,15,,,,
2005-02-11,16,16,16,16,,,,
2005-02-14,11,11,11,11,,,,
2005-02-15,13,13,13,13,,,,
2005-02-16,13,13,13,13,,,,
2005-02-17,11,11,11,11,,,,
2005-02-18,16,16,16,16,,,,
2005-02-22,21,21,21,21,,,,
2005-02-23,18,18,18,18,,,,
2005-02-24,24,24,24,24,,,,
2005-02-25,16,16,16,16,,,,
2005-02-28,22,22,22,22,,,,
2005-03-01,18,18,18,18,,,,
2005-03-02,19,19,19,19,,,,
2005-03-03,20,20,20,20,,,,
2005-03-04,17,17,17,17,,,,
2005-03-07,13,13,13,13,,,,
2005-03-08,13,13,13,13,,,,
2005-03-09,16,16,16,16,,,,
2005-03-10,14,14,14,14,,,,
2005-03-11,16,16,16,16,,,,
2005-03-14,12,12,12,12,,,,
2005-03-15,15,15,15,15,,,,
2005-03-16,23,23,23,23,,,,
2005-03-17,20,20,20,20,,,,
2005-03-18,25,25,25,25,,,,
2005-03-21,26,26,26,26,,,,
2005-03-22,25,25,25,25,,,,
2005-03-23,39,39,39,39,,,,
2005-03-24,27,27,27,27,,,,
2005-03-28,22,22,22,22,,,,
2005-03-29,40,40,40,40,,,,
2005-03-30,27,27,27,27,,,,
2005-03-31,25,25,25,25,,,,
2005-04-01,32,32,32,32,,,,
2005-04-04,39,39,39,39,,,,
2005-04-05,25,25,25,25,,,,
2005-04-06,20,20,20,20,,,,
2005-04-07,20,20,20,20,,,,
2005-04-08,24,24,24,24,,,,
2005-04-11,35,35,35,35,,,,
2005-04-12,40,40,40,40,,,,
2005-04-13,28,28,28,28,,,,
2005-04-14,62,62,62,62,,,,
2005-04-15,94,94,94,94,,,,
2005-04-18,68,68,68,68,,,,
2005-04-19,35,35,35,35,,,,
2005-04-20,59,59,59,59,,,,
2005-04-21,37,37,37,37,,,,
2005-04-22,63,63,63,63,,,,
2005-04-25,35,35,35,35,,,,
2005-04-26,51,51,51,51,,,,
2005-04-27,74,74,74,74,,,,
2005-04-28,85,85,85,85,,,,
2005-04-29,80,80,80,80,,,,
2005-05-02,42,42,42,42,,,,
2005-05-03,34,34,34,34,,,,
2005-05-04,20,20,20,20,,,,
2005-05-05,18,18,18,18,,,,
2005-05-06,23,23,23,23,,,,
2005-05-09,21,21,21,21,,,,
2005-05-10,25,25,25,25,,,,
2005-05-11,34,34,34,34,,,,
2005-05-12,46,46,46,46,,,,
2005-05-13,66,66,66,66,,,,
2005-05-16,39,39,39,39,,,,
2005-05-17,35,35,35,35,,,,
2005-05-18,18,18,18,18,,,,
2005-05-19,14,14,14,14,,,,
2005-05-20,18,18,18,18,,,,
2005-05-23,11,11,11,11,,,,
2005-05-24,15,15,15,15,,,,
2005-05-25,19,19,19,19,,,,
2005-05-26,19,19,19,19,,,,
2005-05-27,16,16,16,16,,,,
2005-05-31,15,15,15,15,,,,
2005-06-01,18,18,18,18,,,,
2005-06-02,13,13,13,13,,,,
2005-06-03,21,21,21,21,,,,
2005-06-06,15,15,15,15,,,,
2005-06-07,14,14,14,14,,,,
2005-06-08,24,24,24,24,,,,
2005-06-09,15,15,15,15,,,,
2005-06-10,18,18,18,18,,,,
2005-06-13,12,12,12,12,,,,
2005-06-14,12,12,12,12,,,,
2005-06-15,7,7,7,7,,,,
2005-06-16,9,9,9,9,,,,
2005-06-17,11,11,11,11,,,,
2005-06-20,11,11,11,11,,,,
2005-06-21,12,12,12,12,,,,
2005-06-22,13,13,13,13,,,,
2005-06-23,18,18,18,18,,,,
2005-06-24,26,26,26,26,,,,
2005-06-27,31,31,31,31,,,,
2005-06-28,12,12,12,12,,,,
2005-06-29,16,16,16,16,,,,
2005-06-30,19,19,19,19,,,,
2005-07-01,14,14,14,14,,,,
2005-07-05,13,13,13,13,,,,
2005-07-06,14,14,14,14,,,,
2005-07-07,25,25,25,25,,,,
2005-07-08,7,7,7,7,,,,
2005-07-11,11,11,11,11,,,,
2005-07-12,9,9,9,9,,,,
2005-07-13,8,8,8,8,,,,
2005-07-14,6,6,6,6,,,,
2005-07-15,9,9,9,9,,,,
2005-07-18,12,12,12,12,,,,
2005-07-19,11,11,11,11,,,,
2005-07-20,6,6,6,6,,,,
2005-07-21,12,12,12,12,,,,
2005-07-22,10,10,10,10,,,,
2005-07-25,8,8,8,8,,,,
2005-07-26,11,11,11,11,,,,
2005-07-27,9,9,9,9,,,,
2005-07-28,13,13,13,13,,,,
2005-07-29,9,9,9,9,,,,
2005-08-01,9,9,9,9,,,,
2005-08-02,9,9,9,9,,,,
2005-08-03,11,11,11,11,,,,
2005-08-04,14,14,14,14,,,,
2005-08-05,17,17,17,17,,,,
2005-08-08,16,16,16,16,,,,
2005-08-09,11,11,11,11,,,,
2005-08-10,15,15,15,15,,,,
2005-08-11,13,13,13,13,,,,
2005-08-12,17,17,17,17,,,,
2005-08-15,13,13,13,13,,,,
2005-08-16,14,14,14,14,,,,
2005-08-17,10,10,10,10,,,,
2005-08-18,16,16,16,16,,,,
2005-08-19,11,11,11,11,,,,
2005-08-22,10,10,10,10,,,,
2005-08-23,18,18,18,18,,,,
2005-08-24,18,18,18,18,,,,
2005-08-25,19,19,19,19,,,,
2005-08-26,21,21,21,21,,,,
2005-08-29,28,28,28,28,,,,
2005-08-30,25,25,25,25,,,,
2005-08-31,22,22,22,22,,,,
2005-09-01,16,16,16,16,,,,
2005-09-02,15,15,15,15,,,,
2005-09-06,10,10,10,10,,,,
2005-09-07,11,11,11,11,,,,
2005-09-08,12,12,12,12,,,,
2005-09-09,10,10,10,10,,,,
2005-09-12,15,15,15,15,,,,
2005-09-13,16,16,16,16,,,,
2005-09-14,19,19,19,19,,,,
2005-09-15,29,29,29,29,,,,
2005-09-16,27,27,27,27,,,,
2005-09-19,32,32,32,32,,,,
2005-09-20,44,44,44,44,,,,
2005-09-21,64,64,64,64,,,,
2005-09-22,67,67,67,67,,,,
2005-09-23,26,26,26,26,,,,
2005-09-26,25,25,25,25,,,,
2005-09-27,29,29,29,29,,,,
2005-09-28,32,32,32,32,,,,
2005-09-29,38,38,38,38,,,,
2005-09-30,20,20,20,20,,,,
2005-10-03,21,21,21,21,,,,
2005-10-04,38,38,38,38,,,,
2005-10-05,67,67,67,67,,,,
2005-10-06,63,63,63,63,,,,
2005-10-07,28,28,28,28,,,,
2005-10-10,54,54,54,54,,,,
2005-10-11,69,69,69,69,,,,
2005-10-12,107,107,107,107,,,,
2005-10-13,92,92,92,92,,,,
2005-10-14,43,43,43,43,,,,
2005-10-17,40,40,40,40,,,,
2005-10-18,48,48,48,48,,,,
2005-10-19,74,74,74,74,,,,
2005-10-20,41,41,41,41,,,,
2005-10-21,43,43,43,43,,,,
2005-10-24,26,26,26,26,,,,
2005-10-25,32,32,32,32,,,,
2005-10-26,47,47,47,47,,,,
2005-10-27,81,81,81,81,,,,
2005-10-28,45,45,45,45,,,,
2005-10-31,14,14,14,14,,,,
2005-11-01,23,23,23,23,,,,
2005-11-02,19,19,19,19,,,,
2005-11-03,23,23,23,23,,,,
2005-11-04,27,27,27,27,,,,
2005-11-07,20,20,20,20,,,,
2005-11-08,21,21,21,21,,,,
2005-11-09,32,32,32,32,,,,
2005-11-10,36,36,36,36,,,,
2005-11-11,22,22,22,22,,,,
2005-11-14,26,26,26,26,,,,
2005-11-15,33,33,33,33,,,,
2005-11-16,38,38,38,38,,,,
2005-11-17,25,25,25,25,,,,
2005-11-18,14,14,14,14,,,,
2005-11-21,15,15,15,15,,,,
2005-11-22,15,15,15,15,,,,
2005-11-23,20,20,20,20,,,,
2005-11-25,14,14,14,14,,,,
2005-11-28,18,18,18,18,,,,
2005-11-29,18,18,18,18,,,,
2005-11-30,24,24,24,24,,,,
2005-12-01,16,16,16,16,,,,
2005-12-02,17,17,17,17,,,,
2005-12-05,23,23,23,23,,,,
2005-12-06,19,19,19,19,,,,
2005-12-07,24,24,24,24,,,,
2005-12-08,25,25,25,25,,,,
2005-12-09,18,18,18,18,,,,
2005-12-12,20,20,20,20,,,,
2005-12-13,18,18,18,18,,,,
2005-12-14,18,18,18,18,,,,
2005-12-15,23,23,23,23,,,,
2005-12-16,27,27,27,27,,,,
2005-12-19,30,30,30,30,,,,
2005-12-20,32,32,32,32,,,,
2005-12-21,27,27,27,27,,,,
2005-12-22,27,27,27,27,,,,
2005-12-23,19,19,19,19,,,,
2005-12-27,23,23,23,23,,,,
2005-12-28,23,23,23,23,,,,
2005-12-29,26,26,26,26,,,,
2005-12-30,26,26,26,26,,,,
2006-01-03,27,27,27,27,,,,
2006-01-04,11,11,11,11,,,,
2006-01-05,14,14,14,14,,,,
2006-01-06,16,16,16,16,,,,
2006-01-09,15,15,15,15,,,,
2006-01-10,11,11,11,11,,,,
2006-01-11,13,13,13,13,,,,
2006-01-12,17,17,17,17,,,,
2006-01-13,18,18,18,18,,,,
2006-01-17,20,20,20,20,,,,
2006-01-18,23,23,23,23,,,,
2006-01-19,20,20,20,20,,,,
2006-01-20,28,28,28,28,,,,
2006-01-23,31,31,31,31,,,,
2006-01-24,25,25,25,25,,,,
2006-01-25,26,26,26,26,,,,
2006-01-26,21,21,21,21,,,,
2006-01-27,22,22,22,22,,,,
2006-01-30,23,23,23,23,,,,
2006-01-31,26,26,26,26,,,,
2006-02-01,25,25,25,25,,,,
2006-02-02,29,29,29,29,,,,
2006-02-03,25,25,25,25,,,,
2006-02-06,25,25,25,25,,,,
2006-02-07,27,27,27,27,,,,
2006-02-08,34,34,34,34,,,,
2006-02-09,19,19,19,19,,,,
2006-02-10,22,22,22,22,,,,
2006-02-13,31,31,31,31,,,,
2006-02-14,31,31,31,31,,,,
2006-02-15,21,21,21,21,,,,
2006-02-16,20,20,20,20,,,,
2006-02-17,20,20,20,20,,,,
2006-02-21,19,19,19,19,,,,
2006-02-22,17,17,17,17,,,,
2006-02-23,21,21,21,21,,,,
2006-02-24,21,21,21,21,,,,
2006-02-27,20,20,20,20,,,,
2006-02-28,25,25,25,25,,,,
2006-03-01,29,29,29,29,,,,
2006-03-02,25,25,25,25,,,,
2006-03-03,25,25,25,25,,,,
2006-03-06,33,33,33,33,,,,
2006-03-07,38,38,38,38,,,,
2006-03-08,35,35,35,35,,,,
2006-03-09,28,28,28,28,,,,
2006-03-10,26,26,26,26,,,,
2006-03-13,26,26,26,26,,,,
2006-03-14,24,24,24,24,,,,
2006-03-15,23,23,23,23,,,,
2006-03-16,18,18,18,18,,,,
2006-03-17,21,21,21,21,,,,
2006-03-20,26,26,26,26,,,,
2006-03-21,26,26,26,26,,,,
2006-03-22,27,27,27,27,,,,
2006-03-23,20,20,20,20,,,,
2006-03-24,18,18,18,18,,,,
2006-03-27,19,19,19,19,,,,
2006-03-28,18,18,18,18,,,,
2006-03-29,13,13,13,13,,,,
2006-03-30,18,18,18,18,,,,
2006-03-31,16,16,16,16,,,,
2006-04-03,19,19,19,19,,,,
2006-04-04,21,21,21,21,,,,
2006-04-05,21,21,21,21,,,,
2006-04-06,17,17,17,17,,,,
2006-04-07,23,23,23,23,,,,
2006-04-10,32,32,32,32,,,,
2006-04-11,34,34,34,34,,,,
2006-04-12,28,28,28,28,,,,
2006-04-13,30,30,30,30,,,,
2006-04-17,32,32,32,32,,,,
2006-04-18,31,31,31,31,,,,
2006-04-19,20,20,20,20,,,,
2006-04-20,25,25,25,25,,,,
2006-04-21,23,23,23,23,,,,
2006-04-24,30,30,30,30,,,,
2006-04-25,27,27,27,27,,,,
2006-04-26,19,19,19,19,,,,
2006-04-27,28,28,28,28,,,,
2006-04-28,19,19,19,19,,,,
2006-05-01,23,23,23,23,,,,
2006-05-02,28,28,28,28,,,,
2006-05-03,28,28,28,28,,,,
2006-05-04,27,27,27,27,,,,
2006-05-05,19,19,19,19,,,,
2006-05-08,18,18,18,18,,,,
2006-05-09,23,23,23,23,,,,
2006-05-10,25,25,25,25,,,,
2006-05-11,29,29,29,29,,,,
2006-05-12,47,47,47,47,,,,
2006-05-15,48,48,48,48,,,,
2006-05-16,40,40,40,40,,,,
2006-05-17,62,62,62,62,,,,
2006-05-18,47,47,47,47,,,,
2006-05-19,57,57,57,57,,,,
2006-05-22,69,69,69,69,,,,
2006-05-23,50,50,50,50,,,,
2006-05-24,78,78,78,78,,,,
2006-05-25,31,31,31,31,,,,
2006-05-26,25,25,25,25,,,,
2006-05-30,35,35,35,35,,,,
2006-05-31,38,38,38,38,,,,
2006-06-01,25,25,25,25,,,,
2006-06-02,23,23,23,23,,,,
2006-06-05,47,47,47,47,,,,
2006-06-06,71,71,71,71,,,,
2006-06-07,41,41,41,41,,,,
2006-06-08,99,99,99,99,,,,
2006-06-09,29,29,29,29,,,,
2006-06-12,77,77,77,77,,,,
2006-06-13,135,135,135,135,,,,
2006-06-14,111,111,111,111,,,,
2006-06-15,31,31,31,31,,,,
2006-06-16,28,28,28,28,,,,
2006-06-19,49,49,49,49,,,,
2006-06-20,62,62,62,62,,,,
2006-06-21,36,36,36,36,,,,
2006-06-22,49,49,49,49,,,,
2006-06-23,60,60,60,60,,,,
2006-06-26,49,49,49,49,,,,
2006-06-27,66,66,66,66,,,,
2006-06-28,70,70,70,70,,,,
2006-06-29,40,40,40,40,,,,
2006-06-30,33,33,33,33,,,,
2006-07-03,30,30,30,30,,,,
2006-07-05,45,45,45,45,,,,
2006-07-06,41,41,41,41,,,,
2006-07-07,48,48,48,48,,,,
2006-07-10,45,45,45,45,,,,
2006-07-11,63,63,63,63,,,,
2006-07-12,72,72,72,72,,,,
2006-07-13,107,107,107,107,,,,
2006-07-14,139,139,139,139,,,,
2006-07-17,85,85,85,85,,,,
2006-07-18,115,115,115,115,,,,
2006-07-19,38,38,38,38,,,,
2006-07-20,50,50,50,50,,,,
2006-07-21,116,116,116,116,,,,
2006-07-24,40,40,40,40,,,,
2006-07-25,39,39,39,39,,,,
2006-07-26,45,45,45,45,,,,
2006-07-27,63,63,63,63,,,,
2006-07-28,45,45,45,45,,,,
2006-07-31,41,41,41,41,,,,
2006-08-01,58,58,58,58,,,,
2006-08-02,34,34,34,34,,,,
2006-08-03,40,40,40,40,,,,
2006-08-04,34,34,34,34,,,,
2006-08-07,46,46,46,46,,,,
2006-08-08,52,52,52,52,,,,
2006-08-09,67,67,67,67,,,,
2006-08-10,74,74,74,74,,,,
2006-08-11,49,49,49,49,,,,
2006-08-14,44,44,44,44,,,,
2006-08-15,25,25,25,25,,,,
2006-08-16,24,24,24,24,,,,
2006-08-17,25,25,25,25,,,,
2006-08-18,19,19,19,19,,,,
2006-08-21,26,26,26,26,,,,
2006-08-22,28,28,28,28,,,,
2006-08-23,31,31,31,31,,,,
2006-08-24,42,42,42,42,,,,
2006-08-25,36,36,36,36,,,,
2006-08-28,26,26,26,26,,,,
2006-08-29,23,23,23,23,,,,
2006-08-30,20,20,20,20,,,,
2006-08-31,20,20,20,20,,,,
2006-09-01,21,21,21,21,,,,
2006-09-05,21,21,21,21,,,,
2006-09-06,29,29,29,29,,,,
2006-09-07,40,40,40,40,,,,
2006-09-08,40,40,40,40,,,,
2006-09-11,50,50,50,50,,,,
2006-09-12,37,37,37,37,,,,
2006-09-13,24,24,24,24,,,,
2006-09-14,33,33,33,33,,,,
2006-09-15,30,30,30,30,,,,
2006-09-18,23,23,23,23,,,,
2006-09-19,36,36,36,36,,,,
2006-09-20,34,34,34,34,,,,
2006-09-21,32,32,32,32,,,,
2006-09-22,49,49,49,49,,,,
2006-09-25,57,57,57,57,,,,
2006-09-26,31,31,31,31,,,,
2006-09-27,27,27,27,27,,,,
2006-09-28,23,23,23,23,,,,
2006-09-29,28,28,28,28,,,,
2006-10-02,26,26,26,26,,,,
2006-10-03,43,43,43,43,,,,
2006-10-04,55,55,55,55,,,,
2006-10-05,25,25,25,25,,,,
2006-10-06,21,21,21,21,,,,
2006-10-09,21,21,21,21,,,,
2006-10-10,26,26,26,26,,,,
2006-10-11,25,25,25,25,,,,
2006-10-12,24,24,24,24,,,,
2006-10-13,25,25,25,25,,,,
2006-10-16,21,21,21,21,,,,
2006-10-17,23,23,23,23,,,,
2006-10-18,21,21,21,21,,,,
2006-10-19,21,21,21,21,,,,
2006-10-20,22,22,22,22,,,,
2006-10-23,24,24,24,24,,,,
2006-10-24,26,26,26,26,,,,
2006-10-25,26,26,26,26,,,,
2006-10-26,26,26,26,26,,,,
2006-10-27,24,24,24,24,,,,
2006-10-30,24,24,24,24,,,,
2006-10-31,26,26,26,26,,,,
2006-11-01,23,23,23,23,,,,
2006-11-02,31,31,31,31,,,,
2006-11-03,24,24,24,24,,,,
2006-11-06,24,24,24,24,,,,
2006-11-07,23,23,23,23,,,,
2006-11-08,24,24,24,24,,,,
2006-11-09,30,30,30,30,,,,
2006-11-10,29,29,29,29,,,,
2006-11-13,31,31,31,31,,,,
2006-11-14,28,28,28,28,,,,
2006-11-15,20,20,20,20,,,,
2006-11-16,23,23,23,23,,,,
2006-11-17,21,21,21,21,,,,
2006-11-20,27,27,27,27,,,,
2006-11-21,27,27,27,27,,,,
2006-11-22,24,24,24,24,,,,
2006-11-24,25,25,25,25,,,,
2006-11-27,24,24,24,24,,,,
2006-11-28,28,28,28,28,,,,
2006-11-29,24,24,24,24,,,,
2006-11-30,24,24,24,24,,,,
2006-12-01,24,24,24,24,,,,
2006-12-04,22,22,22,22,,,,
2006-12-05,21,21,21,21,,,,
2006-12-06,23,23,23,23,,,,
2006-12-07,24,24,24,24,,,,
2006-12-08,22,22,22,22,,,,
2006-12-11,25,25,25,25,,,,
2006-12-12,25,25,25,25,,,,
2006-12-13,26,26,26,26,,,,
2006-12-14,23,23,23,23,,,,
2006-12-15,23,23,23,23,,,,
2006-12-18,27,27,27,27,,,,
2006-12-19,25,25,25,25,,,,
2006-12-20,22,22,22,22,,,,
2006-12-21,21,21,21,21,,,,
2006-12-22,20,20,20,20,,,,
2006-12-26,21,21,21,21,,,,
2006-12-27,18,18,18,18,,,,
2006-12-28,19,19,19,19,,,,
2006-12-29,20,20,20,20,,,,
2007-01-03,27,27,27,27,,,,
2007-01-04,30,30,30,30,,,,
2007-01-05,28,28,28,28,,,,
2007-01-08,22,22,22,22,,,,
2007-01-09,25,25,25,25,,,,
2007-01-10,23,23,23,23,,,,
2007-01-11,21,21,21,21,,,,
2007-01-12,19,19,19,19,,,,
2007-01-16,22,22,22,22,,,,
2007-01-17,23,23,23,23,,,,
2007-01-18,25,25,25,25,,,,
2007-01-19,24,24,24,24,,,,
2007-01-22,20,20,20,20,,,,
2007-01-23,23,23,23,23,,,,
2007-01-24,19,19,19,19,,,,
2007-01-25,20,20,20,20,,,,
2007-01-26,23,23,23,23,,,,
2007-01-29,21,21,21,21,,,,
2007-01-30,23,23,23,23,,,,
2007-01-31,21,21,21,21,,,,
2007-02-01,25,25,25,25,,,,
2007-02-02,22,22,22,22,,,,
2007-02-05,22,22,22,22,,,,
2007-02-06,26,26,26,26,,,,
2007-02-07,18,18,18,18,,,,
2007-02-08,21,21,21,21,,,,
2007-02-09,12,12,12,12,,,,
2007-02-12,14,14,14,14,,,,
2007-02-13,14,14,14,14,,,,
2007-02-14,14,14,14,14,,,,
2007-02-15,14,14,14,14,,,,
2007-02-16,18,18,18,18,,,,
2007-02-20,15,15,15,15,,,,
2007-02-21,15,15,15,15,,,,
2007-02-22,16,16,16,16,,,,
2007-02-23,15,15,15,15,,,,
2007-02-26,15,15,15,15,,,,
2007-02-27,27,27,27,27,,,,
2007-02-28,16,16,16,16,,,,
2007-03-01,31,31,31,31,,,,
2007-03-02,27,27,27,27,,,,
2007-03-05,45,45,45,45,,,,
2007-03-06,21,21,21,21,,,,
2007-03-07,25,25,25,25,,,,
2007-03-08,20,20,20,20,,,,
2007-03-09,26,26,26,26,,,,
2007-03-12,25,25,25,25,,,,
2007-03-13,42,42,42,42,,,,
2007-03-14,46,46,46,46,,,,
2007-03-15,18,18,18,18,,,,
2007-03-16,21,21,21,21,,,,
2007-03-19,19,19,19,19,,,,
2007-03-20,18,18,18,18,,,,
2007-03-21,16,16,16,16,,,,
2007-03-22,18,18,18,18,,,,
2007-03-23,15,15,15,15,,,,
2007-03-26,18,18,18,18,,,,
2007-03-27,17,17,17,17,,,,
2007-03-28,17,17,17,17,,,,
2007-03-29,17,17,17,17,,,,
2007-03-30,17,17,17,17,,,,
2007-04-02,28,28,28,28,,,,
2007-04-03,15,15,15,15,,,,
2007-04-04,17,17,17,17,,,,
2007-04-05,21,21,21,21,,,,
2007-04-09,19,19,19,19,,,,
2007-04-10,15,15,15,15,,,,
2007-04-11,23,23,23,23,,,,
2007-04-12,30,30,30,30,,,,
2007-04-13,16,16,16,16,,,,
2007-04-16,15,15,15,15,,,,
2007-04-17,12,12,12,12,,,,
2007-04-18,16,16,16,16,,,,
2007-04-19,19,19,19,19,,,,
2007-04-20,12,12,12,12,,,,
2007-04-23,18,18,18,18,,,,
2007-04-24,22,22,22,22,,,,
2007-04-25,4,4,4,4,,,,
2007-04-26,21,21,21,21,,,,
2007-04-27,23,23,23,23,,,,
2007-04-30,24,24,24,24,,,,
2007-05-01,29,29,29,29,,,,
2007-05-02,19,19,19,19,,,,
2007-05-03,20,20,20,20,,,,
2007-05-04,21,21,21,21,,,,
2007-05-07,18,18,18,18,,,,
2007-05-08,21,21,21,21,,,,
2007-05-09,16,16,16,16,,,,
2007-05-10,21,21,21,21,,,,
2007-05-11,22,22,22,22,,,,
2007-05-14,26,26,26,26,,,,
2007-05-15,28,28,28,28,,,,
2007-05-16,27,27,27,27,,,,
2007-05-17,24,24,24,24,,,,
2007-05-18,20,20,20,20,,,,
2007-05-21,19,19,19,19,,,,
2007-05-22,16,16,16,16,,,,
2007-05-23,20,20,20,20,,,,
2007-05-24,24,24,24,24,,,,
2007-05-25,20,20,20,20,,,,
2007-05-29,17,17,17,17,,,,
2007-05-30,19,19,19,19,,,,
2007-05-31,18,18,18,18,,,,
2007-06-01,15,15,15,15,,,,
2007-06-04,15,15,15,15,,,,
2007-06-05,17,17,17,17,,,,
2007-06-06,24,24,24,24,,,,
2007-06-07,38,38,38,38,,,,
2007-06-08,35,35,35,35,,,,
2007-06-11,23,23,23,23,,,,
2007-06-12,35,35,35,35,,,,
2007-06-13,28,28,28,28,,,,
2007-06-14,18,18,18,18,,,,
2007-06-15,16,16,16,16,,,,
2007-06-18,20,20,20,20,,,,
2007-06-19,22,22,22,22,,,,
2007-06-20,17,17,17,17,,,,
2007-06-21,29,29,29,29,,,,
2007-06-22,33,33,33,33,,,,
2007-06-25,40,40,40,40,,,,
2007-06-26,41,41,41,41,,,,
2007-06-27,43,43,43,43,,,,
2007-06-28,19,19,19,19,,,,
2007-06-29,28,28,28,28,,,,
2007-07-02,22,22,22,22,,,,
2007-07-03,24,24,24,24,,,,
2007-07-05,23,23,23,23,,,,
2007-07-06,18,18,18,18,,,,
2007-07-09,21,21,21,21,,,,
2007-07-10,40,40,40,40,,,,
2007-07-11,41,41,41,41,,,,
2007-07-12,20,20,20,20,,,,
2007-07-13,12,12,12,12,,,,
2007-07-16,21,21,21,21,,,,
2007-07-17,24,24,24,24,,,,
2007-07-18,42,42,42,42,,,,
2007-07-19,23,23,23,23,,,,
2007-07-20,56,56,56,56,,,,
2007-07-23,54,54,54,54,,,,
2007-07-24,95,95,95,95,,,,
2007-07-25,96,96,96,96,,,,
2007-07-26,169,169,169,169,,,,
2007-07-27,118,118,118,118,,,,
2007-07-30,158,158,158,158,,,,
2007-07-31,86,86,86,86,,,,
2007-08-01,188,188,188,188,,,,
2007-08-02,57,57,57,57,,,,
2007-08-03,160,160,160,160,,,,
2007-08-06,221,221,221,221,,,,
2007-08-07,81,81,81,81,,,,
2007-08-08,57,57,57,57,,,,
2007-08-09,104,104,104,104,,,,
2007-08-10,107,107,107,107,,,,
2007-08-13,23,23,23,23,,,,
2007-08-14,57,57,57,57,,,,
2007-08-15,98,98,98,98,,,,
2007-08-16,198,198,198,198,,,,
2007-08-17,33,33,33,33,,,,
2007-08-20,17,17,17,17,,,,
2007-08-21,23,23,23,23,,,,
2007-08-22,19,19,19,19,,,,
2007-08-23,20,20,20,20,,,,
2007-08-24,20,20,20,20,,,,
2007-08-27,19,19,19,19,,,,
2007-08-28,34,34,34,34,,,,
2007-08-29,29,29,29,29,,,,
2007-08-30,20,20,20,20,,,,
2007-08-31,19,19,19,19,,,,
2007-09-04,19,19,19,19,,,,
2007-09-05,27,27,27,27,,,,
2007-09-06,31,31,31,31,,,,
2007-09-07,54,54,54,54,,,,
2007-09-10,79,79,79,79,,,,
2007-09-11,41,41,41,41,,,,
2007-09-12,54,54,54,54,,,,
2007-09-13,57,57,57,57,,,,
2007-09-14,58,58,58,58,,,,
2007-09-17,55,55,55,55,,,,
2007-09-18,40,40,40,40,,,,
2007-09-19,14,14,14,14,,,,
2007-09-20,23,23,23,23,,,,
2007-09-21,33,33,33,33,,,,
2007-09-24,41,41,41,41,,,,
2007-09-25,66,66,66,66,,,,
2007-09-26,42,42,42,42,,,,
2007-09-27,33,33,33,33,,,,
2007-09-28,31,31,31,31,,,,
2007-10-01,30,30,30,30,,,,
2007-10-02,20,20,20,20,,,,
2007-10-03,16,16,16,16,,,,
2007-10-04,18,18,18,18,,,,
2007-10-05,14,14,14,14,,,,
2007-10-08,18,18,18,18,,,,
2007-10-09,23,23,23,23,,,,
2007-10-10,18,18,18,18,,,,
2007-10-11,29,29,29,29,,,,
2007-10-12,30,30,30,30,,,,
2007-10-15,46,46,46,46,,,,
2007-10-16,57,57,57,57,,,,
2007-10-17,63,63,63,63,,,,
2007-10-18,72,72,72,72,,,,
2007-10-19,97,97,97,97,,,,
2007-10-22,109,109,109,109,,,,
2007-10-23,40,40,40,40,,,,
2007-10-24,80,80,80,80,,,,
2007-10-25,69,69,69,69,,,,
2007-10-26,46,46,46,46,,,,
2007-10-29,31,31,31,31,,,,
2007-10-30,46,46,46,46,,,,
2007-10-31,34,34,34,34,,,,
2007-11-01,102,102,102,102,,,,
2007-11-02,149,149,149,149,,,,
2007-11-05,151,151,151,151,,,,
2007-11-06,118,118,118,118,,,,
2007-11-07,187,187,187,187,,,,
2007-11-08,223,223,223,223,,,,
2007-11-09,149,149,149,149,,,,
2007-11-12,87,87,87,87,,,,
2007-11-13,42,42,42,42,,,,
2007-11-14,45,45,45,45,,,,
2007-11-15,88,88,88,88,,,,
2007-11-16,129,129,129,129,,,,
2007-11-19,205,205,205,205,,,,
2007-11-20,264,264,264,264,,,,
2007-11-21,218,218,218,218,,,,
2007-11-23,43,43,43,43,,,,
2007-11-26,163,163,163,163,,,,
2007-11-27,175,175,175,175,,,,
2007-11-28,40,40,40,40,,,,
2007-11-29,42,42,42,42,,,,
2007-11-30,34,34,34,34,,,,
2007-12-03,60,60,60,60,,,,
2007-12-04,98,98,98,98,,,,
2007-12-05,55,55,55,55,,,,
2007-12-06,32,32,32,32,,,,
2007-12-07,23,23,23,23,,,,
2007-12-10,19,19,19,19,,,,
2007-12-11,40,40,40,40,,,,
2007-12-12,65,65,65,65,,,,
2007-12-13,102,102,102,102,,,,
2007-12-14,124,124,124,124,,,,
2007-12-17,197,197,197,197,,,,
2007-12-18,190,190,190,190,,,,
2007-12-19,91,91,91,91,,,,
2007-12-20,112,112,112,112,,,,
2007-12-21,52,52,52,52,,,,
2007-12-24,27,27,27,27,,,,
2007-12-26,32,32,32,32,,,,
2007-12-27,55,55,55,55,,,,
2007-12-28,83,83,83,83,,,,
2007-12-31,99,99,99,99,,,,
2008-01-02,141,141,141,141,,,,
2008-01-03,192,192,192,192,,,,
2008-01-04,390,390,390,390,,,,
2008-01-07,276,276,276,276,,,,
2008-01-08,348,348,348,348,,,,
2008-01-09,486,486,486,486,,,,
2008-01-10,133,133,133,133,,,,
2008-01-11,140,140,140,140,,,,
2008-01-14,114,114,114,114,,,,
2008-01-15,249,249,249,249,,,,
2008-01-16,233,233,233,233,,,,
2008-01-17,276,276,276,276,,,,
2008-01-18,397,397,397,397,,,,
2008-01-22,634,634,634,634,,,,
2008-01-23,247,247,247,247,,,,
2008-01-24,30,30,30,30,,,,
2008-01-25,32,32,32,32,,,,
2008-01-28,28,28,28,28,,,,
2008-01-29,24,24,24,24,,,,
2008-01-30,24,24,24,24,,,,
2008-01-31,41,41,41,41,,,,
2008-02-01,19,19,19,19,,,,
2008-02-04,18,18,18,18,,,,
2008-02-05,31,31,31,31,,,,
2008-02-06,42,42,42,42,,,,
2008-02-07,50,50,50,50,,,,
2008-02-08,44,44,44,44,,,,
2008-02-11,61,61,61,61,,,,
2008-02-12,33,33,33,33,,,,
2008-02-13,25,25,25,25,,,,
2008-02-14,27,27,27,27,,,,
2008-02-15,52,52,52,52,,,,
2008-02-19,34,34,34,34,,,,
2008-02-20,51,51,51,51,,,,
2008-02-21,47,47,47,47,,,,
2008-02-22,78,78,78,78,,,,
2008-02-25,37,37,37,37,,,,
2008-02-26,30,30,30,30,,,,
2008-02-27,30,30,30,30,,,,
2008-02-28,49,49,49,49,,,,
2008-02-29,95,95,95,95,,,,
2008-03-03,122,122,122,122,,,,
2008-03-04,127,127,127,127,,,,
2008-03-05,78,78,78,78,,,,
2008-03-06,164,164,164,164,,,,
2008-03-07,222,222,222,222,,,,
2008-03-10,207,207,207,207,,,,
2008-03-11,104,104,104,104,,,,
2008-03-12,70,70,70,70,,,,
2008-03-13,143,143,143,143,,,,
2008-03-14,146,146,146,146,,,,
2008-03-17,315,315,315,315,,,,
2008-03-18,59,59,59,59,,,,
2008-03-19,55,55,55,55,,,,
2008-03-20,87,87,87,87,,,,
2008-03-24,26,26,26,26,,,,
2008-03-25,19,19,19,19,,,,
2008-03-26,24,24,24,24,,,,
2008-03-27,23,23,23,23,,,,
2008-03-28,39,39,39,39,,,,
2008-03-31,31,31,31,31,,,,
2008-04-01,18,18,18,18,,,,
2008-04-02,14,14,14,14,,,,
2008-04-03,13,13,13,13,,,,
2008-04-04,15,15,15,15,,,,
2008-04-07,13,13,13,13,,,,
2008-04-08,16,16,16,16,,,,
2008-04-09,29,29,29,29,,,,
2008-04-10,35,35,35,35,,,,
2008-04-11,47,47,47,47,,,,
2008-04-14,71,71,71,71,,,,
2008-04-15,66,66,66,66,,,,
2008-04-16,25,25,25,25,,,,
2008-04-17,35,35,35,35,,,,
2008-04-18,19,19,19,19,,,,
2008-04-21,26,26,26,26,,,,
2008-04-22,59,59,59,59,,,,
2008-04-23,51,51,51,51,,,,
2008-04-24,38,38,38,38,,,,
2008-04-25,29,29,29,29,,,,
2008-04-28,20,20,20,20,,,,
2008-04-29,29,29,29,29,,,,
2008-04-30,21,21,21,21,,,,
2008-05-01,30,30,30,30,,,,
2008-05-02,20,20,20,20,,,,
2008-05-05,20,20,20,20,,,,
2008-05-06,28,28,28,28,,,,
2008-05-07,33,33,33,33,,,,
2008-05-08,37,37,37,37,,,,
2008-05-09,39,39,39,39,,,,
2008-05-12,22,22,22,22,,,,
2008-05-13,26,26,26,26,,,,
2008-05-14,15,15,15,15,,,,
2008-05-15,25,25,25,25,,,,
2008-05-16,21,21,21,21,,,,
2008-05-19,22,22,22,22,,,,
2008-05-20,25,25,25,25,,,,
2008-05-21,34,34,34,34,,,,
2008-05-22,25,25,25,25,,,,
2008-05-23,43,43,43,43,,,,
2008-05-27,34,34,34,34,,,,
2008-05-28,35,35,35,35,,,,
2008-05-29,20,20,20,20,,,,
2008-05-30,20,20,20,20,,,,
2008-06-02,35,35,35,35,,,,
2008-06-03,31,31,31,31,,,,
2008-06-04,30,30,30,30,,,,
2008-06-05,27,27,27,27,,,,
2008-06-06,52,52,52,52,,,,
2008-06-09,70,70,70,70,,,,
2008-06-10,82,82,82,82,,,,
2008-06-11,127,127,127,127,,,,
2008-06-12,90,90,90,90,,,,
2008-06-13,66,66,66,66,,,,
2008-06-16,52,52,52,52,,,,
2008-06-17,71,71,71,71,,,,
2008-06-18,132,132,132,132,,,,
2008-06-19,111,111,111,111,,,,
2008-06-20,146,146,146,146,,,,
2008-06-23,162,162,162,162,,,,
2008-06-24,203,203,203,203,,,,
2008-06-25,65,65,65,65,,,,
2008-06-26,196,196,196,196,,,,
2008-06-27,255,255,255,255,,,,
2008-06-30,239,239,239,239,,,,
2008-07-01,320,320,320,320,,,,
2008-07-02,220,220,220,220,,,,
2008-07-03,264,264,264,264,,,,
2008-07-07,290,290,290,290,,,,
2008-07-08,192,192,192,192,,,,
2008-07-09,108,108,108,108,,,,
2008-07-10,223,223,223,223,,,,
2008-07-11,319,319,319,319,,,,
2008-07-14,226,226,226,226,,,,
2008-07-15,408,408,408,408,,,,
2008-07-16,110,110,110,110,,,,
2008-07-17,45,45,45,45,,,,
2008-07-18,48,48,48,48,,,,
2008-07-21,29,29,29,29,,,,
2008-07-22,32,32,32,32,,,,
2008-07-23,16,16,16,16,,,,
2008-07-24,40,40,40,40,,,,
2008-07-25,27,27,27,27,,,,
2008-07-28,42,42,42,42,,,,
2008-07-29,41,41,41,41,,,,
2008-07-30,36,36,36,36,,,,
2008-07-31,40,40,40,40,,,,
2008-08-01,53,53,53,53,,,,
2008-08-04,63,63,63,63,,,,
2008-08-05,45,45,45,45,,,,
2008-08-06,22,22,22,22,,,,
2008-08-07,40,40,40,40,,,,
2008-08-08,41,41,41,41,,,,
2008-08-11,30,30,30,30,,,,
2008-08-12,31,31,31,31,,,,
2008-08-13,28,28,28,28,,,,
2008-08-14,21,21,21,21,,,,
2008-08-15,31,31,31,31,,,,
2008-08-18,25,25,25,25,,,,
2008-08-19,50,50,50,50,,,,
2008-08-20,38,38,38,38,,,,
2008-08-21,38,38,38,38,,,,
2008-08-22,17,17,17,17,,,,
2008-08-25,33,33,33,33,,,,
2008-08-26,46,46,46,46,,,,
2008-08-27,26,26,26,26,,,,
2008-08-28,17,17,17,17,,,,
2008-08-29,16,16,16,16,,,,
2008-09-02,29,29,29,29,,,,
2008-09-03,48,48,48,48,,,,
2008-09-04,77,77,77,77,,,,
2008-09-05,109,109,109,109,,,,
2008-09-08,37,37,37,37,,,,
2008-09-09,132,132,132,132,,,,
2008-09-10,106,106,106,106,,,,
2008-09-11,151,151,151,151,,,,
2008-09-12,44,44,44,44,,,,
2008-09-15,199,199,199,199,,,,
2008-09-16,320,320,320,320,,,,
2008-09-17,273,273,273,273,,,,
2008-09-18,297,297,297,297,,,,
2008-09-19,24,24,24,24,,,,
2008-09-22,17,17,17,17,,,,
2008-09-23,32,32,32,32,,,,
2008-09-24,57,57,57,57,,,,
2008-09-25,44,44,44,44,,,,
2008-09-26,75,75,75,75,,,,
2008-09-29,426,426,426,426,,,,
2008-09-30,99,99,99,99,,,,
2008-10-01,91,91,91,91,,,,
2008-10-02,380,380,380,380,,,,
2008-10-03,398,398,398,398,,,,
2008-10-06,933,933,933,933,,,,
2008-10-07,579,579,579,579,,,,
2008-10-08,1024,1024,1024,1024,,,,
2008-10-09,924,924,924,924,,,,
2008-10-10,1367,1367,1367,1367,,,,
2008-10-13,20,20,20,20,,,,
2008-10-14,25,25,25,25,,,,
2008-10-15,158,158,158,158,,,,
2008-10-16,368,368,368,368,,,,
2008-10-17,101,101,101,101,,,,
2008-10-20,38,38,38,38,,,,
2008-10-21,64,64,64,64,,,,
2008-10-22,382,382,382,382,,,,
2008-10-23,594,594,594,594,,,,
2008-10-24,770,770,770,770,,,,
2008-10-27,499,499,499,499,,,,
2008-10-28,531,531,531,531,,,,
2008-10-29,57,57,57,57,,,,
2008-10-30,41,41,41,41,,,,
2008-10-31,35,35,35,35,,,,
2008-11-03,13,13,13,13,,,,
2008-11-04,14,14,14,14,,,,
2008-11-05,19,19,19,19,,,,
2008-11-06,79,79,79,79,,,,
2008-11-07,74,74,74,74,,,,
2008-11-10,98,98,98,98,,,,
2008-11-11,198,198,198,198,,,,
2008-11-12,355,355,355,355,,,,
2008-11-13,460,460,460,460,,,,
2008-11-14,77,77,77,77,,,,
2008-11-17,207,207,207,207,,,,
2008-11-18,418,418,418,418,,,,
2008-11-19,628,628,628,628,,,,
2008-11-20,964,964,964,964,,,,
2008-11-21,766,766,766,766,,,,
2008-11-24,39,39,39,39,,,,
2008-11-25,28,28,28,28,,,,
2008-11-26,19,19,19,19,,,,
2008-11-28,16,16,16,16,,,,
2008-12-01,44,44,44,44,,,,
2008-12-02,35,35,35,35,,,,
2008-12-03,33,33,33,33,,,,
2008-12-04,59,59,59,59,,,,
2008-12-05,121,121,121,121,,,,
2008-12-08,8,8,8,8,,,,
2008-12-09,11,11,11,11,,,,
2008-12-10,12,12,12,12,,,,
2008-12-11,20,20,20,20,,,,
2008-12-12,38,38,38,38,,,,
2008-12-15,24,24,24,24,,,,
2008-12-16,16,16,16,16,,,,
2008-12-17,7,7,7,7,,,,
2008-12-18,13,13,13,13,,,,
2008-12-19,16,16,16,16,,,,
2008-12-22,29,29,29,29,,,,
2008-12-23,34,34,34,34,,,,
2008-12-24,27,27,27,27,,,,
2008-12-26,13,13,13,13,,,,
2008-12-29,24,24,24,24,,,,
2008-12-30,17,17,17,17,,,,
2008-12-31,5,5,5,5,,,,
2009-01-02,5,5,5,5,,,,
2009-01-05,3,3,3,3,,,,
2009-01-06,1,1,1,1,,,,
2009-01-07,10,10,10,10,,,,
2009-01-08,11,11,11,11,,,,
2009-01-09,7,7,7,7,,,,
2009-01-12,15,15,15,15,,,,
2009-01-13,13,13,13,13,,,,
2009-01-14,39,39,39,39,,,,
2009-01-15,56,56,56,56,,,,
2009-01-16,32,32,32,32,,,,
2009-01-20,87,87,87,87,,,,
2009-01-21,60,60,60,60,,,,
2009-01-22,56,56,56,56,,,,
2009-01-23,82,82,82,82,,,,
2009-01-26,30,30,30,30,,,,
2009-01-27,15,15,15,15,,,,
2009-01-28,9,9,9,9,,,,
2009-01-29,32,32,32,32,,,,
2009-01-30,59,59,59,59,,,,
2009-02-02,90,90,90,90,,,,
2009-02-03,46,46,46,46,,,,
2009-02-04,44,44,44,44,,,,
2009-02-05,66,66,66,66,,,,
2009-02-06,17,17,17,17,,,,
2009-02-09,10,10,10,10,,,,
2009-02-10,35,35,35,35,,,,
2009-02-11,42,42,42,42,,,,
2009-02-12,83,83,83,83,,,,
2009-02-13,27,27,27,27,,,,
2009-02-17,149,149,149,149,,,,
2009-02-18,169,169,169,169,,,,
2009-02-19,155,155,155,155,,,,
2009-02-20,306,306,306,306,,,,
2009-02-23,277,277,277,277,,,,
2009-02-24,220,220,220,220,,,,
2009-02-25,146,146,146,146,,,,
2009-02-26,129,129,129,129,,,,
2009-02-27,244,244,244,244,,,,
2009-03-02,429,429,429,429,,,,
2009-03-03,464,464,464,464,,,,
2009-03-04,183,183,183,183,,,,
2009-03-05,456,456,456,456,,,,
2009-03-06,506,506,506,506,,,,
2009-03-09,327,327,327,327,,,,
2009-03-10,63,63,63,63,,,,
2009-03-11,47,47,47,47,,,,
2009-03-12,52,52,52,52,,,,
2009-03-13,15,15,15,15,,,,
2009-03-16,11,11,11,11,,,,
2009-03-17,12,12,12,12,,,,
2009-03-18,16,16,16,16,,,,
2009-03-19,9,9,9,9,,,,
2009-03-20,12,12,12,12,,,,
2009-03-23,7,7,7,7,,,,
2009-03-24,3,3,3,3,,,,
2009-03-25,8,8,8,8,,,,
2009-03-26,3,3,3,3,,,,
2009-03-27,6,6,6,6,,,,
2009-03-30,17,17,17,17,,,,
2009-03-31,8,8,8,8,,,,
2009-04-01,10,10,10,10,,,,
2009-04-02,2,2,2,2,,,,
2009-04-03,5,5,5,5,,,,
2009-04-06,6,6,6,6,,,,
2009-04-07,8,8,8,8,,,,
2009-04-08,7,7,7,7,,,,
2009-04-09,2,2,2,2,,,,
2009-04-13,4,4,4,4,,,,
2009-04-14,4,4,4,4,,,,
2009-04-15,5,5,5,5,,,,
2009-04-16,4,4,4,4,,,,
2009-04-17,2,2,2,2,,,,
2009-04-20,4,4,4,4,,,,
2009-04-21,2,2,2,2,,,,
2009-04-22,3,3,3,3,,,,
2009-04-23,5,5,5,5,,,,
2009-04-24,4,4,4,4,,,,
2009-04-27,6,6,6,6,,,,
2009-04-28,5,5,5,5,,,,
2009-04-29,3,3,3,3,,,,
2009-04-30,5,5,5,5,,,,
2009-05-01,6,6,6,6,,,,
2009-05-04,5,5,5,5,,,,
2009-05-05,3,3,3,3,,,,
2009-05-06,3,3,3,3,,,,
2009-05-07,5,5,5,5,,,,
2009-05-08,4,4,4,4,,,,
2009-05-11,5,5,5,5,,,,
2009-05-12,6,6,6,6,,,,
2009-05-13,11,11,11,11,,,,
2009-05-14,7,7,7,7,,,,
2009-05-15,5,5,5,5,,,,
2009-05-18,6,6,6,6,,,,
2009-05-19,5,5,5,5,,,,
2009-05-20,7,7,7,7,,,,
2009-05-21,6,6,6,6,,,,
2009-05-22,4,4,4,4,,,,
2009-05-26,5,5,5,5,,,,
2009-05-27,6,6,6,6,,,,
2009-05-28,8,8,8,8,,,,
2009-05-29,4,4,4,4,,,,
2009-06-01,3,3,3,3,,,,
2009-06-02,5,5,5,5,,,,
2009-06-03,3,3,3,3,,,,
2009-06-04,5,5,5,5,,,,
2009-06-05,2,2,2,2,,,,
2009-06-08,3,3,3,3,,,,
2009-06-09,3,3,3,3,,,,
2009-06-10,3,3,3,3,,,,
2009-06-11,4,4,4,4,,,,
2009-06-12,5,5,5,5,,,,
2009-06-15,6,6,6,6,,,,
2009-06-16,6,6,6,6,,,,
2009-06-17,6,6,6,6,,,,
2009-06-18,5,5,5,5,,,,
2009-06-19,5,5,5,5,,,,
2009-06-22,4,4,4,4,,,,
2009-06-23,7,7,7,7,,,,
2009-06-24,6,6,6,6,,,,
2009-06-25,8,8,8,8,,,,
2009-06-26,4,4,4,4,,,,
2009-06-29,6,6,6,6,,,,
2009-06-30,5,5,5,5,,,,
2009-07-01,4,4,4,4,,,,
2009-07-02,7,7,7,7,,,,
2009-07-06,6,6,6,6,,,,
2009-07-07,5,5,5,5,,,,
2009-07-08,8,8,8,8,,,,
2009-07-09,11,11,11,11,,,,
2009-07-10,12,12,12,12,,,,
2009-07-13,4,4,4,4,,,,
2009-07-14,3,3,3,3,,,,
2009-07-15,3,3,3,3,,,,
2009-07-16,3,3,3,3,,,,
2009-07-17,2,2,2,2,,,,
2009-07-20,3,3,3,3,,,,
2009-07-21,4,4,4,4,,,,
2009-07-22,3,3,3,3,,,,
2009-07-23,2,2,2,2,,,,
2009-07-24,2,2,2,2,,,,
2009-07-27,2,2,2,2,,,,
2009-07-28,3,3,3,3,,,,
2009-07-29,3,3,3,3,,,,
2009-07-30,5,5,5,5,,,,
2009-07-31,4,4,4,4,,,,
2009-08-03,3,3,3,3,,,,
2009-08-04,3,3,3,3,,,,
2009-08-05,2,2,2,2,,,,
2009-08-06,3,3,3,3,,,,
2009-08-07,4,4,4,4,,,,
2009-08-10,2,2,2,2,,,,
2009-08-11,2,2,2,2,,,,
2009-08-12,3,3,3,3,,,,
2009-08-13,3,3,3,3,,,,
2009-08-14,2,2,2,2,,,,
2009-08-17,4,4,4,4,,,,
2009-08-18,4,4,4,4,,,,
2009-08-19,3,3,3,3,,,,
2009-08-20,4,4,4,4,,,,
2009-08-21,3,3,3,3,,,,
2009-08-24,3,3,3,3,,,,
2009-08-25,4,4,4,4,,,,
2009-08-26,4,4,4,4,,,,
2009-08-27,3,3,3,3,,,,
2009-08-28,3,3,3,3,,,,
2009-08-31,3,3,3,3,,,,
2009-09-01,5,5,5,5,,,,
2009-09-02,5,5,5,5,,,,
2009-09-03,4,4,4,4,,,,
2009-09-04,4,4,4,4,,,,
2009-09-08,3,3,3,3,,,,
2009-09-09,2,2,2,2,,,,
2009-09-10,2,2,2,2,,,,
2009-09-11,5,5,5,5,,,,
2009-09-14,2,2,2,2,,,,
2009-09-15,3,3,3,3,,,,
2009-09-16,3,3,3,3,,,,
2009-09-17,3,3,3,3,,,,
2009-09-18,3,3,3,3,,,,
2009-09-21,2,2,2,2,,,,
2009-09-22,5,5,5,5,,,,
2009-09-23,5,5,5,5,,,,
2009-09-24,7,7,7,7,,,,
2009-09-25,5,5,5,5,,,,
2009-09-28,4,4,4,4,,,,
2009-09-29,3,3,3,3,,,,
2009-09-30,2,2,2,2,,,,
2009-10-01,4,4,4,4,,,,
2009-10-02,7,7,7,7,,,,
2009-10-05,5,5,5,5,,,,
2009-10-06,5,5,5,5,,,,
2009-10-07,5,5,5,5,,,,
2009-10-08,6,6,6,6,,,,
2009-10-09,4,4,4,4,,,,
2009-10-12,4,4,4,4,,,,
2009-10-13,4,4,4,4,,,,
2009-10-14,2,2,2,2,,,,
2009-10-15,2,2,2,2,,,,
2009-10-16,3,3,3,3,,,,
2009-10-19,3,3,3,3,,,,
2009-10-20,6,6,6,6,,,,
2009-10-21,7,7,7,7,,,,
2009-10-22,6,6,6,6,,,,
2009-10-23,2,2,2,2,,,,
2009-10-26,6,6,6,6,,,,
2009-10-27,7,7,7,7,,,,
2009-10-28,12,12,12,12,,,,
2009-10-29,4,4,4,4,,,,
2009-10-30,8,8,8,8,,,,
2009-11-02,9,9,9,9,,,,
2009-11-03,8,8,8,8,,,,
2009-11-04,7,7,7,7,,,,
2009-11-05,2,2,2,2,,,,
2009-11-06,7,7,7,7,,,,
2009-11-09,4,4,4,4,,,,
2009-11-10,7,7,7,7,,,,
2009-11-11,7,7,7,7,,,,
2009-11-12,4,4,4,4,,,,
2009-11-13,3,3,3,3,,,,
2009-11-16,1,1,1,1,,,,
2009-11-17,3,3,3,3,,,,
2009-11-18,2,2,2,2,,,,
2009-11-19,8,8,8,8,,,,
2009-11-20,4,4,4,4,,,,
2009-11-23,2,2,2,2,,,,
2009-11-24,4,4,4,4,,,,
2009-11-25,2,2,2,2,,,,
2009-11-27,10,10,10,10,,,,
2009-11-30,11,11,11,11,,,,
2009-12-01,3,3,3,3,,,,
2009-12-02,4,4,4,4,,,,
2009-12-03,2,2,2,2,,,,
2009-12-04,4,4,4,4,,,,
2009-12-07,2,2,2,2,,,,
2009-12-08,5,5,5,5,,,,
2009-12-09,5,5,5,5,,,,
2009-12-10,3,3,3,3,,,,
2009-12-11,2,2,2,2,,,,
2009-12-14,2,2,2,2,,,,
2009-12-15,2,2,2,2,,,,
2009-12-16,2,2,2,2,,,,
2009-12-17,2,2,2,2,,,,
2009-12-18,3,3,3,3,,,,
2009-12-21,5,5,5,5,,,,
2009-12-22,2,2,2,2,,,,
2009-12-23,2,2,2,2,,,,
2009-12-24,1,1,1,1,,,,
2009-12-28,2,2,2,2,,,,
2009-12-29,1,1,1,1,,,,
2009-12-30,1,1,1,1,,,,
2009-12-31,1,1,1,1,,,,
2010-01-04,1,1,1,1,,,,
2010-01-05,2,2,2,2,,,,
2010-01-06,2,2,2,2,,,,
2010-01-07,3,3,3,3,,,,
2010-01-08,2,2,2,2,,,,
2010-01-11,3,3,3,3,,,,
2010-01-12,3,3,3,3,,,,
2010-01-13,2,2,2,2,,,,
2010-01-14,2,2,2,2,,,,
2010-01-15,3,3,3,3,,,,
2010-01-19,4,4,4,4,,,,
2010-01-20,3,3,3,3,,,,
2010-01-21,3,3,3,3,,,,
2010-01-22,5,5,5,5,,,,
2010-01-25,5,5,5,5,,,,
2010-01-26,7,7,7,7,,,,
2010-01-27,8,8,8,8,,,,
2010-01-28,6,6,6,6,,,,
2010-01-29,7,7,7,7,,,,
2010-02-01,5,5,5,5,,,,
2010-02-02,3,3,3,3,,,,
2010-02-03,1,1,1,1,,,,
2010-02-04,9,9,9,9,,,,
2010-02-05,18,18,18,18,,,,
2010-02-08,7,7,7,7,,,,
2010-02-09,10,10,10,10,,,,
2010-02-10,9,9,9,9,,,,
2010-02-11,6,6,6,6,,,,
2010-02-12,4,4,4,4,,,,
2010-02-16,2,2,2,2,,,,
2010-02-18,1,1,1,1,,,,
2010-02-19,1,1,1,1,,,,
2010-02-22,2,2,2,2,,,,
2010-02-23,3,3,3,3,,,,
2010-02-24,5,5,5,5,,,,
2010-02-25,7,7,7,7,,,,
2010-02-26,3,3,3,3,,,,
2010-03-01,2,2,2,2,,,,
2010-03-04,1,1,1,1,,,,
2010-03-05,1,1,1,1,,,,
2010-03-09,2,2,2,2,,,,
2010-03-15,2,2,2,2,,,,
2010-03-19,4,4,4,4,,,,
2010-03-22,6,6,6,6,,,,
2010-03-23,4,4,4,4,,,,
2010-03-25,3,3,3,3,,,,
2010-03-26,3,3,3,3,,,,
2010-03-29,1,1,1,1,,,,
2010-03-30,2,2,2,2,,,,
2010-03-31,3,3,3,3,,,,
2010-04-01,3,3,3,3,,,,
2010-04-05,2,2,2,2,,,,
2010-04-06,1,1,1,1,,,,
2010-04-08,2,2,2,2,,,,
2010-04-14,2,2,2,2,,,,
2010-04-15,1,1,1,1,,,,
2010-04-16,2,2,2,2,,,,
2010-04-19,2,2,2,2,,,,
2010-04-21,1,1,1,1,,,,
2010-04-22,3,3,3,3,,,,
2010-04-23,2,2,2,2,,,,
2010-04-26,2,2,2,2,,,,
2010-04-27,4,4,4,4,,,,
2010-04-28,6,6,6,6,,,,
2010-04-29,6,6,6,6,,,,
2010-04-30,6,6,6,6,,,,
2010-05-03,7,7,7,7,,,,
2010-05-04,18,18,18,18,,,,
2010-05-05,25,25,25,25,,,,
2010-05-06,68,68,68,68,,,,
2010-05-07,25,25,25,25,,,,
2010-05-10,4,4,4,4,,,,
2010-05-11,8,8,8,8,,,,
2010-05-12,7,7,7,7,,,,
2010-05-13,6,6,6,6,,,,
2010-05-14,9,9,9,9,,,,
2010-05-17,10,10,10,10,,,,
2010-05-18,8,8,8,8,,,,
2010-05-19,21,21,21,21,,,,
2010-05-20,54,54,54,54,,,,
2010-05-21,53,53,53,53,,,,
2010-05-24,20,20,20,20,,,,
2010-05-25,68,68,68,68,,,,
2010-05-26,10,10,10,10,,,,
2010-05-27,5,5,5,5,,,,
2010-05-28,4,4,4,4,,,,
2010-06-01,27,27,27,27,,,,
2010-06-02,16,16,16,16,,,,
2010-06-03,7,7,7,7,,,,
2010-06-04,30,30,30,30,,,,
2010-06-07,61,61,61,61,,,,
2010-06-08,82,82,82,82,,,,
2010-06-09,25,25,25,25,,,,
2010-06-10,8,8,8,8,,,,
2010-06-11,8,8,8,8,,,,
2010-06-14,2,2,2,2,,,,
2010-06-15,2,2,2,2,,,,
2010-06-16,3,3,3,3,,,,
2010-06-17,8,8,8,8,,,,
2010-06-18,5,5,5,5,,,,
2010-06-21,2,2,2,2,,,,
2010-06-22,6,6,6,6,,,,
2010-06-23,14,14,14,14,,,,
2010-06-24,24,24,24,24,,,,
2010-06-25,29,29,29,29,,,,
2010-06-28,13,13,13,13,,,,
2010-06-29,71,71,71,71,,,,
2010-06-30,73,73,73,73,,,,
2010-07-01,111,111,111,111,,,,
2010-07-02,59,59,59,59,,,,
2010-07-06,63,63,63,63,,,,
2010-07-07,38,38,38,38,,,,
2010-07-08,12,12,12,12,,,,
2010-07-09,6,6,6,6,,,,
2010-07-12,11,11,11,11,,,,
2010-07-13,6,6,6,6,,,,
2010-07-14,7,7,7,7,,,,
2010-07-15,11,11,11,11,,,,
2010-07-16,23,23,23,23,,,,
2010-07-19,34,34,34,34,,,,
2010-07-20,30,30,30,30,,,,
2010-07-21,19,19,19,19,,,,
2010-07-22,11,11,11,11,,,,
2010-07-23,7,7,7,7,,,,
2010-07-26,8,8,8,8,,,,
2010-07-27,6,6,6,6,,,,
2010-07-28,7,7,7,7,,,,
2010-07-29,11,11,11,11,,,,
2010-07-30,12,12,12,12,,,,
2010-08-02,3,3,3,3,,,,
2010-08-03,7,7,7,7,,,,
2010-08-04,10,10,10,10,,,,
2010-08-05,11,11,11,11,,,,
2010-08-06,14,14,14,14,,,,
2010-08-09,9,9,9,9,,,,
2010-08-10,19,19,19,19,,,,
2010-08-11,39,39,39,39,,,,
2010-08-12,61,61,61,61,,,,
2010-08-13,46,46,46,46,,,,
2010-08-16,60,60,60,60,,,,
2010-08-17,14,14,14,14,,,,
2010-08-18,16,16,16,16,,,,
2010-08-19,50,50,50,50,,,,
2010-08-20,68,68,68,68,,,,
2010-08-23,51,51,51,51,,,,
2010-08-24,131,131,131,131,,,,
2010-08-25,115,115,115,115,,,,
2010-08-26,29,29,29,29,,,,
2010-08-27,56,56,56,56,,,,
2010-08-30,29,29,29,29,,,,
2010-08-31,70,70,70,70,,,,
2010-09-01,6,6,6,6,,,,
2010-09-02,8,8,8,8,,,,
2010-09-03,1,1,1,1,,,,
2010-09-07,8,8,8,8,,,,
2010-09-08,5,5,5,5,,,,
2010-09-09,11,11,11,11,,,,
2010-09-10,3,3,3,3,,,,
2010-09-13,4,4,4,4,,,,
2010-09-14,1,1,1,1,,,,
2010-09-15,5,5,5,5,,,,
2010-09-16,5,5,5,5,,,,
2010-09-17,10,10,10,10,,,,
2010-09-20,6,6,6,6,,,,
2010-09-21,6,6,6,6,,,,
2010-09-22,8,8,8,8,,,,
2010-09-23,12,12,12,12,,,,
2010-09-24,5,5,5,5,,,,
2010-09-27,6,6,6,6,,,,
2010-09-28,7,7,7,7,,,,
2010-09-29,4,4,4,4,,,,
2010-09-30,6,6,6,6,,,,
2010-10-01,4,4,4,4,,,,
2010-10-04,4,4,4,4,,,,
2010-10-05,7,7,7,7,,,,
2010-10-06,4,4,4,4,,,,
2010-10-07,2,2,2,2,,,,
2010-10-08,2,2,2,2,,,,
2010-10-11,1,1,1,1,,,,
2010-10-12,1,1,1,1,,,,
2010-10-14,3,3,3,3,,,,
2010-10-15,6,6,6,6,,,,
2010-10-18,4,4,4,4,,,,
2010-10-19,6,6,6,6,,,,
2010-10-20,6,6,6,6,,,,
2010-10-21,7,7,7,7,,,,
2010-10-22,1,1,1,1,,,,
2010-10-25,5,5,5,5,,,,
2010-10-26,10,10,10,10,,,,
2010-10-27,8,8,8,8,,,,
2010-10-28,8,8,8,8,,,,
2010-10-29,8,8,8,8,,,,
2010-11-01,12,12,12,12,,,,
2010-11-02,6,6,6,6,,,,
2010-11-03,5,5,5,5,,,,
2010-11-04,3,3,3,3,,,,
2010-11-05,4,4,4,4,,,,
2010-11-08,6,6,6,6,,,,
2010-11-09,3,3,3,3,,,,
2010-11-10,3,3,3,3,,,,
2010-11-11,8,8,8,8,,,,
2010-11-12,6,6,6,6,,,,
2010-11-15,6,6,6,6,,,,
2010-11-16,17,17,17,17,,,,
2010-11-17,13,13,13,13,,,,
2010-11-18,7,7,7,7,,,,
2010-11-19,15,15,15,15,,,,
2010-11-22,16,16,16,16,,,,
2010-11-23,18,18,18,18,,,,
2010-11-24,8,8,8,8,,,,
2010-11-26,10,10,10,10,,,,
2010-11-29,16,16,16,16,,,,
2010-11-30,18,18,18,18,,,,
2010-12-01,5,5,5,5,,,,
2010-12-02,3,3,3,3,,,,
2010-12-03,5,5,5,5,,,,
2010-12-06,6,6,6,6,,,,
2010-12-07,6,6,6,6,,,,
2010-12-08,3,3,3,3,,,,
2010-12-09,6,6,6,6,,,,
2010-12-10,4,4,4,4,,,,
2010-12-13,4,4,4,4,,,,
2010-12-14,3,3,3,3,,,,
2010-12-15,6,6,6,6,,,,
2010-12-16,6,6,6,6,,,,
2010-12-17,7,7,7,7,,,,
2010-12-20,7,7,7,7,,,,
2010-12-21,5,5,5,5,,,,
2010-12-22,3,3,3,3,,,,
2010-12-23,3,3,3,3,,,,
2010-12-27,2,2,2,2,,,,
2010-12-28,3,3,3,3,,,,
2010-12-29,2,2,2,2,,,,
2010-12-30,1,1,1,1,,,,
2010-12-31,1,1,1,1,,,,
2011-01-03,2,2,2,2,,,,
2011-01-04,3,3,3,3,,,,
2011-01-05,4,4,4,4,,,,
2011-01-06,4,4,4,4,,,,
2011-01-07,5,5,5,5,,,,
2011-01-10,5,5,5,5,,,,
2011-01-11,6,6,6,6,,,,
2011-01-12,4,4,4,4,,,,
2011-01-13,4,4,4,4,,,,
2011-01-14,4,4,4,4,,,,
2011-01-18,2,2,2,2,,,,
2011-01-19,3,3,3,3,,,,
2011-01-20,7,7,7,7,,,,
2011-01-21,9,9,9,9,,,,
2011-01-24,9,9,9,9,,,,
2011-01-25,8,8,8,8,,,,
2011-01-26,6,6,6,6,,,,
2011-01-27,9,9,9,9,,,,
2011-01-28,15,15,15,15,,,,
2011-01-31,13,13,13,13,,,,
2011-02-01,6,6,6,6,,,,
2011-02-02,7,7,7,7,,,,
2011-02-03,6,6,6,6,,,,
2011-02-04,6,6,6,6,,,,
2011-02-07,4,4,4,4,,,,
2011-02-08,6,6,6,6,,,,
2011-02-09,6,6,6,6,,,,
2011-02-10,10,10,10,10,,,,
2011-02-11,5,5,5,5,,,,
2011-02-14,6,6,6,6,,,,
2011-02-15,7,7,7,7,,,,
2011-02-16,5,5,5,5,,,,
2011-02-17,7,7,7,7,,,,
2011-02-18,4,4,4,4,,,,
2011-02-22,13,13,13,13,,,,
2011-02-23,20,20,20,20,,,,
2011-02-24,13,13,13,13,,,,
2011-02-25,10,10,10,10,,,,
2011-02-28,7,7,7,7,,,,
2011-03-01,12,12,12,12,,,,
2011-03-02,12,12,12,12,,,,
2011-03-03,5,5,5,5,,,,
2011-03-04,7,7,7,7,,,,
2011-03-07,14,14,14,14,,,,
2011-03-08,8,8,8,8,,,,
2011-03-09,7,7,7,7,,,,
2011-03-10,1900,1900,1900,1900,,,,
2011-03-11,10,10,10,10,,,,
2011-03-14,14,14,14,14,,,,
2011-03-15,44,44,44,44,,,,
2011-03-16,27,27,27,27,,,,
2011-03-17,19,19,19,19,,,,
2011-03-18,16,16,16,16,,,,
2011-03-21,6,6,6,6,,,,
2011-03-22,6,6,6,6,,,,
2011-03-23,10,10,10,10,,,,
2011-03-24,7,7,7,7,,,,
2011-03-25,7,7,7,7,,,,
2011-03-28,8,8,8,8,,,,
2011-03-29,6,6,6,6,,,,
2011-03-30,4,4,4,4,,,,
2011-03-31,7,7,7,7,,,,
2011-04-01,6,6,6,6,,,,
2011-04-04,9,9,9,9,,,,
2011-04-05,9,9,9,9,,,,
2011-04-06,6,6,6,6,,,,
2011-04-07,6,6,6,6,,,,
2011-04-08,8,8,8,8,,,,
2011-04-11,12,12,12,12,,,,
2011-04-12,13,13,13,13,,,,
2011-04-13,11,11,11,11,,,,
2011-04-14,13,13,13,13,,,,
2011-04-15,9,9,9,9,,,,
2011-04-18,23,23,23,23,,,,
2011-04-19,21,21,21,21,,,,
2011-04-20,10,10,10,10,,,,
2011-04-21,7,7,7,7,,,,
2011-04-25,8,8,8,8,,,,
2011-04-26,3,3,3,3,,,,
2011-04-27,7,7,7,7,,,,
2011-04-28,6,6,6,6,,,,
2011-04-29,10,10,10,10,,,,
2011-05-02,11,11,11,11,,,,
2011-05-03,15,15,15,15,,,,
2011-05-04,22,22,22,22,,,,
2011-05-05,24,24,24,24,,,,
2011-05-06,9,9,9,9,,,,
2011-05-09,13,13,13,13,,,,
2011-05-10,11,11,11,11,,,,
2011-05-11,9,9,9,9,,,,
2011-05-12,23,23,23,23,,,,
2011-05-13,14,14,14,14,,,,
2011-05-16,26,26,26,26,,,,
2011-05-17,28,28,28,28,,,,
2011-05-18,13,13,13,13,,,,
2011-05-19,14,14,14,14,,,,
2011-05-20,15,15,15,15,,,,
2011-05-23,25,25,25,25,,,,
2011-05-24,24,24,24,24,,,,
2011-05-25,31,31,31,31,,,,
2011-05-26,27,27,27,27,,,,
2011-05-27,4,4,4,4,,,,
2011-05-31,7,7,7,7,,,,
2011-06-01,25,25,25,25,,,,
2011-06-02,32,32,32,32,,,,
2011-06-03,34,34,34,34,,,,
2011-06-06,43,43,43,43,,,,
2011-06-07,38,38,38,38,,,,
2011-06-08,63,63,63,63,,,,
2011-06-09,49,49,49,49,,,,
2011-06-10,59,59,59,59,,,,
2011-06-13,58,58,58,58,,,,
2011-06-14,13,13,13,13,,,,
2011-06-15,41,41,41,41,,,,
2011-06-16,47,47,47,47,,,,
2011-06-17,34,34,34,34,,,,
2011-06-20,37,37,37,37,,,,
2011-06-21,16,16,16,16,,,,
2011-06-22,16,16,16,16,,,,
2011-06-23,31,31,31,31,,,,
2011-06-24,25,25,25,25,,,,
2011-06-27,30,30,30,30,,,,
2011-06-28,11,11,11,11,,,,
2011-06-29,8,8,8,8,,,,
2011-06-30,6,6,6,6,,,,
2011-07-01,5,5,5,5,,,,
2011-07-05,7,7,7,7,,,,
2011-07-06,11,11,11,11,,,,
2011-07-07,8,8,8,8,,,,
2011-07-08,12,12,12,12,,,,
2011-07-11,23,23,23,23,,,,
2011-07-12,33,33,33,33,,,,
2011-07-13,19,19,19,19,,,,
2011-07-14,35,35,35,35,,,,
2011-07-15,36,36,36,36,,,,
2011-07-18,73,73,73,73,,,,
2011-07-19,23,23,23,23,,,,
2011-07-20,18,18,18,18,,,,
2011-07-21,19,19,19,19,,,,
2011-07-22,13,13,13,13,,,,
2011-07-25,21,21,21,21,,,,
2011-07-26,30,30,30,30,,,,
2011-07-27,57,57,57,57,,,,
2011-07-28,54,54,54,54,,,,
2011-07-29,92,92,92,92,,,,
2011-08-01,61,61,61,61,,,,
2011-08-02,107,107,107,107,,,,
2011-08-03,170,170,170,170,,,,
2011-08-04,253,253,253,253,,,,
2011-08-05,328,328,328,328,,,,
2011-08-08,550,550,550,550,,,,
2011-08-09,408,408,408,408,,,,
2011-08-10,151,151,151,151,,,,
2011-08-11,106,106,106,106,,,,
2011-08-12,15,15,15,15,,,,
2011-08-15,4,4,4,4,,,,
2011-08-16,14,14,14,14,,,,
2011-08-17,13,13,13,13,,,,
2011-08-18,174,174,174,174,,,,
2011-08-19,232,232,232,232,,,,
2011-08-22,204,204,204,204,,,,
2011-08-23,140,140,140,140,,,,
2011-08-24,26,26,26,26,,,,
2011-08-25,41,41,41,41,,,,
2011-08-26,82,82,82,82,,,,
2011-08-29,7,7,7,7,,,,
2011-08-30,3,3,3,3,,,,
2011-08-31,4,4,4,4,,,,
2011-09-01,8,8,8,8,,,,
2011-09-02,37,37,37,37,,,,
2011-09-06,159,159,159,159,,,,
2011-09-07,10,10,10,10,,,,
2011-09-08,18,18,18,18,,,,
2011-09-09,120,120,120,120,,,,
2011-09-12,191,191,191,191,,,,
2011-09-13,30,30,30,30,,,,
2011-09-14,26,26,26,26,,,,
2011-09-15,10,10,10,10,,,,
2011-09-16,10,10,10,10,,,,
2011-09-19,41,41,41,41,,,,
2011-09-20,52,52,52,52,,,,
2011-09-21,195,195,195,195,,,,
2011-09-22,505,505,505,505,,,,
2011-09-23,178,178,178,178,,,,
2011-09-26,129,129,129,129,,,,
2011-09-27,14,14,14,14,,,,
2011-09-28,64,64,64,64,,,,
2011-09-29,113,113,113,113,,,,
2011-09-30,183,183,183,183,,,,
2011-10-03,544,544,544,544,,,,
2011-10-04,725,725,725,725,,,,
2011-10-05,22,22,22,22,,,,
2011-10-06,9,9,9,9,,,,
2011-10-07,17,17,17,17,,,,
2011-10-10,6,6,6,6,,,,
2011-10-11,2,2,2,2,,,,
2011-10-12,2,2,2,2,,,,
2011-10-13,4,4,4,4,,,,
2011-10-14,4,4,4,4,,,,
2011-10-17,8,8,8,8,,,,
2011-10-18,10,10,10,10,,,,
2011-10-19,8,8,8,8,,,,
2011-10-20,18,18,18,18,,,,
2011-10-21,8,8,8,8,,,,
2011-10-24,2,2,2,2,,,,
2011-10-25,3,3,3,3,,,,
2011-10-26,5,5,5,5,,,,
2011-10-27,4,4,4,4,,,,
2011-10-28,4,4,4,4,,,,
2011-10-31,6,6,6,6,,,,
2011-11-01,25,25,25,25,,,,
2011-11-02,6,6,6,6,,,,
2011-11-03,8,8,8,8,,,,
2011-11-04,9,9,9,9,,,,
2011-11-07,10,10,10,10,,,,
2011-11-08,8,8,8,8,,,,
2011-11-09,23,23,23,23,,,,
2011-11-10,24,24,24,24,,,,
2011-11-11,8,8,8,8,,,,
2011-11-14,11,11,11,11,,,,
2011-11-15,16,16,16,16,,,,
2011-11-16,24,24,24,24,,,,
2011-11-17,40,40,40,40,,,,
2011-11-18,31,31,31,31,,,,
2011-11-21,79,79,79,79,,,,
2011-11-22,69,69,69,69,,,,
2011-11-23,129,129,129,129,,,,
2011-11-25,106,106,106,106,,,,
2011-11-28,21,21,21,21,,,,
2011-11-29,30,30,30,30,,,,
2011-11-30,9,9,9,9,,,,
2011-12-01,9,9,9,9,,,,
2011-12-02,4,4,4,4,,,,
2011-12-05,2,2,2,2,,,,
2011-12-06,6,6,6,6,,,,
2011-12-07,8,8,8,8,,,,
2011-12-08,15,15,15,15,,,,
2011-12-09,14,14,14,14,,,,
2011-12-12,28,28,28,28,,,,
2011-12-13,44,44,44,44,,,,
2011-12-14,72,72,72,72,,,,
2011-12-15,39,39,39,39,,,,
2011-12-16,43,43,43,43,,,,
2011-12-19,72,72,72,72,,,,
2011-12-20,10,10,10,10,,,,
2011-12-21,19,19,19,19,,,,
2011-12-22,12,12,12,12,,,,
2011-12-23,5,5,5,5,,,,
2011-12-27,12,12,12,12,,,,
2011-12-28,25,25,25,25,,,,
2011-12-29,20,20,20,20,,,,
2011-12-30,10,10,10,10,,,,
2012-01-03,3,3,3,3,,,,
2012-01-04,5,5,5,5,,,,
2012-01-05,10,10,10,10,,,,
2012-01-06,10,10,10,10,,,,
2012-01-09,14,14,14,14,,,,
2012-01-10,6,6,6,6,,,,
2012-01-11,10,10,10,10,,,,
2012-01-12,11,11,11,11,,,,
2012-01-13,17,17,17,17,,,,
2012-01-17,22,22,22,22,,,,
2012-01-18,18,18,18,18,,,,
2012-01-19,17,17,17,17,,,,
2012-01-20,13,13,13,13,,,,
2012-01-23,3,3,3,3,,,,
2012-01-24,9,9,9,9,,,,
2012-01-25,6,6,6,6,,,,
2012-01-26,6,6,6,6,,,,
2012-01-27,5,5,5,5,,,,
2012-01-30,5,5,5,5,,,,
2012-01-31,7,7,7,7,,,,
2012-02-01,7,7,7,7,,,,
2012-02-02,7,7,7,7,,,,
2012-02-03,3,3,3,3,,,,
2012-02-06,1,1,1,1,,,,
2012-02-07,1,1,1,1,,,,
2012-02-08,2,2,2,2,,,,
2012-02-09,4,4,4,4,,,,
2012-02-10,8,8,8,8,,,,
2012-02-13,3,3,3,3,,,,
2012-02-14,2,2,2,2,,,,
2012-02-15,2,2,2,2,,,,
2012-02-16,3,3,3,3,,,,
2012-02-22,2,2,2,2,,,,
2012-02-27,3,3,3,3,,,,
2012-02-28,5,5,5,5,,,,
2012-02-29,9,9,9,9,,,,
2012-03-01,4,4,4,4,,,,
2012-03-02,15,15,15,15,,,,
2012-03-05,17,17,17,17,,,,
2012-03-06,26,26,26,26,,,,
2012-03-07,12,12,12,12,,,,
2012-03-08,7,7,7,7,,,,
2012-03-09,3,3,3,3,,,,
2012-03-12,10,10,10,10,,,,
2012-03-13,5,5,5,5,,,,
2012-03-14,11,11,11,11,,,,
2012-03-15,10,10,10,10,,,,
2012-03-16,4,4,4,4,,,,
2012-03-19,3,3,3,3,,,,
2012-03-20,11,11,11,11,,,,
2012-03-21,6,6,6,6,,,,
2012-03-22,16,16,16,16,,,,
2012-03-23,9,9,9,9,,,,
2012-03-26,10,10,10,10,,,,
2012-03-27,8,8,8,8,,,,
2012-03-28,18,18,18,18,,,,
2012-03-29,24,24,24,24,,,,
2012-03-30,10,10,10,10,,,,
2012-04-02,9,9,9,9,,,,
2012-04-03,20,20,20,20,,,,
2012-04-04,44,44,44,44,,,,
2012-04-05,34,34,34,34,,,,
2012-04-09,50,50,50,50,,,,
2012-04-10,60,60,60,60,,,,
2012-04-11,25,25,25,25,,,,
2012-04-12,11,11,11,11,,,,
2012-04-13,28,28,28,28,,,,
2012-04-16,46,46,46,46,,,,
2012-04-17,18,18,18,18,,,,
2012-04-18,36,36,36,36,,,,
2012-04-19,39,39,39,39,,,,
2012-04-20,29,29,29,29,,,,
2012-04-23,69,69,69,69,,,,
2012-04-24,23,23,23,23,,,,
2012-04-25,13,13,13,13,,,,
2012-04-26,14,14,14,14,,,,
2012-04-27,12,12,12,12,,,,
2012-04-30,11,11,11,11,,,,
2012-05-01,9,9,9,9,,,,
2012-05-02,24,24,24,24,,,,
2012-05-03,36,36,36,36,,,,
2012-05-04,43,43,43,43,,,,
2012-05-07,42,42,42,42,,,,
2012-05-08,65,65,65,65,,,,
2012-05-09,64,64,64,64,,,,
2012-05-10,27,27,27,27,,,,
2012-05-11,38,38,38,38,,,,
2012-05-14,77,77,77,77,,,,
2012-05-15,107,107,107,107,,,,
2012-05-16,115,115,115,115,,,,
2012-05-17,129,129,129,129,,,,
2012-05-18,117,117,117,117,,,,
2012-05-21,52,52,52,52,,,,
2012-05-22,38,38,38,38,,,,
2012-05-23,98,98,98,98,,,,
2012-05-24,41,41,41,41,,,,
2012-05-25,23,23,23,23,,,,
2012-05-29,19,19,19,19,,,,
2012-05-30,53,53,53,53,,,,
2012-05-31,105,105,105,105,,,,
2012-06-01,140,140,140,140,,,,
2012-06-04,135,135,135,135,,,,
2012-06-05,41,41,41,41,,,,
2012-06-06,15,15,15,15,,,,
2012-06-07,17,17,17,17,,,,
2012-06-08,17,17,17,17,,,,
2012-06-11,47,47,47,47,,,,
2012-06-12,47,47,47,47,,,,
2012-06-13,45,45,45,45,,,,
2012-06-14,55,55,55,55,,,,
2012-06-15,27,27,27,27,,,,
2012-06-18,36,36,36,36,,,,
2012-06-19,7,7,7,7,,,,
2012-06-20,4,4,4,4,,,,
2012-06-21,29,29,29,29,,,,
2012-06-22,30,30,30,30,,,,
2012-06-25,77,77,77,77,,,,
2012-06-26,66,66,66,66,,,,
2012-06-27,22,22,22,22,,,,
2012-06-28,34,34,34,34,,,,
2012-06-29,5,5,5,5,,,,
2012-07-02,4,4,4,4,,,,
2012-07-03,2,2,2,2,,,,
2012-07-05,5,5,5,5,,,,
2012-07-06,5,5,5,5,,,,
2012-07-09,9,9,9,9,,,,
2012-07-10,25,25,25,25,,,,
2012-07-11,23,23,23,23,,,,
2012-07-12,51,51,51,51,,,,
2012-07-13,13,13,13,13,,,,
2012-07-16,27,27,27,27,,,,
2012-07-17,38,38,38,38,,,,
2012-07-18,20,20,20,20,,,,
2012-07-19,18,18,18,18,,,,
2012-07-20,35,35,35,35,,,,
2012-07-23,84,84,84,84,,,,
2012-07-24,82,82,82,82,,,,
2012-07-25,66,66,66,66,,,,
2012-07-26,55,55,55,55,,,,
2012-07-27,29,29,29,29,,,,
2012-07-30,11,11,11,11,,,,
2012-07-31,20,20,20,20,,,,
2012-08-01,34,34,34,34,,,,
2012-08-02,58,58,58,58,,,,
2012-08-03,18,18,18,18,,,,
2012-08-06,9,9,9,9,,,,
2012-08-07,10,10,10,10,,,,
2012-08-08,9,9,9,9,,,,
2012-08-09,4,4,4,4,,,,
2012-08-10,3,3,3,3,,,,
2012-08-13,12,12,12,12,,,,
2012-08-14,13,13,13,13,,,,
2012-08-15,8,8,8,8,,,,
2012-08-16,3,3,3,3,,,,
2012-08-17,4,4,4,4,,,,
2012-08-20,5,5,5,5,,,,
2012-08-21,5,5,5,5,,,,
2012-08-22,12,12,12,12,,,,
2012-08-23,9,9,9,9,,,,
2012-08-24,11,11,11,11,,,,
2012-08-27,15,15,15,15,,,,
2012-08-28,21,21,21,21,,,,
2012-08-29,20,20,20,20,,,,
2012-08-30,25,25,25,25,,,,
2012-08-31,17,17,17,17,,,,
2012-09-04,24,24,24,24,,,,
2012-09-05,26,26,26,26,,,,
2012-09-06,9,9,9,9,,,,
2012-09-07,9,9,9,9,,,,
2012-09-10,9,9,9,9,,,,
2012-09-11,12,12,12,12,,,,
2012-09-12,9,9,9,9,,,,
2012-09-13,4,4,4,4,,,,
2012-09-14,1,1,1,1,,,,
2012-09-17,3,3,3,3,,,,
2012-09-18,3,3,3,3,,,,
2012-09-19,3,3,3,3,,,,
2012-09-20,5,5,5,5,,,,
2012-09-21,4,4,4,4,,,,
2012-09-24,7,7,7,7,,,,
2012-09-25,11,11,11,11,,,,
2012-09-26,18,18,18,18,,,,
2012-09-27,7,7,7,7,,,,
2012-09-28,5,5,5,5,,,,
2012-10-01,10,10,10,10,,,,
2012-10-02,15,15,15,15,,,,
2012-10-03,13,13,13,13,,,,
2012-10-04,10,10,10,10,,,,
2012-10-05,2,2,2,2,,,,
2012-10-08,4,4,4,4,,,,
2012-10-09,10,10,10,10,,,,
2012-10-10,21,21,21,21,,,,
2012-10-11,6,6,6,6,,,,
2012-10-12,11,11,11,11,,,,
2012-10-15,12,12,12,12,,,,
2012-10-16,9,9,9,9,,,,
2012-10-17,6,6,6,6,,,,
2012-10-18,8,8,8,8,,,,
2012-10-19,25,25,25,25,,,,
2012-10-22,25,25,25,25,,,,
2012-10-23,32,32,32,32,,,,
2012-10-24,29,29,29,29,,,,
2012-10-25,28,28,28,28,,,,
2012-10-26,28,28,28,28,,,,
2012-10-31,35,35,35,35,,,,
2012-11-01,26,26,26,26,,,,
2012-11-02,34,34,34,34,,,,
2012-11-05,29,29,29,29,,,,
2012-11-06,18,18,18,18,,,,
2012-11-07,61,61,61,61,,,,
2012-11-08,60,60,60,60,,,,
2012-11-09,87,87,87,87,,,,
2012-11-12,71,71,71,71,,,,
2012-11-13,93,93,93,93,,,,
2012-11-14,127,127,127,127,,,,
2012-11-15,151,151,151,151,,,,
2012-11-16,126,126,126,126,,,,
2012-11-19,19,19,19,19,,,,
2012-11-20,31,31,31,31,,,,
2012-11-21,27,27,27,27,,,,
2012-11-23,15,15,15,15,,,,
2012-11-26,3,3,3,3,,,,
2012-11-27,10,10,10,10,,,,
2012-11-28,17,17,17,17,,,,
2012-11-29,6,6,6,6,,,,
2012-11-30,6,6,6,6,,,,
2012-12-03,8,8,8,8,,,,
2012-12-04,9,9,9,9,,,,
2012-12-05,13,13,13,13,,,,
2012-12-06,12,12,12,12,,,,
2012-12-07,17,17,17,17,,,,
2012-12-10,17,17,17,17,,,,
2012-12-11,13,13,13,13,,,,
2012-12-12,10,10,10,10,,,,
2012-12-13,13,13,13,13,,,,
2012-12-14,13,13,13,13,,,,
2012-12-17,13,13,13,13,,,,
2012-12-18,6,6,6,6,,,,
2012-12-19,10,10,10,10,,,,
2012-12-20,10,10,10,10,,,,
2012-12-21,11,11,11,11,,,,
2012-12-24,11,11,11,11,,,,
2012-12-26,13,13,13,13,,,,
2012-12-27,16,16,16,16,,,,
2012-12-28,13,13,13,13,,,,
2012-12-31,15,15,15,15,,,,
2013-01-02,5,5,5,5,,,,
2013-01-03,3,3,3,3,,,,
2013-01-04,1,1,1,1,,,,
2013-01-07,6,6,6,6,,,,
2013-01-08,4,4,4,4,,,,
2013-01-09,3,3,3,3,,,,
2013-01-10,4,4,4,4,,,,
2013-01-11,1,1,1,1,,,,
2013-01-14,2,2,2,2,,,,
2013-01-15,1,1,1,1,,,,
2013-01-16,5,5,5,5,,,,
2013-01-17,2,2,2,2,,,,
2013-01-18,3,3,3,3,,,,
2013-01-22,3,3,3,3,,,,
2013-01-23,4,4,4,4,,,,
2013-01-24,7,7,7,7,,,,
2013-01-25,8,8,8,8,,,,
2013-01-28,10,10,10,10,,,,
2013-01-29,5,5,5,5,,,,
2013-01-30,5,5,5,5,,,,
2013-01-31,6,6,6,6,,,,
2013-02-01,6,6,6,6,,,,
2013-02-04,5,5,5,5,,,,
2013-02-05,6,6,6,6,,,,
2013-02-06,5,5,5,5,,,,
2013-02-07,6,6,6,6,,,,
2013-02-08,3,3,3,3,,,,
2013-02-11,7,7,7,7,,,,
2013-02-12,6,6,6,6,,,,
2013-02-13,6,6,6,6,,,,
2013-02-14,14,14,14,14,,,,
2013-02-15,22,22,22,22,,,,
2013-02-19,12,12,12,12,,,,
2013-02-20,30,30,30,30,,,,
2013-02-21,36,36,36,36,,,,
2013-02-22,12,12,12,12,,,,
2013-02-25,20,20,20,20,,,,
2013-02-26,27,27,27,27,,,,
2013-02-27,11,11,11,11,,,,
2013-02-28,20,20,20,20,,,,
2013-03-01,39,39,39,39,,,,
2013-03-04,32,32,32,32,,,,
2013-03-05,19,19,19,19,,,,
2013-03-06,21,21,21,21,,,,
2013-03-07,2,2,2,2,,,,
2013-03-08,3,3,3,3,,,,
2013-03-11,4,4,4,4,,,,
2013-03-12,3,3,3,3,,,,
2013-03-13,5,5,5,5,,,,
2013-03-14,5,5,5,5,,,,
2013-03-15,8,8,8,8,,,,
2013-03-18,10,10,10,10,,,,
2013-03-19,14,14,14,14,,,,
2013-03-20,12,12,12,12,,,,
2013-03-21,10,10,10,10,,,,
2013-03-22,6,6,6,6,,,,
2013-03-25,14,14,14,14,,,,
2013-03-26,7,7,7,7,,,,
2013-03-27,13,13,13,13,,,,
2013-03-28,7,7,7,7,,,,
2013-04-01,19,19,19,19,,,,
2013-04-02,19,19,19,19,,,,
2013-04-03,35,35,35,35,,,,
2013-04-04,34,34,34,34,,,,
2013-04-05,29,29,29,29,,,,
2013-04-08,9,9,9,9,,,,
2013-04-09,7,7,7,7,,,,
2013-04-10,5,5,5,5,,,,
2013-04-11,6,6,6,6,,,,
2013-04-12,23,23,23,23,,,,
2013-04-15,66,66,66,66,,,,
2013-04-16,38,38,38,38,,,,
2013-04-17,73,73,73,73,,,,
2013-04-18,43,43,43,43,,,,
2013-04-19,18,18,18,18,,,,
2013-04-22,30,30,30,30,,,,
2013-04-23,7,7,7,7,,,,
2013-04-24,5,5,5,5,,,,
2013-04-25,4,4,4,4,,,,
2013-04-26,8,8,8,8,,,,
2013-04-29,4,4,4,4,,,,
2013-04-30,9,9,9,9,,,,
2013-05-01,12,12,12,12,,,,
2013-05-02,11,11,11,11,,,,
2013-05-03,11,11,11,11,,,,
2013-05-06,9,9,9,9,,,,
2013-05-07,5,5,5,5,,,,
2013-05-08,5,5,5,5,,,,
2013-05-09,5,5,5,5,,,,
2013-05-10,6,6,6,6,,,,
2013-05-13,9,9,9,9,,,,
2013-05-14,8,8,8,8,,,,
2013-05-15,18,18,18,18,,,,
2013-05-16,25,25,25,25,,,,
2013-05-17,19,19,19,19,,,,
2013-05-20,17,17,17,17,,,,
2013-05-21,12,12,12,12,,,,
2013-05-22,9,9,9,9,,,,
2013-05-23,14,14,14,14,,,,
2013-05-24,9,9,9,9,,,,
2013-05-28,13,13,13,13,,,,
2013-05-29,22,22,22,22,,,,
2013-05-30,9,9,9,9,,,,
2013-05-31,14,14,14,14,,,,
2013-06-03,19,19,19,19,,,,
2013-06-04,14,14,14,14,,,,
2013-06-05,23,23,23,23,,,,
2013-06-06,22,22,22,22,,,,
2013-06-07,13,13,13,13,,,,
2013-06-10,20,20,20,20,,,,
2013-06-11,37,37,37,37,,,,
2013-06-12,37,37,37,37,,,,
2013-06-13,28,28,28,28,,,,
2013-06-14,16,16,16,16,,,,
2013-06-17,9,9,9,9,,,,
2013-06-18,13,13,13,13,,,,
2013-06-19,39,39,39,39,,,,
2013-06-20,110,110,110,110,,,,
2013-06-21,83,83,83,83,,,,
2013-06-24,138,138,138,138,,,,
2013-06-25,30,30,30,30,,,,
2013-06-26,41,41,41,41,,,,
2013-06-27,16,16,16,16,,,,
2013-06-28,9,9,9,9,,,,
2013-07-01,4,4,4,4,,,,
2013-07-02,15,15,15,15,,,,
2013-07-03,31,31,31,31,,,,
2013-07-05,50,50,50,50,,,,
2013-07-08,12,12,12,12,,,,
2013-07-09,9,9,9,9,,,,
2013-07-10,16,16,16,16,,,,
2013-07-11,6,6,6,6,,,,
2013-07-12,8,8,8,8,,,,
2013-07-15,4,4,4,4,,,,
2013-07-16,4,4,4,4,,,,
2013-07-17,3,3,3,3,,,,
2013-07-18,7,7,7,7,,,,
2013-07-19,4,4,4,4,,,,
2013-07-22,5,5,5,5,,,,
2013-07-23,2,2,2,2,,,,
2013-07-24,2,2,2,2,,,,
2013-07-25,9,9,9,9,,,,
2013-07-26,8,8,8,8,,,,
2013-07-29,12,12,12,12,,,,
2013-07-30,13,13,13,13,,,,
2013-07-31,16,16,16,16,,,,
2013-08-01,13,13,13,13,,,,
2013-08-02,14,14,14,14,,,,
2013-08-05,15,15,15,15,,,,
2013-08-06,30,30,30,30,,,,
2013-08-07,30,30,30,30,,,,
2013-08-08,22,22,22,22,,,,
2013-08-09,17,17,17,17,,,,
2013-08-12,13,13,13,13,,,,
2013-08-13,21,21,21,21,,,,
2013-08-14,29,29,29,29,,,,
2013-08-15,45,45,45,45,,,,
2013-08-16,49,49,49,49,,,,
2013-08-19,80,80,80,80,,,,
2013-08-20,42,42,42,42,,,,
2013-08-21,44,44,44,44,,,,
2013-08-22,20,20,20,20,,,,
2013-08-23,10,10,10,10,,,,
2013-08-26,4,4,4,4,,,,
2013-08-27,31,31,31,31,,,,
2013-08-28,31,31,31,31,,,,
2013-08-29,18,18,18,18,,,,
2013-08-30,32,32,32,32,,,,
2013-09-03,37,37,37,37,,,,
2013-09-04,18,18,18,18,,,,
2013-09-05,16,16,16,16,,,,
2013-09-06,15,15,15,15,,,,
2013-09-09,6,6,6,6,,,,
2013-09-10,6,6,6,6,,,,
2013-09-11,12,12,12,12,,,,
2013-09-12,12,12,12,12,,,,
2013-09-13,13,13,13,13,,,,
2013-09-16,11,11,11,11,,,,
2013-09-17,14,14,14,14,,,,
2013-09-18,10,10,10,10,,,,
2013-09-19,4,4,4,4,,,,
2013-09-20,12,12,12,12,,,,
2013-09-23,18,18,18,18,,,,
2013-09-24,15,15,15,15,,,,
2013-09-25,8,8,8,8,,,,
2013-09-26,13,13,13,13,,,,
2013-09-27,15,15,15,15,,,,
2013-09-30,17,17,17,17,,,,
2013-10-01,8,8,8,8,,,,
2013-10-02,12,12,12,12,,,,
2013-10-03,18,18,18,18,,,,
2013-10-04,20,20,20,20,,,,
2013-10-07,18,18,18,18,,,,
2013-10-08,28,28,28,28,,,,
2013-10-09,32,32,32,32,,,,
2013-10-10,4,4,4,4,,,,
2013-10-11,11,11,11,11,,,,
2013-10-14,8,8,8,8,,,,
2013-10-15,10,10,10,10,,,,
2013-10-16,3,3,3,3,,,,
2013-10-17,5,5,5,5,,,,
2013-10-18,2,2,2,2,,,,
2013-10-21,3,3,3,3,,,,
2013-10-22,3,3,3,3,,,,
2013-10-23,5,5,5,5,,,,
2013-10-24,6,6,6,6,,,,
2013-10-25,6,6,6,6,,,,
2013-10-28,6,6,6,6,,,,
2013-10-29,3,3,3,3,,,,
2013-10-30,11,11,11,11,,,,
2013-10-31,18,18,18,18,,,,
2013-11-01,19,19,19,19,,,,
2013-11-04,10,10,10,10,,,,
2013-11-05,18,18,18,18,,,,
2013-11-06,16,16,16,16,,,,
2013-11-07,25,25,25,25,,,,
2013-11-08,30,30,30,30,,,,
2013-11-11,20,20,20,20,,,,
2013-11-12,17,17,17,17,,,,
2013-11-13,16,16,16,16,,,,
2013-11-14,14,14,14,14,,,,
2013-11-15,10,10,10,10,,,,
2013-11-18,14,14,14,14,,,,
2013-11-19,28,28,28,28,,,,
2013-11-20,26,26,26,26,,,,
2013-11-21,25,25,25,25,,,,
2013-11-22,28,28,28,28,,,,
2013-11-25,30,30,30,30,,,,
2013-11-26,40,40,40,40,,,,
2013-11-27,20,20,20,20,,,,
2013-11-29,7,7,7,7,,,,
2013-12-02,34,34,34,34,,,,
2013-12-03,43,43,43,43,,,,
2013-12-04,37,37,37,37,,,,
2013-12-05,24,24,24,24,,,,
2013-12-06,23,23,23,23,,,,
2013-12-09,22,22,22,22,,,,
2013-12-10,18,18,18,18,,,,
2013-12-11,32,32,32,32,,,,
2013-12-12,66,66,66,66,,,,
2013-12-13,41,41,41,41,,,,
2013-12-16,32,32,32,32,,,,
2013-12-17,33,33,33,33,,,,
2013-12-18,32,32,32,32,,,,
2013-12-19,33,33,33,33,,,,
2013-12-20,14,14,14,14,,,,
2013-12-23,9,9,9,9,,,,
2013-12-24,4,4,4,4,,,,
2013-12-26,3,3,3,3,,,,
2013-12-27,6,6,6,6,,,,
2013-12-30,5,5,5,5,,,,
2013-12-31,2,2,2,2,,,,
2014-01-02,8,8,8,8,,,,
2014-01-03,8,8,8,8,,,,
2014-01-06,9,9,9,9,,,,
2014-01-07,8,8,8,8,,,,
2014-01-08,11,11,11,11,,,,
2014-01-09,19,19,19,19,,,,
2014-01-10,10,10,10,10,,,,
2014-01-13,18,18,18,18,,,,
2014-01-14,10,10,10,10,,,,
2014-01-15,11,11,11,11,,,,
2014-01-16,15,15,15,15,,,,
2014-01-17,16,16,16,16,,,,
2014-01-21,20,20,20,20,,,,
2014-01-22,22,22,22,22,,,,
2014-01-23,32,32,32,32,,,,
2014-01-24,49,49,49,49,,,,
2014-01-27,51,51,51,51,,,,
2014-01-28,30,30,30,30,,,,
2014-01-29,61,61,61,61,,,,
2014-01-30,32,32,32,32,,,,
2014-01-31,53,53,53,53,,,,
2014-02-03,93,93,93,93,,,,
2014-02-04,51,51,51,51,,,,
2014-02-05,68,68,68,68,,,,
2014-02-06,24,24,24,24,,,,
2014-02-07,12,12,12,12,,,,
2014-02-10,13,13,13,13,,,,
2014-02-11,16,16,16,16,,,,
2014-02-12,12,12,12,12,,,,
2014-02-13,17,17,17,17,,,,
2014-02-14,10,10,10,10,,,,
2014-02-18,15,15,15,15,,,,
2014-02-19,15,15,15,15,,,,
2014-02-20,21,21,21,21,,,,
2014-02-21,10,10,10,10,,,,
2014-02-24,10,10,10,10,,,,
2014-02-25,14,14,14,14,,,,
2014-02-26,12,12,12,12,,,,
2014-02-27,13,13,13,13,,,,
2014-02-28,15,15,15,15,,,,
2014-03-03,9,9,9,9,,,,
2014-03-04,5,5,5,5,,,,
2014-03-05,7,7,7,7,,,,
2014-03-06,5,5,5,5,,,,
2014-03-07,8,8,8,8,,,,
2014-03-10,19,19,19,19,,,,
2014-03-11,19,19,19,19,,,,
2014-03-12,31,31,31,31,,,,
2014-03-13,29,29,29,29,,,,
2014-03-14,27,27,27,27,,,,
2014-03-17,14,14,14,14,,,,
2014-03-18,9,9,9,9,,,,
2014-03-19,19,19,19,19,,,,
2014-03-20,25,25,25,25,,,,
2014-03-21,17,17,17,17,,,,
2014-03-24,20,20,20,20,,,,
2014-03-25,11,11,11,11,,,,
2014-03-26,18,18,18,18,,,,
2014-03-27,21,21,21,21,,,,
2014-03-28,8,8,8,8,,,,
2014-03-31,7,7,7,7,,,,
2014-04-01,5,5,5,5,,,,
2014-04-02,1,1,1,1,,,,
2014-04-03,6,6,6,6,,,,
2014-04-04,12,12,12,12,,,,
2014-04-07,18,18,18,18,,,,
2014-04-08,11,11,11,11,,,,
2014-04-09,8,8,8,8,,,,
2014-04-10,22,22,22,22,,,,
2014-04-11,43,43,43,43,,,,
2014-04-14,35,35,35,35,,,,
2014-04-15,38,38,38,38,,,,
2014-04-16,6,6,6,6,,,,
2014-04-17,11,11,11,11,,,,
2014-04-21,12,12,12,12,,,,
2014-04-22,2,2,2,2,,,,
2014-04-23,5,5,5,5,,,,
2014-04-24,13,13,13,13,,,,
2014-04-25,25,25,25,25,,,,
2014-04-28,43,43,43,43,,,,
2014-04-29,23,23,23,23,,,,
2014-04-30,32,32,32,32,,,,
2014-05-01,32,32,32,32,,,,
2014-05-02,13,13,13,13,,,,
2014-05-05,24,24,24,24,,,,
2014-05-06,33,33,33,33,,,,
2014-05-07,65,65,65,65,,,,
2014-05-08,39,39,39,39,,,,
2014-05-09,55,55,55,55,,,,
2014-05-12,14,14,14,14,,,,
2014-05-13,16,16,16,16,,,,
2014-05-14,21,21,21,21,,,,
2014-05-15,48,48,48,48,,,,
2014-05-16,29,29,29,29,,,,
2014-05-19,13,13,13,13,,,,
2014-05-20,34,34,34,34,,,,
2014-05-21,33,33,33,33,,,,
2014-05-22,11,11,11,11,,,,
2014-05-23,7,7,7,7,,,,
2014-05-27,14,14,14,14,,,,
2014-05-28,24,24,24,24,,,,
2014-05-29,17,17,17,17,,,,
2014-05-30,22,22,22,22,,,,
2014-06-02,22,22,22,22,,,,
2014-06-03,24,24,24,24,,,,
2014-06-04,15,15,15,15,,,,
2014-06-05,15,15,15,15,,,,
2014-06-06,5,5,5,5,,,,
2014-06-09,2,2,2,2,,,,
2014-06-10,4,4,4,4,,,,
2014-06-11,5,5,5,5,,,,
2014-06-12,9,9,9,9,,,,
2014-06-13,9,9,9,9,,,,
2014-06-16,6,6,6,6,,,,
2014-06-17,4,4,4,4,,,,
2014-06-18,2,2,2,2,,,,
2014-06-19,7,7,7,7,,,,
2014-06-20,14,14,14,14,,,,
2014-06-23,13,13,13,13,,,,
2014-06-24,16,16,16,16,,,,
2014-06-25,21,21,21,21,,,,
2014-06-26,13,13,13,13,,,,
2014-06-27,9,9,9,9,,,,
2014-06-30,3,3,3,3,,,,
2014-07-01,4,4,4,4,,,,
2014-07-02,9,9,9,9,,,,
2014-07-03,3,3,3,3,,,,
2014-07-07,4,4,4,4,,,,
2014-07-08,14,14,14,14,,,,
2014-07-09,10,10,10,10,,,,
2014-07-10,27,27,27,27,,,,
2014-07-11,17,17,17,17,,,,
2014-07-14,12,12,12,12,,,,
2014-07-15,25,25,25,25,,,,
2014-07-16,19,19,19,19,,,,
2014-07-17,29,29,29,29,,,,
2014-07-18,17,17,17,17,,,,
2014-07-21,23,23,23,23,,,,
2014-07-22,15,15,15,15,,,,
2014-07-23,19,19,19,19,,,,
2014-07-24,13,13,13,13,,,,
2014-07-25,32,32,32,32,,,,
2014-07-28,46,46,46,46,,,,
2014-07-29,36,36,36,36,,,,
2014-07-30,43,43,43,43,,,,
2014-07-31,75,75,75,75,,,,
2014-08-01,80,80,80,80,,,,
2014-08-04,48,48,48,48,,,,
2014-08-05,47,47,47,47,,,,
2014-08-06,39,39,39,39,,,,
2014-08-07,43,43,43,43,,,,
2014-08-08,46,46,46,46,,,,
2014-08-11,14,14,14,14,,,,
2014-08-12,23,23,23,23,,,,
2014-08-13,21,21,21,21,,,,
2014-08-14,19,19,19,19,,,,
2014-08-15,28,28,28,28,,,,
2014-08-18,16,16,16,16,,,,
2014-08-19,12,12,12,12,,,,
2014-08-20,16,16,16,16,,,,
2014-08-21,16,16,16,16,,,,
2014-08-22,10,10,10,10,,,,
2014-08-25,14,14,14,14,,,,
2014-08-26,5,5,5,5,,,,
2014-08-27,4,4,4,4,,,,
2014-08-28,7,7,7,7,,,,
2014-08-29,10,10,10,10,,,,
2014-09-02,9,9,9,9,,,,
2014-09-03,11,11,11,11,,,,
2014-09-04,23,23,23,23,,,,
2014-09-05,22,22,22,22,,,,
2014-09-08,18,18,18,18,,,,
2014-09-09,32,32,32,32,,,,
2014-09-10,41,41,41,41,,,,
2014-09-11,33,33,33,33,,,,
2014-09-12,45,45,45,45,,,,
2014-09-15,59,59,59,59,,,,
2014-09-16,54,54,54,54,,,,
2014-09-17,45,45,45,45,,,,
2014-09-18,59,59,59,59,,,,
2014-09-19,69,69,69,69,,,,
2014-09-22,114,114,114,114,,,,
2014-09-23,103,103,103,103,,,,
2014-09-24,110,110,110,110,,,,
2014-09-25,143,143,143,143,,,,
2014-09-26,105,105,105,105,,,,
2014-09-29,111,111,111,111,,,,
2014-09-30,146,146,146,146,,,,
2014-10-01,210,210,210,210,,,,
2014-10-02,202,202,202,202,,,,
2014-10-03,62,62,62,62,,,,
2014-10-06,70,70,70,70,,,,
2014-10-07,168,168,168,168,,,,
2014-10-08,257,257,257,257,,,,
2014-10-09,206,206,206,206,,,,
2014-10-10,351,351,351,351,,,,
2014-10-13,306,306,306,306,,,,
2014-10-14,242,242,242,242,,,,
2014-10-15,383,383,383,383,,,,
2014-10-16,104,104,104,104,,,,
2014-10-17,13,13,13,13,,,,
2014-10-20,21,21,21,21,,,,
2014-10-21,15,15,15,15,,,,
2014-10-22,20,20,20,20,,,,
2014-10-23,29,29,29,29,,,,
2014-10-24,21,21,21,21,,,,
2014-10-27,48,48,48,48,,,,
2014-10-28,25,25,25,25,,,,
2014-10-29,28,28,28,28,,,,
2014-10-30,51,51,51,51,,,,
2014-10-31,46,46,46,46,,,,
2014-11-03,25,25,25,25,,,,
2014-11-04,70,70,70,70,,,,
2014-11-05,57,57,57,57,,,,
2014-11-06,51,51,51,51,,,,
2014-11-07,30,30,30,30,,,,
2014-11-10,21,21,21,21,,,,
2014-11-11,29,29,29,29,,,,
2014-11-12,35,35,35,35,,,,
2014-11-13,56,56,56,56,,,,
2014-11-14,41,41,41,41,,,,
2014-11-17,29,29,29,29,,,,
2014-11-18,27,27,27,27,,,,
2014-11-19,44,44,44,44,,,,
2014-11-20,28,28,28,28,,,,
2014-11-21,11,11,11,11,,,,
2014-11-24,14,14,14,14,,,,
2014-11-25,19,19,19,19,,,,
2014-11-26,30,30,30,30,,,,
2014-11-28,144,144,144,144,,,,
2014-12-01,199,199,199,199,,,,
2014-12-02,101,101,101,101,,,,
2014-12-03,57,57,57,57,,,,
2014-12-04,98,98,98,98,,,,
2014-12-05,115,115,115,115,,,,
2014-12-08,232,232,232,232,,,,
2014-12-09,174,174,174,174,,,,
2014-12-10,184,184,184,184,,,,
2014-12-11,155,155,155,155,,,,
2014-12-12,263,263,263,263,,,,
2014-12-15,250,250,250,250,,,,
2014-12-16,266,266,266,266,,,,
2014-12-17,68,68,68,68,,,,
2014-12-18,15,15,15,15,,,,
2014-12-19,15,15,15,15,,,,
2014-12-22,15,15,15,15,,,,
2014-12-23,17,17,17,17,,,,
2014-12-24,18,18,18,18,,,,
2014-12-26,12,12,12,12,,,,
2014-12-29,19,19,19,19,,,,
2014-12-30,28,28,28,28,,,,
2014-12-31,21,21,21,21,,,,
2015-01-02,15,15,15,15,,,,
2015-01-05,61,61,61,61,,,,
2015-01-06,96,96,96,96,,,,
2015-01-07,71,71,71,71,,,,
2015-01-08,24,24,24,24,,,,
2015-01-09,59,59,59,59,,,,
2015-01-12,129,129,129,129,,,,
2015-01-13,108,108,108,108,,,,
2015-01-14,190,190,190,190,,,,
2015-01-15,112,112,112,112,,,,
2015-01-16,88,88,88,88,,,,
2015-01-20,90,90,90,90,,,,
2015-01-21,49,49,49,49,,,,
2015-01-22,23,23,23,23,,,,
2015-01-23,33,33,33,33,,,,
2015-01-26,35,35,35,35,,,,
2015-01-27,34,34,34,34,,,,
2015-01-28,90,90,90,90,,,,
2015-01-29,128,128,128,128,,,,
2015-01-30,98,98,98,98,,,,
2015-02-02,55,55,55,55,,,,
2015-02-03,10,10,10,10,,,,
2015-02-04,14,14,14,14,,,,
2015-02-05,11,11,11,11,,,,
2015-02-06,10,10,10,10,,,,
2015-02-09,16,16,16,16,,,,
2015-02-10,23,23,23,23,,,,
2015-02-11,22,22,22,22,,,,
2015-02-12,10,10,10,10,,,,
2015-02-13,5,5,5,5,,,,
2015-02-17,8,8,8,8,,,,
2015-02-18,6,6,6,6,,,,
2015-02-19,10,10,10,10,,,,
2015-02-20,8,8,8,8,,,,
2015-02-23,20,20,20,20,,,,
2015-02-24,13,13,13,13,,,,
2015-02-25,12,12,12,12,,,,
2015-02-26,14,14,14,14,,,,
2015-02-27,25,25,25,25,,,,
2015-03-02,32,32,32,32,,,,
2015-03-03,22,22,22,22,,,,
2015-03-04,33,33,33,33,,,,
2015-03-05,38,38,38,38,,,,
2015-03-06,56,56,56,56,,,,
2015-03-09,71,71,71,71,,,,
2015-03-10,101,101,101,101,,,,
2015-03-11,89,89,89,89,,,,
2015-03-12,40,40,40,40,,,,
2015-03-13,95,95,95,95,,,,
2015-03-16,78,78,78,78,,,,
2015-03-17,50,50,50,50,,,,
2015-03-18,48,48,48,48,,,,
2015-03-19,29,29,29,29,,,,
2015-03-20,20,20,20,20,,,,
2015-03-23,17,17,17,17,,,,
2015-03-24,11,11,11,11,,,,
2015-03-25,12,12,12,12,,,,
2015-03-26,16,16,16,16,,,,
2015-03-27,26,26,26,26,,,,
2015-03-30,15,15,15,15,,,,
2015-03-31,25,25,25,25,,,,
2015-04-01,25,25,25,25,,,,
2015-04-02,10,10,10,10,,,,
2015-04-06,9,9,9,9,,,,
2015-04-07,3,3,3,3,,,,
2015-04-08,4,4,4,4,,,,
2015-04-09,5,5,5,5,,,,
2015-04-10,1,1,1,1,,,,
2015-04-13,3,3,3,3,,,,
2015-04-14,6,6,6,6,,,,
2015-04-15,7,7,7,7,,,,
2015-04-16,5,5,5,5,,,,
2015-04-17,9,9,9,9,,,,
2015-04-20,8,8,8,8,,,,
2015-04-21,8,8,8,8,,,,
2015-04-22,17,17,17,17,,,,
2015-04-23,10,10,10,10,,,,
2015-04-24,7,7,7,7,,,,
2015-04-27,13,13,13,13,,,,
2015-04-28,14,14,14,14,,,,
2015-04-29,24,24,24,24,,,,
2015-04-30,42,42,42,42,,,,
2015-05-01,36,36,36,36,,,,
2015-05-04,14,14,14,14,,,,
2015-05-05,42,42,42,42,,,,
2015-05-06,48,48,48,48,,,,
2015-05-07,42,42,42,42,,,,
2015-05-08,22,22,22,22,,,,
2015-05-11,17,17,17,17,,,,
2015-05-12,50,50,50,50,,,,
2015-05-13,26,26,26,26,,,,
2015-05-14,17,17,17,17,,,,
2015-05-15,10,10,10,10,,,,
2015-05-18,15,15,15,15,,,,
2015-05-19,21,21,21,21,,,,
2015-05-20,22,22,22,22,,,,
2015-05-21,20,20,20,20,,,,
2015-05-22,31,31,31,31,,,,
2015-05-26,54,54,54,54,,,,
2015-05-27,34,34,34,34,,,,
2015-05-28,33,33,33,33,,,,
2015-05-29,40,40,40,40,,,,
2015-06-01,51,51,51,51,,,,
2015-06-02,14,14,14,14,,,,
2015-06-03,28,28,28,28,,,,
2015-06-04,47,47,47,47,,,,
2015-06-05,76,76,76,76,,,,
2015-06-08,61,61,61,61,,,,
2015-06-09,65,65,65,65,,,,
2015-06-10,33,33,33,33,,,,
2015-06-11,34,34,34,34,,,,
2015-06-12,46,46,46,46,,,,
2015-06-15,85,85,85,85,,,,
2015-06-16,54,54,54,54,,,,
2015-06-17,43,43,43,43,,,,
2015-06-18,24,24,24,24,,,,
2015-06-19,24,24,24,24,,,,
2015-06-22,20,20,20,20,,,,
2015-06-23,20,20,20,20,,,,
2015-06-24,30,30,30,30,,,,
2015-06-25,71,71,71,71,,,,
2015-06-26,105,105,105,105,,,,
2015-06-29,152,152,152,152,,,,
2015-06-30,155,155,155,155,,,,
2015-07-01,143,143,143,143,,,,
2015-07-02,81,81,81,81,,,,
2015-07-06,167,167,167,167,,,,
2015-07-07,237,237,237,237,,,,
2015-07-08,156,156,156,156,,,,
2015-07-09,74,74,74,74,,,,
2015-07-10,56,56,56,56,,,,
2015-07-13,60,60,60,60,,,,
2015-07-14,31,31,31,31,,,,
2015-07-15,92,92,92,92,,,,
2015-07-16,90,90,90,90,,,,
2015-07-17,141,141,141,141,,,,
2015-07-20,203,203,203,203,,,,
2015-07-21,133,133,133,133,,,,
2015-07-22,227,227,227,227,,,,
2015-07-23,235,235,235,235,,,,
2015-07-24,303,303,303,303,,,,
2015-07-27,311,311,311,311,,,,
2015-07-28,153,153,153,153,,,,
2015-07-29,51,51,51,51,,,,
2015-07-30,60,60,60,60,,,,
2015-07-31,64,64,64,64,,,,
2015-08-03,150,150,150,150,,,,
2015-08-04,160,160,160,160,,,,
2015-08-05,210,210,210,210,,,,
2015-08-06,255,255,255,255,,,,
2015-08-07,146,146,146,146,,,,
2015-08-10,55,55,55,55,,,,
2015-08-11,100,100,100,100,,,,
2015-08-12,134,134,134,134,,,,
2015-08-13,92,92,92,92,,,,
2015-08-14,80,80,80,80,,,,
2015-08-17,92,92,92,92,,,,
2015-08-18,113,113,113,113,,,,
2015-08-19,200,200,200,200,,,,
2015-08-20,227,227,227,227,,,,
2015-08-21,405,405,405,405,,,,
2015-08-24,800,800,800,800,,,,
2015-08-25,210,210,210,210,,,,
2015-08-26,176,176,176,176,,,,
2015-08-27,14,14,14,14,,,,
2015-08-28,6,6,6,6,,,,
2015-08-31,20,20,20,20,,,,
2015-09-01,84,84,84,84,,,,
2015-09-02,67,67,67,67,,,,
2015-09-03,22,22,22,22,,,,
2015-09-04,127,127,127,127,,,,
2015-09-08,21,21,21,21,,,,
2015-09-09,40,40,40,40,,,,
2015-09-10,90,90,90,90,,,,
2015-09-11,120,120,120,120,,,,
2015-09-14,93,93,93,93,,,,
2015-09-15,54,54,54,54,,,,
2015-09-16,24,24,24,24,,,,
2015-09-17,19,19,19,19,,,,
2015-09-18,94,94,94,94,,,,
2015-09-21,73,73,73,73,,,,
2015-09-22,182,182,182,182,,,,
2015-09-23,211,211,211,211,,,,
2015-09-24,300,300,300,300,,,,
2015-09-25,124,124,124,124,,,,
2015-09-28,394,394,394,394,,,,
2015-09-29,368,368,368,368,,,,
2015-09-30,151,151,151,151,,,,
2015-10-01,127,127,127,127,,,,
2015-10-02,198,198,198,198,,,,
2015-10-05,7,7,7,7,,,,
2015-10-06,8,8,8,8,,,,
2015-10-07,6,6,6,6,,,,
2015-10-08,8,8,8,8,,,,
2015-10-09,8,8,8,8,,,,
2015-10-12,8,8,8,8,,,,
2015-10-13,10,10,10,10,,,,
2015-10-14,23,23,23,23,,,,
2015-10-15,23,23,23,23,,,,
2015-10-16,10,10,10,10,,,,
2015-10-19,16,16,16,16,,,,
2015-10-20,14,14,14,14,,,,
2015-10-21,35,35,35,35,,,,
2015-10-22,43,43,43,43,,,,
2015-10-23,46,46,46,46,,,,
2015-10-26,42,42,42,42,,,,
2015-10-27,96,96,96,96,,,,
2015-10-28,46,46,46,46,,,,
2015-10-29,32,32,32,32,,,,
2015-10-30,41,41,41,41,,,,
2015-11-02,21,21,21,21,,,,
2015-11-03,16,16,16,16,,,,
2015-11-04,19,19,19,19,,,,
2015-11-05,49,49,49,49,,,,
2015-11-06,65,65,65,65,,,,
2015-11-09,68,68,68,68,,,,
2015-11-10,62,62,62,62,,,,
2015-11-11,77,77,77,77,,,,
2015-11-12,135,135,135,135,,,,
2015-11-13,164,164,164,164,,,,
2015-11-16,107,107,107,107,,,,
2015-11-17,99,99,99,99,,,,
2015-11-18,67,67,67,67,,,,
2015-11-19,52,52,52,52,,,,
2015-11-20,77,77,77,77,,,,
2015-11-23,71,71,71,71,,,,
2015-11-24,57,57,57,57,,,,
2015-11-25,33,33,33,33,,,,
2015-11-27,33,33,33,33,,,,
2015-11-30,40,40,40,40,,,,
2015-12-01,32,32,32,32,,,,
2015-12-02,78,78,78,78,,,,
2015-12-03,116,116,116,116,,,,
2015-12-04,141,141,141,141,,,,
2015-12-07,222,222,222,222,,,,
2015-12-08,252,252,252,252,,,,
2015-12-09,114,114,114,114,,,,
2015-12-10,90,90,90,90,,,,
2015-12-11,250,250,250,250,,,,
2015-12-14,350,350,350,350,,,,
2015-12-15,114,114,114,114,,,,
2015-12-16,78,78,78,78,,,,
2015-12-17,139,139,139,139,,,,
2015-12-18,182,182,182,182,,,,
2015-12-21,140,140,140,140,,,,
2015-12-22,51,51,51,51,,,,
2015-12-23,6,6,6,6,,,,
2015-12-24,4,4,4,4,,,,
2015-12-28,13,13,13,13,,,,
2015-12-29,17,17,17,17,,,,
2015-12-30,18,18,18,18,,,,
2015-12-31,32,32,32,32,,,,
2016-01-04,130,130,130,130,,,,
2016-01-05,84,84,84,84,,,,
2016-01-06,234,234,234,234,,,,
2016-01-07,425,425,425,425,,,,
2016-01-08,456,456,456,456,,,,
2016-01-11,496,496,496,496,,,,
2016-01-12,453,453,453,453,,,,
2016-01-13,590,590,590,590,,,,
2016-01-14,548,548,548,548,,,,
2016-01-15,690,690,690,690,,,,
2016-01-19,477,477,477,477,,,,
2016-01-20,927,927,927,927,,,,
2016-01-21,60,60,60,60,,,,
2016-01-22,18,18,18,18,,,,
2016-01-25,80,80,80,80,,,,
2016-01-26,58,58,58,58,,,,
2016-01-27,46,46,46,46,,,,
2016-01-28,92,92,92,92,,,,
2016-01-29,42,42,42,42,,,,
2016-02-01,28,28,28,28,,,,
2016-02-02,106,106,106,106,,,,
2016-02-03,201,201,201,201,,,,
2016-02-04,51,51,51,51,,,,
2016-02-05,124,124,124,124,,,,
2016-02-08,342,342,342,342,,,,
2016-02-09,328,328,328,328,,,,
2016-02-10,129,129,129,129,,,,
2016-02-11,432,432,432,432,,,,
2016-02-12,86,86,86,86,,,,
2016-02-16,29,29,29,29,,,,
2016-02-17,15,15,15,15,,,,
2016-02-18,22,22,22,22,,,,
2016-02-19,34,34,34,34,,,,
2016-02-22,9,9,9,9,,,,
2016-02-23,22,22,22,22,,,,
2016-02-24,52,52,52,52,,,,
2016-02-25,25,25,25,25,,,,
2016-02-26,17,17,17,17,,,,
2016-02-29,16,16,16,16,,,,
2016-03-01,16,16,16,16,,,,
2016-03-02,10,10,10,10,,,,
2016-03-03,8,8,8,8,,,,
2016-03-04,9,9,9,9,,,,
2016-03-07,3,3,3,3,,,,
2016-03-08,8,8,8,8,,,,
2016-03-09,6,6,6,6,,,,
2016-03-10,11,11,11,11,,,,
2016-03-11,6,6,6,6,,,,
2016-03-14,5,5,5,5,,,,
2016-03-15,8,8,8,8,,,,
2016-03-16,13,13,13,13,,,,
2016-03-17,11,11,11,11,,,,
2016-03-18,7,7,7,7,,,,
2016-03-21,4,4,4,4,,,,
2016-03-22,6,6,6,6,,,,
2016-03-23,8,8,8,8,,,,
2016-03-24,13,13,13,13,,,,
2016-03-28,8,8,8,8,,,,
2016-03-29,6,6,6,6,,,,
2016-03-30,1,1,1,1,,,,
2016-03-31,5,5,5,5,,,,
2016-04-01,8,8,8,8,,,,
2016-04-04,5,5,5,5,,,,
2016-04-05,17,17,17,17,,,,
2016-04-06,11,11,11,11,,,,
2016-04-07,15,15,15,15,,,,
2016-04-08,9,9,9,9,,,,
2016-04-11,8,8,8,8,,,,
2016-04-12,9,9,9,9,,,,
2016-04-13,1,1,1,1,,,,
2016-04-14,1,1,1,1,,,,
2016-04-15,2,2,2,2,,,,
2016-04-18,2,2,2,2,,,,
2016-04-19,2,2,2,2,,,,
2016-04-20,1,1,1,1,,,,
2016-04-21,4,4,4,4,,,,
2016-04-22,5,5,5,5,,,,
2016-04-25,1,1,1,1,,,,
2016-04-26,1,1,1,1,,,,
2016-04-27,3,3,3,3,,,,
2016-04-28,9,9,9,9,,,,
2016-04-29,7,7,7,7,,,,
2016-05-02,8,8,8,8,,,,
2016-05-03,22,22,22,22,,,,
2016-05-04,23,23,23,23,,,,
2016-05-05,21,21,21,21,,,,
2016-05-06,28,28,28,28,,,,
2016-05-09,16,16,16,16,,,,
2016-05-10,13,13,13,13,,,,
2016-05-11,24,24,24,24,,,,
2016-05-12,36,36,36,36,,,,
2016-05-13,36,36,36,36,,,,
2016-05-16,14,14,14,14,,,,
2016-05-17,23,23,23,23,,,,
2016-05-18,26,26,26,26,,,,
2016-05-19,27,27,27,27,,,,
2016-05-20,14,14,14,14,,,,
2016-05-23,5,5,5,5,,,,
2016-05-24,13,13,13,13,,,,
2016-05-25,6,6,6,6,,,,
2016-05-26,13,13,13,13,,,,
2016-05-27,9,9,9,9,,,,
2016-05-31,3,3,3,3,,,,
2016-06-01,6,6,6,6,,,,
2016-06-02,4,4,4,4,,,,
2016-06-03,4,4,4,4,,,,
2016-06-06,4,4,4,4,,,,
2016-06-07,3,3,3,3,,,,
2016-06-08,2,2,2,2,,,,
2016-06-09,4,4,4,4,,,,
2016-06-10,19,19,19,19,,,,
2016-06-13,30,30,30,30,,,,
2016-06-14,40,40,40,40,,,,
2016-06-15,10,10,10,10,,,,
2016-06-16,38,38,38,38,,,,
2016-06-17,12,12,12,12,,,,
2016-06-20,6,6,6,6,,,,
2016-06-21,12,12,12,12,,,,
2016-06-22,13,13,13,13,,,,
2016-06-23,4,4,4,4,,,,
2016-06-24,48,48,48,48,,,,
2016-06-27,124,124,124,124,,,,
2016-06-28,26,26,26,26,,,,
2016-06-29,10,10,10,10,,,,
2016-06-30,19,19,19,19,,,,
2016-07-01,6,6,6,6,,,,
2016-07-05,25,25,25,25,,,,
2016-07-06,42,42,42,42,,,,
2016-07-07,19,19,19,19,,,,
2016-07-08,8,8,8,8,,,,
2016-07-11,4,4,4,4,,,,
2016-07-12,1,1,1,1,,,,
2016-07-13,2,2,2,2,,,,
2016-07-14,1,1,1,1,,,,
2016-07-15,4,4,4,4,,,,
2016-07-18,4,4,4,4,,,,
2016-07-19,2,2,2,2,,,,
2016-07-20,2,2,2,2,,,,
2016-07-21,3,3,3,3,,,,
2016-07-22,5,5,5,5,,,,
2016-07-25,7,7,7,7,,,,
2016-07-26,4,4,4,4,,,,
2016-07-27,7,7,7,7,,,,
2016-07-28,12,12,12,12,,,,
2016-07-29,13,13,13,13,,,,
2016-08-01,12,12,12,12,,,,
2016-08-02,19,19,19,19,,,,
2016-08-03,17,17,17,17,,,,
2016-08-04,6,6,6,6,,,,
2016-08-05,4,4,4,4,,,,
2016-08-08,3,3,3,3,,,,
2016-08-09,5,5,5,5,,,,
2016-08-10,8,8,8,8,,,,
2016-08-11,6,6,6,6,,,,
2016-08-12,11,11,11,11,,,,
2016-08-15,5,5,5,5,,,,
2016-08-16,7,7,7,7,,,,
2016-08-17,14,14,14,14,,,,
2016-08-18,10,10,10,10,,,,
2016-08-19,7,7,7,7,,,,
2016-08-22,9,9,9,9,,,,
2016-08-23,5,5,5,5,,,,
2016-08-24,8,8,8,8,,,,
2016-08-25,12,12,12,12,,,,
2016-08-26,11,11,11,11,,,,
2016-08-29,6,6,6,6,,,,
2016-08-30,6,6,6,6,,,,
2016-08-31,13,13,13,13,,,,
2016-09-01,17,17,17,17,,,,
2016-09-02,6,6,6,6,,,,
2016-09-06,4,4,4,4,,,,
2016-09-07,5,5,5,5,,,,
2016-09-08,5,5,5,5,,,,
2016-09-09,14,14,14,14,,,,
2016-09-12,23,23,23,23,,,,
2016-09-13,23,23,23,23,,,,
2016-09-14,18,18,18,18,,,,
2016-09-15,17,17,17,17,,,,
2016-09-16,15,15,15,15,,,,
2016-09-19,8,8,8,8,,,,
2016-09-20,18,18,18,18,,,,
2016-09-21,15,15,15,15,,,,
2016-09-23,5,5,5,5,,,,
2016-09-26,9,9,9,9,,,,
2016-09-27,18,18,18,18,,,,
2016-09-28,11,11,11,11,,,,
2016-09-29,20,20,20,20,,,,
2016-09-30,16,16,16,16,,,,
2016-10-03,10,10,10,10,,,,
2016-10-04,20,20,20,20,,,,
2016-10-05,12,12,12,12,,,,
2016-10-06,20,20,20,20,,,,
2016-10-07,15,15,15,15,,,,
2016-10-10,7,7,7,7,,,,
2016-10-11,24,24,24,24,,,,
2016-10-12,23,23,23,23,,,,
2016-10-13,33,33,33,33,,,,
2016-10-14,16,16,16,16,,,,
2016-10-17,25,25,25,25,,,,
2016-10-18,13,13,13,13,,,,
2016-10-19,10,10,10,10,,,,
2016-10-20,17,17,17,17,,,,
2016-10-21,22,22,22,22,,,,
2016-10-24,11,11,11,11,,,,
2016-10-25,22,22,22,22,,,,
2016-10-26,36,36,36,36,,,,
2016-10-27,59,59,59,59,,,,
2016-10-28,57,57,57,57,,,,
2016-10-31,49,49,49,49,,,,
2016-11-01,63,63,63,63,,,,
2016-11-02,71,71,71,71,,,,
2016-11-03,75,75,75,75,,,,
2016-11-04,55,55,55,55,,,,
2016-11-07,21,21,21,21,,,,
2016-11-08,44,44,44,44,,,,
2016-11-09,54,54,54,54,,,,
2016-11-10,30,30,30,30,,,,
2016-11-11,26,26,26,26,,,,
2016-11-14,96,96,96,96,,,,
2016-11-15,10,10,10,10,,,,
2016-11-16,11,11,11,11,,,,
2016-11-17,10,10,10,10,,,,
2016-11-18,21,21,21,21,,,,
2016-11-21,12,12,12,12,,,,
2016-11-22,14,14,14,14,,,,
2016-11-23,22,22,22,22,,,,
2016-11-25,4,4,4,4,,,,
2016-11-28,6,6,6,6,,,,
2016-11-29,7,7,7,7,,,,
2016-11-30,14,14,14,14,,,,
2016-12-01,30,30,30,30,,,,
2016-12-02,22,22,22,22,,,,
2016-12-05,9,9,9,9,,,,
2016-12-06,8,8,8,8,,,,
2016-12-07,7,7,7,7,,,,
2016-12-08,8,8,8,8,,,,
2016-12-09,3,3,3,3,,,,
2016-12-12,3,3,3,3,,,,
2016-12-13,2,2,2,2,,,,
2016-12-14,8,8,8,8,,,,
2016-12-15,11,11,11,11,,,,
2016-12-16,10,10,10,10,,,,
2016-12-19,8,8,8,8,,,,
2016-12-20,9,9,9,9,,,,
2016-12-21,7,7,7,7,,,,
2016-12-22,11,11,11,11,,,,
2016-12-23,11,11,11,11,,,,
2016-12-27,10,10,10,10,,,,
2016-12-28,13,13,13,13,,,,
2016-12-29,10,10,10,10,,,,
2016-12-30,8,8,8,8,,,,
2017-01-03,6,6,6,6,,,,
2017-01-04,3,3,3,3,,,,
2017-01-05,3,3,3,3,,,,
2017-01-06,4,4,4,4,,,,
2017-01-09,8,8,8,8,,,,
2017-01-10,7,7,7,7,,,,
2017-01-11,12,12,12,12,,,,
2017-01-12,12,12,12,12,,,,
2017-01-13,7,7,7,7,,,,
2017-01-17,9,9,9,9,,,,
2017-01-18,12,12,12,12,,,,
2017-01-19,14,14,14,14,,,,
2017-01-20,12,12,12,12,,,,
2017-01-23,11,11,11,11,,,,
2017-01-24,7,7,7,7,,,,
2017-01-25,5,5,5,5,,,,
2017-01-26,6,6,6,6,,,,
2017-01-27,13,13,13,13,,,,
2017-01-30,19,19,19,19,,,,
2017-01-31,13,13,13,13,,,,
2017-02-01,8,8,8,8,,,,
2017-02-02,15,15,15,15,,,,
2017-02-03,12,12,12,12,,,,
2017-02-06,9,9,9,9,,,,
2017-02-07,15,15,15,15,,,,
2017-02-08,20,20,20,20,,,,
2017-02-09,6,6,6,6,,,,
2017-02-10,3,3,3,3,,,,
2017-02-13,2,2,2,2,,,,
2017-02-14,2,2,2,2,,,,
2017-02-15,5,5,5,5,,,,
2017-02-16,5,5,5,5,,,,
2017-02-17,5,5,5,5,,,,
2017-02-21,4,4,4,4,,,,
2017-02-22,8,8,8,8,,,,
2017-02-23,10,10,10,10,,,,
2017-02-24,13,13,13,13,,,,
2017-02-27,8,8,8,8,,,,
2017-02-28,7,7,7,7,,,,
2017-03-01,19,19,19,19,,,,
2017-03-02,17,17,17,17,,,,
2017-03-03,21,21,21,21,,,,
2017-03-06,38,38,38,38,,,,
2017-03-07,34,34,34,34,,,,
2017-03-08,35,35,35,35,,,,
2017-03-09,46,46,46,46,,,,
2017-03-10,32,32,32,32,,,,
2017-03-13,25,25,25,25,,,,
2017-03-14,37,37,37,37,,,,
2017-03-15,10,10,10,10,,,,
2017-03-16,5,5,5,5,,,,
2017-03-17,5,5,5,5,,,,
2017-03-20,16,16,16,16,,,,
2017-03-21,36,36,36,36,,,,
2017-03-22,52,52,52,52,,,,
2017-03-23,20,20,20,20,,,,
2017-03-24,13,13,13,13,,,,
2017-03-27,26,26,26,26,,,,
2017-03-28,13,13,13,13,,,,
2017-03-29,4,4,4,4,,,,
2017-03-30,7,7,7,7,,,,
2017-03-31,5,5,5,5,,,,
2017-04-03,15,15,15,15,,,,
2017-04-04,26,26,26,26,,,,
2017-04-05,28,28,28,28,,,,
2017-04-06,16,16,16,16,,,,
2017-04-07,9,9,9,9,,,,
2017-04-10,7,7,7,7,,,,
2017-04-11,4,4,4,4,,,,
2017-04-12,9,9,9,9,,,,
2017-04-13,17,17,17,17,,,,
2017-04-17,16,16,16,16,,,,
2017-04-18,15,15,15,15,,,,
2017-04-19,17,17,17,17,,,,
2017-04-20,15,15,15,15,,,,
2017-04-21,13,13,13,13,,,,
2017-04-24,11,11,11,11,,,,
2017-04-25,8,8,8,8,,,,
2017-04-26,11,11,11,11,,,,
2017-04-27,20,20,20,20,,,,
2017-04-28,26,26,26,26,,,,
2017-05-01,35,35,35,35,,,,
2017-05-02,29,29,29,29,,,,
2017-05-03,41,41,41,41,,,,
2017-05-04,70,70,70,70,,,,
2017-05-05,24,24,24,24,,,,
2017-05-08,27,27,27,27,,,,
2017-05-09,27,27,27,27,,,,
2017-05-10,18,18,18,18,,,,
2017-05-11,34,34,34,34,,,,
2017-05-12,36,36,36,36,,,,
2017-05-15,37,37,37,37,,,,
2017-05-16,56,56,56,56,,,,
2017-05-17,71,71,71,71,,,,
2017-05-18,66,66,66,66,,,,
2017-05-19,32,32,32,32,,,,
2017-05-22,17,17,17,17,,,,
2017-05-23,25,25,25,25,,,,
2017-05-24,30,30,30,30,,,,
2017-05-25,36,36,36,36,,,,
2017-05-26,34,34,34,34,,,,
2017-05-30,50,50,50,50,,,,
2017-05-31,77,77,77,77,,,,
2017-06-01,21,21,21,21,,,,
2017-06-02,22,22,22,22,,,,
2017-06-05,29,29,29,29,,,,
2017-06-06,36,36,36,36,,,,
2017-06-07,51,51,51,51,,,,
2017-06-08,42,42,42,42,,,,
2017-06-09,26,26,26,26,,,,
2017-06-12,8,8,8,8,,,,
2017-06-13,9,9,9,9,,,,
2017-06-14,19,19,19,19,,,,
2017-06-15,48,48,48,48,,,,
2017-06-16,53,53,53,53,,,,
2017-06-19,26,26,26,26,,,,
2017-06-20,67,67,67,67,,,,
2017-06-21,89,89,89,89,,,,
2017-06-22,55,55,55,55,,,,
2017-06-23,29,29,29,29,,,,
2017-06-26,9,9,9,9,,,,
2017-06-27,10,10,10,10,,,,
2017-06-28,13,13,13,13,,,,
2017-06-29,22,22,22,22,,,,
2017-06-30,13,13,13,13,,,,
2017-07-03,5,5,5,5,,,,
2017-07-05,20,20,20,20,,,,
2017-07-06,42,42,42,42,,,,
2017-07-07,60,60,60,60,,,,
2017-07-10,46,46,46,46,,,,
2017-07-11,37,37,37,37,,,,
2017-07-12,13,13,13,13,,,,
2017-07-13,13,13,13,13,,,,
2017-07-14,7,7,7,7,,,,
2017-07-17,9,9,9,9,,,,
2017-07-18,19,19,19,19,,,,
2017-07-19,15,15,15,15,,,,
2017-07-20,7,7,7,7,,,,
2017-07-21,10,10,10,10,,,,
2017-07-24,18,18,18,18,,,,
2017-07-25,9,9,9,9,,,,
2017-07-26,8,8,8,8,,,,
2017-07-27,21,21,21,21,,,,
2017-07-28,20,20,20,20,,,,
2017-07-31,20,20,20,20,,,,
2017-08-01,25,25,25,25,,,,
2017-08-02,49,49,49,49,,,,
2017-08-03,58,58,58,58,,,,
2017-08-04,48,48,48,48,,,,
2017-08-07,43,43,43,43,,,,
2017-08-08,52,52,52,52,,,,
2017-08-09,65,65,65,65,,,,
2017-08-10,94,94,94,94,,,,
2017-08-11,110,110,110,110,,,,
2017-08-14,36,36,36,36,,,,
2017-08-15,94,94,94,94,,,,
2017-08-16,72,72,72,72,,,,
2017-08-17,109,109,109,109,,,,
2017-08-18,123,123,123,123,,,,
2017-08-21,106,106,106,106,,,,
2017-08-22,31,31,31,31,,,,
2017-08-23,40,40,40,40,,,,
2017-08-24,31,31,31,31,,,,
2017-08-25,16,16,16,16,,,,
2017-08-28,43,43,43,43,,,,
2017-08-29,50,50,50,50,,,,
2017-08-30,34,34,34,34,,,,
2017-08-31,17,17,17,17,,,,
2017-09-01,12,12,12,12,,,,
2017-09-05,23,23,23,23,,,,
2017-09-06,17,17,17,17,,,,
2017-09-07,31,31,31,31,,,,
2017-09-08,38,38,38,38,,,,
2017-09-11,5,5,5,5,,,,
2017-09-12,3,3,3,3,,,,
2017-09-13,3,3,3,3,,,,
2017-09-14,2,2,2,2,,,,
2017-09-15,2,2,2,2,,,,
2017-09-18,7,7,7,7,,,,
2017-09-19,15,15,15,15,,,,
2017-09-20,15,15,15,15,,,,
2017-09-21,11,11,11,11,,,,
2017-09-22,12,12,12,12,,,,
2017-09-25,10,10,10,10,,,,
2017-09-26,6,6,6,6,,,,
2017-09-27,12,12,12,12,,,,
2017-09-28,11,11,11,11,,,,
2017-09-29,9,9,9,9,,,,
2017-10-02,14,14,14,14,,,,
2017-10-03,4,4,4,4,,,,
2017-10-04,5,5,5,5,,,,
2017-10-05,3,3,3,3,,,,
2017-10-06,8,8,8,8,,,,
2017-10-09,13,13,13,13,,,,
2017-10-10,9,9,9,9,,,,
2017-10-11,7,7,7,7,,,,
2017-10-12,19,19,19,19,,,,
2017-10-13,22,22,22,22,,,,
2017-10-16,19,19,19,19,,,,
2017-10-17,17,17,17,17,,,,
2017-10-18,15,15,15,15,,,,
2017-10-19,21,21,21,21,,,,
2017-10-20,21,21,21,21,,,,
2017-10-23,28,28,28,28,,,,
2017-10-24,36,36,36,36,,,,
2017-10-25,62,62,62,62,,,,
2017-10-26,47,47,47,47,,,,
2017-10-27,55,55,55,55,,,,
2017-10-30,32,32,32,32,,,,
2017-10-31,41,41,41,41,,,,
2017-11-01,39,39,39,39,,,,
2017-11-02,67,67,67,67,,,,
2017-11-03,57,57,57,57,,,,
2017-11-06,44,44,44,44,,,,
2017-11-07,50,50,50,50,,,,
2017-11-08,59,59,59,59,,,,
2017-11-09,39,39,39,39,,,,
2017-11-10,35,35,35,35,,,,
2017-11-13,52,52,52,52,,,,
2017-11-14,57,57,57,57,,,,
2017-11-15,70,70,70,70,,,,
2017-11-16,23,23,23,23,,,,
2017-11-17,14,14,14,14,,,,
2017-11-20,22,22,22,22,,,,
2017-11-21,16,16,16,16,,,,
2017-11-22,11,11,11,11,,,,
2017-11-24,9,9,9,9,,,,
2017-11-27,19,19,19,19,,,,
2017-11-28,29,29,29,29,,,,
2017-11-29,29,29,29,29,,,,
2017-11-30,27,27,27,27,,,,
2017-12-01,11,11,11,11,,,,
2017-12-04,10,10,10,10,,,,
2017-12-05,17,17,17,17,,,,
2017-12-06,24,24,24,24,,,,
2017-12-07,31,31,31,31,,,,
2017-12-08,15,15,15,15,,,,
2017-12-11,12,12,12,12,,,,
2017-12-12,12,12,12,12,,,,
2017-12-13,12,12,12,12,,,,
2017-12-14,28,28,28,28,,,,
2017-12-15,20,20,20,20,,,,
2017-12-18,6,6,6,6,,,,
2017-12-19,17,17,17,17,,,,
2017-12-20,17,17,17,17,,,,
2017-12-21,21,21,21,21,,,,
2017-12-22,11,11,11,11,,,,
2017-12-26,9,9,9,9,,,,
2017-12-27,13,13,13,13,,,,
2017-12-28,12,12,12,12,,,,
2017-12-29,8,8,8,8,,,,
2018-01-02,15,15,15,15,,,,
2018-01-03,19,19,19,19,,,,
2018-01-04,20,20,20,20,,,,
2018-01-05,22,22,22,22,,,,
2018-01-08,16,16,16,16,,,,
2018-01-09,26,26,26,26,,,,
2018-01-10,42,42,42,42,,,,
2018-01-11,21,21,21,21,,,,
2018-01-12,33,33,33,33,,,,
2018-01-16,24,24,24,24,,,,
2018-01-17,27,27,27,27,,,,
2018-01-18,37,37,37,37,,,,
2018-01-19,32,32,32,32,,,,
2018-01-22,14,14,14,14,,,,
2018-01-23,11,11,11,11,,,,
2018-01-24,9,9,9,9,,,,
2018-01-25,19,19,19,19,,,,
2018-01-26,20,20,20,20,,,,
2018-01-29,50,50,50,50,,,,
2018-01-30,67,67,67,67,,,,
2018-01-31,58,58,58,58,,,,
2018-02-01,65,65,65,65,,,,
2018-02-02,117,117,117,117,,,,
2018-02-05,178,178,178,178,,,,
2018-02-06,219,219,219,219,,,,
2018-02-07,28,28,28,28,,,,
2018-02-08,143,143,143,143,,,,
2018-02-09,203,203,203,203,,,,
2018-02-12,63,63,63,63,,,,
2018-02-13,21,21,21,21,,,,
2018-02-14,31,31,31,31,,,,
2018-02-15,14,14,14,14,,,,
2018-02-16,7,7,7,7,,,,
2018-02-20,13,13,13,13,,,,
2018-02-21,36,36,36,36,,,,
2018-02-22,43,43,43,43,,,,
2018-02-23,21,21,21,21,,,,
2018-02-26,15,15,15,15,,,,
2018-02-27,37,37,37,37,,,,
2018-02-28,92,92,92,92,,,,
2018-03-01,117,117,117,117,,,,
2018-03-02,101,101,101,101,,,,
2018-03-05,26,26,26,26,,,,
2018-03-06,18,18,18,18,,,,
2018-03-07,26,26,26,26,,,,
2018-03-08,23,23,23,23,,,,
2018-03-09,17,17,17,17,,,,
2018-03-12,11,11,11,11,,,,
2018-03-13,13,13,13,13,,,,
2018-03-14,24,24,24,24,,,,
2018-03-15,69,69,69,69,,,,
2018-03-16,32,32,32,32,,,,
2018-03-19,53,53,53,53,,,,
2018-03-20,54,54,54,54,,,,
2018-03-21,36,36,36,36,,,,
2018-03-22,65,65,65,65,,,,
2018-03-23,114,114,114,114,,,,
2018-03-26,84,84,84,84,,,,
2018-03-27,56,56,56,56,,,,
2018-03-28,53,53,53,53,,,,
2018-03-29,24,24,24,24,,,,
2018-04-02,80,80,80,80,,,,
2018-04-03,47,47,47,47,,,,
2018-04-04,39,39,39,39,,,,
2018-04-05,6,6,6,6,,,,
2018-04-06,27,27,27,27,,,,
2018-04-09,24,24,24,24,,,,
2018-04-10,12,12,12,12,,,,
2018-04-11,14,14,14,14,,,,
2018-04-12,17,17,17,17,,,,
2018-04-13,16,16,16,16,,,,
2018-04-16,9,9,9,9,,,,
2018-04-17,8,8,8,8,,,,
2018-04-18,8,8,8,8,,,,
2018-04-19,30,30,30,30,,,,
2018-04-20,45,45,45,45,,,,
2018-04-23,46,46,46,46,,,,
2018-04-24,41,41,41,41,,,,
2018-04-25,39,39,39,39,,,,
2018-04-26,36,36,36,36,,,,
2018-04-27,27,27,27,27,,,,
2018-04-30,37,37,37,37,,,,
2018-05-01,70,70,70,70,,,,
2018-05-02,47,47,47,47,,,,
2018-05-03,90,90,90,90,,,,
2018-05-04,41,41,41,41,,,,
2018-05-07,31,31,31,31,,,,
2018-05-08,34,34,34,34,,,,
2018-05-09,33,33,33,33,,,,
2018-05-10,16,16,16,16,,,,
2018-05-11,15,15,15,15,,,,
2018-05-14,15,15,15,15,,,,
2018-05-15,47,47,47,47,,,,
2018-05-16,19,19,19,19,,,,
2018-05-17,21,21,21,21,,,,
2018-05-18,33,33,33,33,,,,
2018-05-21,27,27,27,27,,,,
2018-05-22,11,11,11,11,,,,
2018-05-23,27,27,27,27,,,,
2018-05-24,23,23,23,23,,,,
2018-05-25,29,29,29,29,,,,
2018-05-29,53,53,53,53,,,,
2018-05-30,26,26,26,26,,,,
2018-05-31,47,47,47,47,,,,
2018-06-01,30,30,30,30,,,,
2018-06-04,20,20,20,20,,,,
2018-06-05,35,35,35,35,,,,
2018-06-06,33,33,33,33,,,,
2018-06-07,38,38,38,38,,,,
2018-06-08,16,16,16,16,,,,
2018-06-11,13,13,13,13,,,,
2018-06-12,10,10,10,10,,,,
2018-06-13,15,15,15,15,,,,
2018-06-14,19,19,19,19,,,,
2018-06-15,39,39,39,39,,,,
2018-06-18,41,41,41,41,,,,
2018-06-19,37,37,37,37,,,,
2018-06-20,20,20,20,20,,,,
2018-06-21,36,36,36,36,,,,
2018-06-22,18,18,18,18,,,,
2018-06-25,59,59,59,59,,,,
2018-06-26,39,39,39,39,,,,
2018-06-27,79,79,79,79,,,,
2018-06-28,102,102,102,102,,,,
2018-06-29,35,35,35,35,,,,
2018-07-02,63,63,63,63,,,,
2018-07-03,12,12,12,12,,,,
2018-07-05,17,17,17,17,,,,
2018-07-06,12,12,12,12,,,,
2018-07-09,5,5,5,5,,,,
2018-07-10,7,7,7,7,,,,
2018-07-11,15,15,15,15,,,,
2018-07-12,18,18,18,18,,,,
2018-07-13,16,16,16,16,,,,
2018-07-16,25,25,25,25,,,,
2018-07-17,11,11,11,11,,,,
2018-07-18,20,20,20,20,,,,
2018-07-19,25,25,25,25,,,,
2018-07-20,18,18,18,18,,,,
2018-07-23,20,20,20,20,,,,
2018-07-24,23,23,23,23,,,,
2018-07-25,35,35,35,35,,,,
2018-07-26,20,20,20,20,,,,
2018-07-27,20,20,20,20,,,,
2018-07-30,20,20,20,20,,,,
2018-07-31,19,19,19,19,,,,
2018-08-01,27,27,27,27,,,,
2018-08-02,43,43,43,43,,,,
2018-08-03,22,22,22,22,,,,
2018-08-06,21,21,21,21,,,,
2018-08-07,26,26,26,26,,,,
2018-08-08,33,33,33,33,,,,
2018-08-09,25,25,25,25,,,,
2018-08-10,64,64,64,64,,,,
2018-08-13,87,87,87,87,,,,
2018-08-14,51,51,51,51,,,,
2018-08-15,106,106,106,106,,,,
2018-08-16,37,37,37,37,,,,
2018-08-17,34,34,34,34,,,,
2018-08-20,19,19,19,19,,,,
2018-08-21,10,10,10,10,,,,
2018-08-22,14,14,14,14,,,,
2018-08-23,32,32,32,32,,,,
2018-08-24,23,23,23,23,,,,
2018-08-27,8,8,8,8,,,,
2018-08-28,16,16,16,16,,,,
2018-08-29,18,18,18,18,,,,
2018-08-30,33,33,33,33,,,,
2018-08-31,28,28,28,28,,,,
2018-09-04,58,58,58,58,,,,
2018-09-05,68,68,68,68,,,,
2018-09-06,60,60,60,60,,,,
2018-09-07,72,72,72,72,,,,
2018-09-10,48,48,48,48,,,,
2018-09-11,78,78,78,78,,,,
2018-09-12,39,39,39,39,,,,
2018-09-13,37,37,37,37,,,,
2018-09-14,31,31,31,31,,,,
2018-09-17,25,25,25,25,,,,
2018-09-18,20,20,20,20,,,,
2018-09-19,18,18,18,18,,,,
2018-09-20,6,6,6,6,,,,
2018-09-21,13,13,13,13,,,,
2018-09-24,26,26,26,26,,,,
2018-09-25,30,30,30,30,,,,
2018-09-26,48,48,48,48,,,,
2018-09-27,66,66,66,66,,,,
2018-09-28,81,81,81,81,,,,
2018-10-01,59,59,59,59,,,,
2018-10-02,56,56,56,56,,,,
2018-10-03,53,53,53,53,,,,
2018-10-04,74,74,74,74,,,,
2018-10-05,117,117,117,117,,,,
2018-10-08,99,99,99,99,,,,
2018-10-09,96,96,96,96,,,,
2018-10-10,167,167,167,167,,,,
2018-10-11,245,245,245,245,,,,
2018-10-12,239,239,239,239,,,,
2018-10-15,82,82,82,82,,,,
2018-10-16,51,51,51,51,,,,
2018-10-17,59,59,59,59,,,,
2018-10-18,163,163,163,163,,,,
2018-10-19,170,170,170,170,,,,
2018-10-22,196,196,196,196,,,,
2018-10-23,325,325,325,325,,,,
2018-10-24,334,334,334,334,,,,
2018-10-25,185,185,185,185,,,,
2018-10-26,312,312,312,312,,,,
2018-10-29,224,224,224,224,,,,
2018-10-30,151,151,151,151,,,,
2018-10-31,52,52,52,52,,,,
2018-11-01,30,30,30,30,,,,
2018-11-02,34,34,34,34,,,,
2018-11-05,19,19,19,19,,,,
2018-11-06,34,34,34,34,,,,
2018-11-07,28,28,28,28,,,,
2018-11-08,35,35,35,35,,,,
2018-11-09,60,60,60,60,,,,
2018-11-12,77,77,77,77,,,,
2018-11-13,89,89,89,89,,,,
2018-11-14,91,91,91,91,,,,
2018-11-15,117,117,117,117,,,,
2018-11-16,66,66,66,66,,,,
2018-11-19,70,70,70,70,,,,
2018-11-20,211,211,211,211,,,,
2018-11-21,39,39,39,39,,,,
2018-11-23,80,80,80,80,,,,
2018-11-26,53,53,53,53,,,,
2018-11-27,91,91,91,91,,,,
2018-11-28,90,90,90,90,,,,
2018-11-29,32,32,32,32,,,,
2018-11-30,57,57,57,57,,,,
2018-12-03,32,32,32,32,,,,
2018-12-04,156,156,156,156,,,,
2018-12-05,0.01,0.01,0.01,0.01,,,,
2018-12-06,326,326,326,326,,,,
2018-12-07,172,172,172,172,,,,
2018-12-10,355,355,355,355,,,,
2018-12-11,190,190,190,190,,,,
2018-12-12,70,70,70,70,,,,
2018-12-13,210,210,210,210,,,,
2018-12-14,342,342,342,342,,,,
2018-12-17,446,446,446,446,,,,
2018-12-18,322,322,322,322,,,,
2018-12-19,501,501,501,501,,,,
2018-12-20,669,669,669,669,,,,
2018-12-21,622,622,622,622,,,,
2018-12-24,803,803,803,803,,,,
2018-12-26,621,621,621,621,,,,
2018-12-27,93,93,93,93,,,,
2018-12-28,26,26,26,26,,,,
2018-12-31,40,40,40,40,,,,
2019-01-02,46,46,46,46,,,,
2019-01-03,30,30,30,30,,,,
2019-01-04,6,6,6,6,,,,
2019-01-07,8,8,8,8,,,,
2019-01-08,6,6,6,6,,,,
2019-01-09,4,4,4,4,,,,
2019-01-10,4,4,4,4,,,,
2019-01-11,4,4,4,4,,,,
2019-01-14,13,13,13,13,,,,
2019-01-15,8,8,8,8,,,,
2019-01-16,5,5,5,5,,,,
2019-01-17,6,6,6,6,,,,
2019-01-18,6,6,6,6,,,,
2019-01-22,14,14,14,14,,,,
2019-01-23,7,7,7,7,,,,
2019-01-24,11,11,11,11,,,,
2019-01-25,3,3,3,3,,,,
2019-01-28,12,12,12,12,,,,
2019-01-29,6,6,6,6,,,,
2019-01-30,11,11,11,11,,,,
2019-01-31,2,2,2,2,,,,
2019-02-01,9,9,9,9,,,,
2019-02-04,4,4,4,4,,,,
2019-02-05,4,4,4,4,,,,
2019-02-06,5,5,5,5,,,,
2019-02-07,18,18,18,18,,,,
2019-02-08,16,16,16,16,,,,
2019-02-11,11,11,11,11,,,,
2019-02-12,3,3,3,3,,,,
2019-02-13,4,4,4,4,,,,
2019-02-14,5,5,5,5,,,,
2019-02-15,1,1,1,1,,,,
2019-02-19,3,3,3,3,,,,
2019-02-20,3,3,3,3,,,,
2019-02-21,4,4,4,4,,,,
2019-02-22,3,3,3,3,,,,
2019-02-25,3,3,3,3,,,,
2019-02-26,7,7,7,7,,,,
2019-02-27,15,15,15,15,,,,
2019-02-28,10,10,10,10,,,,
2019-03-01,10,10,10,10,,,,
2019-03-04,11,11,11,11,,,,
2019-03-05,18,18,18,18,,,,
2019-03-06,26,26,26,26,,,,
2019-03-07,38,38,38,38,,,,
2019-03-08,43,43,43,43,,,,
2019-03-11,20,20,20,20,,,,
2019-03-12,9,9,9,9,,,,
2019-03-13,12,12,12,12,,,,
2019-03-14,15,15,15,15,,,,
2019-03-15,14,14,14,14,,,,
2019-03-18,11,11,11,11,,,,
2019-03-19,10,10,10,10,,,,
2019-03-20,33,33,33,33,,,,
2019-03-21,21,21,21,21,,,,
2019-03-22,48,48,48,48,,,,
2019-03-25,52,52,52,52,,,,
2019-03-26,18,18,18,18,,,,
2019-03-27,23,23,23,23,,,,
2019-03-28,22,22,22,22,,,,
2019-03-29,16,16,16,16,,,,
2019-04-01,9,9,9,9,,,,
2019-04-02,12,12,12,12,,,,
2019-04-03,12,12,12,12,,,,
2019-04-04,7,7,7,7,,,,
2019-04-05,6,6,6,6,,,,
2019-04-08,4,4,4,4,,,,
2019-04-09,12,12,12,12,,,,
2019-04-10,10,10,10,10,,,,
2019-04-11,12,12,12,12,,,,
2019-04-12,14,14,14,14,,,,
2019-04-15,14,14,14,14,,,,
2019-04-16,18,18,18,18,,,,
2019-04-17,23,23,23,23,,,,
2019-04-18,20,20,20,20,,,,
2019-04-22,26,26,26,26,,,,
2019-04-23,16,16,16,16,,,,
2019-04-24,18,18,18,18,,,,
2019-04-25,36,36,36,36,,,,
2019-04-26,23,23,23,23,,,,
2019-04-29,12,12,12,12,,,,
2019-04-30,25,25,25,25,,,,
2019-05-01,32,32,32,32,,,,
2019-05-02,49,49,49,49,,,,
2019-05-03,10,10,10,10,,,,
2019-05-06,22,22,22,22,,,,
2019-05-07,34,34,34,34,,,,
2019-05-08,33,33,33,33,,,,
2019-05-09,70,70,70,70,,,,
2019-05-10,54,54,54,54,,,,
2019-05-13,97,97,97,97,,,,
2019-05-14,43,43,43,43,,,,
2019-05-15,52,52,52,52,,,,
2019-05-16,37,37,37,37,,,,
2019-05-17,60,60,60,60,,,,
2019-05-20,93,93,93,93,,,,
2019-05-21,48,48,48,48,,,,
2019-05-22,70,70,70,70,,,,
2019-05-23,145,145,145,145,,,,
2019-05-24,70,70,70,70,,,,
2019-05-28,89,89,89,89,,,,
2019-05-29,171,171,171,171,,,,
2019-05-30,104,104,104,104,,,,
2019-05-31,213,213,213,213,,,,
2019-06-03,92,92,92,92,,,,
2019-06-04,14,14,14,14,,,,
2019-06-05,52,52,52,52,,,,
2019-06-06,78,78,78,78,,,,
2019-06-07,38,38,38,38,,,,
2019-06-10,21,21,21,21,,,,
2019-06-11,27,27,27,27,,,,
2019-06-12,65,65,65,65,,,,
2019-06-13,34,34,34,34,,,,
2019-06-14,54,54,54,54,,,,
2019-06-17,62,62,62,62,,,,
2019-06-18,22,22,22,22,,,,
2019-06-19,22,22,22,22,,,,
2019-06-20,25,25,25,25,,,,
2019-06-21,44,44,44,44,,,,
2019-06-24,54,54,54,54,,,,
2019-06-25,61,61,61,61,,,,
2019-06-26,41,41,41,41,,,,
2019-06-27,24,24,24,24,,,,
2019-06-28,11,11,11,11,,,,
2019-07-01,6,6,6,6,,,,
2019-07-02,23,23,23,23,,,,
2019-07-03,17,17,17,17,,,,
2019-07-05,15,15,15,15,,,,
2019-07-08,21,21,21,21,,,,
2019-07-09,33,33,33,33,,,,
2019-07-10,20,20,20,20,,,,
2019-07-11,36,36,36,36,,,,
2019-07-12,20,20,20,20,,,,
2019-07-15,33,33,33,33,,,,
2019-07-16,31,31,31,31,,,,
2019-07-17,54,54,54,54,,,,
2019-07-18,79,79,79,79,,,,
2019-07-19,63,63,63,63,,,,
2019-07-22,67,67,67,67,,,,
2019-07-23,48,48,48,48,,,,
2019-07-24,24,24,24,24,,,,
2019-07-25,56,56,56,56,,,,
2019-07-26,53,53,53,53,,,,
2019-07-29,59,59,59,59,,,,
2019-07-30,60,60,60,60,,,,
2019-07-31,38,38,38,38,,,,
2019-08-01,112,112,112,112,,,,
2019-08-02,136,136,136,136,,,,
2019-08-05,231,231,231,231,,,,
2019-08-06,145,145,145,145,,,,
2019-08-07,185,185,185,185,,,,
2019-08-08,42,42,42,42,,,,
2019-08-09,96,96,96,96,,,,
2019-08-12,175,175,175,175,,,,
2019-08-13,116,116,116,116,,,,
2019-08-14,244,244,244,244,,,,
2019-08-15,244,244,244,244,,,,
2019-08-16,42,42,42,42,,,,
2019-08-19,18,18,18,18,,,,
2019-08-20,45,45,45,45,,,,
2019-08-21,32,32,32,32,,,,
2019-08-22,41,41,41,41,,,,
2019-08-23,172,172,172,172,,,,
2019-08-26,114,114,114,114,,,,
2019-08-27,183,183,183,183,,,,
2019-08-28,156,156,156,156,,,,
2019-08-29,41,41,41,41,,,,
2019-08-30,27,27,27,27,,,,
2019-09-03,76,76,76,76,,,,
2019-09-04,25,25,25,25,,,,
2019-09-05,6,6,6,6,,,,
2019-09-06,15,15,15,15,,,,
2019-09-09,9,9,9,9,,,,
2019-09-10,3,3,3,3,,,,
2019-09-11,2,2,2,2,,,,
2019-09-12,3,3,3,3,,,,
2019-09-13,5,5,5,5,,,,
2019-09-16,6,6,6,6,,,,
2019-09-17,3,3,3,3,,,,
2019-09-18,5,5,5,5,,,,
2019-09-19,3,3,3,3,,,,
2019-09-20,10,10,10,10,,,,
2019-09-23,12,12,12,12,,,,
2019-09-24,20,20,20,20,,,,
2019-09-25,15,15,15,15,,,,
2019-09-26,26,26,26,26,,,,
2019-09-27,21,21,21,21,,,,
2019-09-30,17,17,17,17,,,,
2019-10-01,45,45,45,45,,,,
2019-10-02,78,78,78,78,,,,
2019-10-03,75,75,75,75,,,,
2019-10-04,25,25,25,25,,,,
2019-10-07,25,25,25,25,,,,
2019-10-08,73,73,73,73,,,,
2019-10-09,56,56,56,56,,,,
2019-10-10,36,36,36,36,,,,
2019-10-11,9,9,9,9,,,,
2019-10-14,30,30,30,30,,,,
2019-10-15,17,17,17,17,,,,
2019-10-16,20,20,20,20,,,,
2019-10-17,20,20,20,20,,,,
2019-10-18,25,25,25,25,,,,
2019-10-21,23,23,23,23,,,,
2019-10-22,19,19,19,19,,,,
2019-10-23,15,15,15,15,,,,
2019-10-24,18,18,18,18,,,,
2019-10-25,19,19,19,19,,,,
2019-10-28,13,13,13,13,,,,
2019-10-29,27,27,27,27,,,,
2019-10-30,33,33,33,33,,,,
2019-10-31,52,52,52,52,,,,
2019-11-01,17,17,17,17,,,,
2019-11-04,7,7,7,7,,,,
2019-11-05,15,15,15,15,,,,
2019-11-06,18,18,18,18,,,,
2019-11-07,26,26,26,26,,,,
2019-11-08,26,26,26,26,,,,
2019-11-11,37,37,37,37,,,,
2019-11-12,40,40,40,40,,,,
2019-11-13,46,46,46,46,,,,
2019-11-14,46,46,46,46,,,,
2019-11-15,35,35,35,35,,,,
2019-11-18,45,45,45,45,,,,
2019-11-19,54,54,54,54,,,,
2019-11-20,50,50,50,50,,,,
2019-11-21,43,43,43,43,,,,
2019-11-22,18,18,18,18,,,,
2019-11-25,8,8,8,8,,,,
2019-11-26,13,13,13,13,,,,
2019-11-27,11,11,11,11,,,,
2019-11-29,18,18,18,18,,,,
2019-12-02,27,27,27,27,,,,
2019-12-03,43,43,43,43,,,,
2019-12-04,8,8,8,8,,,,
2019-12-05,11,11,11,11,,,,
2019-12-06,8,8,8,8,,,,
2019-12-09,7,7,7,7,,,,
2019-12-10,12,12,12,12,,,,
2019-12-11,7,7,7,7,,,,
2019-12-12,8,8,8,8,,,,
2019-12-13,8,8,8,8,,,,
2019-12-16,7,7,7,7,,,,
2019-12-17,4,4,4,4,,,,
2019-12-18,3,3,3,3,,,,
2019-12-19,8,8,8,8,,,,
2019-12-20,3,3,3,3,,,,
2019-12-23,8,8,8,8,,,,
2019-12-24,1,1,1,1,,,,
2019-12-26,3,3,3,3,,,,
2019-12-27,2,2,2,2,,,,
2019-12-30,3,3,3,3,,,,
2019-12-31,6,6,6,6,,,,
2020-01-02,2,2,2,2,,,,
2020-01-03,7,7,7,7,,,,
2020-01-06,5,5,5,5,,,,
2020-01-07,8,8,8,8,,,,
2020-01-08,8,8,8,8,,,,
2020-01-09,10,10,10,10,,,,
2020-01-10,14,14,14,14,,,,
2020-01-13,18,18,18,18,,,,
2020-01-14,6,6,6,6,,,,
2020-01-15,6,6,6,6,,,,
2020-01-16,5,5,5,5,,,,
2020-01-17,7,7,7,7,,,,
2020-01-21,24,24,24,24,,,,
2020-01-22,22,22,22,22,,,,
2020-01-23,37,37,37,37,,,,
2020-01-24,44,44,44,44,,,,
2020-01-27,72,72,72,72,,,,
2020-01-28,42,42,42,42,,,,
2020-01-29,48,48,48,48,,,,
2020-01-30,87,87,87,87,,,,
2020-01-31,102,102,102,102,,,,
2020-02-03,73,73,73,73,,,,
2020-02-04,35,35,35,35,,,,
2020-02-05,13,13,13,13,,,,
2020-02-06,24,24,24,24,,,,
2020-02-07,48,48,48,48,,,,
2020-02-10,73,73,73,73,,,,
2020-02-11,38,38,38,38,,,,
2020-02-12,20,20,20,20,,,,
2020-02-13,36,36,36,36,,,,
2020-02-14,50,50,50,50,,,,
2020-02-18,65,65,65,65,,,,
2020-02-19,49,49,49,49,,,,
2020-02-20,57,57,57,57,,,,
2020-02-21,76,76,76,76,,,,
2020-02-24,187,187,187,187,,,,
2020-02-25,268,268,268,268,,,,
2020-02-26,266,266,266,266,,,,
2020-02-27,467,467,467,467,,,,
2020-02-28,534,534,534,534,,,,
2020-03-02,136,136,136,136,,,,
2020-03-03,144,144,144,144,,,,
2020-03-04,112,112,112,112,,,,
2020-03-05,323,323,323,323,,,,
2020-03-06,536,536,536,536,,,,
2020-03-09,906,906,906,906,,,,
2020-03-10,448,448,448,448,,,,
2020-03-11,645,645,645,645,,,,
2020-03-12,1231,1231,1231,1231,,,,
2020-03-13,440,440,440,440,,,,
2020-03-16,1145,1145,1145,1145,,,,
2020-03-17,833,833,833,833,,,,
2020-03-18,1073,1073,1073,1073,,,,
2020-03-19,458,458,458,458,,,,
2020-03-20,225,225,225,225,,,,
2020-03-23,537,537,537,537,,,,
2020-03-24,39,39,39,39,,,,
2020-03-25,33,33,33,33,,,,
2020-03-26,8,8,8,8,,,,
2020-03-27,19,19,19,19,,,,
2020-03-30,34,34,34,34,,,,
2020-03-31,10,10,10,10,,,,
2020-04-01,66,66,66,66,,,,
2020-04-02,78,78,78,78,,,,
2020-04-03,117,117,117,117,,,,
2020-04-06,8,8,8,8,,,,
2020-04-07,8,8,8,8,,,,
2020-04-08,1,1,1,1,,,,
2020-04-09,0.01,0.01,0.01,0.01,,,,
2020-04-13,4,4,4,4,,,,
2020-04-14,2,2,2,2,,,,
2020-04-15,8,8,8,8,,,,
2020-04-16,17,17,17,17,,,,
2020-04-17,3,3,3,3,,,,
2020-04-20,8,8,8,8,,,,
2020-04-21,20,20,20,20,,,,
2020-04-22,15,15,15,15,,,,
2020-04-23,12,12,12,12,,,,
2020-04-24,19,19,19,19,,,,
2020-04-27,6,6,6,6,,,,
2020-04-28,3,3,3,3,,,,
2020-04-29,3,3,3,3,,,,
2020-04-30,0.01,0.01,0.01,0.01,,,,
2020-05-01,2,2,2,2,,,,
2020-05-04,10,10,10,10,,,,
2020-05-05,5,5,5,5,,,,
2020-05-06,11,11,11,11,,,,
2020-05-07,10,10,10,10,,,,
2020-05-08,2,2,2,2,,,,
2020-05-11,10,10,10,10,,,,
2020-05-12,19,19,19,19,,,,
2020-05-13,50,50,50,50,,,,
2020-05-14,82,82,82,82,,,,
2020-05-15,9,9,9,9,,,,
2020-05-18,0.01,0.01,0.01,0.01,,,,
2020-05-19,2,2,2,2,,,,
2020-05-20,0.01,0.01,0.01,0.01,,,,
2020-05-21,1,1,1,1,,,,
2020-05-22,6,6,6,6,,,,
2020-05-26,0.01,0.01,0.01,0.01,,,,
2020-05-27,1,1,1,1,,,,
2020-05-28,0.01,0.01,0.01,0.01,,,,
2020-05-29,7,7,7,7,,,,
2020-06-01,1,1,1,1,,,,
2020-06-02,0.01,0.01,0.01,0.01,,,,
2020-06-03,0.01,0.01,0.01,0.01,,,,
2020-06-04,0.01,0.01,0.01,0.01,,,,
2020-06-05,0.01,0.01,0.01,0.01,,,,
2020-06-08,1,1,1,1,,,,
2020-06-09,0.01,0.01,0.01,0.01,,,,
2020-06-10,0.01,0.01,0.01,0.01,,,,
2020-06-11,0.01,0.01,0.01,0.01,,,,
2020-06-12,1,1,1,1,,,,
2020-06-15,1,1,1,1,,,,
2020-06-16,0.01,0.01,0.01,0.01,,,,
2020-06-17,0.01,0.01,0.01,0.01,,,,
2020-06-18,1,1,1,1,,,,
2020-06-19,3,3,3,3,,,,
2020-06-22,3,3,3,3,,,,
2020-06-23,3,3,3,3,,,,
2020-06-24,8,8,8,8,,,,
2020-06-25,8,8,8,8,,,,
2020-06-26,11,11,11,11,,,,
2020-06-29,1,1,1,1,,,,
2020-06-30,3,3,3,3,,,,
2020-07-01,0.01,0.01,0.01,0.01,,,,
2020-07-02,1,1,1,1,,,,
2020-07-06,1,1,1,1,,,,
2020-07-07,2,2,2,2,,,,
2020-07-08,4,4,4,4,,,,
2020-07-09,7,7,7,7,,,,
2020-07-10,1,1,1,1,,,,
2020-07-13,4,4,4,4,,,,
2020-07-14,8,8,8,8,,,,
2020-07-15,0.01,0.01,0.01,0.01,,,,
2020-07-16,1,1,1,1,,,,
2020-07-17,0.01,0.01,0.01,0.01,,,,
2020-07-20,4,4,4,4,,,,
2020-07-21,1,1,1,1,,,,
2020-07-22,3,3,3,3,,,,
2020-07-23,3,3,3,3,,,,
2020-07-24,3,3,3,3,,,,
2020-07-27,4,4,4,4,,,,
2020-07-28,4,4,4,4,,,,
2020-07-29,5,5,5,5,,,,
2020-07-30,4,4,4,4,,,,
2020-07-31,5,5,5,5,,,,
2020-08-03,8,8,8,8,,,,
2020-08-04,4,4,4,4,,,,
2020-08-05,2,2,2,2,,,,
2020-08-06,1,1,1,1,,,,
2020-08-07,4,4,4,4,,,,
2020-08-10,1,1,1,1,,,,
2020-08-11,1,1,1,1,,,,
2020-08-12,0.01,0.01,0.01,0.01,,,,
2020-08-13,0.01,0.01,0.01,0.01,,,,
2020-08-14,2,2,2,2,,,,
2020-08-17,2,2,2,2,,,,
2020-08-18,2,2,2,2,,,,
2020-08-19,4,4,4,4,,,,
2020-08-20,6,6,6,6,,,,
2020-08-21,7,7,7,7,,,,
2020-08-24,5,5,5,5,,,,
2020-08-25,5,5,5,5,,,,
2020-08-26,7,7,7,7,,,,
2020-08-27,7,7,7,7,,,,
2020-08-28,6,6,6,6,,,,
2020-08-31,6,6,6,6,,,,
2020-09-01,10,10,10,10,,,,
2020-09-02,8,8,8,8,,,,
2020-09-03,7,7,7,7,,,,
2020-09-04,11,11,11,11,,,,
2020-09-08,15,15,15,15,,,,
2020-09-09,14,14,14,14,,,,
2020-09-10,16,16,16,16,,,,
2020-09-11,11,11,11,11,,,,
2020-09-14,4,4,4,4,,,,
2020-09-15,5,5,5,5,,,,
2020-09-16,4,4,4,4,,,,
2020-09-17,6,6,6,6,,,,
2020-09-18,14,14,14,14,,,,
2020-09-21,28,28,28,28,,,,
2020-09-22,16,16,16,16,,,,
2020-09-23,39,39,39,39,,,,
2020-09-24,44,44,44,44,,,,
2020-09-25,16,16,16,16,,,,
2020-09-28,3,3,3,3,,,,
2020-09-29,10,10,10,10,,,,
2020-09-30,3,3,3,3,,,,
2020-10-01,11,11,11,11,,,,
2020-10-02,13,13,13,13,,,,
2020-10-05,3,3,3,3,,,,
2020-10-06,3,3,3,3,,,,
2020-10-07,6,6,6,6,,,,
2020-10-08,2,2,2,2,,,,
2020-10-09,2,2,2,2,,,,
2020-10-12,2,2,2,2,,,,
2020-10-13,1,1,1,1,,,,
2020-10-14,7,7,7,7,,,,
2020-10-15,10,10,10,10,,,,
2020-10-16,6,6,6,6,,,,
2020-10-19,9,9,9,9,,,,
2020-10-20,4,4,4,4,,,,
2020-10-21,9,9,9,9,,,,
2020-10-22,12,12,12,12,,,,
2020-10-23,4,4,4,4,,,,
2020-10-26,15,15,15,15,,,,
2020-10-27,15,15,15,15,,,,
2020-10-28,51,51,51,51,,,,
2020-10-29,58,58,58,58,,,,
2020-10-30,20,20,20,20,,,,
2020-11-02,6,6,6,6,,,,
2020-11-03,3,3,3,3,,,,
2020-11-04,6,6,6,6,,,,
2020-11-05,8,8,8,8,,,,
2020-11-06,7,7,7,7,,,,
2020-11-09,3,3,3,3,,,,
2020-11-10,4,4,4,4,,,,
2020-11-11,1,1,1,1,,,,
2020-11-12,1,1,1,1,,,,
2020-11-13,1,1,1,1,,,,
2020-11-16,0.01,0.01,0.01,0.01,,,,
2020-11-17,0.01,0.01,0.01,0.01,,,,
2020-11-18,1,1,1,1,,,,
2020-11-19,1,1,1,1,,,,
2020-11-20,1,1,1,1,,,,
2020-11-23,1,1,1,1,,,,
2020-11-24,0.01,0.01,0.01,0.01,,,,
2020-11-25,0.01,0.01,0.01,0.01,,,,
2020-11-27,0.01,0.01,0.01,0.01,,,,
2020-11-30,1,1,1,1,,,,
2020-12-01,1,1,1,1,,,,
2020-12-02,1,1,1,1,,,,
2020-12-03,0.01,0.01,0.01,0.01,,,,
2020-12-04,1,1,1,1,,,,
2020-12-07,1,1,1,1,,,,
2020-12-08,1,1,1,1,,,,
2020-12-09,1,1,1,1,,,,
2020-12-10,2,2,2,2,,,,
2020-12-11,1,1,1,1,,,,
2020-12-14,1,1,1,1,,,,
2020-12-15,2,2,2,2,,,,
2020-12-16,4,4,4,4,,,,
2020-12-17,5,5,5,5,,,,
2020-12-18,1,1,1,1,,,,
2020-12-21,3,3,3,3,,,,
2020-12-22,1,1,1,1,,,,
2020-12-23,0.01,0.01,0.01,0.01,,,,
2020-12-24,1,1,1,1,,,,
2020-12-28,1,1,1,1,,,,
2020-12-29,1,1,1,1,,,,
2020-12-30,0.01,0.01,0.01,0.01,,,,
2020-12-31,2,2,2,2,,,,
2021-01-04,3,3,3,3,,,,
2021-01-05,3,3,3,3,,,,
2021-01-06,1,1,1,1,,,,
2021-01-07,1,1,1,1,,,,
2021-01-08,0.01,0.01,0.01,0.01,,,,
2021-01-11,0.01,0.01,0.01,0.01,,,,
2021-01-12,0.01,0.01,0.01,0.01,,,,
2021-01-13,0.01,0.01,0.01,0.01,,,,
2021-01-14,0.01,0.01,0.01,0.01,,,,
2021-01-15,1,1,1,1,,,,
2021-01-19,0.01,0.01,0.01,0.01,,,,
2021-01-20,1,1,1,1,,,,
2021-01-21,0.01,0.01,0.01,0.01,,,,
2021-01-22,1,1,1,1,,,,
2021-01-25,1,1,1,1,,,,
2021-01-26,1,1,1,1,,,,
2021-01-27,0.01,0.01,0.01,0.01,,,,
2021-01-28,0.01,0.01,0.01,0.01,,,,
2021-01-29,0.01,0.01,0.01,0.01,,,,
2021-02-01,0.01,0.01,0.01,0.01,,,,
2021-02-02,0.01,0.01,0.01,0.01,,,,
2021-02-03,0.01,0.01,0.01,0.01,,,,
2021-02-04,0.01,0.01,0.01,0.01,,,,
2021-02-05,0.01,0.01,0.01,0.01,,,,
2021-02-08,0.01,0.01,0.01,0.01,,,,
2021-02-09,0.01,0.01,0.01,0.01,,,,
2021-02-10,0.01,0.01,0.01,0.01,,,,
2021-02-11,0.01,0.01,0.01,0.01,,,,
2021-02-12,0.01,0.01,0.01,0.01,,,,
2021-02-16,0.01,0.01,0.01,0.01,,,,
2021-02-17,0.01,0.01,0.01,0.01,,,,
2021-02-18,1,1,1,1,,,,
2021-02-19,2,2,2,2,,,,
2021-02-22,3,3,3,3,,,,
2021-02-23,2,2,2,2,,,,
2021-02-24,1,1,1,1,,,,
2021-02-25,0.01,0.01,0.01,0.01,,,,
2021-02-26,4,4,4,4,,,,
2021-03-01,0.01,0.01,0.01,0.01,,,,
2021-03-02,3,3,3,3,,,,
2021-03-03,3,3,3,3,,,,
2021-03-04,4,4,4,4,,,,
2021-03-05,5,5,5,5,,,,
2021-03-08,3,3,3,3,,,,
2021-03-09,0.01,0.01,0.01,0.01,,,,
2021-03-10,2,2,2,2,,,,
2021-03-11,0.01,0.01,0.01,0.01,,,,
2021-03-12,0.01,0.01,0.01,0.01,,,,
2021-03-15,0.01,0.01,0.01,0.01,,,,
2021-03-16,0.01,0.01,0.01,0.01,,,,
2021-03-17,1,1,1,1,,,,
2021-03-18,0.01,0.01,0.01,0.01,,,,
2021-03-19,1,1,1,1,,,,
2021-03-22,0.01,0.01,0.01,0.01,,,,
2021-03-23,0.01,0.01,0.01,0.01,,,,
2021-03-24,1,1,1,1,,,,
2021-03-25,2,2,2,2,,,,
2021-03-26,3,3,3,3,,,,
2021-03-29,4,4,4,4,,,,
2021-03-30,2,2,2,2,,,,
2021-03-31,1,1,1,1,,,,
2021-04-01,2,2,2,2,,,,
2021-04-05,2,2,2,2,,,,
2021-04-06,1,1,1,1,,,,
2021-04-07,1,1,1,1,,,,
2021-04-08,1,1,1,1,,,,
2021-04-09,4,4,4,4,,,,
2021-04-12,6,6,6,6,,,,
2021-04-13,5,5,5,5,,,,
2021-04-14,4,4,4,4,,,,
2021-04-15,8,8,8,8,,,,
2021-04-16,8,8,8,8,,,,
2021-04-19,9,9,9,9,,,,
2021-04-20,10,10,10,10,,,,
2021-04-21,7,7,7,7,,,,
2021-04-22,0.01,0.01,0.01,0.01,,,,
2021-04-23,1,1,1,1,,,,
2021-04-26,1,1,1,1,,,,
2021-04-27,2,2,2,2,,,,
2021-04-28,1,1,1,1,,,,
2021-04-29,1,1,1,1,,,,
2021-04-30,7,7,7,7,,,,
2021-05-03,4,4,4,4,,,,
2021-05-04,6,6,6,6,,,,
2021-05-05,6,6,6,6,,,,
2021-05-06,7,7,7,7,,,,
2021-05-07,5,5,5,5,,,,
2021-05-10,7,7,7,7,,,,
2021-05-11,17,17,17,17,,,,
2021-05-12,11,11,11,11,,,,
2021-05-13,20,20,20,20,,,,
2021-05-14,3,3,3,3,,,,
2021-05-17,4,4,4,4,,,,
2021-05-18,4,4,4,4,,,,
2021-05-19,12,12,12,12,,,,
2021-05-20,6,6,6,6,,,,
2021-05-21,4,4,4,4,,,,
2021-05-24,9,9,9,9,,,,
2021-05-25,9,9,9,9,,,,
2021-05-26,7,7,7,7,,,,
2021-05-27,6,6,6,6,,,,
2021-05-28,5,5,5,5,,,,
2021-06-01,6,6,6,6,,,,
2021-06-02,0.01,0.01,0.01,0.01,,,,
2021-06-03,8,8,8,8,,,,
2021-06-04,5,5,5,5,,,,
2021-06-07,6,6,6,6,,,,
2021-06-08,4,4,4,4,,,,
2021-06-09,1,1,1,1,,,,
2021-06-10,0.01,0.01,0.01,0.01,,,,
2021-06-11,2,2,2,2,,,,
2021-06-14,4,4,4,4,,,,
2021-06-15,5,5,5,5,,,,
2021-06-16,8,8,8,8,,,,
2021-06-17,10,10,10,10,,,,
2021-06-18,9,9,9,9,,,,
2021-06-21,6,6,6,6,,,,
2021-06-22,5,5,5,5,,,,
2021-06-23,1,1,1,1,,,,
2021-06-24,4,4,4,4,,,,
2021-06-25,3,3,3,3,,,,
2021-06-28,6,6,6,6,,,,
2021-06-29,2,2,2,2,,,,
2021-06-30,3,3,3,3,,,,
2021-07-01,3,3,3,3,,,,
2021-07-02,5,5,5,5,,,,
2021-07-06,11,11,11,11,,,,
2021-07-07,16,16,16,16,,,,
2021-07-08,20,20,20,20,,,,
2021-07-09,1,1,1,1,,,,
2021-07-12,5,5,5,5,,,,
2021-07-13,4,4,4,4,,,,
2021-07-14,8,8,8,8,,,,
2021-07-15,10,10,10,10,,,,
2021-07-16,9,9,9,9,,,,
2021-07-19,30,30,30,30,,,,
2021-07-20,11,11,11,11,,,,
2021-07-21,5,5,5,5,,,,
2021-07-22,8,8,8,8,,,,
2021-07-23,18,18,18,18,,,,
2021-07-26,17,17,17,17,,,,
2021-07-27,24,24,24,24,,,,
2021-07-28,10,10,10,10,,,,
2021-07-29,7,7,7,7,,,,
2021-07-30,14,14,14,14,,,,
2021-08-02,8,8,8,8,,,,
2021-08-03,15,15,15,15,,,,
2021-08-04,16,16,16,16,,,,
2021-08-05,17,17,17,17,,,,
2021-08-06,15,15,15,15,,,,
2021-08-09,14,14,14,14,,,,
2021-08-10,20,20,20,20,,,,
2021-08-11,9,9,9,9,,,,
2021-08-12,18,18,18,18,,,,
2021-08-13,14,14,14,14,,,,
2021-08-16,30,30,30,30,,,,
2021-08-17,38,38,38,38,,,,
2021-08-18,26,26,26,26,,,,
2021-08-19,41,41,41,41,,,,
2021-08-20,28,28,28,28,,,,
2021-08-23,10,10,10,10,,,,
2021-08-24,6,6,6,6,,,,
2021-08-25,5,5,5,5,,,,
2021-08-26,10,10,10,10,,,,
2021-08-27,7,7,7,7,,,,
2021-08-30,5,5,5,5,,,,
2021-08-31,3,3,3,3,,,,
2021-09-01,2,2,2,2,,,,
2021-09-02,4,4,4,4,,,,
2021-09-03,8,8,8,8,,,,
2021-09-07,13,13,13,13,,,,
2021-09-08,14,14,14,14,,,,
2021-09-09,12,12,12,12,,,,
2021-09-10,14,14,14,14,,,,
2021-09-13,9,9,9,9,,,,
2021-09-14,20,20,20,20,,,,
2021-09-15,26,26,26,26,,,,
2021-09-16,29,29,29,29,,,,
2021-09-17,19,19,19,19,,,,
2021-09-20,35,35,35,35,,,,
2021-09-21,17,17,17,17,,,,
2021-09-22,6,6,6,6,,,,
2021-09-23,16,16,15,15,,,,
2021-09-24,20,20,20,20,,,,
2021-09-27,20,20,20,20,,,,
2021-09-28,31,31,31,31,,,,
2021-09-29,34,34,34,34,,,,
2021-09-30,27,27,27,27,,,,
2021-10-01,29,29,29,29,,,,
2021-10-04,31,32,31,32,,,,
2021-10-05,30,30,30,30,,,,
2021-10-06,38,38,38,38,,,,
2021-10-07,10,10,10,10,,,,
2021-10-08,19,19,19,19,,,,
2021-10-11,25,25,25,25,,,,
2021-10-12,23,23,23,23,,,,
2021-10-13,10,10,10,10,,,,
2021-10-14,3,3,3,3,,,,
2021-10-15,10,10,10,10,,,,
2021-10-18,12,12,12,12,,,,
2021-10-19,7,7,7,7,,,,
2021-10-20,3,3,3,3,,,,
2021-10-21,2,2,2,2,,,,
2021-10-22,10,10,10,10,,,,
2021-10-25,8,8,8,8,,,,
2021-10-26,9,9,9,9,,,,
2021-10-27,24,24,24,24,,,,
2021-10-28,24,24,24,24,,,,
2021-10-29,26,26,26,26,,,,
2021-11-01,6,6,6,6,,,,
2021-11-02,17,17,17,17,,,,
2021-11-03,8,8,8,8,,,,
2021-11-04,17,17,17,17,,,,
2021-11-05,13,13,13,13,,,,
2021-11-08,7,7,7,7,,,,
2021-11-09,9,9,9,9,,,,
2021-11-10,15,15,15,15,,,,
2021-11-11,24,24,24,24,,,,
2021-11-12,19,19,19,19,,,,
2021-11-15,17,17,17,17,,,,
2021-11-16,20,20,20,20,,,,
2021-11-17,32,32,32,32,,,,
2021-11-18,39,39,39,39,,,,
2021-11-19,45,45,45,45,,,,
2021-11-22,55,55,55,55,,,,
2021-11-23,62,62,62,62,,,,
2021-11-24,34,34,34,34,,,,
2021-11-26,72,72,72,72,,,,
2021-11-29,67,67,67,67,,,,
2021-11-30,116,116,116,116,,,,
2021-12-01,104,104,104,104,,,,
2021-12-02,85,85,85,85,,,,
2021-12-03,85,85,85,85,,,,
2021-12-06,59,59,59,59,,,,
2021-12-07,4,4,4,4,,,,
2021-12-08,1,1,1,1,,,,
2021-12-09,18,18,18,18,,,,
2021-12-10,26,26,26,26,,,,
2021-12-13,57,57,57,57,,,,
2021-12-14,59,59,59,59,,,,
2021-12-15,110,110,110,110,,,,
2021-12-16,27,27,27,27,,,,
2021-12-17,75,75,75,75,,,,
2021-12-20,117,117,117,117,,,,
2021-12-21,15,15,15,15,,,,
2021-12-22,14,14,14,14,,,,
2021-12-23,5,5,5,5,,,,
2021-12-27,5,5,5,5,,,,
2021-12-28,12,12,12,12,,,,
2021-12-29,28,28,28,28,,,,
2021-12-30,13,13,13,13,,,,
2021-12-31,10,10,10,10,,,,
2022-01-03,7,7,7,7,,,,
2022-01-04,20,20,20,20,,,,
2022-01-05,45,45,45,45,,,,
2022-01-06,71,71,71,71,,,,
2022-01-07,39,39,39,39,,,,
2022-01-10,78,78,78,78,,,,
2022-01-11,13,13,13,13,,,,
2022-01-12,15,15,15,15,,,,
2022-01-13,35,35,35,35,,,,
2022-01-14,71,71,70,70,,,,
2022-01-18,92,92,92,92,,,,
2022-01-19,89,89,89,89,,,,
2022-01-20,78,78,78,78,,,,
2022-01-21,161,161,161,161,,,,
2022-01-24,230,230,230,230,,,,
2022-01-25,23,23,23,23,,,,
2022-01-26,55,55,55,55,,,,
2022-01-27,128,128,128,128,,,,
2022-01-28,179,179,179,179,,,,
2022-01-31,4,4,4,4,,,,
2022-02-01,9,9,9,9,,,,
2022-02-02,9,9,9,9,,,,
2022-02-03,30,30,30,30,,,,
2022-02-04,69,69,69,69,,,,
2022-02-07,20,20,20,20,,,,
2022-02-08,19,19,19,19,,,,
2022-02-09,11,11,10,10,,,,
2022-02-10,19,19,19,19,,,,
2022-02-11,38,39,38,39,,,,
2022-02-14,52,52,52,52,,,,
2022-02-15,15,15,15,15,,,,
2022-02-16,21,21,21,21,,,,
2022-02-17,57,57,57,57,,,,
2022-02-18,84,84,84,84,,,,
2022-02-22,128,128,128,128,,,,
2022-02-23,152,152,152,152,,,,
2022-02-24,288,288,288,288,,,,
2022-02-25,19,19,17,17,,,,
2022-02-28,20,20,20,20,,,,
2022-03-01,57,57,57,57,,,,
2022-03-02,22,22,22,22,,,,
2022-03-03,47,47,47,47,,,,
2022-03-04,127,127,127,127,,,,
2022-03-07,223,223,223,223,,,,
2022-03-08,217,217,217,217,,,,
2022-03-09,10,10,10,10,,,,
2022-03-10,50,50,50,50,,,,
2022-03-11,87,87,87,87,,,,
2022-03-14,149,149,149,149,,,,
2022-03-15,81,81,81,81,,,,
2022-03-16,13,13,13,13,,,,
2022-03-17,5,5,5,5,,,,
2022-03-18,7,7,7,7,,,,
2022-03-21,5,5,5,5,,,,
2022-03-22,1,1,1,1,,,,
2022-03-23,12,12,12,12,,,,
2022-03-24,17,17,17,17,,,,
2022-03-25,18,18,18,18,,,,
2022-03-28,29,29,29,29,,,,
2022-03-29,2,2,2,2,,,,
2022-03-30,7,7,7,7,,,,
2022-03-31,34,34,34,34,,,,
2022-04-01,45,45,45,45,,,,
2022-04-04,26,26,26,26,,,,
2022-04-05,56,56,55,55,,,,
2022-04-06,122,122,122,122,,,,
2022-04-07,138,138,138,138,,,,
2022-04-08,56,56,56,56,,,,
2022-04-11,65,65,65,65,,,,
2022-04-12,46,46,46,46,,,,
2022-04-13,35,35,35,35,,,,
2022-04-14,35,35,35,35,,,,
2022-04-18,78,78,78,78,,,,
2022-04-19,38,38,38,38,,,,
2022-04-20,29,29,29,29,,,,
2022-04-21,59,59,59,59,,,,
2022-04-22,104,104,104,104,,,,
2022-04-25,182,182,182,182,,,,
2022-04-26,192,192,192,192,,,,
2022-04-27,203,203,203,203,,,,
2022-04-28,188,188,188,188,,,,
2022-04-29,119,119,119,119,,,,
2022-05-02,214,214,214,214,,,,
2022-05-03,48,48,48,48,,,,
2022-05-04,92,92,92,92,,,,
2022-05-05,135,135,135,135,,,,
2022-05-06,240,240,240,240,,,,
2022-05-09,380,380,380,380,,,,
2022-05-10,437,437,435,435,,,,
2022-05-11,329,329,329,329,,,,
2022-05-12,452,452,452,452,,,,
2022-05-13,18,18,18,18,,,,
2022-05-16,31,31,31,31,,,,
2022-05-17,17,17,17,17,,,,
2022-05-18,93,93,93,93,,,,
2022-05-19,139,139,139,139,,,,
2022-05-20,188,188,188,188,,,,
2022-05-23,34,34,34,34,,,,
2022-05-24,163,163,163,163,,,,
2022-05-25,41,41,41,41,,,,
2022-05-26,19,19,19,19,,,,
2022-05-27,11,11,10,10,,,,
2022-05-31,7,7,7,7,,,,
2022-06-01,21,21,21,21,,,,
2022-06-02,14,14,14,14,,,,
2022-06-03,10,10,10,10,,,,
2022-06-06,14,14,14,14,,,,
2022-06-07,19,19,19,19,,,,
2022-06-08,16,16,16,16,,,,
2022-06-09,60,60,60,60,,,,
2022-06-10,151,151,151,151,,,,
2022-06-13,427,427,427,427,,,,
2022-06-14,421,421,421,421,,,,
2022-06-15,155,155,155,155,,,,
2022-06-16,596,596,596,596,,,,
2022-06-17,295,295,294,294,,,,
2022-06-21,62,62,62,62,,,,
2022-06-22,150,150,150,150,,,,
2022-06-23,170,170,170,170,,,,
2022-06-24,21,21,21,21,,,,
2022-06-27,14,14,14,14,,,,
2022-06-28,29,29,29,29,,,,
2022-06-29,100,100,100,100,,,,
2022-06-30,193,193,193,193,,,,
2022-07-01,112,112,112,112,,,,
2022-07-05,219,219,219,219,,,,
2022-07-06,117,117,116,116,,,,
2022-07-07,17,17,17,17,,,,
2022-07-08,24,24,23,23,,,,
2022-07-11,82,82,82,82,,,,
2022-07-12,99,99,99,99,,,,
2022-07-13,125,125,125,125,,,,
2022-07-14,265,265,265,265,,,,
2022-07-15,48,48,48,48,,,,
2022-07-18,13,13,13,13,,,,
2022-07-19,7,7,7,7,,,,
2022-07-20,9,9,9,9,,,,
2022-07-21,19,19,19,19,,,,
2022-07-22,20,20,20,20,,,,
2022-07-25,26,26,26,26,,,,
2022-07-26,30,30,30,30,,,,
2022-07-27,22,22,22,22,,,,
2022-07-28,25,25,25,25,,,,
2022-07-29,20,20,20,20,,,,
2022-08-01,25,25,24,24,,,,
2022-08-02,18,18,18,18,,,,
2022-08-03,21,21,21,21,,,,
2022-08-04,25,25,25,25,,,,
2022-08-05,26,26,26,26,,,,
2022-08-08,4,4,4,4,,,,
2022-08-09,27,27,27,27,,,,
2022-08-10,13,13,13,13,,,,
2022-08-11,9,9,9,9,,,,
2022-08-12,7,7,7,7,,,,
2022-08-15,7,7,7,7,,,,
2022-08-16,6,6,6,6,,,,
2022-08-17,17,17,17,17,,,,
2022-08-18,18,18,18,18,,,,
2022-08-19,29,29,29,29,,,,
2022-08-22,49,49,49,49,,,,
2022-08-23,32,32,32,32,,,,
2022-08-24,45,45,45,45,,,,
2022-08-25,17,17,17,17,,,,
2022-08-26,71,71,71,71,,,,
2022-08-29,94,94,94,94,,,,
2022-08-30,104,104,103,103,,,,
2022-08-31,110,110,110,110,,,,
2022-09-01,184,184,184,184,,,,
2022-09-02,66,66,66,66,,,,
2022-09-06,146,146,146,146,,,,
2022-09-07,90,90,90,90,,,,
2022-09-08,46,46,46,46,,,,
2022-09-09,5,5,5,5,,,,
2022-09-12,3,3,3,3,,,,
2022-09-13,51,51,51,51,,,,
2022-09-14,104,104,104,104,,,,
2022-09-15,87,87,87,87,,,,
2022-09-16,201,202,201,202,,,,
2022-09-19,95,95,95,95,,,,
2022-09-20,180,180,179,179,,,,
2022-09-21,205,205,205,205,,,,
2022-09-22,368,368,368,368,,,,
2022-09-23,544,544,544,544,,,,
2022-09-26,492,492,492,492,,,,
2022-09-27,434,434,434,434,,,,
2022-09-28,146,146,146,146,,,,
2022-09-29,409,409,409,409,,,,
2022-09-30,229,229,229,229,,,,
2022-10-03,147,147,147,147,,,,
2022-10-04,3,3,3,3,,,,
2022-10-05,41,41,41,41,,,,
2022-10-06,89,89,89,89,,,,
2022-10-07,219,219,219,219,,,,
2022-10-10,198,198,198,198,,,,
2022-10-11,287,287,287,287,,,,
2022-10-12,173,173,173,173,,,,
2022-10-13,366,366,366,366,,,,
2022-10-14,38,38,38,38,,,,
2022-10-17,10,10,10,10,,,,
2022-10-18,7,7,7,7,,,,
2022-10-19,66,66,66,66,,,,
2022-10-20,86,86,86,86,,,,
2022-10-21,110,110,110,110,,,,
2022-10-24,54,54,54,54,,,,
2022-10-25,15,15,15,15,,,,
2022-10-26,12,12,12,12,,,,
2022-10-27,19,19,8,8,,,,
2022-10-28,22,22,17,17,,,,
2022-10-31,12,12,12,12,,,,
2022-11-01,14,14,14,14,,,,
2022-11-02,48,48,48,48,,,,
2022-11-03,113,113,113,113,,,,
2022-11-04,87,87,87,87,,,,
2022-11-07,51,51,51,51,,,,
2022-11-08,47,47,47,47,,,,
2022-11-09,75,75,75,75,,,,
2022-11-10,10,10,10,10,,,,
2022-11-11,6,6,6,6,,,,
2022-11-14,8,8,8,8,,,,
2022-11-15,6,6,6,6,,,,
2022-11-16,18,18,18,18,,,,
2022-11-17,30,30,30,30,,,,
2022-11-18,13,13,13,13,,,,
2022-11-21,22,22,22,22,,,,
2022-11-22,27,27,27,27,,,,
2022-11-23,8,8,8,8,,,,
2022-11-25,8,8,8,8,,,,
2022-11-28,22,22,22,22,,,,
2022-11-29,25,25,25,25,,,,
2022-11-30,23,23,22,22,,,,
2022-12-01,5,5,5,5,,,,
2022-12-02,13,13,13,13,,,,
2022-12-05,23,23,23,23,,,,
2022-12-06,57,57,57,57,,,,
2022-12-07,50,50,50,50,,,,
2022-12-08,33,33,33,33,,,,
2022-12-09,29,29,28,28,,,,
2022-12-12,34,34,33,33,,,,
2022-12-13,16,16,16,16,,,,
2022-12-14,38,38,38,38,,,,
2022-12-15,67,67,66,66,,,,
2022-12-16,104,104,104,104,,,,
2022-12-19,96,96,96,96,,,,
2022-12-20,81,81,81,81,,,,
2022-12-21,30,30,30,30,,,,
2022-12-22,107,107,107,107,,,,
2022-12-23,28,28,28,28,,,,
2022-12-27,51,51,51,51,,,,
2022-12-28,79,79,79,79,,,,
2022-12-29,21,21,21,21,,,,
2022-12-30,12,12,12,12,,,,
2023-01-03,24,24,24,24,,,,
2023-01-04,7,7,7,7,,,,
2023-01-05,31,31,31,31,,,,
2023-01-06,16,16,16,16,,,,
2023-01-09,4,4,4,4,,,,
2023-01-10,3,3,3,3,,,,
2023-01-11,1,1,1,1,,,,
2023-01-12,3,3,3,3,,,,
2023-01-13,3,3,3,3,,,,
2023-01-17,4,4,4,4,,,,
2023-01-18,4,4,4,4,,,,
2023-01-19,11,11,11,11,,,,
2023-01-20,11,11,11,11,,,,
2023-01-23,3,3,3,3,,,,
2023-01-24,7,13,7,13,,,,
2023-01-25,8,8,8,8,,,,
2023-01-26,5,5,5,5,,,,
2023-01-27,2,2,2,2,,,,
2023-01-30,4,4,4,4,,,,
2023-01-31,1,1,1,1,,,,
2023-02-01,1,1,1,1,,,,
2023-02-02,2,2,2,2,,,,
2023-02-03,1,1,1,1,,,,
2023-02-06,4,4,4,4,,,,
2023-02-07,6,6,6,6,,,,
2023-02-08,3,3,3,3,,,,
2023-02-09,2,2,2,2,,,,
2023-02-10,7,7,7,7,,,,
2023-02-13,5,5,5,5,,,,
2023-02-14,4,4,4,4,,,,
2023-02-15,3,3,3,3,,,,
2023-02-16,6,6,6,6,,,,
2023-02-17,4,4,4,4,,,,
2023-02-21,17,17,17,17,,,,
2023-02-22,21,21,21,21,,,,
2023-02-23,16,16,16,16,,,,
2023-02-24,30,30,30,30,,,,
2023-02-27,17,17,17,17,,,,
2023-02-28,24,24,24,24,,,,
2023-03-01,35,35,35,35,,,,
2023-03-02,36,36,36,36,,,,
2023-03-03,10,10,10,10,,,,
2023-03-06,12,12,12,12,,,,
2023-03-07,35,35,35,35,,,,
2023-03-08,37,37,37,37,,,,
2023-03-09,66,66,66,66,,,,
2023-03-10,129,129,129,129,,,,
2023-03-13,183,183,183,183,,,,
2023-03-14,62,62,62,62,,,,
2023-03-15,160,160,160,160,,,,
2023-03-16,105,105,105,105,,,,
2023-03-17,114,115,114,115,,,,
2023-03-20,44,44,44,44,,,,
2023-03-21,13,13,13,13,,,,
2023-03-22,59,59,59,59,,,,
2023-03-23,145,145,145,145,,,,
2023-03-24,169,169,169,169,,,,
2023-03-27,10,10,10,10,,,,
2023-03-28,11,11,11,11,,,,
2023-03-29,9,9,9,9,,,,
2023-03-30,9,9,9,9,,,,
2023-03-31,3,3,3,3,,,,
2023-04-03,5,5,5,5,,,,
2023-04-04,23,23,23,23,,,,
2023-04-05,34,34,34,34,,,,
2023-04-06,27,27,27,27,,,,
2023-04-10,20,20,20,20,,,,
2023-04-11,3,3,3,3,,,,
2023-04-12,10,10,10,10,,,,
2023-04-13,18,18,10,10,,,,
2023-04-14,28,28,28,28,,,,
2023-04-17,22,22,22,22,,,,
2023-04-18,19,19,19,19,,,,
2023-04-19,22,22,22,22,,,,
2023-04-20,18,18,18,18,,,,
2023-04-21,32,32,31,31,,,,
2023-04-24,23,23,23,23,,,,
2023-04-25,74,74,74,74,,,,
2023-04-26,75,75,74,74,,,,
2023-04-27,38,38,38,38,,,,
2023-04-28,13,13,13,13,,,,
2023-05-01,21,21,21,21,,,,
2023-05-02,107,107,107,107,,,,
2023-05-03,69,69,69,69,,,,
2023-05-04,155,155,155,155,,,,
2023-05-05,28,28,28,28,,,,
2023-05-08,26,26,26,26,,,,
2023-05-09,48,48,48,48,,,,
2023-05-10,42,42,42,42,,,,
2023-05-11,53,53,53,53,,,,
2023-05-12,67,67,67,67,,,,
2023-05-15,26,26,26,26,,,,
2023-05-16,64,64,63,63,,,,
2023-05-17,38,38,38,38,,,,
2023-05-18,26,26,26,26,,,,
2023-05-19,21,21,21,21,,,,
2023-05-22,18,18,18,18,,,,
2023-05-23,11,11,11,11,,,,
2023-05-24,43,43,43,43,,,,
2023-05-25,86,86,86,86,,,,
2023-05-26,48,49,48,49,,,,
2023-05-30,55,55,55,55,,,,
2023-05-31,85,85,85,85,,,,
2023-06-01,62,62,62,62,,,,
2023-06-02,5,5,5,5,,,,
2023-06-05,12,12,12,12,,,,
2023-06-06,11,11,11,11,,,,
2023-06-07,2,2,2,2,,,,
2023-06-08,5,5,5,5,,,,
2023-06-09,8,8,8,8,,,,
2023-06-12,5,5,5,5,,,,
2023-06-13,2,2,2,2,,,,
2023-06-14,9,9,9,9,,,,
2023-06-15,10,10,10,10,,,,
2023-06-16,5,5,5,5,,,,
2023-06-20,12,12,12,12,,,,
2023-06-21,17,17,17,17,,,,
2023-06-22,26,26,26,26,,,,
2023-06-23,37,37,37,37,,,,
2023-06-26,18,18,18,18,,,,
2023-06-27,18,18,18,18,,,,
2023-06-28,18,18,18,18,,,,
2023-06-29,10,10,10,10,,,,
2023-06-30,6,6,6,6,,,,
2023-07-03,3,3,3,3,,,,
2023-07-05,5,5,5,5,,,,
2023-07-06,18,18,18,18,,,,
2023-07-07,12,12,12,12,,,,
2023-07-10,15,15,15,15,,,,
2023-07-11,6,6,6,6,,,,
2023-07-12,6,6,6,6,,,,
2023-07-13,4,4,4,4,,,,
2023-07-14,15,15,15,15,,,,
2023-07-17,15,15,15,15,,,,
2023-07-18,9,9,9,9,,,,
2023-07-19,3,3,3,3,,,,
2023-07-20,6,6,6,6,,,,
2023-07-21,4,4,4,4,,,,
2023-07-24,5,5,5,5,,,,
2023-07-25,6,6,6,6,,,,
2023-07-26,5,5,5,5,,,,
2023-07-27,11,11,11,11,,,,
2023-07-28,8,8,8,8,,,,
2023-07-31,4,4,4,4,,,,
2023-08-01,11,11,10,10,,,,
2023-08-02,24,24,24,24,,,,
2023-08-03,29,29,29,29,,,,
2023-08-04,29,29,29,29,,,,
2023-08-07,23,23,23,23,,,,
2023-08-08,44,44,44,44,,,,
2023-08-09,23,23,23,23,,,,
2023-08-10,19,19,19,19,,,,
2023-08-11,22,22,22,22,,,,
2023-08-14,39,39,39,39,,,,
2023-08-15,59,59,59,59,,,,
2023-08-16,60,60,60,60,,,,
2023-08-17,57,57,57,57,,,,
2023-08-18,69,69,69,69,,,,
2023-08-21,58,58,58,58,,,,
2023-08-22,55,55,55,55,,,,
2023-08-23,39,39,39,39,,,,
2023-08-24,45,45,45,45,,,,
2023-08-25,39,39,39,39,,,,
2023-08-28,8,8,8,8,,,,
2023-08-29,11,11,11,11,,,,
2023-08-30,6,6,6,6,,,,
2023-08-31,9,9,9,9,,,,
2023-09-01,22,22,22,22,,,,
2023-09-05,67,67,67,67,,,,
2023-09-06,64,64,64,64,,,,
2023-09-07,77,77,77,77,,,,
2023-09-08,65,65,65,65,,,,
2023-09-11,44,44,44,44,,,,
2023-09-12,54,54,54,54,,,,
2023-09-13,46,46,46,46,,,,
2023-09-14,25,25,25,25,,,,
2023-09-15,42,42,42,42,,,,
2023-09-18,55,55,55,55,,,,
2023-09-19,54,54,54,54,,,,
2023-09-20,39,39,39,39,,,,
2023-09-21,117,117,117,117,,,,
2023-09-22,103,103,103,103,,,,
2023-09-25,130,131,130,131,,,,
2023-09-26,137,138,137,138,,,,
2023-09-27,151,151,151,151,,,,
2023-09-28,98,98,98,98,,,,
2023-09-29,43,43,43,43,,,,
2023-10-02,162,162,162,162,,,,
2023-10-03,228,228,228,228,,,,
2023-10-04,168,168,168,168,,,,
2023-10-05,121,121,121,121,,,,
2023-10-06,140,140,140,140,,,,
2023-10-09,62,63,62,63,,,,
2023-10-10,9,9,9,9,,,,
2023-10-11,32,32,32,32,,,,
2023-10-12,115,115,115,115,,,,
2023-10-13,98,98,98,98,,,,
2023-10-16,36,36,36,36,,,,
2023-10-17,22,22,21,21,,,,
2023-10-18,58,58,58,58,,,,
2023-10-19,99,99,99,99,,,,
2023-10-20,116,116,116,116,,,,
2023-10-23,185,185,185,185,,,,
2023-10-24,106,106,106,106,,,,
2023-10-25,193,193,193,193,,,,
2023-10-26,111,111,111,111,,,,
2023-10-27,187,187,187,187,,,,
2023-10-30,134,134,134,134,,,,
2023-10-31,67,67,67,67,,,,
2023-11-01,96,96,96,96,,,,
2023-11-02,35,35,35,35,,,,
2023-11-03,12,12,12,12,,,,
2023-11-06,13,13,13,13,,,,
2023-11-07,32,32,32,32,,,,
2023-11-08,39,39,39,39,,,,
2023-11-09,54,54,54,54,,,,
2023-11-10,67,67,67,67,,,,
2023-11-13,53,53,53,53,,,,
2023-11-14,5,5,5,5,,,,
2023-11-15,3,3,3,3,,,,
2023-11-16,9,9,9,9,,,,
2023-11-17,6,6,6,6,,,,
2023-11-20,3,3,3,3,,,,
2023-11-21,10,10,10,10,,,,
2023-11-22,12,12,12,12,,,,
2023-11-24,1,1,1,1,,,,
2023-11-27,11,11,11,11,,,,
2023-11-28,14,14,14,14,,,,
2023-11-29,11,11,11,11,,,,
2023-11-30,13,13,13,13,,,,
2023-12-01,5,5,5,5,,,,
2023-12-04,5,6,5,6,,,,
2023-12-05,11,11,11,11,,,,
2023-12-06,18,18,18,18,,,,
2023-12-07,19,19,19,19,,,,
2023-12-08,7,7,7,7,,,,
2023-12-11,15,15,15,15,,,,
2023-12-12,28,28,28,28,,,,
2023-12-13,16,16,16,16,,,,
2023-12-14,2,2,2,2,,,,
2023-12-15,5,6,5,6,,,,
2023-12-18,7,7,7,7,,,,
2023-12-19,4,4,4,4,,,,
2023-12-20,9,9,9,9,,,,
2023-12-21,11,11,11,11,,,,
2023-12-22,2,2,2,2,,,,
2023-12-26,3,3,3,3,,,,
2023-12-27,2,2,2,2,,,,
2023-12-28,4,4,4,4,,,,
2023-12-29,3,3,3,3,,,,
2024-01-02,3,3,3,3,,,,
2024-01-03,5,5,5,5,,,,
2024-01-04,5,5,5,5,,,,
2024-01-05,10,10,10,10,,,,
2024-01-08,8,8,8,8,,,,
2024-01-09,14,14,14,14,,,,
2024-01-10,20,20,20,20,,,,
2024-01-11,23,23,23,23,,,,
2024-01-12,16,16,16,16,,,,
2024-01-16,41,41,41,41,,,,
2024-01-17,59,59,59,59,,,,
2024-01-18,33,33,33,33,,,,
2024-01-19,28,28,28,28,,,,
2024-01-22,24,24,24,24,,,,
2024-01-23,5,5,5,5,,,,
2024-01-24,9,9,9,9,,,,
2024-01-25,10,10,10,10,,,,
2024-01-26,9,9,9,9,,,,
2024-01-29,12,12,12,12,,,,
2024-01-30,11,11,11,11,,,,
2024-01-31,18,18,18,18,,,,
2024-02-01,27,27,27,27,,,,
2024-02-02,38,38,38,38,,,,
2024-02-05,62,62,62,62,,,,
2024-02-06,34,34,34,34,,,,
2024-02-07,24,24,24,24,,,,
2024-02-08,22,22,22,22,,,,
2024-02-09,18,18,18,18,,,,
2024-02-12,7,7,7,7,,,,
2024-02-13,38,38,38,38,,,,
2024-02-14,26,26,26,26,,,,
2024-02-15,8,8,8,8,,,,
2024-02-16,9,9,9,9,,,,
2024-02-20,16,16,16,16,,,,
2024-02-21,22,22,22,22,,,,
2024-02-22,26,26,26,26,,,,
2024-02-23,30,30,30,30,,,,
2024-02-26,27,27,27,27,,,,
2024-02-27,15,15,15,15,,,,
2024-02-28,25,25,25,25,,,,
2024-02-29,15,15,15,15,,,,
2024-03-01,15,15,15,15,,,,
2024-03-04,31,31,31,31,,,,
2024-03-05,34,34,34,34,,,,
2024-03-06,25,25,25,25,,,,
2024-03-07,16,17,16,17,,,,
2024-03-08,10,10,10,10,,,,
2024-03-11,12,12,12,12,,,,
2024-03-12,15,15,15,15,,,,
2024-03-13,16,16,16,16,,,,
2024-03-14,31,31,31,31,,,,
2024-03-15,30,30,30,30,,,,
2024-03-18,20,20,20,20,,,,
2024-03-19,20,20,20,20,,,,
2024-03-20,21,21,21,21,,,,
2024-03-21,8,8,8,8,,,,
2024-03-22,17,17,17,17,,,,
2024-03-25,16,16,16,16,,,,
2024-03-26,19,19,19,19,,,,
2024-03-27,9,9,9,9,,,,
2024-03-28,3,3,3,3,,,,
2024-04-01,10,10,10,10,,,,
2024-04-02,28,28,28,28,,,,
2024-04-03,24,24,24,24,,,,
2024-04-04,10,10,10,10,,,,
2024-04-05,25,25,25,25,,,,
2024-04-08,12,12,12,12,,,,
2024-04-09,6,6,6,6,,,,
2024-04-10,33,33,33,33,,,,
2024-04-11,22,22,22,22,,,,
2024-04-12,45,45,45,45,,,,
2024-04-15,59,59,59,59,,,,
2024-04-16,80,80,80,80,,,,
2024-04-17,40,40,40,40,,,,
2024-04-18,41,41,41,41,,,,
2024-04-19,19,19,19,19,,,,
2024-04-22,23,23,23,23,,,,
2024-04-23,11,11,11,11,,,,
2024-04-24,21,21,21,21,,,,
2024-04-25,34,34,34,34,,,,
2024-04-26,15,15,15,15,,,,
2024-04-29,7,7,7,7,,,,
2024-04-30,28,28,28,28,,,,
2024-05-01,36,36,36,36,,,,
2024-05-02,23,23,23,23,,,,
2024-05-03,13,13,13,13,,,,
2024-05-06,14,14,14,14,,,,
2024-05-07,11,11,11,11,,,,
2024-05-08,21,21,21,21,,,,
2024-05-09,15,15,15,15,,,,
2024-05-10,17,17,16,16,,,,
2024-05-13,13,13,13,13,,,,
2024-05-14,5,5,5,5,,,,
2024-05-15,7,7,7,7,,,,
2024-05-16,9,9,9,9,,,,
2024-05-17,15,15,15,15,,,,
2024-05-20,19,19,19,19,,,,
2024-05-21,24,24,24,24,,,,
2024-05-22,31,31,31,31,,,,
2024-05-23,51,51,51,51,,,,
2024-05-24,34,34,34,34,,,,
2024-05-28,38,38,38,38,,,,
2024-05-29,67,67,67,67,,,,
2024-05-30,32,32,32,32,,,,
2024-05-31,26,26,26,26,,,,
2024-06-03,31,33,31,33,,,,
2024-06-04,41,41,41,41,,,,
2024-06-05,39,39,39,39,,,,
2024-06-06,22,22,22,22,,,,
2024-06-07,36,36,36,36,,,,
2024-06-10,48,48,48,48,,,,
2024-06-11,44,44,44,44,,,,
2024-06-12,20,20,20,20,,,,
2024-06-13,48,48,48,48,,,,
2024-06-14,68,68,68,68,,,,
2024-06-17,63,63,63,63,,,,
2024-06-18,51,51,51,51,,,,
2024-06-20,56,56,56,56,,,,
2024-06-21,35,35,35,35,,,,
2024-06-24,15,15,15,15,,,,
2024-06-25,41,41,41,41,,,,
2024-06-26,49,49,49,49,,,,
2024-06-27,30,30,30,30,,,,
2024-06-28,32,32,32,32,,,,
2024-07-01,41,41,41,41,,,,
2024-07-02,44,44,44,44,,,,
2024-07-03,14,14,14,14,,,,
2024-07-05,49,49,49,49,,,,
2024-07-08,28,28,28,28,,,,
2024-07-09,64,64,64,64,,,,
2024-07-10,42,42,42,42,,,,
2024-07-11,6,6,6,6,,,,
2024-07-12,3,3,3,3,,,,
2024-07-15,3,3,3,3,,,,
2024-07-16,2,2,2,2,,,,
2024-07-17,3,3,3,3,,,,
2024-07-18,8,8,8,8,,,,
2024-07-19,12,12,12,12,,,,
2024-07-22,10,10,10,10,,,,
2024-07-23,9,9,9,9,,,,
2024-07-24,22,22,22,22,,,,
2024-07-25,14,14,14,14,,,,
2024-07-26,9,9,9,9,,,,
2024-07-29,6,6,6,6,,,,
2024-07-30,12,12,12,12,,,,
2024-07-31,10,10,10,10,,,,
2024-08-01,41,41,41,41,,,,
2024-08-02,82,82,82,82,,,,
2024-08-05,157,157,157,157,,,,
2024-08-06,41,41,41,41,,,,
2024-08-07,39,39,39,39,,,,
2024-08-08,36,36,36,36,,,,
2024-08-09,34,34,34,34,,,,
2024-08-12,51,51,51,51,,,,
2024-08-13,28,28,28,28,,,,
2024-08-14,23,23,23,23,,,,
2024-08-15,6,6,6,6,,,,
2024-08-16,8,8,8,8,,,,
2024-08-19,5,5,5,5,,,,
2024-08-20,13,13,13,13,,,,
2024-08-21,8,8,8,8,,,,
2024-08-22,13,13,13,13,,,,
2024-08-23,6,6,6,6,,,,
2024-08-26,5,5,5,5,,,,
2024-08-27,12,12,12,12,,,,
2024-08-28,21,21,21,21,,,,
2024-08-29,8,8,8,8,,,,
2024-08-30,17,17,17,17,,,,
2024-09-03,39,39,39,39,,,,
2024-09-04,45,45,45,45,,,,
2024-09-05,52,52,52,52,,,,
2024-09-06,76,76,76,76,,,,
2024-09-09,68,68,68,68,,,,
2024-09-10,99,99,99,99,,,,
2024-09-11,85,85,85,85,,,,
2024-09-12,23,23,23,23,,,,
2024-09-13,6,6,6,6,,,,
2024-09-16,5,5,5,5,,,,
2024-09-17,3,3,3,3,,,,
2024-09-18,3,3,3,3,,,,
2024-09-19,4,4,4,4,,,,
2024-09-20,8,8,8,8,,,,
2024-09-23,10,10,10,10,,,,
2024-09-24,6,6,6,6,,,,
2024-09-25,13,13,13,13,,,,
2024-09-26,20,20,20,20,,,,
2024-09-27,2,2,2,2,,,,
2024-09-30,8,8,8,8,,,,
2024-10-01,17,17,17,17,,,,
2024-10-02,20,20,20,20,,,,
2024-10-03,24,24,24,24,,,,
2024-10-04,9,9,9,9,,,,
2024-10-07,25,25,25,25,,,,
2024-10-08,24,24,24,24,,,,
2024-10-09,20,20,20,20,,,,
2024-10-10,27,27,27,27,,,,
2024-10-11,7,7,7,7,,,,
2024-10-14,7,7,7,7,,,,
2024-10-15,14,14,14,14,,,,
2024-10-16,12,12,12,12,,,,
2024-10-17,16,16,16,16,,,,
2024-10-18,14,14,14,14,,,,
2024-10-21,24,24,24,24,,,,
2024-10-22,27,27,27,27,,,,
2024-10-23,33,33,33,33,,,,
2024-10-24,25,25,25,25,,,,
2024-10-25,14,14,14,14,,,,
2024-10-28,18,18,18,18,,,,
2024-10-29,36,36,35,35,,,,
2024-10-30,34,34,34,34,,,,
2024-10-31,58,58,58,58,,,,
2024-11-01,52,52,52,52,,,,
2024-11-04,24,24,24,24,,,,
2024-11-05,40,41,40,41,,,,
2024-11-06,38,38,38,38,,,,
2024-11-07,10,10,10,10,,,,
2024-11-08,35,35,35,35,,,,
2024-11-11,24,24,24,24,,,,
2024-11-12,51,51,51,51,,,,
2024-11-13,48,48,48,48,,,,
2024-11-14,36,36,36,36,,,,
2024-11-15,56,56,56,56,,,,
2024-11-18,44,44,44,44,,,,
2024-11-19,50,50,50,50,,,,
2024-11-20,43,43,43,43,,,,
2024-11-21,36,36,36,36,,,,
2024-11-22,14,14,14,14,,,,
2024-11-25,15,15,15,15,,,,
2024-11-26,27,27,27,27,,,,
2024-11-27,26,26,26,26,,,,
2024-11-29,30,30,30,30,,,,
2024-12-02,22,22,22,22,,,,
2024-12-03,11,11,11,11,,,,
2024-12-04,18,19,18,19,,,,
2024-12-05,21,21,21,21,,,,
2024-12-06,51,51,51,51,,,,
2024-12-09,10,10,10,10,,,,
2024-12-10,22,22,22,22,,,,
2024-12-11,36,36,36,36,,,,
2024-12-12,46,46,46,46,,,,
2024-12-13,77,77,77,77,,,,
2024-12-16,89,89,89,89,,,,
2024-12-17,108,108,108,108,,,,
2024-12-18,135,135,135,135,,,,
2024-12-19,143,143,143,143,,,,
2024-12-20,129,129,129,129,,,,
2024-12-23,82,82,82,82,,,,
2024-12-24,31,31,31,31,,,,
2024-12-26,19,19,19,19,,,,
2024-12-27,45,45,45,45,,,,
2024-12-30,97,97,97,97,,,,
2024-12-31,15,16,15,16,,,,
2025-01-02,36,36,36,36,,,,
2025-01-03,50,50,50,50,,,,
2025-01-06,24,24,24,24,,,,
2025-01-07,55,55,55,55,,,,
2025-01-08,103,103,103,103,,,,
2025-01-10,141,141,141,141,,,,
2025-01-13,112,112,112,112,,,,
2025-01-14,28,28,28,28,,,,
2025-01-15,11,11,11,11,,,,
2025-01-16,19,19,19,19,,,,
2025-01-17,9,9,9,9,,,,
2025-01-21,13,13,13,13,,,,
2025-01-22,23,23,23,23,,,,
2025-01-23,19,19,19,19,,,,
2025-01-24,7,7,7,7,,,,
2025-01-27,10,10,10,10,,,,
2025-01-28,19,19,19,19,,,,
2025-01-29,28,28,28,28,,,,
2025-01-30,17,17,17,17,,,,
2025-01-31,23,23,23,23,,,,
2025-02-03,85,85,84,84,,,,
2025-02-04,35,35,35,35,,,,
2025-02-05,20,20,20,20,,,,
2025-02-06,29,29,29,29,,,,
2025-02-07,70,70,70,70,,,,
2025-02-10,51,51,51,51,,,,
2025-02-11,50,50,50,50,,,,
2025-02-12,71,71,71,71,,,,
2025-02-13,39,39,39,39,,,,
2025-02-14,31,31,31,31,,,,
2025-02-18,44,44,44,44,,,,
2025-02-19,54,54,54,54,,,,
2025-02-20,44,44,44,44,,,,
2025-02-21,67,67,67,67,,,,
2025-02-24,64,64,64,64,,,,
2025-02-25,68,68,68,68,,,,
2025-02-26,59,59,59,59,,,,
2025-02-27,103,103,103,103,,,,
2025-02-28,108,108,108,108,,,,
2025-03-03,166,166,166,166,,,,
2025-03-04,234,234,234,234,,,,
2025-03-05,76,76,76,76,,,,
2025-03-06,58,58,58,58,,,,
2025-03-07,41,41,41,41,,,,
2025-03-10,86,86,86,86,,,,
2025-03-11,99,99,99,99,,,,
2025-03-12,86,86,86,86,,,,
2025-03-13,142,142,142,142,,,,
2025-03-14,37,37,37,37,,,,
2025-03-17,13,13,13,13,,,,
2025-03-18,17,17,17,17,,,,
2025-03-19,22,22,22,22,,,,
2025-03-20,23,23,23,23,,,,
2025-03-21,66,66,66,66,,,,
2025-03-24,8,8,8,8,,,,
2025-03-25,25,25,25,25,,,,
2025-03-26,25,25,25,25,,,,
2025-03-27,29,29,29,29,,,,
2025-03-28,87,87,87,87,,,,
2025-03-31,167,167,167,167,,,,
2025-04-01,74,74,74,74,,,,
2025-04-02,50,50,50,50,,,,
2025-04-03,356,356,356,356,,,,
2025-04-04,610,610,610,610,,,,
2025-04-07,609,609,609,609,,,,
2025-04-08,417,418,417,418,,,,
2025-04-09,451,451,451,451,,,,
2025-04-10,40,40,40,40,,,,
2025-04-11,51,51,51,51,,,,
2025-04-14,10,10,10,10,,,,
2025-04-15,9,9,9,9,,,,
2025-04-16,37,37,37,37,,,,
2025-04-17,25,25,25,25,,,,
2025-04-21,59,59,59,59,,,,
2025-04-22,5,5,5,5,,,,
2025-04-23,1,1,1,1,,,,
2025-04-24,6,6,6,6,,,,
2025-04-25,6,6,6,6,,,,
2025-04-28,6,6,6,6,,,,
2025-04-29,11,11,11,11,,,,
2025-04-30,21,21,21,21,,,,
2025-05-01,13,13,13,13,,,,
2025-05-02,11,11,11,11,,,,
2025-05-05,14,14,14,14,,,,
2025-05-06,31,31,31,31,,,,
2025-05-07,30,30,30,30,,,,
2025-05-08,21,21,21,21,,,,
2025-05-09,15,15,15,15,,,,
2025-05-12,4,4,4,4,,,,
2025-05-13,9,9,9,9,,,,
2025-05-14,13,13,13,13,,,,
2025-05-15,11,11,11,11,,,,
2025-05-16,5,5,5,5,,,,
2025-05-19,6,6,6,6,,,,
2025-05-20,8,8,8,8,,,,
2025-05-21,21,21,21,21,,,,
2025-05-22,30,30,30,30,,,,
2025-05-23,22,22,22,22,,,,
2025-05-27,6,6,6,6,,,,
2025-05-28,6,6,6,6,,,,
2025-05-29,12,12,12,12,,,,
2025-05-30,9,9,9,9,,,,
2025-06-02,22,22,22,22,,,,
2025-06-03,18,18,18,18,,,,
2025-06-04,2,2,2,2,,,,
2025-06-05,9,9,9,9,,,,
2025-06-06,1,1,1,1,,,,
2025-06-09,7,7,7,7,,,,
2025-06-10,4,4,4,4,,,,
2025-06-11,9,9,9,9,,,,
2025-06-12,11,11,11,11,,,,
2025-06-13,25,25,25,25,,,,
2025-06-16,18,18,18,18,,,,
2025-06-17,29,29,29,29,,,,
2025-06-18,24,24,24,24,,,,
2025-06-20,26,26,26,26,,,,
2025-06-23,25,25,25,25,,,,
2025-06-24,4,4,4,4,,,,
2025-06-25,14,14,14,14,,,,
2025-06-26,7,7,7,7,,,,
2025-06-27,6,7,6,7,,,,
2025-06-30,9,9,9,9,,,,
2025-07-01,4,4,4,4,,,,
2025-07-02,6,6,6,6,,,,
2025-07-03,3,3,3,3,,,,
2025-07-07,8,8,8,8,,,,
2025-07-08,5,5,5,5,,,,
2025-07-09,8,8,8,8,,,,
2025-07-10,6,6,6,6,,,,
2025-07-11,11,11,11,11,,,,
2025-07-14,15,15,15,15,,,,
2025-07-15,27,27,27,27,,,,
2025-07-16,26,26,26,26,,,,
2025-07-17,9,9,9,9,,,,
2025-07-18,20,20,20,20,,,,
2025-07-21,21,21,21,21,,,,
2025-07-22,8,8,8,8,,,,
2025-07-23,2,2,2,2,,,,
2025-07-24,7,7,7,7,,,,
2025-07-25,10,10,10,10,,,,
2025-07-28,10,10,10,10,,,,
2025-07-29,17,17,17,17,,,,
2025-07-30,31,31,31,31,,,,
2025-07-31,58,58,58,58,,,,
2025-08-01,81,81,81,81,,,,
2025-08-04,23,23,23,23,,,,
2025-08-05,33,33,33,33,,,,
2025-08-06,38,38,38,38,,,,
2025-08-07,32,32,32,32,,,,
2025-08-08,43,43,43,43,,,,
2025-08-11,50,50,50,50,,,,
2025-08-12,21,21,21,21,,,,
2025-08-13,6,6,6,6,,,,
2025-08-14,11,11,11,11,,,,
2025-08-15,11,11,11,11,,,,
2025-08-18,13,13,13,13,,,,
2025-08-19,11,11,11,11,,,,
2025-08-20,13,13,13,13,,,,
2025-08-21,13,13,13,13,,,,
2025-08-22,1,1,1,1,,,,
2025-08-25,5,5,5,5,,,,
2025-08-26,6,6,6,6,,,,
2025-08-27,2,2,2,2,,,,
2025-08-28,5,5,5,5,,,,
2025-08-29,2,2,2,2,,,,
2025-09-02,16,16,16,16,,,,
2025-09-03,16,16,16,16,,,,
2025-09-04,17,17,17,17,,,,
2025-09-05,13,13,13,13,,,,
2025-09-08,23,23,23,23,,,,
2025-09-09,20,20,20,20,,,,
2025-09-10,34,34,34,34,,,,
2025-09-11,16,16,16,16,,,,
2025-09-12,18,18,18,18,,,,
2025-09-15,33,33,33,33,,,,
2025-09-16,27,27,27,27,,,,
2025-09-17,22,22,22,22,,,,
2025-09-18,23,23,23,23,,,,
2025-09-19,40,40,40,40,,,,
2025-09-22,40,40,40,40,,,,
2025-09-23,37,37,37,37,,,,
2025-09-24,35,35,35,35,,,,
2025-09-25,62,62,62,62,,,,
2025-09-26,15,15,15,15,,,,
2025-09-29,29,29,29,29,,,,
2025-09-30,33,34,33,34,,,,
2025-10-01,29,29,29,29,,,,
2025-10-02,28,28,28,28,,,,
2025-10-03,10,10,10,10,,,,
2025-10-06,31,31,31,31,,,,
2025-10-07,43,43,43,43,,,,
2025-10-08,35,35,35,35,,,,
2025-10-09,48,48,48,48,,,,
2025-10-10,101,101,101,101,,,,
2025-10-13,53,53,53,53,,,,
2025-10-14,51,51,51,51,,,,
2025-10-15,19,19,19,19,,,,
2025-10-16,48,48,48,48,,,,
2025-10-17,42,42,42,42,,,,
2025-10-20,19,19,18,18,,,,
2025-10-21,14,14,14,14,,,,
2025-10-22,13,13,13,13,,,,
2025-10-23,19,19,19,19,,,,
2025-10-24,10,10,10,10,,,,
2025-10-27,14,14,14,14,,,,
2025-10-28,41,41,41,41,,,,
2025-10-29,94,94,94,94,,,,
2025-10-30,110,110,110,110,,,,
2025-10-31,86,86,86,86,,,,
2025-11-03,77,77,77,77,,,,
2025-11-04,76,76,76,76,,,,
2025-11-05,66,66,66,66,,,,
2025-11-06,102,102,102,102,,,,
2025-11-07,94,94,94,94,,,,
2025-11-10,56,56,56,56,,,,
2025-11-11,40,40,40,40,,,,
2025-11-12,33,33,33,33,,,,
2025-11-13,61,61,61,61,,,,
2025-11-14,87,87,87,87,,,,
2025-11-17,106,106,106,106,,,,
2025-11-18,123,123,123,123,,,,
2025-11-19,98,98,98,98,,,,
2025-11-20,108,108,108,108,,,,
2025-11-21,54,54,54,54,,,,
2025-11-24,27,27,27,27,,,,
2025-11-25,11,11,11,11,,,,
2025-11-26,2,2,2,2,,,,
2025-11-28,0.01,0.01,0.01,0.01,,,,
2025-12-01,5,5,5,5,,,,
2025-12-02,10,10,10,10,,,,
2025-12-03,10,10,10,10,,,,
2025-12-04,16,16,16,16,,,,
2025-12-05,25,25,25,25,,,,
2025-12-08,24,24,24,24,,,,
2025-12-09,19,19,19,19,,,,
2025-12-10,11,11,11,11,,,,
2025-12-11,7,7,7,7,,,,
2025-12-12,9,9,9,9,,,,
2025-12-15,13,13,13,13,,,,
2025-12-16,16,16,16,16,,,,
2025-12-17,10,10,10,10,,,,
2025-12-18,15,15,15,15,,,,
2025-12-19,24,24,24,24,,,,
2025-12-22,18,18,18,18,,,,
2025-12-23,21,21,21,21,,,,
2025-12-24,13,13,13,13,,,,
2025-12-26,7,7,7,7,,,,
2025-12-29,10,10,10,10,,,,
2025-12-30,7,7,7,7,,,,
2025-12-31,16,16,16,16,,,,
2026-01-02,23,23,22,22,,,,
2026-01-05,17,17,17,17,,,,
2026-01-06,22,22,22,22,,,,
2026-01-07,31,31,31,31,,,,
2026-01-08,24,24,24,24,,,,
2026-01-09,16,16,16,16,,,,
2026-01-12,9,9,9,9,,,,
2026-01-13,18,18,18,18,,,,
2026-01-14,21,21,21,21,,,,
2026-01-15,17,17,17,17,,,,
2026-01-16,27,27,27,27,,,,
2026-01-20,46,46,46,46,,,,
2026-01-21,28,28,28,28,,,,
2026-01-22,9,9,9,9,,,,
2026-01-23,14,14,14,14,,,,
2026-01-26,12,12,12,12,,,,
2026-01-27,39,39,39,39,,,,
2026-01-28,41,41,41,41,,,,
2026-01-29,60,60,60,60,,,,
2026-01-30,41,41,41,41,,,,
2026-02-02,49,49,49,49,,,,
2026-02-03,88,89,88,89,,,,
2026-02-04,69,69,69,69,,,,
2026-02-05,60,61,60,61,,,,
2026-02-06,36,36,36,36,,,,
2026-02-09,43,43,43,43,,,,
2026-02-10,20,20,20,20,,,,
2026-02-11,50,50,50,50,,,,
2026-02-12,91,91,91,91,,,,
2026-02-13,33,33,33,33,,,,
2026-02-17,37,37,37,37,,,,
2026-02-18,20,20,20,20,,,,
2026-02-19,25,25,25,25,,,,
2026-02-20,31,32,31,32,,,,
2026-02-23,76,76,76,76,,,,
2026-02-24,58,58,58,58,,,,
2026-02-25,42,42,42,42,,,,
2026-02-26,21,21,21,21,,,,
2026-02-27,41,41,41,41,,,,
2026-03-02,49,49,49,49,,,,
2026-03-03,52,52,52,52,,,,
2026-03-04,10,11,10,11,,,,
2026-03-05,19,19,19,19,,,,
2026-03-06,40,40,40,40,,,,
2026-03-09,79,79,79,79,,,,
2026-03-10,26,26,26,26,,,,
2026-03-11,53,53,53,53,,,,
2026-03-12,87,87,87,87,,,,
2026-03-13,61,61,61,61,,,,
2026-03-16,45,45,45,45,,,,
2026-03-17,22,22,22,22,,,,
2026-03-18,76,76,76,76,,,,
2026-03-19,110,110,110,110,,,,
2026-03-20,112,112,112,112,,,,
2026-03-23,27,27,27,27,,,,
2026-03-24,66,66,66,66,,,,
2026-03-25,59,59,59,59,,,,
2026-03-26,46,46,46,46,,,,
2026-03-27,113,113,113,113,,,,
2026-03-30,77,77,77,77,,,,
2026-03-31,37,37,37,37,,,,
2026-04-01,27,37,27,37,,,,
2026-04-02,55,55,55,55,,,,
2026-04-06,6,6,6,6,,,,
2026-04-07,21,21,21,21,,,,
2026-04-08,8,8,8,8,,,,
2026-04-09,30,30,30,30,,,,
2026-04-10,40,40,40,40,,,,
2026-04-13,21,21,21,21,,,,
2026-04-14,1,1,1,1,,,,
2026-04-15,2,2,2,2,,,,
2026-04-16,2,2,2,2,,,,
2026-04-17,2,2,2,2,,,,
2026-04-20,2,2,2,2,,,,
2026-04-21,5,5,5,5,,,,
2026-04-22,7,7,7,7,,,,
2026-04-23,16,16,16,16,,,,
2026-04-24,13,13,12,12,,,,
2026-04-27,9,9,9,9,,,,
2026-04-28,12,12,12,12,,,,
2026-04-29,23,23,23,23,,,,
2026-04-30,18,18,18,18,,,,
2026-05-01,15,15,15,15,,,,
2026-05-04,28,28,28,28,,,,
2026-05-05,33,33,33,33,,,,
2026-05-06,28,28,28,28,,,,
2026-05-07,25,25,25,25,,,,
2026-05-08,45,45,45,45,,,,
2026-05-11,62,62,62,62,,,,
2026-05-12,51,51,51,51,,,,
2026-05-13,81,81,81,81,,,,
2026-05-14,26,26,26,26,,,,
2026-05-15,63,63,63,63,,,,
2026-05-18,31,31,31,31,,,,
2026-05-19,63,63,63,63,,,,
2026-05-20,42,42,42,42,,,,
2026-05-21,19,19,19,19,,,,
2026-05-22,15,15,15,15,,,,
2026-05-26,13,13,13,13,,,,
2026-05-27,24,24,24,24,,,,
2026-05-28,24,24,24,24,,,,
2026-05-29,31,31,29,29,,,,
2026-06-01,40,40,40,40,,,,
2026-06-02,34,34,34,34,,,,
2026-06-03,48,48,48,48,,,,
2026-06-04,30,30,30,30,,,,
2026-06-05,22,22,22,22,,,,
2026-06-08,31,31,31,31,,,,
2026-06-09,23,23,23,23,,,,
2026-06-10,30,30,30,30,,,,
2026-06-11,45,45,44,44,,,,
2026-06-12,14,14,14,14,,,,
2026-06-15,19,19,19,19,,,,
2026-06-16,23,23,23,23,,,,
2026-06-17,48,48,48,48,,,,
2026-06-18,58,58,58,58,,,,
2026-06-22,66,66,66,66,,,,
2026-06-23,31,31,31,31,,,,
2026-06-24,29,29,29,29,,,,
2026-06-25,54,54,54,54,,,,
2026-06-26,28,28,28,28,,,,
2026-06-29,26,26,26,26,,,,
2026-06-30,33,33,33,33,,,,
2026-07-01,16,16,16,16,,,,
2026-07-02,9,9,9,9,,,,
2026-07-06,13,13,13,13,,,,
2026-07-07,9,9,9,9,,,,
2026-07-08,21,21,21,21,,,,
2026-07-09,15,15,15,15,,,,
2026-07-10,9,9,9,9,,,,
2026-07-13,16,16,16,16,,,,
2026-07-14,12,12,12,12,,,,
2026-07-15,15,15,15,15,,,,
2026-07-16,12,12,12,12,,,,
2026-07-17,15,15,15,15,,,,
2026-07-20,22,22,22,22,,,,
2026-07-21,21,21,21,21,,,,
2026-07-22,15,15,15,15,,,,
2026-07-23,43,43,43,43,,,,
2026-07-24,19,19,19,19,,,,
2026-07-27,6,6,6,6,,,,
2026-07-28,12,12,12,12,,,,
2026-07-29,28,28,28,28,,,,
2026-07-30,21,21,21,21,,,,
2026-07-31,24,24,24,24,,,,
2026-08-03,9,9,9,9,,,,
2026-08-04,15,15,15,15,,,,
2026-08-05,16,16,16,16,,,,
2026-08-06,22,22,22,22,,,,
2026-08-07,11,11,11,11,,,,
2026-08-10,16,16,16,16,,,,
2026-08-11,15,15,15,15,,,,
2026-08-12,16,16,16,16,,,,
2026-08-13,13,13,13,13,,,,
2026-08-14,11,11,11,11,,,,
2026-08-17,28,28,28,28,,,,
2026-08-18,24,24,24,24,,,,
2026-08-19,11,11,11,11,,,,
2026-08-20,22,22,22,22,,,,
2026-08-21,7,7,7,7,,,,
2026-08-24,23,23,23,23,,,,
2026-08-25,17,17,17,17,,,,
2026-08-26,12,12,12,12,,,,
2026-08-27,23,23,23,23,,,,
2026-08-28,14,14,14,14,,,,
2026-08-31,31,31,31,31,,,,
2026-09-01,52,52,52,52,,,,
2026-09-02,30,30,30,30,,,,
2026-09-03,23,23,23,23,,,,
2026-09-04,14,14,14,14,,,,
2026-09-08,32,32,32,32,,,,
2026-09-09,75,75,75,75,,,,
2026-09-10,104,104,104,104,,,,
2026-09-11,48,48,48,48,,,,
2026-09-14,71,71,71,71,,,,
2026-09-15,92,92,92,92,,,,
2026-09-16,86,86,86,86,,,,
2026-09-17,57,57,57,57,,,,
2026-09-18,107,107,107,107,,,,
2026-09-21,73,73,73,73,,,,
2026-09-22,37,37,37,37,,,,
2026-09-23,101,101,101,101,,,,
2026-09-24,142,142,142,142,,,,
2026-09-25,93,93,93,93,,,,