time,open,high,low,close,Prior DC20 upper,Prior DC20 lower,Long signal,Short signal
2013-10-14,76.16,76.16,76.16,76.16,,,,
2013-10-15,75.14,75.49,73.78,73.78,,,,
2013-10-16,75.01,76.24,75.01,75.32,,,,
2013-10-17,75.06,77.57,75.06,77.4,,,,
2013-10-18,78.06,78.99,77.76,78.98,,,,
2013-10-21,78.14,78.35,77.27,77.62,,,,
2013-10-22,78.13,78.7,77.77,78.49,,,,
2013-10-23,77.82,78.7,77.67,78.13,,,,
2013-10-24,78.24,79.26,78.03,79.26,,,,
2013-10-25,78.96,79.16,78.44,79.11,,,,
2013-10-28,78.84,79.09,78.17,79.09,,,,
2013-10-29,79.09,79.29,78.37,79.28,,,,
2013-10-30,78.51,78.51,76.14,76.14,,,,
2013-10-31,75.99,75.99,74.18,74.18,,,,
2013-11-01,73.1,73.31,71.09,72.95,,,,
2013-11-04,73.31,74.29,72.95,74.29,,,,
2013-11-05,72.84,73.62,72.48,72.88,,,,
2013-11-06,73.5,73.55,71.9,72.29,,,,
2013-11-07,72.44,72.44,69.21,69.21,,,,
2013-11-08,69.73,72,69.57,71.9,,,,
2013-11-11,71.17,72.46,71.07,71.74,,,,
2013-11-12,71.33,71.53,70.29,71.43,,,,
2013-11-13,70.19,72.41,70.19,72.41,,,,
2013-11-14,72.31,72.62,71.48,72.15,,,,
2013-11-15,71.9,72.93,71.43,72.77,,,,
2013-11-18,72.88,73.91,71.36,71.36,,,,
2013-11-19,71.31,72.6,70.28,70.47,,,,
2013-11-20,70.99,71.82,70.06,70.32,,,,
2013-11-21,70.83,73.42,70.83,73.4,,,,
2013-11-22,72.94,73.77,72.78,73.7,,,,
2013-11-25,74.06,75.1,73.55,74.37,,,,
2013-11-26,74.48,75.56,74.22,75.29,,,,
2013-11-27,75.14,76.64,75.03,76.58,,,,
2013-11-29,76.82,77.55,76.82,76.98,,,,
2013-12-02,76.3,76.3,73.45,73.75,,,,
2013-12-03,73.65,74.22,72.97,73.34,,,,
2013-12-04,72.45,74.17,71.05,72.45,,,,
2013-12-05,71.93,72.82,71.57,72.44,,,,
2013-12-06,74.26,75.24,73.79,73.79,,,,
2013-12-09,74.15,74.15,72.23,72.75,,,,
2013-12-10,73.01,73.01,70.36,70.38,,,,
2013-12-11,70.33,70.33,67.48,67.89,,,,
2013-12-12,67.94,68.25,67.16,67.94,,,,
2013-12-13,68.36,69.09,67.37,68.55,,,,
2013-12-16,70.16,70.99,70.01,70.89,,,,
2013-12-17,70.37,71.3,69.9,71.1,,,,
2013-12-18,71.62,73.7,70.32,73.63,,,,
2013-12-19,72.85,73.01,72.07,72.35,,,,
2013-12-20,73.19,75.89,72.87,75.88,,,,
2013-12-23,75.98,76.82,75.98,76.75,,,,
2013-12-24,76.75,77.85,76.75,77.27,,,,
2013-12-26,77.8,78.32,76.96,77.15,,,,
2013-12-27,76.89,76.89,76.21,76.68,,,,
2013-12-30,76.73,77.56,76.73,77.04,,,,
2013-12-31,77.09,78.19,77.09,77.36,,,,
2014-01-02,75.63,76.16,74.8,75.58,,,,
2014-01-03,75.84,76.81,75.84,76.81,,,,
2014-01-06,76.34,76.39,74.67,74.67,,,,
2014-01-07,75.3,76.44,75.3,76.34,,,,
2014-01-08,76.18,76.18,74.3,75.14,,,,
2014-01-09,74.67,75.19,73.15,74.25,,,,
2014-01-10,74.36,74.77,73.36,74.76,,,,
2014-01-13,74.08,74.08,70.84,71.83,,,,
2014-01-14,72.83,74.86,72.77,74.86,,,,
2014-01-15,75.23,76.43,75.23,76.38,,,,
2014-01-16,75.91,76.12,75.39,76.01,,,,
2014-01-17,75.96,75.96,74.45,74.92,,,,
2014-01-21,76.01,76.59,74.66,76.58,,,,
2014-01-22,76.84,77.26,76.47,76.67,,,,
2014-01-23,75.67,75.67,74.21,74.84,,,,
2014-01-24,72.85,72.85,69.29,69.82,,,,
2014-01-27,69.87,69.87,65.58,66.14,,,,
2014-01-28,66.61,68.13,66.4,68.11,,,,
2014-01-29,66.02,66.8,63.14,63.61,,,,
2014-01-30,64.65,68.63,64.5,66.78,,,,
2014-01-31,63.85,65.42,63.59,63.96,,,,
2014-02-03,62.84,62.84,53.66,54.35,,,,
2014-02-04,53.66,57.28,53.66,56.06,,,,
2014-02-05,54.54,54.8,50.86,52.86,,,,
2014-02-06,54.33,56.01,53.44,54.44,,,,
2014-02-07,56.6,56.7,54.6,56.33,,,,
2014-02-10,55.54,57.18,54.44,57.15,,,,
2014-02-11,57.73,60.68,56.68,60.18,,,,
2014-02-12,61.97,62.13,60.08,60.45,,,,
2014-02-13,59.87,64.77,59.87,64.59,,,,
2014-02-14,63.06,64.85,63.06,64.59,,,,
2014-02-18,65.59,67.54,65.06,67.33,,,,
2014-02-19,66.59,67.96,63.54,63.62,,,,
2014-02-20,64.2,66.36,64.2,66.19,,,,
2014-02-21,66.35,67.29,65.69,65.69,,,,
2014-02-24,66.54,68.97,66.54,67.81,,,,
2014-02-25,67.54,67.96,66.01,66.43,,,,
2014-02-26,67.12,68.65,66.49,67.86,,,,
2014-02-27,67.17,69.55,66.8,69.53,,,,
2014-02-28,69.64,71.22,68.53,69.16,,,,
2014-03-03,67.15,67.95,64.99,67.19,,,,
2014-03-04,71.94,75.69,71.94,74.2,,,,
2014-03-05,73.41,73.73,72.72,73.4,,,,
2014-03-06,73.45,73.66,72.34,73.45,,,,
2014-03-07,73.55,73.55,72.13,72.6,,,,
2014-03-10,72.38,73.06,71.95,73.06,,,,
2014-03-11,73.01,73.86,69.57,70.05,,,,
2014-03-12,68.46,71.32,68.46,71.32,,,,
2014-03-13,71.26,71.26,66.71,67.3,,,,
2014-03-14,67.67,68.73,67.08,67.61,,,,
2014-03-17,70.31,70.31,68.09,68.23,,,,
2014-03-18,68.23,71.46,68.23,71.45,,,,
2014-03-19,70.76,71.02,68.37,69.12,,,,
2014-03-20,69.17,69.91,68.64,69.49,,,,
2014-03-21,70.33,71.45,69.12,69.79,,,,
2014-03-24,68.89,69.05,65.92,67.56,,,,
2014-03-25,68.57,69.79,66.45,67.51,,,,
2014-03-26,68.04,68.04,61.57,61.57,,,,
2014-03-27,60.09,62.42,59.19,60.67,,,,
2014-03-28,61.52,63.96,59.45,60.2,,,,
2014-03-31,61.52,65.44,61.47,64.49,,,,
2014-04-01,65.34,67.77,64.97,67.67,,,,
2014-04-02,67.24,68.57,66.87,68.52,,,,
2014-04-03,68.41,68.41,65.5,66.36,,,,
2014-04-04,66.68,66.68,58.51,58.67,,,,
2014-04-07,55.83,58.06,54.14,55.2,,,,
2014-04-08,58.33,58.97,54.98,57.16,,,,
2014-04-09,57.85,60.93,56.52,60.93,,,,
2014-04-10,60.45,60.45,50.84,51.46,,,,
2014-04-11,50.98,51.24,46.36,46.94,,,,
2014-04-14,49.54,50.29,44.82,47.92,,,,
2014-04-15,48.93,48.93,42.5,48.24,,,,
2014-04-16,50.15,51,48.24,50.79,,,,
2014-04-17,50.21,53.66,49.62,53.02,,,,
2014-04-21,53.02,53.71,51.27,53.45,,,,
2014-04-22,53.82,57.7,53.82,56.72,,,,
2014-04-23,55.87,56.45,53.61,53.61,,,,
2014-04-24,53.24,54.09,51.59,52.44,,,,
2014-04-25,50.9,50.95,46.48,46.48,,,,
2014-04-28,46.64,48.77,42.28,45.31,,,,
2014-04-29,47.18,47.76,44.89,44.89,,,,
2014-04-30,43.13,46.8,42.71,46.59,,,,
2014-05-01,45.1,47.23,42.97,46.03,,,,
2014-05-02,46.98,48.74,46.4,47.14,,,,
2014-05-05,44.31,46.13,44.1,45.67,,,,
2014-05-06,44.18,45.51,41.83,41.83,,,,
2014-05-07,41.88,42.42,39.06,42.36,,,,
2014-05-08,42.95,44.71,39.38,39.45,,,,
2014-05-09,38.81,43.51,38.81,43.51,,,,
2014-05-12,44.95,51.62,44.95,50.5,,,,
2014-05-13,49.7,49.7,46.42,46.42,,,,
2014-05-14,44.01,44.01,40.11,40.11,,,,
2014-05-15,37.71,38.72,35.47,38.08,,,,
2014-05-16,37.5,39.9,36.53,39.9,,,,
2014-05-19,40.49,43.32,40.49,43,,,,
2014-05-20,40.06,40.06,36.96,38.69,,,,
2014-05-21,40.24,40.83,37.19,39.71,,,,
2014-05-22,39.97,43.07,39.97,42.08,,,,
2014-05-23,42.67,45.93,42.67,45.93,,,,
2014-05-27,48.12,51.28,48.12,51.28,,,,
2014-05-28,49.67,49.94,48.5,49.14,,,,
2014-05-29,49.73,50.42,48.6,49.67,,,,
2014-05-30,49.51,49.94,47.11,48.28,,,,
2014-06-02,47.11,47.11,43.95,44.96,,,,
2014-06-03,44,45.07,42.02,44.31,,,,
2014-06-04,43.24,44.9,43.08,44.71,,,,
2014-06-05,45.14,52.06,43.64,52.03,,,,
2014-06-06,53.7,55.31,53.7,54.77,,,,
2014-06-09,55.07,58.23,55.07,57.59,,,,
2014-06-10,57,57.16,55.6,56.84,,,,
2014-06-11,55.28,55.66,52.87,54.48,,,,
2014-06-12,51.52,53.24,50.83,52.33,,,,
2014-06-13,52.28,53.3,50.99,51.85,,,,
2014-06-16,51.47,51.95,49.43,51.36,,,,
2014-06-17,50.83,54.91,50.83,54.83,,,,
2014-06-18,53.86,56.33,52.79,56.26,,,,
2014-06-19,56.58,56.95,54.91,56.52,,,,
2014-06-20,56.09,57.06,55.93,57.01,,,,
2014-06-23,57.11,57.11,55.13,55.66,,,,
2014-06-24,55.5,59.32,53.38,53.38,,,,
2014-06-25,52.25,55.69,52.25,55.67,,,,
2014-06-26,54.27,55.62,53.09,55.56,,,,
2014-06-27,55.19,58.41,55.19,58.41,,,,
2014-06-30,56.67,59.58,56.56,59.34,,,,
2014-07-01,60.68,65.58,60.68,64,,,,
2014-07-02,64.43,64.43,62.6,62.6,,,,
2014-07-03,63.68,64.92,63.25,64.9,,,,
2014-07-07,62.13,65.71,59.87,64.39,,,,
2014-07-08,62.06,62.06,58.81,60.26,,,,
2014-07-09,61.22,61.43,59.5,60.49,,,,
2014-07-10,55,57.7,54.29,56.02,,,,
2014-07-11,54.75,55.56,53.53,55,,,,
2014-07-14,57.09,57.49,56.02,56.48,,,,
2014-07-15,55.92,55.92,52.1,53.12,,,,
2014-07-16,53.88,53.99,51.75,52.05,,,,
2014-07-17,51.14,51.6,47.12,47.48,,,,
2014-07-18,48.24,52.21,48.24,51.9,,,,
2014-07-21,49.97,50.94,48.6,50.17,,,,
2014-07-22,51.34,53.38,51.34,52.33,,,,
2014-07-23,51.72,53.15,51.47,52.44,,,,
2014-07-24,52.84,53.15,49.94,50.4,,,,
2014-07-25,47.6,48.16,46.33,46.89,,,,
2014-07-28,45.82,46.07,43.53,45.56,,,,
2014-07-29,45.51,46.99,44.85,44.85,,,,
2014-07-30,47.4,47.4,45.2,46.43,,,,
2014-07-31,43.17,43.62,39.7,39.72,,,,
2014-08-01,40.08,40.08,37.02,38.43,,,,
2014-08-04,39.4,40.68,36.7,40.68,,,,
2014-08-05,39.76,42.11,38.79,40.27,,,,
2014-08-06,40.27,43.49,40.27,42.57,,,,
2014-08-07,43.44,43.89,40.68,41.41,,,,
2014-08-08,40.8,44.22,40.8,44.22,,,,
2014-08-11,44.53,48,44.53,46.11,,,,
2014-08-12,45.91,45.91,43.36,44.17,,,,
2014-08-13,44.79,46.37,44.79,45.96,,,,
2014-08-14,46.78,47.13,46.42,46.9,,,,
2014-08-15,47.98,48.79,43.79,45.63,,,,
2014-08-18,47.98,50.89,47.98,50.89,,,,
2014-08-19,51.09,51.71,50.58,51.07,,,,
2014-08-20,48.77,49.64,48.05,49.02,,,,
2014-08-21,48.46,50.97,46.36,50.92,,,,
2014-08-22,49.89,51.22,49.02,50.46,,,,
2014-08-25,51.27,52.66,49.94,50.56,,,,
2014-08-26,51.22,53.17,51.22,52.91,,,,
2014-08-27,52.45,52.71,51.53,52.09,,,,
2014-08-28,49.38,50.61,49.38,49.69,,,,
2014-08-29,49.53,51.68,48.72,51.53,,,,
2014-09-02,52.07,54.01,51.86,53.86,,,,
2014-09-03,54.37,54.83,50.99,51.38,,,,
2014-09-04,52.71,54.14,50.76,51.02,,,,
2014-09-05,49.07,51.43,48.71,51.15,,,,
2014-09-08,51.87,52.53,50.07,51.81,,,,
2014-09-09,49.66,49.66,47.56,47.56,,,,
2014-09-10,47.15,49.92,47.15,49.92,,,,
2014-09-11,48.84,52.22,48.53,51.87,,,,
2014-09-12,50.53,50.74,46.95,47.97,,,,
2014-09-15,45.77,45.77,43.66,43.66,,,,
2014-09-16,44.38,45.25,42.02,44.25,,,,
2014-09-17,45.53,46.76,44.76,45.07,,,,
2014-09-18,46.41,48,46.41,47.64,,,,
2014-09-19,48.61,49.33,43.89,44.71,,,,
2014-09-22,41.48,41.69,39.53,40.05,,,,
2014-09-23,39.12,40,36.82,36.87,,,,
2014-09-24,37.48,38.97,36.66,38.76,,,,
2014-09-25,37.64,37.64,34.41,34.41,,,,
2014-09-26,34.61,36.92,34.41,36.92,,,,
2014-09-29,34.1,36.46,34.1,36.25,,,,
2014-09-30,35.23,36.51,32.61,32.61,,,,
2014-10-01,29.58,31.84,28.61,29.05,,,,
2014-10-02,31.05,32.44,28.02,31.93,,,,
2014-10-03,34.13,35.47,33.93,33.98,,,,
2014-10-06,34.34,34.34,32.13,32.28,,,,
2014-10-07,29.51,30.95,27.87,27.87,,,,
2014-10-08,28.33,34.54,26.79,34.49,,,,
2014-10-09,32.95,32.95,27.1,27.1,,,,
2014-10-10,27.82,29.51,25.61,25.61,,,,
2014-10-13,25.92,30.33,25.87,27.52,,,,
2014-10-14,30.2,32.97,28.96,30.4,,,,
2014-10-15,29.84,32.46,27.63,31.99,,,,
2014-10-16,31.33,35.64,31.33,35.35,,,,
2014-10-17,36.89,37.05,32.93,33.24,,,,
2014-10-20,34.48,36.27,34.42,36.19,,,,
2014-10-21,37.32,40.61,37.22,40.41,,,,
2014-10-22,40.51,41.85,37.13,37.13,,,,
2014-10-23,39.91,42.95,39.35,41.4,,,,
2014-10-24,41.71,41.71,40.48,41.46,,,,
2014-10-27,38.94,42.23,38.68,42.18,,,,
2014-10-28,42.9,50.87,42.9,50.87,,,,
2014-10-29,51.38,51.49,48.5,50.51,,,,
2014-10-30,50.05,54.37,49.69,53.75,,,,
2014-10-31,56.89,58.53,56.32,58.12,,,,
2014-11-03,58.33,58.53,56.06,56.53,,,,
2014-11-04,56.27,56.94,55.19,56.25,,,,
2014-11-05,56.15,57.38,55.94,56.87,,,,
2014-11-06,56.51,57.33,55.58,57.33,,,,
2014-11-07,55.84,57.64,55.68,57.62,,,,
2014-11-10,57.98,59.21,57.2,59.21,,,,
2014-11-11,58.08,59.32,58.08,59.16,,,,
2014-11-12,57.87,60.35,57.67,60.24,,,,
2014-11-13,59.88,60.19,57.51,57.51,,,,
2014-11-14,56.74,57.36,56.28,56.28,,,,
2014-11-17,56.17,56.33,53.78,53.78,,,,
2014-11-18,55.89,56.56,55.22,55.41,,,,
2014-11-19,52.78,52.93,49.43,50.92,,,,
2014-11-20,49.63,54.02,49.63,54,,,,
2014-11-21,56.47,56.58,53.12,53.53,,,,
2014-11-24,55.13,56.53,54.87,56.53,,,,
2014-11-25,56.84,56.84,55.96,56.63,,,,
2014-11-26,56.47,57.76,56.32,57.76,,,,
2014-11-28,56.63,57.3,53.17,53.17,,,,
2014-12-01,51,51.52,48.52,48.52,,,,
2014-12-02,50.59,53.32,50.18,52.14,,,,
2014-12-03,52.6,55.54,52.6,54.87,,,,
2014-12-04,54.31,54.98,52.76,53.63,,,,
2014-12-05,56.27,57.4,55.85,56.25,,,,
2014-12-08,56.55,58.36,53.4,53.48,,,,
2014-12-09,51.67,59.02,51.21,59.02,,,,
2014-12-10,58.3,58.3,53.07,53.07,,,,
2014-12-11,54.37,56.44,53.49,53.75,,,,
2014-12-12,52.76,52.76,50.28,50.36,,,,
2014-12-15,51.86,52.17,48.13,48.44,,,,
2014-12-16,49.63,52.79,49.17,49.19,,,,
2014-12-17,50.02,55.92,49.4,55.9,,,,
2014-12-18,57.87,59.27,57.04,59.27,,,,
2014-12-19,58.03,59.94,58.03,59.82,,,,
2014-12-22,59.61,61.22,59.61,61.22,,,,
2014-12-23,61.89,62.67,61.48,62.18,,,,
2014-12-24,61.77,63.01,61.77,62.37,,,,
2014-12-26,62.99,64.6,62.99,64.01,,,,
2014-12-29,64.9,65.26,64.22,64.74,,,,
2014-12-30,64.74,64.74,63.65,64.17,,,,
2014-12-31,64.69,65.42,62.72,62.77,,,,
2015-01-02,63.65,63.65,58.77,61.17,,,,
2015-01-05,59.19,60.7,56.86,57.2,,,,
2015-01-06,56.58,56.74,51.11,52.91,,,,
2015-01-07,54.06,54.73,52.7,54.68,,,,
2015-01-08,56.71,59.27,56.71,59.19,,,,
2015-01-09,58.57,58.57,55.6,55.6,,,,
2015-01-12,54.82,55.13,53.46,54.29,,,,
2015-01-13,56.38,57.89,52.47,54.87,,,,
2015-01-14,53.3,53.83,51.38,53.25,,,,
2015-01-15,52.05,52.21,48.66,48.66,,,,
2015-01-16,49.76,53.41,49.4,53.36,,,,
2015-01-20,52.08,52.29,50.41,51.4,,,,
2015-01-21,51.35,51.46,49.32,49.79,,,,
2015-01-22,49.89,55.48,49.58,55.48,,,,
2015-01-23,54.91,55.22,54.17,54.64,,,,
2015-01-26,53.5,56.68,53.5,56.68,,,,
2015-01-27,54.07,55.95,53.23,54.44,,,,
2015-01-28,54.17,54.44,49.89,50.1,,,,
2015-01-29,49.79,54.17,49.63,54.17,,,,
2015-01-30,52.76,52.76,48.17,48.17,,,,
2015-02-02,48.09,51.22,46.94,51.17,,,,
2015-02-03,53.89,56.3,53.89,56.3,,,,
2015-02-04,55.88,56.51,54.36,54.5,,,,
2015-02-05,55.44,58.69,55.44,57.95,,,,
2015-02-06,58.53,59.68,57.48,57.85,,,,
2015-02-09,57.95,58.42,55.42,55.42,,,,
2015-02-10,56.52,56.83,54.47,55.92,,,,
2015-02-11,55.97,56.44,54.4,54.9,,,,
2015-02-12,56.1,59.15,56.1,59.12,,,,
2015-02-13,59.44,60.23,58.39,59.75,,,,
2015-02-17,59.79,61.2,59.79,60.78,,,,
2015-02-18,60.26,60.83,59.21,60.78,,,,
2015-02-19,59.94,61.1,59.52,60.32,,,,
2015-02-20,58.8,59.64,58.01,59.56,,,,
2015-02-23,58.51,59.2,57.36,59.14,,,,
2015-02-24,59.56,60.88,59.51,60.46,,,,
2015-02-25,60.3,61.04,59.77,60.23,,,,
2015-02-26,60.38,61.02,59.28,60.15,,,,
2015-02-27,60,61.05,59.21,59.26,,,,
2015-03-02,59.42,61.15,59.42,61.05,,,,
2015-03-03,60.1,60.1,59,59.26,,,,
2015-03-04,57.78,58.68,57.42,57.71,,,,
2015-03-05,57.66,58.82,57.45,58.45,,,,
2015-03-06,58.6,58.82,55.55,55.55,,,,
2015-03-09,55.92,57.03,55.81,56.6,,,,
2015-03-10,53.13,54.02,52.65,52.97,,,,
2015-03-11,53.29,54.34,52.18,54.18,,,,
2015-03-12,57.34,59.87,56.66,59.85,,,,
2015-03-13,58.69,58.79,55.84,58.37,,,,
2015-03-16,58.64,59.58,58.64,59.25,,,,
2015-03-17,58.61,59.14,57.72,59.09,,,,
2015-03-18,57.98,60.83,57.98,60.6,,,,
2015-03-19,59.91,60.44,59.28,60.44,,,,
2015-03-20,61.18,62.97,61.18,62.65,,,,
2015-03-23,63.32,64.11,63.21,63.79,,,,
2015-03-24,63.06,63.85,63.06,63.48,,,,
2015-03-25,62.95,63.11,58.78,58.83,,,,
2015-03-26,58.83,59.31,58.36,58.78,,,,
2015-03-27,58.78,59.41,57.83,59.36,,,,
2015-03-30,60.52,62,60.36,62,,,,
2015-03-31,60.68,61.37,60.05,61.26,,,,
2015-04-01,60.05,62.19,59.84,62.19,,,,
2015-04-02,62.4,63.19,62.4,62.59,,,,
2015-04-06,62.75,63.7,62.65,63.31,,,,
2015-04-07,63.16,63.74,62.31,62.42,,,,
2015-04-08,63.1,63.9,62.68,63.79,,,,
2015-04-09,64.21,64.21,60.14,62.2,,,,
2015-04-10,63.31,63.79,63.1,63.26,,,,
2015-04-13,63.29,64.04,63.08,63.35,,,,
2015-04-14,63.45,63.88,62.08,63.51,,,,
2015-04-15,64.09,66.52,64.09,65.52,,,,
2015-04-16,65.09,65.46,64.78,65.25,,,,
2015-04-17,63.29,63.29,60.12,60.44,,,,
2015-04-20,62.18,64.09,61.76,63.61,,,,
2015-04-21,63.82,64.09,62.87,62.92,,,,
2015-04-22,62.18,63.82,61.39,63.4,,,,
2015-04-23,63.45,64.99,62.82,64.72,,,,
2015-04-24,64.04,64.3,63.51,63.77,,,,
2015-04-27,64.3,66.1,61.23,62.32,,,,
2015-04-28,62.75,64.44,60.89,64.23,,,,
2015-04-29,62.96,63.06,60.26,60.26,,,,
2015-04-30,58.2,58.2,52.69,53.41,,,,
2015-05-01,55.69,55.69,52.46,53.62,,,,
2015-05-04,55.47,57.38,54.57,54.76,,,,
2015-05-05,55.03,55.03,49.36,50.58,,,,
2015-05-06,50.15,51.64,49.41,51.32,,,,
2015-05-07,51.27,53.81,50.68,52.83,,,,
2015-05-08,55.33,55.33,53.55,53.55,,,,
2015-05-11,54.51,55.46,53.6,53.61,,,,
2015-05-12,50.37,53.13,49.57,52.84,,,,
2015-05-13,53.53,53.74,51.88,53.08,,,,
2015-05-14,53.61,56.11,53.61,56.06,,,,
2015-05-15,54.68,55.85,54.3,54.89,,,,
2015-05-18,54.52,58.61,54.52,57.76,,,,
2015-05-19,56.86,57.28,56.11,56.86,,,,
2015-05-20,56.7,57.76,56.01,57.07,,,,
2015-05-21,57.5,58.03,56.32,56.73,,,,
2015-05-22,56.57,56.94,54.86,55.24,,,,
2015-05-26,51.06,52.07,50.95,51.65,,,,
2015-05-27,52.02,55.11,52.02,55.11,,,,
2015-05-28,54.1,55,54.1,55,,,,
2015-05-29,54.25,54.25,51.49,52.95,,,,
2015-06-01,53.27,55.46,51.57,54.05,,,,
2015-06-02,52.77,56.39,52.71,54.69,,,,
2015-06-03,54.85,57.72,54.63,57.33,,,,
2015-06-04,56.1,56.58,54.56,54.98,,,,
2015-06-05,53.38,57.01,53.38,57.01,,,,
2015-06-08,56.18,56.61,55.17,55.54,,,,
2015-06-09,54.53,55.76,53.73,54.64,,,,
2015-06-10,56.41,59.45,56.41,58.86,,,,
2015-06-11,58.33,59.08,58.17,59.08,,,,
2015-06-12,57.47,58.81,57.47,58.28,,,,
2015-06-15,54.89,57.62,54.3,57.41,,,,
2015-06-16,57.03,58.42,56.66,58.15,,,,
2015-06-17,59.17,59.17,57.67,57.67,,,,
2015-06-18,58.9,60.62,58.9,60.46,,,,
2015-06-19,60.03,61.04,59.87,60.56,,,,
2015-06-22,61.31,61.95,61.31,61.95,,,,
2015-06-23,61.63,62.54,61.15,62.52,,,,
2015-06-24,62.31,62.31,60.97,61.08,,,,
2015-06-25,61.08,61.08,59.63,60.27,,,,
2015-06-26,60.65,61.18,58.72,60.01,,,,
2015-06-29,58.32,58.91,54.23,54.23,,,,
2015-06-30,54.98,55.51,54.44,55.3,,,,
2015-07-01,56.85,56.91,55.03,55.62,,,,
2015-07-02,55.89,55.89,53.8,54.23,,,,
2015-07-06,53.22,54.61,52.57,53.86,,,,
2015-07-07,52.79,54.13,49.89,53.81,,,,
2015-07-08,52.9,52.9,49.08,50.59,,,,
2015-07-09,52.36,52.73,50.45,50.45,,,,
2015-07-10,53.03,54.11,52.71,54.09,,,,
2015-07-13,55.32,56.35,55.16,56.35,,,,
2015-07-14,55.97,57.05,55.92,56.62,,,,
2015-07-15,56.02,59.63,54.52,59.63,,,,
2015-07-16,60.49,61.36,60.19,60.7,,,,
2015-07-17,59.83,59.98,59.07,59.37,,,,
2015-07-20,58.56,58.56,57.7,57.9,,,,
2015-07-21,58.61,58.82,56.27,56.38,,,,
2015-07-22,55.92,57.29,55.82,57.22,,,,
2015-07-23,56.51,56.76,53.1,53.1,,,,
2015-07-24,52.54,52.64,50.86,50.89,,,,
2015-07-27,48.6,49.77,48.24,48.7,,,,
2015-07-28,47.78,49.66,46.97,49.66,,,,
2015-07-29,49.21,50.22,49.21,49.82,,,,
2015-07-30,48.8,50.78,48.8,50.33,,,,
2015-07-31,51.19,53.38,51.19,52.26,,,,
2015-08-03,51.34,51.6,50.53,51.45,,,,
2015-08-04,51.45,52.26,50.43,50.43,,,,
2015-08-05,51.81,51.96,50.48,51.27,,,,
2015-08-06,50.4,50.4,47.85,48.87,,,,
2015-08-07,48.26,48.26,46.73,47.65,,,,
2015-08-10,49.13,49.59,48.57,49.59,,,,
2015-08-11,48.46,48.46,46.78,47.29,,,,
2015-08-12,45.05,46.37,43.87,46.32,,,,
2015-08-13,45.86,47.9,45.66,46.07,,,,
2015-08-14,45.86,48.03,45.4,48.03,,,,
2015-08-17,46.96,50.17,46.91,50.17,,,,
2015-08-18,49.36,49.36,48.03,48.03,,,,
2015-08-19,46.6,47.87,44.6,45.57,,,,
2015-08-20,44.3,44.3,40.13,40.13,,,,
2015-08-21,37.57,41.05,37.01,38.08,,,,
2015-08-24,27.97,35.7,27.92,27.92,,,,
2015-08-25,31.86,32.63,27.02,27.02,,,,
2015-08-26,30.09,33,26.86,33,,,,
2015-08-27,34.59,36.28,32.34,35.43,,,,
2015-08-28,34.86,36.61,34.35,36.61,,,,
2015-08-31,35.99,37.37,35.79,37.07,,,,
2015-09-01,34.15,34.15,29.64,29.9,,,,
2015-09-02,32.05,34.66,31.02,34.63,,,,
2015-09-03,35.34,36.37,33.76,33.81,,,,
2015-09-04,32.37,33.55,30.89,32.06,,,,
2015-09-08,35.29,36.98,35.04,36.98,,,,
2015-09-09,38.26,38.26,34.54,34.54,,,,
2015-09-10,34.44,36.75,34.44,36,,,,
2015-09-11,35.28,36.51,34.3,36.3,,,,
2015-09-14,36.46,36.71,35.89,36.05,,,,
2015-09-15,36.56,38.66,36.56,38.66,,,,
2015-09-16,38.82,40.15,38.46,40,,,,
2015-09-17,40.25,42.51,40.1,40.3,,,,
2015-09-18,38.1,38.56,36.94,36.94,,,,
2015-09-21,38.99,40.07,36.48,37.52,,,,
2015-09-22,36.34,36.34,33.72,34.7,,,,
2015-09-23,35.11,36.55,34.59,35.21,,,,
2015-09-24,33.77,35.57,33.62,35.42,,,,
2015-09-25,36.65,36.8,31.98,31.98,,,,
2015-09-28,31.36,31.36,27.97,27.97,,,,
2015-09-29,27.2,28.74,26.33,27.05,,,,
2015-09-30,29,29.87,27.72,29.77,,,,
2015-10-01,29.05,29.15,26.74,28.6,,,,
2015-10-02,26.81,31.08,25.37,31.08,,,,
2015-10-05,32.78,35.76,32.78,35.68,,,,
2015-10-06,35.01,35.78,33.16,33.83,,,,
2015-10-07,35.27,38.05,34.75,38.05,,,,
2015-10-08,37.69,40.83,37.69,40.75,,,,
2015-10-09,41.11,41.42,39.56,40.56,,,,
2015-10-12,39.84,41.13,39.84,41,,,,
2015-10-13,40.22,42.18,38.31,38.31,,,,
2015-10-14,38.31,39.35,35.01,35.01,,,,
2015-10-15,36.1,41.67,35.32,41.64,,,,
2015-10-16,41.33,41.33,39.47,41.17,,,,
2015-10-19,41.07,42.67,40.55,42.1,,,,
2015-10-20,41.69,42.67,41.22,41.89,,,,
2015-10-21,41.79,41.95,38.59,38.66,,,,
2015-10-22,40.06,41.5,39.7,40.93,,,,
2015-10-23,41.19,42.79,40.83,42.64,,,,
2015-10-26,41.92,42.12,40.78,41.34,,,,
2015-10-27,40.15,40.72,37.98,38.65,,,,
2015-10-28,39.27,46.09,39.27,46.09,,,,
2015-10-29,45.27,45.27,42.63,42.76,,,,
2015-10-30,42.5,42.96,40.79,41.62,,,,
2015-11-02,42.7,46.27,42.7,46.24,,,,
2015-11-03,46.24,48,45.62,47.12,,,,
2015-11-04,47.38,47.59,45.93,46.55,,,,
2015-11-05,46.92,47.8,45.52,47.54,,,,
2015-11-06,46.66,48.16,45.57,48.16,,,,
2015-11-09,47.38,47.38,44.59,45,,,,
2015-11-10,44.43,45.88,44.33,45.85,,,,
2015-11-11,45.75,46.27,44.61,44.64,,,,
2015-11-12,42.67,42.93,40.54,40.65,,,,
2015-11-13,39.4,41.11,38.68,38.89,,,,
2015-11-16,39.04,40.39,38.16,40.36,,,,
2015-11-17,39.68,41.45,39.53,39.68,,,,
2015-11-18,39.84,42.9,39.68,42.79,,,,
2015-11-19,42.27,42.84,41.76,42.48,,,,
2015-11-20,43.31,44.81,43.31,44.04,,,,
2015-11-23,44.06,45.67,44.06,44.78,,,,
2015-11-24,44.47,46.28,43.59,46.23,,,,
2015-11-25,46.13,47.53,46.13,47.3,,,,
2015-11-27,47.48,48.77,47.48,48.41,,,,
2015-11-30,48.25,49.03,47.74,48.05,,,,
2015-12-01,49.14,49.14,47.68,49.09,,,,
2015-12-02,48.98,49.29,46.54,46.8,,,,
2015-12-03,47.22,47.22,43.16,43.22,,,,
2015-12-04,44.2,45.5,43.94,45.5,,,,
2015-12-07,43.84,43.84,41.71,42.07,,,,
2015-12-08,40.93,42.02,39.94,40.74,,,,
2015-12-09,40.85,41.58,38.14,38.16,,,,
2015-12-10,38.89,39.67,37.98,37.98,,,,
2015-12-11,35.95,36.47,33.87,34.4,,,,
2015-12-14,34.25,34.25,31.49,33.31,,,,
2015-12-15,35.29,36.69,34.77,36.66,,,,
2015-12-16,37.96,39.79,36.56,39.68,,,,
2015-12-17,40.31,40.41,37.6,37.6,,,,
2015-12-18,36.87,36.92,34.32,34.72,,,,
2015-12-21,35.5,36.23,34.46,36.11,,,,
2015-12-22,35.69,38.51,35.12,38.51,,,,
2015-12-23,38.98,40.08,38.98,40.08,,,,
2015-12-24,39.77,41.02,39.66,40.5,,,,
2015-12-28,39.77,39.92,37.99,39.45,,,,
2015-12-29,41.17,42.69,40.29,42.64,,,,
2015-12-30,42.11,42.11,40.44,40.44,,,,
2015-12-31,39.4,39.82,37.16,37.16,,,,
2016-01-04,32.2,32.2,28.54,29.9,,,,
2016-01-05,30.11,31.21,29.22,30.79,,,,
2016-01-06,28.13,30.01,28.02,29.13,,,,
2016-01-07,26.31,27.1,24.75,24.76,,,,
2016-01-08,25.39,25.39,21.68,21.68,,,,
2016-01-11,21.78,22.3,20.01,21.54,,,,
2016-01-12,23.27,23.37,19.97,21.33,,,,
2016-01-13,22.28,22.28,16.68,17.2,,,,
2016-01-14,18.04,20.44,16.73,18.88,,,,
2016-01-15,15.53,16.42,13.49,16.42,,,,
2016-01-19,17.58,18.21,15.01,15.9,,,,
2016-01-20,13.91,17.89,11.82,16.76,,,,
2016-01-21,16.76,17.02,15.03,15.03,,,,
2016-01-22,16.76,18.54,16.44,18.5,,,,
2016-01-25,17.92,18.13,15.82,15.82,,,,
2016-01-26,16.92,18.5,16.82,18.1,,,,
2016-01-27,17.62,18.36,15.89,15.94,,,,
2016-01-28,17.1,17.78,16.68,17.05,,,,
2016-01-29,18.52,22.98,18.52,22.88,,,,
2016-02-01,20.69,22.79,20.06,21.81,,,,
2016-02-02,19.61,19.71,17.87,18.11,,,,
2016-02-03,17.95,17.95,15.74,16.95,,,,
2016-02-04,17.32,18.69,16.48,17.64,,,,
2016-02-05,16.95,17.11,14.01,14.01,,,,
2016-02-08,12.75,14.44,12.11,14.44,,,,
2016-02-09,13.65,15.18,13.49,14.23,,,,
2016-02-10,14.91,16.28,13.75,13.76,,,,
2016-02-11,11.76,12.6,10.97,12.24,,,,
2016-02-12,13.62,14.88,13.35,14.68,,,,
2016-02-16,16.16,17.22,15.37,17.06,,,,
2016-02-17,18.27,19.28,17.8,18.44,,,,
2016-02-18,18.12,18.97,17.7,17.75,,,,
2016-02-19,18.12,19.18,18.12,18.86,,,,
2016-02-22,20.71,20.98,20.03,20.24,,,,
2016-02-23,20.24,20.56,18.65,18.65,,,,
2016-02-24,17.91,20.71,17.75,20.71,,,,
2016-02-25,21.08,22.72,20.93,22.68,,,,
2016-02-26,23.1,23.42,22.21,22.79,,,,
2016-02-29,22.21,24.48,22.21,22.43,,,,
2016-03-01,23.38,26.93,23.22,26.93,,,,
2016-03-02,26.34,28.3,25.66,28.29,,,,
2016-03-03,28.51,30.31,28.51,30.22,,,,
2016-03-04,30.8,32.71,30.48,31.56,,,,
2016-03-07,31.93,34.48,31.93,34.48,,,,
2016-03-08,32.2,32.67,29.54,29.61,,,,
2016-03-09,30.83,31.36,30.25,31.05,,,,
2016-03-10,32.21,32.21,27.22,28.5,,,,
2016-03-11,30.73,34.6,30.73,34.6,,,,
2016-03-14,33.01,33.12,31.58,32.32,,,,
2016-03-15,30.73,31.26,29.45,29.67,,,,
2016-03-16,30.14,31.42,29.88,31.26,,,,
2016-03-17,30.62,36.14,30.62,35.13,,,,
2016-03-18,36.99,38.32,36.99,37.89,,,,
2016-03-21,38.32,38.48,36.88,37.52,,,,
2016-03-22,35.82,37.47,34.71,35.93,,,,
2016-03-23,34.76,34.76,32,32,,,,
2016-03-24,30.67,33.12,30.67,32.92,,,,
2016-03-28,33.56,34.3,31.91,33.61,,,,
2016-03-29,32.97,39.22,32.97,38.95,,,,
2016-03-30,39.91,40.49,39.33,39.96,,,,
2016-03-31,40.6,40.92,39.49,39.49,,,,
2016-04-01,37.89,41.08,37.89,40.62,,,,
2016-04-04,40.41,41.15,38.31,38.31,,,,
2016-04-05,36.39,37.83,36.02,36.18,,,,
2016-04-06,35.6,38.33,35.01,38.33,,,,
2016-04-07,37.32,37.32,33.91,34.6,,,,
2016-04-08,36.15,37.53,35.03,35.99,,,,
2016-04-11,37,38.91,36.09,36.09,,,,
2016-04-12,36.57,40.13,36.36,39.62,,,,
2016-04-13,41.27,46.17,41.27,46.14,,,,
2016-04-14,45.82,46.93,45.44,46.35,,,,
2016-04-15,45.39,48.11,45.39,47.23,,,,
2016-04-18,46.13,49.65,46.13,49.44,,,,
2016-04-19,49.54,51.25,49.38,50.29,,,,
2016-04-20,50.18,52.26,49.86,51.03,,,,
2016-04-21,51.09,51.73,49.28,49.7,,,,
2016-04-22,51.35,53.06,51.19,52.42,,,,
2016-04-25,51.89,51.89,49.76,50.69,,,,
2016-04-26,50.95,54.1,50.9,54.08,,,,
2016-04-27,54.88,55.25,53.49,54.77,,,,
2016-04-28,53.91,55.36,52.31,52.31,,,,
2016-04-29,51.94,52.42,49.43,50.77,,,,
2016-05-02,50.72,52.72,50.34,52.72,,,,
2016-05-03,50.64,50.64,47.06,48.79,,,,
2016-05-04,47.45,49.22,46.49,47.16,,,,
2016-05-05,47.16,48.17,44.96,44.96,,,,
2016-05-06,45.18,46.14,43.68,46.14,,,,
2016-05-09,46.94,47.53,45.5,46.46,,,,
2016-05-10,47.48,49.89,47,49.62,,,,
2016-05-11,48.66,49.14,46.14,46.27,,,,
2016-05-12,46.91,46.97,43.43,44.93,,,,
2016-05-13,45.25,46,43.05,43.12,,,,
2016-05-16,44.62,47.31,44.62,46.24,,,,
2016-05-17,44.95,46.24,39.36,39.65,,,,
2016-05-18,40.13,44.65,40.13,43.57,,,,
2016-05-19,43.57,43.57,39.49,40.99,,,,
2016-05-20,42.98,45.62,42.98,45.62,,,,
2016-05-23,46.5,47.2,45.69,45.77,,,,
2016-05-24,47.66,53.09,47.66,53.09,,,,
2016-05-25,53.79,54.92,53.79,54.76,,,,
2016-05-26,54.33,54.7,52.82,53.84,,,,
2016-05-27,54.11,55.89,54.11,55.89,,,,
2016-05-31,56.29,57.85,55.75,56.72,,,,
2016-06-01,55.32,58.93,55.32,58.93,,,,
2016-06-02,58.77,60.92,58.12,60.92,,,,
2016-06-03,58.93,59.31,57.21,58.77,,,,
2016-06-06,58.93,63.13,58.93,62.41,,,,
2016-06-07,62.14,63.86,61.71,62.57,,,,
2016-06-08,63.38,65.42,63.22,64.65,,,,
2016-06-09,62.23,62.71,61.26,62.21,,,,
2016-06-10,58.81,60.26,57.78,58.11,,,,
2016-06-13,57.3,59.13,55.2,55.47,,,,
2016-06-14,56.38,56.38,52.88,54.26,,,,
2016-06-15,54.53,57.28,54.53,54.93,,,,
2016-06-16,51.69,54.18,50.29,54.12,,,,
2016-06-17,54.88,55.26,52.23,53.37,,,,
2016-06-20,57.2,59.52,56.77,56.8,,,,
2016-06-21,55.88,56.42,54.31,56.15,,,,
2016-06-22,56.37,57.93,54.53,54.53,,,,
2016-06-23,58.31,60.74,58.31,60.74,,,,
2016-06-24,50.43,52.59,47.03,48.59,,,,
2016-06-27,43.3,43.3,38.33,38.76,,,,
2016-06-28,42.22,43.62,41.25,42.6,,,,
2016-06-29,45.14,48.7,45.14,47.94,,,,
2016-06-30,48.21,53.18,47.72,53.18,,,,
2016-07-01,54.21,54.37,52.54,53.21,,,,
2016-07-05,50.86,53.69,48.32,53.69,,,,
2016-07-06,52.59,55.43,52.59,55.14,,,,
2016-07-07,56.94,57.54,54.49,55.84,,,,
2016-07-08,59.09,62.79,59.09,62.7,,,,
2016-07-11,64.09,66.65,63.75,66.4,,,,
2016-07-12,68.75,71.44,68.19,70.58,,,,
2016-07-13,69.63,71.08,69.13,69.36,,,,
2016-07-14,70.57,71.42,69.86,70.05,,,,
2016-07-15,69.8,70.85,69.8,70.64,,,,
2016-07-18,70.04,71.24,69.98,70.99,,,,
2016-07-19,70.54,70.64,69.23,69.48,,,,
2016-07-20,69.18,71.04,69.18,70.59,,,,
2016-07-21,70.74,71.24,68.73,69.13,,,,
2016-07-22,68.73,71.39,68.73,71.04,,,,
2016-07-25,70.29,70.29,68.73,69.02,,,,
2016-07-26,69.77,70.27,68.82,69.92,,,,
2016-07-27,70.77,71.47,69.62,70.72,,,,
2016-07-28,69.42,70.62,69.42,70.32,,,,
2016-07-29,69.02,70.92,68.12,69.37,,,,
2016-08-01,68.57,70.03,67.72,68.37,,,,
2016-08-02,68.32,68.62,64.7,65.24,,,,
2016-08-03,65.69,67.95,65.59,67.94,,,,
2016-08-04,68.39,68.54,67.23,67.23,,,,
2016-08-05,68.84,71.11,68.84,70.96,,,,
2016-08-08,70.54,70.54,70.54,70.54,,,,
2016-08-09,70.39,70.74,70.04,70.44,,,,
2016-08-10,70.74,70.79,69.13,69.18,,,,
2016-08-11,69.83,70.44,69.03,70.04,,,,
2016-08-12,69.93,70.54,69.18,70.12,,,,
2016-08-15,70.83,71.93,70.73,71.68,,,,
2016-08-16,70.78,71.18,70.32,70.32,,,,
2016-08-17,69.42,69.87,68.46,69.62,,,,
2016-08-18,69.57,70.93,69.57,70.88,,,,
2016-08-19,69.92,71.08,69.92,70.78,,,,
2016-08-22,70.38,71.59,70.23,71.59,,,,
2016-08-23,72.35,73.41,72.35,72.84,,,,
2016-08-24,73.29,73.29,71.47,71.55,,,,
2016-08-25,71.7,72.41,71.29,72.24,,,,
2016-08-26,71.99,73.45,70.72,71.63,,,,
2016-08-29,72.04,72.44,71.63,71.99,,,,
2016-08-30,72.19,72.69,71.68,72.24,,,,
2016-08-31,72.8,72.8,71.08,71.52,,,,
2016-09-01,71.77,71.77,70.2,71.6,,,,
2016-09-02,72.01,72.87,72.01,72.81,,,,
2016-09-06,73.36,73.56,72.5,73.16,,,,
2016-09-07,73.76,75.08,73.76,74.88,,,,
2016-09-08,74.53,75.79,74.32,75.78,,,,
2016-09-09,74.21,74.21,69.1,69.1,,,,
2016-09-12,69.2,73.27,68.14,73.25,,,,
2016-09-13,71.17,71.17,66.14,67.53,,,,
2016-09-14,68.09,68.8,67.17,67.22,,,,
2016-09-15,67.58,69.77,67.58,69.77,,,,
2016-09-16,68.85,70.27,68.85,70.02,,,,
2016-09-19,71.55,73.02,70.27,71.33,,,,
2016-09-20,72.25,72.25,70.45,70.45,,,,
2016-09-21,72.13,73.24,70.65,73.24,,,,
2016-09-22,74.77,76.29,74.77,76.24,,,,
2016-09-23,76.29,76.35,75.68,75.73,,,,
2016-09-26,74.36,74.46,72.01,72.05,,,,
2016-09-27,72.41,73.43,72.31,73.38,,,,
2016-09-28,73.73,75.01,72.66,74.65,,,,
2016-09-29,74.29,74.29,71.72,71.72,,,,
2016-09-30,72.33,74.93,72.12,74.47,,,,
2016-10-03,73.25,73.4,72.23,72.89,,,,
2016-10-04,73.5,73.66,71.36,71.64,,,,
2016-10-05,72.25,73.58,72.04,72.45,,,,
2016-10-06,70.97,71.99,70.26,71.43,,,,
2016-10-07,71.33,71.48,69.39,70.05,,,,
2016-10-10,72.45,73.22,72.45,72.81,,,,
2016-10-11,71.79,71.94,67.8,68.42,,,,
2016-10-12,68.31,70,68.31,69.13,,,,
2016-10-13,66.93,68.16,66.37,66.99,,,,
2016-10-14,68.62,69.08,66.17,66.17,,,,
2016-10-17,66.66,67.17,65.89,66.18,,,,
2016-10-18,67.77,68.43,67,67.1,,,,
2016-10-19,67.1,68.79,66.59,68.18,,,,
2016-10-20,67.05,67.87,65.72,67.21,,,,
2016-10-21,65.72,66.75,65.31,66.49,,,,
2016-10-24,68.74,68.74,67.1,67.89,,,,
2016-10-25,67.02,67.02,65.28,65.33,,,,
2016-10-26,64.46,65.79,63.18,63.18,,,,
2016-10-27,62.67,62.82,59.95,60.08,,,,
2016-10-28,59.87,60.33,57.92,58.85,,,,
2016-10-31,58.64,60.03,58.18,59.62,,,,
2016-11-01,59.1,59.1,55.31,56.21,,,,
2016-11-02,55.44,56.31,53.05,53.05,,,,
2016-11-03,53.15,53.31,50.95,50.95,,,,
2016-11-04,51.51,54.8,51.51,52.64,,,,
2016-11-07,56.14,57.48,56.14,57.42,,,,
2016-11-08,56.29,58.4,55.68,57.28,,,,
2016-11-09,55.48,65.15,55.48,65.12,,,,
2016-11-10,67.59,69.8,65.94,69.13,,,,
2016-11-11,69.6,73.82,69.6,73.82,,,,
2016-11-14,75.11,75.78,74,75.19,,,,
2016-11-15,74.72,75.29,73.69,75.03,,,,
2016-11-16,74.62,75.65,74.62,75.38,,,,
2016-11-17,76.05,76.52,75.54,75.85,,,,
2016-11-18,75.74,76.52,75.38,76.52,,,,
2016-11-21,77.14,77.14,76.16,76.83,,,,
2016-11-22,77.03,78.22,76.98,78.12,,,,
2016-11-23,76.78,78.27,76.72,78.27,,,,
2016-11-25,78.17,78.94,77.96,78.94,,,,
2016-11-28,78.58,78.79,77.14,77.14,,,,
2016-11-29,76.98,77.7,76.21,76.21,,,,
2016-11-30,76.72,77.14,74.66,74.75,,,,
2016-12-01,74.4,75.74,71.92,72.44,,,,
2016-12-02,73.52,73.89,72.54,72.54,,,,
2016-12-05,74.53,75.46,74.43,75.42,,,,
2016-12-06,75.47,76.97,74.7,76.72,,,,
2016-12-07,75.94,77.65,75.73,77.42,,,,
2016-12-08,76.64,79.59,76.54,79.59,,,,
2016-12-09,79.8,80.11,79.38,79.64,,,,
2016-12-12,79.28,79.28,77.83,78.24,,,,
2016-12-13,79.18,79.18,78.19,78.56,,,,
2016-12-14,78.35,78.35,75.6,75.81,,,,
2016-12-15,75.6,77.36,75.6,76.28,,,,
2016-12-16,77.26,78.4,76.74,77.08,,,,
2016-12-19,77.96,78.58,77.44,77.8,,,,
2016-12-20,78.94,79.04,78.26,78.73,,,,
2016-12-21,78.63,78.78,77.52,77.52,,,,
2016-12-22,77.32,77.32,75.14,75.19,,,,
2016-12-23,75.92,76.9,75.86,76.89,,,,
2016-12-27,78.03,78.14,77.2,77.31,,,,
2016-12-28,76.73,76.73,74.71,75.18,,,,
2016-12-29,76.22,76.22,74.87,75.33,,,,
2016-12-30,75.44,75.44,74.35,74.66,,,,
2017-01-03,76.22,76.84,75.07,76.66,,,,
2017-01-04,77.33,79.31,77.33,79.25,,,,
2017-01-05,78.62,78.62,76.96,77.58,,,,
2017-01-06,76.85,77.22,76.39,76.44,,,,
2017-01-09,75.4,76.07,74.67,74.67,,,,
2017-01-10,74.83,76.02,74.41,75.65,,,,
2017-01-11,75.49,75.75,74.45,75.27,,,,
2017-01-12,74.38,74.38,71.99,73.48,,,,
2017-01-13,75.15,75.36,74.68,75,,,,
2017-01-17,73.33,73.85,72.65,72.65,,,,
2017-01-18,72.44,73.22,72.18,73.05,,,,
2017-01-19,72.38,72.38,70.5,70.81,,,,
2017-01-20,71.75,72.48,71.54,71.7,,,,
2017-01-23,72.17,72.17,70.24,71.01,,,,
2017-01-24,71.89,73.4,71.16,73.34,,,,
2017-01-25,74.59,75.16,74.49,74.86,,,,
2017-01-26,74.39,74.6,72.83,72.98,,,,
2017-01-27,72.51,72.57,71.78,72.25,,,,
2017-01-30,70.63,70.63,68.59,69.36,,,,
2017-01-31,69.05,70.98,68.58,70.56,,,,
2017-02-01,71.56,71.56,69.31,69.94,,,,
2017-02-02,70.04,70.77,69.73,70.15,,,,
2017-02-03,70.77,71.98,70.51,71.91,,,,
2017-02-06,71.18,71.18,69.56,69.66,,,,
2017-02-07,69.76,70.34,68.82,69.29,,,,
2017-02-08,68.61,69.03,67.67,68.86,,,,
2017-02-09,69.44,71.27,69.44,71.21,,,,
2017-02-10,71.89,73.15,71.63,73.08,,,,
2017-02-13,73.91,73.96,72.86,73.17,,,,
2017-02-14,72.86,73.12,72.39,72.88,,,,
2017-02-15,71.94,74.09,71.94,73.93,,,,
2017-02-16,74.04,74.04,72.05,72.73,,,,
2017-02-17,72.2,72.83,72.05,72.83,,,,
2017-02-21,72.87,73.6,72.08,73.03,,,,
2017-02-22,72.77,73.03,71.82,72.16,,,,
2017-02-23,72.32,72.32,70.06,71.29,,,,
2017-02-24,69.55,71.08,69.55,71.08,,,,
2017-02-27,70.87,73.02,70.87,73.02,,,,
2017-02-28,71.87,71.87,69.13,69.22,,,,
2017-03-01,70.85,71.75,70.54,71.61,,,,
2017-03-02,70.87,71.3,69.49,69.49,,,,
2017-03-03,69.59,69.75,67.91,68.38,,,,
2017-03-06,67.7,67.7,66.7,67,,,,
2017-03-07,67.1,67.1,65.62,65.62,,,,
2017-03-08,65.84,65.84,63.02,63.02,,,,
2017-03-09,62.97,63.87,61.07,61.28,,,,
2017-03-10,63.18,63.18,60.75,62.07,,,,
2017-03-13,62.5,63.08,61.7,62.44,,,,
2017-03-14,60.86,60.86,59.07,60.36,,,,
2017-03-15,61.1,65.43,61.1,64.74,,,,
2017-03-16,65.22,66.06,64.96,65.54,,,,
2017-03-17,65.01,67.33,64.8,67.12,,,,
2017-03-20,66.01,66.01,64.43,64.9,,,,
2017-03-21,65.64,65.64,60.42,60.42,,,,
2017-03-22,59.15,59.89,57.09,58.57,,,,
2017-03-23,57.73,61.58,57.73,60.55,,,,
2017-03-24,61.08,61.82,59.76,60.38,,,,
2017-03-27,57.36,61.27,56.84,60.9,,,,
2017-03-28,60.48,62.54,59.9,62.36,,,,
2017-03-29,61.99,63.58,61.94,63.45,,,,
2017-03-30,63.98,64.93,63.72,64.78,,,,
2017-03-31,64.3,66.36,64.14,66.04,,,,
2017-04-03,66.2,66.2,63.14,63.75,,,,
2017-04-04,63.28,63.8,61.74,62.95,,,,
2017-04-05,63.91,65.18,59.65,59.65,,,,
2017-04-06,60.18,62.46,59.65,61.82,,,,
2017-04-07,61.18,62.3,60.71,62.04,,,,
2017-04-10,62.04,64.11,61.09,62.15,,,,
2017-04-11,62.1,64.86,61.57,64.86,,,,
2017-04-12,64.11,64.11,60.82,60.82,,,,
2017-04-13,59.76,60.77,57.11,57.11,,,,
2017-04-17,58.28,60.66,57.37,60.66,,,,
2017-04-18,58.7,61.25,58.59,61.23,,,,
2017-04-19,62.45,63.51,61.23,61.44,,,,
2017-04-20,63.03,64.47,62.45,64.45,,,,
2017-04-21,64.08,64.71,62.96,63.53,,,,
2017-04-24,66.22,66.7,65.47,66.36,,,,
2017-04-25,67.74,69.45,67.74,68.62,,,,
2017-04-26,67.92,70.85,67.92,69.66,,,,
2017-04-27,69.72,70.41,68.17,68.71,,,,
2017-04-28,68.39,68.39,65.88,65.88,,,,
2017-05-01,66.41,67.37,65.45,66.23,,,,
2017-05-02,66.61,66.61,65.12,65.84,,,,
2017-05-03,64.35,64.56,62.59,63.37,,,,
2017-05-04,62.89,63,60.75,62.35,,,,
2017-05-05,62.52,62.73,61.34,62.64,,,,
2017-05-08,62.69,62.69,61.03,61.81,,,,
2017-05-09,62.19,62.29,61.01,61.81,,,,
2017-05-10,61.01,62.99,60.96,62.43,,,,
2017-05-11,61.42,61.42,58.96,60.33,,,,
2017-05-12,59.31,60.06,58.45,58.83,,,,
2017-05-15,59.63,61.67,59.63,60.61,,,,
2017-05-16,60.77,60.77,58.84,59.62,,,,
2017-05-17,56.4,56.4,52.52,52.52,,,,
2017-05-18,52.68,54.29,52.52,53.54,,,,
2017-05-19,53.59,55.74,53.59,53.94,,,,
2017-05-22,55.34,55.93,53.99,55.71,,,,
2017-05-23,56.09,57,54.21,56.95,,,,
2017-05-24,57,57.75,55.12,56.22,,,,
2017-05-25,56.82,57.35,55.15,55.88,,,,
2017-05-26,55.45,56.15,53.89,55.88,,,,
2017-05-30,54.43,54.43,52.49,53.06,,,,
2017-05-31,53.38,53.38,49.78,51.9,,,,
2017-06-01,52.77,57.91,52.71,57.91,,,,
2017-06-02,58.28,62.59,58.28,59.63,,,,
2017-06-05,58.66,59.47,56.99,57,,,,
2017-06-06,54.63,57,54.63,55.81,,,,
2017-06-07,55.87,56.89,55.44,56.25,,,,
2017-06-08,55.87,61.47,55.87,60.37,,,,
2017-06-09,60.8,65.12,60.8,64.09,,,,
2017-06-12,64.9,65.76,63.28,64.07,,,,
2017-06-13,64.23,65.21,63.59,64.67,,,,
2017-06-14,64.34,64.34,62.51,63.68,,,,
2017-06-15,61.41,62.76,61.41,62,,,,
2017-06-16,59.95,61.25,59.74,61.25,,,,
2017-06-19,62,62.92,61.57,62.47,,,,
2017-06-20,61.44,61.87,59.98,60.09,,,,
2017-06-21,60.42,60.74,57.93,57.93,,,,
2017-06-22,58.63,59.82,57.61,58.8,,,,
2017-06-23,59.28,60.74,57.93,60.61,,,,
2017-06-26,61.15,61.85,59.8,60.97,,,,
2017-06-27,65.24,66.54,63.76,63.76,,,,
2017-06-28,64.8,67.69,64.8,67.67,,,,
2017-06-29,67.72,68.07,64.34,66.56,,,,
2017-06-30,66.91,67.06,65.96,66.31,,,,
2017-07-03,66.96,69.3,66.96,68.8,,,,
2017-07-05,68.12,68.12,65.58,66.68,,,,
2017-07-06,64.88,65.58,63.24,63.42,,,,
2017-07-07,63.37,66.01,63.32,66.01,,,,
2017-07-10,64.88,65.93,63.49,63.59,,,,
2017-07-11,63.29,64.08,62.24,63.74,,,,
2017-07-12,64.78,66.93,64.78,65.63,,,,
2017-07-13,65.48,65.48,63.89,65.21,,,,
2017-07-14,64.72,66.41,64.72,65.56,,,,
2017-07-17,65.46,66.86,65.21,66.56,,,,
2017-07-18,64.72,65.66,64.22,65.41,,,,
2017-07-19,66.06,67.66,65.86,67.66,,,,
2017-07-20,67.26,67.86,66.41,67.16,,,,
2017-07-21,68.06,68.06,65.46,65.8,,,,
2017-07-24,65.6,66.05,64,65.85,,,,
2017-07-25,67.14,68.94,67.14,68.14,,,,
2017-07-26,67.74,68.04,65.85,66.05,,,,
2017-07-27,66.05,67.39,63.8,64.2,,,,
2017-07-28,63.15,64.1,62.35,63.65,,,,
2017-07-31,63.85,63.95,62.1,63.05,,,,
2017-08-01,63.4,63.5,62.3,63.41,,,,
2017-08-02,62.31,62.66,59.67,59.95,,,,
2017-08-03,59.04,59.59,56.75,56.84,,,,
2017-08-04,57.4,59,57.4,58.5,,,,
2017-08-07,58.15,58.95,56.7,57.65,,,,
2017-08-08,57.4,60.75,56.4,57.29,,,,
2017-08-09,55.79,55.79,53.15,53.8,,,,
2017-08-10,52.5,52.5,49.74,49.74,,,,
2017-08-11,49.14,50.05,48.09,48.72,,,,
2017-08-14,49.97,53.17,49.97,53.17,,,,
2017-08-15,53.22,53.22,50.42,50.42,,,,
2017-08-16,50.77,51.87,49.77,50.07,,,,
2017-08-17,49.22,49.77,44.89,44.89,,,,
2017-08-18,42.94,45.49,42.94,44.46,,,,
2017-08-21,43.96,44.66,43.61,44.46,,,,
2017-08-22,44.81,46.21,44.81,45.94,,,,
2017-08-23,44.73,46.19,44.73,45.54,,,,
2017-08-24,46.29,46.74,45.54,46.74,,,,
2017-08-25,46.89,47.59,45.99,46.86,,,,
2017-08-28,47.46,47.81,46.56,47.71,,,,
2017-08-29,46.01,48.07,45.41,47.66,,,,
2017-08-30,47.36,48.82,47.36,48.37,,,,
2017-08-31,48.52,51.32,48.52,50.67,,,,
2017-09-01,51.02,51.67,50.67,51.67,,,,
2017-09-05,51.32,51.43,48.97,49.12,,,,
2017-09-06,49.52,50.52,49.12,49.62,,,,
2017-09-07,49.62,49.62,48.36,49.07,,,,
2017-09-08,48.06,49.52,47.81,49.14,,,,
2017-09-11,50.37,51.73,50.37,51.3,,,,
2017-09-12,51.75,53.41,51.75,53.11,,,,
2017-09-13,52.66,55.07,52.66,55.02,,,,
2017-09-14,54.37,54.87,53.66,54.47,,,,
2017-09-15,54.07,55.57,53.81,55.57,,,,
2017-09-18,55.77,58.24,55.77,57.19,,,,
2017-09-19,57.49,57.84,57.04,57.32,,,,
2017-09-20,57.22,59.18,57.02,58.55,,,,
2017-09-21,58.2,59.21,57.88,57.88,,,,
2017-09-22,57.73,60.4,57.73,60.38,,,,
2017-09-25,60.08,61.34,59.52,60.53,,,,
2017-09-26,60.98,64.01,60.93,63.05,,,,
2017-09-27,64.21,68.49,63.55,68.12,,,,
2017-09-28,67.47,68.17,66.61,68.04,,,,
2017-09-29,68.24,68.55,67.44,67.47,,,,
2017-10-02,67.92,70.55,67.92,70.55,,,,
2017-10-03,70.4,70.45,69.64,70.27,,,,
2017-10-04,70.17,70.83,69.46,69.77,,,,
2017-10-05,70.93,71.72,70.53,71.72,,,,
2017-10-06,71.17,71.37,70.37,70.92,,,,
2017-10-09,70.92,71.02,69.97,70.11,,,,
2017-10-10,70.91,71.31,70.56,71.19,,,,
2017-10-11,71.29,71.5,70.29,70.84,,,,
2017-10-12,70.19,71.04,69.44,69.82,,,,
2017-10-13,70.08,70.58,69.57,69.71,,,,
2017-10-16,70.71,71.01,69.06,69.79,,,,
2017-10-17,69.24,70.25,68.29,68.52,,,,
2017-10-18,69.23,70.28,68.82,69.43,,,,
2017-10-19,68.62,69.38,67.77,69.02,,,,
2017-10-20,70.23,70.23,69.23,69.41,,,,
2017-10-23,69.76,69.76,67.38,67.38,,,,
2017-10-24,67.94,68.49,67.28,67.28,,,,
2017-10-25,67.18,67.18,64.41,66.26,,,,
2017-10-26,66.56,67.47,66.46,66.71,,,,
2017-10-27,65.86,67.92,65.86,67.72,,,,
2017-10-30,67.32,67.32,63.94,64.55,,,,
2017-10-31,65.45,66.16,65.05,65.55,,,,
2017-11-01,66.81,66.86,63.14,64.13,,,,
2017-11-02,63.92,65.39,63.82,65.23,,,,
2017-11-03,64.43,65.13,64.33,64.36,,,,
2017-11-06,64.76,65.42,64.06,64.44,,,,
2017-11-07,63.99,64.04,59.3,59.35,,,,
2017-11-08,57.79,58.79,56.53,58.44,,,,
2017-11-09,56.22,58.74,55.47,57.33,,,,
2017-11-10,57.69,59.25,57.46,57.46,,,,
2017-11-13,56.15,58.32,55.6,57.97,,,,
2017-11-14,56.4,58.12,56.4,58.02,,,,
2017-11-15,55.85,57.92,55.85,57.31,,,,
2017-11-16,57.66,61.25,57.66,60.49,,,,
2017-11-17,59.28,62.26,59.28,61.68,,,,
2017-11-20,61.73,63.23,61.68,63.23,,,,
2017-11-21,63.63,65.6,63.48,65.19,,,,
2017-11-22,65.55,66.81,65.14,65.14,,,,
2017-11-24,65.3,65.55,64.23,64.94,,,,
2017-11-27,64.69,65.5,64.28,64.28,,,,
2017-11-28,64.74,68.23,64.74,68.18,,,,
2017-11-29,68.74,69.95,68.74,69.58,,,,
2017-11-30,69.88,70.29,68.92,69.02,,,,
2017-12-01,68.06,68.37,62.75,67.54,,,,
2017-12-04,70.17,70.22,67.79,67.81,,,,
2017-12-05,67.15,67.51,65.48,65.48,,,,
2017-12-06,64.72,65.38,63.65,63.76,,,,
2017-12-07,63.15,65.63,63.15,64.31,,,,
2017-12-08,65.33,65.33,63.4,63.4,,,,
2017-12-11,63.71,64.52,63.1,63.23,,,,
2017-12-12,64.19,64.95,63.48,63.53,,,,
2017-12-13,63.59,65.72,63.59,64.55,,,,
2017-12-14,64.55,65.01,61.46,62.17,,,,
2017-12-15,62.47,66.83,62.47,66.07,,,,
2017-12-18,67.84,69.06,67.59,67.88,,,,
2017-12-19,68.34,68.69,65.7,65.7,,,,
2017-12-20,66.71,67.07,65.85,65.85,,,,
2017-12-21,66.97,68.29,66.51,67.51,,,,
2017-12-22,67.2,67.2,65.93,65.97,,,,
2017-12-26,66,66.41,65.29,65.29,,,,
2017-12-27,65.29,66.31,64.46,64.46,,,,
2017-12-28,65.02,65.68,64.15,65.61,,,,
2017-12-29,65.97,65.97,63.17,63.17,,,,
2018-01-02,64.32,65.95,63.46,64.18,,,,
2018-01-03,64.13,64.79,63.21,64.18,,,,
2018-01-04,65.61,66.02,63.97,64.79,,,,
2018-01-05,65.05,65.81,64.13,65.67,,,,
2018-01-08,65.21,66.32,64.25,66,,,,
2018-01-09,66,66.71,65.18,65.18,,,,
2018-01-10,64.47,65.43,64.37,65.18,,,,
2018-01-11,65.03,68.87,65.03,68.87,,,,
2018-01-12,69.12,70.49,68.97,69.93,,,,
2018-01-16,70.79,72.16,67.51,67.51,,,,
2018-01-17,68.77,70.09,68.01,70.07,,,,
2018-01-18,69.82,69.82,67.34,67.34,,,,
2018-01-19,66.58,70.12,66.58,70.11,,,,
2018-01-22,70.06,70.16,69.25,70.16,,,,
2018-01-23,70.21,71.17,69.45,71.07,,,,
2018-01-24,71.63,71.68,69.04,69.19,,,,
2018-01-25,70.01,70.01,67.32,68.54,,,,
2018-01-26,68.54,68.54,67.27,68.49,,,,
2018-01-29,67.42,67.62,66.31,66.31,,,,
2018-01-30,65.24,65.85,64.28,65.07,,,,
2018-01-31,65.53,65.94,62.79,63.25,,,,
2018-02-01,62.13,63.76,61.73,63.72,,,,
2018-02-02,62.35,62.35,58.59,58.62,,,,
2018-02-05,57.36,57.96,48.98,48.98,,,,
2018-02-06,45.57,52.03,45.57,51.6,,,,
2018-02-07,51.44,53.07,50.83,51.83,,,,
2018-02-08,52.28,52.28,43.99,43.99,,,,
2018-02-09,46.18,48.57,41.7,46.99,,,,
2018-02-12,48.06,49.49,45.77,48.29,,,,
2018-02-13,47.02,48.65,46.41,48.57,,,,
2018-02-14,46.79,52.39,46.79,52.29,,,,
2018-02-15,53.46,54.73,51.88,54.71,,,,
2018-02-16,53.69,57.36,53.69,55.45,,,,
2018-02-20,54.28,55.24,52.24,52.34,,,,
2018-02-21,53.46,56.62,53.36,53.41,,,,
2018-02-22,54.43,55.6,52.57,52.57,,,,
2018-02-23,54.05,54.61,52.52,54.61,,,,
2018-02-26,55.73,57.01,54.1,57.01,,,,
2018-02-27,56.8,57.98,52.93,53.03,,,,
2018-02-28,53.95,53.95,47.42,47.42,,,,
2018-03-01,46.71,49.92,46.04,47.44,,,,
2018-03-02,46.07,51.53,45.3,51.5,,,,
2018-03-05,49.82,55.02,49.82,54.16,,,,
2018-03-06,54.56,56.91,52.98,56.76,,,,
2018-03-07,55.74,58.7,55.53,58.03,,,,
2018-03-08,58.34,58.34,56.3,57.01,,,,
2018-03-09,58.19,61.81,58.14,61.81,,,,
2018-03-12,61.81,62.73,61.61,62.73,,,,
2018-03-13,63.29,64.05,61.09,61.43,,,,
2018-03-14,61.79,61.79,59.18,59.28,,,,
2018-03-15,59.79,59.79,57.39,58.05,,,,
2018-03-16,57.85,60.76,57.85,60.56,,,,
2018-03-19,59.57,59.57,56.19,58.75,,,,
2018-03-20,59.26,59.26,57.16,57.5,,,,
2018-03-21,57.75,60.01,57.75,59.17,,,,
2018-03-22,57.27,58.6,53.22,53.32,,,,
2018-03-23,53.58,53.58,45.64,45.64,,,,
2018-03-26,50.2,52.43,47.28,52.43,,,,
2018-03-27,51.71,52.74,47.46,47.46,,,,
2018-03-28,47.87,49.2,46.95,48.17,,,,
2018-03-29,49.51,52.12,49.05,50.28,,,,
2018-04-02,49.61,50.12,42.84,44.27,,,,
2018-04-03,46.34,49.11,46.04,48.43,,,,
2018-04-04,44.94,52.47,44.94,51.91,,,,
2018-04-05,53.38,54.14,52.17,54.09,,,,
2018-04-06,52.87,53.83,47.62,49.19,,,,
2018-04-09,50.85,51.61,48.25,48.25,,,,
2018-04-10,50.73,54.37,50.27,53.41,,,,
2018-04-11,52.14,54.37,52.14,53.56,,,,
2018-04-12,54.67,55.89,54.57,55.03,,,,
2018-04-13,55.63,55.63,53.16,53.74,,,,
2018-04-16,54.6,57.28,53.79,56.5,,,,
2018-04-17,57.56,59.54,57.46,59.34,,,,
2018-04-18,60,61.31,59.59,59.82,,,,
2018-04-19,59.62,59.77,58.1,59.16,,,,
2018-04-20,58,59.01,57.29,57.8,,,,
2018-04-23,58.05,59.06,57.04,57.9,,,,
2018-04-24,58.81,59.27,54.71,56.38,,,,
2018-04-25,55.73,56.69,54.86,55.98,,,,
2018-04-26,56.33,58.21,55.78,56.69,,,,
2018-04-27,56.94,56.99,54.91,55.22,,,,
2018-04-30,55.42,56.08,52.18,52.18,,,,
2018-05-01,50.91,53.34,49.18,53.34,,,,
2018-05-02,53.65,55.57,53.19,54,,,,
2018-05-03,53.6,53.6,50.65,51.75,,,,
2018-05-04,50.93,56.72,50.93,55.6,,,,
2018-05-07,55.96,58.44,55.96,57.23,,,,
2018-05-08,56.78,57.74,56.37,57.64,,,,
2018-05-09,57.74,59.11,56.88,58.76,,,,
2018-05-10,58.65,60.53,58.65,59.42,,,,
2018-05-11,59.47,60.79,59.11,59.97,,,,
2018-05-14,60.38,61.04,58.18,58.18,,,,
2018-05-15,57.11,59.29,57.11,58.84,,,,
2018-05-16,59.29,61.73,59.09,60.92,,,,
2018-05-17,61.12,62.75,60.77,62.37,,,,
2018-05-18,63.04,63.59,62.73,62.73,,,,
2018-05-21,63.54,64.31,63.29,64.1,,,,
2018-05-22,64.15,65.02,62.63,62.63,,,,
2018-05-23,62.07,63.75,62.07,63.46,,,,
2018-05-24,63.1,63.35,61.57,63.2,,,,
2018-05-25,62.54,63.2,62.08,63.18,,,,
2018-05-29,61.96,63.34,60.74,61.99,,,,
2018-05-30,62.71,65.41,62.71,64.78,,,,
2018-05-31,64.88,64.88,62.07,62.07,,,,
2018-06-01,62.89,63.91,62.74,63.74,,,,
2018-06-04,64.45,64.5,63.02,64.06,,,,
2018-06-05,64.16,66.05,63.91,66.05,,,,
2018-06-06,65.84,67.12,65.33,66.97,,,,
2018-06-07,67.48,67.58,65.74,65.88,,,,
2018-06-08,66.13,66.7,65.42,66.03,,,,
2018-06-11,66.13,67.05,65.88,66.9,,,,
2018-06-12,67.05,67.26,65.93,66.9,,,,
2018-06-13,66.59,66.64,65.01,65.15,,,,
2018-06-14,65.81,65.81,64.23,65.71,,,,
2018-06-15,64.12,65.45,63.82,65.45,,,,
2018-06-18,64.53,66.73,64.53,66.71,,,,
2018-06-19,65.79,67.33,64.82,67,,,,
2018-06-20,68.13,69.3,67.31,69.08,,,,
2018-06-21,68.42,68.42,66.27,66.3,,,,
2018-06-22,67.38,67.69,65.89,67.38,,,,
2018-06-25,66.25,66.25,63.49,63.85,,,,
2018-06-26,63.9,69.22,63.44,68.57,,,,
2018-06-27,68.53,68.53,64.62,64.62,,,,
2018-06-28,63.82,64.76,63.43,64.72,,,,
2018-06-29,64.91,65.41,63.92,63.92,,,,
2018-07-02,63.13,65.71,62.59,65.69,,,,
2018-07-03,65.94,67.32,65.84,66.91,,,,
2018-07-05,67.32,69.31,66.88,69.16,,,,
2018-07-06,69.21,70.89,69.21,70.55,,,,
2018-07-09,71.34,71.74,70.89,71.44,,,,
2018-07-10,72.03,72.03,69.7,70.27,,,,
2018-07-11,69.13,69.72,68.18,68.43,,,,
2018-07-12,68.53,68.88,67.19,68.13,,,,
2018-07-13,68.33,69.13,67.24,67.24,,,,
2018-07-16,67.84,67.84,65.21,66.53,,,,
2018-07-17,66.53,67.72,66.53,66.93,,,,
2018-07-18,66.48,67.17,65.78,67.17,,,,
2018-07-19,66.58,67.92,66.08,67.92,,,,
2018-07-20,67.67,68.52,67.03,67.67,,,,
2018-07-23,67.52,68.66,66.63,67.66,,,,
2018-07-24,68.4,69,65.67,66.15,,,,
2018-07-25,65.9,66.15,64.66,65.35,,,,
2018-07-26,66.1,67.94,66.1,67.19,,,,
2018-07-27,67.14,67.14,61.87,61.87,,,,
2018-07-30,62.42,63.76,61.21,61.21,,,,
2018-07-31,62,64.49,61.56,63.55,,,,
2018-08-01,63.69,63.69,61.41,63.21,,,,
2018-08-02,62.36,64.45,62.17,64.03,,,,
2018-08-03,64.58,64.83,62.19,62.64,,,,
2018-08-06,62.39,64.23,62.39,64.08,,,,
2018-08-07,64.33,64.63,63.39,63.79,,,,
2018-08-08,63.34,64.18,62.39,63.89,,,,
2018-08-09,63.99,65.28,63.99,64.78,,,,
2018-08-10,62.49,64.63,62.49,63.29,,,,
2018-08-13,62.84,63.14,60.84,61.02,,,,
2018-08-14,62.12,63.82,62.12,63.77,,,,
2018-08-15,60.55,60.55,60.55,60.55,,,,
2018-08-16,61.3,63.6,61.3,62.95,,,,
2018-08-17,61.7,63.85,61.7,63.75,,,,
2018-08-20,64.15,64.45,63.3,64.33,,,,
2018-08-21,64.88,66.78,64.88,66.26,,,,
2018-08-22,66.41,66.96,65.96,66.75,,,,
2018-08-23,66.69,66.9,65.9,66.23,,,,
2018-08-24,66.48,67.28,66.48,66.83,,,,
2018-08-27,67.63,68.78,66.73,66.73,,,,
2018-08-28,67.13,67.33,65.78,66.16,,,,
2018-08-29,65.91,67.01,65.51,66.76,,,,
2018-08-30,66.16,66.81,64.96,65.71,,,,
2018-08-31,65.01,66.66,64.91,66.61,,,,
2018-09-04,65.41,65.86,63.21,64.61,,,,
2018-09-05,63.71,64.81,62.76,64.37,,,,
2018-09-06,64.17,64.32,62.22,62.57,,,,
2018-09-07,61.27,62.42,60.47,61.52,,,,
2018-09-10,62.47,62.87,61.67,61.95,,,,
2018-09-11,60.95,61.8,60.45,61.18,,,,
2018-09-12,60.93,60.93,59.52,60.11,,,,
2018-09-13,60.91,61.46,59.35,59.7,,,,
2018-09-14,59.7,61.61,59.4,60.11,,,,
2018-09-17,60.36,60.36,58.85,59.23,,,,
2018-09-18,59.48,60.29,58.93,59.61,,,,
2018-09-19,59.56,61.07,58.76,58.86,,,,
2018-09-20,59.71,62.02,59.46,61.52,,,,
2018-09-21,61.27,62.02,60.07,60.9,,,,
2018-09-24,60.1,60.1,56.73,57.98,,,,
2018-09-25,58.24,58.39,57.63,57.63,,,,
2018-09-26,57.33,57.33,54.57,54.57,,,,
2018-09-27,54.72,55.72,54.57,54.62,,,,
2018-09-28,53.81,55.52,53.81,55.07,,,,
2018-10-01,55.37,55.57,52.4,52.6,,,,
2018-10-02,52.5,52.75,50.34,50.51,,,,
2018-10-03,50.9,53.56,50.66,53.46,,,,
2018-10-04,52.38,52.38,50.02,50.34,,,,
2018-10-05,50.29,50.54,46.75,48.35,,,,
2018-10-08,48.2,48.69,46.62,48.37,,,,
2018-10-09,47.93,49.9,47.58,47.58,,,,
2018-10-10,47.43,47.58,41.47,41.49,,,,
2018-10-11,40.95,41.99,36.54,36.54,,,,
2018-10-12,38.81,39.06,33.92,36,,,,
2018-10-15,36.24,38.12,35.6,37,,,,
2018-10-16,38.14,42.29,37.4,42.29,,,,
2018-10-17,41.35,41.65,39.77,41.24,,,,
2018-10-18,40.5,41.19,37.04,37.83,,,,
2018-10-19,37.43,39.16,35.8,35.85,,,,
2018-10-22,36.64,36.99,35.11,35.57,,,,
2018-10-23,33.25,34.78,30.87,33.51,,,,
2018-10-24,33.31,33.66,28.09,28.09,,,,
2018-10-25,28.24,32.16,28.24,31.16,,,,
2018-10-26,29.63,31.31,26.85,29.48,,,,
2018-10-29,33.05,33.05,27.75,29.18,,,,
2018-10-30,29.18,33.2,29.18,33.2,,,,
2018-10-31,35.18,35.18,32.85,32.85,,,,
2018-11-01,33.74,36.47,33.74,36.02,,,,
2018-11-02,36.86,37.41,35.53,36.57,,,,
2018-11-05,37.01,37.41,35.43,36.66,,,,
2018-11-06,36.37,38.25,36.37,37.92,,,,
2018-11-07,38.91,40.7,38.17,40.7,,,,
2018-11-08,39.51,41.15,39.51,40.35,,,,
2018-11-09,38.62,38.82,36.09,37.08,,,,
2018-11-12,36.39,36.88,33.96,33.96,,,,
2018-11-13,34.75,36.09,33.16,33.73,,,,
2018-11-14,34.52,35.36,31.54,31.84,,,,
2018-11-15,30.75,33.77,30.7,33.77,,,,
2018-11-16,32.58,34.12,31.99,33.69,,,,
2018-11-19,33.49,33.54,30.17,30.6,,,,
2018-11-20,28.91,29.45,26.87,27.02,,,,
2018-11-21,27.76,30.15,27.42,28.97,,,,
2018-11-23,27.34,29.93,27.34,29.18,,,,
2018-11-26,30.13,31.22,29.68,30.53,,,,
2018-11-27,29.68,30.28,28.84,29.23,,,,
2018-11-28,29.83,33.51,28.59,33.46,,,,
2018-11-29,33.21,33.81,31.82,32.68,,,,
2018-11-30,31.94,33.58,31.79,33.38,,,,
2018-12-03,35.32,35.32,32.48,34.54,,,,
2018-12-04,33.84,33.84,27.22,27.39,,,,
2018-12-05,27.39,27.39,27.39,27.39,,,,
2018-12-06,24.85,26.79,24.05,26.79,,,,
2018-12-07,26.64,27.63,24.35,25,,,,
2018-12-10,25.29,25.29,23.05,24.87,,,,
2018-12-11,25.27,26.37,23.82,24.78,,,,
2018-12-12,25.68,27.53,25.53,25.54,,,,
2018-12-13,25.94,25.94,23.95,24,,,,
2018-12-14,23.3,24.15,22.5,22.51,,,,
2018-12-17,21.91,22.11,18.97,19.12,,,,
2018-12-18,19.57,20.26,18.97,19.07,,,,
2018-12-19,19.17,20.06,17.12,17.62,,,,
2018-12-20,17.07,17.47,15.27,16.03,,,,
2018-12-21,15.88,16.18,13.38,13.63,,,,
2018-12-24,13.33,13.33,12.14,12.14,,,,
2018-12-26,12.59,14.79,12.19,14.55,,,,
2018-12-27,13.8,15,12.89,15,,,,
2018-12-28,15.69,17.04,14.8,15.69,,,,
2018-12-31,16.2,16.85,15.55,16.85,,,,
2019-01-02,15.6,17.93,15.5,17.93,,,,
2019-01-03,17.59,17.59,16.11,16.24,,,,
2019-01-04,16.88,19.75,16.88,19.5,,,,
2019-01-07,19.85,21.87,19.8,21.34,,,,
2019-01-08,22.28,23.51,21.24,23.47,,,,
2019-01-09,23.82,24.17,23.33,23.82,,,,
2019-01-10,22.98,24.71,22.93,24.46,,,,
2019-01-11,23.97,25.01,23.72,24.96,,,,
2019-01-14,23.62,24.02,22.59,22.61,,,,
2019-01-15,23.81,23.81,23.81,23.81,,,,
2019-01-16,24.15,25.54,24.15,25.34,,,,
2019-01-17,25,26.63,25,26.58,,,,
2019-01-18,27.12,28.46,26.63,27.82,,,,
2019-01-22,26.78,26.98,24.4,25.44,,,,
2019-01-23,25.89,26.88,24.6,25.39,,,,
2019-01-24,25.44,26.13,25.04,25.99,,,,
2019-01-25,26.93,28.31,26.93,28.21,,,,
2019-01-28,26.13,27.72,25.64,26.88,,,,
2019-01-29,26.73,26.83,25.79,25.84,,,,
2019-01-30,26.68,28.41,25.74,28.23,,,,
2019-01-31,27.98,29.86,27.88,29.47,,,,
2019-02-01,29.96,30.7,29.17,30.51,,,,
2019-02-04,30.28,32.17,29.79,32.17,,,,
2019-02-05,32.47,33.21,31.57,32.63,,,,
2019-02-06,32.58,32.68,31.74,32.48,,,,
2019-02-07,31.64,32.24,29.8,30.89,,,,
2019-02-08,30.7,31.14,30,31.09,,,,
2019-02-11,31.69,32.93,30.84,32.93,,,,
2019-02-12,34.07,35.46,34.07,34.97,,,,
2019-02-13,35.37,36.71,35.37,36.36,,,,
2019-02-14,35.56,37.55,35.56,36.46,,,,
2019-02-15,37.55,40.58,37.55,40.43,,,,
2019-02-19,39.79,41.72,39.64,41.53,,,,
2019-02-20,41.23,42.57,41.23,41.86,,,,
2019-02-21,40.97,41.52,40.42,41.29,,,,
2019-02-22,41.64,43.63,41.64,43.63,,,,
2019-02-25,45.07,45.52,42.77,42.77,,,,
2019-02-26,42.87,43.27,41.68,41.68,,,,
2019-02-27,41.08,42.57,40.43,42.18,,,,
2019-02-28,41.58,42.23,41.23,41.28,,,,
2019-03-01,42.62,43.47,41.43,43.29,,,,
2019-03-04,43.74,43.74,40.25,41.03,,,,
2019-03-05,41.13,41.13,40.08,40.08,,,,
2019-03-06,40.18,40.18,35.68,35.68,,,,
2019-03-07,35.18,35.78,33.98,34.18,,,,
2019-03-08,32.73,34.03,32.73,33.43,,,,
2019-03-11,34.13,37.18,34.08,37.16,,,,
2019-03-12,37.36,38.21,36.21,36.68,,,,
2019-03-13,37.23,38.63,37.23,37.48,,,,
2019-03-14,37.28,37.58,36.48,36.55,,,,
2019-03-15,36.8,37.65,36.45,37.17,,,,
2019-03-18,37.27,39.07,37.27,38.27,,,,
2019-03-19,39.12,39.12,36.42,36.42,,,,
2019-03-20,36.82,37.87,35.27,35.87,,,,
2019-03-21,35.67,38.72,35.67,37.27,,,,
2019-03-22,36.82,36.82,31.16,31.16,,,,
2019-03-25,31.26,32.91,30.36,32.38,,,,
2019-03-26,33.73,35.18,33.33,35.18,,,,
2019-03-27,35.43,35.58,32.68,34.93,,,,
2019-03-28,34.88,35.83,34.08,35.68,,,,
2019-03-29,36.44,36.89,35.23,35.58,,,,
2019-04-01,36.64,37.94,36.64,37.86,,,,
2019-04-02,37.66,37.76,36.91,37.44,,,,
2019-04-03,38.59,39.09,37.64,38.34,,,,
2019-04-04,38.44,39.69,38.44,39.66,,,,
2019-04-05,40.72,42.82,40.72,42.82,,,,
2019-04-08,41.92,42.27,40.82,41.97,,,,
2019-04-09,41.07,41.32,39.36,39.36,,,,
2019-04-10,39.71,42.77,39.71,42.77,,,,
2019-04-11,42.77,42.82,41.72,41.92,,,,
2019-04-12,43.32,43.73,42.17,42.79,,,,
2019-04-15,43.25,43.25,41.19,41.86,,,,
2019-04-16,42.62,43.52,42.36,43.12,,,,
2019-04-17,43.47,43.47,41.16,41.51,,,,
2019-04-18,41.11,42.01,40.76,41.45,,,,
2019-04-22,40.95,41.25,39.19,39.56,,,,
2019-04-23,40.27,44.59,40.27,43.74,,,,
2019-04-24,44.39,45.29,43.53,44.49,,,,
2019-04-25,42.73,43.53,41.47,42.88,,,,
2019-04-26,43.53,45.87,43.53,45.87,,,,
2019-04-29,46.42,48.08,46.42,47.03,,,,
2019-04-30,46.68,46.68,44.31,44.91,,,,
2019-05-01,45.32,45.47,43,43,,,,
2019-05-02,43.25,44.81,42.18,44.04,,,,
2019-05-03,44.85,49.12,44.85,49.12,,,,
2019-05-06,45.95,50.12,45.95,49.57,,,,
2019-05-07,47.76,47.96,43.69,44.65,,,,
2019-05-08,44.24,45.3,43.34,43.34,,,,
2019-05-09,41.48,43.54,40.83,43.14,,,,
2019-05-10,42.54,44.14,41.28,43.89,,,,
2019-05-13,40.18,40.23,37.61,37.97,,,,
2019-05-14,38.72,41.18,38.32,40.7,,,,
2019-05-15,39.09,41.65,39.09,41.5,,,,
2019-05-16,41.95,43.66,41.55,42.06,,,,
2019-05-17,40.6,42.06,39.79,39.79,,,,
2019-05-20,37.93,39.89,37.88,39.27,,,,
2019-05-21,40.38,42.24,40.38,41.56,,,,
2019-05-22,41.15,41.15,38.89,39.64,,,,
2019-05-23,37.38,37.38,34.2,35.11,,,,
2019-05-24,36.37,37.31,36.12,37.31,,,,
2019-05-28,37.84,38.14,36.17,36.22,,,,
2019-05-29,34.81,34.81,32.74,33.19,,,,
2019-05-30,33.85,34.71,31.78,32.69,,,,
2019-05-31,30.47,30.92,29.71,30.27,,,,
2019-06-03,30.57,31.98,29.92,31.09,,,,
2019-06-04,33.06,36.03,32.81,36.03,,,,
2019-06-05,36.29,36.29,34.32,35.03,,,,
2019-06-06,35.03,35.38,31.9,33.92,,,,
2019-06-07,34.42,36.03,34.42,35.58,,,,
2019-06-10,36.69,38.6,36.54,36.81,,,,
2019-06-11,38.22,38.57,36.1,37.11,,,,
2019-06-12,37.06,37.61,36.45,37.46,,,,
2019-06-13,37.97,39.68,37.97,39.28,,,,
2019-06-14,39.13,39.18,37.92,37.94,,,,
2019-06-17,38.69,39.3,38.49,38.63,,,,
2019-06-18,39.54,42.77,39.54,41.83,,,,
2019-06-19,41.28,43.15,41.28,43.12,,,,
2019-06-20,44.33,44.43,42.71,43.62,,,,
2019-06-21,42.31,43.47,41.45,42,,,,
2019-06-24,41.39,42.25,38.76,38.91,,,,
2019-06-25,39.42,39.97,38.46,38.81,,,,
2019-06-26,39.82,40.13,38.05,38.05,,,,
2019-06-27,39.17,43.42,39.17,43.42,,,,
2019-06-28,44.43,48.12,44.43,48.07,,,,
2019-07-01,50.2,50.2,47.46,48.32,,,,
2019-07-02,48.12,48.48,44.93,46.68,,,,
2019-07-03,47.89,48.7,47.59,48.63,,,,
2019-07-05,47.92,49.74,47.56,49.74,,,,
2019-07-08,49.08,49.59,47.21,47.21,,,,
2019-07-09,46.9,48.27,46.19,48.27,,,,
2019-07-10,49.64,50,47.31,48.02,,,,
2019-07-11,48.22,48.47,45.99,47.16,,,,
2019-07-12,47.61,50.45,47.61,49.34,,,,
2019-07-15,49.44,49.44,46.95,47.87,,,,
2019-07-16,47.51,49.08,47.51,47.76,,,,
2019-07-17,47.97,47.97,46.45,46.77,,,,
2019-07-18,46.37,47.38,46.11,47.28,,,,
2019-07-19,47.28,48.3,46.42,46.42,,,,
2019-07-22,46.62,46.82,45.76,46.59,,,,
2019-07-23,46.44,47.63,46.44,47.63,,,,
2019-07-24,47.33,52.76,47.33,52.2,,,,
2019-07-25,51.75,51.75,49.18,49.18,,,,
2019-07-26,50.2,53.86,50.2,52.92,,,,
2019-07-29,52.41,53.87,51.65,53.02,,,,
2019-07-30,51.77,56.67,51.77,56.22,,,,
2019-07-31,56.82,59.12,54.72,54.77,,,,
2019-08-01,55.07,56.37,50.02,50.02,,,,
2019-08-02,48.67,48.67,45.72,46.92,,,,
2019-08-05,42.57,42.57,37.96,39.08,,,,
2019-08-06,41.09,41.69,38.73,41.69,,,,
2019-08-07,39.73,40.94,38.03,39.7,,,,
2019-08-08,41.56,46.67,41.56,45.29,,,,
2019-08-09,44.18,44.53,42.63,42.93,,,,
2019-08-12,41.23,41.73,40.08,40.27,,,,
2019-08-13,39.76,43.83,39.76,43.02,,,,
2019-08-14,39.41,39.41,36,36,,,,
2019-08-15,36.25,36.5,34.9,35.7,,,,
2019-08-16,36.76,40.67,36.76,40.47,,,,
2019-08-19,42.72,43.63,42.37,42.42,,,,
2019-08-20,41.47,41.87,39.81,39.81,,,,
2019-08-21,41.37,42.02,41.07,41.87,,,,
2019-08-22,42.67,43.02,40.72,41.22,,,,
2019-08-23,39.91,40.62,33.65,33.65,,,,
2019-08-26,35.75,37.16,34.85,37.16,,,,
2019-08-27,38.26,38.26,33.29,33.45,,,,
2019-08-28,32.99,36.65,32.99,36.2,,,,
2019-08-29,38.46,40.62,38.46,40.07,,,,
2019-08-30,40.77,41.07,38.24,39.24,,,,
2019-09-03,37.71,38.56,35.45,35.65,,,,
2019-09-04,37.21,37.96,36.4,37.38,,,,
2019-09-05,39.98,44.25,39.83,42.67,,,,
2019-09-06,43.32,43.47,41.31,41.31,,,,
2019-09-09,42.06,46.88,41.86,46.88,,,,
2019-09-10,46.48,50.75,46.43,50.65,,,,
2019-09-11,51.4,56.92,50.85,56.92,,,,
2019-09-12,56.22,58.43,55.02,57.6,,,,
2019-09-13,59.16,60.07,58.51,59.16,,,,
2019-09-16,58.21,60.52,58.21,59.46,,,,
2019-09-17,58.71,58.81,56.8,58.31,,,,
2019-09-18,57.65,58.01,55.6,56.8,,,,
2019-09-19,57.05,59.01,55.9,55.9,,,,
2019-09-20,55.95,57.41,54.8,56.18,,,,
2019-09-23,54.77,56.48,54.17,55.66,,,,
2019-09-24,55.66,55.71,50.98,51,,,,
2019-09-25,51.35,54.93,50.8,54.22,,,,
2019-09-26,53.82,53.82,50.7,51.18,,,,
2019-09-27,51.43,52.29,48.96,49.04,,,,
2019-09-30,49.49,50.7,48.38,49.04,,,,
2019-10-01,50.05,51.56,42.97,42.97,,,,
2019-10-02,41.21,41.76,39.69,41.46,,,,
2019-10-03,40.25,41.95,39.01,41.6,,,,
2019-10-04,42.1,43.8,40.95,43.62,,,,
2019-10-07,43.07,45.37,42.32,43.45,,,,
2019-10-08,41.25,41.25,39.29,39.29,,,,
2019-10-09,41,41,39.29,40.04,,,,
2019-10-10,40.65,41.9,40.09,40.67,,,,
2019-10-11,43.92,47.62,43.92,44.54,,,,
2019-10-14,43.54,44.04,42.59,43.51,,,,
2019-10-15,44.01,47.62,43.46,46.46,,,,
2019-10-16,46.01,47.27,45.31,46.54,,,,
2019-10-17,46.84,48.84,46.84,48.79,,,,
2019-10-18,47.39,48.39,46.39,47.99,,,,
2019-10-21,50.45,51.8,50,51.17,,,,
2019-10-22,51.07,52.63,50.37,51.42,,,,
2019-10-23,50.67,52.13,50.47,51.82,,,,
2019-10-24,52.08,52.08,48.82,50.15,,,,
2019-10-25,50.1,51.7,50.1,51,,,,
2019-10-28,52.25,54.26,52.25,53.48,,,,
2019-10-29,52.73,54.49,52.63,54.24,,,,
2019-10-30,53.18,53.34,50.87,53.16,,,,
2019-10-31,52.21,52.21,49.64,50.72,,,,
2019-11-01,52.33,54.77,52.33,54.72,,,,
2019-11-04,56.25,56.8,55.35,55.35,,,,
2019-11-05,56.35,57.51,56.25,57.01,,,,
2019-11-06,56.05,56.25,54.49,54.75,,,,
2019-11-07,57.01,57.51,55.55,56.2,,,,
2019-11-08,56,57.06,56,56.41,,,,
2019-11-11,55.55,56.66,55.55,56.63,,,,
2019-11-12,56.38,57.74,56.08,56.36,,,,
2019-11-13,54.7,55.3,54.2,55.08,,,,
2019-11-14,54.78,56.24,54.78,55.11,,,,
2019-11-15,56.42,56.42,54.86,55.31,,,,
2019-11-18,54.45,54.65,53.85,54.65,,,,
2019-11-19,55.26,56.22,54.45,55.69,,,,
2019-11-20,55.09,56.25,53.62,54.36,,,,
2019-11-21,54.36,54.36,52.69,52.95,,,,
2019-11-22,54,54.61,53.2,53.93,,,,
2019-11-25,54.97,58.8,54.97,58.55,,,,
2019-11-26,58.7,59.86,58.2,58.28,,,,
2019-11-27,58.78,60.1,58.68,59.64,,,,
2019-11-29,58.43,59.79,58.43,58.93,,,,
2019-12-02,58.73,58.73,56.16,56.83,,,,
2019-12-03,53.86,54.97,53.5,54.62,,,,
2019-12-04,56.94,57.75,56.74,56.87,,,,
2019-12-05,57.88,57.88,57.07,57.35,,,,
2019-12-06,60.04,60.95,60.04,60.17,,,,
2019-12-09,59.76,60.62,59.15,59.18,,,,
2019-12-10,58.78,60.65,58.78,60.65,,,,
2019-12-11,60.45,61.06,59.59,61.06,,,,
2019-12-12,61.51,63.44,61.51,62.43,,,,
2019-12-13,62.53,62.93,60.96,61.87,,,,
2019-12-16,62.98,64.1,62.98,63.24,,,,
2019-12-17,63.34,63.74,62.63,63.64,,,,
2019-12-18,64.2,64.2,63.34,63.59,,,,
2019-12-19,63.64,64.96,63.64,64.79,,,,
2019-12-20,64.79,64.94,64.03,64.69,,,,
2019-12-23,64.18,64.79,64.18,64.57,,,,
2019-12-24,64.16,65.23,64.16,65.21,,,,
2019-12-26,65.41,65.41,64.5,64.8,,,,
2019-12-27,64.95,64.95,63.64,63.92,,,,
2019-12-30,63.01,63.97,62.81,63.31,,,,
2019-12-31,63.52,64.28,63.31,63.36,,,,
2020-01-02,64.02,64.02,62.4,63.63,,,,
2020-01-03,61.96,63.12,61.96,62.65,,,,
2020-01-06,63.1,64.31,61.2,63.99,,,,
2020-01-07,62.58,63.28,62.23,62.38,,,,
2020-01-08,62.53,63.28,62.03,62.51,,,,
2020-01-09,62.92,63.62,62.41,62.81,,,,
2020-01-10,62.21,63.07,61.46,61.59,,,,
2020-01-13,61.24,63.2,61.14,63.18,,,,
2020-01-14,62.68,64.99,62.58,63.18,,,,
2020-01-15,64.74,64.94,63.38,64.38,,,,
2020-01-16,67,68,66.9,67.28,,,,
2020-01-17,67.43,67.43,65.96,65.96,,,,
2020-01-21,65.34,65.44,64.18,64.38,,,,
2020-01-22,64.88,64.88,63.32,63.73,,,,
2020-01-23,60.96,63.88,60.96,63.31,,,,
2020-01-24,62.4,62.8,59.28,59.93,,,,
2020-01-27,57.02,58.93,57.02,57.4,,,,
2020-01-28,57.4,59.21,57.4,58.4,,,,
2020-01-29,58.86,58.86,55.33,55.43,,,,
2020-01-30,54.63,55.68,52.97,55.56,,,,
2020-01-31,54.65,54.65,49.57,49.62,,,,
2020-02-03,52.54,53.95,52.34,52.8,,,,
2020-02-04,56.13,56.38,55.22,55.22,,,,
2020-02-05,57.75,60.48,57.3,59.67,,,,
2020-02-06,59.72,60.28,58.96,58.96,,,,
2020-02-07,57.35,57.35,55.02,55.05,,,,
2020-02-10,55.2,55.94,54.75,55.94,,,,
2020-02-11,57.71,58.72,57.35,57.36,,,,
2020-02-12,58.83,58.83,57.77,57.95,,,,
2020-02-13,57.49,58.35,57.19,58.35,,,,
2020-02-14,57.64,57.64,56.23,56.43,,,,
2020-02-18,56.63,57.04,54.81,56.2,,,,
2020-02-19,57.22,57.57,56.51,56.61,,,,
2020-02-20,57.22,58.13,56,57.72,,,,
2020-02-21,56.51,56.66,55.14,55.34,,,,
2020-02-24,48.85,49.21,47.33,47.87,,,,
2020-02-25,47.36,47.36,39.4,39.4,,,,
2020-02-26,41.53,42.03,37.47,37.57,,,,
2020-02-27,31.69,36.2,29.41,29.41,,,,
2020-02-28,25.76,27.33,23.98,26.68,,,,
2020-03-02,25.56,31.29,25.16,31.29,,,,
2020-03-03,30.02,32.35,26.53,27.59,,,,
2020-03-04,29.11,32.45,28.3,32.45,,,,
2020-03-05,29.11,29.21,25.82,27.44,,,,
2020-03-06,24,25.97,21.16,24.46,,,,
2020-03-09,17.47,18.33,14.94,15.55,,,,
2020-03-10,16.21,17.62,14.23,17.47,,,,
2020-03-11,14.84,14.84,11.65,12.25,,,,
2020-03-12,8.15,8.81,7.29,7.34,,,,
2020-03-13,8,9.62,6.53,9.62,,,,
2020-03-16,7.85,7.85,5.72,5.72,,,,
2020-03-17,5.72,9.63,5.57,9.57,,,,
2020-03-18,7.5,8.26,6.28,6.59,,,,
2020-03-19,6.54,8.21,6.54,8.16,,,,
2020-03-20,7.55,8.41,6.79,6.79,,,,
2020-03-23,6.69,7.25,6.08,6.9,,,,
2020-03-24,8.37,8.77,7.45,8.77,,,,
2020-03-25,9.43,9.74,8.37,8.57,,,,
2020-03-26,9.39,11.47,9.23,11.47,,,,
2020-03-27,9.49,10.96,9.34,9.69,,,,
2020-03-30,9.84,11.57,9.84,11.52,,,,
2020-03-31,11.22,11.57,10.36,11.38,,,,
2020-04-01,9.8,10.21,8.53,9.26,,,,
2020-04-02,9.31,10.22,8.85,10.13,,,,
2020-04-03,9.73,9.88,8.31,9.02,,,,
2020-04-06,10.74,12.01,10.74,11.96,,,,
2020-04-07,11.96,13.79,10.85,11.1,,,,
2020-04-08,11.76,13.69,11.3,13.69,,,,
2020-04-09,14.75,16.02,14.35,15.98,,,,
2020-04-13,14.56,14.81,13.54,14.56,,,,
2020-04-14,16.48,16.64,15.22,15.93,,,,
2020-04-15,14.15,14.51,13.03,13.9,,,,
2020-04-16,14.2,14.4,12.93,14.4,,,,
2020-04-17,15.57,16.08,15.11,15.93,,,,
2020-04-20,15.77,16.94,15.62,15.82,,,,
2020-04-21,15.11,15.57,14.51,15.06,,,,
2020-04-22,16.18,16.53,15.67,16.18,,,,
2020-04-23,17.04,17.8,16.74,17.04,,,,
2020-04-24,17.25,18.16,16.79,18.02,,,,
2020-04-27,18.57,20.96,18.57,20.65,,,,
2020-04-28,21.62,21.87,20.5,21.18,,,,
2020-04-29,22.81,26.82,22.81,25.91,,,,
2020-04-30,23.17,23.27,21.59,21.59,,,,
2020-05-01,19,19.25,17.02,17.93,,,,
2020-05-04,17.71,18.32,17.41,18.32,,,,
2020-05-05,20.05,21.21,19.74,19.8,,,,
2020-05-06,19.8,20.72,19.45,19.7,,,,
2020-05-07,20.97,21.17,20.11,20.87,,,,
2020-05-08,20.87,23.41,20.87,23.22,,,,
2020-05-11,22.51,24.44,22.2,23.37,,,,
2020-05-12,23.37,23.67,21.18,21.18,,,,
2020-05-13,20.78,21.08,18.75,19.25,,,,
2020-05-14,17.73,19.3,17.47,19.3,,,,
2020-05-15,19.05,20.47,19.05,20.27,,,,
2020-05-18,23.62,24.74,23.22,24.49,,,,
2020-05-19,24.59,25.55,23.62,23.65,,,,
2020-05-20,25.22,26.19,25.22,25.73,,,,
2020-05-21,25.89,26.34,25.12,26.04,,,,
2020-05-22,25.94,26.65,25.63,26.65,,,,
2020-05-26,30.06,30.51,29.45,29.45,,,,
2020-05-27,31.18,32.96,29.29,32.87,,,,
2020-05-28,33.43,33.94,30.43,30.49,,,,
2020-05-29,29.17,30.24,28.25,30.24,,,,
2020-06-01,30.44,31.67,30.29,30.29,,,,
2020-06-02,30.9,31.55,30.18,31.55,,,,
2020-06-03,33.53,35.77,33.53,34.65,,,,
2020-06-04,33.89,35.72,33.79,34.86,,,,
2020-06-05,41.33,43.06,40.57,40.82,,,,
2020-06-08,44.44,45.41,43.27,44.8,,,,
2020-06-09,41.18,43.27,39.55,41.5,,,,
2020-06-10,39.77,40.03,37.02,37.02,,,,
2020-06-11,31.2,31.41,26.05,26.05,,,,
2020-06-12,31.2,31.2,25.39,29.35,,,,
2020-06-15,25.67,32.26,25.67,32,,,,
2020-06-16,36.54,36.54,33.43,35,,,,
2020-06-17,34.74,34.74,32.39,32.39,,,,
2020-06-18,32.08,33.31,31.98,32.54,,,,
2020-06-19,33.52,34.08,31.57,32.03,,,,
2020-06-22,30.4,32.94,30.4,32.94,,,,
2020-06-23,34.37,34.37,32.66,32.66,,,,
2020-06-24,31.59,31.59,28.11,28.87,,,,
2020-06-25,27.95,30.43,27.95,30.43,,,,
2020-06-26,29.61,29.71,27.92,28.32,,,,
2020-06-29,28.99,31.71,28.99,31.65,,,,
2020-06-30,31.25,33.29,30.94,32.99,,,,
2020-07-01,34.47,35.97,31.71,35.97,,,,
2020-07-02,38.17,38.57,36.37,36.47,,,,
2020-07-06,38.71,38.76,36.96,36.99,,,,
2020-07-07,35.69,36.99,34.48,34.62,,,,
2020-07-08,34.82,36.28,33.86,35.42,,,,
2020-07-09,34.82,35.02,32.66,33.61,,,,
2020-07-10,33.61,34.87,33.41,34.87,,,,
2020-07-13,35.87,37.08,32.81,32.83,,,,
2020-07-14,33.73,35.59,32.57,35.59,,,,
2020-07-15,38.1,40.37,38.1,39.36,,,,
2020-07-16,38.46,39.56,37.8,38.56,,,,
2020-07-17,38.96,40.17,38.71,39.91,,,,
2020-07-20,39.76,39.96,39.06,39.46,,,,
2020-07-21,41.02,41.93,40.32,41.22,,,,
2020-07-22,40.52,41.17,39.91,40.04,,,,
2020-07-23,40.09,41.59,39.88,40.46,,,,
2020-07-24,40.01,40.11,38.7,38.85,,,,
2020-07-27,38.95,40.06,38.65,40.06,,,,
2020-07-28,39.65,39.9,38.5,38.5,,,,
2020-07-29,39.95,41.31,39.85,41.26,,,,
2020-07-30,39.75,41.36,39.1,41.11,,,,
2020-07-31,40.96,40.96,37.34,39.21,,,,
2020-08-03,40.27,42.12,39.91,42.12,,,,
2020-08-04,41.97,42.87,41.42,42.87,,,,
2020-08-05,43.72,44.97,43.47,44.97,,,,
2020-08-06,44.62,44.82,43.67,44.72,,,,
2020-08-07,44.97,48.19,44.97,48.19,,,,
2020-08-10,49.39,50.45,48.99,49.74,,,,
2020-08-11,51.6,52.05,49.29,49.59,,,,
2020-08-12,51.4,51.4,49.54,50.1,,,,
2020-08-13,49.84,50.45,48.79,49.39,,,,
2020-08-14,48.39,49.74,48.39,49.54,,,,
2020-08-17,49.59,50.1,49.14,49.79,,,,
2020-08-18,49.79,49.79,47.99,48.36,,,,
2020-08-19,48.31,49.32,48.01,49.02,,,,
2020-08-20,48.16,48.16,46.95,47.56,,,,
2020-08-21,46.9,46.9,45.04,45.5,,,,
2020-08-24,46.35,47.71,45.75,47.71,,,,
2020-08-25,48.76,48.76,46.85,48.49,,,,
2020-08-26,48.08,48.34,46.4,46.45,,,,
2020-08-27,47.55,48.01,46.5,47.15,,,,
2020-08-28,47.55,48.16,46.8,48.11,,,,
2020-08-31,47.55,47.65,46.6,46.6,,,,
2020-09-01,45.94,48.34,45.94,48.34,,,,
2020-09-02,48.54,50.35,47.88,50.05,,,,
2020-09-03,49.79,50.1,45.27,45.97,,,,
2020-09-04,47.98,47.98,42.55,46.17,,,,
2020-09-08,43.56,44.51,42.25,42.37,,,,
2020-09-09,44.08,45.54,43.58,44.36,,,,
2020-09-10,44.76,45.26,42.59,42.59,,,,
2020-09-11,43.25,43.4,41.08,41.64,,,,
2020-09-14,43.55,45.97,43.55,45.77,,,,
2020-09-15,46.87,47.18,45.72,45.82,,,,
2020-09-16,46.32,48.43,46.32,47.07,,,,
2020-09-17,44.66,47.12,44.66,46.27,,,,
2020-09-18,47.48,48.08,44.56,46.12,,,,
2020-09-21,42.54,42.54,38.21,39.52,,,,
2020-09-22,40.38,40.38,38.11,39.92,,,,
2020-09-23,40.73,41.08,36.13,36.13,,,,
2020-09-24,35.43,38,34.57,35.73,,,,
2020-09-25,35.83,38.81,35.83,38.45,,,,
2020-09-28,40.67,42.43,40.57,41.88,,,,
2020-09-29,42.08,42.43,40.52,41.48,,,,
2020-09-30,42.54,43.9,40.67,41.6,,,,
2020-10-01,42.86,44.5,41.45,44.5,,,,
2020-10-02,41.53,45.54,41.53,45.17,,,,
2020-10-05,47.39,49.03,46.95,48.9,,,,
2020-10-06,50.44,53.36,49.23,49.23,,,,
2020-10-07,51.11,53.29,51.11,52.94,,,,
2020-10-08,54.18,55.62,53.99,55.23,,,,
2020-10-09,57.01,57.01,55.82,56.54,,,,
2020-10-12,56.2,58.13,56.2,57.93,,,,
2020-10-13,57.39,57.39,56.2,56.42,,,,
2020-10-14,56.82,57.17,54.56,54.56,,,,
2020-10-15,52.97,56.6,52.87,56.51,,,,
2020-10-16,56.46,58.1,55.91,56.78,,,,
2020-10-19,57.18,57.83,54.54,54.54,,,,
2020-10-20,55.74,56.24,54.89,55.14,,,,
2020-10-21,55.79,56.14,55.14,55.59,,,,
2020-10-22,56.68,59.42,55.54,58.92,,,,
2020-10-23,59.77,60.31,59.07,60.26,,,,
2020-10-26,58.52,58.52,54.05,56.21,,,,
2020-10-27,56.61,56.91,53.98,53.98,,,,
2020-10-28,50,51.24,47.96,48.6,,,,
2020-10-29,48.3,51.34,47.01,51.34,,,,
2020-10-30,51.39,51.39,48.55,49.05,,,,
2020-11-02,51.48,52.7,50.79,52.7,,,,
2020-11-03,56.63,60.1,56.28,59.51,,,,
2020-11-04,57.52,58.37,56.23,56.53,,,,
2020-11-05,57.82,60.85,57.82,60.2,,,,
2020-11-06,61.1,61.1,57.92,57.92,,,,
2020-11-09,72.03,75.21,71.42,71.42,,,,
2020-11-10,73.21,77.08,73.21,76.49,,,,
2020-11-11,76.98,76.98,74.8,76.04,,,,
2020-11-12,74.8,74.85,71.81,72.61,,,,
2020-11-13,74.2,76.54,74.1,75.98,,,,
2020-11-16,78.91,80.25,78.91,80.24,,,,
2020-11-17,79.2,80.69,78.05,79.95,,,,
2020-11-18,80.44,81.49,78.04,78.04,,,,
2020-11-19,77.94,79.34,77.1,79.32,,,,
2020-11-20,78.12,79.52,78.12,79.37,,,,
2020-11-23,80.36,81.91,80.06,81.26,,,,
2020-11-24,82.9,84.6,82.71,84.2,,,,
2020-11-25,84,84.1,83.3,83.65,,,,
2020-11-27,83.85,83.99,82.9,83.99,,,,
2020-11-30,83.89,83.89,81.7,81.75,,,,
2020-12-01,83.59,84.14,82.3,82.35,,,,
2020-12-02,81.8,84.09,81.8,83.69,,,,
2020-12-03,84.03,84.43,83.59,83.83,,,,
2020-12-04,84.08,86.27,84.08,86.27,,,,
2020-12-07,86.27,86.42,85.67,85.67,,,,
2020-12-08,85.57,86.96,85.22,86.96,,,,
2020-12-09,87.31,87.61,85.52,86.17,,,,
2020-12-10,85.77,87.26,85.62,87.06,,,,
2020-12-11,86.96,87.06,85.87,86.37,,,,
2020-12-14,87.51,88.26,86.57,86.57,,,,
2020-12-15,86.86,88.71,86.86,88.56,,,,
2020-12-16,88.96,88.96,88.11,88.11,,,,
2020-12-17,88.41,88.61,87.81,88.61,,,,
2020-12-18,88.56,88.96,87.66,87.66,,,,
2020-12-21,85.97,86.76,85.57,86.76,,,,
2020-12-22,86.76,87.11,86.31,86.31,,,,
2020-12-23,86.56,87.36,86.56,87.06,,,,
2020-12-24,86.86,86.91,86.51,86.71,,,,
2020-12-28,87.46,87.81,87.16,87.21,,,,
2020-12-29,87.41,87.41,85.46,86.06,,,,
2020-12-30,85.91,86.76,85.91,86.26,,,,
2020-12-31,85.86,86.66,85.61,86.37,,,,
2021-01-04,86.62,86.62,84.86,85.63,,,,
2021-01-05,85.83,87.25,85.68,86.42,,,,
2021-01-06,87.2,89.36,87.2,88.07,,,,
2021-01-07,88.37,88.91,88.17,88.56,,,,
2021-01-08,88.8,89.05,87.67,88.95,,,,
2021-01-11,88.21,88.46,87.62,88.26,,,,
2021-01-12,88.41,89,88.16,88.75,,,,
2021-01-13,89.15,89.15,88.26,88.26,,,,
2021-01-14,88.89,89.73,88.89,89.48,,,,
2021-01-15,88.99,89.14,88.31,88.4,,,,
2021-01-19,89.24,89.48,88.85,89.29,,,,
2021-01-20,89.44,89.63,88.7,89.09,,,,
2021-01-21,88.99,88.99,88.11,88.26,,,,
2021-01-22,87.77,89.14,87.77,89.14,,,,
2021-01-25,89.19,89.83,88.75,89.78,,,,
2021-01-26,90.17,90.17,89.38,89.38,,,,
2021-01-27,86.72,88.54,86.72,87.06,,,,
2021-01-28,87.8,87.9,86.62,86.71,,,,
2021-01-29,86.22,87.4,84.75,84.84,,,,
2021-02-01,86.04,87.56,84.96,86.96,,,,
2021-02-02,87.75,89.12,87.35,88.68,,,,
2021-02-03,88.68,89.22,88.04,89.03,,,,
2021-02-04,89.42,90.9,89.37,90.9,,,,
2021-02-05,91.19,91.63,90.75,91.63,,,,
2021-02-08,91.98,92.96,91.98,92.96,,,,
2021-02-09,93.06,93.3,92.42,93.06,,,,
2021-02-10,93.25,93.45,92.61,92.86,,,,
2021-02-11,92.86,92.86,91.97,92.11,,,,
2021-02-12,92.01,92.31,91.72,91.96,,,,
2021-02-16,92.3,92.3,91.76,91.81,,,,
2021-02-17,91.37,91.61,90.77,91.46,,,,
2021-02-18,91.37,91.46,90.72,90.72,,,,
2021-02-19,90.82,91.86,90.53,90.77,,,,
2021-02-22,90.33,90.87,90.13,90.33,,,,
2021-02-23,88.55,89.29,87.76,88.84,,,,
2021-02-24,89.14,90.57,89.14,90.07,,,,
2021-02-25,90.17,90.17,87.51,87.51,,,,
2021-02-26,87.8,88.1,86.42,86.59,,,,
2021-03-01,88.22,89,88.17,88.75,,,,
2021-03-02,88.85,88.85,87.62,87.62,,,,
2021-03-03,87.67,87.67,86.48,86.67,,,,
2021-03-04,86.63,86.63,83.57,84.75,,,,
2021-03-05,84.9,86.18,82.09,86.18,,,,
2021-03-08,86.92,87.27,85.54,85.89,,,,
2021-03-09,86.82,88.55,86.82,88,,,,
2021-03-10,88.79,89.14,88.3,88.69,,,,
2021-03-11,88.98,89.97,88.98,89.97,,,,
2021-03-12,89.48,90.02,89.28,90.02,,,,
2021-03-15,90.27,90.71,90.02,90.22,,,,
2021-03-16,90.22,90.37,89.23,89.23,,,,
2021-03-17,88.74,90.12,88.74,89.77,,,,
2021-03-18,89.03,89.03,87,87.05,,,,
2021-03-19,87.5,88.33,87.25,87.99,,,,
2021-03-22,88.19,88.19,87.35,87.64,,,,
2021-03-23,87.45,87.45,84.93,85.21,,,,
2021-03-24,85.61,85.71,82.3,82.3,,,,
2021-03-25,82.05,83.68,81.01,83.68,,,,
2021-03-26,83.83,84.47,83.04,84.47,,,,
2021-03-29,84.77,84.77,82.3,82.35,,,,
2021-03-30,82.05,83.34,81.51,83.04,,,,
2021-03-31,83.39,84.37,83.19,83.82,,,,
2021-04-01,84.17,85.49,84.17,85.49,,,,
2021-04-05,85.69,85.79,85.1,85.78,,,,
2021-04-06,85.58,85.73,84.99,84.99,,,,
2021-04-07,84.84,84.84,83.57,83.57,,,,
2021-04-08,83.72,84.01,83.33,83.82,,,,
2021-04-09,83.72,83.91,83.04,83.7,,,,
2021-04-12,83.55,83.55,82.43,82.57,,,,
2021-04-13,82.67,83.06,81.99,83.06,,,,
2021-04-14,83.3,84.28,83.26,83.26,,,,
2021-04-15,83.55,83.89,82.96,83.69,,,,
2021-04-16,83.6,83.6,83.11,83.6,,,,
2021-04-19,83.11,83.3,81.45,82.21,,,,
2021-04-20,81.77,82.16,80.16,80.64,,,,
2021-04-21,80.4,82.4,80.4,82.35,,,,
2021-04-22,82.79,83.67,82.25,82.3,,,,
2021-04-23,82.69,83.47,82.69,83.27,,,,
2021-04-26,83.56,84.3,83.42,83.9,,,,
2021-04-27,84.29,84.29,83.41,84,,,,
2021-04-28,83.61,83.9,83.12,83.31,,,,
2021-04-29,83.68,83.68,82.36,82.99,,,,
2021-04-30,82.75,82.75,81.72,81.82,,,,
2021-05-03,81.97,82.51,81.77,82.25,,,,
2021-05-04,81.13,81.13,79.42,79.9,,,,
2021-05-05,80.09,80.14,78.92,79.16,,,,
2021-05-06,78.53,78.53,76.87,77.99,,,,
2021-05-07,78.09,79.36,78.09,79.1,,,,
2021-05-10,78.32,78.32,76.3,76.3,,,,
2021-05-11,74.59,76.6,74.59,76.3,,,,
2021-05-12,75.47,75.77,73.86,73.91,,,,
2021-05-13,74.74,75.47,73.95,74.4,,,,
2021-05-14,74.79,76.5,74.79,76.21,,,,
2021-05-17,76.21,76.55,75.52,76.01,,,,
2021-05-18,76.11,78.02,76.11,76.49,,,,
2021-05-19,74.97,75.61,74.68,75.6,,,,
2021-05-20,75.69,76.87,75.45,76.82,,,,
2021-05-21,76.97,77.7,76.87,76.92,,,,
2021-05-24,76.82,77.31,76.72,76.96,,,,
2021-05-25,77.4,77.4,75.53,75.58,,,,
2021-05-26,75.78,77.54,75.58,77.52,,,,
2021-05-27,77.82,78.31,77.67,77.79,,,,
2021-05-28,78.29,79.02,77.29,77.29,,,,
2021-06-01,77.88,78.42,76.9,78.03,,,,
2021-06-02,77.78,78.13,77.34,78.07,,,,
2021-06-03,77.38,77.97,76.74,77.7,,,,
2021-06-04,78,78.44,77.8,77.89,,,,
2021-06-07,77.94,79.61,77.94,79.46,,,,
2021-06-08,79.66,80.1,78.97,79.76,,,,
2021-06-09,80.1,80.55,79.76,80.05,,,,
2021-06-10,79.76,80,78.97,79.85,,,,
2021-06-11,79.95,80.29,79.31,79.95,,,,
2021-06-14,80.49,80.73,79.85,80.29,,,,
2021-06-15,80.09,80.09,78.32,79.05,,,,
2021-06-16,78.75,79.2,77.57,78.75,,,,
2021-06-17,78.31,78.61,77.23,77.72,,,,
2021-06-18,76.29,76.29,73.43,74.27,,,,
2021-06-21,74.91,76.73,74.91,76.39,,,,
2021-06-22,75.8,76.19,74.37,76.07,,,,
2021-06-23,75.77,76.91,75.53,76.25,,,,
2021-06-24,76.55,77.83,76.35,77.83,,,,
2021-06-25,77.98,79.36,77.98,78.17,,,,
2021-06-28,79.55,79.94,76.04,79.94,,,,
2021-06-29,80.25,80.4,78.79,78.89,,,,
2021-06-30,77.83,78.84,77.83,78.04,,,,
2021-07-01,78.94,80,78.84,79.74,,,,
2021-07-02,79.74,79.74,77.43,77.46,,,,
2021-07-06,76.79,76.79,73.27,74.78,,,,
2021-07-07,74.98,74.98,71.61,72.92,,,,
2021-07-08,68.54,72.92,67.53,70.86,,,,
2021-07-09,72.52,74.53,72.37,74.38,,,,
2021-07-12,73.37,74.78,72.92,74.67,,,,
2021-07-13,72.86,72.86,70.49,70.49,,,,
2021-07-14,71.19,71.7,67.32,67.57,,,,
2021-07-15,65.5,67.57,64.65,67.27,,,,
2021-07-16,68.47,68.47,64.03,64.03,,,,
2021-07-19,58.08,60.5,56.07,57.69,,,,
2021-07-20,57.94,66.66,57.94,64.73,,,,
2021-07-21,66.95,69.27,66.95,68.61,,,,
2021-07-22,67.15,67.15,63.26,63.82,,,,
2021-07-23,64.63,65.03,62.05,63.95,,,,
2021-07-26,65.52,67.13,64,65.11,,,,
2021-07-27,63.04,63.09,61.18,62.64,,,,
2021-07-28,64.31,66.43,61.53,65.06,,,,
2021-07-29,66.43,68.19,66.02,66.22,,,,
2021-07-30,65.06,66.27,63.04,63.68,,,,
2021-08-02,64.94,66.41,62.36,62.36,,,,
2021-08-03,62.01,62.21,59.73,62.17,,,,
2021-08-04,60.15,61.41,58.27,58.53,,,,
2021-08-05,59.69,62.83,59.69,61.95,,,,
2021-08-06,63.93,64.33,62.2,63.72,,,,
2021-08-09,62.2,63.37,61.65,62.05,,,,
2021-08-10,61.44,63.27,61.44,62.64,,,,
2021-08-11,62.39,63.76,61.58,63.76,,,,
2021-08-12,62.79,63.05,61.32,61.83,,,,
2021-08-13,61.27,61.27,59.55,59.6,,,,
2021-08-16,56.91,58.99,56.61,57.65,,,,
2021-08-17,55.17,56.03,52.89,54.96,,,,
2021-08-18,54.36,55.93,52.94,52.94,,,,
2021-08-19,50.3,51.31,48.42,49.94,,,,
2021-08-20,48.93,53.39,48.93,52.73,,,,
2021-08-23,54.36,56.08,54.36,56.03,,,,
2021-08-24,56.59,57.6,56.28,57.25,,,,
2021-08-25,56.89,58.82,56.89,57.25,,,,
2021-08-26,57.3,57.6,55.07,55.14,,,,
2021-08-27,56.72,61.44,56.72,60.98,,,,
2021-08-30,61.23,61.23,58.42,58.42,,,,
2021-08-31,58.68,60.1,57.96,59.67,,,,
2021-09-01,59.77,60.08,58.04,59.64,,,,
2021-09-02,59.79,60.91,59.64,60.08,,,,
2021-09-03,59.11,59.11,57.34,57.96,,,,
2021-09-07,57.91,58.36,55.73,55.73,,,,
2021-09-08,54.51,54.76,52.12,52.4,,,,
2021-09-09,51.75,54.49,51.14,51.14,,,,
2021-09-10,51.34,51.54,48.85,48.85,,,,
2021-09-13,49.46,50.02,48.14,49.26,,,,
2021-09-14,49.77,49.77,45.56,45.71,,,,
2021-09-15,45.66,48.19,45.66,48.19,,,,
2021-09-16,47.94,48.6,45.76,46.85,,,,
2021-09-17,47.36,48.07,45.98,48.02,,,,
2021-09-20,43.09,43.45,40.35,42.71,,,,
2021-09-21,43.77,43.77,41.69,42.47,,,,
2021-09-22,44.1,46.9,44.1,45.55,,,,
2021-09-23,46.61,50.99,46.61,49.66,,,,
2021-09-24,48.65,50.68,48.65,49.72,,,,
2021-09-27,53.99,53.99,53.99,53.99,,,,
2021-09-28,53.38,54.04,50.02,50.12,,,,
2021-09-29,50.12,51.39,49.72,50.68,,,,
2021-09-30,50.88,52.1,47.63,47.63,,,,
2021-10-01,48.8,53.12,47.78,51.95,,,,
2021-10-04,52.07,52.07,50.98,51.35,,,,
2021-10-05,51.65,53.13,51.16,51.72,,,,
2021-10-06,49.75,50.44,47.67,50.42,,,,
2021-10-07,51.85,54.72,51.85,53.36,,,,
2021-10-08,52.96,53.9,52.02,52.15,,,,
2021-10-11,52.3,52.99,50.39,50.39,,,,
2021-10-12,50.64,51.83,50.64,51.33,,,,
2021-10-13,51.53,51.53,49.1,50.89,,,,
2021-10-14,52.87,53.86,52.82,53.86,,,,
2021-10-15,55.94,55.94,52.77,52.77,,,,
2021-10-18,52.67,53.16,51.88,52.18,,,,
2021-10-19,52.37,52.87,51.38,52.8,,,,
2021-10-20,52.15,54.78,51.9,54.46,,,,
2021-10-21,54.61,55,53.37,54.36,,,,
2021-10-22,53.96,54.46,53.27,53.81,,,,
2021-10-25,53.42,55.35,53.37,55.28,,,,
2021-10-26,54.83,55.68,53.54,53.54,,,,
2021-10-27,52.55,52.7,49.52,49.52,,,,
2021-10-28,50.81,52.8,50.81,52.8,,,,
2021-10-29,52.6,53.84,51.86,52.74,,,,
2021-11-01,53.53,58.28,53.53,58.16,,,,
2021-11-02,57.42,57.77,56.78,57.68,,,,
2021-11-03,56.88,61.74,56.88,61.3,,,,
2021-11-04,61.11,61.6,59.42,60.21,,,,
2021-11-05,61.6,63.78,61.6,62.64,,,,
2021-11-08,63.59,63.69,62.15,62.99,,,,
2021-11-09,62.3,62.3,60.91,61.68,,,,
2021-11-10,61.24,61.58,58.9,59.2,,,,
2021-11-11,60.19,60.64,59.75,59.93,,,,
2021-11-12,60.17,60.32,59.73,60.17,,,,
2021-11-15,60.52,60.52,58.29,58.58,,,,
2021-11-16,57.79,58.58,57.29,58.03,,,,
2021-11-17,57.18,57.18,55.34,56.14,,,,
2021-11-18,55.84,55.84,53.65,54.45,,,,
2021-11-19,53.15,54.15,53.1,53.33,,,,
2021-11-22,54.07,55.57,53.23,53.33,,,,
2021-11-23,53.43,53.58,52.28,53.16,,,,
2021-11-24,51.71,53.26,51.71,52.78,,,,
2021-11-26,48.03,48.03,43.44,46.03,,,,
2021-11-29,48.23,48.23,44.64,44.81,,,,
2021-11-30,43.27,43.27,39.43,40.67,,,,
2021-12-01,44.59,46.08,38.11,38.11,,,,
2021-12-02,38.61,43.79,38.61,43.46,,,,
2021-12-03,43.12,43.12,39.48,40.34,,,,
2021-12-06,43.19,46.03,43.19,45,,,,
2021-12-07,47.35,48.7,46.05,46.5,,,,
2021-12-08,46.8,48.3,46.8,48,,,,
2021-12-09,46.1,46.5,44.01,44.03,,,,
2021-12-10,45.08,45.08,42.58,43.7,,,,
2021-12-13,42.2,42.7,40.3,40.65,,,,
2021-12-14,42.1,42.8,39.41,39.41,,,,
2021-12-15,40.2,43.15,38.16,42.4,,,,
2021-12-16,43.5,44.3,40.4,40.9,,,,
2021-12-17,40.4,41.75,38.31,40.2,,,,
2021-12-20,36.46,37.56,33.81,37.53,,,,
2021-12-21,39.83,42.87,39.83,42.87,,,,
2021-12-22,42.57,44.57,42.07,44.57,,,,
2021-12-23,45.82,47.27,45.77,46.32,,,,
2021-12-27,46.82,48.92,45.47,48.92,,,,
2021-12-28,48.57,49.92,48.2,48.2,,,,
2021-12-29,47.79,48.84,47.79,48.47,,,,
2021-12-30,49.12,49.92,48.34,48.34,,,,
2021-12-31,48.14,48.64,47.79,48.34,,,,
2022-01-03,50.63,52.21,50.44,51.42,,,,
2022-01-04,53.34,53.39,51.72,52.01,,,,
2022-01-05,53.15,53.59,48.1,48.1,,,,
2022-01-06,48.74,49.72,47.65,48.71,,,,
2022-01-07,48.42,49.26,47.18,47.18,,,,
2022-01-10,45.41,46.44,43.78,46.44,,,,
2022-01-11,46.79,48.07,45.11,47.38,,,,
2022-01-12,48.96,48.96,45.51,46.3,,,,
2022-01-13,46.94,48.17,45.75,45.75,,,,
2022-01-14,44.57,46.44,43.34,46.44,,,,
2022-01-18,44.37,44.37,41.32,41.32,,,,
2022-01-19,41.37,41.76,38.31,38.36,,,,
2022-01-20,38.6,40.77,33.82,33.82,,,,
2022-01-21,33.03,36.29,31.06,31.06,,,,
2022-01-24,29.53,35,28.79,34.69,,,,
2022-01-25,33.31,35.43,29.96,33.41,,,,
2022-01-26,35.58,37.11,28.87,30.78,,,,
2022-01-27,33.15,33.15,27.22,27.82,,,,
2022-01-28,27.53,29.8,26.49,29.75,,,,
2022-01-31,28.76,33.06,28.76,33.06,,,,
2022-02-01,32.77,34.35,31.53,34.15,,,,
2022-02-02,34.2,34.2,31.68,32.95,,,,
2022-02-03,31.66,33.25,30.83,30.87,,,,
2022-02-04,30.87,32.21,28.35,31.07,,,,
2022-02-07,31.17,32.9,30.78,31.91,,,,
2022-02-08,32.21,35.02,32.21,34.78,,,,
2022-02-09,36.31,36.8,35.82,36.26,,,,
2022-02-10,34.28,37.35,33.2,33.54,,,,
2022-02-11,34.33,35.42,31.52,32.46,,,,
2022-02-14,33.05,33.74,31.47,31.76,,,,
2022-02-15,34.09,36.52,34.09,36.52,,,,
2022-02-16,36.03,37.81,35.98,37.51,,,,
2022-02-17,34.79,35.68,33.71,33.71,,,,
2022-02-18,33.21,34.75,33.06,33.41,,,,
2022-02-22,32.17,33.21,30.39,31.35,,,,
2022-02-23,32.68,32.68,28.87,28.88,,,,
2022-02-24,25.42,30.32,25.42,30.02,,,,
2022-02-25,31.46,35.92,31.46,35.92,,,,
2022-02-28,35.53,35.53,35.29,35.29,,,,
2022-03-01,33.01,33.01,28.9,29.86,,,,
2022-03-02,33.01,36.93,33.01,36.4,,,,
2022-03-03,37.15,37.15,34.47,35.38,,,,
2022-03-04,33.2,33.2,31.66,32.82,,,,
2022-03-07,32.77,32.77,29.06,29.06,,,,
2022-03-08,29.55,32.38,29.01,29.11,,,,
2022-03-09,30.84,33.97,30.84,33.05,,,,
2022-03-10,31.7,33.2,30.81,33.06,,,,
2022-03-11,34.16,34.85,31.67,31.67,,,,
2022-03-14,32.52,33.26,30.68,31.27,,,,
2022-03-15,32.02,32.22,30.83,32.18,,,,
2022-03-16,33.28,35.77,32.43,35.73,,,,
2022-03-17,35.39,37.77,35.39,37.77,,,,
2022-03-18,37.28,38.17,35.63,38.07,,,,
2022-03-21,38.62,38.62,36.68,37.33,,,,
2022-03-22,38.47,39.57,37.97,38.79,,,,
2022-03-23,37.54,37.54,34.26,34.26,,,,
2022-03-24,34.56,36.35,34.06,36.32,,,,
2022-03-25,36.77,38.06,36.77,37.61,,,,
2022-03-28,36.27,37.07,35.37,37.07,,,,
2022-03-29,40.55,41.9,39.51,41.65,,,,
2022-03-30,40.8,40.95,36.42,36.72,,,,
2022-03-31,36.87,37.91,35.12,35.14,,,,
2022-04-01,36.14,36.59,34.74,36.47,,,,
2022-04-04,36.67,36.67,34.74,35.68,,,,
2022-04-05,35.83,35.83,32.8,32.85,,,,
2022-04-06,31.41,32.05,30.56,31.44,,,,
2022-04-07,31.09,31.09,29.2,30.56,,,,
2022-04-08,30.61,30.66,29.09,29.09,,,,
2022-04-11,28.69,30.19,28.25,28.26,,,,
2022-04-12,29.36,30.9,28.41,28.52,,,,
2022-04-13,29.12,31.57,29.12,31.32,,,,
2022-04-14,31.57,31.97,30.57,30.77,,,,
2022-04-18,30.52,30.57,28.97,29.22,,,,
2022-04-19,29.87,33.36,29.87,33.11,,,,
2022-04-20,34.51,35.66,34.26,34.26,,,,
2022-04-21,35.71,35.71,31.27,31.27,,,,
2022-04-22,30.72,30.72,27.58,27.58,,,,
2022-04-25,25.68,27.53,24.48,27.49,,,,
2022-04-26,26.09,26.49,23.4,23.4,,,,
2022-04-27,23.6,24.15,22.25,22.6,,,,
2022-04-28,23.25,24.9,21.6,24.65,,,,
2022-04-29,24.15,24.4,20.75,20.81,,,,
2022-05-02,20.85,22.25,19.06,20.7,,,,
2022-05-03,20.5,22.95,20.5,22.3,,,,
2022-05-04,22.55,25.99,21.45,25.91,,,,
2022-05-05,23.31,23.36,19.57,20.51,,,,
2022-05-06,18.82,19.77,17.87,18.88,,,,
2022-05-09,17.43,17.88,15.88,16.04,,,,
2022-05-10,17.44,17.44,14.54,16.14,,,,
2022-05-11,16.09,17.49,14.74,14.89,,,,
2022-05-12,14.39,14.64,13.59,14.44,,,,
2022-05-13,15.54,17.29,15.54,16.29,,,,
2022-05-16,16.29,17.39,16.14,16.59,,,,
2022-05-17,18.69,20.28,18.59,20.21,,,,
2022-05-18,19.15,19.15,15.85,16.45,,,,
2022-05-19,15.55,16.45,15,15.45,,,,
2022-05-20,16.8,16.8,14.05,15.75,,,,
2022-05-23,16.35,17.1,16,16.81,,,,
2022-05-24,16.21,16.62,14.71,16.62,,,,
2022-05-25,16.47,18.77,16.47,18.02,,,,
2022-05-26,19.02,20.63,19.02,19.73,,,,
2022-05-27,20.79,22.89,20.79,22.81,,,,
2022-05-31,22.07,22.32,20.62,21.87,,,,
2022-06-01,22.27,22.27,19.66,21.07,,,,
2022-06-02,21.12,23.67,21.12,23.67,,,,
2022-06-03,22.82,23.02,21.97,22.43,,,,
2022-06-06,23.78,23.78,22.83,22.95,,,,
2022-06-07,22.55,24.76,22.55,24.76,,,,
2022-06-08,23.8,24.26,22.45,22.7,,,,
2022-06-09,21.95,22.5,20.5,20.56,,,,
2022-06-10,19.6,19.6,18.15,18.5,,,,
2022-06-13,17.3,17.3,14.44,14.49,,,,
2022-06-14,14.59,14.69,13.84,14.34,,,,
2022-06-15,15.14,16.24,14.54,14.9,,,,
2022-06-16,13.74,13.74,12.09,12.55,,,,
2022-06-17,12.9,13.15,12.44,12.6,,,,
2022-06-21,14.85,14.85,14.5,14.5,,,,
2022-06-22,13.65,14.55,13.65,13.95,,,,
2022-06-23,14.25,14.5,13.25,14.3,,,,
2022-06-24,16.61,17.67,16.61,17.67,,,,
2022-06-27,18.47,19.17,18.17,18.78,,,,
2022-06-28,19.83,19.83,17.42,17.42,,,,
2022-06-29,17.42,17.42,15.87,16.62,,,,
2022-06-30,15.21,16.82,14.91,16.23,,,,
2022-07-01,15.72,19.11,15.12,19.11,,,,
2022-07-05,18.21,19.22,16.8,19.18,,,,
2022-07-06,19.38,19.38,17.61,18.19,,,,
2022-07-07,19.15,20.81,19.15,20.52,,,,
2022-07-08,19.36,20.67,19.11,20.54,,,,
2022-07-11,18.72,19.18,18.62,18.63,,,,
2022-07-12,17.97,18.83,17.72,17.92,,,,
2022-07-13,18.07,18.78,17.87,18.22,,,,
2022-07-14,17.46,17.46,16,17.31,,,,
2022-07-15,18.27,19.94,17.31,19.94,,,,
2022-07-18,21.16,21.31,19.24,19.34,,,,
2022-07-19,20.3,22.98,20.3,22.63,,,,
2022-07-20,22.63,25.01,22.63,24.65,,,,
2022-07-21,23.84,25.06,22.32,25.02,,,,
2022-07-22,24.06,24.62,22.44,23.25,,,,
2022-07-25,23.15,24.56,23.15,24.34,,,,
2022-07-26,24.03,25.2,23.98,24.97,,,,
2022-07-27,25.83,28.88,25.27,28.78,,,,
2022-07-28,28.52,30.4,27.2,30.4,,,,
2022-07-29,30.4,32.48,30.4,32.03,,,,
2022-08-01,30.23,33.89,30.23,32.84,,,,
2022-08-02,32.53,33.5,31.16,31.31,,,,
2022-08-03,32.08,34.26,31.47,33.4,,,,
2022-08-04,33.29,33.45,32.11,32.11,,,,
2022-08-05,31.5,34.19,31.5,34.09,,,,
2022-08-08,35.92,37.55,34.85,36.02,,,,
2022-08-09,34.8,34.95,33.68,34.7,,,,
2022-08-10,37.65,39.32,37.65,39.32,,,,
2022-08-11,41.05,41.86,40.39,40.7,,,,
2022-08-12,41.31,44.66,41.31,44.66,,,,
2022-08-15,43.34,45.02,43.29,44.99,,,,
2022-08-16,44.43,46.56,44.28,45.7,,,,
2022-08-17,43.72,44.38,42.09,43,,,,
2022-08-18,42.64,44.58,42.64,44.42,,,,
2022-08-19,42.08,42.08,39.64,40.12,,,,
2022-08-22,37.16,37.16,34.87,34.97,,,,
2022-08-23,36.15,36.71,35.23,35.23,,,,
2022-08-24,35.48,36.96,35.48,36.32,,,,
2022-08-25,37.39,39.63,37.39,39.63,,,,
2022-08-26,39.58,39.58,33.62,33.63,,,,
2022-08-29,31.8,32.51,31.39,31.6,,,,
2022-08-30,31.8,31.8,28.49,28.79,,,,
2022-08-31,28.95,29.25,27.77,27.82,,,,
2022-09-01,25.99,26.5,24.92,26.5,,,,
2022-09-02,27.87,29.3,25.53,25.59,,,,
2022-09-06,26.31,26.31,23.81,24.01,,,,
2022-09-07,23.86,27.6,23.86,27.6,,,,
2022-09-08,26.83,28.82,26.83,28.67,,,,
2022-09-09,30.1,31.93,30.1,31.58,,,,
2022-09-12,33.57,34.79,33.57,34.79,,,,
2022-09-13,31.42,31.42,27.34,27.51,,,,
2022-09-14,27.25,28.73,27.15,28.63,,,,
2022-09-15,28.17,30.11,27.66,28.38,,,,
2022-09-16,25.98,26.54,24.34,26.46,,,,
2022-09-19,24.93,27.28,24.93,27.13,,,,
2022-09-20,25.75,26.16,24.98,26.11,,,,
2022-09-21,26.36,27.23,23.65,23.7,,,,
2022-09-22,22.07,22.12,20.49,20.95,,,,
2022-09-23,17.93,17.93,16.35,17.42,,,,
2022-09-26,17.68,18.8,16.14,16.25,,,,
2022-09-27,17.43,18.35,15.33,16.41,,,,
2022-09-28,17.07,21.47,17.07,20.3,,,,
2022-09-29,19.01,19.01,16.82,17.79,,,,
2022-09-30,17.64,20.33,17.33,17.33,,,,
2022-10-03,18.75,20.89,18.75,20.65,,,,
2022-10-04,24.77,26.57,24.77,26.57,,,,
2022-10-05,25.2,26.62,23.82,26.32,,,,
2022-10-06,26.62,26.62,25.05,25.25,,,,
2022-10-07,24.23,24.23,21.69,21.77,,,,
2022-10-10,21.87,22.64,21.06,21.62,,,,
2022-10-11,21.16,22.99,19.78,21.37,,,,
2022-10-12,20.76,22.5,20.4,21.58,,,,
2022-10-13,19.48,26.58,19.48,26.53,,,,
2022-10-14,27.09,27.09,23.11,23.11,,,,
2022-10-17,26.32,27.85,26.32,27.66,,,,
2022-10-18,29.96,29.96,27.87,28.99,,,,
2022-10-19,28.12,28.63,25.21,27.27,,,,
2022-10-20,27.22,28.54,24.77,25.24,,,,
2022-10-21,26.62,29.38,26.36,29.38,,,,
2022-10-24,29.48,30.19,29.33,29.97,,,,
2022-10-25,30.38,34.11,30.38,33.75,,,,
2022-10-26,34.83,37.59,34.83,34.88,,,,
2022-10-27,36.62,38.26,35.34,35.54,,,,
2022-10-28,36.47,39.94,35.44,39.89,,,,
2022-10-31,38.97,40.46,38.97,39.94,,,,
2022-11-01,41.48,41.53,40,40.48,,,,
2022-11-02,39.25,39.35,35.67,35.68,,,,
2022-11-03,33.23,35.38,33.23,34.35,,,,
2022-11-04,36.4,37.53,34.56,37.17,,,,
2022-11-07,37.94,39.32,36.91,38.76,,,,
2022-11-08,39.28,40.51,37.02,39.07,,,,
2022-11-09,36.76,37.12,34.15,34.15,,,,
2022-11-10,40.25,44.82,40.25,44.61,,,,
2022-11-11,45.43,46.97,45.12,45.43,,,,
2022-11-14,44.56,46.41,43.64,43.64,,,,
2022-11-15,45.58,46.97,45.53,45.61,,,,
2022-11-16,44.68,44.68,42.58,42.6,,,,
2022-11-17,40.96,42.29,39.93,42.24,,,,
2022-11-18,44.09,44.09,41.83,42.73,,,,
2022-11-21,41.7,41.91,40.78,41.85,,,,
2022-11-22,42.42,44.06,42.32,44.06,,,,
2022-11-23,43.55,44.53,43.09,44.09,,,,
2022-11-25,44.14,45.06,44.14,44.65,,,,
2022-11-28,43.37,43.37,40.54,40.75,,,,
2022-11-29,40.85,42.18,40.85,41.62,,,,
2022-11-30,42.13,45.83,40.23,45.83,,,,
2022-12-01,47.37,47.37,45.27,45.94,,,,
2022-12-02,44.6,47.43,44.6,46.81,,,,
2022-12-05,45.37,45.37,41.57,41.82,,,,
2022-12-06,41.72,41.72,38.95,39.67,,,,
2022-12-07,39.36,40.75,39.05,39.05,,,,
2022-12-08,39.2,41.62,39.2,39.87,,,,
2022-12-09,39.26,39.31,37.51,37.51,,,,
2022-12-12,38.07,40.18,37.92,39.97,,,,
2022-12-13,46.6,46.6,41.05,41.77,,,,
2022-12-14,41.67,42.75,39.1,39.56,,,,
2022-12-15,36.84,36.84,33.91,34.48,,,,
2022-12-16,32.42,33.91,31.55,33.91,,,,
2022-12-19,34.01,34.06,31.65,32.11,,,,
2022-12-20,32.83,33.6,32.33,32.33,,,,
2022-12-21,33.77,35.93,33.77,35.37,,,,
2022-12-22,33.62,33.62,30.33,32.95,,,,
2022-12-23,32.9,34.34,32.49,34.08,,,,
2022-12-27,34.24,34.96,33.36,33.83,,,,
2022-12-28,33.98,34.29,30.33,30.33,,,,
2022-12-29,31.92,35.78,31.92,35.64,,,,
2022-12-30,34.24,34.86,33.67,34.6,,,,
2023-01-03,35.94,35.94,31.87,33.98,,,,
2023-01-04,34.75,36.71,34.75,35.03,,,,
2023-01-05,32.97,34.51,32.97,33.84,,,,
2023-01-06,35.6,38.58,35.6,38.4,,,,
2023-01-09,39.43,40.46,38.24,38.49,,,,
2023-01-10,38.64,40.55,38.33,40.52,,,,
2023-01-11,41.45,43.57,41.45,43.57,,,,
2023-01-12,43.88,47.23,43.21,47.23,,,,
2023-01-13,45.99,48.47,45.99,48.42,,,,
2023-01-17,48.37,48.78,47.59,47.85,,,,
2023-01-18,48.83,49.66,43.87,43.87,,,,
2023-01-19,42.63,43.77,40.93,42.7,,,,
2023-01-20,43.32,46.32,43.32,46.32,,,,
2023-01-23,46.58,49.53,46.58,49.01,,,,
2023-01-24,47.93,49.01,47.93,47.98,,,,
2023-01-25,45.96,48.65,45.24,48.65,,,,
2023-01-26,49.01,49.79,47.67,49.74,,,,
2023-01-27,49.94,52.12,48.86,51.24,,,,
2023-01-30,49.53,51.24,48.7,48.7,,,,
2023-01-31,49.68,54.39,49.68,54.39,,,,
2023-02-01,54.65,58.99,53.92,57.85,,,,
2023-02-02,60.39,64.37,60.39,64.11,,,,
2023-02-03,62.45,64,61.52,61.86,,,,
2023-02-06,61.39,61.39,58.75,58.75,,,,
2023-02-07,57.77,60.25,56.52,59.89,,,,
2023-02-08,58.75,59.37,56.83,56.83,,,,
2023-02-09,58.18,58.44,52.79,53.31,,,,
2023-02-10,52.48,53.88,52.07,53.67,,,,
2023-02-13,52.95,55.64,52.95,55.44,,,,
2023-02-14,56.26,56.26,52.64,54.45,,,,
2023-02-15,53.41,57.46,53.41,57.43,,,,
2023-02-16,54.38,56.81,54.38,54.69,,,,
2023-02-17,54.84,55.78,53.65,55.72,,,,
2023-02-21,53.86,53.86,49.66,49.66,,,,
2023-02-22,51.01,51.68,49.19,50,,,,
2023-02-23,52.74,52.74,48.85,51.42,,,,
2023-02-24,48.52,49.35,47.58,49.27,,,,
2023-02-27,51.14,52.02,49.03,49.03,,,,
2023-02-28,49.4,50.85,49.27,49.27,,,,
2023-03-01,48.54,49.32,48.02,48.61,,,,
2023-03-02,47,48.87,47,48.87,,,,
2023-03-03,49.5,51.58,49.34,51.45,,,,
2023-03-06,51.45,51.72,47.28,48.17,,,,
2023-03-07,47.86,47.86,45.15,45.77,,,,
2023-03-08,45.93,46.76,44.78,46.14,,,,
2023-03-09,45.98,46.24,40.09,40.09,,,,
2023-03-10,36.96,38,32.42,34.35,,,,
2023-03-13,31.33,33.26,31.33,31.66,,,,
2023-03-14,35.68,36.3,33.8,34.95,,,,
2023-03-15,31.35,32.65,30.04,32.65,,,,
2023-03-16,30.67,35.36,30.2,34.42,,,,
2023-03-17,32.81,32.81,30.41,30.72,,,,
2023-03-20,32.02,33.75,32.02,32.96,,,,
2023-03-21,34.84,36.15,34.68,34.98,,,,
2023-03-22,34.51,35.24,31.17,31.19,,,,
2023-03-23,32.86,34.01,28.73,30.25,,,,
2023-03-24,28,31.76,28,31.6,,,,
2023-03-27,33.07,33.9,32.6,33.38,,,,
2023-03-28,32.65,33.8,32.65,32.88,,,,
2023-03-29,33.82,34.44,33.4,34.41,,,,
2023-03-30,35.66,35.66,33.89,34.41,,,,
2023-03-31,35.77,38.54,35.77,38.54,,,,
2023-04-03,38.91,38.91,36.03,38.21,,,,
2023-04-04,38.26,38.26,34.39,35.35,,,,
2023-04-05,33.21,33.31,32.37,33.21,,,,
2023-04-06,32.74,33.94,32.74,33.31,,,,
2023-04-10,33.15,35.14,33.15,34.93,,,,
2023-04-11,35.82,37.6,35.82,36.71,,,,
2023-04-12,37.55,37.55,35.19,35.3,,,,
2023-04-13,37.55,37.65,35.19,37.65,,,,
2023-04-14,37.55,38.38,34.51,35.82,,,,
2023-04-17,36.55,37.29,35.66,37.02,,,,
2023-04-18,37.08,37.13,35.14,35.82,,,,
2023-04-19,34.93,36.19,34.88,35.84,,,,
2023-04-20,34.85,35.89,34.79,35.74,,,,
2023-04-21,36.15,36.15,34.64,35.28,,,,
2023-04-24,35.02,35.96,34.18,34.97,,,,
2023-04-25,33.08,33.29,31.16,31.16,,,,
2023-04-26,30.38,30.69,29.12,29.59,,,,
2023-04-27,30.22,31.43,29.02,31.37,,,,
2023-04-28,31.43,33.52,31.43,32.68,,,,
2023-05-01,33.68,34.67,32.53,33.08,,,,
2023-05-02,30.99,30.99,29.05,30.3,,,,
2023-05-03,30.93,32.93,30.93,31.09,,,,
2023-05-04,29.83,29.83,27.94,28.59,,,,
2023-05-05,31.16,32.37,31.16,32,,,,
2023-05-08,32.84,32.84,31.26,31.6,,,,
2023-05-09,30.39,31.91,30.07,31.6,,,,
2023-05-10,33.8,33.8,31.39,32.65,,,,
2023-05-11,31.7,31.7,31.02,31.33,,,,
2023-05-12,32.07,32.12,30.86,31.44,,,,
2023-05-15,31.65,33.22,31.65,33.22,,,,
2023-05-16,32.17,32.33,31.49,31.88,,,,
2023-05-17,32.19,34.92,31.72,34.64,,,,
2023-05-18,33.7,35.8,33.64,35.59,,,,
2023-05-19,36.85,36.85,34.8,35.12,,,,
2023-05-22,35.54,37.96,35.54,37.08,,,,
2023-05-23,37.66,39.13,36.82,36.87,,,,
2023-05-24,35.92,35.92,34.19,35.08,,,,
2023-05-25,34.35,34.35,31.66,32.47,,,,
2023-05-26,32.63,35.21,32.63,35.05,,,,
2023-05-30,35.31,35.31,33.68,34.05,,,,
2023-05-31,33.1,33.31,31.68,33.26,,,,
2023-06-01,33,35,32.89,34.17,,,,
2023-06-02,36.86,40.66,36.44,40.66,,,,
2023-06-05,39.82,39.82,37.91,37.91,,,,
2023-06-06,37.75,43.75,37.75,43.33,,,,
2023-06-07,46.7,48.13,46.34,47.65,,,,
2023-06-08,45.44,46.65,45.07,46.39,,,,
2023-06-09,46.23,46.23,44.6,44.62,,,,
2023-06-12,44.78,46.04,44.36,44.73,,,,
2023-06-13,46.57,47.89,46.57,47.31,,,,
2023-06-14,48.1,48.15,44.83,45.41,,,,
2023-06-15,45.36,46.62,44.88,46.62,,,,
2023-06-16,46.83,46.83,44.72,45.45,,,,
2023-06-20,44.47,44.74,43.63,44.45,,,,
2023-06-21,42.97,44.29,42.44,43.09,,,,
2023-06-22,42.19,42.19,40.77,41,,,,
2023-06-23,38.88,40.37,38.57,39.15,,,,
2023-06-26,39.47,40.95,39.31,39.31,,,,
2023-06-27,39.73,42.75,39.73,42.11,,,,
2023-06-28,41.37,43.01,41.37,42.98,,,,
2023-06-29,44.41,45.05,44.2,44.83,,,,
2023-06-30,50.32,50.32,49.07,49.27,,,,
2023-07-03,49.37,50.22,48.97,49.67,,,,
2023-07-05,48.37,48.82,47.62,48.12,,,,
2023-07-06,45.81,45.81,42.11,44.91,,,,
2023-07-07,45.71,48.27,45.71,47.09,,,,
2023-07-10,47.59,49.69,47.59,49.24,,,,
2023-07-11,50.2,51.2,49.44,51.2,,,,
2023-07-12,54.4,54.4,53.3,53.4,,,,
2023-07-13,53.4,54.75,53.4,54.58,,,,
2023-07-14,54.58,54.58,50.82,51.82,,,,
2023-07-17,51.82,53.88,51.27,52.78,,,,
2023-07-18,52.78,56.24,52.78,56.24,,,,
2023-07-19,57.04,58.04,57.04,57.94,,,,
2023-07-20,57.94,57.94,55.93,56.94,,,,
2023-07-21,56.94,57.49,55.58,55.83,,,,
2023-07-24,56.69,56.84,55.48,56.77,,,,
2023-07-25,56.77,56.82,55.01,55.11,,,,
2023-07-26,55.11,58.42,55.11,58.05,,,,
2023-07-27,58.05,58.7,54.18,54.59,,,,
2023-07-28,54.59,57.55,54.59,57.04,,,,
2023-07-31,57.9,59.31,57.9,59.31,,,,
2023-08-01,59.31,59.31,56,57.2,,,,
2023-08-02,57.2,57.2,54.64,54.94,,,,
2023-08-03,54.94,56,53.39,54.77,,,,
2023-08-04,54.62,56.73,54.22,54.62,,,,
2023-08-07,54.62,55.12,53.06,54.47,,,,
2023-08-08,54.47,54.47,50.4,53.61,,,,
2023-08-09,53.61,53.61,51.2,52.11,,,,
2023-08-10,52.11,54.27,50.6,51.2,,,,
2023-08-11,50.55,51.35,50.55,50.77,,,,
2023-08-14,48.61,49.77,48.31,49.32,,,,
2023-08-15,49.32,49.32,45.8,45.84,,,,
2023-08-16,45.84,46.5,43.38,43.38,,,,
2023-08-17,43.38,44.28,41.72,41.74,,,,
2023-08-18,41.74,43.05,41.49,42.74,,,,
2023-08-21,42.74,42.74,41.69,41.8,,,,
2023-08-22,41.8,42.61,41.09,41.2,,,,
2023-08-23,41.2,43.82,41.2,43.36,,,,
2023-08-24,43.36,43.41,41.19,41.19,,,,
2023-08-25,41.19,42.55,40.48,41.84,,,,
2023-08-28,41.84,44.16,41.84,43.51,,,,
2023-08-29,43.51,45.83,43.51,45.78,,,,
2023-08-30,45.78,46.74,45.73,45.93,,,,
2023-08-31,45.93,46.59,44.82,44.82,,,,
2023-09-01,44.82,47.6,44.82,47.17,,,,
2023-09-05,44.28,44.53,42.66,42.66,,,,
2023-09-06,42.66,44.08,40.74,41.88,,,,
2023-09-07,40.26,40.26,38.89,39.85,,,,
2023-09-08,39.85,39.85,38.99,39.25,,,,
2023-09-11,39.25,40.41,39.25,39.7,,,,
2023-09-12,39.7,40.51,39.6,39.75,,,,
2023-09-13,39.75,39.75,37.93,37.93,,,,
2023-09-14,39.35,40.66,39.35,40.38,,,,
2023-09-15,40.38,40.38,37.9,38.98,,,,
2023-09-18,38.98,38.98,37.72,37.72,,,,
2023-09-19,37.72,38.43,36.6,36.91,,,,
2023-09-20,36.91,39.03,35.64,35.64,,,,
2023-09-21,35.64,35.64,33.01,33.01,,,,
2023-09-22,33.01,33.67,32.4,32.4,,,,
2023-09-25,32.37,33.63,31.96,33.35,,,,
2023-09-26,33.45,33.45,30.86,30.86,,,,
2023-09-27,30.86,32.99,30.86,32.38,,,,
2023-09-28,32.38,34.21,32.38,33.31,,,,
2023-09-29,33.31,34.12,32.04,32.47,,,,
2023-10-02,32.47,32.62,29.84,30.7,,,,
2023-10-03,30.7,30.7,27.52,28.03,,,,
2023-10-04,28.03,28.83,26.71,28.53,,,,
2023-10-05,28.53,28.98,27.67,28.93,,,,
2023-10-06,28.93,30.8,27.72,30.25,,,,
2023-10-09,30.25,31.51,29.19,31.06,,,,
2023-10-10,31.06,33.88,31.06,32.62,,,,
2023-10-11,32.62,33.48,31.11,32.07,,,,
2023-10-12,32.07,32.07,28.03,28.73,,,,
2023-10-13,28.73,28.73,26.76,27.52,,,,
2023-10-16,27.52,29.59,27.52,29.14,,,,
2023-10-17,29.14,32.67,29.14,31.46,,,,
2023-10-18,31.46,31.46,27.62,27.64,,,,
2023-10-19,27.64,27.64,25.03,25.03,,,,
2023-10-20,25.03,25.13,23.31,23.31,,,,
2023-10-23,23.31,23.97,22.3,22.4,,,,
2023-10-24,22.4,23.92,22.25,23.77,,,,
2023-10-25,23.77,23.77,21.24,21.24,,,,
2023-10-26,21.34,22.61,21.19,21.95,,,,
2023-10-27,21.95,21.95,20.43,20.73,,,,
2023-10-30,20.73,22.81,20.73,22.55,,,,
2023-10-31,22.55,24.22,22.55,24.07,,,,
2023-11-01,24.07,24.53,23.26,24.03,,,,
2023-11-02,24.03,29.25,24.03,29.06,,,,
2023-11-03,33.82,35.34,33.06,34.44,,,,
2023-11-06,34.44,34.44,31.1,31.5,,,,
2023-11-07,30.19,31.4,30.19,31.2,,,,
2023-11-08,31.2,31.5,28.92,29.59,,,,
2023-11-09,29.59,29.7,26.55,26.68,,,,
2023-11-10,26.68,29.02,26.43,28.68,,,,
2023-11-13,28.68,29.79,27.86,29.31,,,,
2023-11-14,29.31,40.41,29.31,40.41,,,,
2023-11-15,41.53,43.77,40.62,40.62,,,,
2023-11-16,39.65,39.65,36.85,37.53,,,,
2023-11-17,37.53,40.43,37.53,40.25,,,,
2023-11-20,40.25,41.83,40.25,41.67,,,,
2023-11-21,41.67,41.67,38.21,38.26,,,,
2023-11-22,39.79,40.35,38.98,39.69,,,,
2023-11-24,39.69,41.32,39.69,41.32,,,,
2023-11-27,41.32,41.32,39.59,40.35,,,,
2023-11-28,40.35,40.35,38.67,39.38,,,,
2023-11-29,42.69,42.84,41.22,41.36,,,,
2023-11-30,41.36,42.23,40.9,41.31,,,,
2023-12-01,41.31,47.34,41.31,47.34,,,,
2023-12-04,48.47,50.78,48.26,50.78,,,,
2023-12-05,50.78,50.78,47.58,47.73,,,,
2023-12-06,47.73,50.89,47.73,47.73,,,,
2023-12-07,47.42,49.71,47.42,49.71,,,,
2023-12-08,47.42,51.34,47.42,50.99,,,,
2023-12-11,50.99,51.24,50.28,51.04,,,,
2023-12-12,51.04,51.04,49.46,50.02,,,,
2023-12-13,50.02,57.71,49.36,57.71,,,,
2023-12-14,57.71,63.52,57.71,62.81,,,,
2023-12-15,62.81,62.81,59.44,59.9,,,,
2023-12-18,59.9,60.97,59.9,60.11,,,,
2023-12-19,60.11,64.34,60.11,64.23,,,,
2023-12-20,64.23,66.17,61.43,61.58,,,,
2023-12-21,63.67,63.98,62.71,63.98,,,,
2023-12-22,63.98,66.27,63.98,65.61,,,,
2023-12-26,65.61,68.41,65.61,68.21,,,,
2023-12-27,68.21,68.72,67.65,67.83,,,,
2023-12-28,67.83,68.34,67.12,67.41,,,,
2023-12-29,67.41,67.41,64.79,64.79,,,,
2024-01-02,64.88,66.2,63.6,64.37,,,,
2024-01-03,64.37,64.37,59.53,59.61,,,,
2024-01-04,59.61,60.47,59.15,59.4,,,,
2024-01-05,57.77,60.17,57.77,58.59,,,,
2024-01-08,57.67,61.29,57.67,61.27,,,,
2024-01-09,61.27,61.27,58.46,58.7,,,,
2024-01-10,58.7,59.21,57.73,59.11,,,,
2024-01-11,58.39,58.75,56.55,58.6,,,,
2024-01-12,60.28,60.28,57.98,58.47,,,,
2024-01-16,58.47,58.47,54.49,54.69,,,,
2024-01-17,52.29,53.62,52.09,52.98,,,,
2024-01-18,52.98,53.65,51.81,53.57,,,,
2024-01-19,53.57,55.26,52.76,55.26,,,,
2024-01-22,55.26,59.56,55.26,59.5,,,,
2024-01-23,59.5,61.09,58.64,59.35,,,,
2024-01-24,59.35,60.73,57.61,57.87,,,,
2024-01-25,57.87,59.81,57.87,59.45,,,,
2024-01-26,59.45,60.88,58.79,58.89,,,,
2024-01-29,58.89,61.91,58.17,61.89,,,,
2024-01-30,61.89,61.89,59.33,59.46,,,,
2024-01-31,59.46,59.46,54.45,54.45,,,,
2024-02-01,54.45,56.49,52.2,56.34,,,,
2024-02-02,56.34,56.34,52.81,53.83,,,,
2024-02-05,53.83,53.83,49.69,50.4,,,,
2024-02-06,50.4,52.68,50.4,52.68,,,,
2024-02-07,52.66,52.66,50.1,50.56,,,,
2024-02-08,50.56,53.22,50,53.22,,,,
2024-02-09,53.22,56.04,52.3,55.78,,,,
2024-02-12,55.78,61.27,55.78,60.39,,,,
2024-02-13,60.39,60.39,49.12,50.23,,,,
2024-02-14,50.23,54.89,50.23,54.89,,,,
2024-02-15,57.15,60.74,56.64,60.74,,,,
2024-02-16,60.74,60.74,57.82,57.85,,,,
2024-02-20,57.85,57.85,54.46,54.51,,,,
2024-02-21,54.56,54.56,53.08,53.79,,,,
2024-02-22,53.79,53.79,52.61,53.1,,,,
2024-02-23,52.28,54.64,52.28,53.92,,,,
2024-02-26,53.92,54.95,52.74,54.16,,,,
2024-02-27,54.16,56.01,54.16,55.52,,,,
2024-02-28,55.52,55.52,53.54,53.54,,,,
2024-02-29,53.54,57.04,53.54,55.37,,,,
2024-03-01,55.37,56.07,53.83,56.07,,,,
2024-03-04,56.43,56.59,54.84,55,,,,
2024-03-05,55,55.56,53.76,54.02,,,,
2024-03-06,54.02,55.05,54.02,54.69,,,,
2024-03-07,54.69,56.54,54.69,55.87,,,,
2024-03-08,55.87,58.24,55.87,56.13,,,,
2024-03-11,56.13,56.54,55.82,55.92,,,,
2024-03-12,55.92,55.92,54.02,54.48,,,,
2024-03-13,54.48,56.08,54.38,54.77,,,,
2024-03-14,53.84,53.84,49.81,50.79,,,,
2024-03-15,50.79,52.39,50.79,52.21,,,,
2024-03-18,52.21,52.21,50.05,50.05,,,,
2024-03-19,50.05,52.06,50.05,51.75,,,,
2024-03-20,51.75,56.81,51.28,56.5,,,,
2024-03-21,58.82,59.18,57.58,58.66,,,,
2024-03-22,58.66,58.66,54.56,54.56,,,,
2024-03-25,54.56,56.84,54.49,54.49,,,,
2024-03-26,54.49,55.88,53.56,53.59,,,,
2024-03-27,53.59,59.56,53.59,59.56,,,,
2024-03-28,59.56,61.52,59.56,61.16,,,,
2024-04-01,61.16,61.16,57.76,58.15,,,,
2024-04-02,58.15,58.15,53.06,53.81,,,,
2024-04-03,53.81,54.84,53.04,54.15,,,,
2024-04-04,54.15,57.81,53.48,53.84,,,,
2024-04-05,53.84,54.77,52.81,53.63,,,,
2024-04-08,53.63,56.16,53.63,55.52,,,,
2024-04-09,55.52,57.53,55.52,57.53,,,,
2024-04-10,57.53,57.53,48.81,49.61,,,,
2024-04-11,49.61,51.41,49.04,50.8,,,,
2024-04-12,49.04,49.04,46.72,47.7,,,,
2024-04-15,47.7,47.7,44.7,45.17,,,,
2024-04-16,45.17,45.17,42.23,43.67,,,,
2024-04-17,43.67,45.43,41.5,41.5,,,,
2024-04-18,42.07,43.72,41.3,41.35,,,,
2024-04-19,41.35,45.53,41.35,45.53,,,,
2024-04-22,45.53,48.21,45.43,46.56,,,,
2024-04-23,47.64,50.8,47.64,49.97,,,,
2024-04-24,49.97,49.97,47.39,49.4,,,,
2024-04-25,46.35,47.02,45.32,46.71,,,,
2024-04-26,48.99,48.99,48.06,48.06,,,,
2024-04-29,48.06,49.97,48.06,48.83,,,,
2024-04-30,48.83,48.83,44.75,44.75,,,,
2024-05-01,44.75,50.64,44.75,47.39,,,,
2024-05-02,48.78,51.16,47.7,51.16,,,,
2024-05-03,54.41,54.47,51.98,52.5,,,,
2024-05-06,52.4,54.47,52.4,53.85,,,,
2024-05-07,53.85,55.67,53.85,54.16,,,,
2024-05-08,54.16,54.16,52.51,53.83,,,,
2024-05-09,53.83,56.16,53.83,56.16,,,,
2024-05-10,56.16,56.21,53.73,54.55,,,,
2024-05-13,54.55,57.09,54.55,54.58,,,,
2024-05-14,54.58,58.11,54.58,56.81,,,,
2024-05-15,58.68,58.68,57.54,58.26,,,,
2024-05-16,58.26,58.57,57.33,58.55,,,,
2024-05-17,58.55,59.12,58.45,59,,,,
2024-05-20,59,59.1,57.77,57.77,,,,
2024-05-21,57.77,57.77,56.42,57.7,,,,
2024-05-22,57.7,58.01,55.82,56.29,,,,
2024-05-23,54.47,54.73,50.41,51.3,,,,
2024-05-24,51.3,53.17,51.3,53.01,,,,
2024-05-28,53.01,54.37,51.76,52.39,,,,
2024-05-29,52.39,52.39,48.33,48.33,,,,
2024-05-30,48.33,52.8,48.33,51.97,,,,
2024-05-31,54.21,54.21,52.65,53.95,,,,
2024-06-03,53.95,54.78,52.02,52.96,,,,
2024-06-04,52.96,52.96,49.63,49.63,,,,
2024-06-05,49.63,52.33,49.63,52.33,,,,
2024-06-06,51.66,51.76,50.1,51.4,,,,
2024-06-07,51.4,51.4,47.71,48.59,,,,
2024-06-10,48.59,48.59,46.04,48.51,,,,
2024-06-11,48.51,48.51,45.55,47.21,,,,
2024-06-12,53.97,54.81,51.11,51.48,,,,
2024-06-13,51.48,51.48,46.54,48.28,,,,
2024-06-14,48.28,48.28,44.06,44.69,,,,
2024-06-17,44.69,46.14,43.18,46.14,,,,
2024-06-18,46.72,46.87,45.36,45.44,,,,
2024-06-20,45.44,45.6,44.56,44.71,,,,
2024-06-21,44.71,45.49,44.03,44.87,,,,
2024-06-24,44.87,48.3,44.87,46.61,,,,
2024-06-25,46.61,46.61,45.52,45.57,,,,
2024-06-26,45.57,46.3,44.06,46.04,,,,
2024-06-27,46.04,48.59,46.04,48.56,,,,
2024-06-28,48.56,51.79,48.56,51.77,,,,
2024-07-01,51.77,51.87,48.07,49.75,,,,
2024-07-02,49.75,51.28,49.75,51.21,,,,
2024-07-03,51.21,52.55,49.77,49.82,,,,
2024-07-05,49.8,49.8,47.32,47.56,,,,
2024-07-08,47.56,50.54,47.56,49.8,,,,
2024-07-09,49.8,49.8,47.71,48.95,,,,
2024-07-10,48.95,51.93,48.95,51.93,,,,
2024-07-11,51.93,60.06,51.93,59.98,,,,
2024-07-12,59.98,63.7,59.98,61.51,,,,
2024-07-15,63,65.83,63,65.09,,,,
2024-07-16,65.09,72.19,65.09,72.18,,,,
2024-07-17,72.18,73.22,70.09,70.78,,,,
2024-07-18,70.78,71.88,66.86,67.56,,,,
2024-07-19,67.56,67.56,64.58,65.17,,,,
2024-07-22,65.17,67.75,64.28,67.51,,,,
2024-07-23,67.51,70.04,66.91,69.63,,,,
2024-07-24,69.63,69.63,65.95,65.95,,,,
2024-07-25,66.99,70.37,66.99,68.88,,,,
2024-07-26,68.88,71.12,68.88,71.12,,,,
2024-07-29,71.12,71.22,68.24,69.21,,,,
2024-07-30,69.21,70.16,68.67,69.86,,,,
2024-07-31,69.86,73.99,69.07,71.41,,,,
2024-08-01,71.41,71.41,64.31,65.48,,,,
2024-08-02,65.48,65.48,57.67,58.49,,,,
2024-08-05,58.49,58.49,46.01,48.5,,,,
2024-08-06,48.5,53.17,48.14,50.83,,,,
2024-08-07,53.83,53.99,47.99,47.99,,,,
2024-08-08,52,53.58,51.49,53.58,,,,
2024-08-09,53.02,53.02,51.04,51.85,,,,
2024-08-12,51.85,51.85,49.31,49.36,,,,
2024-08-13,49.36,53.43,49.36,53.43,,,,
2024-08-14,53.43,53.43,51.8,52.66,,,,
2024-08-15,55.87,57.95,55.87,56.68,,,,
2024-08-16,56.68,57.7,56.17,56.96,,,,
2024-08-19,56.96,59.15,56.96,59.05,,,,
2024-08-20,59.05,59.05,55.84,56.74,,,,
2024-08-21,56.74,58.37,56.74,58.37,,,,
2024-08-22,58.06,58.06,56.53,56.53,,,,
2024-08-23,56.53,62.39,56.53,62.32,,,,
2024-08-26,62.32,63.84,62.32,63.03,,,,
2024-08-27,63.03,63.03,60.59,61.09,,,,
2024-08-28,61.09,61.09,59.57,60.08,,,,
2024-08-29,60.08,62.57,60.08,60.79,,,,
2024-08-30,60.79,61.71,60.08,61.71,,,,
2024-09-03,58.55,58.55,56.31,56.36,,,,
2024-09-04,56.74,57.81,55.57,56.23,,,,
2024-09-05,56.64,56.64,55.11,55.31,,,,
2024-09-06,55.67,55.67,51.6,51.7,,,,
2024-09-09,52.11,53.64,51.85,51.93,,,,
2024-09-10,51.73,52.19,50.45,52.08,,,,
2024-09-11,50.86,52.39,49.33,52.39,,,,
2024-09-12,52.24,54.38,52.08,53.9,,,,
2024-09-13,56.19,57.87,56.19,57.87,,,,
2024-09-16,58.54,58.54,57.06,57.98,,,,
2024-09-17,58.89,61.19,58.89,59.81,,,,
2024-09-18,59.61,62.62,58.94,59.16,,,,
2024-09-19,61.81,62.22,61.05,62.03,,,,
2024-09-20,60.75,61.31,59.93,59.98,,,,
2024-09-23,60.6,60.6,58.71,58.71,,,,
2024-09-24,59.27,59.78,58.76,59.17,,,,
2024-09-25,58.55,58.61,56.71,56.87,,,,
2024-09-26,58.2,58.86,57.84,57.84,,,,
2024-09-27,59.52,60.55,58.5,59.12,,,,
2024-09-30,58.4,59.47,57.33,58.66,,,,
2024-10-01,56.51,56.61,55.28,55.74,,,,
2024-10-02,56.35,56.65,55.89,55.94,,,,
2024-10-03,54.31,55.64,54.31,54.8,,,,
2024-10-04,57.65,58.1,56.68,58,,,,
2024-10-07,56.93,56.93,55,55.77,,,,
2024-10-08,55.16,55.41,54.3,54.93,,,,
2024-10-09,54.42,56.56,54.42,55.09,,,,
2024-10-10,53.36,54.58,53.36,54.58,,,,
2024-10-11,55.49,58.14,55.49,58.14,,,,
2024-10-14,57.73,58.55,57.68,58.43,,,,
2024-10-15,58.07,60.26,58.07,59.02,,,,
2024-10-16,60.65,62.02,60.29,61.41,,,,
2024-10-17,61.36,61.36,60.44,61.11,,,,
2024-10-18,61.36,61.36,61.19,61.19,,,,
2024-10-21,61.14,61.14,58.49,58.54,,,,
2024-10-22,58.18,58.64,57.82,58.13,,,,
2024-10-23,58.13,58.13,55.83,56.75,,,,
2024-10-24,57.31,57.31,56.34,56.9,,,,
2024-10-25,58.03,58.28,55.83,55.83,,,,
2024-10-28,57.57,59.03,57.57,59.03,,,,
2024-10-29,56.83,57.75,56.83,57.73,,,,
2024-10-30,57.88,59.52,57.63,57.63,,,,
2024-10-31,57.17,57.17,54.41,54.44,,,,
2024-11-01,56.23,56.23,53.94,54.96,,,,
2024-11-04,55.07,56.96,55.07,55.32,,,,
2024-11-05,56.24,59.35,56.24,59.35,,,,
2024-11-06,64.45,67.92,64.45,67.92,,,,
2024-11-07,67.1,67.66,65.78,66.19,,,,
2024-11-08,65.27,66.49,65.27,66.44,,,,
2024-11-11,67.51,67.82,66.85,67.46,,,,
2024-11-12,67,67,64.76,64.89,,,,
2024-11-13,65.51,65.51,63.01,63.01,,,,
2024-11-14,63.57,63.57,60.61,60.89,,,,
2024-11-15,60.54,60.54,57.68,57.81,,,,
2024-11-18,58.52,58.68,57.25,57.6,,,,
2024-11-19,56.94,58.28,56.69,58.28,,,,
2024-11-20,57.61,58.48,57.15,58.17,,,,
2024-11-21,58.43,60.88,58.43,60.73,,,,
2024-11-22,61.09,62.93,61.09,62.83,,,,
2024-11-25,64.75,66.39,64.55,64.91,,,,
2024-11-26,63.42,63.42,63.42,63.42,,,,
2024-11-27,64.6,64.75,64.14,64.5,,,,
2024-11-29,65.11,65.57,65.11,65.31,,,,
2024-12-02,64.75,66.17,64.45,65.71,,,,
2024-12-03,65.04,65.19,63.86,64.27,,,,
2024-12-04,64.68,64.94,63.86,64.24,,,,
2024-12-05,64.08,64.08,62.09,62.14,,,,
2024-12-06,63.06,63.42,62.6,63.42,,,,
2024-12-09,64.54,65.16,64.24,64.24,,,,
2024-12-10,63.26,65.16,63.26,64.19,,,,
2024-12-11,64.8,64.9,63.42,63.98,,,,
2024-12-12,63.57,63.57,61.78,61.78,,,,
2024-12-13,60.91,60.91,60.19,60.7,,,,
2024-12-16,60.86,61.78,60.86,61.06,,,,
2024-12-17,59.42,60.19,58.91,59.63,,,,
2024-12-18,60.65,60.8,51.87,51.87,,,,
2024-12-19,53.76,53.76,50.69,50.71,,,,
2024-12-20,51.07,53.33,50.92,51.43,,,,
2024-12-23,51.53,51.53,50.25,51.12,,,,
2024-12-24,50.61,52.41,50.46,52.41,,,,
2024-12-26,53.51,54.02,53.15,54.02,,,,
2024-12-27,53.56,53.56,50.12,51.3,,,,
2024-12-30,49.15,51.1,48.07,50.33,,,,
2024-12-31,51.51,52.53,50.59,51.54,,,,
2025-01-02,53.49,53.49,49.33,49.92,,,,
2025-01-03,49.76,53.16,49.76,53.01,,,,
2025-01-06,53.26,54.4,51.46,51.71,,,,
2025-01-07,53.03,53.03,48.64,49.2,,,,
2025-01-08,47.26,49,46.95,48.23,,,,
2025-01-10,43.89,43.89,41.18,42.82,,,,
2025-01-13,40.98,44.3,40.98,44.12,,,,
2025-01-14,45.91,46.83,44.42,46.52,,,,
2025-01-15,50.86,51.38,49.23,50.38,,,,
2025-01-16,50.38,51.09,49.87,50.81,,,,
2025-01-17,52.5,52.55,50.76,51.74,,,,
2025-01-21,52.81,54.35,52.81,54.14,,,,
2025-01-22,53.58,53.58,52.35,52.35,,,,
2025-01-23,51.17,53.78,51.17,53.78,,,,
2025-01-24,53.53,54.09,53.12,53.17,,,,
2025-01-27,53.48,54.91,53.01,53.76,,,,
2025-01-28,53.2,53.91,52.32,53.38,,,,
2025-01-29,53.07,53.94,51.48,52.89,,,,
2025-01-30,54.74,55.09,53.66,53.92,,,,
2025-01-31,53.3,54.58,51.2,52.12,,,,
2025-02-03,47.1,50.43,47.1,49.3,,,,
2025-02-04,49.25,52.02,49.25,51.91,,,,
2025-02-05,52.53,53.7,52.53,53.7,,,,
2025-02-06,54.21,54.62,52.78,53.55,,,,
2025-02-07,52.89,52.89,50.84,50.97,,,,
2025-02-10,51.17,52.5,51.17,52.12,,,,
2025-02-11,51.35,52.38,51.3,52.17,,,,
2025-02-12,49.66,50.58,48.64,49.74,,,,
2025-02-13,50.1,52.35,49.94,52.35,,,,
2025-02-14,53.53,53.94,51.53,51.53,,,,
2025-02-18,51.51,52.74,50.94,52.28,,,,
2025-02-19,50.43,51.61,50.23,51.25,,,,
2025-02-20,48.89,48.99,47.56,48.64,,,,
2025-02-21,49.2,49.2,43.91,43.91,,,,
2025-02-24,42.99,44.68,42.62,42.62,,,,
2025-02-25,43.5,44.47,42.42,43.24,,,,
2025-02-26,43.6,44.88,42.52,43.29,,,,
2025-02-27,42.68,43.04,40.72,40.72,,,,
2025-02-28,40.42,42.93,40.42,42.93,,,,
2025-03-03,43.45,43.45,38.1,38.66,,,,
2025-03-04,34.39,38.04,33.11,35.25,,,,
2025-03-05,36.4,37.32,35.01,35.95,,,,
2025-03-06,33.12,34.36,31.99,33.17,,,,
2025-03-07,33.74,35.18,30.7,34.32,,,,
2025-03-10,32.01,32.57,26.35,28.61,,,,
2025-03-11,28.92,29.95,26.04,27.68,,,,
2025-03-12,29.07,30.05,26.6,28.87,,,,
2025-03-13,29.95,29.95,24.9,25.47,,,,
2025-03-14,27.68,30.41,27.68,30.36,,,,
2025-03-17,31.44,32.83,31.08,32.47,,,,
2025-03-18,30.67,31.24,29.43,30.82,,,,
2025-03-19,31.29,34.63,31.29,33.77,,,,
2025-03-20,33.26,34.19,31.97,31.97,,,,
2025-03-21,31.1,31.1,29.09,30.58,,,,
2025-03-24,33.67,35.32,33.47,35.32,,,,
2025-03-25,35.27,35.27,33.31,33.31,,,,
2025-03-26,34.08,34.08,31.92,32.54,,,,
2025-03-27,31.61,32.64,30.84,31.66,,,,
2025-03-28,30.43,30.43,26.41,27.6,,,,
2025-03-31,24.2,27.13,24.2,26.42,,,,
2025-04-01,24.83,27.76,24.83,26.89,,,,
2025-04-02,26.24,28.97,25.78,28.92,,,,
2025-04-03,22.79,22.79,19.09,19.2,,,,
2025-04-04,13.95,15.55,13.18,14.27,,,,
2025-04-07,13.91,14.06,12.41,13.7,,,,
2025-04-08,15.45,16.07,11.07,11.64,,,,
2025-04-09,11.9,19.07,10.56,18.2,,,,
2025-04-10,16.14,16.14,12.94,14.24,,,,
2025-04-11,14.08,16.2,13.1,15.89,,,,
2025-04-14,16.3,17.13,15.47,16.71,,,,
2025-04-15,16.87,18.16,16.87,17.24,,,,
2025-04-16,16.93,17.55,15.38,16.57,,,,
2025-04-17,16.67,17.65,16.31,16.89,,,,
2025-04-21,15.71,15.71,14.16,14.88,,,,
2025-04-22,16.48,18.96,16.38,18.69,,,,
2025-04-23,21.49,22.11,18.9,19.58,,,,
2025-04-24,19.37,21.13,19.37,21.13,,,,
2025-04-25,20.36,21.24,19.79,21.24,,,,
2025-04-28,21.5,21.96,19.89,21.65,,,,
2025-04-29,21.13,23.16,21.03,22.65,,,,
2025-04-30,20.52,21.92,19.75,21.61,,,,
2025-05-01,21.61,22.86,21.56,21.99,,,,
2025-05-02,24.42,26.34,23.65,25.98,,,,
2025-05-05,23.88,25.75,23.88,24.45,,,,
2025-05-06,22.32,23.98,21.8,23.16,,,,
2025-05-07,24.51,24.83,23.01,23.79,,,,
2025-05-08,25.66,28.83,24.98,27.79,,,,
2025-05-09,28.83,29.09,27.11,27.63,,,,
2025-05-12,36.05,36.05,33.29,33.76,,,,
2025-05-13,35.22,35.74,35.01,35.1,,,,
2025-05-14,34.21,34.21,32.76,33.12,,,,
2025-05-15,33.22,35.46,32.81,35.43,,,,
2025-05-16,35.27,36.62,34.85,36.02,,,,
2025-05-19,33.99,36.12,33.99,36.12,,,,
2025-05-20,35.81,36.8,35.29,35.91,,,,
2025-05-21,33.21,33.36,28.89,29.41,,,,
2025-05-22,28.26,30.14,28.26,28.9,,,,
2025-05-23,26.92,28.48,26.92,28.17,,,,
2025-05-27,29.47,33.43,29.47,33.43,,,,
2025-05-28,32.6,32.6,30.62,30.64,,,,
2025-05-29,31.26,31.63,30.48,31.63,,,,
2025-05-30,30.01,31.78,29.8,30.9,,,,
2025-06-02,30.23,30.44,29.55,30.33,,,,
2025-06-03,30.23,33.97,29.87,33.67,,,,
2025-06-04,33.62,33.62,31.87,31.87,,,,
2025-06-05,30.68,33.02,30.68,31.87,,,,
2025-06-06,34.52,35.46,34.16,35.46,,,,
2025-06-09,36.45,38.27,36.4,36.94,,,,
2025-06-10,37.56,39.49,37.56,39.06,,,,
2025-06-11,39.47,40.05,37.34,37.34,,,,
2025-06-12,35.93,37.5,35.93,37.5,,,,
2025-06-13,34.89,34.89,32.6,32.76,,,,
2025-06-16,34.11,35.88,34.11,34.63,,,,
2025-06-17,34.32,35.05,32.81,32.81,,,,
2025-06-18,34.27,34.89,33.69,33.85,,,,
2025-06-20,34.94,34.94,33.07,33.12,,,,
2025-06-23,33.02,35.83,32.44,35.83,,,,
2025-06-24,36.77,38.64,36.77,37.91,,,,
2025-06-25,37.29,37.29,36.09,36.51,,,,
2025-06-26,37.03,39.79,37.03,39.79,,,,
2025-06-27,39.84,40.67,38.54,39.78,,,,
2025-06-30,40.14,40.14,38.73,38.73,,,,
2025-07-01,38.32,46.19,38.32,45.23,,,,
2025-07-02,44.94,47.98,44.94,47.73,,,,
2025-07-03,49.02,50.35,49.02,50.21,,,,
2025-07-07,48.28,49.8,46.28,46.56,,,,
2025-07-08,47.28,49.9,47.28,48.14,,,,
2025-07-09,49.52,49.66,48.09,49.66,,,,
2025-07-10,49.28,51.95,49.28,51.02,,,,
2025-07-11,49.21,49.21,47.73,47.97,,,,
2025-07-14,47.73,49.35,47.54,49.28,,,,
2025-07-15,49.23,49.23,43.98,43.98,,,,
2025-07-16,45.51,45.8,43.32,45.65,,,,
2025-07-17,46.61,48.47,46.61,48.23,,,,
2025-07-18,49.28,49.28,46.85,46.94,,,,
2025-07-21,48.9,48.99,47.32,47.49,,,,
2025-07-22,47.92,50.5,47.92,49.35,,,,
2025-07-23,51.4,52.65,50.54,52.62,,,,
2025-07-24,50.52,50.81,47.8,47.8,,,,
2025-07-25,46.55,48.04,46.55,48.01,,,,
2025-07-28,48.63,48.92,47.87,48.44,,,,
2025-07-29,49.01,49.01,45.71,45.71,,,,
2025-07-30,46.86,47.34,42.16,42.64,,,,
2025-07-31,41.92,42.45,40.34,40.39,,,,
2025-08-01,36.84,37.9,36.6,37.48,,,,
2025-08-04,38.64,41.39,38.49,41.31,,,,
2025-08-05,42.93,43.39,40.9,43.36,,,,
2025-08-06,43.51,43.92,43.11,43.28,,,,
2025-08-07,44.76,44.76,41.75,41.86,,,,
2025-08-08,43.28,43.94,42.82,43.43,,,,
2025-08-11,44.45,44.45,43.23,43.38,,,,
2025-08-12,45.72,50.81,45.72,50.25,,,,
2025-08-13,53.25,56.05,53.25,56.05,,,,
2025-08-14,53.2,53.61,51.11,53.1,,,,
2025-08-15,53.4,53.4,50.61,50.71,,,,
2025-08-18,50.5,52.59,50.5,52.18,,,,
2025-08-19,52.89,54.17,51.88,52.18,,,,
2025-08-20,52.08,52.74,51.32,52.67,,,,
2025-08-21,50.58,52.01,50.58,51.29,,,,
2025-08-22,58.43,61.48,58.43,61.18,,,,
2025-08-25,60.72,60.72,58.88,58.88,,,,
2025-08-26,59.8,60.36,59.6,60.11,,,,
2025-08-27,60.11,61.43,60.11,61.13,,,,
2025-08-28,60.97,61.38,60.46,61.18,,,,
2025-08-29,61.43,61.64,60.36,60.78,,,,
2025-09-02,59.91,60.37,58.33,59.07,,,,
2025-09-03,59.83,59.83,58.05,58.9,,,,
2025-09-04,59.52,61.71,59,61.7,,,,
2025-09-05,63.65,63.65,60.94,62.35,,,,
2025-09-08,60.51,61.43,60.15,61.36,,,,
2025-09-09,61,61.05,59.51,60.01,,,,
2025-09-10,60.36,60.36,58.57,59.34,,,,
2025-09-11,61.18,63.79,61.13,63.79,,,,
2025-09-12,63.18,63.18,60.98,60.98,,,,
2025-09-15,61.08,61.34,60.31,60.6,,,,
2025-09-16,60.45,60.45,58.86,59.78,,,,
2025-09-17,60.75,64.65,59.73,59.88,,,,
2025-09-18,61.78,65.47,61.78,65.29,,,,
2025-09-19,64.63,64.63,61.91,62.07,,,,
2025-09-22,61.6,62.99,61.35,62.63,,,,
2025-09-23,65.04,65.29,62.22,62.37,,,,
2025-09-24,63.35,63.35,61.66,62.2,,,,
2025-09-25,60.2,60.71,59.53,59.87,,,,
2025-09-26,61.72,61.98,60.69,61.72,,,,
2025-09-29,61.1,61.1,59.82,60.42,,,,
2025-09-30,60.11,60.11,57.59,59.95,,,,
2025-10-01,59.49,59.73,57.95,59.17,,,,
2025-10-02,59.43,59.43,57.24,58.64,,,,
2025-10-03,60.42,62.76,60.37,60.52,,,,
2025-10-06,62.05,62.25,59.61,59.61,,,,
2025-10-07,59.96,59.96,56.81,56.81,,,,
2025-10-08,57.37,59.15,57.37,58.82,,,,
2025-10-09,58.82,58.82,56.33,56.64,,,,
2025-10-10,56.69,57.35,49.51,49.51,,,,
2025-10-13,52.36,53.43,51.34,53.43,,,,
2025-10-14,53.89,58.21,53.89,57.48,,,,
2025-10-15,59.11,60.69,57.43,58.29,,,,
2025-10-16,58.29,58.29,52.08,52.65,,,,
2025-10-17,53.51,53.82,52.44,53.21,,,,
2025-10-20,54.99,57.74,54.99,57.72,,,,
2025-10-21,57.41,58.94,57.26,58.46,,,,
2025-10-22,58.57,59.59,57.5,58.8,,,,
2025-10-23,58.95,59.82,58.34,58.78,,,,
2025-10-24,61.23,61.38,60.62,60.72,,,,
2025-10-27,61.64,61.64,59.56,59.56,,,,
2025-10-28,58.53,59.96,57.46,59.2,,,,
2025-10-29,58.12,58.99,53.37,54.16,,,,
2025-10-30,55.29,55.49,53.04,53.24,,,,
2025-10-31,52.73,54.16,52.73,53.66,,,,
2025-11-03,52.07,53.25,51.04,53.25,,,,
2025-11-04,52.73,52.79,51.61,51.86,,,,
2025-11-05,53.4,55.45,52.84,54.83,,,,
2025-11-06,54.94,54.94,51.86,51.99,,,,
2025-11-07,52.04,53.48,50.87,53.1,,,,
2025-11-10,54.89,54.99,53.2,54.12,,,,
2025-11-11,55.09,56.07,54.99,55.56,,,,
2025-11-12,57.04,57.04,55.5,55.5,,,,
2025-11-13,54.99,55.04,52.58,53.48,,,,
2025-11-14,52,52.87,51.17,52.61,,,,
2025-11-17,51.94,51.94,47.51,47.51,,,,
2025-11-18,47.46,48.94,47.35,48.2,,,,
2025-11-19,48.04,49.02,46.86,47.66,,,,
2025-11-20,50.02,50.59,46.45,46.45,,,,
2025-11-21,48.66,53.23,48.66,52.44,,,,
2025-11-24,52.13,53.77,52.13,53.31,,,,
2025-11-25,55.78,58.97,55.78,58.43,,,,
2025-11-26,59,60.23,58.54,58.54,,,,
2025-11-28,58.47,59.5,58.47,59.5,,,,
2025-12-01,57.59,59.14,57.44,57.59,,,,
2025-12-02,57.2,58.59,57.2,57.69,,,,
2025-12-03,60.01,61.91,60.01,61.91,,,,
2025-12-04,62.32,62.37,61.45,61.5,,,,
2025-12-05,61.34,62.63,60.93,61.14,,,,
2025-12-08,61.7,61.86,60.93,61.03,,,,
2025-12-09,61.81,62.73,61.81,62.06,,,,
2025-12-10,62.06,66.03,62.06,64.76,,,,
2025-12-11,65.48,66.51,65.22,66.35,,,,
2025-12-12,66.82,66.82,65.06,65.06,,,,
2025-12-15,64.96,65.11,63.98,64.29,,,,
2025-12-16,64.86,64.86,63.82,64.1,,,,
2025-12-17,64.87,65.54,63.89,64.15,,,,
2025-12-18,65.7,66.11,64.46,64.49,,,,
2025-12-19,64.23,64.34,63.2,63.3,,,,
2025-12-22,65.18,65.18,63.57,63.73,,,,
2025-12-23,63.57,63.68,62.9,63.21,,,,
2025-12-24,62.9,63.52,62.9,63.43,,,,
2025-12-26,63.38,63.43,62.76,63.41,,,,
2025-12-29,63.31,63.31,61.91,62.43,,,,
2025-12-30,62.43,62.48,61.29,61.32,,,,
2025-12-31,60.96,60.96,59.51,59.87,,,,
2026-01-02,60.01,60.01,58.55,59.41,,,,
2026-01-05,61.8,62.99,61.39,62.02,,,,
2026-01-06,61.45,63.46,61.45,63.46,,,,
2026-01-07,61.71,63.25,61.71,62.33,,,,
2026-01-08,63.15,66.39,63.15,65.75,,,,
2026-01-09,65.14,67.24,65.14,66.42,,,,
2026-01-12,65.03,66.88,65.03,66.85,,,,
2026-01-13,65.82,66.49,65.25,65.36,,,,
2026-01-14,65.36,67.37,65.36,67.35,,,,
2026-01-15,67.25,69.87,67.25,69.13,,,,
2026-01-16,68.46,69.03,67.88,67.88,,,,
2026-01-20,66.11,66.47,65.13,65.13,,,,
2026-01-21,66.42,69.26,66.37,69.24,,,,
2026-01-22,70.63,71.15,69.76,70.07,,,,
2026-01-23,69.6,69.6,66.82,67.3,,,,
2026-01-26,67.08,67.08,65.58,66.2,,,,
2026-01-27,65.27,66.04,65.01,65.94,,,,
2026-01-28,65.83,65.83,63.3,63.3,,,,
2026-01-29,63.46,64.49,62.79,64.47,,,,
2026-01-30,63.34,63.96,62.46,63.85,,,,
2026-02-02,64.89,66.7,64.89,65.61,,,,
2026-02-03,65.82,65.82,63.29,65.2,,,,
2026-02-04,65.92,66.64,65.15,65.2,,,,
2026-02-05,65.09,65.09,62.4,62.59,,,,
2026-02-06,65.02,66.21,65.02,65.8,,,,
2026-02-09,65.33,66.27,64.51,65.95,,,,
2026-02-10,66.11,67.3,65.39,65.39,,,,
2026-02-11,65.95,65.95,63.57,64.5,,,,
2026-02-12,64.19,64.24,60.93,62.07,,,,
2026-02-13,62.38,64.5,62.22,63.12,,,,
2026-02-17,63.29,63.6,62.66,62.82,,,,
2026-02-18,64.27,64.58,63.23,63.55,,,,
2026-02-19,62.77,63.53,62.25,63.53,,,,
2026-02-20,63.48,63.63,62.07,63.11,,,,
2026-02-23,62.38,62.38,59.53,59.87,,,,
2026-02-24,60.08,61.12,60.08,60.71,,,,
2026-02-25,60.4,62.07,60.19,61.99,,,,
2026-02-26,62.62,63.19,61.68,62.81,,,,
2026-02-27,60.48,61.37,60.43,60.48,,,,
2026-03-02,58.81,62.09,58.81,61.75,,,,
2026-03-03,57.12,60.61,57.12,59.9,,,,
2026-03-04,60.89,62.04,60.89,61.31,,,,
2026-03-05,60.06,60.06,57.14,59.07,,,,
2026-03-06,54.32,54.32,52.81,54.17,,,,
2026-03-09,48.22,53.96,48.22,53.8,,,,
2026-03-10,53.7,55.99,52.81,52.81,,,,
2026-03-11,51.3,51.66,50.2,51.27,,,,
2026-03-12,48.82,49.5,47.99,48.56,,,,
2026-03-13,48.46,48.46,46.73,47.2,,,,
2026-03-16,48.93,49.81,48.48,48.48,,,,
2026-03-17,50.67,50.67,48.74,48.74,,,,
2026-03-18,47.02,47.02,44.62,44.62,,,,
2026-03-19,43.99,46.81,43.94,45.66,,,,
2026-03-20,45.4,45.4,42.17,43.05,,,,
2026-03-23,47.39,49.89,47.39,47.86,,,,
2026-03-24,47.7,48.85,47.44,47.57,,,,
2026-03-25,49.66,49.66,47.57,48.09,,,,
2026-03-26,48.66,48.98,47.57,47.72,,,,
2026-03-27,46.1,46.73,44.49,44.69,,,,
2026-03-30,44.49,45.63,44.22,44.38,,,,
2026-03-31,45.53,48.09,45.53,47.93,,,,
2026-04-01,45.53,49.13,45.53,49.13,,,,
2026-04-02,46.94,49.76,46.84,49.6,,,,
2026-04-06,49.63,51.14,49.63,50.72,,,,
2026-04-07,50.15,51.14,49.79,51.14,,,,
2026-04-08,55.92,56.28,54.88,56,,,,
2026-04-09,55.27,57.87,55.27,57.61,,,,
2026-04-10,57.61,57.61,56.16,56.47,,,,
2026-04-13,56.37,58.24,56.21,58.13,,,,
2026-04-14,59.17,59.54,58.29,58.76,,,,
2026-04-15,58.76,59.17,58.24,58.81,,,,
2026-04-16,58.86,59.17,58.6,59.12,,,,
2026-04-17,61.15,63.91,61.15,62.66,,,,
2026-04-20,62.5,63.65,62.5,63.44,,,,
2026-04-21,63.91,65.05,61.57,61.75,,,,
2026-04-22,63.05,63.42,62.07,62.38,,,,
2026-04-23,62.01,62.22,60.35,61.21,,,,
2026-04-24,60.69,61.68,60.38,61.28,,,,
2026-04-27,62.58,62.89,61.38,61.38,,,,
2026-04-28,61.75,61.75,61.07,61.54,,,,
2026-04-29,60.65,60.65,57.99,58.68,,,,
2026-04-30,59.05,60.61,59.05,60.43,,,,
2026-05-01,59.96,61.74,59.96,61.69,,,,
2026-05-04,61.12,61.44,58.56,58.7,,,,
2026-05-05,59.8,60.69,59.8,60.48,,,,
2026-05-06,62.1,63.25,61.94,62.72,,,,
2026-05-07,62.62,63.66,61.42,61.53,,,,
2026-05-08,61.27,62.16,61.27,61.72,,,,
2026-05-11,61.62,61.62,59.05,59.06,,,,
2026-05-12,58.28,58.7,57.07,57.94,,,,
2026-05-13,56.42,57,56.16,56.61,,,,
2026-05-14,57.71,58.86,57.55,57.81,,,,
2026-05-15,55.77,55.82,53.8,53.8,,,,
2026-05-18,53.96,55.8,53.96,55.36,,,,
2026-05-19,53.36,54.36,53.36,53.63,,,,
2026-05-20,54.05,56.42,54.05,56.37,,,,
2026-05-21,54.42,57.58,54.42,57.58,,,,
2026-05-22,58.85,58.85,57.63,57.63,,,,
2026-05-26,59,60.32,59,60.22,,,,
2026-05-27,61.22,62.69,60.01,60.41,,,,
2026-05-28,61.14,61.88,61.14,61.86,,,,
2026-05-29,61.39,61.65,60.7,60.7,,,,
2026-06-01,59.91,60.02,59.01,59.45,,,,
2026-06-02,59.23,60.08,59.13,59.51,,,,
2026-06-03,57.39,57.39,55.9,55.95,,,,
2026-06-04,58.33,59.59,58.33,59.49,,,,
2026-06-05,58.33,58.59,57.38,57.48,,,,
2026-06-08,57.91,58.7,57.7,57.7,,,,
2026-06-09,60.12,60.12,58.06,59.59,,,,
2026-06-10,60.54,60.81,59.22,59.22,,,,
2026-06-11,59.38,61.39,59.07,60.97,,,,
2026-06-12,61.28,63.39,61.28,61.89,,,,
2026-06-15,62.63,62.79,61.08,61.08,,,,
2026-06-16,61.77,61.77,60.71,60.8,,,,
2026-06-17,61.75,62.22,58.84,59.4,,,,
2026-06-18,60.78,61.68,60.51,61.62,,,,
2026-06-22,62.36,62.63,61.5,61.5,,,,
2026-06-23,61.66,63.14,61.66,62.85,,,,
2026-06-24,63.75,64.81,63.28,63.84,,,,
2026-06-25,64.05,64.58,63.2,63.68,,,,
2026-06-26,64.31,66.11,64.31,65.99,,,,
2026-06-29,65.36,65.78,64.88,65.74,,,,
2026-06-30,65.21,65.64,64.84,65.42,,,,
2026-07-01,65.74,67.87,65.74,67.01,,,,
2026-07-02,67.92,67.92,66.26,67.15,,,,
2026-07-06,67.2,67.55,66.54,67.25,,,,
2026-07-07,65.49,66.19,65.04,65.39,,,,
2026-07-08,65.44,65.44,64.38,65.12,,,,
2026-07-09,65.77,66.28,65.42,66.28,,,,
2026-07-10,65.97,66.08,65.32,65.56,,,,
2026-07-13,66.36,66.36,65.15,65.15,,,,
2026-07-14,65.81,65.91,65.15,65.15,,,,
2026-07-15,66.06,67.11,65.66,66.26,,,,
2026-07-16,66.16,67.17,66.16,66.61,,,,
2026-07-17,65.35,66.41,64.8,64.95,,,,
2026-07-20,65.2,65.2,63.84,63.89,,,,
2026-07-21,64.44,65.15,64.39,65.05,,,,
2026-07-22,65.25,65.25,63.69,64.14,,,,
2026-07-23,62.17,62.27,61.36,62.17,,,,
2026-07-24,62.67,63.33,62.52,62.57,,,,
2026-07-27,64.69,64.69,63.68,64.17,,,,
2026-07-28,64.02,65.03,63.87,64.45,,,,
2026-07-29,64.2,64.2,61.77,61.83,,,,
2026-07-30,62.38,62.94,61.17,62.94,,,,
2026-07-31,60.11,62.58,60.11,62.28,,,,
2026-08-03,63.71,65.86,63.71,65.81,,,,
2026-08-04,66.58,68.78,66.53,68.23,,,,
2026-08-05,67.67,68.18,66.9,67.26,,,,
2026-08-06,67.41,67.82,66.75,66.75,,,,
2026-08-07,68.08,69.21,68.08,68.8,,,,
2026-08-10,68.44,68.44,66.95,66.95,,,,
2026-08-11,66.7,68.18,66.7,67.82,,,,
2026-08-12,67.52,68.13,67.26,67.87,,,,
2026-08-13,68.49,68.64,67.67,67.96,,,,
2026-08-14,67.6,68.42,67.6,68.42,,,,
2026-08-17,67.65,67.65,66.73,66.92,,,,
2026-08-18,66.82,66.87,66,66.13,,,,
2026-08-19,67.93,68.24,67.21,67.24,,,,
2026-08-20,66.11,66.11,64.57,65.14,,,,
2026-08-21,65.14,66.37,65.14,65.7,,,,
2026-08-24,65.65,65.75,64.83,64.93,,,,
2026-08-25,65.04,65.81,64.88,65.75,,,,
2026-08-26,65.5,65.75,64.71,64.71,,,,
2026-08-27,64.25,65.07,63.68,64.74,,,,
2026-08-28,65,65,62.64,62.72,,,,
2026-08-31,62.15,62.15,60.82,61.69,,,,
2026-09-01,60.3,60.51,59.36,59.56,,,,
2026-09-02,60.28,62.39,60.28,61.41,,,,
2026-09-03,62.33,62.33,60.69,61.96,,,,
2026-09-04,62.16,63.19,62.11,62.89,,,,
2026-09-08,62.58,62.58,61.2,61.2,,,,
2026-09-09,60.84,60.84,58.22,58.47,,,,
2026-09-10,57.04,57.39,55.8,56.11,,,,
2026-09-11,58.37,58.37,56.62,56.68,,,,
2026-09-14,56.37,56.98,55.54,55.54,,,,
2026-09-15,54.26,55.03,53.49,54.39,,,,
2026-09-16,54.55,54.91,51.61,53.31,,,,
2026-09-17,54.91,54.91,53.31,53.31,,,,
2026-09-18,52.69,52.69,52.03,52.59,,,,
2026-09-21,53.05,53.88,52.85,53.05,,,,
2026-09-22,55.01,55.21,54.19,54.55,,,,
2026-09-23,53.47,53.47,50.95,50.95,,,,
2026-09-24,51.2,51.2,49.35,50.97,,,,
2026-09-25,51.23,52.31,50.61,51.62,,,,