time,open,high,low,close,Prior DC20 upper,Prior DC20 lower,Long signal,Short signal
2013-10-14,72.78,72.78,72.78,72.78,,,,
2013-10-15,70.73,71.39,67.04,67.06,,,,
2013-10-16,69,71.88,69,71.57,,,,
2013-10-17,70.29,75.98,70.29,75.96,,,,
2013-10-18,77.29,79.71,76.99,79.7,,,,
2013-10-21,78.35,79.22,77.06,77.72,,,,
2013-10-22,78.8,79.73,77.46,78.24,,,,
2013-10-23,75.82,77.41,74.74,76.74,,,,
2013-10-24,77,79.06,76.49,78.65,,,,
2013-10-25,78.96,78.96,76.49,77.57,,,,
2013-10-28,77.3,77.56,75.24,76.87,,,,
2013-10-29,77.44,77.44,74.81,76.66,,,,
2013-10-30,75.73,75.73,69.65,69.7,,,,
2013-10-31,69.24,69.24,65.53,65.58,,,,
2013-11-01,62.64,63.11,58.32,62.13,,,,
2013-11-04,63.36,66.2,63.36,65.84,,,,
2013-11-05,62.75,63.93,61.72,62.83,,,,
2013-11-06,64.84,65.1,61.04,61.04,,,,
2013-11-07,62.07,62.07,53.51,53.51,,,,
2013-11-08,54.28,61.26,54.28,60.33,,,,
2013-11-11,58.41,60.64,58.41,59.86,,,,
2013-11-12,58.41,58.67,56.25,58.1,,,,
2013-11-13,55.37,62.19,55.32,62.19,,,,
2013-11-14,60.27,61.36,59.29,61,,,,
2013-11-15,60.58,61.98,59.71,61.98,,,,
2013-11-18,61.77,63.11,59.29,59.43,,,,
2013-11-19,58.39,60.31,55.29,55.89,,,,
2013-11-20,55.94,58.89,54.03,55.22,,,,
2013-11-21,56.92,63.34,56.92,63.32,,,,
2013-11-22,62.28,65.23,61.51,65.06,,,,
2013-11-25,64.9,66.82,64.49,65.52,,,,
2013-11-26,66.04,69.15,65.57,68.72,,,,
2013-11-27,68.3,71.51,68.3,71.45,,,,
2013-11-29,72.21,73.35,71.95,72.31,,,,
2013-12-02,70.76,70.76,63.81,64.57,,,,
2013-12-03,64,65.5,61.2,62.91,,,,
2013-12-04,60.78,64.62,55.91,60.16,,,,
2013-12-05,57.88,60.94,57.57,59.1,,,,
2013-12-06,63.1,65.9,62.74,64.14,,,,
2013-12-09,64.03,64.5,60.35,62.06,,,,
2013-12-10,61.59,61.75,55.68,55.74,,,,
2013-12-11,55.27,55.27,47.16,47.79,,,,
2013-12-12,47.84,50.64,45.92,48.31,,,,
2013-12-13,50.44,52.57,46.33,50.36,,,,
2013-12-16,53.63,57.01,53.63,56.86,,,,
2013-12-17,54.72,56.8,52.44,56.44,,,,
2013-12-18,55.71,63.65,54.1,63.65,,,,
2013-12-19,60.58,60.63,57.52,57.52,,,,
2013-12-20,60.38,68.19,59.81,68.07,,,,
2013-12-23,69.58,72.18,69.42,72.17,,,,
2013-12-24,71.7,75.03,71.7,74.04,,,,
2013-12-26,75.29,75.45,73.39,73.39,,,,
2013-12-27,73.81,73.81,70.99,72.82,,,,
2013-12-30,71.93,72.92,71.57,72.14,,,,
2013-12-31,72.03,74.17,72.03,72.56,,,,
2014-01-02,67.6,68.7,64.16,65.93,,,,
2014-01-03,67.81,69.55,67.34,69.55,,,,
2014-01-06,69.03,69.19,64.64,64.64,,,,
2014-01-07,68.04,70.86,68.04,69.29,,,,
2014-01-08,68.72,68.87,63.96,66.21,,,,
2014-01-09,67.04,67.04,61.77,65.43,,,,
2014-01-10,65.01,66.31,62.34,66.3,,,,
2014-01-13,63.63,64.47,53.39,56.73,,,,
2014-01-14,58.88,64.36,58.15,64.26,,,,
2014-01-15,66.3,68.33,66.3,67.18,,,,
2014-01-16,66.3,67.86,64.94,66.5,,,,
2014-01-17,66.19,66.77,62.74,64,,,,
2014-01-21,67.86,68.65,65.09,68.63,,,,
2014-01-22,68.79,69.1,67.38,68.93,,,,
2014-01-23,65.74,65.84,62.02,64.27,,,,
2014-01-24,58.31,58.52,48.43,50,,,,
2014-01-27,50.78,50.78,39.06,41.7,,,,
2014-01-28,42.59,45.68,41.54,45.6,,,,
2014-01-29,42.3,43.45,35.6,36.85,,,,
2014-01-30,41.41,48.53,40.94,45.57,,,,
2014-01-31,40.33,42.27,39.18,39.81,,,,
2014-02-03,38.67,38.67,24.52,25.41,,,,
2014-02-04,25.2,29.08,25.2,27.29,,,,
2014-02-05,25.19,25.19,21.15,23.17,,,,
2014-02-06,25.22,27.74,24.8,25.51,,,,
2014-02-07,29.87,31.4,26.98,31.4,,,,
2014-02-10,29.45,32.45,29.19,32.42,,,,
2014-02-11,33.89,38.84,32.73,37.38,,,,
2014-02-12,41.07,41.44,38.02,39.28,,,,
2014-02-13,39.44,46.6,39.44,46.46,,,,
2014-02-14,45.36,48.05,44.57,47.83,,,,
2014-02-18,49.2,53.37,48.15,52.95,,,,
2014-02-19,52.47,54.26,45.57,45.59,,,,
2014-02-20,47.49,52.92,46.91,52.79,,,,
2014-02-21,54,55.48,52.58,52.61,,,,
2014-02-24,55.03,59.47,55.03,56.72,,,,
2014-02-25,56.46,57.78,53.87,54.72,,,,
2014-02-26,56.3,61.05,54.82,57.99,,,,
2014-02-27,56.93,60.42,56.25,60.4,,,,
2014-02-28,62.03,63.99,59.18,60.29,,,,
2014-03-03,55.43,57.6,51.16,56.25,,,,
2014-03-04,66.34,73.95,66.34,71.88,,,,
2014-03-05,69.08,69.87,68.02,69.48,,,,
2014-03-06,70.12,70.12,68.64,69.64,,,,
2014-03-07,71.33,71.33,67.26,69.06,,,,
2014-03-10,67.51,69.41,65.71,69.41,,,,
2014-03-11,69.2,69.47,60.63,62.06,,,,
2014-03-12,59.1,64.65,59.1,64.65,,,,
2014-03-13,65.23,65.23,56.08,57.46,,,,
2014-03-14,58.2,60.84,58.09,59.68,,,,
2014-03-17,64.76,66.03,62.32,62.41,,,,
2014-03-18,62.89,68.81,62.89,68.8,,,,
2014-03-19,67.95,68.43,62.87,64.67,,,,
2014-03-20,64.3,66.63,62.97,65.73,,,,
2014-03-21,67.42,69.75,65.09,65.71,,,,
2014-03-24,64.59,64.59,56.06,59.19,,,,
2014-03-25,61.79,63.43,56.8,59.08,,,,
2014-03-26,60.78,60.78,47.27,47.27,,,,
2014-03-27,44.56,48.91,42.44,43.4,,,,
2014-03-28,47.48,53.31,44.3,45.2,,,,
2014-03-31,48.64,57.33,48.64,56.27,,,,
2014-04-01,60.36,64.33,58.92,64.33,,,,
2014-04-02,64.65,66.03,63.75,65.87,,,,
2014-04-03,65.65,65.65,60.36,61.11,,,,
2014-04-04,62.28,62.75,47.1,47.48,,,,
2014-04-07,40.49,43.47,37.47,39.17,,,,
2014-04-08,45.22,46.07,39.38,43.57,,,,
2014-04-09,45.11,50.95,42.67,50.9,,,,
2014-04-10,48.99,48.99,30.09,31.86,,,,
2014-04-11,30.69,30.69,24.42,25.17,,,,
2014-04-14,28.94,30.58,23.2,27.04,,,,
2014-04-15,28.79,30.34,21.41,29.7,,,,
2014-04-16,31.82,33.47,29.27,33.42,,,,
2014-04-17,31.88,37.83,30.71,37.14,,,,
2014-04-21,37.14,38.36,33.2,38.36,,,,
2014-04-22,37.72,45.58,37.72,43.75,,,,
2014-04-23,41.73,43.32,37.92,37.92,,,,
2014-04-24,37.97,39.62,35.21,36.11,,,,
2014-04-25,33.45,33.45,26.86,27.12,,,,
2014-04-28,27.5,30.42,22.12,26.32,,,,
2014-04-29,29.46,30.1,26.06,26.22,,,,
2014-04-30,23.61,28.67,22.65,28.45,,,,
2014-05-01,26.01,29.41,23.56,27.75,,,,
2014-05-02,29.51,33.13,28.12,29.49,,,,
2014-05-05,24.79,28.42,24.79,27.53,,,,
2014-05-06,25.61,26.78,21.5,21.5,,,,
2014-05-07,22.99,24.97,19.26,24.97,,,,
2014-05-08,25.88,28.49,21.93,22.37,,,,
2014-05-09,21.78,27.01,21.03,26.85,,,,
2014-05-12,30.21,41.75,30.21,39.72,,,,
2014-05-13,38.54,38.54,33.47,33.65,,,,
2014-05-14,30.98,31.78,25.74,25.96,,,,
2014-05-15,22.54,22.54,18.64,22.43,,,,
2014-05-16,22.11,27.08,21.31,27.08,,,,
2014-05-19,27.88,32.1,27.88,31.89,,,,
2014-05-20,27.61,27.61,21.95,24.42,,,,
2014-05-21,27.52,28.59,23.03,26.67,,,,
2014-05-22,28.27,33.45,28.27,31.28,,,,
2014-05-23,32.03,39.35,32.03,39.35,,,,
2014-05-27,43.68,50.69,43.68,49.51,,,,
2014-05-28,47.21,48.02,44.43,45.98,,,,
2014-05-29,49.09,49.09,46.04,48.55,,,,
2014-05-30,48.93,49.35,44.06,45.77,,,,
2014-06-02,44.91,44.91,37.05,41.32,,,,
2014-06-03,40.25,41.8,35.54,38.74,,,,
2014-06-04,36.38,40.99,36.38,40.58,,,,
2014-06-05,41.87,57.61,40.26,57.61,,,,
2014-06-06,60.72,65.66,60.72,65.55,,,,
2014-06-09,65.27,71.81,65.27,71.6,,,,
2014-06-10,69.94,70.15,67.2,69.51,,,,
2014-06-11,67.9,68.27,63.87,65.43,,,,
2014-06-12,60.22,63.87,58.93,60.86,,,,
2014-06-13,62.37,63.82,59.79,61.72,,,,
2014-06-16,60.44,62.15,58.23,62.1,,,,
2014-06-17,61.13,68.49,61.13,67.13,,,,
2014-06-18,65.73,71.58,65.3,71.52,,,,
2014-06-19,72.27,72.27,68.94,71.35,,,,
2014-06-20,71.25,72.91,71.03,72.91,,,,
2014-06-23,71.73,72,68.13,69.85,,,,
2014-06-24,69.1,75.38,64.42,64.46,,,,
2014-06-25,62.36,69.19,62.25,69.06,,,,
2014-06-26,65.94,67.45,63.74,67.45,,,,
2014-06-27,67.13,73.96,66.75,73.91,,,,
2014-06-30,71.85,76.14,71.36,76.14,,,,
2014-07-01,79.32,84.76,79.32,82.48,,,,
2014-07-02,83.62,83.67,81.25,81.41,,,,
2014-07-03,83.72,85.29,83.24,84.2,,,,
2014-07-07,82.25,82.25,74.6,74.65,,,,
2014-07-08,71,71,63.73,67.17,,,,
2014-07-09,68.34,68.69,65.34,66.24,,,,
2014-07-10,53.27,60.7,53.07,57.09,,,,
2014-07-11,53.38,56.38,51.24,54.44,,,,
2014-07-14,59.43,60.75,57.44,58.21,,,,
2014-07-15,57.44,57.44,46.31,49.41,,,,
2014-07-16,51.34,51.65,44.73,47.28,,,,
2014-07-17,43.87,45.34,32.33,33.35,,,,
2014-07-18,35.58,45.5,35.58,45.44,,,,
2014-07-21,38.94,41.23,35.53,39.19,,,,
2014-07-22,42.65,48.24,42.65,46.18,,,,
2014-07-23,44.91,49.03,44.91,45.87,,,,
2014-07-24,48.98,49.69,40.94,42.82,,,,
2014-07-25,36.04,37.83,33.19,35.23,,,,
2014-07-28,32.99,33.96,28.15,31.85,,,,
2014-07-29,32.46,36.74,32.05,32.21,,,,
2014-07-30,38.88,38.88,33.53,36.44,,,,
2014-07-31,30.73,31.14,23.85,24.01,,,,
2014-08-01,25.39,25.39,19.83,21.79,,,,
2014-08-04,23.07,26.18,19.24,25.93,,,,
2014-08-05,23.73,27.97,22.4,25.11,,,,
2014-08-06,24.55,31.18,24.55,29.04,,,,
2014-08-07,31.08,31.59,25.21,26.91,,,,
2014-08-08,26.91,32.78,26.91,32.53,,,,
2014-08-11,34.01,41.98,34.01,39.83,,,,
2014-08-12,37.28,38.04,32.07,34.06,,,,
2014-08-13,34.72,38.1,34.72,37.84,,,,
2014-08-14,38.45,39.32,37.58,39.19,,,,
2014-08-15,41.74,43.12,32.95,37.04,,,,
2014-08-18,42.15,46.85,42.15,46.85,,,,
2014-08-19,48.64,49.71,48.33,48.92,,,,
2014-08-20,44.68,46.21,42.17,44.42,,,,
2014-08-21,42.98,47.79,38.68,47.64,,,,
2014-08-22,45.08,48.92,44.57,47.23,,,,
2014-08-25,49.89,52.86,46.67,48.82,,,,
2014-08-26,49.69,55.11,49.69,54.6,,,,
2014-08-27,54.86,54.86,52.76,53.12,,,,
2014-08-28,47.85,51.27,47.85,48.66,,,,
2014-08-29,50.05,54.35,47.95,54.24,,,,
2014-09-02,54.78,58.57,54.07,58.57,,,,
2014-09-03,60.11,60.36,52.02,52.35,,,,
2014-09-04,55.07,57.58,49.33,49.79,,,,
2014-09-05,47.23,51.84,46.61,51.81,,,,
2014-09-08,52.94,53.92,50.38,53.81,,,,
2014-09-09,48.64,48.94,44.59,44.69,,,,
2014-09-10,45,48.59,43.77,48.53,,,,
2014-09-11,48.12,54.22,46.84,53.4,,,,
2014-09-12,52.63,52.63,44.9,46.33,,,,
2014-09-15,43.15,43.15,39.56,39.87,,,,
2014-09-16,41.92,43.36,37.72,42.51,,,,
2014-09-17,44.61,47.94,43.02,44,,,,
2014-09-18,47.74,49.28,46.71,48.76,,,,
2014-09-19,50.41,52.2,40.41,42.46,,,,
2014-09-22,35.84,36.92,32.05,32.15,,,,
2014-09-23,32.56,34.1,26.87,26.97,,,,
2014-09-24,27.69,32.46,26.92,32.41,,,,
2014-09-25,29.94,29.94,23.38,23.43,,,,
2014-09-26,24.35,28.05,24.35,28.05,,,,
2014-09-29,24.1,28.25,24,27.12,,,,
2014-09-30,25.17,27.74,21.89,21.89,,,,
2014-10-01,18.46,20.97,16.25,16.73,,,,
2014-10-02,19.71,22.99,15.65,21.91,,,,
2014-10-03,26.28,29.56,26.28,27.1,,,,
2014-10-06,27.36,27.36,22.63,22.63,,,,
2014-10-07,18.89,20.73,16.32,16.32,,,,
2014-10-08,16.73,27.41,14.73,27.41,,,,
2014-10-09,25.77,25.77,16.47,16.47,,,,
2014-10-10,19.6,21.04,15.19,15.19,,,,
2014-10-13,15.91,25.2,15.6,20.39,,,,
2014-10-14,25.26,29.84,24.34,27.17,,,,
2014-10-15,25.73,30.76,21.87,30.71,,,,
2014-10-16,28.91,35.9,28.91,34.68,,,,
2014-10-17,37.25,37.25,30.26,30.31,,,,
2014-10-20,32.88,35.81,31.75,35.73,,,,
2014-10-21,37.68,43.7,37.68,43.59,,,,
2014-10-22,44.31,46.01,35.57,35.64,,,,
2014-10-23,41.51,48.3,40.32,45.01,,,,
2014-10-24,46.7,46.7,43.26,45.31,,,,
2014-10-27,40.58,46.55,39.81,46.39,,,,
2014-10-28,48.5,63.47,48.5,63.47,,,,
2014-10-29,64.6,64.6,60.08,62.5,,,,
2014-10-30,61.67,67.54,60.33,66.56,,,,
2014-10-31,71.55,72.42,70.31,71.75,,,,
2014-11-03,73.09,73.09,69.08,70.52,,,,
2014-11-04,69.75,70.52,67.54,69.17,,,,
2014-11-05,69.68,70.92,67.93,69.06,,,,
2014-11-06,69.37,69.84,67.93,69.84,,,,
2014-11-07,68.55,70.45,67.47,70.33,,,,
2014-11-10,70.44,71.78,69.1,71.73,,,,
2014-11-11,71.11,71.57,70.59,71.11,,,,
2014-11-12,70.95,73.32,70.49,73.32,,,,
2014-11-13,73.53,73.73,69.51,69.77,,,,
2014-11-14,69.2,70.03,68.84,69.36,,,,
2014-11-17,70.18,70.18,66.46,66.46,,,,
2014-11-18,68.72,69.5,67.93,67.93,,,,
2014-11-19,64.84,64.84,59.63,61.55,,,,
2014-11-20,60.31,66.46,60.31,66.44,,,,
2014-11-21,71.5,71.6,66.64,67.16,,,,
2014-11-24,69.9,72.53,69.64,72.53,,,,
2014-11-25,73.67,73.77,71.65,72.74,,,,
2014-11-26,72.58,73.98,71.91,73.77,,,,
2014-11-28,72.48,73.15,65.77,65.77,,,,
2014-12-01,62.26,62.72,57.4,57.4,,,,
2014-12-02,60.45,64.99,60.09,63.44,,,,
2014-12-03,64.27,68.86,64.27,67.16,,,,
2014-12-04,66.02,67.16,63.91,64.32,,,,
2014-12-05,68.19,70.62,68.09,70.04,,,,
2014-12-08,69.31,71.53,63.58,63.61,,,,
2014-12-09,57.98,71.57,57.98,71.49,,,,
2014-12-10,69.73,69.73,60.68,60.78,,,,
2014-12-11,63.63,66.94,61.35,61.87,,,,
2014-12-12,59.02,59.02,53.38,53.46,,,,
2014-12-15,56.67,57.09,47.92,48.24,,,,
2014-12-16,51.08,57.14,49.45,49.45,,,,
2014-12-17,50.64,63.95,49.4,63.88,,,,
2014-12-18,67.3,70.1,65.38,70.1,,,,
2014-12-19,67.66,71.13,67.51,70.6,,,,
2014-12-22,70.19,71.12,68.48,71.12,,,,
2014-12-23,71.28,72.99,71.22,71.57,,,,
2014-12-24,71.1,73.08,71.1,72.28,,,,
2014-12-26,73.01,75.14,73.01,74.4,,,,
2014-12-29,75.07,75.28,73.77,74.35,,,,
2014-12-30,74.09,74.09,71.91,72.27,,,,
2014-12-31,72.17,74.71,69.1,69.15,,,,
2015-01-02,71.96,71.96,60.22,65.8,,,,
2015-01-05,60.55,62.57,51.81,53.77,,,,
2015-01-06,51.32,51.84,36.75,40.26,,,,
2015-01-07,44.21,46.66,40.88,46.66,,,,
2015-01-08,51.25,56.82,51.19,55.81,,,,
2015-01-09,54.19,54.19,48.77,48.87,,,,
2015-01-12,47.05,47.21,43.51,46.01,,,,
2015-01-13,51.9,56.22,41.84,46.89,,,,
2015-01-14,43.51,45.33,40.12,43.66,,,,
2015-01-15,41.37,41.74,35.17,36.09,,,,
2015-01-16,37.61,44.23,37.61,44.23,,,,
2015-01-20,42.48,42.48,37.68,40.24,,,,
2015-01-21,39.97,40.86,36.53,37.93,,,,
2015-01-22,37.04,48.95,36.72,48.95,,,,
2015-01-23,47.75,49.11,45.97,46.96,,,,
2015-01-26,43.93,50.99,43.93,50.99,,,,
2015-01-27,46.23,50.1,44.67,46.96,,,,
2015-01-28,46.29,46.6,38.24,38.97,,,,
2015-01-29,38.87,47.07,38.4,47.02,,,,
2015-01-30,45.4,45.4,35.47,35.57,,,,
2015-02-02,35.02,41.08,32.09,40.97,,,,
2015-02-03,48.09,52.74,47.2,52.74,,,,
2015-02-04,50.91,53.68,48.56,48.9,,,,
2015-02-05,53.03,59.37,53.03,58.74,,,,
2015-02-06,59.42,62.72,56.75,57.53,,,,
2015-02-09,56.96,60.26,51.85,51.85,,,,
2015-02-10,53.22,55.99,48.4,54.55,,,,
2015-02-11,54.5,54.5,49.21,51.75,,,,
2015-02-12,53.64,59.04,53.64,58.91,,,,
2015-02-13,60.49,62.11,58.49,61.49,,,,
2015-02-17,61.31,63.83,61.31,62.51,,,,
2015-02-18,61.67,62.72,59.42,62.72,,,,
2015-02-19,60.89,63.51,60.26,62.21,,,,
2015-02-20,58.64,61.56,56.17,61.56,,,,
2015-02-23,58.83,60.3,56.46,60.04,,,,
2015-02-24,60.19,62.77,59.04,60.83,,,,
2015-02-25,60.98,63.03,59.25,60.91,,,,
2015-02-26,60.07,61.44,58.86,61.26,,,,
2015-02-27,59.94,61,57.47,57.47,,,,
2015-03-02,58.84,62.42,58.31,61.36,,,,
2015-03-03,59.47,59.47,57.63,57.94,,,,
2015-03-04,54.42,55.68,53.15,54.87,,,,
2015-03-05,53.97,57.13,53.55,55.92,,,,
2015-03-06,55.76,55.81,49.28,49.34,,,,
2015-03-09,51.44,53.18,50.65,52.02,,,,
2015-03-10,46.49,46.49,44.33,44.33,,,,
2015-03-11,45.18,47.65,43.91,47.34,,,,
2015-03-12,54.44,59.71,52.86,59.69,,,,
2015-03-13,58.11,58.11,51.73,57.32,,,,
2015-03-16,58.53,59.53,57.63,58.19,,,,
2015-03-17,57.14,60.35,56.14,59.72,,,,
2015-03-18,57.61,65.15,57.35,63.81,,,,
2015-03-19,62.65,64.66,62.28,64.66,,,,
2015-03-20,65.98,69.77,65.98,69.67,,,,
2015-03-23,69.44,71.55,69.34,70.07,,,,
2015-03-24,69.44,71.13,69.44,69.7,,,,
2015-03-25,68.54,69.07,56.93,56.93,,,,
2015-03-26,56.83,58.73,54.98,56.67,,,,
2015-03-27,56.83,58.41,54.45,58.41,,,,
2015-03-30,60.94,64.37,60.73,64.27,,,,
2015-03-31,61.79,62.58,59.73,61.89,,,,
2015-04-01,57.3,61.74,56.04,61.51,,,,
2015-04-02,62.24,65.31,62.24,63.18,,,,
2015-04-06,64.5,66.56,64.02,65.85,,,,
2015-04-07,65.75,66.8,62.52,62.57,,,,
2015-04-08,63.47,65.06,62.89,64.53,,,,
2015-04-09,64.58,64.58,56.76,61.31,,,,
2015-04-10,62.63,64.32,62.63,63.05,,,,
2015-04-13,63.51,65.67,63.24,63.29,,,,
2015-04-14,62.4,63.35,59.43,63.14,,,,
2015-04-15,64.72,68.74,64.72,67.26,,,,
2015-04-16,66.52,67.21,65.04,66.63,,,,
2015-04-17,59.65,59.75,51.56,52.72,,,,
2015-04-20,57.21,61.87,57,61.6,,,,
2015-04-21,61.92,62.87,59.54,59.86,,,,
2015-04-22,57.05,60.54,53.3,59.33,,,,
2015-04-23,58.8,61.81,57.05,61.81,,,,
2015-04-24,60.65,60.7,57.95,59.65,,,,
2015-04-27,60.23,64.99,50.6,53.43,,,,
2015-04-28,54.49,59.36,50.21,58.62,,,,
2015-04-29,54.86,56.56,51.9,51.9,,,,
2015-04-30,46.82,46.82,35.71,36.42,,,,
2015-05-01,41.23,41.23,35.3,38.43,,,,
2015-05-04,42.35,44.67,40.17,40.73,,,,
2015-05-05,42,42,31.51,33.66,,,,
2015-05-06,33.77,34.67,31.07,34.57,,,,
2015-05-07,34.99,37.8,33.03,35.64,,,,
2015-05-08,39.52,40.05,37.13,38.95,,,,
2015-05-11,40.44,42.46,38.9,40.01,,,,
2015-05-12,33.26,39.79,31.66,38.7,,,,
2015-05-13,40.77,40.77,37,37.97,,,,
2015-05-14,39.89,45.74,39.89,45.74,,,,
2015-05-15,42.44,44.25,41.32,43.29,,,,
2015-05-18,42.92,49.36,42.18,48.98,,,,
2015-05-19,46.38,46.91,44.3,46.32,,,,
2015-05-20,45.31,48.03,45.1,47.18,,,,
2015-05-21,47.55,49.04,45.37,47.2,,,,
2015-05-22,46.08,47.41,41.19,42.57,,,,
2015-05-26,33.06,36.15,33.06,35.46,,,,
2015-05-27,36.26,43.34,36.26,43.34,,,,
2015-05-28,39.98,43.66,39.98,43.66,,,,
2015-05-29,41.9,42.59,37.38,39.63,,,,
2015-06-01,40.33,43.58,36.33,40.83,,,,
2015-06-02,39.49,47.6,39.28,43.76,,,,
2015-06-03,44.98,51.7,43.92,51.2,,,,
2015-06-04,48,49.38,43.36,43.94,,,,
2015-06-05,41.11,49.59,41.11,49.59,,,,
2015-06-08,48.93,48.93,45.73,45.73,,,,
2015-06-09,43.97,47.06,42.36,45.19,,,,
2015-06-10,49.78,55.92,49.78,54.22,,,,
2015-06-11,54.43,55.44,53.41,55.12,,,,
2015-06-12,52.35,54.54,52.35,53.52,,,,
2015-06-15,45.31,51.73,44.56,51.09,,,,
2015-06-16,50.13,55.53,50.13,54.36,,,,
2015-06-17,56.17,56.23,53.34,54.03,,,,
2015-06-18,56.66,63.34,56.66,62.76,,,,
2015-06-19,61.74,63.4,60.78,62.54,,,,
2015-06-22,63.88,65.7,63.88,65.43,,,,
2015-06-23,64.63,66.82,64.63,66.75,,,,
2015-06-24,66.16,66.16,61.77,61.77,,,,
2015-06-25,61.08,61.77,58.88,60.49,,,,
2015-06-26,61.02,62.09,57.6,59.52,,,,
2015-06-29,56.23,56.72,45.76,45.76,,,,
2015-06-30,48.33,49.51,47.1,48.66,,,,
2015-07-01,53.26,53.96,47.96,49.89,,,,
2015-07-02,50,50,44.21,45.49,,,,
2015-07-06,43.98,47.74,43.01,45.75,,,,
2015-07-07,44.03,46.18,37.48,45.27,,,,
2015-07-08,43.71,43.71,37.11,38.99,,,,
2015-07-09,43.87,44.3,40.6,40.88,,,,
2015-07-10,46.15,49.97,46.15,49.94,,,,
2015-07-13,52.96,54.84,52.96,54.46,,,,
2015-07-14,54.57,57.42,54.57,56.56,,,,
2015-07-15,54.57,55.16,52.26,54.24,,,,
2015-07-16,56.88,58.71,56.32,57.29,,,,
2015-07-17,56.48,56.48,53.02,54.39,,,,
2015-07-20,52.77,52.77,49.66,50.33,,,,
2015-07-21,52.21,52.21,46.77,47.73,,,,
2015-07-22,48.29,50.38,48.29,49.69,,,,
2015-07-23,49.79,49.79,41.86,41.91,,,,
2015-07-24,40.03,41.25,34.58,34.6,,,,
2015-07-27,29.82,32.36,29.82,31.9,,,,
2015-07-28,30.33,33.79,28.75,33.33,,,,
2015-07-29,32.67,35.92,32.67,35.06,,,,
2015-07-30,32.16,36.99,32.16,36.74,,,,
2015-07-31,37.25,42.44,37.25,40.15,,,,
2015-08-03,39.69,39.69,36.18,38.52,,,,
2015-08-04,38.67,40.96,37.4,37.78,,,,
2015-08-05,43.14,43.14,38.8,38.97,,,,
2015-08-06,38.92,38.92,33.21,34.48,,,,
2015-08-07,34.28,34.28,30.35,32.09,,,,
2015-08-10,36.02,36.58,35.35,36.58,,,,
2015-08-11,33.87,33.87,30.81,32.09,,,,
2015-08-12,26.98,29.28,25.35,29.13,,,,
2015-08-13,28.06,31.53,27.75,29.13,,,,
2015-08-14,28.16,34.2,28.16,34.2,,,,
2015-08-17,31.24,38.08,31.03,38.02,,,,
2015-08-18,37,37.36,33.99,34.08,,,,
2015-08-19,30.09,33.62,28.46,30.3,,,,
2015-08-20,26.77,26.82,22.23,22.23,,,,
2015-08-21,18.55,23.41,17.68,19.06,,,,
2015-08-24,8.54,15.49,8.54,9.36,,,,
2015-08-25,12.63,12.68,8.23,8.23,,,,
2015-08-26,10.49,13.1,7.77,13.1,,,,
2015-08-27,14.94,16.88,12.58,16.02,,,,
2015-08-28,16.38,19.2,15.82,18.84,,,,
2015-08-31,18.68,20.83,17.81,20.43,,,,
2015-09-01,17.51,17.51,12.85,13.21,,,,
2015-09-02,15.66,18.75,14.54,18.75,,,,
2015-09-03,20.33,21.87,18.08,18.08,,,,
2015-09-04,16.95,18.44,15.67,17.26,,,,
2015-09-08,22.18,25.35,21.56,24.89,,,,
2015-09-09,27.1,27.1,21.16,21.16,,,,
2015-09-10,21.52,24.19,21.01,23.53,,,,
2015-09-11,22.05,26.1,21.17,26.1,,,,
2015-09-14,25.43,25.84,24.2,25.84,,,,
2015-09-15,26.25,30.92,26.25,30.87,,,,
2015-09-16,31.84,35.17,30.35,35.17,,,,
2015-09-17,35.17,44.2,35.17,38.25,,,,
2015-09-18,33.64,35.28,30.35,31.19,,,,
2015-09-21,36.32,38.73,30.93,32.64,,,,
2015-09-22,28.79,29,24.43,26.07,,,,
2015-09-23,26.54,29.56,25.35,27.72,,,,
2015-09-24,24.94,29.77,24.48,29.77,,,,
2015-09-25,30.8,31.51,24.02,24.28,,,,
2015-09-28,22.43,22.43,17.86,18.01,,,,
2015-09-29,17.6,19.81,16.99,18.48,,,,
2015-09-30,21.86,23.3,19.96,22.53,,,,
2015-10-01,22.02,22.17,17.4,21.62,,,,
2015-10-02,18.28,24.97,15.61,24.97,,,,
2015-10-05,31.08,39.82,31.08,39.75,,,,
2015-10-06,40.62,42.17,36.81,38.25,,,,
2015-10-07,44.33,49.43,41.24,49.43,,,,
2015-10-08,48.97,56.23,48.97,55.58,,,,
2015-10-09,57.7,57.85,55.58,56.44,,,,
2015-10-12,55.15,56.8,54.63,56.78,,,,
2015-10-13,55.59,59.56,51.21,51.21,,,,
2015-10-14,51.21,53.06,44.4,44.4,,,,
2015-10-15,46.72,57.86,44.04,57.79,,,,
2015-10-16,57.99,57.99,52.16,56.86,,,,
2015-10-19,56.5,59.23,53.97,58.1,,,,
2015-10-20,57.32,60.68,57.32,59.39,,,,
2015-10-21,59.95,59.95,51.03,51.05,,,,
2015-10-22,55.29,60.04,55.08,57.25,,,,
2015-10-23,58.59,62.2,58.13,61.59,,,,
2015-10-26,59.47,60.24,56.37,57.57,,,,
2015-10-27,55.29,55.91,48.42,49.97,,,,
2015-10-28,51.78,63.92,51.78,63.92,,,,
2015-10-29,62.89,63.87,58.65,59.1,,,,
2015-10-30,57.44,59.04,55.99,57.29,,,,
2015-11-02,58.58,67.06,58.58,66.94,,,,
2015-11-03,66.52,69.47,65.54,68.13,,,,
2015-11-04,67.25,68.8,65.54,67.04,,,,
2015-11-05,65.85,67.2,63.68,66.58,,,,
2015-11-06,65.18,68.13,63.57,68.08,,,,
2015-11-09,66.21,66.21,61.51,62.07,,,,
2015-11-10,60.68,62.28,59.69,62,,,,
2015-11-11,61.8,62.16,59.31,59.34,,,,
2015-11-12,56.49,57.06,51.94,51.99,,,,
2015-11-13,49.87,52.09,47.43,48.78,,,,
2015-11-16,49.35,52.07,46.91,52.07,,,,
2015-11-17,50.82,54.04,49.37,49.53,,,,
2015-11-18,50.05,54.76,49.37,54.76,,,,
2015-11-19,54.55,54.87,52.95,54.14,,,,
2015-11-20,56.73,58.08,56.47,57.15,,,,
2015-11-23,57.12,60.03,56.71,58.06,,,,
2015-11-24,58.38,61.44,56.46,61.13,,,,
2015-11-25,61.13,65.33,61.13,65.1,,,,
2015-11-27,65.24,67.16,64.77,67.16,,,,
2015-11-30,67.27,68.93,66.49,66.96,,,,
2015-12-01,68.51,68.57,65.76,68.31,,,,
2015-12-02,67.32,67.63,63.01,63.37,,,,
2015-12-03,64.36,64.36,54.8,55.37,,,,
2015-12-04,56.77,59.79,56.2,59.06,,,,
2015-12-07,55.42,55.42,50.23,51.27,,,,
2015-12-08,46.54,49.61,45.03,46.62,,,,
2015-12-09,45.94,48.18,39.55,40.35,,,,
2015-12-10,40.5,42.27,39,39.69,,,,
2015-12-11,33.76,33.97,27,27.85,,,,
2015-12-14,27.64,27.64,22.54,25.76,,,,
2015-12-15,29.98,33.36,28.94,32.81,,,,
2015-12-16,35.83,41.3,34.63,41.19,,,,
2015-12-17,41.66,42.29,36.19,36.19,,,,
2015-12-18,33.95,34.89,29.94,31.07,,,,
2015-12-21,31.59,34.04,30.81,33.55,,,,
2015-12-22,32.56,36.22,31.36,36.06,,,,
2015-12-23,37.94,42.58,37.94,42.53,,,,
2015-12-24,42.74,45.77,41.38,43.21,,,,
2015-12-28,41.59,41.59,37.21,39.77,,,,
2015-12-29,44.1,46.5,40.86,46.45,,,,
2015-12-30,45.61,45.61,40.97,40.97,,,,
2015-12-31,39.5,39.71,32.77,32.82,,,,
2016-01-04,23.79,23.79,18.42,21.55,,,,
2016-01-05,21.65,23.59,20.45,23.17,,,,
2016-01-06,20.14,22.28,18.68,20.41,,,,
2016-01-07,15.66,16.18,12.68,12.69,,,,
2016-01-08,14.1,14.1,9.82,9.82,,,,
2016-01-11,11.49,11.49,8.51,9.67,,,,
2016-01-12,12.7,12.7,8.57,10.46,,,,
2016-01-13,11.76,11.76,7,7,,,,
2016-01-14,7.53,10.35,6.85,8.99,,,,
2016-01-15,6.11,7.79,4.75,7.58,,,,
2016-01-19,8.11,8.42,6.07,7.58,,,,
2016-01-20,5.96,8.79,4.23,7.54,,,,
2016-01-21,7.49,8.69,7.28,7.54,,,,
2016-01-22,9.21,12.15,9.21,12.1,,,,
2016-01-25,11.58,11.58,9.43,9.43,,,,
2016-01-26,11,14.3,10.42,13.79,,,,
2016-01-27,12.9,13.9,9.91,10.07,,,,
2016-01-28,12.22,13.58,11.38,12.06,,,,
2016-01-29,15.11,21.4,15.11,21.36,,,,
2016-02-01,17.64,21.06,17.38,19.24,,,,
2016-02-02,15.82,16.35,14.35,14.9,,,,
2016-02-03,15.53,16.16,12.95,15.63,,,,
2016-02-04,16.37,19.27,15.27,16.27,,,,
2016-02-05,15.74,15.79,12.17,12.17,,,,
2016-02-08,10.11,12.85,9.32,12.44,,,,
2016-02-09,11.49,13.65,10.96,11.91,,,,
2016-02-10,13.54,15.23,11.59,11.65,,,,
2016-02-11,9.38,11.76,9.07,11.03,,,,
2016-02-12,13.14,15.99,12.77,15.58,,,,
2016-02-16,19.54,23.08,18.27,22.66,,,,
2016-02-17,26.3,30.37,26.3,28.01,,,,
2016-02-18,28.17,29.33,26.47,27.58,,,,
2016-02-19,28.17,29.96,27.69,29.17,,,,
2016-02-22,35.72,36.94,34.77,35.2,,,,
2016-02-23,35.25,35.67,31.44,31.44,,,,
2016-02-24,27.74,36.94,27.32,36.94,,,,
2016-02-25,38.37,40.75,36.89,40.71,,,,
2016-02-26,42.46,45.84,42.46,43.68,,,,
2016-02-29,45,49.07,44.84,45.02,,,,
2016-03-01,47.88,54.92,47.72,54.92,,,,
2016-03-02,55.87,60.09,54.49,60.09,,,,
2016-03-03,61.2,65.44,61.2,65.42,,,,
2016-03-04,67.23,70.83,66.7,68.43,,,,
2016-03-07,69.54,74.53,69.54,74.11,,,,
2016-03-08,72.25,72.62,66.47,66.5,,,,
2016-03-09,68.57,69.05,67.3,67.88,,,,
2016-03-10,69.95,69.95,62.31,64.96,,,,
2016-03-11,69.58,73.72,69.05,73.72,,,,
2016-03-14,73.67,74.25,72.18,73.19,,,,
2016-03-15,71.12,71.12,66.98,66.98,,,,
2016-03-16,67.35,69.47,66.82,69,,,,
2016-03-17,68.09,75.69,67.51,74.94,,,,
2016-03-18,77.01,79.35,77.01,79.08,,,,
2016-03-21,79.93,80.46,78.5,78.71,,,,
2016-03-22,77.65,79.14,76.96,77.81,,,,
2016-03-23,77.28,77.28,68.89,68.89,,,,
2016-03-24,65.18,70.48,65.18,70.47,,,,
2016-03-28,70.63,72.59,67.49,70.36,,,,
2016-03-29,67.92,79.93,67.65,79.93,,,,
2016-03-30,81.52,82.69,80.25,81.05,,,,
2016-03-31,81.79,83.01,81.31,81.63,,,,
2016-04-01,78.55,82.31,78.55,82.31,,,,
2016-04-04,81.46,82.79,78.91,78.95,,,,
2016-04-05,76.56,77.36,73.37,73.43,,,,
2016-04-06,72.1,75.91,70.72,75.91,,,,
2016-04-07,73.04,73.04,66.08,67.3,,,,
2016-04-08,70.91,74.21,68.15,69.43,,,,
2016-04-11,72.62,76.34,69.27,69.59,,,,
2016-04-12,69.21,75.33,67.78,74.73,,,,
2016-04-13,77.65,84.52,77.65,84.51,,,,
2016-04-14,83.39,84.35,83.02,83.55,,,,
2016-04-15,82.11,84.99,82.06,83.97,,,,
2016-04-18,82.68,85.56,82.63,85.5,,,,
2016-04-19,84.92,86.25,83.53,84.7,,,,
2016-04-20,83.43,85.02,82.95,83.85,,,,
2016-04-21,82.63,83.64,79.86,80.82,,,,
2016-04-22,81.51,83.27,81.08,83.21,,,,
2016-04-25,82.15,82.15,78.15,79.69,,,,
2016-04-26,79.15,82.83,78.78,82.82,,,,
2016-04-27,81.59,81.86,79.62,81.54,,,,
2016-04-28,78.98,81.22,76.21,76.21,,,,
2016-04-29,73.7,73.7,68.37,70.42,,,,
2016-05-02,70.68,74.46,70.04,74.46,,,,
2016-05-03,69.65,69.65,61.43,64.57,,,,
2016-05-04,60.4,64.25,57.51,58.83,,,,
2016-05-05,58.13,60.11,53.37,53.47,,,,
2016-05-06,52.03,54.65,49.08,54.65,,,,
2016-05-09,54.65,57.76,52.73,55.62,,,,
2016-05-10,56.04,60.76,56.04,59.96,,,,
2016-05-11,57.77,58.03,52.65,52.65,,,,
2016-05-12,53.35,53.67,44.82,47.72,,,,
2016-05-13,48.36,49.27,44.02,44.52,,,,
2016-05-16,47.69,52.68,47.58,51.55,,,,
2016-05-17,49.03,50.75,38.23,39.87,,,,
2016-05-18,39.6,47.23,39.6,43.68,,,,
2016-05-19,44.11,44.11,35.24,38.79,,,,
2016-05-20,41.59,48.73,41.59,48.73,,,,
2016-05-23,49.83,50.8,47.25,47.98,,,,
2016-05-24,51.04,59.81,51.04,59.81,,,,
2016-05-25,60.57,62.61,60.3,61.96,,,,
2016-05-26,62.29,62.29,60.08,60.51,,,,
2016-05-27,60.78,64.06,60.78,64.01,,,,
2016-05-31,64.04,66.41,63.99,65.33,,,,
2016-06-01,63.99,68.08,62.97,67.97,,,,
2016-06-02,67,69.37,66.09,69.37,,,,
2016-06-03,67.65,68.19,64.42,66.95,,,,
2016-06-06,67.97,72.55,67.97,71.78,,,,
2016-06-07,71.19,73.23,70.7,71.78,,,,
2016-06-08,72.48,75.82,72.48,75.59,,,,
2016-06-09,71.6,71.76,70.42,71.1,,,,
2016-06-10,63.77,66.95,62.91,63.45,,,,
2016-06-13,61.77,63.98,56.81,57.35,,,,
2016-06-14,58.16,58.16,51.91,54.69,,,,
2016-06-15,54.42,59.81,54.26,54.72,,,,
2016-06-16,47.97,53.96,46.41,53.37,,,,
2016-06-17,53.96,56.44,50.62,52.5,,,,
2016-06-20,60.06,63.89,59.01,59.01,,,,
2016-06-21,56.31,56.8,52.91,55.83,,,,
2016-06-22,56.31,59.12,52.32,52.32,,,,
2016-06-23,60.85,65.11,60.15,65.11,,,,
2016-06-24,42.22,47.4,36.82,39.79,,,,
2016-06-27,31.15,31.15,23.54,25.21,,,,
2016-06-28,30.18,32.39,29.26,31.42,,,,
2016-06-29,35.15,40.44,35.15,40.05,,,,
2016-06-30,40.86,51.4,39.35,51.35,,,,
2016-07-01,54.1,55.4,50.43,52.78,,,,
2016-07-05,46.64,46.69,41.34,44.31,,,,
2016-07-06,41.66,48.95,41.66,48.9,,,,
2016-07-07,51.94,53.19,48.25,49.95,,,,
2016-07-08,56.95,65.25,56.95,64.75,,,,
2016-07-11,68.3,72.59,67.75,71.84,,,,
2016-07-12,76.8,81.8,76.44,79.93,,,,
2016-07-13,79.98,81.24,77.13,78.22,,,,
2016-07-14,79.77,80.68,78.02,78.16,,,,
2016-07-15,77.71,79.61,77.46,79.3,,,,
2016-07-18,78.15,80.61,78.15,79.95,,,,
2016-07-19,79,79.2,75.6,76.35,,,,
2016-07-20,75.4,79.85,75.4,78.6,,,,
2016-07-21,79.2,79.3,75.25,75.8,,,,
2016-07-22,74.09,78.15,74.09,77.3,,,,
2016-07-25,76,76.05,74.04,74.23,,,,
2016-07-26,75.23,76.69,73.38,76.24,,,,
2016-07-27,76.74,78.29,75.38,77.54,,,,
2016-07-28,74.78,75.93,73.63,74.23,,,,
2016-07-29,71.42,74.63,69.77,71.83,,,,
2016-08-01,69.22,71.83,68.42,68.82,,,,
2016-08-02,68.12,68.57,61.84,61.92,,,,
2016-08-03,60.96,66.04,60.96,65.97,,,,
2016-08-04,66.83,67.13,64.06,64.06,,,,
2016-08-05,66.83,72.26,66.83,71.86,,,,
2016-08-08,70.39,70.39,70.39,70.39,,,,
2016-08-09,70.04,70.64,69.03,69.88,,,,
2016-08-10,68.88,68.93,65.7,66.31,,,,
2016-08-11,67.62,69.23,66.96,68.93,,,,
2016-08-12,68.78,69.73,67.11,69.11,,,,
2016-08-15,70.73,72.64,70.68,71.53,,,,
2016-08-16,70.32,70.52,67.6,67.6,,,,
2016-08-17,66.49,67.3,64.93,66.95,,,,
2016-08-18,67.5,70.52,67.5,70.48,,,,
2016-08-19,68.06,69.72,68.06,69.37,,,,
2016-08-22,68.06,70.73,67.5,70.73,,,,
2016-08-23,71.49,73.71,71.49,72.89,,,,
2016-08-24,72.69,72.69,68.39,68.67,,,,
2016-08-25,68.06,70.03,67.55,69.71,,,,
2016-08-26,69.36,71.94,65.01,66.93,,,,
2016-08-29,68.2,69.71,67.79,68.45,,,,
2016-08-30,68.14,69.16,67.59,68.75,,,,
2016-08-31,66.88,67.23,64.1,65.55,,,,
2016-09-01,65.04,65.04,61.05,64.92,,,,
2016-09-02,66.34,68.47,66.34,68.4,,,,
2016-09-06,68.54,69.81,66.71,69.81,,,,
2016-09-07,69.35,71.89,68.79,71.89,,,,
2016-09-08,69.86,71.28,69.45,70.6,,,,
2016-09-09,64.21,64.21,51.97,51.98,,,,
2016-09-12,50.3,59.04,49.13,58.97,,,,
2016-09-13,53.73,53.73,45.19,47.27,,,,
2016-09-14,46.56,48.8,45.64,45.64,,,,
2016-09-15,45.75,51.85,45.75,51.85,,,,
2016-09-16,49.26,50.94,48.44,50.63,,,,
2016-09-19,52.87,55.52,50.33,53.05,,,,
2016-09-20,53.71,54.53,51.42,51.45,,,,
2016-09-21,54.76,58.43,50.99,58.4,,,,
2016-09-22,61.31,66.92,61.31,66.92,,,,
2016-09-23,65.13,65.44,62.99,63.04,,,,
2016-09-26,60.09,60.39,54.74,54.76,,,,
2016-09-27,54.2,58.49,54.2,58.03,,,,
2016-09-28,58.89,63.08,55.63,62.87,,,,
2016-09-29,61.55,61.85,53.39,53.39,,,,
2016-09-30,55.48,62.42,54.51,61.2,,,,
2016-10-03,56.3,58.49,54.97,56.71,,,,
2016-10-04,57.78,59.06,52.78,53.65,,,,
2016-10-05,56.87,61.98,56.87,59.52,,,,
2016-10-06,57.48,58.55,54.06,57.74,,,,
2016-10-07,55.85,56.1,49.87,51.4,,,,
2016-10-10,58.76,59.73,58.5,59.27,,,,
2016-10-11,56.51,56.51,45.93,47.87,,,,
2016-10-12,45.01,50.48,45.01,47.06,,,,
2016-10-13,39.65,41.23,36.28,38.17,,,,
2016-10-14,42.41,43.48,36.89,36.99,,,,
2016-10-17,36.7,38.13,36.29,36.62,,,,
2016-10-18,40.2,42.55,38.77,39.79,,,,
2016-10-19,39.64,45.52,39.02,43.68,,,,
2016-10-20,40.92,43.83,39.02,42.19,,,,
2016-10-21,36.62,41.43,36.62,41.07,,,,
2016-10-24,47.92,48.03,43.73,46.39,,,,
2016-10-25,45.05,45.05,40.04,41.42,,,,
2016-10-26,39.47,42.39,35.22,35.22,,,,
2016-10-27,36.09,36.3,30.46,30.63,,,,
2016-10-28,32.17,32.58,28.37,29.04,,,,
2016-10-31,29.34,31.65,28.16,31.19,,,,
2016-11-01,31.34,32.01,24.37,26.12,,,,
2016-11-02,25.71,26.07,21.61,21.67,,,,
2016-11-03,23.57,24.55,22.51,22.51,,,,
2016-11-04,24.11,29.1,23.85,24.67,,,,
2016-11-07,32.75,36.29,32.75,36.19,,,,
2016-11-08,34.85,39.58,34.29,37.93,,,,
2016-11-09,36.12,55.32,36.12,55.28,,,,
2016-11-10,59.5,64.14,56.31,62.28,,,,
2016-11-11,63.98,71.61,63.78,71.61,,,,
2016-11-14,73.15,74.49,72.02,73.28,,,,
2016-11-15,72.92,74.21,71.99,73.74,,,,
2016-11-16,73.43,74.88,73.43,74.09,,,,
2016-11-17,74.87,75.54,74.35,75.07,,,,
2016-11-18,75.02,75.95,74.97,75.95,,,,
2016-11-21,77.55,77.65,75.54,77.6,,,,
2016-11-22,77.45,79.56,77.45,79.56,,,,
2016-11-23,77.34,80.54,77.34,80.44,,,,
2016-11-25,80.18,81.57,80.18,81.47,,,,
2016-11-28,79.97,79.97,77.39,77.5,,,,
2016-11-29,77.24,78.01,75.54,75.54,,,,
2016-11-30,77.39,78.27,73.47,73.72,,,,
2016-12-01,73.27,76.05,69.5,70.02,,,,
2016-12-02,70.84,71.67,69.76,70.22,,,,
2016-12-05,73.91,75.15,73.81,75.11,,,,
2016-12-06,74.96,78.16,74.34,77.8,,,,
2016-12-07,77.08,79.66,76.3,79.12,,,,
2016-12-08,78.61,82.85,78.35,82.75,,,,
2016-12-09,84.25,84.56,82.91,83.32,,,,
2016-12-12,83.22,83.22,79.9,80.21,,,,
2016-12-13,82.18,82.18,80.21,80.94,,,,
2016-12-14,80.26,80.63,76.95,76.95,,,,
2016-12-15,76.74,79.49,76.74,78.09,,,,
2016-12-16,79.33,81.25,78.5,78.53,,,,
2016-12-19,80.09,81.64,79.47,80.49,,,,
2016-12-20,82.46,82.62,80.65,82.15,,,,
2016-12-21,82.31,82.31,79.96,79.96,,,,
2016-12-22,79.19,79.19,75.66,76.07,,,,
2016-12-23,77.06,78.56,77.01,78.55,,,,
2016-12-27,80.58,81.1,79.43,79.43,,,,
2016-12-28,79.38,79.38,75.02,75.23,,,,
2016-12-29,77.57,77.57,74.55,76.22,,,,
2016-12-30,75.54,75.54,73.26,74.09,,,,
2017-01-03,76.47,78.55,73.83,76.45,,,,
2017-01-04,79.31,82.99,79.2,82.99,,,,
2017-01-05,81.33,81.33,77.69,79.19,,,,
2017-01-06,78,78.78,75.76,75.76,,,,
2017-01-09,72.28,74.25,69.99,69.99,,,,
2017-01-10,71.65,74.25,70.35,74.14,,,,
2017-01-11,72.47,73.56,71.07,72.46,,,,
2017-01-12,69.8,69.8,60.74,64.94,,,,
2017-01-13,69.68,70.67,67.96,69.06,,,,
2017-01-17,62.18,63.59,56.56,56.56,,,,
2017-01-18,55.31,57.7,54.58,57.63,,,,
2017-01-19,53.83,53.83,47.73,48.61,,,,
2017-01-20,50.39,52.05,48.56,49.34,,,,
2017-01-23,48.67,48.67,43.35,45.67,,,,
2017-01-24,47.23,55.57,45.04,55.39,,,,
2017-01-25,58.11,60.4,58.11,60.03,,,,
2017-01-26,59.35,59.5,55.22,56.06,,,,
2017-01-27,54.96,54.96,51.82,53.23,,,,
2017-01-30,46.18,46.18,39.96,41.71,,,,
2017-01-31,39.04,44.9,38.31,44.58,,,,
2017-02-01,49.39,49.39,41.29,41.66,,,,
2017-02-02,40.72,42.49,39.36,40.19,,,,
2017-02-03,44.48,49.5,43.07,49.47,,,,
2017-02-06,46.65,47.96,43.2,43.2,,,,
2017-02-07,43.93,46.02,40.01,40.69,,,,
2017-02-08,36.66,38.33,34.83,37.93,,,,
2017-02-09,40.18,45.78,40.18,45.21,,,,
2017-02-10,47.61,51.43,46.88,51.25,,,,
2017-02-13,53.43,55.84,51.12,53.22,,,,
2017-02-14,50.91,54.74,50.02,54.06,,,,
2017-02-15,50.44,57.21,50.44,57.21,,,,
2017-02-16,56.21,56.68,51.49,55.42,,,,
2017-02-17,54.32,54.32,51.8,54.06,,,,
2017-02-21,55.92,58.23,55.14,58.07,,,,
2017-02-22,56.71,56.82,53.88,55.67,,,,
2017-02-23,55.93,55.93,49.1,51.89,,,,
2017-02-24,48.1,51.41,48.1,51.41,,,,
2017-02-27,50.78,55.67,50.47,55.57,,,,
2017-02-28,53.57,53.57,47,47.18,,,,
2017-03-01,54.18,58.18,54.18,58.18,,,,
2017-03-02,56.18,56.81,50.02,50.1,,,,
2017-03-03,51.15,52.1,45.89,49.36,,,,
2017-03-06,45.67,45.67,42.09,44.22,,,,
2017-03-07,43.91,43.91,39.43,39.48,,,,
2017-03-08,41.85,42.54,36.49,36.55,,,,
2017-03-09,37.18,38.87,35.91,35.97,,,,
2017-03-10,38.71,38.87,34.28,37.23,,,,
2017-03-13,37.71,40.24,37.71,38.5,,,,
2017-03-14,36.49,37.71,34.12,36.93,,,,
2017-03-15,38.68,44.27,38.68,43.21,,,,
2017-03-16,45.01,48.07,44.85,48.07,,,,
2017-03-17,47.07,52.82,45.91,52.55,,,,
2017-03-20,49.81,49.81,46.22,46.75,,,,
2017-03-21,48.65,48.65,33.08,33.13,,,,
2017-03-22,31.82,33.66,29.28,32.08,,,,
2017-03-23,31.45,37.2,31.45,35.69,,,,
2017-03-24,36.95,38.91,34.79,36.18,,,,
2017-03-27,32.96,38.35,31.8,37.82,,,,
2017-03-28,36.39,41.36,35.97,41.27,,,,
2017-03-29,40.69,44.45,40.59,43.62,,,,
2017-03-30,43.94,49.12,43.94,48.7,,,,
2017-03-31,48.01,52.4,47.27,50.97,,,,
2017-04-03,51.24,51.24,43.2,43.7,,,,
2017-04-04,43.28,44.65,40.47,42.6,,,,
2017-04-05,45.78,48.64,35.98,36.1,,,,
2017-04-06,37.22,41.67,35.31,41.67,,,,
2017-04-07,40.82,42.78,39.97,41.56,,,,
2017-04-10,41.71,47.02,40.65,42.46,,,,
2017-04-11,41.34,48.19,41.34,48.19,,,,
2017-04-12,46.54,46.54,39.8,40.12,,,,
2017-04-13,38.58,40.39,34.87,34.87,,,,
2017-04-17,36.67,40.71,35.4,40.71,,,,
2017-04-18,38.9,41.87,37.68,41.84,,,,
2017-04-19,45.99,49.6,44.5,45.4,,,,
2017-04-20,48.75,54,47.95,53.98,,,,
2017-04-21,52.6,54.41,50.85,52.79,,,,
2017-04-24,61.48,62.87,59.41,61.94,,,,
2017-04-25,66.73,69.39,66.73,67.71,,,,
2017-04-26,66.96,74.26,66.96,71.64,,,,
2017-04-27,71.96,72.86,68.65,69.61,,,,
2017-04-28,68.92,68.92,61.14,61.3,,,,
2017-05-01,63,64.23,60.55,62.77,,,,
2017-05-02,63.73,63.73,59.57,61.15,,,,
2017-05-03,57.41,59.07,53.94,55.47,,,,
2017-05-04,57.18,57.18,51.94,54.88,,,,
2017-05-05,55.31,55.95,52.9,55.79,,,,
2017-05-08,56.06,56.92,53.12,55.13,,,,
2017-05-09,56.47,56.47,52.13,53.74,,,,
2017-05-10,53.31,56.09,52.13,55.1,,,,
2017-05-11,53.98,53.98,48.26,51.65,,,,
2017-05-12,50.37,50.37,47.53,47.53,,,,
2017-05-15,50.53,54.81,50.53,52.3,,,,
2017-05-16,53.05,53.05,49.57,52.6,,,,
2017-05-17,44.77,44.77,36.85,36.85,,,,
2017-05-18,37.98,41.41,37.98,39.75,,,,
2017-05-19,40.23,43.77,40.23,40.9,,,,
2017-05-22,42.4,44.6,42.4,44.44,,,,
2017-05-23,45.3,47.45,42.94,46.8,,,,
2017-05-24,47.45,48.41,44.28,45.75,,,,
2017-05-25,47.42,49.14,44.95,45.88,,,,
2017-05-26,45.51,46.37,43.31,45.94,,,,
2017-05-30,44.81,44.81,41.39,41.39,,,,
2017-05-31,42.41,42.41,36.45,41.52,,,,
2017-06-01,42.01,51.34,42.01,51.34,,,,
2017-06-02,52.09,60.6,52.09,56.4,,,,
2017-06-05,54.95,54.95,50.16,50.16,,,,
2017-06-06,46.55,50.75,45.58,48.06,,,,
2017-06-07,48.16,49.83,46.65,48.59,,,,
2017-06-08,47.62,60.5,47.62,58.16,,,,
2017-06-09,59.51,66.95,59.4,65.01,,,,
2017-06-12,65.01,67.6,63.18,64.5,,,,
2017-06-13,65.58,67.25,64.67,65.26,,,,
2017-06-14,65.04,65.04,60.78,63.19,,,,
2017-06-15,58.01,62.22,58.01,60.55,,,,
2017-06-16,55.04,58.55,55.04,58.55,,,,
2017-06-19,60.11,62.97,58.66,61.66,,,,
2017-06-20,59.88,59.88,54.8,54.85,,,,
2017-06-21,55.45,57.39,50.16,50.16,,,,
2017-06-22,52.32,54.26,49.73,52.26,,,,
2017-06-23,52.69,56.91,51.78,56.88,,,,
2017-06-26,58.07,58.77,54.88,57.08,,,,
2017-06-27,57.41,61.26,52.51,52.51,,,,
2017-06-28,55.94,63.56,55.84,62.4,,,,
2017-06-29,64.14,64.14,54.28,60.38,,,,
2017-06-30,61.28,61.28,57.89,58.99,,,,
2017-07-03,61.23,67.51,61.23,65.96,,,,
2017-07-05,65.58,65.58,57.15,61.89,,,,
2017-07-06,57.6,59.05,50.97,51.64,,,,
2017-07-07,53.49,61.02,52.99,61.02,,,,
2017-07-10,58.6,61.59,55.46,55.96,,,,
2017-07-11,55.31,57.15,52.91,56.1,,,,
2017-07-12,61.34,67.28,60.49,63.44,,,,
2017-07-13,63.54,63.54,58.45,63.12,,,,
2017-07-14,61.52,65.31,61.37,63.52,,,,
2017-07-17,61.57,66.86,61.57,64.77,,,,
2017-07-18,62.72,62.87,59.38,61.77,,,,
2017-07-19,63.92,66.71,63.87,66.56,,,,
2017-07-20,66.81,67.06,64.32,66.71,,,,
2017-07-21,69.36,69.36,62.27,62.55,,,,
2017-07-24,62.1,62.5,58.31,61.6,,,,
2017-07-25,65.85,70.19,65.3,68.09,,,,
2017-07-26,67.69,67.84,64.35,64.5,,,,
2017-07-27,64.4,65.65,58.56,59.71,,,,
2017-07-28,57.21,58.21,55.71,56.81,,,,
2017-07-31,58.26,58.31,53.12,55.51,,,,
2017-08-01,57.61,57.61,52.97,56.62,,,,
2017-08-02,54.82,54.82,47.47,48.79,,,,
2017-08-03,48.5,49.65,43,43.65,,,,
2017-08-04,44.65,47.75,44.65,47.29,,,,
2017-08-07,46.34,47.9,44.84,46.9,,,,
2017-08-08,45.95,51.9,44.04,45.75,,,,
2017-08-09,42.29,42.29,38.09,39.58,,,,
2017-08-10,36.78,36.78,31.43,31.43,,,,
2017-08-11,31.08,31.78,29.22,30.36,,,,
2017-08-14,34.36,39.96,34.36,39.96,,,,
2017-08-15,39.76,39.76,35.56,35.61,,,,
2017-08-16,36.86,39.11,34.61,35.51,,,,
2017-08-17,33.21,35.26,28.21,28.22,,,,
2017-08-18,24.12,28.87,24.12,27.44,,,,
2017-08-21,26.79,27.69,25.58,27.14,,,,
2017-08-22,29.14,32.16,29.14,32.16,,,,
2017-08-23,30.01,32.91,30.01,31.61,,,,
2017-08-24,33.46,34.21,32.16,34.11,,,,
2017-08-25,34.86,37.07,33.21,36.24,,,,
2017-08-28,37.54,37.54,34.73,37.24,,,,
2017-08-29,35.13,38.39,34.38,37.49,,,,
2017-08-30,37.14,40.1,37.09,39.39,,,,
2017-08-31,40.25,46.21,40.25,44.81,,,,
2017-09-01,45.36,48.02,45.06,48.02,,,,
2017-09-05,48.01,48.16,40.94,42.24,,,,
2017-09-06,44.75,44.85,42.44,43.2,,,,
2017-09-07,43.85,44.05,41.59,42.9,,,,
2017-09-08,42.04,44.45,41.09,43.17,,,,
2017-09-11,46.55,49.62,46.55,49.24,,,,
2017-09-12,49.59,54.52,49.59,53.26,,,,
2017-09-13,53.36,57.48,53.36,56.38,,,,
2017-09-14,55.57,57.08,54.52,55.52,,,,
2017-09-15,53.41,58.34,53.41,58.34,,,,
2017-09-18,59.64,64.97,59.64,63.22,,,,
2017-09-19,63.48,64.03,62.57,63.31,,,,
2017-09-20,63.46,66.78,63.36,66.66,,,,
2017-09-21,66.41,67.42,65.4,65.69,,,,
2017-09-22,65.44,69.26,65.44,69.1,,,,
2017-09-25,69.4,71.21,67.28,69.4,,,,
2017-09-26,70.71,73.33,70.56,72.12,,,,
2017-09-27,74.19,80.54,73.28,79.82,,,,
2017-09-28,79.27,80.23,77.6,80.21,,,,
2017-09-29,80.81,80.96,79.8,79.94,,,,
2017-10-02,80.5,84.04,80.5,84.04,,,,
2017-10-03,84.04,84.89,83.53,84.75,,,,
2017-10-04,84.65,85.31,83.54,84.35,,,,
2017-10-05,85.31,86.27,85.11,85.61,,,,
2017-10-06,85.01,85.01,83.8,84.36,,,,
2017-10-09,85.16,85.16,82,82.09,,,,
2017-10-10,83.8,84.55,82.04,83.49,,,,
2017-10-11,84.44,84.44,82.43,82.48,,,,
2017-10-12,82.03,82.28,80.28,80.92,,,,
2017-10-13,81.32,81.52,80.32,80.46,,,,
2017-10-16,80.91,81.76,78.6,79.04,,,,
2017-10-17,78.64,79.64,77.73,78.12,,,,
2017-10-18,78.93,79.23,77.92,78.48,,,,
2017-10-19,76.52,76.52,75.11,76.42,,,,
2017-10-20,77.62,77.62,76.67,76.86,,,,
2017-10-23,76.86,76.86,72.21,72.21,,,,
2017-10-24,73.32,73.47,70.96,71.01,,,,
2017-10-25,69.95,69.95,64.62,67.87,,,,
2017-10-26,67.67,68.37,65.96,66.81,,,,
2017-10-27,64.09,69.18,64.09,69.08,,,,
2017-10-30,67.06,67.57,59.91,61.58,,,,
2017-10-31,62.53,65.7,62.53,64.85,,,,
2017-11-01,65.55,66.66,58.05,60.55,,,,
2017-11-02,58.89,62.06,58.23,61.76,,,,
2017-11-03,59.94,60.65,58.84,58.97,,,,
2017-11-06,58.87,60.48,58.21,58.74,,,,
2017-11-07,57.33,57.99,47.7,47.85,,,,
2017-11-08,44.93,46.84,42.41,46.09,,,,
2017-11-09,42.41,45.89,41.04,43.77,,,,
2017-11-10,43.51,46.59,43.51,44.7,,,,
2017-11-13,42.63,44.45,41.52,43.64,,,,
2017-11-14,41.32,44.45,41.12,44.24,,,,
2017-11-15,38.84,43.69,38.84,41.01,,,,
2017-11-16,42.78,50.55,42.78,48.33,,,,
2017-11-17,45.5,50.35,45.3,49.36,,,,
2017-11-20,49.46,54.26,49.11,54.24,,,,
2017-11-21,54.74,58.58,54.74,57.15,,,,
2017-11-22,57.61,58.97,55.89,55.89,,,,
2017-11-24,55.89,56.29,53.86,55.18,,,,
2017-11-27,54.83,56.29,53.71,53.71,,,,
2017-11-28,53.92,63.37,53.71,63.37,,,,
2017-11-29,62.72,66.21,62.72,66.19,,,,
2017-11-30,65.48,66.24,63.56,63.86,,,,
2017-12-01,62.55,62.8,48.38,61.11,,,,
2017-12-04,66.58,66.58,58.27,58.33,,,,
2017-12-05,58.18,58.54,52.71,52.71,,,,
2017-12-06,51.24,52.86,49.41,49.41,,,,
2017-12-07,48.65,53.87,48.65,50.88,,,,
2017-12-08,53.52,53.52,48.5,48.5,,,,
2017-12-11,50.12,50.58,46.93,47.61,,,,
2017-12-12,48.73,51.31,48.07,48.07,,,,
2017-12-13,48.52,54.31,48.52,50.45,,,,
2017-12-14,50.81,52.38,42.69,43.4,,,,
2017-12-15,44.62,58.31,44.62,55.27,,,,
2017-12-18,61.1,64.19,60.8,62.86,,,,
2017-12-19,63.21,63.21,55.7,56.01,,,,
2017-12-20,58.29,58.34,55.55,55.8,,,,
2017-12-21,58.24,61.99,57.17,60.35,,,,
2017-12-22,59.34,59.34,55.17,55.2,,,,
2017-12-26,55.58,57.06,54.42,54.57,,,,
2017-12-27,54.62,57.36,53.15,53.53,,,,
2017-12-28,54.09,55.92,52.82,55.84,,,,
2017-12-29,57.12,57.12,50.1,50.15,,,,
2018-01-02,52.11,56.38,51.65,52.87,,,,
2018-01-03,54.3,56.03,52.41,54.94,,,,
2018-01-04,58.21,58.57,55.15,56.78,,,,
2018-01-05,58.36,60.06,55.81,60.06,,,,
2018-01-08,58.84,60.66,55.3,59.53,,,,
2018-01-09,60.19,61.25,59.05,59.05,,,,
2018-01-10,56.93,60.57,56.12,58.8,,,,
2018-01-11,59.51,69.78,59.51,69.78,,,,
2018-01-12,70.24,73.27,69.38,71.3,,,,
2018-01-16,72.72,75.05,63.96,64.17,,,,
2018-01-17,66.34,69.43,65.18,68.7,,,,
2018-01-18,68.35,68.35,64.15,64.15,,,,
2018-01-19,63.49,70.77,63.49,70.77,,,,
2018-01-22,70.01,70.01,66.91,70.01,,,,
2018-01-23,69.19,71.17,67.42,70.82,,,,
2018-01-24,72.28,72.28,65.09,65.09,,,,
2018-01-25,66.51,66.51,62.15,64.58,,,,
2018-01-26,64.79,64.79,62.05,63.93,,,,
2018-01-29,61.9,62.71,59.67,59.67,,,,
2018-01-30,55.47,56.88,52.43,53.87,,,,
2018-01-31,56.15,56.51,48.35,48.96,,,,
2018-02-01,46.78,50.83,45.61,50.78,,,,
2018-02-02,47.69,47.69,39.37,39.39,,,,
2018-02-05,35.73,37.46,21.79,21.79,,,,
2018-02-06,17.68,27.13,17.68,25.52,,,,
2018-02-07,24.91,28.01,24.86,25.99,,,,
2018-02-08,26.5,26.5,16.58,16.58,,,,
2018-02-09,19.17,21.87,12.41,19.93,,,,
2018-02-12,21.71,25.12,18.87,23.56,,,,
2018-02-13,21.57,24.63,21.06,24.54,,,,
2018-02-14,22.96,31.72,22.96,31.16,,,,
2018-02-15,34.47,37.67,31.41,37.64,,,,
2018-02-16,36.11,42.48,36.11,40.16,,,,
2018-02-20,37.35,39.6,33.89,34.6,,,,
2018-02-21,35.77,43.83,35.77,38.07,,,,
2018-02-22,40.16,41.94,35.95,35.95,,,,
2018-02-23,39.16,42.12,37.27,42.12,,,,
2018-02-26,43.03,46.4,39.72,46.2,,,,
2018-02-27,45.33,47.62,38.14,38.14,,,,
2018-02-28,38.8,39.21,29.06,29.06,,,,
2018-03-01,28.65,32.73,26.05,28.57,,,,
2018-03-02,25.86,36.65,25.51,36.65,,,,
2018-03-05,34.71,42.67,33.74,41.6,,,,
2018-03-06,42.87,47.52,38.89,47.42,,,,
2018-03-07,45.83,52.01,45.38,51.04,,,,
2018-03-08,51.76,51.76,47.72,49.71,,,,
2018-03-09,52.78,59.41,51.55,59.41,,,,
2018-03-12,60.13,61.66,58.39,61.04,,,,
2018-03-13,62.11,63.95,58.07,58.15,,,,
2018-03-14,59.28,59.28,54.32,56.06,,,,
2018-03-15,57.13,57.13,51.56,53.5,,,,
2018-03-16,53.04,58.56,53.04,58,,,,
2018-03-19,55.83,55.83,47.54,53.83,,,,
2018-03-20,54.96,55.47,51.53,51.92,,,,
2018-03-21,52.12,58.32,52.12,56.04,,,,
2018-03-22,50.76,53.84,42.72,42.72,,,,
2018-03-23,44.87,44.87,31.3,31.3,,,,
2018-03-26,37.96,41.41,33.76,41.41,,,,
2018-03-27,41.51,42.95,34.13,34.13,,,,
2018-03-28,35.31,37.87,32.85,36.01,,,,
2018-03-29,39.81,44.43,38.94,40.22,,,,
2018-04-02,39.5,40.12,26.93,29.34,,,,
2018-04-03,32.67,37.16,31.71,36.11,,,,
2018-04-04,31.31,45.6,31.31,44.34,,,,
2018-04-05,47.87,50.9,46.26,50.6,,,,
2018-04-06,47.92,50.95,38.18,41.06,,,,
2018-04-09,44.49,48.08,40.87,40.87,,,,
2018-04-10,46.58,52.2,45.87,51.39,,,,
2018-04-11,49.77,54.52,49.77,52.85,,,,
2018-04-12,55.08,58.82,54.83,56.8,,,,
2018-04-13,58.97,58.97,52.6,53.94,,,,
2018-04-16,56.27,63.46,55.46,61.77,,,,
2018-04-17,65.06,68.5,64.4,66.93,,,,
2018-04-18,68.2,71.24,68.03,68.03,,,,
2018-04-19,66.31,67.07,63.67,65.09,,,,
2018-04-20,62.25,64.74,61.04,61.55,,,,
2018-04-23,62.1,63.27,59.01,60.53,,,,
2018-04-24,61.8,63.88,54.05,57.09,,,,
2018-04-25,56.03,57.6,52.68,55.37,,,,
2018-04-26,56.08,59.83,55.07,57.6,,,,
2018-04-27,58.16,58.77,53.95,55.17,,,,
2018-04-30,56.59,56.89,48.88,48.88,,,,
2018-05-01,48.22,51.97,43.35,51.97,,,,
2018-05-02,51.31,56.13,51.26,53.29,,,,
2018-05-03,51.67,51.82,46.24,48.95,,,,
2018-05-04,46.87,57.53,46.87,54.79,,,,
2018-05-07,56.77,60.42,56.21,58.1,,,,
2018-05-08,57.54,60.38,57.54,60.38,,,,
2018-05-09,60.48,62.87,59.06,62.41,,,,
2018-05-10,62.41,65.51,62.01,62.97,,,,
2018-05-11,62.97,64.7,61.9,63.78,,,,
2018-05-14,65.26,65.97,61.02,61.02,,,,
2018-05-15,58.73,62.55,58.73,60.92,,,,
2018-05-16,62.29,66.66,62.29,66,,,,
2018-05-17,66.05,68.95,66.05,68.12,,,,
2018-05-18,70.05,70.05,68.78,68.93,,,,
2018-05-21,70.81,71.98,70.36,71.63,,,,
2018-05-22,72.14,72.8,68.93,68.93,,,,
2018-05-23,67.66,70.92,67.66,70.73,,,,
2018-05-24,70.12,70.73,67.37,69.66,,,,
2018-05-25,69.16,69.82,67.93,68.53,,,,
2018-05-29,67.36,69.45,64.76,67.85,,,,
2018-05-30,69.48,74.22,69.48,72.62,,,,
2018-05-31,72.62,72.62,68.45,69.01,,,,
2018-06-01,70.99,72.22,70.94,71.64,,,,
2018-06-04,73.02,73.43,70.93,73.04,,,,
2018-06-05,73.25,74.98,72.38,74.98,,,,
2018-06-06,75.49,76.77,74.88,76.77,,,,
2018-06-07,76.72,77.18,74.22,75.17,,,,
2018-06-08,74.87,75.33,73.9,74.36,,,,
2018-06-11,75.12,75.63,73.79,74.77,,,,
2018-06-12,75.17,75.38,73.79,74.92,,,,
2018-06-13,74.87,74.87,72.47,73.01,,,,
2018-06-14,73.42,73.99,70.92,73.99,,,,
2018-06-15,71.28,73.73,70.1,73.27,,,,
2018-06-18,71.23,74.91,71.23,74.89,,,,
2018-06-19,72.44,75.46,70.29,74.88,,,,
2018-06-20,75.29,76.77,74.52,76.3,,,,
2018-06-21,76.04,76.04,72.15,72.29,,,,
2018-06-22,73.57,73.98,70.4,71.83,,,,
2018-06-25,70.14,70.14,63.03,65.23,,,,
2018-06-26,65.48,71.05,64.66,70.55,,,,
2018-06-27,70.31,70.31,58.09,58.09,,,,
2018-06-28,57.14,60.86,56.5,60.01,,,,
2018-06-29,61.7,63.13,57.34,57.34,,,,
2018-07-02,54.37,63.03,53.68,63.01,,,,
2018-07-03,63.76,66.48,63.56,64.28,,,,
2018-07-05,66.23,69.31,64.45,69.31,,,,
2018-07-06,68.71,72.33,68.71,71.24,,,,
2018-07-09,72.73,74.61,72.63,74.11,,,,
2018-07-10,74.91,75.16,68.51,70.02,,,,
2018-07-11,67.79,69.47,64.81,64.81,,,,
2018-07-12,65.9,65.9,60,63.57,,,,
2018-07-13,63.07,65.6,60.89,60.89,,,,
2018-07-16,60.84,60.84,55.78,58.78,,,,
2018-07-17,57.99,61.56,57.99,58.63,,,,
2018-07-18,57.64,59.88,54.76,59.73,,,,
2018-07-19,58.34,63.3,57.94,62.46,,,,
2018-07-20,61.71,62.76,60.12,60.12,,,,
2018-07-23,58.93,61.61,57.19,59.61,,,,
2018-07-24,60.95,61.5,52.01,53.42,,,,
2018-07-25,52.78,54.22,49.7,52.23,,,,
2018-07-26,53.18,57.9,53.18,56.21,,,,
2018-07-27,56.16,56.16,43.48,43.98,,,,
2018-07-30,44.88,46.52,42.39,42.41,,,,
2018-07-31,44.25,49.42,43.51,48.43,,,,
2018-08-01,47.19,48.08,41.86,45.84,,,,
2018-08-02,43.65,50.72,43.65,50.42,,,,
2018-08-03,51.02,51.67,43.89,45.23,,,,
2018-08-06,43.99,47.88,43.99,47.88,,,,
2018-08-07,49.57,51.32,48.22,48.77,,,,
2018-08-08,47.88,49.47,45.38,48.87,,,,
2018-08-09,48.77,51.72,48.77,50.57,,,,
2018-08-10,46.98,51.02,46.98,48.97,,,,
2018-08-13,48.12,49.12,44.13,45.65,,,,
2018-08-14,46.8,49.9,46.8,49.45,,,,
2018-08-15,43.58,43.58,43.58,43.58,,,,
2018-08-16,45.53,49.07,45.38,48.12,,,,
2018-08-17,46.33,49.82,46.33,49.47,,,,
2018-08-20,50.47,51.82,48.92,51.54,,,,
2018-08-21,53.04,57.94,53.04,55.92,,,,
2018-08-22,56.57,57.87,55.92,57.59,,,,
2018-08-23,57.15,57.59,54.59,55.37,,,,
2018-08-24,56.97,57.72,56.17,57.07,,,,
2018-08-27,58.62,61.78,57.62,57.62,,,,
2018-08-28,58.27,58.72,54.77,56.5,,,,
2018-08-29,56.85,58.25,54.65,58.2,,,,
2018-08-30,57.65,59.15,55.4,56.7,,,,
2018-08-31,56,59.1,55.7,58.95,,,,
2018-09-04,57.55,57.75,52.65,55.25,,,,
2018-09-05,54.05,55.05,51.7,54.95,,,,
2018-09-06,55.06,55.66,51.05,51.15,,,,
2018-09-07,48.59,50.5,47.99,49.44,,,,
2018-09-10,51.5,51.8,48.29,50.12,,,,
2018-09-11,48.07,50.27,46.61,48.29,,,,
2018-09-12,47.89,47.89,44.88,46.31,,,,
2018-09-13,47.96,48.06,45.86,46.26,,,,
2018-09-14,46.01,49.67,45.4,47.76,,,,
2018-09-17,47.51,47.51,44,44.17,,,,
2018-09-18,45.63,47.54,44.92,45.55,,,,
2018-09-19,46.4,48.21,44.24,44.34,,,,
2018-09-20,46.3,50.42,45.8,50.27,,,,
2018-09-21,50.42,51.18,47.76,48.49,,,,
2018-09-24,46.63,47.43,41.7,43.61,,,,
2018-09-25,44.47,45.17,43.66,43.66,,,,
2018-09-26,43.31,43.31,38.34,38.39,,,,
2018-09-27,38.64,40.6,38.29,39.34,,,,
2018-09-28,38.74,42.06,38.74,41.65,,,,
2018-10-01,42.91,42.91,34.69,34.77,,,,
2018-10-02,34.72,35.51,31.43,31.99,,,,
2018-10-03,32.62,37.1,31.49,36.05,,,,
2018-10-04,34.18,34.18,29.36,29.97,,,,
2018-10-05,30.21,31.25,23.76,26.93,,,,
2018-10-08,26.19,27.91,24.56,26.99,,,,
2018-10-09,26.6,29.8,26.4,26.4,,,,
2018-10-10,25.61,25.61,17.33,17.34,,,,
2018-10-11,16.41,17.34,11.75,11.75,,,,
2018-10-12,14.51,14.71,10.76,12.09,,,,
2018-10-15,12.34,14.41,11.5,13.38,,,,
2018-10-16,14.13,21.73,13.43,21.68,,,,
2018-10-17,20.1,20.7,17.63,20.12,,,,
2018-10-18,19.28,20.02,15.43,16.36,,,,
2018-10-19,16.07,18.05,13.4,13.6,,,,
2018-10-22,14.44,14.83,13.05,14.44,,,,
2018-10-23,12.07,13.6,9.64,11.88,,,,
2018-10-24,12.37,12.77,7.27,7.28,,,,
2018-10-25,7.38,11.19,7.38,10.55,,,,
2018-10-26,9.56,10.7,6.64,9.21,,,,
2018-10-29,12.19,12.58,8.67,9.96,,,,
2018-10-30,10.15,13.87,10.15,13.87,,,,
2018-10-31,16.65,16.79,14.86,14.86,,,,
2018-11-01,16.55,19.97,16.55,19.77,,,,
2018-11-02,23.14,23.33,19.07,21.45,,,,
2018-11-05,22.69,23.33,20.46,22.79,,,,
2018-11-06,22.79,26.56,22.79,26.42,,,,
2018-11-07,28.75,33.01,28.06,33.01,,,,
2018-11-08,31.97,35.15,31.82,33.96,,,,
2018-11-09,33.36,33.36,26.72,28.55,,,,
2018-11-12,28.55,28.75,23.64,23.64,,,,
2018-11-13,25.13,27.96,23.59,24.4,,,,
2018-11-14,26.88,27.52,21.03,21.77,,,,
2018-11-15,21.27,25.54,20.88,25.54,,,,
2018-11-16,24.5,27.48,24.25,26.74,,,,
2018-11-19,26.74,27.04,22.03,22.95,,,,
2018-11-20,21.46,22.15,18.08,18.67,,,,
2018-11-21,20.11,24.19,19.97,22.11,,,,
2018-11-23,21.03,26.25,21.03,24.96,,,,
2018-11-26,27.54,29.33,25.95,27.29,,,,
2018-11-27,26.45,27.34,25.16,25.31,,,,
2018-11-28,27.2,35.35,24.21,34.9,,,,
2018-11-29,35.3,36.2,32.17,33.68,,,,
2018-11-30,33.98,39.25,33.98,37.46,,,,
2018-12-03,43.18,43.18,36.46,41.66,,,,
2018-12-04,41.36,41.36,23.44,23.45,,,,
2018-12-05,23.45,23.45,23.45,23.45,,,,
2018-12-06,19.82,24.9,19.52,24.9,,,,
2018-12-07,25.29,27.49,20.16,21.66,,,,
2018-12-10,22.95,22.95,17.77,21.43,,,,
2018-12-11,23.77,25.97,20.98,22.09,,,,
2018-12-12,24.23,27.83,24.23,25.24,,,,
2018-12-13,25.54,26.14,21.5,21.5,,,,
2018-12-14,20.25,22,18.26,18.37,,,,
2018-12-17,17.82,18.82,12.18,12.18,,,,
2018-12-18,13.67,14.87,12.28,12.28,,,,
2018-12-19,13.47,15.27,10.18,10.33,,,,
2018-12-20,9.48,10.93,7.43,8.94,,,,
2018-12-21,8.34,9.59,6.19,6.19,,,,
2018-12-24,5.84,5.84,4.44,4.44,,,,
2018-12-26,5.24,9.64,4.39,9.25,,,,
2018-12-27,8.05,9.64,5.94,9.64,,,,
2018-12-28,10.19,14.1,9.8,11.44,,,,
2018-12-31,13.1,13.75,11,13.75,,,,
2019-01-02,11.3,15.57,11.25,15.57,,,,
2019-01-03,14.44,15.13,11.58,11.7,,,,
2019-01-04,13.33,22.86,13.33,22.76,,,,
2019-01-07,23.95,31.2,23.85,30.28,,,,
2019-01-08,33.25,35.86,28.8,35.78,,,,
2019-01-09,37.02,39.54,35.54,39.54,,,,
2019-01-10,35.59,40.63,34.99,39.84,,,,
2019-01-11,37.22,40.97,36.77,40.97,,,,
2019-01-14,37.81,40.68,36.31,36.31,,,,
2019-01-15,40.74,40.74,40.74,40.74,,,,
2019-01-16,42.97,47.22,42.97,47.02,,,,
2019-01-17,46.23,52.82,46.23,51.73,,,,
2019-01-18,54.45,59.6,53.81,56.98,,,,
2019-01-22,54.85,54.85,46.43,47.82,,,,
2019-01-23,50.54,53.01,45.54,48.06,,,,
2019-01-24,50.29,53.46,49.95,53.46,,,,
2019-01-25,57.57,61.28,57.57,60.89,,,,
2019-01-28,57.02,59.15,54.7,56.38,,,,
2019-01-29,57.32,58.56,55.64,55.64,,,,
2019-01-30,58.91,61.93,56.08,61.91,,,,
2019-01-31,62.7,65.77,62.45,65.37,,,,
2019-02-01,66.51,66.91,64.23,65.97,,,,
2019-02-04,66.63,71.89,66.18,71.89,,,,
2019-02-05,73.63,74.32,70.35,72.37,,,,
2019-02-06,72.03,72.03,70.54,71.53,,,,
2019-02-07,69.49,70.64,65.32,66.81,,,,
2019-02-08,66.81,68.35,64.58,67.11,,,,
2019-02-11,68.15,71.33,67.21,71.33,,,,
2019-02-12,74.66,76.7,74.66,76.65,,,,
2019-02-13,77.69,78.78,77.54,78.58,,,,
2019-02-14,77.59,80.37,77.59,78.88,,,,
2019-02-15,80.42,84.4,80.42,83.35,,,,
2019-02-19,83.3,84.45,82.96,84.35,,,,
2019-02-20,83.7,85.04,83.59,83.59,,,,
2019-02-21,82.59,83.59,81.3,82.73,,,,
2019-02-22,83.38,84.62,83.23,84.62,,,,
2019-02-25,85.97,86.26,83.43,83.46,,,,
2019-02-26,83.71,83.91,81.82,81.82,,,,
2019-02-27,81.62,82.02,80.57,81.42,,,,
2019-02-28,80.57,80.67,78.98,79.23,,,,
2019-03-01,80.57,81.07,78.78,81.06,,,,
2019-03-04,81.21,81.21,76.28,77.68,,,,
2019-03-05,76.98,76.98,75.48,75.63,,,,
2019-03-06,75.23,75.23,65.35,65.36,,,,
2019-03-07,63.96,63.96,58.82,58.82,,,,
2019-03-08,54.32,57.82,54.32,56.57,,,,
2019-03-11,57.22,64.28,57.22,64.28,,,,
2019-03-12,64.23,65.63,62.58,62.86,,,,
2019-03-13,63.31,66.41,62.81,64.31,,,,
2019-03-14,63.26,63.51,60.24,60.24,,,,
2019-03-15,61.44,63.49,58.08,59.56,,,,
2019-03-18,59.16,64.37,59.16,63.47,,,,
2019-03-19,64.22,64.22,56.31,56.71,,,,
2019-03-20,55.76,57.51,49.94,51.25,,,,
2019-03-21,49.84,56.96,49.84,53.5,,,,
2019-03-22,50.9,50.9,36.82,36.82,,,,
2019-03-25,36.17,40.23,34.01,39.19,,,,
2019-03-26,42.5,45.06,40.05,43.7,,,,
2019-03-27,43.35,43.95,38.74,43,,,,
2019-03-28,42.8,45.66,40.8,45.66,,,,
2019-03-29,47.26,48.57,44.06,45.41,,,,
2019-04-01,48.42,51.62,47.56,51.12,,,,
2019-04-02,49.82,49.97,46.62,48.82,,,,
2019-04-03,51.52,52.68,49.77,50.42,,,,
2019-04-04,50.72,53.63,50.72,53.36,,,,
2019-04-05,54.91,59.37,54.81,59.37,,,,
2019-04-08,57.37,58.82,56.01,57.27,,,,
2019-04-09,55.11,55.11,49.04,49.09,,,,
2019-04-10,50.65,56.72,50.45,56.72,,,,
2019-04-11,56.72,57.32,54.91,54.91,,,,
2019-04-12,57.82,59.37,55.16,56.99,,,,
2019-04-15,58.15,58.15,50.82,52.3,,,,
2019-04-16,54.66,56.52,52.56,54.81,,,,
2019-04-17,55.07,55.07,50.75,51.75,,,,
2019-04-18,49.39,51.3,47.28,49.84,,,,
2019-04-22,48.69,48.69,42.71,43.74,,,,
2019-04-23,45.44,54.24,45.44,53.39,,,,
2019-04-24,53.59,56.86,53.34,54.7,,,,
2019-04-25,52.08,52.08,47.15,49.52,,,,
2019-04-26,50.17,56.25,49.92,55.93,,,,
2019-04-29,56.79,60.91,56.79,59.5,,,,
2019-04-30,58.8,58.8,52.56,55.58,,,,
2019-05-01,56.28,56.28,49.29,49.29,,,,
2019-05-02,49.54,54.02,47.41,51.78,,,,
2019-05-03,54.54,63.53,54.54,63.53,,,,
2019-05-06,56.55,64.23,56.55,63.03,,,,
2019-05-07,59.26,59.86,50.17,51.98,,,,
2019-05-08,51.13,54.14,50.12,50.12,,,,
2019-05-09,46.3,50.52,43.14,49.62,,,,
2019-05-10,48.06,51.68,44.19,51.53,,,,
2019-05-13,43.59,43.79,36.46,36.86,,,,
2019-05-14,39.02,45.15,38.87,43.96,,,,
2019-05-15,39.64,45.17,39.64,44.92,,,,
2019-05-16,46.73,50.75,46.73,47.58,,,,
2019-05-17,43.06,47.03,41.15,41.15,,,,
2019-05-20,37.13,41.95,37.13,40.13,,,,
2019-05-21,42.44,45.31,42.44,44.88,,,,
2019-05-22,43.47,43.47,39.29,40.45,,,,
2019-05-23,34.96,34.96,28.76,30.68,,,,
2019-05-24,33.9,35.6,32.69,35.6,,,,
2019-05-28,36.02,36.83,32.79,32.84,,,,
2019-05-29,29.36,29.46,26.33,28,,,,
2019-05-30,29.46,30.27,24.11,26.48,,,,
2019-05-31,22.19,23.41,20.88,22.26,,,,
2019-06-03,22.61,23.57,20.15,23.18,,,,
2019-06-04,26.31,31.4,25.6,31.4,,,,
2019-06-05,31.19,31.55,27.72,29.73,,,,
2019-06-06,29.18,29.73,25.9,28.42,,,,
2019-06-07,29.18,31.75,28.98,30.44,,,,
2019-06-10,31.65,36.23,31.65,33.68,,,,
2019-06-11,35.95,36,31.36,32.57,,,,
2019-06-12,32.27,34.19,31.31,33.43,,,,
2019-06-13,34.34,37.82,34.34,37.61,,,,
2019-06-14,36.2,36.96,35.06,35.06,,,,
2019-06-17,36.02,38.29,35.92,36.91,,,,
2019-06-18,39.19,45,39.19,42.64,,,,
2019-06-19,42.64,43.75,41.88,43.52,,,,
2019-06-20,47.42,47.42,43.62,44.84,,,,
2019-06-21,42.46,43.62,40.24,41.44,,,,
2019-06-24,41.95,41.95,34.81,35.02,,,,
2019-06-25,35.82,36.33,34.36,34.66,,,,
2019-06-26,36.43,36.89,33.7,33.7,,,,
2019-06-27,36.28,44.33,36.28,44.33,,,,
2019-06-28,47.41,54.14,47.41,54.14,,,,
2019-07-01,60.12,60.12,53.13,55.56,,,,
2019-07-02,53.89,55.11,47.92,51.34,,,,
2019-07-03,53.41,56.65,53.26,56.54,,,,
2019-07-05,55.02,59.88,53.85,59.88,,,,
2019-07-08,57.5,59.07,54.25,54.71,,,,
2019-07-09,52.89,55.78,52.48,55.78,,,,
2019-07-10,58.92,58.92,53.39,55.67,,,,
2019-07-11,57.15,57.4,51.01,53.9,,,,
2019-07-12,55.47,61.96,55.47,59.48,,,,
2019-07-15,60.75,60.75,53.9,55.52,,,,
2019-07-16,54.91,59.88,54.61,56.44,,,,
2019-07-17,55.93,55.93,51.01,51.44,,,,
2019-07-18,51.29,53.98,50.38,53.88,,,,
2019-07-19,53.27,56.11,51.04,51.04,,,,
2019-07-22,52.3,52.86,47.59,48.42,,,,
2019-07-23,49.89,53.17,49.64,53.17,,,,
2019-07-24,51.65,61.96,51.65,61.24,,,,
2019-07-25,60.28,60.28,55.38,55.38,,,,
2019-07-26,56.96,62.55,56.96,60.95,,,,
2019-07-29,61.71,61.71,57.57,57.62,,,,
2019-07-30,55.27,63.66,55.07,62.86,,,,
2019-07-31,63.81,66.66,58.42,58.42,,,,
2019-08-01,59.02,61.61,49.87,49.87,,,,
2019-08-02,46.87,46.87,40.57,43.97,,,,
2019-08-05,35.26,35.26,26.11,28.67,,,,
2019-08-06,32.53,33.73,28.62,33.73,,,,
2019-08-07,30.63,33.63,28.02,32.84,,,,
2019-08-08,35.7,43.01,35.7,41.68,,,,
2019-08-09,40.03,40.43,37.07,37.07,,,,
2019-08-12,34.26,35.07,32.71,33.65,,,,
2019-08-13,33.04,39.66,33.04,37.71,,,,
2019-08-14,31.29,31.29,26.78,27.23,,,,
2019-08-15,27.38,28.18,25.92,26.37,,,,
2019-08-16,28.83,34.2,28.83,34,,,,
2019-08-19,38.01,38.11,37.11,37.26,,,,
2019-08-20,35.95,36.35,34.05,34.3,,,,
2019-08-21,36.4,38.11,35.75,37.86,,,,
2019-08-22,38.76,39.26,35.75,36.4,,,,
2019-08-23,34.3,35.35,24.72,24.82,,,,
2019-08-26,26.88,28.88,25.37,28.88,,,,
2019-08-27,31.09,31.09,23.01,23.01,,,,
2019-08-28,22.66,28.18,22.66,27.08,,,,
2019-08-29,32.34,34.25,32.34,33.45,,,,
2019-08-30,35.55,35.55,31.59,32.98,,,,
2019-09-03,30.29,32.14,27.43,28.63,,,,
2019-09-04,31.09,31.99,29.93,30.8,,,,
2019-09-05,35.62,43.8,35.32,39.35,,,,
2019-09-06,40.26,42.21,37.85,37.85,,,,
2019-09-09,39.45,48.34,39.45,48.24,,,,
2019-09-10,48.54,58.78,48.04,58.03,,,,
2019-09-11,59.23,69.87,58.88,69.82,,,,
2019-09-12,68.87,71.58,66.76,70.41,,,,
2019-09-13,72.42,73.17,71.12,71.42,,,,
2019-09-16,71.47,74.23,71.47,73.12,,,,
2019-09-17,71.67,71.72,69.01,71.37,,,,
2019-09-18,71.47,71.52,66.7,69.71,,,,
2019-09-19,70.76,72.82,67.57,67.57,,,,
2019-09-20,68.62,70.68,66.61,68.41,,,,
2019-09-23,66.34,68.96,65.64,67.79,,,,
2019-09-24,67.79,68.84,57.55,57.55,,,,
2019-09-25,58.71,65.5,57.75,64.55,,,,
2019-09-26,64.5,64.5,57.35,57.48,,,,
2019-09-27,58.84,60.65,54.1,55.24,,,,
2019-09-30,56.15,58.02,54.03,54.74,,,,
2019-10-01,57.92,60.39,43.18,43.18,,,,
2019-10-02,38.58,38.68,32.72,37.27,,,,
2019-10-03,36.16,38.26,31.51,37.61,,,,
2019-10-04,40.15,44.32,37.36,44.32,,,,
2019-10-07,42.37,48.62,40.77,44.25,,,,
2019-10-08,39,39,34,34,,,,
2019-10-09,39.54,40.65,36.45,38,,,,
2019-10-10,40.25,44.2,39.45,40.92,,,,
2019-10-11,50.12,57.32,50.12,51.15,,,,
2019-10-14,48.99,49.49,46.49,49.17,,,,
2019-10-15,49.82,57.68,49.47,54.93,,,,
2019-10-16,54.83,57.53,53.73,55.51,,,,
2019-10-17,57.36,61.02,57.36,60.67,,,,
2019-10-18,57.81,59.36,55.01,58.26,,,,
2019-10-21,62.62,65.53,62.17,64.51,,,,
2019-10-22,64.26,64.66,62.45,62.7,,,,
2019-10-23,61.55,63.95,61.15,62.8,,,,
2019-10-24,63,63.15,59.09,60.08,,,,
2019-10-25,59.07,63.49,59.07,62.08,,,,
2019-10-28,63.89,66.39,63.89,65.12,,,,
2019-10-29,64.57,67.13,64.22,66.19,,,,
2019-10-30,65.29,65.29,61.57,64.72,,,,
2019-10-31,62.86,62.86,57.93,60.83,,,,
2019-11-01,63.09,68.66,63.09,68.46,,,,
2019-11-04,70.36,71.22,69.61,70.13,,,,
2019-11-05,69.73,71.04,69.48,69.78,,,,
2019-11-06,67.77,68.02,65.51,65.86,,,,
2019-11-07,67.42,67.97,64.8,65.3,,,,
2019-11-08,63.9,66.01,63.65,64.95,,,,
2019-11-11,63.39,63.9,62.29,63.32,,,,
2019-11-12,62.82,64.93,62.27,62.6,,,,
2019-11-13,59.98,61.09,58.73,60.12,,,,
2019-11-14,59.41,61.37,58.99,58.99,,,,
2019-11-15,61.25,61.51,59.14,60.5,,,,
2019-11-18,58.48,58.79,57.12,58.23,,,,
2019-11-19,59.44,61.46,58.28,60.48,,,,
2019-11-20,59.47,61.64,56.8,57.99,,,,
2019-11-21,57.74,57.74,54.21,55.67,,,,
2019-11-22,57.58,58.44,55.01,57.61,,,,
2019-11-25,59.76,66.68,59.76,66.12,,,,
2019-11-26,66.12,67.99,65.62,65.7,,,,
2019-11-27,67.02,68.38,66.46,67.87,,,,
2019-11-29,65.9,68.58,65.9,67.27,,,,
2019-12-02,67.02,67.02,60.35,60.67,,,,
2019-12-03,56.38,58.45,55.32,58.31,,,,
2019-12-04,61.29,63.76,61.29,61.57,,,,
2019-12-05,63.8,63.8,61.65,61.65,,,,
2019-12-06,67.52,69.24,67.52,67.81,,,,
2019-12-09,68.01,69.38,67,67.03,,,,
2019-12-10,66.58,68.2,66.53,67.64,,,,
2019-12-11,67.64,68.25,66.17,68.15,,,,
2019-12-12,69.92,72.5,68.35,69.87,,,,
2019-12-13,69.72,69.82,66.22,68.3,,,,
2019-12-16,70.78,72.75,69.82,70.17,,,,
2019-12-17,69.72,71.44,69.72,71.44,,,,
2019-12-18,71.39,72.65,69.87,72.05,,,,
2019-12-19,70.88,72.81,70.88,72.03,,,,
2019-12-20,72.54,72.84,71.12,71.68,,,,
2019-12-23,69.8,72.28,69.8,71.92,,,,
2019-12-24,71.41,72.47,71.41,72.31,,,,
2019-12-26,72.21,72.21,70.18,70.74,,,,
2019-12-27,70.28,70.28,67.19,67.52,,,,
2019-12-30,65.19,68.03,65.09,66,,,,
2019-12-31,66.26,68.89,66.26,67.93,,,,
2020-01-02,68.03,68.03,61.23,64.95,,,,
2020-01-03,59.47,63.68,59.06,61.83,,,,
2020-01-06,62.2,64.16,55.58,62.48,,,,
2020-01-07,59.32,60.48,56.87,57.22,,,,
2020-01-08,57.92,59.92,57.32,58.75,,,,
2020-01-09,58.4,61.16,57.15,57.65,,,,
2020-01-10,55.59,57.8,53.53,54.06,,,,
2020-01-13,53.36,58.28,53.36,58.26,,,,
2020-01-14,55.9,62.38,55.9,58.41,,,,
2020-01-15,61.37,62.68,57.3,60.67,,,,
2020-01-16,67.6,69.81,67.2,68.14,,,,
2020-01-17,69.84,69.84,65.62,65.81,,,,
2020-01-21,62.22,62.42,58.75,58.75,,,,
2020-01-22,60.11,60.11,56.58,57.04,,,,
2020-01-23,51.4,57.34,51.4,55.96,,,,
2020-01-24,55.66,55.66,47.1,48.76,,,,
2020-01-27,42.92,46.65,42.92,44.56,,,,
2020-01-28,44.56,47.98,44.56,47.02,,,,
2020-01-29,47.98,47.98,43.35,43.35,,,,
2020-01-30,41.99,42.34,39.12,42.31,,,,
2020-01-31,40.2,40.2,33.5,33.55,,,,
2020-02-03,37.22,38.79,37.12,37.45,,,,
2020-02-04,43.41,43.41,41.94,41.99,,,,
2020-02-05,45.67,50.32,44.77,49.77,,,,
2020-02-06,49.01,49.06,46.18,46.18,,,,
2020-02-07,43.96,43.96,40.67,41.05,,,,
2020-02-10,41.15,43.34,40.89,43.34,,,,
2020-02-11,45.52,46.93,44.75,44.75,,,,
2020-02-12,47.64,47.64,46.17,46.96,,,,
2020-02-13,46.09,47.11,44.57,47.11,,,,
2020-02-14,46.09,46.5,42.95,44.22,,,,
2020-02-18,44.68,45.18,42.14,43.84,,,,
2020-02-19,44.85,46.02,43.89,44.24,,,,
2020-02-20,44.8,46.07,42.87,45.36,,,,
2020-02-21,43.43,43.53,40.9,42.16,,,,
2020-02-24,33.4,34.16,30.81,31.44,,,,
2020-02-25,30.98,30.98,21.7,22.56,,,,
2020-02-26,24.34,25.2,19.42,19.42,,,,
2020-02-27,14.19,18.25,12.01,12.06,,,,
2020-02-28,9.48,10.9,8.51,10.88,,,,
2020-03-02,11.08,15.44,9.92,15.44,,,,
2020-03-03,14.32,17.82,11.39,13.01,,,,
2020-03-04,15.44,18.73,14.83,18.73,,,,
2020-03-05,14.83,16.25,13.21,14.37,,,,
2020-03-06,11.39,12.86,9.01,11.6,,,,
2020-03-09,6.33,7.14,5.06,5.47,,,,
2020-03-10,6.12,7.09,4.2,6.63,,,,
2020-03-11,4.91,5.16,3.14,3.44,,,,
2020-03-12,1.92,2.38,1.72,1.72,,,,
2020-03-13,2.33,3.39,1.57,3.39,,,,
2020-03-16,2.38,2.38,1.62,1.62,,,,
2020-03-17,1.62,3.95,1.62,3.9,,,,
2020-03-18,2.68,3.09,2.12,2.33,,,,
2020-03-19,2.38,3.24,2.38,3.09,,,,
2020-03-20,2.94,3.29,2.33,2.79,,,,
2020-03-23,2.38,2.84,2.02,2.79,,,,
2020-03-24,3.5,3.7,2.89,3.5,,,,
2020-03-25,4.36,4.92,3.09,3.09,,,,
2020-03-26,4.16,5.73,3.75,5.43,,,,
2020-03-27,4.36,5.17,4.11,4.11,,,,
2020-03-30,4.67,6.8,4.67,6.75,,,,
2020-03-31,6.55,7.36,5.58,7.06,,,,
2020-04-01,5.64,5.89,4.06,4.35,,,,
2020-04-02,4.7,5.71,4.45,5.67,,,,
2020-04-03,5.67,5.72,4.66,5.42,,,,
2020-04-06,7.45,9.52,7.45,9.48,,,,
2020-04-07,9.48,11.71,7.75,8.31,,,,
2020-04-08,9.17,11.51,8.72,11.3,,,,
2020-04-09,15.16,17.39,13.84,17.35,,,,
2020-04-13,15.77,15.77,13.54,14.25,,,,
2020-04-14,19.48,20.64,17.6,19.63,,,,
2020-04-15,14.15,15.77,12.78,14.1,,,,
2020-04-16,15.93,15.93,12.78,15.47,,,,
2020-04-17,19.43,22.27,18.67,22.22,,,,
2020-04-20,20.34,23.99,20.34,21.35,,,,
2020-04-21,18.41,19.43,16.48,18.51,,,,
2020-04-22,21.76,22.67,20.64,22.07,,,,
2020-04-23,25.06,26.99,24.15,24.55,,,,
2020-04-24,27.34,29.37,25.16,28.83,,,,
2020-04-27,32.89,41.52,32.89,39.89,,,,
2020-04-28,48.62,49.79,43.35,46.95,,,,
2020-04-29,57.97,72.61,57.97,69.46,,,,
2020-04-30,61.07,64.12,56.19,56.7,,,,
2020-05-01,49.28,49.28,38.41,44.96,,,,
2020-05-04,42.28,48.62,40.96,48.62,,,,
2020-05-05,57.51,60,49.31,49.31,,,,
2020-05-06,49.41,51.7,46.21,46.21,,,,
2020-05-07,52.81,54.54,50.68,51.95,,,,
2020-05-08,51.95,67.69,51.95,66.86,,,,
2020-05-11,62.75,64.68,58.73,61.43,,,,
2020-05-12,61.43,61.43,51.47,51.47,,,,
2020-05-13,48.78,49.28,39.98,42.88,,,,
2020-05-14,36.78,44.3,34.04,44.3,,,,
2020-05-15,44.61,49.94,44.61,49.64,,,,
2020-05-18,66.81,72.91,66,72.81,,,,
2020-05-19,70.83,72.25,64.98,65.05,,,,
2020-05-20,72.48,76.85,71.51,75.68,,,,
2020-05-21,76.85,78.28,75.68,76.09,,,,
2020-05-22,76.44,76.44,72.99,76.24,,,,
2020-05-26,85.96,86.62,85.09,85.24,,,,
2020-05-27,88.7,91.34,85.6,91.29,,,,
2020-05-28,92.16,92.21,86.92,86.96,,,,
2020-05-29,83.85,84.16,80.8,83.55,,,,
2020-06-01,84.01,86.25,82.89,82.91,,,,
2020-06-02,83.73,84.39,82.71,83.61,,,,
2020-06-03,86.76,89.82,86.76,87.92,,,,
2020-06-04,87.25,89.75,87.25,89.09,,,,
2020-06-05,92.15,93.22,91.99,92.81,,,,
2020-06-08,94.03,95.41,93.78,95.05,,,,
2020-06-09,93.83,94.44,93.01,93.52,,,,
2020-06-10,93.21,93.21,90.36,90.36,,,,
2020-06-11,81.18,82.76,68.43,68.43,,,,
2020-06-12,80.92,80.97,64.4,75.54,,,,
2020-06-15,63.5,79.93,63.5,79.78,,,,
2020-06-16,87.34,88,81.77,84.87,,,,
2020-06-17,83.8,83.8,75.47,75.47,,,,
2020-06-18,73.42,76.9,72.71,72.96,,,,
2020-06-19,76.18,76.18,67.91,71.07,,,,
2020-06-22,64.53,72.89,64.53,72.89,,,,
2020-06-23,76.98,76.98,71.61,71.94,,,,
2020-06-24,64.97,64.97,51.86,55.04,,,,
2020-06-25,50.53,62.34,50.53,62.34,,,,
2020-06-26,56.6,56.6,47.64,51.02,,,,
2020-06-29,52.35,67.41,52.35,65.42,,,,
2020-06-30,65.16,71.31,63.78,70.69,,,,
2020-07-01,72.84,72.84,60.96,61.52,,,,
2020-07-02,69.98,71.09,60.92,61.02,,,,
2020-07-06,68.9,69.4,60.73,62.95,,,,
2020-07-07,55.27,58.23,49.19,49.39,,,,
2020-07-08,48.49,51.85,42.16,48.04,,,,
2020-07-09,45.02,45.02,35.87,37.93,,,,
2020-07-10,37.93,46.48,37.93,46.48,,,,
2020-07-13,48.99,53.46,42.48,42.48,,,,
2020-07-14,42.58,48.66,39.86,48.66,,,,
2020-07-15,58.47,67.06,58.47,65.15,,,,
2020-07-16,58.92,63.14,58.11,59.77,,,,
2020-07-17,59.62,63.09,57.61,59.17,,,,
2020-07-20,57.31,57.31,53.59,55.15,,,,
2020-07-21,59.87,65.15,59.87,63.65,,,,
2020-07-22,60.13,62.09,58.52,59.55,,,,
2020-07-23,58.85,62.87,58.09,59.83,,,,
2020-07-24,57.32,57.52,51.73,51.73,,,,
2020-07-27,50.93,52.84,49.52,52.84,,,,
2020-07-28,51.33,53.14,49.37,49.37,,,,
2020-07-29,51.83,57.62,50.62,56.86,,,,
2020-07-30,50.32,52.89,48.11,52.03,,,,
2020-07-31,49.87,49.87,40.41,45.13,,,,
2020-08-03,46.28,50.45,44.58,49.94,,,,
2020-08-04,49.74,52.3,48.09,52.15,,,,
2020-08-05,56.22,58.88,54.01,58.88,,,,
2020-08-06,58.18,58.68,56.07,57.68,,,,
2020-08-07,55.72,66.66,55.72,66.66,,,,
2020-08-10,68.52,72.64,68.52,71.63,,,,
2020-08-11,74.44,75.85,70.48,71.03,,,,
2020-08-12,73.99,74.09,70.28,71.93,,,,
2020-08-13,70.63,72.23,69.37,70.58,,,,
2020-08-14,67.77,71.28,66.91,70.53,,,,
2020-08-17,71.08,71.38,69.17,70.98,,,,
2020-08-18,70.88,70.93,65.06,65.34,,,,
2020-08-19,66.04,69.16,66.04,68.6,,,,
2020-08-20,64.05,64.25,62.49,62.89,,,,
2020-08-21,62.19,62.19,56.35,57.56,,,,
2020-08-24,60.28,62.59,58.37,62.59,,,,
2020-08-25,65.3,65.3,61.28,63.93,,,,
2020-08-26,63.73,64.33,58.83,58.83,,,,
2020-08-27,60.64,63.21,59.68,61.29,,,,
2020-08-28,62.7,64.82,61.8,64.82,,,,
2020-08-31,62.35,62.75,58.68,58.68,,,,
2020-09-01,56.16,60.36,56.16,60.36,,,,
2020-09-02,60.01,64.13,58.45,63.93,,,,
2020-09-03,63.07,64.13,53.16,54.77,,,,
2020-09-04,59.35,59.35,48.08,53.82,,,,
2020-09-08,47.18,50.35,43.76,44.58,,,,
2020-09-09,48.41,49.37,45.44,47.43,,,,
2020-09-10,48.84,49.89,42.09,42.09,,,,
2020-09-11,42.69,43.1,36.95,38.56,,,,
2020-09-14,41.94,49.09,41.94,49.09,,,,
2020-09-15,51.51,51.51,46.97,46.97,,,,
2020-09-16,47.43,54.88,47.43,50.3,,,,
2020-09-17,44.41,49.79,44.1,48.64,,,,
2020-09-18,50.7,51.76,42.9,47.33,,,,
2020-09-21,37.05,37.05,27.49,29.25,,,,
2020-09-22,30.71,30.81,26.43,29.8,,,,
2020-09-23,30.41,31.36,21.01,21.01,,,,
2020-09-24,19.5,24.29,17.94,20.21,,,,
2020-09-25,19.4,24.94,19.4,24.04,,,,
2020-09-28,28.57,34.12,28.57,32.61,,,,
2020-09-29,31.65,32.25,27.82,31.04,,,,
2020-09-30,33.06,36.54,28.98,30.15,,,,
2020-10-01,32.67,36.33,30.66,36.33,,,,
2020-10-02,29.4,41.48,29.4,40.31,,,,
2020-10-05,44.62,52.05,44.52,51.78,,,,
2020-10-06,55.74,63.18,49.92,49.92,,,,
2020-10-07,54.58,60.48,54.58,59.84,,,,
2020-10-08,63.85,66.58,62.46,65.49,,,,
2020-10-09,69.85,69.85,65.69,67.06,,,,
2020-10-12,66.17,70.18,66.12,69.64,,,,
2020-10-13,67.16,67.16,62.79,63.27,,,,
2020-10-14,65.16,65.9,57.59,57.59,,,,
2020-10-15,52.83,64.25,52.68,64.21,,,,
2020-10-16,63.12,66.35,61.43,63.15,,,,
2020-10-19,65.24,66.53,57.38,57.38,,,,
2020-10-20,61.9,62.05,58.82,59.52,,,,
2020-10-21,59.97,60.46,57.48,57.63,,,,
2020-10-22,59.32,64.64,57.48,63.74,,,,
2020-10-23,65.88,66.48,63.74,66.28,,,,
2020-10-26,61.71,61.71,53.5,56.96,,,,
2020-10-27,57.26,57.71,51.94,51.94,,,,
2020-10-28,42.23,44.87,37.96,37.96,,,,
2020-10-29,37.21,45.57,34.72,45.57,,,,
2020-10-30,45.87,45.87,37.06,39.07,,,,
2020-11-02,43.94,48.7,42.99,48.68,,,,
2020-11-03,55.04,60.55,54.69,59.46,,,,
2020-11-04,57.32,60.45,54.74,55.43,,,,
2020-11-05,59.36,65.77,59.36,65.02,,,,
2020-11-06,65.32,65.32,58.22,58.22,,,,
2020-11-09,78.24,79.13,72.77,72.81,,,,
2020-11-10,75.29,79.62,75,79.07,,,,
2020-11-11,79.27,79.27,77.03,79.27,,,,
2020-11-12,77.68,78.28,73.01,74.4,,,,
2020-11-13,77.43,80.46,76.98,79.76,,,,
2020-11-16,81.8,83.49,81.7,83.48,,,,
2020-11-17,81.74,83.78,80.29,83.13,,,,
2020-11-18,83.08,83.68,80.33,80.33,,,,
2020-11-19,79.99,81.83,79.44,81.81,,,,
2020-11-20,80.31,81.46,79.37,81.16,,,,
2020-11-23,82.85,84.55,82.21,83.55,,,,
2020-11-24,85.1,86.44,84.6,85.2,,,,
2020-11-25,85.3,85.94,84.35,85.3,,,,
2020-11-27,86.09,87.18,86.09,87.18,,,,
2020-11-30,87.58,87.58,84.24,84.84,,,,
2020-12-01,86.34,86.98,84.69,85.14,,,,
2020-12-02,82.7,84.59,82.7,83.74,,,,
2020-12-03,83.94,84.93,83.79,84.38,,,,
2020-12-04,84.83,87.17,84.78,87.16,,,,
2020-12-07,87.21,87.21,85.52,85.52,,,,
2020-12-08,85.22,87.31,84.77,87.31,,,,
2020-12-09,88.01,88.01,84.37,84.92,,,,
2020-12-10,83.97,86.17,83.97,86.17,,,,
2020-12-11,84.72,85.72,82.62,84.27,,,,
2020-12-14,86.02,86.57,83.22,83.22,,,,
2020-12-15,84.82,87.76,84.62,87.41,,,,
2020-12-16,88.21,88.26,86.12,86.12,,,,
2020-12-17,87.41,88.31,86.81,88.21,,,,
2020-12-18,88.86,89.41,85.02,85.02,,,,
2020-12-21,81.02,83.16,79.38,83.16,,,,
2020-12-22,83.81,84.01,82.16,82.51,,,,
2020-12-23,83.81,85.81,83.81,85.26,,,,
2020-12-24,85.61,85.61,84.41,84.61,,,,
2020-12-28,85.96,86.01,83.26,83.26,,,,
2020-12-29,84.16,84.16,77.87,79.57,,,,
2020-12-30,80.16,82.16,80.16,81.26,,,,
2020-12-31,79.82,81.37,79.02,80.49,,,,
2021-01-04,81.13,81.13,73.73,76.76,,,,
2021-01-05,77.3,81.86,77.3,79.36,,,,
2021-01-06,82.79,88.52,82.79,86.01,,,,
2021-01-07,86.94,87.63,86.31,87.53,,,,
2021-01-08,87.72,87.72,83.79,86.79,,,,
2021-01-11,84.92,84.92,82.96,83.55,,,,
2021-01-12,84.43,86.15,84.19,86.15,,,,
2021-01-13,86.15,86.15,83.88,83.88,,,,
2021-01-14,84.87,87.57,84.87,86.88,,,,
2021-01-15,83.1,84.03,81.48,83.2,,,,
2021-01-19,84.57,84.82,82.56,83.34,,,,
2021-01-20,83.88,85.11,82.51,83.15,,,,
2021-01-21,82.85,82.85,79.61,79.81,,,,
2021-01-22,76.47,82.95,76.22,82.9,,,,
2021-01-25,80.45,83.25,79.17,82.9,,,,
2021-01-26,83.93,83.93,77.6,77.63,,,,
2021-01-27,63.17,68.28,61.01,61.5,,,,
2021-01-28,65.78,66.66,63.37,64.04,,,,
2021-01-29,59.91,63.84,54.89,54.89,,,,
2021-02-01,58.13,66.14,55.08,64.83,,,,
2021-02-02,68.61,72.89,66.5,72.11,,,,
2021-02-03,71.96,72.99,68.07,72.84,,,,
2021-02-04,72.99,80.52,72.99,80.52,,,,
2021-02-05,82.63,83.03,79.83,83.03,,,,
2021-02-08,84.89,88.88,84.89,88.87,,,,
2021-02-09,88.63,89.71,87.05,88.53,,,,
2021-02-10,89.37,89.76,86.65,86.65,,,,
2021-02-11,87.39,87.54,83.45,85.66,,,,
2021-02-12,83.79,85.32,82.9,84.37,,,,
2021-02-16,84.96,84.96,82.1,82.1,,,,
2021-02-17,79.93,81.01,78.79,80.27,,,,
2021-02-18,78.25,78.55,75.14,75.14,,,,
2021-02-19,76.97,80.67,76.97,79.37,,,,
2021-02-22,77.2,79.87,77.2,77.79,,,,
2021-02-23,72.76,76.07,71.18,74.33,,,,
2021-02-24,76.25,80.65,75.66,80.6,,,,
2021-02-25,79.36,79.36,69.89,69.89,,,,
2021-02-26,71.32,71.56,64.7,65.1,,,,
2021-03-01,72.1,76.14,72.1,75.44,,,,
2021-03-02,74.65,74.65,70.56,70.56,,,,
2021-03-03,71.15,71.99,67.68,67.68,,,,
2021-03-04,67.68,67.68,56.83,60.48,,,,
2021-03-05,61.56,65.17,54.81,65.17,,,,
2021-03-08,67.39,68.08,65.21,65.46,,,,
2021-03-09,68.17,72.37,68.17,70.73,,,,
2021-03-10,73.05,74.53,73.05,73.33,,,,
2021-03-11,75.16,78.22,75.16,78.22,,,,
2021-03-12,76.29,78.12,75.8,78.12,,,,
2021-03-15,77.43,78.61,76.93,78.51,,,,
2021-03-16,77.82,77.82,73.28,74.96,,,,
2021-03-17,72.14,76.64,71.55,76.28,,,,
2021-03-18,74.11,75.14,68.37,68.37,,,,
2021-03-19,68.67,70.99,66.4,69.61,,,,
2021-03-22,69.66,69.66,65.71,66.4,,,,
2021-03-23,64.72,64.72,52.17,52.99,,,,
2021-03-24,55.65,59.81,45.67,45.67,,,,
2021-03-25,43.25,53.83,40.18,53.48,,,,
2021-03-26,55.36,57.24,52.69,57.24,,,,
2021-03-29,56.89,56.89,50.07,50.07,,,,
2021-03-30,49.62,53.43,49.23,53.18,,,,
2021-03-31,53.73,57.83,53.73,54.89,,,,
2021-04-01,56.92,61.21,56.92,61.21,,,,
2021-04-05,63.06,63.06,60.48,62.6,,,,
2021-04-06,62.95,63.92,60.76,60.76,,,,
2021-04-07,60.62,60.62,55.01,55.21,,,,
2021-04-08,55.45,58.38,52.24,58.38,,,,
2021-04-09,56.87,57.26,54.77,56.58,,,,
2021-04-12,55.44,55.68,53.24,53.87,,,,
2021-04-13,53.34,53.34,48.56,50.51,,,,
2021-04-14,51.53,57.49,51.53,53.44,,,,
2021-04-15,53.87,55.05,50.95,55,,,,
2021-04-16,56.66,56.66,52.95,54.66,,,,
2021-04-19,52.41,52.95,46.55,49.09,,,,
2021-04-20,48.02,48.02,36.93,38.95,,,,
2021-04-21,38.26,48.48,38.26,47.65,,,,
2021-04-22,48.43,52.15,44.52,44.52,,,,
2021-04-23,45.4,55.47,45.4,53.39,,,,
2021-04-26,55.64,58.53,55.64,56.11,,,,
2021-04-27,57.28,57.48,54.59,55.62,,,,
2021-04-28,55.28,57.92,55.03,56.99,,,,
2021-04-29,59.84,59.84,54.22,57.1,,,,
2021-04-30,54.37,56.27,51,51.88,,,,
2021-05-03,54.61,58.37,53,57.08,,,,
2021-05-04,54.74,54.74,48.19,50.02,,,,
2021-05-05,50.22,50.51,46.94,48.94,,,,
2021-05-06,47.97,49.09,45.13,49.09,,,,
2021-05-07,49.04,53.05,49.04,52.93,,,,
2021-05-10,52.78,52.78,44.83,44.83,,,,
2021-05-11,40.96,43.46,38.47,41.8,,,,
2021-05-12,41.36,41.36,30.2,30.49,,,,
2021-05-13,32.06,42.43,32.06,40.67,,,,
2021-05-14,42.92,50.07,42.92,50.07,,,,
2021-05-17,49.29,51,47.33,51,,,,
2021-05-18,51,53.45,46.66,46.66,,,,
2021-05-19,40.54,43.53,36.92,43.5,,,,
2021-05-20,43.06,47.08,41.05,47.08,,,,
2021-05-21,49.82,53.25,49.58,51.88,,,,
2021-05-24,52.22,54.53,51.1,52.69,,,,
2021-05-25,53.82,55.93,43.57,43.62,,,,
2021-05-26,46.66,53.18,46.56,53.14,,,,
2021-05-27,56.72,58.93,56.72,57.71,,,,
2021-05-28,59.52,59.52,56.63,57.34,,,,
2021-06-01,59.65,64.12,59.65,62.94,,,,
2021-06-02,64.47,64.47,59.16,60.86,,,,
2021-06-03,57.17,59.54,55.55,59.54,,,,
2021-06-04,60.13,60.58,57.97,59.42,,,,
2021-06-07,60.26,64.99,60.26,63.81,,,,
2021-06-08,65.73,68.58,63.66,67.55,,,,
2021-06-09,68.24,68.24,63.86,64.3,,,,
2021-06-10,65.48,65.78,60.73,60.73,,,,
2021-06-11,63.25,64.03,61.72,63.99,,,,
2021-06-14,66.1,66.1,60.34,61.08,,,,
2021-06-15,61.67,63,56.74,62.29,,,,
2021-06-16,60.91,63.08,58.3,61.6,,,,
2021-06-17,60.81,60.81,48.79,51.7,,,,
2021-06-18,46.62,46.62,39.42,40.95,,,,
2021-06-21,42.97,49.43,42.97,48.2,,,,
2021-06-22,46.47,48.34,42.82,48.05,,,,
2021-06-23,49.43,51.15,48.54,49.7,,,,
2021-06-24,52.02,56.16,50.19,56.16,,,,
2021-06-25,57.35,59.82,56.02,56.04,,,,
2021-06-28,56.69,56.69,49.82,51.45,,,,
2021-06-29,52.46,52.46,47.53,47.53,,,,
2021-06-30,45.42,48.74,45.32,47.08,,,,
2021-07-01,49.94,51.55,47.78,50.65,,,,
2021-07-02,50.45,50.45,44.37,44.46,,,,
2021-07-06,43.48,43.48,35.83,39.05,,,,
2021-07-07,39.75,39.75,33.36,36.43,,,,
2021-07-08,28.73,35.78,27.02,32.46,,,,
2021-07-09,35.32,40.91,35.32,40.91,,,,
2021-07-12,39.15,44.1,37.89,44.1,,,,
2021-07-13,41.23,41.54,34.99,34.99,,,,
2021-07-14,37.1,38.16,28.14,28.14,,,,
2021-07-15,23.81,27.54,21.85,26.13,,,,
2021-07-16,28.95,29.25,23.11,23.22,,,,
2021-07-19,18.13,21.2,16.32,18.2,,,,
2021-07-20,18.91,32.12,18.91,29.11,,,,
2021-07-21,32.64,35.77,32.64,34.86,,,,
2021-07-22,32.94,32.94,27.64,28.7,,,,
2021-07-23,29.86,30.97,26.94,30.79,,,,
2021-07-26,32.86,34.07,29.93,31.85,,,,
2021-07-27,28.82,28.82,24.38,26.95,,,,
2021-07-28,30.28,34.88,26.9,32.91,,,,
2021-07-29,36.09,39.72,36.09,36.69,,,,
2021-07-30,35.38,39.32,33.23,33.83,,,,
2021-08-02,37.22,40.36,31.66,31.66,,,,
2021-08-03,31.91,33.83,27.97,33.77,,,,
2021-08-04,30.17,32.91,28.5,28.5,,,,
2021-08-05,30.63,36.22,30.63,36.22,,,,
2021-08-06,41.43,41.54,38.39,40.47,,,,
2021-08-09,38.19,39.71,37.08,37.08,,,,
2021-08-10,37.13,41.89,37.13,41.86,,,,
2021-08-11,41.4,45.61,40.24,45.61,,,,
2021-08-12,45.15,45.56,42.21,43.89,,,,
2021-08-13,43.53,43.53,40.24,40.24,,,,
2021-08-16,35.12,39.58,35.12,37.47,,,,
2021-08-17,32.75,34.93,29.41,32.8,,,,
2021-08-18,31.74,35.85,30.02,30.02,,,,
2021-08-19,26.41,27.78,24.64,26.52,,,,
2021-08-20,25.7,33.21,25.7,33.11,,,,
2021-08-23,37.47,41.17,36.81,39.85,,,,
2021-08-24,42.64,44.47,41.58,43.4,,,,
2021-08-25,43.76,49.74,43.76,46.55,,,,
2021-08-26,45.94,48.88,41.17,41.19,,,,
2021-08-27,44.64,58.19,44.64,57.43,,,,
2021-08-30,58.14,58.14,51.72,51.72,,,,
2021-08-31,53.04,56.34,51.67,55.1,,,,
2021-09-01,56.42,59.06,53.02,57.46,,,,
2021-09-02,59.08,61.46,57.72,60.08,,,,
2021-09-03,58.96,58.96,54.3,56.08,,,,
2021-09-07,56.59,58.31,51.82,51.82,,,,
2021-09-08,50.91,51.21,45.58,46.16,,,,
2021-09-09,45.66,51.14,44.69,44.69,,,,
2021-09-10,45.91,45.91,39.01,39.01,,,,
2021-09-13,41.7,44.85,39.92,44.85,,,,
2021-09-14,46.06,46.06,35.87,36.37,,,,
2021-09-15,37.03,41.9,37.03,41.9,,,,
2021-09-16,43.12,44.03,38.71,42.23,,,,
2021-09-17,43.24,43.7,39.89,43.7,,,,
2021-09-20,32.89,33.75,27.56,31.53,,,,
2021-09-21,35.5,35.5,31.23,33.07,,,,
2021-09-22,36.43,44,36.43,39.65,,,,
2021-09-23,43.61,53.02,43.61,50.99,,,,
2021-09-24,48.34,52.61,47.89,49.97,,,,
2021-09-27,58.15,58.15,58.15,58.15,,,,
2021-09-28,55.71,55.71,48.34,48.6,,,,
2021-09-29,48.95,50.33,47.58,47.83,,,,
2021-09-30,48.8,50.43,42.7,42.7,,,,
2021-10-01,43.56,53.02,41.58,50.94,,,,
2021-10-04,47.53,47.87,46,46.66,,,,
2021-10-05,46.91,50.46,46.22,48.07,,,,
2021-10-06,44.21,46.09,41.05,45.72,,,,
2021-10-07,49.08,54.86,49.08,51.53,,,,
2021-10-08,51.28,51.97,48.56,48.63,,,,
2021-10-11,49.08,51.9,47.17,47.17,,,,
2021-10-12,48.36,50,47.42,49.1,,,,
2021-10-13,49.4,49.75,45.54,49.75,,,,
2021-10-14,52.87,55.29,52.87,54.25,,,,
2021-10-15,60.34,60.34,52.42,52.42,,,,
2021-10-18,51.43,52.72,50.49,50.74,,,,
2021-10-19,51.63,53.76,50.09,52.5,,,,
2021-10-20,52.05,57.21,51.8,55.75,,,,
2021-10-21,56.64,58.03,53.86,55.7,,,,
2021-10-22,55.15,56.59,54.26,54.51,,,,
2021-10-25,54.41,58.82,53.91,57.96,,,,
2021-10-26,57.96,59.35,54.39,54.39,,,,
2021-10-27,52.3,52.9,46.5,46.5,,,,
2021-10-28,50.07,54.29,50.07,54.29,,,,
2021-10-29,53.34,55.03,52.45,53.88,,,,
2021-11-01,55.26,65.89,55.26,65.89,,,,
2021-11-02,64.5,64.5,61.43,63.13,,,,
2021-11-03,62.48,72.39,62.43,71.13,,,,
2021-11-04,72.02,73.21,67.16,68.75,,,,
2021-11-05,72.76,76.09,72.42,73.75,,,,
2021-11-08,75.64,76.14,73.26,73.51,,,,
2021-11-09,72.91,72.91,69.89,71.06,,,,
2021-11-10,69.52,70.76,66.5,67.49,,,,
2021-11-11,68.33,69.72,68.08,68.71,,,,
2021-11-12,69.06,69.06,67.03,67.37,,,,
2021-11-15,68.57,68.57,65.39,66.08,,,,
2021-11-16,64.05,65.59,63.2,64.59,,,,
2021-11-17,63.3,63.3,59.22,60.76,,,,
2021-11-18,60.96,60.96,55.14,56.83,,,,
2021-11-19,53.35,54.05,52.48,52.48,,,,
2021-11-22,53.98,56.36,52.58,52.58,,,,
2021-11-23,52.68,53.13,49.1,51.61,,,,
2021-11-24,48.38,51.46,48.38,50.59,,,,
2021-11-26,41.6,41.6,30.59,35.77,,,,
2021-11-29,41,41,32.33,33,,,,
2021-11-30,29.76,29.76,23.42,25.42,,,,
2021-12-01,31.53,35.32,20.92,20.92,,,,
2021-12-02,21.62,29.74,21.62,29.31,,,,
2021-12-03,28.46,28.46,22.63,24.13,,,,
2021-12-06,28.77,34.46,28.77,31.53,,,,
2021-12-07,36.52,40.16,35.07,36.32,,,,
2021-12-08,36.57,40.31,36.57,39.12,,,,
2021-12-09,34.63,35.17,30.8,30.8,,,,
2021-12-10,33.89,33.89,28.5,30.36,,,,
2021-12-13,27.72,28.42,24.97,25.67,,,,
2021-12-14,26.47,27.47,22.97,22.97,,,,
2021-12-15,23.57,28.47,20.77,27.52,,,,
2021-12-16,29.12,31.81,22.77,23.72,,,,
2021-12-17,22.37,26.07,20.37,24.27,,,,
2021-12-20,18.78,20.67,16.58,20.63,,,,
2021-12-21,23.48,28.13,23.48,28.13,,,,
2021-12-22,27.68,32.63,26.73,32.63,,,,
2021-12-23,34.38,38.33,33.98,36.93,,,,
2021-12-27,37.33,41.02,34.83,41.02,,,,
2021-12-28,40.17,44.22,39.68,39.7,,,,
2021-12-29,38.59,40.75,38.59,40.47,,,,
2021-12-30,41.22,44.42,39.08,39.08,,,,
2021-12-31,39.43,40.89,38.33,39.68,,,,
2022-01-03,44.34,50.34,43.89,47.68,,,,
2022-01-04,52.8,52.8,49.26,49.85,,,,
2022-01-05,51.23,52.95,39.4,39.42,,,,
2022-01-06,41.54,43.96,38.49,42.3,,,,
2022-01-07,41.91,43.24,37.22,37.22,,,,
2022-01-10,34.91,35.89,32,35.89,,,,
2022-01-11,36.73,37.91,32.24,37.03,,,,
2022-01-12,39.69,40.03,33.48,34.46,,,,
2022-01-13,36.43,39.59,35.74,35.74,,,,
2022-01-14,33.43,36.43,32.59,36.43,,,,
2022-01-18,33.57,33.57,29.19,29.19,,,,
2022-01-19,29.68,29.68,23.52,23.52,,,,
2022-01-20,24.65,27.95,17.3,17.3,,,,
2022-01-21,16.02,21.1,13.85,13.85,,,,
2022-01-24,12.08,21.44,11.19,20.73,,,,
2022-01-25,18.5,21.56,12.58,19,,,,
2022-01-26,22.26,24.82,13.96,16.1,,,,
2022-01-27,19.21,19.61,12.15,12.9,,,,
2022-01-28,12.8,15.71,11.46,15.66,,,,
2022-01-31,14.58,21.94,14.08,21.94,,,,
2022-02-01,21.74,24.03,18.83,24.03,,,,
2022-02-02,24.62,24.62,18.95,21.73,,,,
2022-02-03,19.02,22.57,17.93,18.03,,,,
2022-02-04,18.03,21.19,15.9,19.81,,,,
2022-02-07,20.94,23.81,20.15,22.33,,,,
2022-02-08,23.36,29.49,23.36,29.49,,,,
2022-02-09,32.75,33.2,31.32,32.46,,,,
2022-02-10,28.35,35.57,26.72,28.16,,,,
2022-02-11,30.13,31.81,24.2,26.08,,,,
2022-02-14,27.32,28.7,23.22,24.65,,,,
2022-02-15,29.39,35.39,29.39,35.39,,,,
2022-02-16,34.25,38.01,33.11,37.66,,,,
2022-02-17,31.88,31.98,28.62,28.81,,,,
2022-02-18,27.77,30.44,26.63,27.42,,,,
2022-02-22,25.19,27.37,20.99,22.58,,,,
2022-02-23,25.95,25.95,18.37,18.38,,,,
2022-02-24,13.87,24.28,13.87,23.48,,,,
2022-02-25,26.36,32.7,24.52,32.7,,,,
2022-02-28,33.15,33.15,33,33.01,,,,
2022-03-01,30.04,30.04,24.69,25.74,,,,
2022-03-02,30.29,37.03,29.89,35.76,,,,
2022-03-03,37.5,37.5,30.4,32.6,,,,
2022-03-04,28.43,28.68,25.31,27.85,,,,
2022-03-07,28.2,28.2,24.34,24.34,,,,
2022-03-08,24.63,29.95,24.63,25.43,,,,
2022-03-09,29.01,34.17,29.01,32.6,,,,
2022-03-10,29.82,32.15,28.28,32.02,,,,
2022-03-11,34.46,35.8,28.39,28.39,,,,
2022-03-14,30.58,30.68,24.16,25.5,,,,
2022-03-15,27.1,29.43,26.3,28.9,,,,
2022-03-16,33.08,39.05,30.79,39.02,,,,
2022-03-17,39.67,45.44,39.67,45.44,,,,
2022-03-18,44.49,50.22,44.49,50.22,,,,
2022-03-21,50.77,50.77,44.2,45.14,,,,
2022-03-22,48.83,53.11,48.33,51.09,,,,
2022-03-23,48.3,49,43.22,43.27,,,,
2022-03-24,45.61,47.5,43.77,47.48,,,,
2022-03-25,48.67,49.12,46.13,48.33,,,,
2022-03-28,47.23,47.38,43.04,47.38,,,,
2022-03-29,55.9,60.23,55.9,59.79,,,,
2022-03-30,58.54,58.59,49.92,50.82,,,,
2022-03-31,51.12,52.26,47.03,47.25,,,,
2022-04-01,49.55,51.39,47.35,51.34,,,,
2022-04-04,51.78,52.68,49.8,52.33,,,,
2022-04-05,53.28,53.28,43.83,43.83,,,,
2022-04-06,38.17,39.81,35.33,38.05,,,,
2022-04-07,38.45,38.45,33.03,35.88,,,,
2022-04-08,35.24,36.98,33.94,34.23,,,,
2022-04-11,31.93,34.32,30.09,31.15,,,,
2022-04-12,34.09,37.58,31.05,31.92,,,,
2022-04-13,33.31,37.8,33.31,37.25,,,,
2022-04-14,37.6,38.35,34.21,34.21,,,,
2022-04-18,33.26,33.26,29.92,31.12,,,,
2022-04-19,31.52,38.7,31.52,37.55,,,,
2022-04-20,40.94,41.99,39.85,40,,,,
2022-04-21,42.54,42.54,33.16,33.31,,,,
2022-04-22,32.16,32.16,25.93,26.03,,,,
2022-04-25,22.94,26.18,18.5,26.14,,,,
2022-04-26,23.25,23.25,16.66,16.66,,,,
2022-04-27,18.41,19.01,15.81,16.46,,,,
2022-04-28,18.01,22.05,14.92,21.6,,,,
2022-04-29,20.95,21.9,14.72,14.92,,,,
2022-05-02,14.52,17.51,11.82,16.81,,,,
2022-05-03,16.21,19.86,15.76,18.81,,,,
2022-05-04,19.16,27.84,16.86,27.8,,,,
2022-05-05,24.46,24.46,14.97,16.87,,,,
2022-05-06,13.87,17.52,13.87,15.78,,,,
2022-05-09,12.38,13.18,10.58,11.24,,,,
2022-05-10,13.09,13.09,7.84,10.64,,,,
2022-05-11,11.29,13.04,8.59,8.64,,,,
2022-05-12,8.39,9.84,7.59,9.84,,,,
2022-05-13,12.39,15.19,12.39,14.29,,,,
2022-05-16,13.44,15.14,13.39,13.99,,,,
2022-05-17,17.39,20.83,17.34,20.76,,,,
2022-05-18,18.4,18.95,13.7,14.6,,,,
2022-05-19,13.45,16.25,13.2,13.9,,,,
2022-05-20,16.4,16.4,10.4,14,,,,
2022-05-23,15.7,17.55,14.75,16.86,,,,
2022-05-24,14.86,16.12,12.11,16.12,,,,
2022-05-25,16.07,21.38,16.07,20.13,,,,
2022-05-26,23.78,28.64,23.78,27.3,,,,
2022-05-27,30.01,35.42,30.01,35.36,,,,
2022-05-31,33.53,34.63,31.08,33.43,,,,
2022-06-01,35.78,35.78,27.42,32.18,,,,
2022-06-02,33.48,42.04,33.48,42.04,,,,
2022-06-03,38.93,38.93,36.13,38.05,,,,
2022-06-06,41.56,42.11,39.6,40.55,,,,
2022-06-07,39.69,47.21,39.69,47.16,,,,
2022-06-08,43.65,46.41,41.15,42.65,,,,
2022-06-09,39.84,42.1,35.68,35.7,,,,
2022-06-10,31.74,31.74,25.47,26.17,,,,
2022-06-13,21.51,21.51,14.99,15.14,,,,
2022-06-14,15.84,15.99,13.89,15.34,,,,
2022-06-15,18.4,22.36,17.7,19.76,,,,
2022-06-16,15.55,15.55,10.28,11.14,,,,
2022-06-17,12.8,15.36,12.8,14.05,,,,
2022-06-21,21.03,21.03,19.52,19.52,,,,
2022-06-22,19.52,23.89,19.52,22.18,,,,
2022-06-23,23.49,27.86,22.89,27.86,,,,
2022-06-24,34.73,36.34,34.73,36.34,,,,
2022-06-27,38.55,39.2,35.49,37.46,,,,
2022-06-28,41.73,41.73,31.94,31.94,,,,
2022-06-29,30.98,30.98,26.61,28.47,,,,
2022-06-30,25.26,30.53,23.55,28.29,,,,
2022-07-01,28.29,34.37,28.29,30.05,,,,
2022-07-05,26.53,34.02,23.66,34.02,,,,
2022-07-06,34.93,34.93,29.73,31.73,,,,
2022-07-07,34.76,38.32,34.76,38.32,,,,
2022-07-08,36.9,39.73,36.7,38.61,,,,
2022-07-11,35.07,35.93,32.89,33.06,,,,
2022-07-12,33.06,36.15,31.79,32.86,,,,
2022-07-13,30.22,32.91,30.12,31.64,,,,
2022-07-14,28.15,29.67,26.53,29.62,,,,
2022-07-15,31.69,37.97,30.63,37.87,,,,
2022-07-18,43.44,44.45,36.6,36.6,,,,
2022-07-19,43.08,52.6,43.08,51.59,,,,
2022-07-20,52.81,60.05,52.81,59.69,,,,
2022-07-21,57.62,61.51,53.31,61.49,,,,
2022-07-22,57.7,59.47,52.12,54.91,,,,
2022-07-25,54.86,56.94,54.71,56.89,,,,
2022-07-26,52.94,54.15,52.12,52.48,,,,
2022-07-27,56.09,63.35,56.04,62.48,,,,
2022-07-28,62.23,67.05,59.39,67.05,,,,
2022-07-29,66.7,70.3,66.49,69.94,,,,
2022-08-01,63.87,71.28,63.87,69.49,,,,
2022-08-02,69.39,73.29,68.88,69.23,,,,
2022-08-03,72.18,74.21,71.01,73.8,,,,
2022-08-04,73.85,74.11,71.57,72.2,,,,
2022-08-05,69.1,72.3,69.1,71.59,,,,
2022-08-08,74.64,77.08,74.49,75.76,,,,
2022-08-09,72.81,72.81,69.71,71.13,,,,
2022-08-10,74.64,77.74,74.64,77.38,,,,
2022-08-11,79.87,81.91,79.31,79.31,,,,
2022-08-12,79.62,83.13,79.62,83.13,,,,
2022-08-15,81.35,83.33,80.84,83.22,,,,
2022-08-16,83.07,83.88,82.1,83.17,,,,
2022-08-17,81.34,81.34,78.69,79.79,,,,
2022-08-18,79.59,81.22,79.54,81.22,,,,
2022-08-19,78.77,78.77,74.75,75.3,,,,
2022-08-22,70.92,70.92,66.39,66.39,,,,
2022-08-23,68.38,69.95,66.54,66.95,,,,
2022-08-24,66.49,69.95,66.49,67.8,,,,
2022-08-25,69.12,73.2,69.12,73.2,,,,
2022-08-26,72.89,72.89,60.62,60.7,,,,
2022-08-29,55.86,56.47,54.17,54.38,,,,
2022-08-30,55.35,55.35,46.48,47.85,,,,
2022-08-31,48.16,49.33,43.17,43.17,,,,
2022-09-01,35.52,38.07,33.69,38.07,,,,
2022-09-02,40.46,43.47,33.53,33.86,,,,
2022-09-06,34.88,34.88,28.6,29.32,,,,
2022-09-07,28.4,38.26,28.4,38.26,,,,
2022-09-08,35.81,39.79,35.2,39.69,,,,
2022-09-09,42.34,47.75,42.34,47.39,,,,
2022-09-12,51.22,53.01,49.74,53.01,,,,
2022-09-13,44.18,44.18,33.67,33.74,,,,
2022-09-14,32.21,35.11,31.39,35.06,,,,
2022-09-15,33.12,37.62,32.15,32.31,,,,
2022-09-16,26.28,26.9,22.66,26.87,,,,
2022-09-19,23.96,29.73,23.96,29.73,,,,
2022-09-20,25.8,25.8,22.02,24.68,,,,
2022-09-21,25.44,28.25,20.54,20.59,,,,
2022-09-22,15.99,15.99,13.33,14.05,,,,
2022-09-23,9.4,9.4,7.4,8.99,,,,
2022-09-26,8.99,10.67,7.56,7.77,,,,
2022-09-27,9.1,10.68,7.25,8.74,,,,
2022-09-28,9.15,15.59,9.15,14.83,,,,
2022-09-29,12.09,12.09,8.49,9.91,,,,
2022-09-30,9.81,13.77,9.3,9.3,,,,
2022-10-03,10.32,13.98,10.32,13.73,,,,
2022-10-04,20.7,24.84,20.7,24.84,,,,
2022-10-05,19.8,23.67,17.36,22.86,,,,
2022-10-06,25.1,25.1,21.07,22.75,,,,
2022-10-07,19.75,19.75,14.91,15.7,,,,
2022-10-10,15.29,15.96,13.61,14.94,,,,
2022-10-11,13.51,17.74,11.83,14.69,,,,
2022-10-12,12.9,16.68,12.9,15.56,,,,
2022-10-13,11.73,24.79,11.73,24.43,,,,
2022-10-14,25.35,25.35,18.67,18.97,,,,
2022-10-17,23.77,26.73,23.36,26.64,,,,
2022-10-18,35.47,35.47,29.04,31.69,,,,
2022-10-19,29.35,30.72,24.55,27.68,,,,
2022-10-20,28.54,31.66,22.77,24.27,,,,
2022-10-21,27.43,33.57,26.77,33.57,,,,
2022-10-24,33.92,37.4,33.67,37.03,,,,
2022-10-25,39.07,48.95,39.07,48.03,,,,
2022-10-26,49.97,56.93,49.97,50.02,,,,
2022-10-27,54.47,55.85,51.45,51.45,,,,
2022-10-28,53.45,61.53,51.96,61.48,,,,
2022-10-31,59.84,62.5,59.13,60.86,,,,
2022-11-01,65.06,65.31,62.55,62.58,,,,
2022-11-02,59.41,59.41,50.92,50.94,,,,
2022-11-03,46.08,50.33,46.08,47.92,,,,
2022-11-04,52.27,53.96,49.41,53.5,,,,
2022-11-07,55.86,56.52,53.66,55.17,,,,
2022-11-08,56.51,59.28,52.25,54.66,,,,
2022-11-09,52.66,54,48.25,48.3,,,,
2022-11-10,60.82,68.1,60.82,68.05,,,,
2022-11-11,69.17,74,69.17,72.2,,,,
2022-11-14,70.61,72.25,67.89,67.89,,,,
2022-11-15,71.79,73.33,70.71,70.85,,,,
2022-11-16,69.16,69.16,65.36,65.4,,,,
2022-11-17,61.03,63.6,60.78,63.6,,,,
2022-11-18,67.4,67.4,63.44,64.92,,,,
2022-11-21,63.43,63.43,61.47,62.6,,,,
2022-11-22,63.73,65.48,62.66,65.48,,,,
2022-11-23,65.17,67.23,64.56,66.54,,,,
2022-11-25,66.49,68.49,66.49,67.31,,,,
2022-11-28,66.13,66.13,60.22,60.63,,,,
2022-11-29,61.2,63.87,61.2,62.02,,,,
2022-11-30,62.84,69.78,58.37,69.78,,,,
2022-12-01,71.47,71.47,68.08,68.8,,,,
2022-12-02,65.41,70.45,65.41,70.31,,,,
2022-12-05,67.98,67.98,58.94,59.66,,,,
2022-12-06,57.81,57.81,53.13,54.52,,,,
2022-12-07,51.49,54.83,50.35,50.35,,,,
2022-12-08,51.02,55.6,51.02,52.51,,,,
2022-12-09,50.25,51.54,47.58,47.58,,,,
2022-12-12,46.5,51.07,46.5,51.07,,,,
2022-12-13,63.46,63.46,50.92,53.23,,,,
2022-12-14,53.28,56.11,48.81,50.46,,,,
2022-12-15,45.22,45.22,39.26,40.28,,,,
2022-12-16,35.04,37.41,32.93,37.35,,,,
2022-12-19,35.09,35.09,28.41,29.23,,,,
2022-12-20,30.21,32.37,30.21,31.51,,,,
2022-12-21,33.83,38.61,33.83,36.55,,,,
2022-12-22,31.67,31.67,25.5,30.74,,,,
2022-12-23,30.89,31.92,28.84,31.92,,,,
2022-12-27,30.79,31.46,28.43,29.3,,,,
2022-12-28,29.15,29.15,22.67,22.67,,,,
2022-12-29,24.83,33.16,24.83,32.81,,,,
2022-12-30,29.35,31.3,28.01,30.43,,,,
2023-01-03,34.91,34.91,26.15,29.86,,,,
2023-01-04,32.69,37.22,32.49,34.56,,,,
2023-01-05,28.49,32.61,28.49,30.34,,,,
2023-01-06,34.51,42.29,34.51,41.44,,,,
2023-01-09,45.41,48.5,42.67,42.67,,,,
2023-01-10,43.7,49.61,42.62,49.61,,,,
2023-01-11,51.26,55.8,51.26,55.65,,,,
2023-01-12,56.89,65.72,55.44,65.72,,,,
2023-01-13,62.88,68.35,62.88,68.32,,,,
2023-01-17,68.63,69.4,66.92,67.02,,,,
2023-01-18,69.19,71.05,58.5,58.5,,,,
2023-01-19,55.03,55.29,51.05,54.23,,,,
2023-01-20,55.58,62.66,55.58,62.66,,,,
2023-01-23,63.13,68.45,63.13,66.85,,,,
2023-01-24,65.2,67.32,64.68,65.71,,,,
2023-01-25,61.42,67.42,60.59,67.42,,,,
2023-01-26,68.14,68.87,66.33,68.84,,,,
2023-01-27,68.89,71.84,68.27,70.75,,,,
2023-01-30,68.53,71.22,66.14,66.14,,,,
2023-01-31,68.53,75.38,68.53,75.38,,,,
2023-02-01,75.02,80.86,73.11,78.8,,,,
2023-02-02,80.4,83.09,79.57,83.06,,,,
2023-02-03,82.39,84.2,82.08,82.69,,,,
2023-02-06,81.65,81.65,78.75,79.11,,,,
2023-02-07,77.61,81.08,75.33,80.62,,,,
2023-02-08,78.75,79.11,74.3,74.3,,,,
2023-02-09,77.09,77.25,66.06,66.63,,,,
2023-02-10,64.71,68.6,64.5,68.08,,,,
2023-02-13,67.3,72.69,67.3,72.53,,,,
2023-02-14,73.67,73.67,66.73,70.31,,,,
2023-02-15,68.65,74.35,68.03,74.33,,,,
2023-02-16,70.45,73.92,70.34,70.39,,,,
2023-02-17,69.88,72.05,66.97,71.69,,,,
2023-02-21,66.87,66.87,55.31,55.31,,,,
2023-02-22,58.47,59.09,53.91,55.96,,,,
2023-02-23,59.64,59.64,51.76,57.96,,,,
2023-02-24,50.12,51.73,47.63,51.03,,,,
2023-02-27,54.26,57.17,50.51,50.8,,,,
2023-02-28,50.39,54.7,50.05,50.05,,,,
2023-03-01,49.16,51.24,47.34,49.08,,,,
2023-03-02,44.86,49.19,44.86,49.14,,,,
2023-03-03,49.45,54.87,49.19,54.11,,,,
2023-03-06,53.49,53.49,43.84,45.46,,,,
2023-03-07,44.94,45.35,40.56,41.5,,,,
2023-03-08,40.61,41.71,37.33,39.83,,,,
2023-03-09,39.93,39.93,30.7,30.7,,,,
2023-03-10,25.07,27.47,18.82,20.54,,,,
2023-03-13,17.41,20.02,17.25,17.31,,,,
2023-03-14,22.63,24.36,20.08,22.11,,,,
2023-03-15,16.58,17.73,14.34,17.73,,,,
2023-03-16,15.59,21.43,15.23,20.91,,,,
2023-03-17,18.83,18.83,15.59,16.69,,,,
2023-03-20,17.05,19.09,16.9,18.15,,,,
2023-03-21,21.8,22.79,20.29,21.61,,,,
2023-03-22,20.36,21.04,15.61,15.62,,,,
2023-03-23,17.18,19.48,14.42,15.88,,,,
2023-03-24,13.63,16.71,13.53,16.71,,,,
2023-03-27,18.49,19.22,17.39,18.49,,,,
2023-03-28,17.81,19.17,17.71,18.08,,,,
2023-03-29,20.7,21.48,20.02,21.44,,,,
2023-03-30,23.43,24,21.28,21.96,,,,
2023-03-31,23.69,28.29,23.69,28.29,,,,
2023-04-03,28.81,28.81,24.26,28.12,,,,
2023-04-04,27.49,27.49,22.47,23.22,,,,
2023-04-05,20.13,20.65,19.29,20.55,,,,
2023-04-06,19.61,21.49,19.61,21.02,,,,
2023-04-10,20.18,24.89,20.18,24.73,,,,
2023-04-11,26.62,30.02,26.62,28.24,,,,
2023-04-12,29.7,29.7,25.94,25.99,,,,
2023-04-13,29.7,30.38,25.94,30.38,,,,
2023-04-14,30.85,32.42,26.83,28.19,,,,
2023-04-17,29.28,31.85,29.28,31.85,,,,
2023-04-18,32.89,32.89,28.92,30.54,,,,
2023-04-19,28.34,32.68,28.29,32.18,,,,
2023-04-20,29.93,31.97,29.14,30.71,,,,
2023-04-21,31.55,32.49,29.77,32.09,,,,
2023-04-24,31.36,33.76,30.57,31.25,,,,
2023-04-25,28.42,28.42,24.65,24.82,,,,
2023-04-26,24.77,24.77,21.79,22.52,,,,
2023-04-27,24.09,26.97,23.93,26.92,,,,
2023-04-28,27.34,33.05,27.34,32,,,,
2023-05-01,34.62,35.83,32.11,32.82,,,,
2023-05-02,29.41,29.41,23.64,26.74,,,,
2023-05-03,29.68,33.77,29.57,29.62,,,,
2023-05-04,29.05,29.05,25.32,27.54,,,,
2023-05-05,33.31,35.83,32.84,34.67,,,,
2023-05-08,36.72,36.72,33.52,35.43,,,,
2023-05-09,33.01,36.01,32.44,34.8,,,,
2023-05-10,40.47,40.47,36.27,38.79,,,,
2023-05-11,36.43,36.43,35.11,36.11,,,,
2023-05-12,38.42,38.74,34.17,36.43,,,,
2023-05-15,36.79,42.25,36.79,40.73,,,,
2023-05-16,39.05,39.05,36.18,36.18,,,,
2023-05-17,38.28,45.58,37.13,45.42,,,,
2023-05-18,44.21,48.21,44.16,47.94,,,,
2023-05-19,51.73,51.73,45.53,45.89,,,,
2023-05-22,47.16,52.83,47.16,51.34,,,,
2023-05-23,53.44,58.75,52.6,52.6,,,,
2023-05-24,51.02,51.02,45.81,46.29,,,,
2023-05-25,44.5,44.5,39.82,41.68,,,,
2023-05-26,41.78,45.73,41.78,45.57,,,,
2023-05-30,46.26,46.26,42.94,43.57,,,,
2023-05-31,41.89,41.89,38.21,40.94,,,,
2023-06-01,40.42,44.57,40.42,43.28,,,,
2023-06-02,49.34,61.96,49.34,61.96,,,,
2023-06-05,59.65,59.65,53.6,54.23,,,,
2023-06-06,52.5,68.19,52.5,67.77,,,,
2023-06-07,73.67,75.72,72.66,74.82,,,,
2023-06-08,71.56,72.88,70.51,72.61,,,,
2023-06-09,71.77,72.3,67.66,68.07,,,,
2023-06-12,67.75,70.86,67.75,69.12,,,,
2023-06-13,73.23,74.92,72.44,73.28,,,,
2023-06-14,74.81,74.81,68.54,69.02,,,,
2023-06-15,68.01,71.67,67.65,71.67,,,,
2023-06-16,71.78,71.78,68.14,69.48,,,,
2023-06-20,67.45,67.45,64.76,65.85,,,,
2023-06-21,64.16,66.59,62.68,64.04,,,,
2023-06-22,61.55,61.55,57.05,58.99,,,,
2023-06-23,53.75,56.93,52.06,54.6,,,,
2023-06-26,55.02,59.78,55.02,55.07,,,,
2023-06-27,55.5,61.48,55.13,58.99,,,,
2023-06-28,56.82,60.15,56.82,59.97,,,,
2023-06-29,63.63,65.69,63.63,64.84,,,,
2023-06-30,68.46,68.51,65.36,65.36,,,,
2023-07-03,65.86,68.41,65.86,68.38,,,,
2023-07-05,65.39,65.59,61.84,61.84,,,,
2023-07-06,56.88,56.88,48.57,53.43,,,,
2023-07-07,56.28,62.99,56.28,59.81,,,,
2023-07-10,60.17,66.18,60.17,65.63,,,,
2023-07-11,66.88,68.93,65.78,68.83,,,,
2023-07-12,74.64,74.64,71.84,71.84,,,,
2023-07-13,71.84,74.34,71.84,74.08,,,,
2023-07-14,74.08,74.08,68.67,69.62,,,,
2023-07-17,69.62,73.48,69.62,72.33,,,,
2023-07-18,72.33,75.73,72.33,75.18,,,,
2023-07-19,76.29,76.89,75.38,75.73,,,,
2023-07-20,75.73,75.73,72.78,73.98,,,,
2023-07-21,73.98,75.63,73.23,73.23,,,,
2023-07-24,74.83,74.83,71.72,72.76,,,,
2023-07-25,72.76,72.76,70.76,70.76,,,,
2023-07-26,70.76,72.56,70.76,71.9,,,,
2023-07-27,71.9,73.5,66.53,66.98,,,,
2023-07-28,66.98,71.8,66.98,70.94,,,,
2023-07-31,72.8,73.98,72.2,73.98,,,,
2023-08-01,73.98,73.98,69.01,71.62,,,,
2023-08-02,71.62,71.62,64.69,65.19,,,,
2023-08-03,65.19,65.19,61.07,63.16,,,,
2023-08-04,62.56,65.42,61.15,61.15,,,,
2023-08-07,61.15,61.3,58.84,61.2,,,,
2023-08-08,61.2,61.2,54.97,58.54,,,,
2023-08-09,58.54,58.54,54.47,55.12,,,,
2023-08-10,55.12,58.34,52.06,52.66,,,,
2023-08-11,51.15,53.36,51.15,52.89,,,,
2023-08-14,48.76,50.57,47.81,49.87,,,,
2023-08-15,49.87,49.87,43.68,43.68,,,,
2023-08-16,43.68,44.89,38.6,38.65,,,,
2023-08-17,38.65,39.95,35.78,35.8,,,,
2023-08-18,35.8,37.66,34.69,36.3,,,,
2023-08-21,36.3,36.3,32.93,34.59,,,,
2023-08-22,34.59,35.4,30.81,31.01,,,,
2023-08-23,31.01,35.04,31.01,34.52,,,,
2023-08-24,34.52,35.23,30.79,30.79,,,,
2023-08-25,30.79,33.31,28.26,31.19,,,,
2023-08-28,31.19,36.74,31.19,34.42,,,,
2023-08-29,34.42,40.28,34.32,39.97,,,,
2023-08-30,39.97,41.69,38.41,40.28,,,,
2023-08-31,40.28,42.6,37.91,37.91,,,,
2023-09-01,37.91,45.28,37.91,44.14,,,,
2023-09-05,35.99,36.5,33.56,33.56,,,,
2023-09-06,33.56,34.58,28.05,29.94,,,,
2023-09-07,27.76,27.76,26.25,27.11,,,,
2023-09-08,27.11,28.07,25.74,27.11,,,,
2023-09-11,27.11,29.48,26.8,26.85,,,,
2023-09-12,26.85,28.37,26.85,27.01,,,,
2023-09-13,27.01,27.01,23.26,23.26,,,,
2023-09-14,26.9,29.94,26.8,29.9,,,,
2023-09-15,29.9,29.9,24.89,27.49,,,,
2023-09-18,27.49,27.49,24.1,24.1,,,,
2023-09-19,24.1,24.86,22.68,22.93,,,,
2023-09-20,22.93,26.07,20.5,20.55,,,,
2023-09-21,20.55,20.55,16.7,17.21,,,,
2023-09-22,17.21,18.93,16.05,16.25,,,,
2023-09-25,16.21,18.94,15.7,17.94,,,,
2023-09-26,18.34,18.34,14.9,14.9,,,,
2023-09-27,14.9,19.26,14.9,18.49,,,,
2023-09-28,18.49,21.79,18.49,20.13,,,,
2023-09-29,20.13,21.34,17.74,18.13,,,,
2023-10-02,18.13,18.13,14.09,14.89,,,,
2023-10-03,14.89,14.89,11.66,12.82,,,,
2023-10-04,12.82,13.83,10.9,13.78,,,,
2023-10-05,13.78,15.05,13.03,14.64,,,,
2023-10-06,14.64,18.28,13.73,16.76,,,,
2023-10-09,16.76,20.75,16.76,19.49,,,,
2023-10-10,19.49,25.25,19.49,22.42,,,,
2023-10-11,22.42,24.74,21.41,23.23,,,,
2023-10-12,23.23,23.23,17.27,18.83,,,,
2023-10-13,18.83,19.49,16.86,17.42,,,,
2023-10-16,17.42,22.92,17.42,22.72,,,,
2023-10-17,22.72,32.77,22.72,28.53,,,,
2023-10-18,28.53,28.53,21.37,21.37,,,,
2023-10-19,21.37,23.14,18.84,18.86,,,,
2023-10-20,18.86,18.86,15.27,15.27,,,,
2023-10-23,15.27,16.54,13.45,13.45,,,,
2023-10-24,13.45,17.04,13.45,16.38,,,,
2023-10-25,16.38,16.38,14.21,14.66,,,,
2023-10-26,14.46,17.24,14.46,16.54,,,,
2023-10-27,16.54,16.54,13.7,13.75,,,,
2023-10-30,13.75,18.31,13.75,17.65,,,,
2023-10-31,17.65,20.13,17.65,20.13,,,,
2023-11-01,20.13,22.25,18.96,21.76,,,,
2023-11-02,21.76,33.9,21.76,33.46,,,,
2023-11-03,46.93,49.87,45.56,47.51,,,,
2023-11-06,47.51,47.51,40.42,40.98,,,,
2023-11-07,39.56,43,39.56,41.33,,,,
2023-11-08,41.33,41.84,36.27,37.91,,,,
2023-11-09,37.91,40.34,31.98,32.31,,,,
2023-11-10,32.31,37.84,31.35,37.1,,,,
2023-11-13,37.1,38.22,34.61,37.5,,,,
2023-11-14,37.5,60.8,37.5,60.8,,,,
2023-11-15,62.78,66.8,61.87,61.87,,,,
2023-11-16,60.49,60.49,55.97,56.66,,,,
2023-11-17,56.66,60.78,56.66,60.76,,,,
2023-11-20,60.76,63.05,60.76,62.23,,,,
2023-11-21,62.23,62.23,57.7,57.7,,,,
2023-11-22,62.54,62.54,59.74,60.76,,,,
2023-11-24,60.76,64.52,60.76,64.27,,,,
2023-11-27,64.27,64.27,60.71,62.29,,,,
2023-11-28,62.29,63.61,60.3,60.96,,,,
2023-11-29,66.56,67.32,64.12,64.54,,,,
2023-11-30,64.54,66.47,64.13,64.28,,,,
2023-12-01,64.28,73.66,64.28,73.59,,,,
2023-12-04,75.53,76.46,75.02,76.46,,,,
2023-12-05,76.46,76.46,72.13,72.18,,,,
2023-12-06,72.18,76.1,72.08,72.28,,,,
2023-12-07,71.06,74.52,71.06,74.47,,,,
2023-12-08,71.06,76.36,71.06,75.59,,,,
2023-12-11,75.59,75.59,73.66,74.88,,,,
2023-12-12,74.88,74.88,72.49,73.2,,,,
2023-12-13,73.2,81.6,71.57,81.6,,,,
2023-12-14,81.6,86.04,81.6,84.71,,,,
2023-12-15,84.71,84.97,82.32,82.67,,,,
2023-12-18,82.67,84.25,81.81,81.81,,,,
2023-12-19,81.86,87.06,81.86,86.85,,,,
2023-12-20,86.85,88.07,84.1,84.2,,,,
2023-12-21,85.73,86.65,85.27,86.65,,,,
2023-12-22,86.65,88.89,86.65,88.23,,,,
2023-12-26,88.23,90.37,88.23,90.01,,,,
2023-12-27,90.01,90.67,89.45,89.8,,,,
2023-12-28,89.8,90.06,88.78,88.93,,,,
2023-12-29,88.93,88.93,87.14,87.19,,,,
2024-01-02,87.25,88.32,85.27,85.93,,,,
2024-01-03,85.93,85.93,77.82,78.17,,,,
2024-01-04,78.17,78.48,76.08,76.33,,,,
2024-01-05,73.89,76.69,73.02,73.43,,,,
2024-01-08,72.05,77.4,72.05,77.29,,,,
2024-01-09,77.29,77.29,71.83,72.58,,,,
2024-01-10,72.58,72.74,68.45,72.74,,,,
2024-01-11,69.37,69.37,62.53,67.38,,,,
2024-01-12,71.66,71.66,64.98,65.83,,,,
2024-01-16,65.83,65.83,54.85,55.51,,,,
2024-01-17,49.33,51.63,47.19,51.09,,,,
2024-01-18,51.09,52.88,46.44,52.81,,,,
2024-01-19,52.81,56.54,47.59,56.54,,,,
2024-01-22,56.54,66.66,56.54,66.66,,,,
2024-01-23,66.66,70.29,63.95,64.16,,,,
2024-01-24,64.16,68.4,58.84,58.94,,,,
2024-01-25,58.94,63.7,58.94,63.59,,,,
2024-01-26,63.59,65.69,61.4,61.91,,,,
2024-01-29,61.91,67.89,59.71,67.87,,,,
2024-01-30,67.87,67.87,61.43,62.02,,,,
2024-01-31,62.02,62.02,45.18,45.18,,,,
2024-02-01,45.18,49.48,40.22,49.28,,,,
2024-02-02,49.28,49.28,41.35,44.11,,,,
2024-02-05,44.11,44.11,34.39,36.69,,,,
2024-02-06,36.69,40.22,36.69,40.09,,,,
2024-02-07,40.11,40.11,35.91,37.19,,,,
2024-02-08,37.19,43.08,36.16,43.08,,,,
2024-02-09,43.08,49.18,42.11,48.51,,,,
2024-02-12,48.51,59.17,48.51,57.17,,,,
2024-02-13,57.17,57.17,34.98,36.28,,,,
2024-02-14,36.28,45.61,36.28,45.61,,,,
2024-02-15,50.59,57.67,48.84,57.67,,,,
2024-02-16,57.67,57.67,51.35,52.05,,,,
2024-02-20,52.05,52.05,45.32,45.73,,,,
2024-02-21,45.79,45.79,40.96,43.22,,,,
2024-02-22,43.22,44.14,41.17,42.93,,,,
2024-02-23,41.19,45.04,40.67,44.11,,,,
2024-02-26,44.11,46.17,43.86,45.01,,,,
2024-02-27,45.01,48.92,45.01,48.32,,,,
2024-02-28,48.32,48.32,44.9,44.9,,,,
2024-02-29,44.9,50.41,44.9,48.48,,,,
2024-03-01,48.48,50.59,46.88,49.89,,,,
2024-03-04,50.1,50.51,47.73,47.98,,,,
2024-03-05,47.98,47.98,43.71,44.07,,,,
2024-03-06,44.07,46.8,44.07,45.46,,,,
2024-03-07,45.46,50.92,45.46,49.27,,,,
2024-03-08,49.27,56.54,49.27,51.03,,,,
2024-03-11,51.03,51.28,49.17,49.48,,,,
2024-03-12,49.48,49.48,45.87,46.75,,,,
2024-03-13,46.75,50.82,46.75,48.16,,,,
2024-03-14,46.36,46.36,38.88,40.27,,,,
2024-03-15,40.27,43.47,40.27,43.18,,,,
2024-03-18,43.18,43.18,40.29,40.29,,,,
2024-03-19,40.29,44.32,40.29,43.75,,,,
2024-03-20,43.75,53.45,42.62,51.7,,,,
2024-03-21,56.65,58.35,55,56.7,,,,
2024-03-22,56.7,56.7,47.9,47.9,,,,
2024-03-25,47.9,52.14,47.15,47.15,,,,
2024-03-26,47.15,49.17,45.55,45.58,,,,
2024-03-27,45.58,58.69,45.58,58.69,,,,
2024-03-28,58.69,65.53,58.69,63.63,,,,
2024-04-01,63.63,63.63,54.98,55.27,,,,
2024-04-02,55.27,55.27,43.69,45.05,,,,
2024-04-03,45.05,47.57,43.4,46.05,,,,
2024-04-04,46.05,52.81,43.83,44.19,,,,
2024-04-05,44.19,46.77,43.06,44.66,,,,
2024-04-08,44.66,50.07,44.66,48.6,,,,
2024-04-09,48.6,51.23,48.6,51.08,,,,
2024-04-10,51.08,51.08,33.74,35.88,,,,
2024-04-11,35.88,39.7,34.79,38.77,,,,
2024-04-12,34.17,34.17,29.94,30.92,,,,
2024-04-15,30.92,30.92,26.01,26.58,,,,
2024-04-16,26.58,26.58,22.4,24.31,,,,
2024-04-17,24.31,26.69,21.06,21.11,,,,
2024-04-18,21.11,24.21,20.18,20.18,,,,
2024-04-19,20.18,26.07,20.18,26.07,,,,
2024-04-22,26.07,32.98,25.7,29.97,,,,
2024-04-23,31.98,40.62,31.98,38.39,,,,
2024-04-24,38.39,38.39,32.81,36.43,,,,
2024-04-25,29.81,31.67,28.63,30.64,,,,
2024-04-26,34.88,36.17,33.33,34.47,,,,
2024-04-29,34.47,39.22,34.47,38.75,,,,
2024-04-30,38.75,38.75,29.76,29.76,,,,
2024-05-01,29.76,41.7,29.76,35.71,,,,
2024-05-02,38.55,43.92,37.51,43.92,,,,
2024-05-03,50.74,51.88,46.92,48.16,,,,
2024-05-06,48.1,53.02,48.1,52.45,,,,
2024-05-07,52.45,55.61,52.2,52.2,,,,
2024-05-08,52.2,52.2,48.93,51.65,,,,
2024-05-09,51.65,56.11,51.08,56.11,,,,
2024-05-10,56.11,56.16,51.76,53.62,,,,
2024-05-13,53.62,57.92,52.95,52.98,,,,
2024-05-14,52.98,59.51,52.98,58.11,,,,
2024-05-15,61.32,61.79,59.66,61.32,,,,
2024-05-16,61.32,61.37,60.39,60.84,,,,
2024-05-17,60.84,61.61,60.47,60.87,,,,
2024-05-20,60.87,63.05,60.11,60.11,,,,
2024-05-21,60.11,60.11,58.03,59.1,,,,
2024-05-22,59.1,59.83,55.77,56.76,,,,
2024-05-23,53.22,53.22,45.94,46.98,,,,
2024-05-24,46.98,50.72,46.98,50.67,,,,
2024-05-28,50.67,52.75,46.72,47.76,,,,
2024-05-29,47.76,47.76,38.65,38.65,,,,
2024-05-30,38.65,47.97,38.65,46.51,,,,
2024-05-31,51.92,51.92,48.43,51.71,,,,
2024-06-03,51.71,52.23,47.03,48.9,,,,
2024-06-04,48.9,48.9,43.03,43.34,,,,
2024-06-05,43.34,48.44,43.24,48.44,,,,
2024-06-06,46.56,46.98,43.5,45.32,,,,
2024-06-07,45.32,45.32,38.61,39.13,,,,
2024-06-10,39.13,39.6,34.09,39.31,,,,
2024-06-11,39.31,39.31,34.63,38.89,,,,
2024-06-12,52.41,55.22,46.33,47.06,,,,
2024-06-13,47.06,47.06,38.42,41.2,,,,
2024-06-14,41.15,41.15,32.67,33.66,,,,
2024-06-17,33.66,36.88,31.47,36.88,,,,
2024-06-18,37.66,38.86,35.97,35.97,,,,
2024-06-20,35.97,37.84,35.08,35.91,,,,
2024-06-21,35.91,37.22,35.03,36.12,,,,
2024-06-24,36.12,43.72,36.12,40.67,,,,
2024-06-25,40.67,40.67,36.09,36.25,,,,
2024-06-26,36.25,36.87,32.91,35.83,,,,
2024-06-27,35.83,42.6,35.83,42.57,,,,
2024-06-28,42.57,47.57,42.57,47.13,,,,
2024-07-01,47.13,47.75,39.78,40.29,,,,
2024-07-02,40.29,42.32,40.14,41.3,,,,
2024-07-03,41.3,43.33,40.46,40.7,,,,
2024-07-05,40.67,40.67,32.98,34.57,,,,
2024-07-08,34.57,41.51,34.57,39.13,,,,
2024-07-09,39.13,40.27,35.61,38.69,,,,
2024-07-10,38.69,43.84,38.69,43.84,,,,
2024-07-11,43.84,61.85,43.84,61.76,,,,
2024-07-12,61.76,68.76,61.76,66.13,,,,
2024-07-15,67.67,73.83,67.67,72.14,,,,
2024-07-16,72.14,83.01,72.14,83.01,,,,
2024-07-17,83.01,84.6,79.13,80.32,,,,
2024-07-18,80.32,81.91,73.91,74.66,,,,
2024-07-19,74.66,74.66,69.59,70.49,,,,
2024-07-22,70.49,76.55,69.2,76.55,,,,
2024-07-23,76.55,80.12,75.16,78.72,,,,
2024-07-24,78.72,78.92,71.66,71.66,,,,
2024-07-25,73.45,78.62,72.96,75.29,,,,
2024-07-26,75.29,80.01,75.29,79.27,,,,
2024-07-29,79.27,80.21,74.4,75.38,,,,
2024-07-30,75.38,76.52,73.84,75.98,,,,
2024-07-31,75.98,82.41,75.78,78.56,,,,
2024-08-01,78.61,78.61,64.97,67.81,,,,
2024-08-02,67.81,67.81,50.88,53.01,,,,
2024-08-05,53.01,53.01,31.15,36.46,,,,
2024-08-06,36.46,44.69,34.89,39.95,,,,
2024-08-07,45.85,46.36,35.48,35.58,,,,
2024-08-08,41.48,44.99,41.48,44.99,,,,
2024-08-09,44.58,44.89,40.87,43.26,,,,
2024-08-12,43.26,43.26,38.48,39.14,,,,
2024-08-13,39.14,47.17,39.14,47.12,,,,
2024-08-14,47.12,47.17,42.34,44.68,,,,
2024-08-15,50.94,56.17,50.53,53.88,,,,
2024-08-16,53.88,56.38,53.63,54.83,,,,
2024-08-19,54.83,59.05,54.83,58.79,,,,
2024-08-20,58.79,58.79,53.71,54.24,,,,
2024-08-21,54.24,59.44,54.24,59.44,,,,
2024-08-22,58.47,58.47,54.45,54.45,,,,
2024-08-23,54.45,67.58,54.45,67.56,,,,
2024-08-26,67.56,70.51,67.56,69.09,,,,
2024-08-27,69.09,69.09,64.25,65.58,,,,
2024-08-28,65.58,65.58,61.09,62.98,,,,
2024-08-29,62.98,69.04,62.98,65.93,,,,
2024-08-30,65.93,67.26,63.44,67.26,,,,
2024-09-03,58.6,58.6,53.1,53.1,,,,
2024-09-04,53.07,55.21,50.22,51.09,,,,
2024-09-05,51.29,51.29,47.88,49.1,,,,
2024-09-06,49.26,49.26,40.2,40.8,,,,
2024-09-09,40.65,44.37,39.78,41.48,,,,
2024-09-10,41.23,42.91,36.49,42.91,,,,
2024-09-11,36.59,39.95,32.21,39.7,,,,
2024-09-12,38.99,45.41,38.73,44.41,,,,
2024-09-13,51.5,56.75,51.4,56.6,,,,
2024-09-16,57.26,58.18,54.41,56.45,,,,
2024-09-17,60.22,64.96,59.86,60.07,,,,
2024-09-18,60.02,69.55,57.52,58.8,,,,
2024-09-19,66.92,68.19,64.82,67.34,,,,
2024-09-20,63.71,64.69,61.01,61.06,,,,
2024-09-23,62.03,62.03,56.15,56.15,,,,
2024-09-24,57.79,57.79,54.87,55.39,,,,
2024-09-25,54.36,54.36,48.9,48.9,,,,
2024-09-26,55.13,56,53.04,53.6,,,,
2024-09-27,59.22,62.49,56.05,56.82,,,,
2024-09-30,55.85,59.58,53.09,58.76,,,,
2024-10-01,50.74,51.14,47.93,48.23,,,,
2024-10-02,48.72,50.25,47.3,47.35,,,,
2024-10-03,43.54,46.49,42.68,43.72,,,,
2024-10-04,51.34,52.71,48.19,52.05,,,,
2024-10-07,49.26,49.87,44.48,46.66,,,,
2024-10-08,46.92,49.56,46.33,46.33,,,,
2024-10-09,45.21,52.44,45.21,48.11,,,,
2024-10-10,42.2,45.97,42.15,45.97,,,,
2024-10-11,49.79,60.74,49.79,60.64,,,,
2024-10-14,57.63,62.47,57.63,62.09,,,,
2024-10-15,60.92,68,60.92,63.55,,,,
2024-10-16,66,71.25,66,70.33,,,,
2024-10-17,69.01,69.57,66.2,69.57,,,,
2024-10-18,68.45,68.45,67.31,67.31,,,,
2024-10-21,65.73,65.73,55.88,55.88,,,,
2024-10-22,52.62,53.9,51.35,53.74,,,,
2024-10-23,51.7,51.7,45.23,49.77,,,,
2024-10-24,50.68,50.68,46.5,49.31,,,,
2024-10-25,51.7,52.98,44.26,44.26,,,,
2024-10-28,50.22,55.12,50.22,55.1,,,,
2024-10-29,52.09,54.33,52.04,54.31,,,,
2024-10-30,54.31,59.82,53.39,53.39,,,,
2024-10-31,52.47,52.47,43.84,43.87,,,,
2024-11-01,50,50.61,44.77,45.95,,,,
2024-11-04,44.82,51.19,44.82,47.93,,,,
2024-11-05,50.89,58.43,50.89,58.43,,,,
2024-11-06,71.74,76.23,71.74,76.23,,,,
2024-11-07,74.85,77.1,73.73,73.89,,,,
2024-11-08,72.15,73.83,72,73.83,,,,
2024-11-11,75.21,75.72,74.14,75.57,,,,
2024-11-12,74.09,74.09,69.55,70,,,,
2024-11-13,71.12,71.12,65.51,65.51,,,,
2024-11-14,66.17,66.17,61.37,61.4,,,,
2024-11-15,60.74,60.74,56.25,57.04,,,,
2024-11-18,58.06,58.93,55.97,56.53,,,,
2024-11-19,53.26,56.9,53.26,56.9,,,,
2024-11-20,54.85,56.74,54.39,56.74,,,,
2024-11-21,58.07,62.11,57.61,61.45,,,,
2024-11-22,62.62,65.59,62.62,65.54,,,,
2024-11-25,69.05,71.91,69.05,70.07,,,,
2024-11-26,67.1,67.1,67.1,67.1,,,,
2024-11-27,69.3,69.36,68.08,68.38,,,,
2024-11-29,70.28,70.28,69.25,69.61,,,,
2024-12-02,68.33,72.21,68.33,71.69,,,,
2024-12-03,70.31,70.31,66.68,67.5,,,,
2024-12-04,68.47,68.47,65.96,67.57,,,,
2024-12-05,66.7,66.7,63.21,63.31,,,,
2024-12-06,64.8,64.85,62.29,63.57,,,,
2024-12-09,66.49,68.03,63.98,63.98,,,,
2024-12-10,62.09,65.98,61.83,63.88,,,,
2024-12-11,65.11,66.29,63.01,64.24,,,,
2024-12-12,63.78,63.78,59.78,59.78,,,,
2024-12-13,58.09,58.09,53.12,55.68,,,,
2024-12-16,55.27,58.6,55.27,56.3,,,,
2024-12-17,52.3,52.35,49.59,50.81,,,,
2024-12-18,52.35,52.35,28.29,28.29,,,,
2024-12-19,33.67,33.67,26.29,26.56,,,,
2024-12-20,27.12,32.56,27.12,28.71,,,,
2024-12-23,27.74,28.1,25.48,28.1,,,,
2024-12-24,26.87,30.92,26.87,30.92,,,,
2024-12-26,33.29,35.3,32.88,35.24,,,,
2024-12-27,34.32,34.32,26.47,29.29,,,,
2024-12-30,24.62,28.21,23.08,27.03,,,,
2024-12-31,28.32,31.55,27.86,28.28,,,,
2025-01-02,33.05,33.05,26.12,28.38,,,,
2025-01-03,28.84,33.52,28.84,33.04,,,,
2025-01-06,33.86,36.64,31.18,31.18,,,,
2025-01-07,34.66,34.66,27.61,28.97,,,,
2025-01-08,24.06,27.59,23.65,27.18,,,,
2025-01-10,21.92,21.92,20.28,21.46,,,,
2025-01-13,18.03,21.35,18.03,21.31,,,,
2025-01-14,24.64,24.64,20.65,24.07,,,,
2025-01-15,30.72,31.54,28.83,30.58,,,,
2025-01-16,29.82,32.32,29.56,31.93,,,,
2025-01-17,34.28,34.44,31.01,32.75,,,,
2025-01-21,35.56,39.35,35.56,38.74,,,,
2025-01-22,37.97,38.74,36.38,36.38,,,,
2025-01-23,35.61,39.35,35.26,39.35,,,,
2025-01-24,38.43,41.91,37.51,39.61,,,,
2025-01-27,38.68,42.11,37.56,39.11,,,,
2025-01-28,38.65,41.11,38.4,39.54,,,,
2025-01-29,40.11,41.44,35.65,38.95,,,,
2025-01-30,44.74,45.66,42.49,42.84,,,,
2025-01-31,43.05,45.61,36.59,38.23,,,,
2025-02-03,27.31,35.46,27.31,32.44,,,,
2025-02-04,33.88,40.1,33.88,39.84,,,,
2025-02-05,41.32,44.85,41.32,44.85,,,,
2025-02-06,44.5,45.72,43.06,44.5,,,,
2025-02-07,43.17,44.09,37.9,38.28,,,,
2025-02-10,39.81,42.78,39.2,41.26,,,,
2025-02-11,39.22,44.08,39.22,44.03,,,,
2025-02-12,37.22,39.52,36.14,37.39,,,,
2025-02-13,39.6,43.75,39.08,43.59,,,,
2025-02-14,46.92,47.54,43.8,44,,,,
2025-02-18,45.35,47.25,44.22,45.97,,,,
2025-02-19,43.61,46.28,43.5,45.3,,,,
2025-02-20,42.53,42.53,39.55,40.94,,,,
2025-02-21,43.35,43.35,31.75,31.75,,,,
2025-02-24,30.16,33.65,30.01,30.2,,,,
2025-02-25,32.35,34.1,30.2,31.84,,,,
2025-02-26,33.02,35.07,30.35,31.74,,,,
2025-02-27,32.71,33.48,29.37,29.37,,,,
2025-02-28,29.68,34,28.6,34,,,,
2025-03-03,35.69,35.69,26.55,26.94,,,,
2025-03-04,21.02,25.8,19.53,22.28,,,,
2025-03-05,23.75,25.03,22.31,24.22,,,,
2025-03-06,21.55,23.25,20.11,21.86,,,,
2025-03-07,22.83,23.86,18.77,22.43,,,,
2025-03-10,20.84,20.84,16.46,17.29,,,,
2025-03-11,17.85,19.24,15.49,18.06,,,,
2025-03-12,18.47,18.88,15.74,18.11,,,,
2025-03-13,18.73,18.78,15.07,15.33,,,,
2025-03-14,17.91,20.07,17.91,19.91,,,,
2025-03-17,21.1,22.64,20.48,22.02,,,,
2025-03-18,19.96,21.87,19.81,21.35,,,,
2025-03-19,21.92,25.32,21.92,24.25,,,,
2025-03-20,23.94,25.95,23.37,23.48,,,,
2025-03-21,21.26,21.93,20.44,21.21,,,,
2025-03-24,25.84,26.46,24.4,26.46,,,,
2025-03-25,26.15,26.15,23.22,23.22,,,,
2025-03-26,23.73,23.73,21.62,22.24,,,,
2025-03-27,21.62,23.68,21.62,22.86,,,,
2025-03-28,21.47,21.47,17.3,18.17,,,,
2025-03-31,14.77,17.97,14.77,16.53,,,,
2025-04-01,15.19,18.8,15.19,17.46,,,,
2025-04-02,16.93,21.66,16.77,21.66,,,,
2025-04-03,15.33,15.33,11.68,12.25,,,,
2025-04-04,7.67,8.9,6.33,7.26,,,,
2025-04-07,6.23,6.23,4.37,5.61,,,,
2025-04-08,7.21,8.08,3.81,4.02,,,,
2025-04-09,4.02,11.39,3.45,10.26,,,,
2025-04-10,8.5,8.5,6.08,7.58,,,,
2025-04-11,7.89,10.26,6.75,10.26,,,,
2025-04-14,11.4,12.38,9.75,11.71,,,,
2025-04-15,12.17,13.2,11.4,12.13,,,,
2025-04-16,12.08,12.59,10.11,11.56,,,,
2025-04-17,12.39,13.62,11.87,13.07,,,,
2025-04-21,11.83,12.35,10.23,11.16,,,,
2025-04-22,14,16.95,13.07,16.62,,,,
2025-04-23,24.8,26.04,19.78,20.36,,,,
2025-04-24,21.08,25.38,21.08,25.23,,,,
2025-04-25,23.1,25.44,21.81,25.44,,,,
2025-04-28,27.72,28.23,23.73,27.56,,,,
2025-04-29,27.3,33.52,26.26,32.24,,,,
2025-04-30,26.17,32.65,24.05,31.82,,,,
2025-05-01,32.65,37.27,32.6,34.69,,,,
2025-05-02,42.32,48.39,40.35,47.14,,,,
2025-05-05,43.76,47.61,42.93,42.93,,,,
2025-05-06,39.77,41.69,37.74,39.68,,,,
2025-05-07,43.32,44.25,38.8,41.66,,,,
2025-05-08,47.48,54.7,47.22,52.83,,,,
2025-05-09,55.68,56.05,51.16,51.84,,,,
2025-05-12,67.42,67.89,63.84,66.23,,,,
2025-05-13,67.42,67.42,65.92,66.35,,,,
2025-05-14,64.84,64.84,61.72,61.98,,,,
2025-05-15,61.88,66.19,61.25,66.12,,,,
2025-05-16,66.49,70.34,66.49,69.59,,,,
2025-05-19,66.26,68.24,65.33,68.24,,,,
2025-05-20,67.72,69.7,66.84,68.24,,,,
2025-05-21,64.8,64.8,56.53,56.53,,,,
2025-05-22,53.93,58.61,53.93,56.19,,,,
2025-05-23,50.57,53.8,50.57,52.81,,,,
2025-05-27,57.18,64.53,56.92,64.53,,,,
2025-05-28,64.27,64.27,59.27,59.51,,,,
2025-05-29,63.41,64.4,59.87,64.4,,,,
2025-05-30,61.33,63.99,59.45,61.09,,,,
2025-06-02,61.76,61.76,59.42,60.05,,,,
2025-06-03,60.72,69.61,60.2,69.17,,,,
2025-06-04,70.06,70.06,66.94,67.23,,,,
2025-06-05,64.43,68.38,64.06,66.19,,,,
2025-06-06,73.99,75.61,73.01,75.5,,,,
2025-06-09,76.49,79.61,76.33,78.14,,,,
2025-06-10,79.55,82.25,79.55,81.3,,,,
2025-06-11,82.55,82.55,77.91,78.22,,,,
2025-06-12,75.1,76.82,75.05,76.71,,,,
2025-06-13,71.87,71.87,64.42,64.84,,,,
2025-06-16,67.76,72.44,67.23,68.02,,,,
2025-06-17,64.89,66.56,61.04,61.04,,,,
2025-06-18,63.95,66.19,62.03,62.39,,,,
2025-06-20,64.47,64.47,58.69,59.47,,,,
2025-06-23,58.22,68.02,57.18,68.02,,,,
2025-06-24,70.46,74.79,70.46,73.85,,,,
2025-06-25,70.05,70.05,67.18,67.18,,,,
2025-06-26,68.33,72.55,67.86,72.5,,,,
2025-06-27,72.23,74.79,69.27,71.42,,,,
2025-06-30,71.27,71.27,68.5,69.23,,,,
2025-07-01,67.51,79.24,67.51,71.57,,,,
2025-07-02,71.19,74.46,71.14,74.2,,,,
2025-07-03,75.01,76.29,75.01,76.27,,,,
2025-07-07,73.73,75.64,69.2,70.82,,,,
2025-07-08,71.54,74.64,71.54,73.21,,,,
2025-07-09,74.92,76.02,73.35,76.02,,,,
2025-07-10,74.97,78.59,74.97,76.96,,,,
2025-07-11,74.48,74.48,71,71.19,,,,
2025-07-14,70.33,71.38,70,71.27,,,,
2025-07-15,71.42,71.42,61.11,61.11,,,,
2025-07-16,63.97,65.45,59.49,64.64,,,,
2025-07-17,66.84,69.27,66.84,67.93,,,,
2025-07-18,68.84,68.84,63.27,63.27,,,,
2025-07-21,65.52,67.14,63.27,63.44,,,,
2025-07-22,64.93,70.56,64.93,69.51,,,,
2025-07-23,71.95,76.01,71.23,76,,,,
2025-07-24,73.42,73.42,68.59,68.64,,,,
2025-07-25,67.3,69.02,67.3,69.01,,,,
2025-07-28,69.29,69.29,66.95,67.54,,,,
2025-07-29,67.54,67.54,61.32,61.33,,,,
2025-07-30,63.05,63.53,51.65,53.56,,,,
2025-07-31,51.5,51.89,47.34,47.86,,,,
2025-08-01,37.18,39.57,35.98,36,,,,
2025-08-04,39.3,46.26,39.25,46.08,,,,
2025-08-05,47.96,49.49,43.69,49.41,,,,
2025-08-06,47.07,47.78,46.05,46.94,,,,
2025-08-07,51.01,51.01,43.69,44.96,,,,
2025-08-08,46.33,47.6,45.72,46.54,,,,
2025-08-11,48.11,48.21,45.37,46.59,,,,
2025-08-12,51.32,61.08,50.66,60.83,,,,
2025-08-13,63.37,68.36,63.37,68.1,,,,
2025-08-14,63.12,63.32,58.9,62.51,,,,
2025-08-15,62.41,62.41,57.78,57.78,,,,
2025-08-18,57.62,59.91,57.62,59.35,,,,
2025-08-19,60.02,63.07,57.22,57.42,,,,
2025-08-20,56.35,57.62,54.67,57.3,,,,
2025-08-21,54.96,58.01,54.96,57.15,,,,
2025-08-22,69.58,74.17,69.58,74.17,,,,
2025-08-25,72.79,72.84,69.89,69.89,,,,
2025-08-26,71.11,71.11,70.09,70.6,,,,
2025-08-27,71.16,73.3,71.16,72.84,,,,
2025-08-28,72.33,72.44,70.91,72.23,,,,
2025-08-29,72.03,72.33,70.6,71.18,,,,
2025-09-02,67.66,68.63,65.17,67.02,,,,
2025-09-03,67.73,67.73,64.83,65.84,,,,
2025-09-04,66.15,69.16,65.49,69.12,,,,
2025-09-05,71.72,71.72,68.4,69.97,,,,
2025-09-08,68.49,70.17,67.87,69.6,,,,
2025-09-09,68.93,68.93,66.01,66.76,,,,
2025-09-10,66.1,66.1,62.05,63.13,,,,
2025-09-11,66.82,70.09,66.82,70.09,,,,
2025-09-12,69.27,69.27,65.02,65.02,,,,
2025-09-15,66,66.66,63.95,64.44,,,,
2025-09-16,64.44,64.44,61.21,62.34,,,,
2025-09-17,64.34,72.79,62.75,63.01,,,,
2025-09-18,66.18,72.74,66.18,72.62,,,,
2025-09-19,71.14,71.5,66.22,66.88,,,,
2025-09-22,63.96,68.11,63.96,66.83,,,,
2025-09-23,72.42,72.42,65.29,65.6,,,,
2025-09-24,67.81,67.81,62.89,63.12,,,,
2025-09-25,58.87,59.74,56.41,57.41,,,,
2025-09-26,61.77,61.77,58.79,61.46,,,,
2025-09-29,59.46,59.46,56.33,56.51,,,,
2025-09-30,55.74,55.74,50.61,55.18,,,,
2025-10-01,54.31,54.85,51.89,53.32,,,,
2025-10-02,53.99,53.99,49.31,52.28,,,,
2025-10-03,56.05,62.1,56.05,56.66,,,,
2025-10-06,59,59.76,54.73,55.08,,,,
2025-10-07,54.83,54.83,49.23,49.23,,,,
2025-10-08,50,53.15,50,52.46,,,,
2025-10-09,52.51,52.51,47.32,47.37,,,,
2025-10-10,47.27,48.34,34.6,34.6,,,,
2025-10-13,38.16,40.71,37.96,40.71,,,,
2025-10-14,40.91,48.75,40.91,47.25,,,,
2025-10-15,49.64,51.83,45.82,47.7,,,,
2025-10-16,47.3,47.3,40.02,40.62,,,,
2025-10-17,40.57,40.57,38.12,38.83,,,,
2025-10-20,42.4,45.46,42.4,45.43,,,,
2025-10-21,44.92,48.39,44.82,47.9,,,,
2025-10-22,47.09,48.16,42.9,46.65,,,,
2025-10-23,48.59,49.71,46.91,48.46,,,,
2025-10-24,54.29,54.8,53.21,53.72,,,,
2025-10-27,55.87,55.87,51.48,51.48,,,,
2025-10-28,48.92,50.71,47.49,48.1,,,,
2025-10-29,46.88,49.89,37.98,40.35,,,,
2025-10-30,42.25,42.25,37.39,37.44,,,,
2025-10-31,37.03,39.43,36.41,39.22,,,,
2025-11-03,36.4,38.04,34.15,37.73,,,,
2025-11-04,35.12,35.94,32.87,33.28,,,,
2025-11-05,35.99,41.21,35.84,40.04,,,,
2025-11-06,40.8,40.8,34.56,34.93,,,,
2025-11-07,34.32,37.9,32.73,37.87,,,,
2025-11-10,40.69,42.54,38.95,40.64,,,,
2025-11-11,42.13,43.36,41.1,43.31,,,,
2025-11-12,46.69,46.69,43.2,43.2,,,,
2025-11-13,42.28,42.38,37.82,38.82,,,,
2025-11-14,35.12,38.87,35.12,38.51,,,,
2025-11-17,38.15,38.15,30.52,30.52,,,,
2025-11-18,30.73,33.45,30.16,32.13,,,,
2025-11-19,31.98,33.52,30.28,31.53,,,,
2025-11-20,36.31,37.85,28.36,28.36,,,,
2025-11-21,33.29,42.6,33.29,40.3,,,,
2025-11-24,39.89,42.62,39.89,41.38,,,,
2025-11-25,46.88,53.16,46.88,52.21,,,,
2025-11-26,52.62,56.27,52.62,54.11,,,,
2025-11-28,54.55,54.86,53.37,54.86,,,,
2025-12-01,52.34,55.69,52.34,52.65,,,,
2025-12-02,52.67,53.6,51.26,51.26,,,,
2025-12-03,55.27,59.03,55.27,59.03,,,,
2025-12-04,60.16,61.91,59.39,59.85,,,,
2025-12-05,59.54,62.37,57.74,57.95,,,,
2025-12-08,59.13,59.13,56.92,57.17,,,,
2025-12-09,59.23,60.88,58.98,59.13,,,,
2025-12-10,59.49,67.26,59.49,65.48,,,,
2025-12-11,67.74,69.71,67.59,69.71,,,,
2025-12-12,70.33,70.53,66.87,67.28,,,,
2025-12-15,66.82,66.87,64.13,64.13,,,,
2025-12-16,65.37,65.37,62.84,63.63,,,,
2025-12-17,64.87,65.8,61.77,61.77,,,,
2025-12-18,65.7,66.63,63.99,64.08,,,,
2025-12-19,64.28,64.34,62.22,62.22,,,,
2025-12-22,65.8,66.27,63.47,63.68,,,,
2025-12-23,62.9,62.9,60.94,61.56,,,,
2025-12-24,61.61,63.85,61.61,63.85,,,,
2025-12-26,62.86,62.86,61.1,62.43,,,,
2025-12-29,62.07,62.07,59.74,59.94,,,,
2025-12-30,60.15,60.2,58.21,58.21,,,,
2025-12-31,57.8,57.8,52.98,53.49,,,,
2026-01-02,53.68,53.68,49.79,51.84,,,,
2026-01-05,58.69,62.84,57.7,59.6,,,,
2026-01-06,57.29,63.92,57.29,63.66,,,,
2026-01-07,60.27,63.1,60.27,62.07,,,,
2026-01-08,63.82,68.75,63.82,68.38,,,,
2026-01-09,67.81,71.1,67.76,68.53,,,,
2026-01-12,65.86,70.12,65.6,70.04,,,,
2026-01-13,67.31,68.65,66.44,67.42,,,,
2026-01-14,66.75,70.56,66.49,70.54,,,,
2026-01-15,70.39,74.25,70.39,72.48,,,,
2026-01-16,70.78,71.5,69.94,69.94,,,,
2026-01-20,65.7,67.81,64.62,64.62,,,,
2026-01-21,67.14,71.99,67.14,71.98,,,,
2026-01-22,74.97,75.9,73.52,73.89,,,,
2026-01-23,72.65,72.65,67.28,68.18,,,,
2026-01-26,69.35,69.35,66.25,67.28,,,,
2026-01-27,65.01,66.04,63.72,65.63,,,,
2026-01-28,66.35,66.35,58.44,58.81,,,,
2026-01-29,59.43,62.73,57.72,62.71,,,,
2026-01-30,59.61,60.28,55.48,59.66,,,,
2026-02-02,60.97,65.04,60.97,63.24,,,,
2026-02-03,62.51,62.51,57.76,61.43,,,,
2026-02-04,61.33,62.26,58.18,59.97,,,,
2026-02-05,59.3,60.03,53.98,54.73,,,,
2026-02-06,58.3,61.97,58.3,61.4,,,,
2026-02-09,59.85,60.94,57.63,59.85,,,,
2026-02-10,60.83,63.21,60.57,60.57,,,,
2026-02-11,61.51,61.51,56.64,58.13,,,,
2026-02-12,57.35,57.35,51.96,52.9,,,,
2026-02-13,53.88,57.56,53.62,54.71,,,,
2026-02-17,54.1,56.02,53.47,54.72,,,,
2026-02-18,57.94,58.3,54.82,55.24,,,,
2026-02-19,54.2,55.34,53.37,55.32,,,,
2026-02-20,55.42,56.15,53.09,55.89,,,,
2026-02-23,54.85,54.85,45.71,47.29,,,,
2026-02-24,48.7,49.94,47.97,49.73,,,,
2026-02-25,50.88,53.53,50.05,53.51,,,,
2026-02-26,54.39,56.27,52,55.98,,,,
2026-02-27,47.78,49.29,46.53,46.95,,,,
2026-03-02,44.09,52.05,44.09,50.67,,,,
2026-03-03,40.06,48.9,40.06,46.87,,,,
2026-03-04,50.52,52.29,50.36,50.36,,,,
2026-03-05,47.28,47.28,39.41,41.86,,,,
2026-03-06,35.14,35.34,32.48,35.34,,,,
2026-03-09,26.85,36.23,26.85,35.71,,,,
2026-03-10,37.12,41.39,35.55,35.61,,,,
2026-03-11,32.01,33.52,30.65,32.81,,,,
2026-03-12,28.11,29.36,27.02,27.75,,,,
2026-03-13,27.96,27.96,25.5,26.55,,,,
2026-03-16,31.09,31.19,29.22,29.22,,,,
2026-03-17,32.72,32.72,30.16,30.16,,,,
2026-03-18,28.34,28.34,24.42,24.42,,,,
2026-03-19,23.01,27.81,22.86,26.25,,,,
2026-03-20,25.31,25.31,19.46,20.14,,,,
2026-03-23,27.08,31.1,26.93,27.03,,,,
2026-03-24,27.87,29.9,27.76,28.35,,,,
2026-03-25,32.11,32.11,28.98,30.39,,,,
2026-03-26,30.44,31.43,28.4,28.72,,,,
2026-03-27,25.53,26.73,23.18,23.65,,,,
2026-03-30,24.02,26.52,23.23,24.64,,,,
2026-03-31,26.42,30.96,26.42,30.28,,,,
2026-04-01,26.42,33.57,26.42,33.57,,,,
2026-04-02,29.39,36.03,29.39,35.89,,,,
2026-04-06,37.26,41.89,36.48,40.28,,,,
2026-04-07,39.39,42.35,37.83,42.09,,,,
2026-04-08,54.26,55.35,52.18,54.34,,,,
2026-04-09,52.62,57.98,52.62,57.56,,,,
2026-04-10,57.3,57.3,54.13,55.48,,,,
2026-04-13,55.69,60.84,55.48,60.84,,,,
2026-04-14,63.65,64.74,62.66,63.7,,,,
2026-04-15,65.36,66.66,64.22,66.25,,,,
2026-04-16,67.6,67.75,65.21,66.51,,,,
2026-04-17,72.69,77.79,72.69,75.29,,,,
2026-04-20,74.36,76.59,74.36,75.92,,,,
2026-04-21,76.85,78.36,70.46,71.01,,,,
2026-04-22,73.88,74.6,71.17,72,,,,
2026-04-23,71.01,72.06,66.64,69.91,,,,
2026-04-24,68.03,71.54,68.03,71.49,,,,
2026-04-27,73.57,74.67,71.23,71.23,,,,
2026-04-28,73.05,73.05,70.5,71.07,,,,
2026-04-29,69.15,69.15,61.8,62.64,,,,
2026-04-30,65.46,69.64,65.46,68.89,,,,
2026-05-01,68.31,72.39,68.31,72.12,,,,
2026-05-04,71.68,72.1,65.93,67.79,,,,
2026-05-05,69.26,71.35,69.26,71.35,,,,
2026-05-06,72.81,74.75,72.81,73.49,,,,
2026-05-07,72.19,73.28,70.98,71.32,,,,
2026-05-08,69.28,70.48,69.28,69.73,,,,
2026-05-11,70.05,70.05,64.5,64.51,,,,
2026-05-12,62.94,63.25,60.11,62.24,,,,
2026-05-13,59.41,59.62,57.68,58.02,,,,
2026-05-14,61.38,62.85,60.86,60.96,,,,
2026-05-15,56.19,56.19,51.78,51.86,,,,
2026-05-18,53.12,57.22,53.12,56.25,,,,
2026-05-19,52.36,55.04,52.31,52.63,,,,
2026-05-20,53.68,60.94,53.68,60.9,,,,
2026-05-21,56.37,62.17,56.37,61.8,,,,
2026-05-22,63.69,63.69,61.8,62.27,,,,
2026-05-26,64.12,66.43,63.96,65.85,,,,
2026-05-27,67.33,69.23,65.59,65.78,,,,
2026-05-28,66.42,67.94,65.68,67.93,,,,
2026-05-29,66.66,66.66,64.13,64.13,,,,
2026-06-01,62.02,62.44,58.49,59.97,,,,
2026-06-02,59.23,61.4,59.23,61.09,,,,
2026-06-03,55.97,55.97,50.58,51,,,,
2026-06-04,58.49,60.33,57.85,59.91,,,,
2026-06-05,57.48,57.7,54.11,54.53,,,,
2026-06-08,57.17,58.54,55.53,55.53,,,,
2026-06-09,60.86,60.86,55.11,58.75,,,,
2026-06-10,61.33,61.81,57.7,57.85,,,,
2026-06-11,58.22,62.18,56.48,61.65,,,,
2026-06-12,62.55,66.5,62.55,64.01,,,,
2026-06-15,65.54,65.75,61.37,61.82,,,,
2026-06-16,61.24,61.35,60.03,60.59,,,,
2026-06-17,61.48,62.86,54.46,55.97,,,,
2026-06-18,59.4,61.09,57.98,61.04,,,,
2026-06-22,62.1,63.63,59.4,59.43,,,,
2026-06-23,59.96,62.87,59.96,62.16,,,,
2026-06-24,64.65,67.4,63.8,64.95,,,,
2026-06-25,66.27,66.7,63.31,63.89,,,,
2026-06-26,64.63,68.34,64.63,68.32,,,,
2026-06-29,67.21,67.55,65.73,67.55,,,,
2026-06-30,66.54,67.65,66.43,67.44,,,,
2026-07-01,68.23,70.78,68.12,68.12,,,,
2026-07-02,69.07,70.33,66.11,67.6,,,,
2026-07-06,68.85,68.85,67.4,67.4,,,,
2026-07-07,64.03,65.54,63.98,64.43,,,,
2026-07-08,62.63,62.63,60.37,62.01,,,,
2026-07-09,62.86,64.57,62.86,64.07,,,,
2026-07-10,63.46,65.12,63.11,64.5,,,,
2026-07-13,64.6,65.3,62.54,62.84,,,,
2026-07-14,63.85,63.85,62.24,62.24,,,,
2026-07-15,63.09,65.1,62.54,63.14,,,,
2026-07-16,63.84,66.31,63.84,64.95,,,,
2026-07-17,62.43,65.25,62.02,62.27,,,,
2026-07-20,62.17,62.17,59.15,59.15,,,,
2026-07-21,60.41,62.68,60.41,62.68,,,,
2026-07-22,62.83,63.18,59.75,60.55,,,,
2026-07-23,55.05,56.26,53.63,56.26,,,,
2026-07-24,57.07,58.43,55.85,56.51,,,,
2026-07-27,61.06,61.06,58.48,59.01,,,,
2026-07-28,60.18,61.64,59.97,61.07,,,,
2026-07-29,60.51,60.51,55,55,,,,
2026-07-30,55.61,55.61,52.78,55.3,,,,
2026-07-31,48.88,53.33,48.88,52.88,,,,
2026-08-03,55.52,60.59,55.52,60.54,,,,
2026-08-04,61.36,65.09,61.1,64.19,,,,
2026-08-05,63.01,64.39,62.29,62.8,,,,
2026-08-06,62.55,62.85,59.88,60.14,,,,
2026-08-07,61.68,63.88,61.68,62.96,,,,
2026-08-10,62.5,62.5,59.32,60.29,,,,
2026-08-11,60.6,62.09,60.29,60.29,,,,
2026-08-12,61.01,62.85,60.24,61.52,,,,
2026-08-13,63.88,64.75,62.55,62.68,,,,
2026-08-14,62.37,63.76,62.37,63.76,,,,
2026-08-17,61.96,61.96,59.66,60.41,,,,
2026-08-18,59.64,59.64,57.38,57.92,,,,
2026-08-19,60.85,61.21,57.64,57.64,,,,
2026-08-20,54.92,54.92,52.41,53.69,,,,
2026-08-21,53.69,56.82,53.69,56.21,,,,
2026-08-24,55.54,56.05,54,54,,,,
2026-08-25,54,55.54,53.85,55.49,,,,
2026-08-26,55.18,55.59,53.51,53.51,,,,
2026-08-27,51.05,53.41,50.59,52.51,,,,
2026-08-28,53.03,53.03,49.02,49.4,,,,
2026-08-31,47.04,47.04,43.7,44.42,,,,
2026-09-01,42.51,43.18,40.02,40.32,,,,
2026-09-02,44.07,47.3,44.07,46.43,,,,
2026-09-03,49.87,49.87,46.84,47.84,,,,
2026-09-04,47.07,50.51,47.07,50.1,,,,
2026-09-08,47.58,48.04,44.86,44.86,,,,
2026-09-09,43.01,43.01,38.79,39.56,,,,
2026-09-10,36.89,37.3,34.94,36.53,,,,
2026-09-11,40.59,40.59,36.27,37.1,,,,
2026-09-14,36.84,39.46,36.38,37.92,,,,
2026-09-15,35.86,35.86,33.76,35.57,,,,
2026-09-16,35.98,36.5,27.91,32.39,,,,
2026-09-17,34.91,36.04,33.52,33.52,,,,
2026-09-18,30.95,31.25,28.84,31.05,,,,
2026-09-21,32.59,33.67,31.92,32.33,,,,
2026-09-22,36.04,36.14,32.8,35.16,,,,
2026-09-23,33.16,33.16,27.35,27.35,,,,
2026-09-24,27.4,27.76,25.24,27.46,,,,
2026-09-25,28.49,30.24,27.21,28.61,,,,