time,open,high,low,close,Prior DC20 upper,Prior DC20 lower,Long signal,Short signal
2008-05-01,68.24,68.24,68.24,68.24,,,,
2008-05-02,68.41,68.41,68.41,68.41,,,,
2008-05-05,67.01,67.01,67.01,67.01,,,,
2008-05-06,68.3,68.3,68.3,68.3,,,,
2008-05-07,63.74,63.74,63.74,63.74,,,,
2008-05-08,64.95,64.95,64.95,64.95,,,,
2008-05-09,64.86,64.86,64.86,64.86,,,,
2008-05-12,69.39,69.39,69.39,69.39,,,,
2008-05-13,69.1,69.1,69.1,69.1,,,,
2008-05-14,70.57,70.57,70.57,70.57,,,,
2008-05-15,72.45,72.45,72.45,72.45,,,,
2008-05-16,72.24,72.24,72.24,72.24,,,,
2008-05-19,70.29,70.29,70.29,70.29,,,,
2008-05-20,67.73,67.73,67.73,67.73,,,,
2008-05-21,63.61,63.61,63.61,63.61,,,,
2008-05-22,64.87,64.87,64.87,64.87,,,,
2008-05-23,60.43,60.43,60.43,60.43,,,,
2008-05-27,63.33,63.33,63.33,63.33,,,,
2008-05-28,62.96,62.96,62.96,62.96,,,,
2008-05-29,65.47,65.47,65.47,65.47,,,,
2008-05-30,65.78,65.78,65.78,65.78,,,,
2008-06-02,59.93,59.93,59.93,59.93,,,,
2008-06-03,57.26,57.26,57.26,57.26,,,,
2008-06-04,57.14,57.14,57.14,57.14,,,,
2008-06-05,63.87,63.87,63.87,63.87,,,,
2008-06-06,52.81,52.81,52.81,52.81,,,,
2008-06-09,47.97,47.97,47.97,47.97,,,,
2008-06-10,44.21,44.21,44.21,44.21,,,,
2008-06-11,34.7,34.7,34.7,34.7,,,,
2008-06-12,34.87,34.87,34.87,34.87,,,,
2008-06-13,39.8,39.8,39.8,39.8,,,,
2008-06-16,42.43,42.43,42.43,42.43,,,,
2008-06-17,39.89,39.89,39.89,39.89,,,,
2008-06-18,35.69,35.69,35.69,35.69,,,,
2008-06-19,37.91,37.91,37.91,37.91,,,,
2008-06-20,31.05,31.05,31.05,31.05,,,,
2008-06-23,28.2,28.2,28.2,28.2,,,,
2008-06-24,23.96,23.96,23.96,23.96,,,,
2008-06-25,27.03,27.03,27.03,27.03,,,,
2008-06-26,20.67,20.67,20.67,20.67,,,,
2008-06-27,20.11,20.11,20.11,20.11,,,,
2008-06-30,19.68,19.68,19.68,19.68,,,,
2008-07-01,18.72,18.72,18.72,18.72,,,,
2008-07-02,15.61,15.61,15.61,15.61,,,,
2008-07-03,13.6,13.6,13.6,13.6,,,,
2008-07-07,11.91,11.91,11.91,11.91,,,,
2008-07-08,15.25,15.25,15.25,15.25,,,,
2008-07-09,13.6,13.6,13.6,13.6,,,,
2008-07-10,14.88,14.88,14.88,14.88,,,,
2008-07-11,15.41,15.41,15.41,15.41,,,,
2008-07-14,14.6,14.6,14.6,14.6,,,,
2008-07-15,14.01,14.01,14.01,14.01,,,,
2008-07-16,18.15,18.15,18.15,18.15,,,,
2008-07-17,21.34,21.34,21.34,21.34,,,,
2008-07-18,20.64,20.64,20.64,20.64,,,,
2008-07-21,22.18,22.18,22.18,22.18,,,,
2008-07-22,27.61,27.61,27.61,27.61,,,,
2008-07-23,30.73,30.73,30.73,30.73,,,,
2008-07-24,25.51,25.51,25.51,25.51,,,,
2008-07-25,28.01,28.01,28.01,28.01,,,,
2008-07-28,24.27,24.27,24.27,24.27,,,,
2008-07-29,30.53,30.53,30.53,30.53,,,,
2008-07-30,33.36,33.36,33.36,33.36,,,,
2008-07-31,33.47,33.47,33.47,33.47,,,,
2008-08-01,33.66,33.66,33.66,33.66,,,,
2008-08-04,31.25,31.25,31.25,31.25,,,,
2008-08-05,38.96,38.96,38.96,38.96,,,,
2008-08-06,41.06,41.06,41.06,41.06,,,,
2008-08-07,36.26,36.26,36.26,36.26,,,,
2008-08-08,45.34,45.34,45.34,45.34,,,,
2008-08-11,50.5,50.5,50.5,50.5,,,,
2008-08-12,48.25,48.25,48.25,48.25,,,,
2008-08-13,47.48,47.48,47.48,47.48,,,,
2008-08-14,50.5,50.5,50.5,50.5,,,,
2008-08-15,52.32,52.32,52.32,52.32,,,,
2008-08-18,48.98,48.98,48.98,48.98,,,,
2008-08-19,44.4,44.4,44.4,44.4,,,,
2008-08-20,44.79,44.79,44.79,44.79,,,,
2008-08-21,43.8,43.8,43.8,43.8,,,,
2008-08-22,50.03,50.03,50.03,50.03,,,,
2008-08-25,43.18,43.18,43.18,43.18,,,,
2008-08-26,45.75,45.75,45.75,45.75,,,,
2008-08-27,51.71,51.71,51.71,51.71,,,,
2008-08-28,58.83,58.83,58.83,58.83,,,,
2008-08-29,57.23,57.23,57.23,57.23,,,,
2008-09-02,56.97,56.97,56.97,56.97,,,,
2008-09-03,57.06,57.06,57.06,57.06,,,,
2008-09-04,47.33,47.33,47.33,47.33,,,,
2008-09-05,47.64,47.64,47.64,47.64,,,,
2008-09-08,52.88,52.88,52.88,52.88,,,,
2008-09-09,43.16,43.16,43.16,43.16,,,,
2008-09-10,43.3,43.3,43.3,43.3,,,,
2008-09-11,41.1,41.1,41.1,41.1,,,,
2008-09-12,41.38,41.38,41.38,41.38,,,,
2008-09-15,28.01,28.01,28.01,28.01,,,,
2008-09-16,30.75,30.75,30.75,30.75,,,,
2008-09-17,20.15,20.15,20.15,20.15,,,,
2008-09-18,30.92,30.92,30.92,30.92,,,,
2008-09-19,41.18,41.18,41.18,41.18,,,,
2008-09-22,30.64,30.64,30.64,30.64,,,,
2008-09-23,27.58,27.58,27.58,27.58,,,,
2008-09-24,23.87,23.87,23.87,23.87,,,,
2008-09-25,26.53,26.53,26.53,26.53,,,,
2008-09-26,25.95,25.95,25.95,25.95,,,,
2008-09-29,13.8,13.8,13.8,13.8,,,,
2008-09-30,17.93,17.93,17.93,17.93,,,,
2008-10-01,16.83,16.83,16.83,16.83,,,,
2008-10-02,11.82,11.82,11.82,11.82,,,,
2008-10-03,9.3,9.3,9.3,9.3,,,,
2008-10-06,6.55,6.55,6.55,6.55,,,,
2008-10-07,3.99,3.99,3.99,3.99,,,,
2008-10-08,3.58,3.58,3.58,3.58,,,,
2008-10-09,2.11,2.11,2.11,2.11,,,,
2008-10-10,2.66,2.66,2.66,2.66,,,,
2008-10-13,4.98,4.98,4.98,4.98,,,,
2008-10-14,5.04,5.04,5.04,5.04,,,,
2008-10-15,3.35,3.35,3.35,3.35,,,,
2008-10-16,5.43,5.43,5.43,5.43,,,,
2008-10-17,5.15,5.15,5.15,5.15,,,,
2008-10-20,7.22,7.22,7.22,7.22,,,,
2008-10-21,6.41,6.41,6.41,6.41,,,,
2008-10-22,5.12,5.12,5.12,5.12,,,,
2008-10-23,4.69,4.69,4.69,4.69,,,,
2008-10-24,3.89,3.89,3.89,3.89,,,,
2008-10-27,3.54,3.54,3.54,3.54,,,,
2008-10-28,5.36,5.36,5.36,5.36,,,,
2008-10-29,5.83,5.83,5.83,5.83,,,,
2008-10-30,8.76,8.76,8.76,8.76,,,,
2008-10-31,12.26,12.26,12.26,12.26,,,,
2008-11-03,12.85,12.85,12.85,12.85,,,,
2008-11-04,16.08,16.08,16.08,16.08,,,,
2008-11-05,11.44,11.44,11.44,11.44,,,,
2008-11-06,10.17,10.17,10.17,10.17,,,,
2008-11-07,12.56,12.56,12.56,12.56,,,,
2008-11-10,11.89,11.89,11.89,11.89,,,,
2008-11-11,11.01,11.01,11.01,11.01,,,,
2008-11-12,7.46,7.46,7.46,7.46,,,,
2008-11-13,11.85,11.85,11.85,11.85,,,,
2008-11-14,8.37,8.37,8.37,8.37,,,,
2008-11-17,7.94,7.94,7.94,7.94,,,,
2008-11-18,8.4,8.4,8.4,8.4,,,,
2008-11-19,5.34,5.34,5.34,5.34,,,,
2008-11-20,3.7,3.7,3.7,3.7,,,,
2008-11-21,4.72,4.72,4.72,4.72,,,,
2008-11-24,8.27,8.27,8.27,8.27,,,,
2008-11-25,9.62,9.62,9.62,9.62,,,,
2008-11-26,15.02,15.02,15.02,15.02,,,,
2008-11-28,18.03,18.03,18.03,18.03,,,,
2008-12-01,8.93,8.93,8.93,8.93,,,,
2008-12-02,13.06,13.06,13.06,13.06,,,,
2008-12-03,16.48,16.48,16.48,16.48,,,,
2008-12-04,14.03,14.03,14.03,14.03,,,,
2008-12-05,20.32,20.32,20.32,20.32,,,,
2008-12-08,28.84,28.84,28.84,28.84,,,,
2008-12-09,24.98,24.98,24.98,24.98,,,,
2008-12-10,32.33,32.33,32.33,32.33,,,,
2008-12-11,25.39,25.39,25.39,25.39,,,,
2008-12-12,31.76,31.76,31.76,31.76,,,,
2008-12-15,27.56,27.56,27.56,27.56,,,,
2008-12-16,45.56,45.56,45.56,45.56,,,,
2008-12-17,48.54,48.54,48.54,48.54,,,,
2008-12-18,44.13,44.13,44.13,44.13,,,,
2008-12-19,47.42,47.42,47.42,47.42,,,,
2008-12-22,40.48,40.48,40.48,40.48,,,,
2008-12-23,38.52,38.52,38.52,38.52,,,,
2008-12-24,40.82,40.82,40.82,40.82,,,,
2008-12-26,45.8,45.8,45.8,45.8,,,,
2008-12-29,41.7,41.7,41.7,41.7,,,,
2008-12-30,53.24,53.24,53.24,53.24,,,,
2008-12-31,64.46,64.46,64.46,64.46,,,,
2009-01-02,74.61,74.61,74.61,74.61,,,,
2009-01-05,77.44,77.44,77.44,77.44,,,,
2009-01-06,82.22,82.22,82.22,82.22,,,,
2009-01-07,76.91,76.91,76.91,76.91,,,,
2009-01-08,78.17,78.17,78.17,78.17,,,,
2009-01-09,70.21,70.21,70.21,70.21,,,,
2009-01-12,59.79,59.79,59.79,59.79,,,,
2009-01-13,61,61,61,61,,,,
2009-01-14,47.15,47.15,47.15,47.15,,,,
2009-01-15,51.31,51.31,51.31,51.31,,,,
2009-01-16,56.4,56.4,56.4,56.4,,,,
2009-01-20,37.38,37.38,37.38,37.38,,,,
2009-01-21,50.05,50.05,50.05,50.05,,,,
2009-01-22,42.9,42.9,42.9,42.9,,,,
2009-01-23,45.16,45.16,45.16,45.16,,,,
2009-01-26,51.03,51.03,51.03,51.03,,,,
2009-01-27,55.36,55.36,55.36,55.36,,,,
2009-01-28,66.58,66.58,66.58,66.58,,,,
2009-01-29,54.5,54.5,54.5,54.5,,,,
2009-01-30,47.91,47.91,47.91,47.91,,,,
2009-02-02,48.67,48.67,48.67,48.67,,,,
2009-02-03,52.44,52.44,52.44,52.44,,,,
2009-02-04,49.41,49.41,49.41,49.41,,,,
2009-02-05,53.3,53.3,53.3,53.3,,,,
2009-02-06,61.7,61.7,61.7,61.7,,,,
2009-02-09,60.96,60.96,60.96,60.96,,,,
2009-02-10,47.68,47.68,47.68,47.68,,,,
2009-02-11,48.41,48.41,48.41,48.41,,,,
2009-02-12,48.19,48.19,48.19,48.19,,,,
2009-02-13,47.73,47.73,47.73,47.73,,,,
2009-02-17,34.02,34.02,34.02,34.02,,,,
2009-02-18,30.45,30.45,30.45,30.45,,,,
2009-02-19,27.74,27.74,27.74,27.74,,,,
2009-02-20,22.93,22.93,22.93,22.93,,,,
2009-02-23,16.65,16.65,16.65,16.65,,,,
2009-02-24,22.29,22.29,22.29,22.29,,,,
2009-02-25,21.23,21.23,21.23,21.23,,,,
2009-02-26,20.32,20.32,20.32,20.32,,,,
2009-02-27,19.58,19.58,19.58,19.58,,,,
2009-03-02,12.8,12.8,12.8,12.8,,,,
2009-03-03,11.36,11.36,11.36,11.36,,,,
2009-03-04,14.21,14.21,14.21,14.21,,,,
2009-03-05,9.72,9.72,9.72,9.72,,,,
2009-03-06,9.94,9.94,9.94,9.94,,,,
2009-03-09,8.34,8.34,8.34,8.34,,,,
2009-03-10,13.63,13.63,13.63,13.63,,,,
2009-03-11,14,14,14,14,,,,
2009-03-12,21.35,21.35,21.35,21.35,,,,
2009-03-13,22.29,22.29,22.29,22.29,,,,
2009-03-16,22.52,22.52,22.52,22.52,,,,
2009-03-17,31.05,31.05,31.05,31.05,,,,
2009-03-18,40.91,40.91,40.91,40.91,,,,
2009-03-19,42.85,42.85,42.85,42.85,,,,
2009-03-20,36.17,36.17,36.17,36.17,,,,
2009-03-23,60.4,60.4,60.4,60.4,,,,
2009-03-24,54.87,54.87,54.87,54.87,,,,
2009-03-25,60.8,60.8,60.8,60.8,,,,
2009-03-26,70.47,70.47,70.47,70.47,,,,
2009-03-27,63.35,63.35,63.35,63.35,,,,
2009-03-30,49.14,49.14,49.14,49.14,,,,
2009-03-31,58.26,58.26,58.26,58.26,,,,
2009-04-01,64.98,64.98,64.98,64.98,,,,
2009-04-02,76.66,76.66,76.66,76.66,,,,
2009-04-03,79.15,79.15,79.15,79.15,,,,
2009-04-06,76.42,76.42,76.42,76.42,,,,
2009-04-07,71.36,71.36,71.36,71.36,,,,
2009-04-08,76.34,76.34,76.34,76.34,,,,
2009-04-09,84.24,84.24,84.24,84.24,,,,
2009-04-13,85.26,85.26,85.26,85.26,,,,
2009-04-14,82.71,82.71,82.71,82.71,,,,
2009-04-15,85.42,85.42,85.42,85.42,,,,
2009-04-16,87.65,87.65,87.65,87.65,,,,
2009-04-17,88.98,88.98,88.98,88.98,,,,
2009-04-20,81.77,81.77,81.77,81.77,,,,
2009-04-21,86.2,86.2,86.2,86.2,,,,
2009-04-22,85.86,85.86,85.86,85.86,,,,
2009-04-23,85.24,85.24,85.24,85.24,,,,
2009-04-24,88.44,88.44,88.44,88.44,,,,
2009-04-27,86.88,86.88,86.88,86.88,,,,
2009-04-28,87.74,87.74,87.74,87.74,,,,
2009-04-29,91.41,91.41,91.41,91.41,,,,
2009-04-30,90.23,90.23,90.23,90.23,,,,
2009-05-01,89.88,89.88,89.88,89.88,,,,
2009-05-04,92.56,92.56,92.56,92.56,,,,
2009-05-05,91.68,91.68,91.68,91.68,,,,
2009-05-06,92.13,92.13,92.13,92.13,,,,
2009-05-07,90.31,90.31,90.31,90.31,,,,
2009-05-08,92.72,92.72,92.72,92.72,,,,
2009-05-11,90.97,90.97,90.97,90.97,,,,
2009-05-12,90.01,90.01,90.01,90.01,,,,
2009-05-13,84.52,84.52,84.52,84.52,,,,
2009-05-14,86.21,86.21,86.21,86.21,,,,
2009-05-15,83.35,83.35,83.35,83.35,,,,
2009-05-18,88,88,88,88,,,,
2009-05-19,86.87,86.87,86.87,86.87,,,,
2009-05-20,85.06,85.06,85.06,85.06,,,,
2009-05-21,81.24,81.24,81.24,81.24,,,,
2009-05-22,79.88,79.88,79.88,79.88,,,,
2009-05-26,85.76,85.76,85.76,85.76,,,,
2009-05-27,81.34,81.34,81.34,81.34,,,,
2009-05-28,82.09,82.09,82.09,82.09,,,,
2009-05-29,84.61,84.61,84.61,84.61,,,,
2009-06-01,88.56,88.56,88.56,88.56,,,,
2009-06-02,88.9,88.9,88.9,88.9,,,,
2009-06-03,87.48,87.48,87.48,87.48,,,,
2009-06-04,88.86,88.86,88.86,88.86,,,,
2009-06-05,87.92,87.92,87.92,87.92,,,,
2009-06-08,86.68,86.68,86.68,86.68,,,,
2009-06-09,86.42,86.42,86.42,86.42,,,,
2009-06-10,84.76,84.76,84.76,84.76,,,,
2009-06-11,84.74,84.74,84.74,84.74,,,,
2009-06-12,83.74,83.74,83.74,83.74,,,,
2009-06-15,76.37,76.37,76.37,76.37,,,,
2009-06-16,72.15,72.15,72.15,72.15,,,,
2009-06-17,72.06,72.06,72.06,72.06,,,,
2009-06-18,72.01,72.01,72.01,72.01,,,,
2009-06-19,72.93,72.93,72.93,72.93,,,,
2009-06-22,54.81,54.81,54.81,54.81,,,,
2009-06-23,53.42,53.42,53.42,53.42,,,,
2009-06-24,57.25,57.25,57.25,57.25,,,,
2009-06-25,67.2,67.2,67.2,67.2,,,,
2009-06-26,70.49,70.49,70.49,70.49,,,,
2009-06-29,70.95,70.95,70.95,70.95,,,,
2009-06-30,68.16,68.16,68.16,68.16,,,,
2009-07-01,72.74,72.74,72.74,72.74,,,,
2009-07-02,58.05,58.05,58.05,58.05,,,,
2009-07-06,54.53,54.53,54.53,54.53,,,,
2009-07-07,46.65,46.65,46.65,46.65,,,,
2009-07-08,42.99,42.99,42.99,42.99,,,,
2009-07-09,43.89,43.89,43.89,43.89,,,,
2009-07-10,43.12,43.12,43.12,43.12,,,,
2009-07-13,51.58,51.58,51.58,51.58,,,,
2009-07-14,54.88,54.88,54.88,54.88,,,,
2009-07-15,71.02,71.02,71.02,71.02,,,,
2009-07-16,74.74,74.74,74.74,74.74,,,,
2009-07-17,73.34,73.34,73.34,73.34,,,,
2009-07-20,78.51,78.51,78.51,78.51,,,,
2009-07-21,77.79,77.79,77.79,77.79,,,,
2009-07-22,78.94,78.94,78.94,78.94,,,,
2009-07-23,83.73,83.73,83.73,83.73,,,,
2009-07-24,84.57,84.57,84.57,84.57,,,,
2009-07-27,85.37,85.37,85.37,85.37,,,,
2009-07-28,84.87,84.87,84.87,84.87,,,,
2009-07-29,81.8,81.8,81.8,81.8,,,,
2009-07-30,85.35,85.35,85.35,85.35,,,,
2009-07-31,85.8,85.8,85.8,85.8,,,,
2009-08-03,88.24,88.24,88.24,88.24,,,,
2009-08-04,88.42,88.42,88.42,88.42,,,,
2009-08-05,86.32,86.32,86.32,86.32,,,,
2009-08-06,83.6,83.6,83.6,83.6,,,,
2009-08-07,85.88,85.88,85.88,85.88,,,,
2009-08-10,85.33,85.33,85.33,85.33,,,,
2009-08-11,82.69,82.69,82.69,82.69,,,,
2009-08-12,84.88,84.88,84.88,84.88,,,,
2009-08-13,85.5,85.5,85.5,85.5,,,,
2009-08-14,82.41,82.41,82.41,82.41,,,,
2009-08-17,74.6,74.6,74.6,74.6,,,,
2009-08-18,78.71,78.71,78.71,78.71,,,,
2009-08-19,80.9,80.9,80.9,80.9,,,,
2009-08-20,82.82,82.82,82.82,82.82,,,,
2009-08-21,85.74,85.74,85.74,85.74,,,,
2009-08-24,85.18,85.18,85.18,85.18,,,,
2009-08-25,85.04,85.04,85.04,85.04,,,,
2009-08-26,85.01,85.01,85.01,85.01,,,,
2009-08-27,84.94,84.94,84.94,84.94,,,,
2009-08-28,83.22,83.22,83.22,83.22,,,,
2009-08-31,79.3,79.3,79.3,79.3,,,,
2009-09-01,72.03,72.03,72.03,72.03,,,,
2009-09-02,70.77,70.77,70.77,70.77,,,,
2009-09-03,73.51,73.51,73.51,73.51,,,,
2009-09-04,77.67,77.67,77.67,77.67,,,,
2009-09-08,80.24,80.24,80.24,80.24,,,,
2009-09-09,82.37,82.37,82.37,82.37,,,,
2009-09-10,84.32,84.32,84.32,84.32,,,,
2009-09-11,83.28,83.28,83.28,83.28,,,,
2009-09-14,84.5,84.5,84.5,84.5,,,,
2009-09-15,85.25,85.25,85.25,85.25,,,,
2009-09-16,88.03,88.03,88.03,88.03,,,,
2009-09-17,87.71,87.71,87.71,87.71,,,,
2009-09-18,87.23,87.23,87.23,87.23,,,,
2009-09-21,86.06,86.06,86.06,86.06,,,,
2009-09-22,86.78,86.78,86.78,86.78,,,,
2009-09-23,83.7,83.7,83.7,83.7,,,,
2009-09-24,79.16,79.16,79.16,79.16,,,,
2009-09-25,77.72,77.72,77.72,77.72,,,,
2009-09-28,83.23,83.23,83.23,83.23,,,,
2009-09-29,81.69,81.69,81.69,81.69,,,,
2009-09-30,79.37,79.37,79.37,79.37,,,,
2009-10-01,67.8,67.8,67.8,67.8,,,,
2009-10-02,63.12,63.12,63.12,63.12,,,,
2009-10-05,70.71,70.71,70.71,70.71,,,,
2009-10-06,75.88,75.88,75.88,75.88,,,,
2009-10-07,75.61,75.61,75.61,75.61,,,,
2009-10-08,77.67,77.67,77.67,77.67,,,,
2009-10-09,80.18,80.18,80.18,80.18,,,,
2009-10-12,78.64,78.64,78.64,78.64,,,,
2009-10-13,78.32,78.32,78.32,78.32,,,,
2009-10-14,80.05,80.05,80.05,80.05,,,,
2009-10-15,78.73,78.73,78.73,78.73,,,,
2009-10-16,75.87,75.87,75.87,75.87,,,,
2009-10-19,78.64,78.64,78.64,78.64,,,,
2009-10-20,75.34,75.34,75.34,75.34,,,,
2009-10-21,71.08,71.08,71.08,71.08,,,,
2009-10-22,74.63,74.63,74.63,74.63,,,,
2009-10-23,67.89,67.89,67.89,67.89,,,,
2009-10-26,61.6,61.6,61.6,61.6,,,,
2009-10-27,57.82,57.82,57.82,57.82,,,,
2009-10-28,39.37,39.37,39.37,39.37,,,,
2009-10-29,51.54,51.54,51.54,51.54,,,,
2009-10-30,32.29,32.29,32.29,32.29,,,,
2009-11-02,32.68,32.68,32.68,32.68,,,,
2009-11-03,35.72,35.72,35.72,35.72,,,,
2009-11-04,36.22,36.22,36.22,36.22,,,,
2009-11-05,47.77,47.77,47.77,47.77,,,,
2009-11-06,47.3,47.3,47.3,47.3,,,,
2009-11-09,57.8,57.8,57.8,57.8,,,,
2009-11-10,54.63,54.63,54.63,54.63,,,,
2009-11-11,56.92,56.92,56.92,56.92,,,,
2009-11-12,48.39,48.39,48.39,48.39,,,,
2009-11-13,51.21,51.21,51.21,51.21,,,,
2009-11-16,59.34,59.34,59.34,59.34,,,,
2009-11-17,58.38,58.38,58.38,58.38,,,,
2009-11-18,57.72,57.72,57.72,57.72,,,,
2009-11-19,48.62,48.62,48.62,48.62,,,,
2009-11-20,46.77,46.77,46.77,46.77,,,,
2009-11-23,53.7,53.7,53.7,53.7,,,,
2009-11-24,52.67,52.67,52.67,52.67,,,,
2009-11-25,54.38,54.38,54.38,54.38,,,,
2009-11-27,44.4,44.4,44.4,44.4,,,,
2009-11-30,47.59,47.59,47.59,47.59,,,,
2009-12-01,54.4,54.4,54.4,54.4,,,,
2009-12-02,58.74,58.74,58.74,58.74,,,,
2009-12-03,56.38,56.38,56.38,56.38,,,,
2009-12-04,62.46,62.46,62.46,62.46,,,,
2009-12-07,62.56,62.56,62.56,62.56,,,,
2009-12-08,58.39,58.39,58.39,58.39,,,,
2009-12-09,59.5,59.5,59.5,59.5,,,,
2009-12-10,59.66,59.66,59.66,59.66,,,,
2009-12-11,61.42,61.42,61.42,61.42,,,,
2009-12-14,66.33,66.33,66.33,66.33,,,,
2009-12-15,63.33,63.33,63.33,63.33,,,,
2009-12-16,65.56,65.56,65.56,65.56,,,,
2009-12-17,60.29,60.29,60.29,60.29,,,,
2009-12-18,62.71,62.71,62.71,62.71,,,,
2009-12-21,65.87,65.87,65.87,65.87,,,,
2009-12-22,67.71,67.71,67.71,67.71,,,,
2009-12-23,71.87,71.87,71.87,71.87,,,,
2009-12-24,74.06,74.06,74.06,74.06,,,,
2009-12-28,74.38,74.38,74.38,74.38,,,,
2009-12-29,75.12,75.12,75.12,75.12,,,,
2009-12-30,75.5,75.5,75.5,75.5,,,,
2009-12-31,74.14,74.14,74.14,74.14,,,,
2010-01-04,82.24,82.24,82.24,82.24,,,,
2010-01-05,82.45,82.45,82.45,82.45,,,,
2010-01-06,81.62,81.62,81.62,81.62,,,,
2010-01-07,83.76,83.76,83.76,83.76,,,,
2010-01-08,85.1,85.1,85.1,85.1,,,,
2010-01-11,84.8,84.8,84.8,84.8,,,,
2010-01-12,80.81,80.81,80.81,80.81,,,,
2010-01-13,83.5,83.5,83.5,83.5,,,,
2010-01-14,84.07,84.07,84.07,84.07,,,,
2010-01-15,78.93,78.93,78.93,78.93,,,,
2010-01-19,83.18,83.18,83.18,83.18,,,,
2010-01-20,76.11,76.11,76.11,76.11,,,,
2010-01-21,66.9,66.9,66.9,66.9,,,,
2010-01-22,55.5,55.5,55.5,55.5,,,,
2010-01-25,56.14,56.14,56.14,56.14,,,,
2010-01-26,52.76,52.76,52.76,52.76,,,,
2010-01-27,53.73,53.73,53.73,53.73,,,,
2010-01-28,47.1,47.1,47.1,47.1,,,,
2010-01-29,43.56,43.56,43.56,43.56,,,,
2010-02-01,48.71,48.71,48.71,48.71,,,,
2010-02-02,53.66,53.66,53.66,53.66,,,,
2010-02-03,50.49,50.49,50.49,50.49,,,,
2010-02-04,36.95,36.95,36.95,36.95,,,,
2010-02-05,35.45,35.45,35.45,35.45,,,,
2010-02-08,34.07,34.07,34.07,34.07,,,,
2010-02-09,38.26,38.26,38.26,38.26,,,,
2010-02-10,37.76,37.76,37.76,37.76,,,,
2010-02-11,42.84,42.84,42.84,42.84,,,,
2010-02-12,43.42,43.42,43.42,43.42,,,,
2010-02-16,52.79,52.79,52.79,52.79,,,,
2010-02-17,56.23,56.23,56.23,56.23,,,,
2010-02-18,60.89,60.89,60.89,60.89,,,,
2010-02-19,61.58,61.58,61.58,61.58,,,,
2010-02-22,60.8,60.8,60.8,60.8,,,,
2010-02-23,54.71,54.71,54.71,54.71,,,,
2010-02-24,59.77,59.77,59.77,59.77,,,,
2010-02-25,58.07,58.07,58.07,58.07,,,,
2010-02-26,58.97,58.97,58.97,58.97,,,,
2010-03-01,66.67,66.67,66.67,66.67,,,,
2010-03-02,70.56,70.56,70.56,70.56,,,,
2010-03-03,71.97,71.97,71.97,71.97,,,,
2010-03-04,72.78,72.78,72.78,72.78,,,,
2010-03-05,79.46,79.46,79.46,79.46,,,,
2010-03-08,80.35,80.35,80.35,80.35,,,,
2010-03-09,80.48,80.48,80.48,80.48,,,,
2010-03-10,82.16,82.16,82.16,82.16,,,,
2010-03-11,82.85,82.85,82.85,82.85,,,,
2010-03-12,82.69,82.69,82.69,82.69,,,,
2010-03-15,81.01,81.01,81.01,81.01,,,,
2010-03-16,83.12,83.12,83.12,83.12,,,,
2010-03-17,84.4,84.4,84.4,84.4,,,,
2010-03-18,83.15,83.15,83.15,83.15,,,,
2010-03-19,79.73,79.73,79.73,79.73,,,,
2010-03-22,81.77,81.77,81.77,81.77,,,,
2010-03-23,83.46,83.46,83.46,83.46,,,,
2010-03-24,80.57,80.57,80.57,80.57,,,,
2010-03-25,81.93,82.9,79.02,79.07,,,,
2010-03-26,80.87,80.89,78.56,79.18,,,,
2010-03-29,80.76,81.24,80.45,81.16,,,,
2010-03-30,82.22,82.22,80.56,81.5,,,,
2010-03-31,81.97,82.59,80.74,80.74,,,,
2010-04-01,83.25,83.46,81.17,82.51,,,,
2010-04-05,83.08,85.51,83.08,85.51,,,,
2010-04-06,84.99,86.54,84.87,85.95,,,,
2010-04-07,85.87,86.03,83.92,84.72,,,,
2010-04-08,83.78,84.45,82.83,84.2,,,,
2010-04-09,84.66,84.91,84.12,84.91,,,,
2010-04-12,85.45,85.46,84.38,84.57,,,,
2010-04-13,84.38,84.45,82.98,84.45,,,,
2010-04-14,86.31,87.08,85.3,87.08,,,,
2010-04-15,87.36,87.36,86.57,86.97,,,,
2010-04-16,86.85,86.85,82.43,83.1,,,,
2010-04-19,82.18,82.82,79.95,82.21,,,,
2010-04-20,83.77,84.54,82.95,84.53,,,,
2010-04-21,84.09,84.35,83.4,84.35,,,,
2010-04-22,81.25,84.02,80.39,84.02,,,,
2010-04-23,83.73,85.06,83.06,85.06,,,,
2010-04-26,85.86,85.86,84.08,84.08,,,,
2010-04-27,82.19,82.65,75.28,75.46,,,,
2010-04-28,76.63,76.63,73.59,75.37,,,,
2010-04-29,77.7,79.49,76.31,79.49,,,,
2010-04-30,78.68,78.82,72.19,72.19,,,,
2010-05-03,73.08,75.84,72.35,75.84,,,,
2010-05-04,67.27,67.27,60.51,61.65,,,,
2010-05-05,51.85,56.58,47.91,51.05,,,,
2010-05-06,45.2,48.52,28.17,30.41,,,,
2010-05-07,27.03,30.12,22.76,23.62,,,,
2010-05-10,39.52,41.27,36.84,41.22,,,,
2010-05-11,36.37,48.56,36.37,44.41,,,,
2010-05-12,45.25,55.21,45.25,55.21,,,,
2010-05-13,52.06,55.98,50,51.43,,,,
2010-05-14,45.49,45.49,36.61,39.91,,,,
2010-05-17,41.8,41.8,32.66,39.51,,,,
2010-05-18,44.05,44.05,33.38,33.55,,,,
2010-05-19,30.28,31.9,25.81,28.13,,,,
2010-05-20,20.36,20.36,16.33,16.35,,,,
2010-05-21,12.57,18.6,12.57,18.06,,,,
2010-05-24,17.38,19.52,17.15,17.83,,,,
2010-05-25,11.61,16.1,10.9,16.1,,,,
2010-05-26,18.03,20.69,17.6,17.76,,,,
2010-05-27,21.31,27.15,20.88,27.15,,,,
2010-05-28,25.17,26.38,23.62,24.7,,,,
2010-06-01,21.72,25,20.27,20.27,,,,
2010-06-02,20.37,27,19.83,27,,,,
2010-06-03,27.63,29.59,26.29,29.09,,,,
2010-06-04,22.17,24.5,19.44,19.57,,,,
2010-06-07,18.78,20.35,17.67,17.68,,,,
2010-06-08,16.19,17.62,15.82,17.57,,,,
2010-06-09,17.82,20.34,17.82,18.26,,,,
2010-06-10,20.34,23.98,20.24,23.98,,,,
2010-06-11,20.41,26.97,20.41,26.97,,,,
2010-06-14,30.11,32.97,28.6,29.03,,,,
2010-06-15,30.93,38.2,30.93,38.2,,,,
2010-06-16,35.4,39.7,35.4,37.68,,,,
2010-06-17,40.68,40.68,34.83,38.87,,,,
2010-06-18,39.68,41.81,39.02,40.88,,,,
2010-06-21,50,50,39.08,39.83,,,,
2010-06-22,41.34,43.58,32.97,33.11,,,,
2010-06-23,32.1,34.84,28.92,33.26,,,,
2010-06-24,30.48,32.26,28.47,28.66,,,,
2010-06-25,28.22,36.17,28.22,36.1,,,,
2010-06-28,35.27,37.88,33.45,35.52,,,,
2010-06-29,27.96,27.96,23.73,24.65,,,,
2010-06-30,23.78,27.01,23.78,24.15,,,,
2010-07-01,23.04,24.33,19.98,23.76,,,,
2010-07-02,24.08,24.79,22.7,24,,,,
2010-07-06,26.87,29.11,24.15,24.5,,,,
2010-07-07,25.14,33.17,25.14,33.17,,,,
2010-07-08,35.32,37.64,33.87,37.64,,,,
2010-07-09,38.63,43.26,38.6,43.24,,,,
2010-07-12,42.84,44.12,39.41,41.09,,,,
2010-07-13,47.88,54.82,47.67,54.53,,,,
2010-07-14,53.65,57.36,52,54.88,,,,
2010-07-15,55.37,55.37,47.71,54.31,,,,
2010-07-16,49.14,49.14,40.1,40.33,,,,
2010-07-19,41.4,43.47,37.79,43.34,,,,
2010-07-20,36.34,50.53,36.34,50.53,,,,
2010-07-21,54.06,54.06,44.45,44.7,,,,
2010-07-22,51.97,61.12,51.97,60.75,,,,
2010-07-23,58.56,68.94,58.56,68.94,,,,
2010-07-26,69.86,75.67,69.86,75.65,,,,
2010-07-27,78.73,78.96,74.29,74.68,,,,
2010-07-28,75.92,75.92,70.06,70.85,,,,
2010-07-29,74.42,74.96,66.53,71.34,,,,
2010-07-30,65.58,73.18,65.58,72.29,,,,
2010-08-02,76.7,78.08,75.99,77.52,,,,
2010-08-03,76.33,77.5,74.04,75.16,,,,
2010-08-04,76.84,78.15,76.53,77.71,,,,
2010-08-05,75.32,76.99,75.05,75.13,,,,
2010-08-06,71.5,74.26,68.57,73.19,,,,
2010-08-09,74.44,76.96,73.49,76.77,,,,
2010-08-10,73.08,73.35,69.37,71.09,,,,
2010-08-11,59.05,60.87,54.82,55.13,,,,
2010-08-12,46.6,53.95,46.6,53.36,,,,
2010-08-13,50.47,53.24,50.35,51.12,,,,
2010-08-16,46.42,53.91,46.42,52.5,,,,
2010-08-17,54.46,62.37,54.25,60.3,,,,
2010-08-18,55.88,62.65,54.79,60.79,,,,
2010-08-19,56.74,57.51,50.03,50.76,,,,
2010-08-20,45.7,49.13,44.38,49.13,,,,
2010-08-23,50.16,52.37,46.18,46.21,,,,
2010-08-24,37.07,42.57,36.55,40.21,,,,
2010-08-25,35.59,43.26,35.59,43.26,,,,
2010-08-26,43.12,45.86,41.2,41.36,,,,
2010-08-27,41.85,51.26,39.37,51.26,,,,
2010-08-30,47.7,49.25,43.75,43.93,,,,
2010-08-31,40.3,46.65,39.76,44.36,,,,
2010-09-01,50.85,60.42,50.23,60.42,,,,
2010-09-02,58.54,65.41,58.54,65.39,,,,
2010-09-03,70.39,71.61,67.79,71.61,,,,
2010-09-07,68.23,68.23,63.66,63.9,,,,
2010-09-08,64.71,69.04,64.71,67.08,,,,
2010-09-09,70.76,70.76,66.47,68.64,,,,
2010-09-10,68.17,70.35,68.08,69.67,,,,
2010-09-13,71.92,76.17,71.92,76.13,,,,
2010-09-14,74.39,76.62,74.29,74.56,,,,
2010-09-15,72.07,74.68,71.78,74.12,,,,
2010-09-16,72.97,73.33,70.08,71.62,,,,
2010-09-17,73.47,73.47,69.71,72.72,,,,
2010-09-20,72.91,80,72.59,80,,,,
2010-09-21,79.85,80.52,78.69,78.69,,,,
2010-09-22,79.6,79.63,74.37,75.6,,,,
2010-09-23,71.76,77.41,70.9,71.35,,,,
2010-09-24,76.24,80.48,76.24,80.48,,,,
2010-09-27,80.53,80.53,77.99,78.02,,,,
2010-09-28,78.88,80.91,75,80.91,,,,
2010-09-29,80.45,81.89,79.59,81.17,,,,
2010-09-30,84.19,84.19,79.45,81.22,,,,
2010-10-01,82.39,82.39,82.39,82.39,,,,
2010-10-04,82.62,82.62,77.6,78.11,,,,
2010-10-05,81.85,84.32,81.11,84.32,,,,
2010-10-06,85.46,85.46,82.58,83.27,,,,
2010-10-07,85.54,85.54,81.51,82.29,,,,
2010-10-08,83.23,85.12,82.98,84.89,,,,
2010-10-11,85.7,85.7,84.65,84.65,,,,
2010-10-12,85.02,86.01,83.88,85.82,,,,
2010-10-13,87.4,87.56,86.75,87.56,,,,
2010-10-14,88.08,88.08,84.56,85.7,,,,
2010-10-15,88.41,88.41,83.16,83.21,,,,
2010-10-18,83.91,84.62,83.61,84.46,,,,
2010-10-19,82.82,83.67,79.36,80.41,,,,
2010-10-20,82.89,83.12,81.54,82.44,,,,
2010-10-21,84.36,84.53,79.77,81.26,,,,
2010-10-22,82.27,82.51,81.14,81.72,,,,
2010-10-25,84.75,84.75,81.7,81.7,,,,
2010-10-26,80.21,82.12,80.08,81.02,,,,
2010-10-27,80.18,80.18,77.22,78.9,,,,
2010-10-28,81.48,81.48,77.26,77.91,,,,
2010-10-29,77.72,78.88,77.52,78.56,,,,
2010-11-01,80.43,80.88,75.1,76.84,,,,
2010-11-02,80.33,80.49,78.74,80.32,,,,
2010-11-03,80.91,80.91,77.79,79.95,,,,
2010-11-04,83.6,84.09,82.76,84.09,,,,
2010-11-05,84.78,84.78,83.42,83.66,,,,
2010-11-08,83.72,83.72,82.11,82.58,,,,
2010-11-09,82.39,82.39,77.82,78.35,,,,
2010-11-10,78.53,78.87,76.03,78.87,,,,
2010-11-11,77.03,77.03,75.51,76.08,,,,
2010-11-12,74.28,74.5,69.8,70.45,,,,
2010-11-15,72.63,72.63,68.47,68.48,,,,
2010-11-16,64.1,64.1,53.57,55.56,,,,
2010-11-17,56.51,57.32,55.09,56.07,,,,
2010-11-18,64.24,65.3,63.42,64.48,,,,
2010-11-19,62.38,64.53,59.88,64.53,,,,
2010-11-22,62.05,63.77,58.55,62.93,,,,
2010-11-23,55.65,55.97,52.86,54.98,,,,
2010-11-24,60.9,63.12,59.64,63.12,,,,
2010-11-26,58.71,60.69,58.71,59.69,,,,
2010-11-29,56.98,58.43,52.16,58.43,,,,
2010-11-30,52.88,55.59,51.64,54.16,,,,
2010-12-01,63.08,63.08,61.17,62.16,,,,
2010-12-02,64.24,66.04,64.24,65.88,,,,
2010-12-03,65.65,67.24,64.79,67.11,,,,
2010-12-06,67.01,67.19,65.57,66.73,,,,
2010-12-07,71.37,71.37,66.41,66.48,,,,
2010-12-08,68.62,68.62,65.18,65.27,,,,
2010-12-09,68.1,68.1,64.48,65.27,,,,
2010-12-10,66.17,66.9,64.58,66.63,,,,
2010-12-13,69.85,69.85,66.88,67.43,,,,
2010-12-14,69.07,69.07,66.02,66.43,,,,
2010-12-15,66.22,66.87,62.45,62.63,,,,
2010-12-16,64.6,64.6,62.32,63.95,,,,
2010-12-17,66.8,66.8,62.67,64.11,,,,
2010-12-20,68.36,68.36,63.45,63.49,,,,
2010-12-21,66.91,66.91,65.56,66.54,,,,
2010-12-22,68.92,68.92,67.49,67.54,,,,
2010-12-23,69.26,69.26,67.64,67.72,,,,
2010-12-27,69.89,69.89,67.41,68.32,,,,
2010-12-28,69.87,69.87,67.96,68.9,,,,
2010-12-29,71.25,71.25,69.11,70.22,,,,
2010-12-30,69.78,71.09,69.78,70.56,,,,
2010-12-31,75.96,75.96,71.11,71.17,,,,
2011-01-03,76.79,76.79,75.36,75.38,,,,
2011-01-04,77.3,77.3,70.21,72.79,,,,
2011-01-05,73.04,73.37,71.84,73.35,,,,
2011-01-06,74.74,74.74,70.75,71.5,,,,
2011-01-07,73.16,73.16,65.37,69.22,,,,
2011-01-10,67.77,69.8,65.82,69.6,,,,
2011-01-11,72.96,72.96,70.03,71.07,,,,
2011-01-12,74.42,74.82,73.44,74.82,,,,
2011-01-13,76.12,76.12,73.18,74.05,,,,
2011-01-14,73.67,74.28,72.91,74.2,,,,
2011-01-18,76.35,76.35,73.44,74.74,,,,
2011-01-19,76.03,76.03,67.3,67.52,,,,
2011-01-20,63.3,65.68,62.51,65.68,,,,
2011-01-21,68.27,68.27,62.94,63.06,,,,
2011-01-24,63.92,67.58,62.89,66.89,,,,
2011-01-25,64.46,66.79,62.11,66.7,,,,
2011-01-26,67.38,71.7,65.47,71.7,,,,
2011-01-27,70.98,71.68,69.35,70.93,,,,
2011-01-28,69.42,69.42,57.88,57.97,,,,
2011-01-31,58.81,61.27,56.31,59.67,,,,
2011-02-01,61.54,68.07,61.54,67.89,,,,
2011-02-02,65.65,67.8,65.65,65.84,,,,
2011-02-03,64.91,66.49,61.33,66.28,,,,
2011-02-04,65.67,65.91,62.52,65.91,,,,
2011-02-07,66.17,69.45,66.17,68.65,,,,
2011-02-08,67.16,69.86,66.54,69.86,,,,
2011-02-09,68.52,68.52,66.32,67.36,,,,
2011-02-10,64.81,66.4,64.31,66.4,,,,
2011-02-11,64.26,68.99,64.17,68.99,,,,
2011-02-14,68.63,69.95,68.63,69.89,,,,
2011-02-15,68.96,68.99,66.91,67.18,,,,
2011-02-16,70.61,70.61,68.3,70.18,,,,
2011-02-17,71.12,71.69,69,71.41,,,,
2011-02-18,73.36,73.36,70.53,71.42,,,,
2011-02-22,66.1,68.05,60.55,60.71,,,,
2011-02-23,59.83,60.39,51.64,53.44,,,,
2011-02-24,52.17,55.2,50.16,54.38,,,,
2011-02-25,57.17,62.82,55.99,62.82,,,,
2011-02-28,66.32,66.32,61.35,63.46,,,,
2011-03-01,65.43,65.43,55.12,55.37,,,,
2011-03-02,55.56,57.4,54.14,56.58,,,,
2011-03-03,62.82,65.1,62.06,65.1,,,,
2011-03-04,64.96,64.96,58.94,61.49,,,,
2011-03-07,64.65,64.65,52.11,54.4,,,,
2011-03-08,55.24,62.13,53.46,61.46,,,,
2011-03-09,60.3,61.63,58.79,59.86,,,,
2011-03-10,50.48,62.06,45.55,45.7,,,,
2011-03-11,50,71.42,45.55,47.4,,,,
2011-03-14,42.82,44.91,39.31,43.09,,,,
2011-03-15,27.16,38.7,27.16,36.79,,,,
2011-03-16,35.58,37.49,29.21,30.22,,,,
2011-03-17,35.96,36.37,33.38,34.29,,,,
2011-03-18,39.39,40.51,37.96,39.64,,,,
2011-03-21,46.97,50.55,46.97,50.53,,,,
2011-03-22,51.56,51.56,47.52,48.48,,,,
2011-03-23,46.61,50.49,43.1,49.42,,,,
2011-03-24,52.16,54.33,49.24,53.82,,,,
2011-03-25,56.18,61.1,54.43,56.88,,,,
2011-03-28,58.62,59.27,54.99,54.99,,,,
2011-03-29,55.24,59.49,53.32,59.49,,,,
2011-03-30,62.74,64.45,62.15,64.44,,,,
2011-03-31,66.16,66.64,63.98,66.64,,,,
2011-04-01,70.28,70.28,66.66,67.77,,,,
2011-04-04,71.76,71.76,67.28,68.59,,,,
2011-04-05,68.35,70.51,67.42,69.14,,,,
2011-04-06,72.81,73.05,69.93,71.17,,,,
2011-04-07,72.58,73.39,68.59,68.92,,,,
2011-04-08,72.46,72.46,62.59,63.55,,,,
2011-04-11,65.13,65.57,59.37,59.37,,,,
2011-04-12,55.25,55.72,49.88,49.88,,,,
2011-04-13,54.98,54.98,47.49,49.58,,,,
2011-04-14,46.78,51.69,45.25,51.69,,,,
2011-04-15,52.97,56.13,51.21,56.09,,,,
2011-04-18,46.62,46.84,43.23,46.2,,,,
2011-04-19,50.61,50.61,45.74,47.86,,,,
2011-04-20,57.63,58.09,55.46,57.9,,,,
2011-04-21,62.96,62.96,58.94,60.89,,,,
2011-04-25,62.92,62.92,57.53,59.08,,,,
2011-04-26,62.38,66.47,61.63,64.22,,,,
2011-04-27,66.87,66.87,63.05,66.84,,,,
2011-04-28,68.5,68.61,66.27,68.29,,,,
2011-04-29,70.7,70.88,68.11,69.54,,,,
2011-05-02,73.25,73.25,63.98,63.99,,,,
2011-05-03,65.62,65.62,56.94,58.85,,,,
2011-05-04,59.79,59.79,51.19,52.94,,,,
2011-05-05,49.66,54.01,48,49.1,,,,
2011-05-06,56.92,56.92,49.15,50.93,,,,
2011-05-09,52.46,54.6,51.09,54.4,,,,
2011-05-10,59.44,61.81,58.66,61.81,,,,
2011-05-11,61.36,61.36,52.99,54.09,,,,
2011-05-12,52.38,57.45,50.13,57.45,,,,
2011-05-13,59.31,59.31,50.36,50.71,,,,
2011-05-16,48.72,51.19,44.91,44.94,,,,
2011-05-17,42.63,43.73,40.7,42.32,,,,
2011-05-18,43.16,48.43,43.16,48.43,,,,
2011-05-19,52.96,52.96,46.98,49.97,,,,
2011-05-20,49.7,49.7,44.96,46.19,,,,
2011-05-23,38.58,39.79,37.78,37.78,,,,
2011-05-24,39.04,39.72,35.65,36.29,,,,
2011-05-25,34.62,40.3,34.62,39.68,,,,
2011-05-26,38.57,44.54,37.63,44.3,,,,
2011-05-27,47.28,48.98,45.92,47.08,,,,
2011-05-31,53.71,53.71,48.35,53.64,,,,
2011-06-01,53.5,53.5,38.86,38.91,,,,
2011-06-02,40.38,40.38,35.63,38.14,,,,
2011-06-03,31.26,34.97,31.2,31.49,,,,
2011-06-06,30.82,30.82,25.41,25.44,,,,
2011-06-07,27.39,29.14,26.17,26.83,,,,
2011-06-08,25,25.72,23.03,23.16,,,,
2011-06-09,22.52,27.03,22.52,25.64,,,,
2011-06-10,22.85,22.86,19.73,20.41,,,,
2011-06-13,20.66,22.01,18.55,19.49,,,,
2011-06-14,22.67,26.49,22.59,25.79,,,,
2011-06-15,21.02,23.57,18.43,19.67,,,,
2011-06-16,18.54,21.81,17.74,20.82,,,,
2011-06-17,22.21,24.42,21.01,22.71,,,,
2011-06-20,21.49,26.31,21.49,25.81,,,,
2011-06-21,28.02,35.25,28.02,35.22,,,,
2011-06-22,32.94,36.68,31.15,31.19,,,,
2011-06-23,22.46,30.99,20.89,30.99,,,,
2011-06-24,31.21,31.79,27.28,28.99,,,,
2011-06-27,27.92,34.5,27.92,34.09,,,,
2011-06-28,34.76,41.84,34.76,41.84,,,,
2011-06-29,44.92,45.8,41.52,44.91,,,,
2011-06-30,47.91,52.38,47.91,51.8,,,,
2011-07-01,52.79,61.21,52.47,61.04,,,,
2011-07-05,61.68,61.82,59.07,61.07,,,,
2011-07-06,61.6,63.54,59.21,63.03,,,,
2011-07-07,69.32,71.41,68.69,70.71,,,,
2011-07-08,67.66,68.56,63.92,67.32,,,,
2011-07-11,61.74,61.95,54.06,54.62,,,,
2011-07-12,54.2,59.01,52.94,53.25,,,,
2011-07-13,58.45,64.31,57.36,59.25,,,,
2011-07-14,60.77,62.27,50.32,50.37,,,,
2011-07-15,53.62,53.62,50.84,53.62,,,,
2011-07-18,49.67,50.65,43.68,45.33,,,,
2011-07-19,51.45,56.45,51.23,56.23,,,,
2011-07-20,57.18,57.18,54.86,56.07,,,,
2011-07-21,59.28,64.09,59.28,63.77,,,,
2011-07-22,64.65,64.65,60.95,63.05,,,,
2011-07-25,57.42,60.9,57.19,57.29,,,,
2011-07-26,57.71,57.71,52.45,52.53,,,,
2011-07-27,48.87,48.87,37.29,37.42,,,,
2011-07-28,37.69,42.75,37.16,37.84,,,,
2011-07-29,30.45,38.71,29.44,36.86,,,,
2011-08-01,43.87,43.87,33.9,36.71,,,,
2011-08-02,31.7,35.45,26.27,26.27,,,,
2011-08-03,25.08,28.63,20.58,28.63,,,,
2011-08-04,22.05,22.87,12.92,12.92,,,,
2011-08-05,12.99,13.92,8.84,11.69,,,,
2011-08-08,6.46,8.67,3.76,3.81,,,,
2011-08-09,4.02,9.78,3.78,9.7,,,,
2011-08-10,5.43,8.42,5.43,6.14,,,,
2011-08-11,6.46,11.6,6.08,10.31,,,,
2011-08-12,12.02,12.02,9.6,10.56,,,,
2011-08-15,12.64,16.58,12.64,16.58,,,,
2011-08-16,12.47,14.4,12.04,13.41,,,,
2011-08-17,14.66,16.08,12.6,14.05,,,,
2011-08-18,8.22,8.54,6.95,7.47,,,,
2011-08-19,5.85,8.47,5.85,6.7,,,,
2011-08-22,8.35,8.35,6.52,6.96,,,,
2011-08-23,6.64,11.15,6.48,11.15,,,,
2011-08-24,10.31,13.66,10.31,13.63,,,,
2011-08-25,14.74,14.74,9.44,10.01,,,,
2011-08-26,8.21,13.13,7.09,13.13,,,,
2011-08-29,16.37,22.92,16.37,22.92,,,,
2011-08-30,20.23,25.99,18.44,24.61,,,,
2011-08-31,27.97,28.73,22.65,25.27,,,,
2011-09-01,25.89,28.65,19.68,19.88,,,,
2011-09-02,14.45,16.99,13.19,13.54,,,,
2011-09-06,8.08,12.99,8.08,12.88,,,,
2011-09-07,16.21,20.42,15.63,20.42,,,,
2011-09-08,19.38,22.15,17,17.61,,,,
2011-09-09,14.22,15.58,10.85,11.99,,,,
2011-09-12,9.9,13.14,9.47,13.14,,,,
2011-09-13,13.73,16.86,12.33,16.86,,,,
2011-09-14,18.89,25.05,15.3,21.91,,,,
2011-09-15,26.13,27.56,21.94,27.56,,,,
2011-09-16,30.76,31.39,27.01,29.7,,,,
2011-09-19,22.93,26.59,21.23,24.95,,,,
2011-09-20,28.21,30.95,22.63,22.63,,,,
2011-09-21,24.64,24.74,16.3,16.32,,,,
2011-09-22,9.51,11.8,8.53,9.58,,,,
2011-09-23,9.54,12.3,9.41,12.3,,,,
2011-09-26,14.21,16.21,11.25,16.21,,,,
2011-09-27,24.13,29.06,19.97,22.5,,,,
2011-09-28,23.73,25.22,14.16,14.29,,,,
2011-09-29,21.42,21.42,12.97,18.27,,,,
2011-09-30,15.29,19.12,14.17,14.2,,,,
2011-10-03,12.31,15.86,7.11,7.13,,,,
2011-10-04,5.51,17.51,5.51,17.49,,,,
2011-10-05,16.08,22.99,15.08,22.24,,,,
2011-10-06,23.73,32.39,21.81,32.37,,,,
2011-10-07,34.05,35.22,24.83,25.11,,,,
2011-10-10,35.68,43.63,35.68,43.63,,,,
2011-10-11,41.78,47.96,41.78,47.83,,,,
2011-10-12,55.49,59.48,55.32,57.66,,,,
2011-10-13,57.87,58.3,51.85,57.49,,,,
2011-10-14,66.33,66.33,59.29,64.46,,,,
2011-10-17,64.47,64.47,51.69,51.73,,,,
2011-10-18,55,64.5,48.86,63.13,,,,
2011-10-19,64.77,65.23,56.96,57,,,,
2011-10-20,58.47,58.47,48.14,57.05,,,,
2011-10-21,65.2,66.23,61.44,65.72,,,,
2011-10-24,71.3,74.86,71.3,74.83,,,,
2011-10-25,75.62,75.62,67.35,67.35,,,,
2011-10-26,76.04,76.04,66.93,73.51,,,,
2011-10-27,83.55,83.55,80.72,82.75,,,,
2011-10-28,85.43,85.43,83.5,83.61,,,,
2011-10-31,83.24,83.24,78.28,78.28,,,,
2011-11-01,65.23,71.9,64,64,,,,
2011-11-02,73.9,73.97,68.25,73.11,,,,
2011-11-03,77.64,78.51,71.16,78.36,,,,
2011-11-04,77.43,77.43,73.59,76.23,,,,
2011-11-07,77.42,77.42,70.76,75.43,,,,
2011-11-08,80.09,80.09,74.21,79.11,,,,
2011-11-09,73.07,73.07,63.62,63.77,,,,
2011-11-10,70.84,70.84,63.81,66.9,,,,
2011-11-11,72.91,74.98,72.76,74.21,,,,
2011-11-14,74.19,74.19,68.51,69.51,,,,
2011-11-15,69.72,73.46,66.88,72.78,,,,
2011-11-16,69.63,72.95,67.33,67.33,,,,
2011-11-17,67.56,68.25,58.39,59.81,,,,
2011-11-18,61.89,61.89,57.19,58.3,,,,
2011-11-21,50.12,50.12,43.95,46.87,,,,
2011-11-22,43.14,47.19,41.34,42.48,,,,
2011-11-23,35.98,35.98,28.07,28.08,,,,
2011-11-25,26.22,30.94,25.62,25.62,,,,
2011-11-28,40.19,44.51,39.73,43.62,,,,
2011-11-29,42.77,46.47,40.97,42.65,,,,
2011-11-30,61.65,68.49,61.64,68.49,,,,
2011-12-01,66.75,68.92,63.91,63.95,,,,
2011-12-02,70.22,70.94,65.35,65.73,,,,
2011-12-05,71.49,72.15,68.36,70.36,,,,
2011-12-06,71.03,71.03,66.96,69.34,,,,
2011-12-07,66.56,69.63,63.38,68.88,,,,
2011-12-08,65.42,65.58,53.6,53.6,,,,
2011-12-09,57.36,66.27,56.75,65.54,,,,
2011-12-12,56.7,56.74,51.94,56.58,,,,
2011-12-13,61.29,61.33,44.08,45.11,,,,
2011-12-14,40.91,42.1,37.59,39.76,,,,
2011-12-15,44.12,44.12,40.69,43.56,,,,
2011-12-16,46.91,51.06,44.22,46.32,,,,
2011-12-19,49.6,49.6,36.24,36.36,,,,
2011-12-20,47.42,54.06,47.42,54.06,,,,
2011-12-21,52.17,55.2,48.56,55.2,,,,
2011-12-22,56.81,59.27,56.71,58.7,,,,
2011-12-23,59.92,59.92,58.22,59.84,,,,
2011-12-27,59.29,60.68,58.12,59.98,,,,
2011-12-28,58.9,58.9,50.12,50.19,,,,
2011-12-29,53.39,56.71,53.39,56.43,,,,
2011-12-30,56.64,57.68,55.85,55.87,,,,
2012-01-03,68.06,68.06,63.58,65.48,,,,
2012-01-04,64.31,64.31,60.43,62.7,,,,
2012-01-05,60.52,64.57,57.13,64.57,,,,
2012-01-06,64.34,65.19,61.2,62.95,,,,
2012-01-09,65.37,65.37,61.83,64.23,,,,
2012-01-10,72.05,72.05,70.35,71.76,,,,
2012-01-11,71.04,74.23,70.54,74.23,,,,
2012-01-12,76.25,76.25,71.88,74.98,,,,
2012-01-13,71.3,72.1,68.73,71.45,,,,
2012-01-17,76.19,76.19,72.14,72.62,,,,
2012-01-18,73.41,78.57,73.25,78.47,,,,
2012-01-19,80.55,81.06,79.34,80.24,,,,
2012-01-20,81.28,81.58,80.22,81.54,,,,
2012-01-23,82.87,83.45,80.25,81.38,,,,
2012-01-24,80.76,82.46,79.39,82.34,,,,
2012-01-25,81.77,84.9,80.9,84.9,,,,
2012-01-26,86.69,86.71,83.62,84.23,,,,
2012-01-27,84.28,84.88,83.41,84.8,,,,
2012-01-30,82.16,83.27,80.89,82.32,,,,
2012-01-31,84.5,84.5,80.86,82.53,,,,
2012-02-01,84.36,86.58,84.23,85.93,,,,
2012-02-02,86.09,86.7,85.54,86.23,,,,
2012-02-03,88.42,89.2,87.66,88.92,,,,
2012-02-06,87.97,88.67,87.6,87.9,,,,
2012-02-07,87.37,88.53,86.43,87.97,,,,
2012-02-08,88.16,88.46,86.06,87.46,,,,
2012-02-09,87.61,87.61,85.7,86.1,,,,
2012-02-10,82.51,82.76,81,81.27,,,,
2012-02-13,85.04,85.04,82.39,84.26,,,,
2012-02-14,83.04,83.04,80.1,81.81,,,,
2012-02-15,83.18,83.18,78.19,78.58,,,,
2012-02-16,79.3,84.22,79.25,83.94,,,,
2012-02-17,85.98,85.98,83.73,84.23,,,,
2012-02-21,85.53,85.53,81.58,82.23,,,,
2012-02-22,82.25,82.25,78.63,78.65,,,,
2012-02-23,78.74,82.44,77.62,82.44,,,,
2012-02-24,82.86,82.86,80.83,80.9,,,,
2012-02-27,76.51,79.9,74.76,78.52,,,,
2012-02-28,77.9,78.66,75.53,75.99,,,,
2012-02-29,77.87,78.37,69.75,69.77,,,,
2012-03-01,73.02,74.27,71.19,71.19,,,,
2012-03-02,70.05,70.05,62.78,63.34,,,,
2012-03-05,62.35,62.61,59.42,62.52,,,,
2012-03-06,56.08,56.08,49.76,50.49,,,,
2012-03-07,51.57,55.72,50.76,55.69,,,,
2012-03-08,59.57,61.54,55.55,61.52,,,,
2012-03-09,61.26,67.87,61.26,66,,,,
2012-03-12,65.59,65.59,62.23,63.55,,,,
2012-03-13,66.72,72.4,65.89,72.4,,,,
2012-03-14,71.82,71.82,66.22,66.74,,,,
2012-03-15,66.46,69.28,65.48,69.28,,,,
2012-03-16,69.57,69.57,68.13,68.42,,,,
2012-03-19,67.92,73.15,67.92,71,,,,
2012-03-20,67.07,68.21,65.51,66.85,,,,
2012-03-21,66.84,66.88,63.89,65.35,,,,
2012-03-22,59.17,60.22,57.02,59.2,,,,
2012-03-23,58.21,63.68,55.62,63.65,,,,
2012-03-26,68.42,70.91,67.44,70.91,,,,
2012-03-27,70.55,70.99,67.76,67.76,,,,
2012-03-28,66.69,66.97,60.47,63.41,,,,
2012-03-29,58.89,62.29,55.78,61.54,,,,
2012-03-30,63.83,63.83,59.68,61.15,,,,
2012-04-02,58.93,66.24,58.93,66.12,,,,
2012-04-03,65.1,65.1,59.8,61.58,,,,
2012-04-04,53.68,55.14,50.53,52.05,,,,
2012-04-05,48.77,51,48.59,50.08,,,,
2012-04-09,39.06,41.09,38.27,39.75,,,,
2012-04-10,38.3,38.55,28.2,28.54,,,,
2012-04-11,31.22,35.5,31.22,35.47,,,,
2012-04-12,34.38,43.62,34.38,42.86,,,,
2012-04-13,39.26,39.26,34.55,34.58,,,,
2012-04-16,37.13,38.47,32.24,37.08,,,,
2012-04-17,41.48,49.23,41.45,45.84,,,,
2012-04-18,41.06,43.08,40.05,41.15,,,,
2012-04-19,40.05,44.58,37.35,38.86,,,,
2012-04-20,42.83,46.18,41.81,43.45,,,,
2012-04-23,33.94,36.38,32.1,35.98,,,,
2012-04-24,35.53,40.71,35.36,40.71,,,,
2012-04-25,46.77,48.54,45.51,48.5,,,,
2012-04-26,46.62,52.68,46.62,51.89,,,,
2012-04-27,52.15,55.73,49.39,55.68,,,,
2012-04-30,54.74,54.74,51.59,52.04,,,,
2012-05-01,52.07,59.15,51.36,51.68,,,,
2012-05-02,47.76,51.37,47.11,51.37,,,,
2012-05-03,50.85,50.85,44.21,45.24,,,,
2012-05-04,42.08,42.08,36.81,36.85,,,,
2012-05-07,34.73,39.2,34.73,38.83,,,,
2012-05-08,35.25,38.45,32.83,38.42,,,,
2012-05-09,32.15,37.31,31.78,35.75,,,,
2012-05-10,38.5,38.95,35.73,37.98,,,,
2012-05-11,33.76,38.23,33.76,35.84,,,,
2012-05-14,31.53,32.6,30.36,30.58,,,,
2012-05-15,29.52,32.52,28.99,29.46,,,,
2012-05-16,29.86,31.33,27.13,27.14,,,,
2012-05-17,25.96,25.96,20.3,20.3,,,,
2012-05-18,18.52,20.52,16.7,17.24,,,,
2012-05-21,17.46,22.39,16.46,22.39,,,,
2012-05-22,22.03,24.05,20.33,21.11,,,,
2012-05-23,19.26,22.61,17.52,22.57,,,,
2012-05-24,22.28,23.94,20.39,23.89,,,,
2012-05-25,23.27,24.73,22.97,23.97,,,,
2012-05-29,26.59,29.38,25.23,29.14,,,,
2012-05-30,24.39,24.39,22.33,22.5,,,,
2012-05-31,20.81,24.59,19.66,23.08,,,,
2012-06-01,18.09,18.09,15.75,15.93,,,,
2012-06-04,16.39,16.8,14.51,16.8,,,,
2012-06-05,15.36,19.28,15.36,19.28,,,,
2012-06-06,21.53,28.56,21.53,28.56,,,,
2012-06-07,33.95,33.95,26.79,29.02,,,,
2012-06-08,24.87,32.41,24.83,32.38,,,,
2012-06-11,35.35,35.35,24.45,24.47,,,,
2012-06-12,26.46,30.13,24.67,30.13,,,,
2012-06-13,28.62,32.09,26.09,27.16,,,,
2012-06-14,27.71,33.73,27.4,33.73,,,,
2012-06-15,33.6,40.21,33.4,40.16,,,,
2012-06-18,36.29,42.16,36.29,40.58,,,,
2012-06-19,43.34,50.64,43.02,49.12,,,,
2012-06-20,49.13,50.5,46.16,48.68,,,,
2012-06-21,48.9,48.9,35.73,35.8,,,,
2012-06-22,38.59,42.44,38.36,42.25,,,,
2012-06-25,35.07,36,33.89,35.03,,,,
2012-06-26,35,38.61,33.62,37.33,,,,
2012-06-27,39.54,43.94,39.3,43.94,,,,
2012-06-28,40.17,43.72,36.92,43.72,,,,
2012-06-29,55.64,60.03,53.85,60.03,,,,
2012-07-02,61.08,63.23,58.57,63.22,,,,
2012-07-03,65.81,70.15,65.81,70.09,,,,
2012-07-05,69.83,70.4,67.77,69.13,,,,
2012-07-06,65.26,65.77,62.08,63.55,,,,
2012-07-09,63.83,63.83,60.58,61.81,,,,
2012-07-10,67.23,67.23,56.22,57.44,,,,
2012-07-11,58.48,60.01,55.86,58.55,,,,
2012-07-12,53.83,57.82,51.28,56.2,,,,
2012-07-13,59.37,63.77,59.37,63.68,,,,
2012-07-16,63.16,63.47,61.42,61.8,,,,
2012-07-17,65.34,65.34,59.48,63.54,,,,
2012-07-18,63.62,67.99,63.62,66.65,,,,
2012-07-19,69.65,69.91,66.85,66.97,,,,
2012-07-20,64.14,64.27,60.39,60.44,,,,
2012-07-23,49.59,53.92,48.61,51.98,,,,
2012-07-24,53.59,53.59,43.61,44.71,,,,
2012-07-25,49.11,49.78,45.19,46.7,,,,
2012-07-26,55.79,55.79,50.98,53.55,,,,
2012-07-27,55.91,66.24,55.26,65.51,,,,
2012-07-30,66.49,66.49,62.37,62.73,,,,
2012-07-31,63.01,64.33,60.38,60.45,,,,
2012-08-01,62.83,62.83,51.68,51.73,,,,
2012-08-02,48.52,52.05,47.01,49.44,,,,
2012-08-03,56.88,63.42,56.88,62.24,,,,
2012-08-06,62.91,66.4,62.91,64.85,,,,
2012-08-07,67.89,69.73,67.21,67.5,,,,
2012-08-08,66.41,67.11,65.48,65.51,,,,
2012-08-09,65.86,66.85,65.39,66.15,,,,
2012-08-10,65.09,65.55,64.25,65.53,,,,
2012-08-13,65.49,65.49,60.01,63.23,,,,
2012-08-14,66,66,59.54,60.57,,,,
2012-08-15,60.15,63.92,60.15,63.92,,,,
2012-08-16,64.67,68.04,62.49,68.04,,,,
2012-08-17,67.84,70.6,67.37,70.6,,,,
2012-08-20,69.85,69.85,67.38,69.67,,,,
2012-08-21,71.57,74.16,69.3,69.3,,,,
2012-08-22,67.4,67.84,64.07,65.44,,,,
2012-08-23,64.96,64.96,59.79,60.08,,,,
2012-08-24,59.12,62.81,58.57,62.33,,,,
2012-08-27,63.99,64.17,61.13,61.68,,,,
2012-08-28,61.42,63.78,61.06,63.38,,,,
2012-08-29,64.03,65.02,62.12,64.49,,,,
2012-08-30,61.52,61.67,58.4,58.4,,,,
2012-08-31,62.82,62.82,58.41,60.78,,,,
2012-09-04,60.61,64.3,56.29,63.77,,,,
2012-09-05,64.08,64.08,61.09,61.84,,,,
2012-09-06,66.96,71.08,66.84,70.84,,,,
2012-09-07,73.13,73.71,72.83,73.67,,,,
2012-09-10,73.69,73.69,71.41,71.46,,,,
2012-09-11,72.95,74.13,71.49,72.08,,,,
2012-09-12,74.75,74.75,71.99,73.05,,,,
2012-09-13,73.83,79.63,73.34,78.5,,,,
2012-09-14,81.06,82.26,80.53,80.97,,,,
2012-09-17,80.14,80.38,78.22,79.06,,,,
2012-09-18,79.04,79.58,78.34,78.72,,,,
2012-09-19,80.01,80.11,77.99,78.11,,,,
2012-09-20,76.71,76.95,75.4,75.82,,,,
2012-09-21,79.87,79.87,76.92,77.04,,,,
2012-09-24,75.69,77.84,75.69,76.27,,,,
2012-09-25,78.69,78.69,69.15,69.15,,,,
2012-09-26,69.15,69.15,64.96,65.88,,,,
2012-09-27,68.82,71.83,66.41,70.82,,,,
2012-09-28,67.46,69.27,65.76,67.02,,,,
2012-10-01,69.77,71.87,65.85,67.08,,,,
2012-10-02,69.76,69.76,65.48,67.46,,,,
2012-10-03,67.79,68.3,64.59,65.47,,,,
2012-10-04,67.16,69.19,64.41,69.18,,,,
2012-10-05,71.45,72.99,67.78,68.2,,,,
2012-10-08,64.99,67.23,64.99,66.09,,,,
2012-10-09,65.27,66.11,58.49,58.7,,,,
2012-10-10,59.03,59.34,55.03,56.69,,,,
2012-10-11,60.65,62.31,58.09,58.24,,,,
2012-10-12,57.48,57.88,52.28,52.67,,,,
2012-10-15,53.59,55.79,50.26,55.76,,,,
2012-10-16,58.34,60.41,58.34,60.39,,,,
2012-10-17,60.13,65,60.13,64.97,,,,
2012-10-18,63.17,64.01,59.22,59.24,,,,
2012-10-19,53.67,54.84,46.39,47.55,,,,
2012-10-22,47.4,47.66,44.4,46.77,,,,
2012-10-23,40.05,42.01,36.23,41.28,,,,
2012-10-24,43.35,43.35,38.7,39.25,,,,
2012-10-25,43.6,43.6,38.49,41.66,,,,
2012-10-26,41.45,42.57,37.26,40.1,,,,
2012-10-31,40.4,44,39.93,43.97,,,,
2012-11-01,43.91,50.39,43.91,50.39,,,,
2012-11-02,50.97,50.97,43.32,43.34,,,,
2012-11-05,42.26,45.44,41.45,45.19,,,,
2012-11-06,46.02,50.43,46.02,49.77,,,,
2012-11-07,42.03,42.29,34.91,36.27,,,,
2012-11-08,36.28,37.2,30.66,30.66,,,,
2012-11-09,28.23,33.48,28.23,30.32,,,,
2012-11-12,30.94,31.64,29.49,29.98,,,,
2012-11-13,26.79,30.95,26.79,27.79,,,,
2012-11-14,28.6,28.6,21.11,21.58,,,,
2012-11-15,20.01,20.7,17.61,18.98,,,,
2012-11-16,17.81,21.61,16.94,21.61,,,,
2012-11-19,25.96,29.96,25.9,29.95,,,,
2012-11-20,27.69,31.09,27.68,31.06,,,,
2012-11-21,30.9,33.11,30.11,33.11,,,,
2012-11-23,36.42,40.29,36.42,40.27,,,,
2012-11-26,39.36,41.42,37.75,41.42,,,,
2012-11-27,40.35,43.19,40.28,40.46,,,,
2012-11-28,36.98,43.68,34.24,43.67,,,,
2012-11-29,48.4,49.24,45.84,49.23,,,,
2012-11-30,49.54,50.1,47.57,49.75,,,,
2012-12-03,53.56,53.56,47.77,49.18,,,,
2012-12-04,49.82,50.86,46.7,48.73,,,,
2012-12-05,50.21,50.45,45.63,48.64,,,,
2012-12-06,49.92,50.14,47.69,49.71,,,,
2012-12-07,53.35,53.35,49.11,50.94,,,,
2012-12-10,51.43,52.93,50.66,52.87,,,,
2012-12-11,57.01,57.73,55.7,57.36,,,,
2012-12-12,59.86,59.86,55.72,55.93,,,,
2012-12-13,56.2,56.68,50.99,52.59,,,,
2012-12-14,52.41,53.47,51.26,51.86,,,,
2012-12-17,55.02,59.29,54.98,59.29,,,,
2012-12-18,61.46,67.2,61.46,67.19,,,,
2012-12-19,69.14,69.14,66.84,67.55,,,,
2012-12-20,69.6,69.63,67.34,69.6,,,,
2012-12-21,65.06,66.35,63.54,66.19,,,,
2012-12-24,65.24,65.25,63.59,63.87,,,,
2012-12-26,65.74,66.07,60.24,60.26,,,,
2012-12-27,60.85,62.15,52.8,59.01,,,,
2012-12-28,57.11,59.58,55.25,55.26,,,,
2012-12-31,55.53,66.85,55.53,66.85,,,,
2013-01-02,79.27,80.92,78.51,80.92,,,,
2013-01-03,82.13,83.32,81.06,81.63,,,,
2013-01-04,83.35,84.67,83.23,84.45,,,,
2013-01-07,84.1,84.1,82.34,83.02,,,,
2013-01-08,83.73,83.73,81.32,82.3,,,,
2013-01-09,83.67,83.67,82.13,82.79,,,,
2013-01-10,84.97,84.97,83.05,83.79,,,,
2013-01-11,85.1,85.1,82.97,83.61,,,,
2013-01-14,84.38,84.38,82.85,82.99,,,,
2013-01-15,82.42,83.66,82.42,83.66,,,,
2013-01-16,83.52,83.52,82.13,82.66,,,,
2013-01-17,85.07,85.07,84.08,84.51,,,,
2013-01-18,85.61,85.61,84.34,84.97,,,,
2013-01-22,84.97,86.38,84.43,86.38,,,,
2013-01-23,87.09,87.09,85.04,85.04,,,,
2013-01-24,85.36,86.6,84.42,85.02,,,,
2013-01-25,86.51,86.51,83.74,84.6,,,,
2013-01-28,85.31,85.31,83.08,84.82,,,,
2013-01-29,84.76,85.05,83.87,85.05,,,,
2013-01-30,84.8,84.8,80.74,81.31,,,,
2013-01-31,80.95,82.23,80.81,82.1,,,,
2013-02-01,83.75,84.63,83.28,84.21,,,,
2013-02-04,82.34,82.52,78.28,78.34,,,,
2013-02-05,80.61,81.75,80.35,81.44,,,,
2013-02-06,79.15,81.09,78.98,81.01,,,,
2013-02-07,80.49,80.49,76.27,78.2,,,,
2013-02-08,78.65,79.57,78.48,79.32,,,,
2013-02-11,79.68,79.68,77.86,78.66,,,,
2013-02-12,79.16,80.29,79.16,80.09,,,,
2013-02-13,80.53,80.53,78.36,79.27,,,,
2013-02-14,77.91,78.9,77.77,78.57,,,,
2013-02-15,78.51,78.89,76.88,77.35,,,,
2013-02-19,77.52,79.39,77.52,79.32,,,,
2013-02-20,79.09,79.09,71.85,71.85,,,,
2013-02-21,68.96,69.06,64.33,65.96,,,,
2013-02-22,69.16,70.31,67.57,70.31,,,,
2013-02-25,71.75,71.75,58.83,58.87,,,,
2013-02-26,59.95,61.34,57.59,60.16,,,,
2013-02-27,59.05,67.5,59.05,65.73,,,,
2013-02-28,64.64,66.05,63.94,64.28,,,,
2013-03-01,59.9,64.03,58.61,64.03,,,,
2013-03-04,62.55,64.12,60,64.12,,,,
2013-03-05,67.25,68.95,67.25,68.24,,,,
2013-03-06,69.08,69.16,68.13,69.16,,,,
2013-03-07,68.86,70.63,68.71,70.61,,,,
2013-03-08,73.05,73.21,70.64,72.86,,,,
2013-03-11,71.78,72.92,71.42,72.45,,,,
2013-03-12,71.06,71.96,69.86,70.56,,,,
2013-03-13,70.4,70.83,68.81,70.49,,,,
2013-03-14,71.66,73.8,71.64,73.8,,,,
2013-03-15,73.34,73.34,71.87,71.87,,,,
2013-03-18,66.72,69.91,66.72,68.53,,,,
2013-03-19,70.4,70.4,64.79,66.95,,,,
2013-03-20,69.54,69.95,68.26,69.95,,,,
2013-03-21,68.44,68.67,65.69,65.89,,,,
2013-03-22,67.61,67.63,66,66.84,,,,
2013-03-25,68.2,69.42,63.93,65.5,,,,
2013-03-26,66.88,66.88,64.37,66.81,,,,
2013-03-27,63.21,65.93,62.53,65.76,,,,
2013-03-28,67.23,67.35,65.6,66.85,,,,
2013-04-01,67.04,67.04,58.72,60.63,,,,
2013-04-02,63.93,63.93,57.94,58.3,,,,
2013-04-03,58.89,58.89,49.86,49.88,,,,
2013-04-04,50.65,52.7,50.05,52.7,,,,
2013-04-05,43.84,50.69,43.84,50.61,,,,
2013-04-08,51.42,54.48,49.11,54.47,,,,
2013-04-09,55.47,56.19,53.08,53.68,,,,
2013-04-10,56.95,63.31,56.51,62.88,,,,
2013-04-11,63.16,64.68,62.57,62.85,,,,
2013-04-12,61.49,61.49,57.31,59.62,,,,
2013-04-15,55.72,55.72,39.96,40.02,,,,
2013-04-16,43.93,47.98,42.84,47.89,,,,
2013-04-17,44.32,44.32,36.84,38.79,,,,
2013-04-18,40.15,40.15,35.31,36.6,,,,
2013-04-19,37.59,42.56,36.8,42.56,,,,
2013-04-22,43.94,43.94,37.09,42.74,,,,
2013-04-23,46.86,50.86,46.86,50.84,,,,
2013-04-24,52.61,53.22,50.6,53.2,,,,
2013-04-25,56.28,59.01,56.03,56.66,,,,
2013-04-26,56.71,56.71,52.2,53.51,,,,
2013-04-29,57.55,58.43,56.35,58.05,,,,
2013-04-30,58.9,61.29,56.92,61.29,,,,
2013-05-01,59.78,59.78,50.31,50.31,,,,
2013-05-02,53.1,56.67,51.6,56.23,,,,
2013-05-03,62.29,65.24,62.29,63.6,,,,
2013-05-06,65.26,66.55,64.14,66.55,,,,
2013-05-07,67.72,69.47,66.52,69.43,,,,
2013-05-08,68.42,71.33,68.42,71.32,,,,
2013-05-09,71.64,71.64,68.64,68.83,,,,
2013-05-10,69.72,70.97,68.61,70.97,,,,
2013-05-13,70.98,70.98,68.22,68.58,,,,
2013-05-14,70.41,72.29,70.41,72.28,,,,
2013-05-15,72.26,73.64,71.53,73.46,,,,
2013-05-16,73.36,74.39,71.05,71.97,,,,
2013-05-17,74.88,75.62,73.97,75.57,,,,
2013-05-20,76.02,77.28,75.33,76.5,,,,
2013-05-21,77.24,77.29,75.37,76.01,,,,
2013-05-22,76.94,78.74,68.68,70.35,,,,
2013-05-23,64.75,69.75,63.85,69.73,,,,
2013-05-24,67.69,68.89,64.67,68.89,,,,
2013-05-28,74.63,76.68,71.3,72.67,,,,
2013-05-29,70.3,70.6,65.84,67.44,,,,
2013-05-30,68.26,69.79,67.82,68.96,,,,
2013-05-31,67.31,68,63.38,63.45,,,,
2013-06-03,64.33,65.5,60.98,65.47,,,,
2013-06-04,66.2,66.8,59.55,62,,,,
2013-06-05,60.69,60.89,53.88,53.94,,,,
2013-06-06,54.39,58.21,52.31,58.21,,,,
2013-06-07,60.14,63.08,58.62,62.8,,,,
2013-06-10,63.94,64.58,61.95,64.33,,,,
2013-06-11,58.01,61.53,57.62,58.1,,,,
2013-06-12,61.44,61.44,52.83,53.11,,,,
2013-06-13,52.44,60.86,52.42,60.86,,,,
2013-06-14,60.33,61.36,55.9,56.22,,,,
2013-06-17,60.83,61.78,57.77,59.93,,,,
2013-06-18,61.29,65.17,61.01,64.8,,,,
2013-06-19,64.29,64.29,57.75,57.8,,,,
2013-06-20,48.72,48.72,41.49,42.84,,,,
2013-06-21,45.34,45.34,38.89,45.24,,,,
2013-06-24,38.24,39.69,33.41,37.06,,,,
2013-06-25,40.13,43.09,38.81,42.55,,,,
2013-06-26,45.51,46.22,43.15,44.45,,,,
2013-06-27,47.45,52.1,47.45,51.93,,,,
2013-06-28,49.31,52.76,49.06,51.1,,,,
2013-07-01,54.48,58.21,54.16,56.38,,,,
2013-07-02,55.75,58.09,52.08,54.92,,,,
2013-07-03,51.01,55.26,51.01,54.43,,,,
2013-07-05,58.01,60.34,55.32,60.34,,,,
2013-07-08,62.1,63.56,61.61,62.89,,,,
2013-07-09,64.68,66.14,63.52,65.92,,,,
2013-07-10,65.73,67.68,65.66,67.66,,,,
2013-07-11,73.52,74.16,71.81,74.15,,,,
2013-07-12,74.6,74.6,72.84,74.04,,,,
2013-07-15,75.52,75.71,74.46,75.28,,,,
2013-07-16,76.37,76.37,73.66,74.74,,,,
2013-07-17,76.74,76.74,75.13,75.89,,,,
2013-07-18,77.38,79.69,77.38,78.3,,,,
2013-07-19,78.37,78.47,77.06,78.13,,,,
2013-07-22,79.37,79.78,78.67,79.44,,,,
2013-07-23,81.1,81.26,79.21,79.37,,,,
2013-07-24,80.98,80.98,74.64,75.67,,,,
2013-07-25,75.18,78.05,75.08,77.72,,,,
2013-07-26,75.86,76.48,73.31,75.52,,,,
2013-07-29,75,75.34,72.16,72.64,,,,
2013-07-30,74.81,74.81,71.45,72.41,,,,
2013-07-31,74.12,75.05,71.65,71.7,,,,
2013-08-01,75.74,76.05,75.03,75.67,,,,
2013-08-02,74.88,75.12,74.3,74.72,,,,
2013-08-05,73.84,74.78,73.67,74.78,,,,
2013-08-06,73.53,73.53,70.55,71.13,,,,
2013-08-07,68.67,68.72,67.01,67.07,,,,
2013-08-08,69.23,69.62,66.93,69.31,,,,
2013-08-09,68.88,69.44,67.39,68.13,,,,
2013-08-12,66.03,68.24,66.03,68.08,,,,
2013-08-13,68.89,68.89,65.83,67.32,,,,
2013-08-14,67.13,67.16,65.38,65.38,,,,
2013-08-15,59.87,59.87,55.61,56.21,,,,
2013-08-16,54.23,56.5,53.28,54.02,,,,
2013-08-19,52.21,53.88,48.14,48.16,,,,
2013-08-20,48.87,55.13,48.87,54.46,,,,
2013-08-21,50.65,53.24,48.7,49.25,,,,
2013-08-22,50.9,57.14,50.9,57.14,,,,
2013-08-23,57.09,58.34,55.12,58.34,,,,
2013-08-26,58.42,59.64,56.06,56.06,,,,
2013-08-27,50.06,50.56,42.53,42.53,,,,
2013-08-28,42.02,45.85,42.02,43.83,,,,
2013-08-29,42.71,48.31,42.71,47.09,,,,
2013-08-30,45.34,45.34,38.05,38.8,,,,
2013-09-03,46.63,47.23,39.15,42.13,,,,
2013-09-04,41.16,46.44,41.16,46.41,,,,
2013-09-05,46.04,48.04,45.96,47.39,,,,
2013-09-06,48.97,50.49,40.91,47.54,,,,
2013-09-09,49.78,55.48,49.78,55.48,,,,
2013-09-10,57.32,58.97,56.89,58.97,,,,
2013-09-11,58.57,59.85,56.77,59.07,,,,
2013-09-12,59.62,59.62,54.95,54.95,,,,
2013-09-13,56.38,56.96,53.87,56.82,,,,
2013-09-16,63.68,63.68,58.38,58.84,,,,
2013-09-17,59.74,62.04,59.41,62,,,,
2013-09-18,62.42,68.9,58.69,67.46,,,,
2013-09-19,69.51,69.51,65.34,65.72,,,,
2013-09-20,67.4,67.4,63.77,64.24,,,,
2013-09-23,62.97,63.37,60.27,62.3,,,,
2013-09-24,62.71,66.28,60.55,63.3,,,,
2013-09-25,63.46,66.03,62.49,62.58,,,,
2013-09-26,64.59,66.33,62.87,64.72,,,,
2013-09-27,61.08,63.12,61.08,61.93,,,,
2013-09-30,55.46,60.93,55.46,60.38,,,,
2013-10-01,62.08,66.69,62.08,66.69,,,,
2013-10-02,64.02,65.91,62.22,64.51,,,,
2013-10-03,64.36,64.36,54.6,57.42,,,,
2013-10-04,58.02,62.88,58.02,61.94,,,,
2013-10-07,56.5,59.45,55.07,55.07,,,,
2013-10-08,56.39,56.39,45.65,45.65,,,,
2013-10-09,46.92,47.71,41.11,45.28,,,,
2013-10-10,54.19,61.99,54.19,61.7,,,,
2013-10-11,60.62,69.64,60.62,69.59,,,,
2013-10-14,66.22,71.76,66,71.76,,,,
2013-10-15,70.62,70.81,66.42,66.42,,,,
2013-10-16,70.51,71.98,69.7,71.57,,,,
2013-10-17,70.99,75.77,70.99,75.76,,,,
2013-10-18,78.34,78.47,77.28,78.44,,,,
2013-10-21,78.02,78.47,77.18,78.06,,,,
2013-10-22,80.74,80.94,78.65,79.38,,,,
2013-10-23,77.61,77.61,75.87,76.94,,,,
2013-10-24,77.86,78.19,76.76,77.97,,,,
2013-10-25,78.97,78.97,76.27,76.94,,,,
2013-10-28,77.58,77.88,75.81,76.07,,,,
2013-10-29,76.71,77.25,75.21,76.29,,,,
2013-10-30,76.72,76.72,70.83,71.29,,,,
2013-10-31,70.62,71.11,68.29,68.29,,,,
2013-11-01,67.02,67.42,63.5,66.02,,,,
2013-11-04,67.91,69.3,67.41,69.07,,,,
2013-11-05,67.56,67.56,65.92,65.97,,,,
2013-11-06,67.96,68.15,65.18,65.18,,,,
2013-11-07,65.99,65.99,57.38,57.38,,,,
2013-11-08,56.27,61.85,56.27,61.83,,,,
2013-11-11,60.84,62.29,60.63,61.88,,,,
2013-11-12,59.86,60.49,58.21,59.45,,,,
2013-11-13,56.86,62.67,56.86,62.67,,,,
2013-11-14,63,63.98,61.85,63.56,,,,
2013-11-15,64.04,65.65,63.59,65.65,,,,
2013-11-18,66.97,66.97,62.4,62.64,,,,
2013-11-19,62.33,62.97,58.31,58.73,,,,
2013-11-20,60.22,61.65,56.75,57.63,,,,
2013-11-21,58.86,63.18,58.86,63.18,,,,
2013-11-22,63.13,64.53,62.47,64.34,,,,
2013-11-25,64.99,64.99,63.56,63.89,,,,
2013-11-26,63.37,65.5,63.35,65,,,,
2013-11-27,65.44,66.93,65.15,66.88,,,,
2013-11-29,68.3,69.33,68.06,68.11,,,,
2013-12-02,66.92,66.92,62.88,63.31,,,,
2013-12-03,61.9,63.26,59.61,61.36,,,,
2013-12-04,58.22,61.86,55.28,59.22,,,,
2013-12-05,57.95,59.38,57.25,58.25,,,,
2013-12-06,62.92,64.08,61.68,63.18,,,,
2013-12-09,64.04,64.04,61.19,62.02,,,,
2013-12-10,61.1,62.02,58.37,58.54,,,,
2013-12-11,57.77,57.77,49.38,50.01,,,,
2013-12-12,48.81,50.5,46.96,48.86,,,,
2013-12-13,50.18,51.05,47.58,49.69,,,,
2013-12-16,52.22,54.97,52.22,54.58,,,,
2013-12-17,53.4,53.93,50.56,53.5,,,,
2013-12-18,53.7,59.99,51.31,59.98,,,,
2013-12-19,58.16,58.37,56.36,56.75,,,,
2013-12-20,57.88,63.86,57.88,63.58,,,,
2013-12-23,66.59,67.88,66.19,67.85,,,,
2013-12-24,68.05,69.82,68.05,68.97,,,,
2013-12-26,70.59,70.88,69.19,69.27,,,,
2013-12-27,70.46,70.46,68.38,69.6,,,,
2013-12-30,69.7,70.29,69.16,69.96,,,,
2013-12-31,70.67,72,70.43,71.19,,,,
2014-01-02,69.68,69.68,64.3,65.58,,,,
2014-01-03,67.78,68.25,66.49,68.18,,,,
2014-01-06,69.7,69.7,64.63,64.64,,,,
2014-01-07,67.6,69.82,67.6,68.88,,,,
2014-01-08,68.5,68.5,65.26,66.55,,,,
2014-01-09,68.03,68.03,63.83,66.35,,,,
2014-01-10,67.16,68.43,65.92,68.29,,,,
2014-01-13,67.72,67.72,59.36,61.24,,,,
2014-01-14,62.84,67.25,62.36,67.19,,,,
2014-01-15,68.23,70.18,68.23,69.59,,,,
2014-01-16,69.25,70,67.83,69.7,,,,
2014-01-17,69.42,69.58,66.77,67.61,,,,
2014-01-21,70.69,70.7,67.56,70.02,,,,
2014-01-22,71.5,71.5,70,70.92,,,,
2014-01-23,67.92,67.92,63.92,66.03,,,,
2014-01-24,60.88,60.88,51.42,51.71,,,,
2014-01-27,52.22,52.58,42.41,45.27,,,,
2014-01-28,46.68,50.29,46.68,50.29,,,,
2014-01-29,44.56,47.14,42.47,42.94,,,,
2014-01-30,47.11,52.05,46.55,49.97,,,,
2014-01-31,43.08,48.48,43.08,46.29,,,,
2014-02-03,44.88,44.88,32.84,33.3,,,,
2014-02-04,33.71,36.77,31.64,35.86,,,,
2014-02-05,32.91,34.14,29.14,33.09,,,,
2014-02-06,34.93,37.76,34.93,37.34,,,,
2014-02-07,38.76,42.94,37.78,42.94,,,,
2014-02-10,41.87,43.99,41.13,43.9,,,,
2014-02-11,44.68,50.07,44.53,49.12,,,,
2014-02-12,50.65,51.83,49.38,50.08,,,,
2014-02-13,47.17,54.79,47.17,54.77,,,,
2014-02-14,54.68,56.94,53.56,56.45,,,,
2014-02-18,58.91,59.98,56.83,59.79,,,,
2014-02-19,58.62,60.67,54.23,54.29,,,,
2014-02-20,56.08,58.53,54.88,58.5,,,,
2014-02-21,60.41,60.41,58.07,58.07,,,,
2014-02-24,60.56,63.58,60.56,61.1,,,,
2014-02-25,62.3,62.3,58.94,59.31,,,,
2014-02-26,60.78,63.61,59.51,61.53,,,,
2014-02-27,61.24,62.95,60.52,62.95,,,,
2014-02-28,65.2,66.89,62.62,64.44,,,,
2014-03-03,59.58,61.27,56.19,60.49,,,,
2014-03-04,67.9,72.26,67.9,71.03,,,,
2014-03-05,69.63,70.43,69.44,70.23,,,,
2014-03-06,72.72,72.72,71.11,71.61,,,,
2014-03-07,74.22,74.22,69.48,70.81,,,,
2014-03-10,70.17,70.32,67.39,69.94,,,,
2014-03-11,70.5,70.66,63.51,65.1,,,,
2014-03-12,62.28,65.88,61.45,65.88,,,,
2014-03-13,67.06,67.06,57.49,58.68,,,,
2014-03-14,58.3,61.01,58.3,59.55,,,,
2014-03-17,63.42,65.43,62.93,63.2,,,,
2014-03-18,64.14,68.76,64.14,68.61,,,,
2014-03-19,69.27,69.27,62.93,64.61,,,,
2014-03-20,64.04,65.86,62.16,65.29,,,,
2014-03-21,68.44,68.65,64.31,64.72,,,,
2014-03-24,66.73,66.73,56.25,59.54,,,,
2014-03-25,64.2,64.2,57.88,59.95,,,,
2014-03-26,62.56,62.56,51.13,51.15,,,,
2014-03-27,49.98,52.1,47.23,48.62,,,,
2014-03-28,51.08,57.1,50.84,51.55,,,,
2014-03-31,55.73,60.46,55.35,59.96,,,,
2014-04-01,63.18,66.31,62.57,66.31,,,,
2014-04-02,67.64,68.16,66.91,67.79,,,,
2014-04-03,68.89,68.95,63.9,64.93,,,,
2014-04-04,66.94,67.48,55.24,55.71,,,,
2014-04-07,53.34,53.34,44.58,46.13,,,,
2014-04-08,46.8,51.28,45.39,49.78,,,,
2014-04-09,52.51,56.32,49.48,56.24,,,,
2014-04-10,55.33,55.77,39.64,40.67,,,,
2014-04-11,35.67,38.86,32.93,33.63,,,,
2014-04-14,36.85,37.99,32,35.02,,,,
2014-04-15,35.19,37.75,29.53,36.68,,,,
2014-04-16,39.18,41.18,37.17,41.18,,,,
2014-04-17,39.79,44.38,39.21,43.89,,,,
2014-04-21,44.57,46.14,41.27,46.14,,,,
2014-04-22,46.83,50.99,46.36,49.92,,,,
2014-04-23,49.2,49.2,46.28,46.28,,,,
2014-04-24,44.75,47.44,43.79,45.07,,,,
2014-04-25,43.09,43.09,36.91,37.45,,,,
2014-04-28,39.31,39.8,32.22,36.22,,,,
2014-04-29,39.22,39.4,37.33,37.56,,,,
2014-04-30,37.25,40.29,34.65,40.17,,,,
2014-05-01,39.02,41.2,36.82,39.55,,,,
2014-05-02,41.88,43.9,40.38,41.16,,,,
2014-05-05,37.23,40.4,37.05,39.98,,,,
2014-05-06,39.64,39.64,34.7,34.7,,,,
2014-05-07,35.29,37.11,32.26,37.02,,,,
2014-05-08,37.23,40.23,34.81,35.26,,,,
2014-05-09,34.89,36.87,32.85,36.83,,,,
2014-05-12,41.08,46.86,41.08,45.93,,,,
2014-05-13,46.71,46.91,42.8,42.88,,,,
2014-05-14,43.32,43.32,37.73,37.86,,,,
2014-05-15,34.95,34.95,30.31,33.57,,,,
2014-05-16,33.78,36.61,32.35,36.61,,,,
2014-05-19,36.51,39.85,36.51,39.85,,,,
2014-05-20,39.18,39.18,32.49,34.49,,,,
2014-05-21,38.05,38.42,34.58,37.07,,,,
2014-05-22,39.37,41.98,39.37,40.72,,,,
2014-05-23,42.38,46.08,41.83,46.01,,,,
2014-05-27,51.62,53.64,50.65,52.77,,,,
2014-05-28,53.46,53.46,49.62,50.89,,,,
2014-05-29,54.74,54.92,51.83,53.52,,,,
2014-05-30,55.97,55.97,51.09,52.31,,,,
2014-06-02,54.48,54.48,47.68,50.6,,,,
2014-06-03,50.02,51.47,47.2,49.69,,,,
2014-06-04,50.42,51.58,49.19,50.84,,,,
2014-06-05,55.78,61.46,51.34,61.38,,,,
2014-06-06,64.78,67.1,64.78,66.29,,,,
2014-06-09,68.21,70.45,67.93,69.81,,,,
2014-06-10,70.97,70.97,67.01,68.91,,,,
2014-06-11,68.98,69.22,65.06,66.16,,,,
2014-06-12,67.24,67.24,61.97,62.96,,,,
2014-06-13,65.78,65.78,62.23,63.61,,,,
2014-06-16,65.1,65.1,62.05,64.29,,,,
2014-06-17,65.04,69.29,65.04,68.77,,,,
2014-06-18,70.53,72.35,67.54,72.32,,,,
2014-06-19,75.52,75.52,71.04,72.17,,,,
2014-06-20,75.23,75.23,71.82,73.55,,,,
2014-06-23,74.96,74.96,70.53,71.65,,,,
2014-06-24,73.48,75.15,66.93,66.97,,,,
2014-06-25,66.16,69.58,65.61,69.42,,,,
2014-06-26,69.91,69.91,65.47,68.29,,,,
2014-06-27,68.86,72.54,68.69,72.54,,,,
2014-06-30,72.13,73.47,70.98,73.32,,,,
2014-07-01,77.24,80.03,77.23,78.16,,,,
2014-07-02,79.77,79.88,76.76,76.85,,,,
2014-07-03,80.57,80.59,79.32,79.61,,,,
2014-07-07,79.14,79.14,72.85,72.85,,,,
2014-07-08,71.95,71.95,63.93,66.21,,,,
2014-07-09,68.34,68.49,64.96,66.26,,,,
2014-07-10,55.49,62.45,55.49,59.94,,,,
2014-07-11,59.62,59.62,56.42,58.32,,,,
2014-07-14,64.06,64.2,61.91,62.16,,,,
2014-07-15,64.11,64.46,54.08,56.76,,,,
2014-07-16,60.15,60.15,53.91,55.76,,,,
2014-07-17,52.1,53.61,43.76,44.32,,,,
2014-07-18,46.87,53.29,46.53,53.14,,,,
2014-07-21,49.57,50.61,45.91,48.76,,,,
2014-07-22,53.88,55.9,53.38,54.59,,,,
2014-07-23,55.4,55.86,53.45,53.7,,,,
2014-07-24,56.18,56.73,51.73,52.39,,,,
2014-07-25,48.05,48.93,45.13,46.58,,,,
2014-07-28,46.94,46.94,41.16,44.65,,,,
2014-07-29,45.47,47.32,43.01,43.02,,,,
2014-07-30,47,47.5,42.14,44.5,,,,
2014-07-31,37.81,38.19,31.48,31.59,,,,
2014-08-01,30.35,31.49,26.31,28.55,,,,
2014-08-04,28.76,32.78,26.44,32.7,,,,
2014-08-05,29.2,32.58,27.47,29.3,,,,
2014-08-06,25.52,33.38,25.52,31.49,,,,
2014-08-07,32.45,33.55,27.51,28.8,,,,
2014-08-08,28.78,34.35,28.44,34.16,,,,
2014-08-11,35.93,42.07,35.93,40.16,,,,
2014-08-12,38.59,39.55,34.99,36.41,,,,
2014-08-13,38.35,40.48,37.07,39.67,,,,
2014-08-14,40.59,42.46,40.44,42.46,,,,
2014-08-15,45.25,45.59,37.41,41.55,,,,
2014-08-18,46.39,48.75,45.4,48.71,,,,
2014-08-19,51.19,51.85,50.63,50.92,,,,
2014-08-20,49.98,50.56,47.79,49.97,,,,
2014-08-21,51.41,52.25,47.11,52.21,,,,
2014-08-22,51.8,52.94,49.17,51.29,,,,
2014-08-25,55.49,55.92,51.79,53.61,,,,
2014-08-26,55.28,57.21,55.02,56.5,,,,
2014-08-27,59.12,59.12,55.63,56.26,,,,
2014-08-28,54.05,54.88,52.64,53.39,,,,
2014-08-29,55.57,57.93,53.35,57.89,,,,
2014-09-02,59.73,61.2,57.33,60.03,,,,
2014-09-03,63.95,63.95,57.41,57.7,,,,
2014-09-04,59.77,61.62,54.64,55.19,,,,
2014-09-05,54.65,57.32,52.57,57.32,,,,
2014-09-08,57.19,58.37,54.76,57.13,,,,
2014-09-09,55.12,55.12,49.6,50.01,,,,
2014-09-10,50.93,52.37,48.52,52.04,,,,
2014-09-11,51.02,54.53,50.12,54.51,,,,
2014-09-12,54.8,54.8,46.87,47.91,,,,
2014-09-15,48.71,48.71,43.02,43.78,,,,
2014-09-16,45.2,48.19,42.88,46.87,,,,
2014-09-17,48.73,50.53,47.1,47.4,,,,
2014-09-18,51.04,51.69,49.83,50.74,,,,
2014-09-19,52.89,52.98,45.29,47.06,,,,
2014-09-22,43.67,43.67,37.95,38,,,,
2014-09-23,36.16,38.87,32.52,32.58,,,,
2014-09-24,33.19,37.3,31.38,37.09,,,,
2014-09-25,33.71,33.71,28.02,28.07,,,,
2014-09-26,28.22,32.7,28.22,31.92,,,,
2014-09-29,26.56,31.7,26.56,31.16,,,,
2014-09-30,28.28,31.57,27.35,27.38,,,,
2014-10-01,25.59,25.59,20.19,21.37,,,,
2014-10-02,20.62,24.64,17.89,23.67,,,,
2014-10-03,26.92,29.86,26.88,28.79,,,,
2014-10-06,30.27,30.27,25.56,25.79,,,,
2014-10-07,21.63,23.5,19.85,19.85,,,,
2014-10-08,18.26,27.13,17.56,27.11,,,,
2014-10-09,25.75,25.77,18.29,18.34,,,,
2014-10-10,19.82,20.26,15.77,15.79,,,,
2014-10-13,15.53,21.4,15.53,16.91,,,,
2014-10-14,20.76,23.17,19.13,21.01,,,,
2014-10-15,14.21,21.62,14.21,21.44,,,,
2014-10-16,15.76,24.64,15.76,23.99,,,,
2014-10-17,27.3,27.3,22.89,24,,,,
2014-10-20,22.41,28.98,22.41,28.97,,,,
2014-10-21,30.52,37.16,30.52,37.03,,,,
2014-10-22,37.11,39.4,31.07,31.08,,,,
2014-10-23,36.32,41.51,35.76,38.56,,,,
2014-10-24,40.27,41.3,38.74,41.23,,,,
2014-10-27,38.35,41.44,35.99,41.3,,,,
2014-10-28,45.57,53.57,45.57,53.5,,,,
2014-10-29,55.07,55.95,50.76,52.89,,,,
2014-10-30,52.01,56.96,51.39,56.07,,,,
2014-10-31,62.59,62.59,60.6,61.88,,,,
2014-11-03,64.08,64.08,60.74,61.89,,,,
2014-11-04,61.11,61.52,58.56,59.84,,,,
2014-11-05,61.17,61.87,60.05,60.7,,,,
2014-11-06,61.02,61.96,60.42,61.96,,,,
2014-11-07,62.93,63.03,61.28,62.99,,,,
2014-11-10,64.74,64.74,63.08,64.03,,,,
2014-11-11,65.12,65.12,63.64,64.21,,,,
2014-11-12,64.87,65.53,63.89,65.51,,,,
2014-11-13,66.7,67.01,63.47,63.66,,,,
2014-11-14,65.14,65.15,63.78,64.15,,,,
2014-11-17,64.58,64.87,62.64,63.17,,,,
2014-11-18,65.49,65.84,64.66,64.93,,,,
2014-11-19,64.43,64.43,60.33,61.58,,,,
2014-11-20,61.49,64.95,61.49,64.94,,,,
2014-11-21,71.3,71.3,66.45,66.88,,,,
2014-11-24,69.29,70.13,68.2,70.12,,,,
2014-11-25,72.85,72.85,69.42,70.4,,,,
2014-11-26,71.29,71.31,70.03,71.26,,,,
2014-11-28,71,71,65.04,65.04,,,,
2014-12-01,62.47,62.47,58.05,58.05,,,,
2014-12-02,59.73,63,59.73,61.36,,,,
2014-12-03,62.52,65.9,62.52,64.56,,,,
2014-12-04,64.65,64.76,62.61,62.61,,,,
2014-12-05,65.3,66.43,64.66,65.36,,,,
2014-12-08,65.04,66.5,60.58,60.62,,,,
2014-12-09,56.24,64.6,56.24,64.51,,,,
2014-12-10,63.09,63.09,55.69,55.69,,,,
2014-12-11,59.44,61.15,56.58,57.13,,,,
2014-12-12,53.86,54.84,49.75,49.84,,,,
2014-12-15,52.51,52.55,43.93,44.54,,,,
2014-12-16,42.34,51.18,42.34,44.04,,,,
2014-12-17,43.69,55.04,43.69,54.89,,,,
2014-12-18,61.09,62.41,58.06,62.36,,,,
2014-12-19,62.62,63.85,61.52,62.77,,,,
2014-12-22,63.23,63.56,61.7,63.55,,,,
2014-12-23,64.12,65.12,63.8,64.32,,,,
2014-12-24,65.61,65.61,64.5,64.53,,,,
2014-12-26,66.45,67.09,65.91,66.19,,,,
2014-12-29,66.12,67.26,65.59,66.1,,,,
2014-12-30,66.1,66.36,64.37,64.75,,,,
2014-12-31,65.06,66.64,61.63,61.72,,,,
2015-01-02,64.75,64.75,55.33,60.02,,,,
2015-01-05,55.14,55.14,46.28,47.87,,,,
2015-01-06,47.4,47.4,35.34,38.09,,,,
2015-01-07,41.22,44.2,39.29,44.2,,,,
2015-01-08,49.07,53.67,49.07,52.86,,,,
2015-01-09,53.12,53.12,47.35,47.8,,,,
2015-01-12,48.58,48.58,42.71,44.97,,,,
2015-01-13,50.62,53.72,40.81,44.96,,,,
2015-01-14,39.88,42.82,37.8,41.74,,,,
2015-01-15,43.9,43.9,35.91,36.34,,,,
2015-01-16,35.69,43.25,35.69,43.25,,,,
2015-01-20,45.78,45.78,38.66,41.15,,,,
2015-01-21,39.66,43.21,39.66,41.33,,,,
2015-01-22,43.95,50.78,41.13,50.78,,,,
2015-01-23,50.01,50.91,48.46,48.63,,,,
2015-01-26,48.68,52.28,47.23,52.01,,,,
2015-01-27,47.86,51.06,46.06,48.89,,,,
2015-01-28,50.9,50.9,41.19,41.67,,,,
2015-01-29,42.93,47.35,40.24,47.3,,,,
2015-01-30,44.57,45.73,38.91,38.96,,,,
2015-02-02,40.86,44.2,35.59,44.2,,,,
2015-02-03,49.67,55.57,49.67,55.57,,,,
2015-02-04,53.38,55.8,51.91,52.27,,,,
2015-02-05,56.29,61.39,56.29,60.97,,,,
2015-02-06,62.12,63.46,58.6,59.31,,,,
2015-02-09,57.94,61.47,55.94,56.11,,,,
2015-02-10,59.53,59.53,53.27,58.63,,,,
2015-02-11,58.9,58.9,54.37,56.55,,,,
2015-02-12,61.65,63.75,61.01,63.33,,,,
2015-02-13,66.01,66.63,64.04,65.89,,,,
2015-02-17,67.36,67.97,66.36,67.01,,,,
2015-02-18,67.7,67.7,65.14,66.92,,,,
2015-02-19,66.72,67.65,65.51,66.79,,,,
2015-02-20,67.55,67.55,63.11,66.99,,,,
2015-02-23,67.27,67.27,63.71,65.59,,,,
2015-02-24,66.71,67.25,65.22,66.35,,,,
2015-02-25,67.85,67.98,65.39,66.01,,,,
2015-02-26,67.58,67.58,64.1,65.35,,,,
2015-02-27,66.22,66.22,63.34,63.36,,,,
2015-03-02,64.18,66.29,63.63,65.11,,,,
2015-03-03,65.22,65.22,62.63,62.97,,,,
2015-03-04,61.58,61.58,58.32,59.62,,,,
2015-03-05,60.4,61.51,58.82,60.38,,,,
2015-03-06,57.58,59.51,53.8,54.34,,,,
2015-03-09,55.97,56.03,54.67,55.11,,,,
2015-03-10,50.69,50.69,46.64,46.64,,,,
2015-03-11,46.69,49.67,46.03,48.59,,,,
2015-03-12,52.61,57.13,52.61,57.02,,,,
2015-03-13,55.3,55.55,50.67,54.54,,,,
2015-03-16,56,56.99,55.18,56.36,,,,
2015-03-17,54.38,57.38,54.38,56.88,,,,
2015-03-18,55.58,63.51,55.09,62.32,,,,
2015-03-19,60.82,61.97,59.92,61.39,,,,
2015-03-20,64.35,66.09,63.52,65.17,,,,
2015-03-23,66.52,67.68,66.11,66.22,,,,
2015-03-24,66.77,67.65,65.64,65.66,,,,
2015-03-25,67.46,67.46,54.81,54.81,,,,
2015-03-26,53.16,55.37,51.83,53.94,,,,
2015-03-27,53.49,55.03,51.63,54.97,,,,
2015-03-30,58.12,60.82,57.7,60.79,,,,
2015-03-31,57.23,59.29,56.65,57.38,,,,
2015-04-01,56.32,56.84,52,56.31,,,,
2015-04-02,56.37,60.93,56.37,59.14,,,,
2015-04-06,56.68,64.42,56.68,63.19,,,,
2015-04-07,64.06,64.65,60.37,60.39,,,,
2015-04-08,62.33,63.4,61.27,62.53,,,,
2015-04-09,64.05,64.05,57.44,61.18,,,,
2015-04-10,63.42,63.72,62.3,62.95,,,,
2015-04-13,63.66,64.46,61.53,61.7,,,,
2015-04-14,63.84,63.84,58.78,62.21,,,,
2015-04-15,64.88,67.54,64.88,65.83,,,,
2015-04-16,65.31,65.97,63.7,64.98,,,,
2015-04-17,59.66,59.66,52.45,53.82,,,,
2015-04-20,58.15,61.38,58.1,60.62,,,,
2015-04-21,63,63,59.32,59.49,,,,
2015-04-22,59.93,61.25,55.46,60.69,,,,
2015-04-23,60.44,64.28,59.47,63.66,,,,
2015-04-24,63.67,63.67,61.09,62.81,,,,
2015-04-27,63.76,66.22,56.16,57.15,,,,
2015-04-28,57.05,60.57,52.85,60.23,,,,
2015-04-29,57.11,58.47,55.08,55.5,,,,
2015-04-30,52.68,52.68,43.54,44.37,,,,
2015-05-01,47.41,48.38,44.86,48.25,,,,
2015-05-04,49.63,52.7,49.63,50.8,,,,
2015-05-05,50.28,51.01,41.66,43.01,,,,
2015-05-06,45.26,45.26,39.43,42.09,,,,
2015-05-07,40.43,44.71,39.69,43.16,,,,
2015-05-08,48.5,49.54,47.35,48.69,,,,
2015-05-11,49.36,50.87,48.02,48.5,,,,
2015-05-12,45.88,48.01,41.61,47,,,,
2015-05-13,50.29,50.29,45.8,46.79,,,,
2015-05-14,50.59,52.99,49.57,52.83,,,,
2015-05-15,53.75,53.75,50.91,53.24,,,,
2015-05-18,52.62,56.69,52.19,56.24,,,,
2015-05-19,56.58,56.58,53.04,54,,,,
2015-05-20,55.1,55.12,52.73,53.52,,,,
2015-05-21,54.41,54.92,52.41,53.59,,,,
2015-05-22,52.8,53.61,49.53,50.87,,,,
2015-05-26,47.95,47.95,41.32,42.2,,,,
2015-05-27,42.19,48.18,42.19,48.15,,,,
2015-05-28,47.63,47.63,44.26,47.55,,,,
2015-05-29,46.37,46.37,42.13,43.5,,,,
2015-06-01,45.84,46.1,41.21,44.29,,,,
2015-06-02,43.7,49.22,42.58,46.87,,,,
2015-06-03,48.84,52.05,47.86,50.74,,,,
2015-06-04,47.63,49.45,44.19,44.53,,,,
2015-06-05,42.57,47.36,40.99,47.36,,,,
2015-06-08,46.83,47.13,43.87,43.87,,,,
2015-06-09,43.75,44.3,41.03,43.02,,,,
2015-06-10,45.67,51.63,45.67,50.42,,,,
2015-06-11,51.4,51.75,50.32,50.64,,,,
2015-06-12,48.13,49.72,47.85,49.09,,,,
2015-06-15,42.97,46.95,41.24,46.19,,,,
2015-06-16,44.51,49.19,44.51,48.44,,,,
2015-06-17,49.73,50.36,47.4,48.56,,,,
2015-06-18,50.94,57.01,50.94,55.26,,,,
2015-06-19,55.16,55.67,53.48,53.55,,,,
2015-06-22,57.64,57.9,56.5,56.5,,,,
2015-06-23,57.31,57.55,56,57.46,,,,
2015-06-24,57.27,57.54,53.34,53.4,,,,
2015-06-25,54.38,54.38,50.84,51.82,,,,
2015-06-26,52.24,52.99,48.69,50.66,,,,
2015-06-29,45.44,46.29,36.68,36.7,,,,
2015-06-30,40.15,40.66,38.54,39.6,,,,
2015-07-01,42.59,43.7,39.91,41.28,,,,
2015-07-02,41.49,41.49,37.73,39,,,,
2015-07-06,33.82,39.11,33.82,37.62,,,,
2015-07-07,36.33,38.3,30.13,37.92,,,,
2015-07-08,34.91,35.37,30.44,31.11,,,,
2015-07-09,36.35,36.35,32.78,32.82,,,,
2015-07-10,38.25,41.27,38.03,41.1,,,,
2015-07-13,43.97,45.59,43.97,45.2,,,,
2015-07-14,45.54,48.66,45.49,47.75,,,,
2015-07-15,47.8,47.8,44.28,45.3,,,,
2015-07-16,47.69,49.33,47.69,48.65,,,,
2015-07-17,49.65,49.65,45.66,46.69,,,,
2015-07-20,46.68,46.68,43.62,44.13,,,,
2015-07-21,45.49,45.49,41.62,41.87,,,,
2015-07-22,40.99,43.08,40.99,42.91,,,,
2015-07-23,43.82,43.82,37.58,37.92,,,,
2015-07-24,37.31,37.93,32.39,32.39,,,,
2015-07-27,29.15,30.72,29.13,30.16,,,,
2015-07-28,30.5,33.13,28.15,32.39,,,,
2015-07-29,33.41,36.53,33.41,35.77,,,,
2015-07-30,33.84,37.3,33.03,37.28,,,,
2015-07-31,39.76,41.88,39.28,39.74,,,,
2015-08-03,40.65,40.65,36.04,38.15,,,,
2015-08-04,39.2,40.39,37.63,38.21,,,,
2015-08-05,41.02,42,38.84,39.37,,,,
2015-08-06,39.86,39.86,33.96,35.45,,,,
2015-08-07,34.37,34.37,33.01,34.24,,,,
2015-08-10,37.04,39.24,37.04,39.23,,,,
2015-08-11,35.76,36.53,34.02,34.93,,,,
2015-08-12,31.23,33.12,27.98,32.81,,,,
2015-08-13,33.67,34.83,31.62,33.4,,,,
2015-08-14,32.67,36.94,32.67,36.94,,,,
2015-08-17,34.62,40.09,34.57,39.98,,,,
2015-08-18,39.68,39.68,37.31,37.91,,,,
2015-08-19,34.83,36.92,32.03,34.14,,,,
2015-08-20,30,30.24,25.77,25.77,,,,
2015-08-21,21.51,23.89,19.45,19.45,,,,
2015-08-24,8.24,15.04,8.24,9.99,,,,
2015-08-25,15.19,15.19,9.13,9.17,,,,
2015-08-26,12.58,13.36,8.97,13.32,,,,
2015-08-27,15.29,18.72,13.96,18.27,,,,
2015-08-28,16.83,21.13,16.83,20.24,,,,
2015-08-31,18.74,21.83,18.14,21.53,,,,
2015-09-01,16.28,17.71,15.19,15.66,,,,
2015-09-02,17.39,18.75,16.36,18.63,,,,
2015-09-03,19.8,22.65,19.49,19.84,,,,
2015-09-04,15.66,18.58,15.66,18.21,,,,
2015-09-08,23.01,25.33,21.82,25.18,,,,
2015-09-09,27.87,27.87,21.75,21.75,,,,
2015-09-10,20.93,24.5,20.84,23.85,,,,
2015-09-11,20.16,25.48,20.15,25.48,,,,
2015-09-14,24.48,25.06,23.62,24.84,,,,
2015-09-15,24.56,29.2,24.56,29.2,,,,
2015-09-16,30.21,34.47,29.61,34.47,,,,
2015-09-17,33.04,42.52,33.04,36.32,,,,
2015-09-18,30.25,33.96,29.3,30.65,,,,
2015-09-21,32.56,36.56,30.5,31.66,,,,
2015-09-22,24.85,27.23,23.42,25.1,,,,
2015-09-23,25.05,27.62,24.04,26.25,,,,
2015-09-24,23.37,26.8,22.16,26.8,,,,
2015-09-25,28.23,28.23,22.83,23.66,,,,
2015-09-28,20.48,21.09,16.67,16.98,,,,
2015-09-29,15.45,17.75,15.41,16.86,,,,
2015-09-30,18.69,21.92,18.69,21.92,,,,
2015-10-01,22.04,22.04,17.71,21.26,,,,
2015-10-02,17.39,26.73,16.45,26.73,,,,
2015-10-05,31.3,40.56,31.3,40.09,,,,
2015-10-06,39.69,42.23,38.91,40.36,,,,
2015-10-07,44.89,49.27,43.35,49.21,,,,
2015-10-08,49.54,56.56,49.54,56.07,,,,
2015-10-09,58.34,58.89,55.84,56.83,,,,
2015-10-12,57.93,57.93,55.74,57.16,,,,
2015-10-13,55.02,59.42,51.94,51.94,,,,
2015-10-14,52.51,54.27,47.39,47.39,,,,
2015-10-15,50.29,58.45,48.23,58.38,,,,
2015-10-16,60.24,60.24,54.44,57.73,,,,
2015-10-19,56.92,59.33,55.6,58.08,,,,
2015-10-20,59,61.61,58.59,59.97,,,,
2015-10-21,61.76,61.76,52.98,53.03,,,,
2015-10-22,57.76,61.11,56.93,58.98,,,,
2015-10-23,62.04,63.9,60.09,62.73,,,,
2015-10-26,63.75,63.75,59.34,60.18,,,,
2015-10-27,58.69,58.83,53.05,53.81,,,,
2015-10-28,55.44,64.13,55.44,64.08,,,,
2015-10-29,63.34,64.56,60.21,61.17,,,,
2015-10-30,62.74,62.74,59.68,59.94,,,,
2015-11-02,61.44,67.44,61.44,67.17,,,,
2015-11-03,67.62,69.9,66.68,68.65,,,,
2015-11-04,70.5,70.5,65.6,67.22,,,,
2015-11-05,67.25,67.25,63.89,65.47,,,,
2015-11-06,64.24,65.03,62.41,64.9,,,,
2015-11-09,64.47,64.47,59.05,60.2,,,,
2015-11-10,60.17,60.67,58.62,60.35,,,,
2015-11-11,61.68,61.68,57.9,57.9,,,,
2015-11-12,55.17,55.2,50.44,50.44,,,,
2015-11-13,48.37,49.9,46.04,46.68,,,,
2015-11-16,45.83,51.36,45.24,51.3,,,,
2015-11-17,51,53.58,48.62,49.19,,,,
2015-11-18,50.17,55,49.97,54.49,,,,
2015-11-19,54.74,55.63,53.2,53.97,,,,
2015-11-20,56.6,57.17,55.4,55.86,,,,
2015-11-23,55.68,57.76,55.68,56.42,,,,
2015-11-24,55.54,59.08,54.11,58.66,,,,
2015-11-25,59.66,62.04,58.62,61.61,,,,
2015-11-27,61.86,63.39,61.58,62.98,,,,
2015-11-30,64.38,64.54,62.09,62.48,,,,
2015-12-01,64.87,65.66,62.72,64.56,,,,
2015-12-02,63.6,63.76,58.9,59.07,,,,
2015-12-03,60.26,60.39,50.38,51.41,,,,
2015-12-04,51.89,56.05,51.89,55.77,,,,
2015-12-07,53.96,53.96,48.33,49.38,,,,
2015-12-08,43.96,47.08,43.04,45.04,,,,
2015-12-09,42.21,47.15,38.2,39.6,,,,
2015-12-10,37.77,41.96,37.75,39.05,,,,
2015-12-11,31.77,33.61,27.88,28.17,,,,
2015-12-14,27.72,27.72,23.4,26.68,,,,
2015-12-15,29.76,33.39,29.76,32.77,,,,
2015-12-16,35.28,40.78,34.08,40.2,,,,
2015-12-17,40.52,40.52,35.67,35.67,,,,
2015-12-18,32.49,33.21,30.18,30.41,,,,
2015-12-21,32.65,33.2,30.36,33.09,,,,
2015-12-22,33.16,36.67,31.67,36.31,,,,
2015-12-23,38.22,43.29,38.22,43.24,,,,
2015-12-24,43.06,45.53,42.1,43.53,,,,
2015-12-28,40.94,40.96,37.74,40.35,,,,
2015-12-29,44.13,46.26,42.32,46.24,,,,
2015-12-30,44.09,45.04,41.61,41.63,,,,
2015-12-31,40.46,41.46,36.35,36.35,,,,
2016-01-04,27.56,27.56,23.25,26.96,,,,
2016-01-05,26.95,29,25.29,28.42,,,,
2016-01-06,23.27,26.52,23.27,25.2,,,,
2016-01-07,19,20.71,17.55,17.78,,,,
2016-01-08,17.82,18.23,15.36,15.36,,,,
2016-01-11,15.23,15.23,12.79,14.18,,,,
2016-01-12,14.53,15.49,12.5,14.58,,,,
2016-01-13,14.05,14.81,10.48,10.62,,,,
2016-01-14,10.05,13.33,9.03,12.39,,,,
2016-01-15,8.52,10.04,7.67,9.42,,,,
2016-01-19,10.28,10.55,8.49,9.7,,,,
2016-01-20,7.31,9.68,5.53,8.67,,,,
2016-01-21,8.3,10.05,7.52,9,,,,
2016-01-22,10.64,14.12,10.64,14.12,,,,
2016-01-25,13.47,13.57,11.33,11.33,,,,
2016-01-26,12.23,16.33,12.11,16.09,,,,
2016-01-27,14.49,17.07,13.47,14,,,,
2016-01-28,15.48,16.39,14.28,15.84,,,,
2016-01-29,16.88,24.87,16.88,24.33,,,,
2016-02-01,21.8,26.12,20.81,24.55,,,,
2016-02-02,21.52,21.52,18.88,19.54,,,,
2016-02-03,21.6,22.19,17.38,21.72,,,,
2016-02-04,22.59,25.78,22.37,23.63,,,,
2016-02-05,23.37,23.37,19.36,19.56,,,,
2016-02-08,16.92,17.32,14.65,17.25,,,,
2016-02-09,15.36,17.77,15.36,16.5,,,,
2016-02-10,17.88,19.84,16.33,16.43,,,,
2016-02-11,13.23,15.03,12.69,14.52,,,,
2016-02-12,17.24,19.93,16.37,19.93,,,,
2016-02-16,24.06,26.57,22.7,26.17,,,,
2016-02-17,31.28,34.09,31.02,33.48,,,,
2016-02-18,34.33,34.89,32.96,33.49,,,,
2016-02-19,32.86,34.98,32.2,34.44,,,,
2016-02-22,40.16,42.03,40.16,41,,,,
2016-02-23,41.57,42.05,36.9,36.92,,,,
2016-02-24,33.13,41.22,32.27,41.21,,,,
2016-02-25,44.36,45.19,41.28,45.19,,,,
2016-02-26,48.38,50.28,47.67,48.47,,,,
2016-02-29,50.44,53.12,49.02,49.02,,,,
2016-03-01,54.06,59.03,53.22,59.02,,,,
2016-03-02,59.91,64.01,59.12,63.94,,,,
2016-03-03,65.94,68.74,65.38,68.05,,,,
2016-03-04,71.79,72.99,69.87,70.16,,,,
2016-03-07,71.3,74.77,71.3,73.96,,,,
2016-03-08,73.89,73.89,66.88,66.88,,,,
2016-03-09,71.97,71.97,68.87,69.81,,,,
2016-03-10,73.86,73.86,65.12,67.57,,,,
2016-03-11,73.48,75.61,73.21,75.61,,,,
2016-03-14,77.56,77.56,75.56,76.25,,,,
2016-03-15,76.44,76.44,71.63,71.65,,,,
2016-03-16,73.23,75.18,72.53,74.58,,,,
2016-03-17,76.04,79.02,74.31,78.51,,,,
2016-03-18,80.27,81.62,80.27,81.16,,,,
2016-03-21,82.3,82.78,80.85,81.05,,,,
2016-03-22,81.38,82.26,81.04,81.18,,,,
2016-03-23,82.12,82.12,75.53,75.55,,,,
2016-03-24,73.49,76.72,73.05,76.59,,,,
2016-03-28,77.82,77.82,74.49,76.02,,,,
2016-03-29,76.23,82.24,75.01,81.59,,,,
2016-03-30,84.3,84.89,82.32,82.8,,,,
2016-03-31,83.96,84.39,82.27,82.38,,,,
2016-04-01,80.94,83.05,80.49,82.53,,,,
2016-04-04,83.32,83.57,80.11,80.19,,,,
2016-04-05,78.76,78.85,76.02,76.02,,,,
2016-04-06,77.84,78.74,75.12,78.56,,,,
2016-04-07,77.29,77.29,71,72.07,,,,
2016-04-08,76.06,78.05,73.27,74.02,,,,
2016-04-11,76.72,79.81,74.16,74.2,,,,
2016-04-12,75.51,78.9,73.14,78.38,,,,
2016-04-13,81.23,85.46,81.23,85.07,,,,
2016-04-14,86.21,86.21,83.9,83.9,,,,
2016-04-15,83.88,85.12,83.69,83.75,,,,
2016-04-18,82.72,85.82,82.72,85.09,,,,
2016-04-19,86.39,87.08,84.47,85.04,,,,
2016-04-20,85.24,85.43,84.19,84.25,,,,
2016-04-21,84.25,84.25,79.85,80.52,,,,
2016-04-22,80.65,82.48,80.46,81.78,,,,
2016-04-25,81.42,81.42,78.48,79.69,,,,
2016-04-26,79.84,81.05,78.48,81.04,,,,
2016-04-27,80.14,80.9,79,80.58,,,,
2016-04-28,78.22,80.64,75.82,76.06,,,,
2016-04-29,74.41,74.41,68.74,70.9,,,,
2016-05-02,71.47,73.94,70.5,73.89,,,,
2016-05-03,70.38,70.38,62.66,65.72,,,,
2016-05-04,60.96,64.24,59.49,60.88,,,,
2016-05-05,60.81,62.22,56.9,57.01,,,,
2016-05-06,53.29,57.81,52.97,57.81,,,,
2016-05-09,55.46,58.64,54.79,56.93,,,,
2016-05-10,57.77,61.85,57.77,61.76,,,,
2016-05-11,59.62,60.09,56.47,56.55,,,,
2016-05-12,58.18,58.18,51.02,52.74,,,,
2016-05-13,50.92,52.74,47.49,48.26,,,,
2016-05-16,50.08,54.94,50.08,54.16,,,,
2016-05-17,51.96,53.82,44.84,45.9,,,,
2016-05-18,43.8,50.08,43.7,46.52,,,,
2016-05-19,42.56,45,38.22,42.35,,,,
2016-05-20,43.77,49.38,43.77,49.03,,,,
2016-05-23,48.54,50.81,47.87,48.7,,,,
2016-05-24,51.07,57.94,51.07,57.94,,,,
2016-05-25,59.51,61.07,59.48,60.63,,,,
2016-05-26,61.94,61.94,59.6,60.23,,,,
2016-05-27,60.25,62.61,60.25,62.61,,,,
2016-05-31,63.7,64.07,62.15,63.51,,,,
2016-06-01,61.21,65.16,60.74,64.88,,,,
2016-06-02,63.89,66.47,63.57,66.43,,,,
2016-06-03,66.87,66.87,63.06,65.29,,,,
2016-06-06,66.62,69.61,66.62,69.08,,,,
2016-06-07,70.18,71.85,69.84,70.6,,,,
2016-06-08,72.54,73.73,71.56,73.33,,,,
2016-06-09,70.53,70.53,67.76,68.87,,,,
2016-06-10,64.13,64.13,59.48,60.31,,,,
2016-06-13,58.02,59.58,53.23,53.53,,,,
2016-06-14,51.1,53.22,48.01,50.23,,,,
2016-06-15,50.31,54.81,50.31,50.63,,,,
2016-06-16,46.36,50.18,43.15,49.84,,,,
2016-06-17,50.36,51.99,47.99,49.67,,,,
2016-06-20,58.81,61.2,56.91,56.91,,,,
2016-06-21,56.93,56.93,53.25,55.71,,,,
2016-06-22,56.5,59.03,53.69,53.7,,,,
2016-06-23,61.15,64.72,61.15,64.66,,,,
2016-06-24,38.6,47.39,38.6,39.62,,,,
2016-06-27,33.32,33.32,25.23,26.67,,,,
2016-06-28,29.7,35.3,29.7,34.86,,,,
2016-06-29,40.16,44.76,39.8,44.54,,,,
2016-06-30,45.78,53.84,44.33,53.8,,,,
2016-07-01,54.78,57.82,54.01,55.63,,,,
2016-07-05,52.45,52.45,45.75,48.24,,,,
2016-07-06,46.74,51.69,45.44,51.68,,,,
2016-07-07,54.04,56.54,51.21,52.77,,,,
2016-07-08,58.43,65.11,58.43,64.33,,,,
2016-07-11,67.88,70.34,67.88,69.33,,,,
2016-07-12,74.4,77.9,74.4,76.26,,,,
2016-07-13,78.48,78.48,73.99,74.92,,,,
2016-07-14,79.19,79.19,76.09,76.17,,,,
2016-07-15,77.85,77.85,75.4,76.25,,,,
2016-07-18,76.69,78.15,75.65,77.14,,,,
2016-07-19,77.15,77.25,73.68,74.49,,,,
2016-07-20,74.95,78.03,73.95,76.84,,,,
2016-07-21,77.78,78.34,73.54,74.12,,,,
2016-07-22,75.08,76.07,73.6,75.68,,,,
2016-07-25,75.26,75.26,72.47,72.94,,,,
2016-07-26,73.2,74.92,72.31,73.82,,,,
2016-07-27,75.09,75.89,71.48,72.61,,,,
2016-07-28,72.27,72.27,70.15,70.93,,,,
2016-07-29,70.32,71.98,67.95,70.97,,,,
2016-08-01,70.13,70.77,67.31,67.58,,,,
2016-08-02,67.54,67.54,60.41,61.93,,,,
2016-08-03,60.64,65.21,60.64,65.21,,,,
2016-08-04,64.96,66.44,64.23,64.24,,,,
2016-08-05,66.55,70.76,66.55,70.43,,,,
2016-08-08,71.18,75.12,69.34,75.12,,,,
2016-08-09,70.1,70.32,68.54,68.88,,,,
2016-08-10,69.61,69.61,65.9,66.42,,,,
2016-08-11,68.44,69.16,67.23,68.55,,,,
2016-08-12,68.77,69.44,67.16,68.31,,,,
2016-08-15,69.96,72.07,69.96,71.25,,,,
2016-08-16,70.76,70.76,67.62,67.68,,,,
2016-08-17,67.66,67.66,64.45,66.81,,,,
2016-08-18,68.25,69.76,67.8,69.76,,,,
2016-08-19,68.19,68.6,67.16,68.32,,,,
2016-08-22,67.38,68.62,66.28,68.36,,,,
2016-08-23,70.44,71.77,70.44,70.64,,,,
2016-08-24,70.8,71.21,65.96,66.56,,,,
2016-08-25,65.59,67.85,65.59,66.56,,,,
2016-08-26,67.38,69.91,61.94,63.92,,,,
2016-08-29,63.75,66.77,63.75,65.67,,,,
2016-08-30,66.15,66.35,64,65.22,,,,
2016-08-31,63.47,63.85,60.08,62.18,,,,
2016-09-01,61.5,61.81,58.65,61.81,,,,
2016-09-02,65.09,66.29,64.67,66.04,,,,
2016-09-06,67,67.6,65.04,67.6,,,,
2016-09-07,66.87,69.28,66.87,68.59,,,,
2016-09-08,67.32,68.13,66.77,67.51,,,,
2016-09-09,61.33,61.33,49.5,49.53,,,,
2016-09-12,45.5,55.58,45.5,55.04,,,,
2016-09-13,49.05,49.92,42.1,44,,,,
2016-09-14,40.67,44.44,38.98,42.25,,,,
2016-09-15,41.67,48.27,41.4,47.56,,,,
2016-09-16,44.58,46.02,43.05,45.82,,,,
2016-09-19,48.14,50.38,45.92,48.16,,,,
2016-09-20,49.53,49.53,46.5,46.54,,,,
2016-09-21,49.63,55.15,47.64,55.13,,,,
2016-09-22,60.06,63.03,59.42,62.51,,,,
2016-09-23,61.24,61.24,58.52,58.55,,,,
2016-09-26,55.59,55.74,51.38,51.39,,,,
2016-09-27,48.98,54.09,48.98,53.46,,,,
2016-09-28,54.23,59.41,51.22,58.81,,,,
2016-09-29,57.81,59.07,50.38,51.09,,,,
2016-09-30,55.21,58.87,52.42,57.63,,,,
2016-10-03,55.51,55.78,52.98,54.72,,,,
2016-10-04,55.71,56.25,49.79,51.27,,,,
2016-10-05,53.4,57.83,53.4,56.02,,,,
2016-10-06,54.12,55.39,51.58,54.77,,,,
2016-10-07,54.41,54.41,48.4,50.75,,,,
2016-10-10,54,56.65,54,55.63,,,,
2016-10-11,52.77,52.77,44.27,46.1,,,,
2016-10-12,45.05,47.12,43.13,45.12,,,,
2016-10-13,38.91,40.46,34.76,38.49,,,,
2016-10-14,41.89,43.53,37.78,37.95,,,,
2016-10-17,37.68,38.41,36.73,37.28,,,,
2016-10-18,41.94,42.63,39.97,41.24,,,,
2016-10-19,41.29,46.22,40.43,44.56,,,,
2016-10-20,41.73,43.98,40.09,43.14,,,,
2016-10-21,37.26,42.69,37.26,42.55,,,,
2016-10-24,46.27,48.21,43.96,45.73,,,,
2016-10-25,44.98,44.98,41.13,41.83,,,,
2016-10-26,37.98,42.41,37.78,38.2,,,,
2016-10-27,40.26,40.26,33.96,34.22,,,,
2016-10-28,33.99,37.27,32.49,33.38,,,,
2016-10-31,33.74,35.3,32.52,34.89,,,,
2016-11-01,35.62,35.62,28.04,30.05,,,,
2016-11-02,28.34,29.22,25.42,25.42,,,,
2016-11-03,25.8,27.25,25.18,25.4,,,,
2016-11-04,24.5,29.57,24.5,26.38,,,,
2016-11-07,32.22,36.49,32.22,36.46,,,,
2016-11-08,35.06,40.29,34.83,38.36,,,,
2016-11-09,34.9,49.57,34.9,49.01,,,,
2016-11-10,51.06,54.42,48.21,52.16,,,,
2016-11-11,52.76,57.44,52.71,57.43,,,,
2016-11-14,59.03,60.1,57.98,59.79,,,,
2016-11-15,60.67,62.04,60.06,61.64,,,,
2016-11-16,61.24,62.37,61.06,61.67,,,,
2016-11-17,63.17,63.88,62.6,63.35,,,,
2016-11-18,64.05,64.05,62.73,63.67,,,,
2016-11-21,65.87,66.39,64.99,66.36,,,,
2016-11-22,67.08,67.69,66.5,67.39,,,,
2016-11-23,66.33,68.31,66.31,68.23,,,,
2016-11-25,69.03,70.39,68.86,70.39,,,,
2016-11-28,69.82,69.82,66.3,66.45,,,,
2016-11-29,65.81,67,65.11,65.5,,,,
2016-11-30,68.58,68.81,64.95,65.3,,,,
2016-12-01,65.49,66.84,61.03,61.29,,,,
2016-12-02,61,63.24,61,62.28,,,,
2016-12-05,63.79,66.09,63.79,66.07,,,,
2016-12-06,66.64,68.55,65.93,68.12,,,,
2016-12-07,68.43,70.85,67.68,70.36,,,,
2016-12-08,70.58,73.73,70.25,72.97,,,,
2016-12-09,74.69,75.09,73.77,74.2,,,,
2016-12-12,74.09,74.54,71.84,72.22,,,,
2016-12-13,74.25,75.11,72.66,73.76,,,,
2016-12-14,73.52,73.52,68.67,68.71,,,,
2016-12-15,68.49,70.97,68.2,69.18,,,,
2016-12-16,70.75,71.7,69.56,69.74,,,,
2016-12-19,71.17,72.23,70.74,71.26,,,,
2016-12-20,72.16,72.16,72.16,72.16,,,,
2016-12-21,72.83,72.93,71.06,71.06,,,,
2016-12-22,70.32,70.32,67.94,68.35,,,,
2016-12-23,68.5,70.5,68.5,70.5,,,,
2016-12-27,70.08,72.35,70.08,71.73,,,,
2016-12-28,71.18,71.18,66.57,66.72,,,,
2016-12-29,67.92,69.05,67.34,68.54,,,,
2016-12-30,68,68.66,66.31,67.48,,,,
2017-01-03,71.61,72.89,69.07,72.24,,,,
2017-01-04,75.42,78.88,75.42,78.58,,,,
2017-01-05,78.67,79.09,76.16,78.2,,,,
2017-01-06,77.9,77.98,76.16,76.16,,,,
2017-01-09,74.53,75,72.18,72.25,,,,
2017-01-10,73.02,75.47,72.45,74.75,,,,
2017-01-11,74.29,75.18,72.84,74.48,,,,
2017-01-12,73.34,73.34,66.15,70.7,,,,
2017-01-13,72.1,74.31,72.1,73.13,,,,
2017-01-17,71.51,71.51,66.16,66.16,,,,
2017-01-18,65.82,66.46,64.63,66.4,,,,
2017-01-19,63.39,63.39,58.81,59.86,,,,
2017-01-20,59.95,62.45,59.95,61.12,,,,
2017-01-23,58.4,60.19,55.88,57.89,,,,
2017-01-24,58.58,64.79,58.04,64.32,,,,
2017-01-25,67.65,68.88,67.27,68.5,,,,
2017-01-26,68.94,68.94,64.94,65.29,,,,
2017-01-27,65.32,65.32,61.66,62.71,,,,
2017-01-30,57.21,57.21,51.69,54.49,,,,
2017-01-31,52.72,56.38,50.92,56.15,,,,
2017-02-01,59.23,59.23,53.28,53.78,,,,
2017-02-02,53.03,54.73,52.44,53.61,,,,
2017-02-03,56.97,60.54,55.76,60.52,,,,
2017-02-06,58.37,59.24,55.87,56.08,,,,
2017-02-07,57.13,57.43,53.22,53.83,,,,
2017-02-08,50.36,53.06,49.27,52.82,,,,
2017-02-09,54.56,58.27,54.56,58.26,,,,
2017-02-10,60.12,62.56,59.39,62.55,,,,
2017-02-13,64.33,66.01,63.16,64.22,,,,
2017-02-14,62.44,64.48,61.29,64.33,,,,
2017-02-15,61.54,66.14,61.54,65.94,,,,
2017-02-16,66.37,66.56,62.42,64.65,,,,
2017-02-17,62.35,63.91,61.2,63.89,,,,
2017-02-21,64.65,66.62,64.61,66.5,,,,
2017-02-22,66.22,66.22,63.04,64.23,,,,
2017-02-23,65.61,65.61,60,61.47,,,,
2017-02-24,57.85,60.39,57.85,60.39,,,,
2017-02-27,60.33,63.23,59.79,63.19,,,,
2017-02-28,62.31,62.31,56.47,56.73,,,,
2017-03-01,62.34,64.52,62.32,64,,,,
2017-03-02,62.46,63.01,58.13,58.24,,,,
2017-03-03,59.61,60.09,55.38,58.04,,,,
2017-03-06,55.7,55.7,52.88,54.24,,,,
2017-03-07,54.33,54.33,50.67,50.69,,,,
2017-03-08,52.1,52.43,47.59,47.6,,,,
2017-03-09,48.23,48.94,45.55,45.67,,,,
2017-03-10,49.37,49.37,45.75,47.71,,,,
2017-03-13,47.96,49.56,47.89,48.64,,,,
2017-03-14,46.84,46.85,44.06,46.43,,,,
2017-03-15,48.99,53.29,48.4,52.19,,,,
2017-03-16,54.73,55.49,53.39,54.17,,,,
2017-03-17,54.24,56.5,53.09,56.32,,,,
2017-03-20,54.75,54.83,52.42,53.3,,,,
2017-03-21,55.14,55.14,41.57,41.6,,,,
2017-03-22,40.24,41.44,38.29,40.85,,,,
2017-03-23,40.36,45.21,40.36,43.2,,,,
2017-03-24,45.18,46.31,42.34,43.52,,,,
2017-03-27,39.8,44.61,38.45,44.44,,,,
2017-03-28,43.5,47.88,42.81,47.03,,,,
2017-03-29,45.94,49.72,45.86,49.52,,,,
2017-03-30,49.98,52.75,49.98,52.46,,,,
2017-03-31,51.55,55.42,51.38,54.12,,,,
2017-04-03,54.64,54.64,47.54,48.61,,,,
2017-04-04,48.11,49.48,46.93,48.14,,,,
2017-04-05,51.46,53.65,43.45,43.52,,,,
2017-04-06,43.24,48.72,43.06,48.72,,,,
2017-04-07,47.91,49.12,46.93,47.89,,,,
2017-04-10,48.68,52.34,47.88,49.06,,,,
2017-04-11,48.44,51.67,46.38,51.49,,,,
2017-04-12,50.29,50.44,45.24,45.67,,,,
2017-04-13,44.52,45.75,40.23,40.23,,,,
2017-04-17,42.28,45.86,41.33,45.86,,,,
2017-04-18,42.64,45.22,42.37,45.22,,,,
2017-04-19,49.11,50.01,45.64,46.46,,,,
2017-04-20,49.39,53.76,48.2,53.29,,,,
2017-04-21,53.16,53.95,50.76,51.72,,,,
2017-04-24,59.76,59.76,57.35,58.97,,,,
2017-04-25,62.97,64.98,62.97,63.12,,,,
2017-04-26,63.46,67.76,63.46,64.69,,,,
2017-04-27,65.89,66.36,62.54,63.77,,,,
2017-04-28,62.7,62.7,58.12,58.14,,,,
2017-05-01,59.5,60.3,57.28,58.89,,,,
2017-05-02,59.98,59.98,56.95,58.3,,,,
2017-05-03,56.04,56.82,52.74,53.82,,,,
2017-05-04,54.68,54.68,50.47,52.48,,,,
2017-05-05,53.44,55.01,52.16,54.97,,,,
2017-05-08,55.66,55.66,52.58,53.71,,,,
2017-05-09,54.63,54.63,51.79,53.05,,,,
2017-05-10,52.8,55.3,52.8,54.85,,,,
2017-05-11,53.59,53.59,49.68,52.31,,,,
2017-05-12,52.01,52.01,49.78,50,,,,
2017-05-15,53.46,55.6,53.41,54.26,,,,
2017-05-16,55.66,55.66,51.56,53.68,,,,
2017-05-17,48.18,48.18,41.12,41.15,,,,
2017-05-18,39.32,43.79,38.94,42.12,,,,
2017-05-19,43.74,47.85,43.74,46.05,,,,
2017-05-22,48.16,49.23,47.3,48.72,,,,
2017-05-23,49.93,50.52,47.67,49.43,,,,
2017-05-24,50.1,51.09,48.37,49.52,,,,
2017-05-25,51.37,52.63,49.06,49.73,,,,
2017-05-26,50,50,48.71,49.47,,,,
2017-05-30,49.14,49.14,46.36,46.37,,,,
2017-05-31,47.41,47.41,42.7,46.48,,,,
2017-06-01,47.33,53.83,47.33,53.32,,,,
2017-06-02,54.81,58.64,54.31,56.59,,,,
2017-06-05,55.82,55.82,52.98,53.02,,,,
2017-06-06,50.48,52.93,49.92,51.22,,,,
2017-06-07,52.18,52.79,49.76,50.98,,,,
2017-06-08,50.78,58.03,50.72,56.85,,,,
2017-06-09,57.76,62.31,57.76,60.41,,,,
2017-06-12,60.94,61.72,59.27,60.26,,,,
2017-06-13,61.53,63.16,61.18,62.27,,,,
2017-06-14,62.5,62.5,57.68,59.21,,,,
2017-06-15,55.12,57.9,54.87,56.95,,,,
2017-06-16,54.69,56.2,53.73,56.2,,,,
2017-06-19,57.91,59.79,57.78,59.19,,,,
2017-06-20,57.5,57.5,53.46,53.48,,,,
2017-06-21,53.64,55.15,50.42,50.46,,,,
2017-06-22,51.73,53.2,49.88,51.49,,,,
2017-06-23,51.93,55.47,51.04,55.47,,,,
2017-06-26,56.92,57.68,54.77,56.62,,,,
2017-06-27,57.1,59.17,51.78,51.79,,,,
2017-06-28,55.72,60.92,55.37,60.26,,,,
2017-06-29,61.28,61.28,51.76,56.34,,,,
2017-06-30,58.29,58.47,55.65,56.71,,,,
2017-07-03,59.22,63.02,59.22,62.02,,,,
2017-07-05,61.82,61.82,55.53,58.22,,,,
2017-07-06,55.26,55.56,49.27,49.82,,,,
2017-07-07,51.12,56.79,50.64,56.79,,,,
2017-07-10,55.77,57.95,54.08,54.25,,,,
2017-07-11,53.93,55.78,52.47,54.9,,,,
2017-07-12,60.69,64.02,60,61.35,,,,
2017-07-13,62.37,62.37,58.76,61.87,,,,
2017-07-14,61.66,65.38,61.66,63.98,,,,
2017-07-17,63.11,66.21,63.11,64.82,,,,
2017-07-18,63.74,63.8,61.3,62.72,,,,
2017-07-19,65.24,67.33,64.95,67.33,,,,
2017-07-20,68.75,68.75,65.72,66.42,,,,
2017-07-21,68.26,68.26,63.97,64.42,,,,
2017-07-24,63.93,64.12,61.91,63.55,,,,
2017-07-25,67.1,68.31,66.48,66.52,,,,
2017-07-26,67.41,67.41,64.72,64.79,,,,
2017-07-27,65.34,65.51,59.15,60.94,,,,
2017-07-28,59.95,60.37,57.96,59.3,,,,
2017-07-31,60.42,60.42,56.44,58.28,,,,
2017-08-01,61.11,61.11,57.2,58.89,,,,
2017-08-02,58.29,58.29,52.17,53.57,,,,
2017-08-03,53.72,54.45,49.48,50.28,,,,
2017-08-04,51.4,52.54,50.72,52.54,,,,
2017-08-07,52.45,52.85,50.64,51.89,,,,
2017-08-08,51.01,54.31,49.08,49.5,,,,
2017-08-09,47.11,47.11,43.97,45.09,,,,
2017-08-10,42.12,42.33,36.17,36.2,,,,
2017-08-11,35.95,36.3,34.93,36,,,,
2017-08-14,41.14,44.85,41.14,44.83,,,,
2017-08-15,44.91,44.91,41.2,41.3,,,,
2017-08-16,43.59,44.67,41.71,42.3,,,,
2017-08-17,40.56,42.29,34.56,34.57,,,,
2017-08-18,31.84,35.66,31.78,34.25,,,,
2017-08-21,33.61,34.5,32.86,34.11,,,,
2017-08-22,36.31,38.34,36.31,38.07,,,,
2017-08-23,36.62,38.66,36.62,37.73,,,,
2017-08-24,39.95,39.95,38.11,39.04,,,,
2017-08-25,41.15,42.3,39.36,41.44,,,,
2017-08-28,42.5,42.5,39.7,41.43,,,,
2017-08-29,39.1,41.65,38.48,41.32,,,,
2017-08-30,40.76,43.95,40.73,43.53,,,,
2017-08-31,45.69,49.21,45.69,48.19,,,,
2017-09-01,49.85,51.57,49.5,51.57,,,,
2017-09-05,51.59,51.59,44.23,46.03,,,,
2017-09-06,49.31,49.31,46.9,47.53,,,,
2017-09-07,48.87,48.87,46.86,47.53,,,,
2017-09-08,47.27,48.72,46.21,47.75,,,,
2017-09-11,51.87,53.69,51.87,53.52,,,,
2017-09-12,54.41,56.76,54.41,56.11,,,,
2017-09-13,57.17,58.5,56.94,57.7,,,,
2017-09-14,57.57,58.3,56.38,57.59,,,,
2017-09-15,57.2,59.56,56.92,59.38,,,,
2017-09-18,61.12,63.4,61.12,62.4,,,,
2017-09-19,63.19,63.19,61.88,62.28,,,,
2017-09-20,62.81,64.3,62.17,63.97,,,,
2017-09-21,63.93,64.26,62.39,62.39,,,,
2017-09-22,63.16,65.05,63.07,65.05,,,,
2017-09-25,64.63,66.33,63.02,64.71,,,,
2017-09-26,66.32,67.23,66.08,66.15,,,,
2017-09-27,68.64,71.21,66.29,70.7,,,,
2017-09-28,70.47,71.05,69.15,70.79,,,,
2017-09-29,72.28,73,71.6,72.22,,,,
2017-10-02,72.7,75.1,72.7,75.1,,,,
2017-10-03,76.35,77.1,75.52,76.38,,,,
2017-10-04,77.21,77.96,76.93,77.34,,,,
2017-10-05,79.25,79.83,78.77,78.77,,,,
2017-10-06,78.07,78.19,77.38,78.08,,,,
2017-10-09,78.86,78.86,75.64,76.02,,,,
2017-10-10,78.34,79.04,76.49,77.21,,,,
2017-10-11,78.68,78.68,76.83,77.41,,,,
2017-10-12,76.98,77.78,75.83,76.47,,,,
2017-10-13,78.28,78.28,76.53,76.53,,,,
2017-10-16,77.59,77.59,74.75,74.75,,,,
2017-10-17,74.33,74.93,73.64,73.97,,,,
2017-10-18,75.59,75.59,73.17,73.73,,,,
2017-10-19,72.39,72.78,70.87,72.76,,,,
2017-10-20,74.98,74.98,73.08,73.3,,,,
2017-10-23,73.44,73.44,69.38,69.38,,,,
2017-10-24,70.69,70.69,68.27,68.45,,,,
2017-10-25,68.07,68.07,61.74,64.68,,,,
2017-10-26,64.79,65.1,63.1,63.35,,,,
2017-10-27,62.66,65.96,61.85,65.96,,,,
2017-10-30,64.29,64.87,59.93,60.94,,,,
2017-10-31,61.91,64.07,61.51,62.89,,,,
2017-11-01,64.39,65.26,59.41,60.81,,,,
2017-11-02,59.71,61.05,58.44,60.72,,,,
2017-11-03,59.01,59.93,58.12,59.45,,,,
2017-11-06,59.01,60.23,58.77,59.68,,,,
2017-11-07,59.07,59.1,52.47,52.72,,,,
2017-11-08,50.9,52.46,49.59,51.7,,,,
2017-11-09,49,50.76,46.67,49.41,,,,
2017-11-10,49.32,50.99,49.32,49.35,,,,
2017-11-13,47.87,49.52,47.03,49.03,,,,
2017-11-14,47.36,48,46.27,47.86,,,,
2017-11-15,43.3,46.76,42.11,44.56,,,,
2017-11-16,46.67,52.22,46.67,50.41,,,,
2017-11-17,48.92,52.29,48.63,52.03,,,,
2017-11-20,52.43,54.18,51.27,54.15,,,,
2017-11-21,56.14,57.75,55.93,56.51,,,,
2017-11-22,57.93,58.76,56.87,56.87,,,,
2017-11-24,58.13,58.2,56.26,57.05,,,,
2017-11-27,56.99,57.34,55.22,55.22,,,,
2017-11-28,55.39,61.38,54.97,61.15,,,,
2017-11-29,61.5,62.73,60.96,62.12,,,,
2017-11-30,63.6,63.6,61.66,61.93,,,,
2017-12-01,62.3,62.3,51.48,60.91,,,,
2017-12-04,64.63,65.31,58.22,58.22,,,,
2017-12-05,58.06,58.06,53.6,53.62,,,,
2017-12-06,52.58,53.19,50.22,50.42,,,,
2017-12-07,49.53,54.01,49.53,52.37,,,,
2017-12-08,55.44,55.44,52.45,52.62,,,,
2017-12-11,53.98,54.78,52.75,53.27,,,,
2017-12-12,54.6,55.15,53.02,53.07,,,,
2017-12-13,54.09,56.97,54.09,54.46,,,,
2017-12-14,54.8,55.4,49.12,49.22,,,,
2017-12-15,50.91,58.83,50.91,56.64,,,,
2017-12-18,61.64,63.73,61.58,62.33,,,,
2017-12-19,63.48,63.48,58.51,58.59,,,,
2017-12-20,60.57,60.57,58.15,58.56,,,,
2017-12-21,60.99,62.97,60.06,61.87,,,,
2017-12-22,61.86,61.86,59.54,59.7,,,,
2017-12-26,60.3,60.98,59.06,59.61,,,,
2017-12-27,60.46,61.81,59.27,59.29,,,,
2017-12-28,60.81,61.52,59.19,61.48,,,,
2017-12-29,63.07,63.07,58.22,58.29,,,,
2018-01-02,60.81,63.78,60.81,61.95,,,,
2018-01-03,63.78,65.4,63.11,64.88,,,,
2018-01-04,68.46,68.46,65.54,65.86,,,,
2018-01-05,67.87,68.64,66.37,68.58,,,,
2018-01-08,68.33,68.81,65.78,68.23,,,,
2018-01-09,68.82,68.98,67.24,67.27,,,,
2018-01-10,66.57,67.58,64.93,66.36,,,,
2018-01-11,67.5,72.85,67.5,72.85,,,,
2018-01-12,74.03,74.75,73.08,73.79,,,,
2018-01-16,75.51,76.35,69.03,69.62,,,,
2018-01-17,71.19,72.67,70.09,71.54,,,,
2018-01-18,71.67,71.67,69.18,69.18,,,,
2018-01-19,69.33,73.37,69.12,73.37,,,,
2018-01-22,73.39,73.49,71.5,73.47,,,,
2018-01-23,73.39,74.76,72.32,74.67,,,,
2018-01-24,76.69,76.69,71.14,71.22,,,,
2018-01-25,73.57,73.57,69.54,70.63,,,,
2018-01-26,71.67,71.67,69.19,70.68,,,,
2018-01-29,69.05,69.28,66.69,66.69,,,,
2018-01-30,64.12,64.12,60.16,61.18,,,,
2018-01-31,63.72,63.88,57.44,58.1,,,,
2018-02-01,57.14,58.71,55.39,58.43,,,,
2018-02-02,55.57,55.57,46.8,46.82,,,,
2018-02-05,42.7,44.79,28.12,28.2,,,,
2018-02-06,21.11,34.41,21.11,33.07,,,,
2018-02-07,32.47,35.56,31.72,31.9,,,,
2018-02-08,32.76,32.76,19.99,20.01,,,,
2018-02-09,22.63,23.78,14.76,22.08,,,,
2018-02-12,24.75,28.63,22.63,26.96,,,,
2018-02-13,24.62,29.19,24.24,29.01,,,,
2018-02-14,27.07,37.29,27.07,36.9,,,,
2018-02-15,40.48,41.9,36.9,41.89,,,,
2018-02-16,40.42,45.37,40.42,43,,,,
2018-02-20,40.25,42.74,37.67,38.02,,,,
2018-02-21,39.21,45.55,39,39,,,,
2018-02-22,41.6,42.6,37.79,37.79,,,,
2018-02-23,40.77,43.89,39.34,43.89,,,,
2018-02-26,45.46,47.34,42.6,46.87,,,,
2018-02-27,46.38,47.58,39.48,39.48,,,,
2018-02-28,40.68,40.68,32.36,32.36,,,,
2018-03-01,32.59,34.85,28.28,30.77,,,,
2018-03-02,27.61,35.85,26.57,35.85,,,,
2018-03-05,33.99,41.01,33.37,40.12,,,,
2018-03-06,41.94,44.66,38.72,44.11,,,,
2018-03-07,43.15,46.88,42.6,45.74,,,,
2018-03-08,47.84,47.84,44.24,46.3,,,,
2018-03-09,49.3,54.09,48.51,54,,,,
2018-03-12,55.34,56,53.78,55.14,,,,
2018-03-13,57.2,57.85,52.15,52.32,,,,
2018-03-14,53.99,53.99,49.49,50.21,,,,
2018-03-15,51.46,51.46,47,47.86,,,,
2018-03-16,48.44,52.74,48.44,51.94,,,,
2018-03-19,49.9,49.9,42.55,46.9,,,,
2018-03-20,48.49,49.13,45.79,46.59,,,,
2018-03-21,46.68,51.9,46.68,49.92,,,,
2018-03-22,44.6,47,37.57,37.62,,,,
2018-03-23,39.25,39.25,29.48,29.48,,,,
2018-03-26,34.85,37.5,31.2,37.5,,,,
2018-03-27,36.89,39.17,30.78,31.24,,,,
2018-03-28,31.53,32.78,29.33,31.3,,,,
2018-03-29,34.11,39.73,33.98,37.12,,,,
2018-04-02,35.87,36.42,25.21,27.75,,,,
2018-04-03,29.64,34.01,28.55,32.98,,,,
2018-04-04,27.91,40.73,27.91,40.03,,,,
2018-04-05,43.16,46.07,41.98,45.27,,,,
2018-04-06,42.93,45.38,34.17,36.65,,,,
2018-04-09,40.06,43.46,37.62,37.62,,,,
2018-04-10,43.04,47.77,42.03,46.84,,,,
2018-04-11,44.61,49.72,44.61,47.6,,,,
2018-04-12,49.81,52.65,49.57,50.85,,,,
2018-04-13,53.74,53.74,47.65,49.16,,,,
2018-04-16,51.86,57.44,51.6,56.02,,,,
2018-04-17,59.51,62.85,59.23,61.21,,,,
2018-04-18,63.43,65.41,62.84,62.84,,,,
2018-04-19,62.07,62.3,58.13,59.28,,,,
2018-04-20,59.06,59.4,55.76,56.4,,,,
2018-04-23,56.48,58.52,53.6,55.45,,,,
2018-04-24,57.63,58.66,48.06,50.98,,,,
2018-04-25,49.55,51.7,46.41,49.79,,,,
2018-04-26,50.65,54.66,50.16,52.65,,,,
2018-04-27,54.08,54.08,50.97,52.42,,,,
2018-04-30,54.26,54.43,47.94,47.96,,,,
2018-05-01,46.99,50.03,43.24,50.03,,,,
2018-05-02,49.79,52.8,48.89,49.21,,,,
2018-05-03,47.45,48.24,43.2,46.51,,,,
2018-05-04,44.26,54.2,44.26,52.24,,,,
2018-05-07,54.49,57.24,54.22,55.12,,,,
2018-05-08,55.46,56.33,54.06,56.28,,,,
2018-05-09,57.77,59.26,55.61,58.44,,,,
2018-05-10,59.66,62.32,59.16,60.96,,,,
2018-05-11,61.67,62.5,59.94,61.41,,,,
2018-05-14,63.53,63.56,59.61,59.84,,,,
2018-05-15,57.96,59.63,57.36,58.4,,,,
2018-05-16,60.44,63,59.86,61.67,,,,
2018-05-17,62.91,64.27,62.43,63.44,,,,
2018-05-18,65.15,65.15,63.58,63.64,,,,
2018-05-21,66.75,66.94,65.69,66.79,,,,
2018-05-22,68.22,68.22,64.82,64.86,,,,
2018-05-23,63.82,65.53,63.82,65.53,,,,
2018-05-24,65.88,65.88,62.68,64.67,,,,
2018-05-25,64.6,64.77,62.79,63.81,,,,
2018-05-29,61.49,63.13,58.65,60.74,,,,
2018-05-30,63.91,67.85,63.91,66.04,,,,
2018-05-31,67.02,67.02,62.4,62.96,,,,
2018-06-01,66.82,67.13,65.19,66.14,,,,
2018-06-04,68.25,68.55,65.84,66.83,,,,
2018-06-05,67.92,68.62,66.97,68.24,,,,
2018-06-06,70.35,70.56,69.17,70.03,,,,
2018-06-07,70.81,71.9,68.96,69.98,,,,
2018-06-08,70.33,70.34,68.66,69.45,,,,
2018-06-11,70.99,71.1,69.83,70.15,,,,
2018-06-12,71.54,71.54,69.05,70.13,,,,
2018-06-13,71.59,71.59,67.72,67.77,,,,
2018-06-14,69.25,69.3,66.88,68.53,,,,
2018-06-15,66.73,67.48,64.94,66.77,,,,
2018-06-18,65.02,67.16,64.98,67.05,,,,
2018-06-19,64.72,66.48,62.61,65.51,,,,
2018-06-20,67.51,67.88,66.19,66.98,,,,
2018-06-21,67.17,67.17,62.27,62.38,,,,
2018-06-22,65.88,66.05,62.93,64.05,,,,
2018-06-25,62.82,62.82,54.76,56.52,,,,
2018-06-26,57.37,60.46,56.41,59.58,,,,
2018-06-27,60.35,60.35,50.43,50.53,,,,
2018-06-28,49.69,53.05,48.85,52.06,,,,
2018-06-29,54.89,56.17,51.83,51.86,,,,
2018-07-02,48.16,54.28,47.79,54.26,,,,
2018-07-03,56.52,58.28,55.95,56.13,,,,
2018-07-05,58.06,59.9,56.26,59.9,,,,
2018-07-06,59.81,63.54,59.81,62.48,,,,
2018-07-09,65.37,66.65,65.16,66.28,,,,
2018-07-10,67.73,67.87,63.17,64.29,,,,
2018-07-11,62.03,63.52,58.8,58.82,,,,
2018-07-12,61.6,61.6,57.27,59.89,,,,
2018-07-13,60.28,61.7,58.68,58.68,,,,
2018-07-16,59.38,59.38,54.07,55.72,,,,
2018-07-17,55.76,58.07,55.76,56.54,,,,
2018-07-18,56.95,58.41,54.39,58.23,,,,
2018-07-19,57.7,60.95,56.55,59.75,,,,
2018-07-20,59.74,60,57.97,58.23,,,,
2018-07-23,57.34,58.04,55.03,56.79,,,,
2018-07-24,60.22,60.63,52.66,53.45,,,,
2018-07-25,54.11,54.95,51.38,54.04,,,,
2018-07-26,55.32,58.47,55.32,56.95,,,,
2018-07-27,58.33,58.33,47.5,48.24,,,,
2018-07-30,49.38,49.38,45.65,45.68,,,,
2018-07-31,48.05,51.3,47,50.09,,,,
2018-08-01,49.47,50.05,45.24,47.77,,,,
2018-08-02,45.74,51.6,45.74,50.95,,,,
2018-08-03,52.43,52.78,47.91,49.1,,,,
2018-08-06,48.76,51.52,48.76,51.23,,,,
2018-08-07,53.94,54.58,51.83,52.05,,,,
2018-08-08,52.18,52.41,49.94,51.92,,,,
2018-08-09,52.52,53.9,52.1,52.48,,,,
2018-08-10,49.64,50.92,48.88,49,,,,
2018-08-13,48.95,49.31,44.9,45.93,,,,
2018-08-14,48.6,49.97,48.5,49.57,,,,
2018-08-15,45.12,45.12,42.67,44.18,,,,
2018-08-16,47.1,49.71,46.97,47.94,,,,
2018-08-17,47.42,50.4,47.42,49.64,,,,
2018-08-20,52.1,52.5,50.57,52.17,,,,
2018-08-21,54.89,57.16,54.43,54.82,,,,
2018-08-22,56.91,57,55.65,56.49,,,,
2018-08-23,56.91,56.91,53.46,53.63,,,,
2018-08-24,56.94,56.94,55.62,56.11,,,,
2018-08-27,58.96,61.26,57.92,57.94,,,,
2018-08-28,60.02,60.39,57,57.71,,,,
2018-08-29,59.14,60.08,57.41,59.75,,,,
2018-08-30,59.01,59.01,56.01,56.23,,,,
2018-08-31,56.03,57.9,55.19,57.69,,,,
2018-09-04,56.86,56.92,52.74,54.41,,,,
2018-09-05,53.95,54.59,51.45,53.94,,,,
2018-09-06,55.49,55.49,50.3,50.63,,,,
2018-09-07,49.16,50.49,47.68,49.16,,,,
2018-09-10,51.45,51.45,48.93,49.87,,,,
2018-09-11,48.47,49.92,47.05,48.19,,,,
2018-09-12,49.35,49.35,46.32,47.96,,,,
2018-09-13,50.83,50.83,48.28,48.45,,,,
2018-09-14,49.61,50.86,47.77,48.78,,,,
2018-09-17,49.37,49.37,46.37,46.57,,,,
2018-09-18,48.71,49.59,47.3,48.22,,,,
2018-09-19,50.53,51.26,47.55,47.58,,,,
2018-09-20,51.11,53.54,50.22,53.25,,,,
2018-09-21,53.97,54.62,52.2,52.69,,,,
2018-09-24,51.82,51.91,46.73,47.9,,,,
2018-09-25,50.43,50.43,47.36,47.41,,,,
2018-09-26,47.63,47.78,43.36,43.4,,,,
2018-09-27,44.16,45.96,44.16,44.29,,,,
2018-09-28,44.02,46.53,44.02,45.17,,,,
2018-10-01,47.89,47.89,41.18,42.01,,,,
2018-10-02,41.85,42.87,39.6,40.02,,,,
2018-10-03,41.07,43.98,40.44,42.48,,,,
2018-10-04,40.98,40.98,34.69,36.05,,,,
2018-10-05,36.49,37.25,30.53,33.18,,,,
2018-10-08,31.29,33.13,29.74,32.62,,,,
2018-10-09,31.51,33.91,31.39,31.39,,,,
2018-10-10,29.88,29.88,19.68,19.68,,,,
2018-10-11,18.08,19.12,14.69,14.76,,,,
2018-10-12,17.29,17.84,14.22,16.19,,,,
2018-10-15,17.21,18.9,15.61,17.64,,,,
2018-10-16,18.83,25.9,18.77,25.83,,,,
2018-10-17,23.86,24.45,21.53,24.17,,,,
2018-10-18,22.68,24.22,19.29,20.19,,,,
2018-10-19,20.72,22.68,18.55,18.89,,,,
2018-10-22,19.33,19.33,17.15,17.86,,,,
2018-10-23,14.53,16.91,12.83,15.67,,,,
2018-10-24,16.03,16.55,11.25,11.3,,,,
2018-10-25,13.19,14.26,11.44,13.24,,,,
2018-10-26,11.35,12.57,9.58,11.39,,,,
2018-10-29,15.28,15.54,10.82,12.26,,,,
2018-10-30,13.13,16.11,13.13,16.07,,,,
2018-10-31,18.32,19.46,17.49,17.49,,,,
2018-11-01,18.89,22.64,18.89,22.63,,,,
2018-11-02,25.78,25.79,21.35,23.57,,,,
2018-11-05,25.03,25.69,23.59,24.76,,,,
2018-11-06,25.71,28.17,25.71,28.17,,,,
2018-11-07,32.36,35.61,31.32,35.54,,,,
2018-11-08,35.34,37.28,34.57,36.09,,,,
2018-11-09,34.55,34.55,29.21,31.51,,,,
2018-11-12,31.89,31.89,26.01,26.03,,,,
2018-11-13,28.17,30.62,26.74,27.25,,,,
2018-11-14,29.98,30.28,23.86,24.76,,,,
2018-11-15,23.81,28.23,23.21,28,,,,
2018-11-16,27.46,30.62,26.98,30.01,,,,
2018-11-19,30.12,30.99,25.27,26.37,,,,
2018-11-20,24.3,24.3,20.19,20.98,,,,
2018-11-21,23.18,26.48,22.86,24.41,,,,
2018-11-23,23.52,27.32,23.52,26.29,,,,
2018-11-26,29.6,30.52,28.04,29.48,,,,
2018-11-27,29.05,29.94,27.68,27.79,,,,
2018-11-28,30.64,37.28,27.7,37.23,,,,
2018-11-29,37.89,38.71,34.83,36.54,,,,
2018-11-30,37.33,41.6,37.33,40.28,,,,
2018-12-03,47.54,47.54,41.23,45.01,,,,
2018-12-04,45.66,45.66,29.17,29.17,,,,
2018-12-06,24.83,29.3,22.67,29.24,,,,
2018-12-07,32.91,33.3,23.01,24.03,,,,
2018-12-10,26.3,26.3,19.24,23.24,,,,
2018-12-11,30.56,30.56,23.1,24.23,,,,
2018-12-12,30.62,30.92,27.32,27.34,,,,
2018-12-13,31.63,31.63,25.05,25.26,,,,
2018-12-14,23.79,24.89,20.79,21.13,,,,
2018-12-17,20.67,21.12,14.46,14.55,,,,
2018-12-18,17.46,17.46,14.73,14.78,,,,
2018-12-19,16.01,18.07,12.3,12.47,,,,
2018-12-20,12.37,13.11,9.47,11.05,,,,
2018-12-21,10.53,12.25,7.9,7.9,,,,
2018-12-24,7.35,7.35,5.62,5.63,,,,
2018-12-26,6.26,10.43,5.76,10.34,,,,
2018-12-27,8.06,11.17,7.4,11.1,,,,
2018-12-28,12.17,15.46,11.36,12.78,,,,
2018-12-31,14.23,15.35,12.69,15.32,,,,
2019-01-02,11.99,16.47,11.99,16.4,,,,
2019-01-03,14.91,15.9,12.32,13.22,,,,
2019-01-04,15.41,24.16,15.41,24.16,,,,
2019-01-07,25.21,32.8,25.21,31.06,,,,
2019-01-08,35.18,36.94,30.82,36.87,,,,
2019-01-09,39.75,41.89,37.93,41.32,,,,
2019-01-10,37.71,44.01,37.49,43.77,,,,
2019-01-11,41.12,44.95,40.9,44.79,,,,
2019-01-14,41.02,44.33,40.92,40.96,,,,
2019-01-15,42.8,46.26,41.99,46.26,,,,
2019-01-16,49.47,52.62,49.47,51.52,,,,
2019-01-17,51.59,58.56,51.59,56.8,,,,
2019-01-18,61.66,66.14,61.01,64.48,,,,
2019-01-22,62.17,62.17,53.44,55.36,,,,
2019-01-23,59.99,61.27,52.88,56.17,,,,
2019-01-24,58.9,61.11,58.2,60.5,,,,
2019-01-25,66.81,68.29,66.66,67.24,,,,
2019-01-28,64.53,66.43,62.92,65.11,,,,
2019-01-29,67.7,68.18,64.99,65.05,,,,
2019-01-30,68.95,71.22,66.17,70.72,,,,
2019-01-31,72.6,74.69,72.12,74.03,,,,
2019-02-01,76.35,76.35,73.64,74.59,,,,
2019-02-04,75.88,78.94,75.16,78.93,,,,
2019-02-05,81.27,81.4,78.37,78.97,,,,
2019-02-06,80.09,80.09,78.03,78.13,,,,
2019-02-07,77.23,77.37,72.54,73.66,,,,
2019-02-08,74.49,75.28,71.61,73.18,,,,
2019-02-11,75.28,75.7,74.18,74.98,,,,
2019-02-12,79.66,80.24,79.19,79.91,,,,
2019-02-13,82.56,82.56,80.86,81.16,,,,
2019-02-14,80.76,82.74,80.76,80.78,,,,
2019-02-15,83.67,85.49,83.67,84.46,,,,
2019-02-19,85.31,86.19,85.1,85.77,,,,
2019-02-20,86.72,87.05,84.86,84.86,,,,
2019-02-21,85.49,85.81,83.16,84.09,,,,
2019-02-22,85.71,86,84.76,85.65,,,,
2019-02-25,87.86,87.86,85.24,85.27,,,,
2019-02-26,86.21,86.21,83.96,83.96,,,,
2019-02-27,83.97,84.5,83.25,83.4,,,,
2019-02-28,83.17,83.17,81.51,81.54,,,,
2019-03-01,83.56,83.78,81.26,82.18,,,,
2019-03-04,82.9,82.9,78.18,80,,,,
2019-03-05,79.55,79.55,78.21,78.21,,,,
2019-03-06,78.47,78.47,70.8,70.83,,,,
2019-03-07,69.25,69.25,65.32,65.53,,,,
2019-03-08,59.97,63.57,59.97,62.86,,,,
2019-03-11,64.24,69.32,64.24,69.32,,,,
2019-03-12,69.57,70.21,68,68,,,,
2019-03-13,69.3,70.98,68.65,69.54,,,,
2019-03-14,68.95,83.33,66.29,83.33,,,,
2019-03-15,67.61,68.37,64.52,66.03,,,,
2019-03-18,66.22,69.18,65.6,68.77,,,,
2019-03-19,69.68,69.68,63.37,63.92,,,,
2019-03-20,63.15,63.76,57.2,59.1,,,,
2019-03-21,58.05,63.21,58.05,61.16,,,,
2019-03-22,58.35,58.35,46.82,46.92,,,,
2019-03-25,46.75,48.79,43.74,47.31,,,,
2019-03-26,51.47,53.19,49,51.02,,,,
2019-03-27,51.72,51.72,46.61,49.9,,,,
2019-03-28,50.22,52.2,47.94,51.64,,,,
2019-03-29,54.39,55.32,51.78,52.58,,,,
2019-04-01,57.36,59.14,56.44,58.82,,,,
2019-04-02,59.13,59.13,55.24,57.3,,,,
2019-04-03,60.6,61.15,57.32,58.24,,,,
2019-04-04,59.22,60.85,58.75,60.76,,,,
2019-04-05,63.36,65.34,63.16,65.04,,,,
2019-04-08,64.11,64.77,63.13,63.83,,,,
2019-04-09,62.89,62.89,57.4,57.45,,,,
2019-04-10,60.22,62.26,58.84,61.8,,,,
2019-04-11,63.78,63.78,60.71,60.9,,,,
2019-04-12,64.85,65.35,61.55,62.83,,,,
2019-04-15,64.5,64.5,58.68,59.37,,,,
2019-04-16,62.25,62.25,59.36,60.17,,,,
2019-04-17,61.63,61.63,55.97,56.12,,,,
2019-04-18,55.13,56.89,53.64,55.58,,,,
2019-04-22,55.03,55.03,51.19,52.16,,,,
2019-04-23,54.22,59.49,54.02,59.24,,,,
2019-04-24,59.9,60.49,57.82,58.6,,,,
2019-04-25,56.57,56.57,52.58,54.52,,,,
2019-04-26,55.63,58.96,55.31,58.61,,,,
2019-04-29,59.71,61.77,59.21,60.1,,,,
2019-04-30,60.67,60.67,55.01,58.51,,,,
2019-05-01,59.94,59.94,52.76,52.78,,,,
2019-05-02,53.32,56.16,50.3,53.73,,,,
2019-05-03,57.4,62.3,57.01,62.27,,,,
2019-05-06,54.81,61.23,54.81,60,,,,
2019-05-07,56.93,57.27,48.3,50.4,,,,
2019-05-08,49.86,52.25,48.65,48.65,,,,
2019-05-09,44.33,48.5,41.28,47.89,,,,
2019-05-10,46.17,50.28,41.93,49.85,,,,
2019-05-13,41.01,41.14,35.16,36.17,,,,
2019-05-14,37.99,44.08,37.99,42.22,,,,
2019-05-15,38.12,44.48,38.12,44.48,,,,
2019-05-16,46.22,50.28,46.22,47.72,,,,
2019-05-17,44.03,47.02,41.53,41.53,,,,
2019-05-20,38.09,41.12,37.67,39.26,,,,
2019-05-21,41.89,44.23,41.89,43.82,,,,
2019-05-22,42.11,42.52,39.97,40.73,,,,
2019-05-23,35.37,35.4,31.48,33.16,,,,
2019-05-24,35.94,36.84,34.44,36.32,,,,
2019-05-28,36.89,37.74,33.38,33.46,,,,
2019-05-29,30.01,30.64,27.3,29.08,,,,
2019-05-30,30.55,31.57,26.78,28.59,,,,
2019-05-31,24.1,26.03,23.08,25.64,,,,
2019-06-03,26.14,26.88,23.91,26.06,,,,
2019-06-04,28.87,33.09,27.72,33.04,,,,
2019-06-05,33.89,34.4,30.8,33.33,,,,
2019-06-06,33.82,34.26,31.05,33.48,,,,
2019-06-07,35.46,37.64,35.23,35.97,,,,
2019-06-10,37.89,40.11,37.58,38.06,,,,
2019-06-11,42.05,42.07,37,38.19,,,,
2019-06-12,38.33,39.07,36.75,38.37,,,,
2019-06-13,40.31,42.09,39.89,42.03,,,,
2019-06-14,41.46,41.46,39.3,39.3,,,,
2019-06-17,40.44,41.54,39.82,39.94,,,,
2019-06-18,43.87,48.01,43.87,45.69,,,,
2019-06-19,46.79,47.5,45.91,47.12,,,,
2019-06-20,52.45,52.45,48.13,49.73,,,,
2019-06-21,48.84,49.55,46.91,47.6,,,,
2019-06-24,48.32,48.32,42.73,42.73,,,,
2019-06-25,44.1,44.1,41.34,41.69,,,,
2019-06-26,44.25,44.67,40.89,40.89,,,,
2019-06-27,44.27,48.53,44.16,48.49,,,,
2019-06-28,52.73,56.83,52.52,56.83,,,,
2019-07-01,64.4,64.4,57.02,59.34,,,,
2019-07-02,59.05,59.69,54.63,56.52,,,,
2019-07-03,59.27,61.46,59.27,61.44,,,,
2019-07-05,60.36,63.63,58.4,63.62,,,,
2019-07-08,61.92,62.73,58.14,58.68,,,,
2019-07-09,58.15,58.94,56.5,58.86,,,,
2019-07-10,63.85,63.85,58.38,59.87,,,,
2019-07-11,62.12,62.59,56.73,58.23,,,,
2019-07-12,60.98,64.61,60.98,62.72,,,,
2019-07-15,64.57,64.57,59.81,60.55,,,,
2019-07-16,61.48,63.37,60.45,60.46,,,,
2019-07-17,61.75,61.75,56.27,56.27,,,,
2019-07-18,56.48,58.11,55.54,57.68,,,,
2019-07-19,58.85,59.8,55.69,55.69,,,,
2019-07-22,57.87,58.2,53.66,53.89,,,,
2019-07-23,57.26,58.42,55.57,58.36,,,,
2019-07-24,58.23,63.85,58.23,63.44,,,,
2019-07-25,63.86,63.86,58.55,58.55,,,,
2019-07-26,60.82,63.27,60.81,61.91,,,,
2019-07-29,62.91,62.91,60.15,60.17,,,,
2019-07-30,58.65,64.02,58.57,63.48,,,,
2019-07-31,65.08,66.01,58.44,58.54,,,,
2019-08-01,59.03,61.81,50.03,50.12,,,,
2019-08-02,47.98,47.98,42.13,45.16,,,,
2019-08-05,35.13,35.13,26.26,29.4,,,,
2019-08-06,32.96,34.89,29.91,34.87,,,,
2019-08-07,29.87,35.99,28.65,35.81,,,,
2019-08-08,38.79,44.69,38.79,43.19,,,,
2019-08-09,42.12,42.41,38.42,38.92,,,,
2019-08-12,36.47,36.47,34.15,34.95,,,,
2019-08-13,34.2,41.01,34.2,38.6,,,,
2019-08-14,32.2,32.33,27.54,27.85,,,,
2019-08-15,28.69,29.42,27.11,28.09,,,,
2019-08-16,30.38,34.98,30.38,34.81,,,,
2019-08-19,39.16,39.41,38.4,38.43,,,,
2019-08-20,37.78,38.46,36.41,36.41,,,,
2019-08-21,39,39.63,38.26,39.42,,,,
2019-08-22,41.06,41.26,37.28,38.77,,,,
2019-08-23,37.31,38.32,27.93,28.31,,,,
2019-08-26,30.67,31.55,28.71,31.55,,,,
2019-08-27,33.93,33.93,27.58,27.67,,,,
2019-08-28,26.88,31.84,26.88,31.04,,,,
2019-08-29,35.64,37.24,35.38,36.36,,,,
2019-08-30,39.48,39.48,35.72,36.92,,,,
2019-09-03,34.64,36.23,31.44,33.03,,,,
2019-09-04,36.76,37.14,35.69,36.65,,,,
2019-09-05,41.79,46.77,41.53,43.8,,,,
2019-09-06,45.95,46.89,43.48,43.48,,,,
2019-09-09,45.69,49.49,44.86,49.24,,,,
2019-09-10,49.8,56.37,48.73,56.27,,,,
2019-09-11,57.59,64.33,57.52,64.33,,,,
2019-09-12,65.25,65.55,62.9,64.56,,,,
2019-09-13,68.22,68.56,65.32,65.32,,,,
2019-09-16,66.1,68.17,66.1,67.34,,,,
2019-09-17,67.08,67.45,65.35,67.28,,,,
2019-09-18,67.42,67.42,62.54,65.67,,,,
2019-09-19,68.19,68.99,64.67,64.67,,,,
2019-09-20,66.9,67.37,63.41,64.94,,,,
2019-09-23,63.44,65.79,63.25,64.58,,,,
2019-09-24,50,66.25,50,56.12,,,,
2019-09-25,57.72,62.13,55.81,60.89,,,,
2019-09-26,61.23,61.23,56.23,57.06,,,,
2019-09-27,58.15,59.65,52.58,54.04,,,,
2019-09-30,55.15,57.44,53.95,55.36,,,,
2019-10-01,57.57,59.26,43.82,43.84,,,,
2019-10-02,37.74,37.74,32.39,35.38,,,,
2019-10-03,34.28,37.81,30.19,37.67,,,,
2019-10-04,40.05,45.4,38.48,45.35,,,,
2019-10-07,43.16,48.45,41.63,43.9,,,,
2019-10-08,39.02,39.02,33.73,33.8,,,,
2019-10-09,38.57,40.32,36.42,37.92,,,,
2019-10-10,39.08,44.51,39.08,41.61,,,,
2019-10-11,51.66,57.58,51.66,52.31,,,,
2019-10-14,50.47,50.71,48.61,50.07,,,,
2019-10-15,51.5,57.2,51.19,55.26,,,,
2019-10-16,54.89,57,54.36,55.14,,,,
2019-10-17,57.63,60.24,57.63,59.68,,,,
2019-10-18,58.82,59.56,55.26,57.58,,,,
2019-10-21,61.94,63,61,62.13,,,,
2019-10-22,62.8,62.99,60.51,60.66,,,,
2019-10-23,60.4,61.66,60.13,60.93,,,,
2019-10-24,62.46,62.46,58.19,59.8,,,,
2019-10-25,59.23,62.54,59.21,61.33,,,,
2019-10-28,63.96,65.18,63.03,63.03,,,,
2019-10-29,62.33,64.79,62.26,63.17,,,,
2019-10-30,63.4,63.56,60.19,63.49,,,,
2019-10-31,62.65,62.65,57.31,59.61,,,,
2019-11-01,62.88,65.84,62.88,65.84,,,,
2019-11-04,69.26,69.26,67.15,67.48,,,,
2019-11-05,68.77,68.81,66.46,66.65,,,,
2019-11-06,65.51,65.52,63.07,63.82,,,,
2019-11-07,66.34,66.37,62.67,62.98,,,,
2019-11-08,62.27,63.29,61.81,62.85,,,,
2019-11-11,61.59,62.46,61.05,62.19,,,,
2019-11-12,62.13,63.27,60.93,61.04,,,,
2019-11-13,59.26,60.21,58.82,59.26,,,,
2019-11-14,59.56,60.46,59.18,59.21,,,,
2019-11-15,62.18,62.18,60.31,61.49,,,,
2019-11-18,59.84,60.04,58.84,59.29,,,,
2019-11-19,60.63,61.41,58.67,60.52,,,,
2019-11-20,60.63,61.92,57.83,58.64,,,,
2019-11-21,59.75,59.75,55.74,56.81,,,,
2019-11-22,58.7,59.41,56.3,58.56,,,,
2019-11-25,61.09,65.4,61.09,65.13,,,,
2019-11-26,65.49,66.4,64.74,65.02,,,,
2019-11-27,66.41,67.19,65.52,67.02,,,,
2019-11-29,65.84,66.83,65.84,66.08,,,,
2019-12-02,66.07,66.07,60.59,60.86,,,,
2019-12-03,56.23,58.1,55.32,57.97,,,,
2019-12-04,61.49,63.64,61.49,61.66,,,,
2019-12-05,63.34,63.34,61.41,61.89,,,,
2019-12-06,67.49,68.28,66.26,66.29,,,,
2019-12-09,66.69,67.56,65.51,65.54,,,,
2019-12-10,65.14,66.87,64.61,65.35,,,,
2019-12-11,66.15,66.84,64.64,66.5,,,,
2019-12-12,68.92,70.83,67.3,68.65,,,,
2019-12-13,68.2,69.45,66.06,67.64,,,,
2019-12-16,70.65,71.9,69.62,69.62,,,,
2019-12-17,70.16,71.02,69.81,70.85,,,,
2019-12-18,71.27,71.66,69.83,71.1,,,,
2019-12-19,71.12,72.06,70.77,71.76,,,,
2019-12-20,73.39,73.39,71.89,72.39,,,,
2019-12-23,71.55,72.49,71.38,72.27,,,,
2019-12-24,72.27,73.12,72.27,72.91,,,,
2019-12-26,73.15,73.15,71.27,72.23,,,,
2019-12-27,72.78,72.78,69.93,70.21,,,,
2019-12-30,67.93,69.84,66.93,68.39,,,,
2019-12-31,68.73,70.42,68.73,69.94,,,,
2020-01-02,72.19,72.19,65.99,69.42,,,,
2020-01-03,64.71,68.56,64.5,67.09,,,,
2020-01-06,62.47,67.74,61.78,66.9,,,,
2020-01-07,64.54,65.2,62.96,63.1,,,,
2020-01-08,64.23,65.48,63.2,64.28,,,,
2020-01-09,64.49,66.22,64,64.06,,,,
2020-01-10,63.21,64.8,61.6,61.97,,,,
2020-01-13,61.52,65.2,61.52,65.17,,,,
2020-01-14,64.05,68.22,63.8,65.35,,,,
2020-01-15,68.36,68.9,64.78,66.68,,,,
2020-01-16,72.56,73.45,71.84,72.7,,,,
2020-01-17,74,74,71.5,71.77,,,,
2020-01-21,68.52,68.89,65.85,66.33,,,,
2020-01-22,68.46,68.46,63.9,64.18,,,,
2020-01-23,59.24,64.32,59.24,63.16,,,,
2020-01-24,63.07,63.07,53.96,56.15,,,,
2020-01-27,48.01,51.02,47.92,48.55,,,,
2020-01-28,51.47,52.47,51.47,52.47,,,,
2020-01-29,53.86,53.86,49.09,49.19,,,,
2020-01-30,47.12,48.26,43.68,48.24,,,,
2020-01-31,45.3,45.3,39.2,39.22,,,,
2020-02-03,43.01,44.78,42.3,42.46,,,,
2020-02-04,49.42,49.42,48.02,48.15,,,,
2020-02-05,52.66,54.71,51.31,54.41,,,,
2020-02-06,54.14,54.49,51.81,51.89,,,,
2020-02-07,49.75,49.75,46.82,47.28,,,,
2020-02-10,47.42,48.22,46.35,48.22,,,,
2020-02-11,51.08,52.43,50.4,50.76,,,,
2020-02-12,53.82,53.82,52.18,52.65,,,,
2020-02-13,52.28,52.28,50.96,51.75,,,,
2020-02-14,51.68,52.02,49.22,50.15,,,,
2020-02-18,49.94,50.14,47.43,48.99,,,,
2020-02-19,50.85,51.6,50.03,50.17,,,,
2020-02-20,51.09,51.81,48.09,50.56,,,,
2020-02-21,48.36,48.36,46.46,46.9,,,,
2020-02-24,36.94,37.48,33.93,35.21,,,,
2020-02-25,35.24,35.24,23.87,24.3,,,,
2020-02-26,26.51,27.46,21.87,21.87,,,,
2020-02-27,16.71,19.59,13.56,13.56,,,,
2020-02-28,9.15,11.73,9.15,11.73,,,,
2020-03-02,11.59,16.7,11.48,16.7,,,,
2020-03-03,15.98,19.66,13.23,14.53,,,,
2020-03-04,17.7,21.3,17.01,21.23,,,,
2020-03-05,17.05,18.56,15.43,16.57,,,,
2020-03-06,12.03,13.9,10.75,13.11,,,,
2020-03-09,6.72,8.5,6.1,6.4,,,,
2020-03-10,7.55,8.26,5.17,7.66,,,,
2020-03-11,5.85,6.41,4.05,4.53,,,,
2020-03-12,2.59,2.81,2.2,2.39,,,,
2020-03-13,2.86,3.8,2.19,3.79,,,,
2020-03-16,3.23,3.23,1.91,1.96,,,,
2020-03-17,2.15,3.78,2.15,3.75,,,,
2020-03-18,2.87,3.33,2.29,2.78,,,,
2020-03-19,2.65,3.29,2.65,3.03,,,,
2020-03-20,2.93,3.21,2.31,2.47,,,,
2020-03-23,2.23,2.74,2.06,2.53,,,,
2020-03-24,3.46,3.62,2.92,3.59,,,,
2020-03-25,4.43,5.1,3.6,3.79,,,,
2020-03-26,4.8,5.77,4.5,5.7,,,,
2020-03-27,4.42,5.46,4.34,4.46,,,,
2020-03-30,5.23,6.7,5.23,6.69,,,,
2020-03-31,6.79,7.54,5.89,6.94,,,,
2020-04-01,5.56,6.02,4.67,4.93,,,,
2020-04-02,5,6.49,4.85,6.49,,,,
2020-04-03,6.73,6.73,5.22,5.96,,,,
2020-04-06,8.51,10.18,8.48,10.17,,,,
2020-04-07,12.75,12.75,9.2,9.52,,,,
2020-04-08,10.58,13.62,9.88,13.13,,,,
2020-04-09,18.04,19.45,15.97,18.86,,,,
2020-04-13,17.66,17.66,15.1,16.7,,,,
2020-04-14,23.54,24.52,20.99,23.7,,,,
2020-04-15,18.38,20.07,17.32,19,,,,
2020-04-16,21.55,21.55,18.47,21.03,,,,
2020-04-17,26.04,28.11,25.01,27.98,,,,
2020-04-20,26.15,29.63,25.97,26.23,,,,
2020-04-21,23.47,24.14,20.67,22.3,,,,
2020-04-22,27.03,27.84,26.1,27.25,,,,
2020-04-23,31.42,32.84,29.39,29.47,,,,
2020-04-24,33.18,35.07,30.77,34.36,,,,
2020-04-27,39.58,46.28,39.58,44.9,,,,
2020-04-28,54.78,55.51,48.52,51.4,,,,
2020-04-29,62.79,71.68,62.79,69.67,,,,
2020-04-30,64.36,66.25,60.19,60.36,,,,
2020-05-01,53.98,53.98,45.11,48.87,,,,
2020-05-04,47.37,51.97,46.54,51.97,,,,
2020-05-05,61.65,63.21,54.2,54.23,,,,
2020-05-06,57.2,57.2,51.7,51.71,,,,
2020-05-07,60.09,61.16,57.76,58.24,,,,
2020-05-08,67.85,71.59,66.66,71.05,,,,
2020-05-11,68.01,69.91,65.13,66.71,,,,
2020-05-12,100,100,58.79,58.8,,,,
2020-05-13,57.04,57.47,48.93,50.74,,,,
2020-05-14,44.9,52.87,42.49,52.81,,,,
2020-05-15,53.5,57.57,53.5,56.83,,,,
2020-05-18,73.48,77.38,72.31,76.85,,,,
2020-05-19,75.7,76.86,71.07,71.07,,,,
2020-05-20,78.34,80.08,77.39,78.75,,,,
2020-05-21,81.19,81.44,78.36,79.04,,,,
2020-05-22,79.53,79.53,76.59,79.02,,,,
2020-05-26,87.94,88.37,86.76,86.84,,,,
2020-05-27,89.92,90.82,86.87,90.79,,,,
2020-05-28,91.86,91.86,88.27,88.27,,,,
2020-05-29,86.6,86.89,83.97,86.42,,,,
2020-06-01,87.71,88.97,87.28,87.28,,,,
2020-06-02,88.38,88.7,87.33,88.26,,,,
2020-06-03,90.64,92.02,90.62,90.79,,,,
2020-06-04,90.47,91.53,89.73,90.76,,,,
2020-06-05,92.7,92.89,92.1,92.34,,,,
2020-06-08,92.97,94.27,92.97,94.23,,,,
2020-06-09,93.53,93.87,92.9,93.3,,,,
2020-06-10,93.38,93.38,91.33,91.33,,,,
2020-06-11,84.62,85.57,73.99,74.04,,,,
2020-06-12,83.87,83.87,70.77,78.82,,,,
2020-06-15,68.75,82.24,68.75,82.02,,,,
2020-06-16,88.77,88.88,83.69,85.74,,,,
2020-06-17,85.34,85.34,80.02,80.33,,,,
2020-06-18,78.53,80.94,78.11,78.29,,,,
2020-06-19,81.55,81.56,74.17,76.47,,,,
2020-06-22,71.26,77.05,71.26,77,,,,
2020-06-23,80.86,80.86,76.29,76.29,,,,
2020-06-24,70.42,70.42,57.78,61.52,,,,
2020-06-25,56.78,66.73,56.78,66.68,,,,
2020-06-26,62.22,62.22,53.47,54.67,,,,
2020-06-29,55.37,66.87,55.37,65.21,,,,
2020-06-30,64.87,71.31,63.67,70.41,,,,
2020-07-01,72.29,72.29,63.96,64.21,,,,
2020-07-02,72.32,73.63,64.44,64.49,,,,
2020-07-06,72.1,72.66,65.77,67.5,,,,
2020-07-07,61.3,63.46,56.49,57.02,,,,
2020-07-08,56.74,59.49,51.91,56.31,,,,
2020-07-09,52.79,52.79,44.26,46.9,,,,
2020-07-10,49.27,54.31,47.55,54.3,,,,
2020-07-13,56.37,60.73,50.52,50.52,,,,
2020-07-14,51.09,55.72,48.37,55.64,,,,
2020-07-15,64.6,70.54,64.6,69.67,,,,
2020-07-16,64.31,67.87,64.05,65.5,,,,
2020-07-17,66.06,67.62,64.02,65.42,,,,
2020-07-20,64.59,64.59,61.24,61.89,,,,
2020-07-21,67.11,70.61,67.11,68.77,,,,
2020-07-22,66.57,68.62,66.33,67.28,,,,
2020-07-23,67.57,70.02,64.98,66.06,,,,
2020-07-24,64.28,64.39,59.94,59.94,,,,
2020-07-27,58.99,60.79,57.97,60.78,,,,
2020-07-28,59.65,60.49,57.11,57.11,,,,
2020-07-29,59.71,63.81,58.44,63.17,,,,
2020-07-30,57.31,59.29,54.91,58.82,,,,
2020-07-31,57.47,57.47,49.04,53.66,,,,
2020-08-03,54.92,57.72,53.58,57.49,,,,
2020-08-04,57.83,59.88,57.1,59.66,,,,
2020-08-05,64.22,64.97,62.53,64.91,,,,
2020-08-06,64.81,64.95,62.17,63.45,,,,
2020-08-07,62.72,68.6,62.64,68.58,,,,
2020-08-10,71.28,72.96,71.28,72.69,,,,
2020-08-11,76.88,76.88,71.62,72.2,,,,
2020-08-12,75.98,75.98,71.3,72.83,,,,
2020-08-13,71.69,73.35,70.47,71.38,,,,
2020-08-14,69.57,72.08,68.99,71.03,,,,
2020-08-17,72.12,72.12,70.72,71.04,,,,
2020-08-18,71.62,71.66,67.11,67.43,,,,
2020-08-19,68.77,69.97,68.07,68.71,,,,
2020-08-20,64.85,64.85,63.5,63.6,,,,
2020-08-21,62.82,62.82,58.25,59.27,,,,
2020-08-24,62.48,64.37,61.05,64.37,,,,
2020-08-25,66.7,66.7,62.76,65.35,,,,
2020-08-26,65.75,65.92,62.21,62.21,,,,
2020-08-27,64.27,65.5,61.99,64.01,,,,
2020-08-28,66.38,67.48,64.71,67.45,,,,
2020-08-31,65.05,65.46,62,62.07,,,,
2020-09-01,60.09,63.14,60.09,63.13,,,,
2020-09-02,63.66,66.41,62.5,66.27,,,,
2020-09-03,65.93,66.91,55.59,57.23,,,,
2020-09-04,59.93,59.93,48.85,55.14,,,,
2020-09-08,47.49,51.09,45.52,45.73,,,,
2020-09-09,49.85,52.1,48.13,49.6,,,,
2020-09-10,51.58,52.22,44.26,44.27,,,,
2020-09-11,45.33,46.02,40.75,42.78,,,,
2020-09-14,46.15,51.23,46.15,50.92,,,,
2020-09-15,54.3,54.3,50.42,50.54,,,,
2020-09-16,51.76,57.13,51.71,52.78,,,,
2020-09-17,46.93,51.65,46.67,51.12,,,,
2020-09-18,51.51,51.84,45.05,47.67,,,,
2020-09-21,37.82,37.82,30.8,33.06,,,,
2020-09-22,34.42,34.56,30.34,34.26,,,,
2020-09-23,34.13,34.91,24.86,24.88,,,,
2020-09-24,22.26,27.77,20.72,24,,,,
2020-09-25,22.41,29.73,22.41,28.89,,,,
2020-09-28,34.25,37.87,33.86,36.96,,,,
2020-09-29,36.48,37.06,32.72,34.52,,,,
2020-09-30,36.87,39.93,33.72,34.94,,,,
2020-10-01,38.64,40.44,36.05,40.44,,,,
2020-10-02,33.39,43.73,33.39,42.8,,,,
2020-10-05,47.77,52.62,47.11,52.25,,,,
2020-10-06,55.93,61.42,50,50.01,,,,
2020-10-07,55.45,58.71,55.21,58.02,,,,
2020-10-08,61.92,64.05,60.79,63.87,,,,
2020-10-09,67.92,67.92,63.97,65.44,,,,
2020-10-12,65.53,68.24,65.05,67.51,,,,
2020-10-13,65.54,65.54,62.25,62.86,,,,
2020-10-14,64.71,65.78,59.37,59.37,,,,
2020-10-15,54.25,62.29,53.96,62.16,,,,
2020-10-16,63.51,64.05,61.56,61.56,,,,
2020-10-19,63.4,64.59,55.41,55.72,,,,
2020-10-20,59.8,61.16,58.32,58.65,,,,
2020-10-21,58.95,60.61,57.29,57.29,,,,
2020-10-22,58.16,62.84,56.12,61.83,,,,
2020-10-23,63.83,64.44,61.61,64.39,,,,
2020-10-26,59.09,59.09,50.28,54.22,,,,
2020-10-27,53.87,54.37,49.42,49.43,,,,
2020-10-28,38.96,41.69,35.85,35.99,,,,
2020-10-29,35.17,42.03,32.83,41.53,,,,
2020-10-30,40.18,40.18,34.24,36.27,,,,
2020-11-02,40.29,44.55,39.31,44.51,,,,
2020-11-03,50.96,55.81,50.96,54.57,,,,
2020-11-04,55.2,59.06,52.94,53.75,,,,
2020-11-05,59.87,65.19,59.87,64.1,,,,
2020-11-06,64.21,64.21,59.88,59.88,,,,
2020-11-09,76.94,76.94,71.29,71.41,,,,
2020-11-10,73.37,75.29,71.09,74.82,,,,
2020-11-11,76.2,77.12,74.88,77.12,,,,
2020-11-12,76.15,76.58,71.69,72.96,,,,
2020-11-13,75.87,78.15,75.86,77.69,,,,
2020-11-16,79.26,80.57,79.26,80.53,,,,
2020-11-17,79.31,81.12,78.23,80.66,,,,
2020-11-18,80.87,81.15,77.73,77.73,,,,
2020-11-19,76.8,79.33,76.8,79.33,,,,
2020-11-20,79.37,79.9,78.66,79.12,,,,
2020-11-23,80.65,81.32,79.4,80.5,,,,
2020-11-24,82.23,82.84,81.39,82.01,,,,
2020-11-25,82.09,82.71,81.5,82.44,,,,
2020-11-27,83.08,84.3,83.08,84.25,,,,
2020-11-30,84.67,84.67,81.46,82.48,,,,
2020-12-01,84.17,84.63,82.58,82.89,,,,
2020-12-02,80.77,82.12,80.76,81.84,,,,
2020-12-03,82.28,82.67,81.74,82.24,,,,
2020-12-04,82.78,84.59,82.71,84.47,,,,
2020-12-07,84.74,84.74,83.57,83.73,,,,
2020-12-08,83.12,84.32,83,84.2,,,,
2020-12-09,84.85,84.85,80.81,81.69,,,,
2020-12-10,80.4,82.19,80.4,82.08,,,,
2020-12-11,80.89,81.99,79.34,81.26,,,,
2020-12-14,82.87,83.92,80.29,80.34,,,,
2020-12-15,81.76,83.99,81.56,83.98,,,,
2020-12-16,84.54,84.66,83.36,83.76,,,,
2020-12-17,84.9,85.53,84.18,85.22,,,,
2020-12-18,85.92,86.04,82.76,82.77,,,,
2020-12-21,79.41,81.37,77.89,81.34,,,,
2020-12-22,81.82,81.82,80.59,80.62,,,,
2020-12-23,82.18,83.48,82.18,82.75,,,,
2020-12-24,83.46,83.46,82.15,82.91,,,,
2020-12-28,84.66,84.66,81.81,81.82,,,,
2020-12-29,83.45,83.45,77.46,78.91,,,,
2020-12-30,79.86,81.7,79.86,80.76,,,,
2020-12-31,79.48,80.72,78.59,80.16,,,,
2021-01-04,81.72,81.72,73.85,77.12,,,,
2021-01-05,78.24,81.89,78.24,80.36,,,,
2021-01-06,82.08,86.82,82.08,84.6,,,,
2021-01-07,85.65,86.7,85.13,86.42,,,,
2021-01-08,86.88,86.88,83.38,86.28,,,,
2021-01-11,83.89,84.35,82.69,83.16,,,,
2021-01-12,83.87,85,83.12,84.88,,,,
2021-01-13,85.24,85.24,83.7,83.72,,,,
2021-01-14,84.68,86.38,84.61,85.29,,,,
2021-01-15,82.59,83.28,80.52,82.57,,,,
2021-01-19,83.9,83.99,82.61,82.91,,,,
2021-01-20,83.88,84.76,83.25,84.18,,,,
2021-01-21,83.92,83.92,81.31,81.93,,,,
2021-01-22,78.55,81.79,77.62,81.74,,,,
2021-01-25,79.93,82.11,77.35,80.91,,,,
2021-01-26,82.36,82.36,77.88,77.94,,,,
2021-01-27,67.99,69.4,62.25,62.92,,,,
2021-01-28,66.41,68.71,66.06,66.44,,,,
2021-01-29,63.7,65.7,56.93,57.11,,,,
2021-02-01,60.97,67.41,58.34,66.67,,,,
2021-02-02,69.82,72.93,69.03,72.34,,,,
2021-02-03,72.67,73.65,70.5,73.43,,,,
2021-02-04,74.28,79.11,74.23,79.11,,,,
2021-02-05,81.96,81.97,79.69,81.77,,,,
2021-02-08,84.12,86.3,84.12,86.3,,,,
2021-02-09,86.49,87.15,84.78,86.1,,,,
2021-02-10,87.51,87.7,84.94,85.43,,,,
2021-02-11,86.61,86.76,82.36,84.16,,,,
2021-02-12,83.04,84.35,82.6,83.84,,,,
2021-02-16,85.4,85.4,82.69,82.82,,,,
2021-02-17,81,81.58,79.62,81.18,,,,
2021-02-18,79.62,79.97,76.88,77.29,,,,
2021-02-19,78.54,81.19,78.43,79.65,,,,
2021-02-22,78.09,79.43,77.47,77.53,,,,
2021-02-23,71.06,74.71,69.63,73.59,,,,
2021-02-24,74.68,78.67,74.68,77.93,,,,
2021-02-25,77.52,77.74,68.25,68.28,,,,
2021-02-26,68.6,68.7,60.82,63.08,,,,
2021-03-01,70.15,73,70.15,72.25,,,,
2021-03-02,71.65,71.65,68.33,68.37,,,,
2021-03-03,68.13,68.25,63.94,63.99,,,,
2021-03-04,63.32,63.32,51.36,55.16,,,,
2021-03-05,57.14,60.32,49.31,60.11,,,,
2021-03-08,59.57,62.86,59.57,59.6,,,,
2021-03-09,62.91,66.43,62.91,64.99,,,,
2021-03-10,67.61,68.36,66.76,67.64,,,,
2021-03-11,68.78,72.41,68.47,72.39,,,,
2021-03-12,70.06,72.99,70.06,72.9,,,,
2021-03-15,71.5,74.93,71.5,74.86,,,,
2021-03-16,74.28,74.28,70.16,71.56,,,,
2021-03-17,64.84,73.25,64.84,72.72,,,,
2021-03-18,69.21,71.63,66.08,66.34,,,,
2021-03-19,65.04,68.37,64.1,67.23,,,,
2021-03-22,65.72,66.88,65.25,65.53,,,,
2021-03-23,62.23,62.23,53.63,54.36,,,,
2021-03-24,56.34,58.92,48.28,48.3,,,,
2021-03-25,44.44,53.95,42.59,53.42,,,,
2021-03-26,56.15,57.33,53.24,57.32,,,,
2021-03-29,56.83,57.38,51.72,51.87,,,,
2021-03-30,51.13,54.02,50.3,53.76,,,,
2021-03-31,53.58,57.57,53.58,55.07,,,,
2021-04-01,58.43,61.39,58.24,61.34,,,,
2021-04-05,63.36,63.36,61.17,62.49,,,,
2021-04-06,63.19,63.97,62.24,62.3,,,,
2021-04-07,61.3,61.56,58.64,58.65,,,,
2021-04-08,59.85,61.61,57.21,61.61,,,,
2021-04-09,60.68,60.68,58.38,59.88,,,,
2021-04-12,58,58.01,56.42,57.04,,,,
2021-04-13,56.9,56.9,53.31,55.02,,,,
2021-04-14,56.77,60.3,56.7,57.03,,,,
2021-04-15,59.97,59.97,56.42,58.76,,,,
2021-04-16,60.55,60.55,57.29,58.44,,,,
2021-04-19,57.34,58.09,53.11,54.26,,,,
2021-04-20,53.83,53.83,44.33,45.94,,,,
2021-04-21,46.45,53.36,46.45,53.08,,,,
2021-04-22,54.14,56.14,50.72,50.72,,,,
2021-04-23,53.4,58.55,53.4,57.48,,,,
2021-04-26,61.17,61.29,59.84,60.34,,,,
2021-04-27,62.19,62.19,59.63,60.03,,,,
2021-04-28,61.06,62.45,60.58,61.94,,,,
2021-04-29,65.17,65.17,58.4,60.91,,,,
2021-04-30,59.63,61.12,55.93,56,,,,
2021-05-03,60.77,60.77,57.71,59.92,,,,
2021-05-04,56.11,56.11,51.96,53.98,,,,
2021-05-05,56.02,56.02,52.7,53.63,,,,
2021-05-06,53.14,53.9,50.01,53.87,,,,
2021-05-07,54.67,57.6,54.67,56.9,,,,
2021-05-10,57.54,57.54,51.54,51.54,,,,
2021-05-11,46.76,49.46,45.11,48.6,,,,
2021-05-12,48.19,48.19,38.22,38.49,,,,
2021-05-13,41.31,45.85,41.31,44.42,,,,
2021-05-14,47.66,52.53,47.66,52.11,,,,
2021-05-17,51.02,53,49.71,52.99,,,,
2021-05-18,53.34,55.47,50.67,50.72,,,,
2021-05-19,43.57,47.74,41.37,47.74,,,,
2021-05-20,47.61,51.69,47,51.41,,,,
2021-05-21,55.78,56.61,52.84,54.41,,,,
2021-05-24,55.08,57.17,54.58,55.56,,,,
2021-05-25,57.04,58.44,49.38,49.46,,,,
2021-05-26,52.21,56.3,51.72,55.88,,,,
2021-05-27,59.14,60.85,58.81,59.96,,,,
2021-05-28,61.81,62.14,60.29,60.75,,,,
2021-06-01,63.95,65.7,62.47,64.7,,,,
2021-06-02,65.56,65.56,62.59,64.04,,,,
2021-06-03,60.51,62.22,58.21,61.93,,,,
2021-06-04,63.46,63.69,61.99,63.43,,,,
2021-06-07,63.91,66.34,63.71,65.8,,,,
2021-06-08,66.61,68.97,64.38,68.07,,,,
2021-06-09,69.58,69.58,66.27,66.28,,,,
2021-06-10,67.58,67.87,64.01,64.55,,,,
2021-06-11,66.41,67.34,65.42,67.31,,,,
2021-06-14,68.26,68.26,64.68,65.32,,,,
2021-06-15,65.57,65.57,59.89,64.01,,,,
2021-06-16,62.22,63.8,59.55,61.68,,,,
2021-06-17,60.41,60.41,51.18,53.94,,,,
2021-06-18,48.86,48.86,43.46,44.36,,,,
2021-06-21,45.57,51.3,45.57,51.04,,,,
2021-06-22,48.86,50.86,46.37,50.62,,,,
2021-06-23,52.43,53.9,51.79,51.93,,,,
2021-06-24,54.55,57.56,53.43,57.56,,,,
2021-06-25,58.33,61.39,58.2,59.19,,,,
2021-06-28,59.02,59.02,52.65,54.48,,,,
2021-06-29,55.5,55.5,50.93,50.93,,,,
2021-06-30,49.48,51.55,49.27,49.91,,,,
2021-07-01,52.5,53.75,51.02,52.87,,,,
2021-07-02,52.79,52.79,47.94,49.44,,,,
2021-07-06,47.98,47.98,40.35,43.35,,,,
2021-07-07,43.76,43.76,37.76,40.86,,,,
2021-07-08,32.49,38.76,30.74,36.36,,,,
2021-07-09,39.8,45.29,39.8,45.26,,,,
2021-07-12,43.65,47.28,42.79,47.15,,,,
2021-07-13,45.14,45.21,39.93,39.93,,,,
2021-07-14,41.88,42.76,35.18,35.19,,,,
2021-07-15,32.43,34.67,29.74,33.28,,,,
2021-07-16,34.77,34.83,29.67,29.67,,,,
2021-07-19,23,25.35,22.02,23.84,,,,
2021-07-20,25.05,35.35,25.05,32.66,,,,
2021-07-21,35.42,39.69,35.42,38.73,,,,
2021-07-22,36.83,36.83,33.14,34.31,,,,
2021-07-23,34.68,36.11,32.8,35.98,,,,
2021-07-26,37.06,38.01,35.34,36.68,,,,
2021-07-27,32.98,32.99,30.87,32.84,,,,
2021-07-28,34.81,39.09,32.54,37.32,,,,
2021-07-29,39.67,42.58,39.21,40.65,,,,
2021-07-30,39.21,41.83,37.53,38.07,,,,
2021-08-02,41.6,43.21,37.19,37.22,,,,
2021-08-03,36.78,39.09,33.39,39.06,,,,
2021-08-04,35.98,37.66,34.21,34.21,,,,
2021-08-05,35.57,40.1,35.57,40.08,,,,
2021-08-06,42.47,43.82,41.43,43.22,,,,
2021-08-09,40.98,43.22,40.56,41.53,,,,
2021-08-10,41.29,44.14,41.29,44.12,,,,
2021-08-11,43.88,47.37,43.46,47.35,,,,
2021-08-12,46.21,46.62,44.59,46.36,,,,
2021-08-13,45.72,45.72,44.11,44.16,,,,
2021-08-16,40.39,42.32,39.37,41.48,,,,
2021-08-17,36.62,37.71,33.72,36.92,,,,
2021-08-18,35.33,39.03,34.48,34.48,,,,
2021-08-19,30.6,32.41,29.39,30.77,,,,
2021-08-20,30.25,35.92,30.25,35.86,,,,
2021-08-23,39.63,42.17,38.78,41.5,,,,
2021-08-24,43.03,45.44,43.03,44.87,,,,
2021-08-25,44.84,50.47,44.84,47.96,,,,
2021-08-26,47.83,49.69,43.98,44.41,,,,
2021-08-27,46.62,55.82,46.62,54.76,,,,
2021-08-30,55.14,55.14,51.65,51.65,,,,
2021-08-31,52.55,55.16,51.81,54.3,,,,
2021-09-01,55.46,57.4,52.96,56.29,,,,
2021-09-02,57.96,59.41,56.62,58.5,,,,
2021-09-03,58.18,58.18,54.47,55.76,,,,
2021-09-07,55.84,57.53,51.63,51.63,,,,
2021-09-08,50.63,51.3,46.03,47.63,,,,
2021-09-09,46.96,51.65,46.73,46.73,,,,
2021-09-10,47.79,47.79,42.04,42.04,,,,
2021-09-13,44.94,46.89,43.29,45.73,,,,
2021-09-14,47.64,47.64,38.09,38.69,,,,
2021-09-15,39.11,43.66,39.11,43.63,,,,
2021-09-16,44.83,45.18,40.63,43.39,,,,
2021-09-17,43.89,43.89,40.76,43.66,,,,
2021-09-20,32.42,33.51,28,32.16,,,,
2021-09-21,35.82,35.82,32.09,33.74,,,,
2021-09-22,37.72,43.64,37.72,40.03,,,,
2021-09-23,44.41,50.44,44.41,48.76,,,,
2021-09-24,46.91,49.31,46.17,47.8,,,,
2021-09-27,53.05,53.06,53.05,53.05,,,,
2021-09-28,50.25,50.25,43.98,44.03,,,,
2021-09-29,43.94,45.17,42.27,42.29,,,,
2021-09-30,44.03,44.84,38.93,38.95,,,,
2021-10-01,39.65,46.61,37.55,44.99,,,,
2021-10-04,41.88,41.91,40.77,41.15,,,,
2021-10-05,40.86,44.56,40.86,43.25,,,,
2021-10-06,39.57,42.03,36.83,42.01,,,,
2021-10-07,45.95,50.51,45.95,47.61,,,,
2021-10-08,48.33,48.42,46.11,46.12,,,,
2021-10-11,46.67,49.43,45.05,45.06,,,,
2021-10-12,45.8,47.61,45.3,46.74,,,,
2021-10-13,47.45,48.78,44.26,48.67,,,,
2021-10-14,52.67,54.61,52.6,53.94,,,,
2021-10-15,57.97,57.97,53.79,53.79,,,,
2021-10-18,53.03,53.78,52.43,52.78,,,,
2021-10-19,53.85,55.82,53.06,55.05,,,,
2021-10-20,55.2,59.29,55.2,58.27,,,,
2021-10-21,58.12,59.25,56.39,57.64,,,,
2021-10-22,57.27,58.53,55.81,55.92,,,,
2021-10-25,56.78,59.36,55.7,58.59,,,,
2021-10-26,58.98,59.28,55.8,55.92,,,,
2021-10-27,54.65,54.77,48.37,48.39,,,,
2021-10-28,49.56,54.83,49.56,54.79,,,,
2021-10-29,53.2,54.41,51.81,53.12,,,,
2021-11-01,55,62.65,55,62.5,,,,
2021-11-02,61.46,61.46,59.14,60.93,,,,
2021-11-03,60.49,66.38,60.11,65.72,,,,
2021-11-04,66.39,67.14,62.48,63.37,,,,
2021-11-05,66.29,67.88,65.5,66.64,,,,
2021-11-08,69.08,69.57,67.56,68.3,,,,
2021-11-09,68.06,68.06,65.13,66.34,,,,
2021-11-10,65.72,66.39,61.85,62.74,,,,
2021-11-11,64.12,65.12,63.48,64.44,,,,
2021-11-12,64.47,64.84,63.25,64.36,,,,
2021-11-15,65.17,65.17,62.85,63.42,,,,
2021-11-16,62.32,62.85,61.26,61.75,,,,
2021-11-17,59.78,60.02,57.13,57.65,,,,
2021-11-18,57.52,57.52,52.82,54.02,,,,
2021-11-19,51.58,51.7,50.38,50.43,,,,
2021-11-22,51.22,53.3,49.93,49.95,,,,
2021-11-23,50.2,50.69,47.07,49.21,,,,
2021-11-24,46.09,49.64,46.09,49.54,,,,
2021-11-26,40.14,40.14,33.45,37.66,,,,
2021-11-29,40.91,40.91,34.99,36.01,,,,
2021-11-30,32.19,32.46,26.12,27.57,,,,
2021-12-01,31.65,35.56,22.59,22.59,,,,
2021-12-02,24.11,30.57,24.11,30.28,,,,
2021-12-03,30.44,30.44,23.97,25.8,,,,
2021-12-06,27.64,33.75,27.64,31.45,,,,
2021-12-07,36.3,39.95,36.3,37.49,,,,
2021-12-08,38.1,40.94,38.1,39.83,,,,
2021-12-09,35.96,36.77,33.04,33.05,,,,
2021-12-10,35.99,35.99,31.73,33.86,,,,
2021-12-13,32.05,32.05,28.32,28.56,,,,
2021-12-14,26.08,29.17,25.58,25.74,,,,
2021-12-15,25.73,29.53,23.1,29.27,,,,
2021-12-16,31.69,33.06,26.12,27.24,,,,
2021-12-17,25.49,28.59,23.91,26.67,,,,
2021-12-20,21.28,22.19,18.53,22.14,,,,
2021-12-21,24.88,29.84,24.88,29.84,,,,
2021-12-22,29.62,33.57,28.8,33.39,,,,
2021-12-23,35.68,38.36,35.56,37.38,,,,
2021-12-27,38.4,41.66,36.49,41.64,,,,
2021-12-28,42.09,44.43,41.14,41.42,,,,
2021-12-29,40.69,42.17,40.69,41.46,,,,
2021-12-30,42.89,44.49,41.39,41.4,,,,
2021-12-31,41.94,43.06,40.35,41.88,,,,
2022-01-03,46.11,49.19,45.21,48.13,,,,
2022-01-04,52.92,52.92,49.98,50.99,,,,
2022-01-05,52.51,53.17,42.41,42.42,,,,
2022-01-06,45.28,46.34,40.78,44.36,,,,
2022-01-07,44.16,45.32,41.89,41.91,,,,
2022-01-10,39.28,39.88,35.67,39.84,,,,
2022-01-11,40.55,43.65,38.02,43.41,,,,
2022-01-12,45.65,45.87,41.12,43,,,,
2022-01-13,44.11,45.93,42.3,42.3,,,,
2022-01-14,39.37,42.02,38.45,42.01,,,,
2022-01-18,38.89,38.89,35.89,36.48,,,,
2022-01-19,37.01,37.13,32.88,32.88,,,,
2022-01-20,33.76,36.9,27.43,27.43,,,,
2022-01-21,24.18,28.09,22.19,22.2,,,,
2022-01-24,17.41,24.87,15.52,24.47,,,,
2022-01-25,17.69,26.44,16.36,24.45,,,,
2022-01-26,26.88,30.61,20.49,22.56,,,,
2022-01-27,24,26.67,19.12,20.26,,,,
2022-01-28,18.73,22.93,17.9,22.88,,,,
2022-01-31,22.04,29.37,22.04,29.37,,,,
2022-02-01,29.4,33.56,28.06,33.38,,,,
2022-02-02,32.55,32.63,30.02,32.53,,,,
2022-02-03,28.46,31.73,28.28,28.52,,,,
2022-02-04,27.09,31.57,25.9,29.99,,,,
2022-02-07,30.61,33.83,30.61,32.44,,,,
2022-02-08,33.69,37.74,33.69,37.62,,,,
2022-02-09,40.47,42.51,40.47,42.47,,,,
2022-02-10,38.08,45.35,37.61,38.7,,,,
2022-02-11,38.99,41.59,34.41,35.59,,,,
2022-02-14,36.21,36.21,32.04,33.65,,,,
2022-02-15,37.35,42.65,37.35,42.65,,,,
2022-02-16,40.89,45.1,40.71,44.79,,,,
2022-02-17,39.08,40.04,37.05,37.8,,,,
2022-02-18,35.8,37.91,34.48,35.54,,,,
2022-02-22,32.11,34.49,29.38,30.59,,,,
2022-02-23,33.32,33.32,26.93,27.02,,,,
2022-02-24,18.29,29.48,18.29,28.88,,,,
2022-02-25,30.76,38.72,30.02,38.7,,,,
2022-02-28,38.6,38.6,38.19,38.19,,,,
2022-03-01,37.44,37.44,31.76,32.38,,,,
2022-03-02,34,41.31,34,40.39,,,,
2022-03-03,41.32,41.32,36.21,38.17,,,,
2022-03-04,33.49,34.52,31.56,34.47,,,,
2022-03-07,33.02,33.1,29.32,29.32,,,,
2022-03-08,30.77,33.04,29.15,30.06,,,,
2022-03-09,35.23,37.49,34.11,36.06,,,,
2022-03-10,33.06,36.13,32.38,36.1,,,,
2022-03-11,37.61,38.28,33.11,33.13,,,,
2022-03-14,33.11,33.47,29.24,29.91,,,,
2022-03-15,30.05,33.34,29.84,32.7,,,,
2022-03-16,36.63,41.54,34.55,41.53,,,,
2022-03-17,40.44,49.15,40.44,49.12,,,,
2022-03-18,47.14,54.02,47.14,54.01,,,,
2022-03-21,54.45,54.45,50.38,51.79,,,,
2022-03-22,54.61,57.17,54.42,56.57,,,,
2022-03-23,53.88,55.14,51.1,51.1,,,,
2022-03-24,52.08,55.82,50.96,55.8,,,,
2022-03-25,56.28,56.58,53.76,56,,,,
2022-03-28,56.21,56.21,51.7,55.98,,,,
2022-03-29,64.22,66.6,62.43,66.01,,,,
2022-03-30,64.96,65.4,58.67,59.25,,,,
2022-03-31,59.32,59.75,55,55.01,,,,
2022-04-01,57.42,58.13,55.34,57.95,,,,
2022-04-04,58.41,60,57.73,59.66,,,,
2022-04-05,60.36,60.36,52.39,52.4,,,,
2022-04-06,47.24,48.61,44.96,47.4,,,,
2022-04-07,46.53,46.85,41.78,45.42,,,,
2022-04-08,44.17,46.25,43.11,44.12,,,,
2022-04-11,42.32,43.36,40.04,40.35,,,,
2022-04-12,42.52,45.34,40,40.54,,,,
2022-04-13,41.34,46.31,41.34,45.81,,,,
2022-04-14,47.07,47.07,43.87,43.89,,,,
2022-04-18,42.55,42.75,40.9,41.63,,,,
2022-04-19,41.06,47.57,41.06,46.99,,,,
2022-04-20,48.34,50.6,48.34,49.06,,,,
2022-04-21,52.94,52.94,41.99,42.58,,,,
2022-04-22,40.11,40.11,33.82,33.87,,,,
2022-04-25,28.7,33.59,25.81,33.59,,,,
2022-04-26,29.81,29.81,24.91,24.94,,,,
2022-04-27,24.68,27.61,24.68,25.81,,,,
2022-04-28,26.66,31.26,23.2,30.7,,,,
2022-04-29,29.55,30.31,23.72,23.92,,,,
2022-05-02,21.3,23.8,19.63,23.62,,,,
2022-05-03,22.67,27.8,22.67,26.48,,,,
2022-05-04,26.21,35.67,24.94,35.67,,,,
2022-05-05,29.85,29.85,22.83,25.17,,,,
2022-05-06,19.22,23.64,19.22,22.81,,,,
2022-05-09,17.69,18.43,15.53,16.24,,,,
2022-05-10,17.06,17.06,12.03,14.44,,,,
2022-05-11,15.18,16.66,12.12,12.13,,,,
2022-05-12,10.36,12.7,10.11,12.7,,,,
2022-05-13,14.55,17.85,14.55,17.59,,,,
2022-05-16,16.52,19.21,16.52,17.89,,,,
2022-05-17,21.7,24.96,21.26,24.96,,,,
2022-05-18,22.38,22.57,16.82,17.71,,,,
2022-05-19,16.27,19.93,16.27,17.75,,,,
2022-05-20,18.73,18.73,14.44,17.44,,,,
2022-05-23,19.52,21.72,19,20.9,,,,
2022-05-24,18.39,19.68,16.17,19.66,,,,
2022-05-25,19.6,24.64,19.6,23.71,,,,
2022-05-26,28.27,31.33,28.27,30.19,,,,
2022-05-27,33.78,38.46,33.78,38.46,,,,
2022-05-31,34.43,37.73,34.43,36.37,,,,
2022-06-01,39.27,39.27,30.12,34.73,,,,
2022-06-02,36.23,43.51,36.23,43.5,,,,
2022-06-03,40.57,40.84,38.48,40.24,,,,
2022-06-06,44.13,44.75,40.98,42.05,,,,
2022-06-07,39.3,46.79,39.3,46.63,,,,
2022-06-08,43.3,45.78,41.27,42.14,,,,
2022-06-09,39.15,40.58,34.89,34.9,,,,
2022-06-10,26.75,29.14,25.84,26.77,,,,
2022-06-13,16.96,18.07,15.25,15.25,,,,
2022-06-14,14.59,16.15,14.59,15.51,,,,
2022-06-15,16.47,20.93,16.47,18.7,,,,
2022-06-16,12,12.68,11.69,12.6,,,,
2022-06-17,12.37,14.67,12.37,14.65,,,,
2022-06-21,19.95,19.95,18.66,18.66,,,,
2022-06-22,15.28,20.73,15.28,20.01,,,,
2022-06-23,19.75,23.86,19.75,23.86,,,,
2022-06-24,25.92,31.98,25.92,31.98,,,,
2022-06-27,32.82,34.21,30.55,32.99,,,,
2022-06-28,36.44,36.44,28.45,28.46,,,,
2022-06-29,24.88,26.51,24.22,26.13,,,,
2022-06-30,21.4,27.1,20.34,26.01,,,,
2022-07-01,24.39,31.36,24.39,31.36,,,,
2022-07-05,24.59,33.22,24.38,33.22,,,,
2022-07-06,32.13,34,30.45,32.6,,,,
2022-07-07,34.62,38.17,34.62,38.03,,,,
2022-07-08,35.51,39.54,35.51,38.67,,,,
2022-07-11,36.66,36.66,34.1,34.47,,,,
2022-07-12,34.78,36.36,32.73,33.63,,,,
2022-07-13,30.77,34.27,30.77,33.25,,,,
2022-07-14,27.18,30.81,27.16,30.81,,,,
2022-07-15,30.36,37.35,30.36,37.35,,,,
2022-07-18,42.05,43.72,37.09,37.12,,,,
2022-07-19,42.61,51.13,42.61,50.82,,,,
2022-07-20,51.58,57.24,51.58,56.88,,,,
2022-07-21,53.74,59.27,52.66,59.26,,,,
2022-07-22,59.55,59.55,52.19,54.69,,,,
2022-07-25,54,56.43,53.78,56.43,,,,
2022-07-26,51.95,53.42,51.14,51.76,,,,
2022-07-27,54.8,61.99,54.55,61.48,,,,
2022-07-28,63.41,65.49,57.92,65.42,,,,
2022-07-29,66.25,68.17,65.82,68.09,,,,
2022-08-01,63.87,68.35,63.87,67.44,,,,
2022-08-02,65.71,69.77,65.71,66.58,,,,
2022-08-03,69.34,70.59,68.06,70.05,,,,
2022-08-04,70.31,70.31,68.82,68.99,,,,
2022-08-05,65.29,69.37,65.29,69.21,,,,
2022-08-08,72.69,74.52,71.73,72.33,,,,
2022-08-09,72.35,72.35,68.39,68.8,,,,
2022-08-10,74.1,76.34,74.1,76,,,,
2022-08-11,79.48,80.85,78.03,78.09,,,,
2022-08-12,79.13,81.62,79.13,81.62,,,,
2022-08-15,79.39,81.17,79.09,80.99,,,,
2022-08-16,81.67,81.89,80.34,80.95,,,,
2022-08-17,79.93,79.93,76.58,77.39,,,,
2022-08-18,78.5,78.68,77.49,78.68,,,,
2022-08-19,77.43,77.43,73.3,73.53,,,,
2022-08-22,69.97,69.97,65.83,65.93,,,,
2022-08-23,70.07,70.54,66.62,66.86,,,,
2022-08-24,68.02,70.25,67.92,68.35,,,,
2022-08-25,71.44,73.24,70.51,73.22,,,,
2022-08-26,72.14,72.14,60.8,60.85,,,,
2022-08-29,56.36,58,55.58,56.03,,,,
2022-08-30,57.1,57.1,48.63,49.36,,,,
2022-08-31,49.36,51.12,44.95,44.96,,,,
2022-09-01,39.14,40.57,36.01,40.57,,,,
2022-09-02,42.86,45.89,37.18,37.53,,,,
2022-09-06,39.33,39.33,33.32,34.16,,,,
2022-09-07,32.2,41.84,32.2,41.83,,,,
2022-09-08,39.31,44.25,39.31,44.24,,,,
2022-09-09,48.85,52.41,48.85,52.12,,,,
2022-09-12,56.33,57.87,55.72,57.51,,,,
2022-09-13,47.2,47.2,38.76,38.76,,,,
2022-09-14,38.4,39.98,36.83,38.74,,,,
2022-09-15,40.27,41.11,35.76,36.67,,,,
2022-09-16,30.03,31.45,27.36,31.45,,,,
2022-09-19,27.67,33.37,27.67,33.37,,,,
2022-09-20,28.66,29.05,25.8,28.05,,,,
2022-09-21,27.95,29.96,23.26,23.3,,,,
2022-09-22,21.39,21.39,17.06,17.64,,,,
2022-09-23,11.39,11.78,10.03,11.78,,,,
2022-09-26,10.75,12.02,9.97,10.33,,,,
2022-09-27,10.72,12.6,9.8,10.97,,,,
2022-09-28,9.83,16.43,9.83,15.59,,,,
2022-09-29,10.91,12.67,10.13,11.97,,,,
2022-09-30,11.01,14.92,11.01,11.76,,,,
2022-10-03,13.71,17.05,13.71,16.7,,,,
2022-10-04,22.68,26.57,22.68,26.57,,,,
2022-10-05,22.28,26.44,20.38,25.39,,,,
2022-10-06,25.19,26.98,24.16,25.28,,,,
2022-10-07,21.89,21.89,17.61,18.14,,,,
2022-10-10,17.6,17.91,15.8,16.86,,,,
2022-10-11,14.55,19.14,14.09,16.04,,,,
2022-10-12,14.66,17.29,14.66,16.36,,,,
2022-10-13,11.01,23.47,11.01,23.17,,,,
2022-10-14,22.87,22.87,17.91,18.33,,,,
2022-10-17,22.54,25.17,22.31,24.85,,,,
2022-10-18,32.03,32.03,27.72,29.92,,,,
2022-10-19,27.67,28.68,23.87,26.04,,,,
2022-10-20,26.37,29.79,22.68,23.85,,,,
2022-10-21,24.86,32.17,24.86,32.17,,,,
2022-10-24,32.31,35,31.39,34.63,,,,
2022-10-25,40.51,44,40.51,43.85,,,,
2022-10-26,47.09,51.7,45.82,45.89,,,,
2022-10-27,48.44,51.17,47.27,47.38,,,,
2022-10-28,49.53,55.53,47.78,55.51,,,,
2022-10-31,54.71,56.88,53.97,55.03,,,,
2022-11-01,60.95,60.95,57.51,57.59,,,,
2022-11-02,56.12,59.18,46.83,46.85,,,,
2022-11-03,42.28,47.4,42.05,45.65,,,,
2022-11-04,52.17,54.1,48.57,52.31,,,,
2022-11-07,56.34,56.34,53.57,55.21,,,,
2022-11-08,57.26,60.02,54.22,56.21,,,,
2022-11-09,54.65,55.55,49.51,49.54,,,,
2022-11-10,63.56,67.49,63.56,67.4,,,,
2022-11-11,70.62,72.2,69.54,71.3,,,,
2022-11-14,71.3,71.6,67.88,67.88,,,,
2022-11-15,73.41,73.41,70.7,70.79,,,,
2022-11-16,70.49,70.49,66.98,67.02,,,,
2022-11-17,62.88,65.15,62.63,65.15,,,,
2022-11-18,69.01,69.01,64.96,66.69,,,,
2022-11-21,66.23,66.23,63.89,64.93,,,,
2022-11-22,67.28,68.11,65.7,67.83,,,,
2022-11-23,69.22,70.06,68.27,69.61,,,,
2022-11-25,70,71.35,70,70.48,,,,
2022-11-28,69.44,69.44,65.02,65.32,,,,
2022-11-29,67.41,68.84,66.58,66.8,,,,
2022-11-30,68.8,73.92,65.08,73.92,,,,
2022-12-01,75.62,75.62,72.89,73.26,,,,
2022-12-02,71.5,74.45,71.43,74.32,,,,
2022-12-05,73.12,73.12,65.54,65.95,,,,
2022-12-06,64.84,64.84,59.7,60.89,,,,
2022-12-07,60.18,61.44,57.84,57.86,,,,
2022-12-08,59.57,62.6,59.03,59.9,,,,
2022-12-09,58.57,59.77,56.49,56.52,,,,
2022-12-12,56.03,59.56,55.85,59.2,,,,
2022-12-13,69.32,69.32,59.49,60.48,,,,
2022-12-14,61.31,62.9,57.62,58.5,,,,
2022-12-15,53.98,53.98,48.39,48.97,,,,
2022-12-16,44.7,46.25,42.23,45.64,,,,
2022-12-19,44.14,44.14,37.58,38.72,,,,
2022-12-20,37.81,41.51,37.5,40.26,,,,
2022-12-21,42.93,47.73,42.93,46.06,,,,
2022-12-22,40.9,40.9,34.22,40.27,,,,
2022-12-23,38.33,42.11,38.33,42.11,,,,
2022-12-27,40.54,42.05,39.09,39.75,,,,
2022-12-28,39.97,39.97,32.79,32.8,,,,
2022-12-29,34.69,42.7,34.69,42.42,,,,
2022-12-30,38.42,40.53,36.92,39.9,,,,
2023-01-03,44.3,44.3,36,39.54,,,,
2023-01-04,44.62,47.45,42.12,45.42,,,,
2023-01-05,39.9,42.87,39.23,40.82,,,,
2023-01-06,45.63,52.87,42.69,52.13,,,,
2023-01-09,55.48,58.36,53.22,53.23,,,,
2023-01-10,55.16,58.35,53.69,58.34,,,,
2023-01-11,60.91,64.63,60.91,64.62,,,,
2023-01-12,66.73,70.89,66.55,70.88,,,,
2023-01-13,68.62,72.49,68.62,72.33,,,,
2023-01-17,72.9,74.14,71.81,72.27,,,,
2023-01-18,74.59,75.56,64.56,64.56,,,,
2023-01-19,59.47,61.62,57.53,60.1,,,,
2023-01-20,60.03,67.7,60.03,67.7,,,,
2023-01-23,68.38,72.83,68.38,71.11,,,,
2023-01-24,70.02,71.5,69.43,70.21,,,,
2023-01-25,65.96,71.58,65.67,71.56,,,,
2023-01-26,72.79,73.29,71,73.27,,,,
2023-01-27,72.7,75.27,72.45,74.47,,,,
2023-01-30,73.39,74.87,70.54,70.56,,,,
2023-01-31,72.57,77.02,72.57,77.02,,,,
2023-02-01,77.72,80.84,75.36,79.24,,,,
2023-02-02,81.71,81.71,79.45,81.09,,,,
2023-02-03,80.55,81.04,78.75,78.75,,,,
2023-02-06,78.16,78.16,76.05,76.33,,,,
2023-02-07,75.69,78.19,73.78,77.74,,,,
2023-02-08,77.1,77.17,73.95,74,,,,
2023-02-09,76.18,76.53,67.47,67.82,,,,
2023-02-10,66.57,69.67,66.43,69.31,,,,
2023-02-13,68.71,72.72,68.71,72.6,,,,
2023-02-14,71.68,73.67,67.71,70.47,,,,
2023-02-15,68.5,72.28,67.71,72.21,,,,
2023-02-16,68.83,72.14,68.83,69.36,,,,
2023-02-17,65.99,69.57,65.99,69.52,,,,
2023-02-21,65.05,65.05,56.44,56.44,,,,
2023-02-22,58.42,59.1,55.39,56.38,,,,
2023-02-23,59.65,59.87,52.82,58.01,,,,
2023-02-24,50.25,52.8,49.24,52.24,,,,
2023-02-27,55.35,57.32,52.37,52.41,,,,
2023-02-28,51.99,54.85,51.43,51.5,,,,
2023-03-01,51.95,51.95,49.23,50.35,,,,
2023-03-02,45.83,50.9,45.83,50.83,,,,
2023-03-03,51.46,56.45,51.21,55.98,,,,
2023-03-06,55.37,55.48,49.43,50.01,,,,
2023-03-07,48.95,48.95,43.58,44.27,,,,
2023-03-08,43.83,44.87,41.53,43.68,,,,
2023-03-09,43.63,43.83,34.01,34.06,,,,
2023-03-10,30.3,30.57,22.79,23.87,,,,
2023-03-13,21.61,23.93,21.12,21.12,,,,
2023-03-14,25.74,28.15,24.19,25.47,,,,
2023-03-15,19.71,20.53,17.78,20.53,,,,
2023-03-16,18.76,24.42,18.76,24.42,,,,
2023-03-17,22.68,22.68,19.99,20.35,,,,
2023-03-20,20.95,22.7,20.7,22.05,,,,
2023-03-21,25.04,25.46,23.39,24.65,,,,
2023-03-22,23.91,25.4,19.66,19.67,,,,
2023-03-23,22.24,24.16,19.55,20.23,,,,
2023-03-24,18.65,21.54,18.49,21.54,,,,
2023-03-27,23.51,23.91,22.05,22.97,,,,
2023-03-28,23.18,24.38,22.92,23.68,,,,
2023-03-29,26.73,27.44,26.23,27.22,,,,
2023-03-30,30.74,30.96,28.13,29.34,,,,
2023-03-31,32.03,35.66,32.03,35.65,,,,
2023-04-03,37.27,37.52,33.48,36.28,,,,
2023-04-04,34.96,34.96,29.86,30.9,,,,
2023-04-05,30.08,30.08,27.68,28.92,,,,
2023-04-06,29.1,30,28,29.33,,,,
2023-04-10,28.89,33.42,28.89,33.42,,,,
2023-04-11,36.27,38.38,36.18,36.88,,,,
2023-04-12,38.73,39.11,35.29,35.32,,,,
2023-04-13,38.73,39.89,35.29,39.89,,,,
2023-04-14,41.65,43.34,36.84,38.57,,,,
2023-04-17,39.93,41.67,39.9,41.56,,,,
2023-04-18,43.77,43.77,39.86,41.22,,,,
2023-04-19,39.69,42,38.99,41.24,,,,
2023-04-20,39.94,41.45,38.39,39.69,,,,
2023-04-21,40.25,40.25,37.89,39.76,,,,
2023-04-24,40.57,41.78,38.85,39.83,,,,
2023-04-25,38.17,38.17,31.64,31.86,,,,
2023-04-26,31.82,32.07,28.62,29.24,,,,
2023-04-27,32.04,35.06,31.05,35.03,,,,
2023-04-28,35.68,40.72,35.68,40.14,,,,
2023-05-01,41.54,43.81,40.37,40.68,,,,
2023-05-02,33.41,34.67,31.15,34.31,,,,
2023-05-03,38.32,39.87,35.76,35.76,,,,
2023-05-04,36.15,36.15,32.25,34.28,,,,
2023-05-05,39.68,42.49,39.68,41.66,,,,
2023-05-08,44.04,44.04,41.7,42.93,,,,
2023-05-09,41.24,42.66,40.23,41.74,,,,
2023-05-10,46.89,46.89,41.01,43.83,,,,
2023-05-11,42.18,42.18,40.37,41.42,,,,
2023-05-12,44.02,44.26,39.2,40.81,,,,
2023-05-15,43.01,46.21,42.59,45.39,,,,
2023-05-16,43.69,43.69,39.76,39.76,,,,
2023-05-17,42.15,46.95,40.71,46.95,,,,
2023-05-18,46.38,48.73,45.86,48.63,,,,
2023-05-19,52.24,52.24,46.87,47.57,,,,
2023-05-22,49.33,52.65,49.15,50.88,,,,
2023-05-23,51.44,55.43,49.34,49.34,,,,
2023-05-24,48.17,48.17,43.3,43.68,,,,
2023-05-25,42.23,42.23,38.16,39.8,,,,
2023-05-26,40.92,43.56,40.92,43.49,,,,
2023-05-30,44.79,44.79,40.97,41.79,,,,
2023-05-31,40.95,40.95,36.59,39.03,,,,
2023-06-01,38.82,43.33,37.91,42.59,,,,
2023-06-02,48.36,56.54,48.36,56.53,,,,
2023-06-05,54.53,54.68,51.23,52.2,,,,
2023-06-06,51.27,61.66,51.27,61.48,,,,
2023-06-07,66.16,67.01,65.04,66.39,,,,
2023-06-08,67.6,67.6,64.11,65.38,,,,
2023-06-09,65.51,65.67,62.3,62.3,,,,
2023-06-12,62.48,64.41,62.48,63.61,,,,
2023-06-13,68.14,68.73,67.36,67.54,,,,
2023-06-14,69.65,69.65,63.91,64.86,,,,
2023-06-15,65.3,67.88,64.7,67.45,,,,
2023-06-16,69.63,69.63,65.22,66.79,,,,
2023-06-20,64.74,64.74,61.87,62.94,,,,
2023-06-21,61.68,63.57,60.6,61.99,,,,
2023-06-22,60.12,60.12,56.4,57.63,,,,
2023-06-23,53.19,55.36,51.35,52.59,,,,
2023-06-26,53.55,57.41,53.55,53.75,,,,
2023-06-27,55.05,59.5,55.05,58.1,,,,
2023-06-28,56.76,58.46,56.27,57.94,,,,
2023-06-29,59.41,62.8,59.41,62.55,,,,
2023-06-30,65.76,65.76,64.02,64.15,,,,
2023-07-03,67.02,67.49,66.99,67.46,,,,
2023-07-05,64.86,64.9,62.76,62.8,,,,
2023-07-06,58.82,58.82,52.72,56.75,,,,
2023-07-07,59.01,63.85,59.01,61.21,,,,
2023-07-10,62.08,65.77,62.08,65.05,,,,
2023-07-11,67.06,68.86,66.14,68.86,,,,
2023-07-12,74.88,74.88,72.7,72.82,,,,
2023-07-13,74.82,75.64,74.82,75.42,,,,
2023-07-14,74.08,74.08,71.09,71.24,,,,
2023-07-17,70.68,74.02,70.68,72.4,,,,
2023-07-18,75.29,75.67,73.29,74.22,,,,
2023-07-19,76.91,77.34,75.35,75.7,,,,
2023-07-20,75.38,75.48,73.81,73.97,,,,
2023-07-21,76.33,76.33,73.94,73.97,,,,
2023-07-24,75.61,75.61,73.34,73.93,,,,
2023-07-25,74.42,74.42,72.79,72.79,,,,
2023-07-26,74.91,74.91,73.09,73.46,,,,
2023-07-27,74.92,74.92,68.15,68.49,,,,
2023-07-28,72.15,72.27,71.01,71.85,,,,
2023-07-31,74.17,74.62,73.42,74.57,,,,
2023-08-01,72.6,72.6,70.64,71.77,,,,
2023-08-02,67.53,67.53,64.02,65.27,,,,
2023-08-03,61.78,63.72,61.17,62.14,,,,
2023-08-04,62.33,64.68,60.21,60.21,,,,
2023-08-07,60.69,60.85,59.06,60.54,,,,
2023-08-08,55.17,57.78,54.12,57.4,,,,
2023-08-09,56.58,56.58,54.19,54.74,,,,
2023-08-10,56.66,58.43,52.93,53.65,,,,
2023-08-11,51.19,52.96,51.19,52.5,,,,
2023-08-14,48.95,50.97,47.96,50.59,,,,
2023-08-15,46.88,46.88,44.34,44.35,,,,
2023-08-16,44.44,44.48,40.14,40.14,,,,
2023-08-17,41.07,41.07,36.24,36.24,,,,
2023-08-18,34.5,37.58,34.5,36.7,,,,
2023-08-21,36.01,36.52,33.41,35.8,,,,
2023-08-22,36.03,36.03,32.96,33.02,,,,
2023-08-23,33.92,37.26,33.92,37.11,,,,
2023-08-24,37.75,37.75,32.58,32.79,,,,
2023-08-25,33.91,35.35,30.08,33.77,,,,
2023-08-28,37.68,38.56,36.76,37.17,,,,
2023-08-29,37.83,43.02,37.49,43.02,,,,
2023-08-30,42.51,44.9,42.51,43.67,,,,
2023-08-31,44.83,45.56,41.76,41.77,,,,
2023-09-01,47.18,47.38,45.27,45.44,,,,
2023-09-05,40.02,40.25,37.18,37.18,,,,
2023-09-06,36.62,36.62,32.26,33.87,,,,
2023-09-07,32.01,32.01,30.35,31.47,,,,
2023-09-08,31.13,32.74,30.97,31.69,,,,
2023-09-11,34.54,34.54,32.55,32.56,,,,
2023-09-12,33.25,34.06,32.17,32.17,,,,
2023-09-13,31.96,31.96,29.3,29.3,,,,
2023-09-14,33.19,35.11,32.67,35.11,,,,
2023-09-15,33.64,33.64,31.21,33.12,,,,
2023-09-18,30.71,32.17,30.57,30.72,,,,
2023-09-19,31.36,31.36,28.63,29.5,,,,
2023-09-20,31.92,32.84,27.32,27.34,,,,
2023-09-21,23.55,24.56,22.19,22.27,,,,
2023-09-22,23.74,24.55,22.06,22.06,,,,
2023-09-25,20.86,23.87,20.86,23.02,,,,
2023-09-26,22.7,22.7,19.04,19.04,,,,
2023-09-27,21,22.32,20.13,21.55,,,,
2023-09-28,21.88,25.57,21.88,23.79,,,,
2023-09-29,25.97,26.02,22.32,22.94,,,,
2023-10-02,20.76,20.76,18.36,19.26,,,,
2023-10-03,15.94,15.94,14.6,15.46,,,,
2023-10-04,15.3,16.7,14.19,16.54,,,,
2023-10-05,16.38,17.95,15.92,17.47,,,,
2023-10-06,16.65,21.98,16.56,20.73,,,,
2023-10-09,20.6,24.69,20.6,23.77,,,,
2023-10-10,26.23,30.14,26.23,27.04,,,,
2023-10-11,30.91,30.91,26.48,28.87,,,,
2023-10-12,27.33,27.33,22.28,24.3,,,,
2023-10-13,25.89,25.89,22.32,23.01,,,,
2023-10-16,25.16,29.28,25.16,28.22,,,,
2023-10-17,30.28,36.82,30.28,32.84,,,,
2023-10-18,29.15,29.44,26.04,26.1,,,,
2023-10-19,25.82,27.01,22.17,22.41,,,,
2023-10-20,21.67,21.67,19.33,19.33,,,,
2023-10-23,16.39,19.3,16.39,16.83,,,,
2023-10-24,19.26,20.62,19,19.87,,,,
2023-10-25,18.51,19.48,17.58,17.58,,,,
2023-10-26,17.59,19.68,17.16,18.36,,,,
2023-10-27,17.72,17.72,15.19,15.59,,,,
2023-10-30,18.4,19.21,16.5,18.71,,,,
2023-10-31,19.38,21.53,19.24,21.53,,,,
2023-11-01,20.35,23.89,20.35,23.71,,,,
2023-11-02,30.38,35.7,30.38,35.69,,,,
2023-11-03,47.34,49.01,45.78,46.64,,,,
2023-11-06,46.07,46.07,42.03,42.5,,,,
2023-11-07,41.1,44.39,41.1,42.15,,,,
2023-11-08,43.07,43.47,38.87,40.11,,,,
2023-11-09,42.99,42.99,35.28,35.99,,,,
2023-11-10,37.73,40.77,35.44,40.4,,,,
2023-11-13,39.38,41.99,38.78,40.93,,,,
2023-11-14,54.4,59.61,54.4,59.57,,,,
2023-11-15,62.66,65.25,61.02,61.02,,,,
2023-11-16,60.54,60.54,56.25,56.7,,,,
2023-11-17,60.37,61.15,59.42,61.04,,,,
2023-11-20,63.03,63.82,62.93,63.25,,,,
2023-11-21,61.85,62.05,60.12,60.12,,,,
2023-11-22,64.43,64.43,62.06,62.69,,,,
2023-11-24,65.56,66.53,65.56,66.23,,,,
2023-11-27,64.15,65.64,64.15,64.32,,,,
2023-11-28,63.72,66.55,63.72,64.12,,,,
2023-11-29,69.49,69.49,66.23,66.29,,,,
2023-11-30,66.85,68.45,66.4,66.72,,,,
2023-12-01,67.91,73.95,67.91,73.95,,,,
2023-12-04,75.55,75.55,74.4,75.1,,,,
2023-12-05,74.75,74.75,71.61,71.71,,,,
2023-12-06,74.27,75.68,71.57,71.57,,,,
2023-12-07,71.21,72.95,71.21,72.95,,,,
2023-12-08,71.21,75.01,71.21,74.24,,,,
2023-12-11,74.62,74.62,73.35,73.71,,,,
2023-12-12,72.84,73.49,72.08,72.08,,,,
2023-12-13,72.33,78.45,71.11,78.45,,,,
2023-12-14,82.4,82.4,80.48,81.08,,,,
2023-12-15,82.12,82.12,79.11,79.21,,,,
2023-12-18,81.12,81.16,79.38,79.38,,,,
2023-12-19,82.72,83.33,82.19,83.33,,,,
2023-12-20,83.58,83.94,79.85,79.97,,,,
2023-12-21,82.24,83.03,81.23,83.01,,,,
2023-12-22,85.04,85.04,83.82,84.09,,,,
2023-12-26,84.99,85.59,84.68,85.24,,,,
2023-12-27,85.88,86.18,85.2,85.42,,,,
2023-12-28,86.29,86.48,85.53,85.53,,,,
2023-12-29,86.08,86.08,84.27,84.64,,,,
2024-01-02,84.35,85.33,82.99,83.41,,,,
2024-01-03,81.83,81.83,78.94,79.4,,,,
2024-01-04,79.96,80.01,77.89,78.06,,,,
2024-01-05,79.21,79.21,76.14,76.37,,,,
2024-01-08,74.7,79.25,74.7,79.17,,,,
2024-01-09,75.98,76.55,75.17,75.47,,,,
2024-01-10,75.08,75.16,73.13,74.94,,,,
2024-01-11,72.39,72.39,68.36,71.65,,,,
2024-01-12,75.12,75.12,70.01,70.7,,,,
2024-01-16,64.14,65.84,61.61,62.3,,,,
2024-01-17,56.34,58.32,54.47,57.14,,,,
2024-01-18,57.49,58.85,53.8,58.72,,,,
2024-01-19,57.08,61.82,55.48,61.81,,,,
2024-01-22,65.34,67.85,64.98,67.4,,,,
2024-01-23,69.87,70.2,65.61,66.09,,,,
2024-01-24,67.12,67.12,62.24,62.35,,,,
2024-01-25,65.97,65.97,62.78,65.56,,,,
2024-01-26,67.35,67.35,64.58,65.23,,,,
2024-01-29,62.49,68.87,62.49,68.86,,,,
2024-01-30,65.2,66.69,63.89,64.85,,,,
2024-01-31,62.71,64.96,52.63,52.63,,,,
2024-02-01,55.16,56.96,48.39,56.94,,,,
2024-02-02,49.18,54.24,49.12,52.68,,,,
2024-02-05,46.99,47.97,44.52,46.77,,,,
2024-02-06,48.55,50.6,48.55,50.53,,,,
2024-02-07,47.31,49.62,47.31,48.42,,,,
2024-02-08,47.42,51.19,47.42,51.11,,,,
2024-02-09,51.34,54.49,50.84,54.47,,,,
2024-02-12,58.08,61.35,58.08,59.71,,,,
2024-02-13,46.76,48.89,43.2,44.71,,,,
2024-02-14,49.06,52.05,48.34,51.22,,,,
2024-02-15,56.09,59.45,54.18,58.95,,,,
2024-02-16,55.88,58.13,54.81,55.37,,,,
2024-02-20,51.77,53.65,51.06,51.28,,,,
2024-02-21,51.47,51.47,48.5,50.44,,,,
2024-02-22,51.02,52.07,49.52,51.11,,,,
2024-02-23,51.13,53,50.78,51.79,,,,
2024-02-26,52.12,53.23,50.7,51.38,,,,
2024-02-27,54.06,54.42,53.35,54,,,,
2024-02-28,52.92,53.77,51.07,51.18,,,,
2024-02-29,55.92,55.92,52.59,53.46,,,,
2024-03-01,52.35,55.6,52.35,55.15,,,,
2024-03-04,56.55,56.55,54.19,54.65,,,,
2024-03-05,54.43,54.43,50.96,51.56,,,,
2024-03-06,54.26,54.85,52.91,52.97,,,,
2024-03-07,57.98,57.98,55.98,56.25,,,,
2024-03-08,61.85,61.85,55.94,56.85,,,,
2024-03-11,58.69,58.69,56.54,56.8,,,,
2024-03-12,56.55,57.68,54.46,55,,,,
2024-03-13,59.46,59.46,55.51,56.32,,,,
2024-03-14,56.05,56.05,48.91,50.22,,,,
2024-03-15,51.69,51.85,49.83,51.56,,,,
2024-03-18,51.47,52.63,49.83,49.83,,,,
2024-03-19,51.38,52.95,51.08,51.94,,,,
2024-03-20,52.89,58.93,52.47,58.4,,,,
2024-03-21,63.01,63.09,61.15,61.46,,,,
2024-03-22,61.81,61.81,56.17,56.38,,,,
2024-03-25,59.7,59.7,55.43,55.43,,,,
2024-03-26,58.17,58.17,54.65,54.72,,,,
2024-03-27,58.76,63.44,58.53,63.41,,,,
2024-03-28,66.07,67.33,65.26,66.1,,,,
2024-04-01,65.64,65.64,61.17,61.17,,,,
2024-04-02,56.46,56.46,53.23,54.19,,,,
2024-04-03,53.49,55.99,53.49,54.84,,,,
2024-04-04,60.04,60.11,51.49,52.12,,,,
2024-04-05,52.46,54.94,51.76,53.61,,,,
2024-04-08,55.42,57.27,55.42,55.74,,,,
2024-04-09,59.28,59.28,55.97,57.94,,,,
2024-04-10,48.01,49.23,43.99,45.68,,,,
2024-04-11,46.93,48,43.29,46.63,,,,
2024-04-12,45.07,45.07,36.14,37.42,,,,
2024-04-15,41.68,41.68,32.16,32.63,,,,
2024-04-16,28.63,30.82,28.36,29.88,,,,
2024-04-17,31.64,32.1,26.99,27.06,,,,
2024-04-18,27.52,30.15,26.36,26.75,,,,
2024-04-19,28.12,30.51,28.06,30.5,,,,
2024-04-22,30.35,37.2,30.35,34.59,,,,
2024-04-23,39.5,42.97,39.5,41.34,,,,
2024-04-24,41.18,41.22,37.7,40.59,,,,
2024-04-25,33.6,37.5,33.6,36.58,,,,
2024-04-26,40.17,41.56,39.03,39.84,,,,
2024-04-29,43,43.34,41.64,43.09,,,,
2024-04-30,39.87,39.87,34.47,34.63,,,,
2024-05-01,36.3,43.66,35.76,38.12,,,,
2024-05-02,40.31,44.23,39.04,43.95,,,,
2024-05-03,51.26,51.26,46.94,47.51,,,,
2024-05-06,52.06,52.94,51.68,52.59,,,,
2024-05-07,54.39,55.55,52.09,52.09,,,,
2024-05-08,50.32,51.91,50.3,51.88,,,,
2024-05-09,52.41,55.81,52.41,55.77,,,,
2024-05-10,57.01,57.02,53.16,54.3,,,,
2024-05-13,57.4,58.6,54.39,54.4,,,,
2024-05-14,58.8,59.12,56.97,58.67,,,,
2024-05-15,61.46,61.46,59.64,61.01,,,,
2024-05-16,60.68,61.27,60.37,60.63,,,,
2024-05-17,61.15,61.47,60.46,61.14,,,,
2024-05-20,60.66,61.87,59.8,59.81,,,,
2024-05-21,59.73,59.73,58.07,59,,,,
2024-05-22,58.15,58.62,55.3,55.83,,,,
2024-05-23,54.95,54.95,47.42,48.2,,,,
2024-05-24,50.54,51.49,50.15,51.28,,,,
2024-05-28,52.97,52.97,47.27,48.3,,,,
2024-05-29,42.89,43.79,41.81,41.83,,,,
2024-05-30,44.8,48.03,44.8,46.86,,,,
2024-05-31,51.07,51.7,48.17,51.66,,,,
2024-06-03,51.88,52.44,47.39,49.82,,,,
2024-06-04,46.88,47.04,44.3,44.65,,,,
2024-06-05,45.3,48.28,45.3,48.28,,,,
2024-06-06,48.25,48.55,46.06,46.95,,,,
2024-06-07,43.97,45.81,42.14,42.2,,,,
2024-06-10,39.09,43.23,39.02,42.28,,,,
2024-06-11,38.77,41.05,38.19,41.03,,,,
2024-06-12,51.48,52.38,46.09,46.64,,,,
2024-06-13,44.65,44.65,40.14,42.24,,,,
2024-06-14,36.02,36.79,35.62,36.46,,,,
2024-06-17,35.25,38.62,34.48,38.62,,,,
2024-06-18,39.81,40.02,37.88,37.88,,,,
2024-06-20,38.11,39.6,37.77,38.69,,,,
2024-06-21,38.35,39.24,37.71,39.2,,,,
2024-06-24,41.14,45.29,41.14,42.8,,,,
2024-06-25,40.37,40.37,38.34,38.4,,,,
2024-06-26,35.74,38.07,35.52,37.78,,,,
2024-06-27,39.34,42.08,39.06,42.06,,,,
2024-06-28,45.22,45.42,41.93,44.65,,,,
2024-07-01,45.77,45.77,38.88,40.21,,,,
2024-07-02,40.55,42,40.19,41.36,,,,
2024-07-03,43.04,45.01,42.39,42.59,,,,
2024-07-05,39.94,39.94,37.68,39.3,,,,
2024-07-08,42.47,43.02,40.28,41.2,,,,
2024-07-09,40.04,42.81,38.82,40.81,,,,
2024-07-10,42.47,45.56,41.57,45.55,,,,
2024-07-11,52.74,58.71,52.74,58.54,,,,
2024-07-12,63.03,65.02,62.88,63.29,,,,
2024-07-15,64.45,67.81,64.45,65.96,,,,
2024-07-16,70.31,74.48,70.31,74.41,,,,
2024-07-17,75.46,75.46,72.01,72.61,,,,
2024-07-18,73.86,74.89,66.09,66.74,,,,
2024-07-19,66.48,66.48,62.59,63.37,,,,
2024-07-22,65.84,68.61,62.76,68.61,,,,
2024-07-23,67.34,70.01,67.34,69.19,,,,
2024-07-24,66.24,67.11,61.56,61.58,,,,
2024-07-25,63.09,67.84,63.09,64.31,,,,
2024-07-26,69.32,69.6,67.35,69.42,,,,
2024-07-29,70.3,70.3,66.7,67.5,,,,
2024-07-30,68.28,68.28,65.69,67.33,,,,
2024-07-31,69.18,73.42,68.27,69.69,,,,
2024-08-01,69.72,69.72,58.32,60.52,,,,
2024-08-02,47.48,50.25,46.5,48.71,,,,
2024-08-05,30.84,38.95,30.84,35.5,,,,
2024-08-06,37.77,43.26,37.17,39.36,,,,
2024-08-07,43.78,43.78,36.33,36.6,,,,
2024-08-08,41.18,45.05,41.18,44.92,,,,
2024-08-09,44.33,45.04,42.73,44.66,,,,
2024-08-12,43.82,43.82,41.07,41.39,,,,
2024-08-13,44.18,48.32,43.42,48.23,,,,
2024-08-14,48.74,48.74,45.82,47.54,,,,
2024-08-15,54.27,56.2,52.87,55.12,,,,
2024-08-16,55.82,56.89,55.2,56.63,,,,
2024-08-19,59.29,60.64,58.7,60.64,,,,
2024-08-20,59.87,59.87,56.03,57.1,,,,
2024-08-21,59.46,61.24,58.43,61.24,,,,
2024-08-22,62.08,62.08,57.13,57.18,,,,
2024-08-23,60.17,67.08,60.17,67.07,,,,
2024-08-26,68.58,69.15,66.99,67.29,,,,
2024-08-27,65.17,66.13,63.8,64.97,,,,
2024-08-28,62.89,64.46,60.39,62.22,,,,
2024-08-29,64,67.34,64,64.46,,,,
2024-08-30,65.92,66.12,62.56,66.11,,,,
2024-09-03,61.27,61.27,54.6,54.91,,,,
2024-09-04,53.92,56.79,52.88,53.58,,,,
2024-09-05,52.63,53.07,50.28,51.75,,,,
2024-09-06,46.95,46.95,43.23,44.24,,,,
2024-09-09,45.36,48.51,45.36,45.83,,,,
2024-09-10,44.91,45.37,40.76,45.28,,,,
2024-09-11,41.87,45.29,37.49,45.24,,,,
2024-09-12,46.85,49.79,44.44,49.09,,,,
2024-09-13,53.79,57.61,53.79,57.23,,,,
2024-09-16,58.96,59.62,56.66,58.54,,,,
2024-09-17,61.34,64.55,60.51,60.79,,,,
2024-09-18,61.78,67.93,59.12,59.38,,,,
2024-09-19,65.75,68.14,65.52,67.1,,,,
2024-09-20,64.82,64.82,62.71,62.71,,,,
2024-09-23,64.46,64.46,60.77,60.88,,,,
2024-09-24,63.46,63.46,61.3,61.31,,,,
2024-09-25,61.59,61.59,56.74,56.74,,,,
2024-09-26,63.06,63.06,61.18,62.35,,,,
2024-09-27,65.77,67.79,63.58,64.38,,,,
2024-09-30,63.14,65.37,60.34,65.24,,,,
2024-10-01,61.56,61.56,56.87,57.67,,,,
2024-10-02,57.55,58.98,56.83,57.01,,,,
2024-10-03,54.76,55.56,52.79,53.72,,,,
2024-10-04,59.36,59.62,56.35,59.62,,,,
2024-10-07,57.2,57.31,52.47,54.41,,,,
2024-10-08,54.44,55.9,53.7,53.96,,,,
2024-10-09,55,58.23,54.31,55.54,,,,
2024-10-10,51.67,54.42,51.67,54.39,,,,
2024-10-11,58.81,64.01,58.81,63.76,,,,
2024-10-14,61.71,66.01,61.71,65.74,,,,
2024-10-15,65.16,68.55,64.96,64.96,,,,
2024-10-16,67.43,70.06,67.43,69.65,,,,
2024-10-17,68.77,68.77,66.39,68.21,,,,
2024-10-18,68.76,71.56,68.08,68.48,,,,
2024-10-21,67.17,67.17,60.14,60.23,,,,
2024-10-22,57.12,58.14,56.13,57.88,,,,
2024-10-23,56.68,56.68,50.6,53.91,,,,
2024-10-24,54.84,54.84,51.81,54.12,,,,
2024-10-25,56,57.24,50.65,50.97,,,,
2024-10-28,54.73,57.89,54.73,57.49,,,,
2024-10-29,54.72,56.4,54.72,55.97,,,,
2024-10-30,56.09,59.77,54.92,54.92,,,,
2024-10-31,53.82,53.82,47.05,47.07,,,,
2024-11-01,51.07,52.23,47.46,48.14,,,,
2024-11-04,47.59,52.14,47.59,49.21,,,,
2024-11-05,51.57,56.62,51.57,56.6,,,,
2024-11-06,67.1,67.76,64.29,67.76,,,,
2024-11-07,69.57,69.86,67.79,68.03,,,,
2024-11-08,66.67,67.32,65.94,67.28,,,,
2024-11-11,68.23,68.23,66.86,67.78,,,,
2024-11-12,66.69,66.69,62.93,63.54,,,,
2024-11-13,64.73,64.73,61.24,61.24,,,,
2024-11-14,61.23,61.23,58.05,58.22,,,,
2024-11-15,57.18,57.18,53.01,53.7,,,,
2024-11-18,54.72,55.81,54.1,54.31,,,,
2024-11-19,51.61,54.12,51.52,54.11,,,,
2024-11-20,52.06,54.6,52.06,54.59,,,,
2024-11-21,55.25,58.95,55.14,58.65,,,,
2024-11-22,60.92,62.37,60.92,62.2,,,,
2024-11-25,65.72,67.55,65.72,66.16,,,,
2024-11-26,64.26,64.26,64.26,64.26,,,,
2024-11-27,63.57,65.73,63.4,65.02,,,,
2024-11-29,66.99,66.99,66.35,66.36,,,,
2024-12-02,65.32,67.2,65.04,66.96,,,,
2024-12-03,65.99,65.99,63.87,64.49,,,,
2024-12-04,64.94,64.94,63.22,64.61,,,,
2024-12-05,64.28,64.28,61.41,61.43,,,,
2024-12-06,63.17,63.17,60.45,61.45,,,,
2024-12-09,65.23,65.6,62.69,62.7,,,,
2024-12-10,59.78,62.27,59.25,60.43,,,,
2024-12-11,61.51,62.15,59.59,60.85,,,,
2024-12-12,60.15,60.52,57.35,57.36,,,,
2024-12-13,55.85,55.85,51.98,53.93,,,,
2024-12-16,52.8,55.75,52.8,53.15,,,,
2024-12-17,51.83,51.83,47.86,48.77,,,,
2024-12-18,49.68,49.94,30.77,30.78,,,,
2024-12-19,34,34,30.11,30.16,,,,
2024-12-20,30.02,35.3,30.02,33.06,,,,
2024-12-23,32.06,32.77,29.89,32.76,,,,
2024-12-24,32.07,36.12,32.07,36.06,,,,
2024-12-26,38.03,39.4,37.86,39.19,,,,
2024-12-27,37.28,37.28,32.55,35.1,,,,
2024-12-30,29.94,33.34,28.13,32.05,,,,
2024-12-31,33.06,35.12,31.97,32.77,,,,
2025-01-02,34.85,37.38,31.64,33.86,,,,
2025-01-03,35.47,38.38,34.03,38.06,,,,
2025-01-06,39.92,42.1,37.66,37.72,,,,
2025-01-07,40.06,40.06,35.19,36.15,,,,
2025-01-08,32.35,34.07,30.47,34.01,,,,
2025-01-10,29.18,29.72,27.26,28.07,,,,
2025-01-13,24.96,27.37,24.96,27.37,,,,
2025-01-14,30.15,31.17,27.77,30.87,,,,
2025-01-15,37.37,37.83,34.99,36.88,,,,
2025-01-16,37.52,39.21,36.2,38.98,,,,
2025-01-17,41.41,41.79,40.1,40.97,,,,
2025-01-21,44.97,48.09,44.97,47.82,,,,
2025-01-22,46.93,47.58,45.73,45.73,,,,
2025-01-23,45.29,48.33,44.04,48.33,,,,
2025-01-24,48.27,51.02,47.45,48.94,,,,
2025-01-27,47.63,50.22,46.37,48.19,,,,
2025-01-28,47.54,49.04,46.02,48.04,,,,
2025-01-29,47.95,49.98,44.02,46.98,,,,
2025-01-30,52.46,53.78,51.1,51.71,,,,
2025-01-31,51.86,53.84,46.37,47.52,,,,
2025-02-03,37.34,44.16,37.34,41.77,,,,
2025-02-04,42.66,47.34,42.66,47.16,,,,
2025-02-05,49.44,51.35,48.29,51.35,,,,
2025-02-06,52.97,52.97,49.62,51.54,,,,
2025-02-07,52.07,52.07,46.75,46.75,,,,
2025-02-10,48.83,50.14,47.98,49,,,,
2025-02-11,47.24,49.74,47.24,49.68,,,,
2025-02-12,44.53,46.7,43.81,45.22,,,,
2025-02-13,47.58,51.03,47.39,51.01,,,,
2025-02-14,53.75,54.52,50.9,51.37,,,,
2025-02-18,52.73,54.56,52.39,53.42,,,,
2025-02-19,51.6,53.01,51.4,52.15,,,,
2025-02-20,52.21,52.21,47.58,49.18,,,,
2025-02-21,50.33,50.33,41.57,41.57,,,,
2025-02-24,40.82,42.7,39.62,39.66,,,,
2025-02-25,41.71,41.71,37.83,39.92,,,,
2025-02-26,41.65,43.48,39.41,40.56,,,,
2025-02-27,41.3,42.04,37.3,37.3,,,,
2025-02-28,37.34,40.55,35.49,40.53,,,,
2025-03-03,43.43,43.43,33,33.47,,,,
2025-03-04,28.93,32.33,26.21,29.13,,,,
2025-03-05,30.65,33,30.31,32.75,,,,
2025-03-06,29.97,31.41,28.13,29.6,,,,
2025-03-07,29.37,32.15,26.86,31.35,,,,
2025-03-10,29.41,29.41,24.25,25.21,,,,
2025-03-11,25.96,25.96,21.98,24.25,,,,
2025-03-12,24.56,24.83,21.85,24.04,,,,
2025-03-13,24.94,24.94,21.32,21.82,,,,
2025-03-14,25.19,26.91,24.6,26.86,,,,
2025-03-17,28.88,31.33,28.73,30.45,,,,
2025-03-18,29.3,29.93,28.42,29.56,,,,
2025-03-19,30.88,33.7,30.43,32.61,,,,
2025-03-20,30.95,33.25,30.95,31.35,,,,
2025-03-21,28.15,29.56,27.89,28.91,,,,
2025-03-24,33.23,33.94,32.15,33.8,,,,
2025-03-25,33.98,33.98,31.97,32.05,,,,
2025-03-26,33.05,33.05,30.09,30.93,,,,
2025-03-27,29.97,32.45,29.97,31.27,,,,
2025-03-28,30.53,30.53,25.26,26.18,,,,
2025-03-31,22.63,25.78,22.63,24.77,,,,
2025-04-01,23.24,26.89,23.24,25.69,,,,
2025-04-02,24.55,28.5,24.48,28.5,,,,
2025-04-03,21.29,21.29,19.25,19.3,,,,
2025-04-04,13.27,13.27,9.02,9.26,,,,
2025-04-07,5.29,7.88,5.29,7.1,,,,
2025-04-08,10.02,10.02,5.16,5.5,,,,
2025-04-09,5.68,12.78,5.39,12.51,,,,
2025-04-10,10.57,11.56,8.12,10.55,,,,
2025-04-11,10.87,14.34,9.95,14.06,,,,
2025-04-14,16.57,18.2,15.69,17.67,,,,
2025-04-15,18.41,19.46,17.55,17.91,,,,
2025-04-16,18.08,18.97,15.71,16.96,,,,
2025-04-17,18.06,20.04,17.65,19.22,,,,
2025-04-21,17.88,17.88,14.59,15.77,,,,
2025-04-22,18.66,22.1,18.66,21.99,,,,
2025-04-23,31.5,31.5,25.28,26.1,,,,
2025-04-24,27,31.83,27,31.83,,,,
2025-04-25,30.75,32.11,29.47,32.11,,,,
2025-04-28,34.57,35.25,31.09,34.5,,,,
2025-04-29,34.4,38.99,33.92,37.78,,,,
2025-04-30,32.04,38.92,32.04,38.2,,,,
2025-05-01,40.81,43.37,39.56,40.41,,,,
2025-05-02,48.34,51.84,47.2,51.13,,,,
2025-05-05,49.83,52.09,48.45,48.5,,,,
2025-05-06,46.57,48.18,44.98,45.95,,,,
2025-05-07,48.96,50.21,45.86,47.89,,,,
2025-05-08,52.12,58.18,52.12,55.82,,,,
2025-05-09,58.86,58.86,55.22,56.2,,,,
2025-05-12,69.74,69.74,66.16,67.72,,,,
2025-05-13,69.16,69.38,68.63,68.65,,,,
2025-05-14,67.4,67.4,64.67,64.75,,,,
2025-05-15,64.87,68.27,64.22,68.26,,,,
2025-05-16,69.22,71.73,68.79,71.39,,,,
2025-05-19,68.59,71.12,68.22,71.1,,,,
2025-05-20,71.16,71.93,70.41,70.95,,,,
2025-05-21,68.57,68.57,61.3,61.34,,,,
2025-05-22,58.82,62.3,58.26,60.48,,,,
2025-05-23,55.57,59.4,55.57,58.11,,,,
2025-05-27,62.83,67.45,62.44,67.33,,,,
2025-05-28,67.25,67.25,63.05,63.23,,,,
2025-05-29,66.22,66.62,62.91,66.62,,,,
2025-05-30,64.2,66.39,62.32,64.63,,,,
2025-06-02,61.24,64.41,61.03,64.39,,,,
2025-06-03,64.15,70.19,63.53,69.11,,,,
2025-06-04,71.05,71.05,68.15,68.2,,,,
2025-06-05,69.21,70.03,67.65,68.12,,,,
2025-06-06,74.12,74.12,72.53,73.71,,,,
2025-06-09,76,76.86,74.53,75.32,,,,
2025-06-10,77.7,78.7,77.46,77.89,,,,
2025-06-11,79.55,79.55,75.96,76.12,,,,
2025-06-12,74.79,76.11,74.52,75.28,,,,
2025-06-13,72.99,72.99,65.68,66.17,,,,
2025-06-16,70.49,72.44,68.28,68.76,,,,
2025-06-17,66.38,67.26,63.08,63.12,,,,
2025-06-18,63.7,66.19,63.36,63.36,,,,
2025-06-20,65.83,65.83,60.35,61.2,,,,
2025-06-23,60.8,66.04,57.51,66.02,,,,
2025-06-24,67.95,71.45,67.95,70.56,,,,
2025-06-25,68.53,68.53,64.64,64.66,,,,
2025-06-26,66.66,68.94,65.97,68.94,,,,
2025-06-27,68.71,70.97,66.42,68.76,,,,
2025-06-30,68.15,68.89,67.09,68.28,,,,
2025-07-01,67.08,75.6,67.08,72.2,,,,
2025-07-02,71.37,73.91,71.27,73.85,,,,
2025-07-03,75.01,75.73,74.88,75.72,,,,
2025-07-07,74.13,75.19,69.53,71.22,,,,
2025-07-08,71.63,73.76,71.63,72.8,,,,
2025-07-09,73.66,74.23,72.21,74.21,,,,
2025-07-10,73.37,76.4,73.37,74.81,,,,
2025-07-11,72.41,72.48,70.18,70.47,,,,
2025-07-14,70.29,71.26,70.09,71.26,,,,
2025-07-15,69.3,69.3,62.78,62.83,,,,
2025-07-16,65.05,66.36,61.33,65.93,,,,
2025-07-17,67.18,68.77,66.74,68.06,,,,
2025-07-18,69.6,69.6,65.22,65.32,,,,
2025-07-21,67.37,68.23,64.39,64.39,,,,
2025-07-22,66.86,70.74,66.86,69.94,,,,
2025-07-23,72.12,74.69,71.25,74.69,,,,
2025-07-24,72.81,73.05,69.22,69.24,,,,
2025-07-25,69.75,69.75,68.62,69.5,,,,
2025-07-28,69.27,69.27,66.71,66.85,,,,
2025-07-29,67.74,67.74,62.69,62.72,,,,
2025-07-30,63.63,63.79,55.27,56.82,,,,
2025-07-31,55.65,56.12,51.09,51.5,,,,
2025-08-01,44.77,44.77,41.7,43.06,,,,
2025-08-04,46.05,50.53,46.05,50.2,,,,
2025-08-05,51.4,52.19,48.58,52.19,,,,
2025-08-06,51.06,51.13,50.16,50.8,,,,
2025-08-07,54.59,54.59,48.03,48.87,,,,
2025-08-08,50.61,51.07,49.39,49.63,,,,
2025-08-11,50.88,50.88,47.89,48.54,,,,
2025-08-12,51.17,57.8,51.17,57.45,,,,
2025-08-13,59.35,63.22,59.35,63.18,,,,
2025-08-14,59.37,59.82,56.76,59.34,,,,
2025-08-15,59.91,59.91,56.6,56.6,,,,
2025-08-18,56.65,57.63,56.65,57.1,,,,
2025-08-19,58.22,59.71,55.24,55.68,,,,
2025-08-20,56.3,56.3,52.88,55.47,,,,
2025-08-21,53.6,56.18,53.51,55.47,,,,
2025-08-22,58.67,67.82,58.67,67.81,,,,
2025-08-25,66.84,66.84,64.13,64.14,,,,
2025-08-26,64.67,65.23,64.26,64.55,,,,
2025-08-27,65.06,66.47,65.06,66.08,,,,
2025-08-28,67.03,67.03,64.57,65.62,,,,
2025-08-29,65.55,65.82,63.91,64.82,,,,
2025-09-02,59.9,60.89,58.71,60.58,,,,
2025-09-03,61.52,61.52,58.89,60.09,,,,
2025-09-04,58.95,62.4,58.77,62.37,,,,
2025-09-05,65.73,65.73,61.44,63.2,,,,
2025-09-08,62.28,62.91,60.85,62.66,,,,
2025-09-09,61.8,61.93,60.53,60.83,,,,
2025-09-10,61.49,61.49,57.91,58.96,,,,
2025-09-11,60.66,65.26,60.66,65.26,,,,
2025-09-12,64.56,64.56,61.48,61.54,,,,
2025-09-15,62.45,62.92,60.3,60.74,,,,
2025-09-16,60.49,60.49,57.99,59.58,,,,
2025-09-17,62.16,65.16,59.72,59.85,,,,
2025-09-18,62.29,66.15,62.29,65.65,,,,
2025-09-19,64.76,65.02,61.88,61.96,,,,
2025-09-22,59.42,62.43,59.42,61.67,,,,
2025-09-23,64.38,66.35,61.21,61.46,,,,
2025-09-24,62.33,62.7,59.74,59.98,,,,
2025-09-25,56.8,57.36,53.99,55.31,,,,
2025-09-26,57.74,59.08,56.52,59.07,,,,
2025-09-29,58.14,58.23,56.25,56.53,,,,
2025-09-30,56.53,56.53,51.98,55.69,,,,
2025-10-01,54.19,56.37,54.19,55.45,,,,
2025-10-02,56.16,56.16,52.88,55.17,,,,
2025-10-03,58.39,61.47,58.11,58.53,,,,
2025-10-06,60.07,60.54,57.49,58.15,,,,
2025-10-07,58.64,58.64,53.23,53.51,,,,
2025-10-08,54.17,56.74,54.17,56.34,,,,
2025-10-09,55.58,55.58,51.19,51.19,,,,
2025-10-10,52.51,52.51,38.93,38.99,,,,
2025-10-13,42.6,44.5,42.05,44.45,,,,
2025-10-14,41.28,50.87,41.28,49.19,,,,
2025-10-15,52.21,54.04,47.89,49.54,,,,
2025-10-16,50.11,50.11,42.55,43.26,,,,
2025-10-17,43.38,43.38,40.73,42.12,,,,
2025-10-20,45.99,47.73,45.91,47.62,,,,
2025-10-21,47.62,50.04,46.41,48.9,,,,
2025-10-22,48.17,48.39,43,45.87,,,,
2025-10-23,48.37,50.04,47.78,48.83,,,,
2025-10-24,54.46,54.46,52.37,52.39,,,,
2025-10-27,55.05,55.05,51.58,52.01,,,,
2025-10-28,50.49,51.32,48.32,48.34,,,,
2025-10-29,47.45,48.67,40.71,42.09,,,,
2025-10-30,41.6,42.67,39.63,39.64,,,,
2025-10-31,39.73,41.84,39.28,41.44,,,,
2025-11-03,39.56,39.56,36.43,39.28,,,,
2025-11-04,34.4,36.72,34.33,34.33,,,,
2025-11-05,35.81,40.06,35.81,38.8,,,,
2025-11-06,40.49,40.49,35.25,35.37,,,,
2025-11-07,34.91,37.96,32.85,37.96,,,,
2025-11-10,42.33,42.33,39.06,41.02,,,,
2025-11-11,42.13,44.09,41.98,43.64,,,,
2025-11-12,47.11,47.51,44.79,44.81,,,,
2025-11-13,43.47,43.65,39.24,39.55,,,,
2025-11-14,36.78,39.69,36.78,38.77,,,,
2025-11-17,38.87,38.87,32.39,32.45,,,,
2025-11-18,32.69,34.8,32.69,33.51,,,,
2025-11-19,34.36,35.09,31.82,32.81,,,,
2025-11-20,38.33,38.33,29.03,29.04,,,,
2025-11-21,31.54,39.4,31.54,37.19,,,,
2025-11-24,35.99,39.32,35.99,38.85,,,,
2025-11-25,42.87,47.99,42.87,47.99,,,,
2025-11-26,50.13,52.37,50.13,50.61,,,,
2025-11-28,51.79,52.91,51.79,52.79,,,,
2025-12-01,52.28,52.86,50.05,50.07,,,,
2025-12-02,50.1,50.58,48.92,48.92,,,,
2025-12-03,52.6,54.33,52.54,54.32,,,,
2025-12-04,56.38,56.77,55.01,55.62,,,,
2025-12-05,56.14,57.93,54.31,54.49,,,,
2025-12-08,54.94,54.99,52.72,52.84,,,,
2025-12-09,54.23,55.76,53.58,53.58,,,,
2025-12-10,54.25,60.29,54.25,58.95,,,,
2025-12-11,60.58,62.54,60.58,62.09,,,,
2025-12-12,60.47,61.26,58.9,59.66,,,,
2025-12-15,59.27,59.27,56.99,57.61,,,,
2025-12-16,56.28,56.35,54.28,55.61,,,,
2025-12-17,57.56,58.1,53.98,53.99,,,,
2025-12-18,57.66,57.9,55.56,55.6,,,,
2025-12-19,57.32,57.32,55.7,55.9,,,,
2025-12-22,57.41,59.52,57.41,57.96,,,,
2025-12-23,56.61,57.12,55.99,56.4,,,,
2025-12-24,56.38,58.48,56.38,58.46,,,,
2025-12-26,57.96,58.56,56.71,58.55,,,,
2025-12-29,58.51,58.51,56.14,56.88,,,,
2025-12-30,57.18,57.51,56.09,56.17,,,,
2025-12-31,55.52,55.52,52.41,52.41,,,,
2026-01-02,52.96,54.85,50.47,53.35,,,,
2026-01-05,56.23,61.37,56.23,59.35,,,,
2026-01-06,58.42,62.22,58.39,61.96,,,,
2026-01-07,63.44,63.44,59.63,60.3,,,,
2026-01-08,61.59,65.9,61.59,65.44,,,,
2026-01-09,64.77,67.63,64.77,66.02,,,,
2026-01-12,64.68,67.41,64.23,67.06,,,,
2026-01-13,65.94,66.12,64.59,65.59,,,,
2026-01-14,65.76,68.06,65.76,68.04,,,,
2026-01-15,68.96,71.1,68.74,69.85,,,,
2026-01-16,68.67,68.97,68,68,,,,
2026-01-20,63.18,65.55,61.84,61.84,,,,
2026-01-21,65.79,67.69,64.29,67.69,,,,
2026-01-22,71.31,71.42,69.63,69.64,,,,
2026-01-23,68.78,68.78,65.57,66.33,,,,
2026-01-26,67.86,67.86,65.01,65.85,,,,
2026-01-27,65.37,65.37,63.33,64.89,,,,
2026-01-28,63.99,63.99,60.32,60.56,,,,
2026-01-29,60.31,61.87,57.95,61.86,,,,
2026-01-30,56.88,58.91,55.88,58.33,,,,
2026-02-02,59.2,61.21,59.2,59.73,,,,
2026-02-03,59.73,59.73,56.17,58.64,,,,
2026-02-04,59.89,60.47,56.54,58.75,,,,
2026-02-05,57.35,57.35,53.33,53.9,,,,
2026-02-06,58.15,59.76,57.19,59.66,,,,
2026-02-09,57.81,60.3,57.81,59.68,,,,
2026-02-10,60.69,62.16,60.34,60.35,,,,
2026-02-11,59.98,59.98,57.64,58.47,,,,
2026-02-12,59.84,59.84,52.82,53.75,,,,
2026-02-13,54.37,57.13,54.37,55.27,,,,
2026-02-17,53.32,56.04,52.92,54.87,,,,
2026-02-18,57.32,58.61,56.21,56.6,,,,
2026-02-19,55.62,56.21,54.68,56.13,,,,
2026-02-20,57.23,57.23,54.57,56.42,,,,
2026-02-23,56.27,56.27,48.92,50.19,,,,
2026-02-24,52.27,52.83,51.53,52.22,,,,
2026-02-25,53.7,54.51,52.38,54.38,,,,
2026-02-26,55.98,57.17,53.92,57.08,,,,
2026-02-27,52.74,52.74,50.35,50.85,,,,
2026-03-02,47.88,52.8,47.88,51.98,,,,
2026-03-03,45.18,48.68,40.73,47.07,,,,
2026-03-04,48.54,50.84,48.54,49.43,,,,
2026-03-05,47.67,47.67,41.14,43.29,,,,
2026-03-06,37.33,38.08,35.55,37.61,,,,
2026-03-09,29.58,38.9,29.58,38.28,,,,
2026-03-10,38.31,43.06,38.01,38.04,,,,
2026-03-11,37.6,37.6,34.47,36.44,,,,
2026-03-12,33.11,33.11,30.8,30.8,,,,
2026-03-13,32.32,32.32,28.4,29.12,,,,
2026-03-16,32.66,33.06,31.37,31.41,,,,
2026-03-17,34.99,34.99,32.61,32.65,,,,
2026-03-18,29.7,30.32,27.59,27.63,,,,
2026-03-19,26.6,29.01,25.72,27.9,,,,
2026-03-20,26.7,26.7,21.53,22.35,,,,
2026-03-23,26.41,30.81,26.41,27.3,,,,
2026-03-24,25.68,29.72,25.68,28.14,,,,
2026-03-25,32.25,32.25,30.14,30.78,,,,
2026-03-26,31.09,31.09,27.83,27.89,,,,
2026-03-27,26.6,26.6,23.71,24.01,,,,
2026-03-30,25.1,25.68,23.08,24.02,,,,
2026-03-31,28.39,30.05,26.29,29.61,,,,
2026-04-01,28.39,32.4,26.29,32.38,,,,
2026-04-02,28.25,35.2,28.25,35.1,,,,
2026-04-06,36.28,39.17,35.83,38.17,,,,
2026-04-07,36.1,38.71,36.1,38.5,,,,
2026-04-08,51.93,51.99,48.79,49.84,,,,
2026-04-09,49.24,53.64,48.48,51.71,,,,
2026-04-10,52.91,52.91,49.36,50.14,,,,
2026-04-13,48.91,55.83,48.91,55.82,,,,
2026-04-14,58.85,59.66,57.66,58.65,,,,
2026-04-15,59.97,61.69,59.39,60.97,,,,
2026-04-16,62.11,62.97,61.01,62.2,,,,
2026-04-17,68.19,71.37,68.19,69.18,,,,
2026-04-20,69.32,70.25,68.91,69.17,,,,
2026-04-21,70.8,71.75,64.2,64.51,,,,
2026-04-22,67.78,67.87,64.08,65.12,,,,
2026-04-23,63.3,64.13,59.19,61.72,,,,
2026-04-24,61.04,62.52,60.95,62.35,,,,
2026-04-27,65.5,65.5,61.82,61.82,,,,
2026-04-28,64.31,64.31,61.26,61.44,,,,
2026-04-29,60.43,60.43,55.3,55.98,,,,
2026-04-30,58.65,63.04,57.92,62.89,,,,
2026-05-01,63.54,64.37,62.89,63.72,,,,
2026-05-04,63.85,65.2,60.03,60.45,,,,
2026-05-05,63.01,64.04,62.29,63.22,,,,
2026-05-06,65.9,67.35,65.9,66.3,,,,
2026-05-07,66.16,66.17,63.3,63.66,,,,
2026-05-08,63.3,63.75,62.6,63.15,,,,
2026-05-11,63.22,63.22,59.61,59.64,,,,
2026-05-12,58.25,58.49,55.73,57.95,,,,
2026-05-13,55.25,55.82,54.29,54.74,,,,
2026-05-14,56.54,58.24,56.2,56.37,,,,
2026-05-15,51.37,51.63,49.14,49.74,,,,
2026-05-18,52.91,52.91,50.45,51.67,,,,
2026-05-19,47.77,50.59,47.77,48.38,,,,
2026-05-20,50.18,55.17,50.18,55.17,,,,
2026-05-21,53.62,57.03,52.61,56.64,,,,
2026-05-22,58.75,58.75,56.77,57.18,,,,
2026-05-26,59.27,60.28,58.68,59.39,,,,
2026-05-27,60.97,61.99,59.13,59.17,,,,
2026-05-28,58.94,60.8,58.94,60.77,,,,
2026-05-29,59.61,60.76,58.81,58.88,,,,
2026-06-01,57.39,57.72,55.08,56.4,,,,
2026-06-02,55.82,56.9,55.82,56.58,,,,
2026-06-03,53,53,49.4,49.53,,,,
2026-06-04,54.9,55.88,54.1,55.74,,,,
2026-06-05,53.14,53.35,49.27,49.55,,,,
2026-06-08,50.4,51.94,49.47,49.5,,,,
2026-06-09,54.92,55.08,47.66,52.07,,,,
2026-06-10,53.92,54.33,49.86,49.86,,,,
2026-06-11,51.16,54.63,50.09,54.01,,,,
2026-06-12,55.6,58.22,55.6,56.58,,,,
2026-06-15,58.8,59.02,55.94,55.96,,,,
2026-06-16,56.57,56.57,54.91,54.96,,,,
2026-06-17,56.92,56.92,49.29,50,,,,
2026-06-18,53.33,53.33,51.03,53.12,,,,
2026-06-22,54.87,54.87,51.03,51.03,,,,
2026-06-23,52.96,53.85,52.56,53.01,,,,
2026-06-24,55.19,56.24,53.28,53.91,,,,
2026-06-25,55.34,56.69,53.31,53.71,,,,
2026-06-26,54.57,58.08,54.57,58.08,,,,
2026-06-29,57.07,58.67,56.53,58.67,,,,
2026-06-30,58,58.45,57.65,58.12,,,,
2026-07-01,61.02,61.25,58.66,58.67,,,,
2026-07-02,61.4,61.4,58.12,59.43,,,,
2026-07-06,61.06,61.06,59.64,59.79,,,,
2026-07-07,59.63,59.63,57.13,57.52,,,,
2026-07-08,56.75,56.75,53.52,55.16,,,,
2026-07-09,56.45,57.72,55.98,57.03,,,,
2026-07-10,58.2,58.93,57.28,58.38,,,,
2026-07-13,59.4,59.4,56.31,56.77,,,,
2026-07-14,57.98,57.98,56.37,56.37,,,,
2026-07-15,58.72,59.56,57.13,57.57,,,,
2026-07-16,58.95,60.19,58.49,59.2,,,,
2026-07-17,59.32,59.32,56.33,56.79,,,,
2026-07-20,55.93,55.97,54.14,54.14,,,,
2026-07-21,56.48,56.48,54.7,55.7,,,,
2026-07-22,57.52,57.52,54.98,55.73,,,,
2026-07-23,54.07,54.07,50.18,51.66,,,,
2026-07-24,53.67,54.68,52.49,52.93,,,,
2026-07-27,57.86,57.86,55.61,55.86,,,,
2026-07-28,57.6,58.2,57.24,57.7,,,,
2026-07-29,57.89,57.89,52.31,52.34,,,,
2026-07-30,54,54,50.24,53.16,,,,
2026-07-31,50.06,52.49,48.51,51.67,,,,
2026-08-03,55.41,57.09,54.86,56.97,,,,
2026-08-04,58.48,61.88,57.77,60.49,,,,
2026-08-05,61.66,61.66,59.67,60.22,,,,
2026-08-06,60.68,60.68,58.37,58.4,,,,
2026-08-07,61.41,61.77,60.47,61.43,,,,
2026-08-10,60.38,60.38,58.87,59.04,,,,
2026-08-11,60.45,61.04,59.45,59.45,,,,
2026-08-12,59.88,60.65,59.15,60.02,,,,
2026-08-13,63.21,63.65,61.2,61.66,,,,
2026-08-14,62.26,62.7,61.74,62.59,,,,
2026-08-17,61.29,61.29,59.15,59.19,,,,
2026-08-18,59.83,59.83,56.54,56.55,,,,
2026-08-19,60.67,60.67,56.82,56.82,,,,
2026-08-20,54.91,54.91,53.55,53.75,,,,
2026-08-21,56.31,56.44,55.5,56.22,,,,
2026-08-24,56.77,56.77,54.73,54.78,,,,
2026-08-25,55.92,55.92,54.7,55.83,,,,
2026-08-26,56.04,56.7,54.9,54.9,,,,
2026-08-27,53.49,54.38,52.87,53.37,,,,
2026-08-28,53.9,53.9,50.39,50.67,,,,
2026-08-31,49.2,49.33,46.95,47.51,,,,
2026-09-01,45.86,46.8,43.6,43.66,,,,
2026-09-02,46.3,48.77,46.3,48.09,,,,
2026-09-03,51.44,51.44,48.37,49.65,,,,
2026-09-04,48.65,50.63,48.65,50.31,,,,
2026-09-08,47.42,48.08,45.94,45.94,,,,
2026-09-09,43.43,43.43,41.15,41.41,,,,
2026-09-10,38.89,39.57,37.52,38.35,,,,
2026-09-11,42.56,42.56,39.33,39.65,,,,
2026-09-14,39.18,40.86,38.02,39.39,,,,
2026-09-15,37.15,37.16,35.85,36.63,,,,
2026-09-16,36.03,37.29,31.03,33.54,,,,
2026-09-17,37.06,37.19,35.89,36.12,,,,
2026-09-18,33.57,34.06,32.77,34.02,,,,
2026-09-21,34.67,35.63,34.21,34.8,,,,
2026-09-22,36.1,36.98,34.46,35.99,,,,
2026-09-23,32.96,32.96,30.45,30.45,,,,
2026-09-24,28.96,29.39,27.29,29.15,,,,
2026-09-25,30.11,31.35,29.17,30.23,,,,