time,open,high,low,close,Prior DC20 upper,Prior DC20 lower,Long signal,Short signal
2002-11-12,120.20999908,120.20999908,120.20999908,120.20999908,,,0,0
2002-11-13,122.87999725,122.87999725,122.87999725,122.87999725,,,0,0
2002-11-14,130.28999329,130.28999329,130.28999329,130.28999329,,,0,0
2002-11-15,132.3500061,132.3500061,132.3500061,132.3500061,,,0,0
2002-11-18,129.13999939,129.13999939,129.13999939,129.13999939,,,0,0
2002-11-19,126.48999786,126.48999786,126.48999786,126.48999786,,,0,0
2002-11-20,125.87000275,125.87000275,125.87000275,125.87000275,,,0,0
2002-11-21,127.01999664,127.01999664,127.01999664,127.01999664,,,0,0
2002-11-22,126.26999664,126.26999664,126.26999664,126.26999664,,,0,0
2002-11-25,120.83999634,120.83999634,120.83999634,120.83999634,,,0,0
2002-11-26,120.80999756,120.80999756,120.80999756,120.80999756,,,0,0
2002-11-27,128.30999756,128.30999756,128.30999756,128.30999756,,,0,0
2002-11-29,127.51999664,127.51999664,127.51999664,127.51999664,,,0,0
2002-12-02,127.51999664,127.51999664,127.51999664,127.51999664,,,0,0
2002-12-03,130.63999939,130.63999939,130.63999939,130.63999939,,,0,0
2002-12-04,131.05999756,131.05999756,131.05999756,131.05999756,,,0,0
2002-12-05,130.44000244,130.44000244,130.44000244,130.44000244,,,0,0
2002-12-06,128.46000671,128.46000671,128.46000671,128.46000671,,,0,0
2002-12-09,122.95999908,122.95999908,122.95999908,122.95999908,,,0,0
2002-12-10,115.58999634,115.58999634,115.58999634,115.58999634,,,0,0
2002-12-11,118.33000183,118.33000183,118.33000183,118.33000183,132.3500061,115.58999634,0,0
2002-12-12,117.16000366,117.16000366,117.16000366,117.16000366,132.3500061,115.58999634,0,0
2002-12-13,116.20999908,116.20999908,116.20999908,116.20999908,132.3500061,115.58999634,0,0
2002-12-16,120.33000183,120.33000183,120.33000183,120.33000183,132.3500061,115.58999634,0,0
2002-12-17,119.83000183,119.83000183,119.83000183,119.83000183,131.05999756,115.58999634,0,0
2002-12-18,118.62999725,118.62999725,118.62999725,118.62999725,131.05999756,115.58999634,0,0
2002-12-19,124.06999969,124.06999969,124.06999969,124.06999969,131.05999756,115.58999634,0,0
2002-12-20,125.25,125.25,125.25,125.25,131.05999756,115.58999634,0,0
2002-12-23,124.77999878,124.77999878,124.77999878,124.77999878,131.05999756,115.58999634,0,0
2002-12-24,121.25,121.25,121.25,121.25,131.05999756,115.58999634,0,0
2002-12-26,118.61000061,118.61000061,118.61000061,118.61000061,131.05999756,115.58999634,0,0
2002-12-27,123.87000275,123.87000275,123.87000275,123.87000275,131.05999756,115.58999634,0,0
2002-12-30,123.72000122,123.72000122,123.72000122,123.72000122,131.05999756,115.58999634,0,0
2002-12-31,123.88999939,123.88999939,123.88999939,123.88999939,131.05999756,115.58999634,0,0
2003-01-02,130.86999512,130.86999512,130.86999512,130.86999512,131.05999756,115.58999634,0,0
2003-01-06,124.83000183,124.83000183,124.83000183,124.83000183,131.05999756,115.58999634,0,0
2003-01-07,117.52999878,117.52999878,117.52999878,117.52999878,130.86999512,115.58999634,0,0
2003-01-08,119.41999817,119.41999817,119.41999817,119.41999817,130.86999512,115.58999634,0,0
2003-01-09,125.08000183,125.08000183,125.08000183,125.08000183,130.86999512,115.58999634,0,0
2003-01-10,120.01999664,120.01999664,120.01999664,120.01999664,130.86999512,115.58999634,0,0
2003-01-13,119.79000092,119.79000092,119.79000092,119.79000092,130.86999512,116.20999908,0,0
2003-01-14,114.16000366,114.16000366,114.16000366,114.16000366,130.86999512,116.20999908,0,0
2003-01-15,115.34999847,115.34999847,115.34999847,115.34999847,130.86999512,114.16000366,0,0
2003-01-16,115.15000153,115.15000153,115.15000153,115.15000153,130.86999512,114.16000366,0,0
2003-01-17,116.01999664,116.01999664,116.01999664,116.01999664,130.86999512,114.16000366,0,0
2003-01-21,114.80000305,114.80000305,114.80000305,114.80000305,130.86999512,114.16000366,0,0
2003-01-22,109.94000244,109.94000244,109.94000244,109.94000244,130.86999512,114.16000366,0,0
2003-01-23,107.73000336,107.73000336,107.73000336,107.73000336,130.86999512,109.94000244,0,0
2003-01-24,109.41000366,109.41000366,109.41000366,109.41000366,130.86999512,107.73000336,0,0
2003-01-27,117.73000336,117.73000336,117.73000336,117.73000336,130.86999512,107.73000336,0,0
2003-01-28,116.88999939,116.88999939,116.88999939,116.88999939,130.86999512,107.73000336,0,0
2003-01-29,114.48999786,114.48999786,114.48999786,114.48999786,130.86999512,107.73000336,0,0
2003-01-30,115.62000275,115.62000275,115.62000275,115.62000275,130.86999512,107.73000336,0,0
2003-01-31,110.88999939,110.88999939,110.88999939,110.88999939,130.86999512,107.73000336,0,0
2003-02-03,109.12000275,109.12000275,109.12000275,109.12000275,130.86999512,107.73000336,0,0
2003-02-04,112.05999756,112.05999756,112.05999756,112.05999756,125.08000183,107.73000336,0,0
2003-02-05,122.12999725,122.12999725,122.12999725,122.12999725,125.08000183,107.73000336,0,0
2003-02-06,117.22000122,117.22000122,117.22000122,117.22000122,125.08000183,107.73000336,0,0
2003-02-07,115.48999786,115.48999786,115.48999786,115.48999786,125.08000183,107.73000336,0,0
2003-02-10,114.06999969,114.06999969,114.06999969,114.06999969,122.12999725,107.73000336,0,0
2003-02-11,112.31999969,112.31999969,112.31999969,112.31999969,122.12999725,107.73000336,0,0
2003-02-12,113.13999939,113.13999939,113.13999939,113.13999939,122.12999725,107.73000336,0,0
2003-02-13,116.33999634,116.33999634,116.33999634,116.33999634,122.12999725,107.73000336,0,0
2003-02-18,115.77999878,115.77999878,115.77999878,115.77999878,122.12999725,107.73000336,0,0
2003-02-19,107.12999725,107.12999725,107.12999725,107.12999725,122.12999725,107.73000336,0,0
2003-02-20,109.16999817,109.16999817,109.16999817,109.16999817,122.12999725,107.12999725,0,0
2003-02-21,104.84999847,104.84999847,104.84999847,104.84999847,122.12999725,107.12999725,0,0
2003-02-24,104.05000305,104.05000305,104.05000305,104.05000305,122.12999725,104.84999847,0,0
2003-02-25,103.09999847,103.09999847,103.09999847,103.09999847,122.12999725,104.05000305,0,0
2003-02-26,114.16000366,114.16000366,114.16000366,114.16000366,122.12999725,103.09999847,0,0
2003-02-27,103.80000305,103.80000305,103.80000305,103.80000305,122.12999725,103.09999847,0,0
2003-02-28,105.36000061,105.36000061,105.36000061,105.36000061,122.12999725,103.09999847,0,0
2003-03-03,101.76000214,101.76000214,101.76000214,101.76000214,122.12999725,103.09999847,0,0
2003-03-04,100.94000244,100.94000244,100.94000244,100.94000244,122.12999725,101.76000214,0,0
2003-03-05,103.15000153,103.15000153,103.15000153,103.15000153,122.12999725,100.94000244,0,0
2003-03-06,102.83999634,102.83999634,102.83999634,102.83999634,122.12999725,100.94000244,0,0
2003-03-07,104.59999847,104.59999847,104.59999847,104.59999847,122.12999725,100.94000244,0,0
2003-03-10,105.98000336,105.98000336,105.98000336,105.98000336,117.22000122,100.94000244,0,0
2003-03-11,104.27999878,104.27999878,104.27999878,104.27999878,116.33999634,100.94000244,0,0
2003-03-12,104.33000183,104.33000183,104.33000183,104.33000183,116.33999634,100.94000244,0,0
2003-03-13,110.98999786,110.98999786,110.98999786,110.98999786,116.33999634,100.94000244,0,0
2003-03-14,110.34999847,110.34999847,110.34999847,110.34999847,116.33999634,100.94000244,0,0
2003-03-17,118.37000275,118.37000275,118.37000275,118.37000275,116.33999634,100.94000244,0,0
2003-03-18,124.87999725,124.87999725,124.87999725,124.87999725,118.37000275,100.94000244,0,0
2003-03-19,130.27999878,130.27999878,130.27999878,130.27999878,124.87999725,100.94000244,0,0
2003-03-20,125.83000183,125.83000183,125.83000183,125.83000183,130.27999878,100.94000244,0,0
2003-03-21,124.18000031,124.18000031,124.18000031,124.18000031,130.27999878,100.94000244,0,0
2003-03-24,119.97000122,119.97000122,119.97000122,119.97000122,130.27999878,100.94000244,0,0
2003-03-25,116.44999695,116.44999695,116.44999695,116.44999695,130.27999878,100.94000244,0,0
2003-03-26,116.30000305,116.30000305,116.30000305,116.30000305,130.27999878,100.94000244,0,0
2003-03-27,115.05999756,115.05999756,115.05999756,115.05999756,130.27999878,100.94000244,0,0
2003-03-28,114.5,114.5,114.5,114.5,130.27999878,100.94000244,0,0
2003-03-31,112.08999634,112.08999634,112.08999634,112.08999634,130.27999878,100.94000244,0,0
2003-04-01,109.66000366,109.66000366,109.66000366,109.66000366,130.27999878,100.94000244,0,0
2003-04-02,116.79000092,116.79000092,116.79000092,116.79000092,130.27999878,102.83999634,0,0
2003-04-03,115.94000244,115.94000244,115.94000244,115.94000244,130.27999878,102.83999634,0,0
2003-04-04,114.37000275,114.37000275,114.37000275,114.37000275,130.27999878,104.27999878,0,0
2003-04-07,113.48000336,113.48000336,113.48000336,113.48000336,130.27999878,104.27999878,0,0
2003-04-08,110.08000183,110.08000183,110.08000183,110.08000183,130.27999878,104.27999878,0,0
2003-04-09,105.87999725,105.87999725,105.87999725,105.87999725,130.27999878,104.33000183,0,0
2003-04-10,103.56999969,103.56999969,103.56999969,103.56999969,130.27999878,105.87999725,0,0
2003-04-11,103.66000366,103.66000366,103.66000366,103.66000366,130.27999878,103.56999969,0,0
2003-04-14,102.72000122,102.72000122,102.72000122,102.72000122,130.27999878,103.56999969,0,0
2003-04-15,98.56999969,98.56999969,98.56999969,98.56999969,130.27999878,102.72000122,0,0
2003-04-16,96.02999878,96.02999878,96.02999878,96.02999878,130.27999878,98.56999969,0,0
2003-04-17,96.19999695,96.19999695,96.19999695,96.19999695,125.83000183,96.02999878,0,0
2003-04-21,95.80000305,95.80000305,95.80000305,95.80000305,124.18000031,96.02999878,0,0
2003-04-22,98.56999969,98.56999969,98.56999969,98.56999969,119.97000122,95.80000305,0,0
2003-04-23,95.79000092,95.79000092,95.79000092,95.79000092,116.79000092,95.80000305,0,0
2003-04-24,92.43000031,92.43000031,92.43000031,92.43000031,116.79000092,95.79000092,0,0
2003-04-25,91.66000366,91.66000366,91.66000366,91.66000366,116.79000092,92.43000031,0,0
2003-04-28,91.05999756,91.05999756,91.05999756,91.05999756,116.79000092,91.66000366,0,0
2003-04-29,90.63999939,90.63999939,90.63999939,90.63999939,116.79000092,91.05999756,0,0
2003-04-30,89.26999664,89.26999664,89.26999664,89.26999664,116.79000092,90.63999939,0,0
2003-05-01,89.66999817,89.66999817,89.66999817,89.66999817,116.79000092,89.26999664,0,0
2003-05-02,90.66999817,90.66999817,90.66999817,90.66999817,115.94000244,89.26999664,0,0
2003-05-05,88.06999969,88.06999969,88.06999969,88.06999969,114.37000275,89.26999664,0,0
2003-05-06,84.73000336,84.73000336,84.73000336,84.73000336,113.48000336,88.06999969,0,0
2003-05-07,86.37000275,86.37000275,86.37000275,86.37000275,110.08000183,84.73000336,0,0
2003-05-08,85.29000092,85.29000092,85.29000092,85.29000092,105.87999725,84.73000336,0,0
2003-05-09,82.55999756,82.55999756,82.55999756,82.55999756,103.66000366,84.73000336,0,0
2003-05-12,83.20999908,83.20999908,83.20999908,83.20999908,103.66000366,82.55999756,0,0
2003-05-13,84.97000122,84.97000122,84.97000122,84.97000122,102.72000122,82.55999756,0,0
2003-05-14,88.91999817,88.91999817,88.91999817,88.91999817,98.56999969,82.55999756,0,0
2003-05-15,94.38999939,94.38999939,94.38999939,94.38999939,98.56999969,82.55999756,0,0
2003-05-16,94.63999939,94.63999939,94.63999939,94.63999939,98.56999969,82.55999756,0,0
2003-05-19,97.87999725,97.87999725,97.87999725,97.87999725,98.56999969,82.55999756,0,0
2003-05-20,104.38999939,104.38999939,104.38999939,104.38999939,98.56999969,82.55999756,0,0
2003-05-21,108.54000092,108.54000092,108.54000092,108.54000092,104.38999939,82.55999756,0,0
2003-05-22,102.77999878,102.77999878,102.77999878,102.77999878,108.54000092,82.55999756,0,0
2003-05-23,99.52999878,99.52999878,99.52999878,99.52999878,108.54000092,82.55999756,0,0
2003-05-27,99.61000061,99.61000061,99.61000061,99.61000061,108.54000092,82.55999756,0,0
2003-05-28,100.34999847,100.34999847,100.34999847,100.34999847,108.54000092,82.55999756,0,0
2003-05-29,99.43000031,99.43000031,99.43000031,99.43000031,108.54000092,82.55999756,0,0
2003-05-30,99.80999756,99.80999756,99.80999756,99.80999756,108.54000092,82.55999756,0,0
2003-06-02,101.65000153,101.65000153,101.65000153,101.65000153,108.54000092,82.55999756,0,0
2003-06-04,105.18000031,105.18000031,105.18000031,105.18000031,108.54000092,82.55999756,0,0
2003-06-05,108.37999725,108.37999725,108.37999725,108.37999725,108.54000092,82.55999756,0,0
2003-06-06,103.34999847,103.34999847,103.34999847,103.34999847,108.54000092,82.55999756,0,0
2003-06-09,103.06999969,103.06999969,103.06999969,103.06999969,108.54000092,82.55999756,0,0
2003-06-11,104.69999695,104.69999695,104.69999695,104.69999695,108.54000092,82.55999756,0,0
2003-06-12,101.58000183,101.58000183,101.58000183,101.58000183,108.54000092,83.20999908,0,0
2003-06-13,103.18000031,103.18000031,103.18000031,103.18000031,108.54000092,84.97000122,0,0
2003-06-16,101.59999847,101.59999847,101.59999847,101.59999847,108.54000092,88.91999817,0,0
2003-06-17,105.34999847,105.34999847,105.34999847,105.34999847,108.54000092,94.38999939,0,0
2003-06-18,111.45999908,111.45999908,111.45999908,111.45999908,108.54000092,94.63999939,0,0
2003-06-19,113.38999939,113.38999939,113.38999939,113.38999939,111.45999908,97.87999725,0,0
2003-06-23,108.44999695,108.44999695,108.44999695,108.44999695,113.38999939,99.43000031,0,0
2003-06-24,105.66000366,105.66000366,105.66000366,105.66000366,113.38999939,99.43000031,0,0
2003-06-25,106.08999634,106.08999634,106.08999634,106.08999634,113.38999939,99.43000031,0,0
2003-06-26,106.59999847,106.59999847,106.59999847,106.59999847,113.38999939,99.43000031,0,0
2003-06-27,108.19000244,108.19000244,108.19000244,108.19000244,113.38999939,99.43000031,0,0
2003-06-30,103.59999847,103.59999847,103.59999847,103.59999847,113.38999939,99.43000031,0,0
2003-07-01,100.55999756,100.55999756,100.55999756,100.55999756,113.38999939,99.43000031,0,0
2003-07-02,106.09999847,106.09999847,106.09999847,106.09999847,113.38999939,99.80999756,0,0
2003-07-03,107.51000214,107.51000214,107.51000214,107.51000214,113.38999939,100.55999756,0,0
2003-07-07,104.87999725,104.87999725,104.87999725,104.87999725,113.38999939,100.55999756,0,0
2003-07-09,101.98000336,101.98000336,101.98000336,101.98000336,113.38999939,100.55999756,0,0
2003-07-10,103.08999634,103.08999634,103.08999634,103.08999634,113.38999939,100.55999756,0,0
2003-07-11,98.87000275,98.87000275,98.87000275,98.87000275,113.38999939,100.55999756,0,0
2003-07-14,99.30000305,99.30000305,99.30000305,99.30000305,113.38999939,98.87000275,0,0
2003-07-15,106.41999817,106.41999817,106.41999817,106.41999817,113.38999939,98.87000275,0,0
2003-07-16,109.88999939,109.88999939,109.88999939,109.88999939,113.38999939,98.87000275,0,0
2003-07-17,110.05999756,110.05999756,110.05999756,110.05999756,113.38999939,98.87000275,0,0
2003-07-18,104.91999817,104.91999817,104.91999817,104.91999817,113.38999939,98.87000275,0,0
2003-07-21,114.73999786,114.73999786,114.73999786,114.73999786,113.38999939,98.87000275,0,0
2003-07-22,120.5,120.5,120.5,120.5,114.73999786,98.87000275,0,0
2003-07-23,117.19999695,117.19999695,117.19999695,117.19999695,120.5,98.87000275,0,0
2003-07-24,115.12000275,115.12000275,115.12000275,115.12000275,120.5,98.87000275,0,0
2003-07-25,115.93000031,115.93000031,115.93000031,115.93000031,120.5,98.87000275,0,0
2003-07-28,126.36000061,126.36000061,126.36000061,126.36000061,120.5,98.87000275,0,0
2003-07-29,141.44000244,141.44000244,141.44000244,141.44000244,126.36000061,98.87000275,0,0
2003-07-30,146.99000549,146.99000549,146.99000549,146.99000549,141.44000244,98.87000275,0,0
2003-07-31,160.86000061,160.86000061,160.86000061,160.86000061,146.99000549,98.87000275,0,0
2003-08-01,157.22000122,157.22000122,157.22000122,157.22000122,160.86000061,98.87000275,0,0
2003-08-04,145.71000671,145.71000671,145.71000671,145.71000671,160.86000061,98.87000275,0,0
2003-08-05,144.5,144.5,144.5,144.5,160.86000061,98.87000275,0,0
2003-08-06,144.38000488,144.38000488,144.38000488,144.38000488,160.86000061,98.87000275,0,0
2003-08-07,129.1499939,129.1499939,129.1499939,129.1499939,160.86000061,98.87000275,0,0
2003-08-08,130.96000671,130.96000671,130.96000671,130.96000671,160.86000061,98.87000275,0,0
2003-08-11,139.83000183,139.83000183,139.83000183,139.83000183,160.86000061,99.30000305,0,0
2003-08-12,131.66999817,131.66999817,131.66999817,131.66999817,160.86000061,104.91999817,0,0
2003-08-13,144.75,144.75,144.75,144.75,160.86000061,104.91999817,0,0
2003-08-14,147.38999939,147.38999939,147.38999939,147.38999939,160.86000061,104.91999817,0,0
2003-08-15,140.58999634,140.58999634,140.58999634,140.58999634,160.86000061,104.91999817,0,0
2003-08-18,132.00999451,132.00999451,132.00999451,132.00999451,160.86000061,114.73999786,0,0
2003-08-19,124.12000275,124.12000275,124.12000275,124.12000275,160.86000061,115.12000275,0,0
2003-08-20,128.32000732,128.32000732,128.32000732,128.32000732,160.86000061,115.12000275,0,0
2003-08-22,135.08999634,135.08999634,135.08999634,135.08999634,160.86000061,115.12000275,0,0
2003-08-25,132.78999329,132.78999329,132.78999329,132.78999329,160.86000061,115.93000031,0,0
2003-08-26,130.80000305,130.80000305,130.80000305,130.80000305,160.86000061,124.12000275,0,0
2003-08-27,127.72000122,127.72000122,127.72000122,127.72000122,160.86000061,124.12000275,0,0
2003-08-28,128.72999573,128.72999573,128.72999573,128.72999573,160.86000061,124.12000275,0,0
2003-08-29,126.55000305,126.55000305,126.55000305,126.55000305,160.86000061,124.12000275,0,0
2003-09-02,135.6000061,135.6000061,135.6000061,135.6000061,157.22000122,124.12000275,0,0
2003-09-03,134.08999634,134.08999634,134.08999634,134.08999634,147.38999939,124.12000275,0,0
2003-09-04,127.77999878,127.77999878,127.77999878,127.77999878,147.38999939,124.12000275,0,0
2003-09-05,124.73000336,124.73000336,124.73000336,124.73000336,147.38999939,124.12000275,0,0
2003-09-08,120.08999634,120.08999634,120.08999634,120.08999634,147.38999939,124.12000275,0,0
2003-09-09,125.55999756,125.55999756,125.55999756,125.55999756,147.38999939,120.08999634,0,0
2003-09-10,118.76000214,118.76000214,118.76000214,118.76000214,147.38999939,120.08999634,0,0
2003-09-11,120.41000366,120.41000366,120.41000366,120.41000366,147.38999939,118.76000214,0,0
2003-09-12,120.87000275,120.87000275,120.87000275,120.87000275,147.38999939,118.76000214,0,0
2003-09-15,119.27999878,119.27999878,119.27999878,119.27999878,147.38999939,118.76000214,0,0
2003-09-16,118.69999695,118.69999695,118.69999695,118.69999695,140.58999634,118.76000214,0,0
2003-09-17,117.81999969,117.81999969,117.81999969,117.81999969,135.6000061,118.69999695,0,0
2003-09-18,116.88999939,116.88999939,116.88999939,116.88999939,135.6000061,117.81999969,0,0
2003-09-19,112.40000153,112.40000153,112.40000153,112.40000153,135.6000061,116.88999939,0,0
2003-09-22,115.5,115.5,115.5,115.5,135.6000061,112.40000153,0,0
2003-09-23,115.19999695,115.19999695,115.19999695,115.19999695,135.6000061,112.40000153,0,0
2003-09-24,115,115,115,115,135.6000061,112.40000153,0,0
2003-09-25,112.69999695,112.69999695,112.69999695,112.69999695,135.6000061,112.40000153,0,0
2003-09-26,113.5,113.5,113.5,113.5,135.6000061,112.40000153,0,0
2003-09-29,115.43000031,115.43000031,115.43000031,115.43000031,135.6000061,112.40000153,0,0
2003-09-30,116.69000244,116.69000244,116.69000244,116.69000244,135.6000061,112.40000153,0,0
2003-10-01,118.23999786,118.23999786,118.23999786,118.23999786,134.08999634,112.40000153,0,0
2003-10-02,122.66000366,122.66000366,122.66000366,122.66000366,127.77999878,112.40000153,0,0
2003-10-03,124.80000305,124.80000305,124.80000305,124.80000305,125.55999756,112.40000153,0,0
2003-10-06,121.59999847,121.59999847,121.59999847,121.59999847,125.55999756,112.40000153,0,0
2003-10-07,119.16000366,119.16000366,119.16000366,119.16000366,125.55999756,112.40000153,0,0
2003-10-08,121.69999695,121.69999695,121.69999695,121.69999695,124.80000305,112.40000153,0,0
2003-10-09,120.16000366,120.16000366,120.16000366,120.16000366,124.80000305,112.40000153,0,0
2003-10-10,118.26999664,118.26999664,118.26999664,118.26999664,124.80000305,112.40000153,0,0
2003-10-13,118.26999664,118.26999664,118.26999664,118.26999664,124.80000305,112.40000153,0,0
2003-10-14,118.15000153,118.15000153,118.15000153,118.15000153,124.80000305,112.40000153,0,0
2003-10-15,122.29000092,122.29000092,122.29000092,122.29000092,124.80000305,112.40000153,0,0
2003-10-16,127.37999725,127.37999725,127.37999725,127.37999725,124.80000305,112.40000153,0,0
2003-10-17,125.55000305,125.55000305,125.55000305,125.55000305,127.37999725,112.40000153,0,0
2003-10-20,124.41000366,124.41000366,124.41000366,124.41000366,127.37999725,112.69999695,0,0
2003-10-21,117.66000366,117.66000366,117.66000366,117.66000366,127.37999725,112.69999695,0,0
2003-10-22,118.16999817,118.16999817,118.16999817,118.16999817,127.37999725,112.69999695,0,0
2003-10-23,120.09999847,120.09999847,120.09999847,120.09999847,127.37999725,112.69999695,0,0
2003-10-24,119.55999756,119.55999756,119.55999756,119.55999756,127.37999725,113.5,0,0
2003-10-27,118.19999695,118.19999695,118.19999695,118.19999695,127.37999725,115.43000031,0,0
2003-10-28,116.51999664,116.51999664,116.51999664,116.51999664,127.37999725,116.69000244,0,0
2003-10-29,111.83999634,111.83999634,111.83999634,111.83999634,127.37999725,116.51999664,0,0
2003-10-30,119.01999664,119.01999664,119.01999664,119.01999664,127.37999725,111.83999634,0,0
2003-10-31,118.76000214,118.76000214,118.76000214,118.76000214,127.37999725,111.83999634,0,0
2003-11-04,116.23000336,116.23000336,116.23000336,116.23000336,127.37999725,111.83999634,0,0
2003-11-05,119.45999908,119.45999908,119.45999908,119.45999908,127.37999725,111.83999634,0,0
2003-11-06,123.87999725,123.87999725,123.87999725,123.87999725,127.37999725,111.83999634,0,0
2003-11-07,120.56999969,120.56999969,120.56999969,120.56999969,127.37999725,111.83999634,0,0
2003-11-10,117.81999969,117.81999969,117.81999969,117.81999969,127.37999725,111.83999634,0,0
2003-11-12,115.80999756,115.80999756,115.80999756,115.80999756,127.37999725,111.83999634,0,0
2003-11-13,113.68000031,113.68000031,113.68000031,113.68000031,127.37999725,111.83999634,0,0
2003-11-14,114.25,114.25,114.25,114.25,127.37999725,111.83999634,0,0
2003-11-17,113.98000336,113.98000336,113.98000336,113.98000336,127.37999725,111.83999634,0,0
2003-11-18,114.09999847,114.09999847,114.09999847,114.09999847,125.55000305,111.83999634,0,0
2003-11-19,114.84999847,114.84999847,114.84999847,114.84999847,124.41000366,111.83999634,0,0
2003-11-20,114.84999847,114.84999847,114.84999847,114.84999847,123.87999725,111.83999634,0,0
2003-11-21,114.44000244,114.44000244,114.44000244,114.44000244,123.87999725,111.83999634,0,0
2003-11-24,109.97000122,109.97000122,109.97000122,109.97000122,123.87999725,111.83999634,0,0
2003-11-25,106.73000336,106.73000336,106.73000336,106.73000336,123.87999725,109.97000122,0,0
2003-11-26,104.84999847,104.84999847,104.84999847,104.84999847,123.87999725,106.73000336,0,0
2003-11-28,104.91000366,104.91000366,104.91000366,104.91000366,123.87999725,104.84999847,0,0
2003-12-01,113.13999939,113.13999939,113.13999939,113.13999939,123.87999725,104.84999847,0,0
2003-12-02,116.52999878,116.52999878,116.52999878,116.52999878,123.87999725,104.84999847,0,0
2003-12-03,117.87999725,117.87999725,117.87999725,117.87999725,123.87999725,104.84999847,0,0
2003-12-04,120.18000031,120.18000031,120.18000031,120.18000031,123.87999725,104.84999847,0,0
2003-12-05,116.41999817,116.41999817,116.41999817,116.41999817,123.87999725,104.84999847,0,0
2003-12-08,113.76000214,113.76000214,113.76000214,113.76000214,123.87999725,104.84999847,0,0
2003-12-09,115.27999878,115.27999878,115.27999878,115.27999878,120.56999969,104.84999847,0,0
2003-12-10,112.91000366,112.91000366,112.91000366,112.91000366,120.18000031,104.84999847,0,0
2003-12-11,109.19999695,109.19999695,109.19999695,109.19999695,120.18000031,104.84999847,0,0
2003-12-12,111.05000305,111.05000305,111.05000305,111.05000305,120.18000031,104.84999847,0,0
2003-12-15,111.01000214,111.01000214,111.01000214,111.01000214,120.18000031,104.84999847,0,0
2003-12-16,110.05000305,110.05000305,110.05000305,110.05000305,120.18000031,104.84999847,0,0
2003-12-17,109.58000183,109.58000183,109.58000183,109.58000183,120.18000031,104.84999847,0,0
2003-12-18,107.11000061,107.11000061,107.11000061,107.11000061,120.18000031,104.84999847,0,0
2003-12-19,109.23000336,109.23000336,109.23000336,109.23000336,120.18000031,104.84999847,0,0
2003-12-22,114.08999634,114.08999634,114.08999634,114.08999634,120.18000031,104.84999847,0,0
2003-12-23,115.27999878,115.27999878,115.27999878,115.27999878,120.18000031,104.84999847,0,0
2003-12-24,116.23000336,116.23000336,116.23000336,116.23000336,120.18000031,104.84999847,0,0
2003-12-26,116.23000336,116.23000336,116.23000336,116.23000336,120.18000031,104.84999847,0,0
2003-12-29,116.47000122,116.47000122,116.47000122,116.47000122,120.18000031,104.91000366,0,0
2003-12-30,116.54000092,116.54000092,116.54000092,116.54000092,120.18000031,107.11000061,0,0
2003-12-31,117.91000366,117.91000366,117.91000366,117.91000366,120.18000031,107.11000061,0,0
2004-01-02,118.01000214,118.01000214,118.01000214,118.01000214,120.18000031,107.11000061,0,0
2004-01-05,113.83999634,113.83999634,113.83999634,113.83999634,120.18000031,107.11000061,0,0
2004-01-06,108.76999664,108.76999664,108.76999664,108.76999664,118.01000214,107.11000061,0,0
2004-01-07,110.91000366,110.91000366,110.91000366,110.91000366,118.01000214,107.11000061,0,0
2004-01-08,109.70999908,109.70999908,109.70999908,109.70999908,118.01000214,107.11000061,0,0
2004-01-09,102.81999969,102.81999969,102.81999969,102.81999969,118.01000214,107.11000061,0,0
2004-01-12,100.20999908,100.20999908,100.20999908,100.20999908,118.01000214,102.81999969,0,0
2004-01-13,97.54000092,97.54000092,97.54000092,97.54000092,118.01000214,100.20999908,0,0
2004-01-14,100.83000183,100.83000183,100.83000183,100.83000183,118.01000214,97.54000092,0,0
2004-01-15,103.63999939,103.63999939,103.63999939,103.63999939,118.01000214,97.54000092,0,0
2004-01-16,104.52999878,104.52999878,104.52999878,104.52999878,118.01000214,97.54000092,0,0
2004-01-20,102.73000336,102.73000336,102.73000336,102.73000336,118.01000214,97.54000092,0,0
2004-01-21,103.43000031,103.43000031,103.43000031,103.43000031,118.01000214,97.54000092,0,0
2004-01-22,105.73000336,105.73000336,105.73000336,105.73000336,118.01000214,97.54000092,0,0
2004-01-23,112.22000122,112.22000122,112.22000122,112.22000122,118.01000214,97.54000092,0,0
2004-01-26,114.44000244,114.44000244,114.44000244,114.44000244,118.01000214,97.54000092,0,0
2004-01-27,111.59999847,111.59999847,111.59999847,111.59999847,118.01000214,97.54000092,0,0
2004-01-28,116.52999878,116.52999878,116.52999878,116.52999878,118.01000214,97.54000092,0,0
2004-01-29,124.93000031,124.93000031,124.93000031,124.93000031,118.01000214,97.54000092,0,0
2004-01-30,116.75,116.75,116.75,116.75,124.93000031,97.54000092,0,0
2004-02-02,116.20999908,116.20999908,116.20999908,116.20999908,124.93000031,97.54000092,0,0
2004-02-03,116.40000153,116.40000153,116.40000153,116.40000153,124.93000031,97.54000092,0,0
2004-02-04,120.70999908,120.70999908,120.70999908,120.70999908,124.93000031,97.54000092,0,0
2004-02-05,125.73000336,125.73000336,125.73000336,125.73000336,124.93000031,97.54000092,0,0
2004-02-06,115.11000061,115.11000061,115.11000061,115.11000061,125.73000336,97.54000092,0,0
2004-02-09,107.43000031,107.43000031,107.43000031,107.43000031,125.73000336,97.54000092,0,0
2004-02-10,107.41999817,107.41999817,107.41999817,107.41999817,125.73000336,97.54000092,0,0
2004-02-11,95.62000275,95.62000275,95.62000275,95.62000275,125.73000336,97.54000092,0,0
2004-02-12,96.33999634,96.33999634,96.33999634,96.33999634,125.73000336,95.62000275,0,0
2004-02-13,96.33000183,96.33000183,96.33000183,96.33000183,125.73000336,95.62000275,0,0
2004-02-17,93.61000061,93.61000061,93.61000061,93.61000061,125.73000336,95.62000275,0,0
2004-02-18,92.62999725,92.62999725,92.62999725,92.62999725,125.73000336,93.61000061,0,0
2004-02-19,91.65000153,91.65000153,91.65000153,91.65000153,125.73000336,92.62999725,0,0
2004-02-20,92.83000183,92.83000183,92.83000183,92.83000183,125.73000336,91.65000153,0,0
2004-02-23,91.04000092,91.04000092,91.04000092,91.04000092,125.73000336,91.65000153,0,0
2004-02-24,90.94000244,90.94000244,90.94000244,90.94000244,125.73000336,91.04000092,0,0
2004-02-25,92.36000061,92.36000061,92.36000061,92.36000061,125.73000336,90.94000244,0,0
2004-02-26,93.19999695,93.19999695,93.19999695,93.19999695,125.73000336,90.94000244,0,0
2004-02-27,90.13999939,90.13999939,90.13999939,90.13999939,125.73000336,90.94000244,0,0
2004-03-01,90.13999939,90.13999939,90.13999939,90.13999939,125.73000336,90.13999939,0,0
2004-03-02,96.08000183,96.08000183,96.08000183,96.08000183,125.73000336,90.13999939,0,0
2004-03-03,104.37000275,104.37000275,104.37000275,104.37000275,125.73000336,90.13999939,0,0
2004-03-04,100.23000336,100.23000336,100.23000336,100.23000336,125.73000336,90.13999939,0,0
2004-03-05,92.30000305,92.30000305,92.30000305,92.30000305,125.73000336,90.13999939,0,0
2004-03-08,91.58000183,91.58000183,91.58000183,91.58000183,115.11000061,90.13999939,0,0
2004-03-09,93.30000305,93.30000305,93.30000305,93.30000305,107.43000031,90.13999939,0,0
2004-03-10,95.48999786,95.48999786,95.48999786,95.48999786,107.41999817,90.13999939,0,0
2004-03-11,99.84999847,99.84999847,99.84999847,99.84999847,104.37000275,90.13999939,0,0
2004-03-12,97.75,97.75,97.75,97.75,104.37000275,90.13999939,0,0
2004-03-15,96.41000366,96.41000366,96.41000366,96.41000366,104.37000275,90.13999939,0,0
2004-03-16,95.01999664,95.01999664,95.01999664,95.01999664,104.37000275,90.13999939,0,0
2004-03-17,96.31999969,96.31999969,96.31999969,96.31999969,104.37000275,90.13999939,0,0
2004-03-18,97.59999847,97.59999847,97.59999847,97.59999847,104.37000275,90.13999939,0,0
2004-03-19,97.59999847,97.59999847,97.59999847,97.59999847,104.37000275,90.13999939,0,0
2004-03-22,97.59999847,97.59999847,97.59999847,97.59999847,104.37000275,90.13999939,0,0
2004-03-23,96.69999695,96.69999695,96.69999695,96.69999695,104.37000275,90.13999939,0,0
2004-03-24,96.69999695,96.69999695,96.69999695,96.69999695,104.37000275,90.13999939,0,0
2004-03-25,97.40000153,97.40000153,97.40000153,97.40000153,104.37000275,90.13999939,0,0
2004-03-26,105.30000305,105.30000305,105.30000305,105.30000305,104.37000275,90.13999939,0,0
2004-03-29,101.73999786,101.73999786,101.73999786,101.73999786,105.30000305,90.13999939,0,0
2004-03-30,102,102,102,102,105.30000305,91.58000183,0,0
2004-03-31,105.91999817,105.91999817,105.91999817,105.91999817,105.30000305,91.58000183,0,0
2004-04-01,112.40000153,112.40000153,112.40000153,112.40000153,105.91999817,91.58000183,0,0
2004-04-02,112.16000366,112.16000366,112.16000366,112.16000366,112.40000153,91.58000183,0,0
2004-04-05,115.95999908,115.95999908,115.95999908,115.95999908,112.40000153,91.58000183,0,0
2004-04-06,103.08000183,103.08000183,103.08000183,103.08000183,115.95999908,93.30000305,0,0
2004-04-07,117.33999634,117.33999634,117.33999634,117.33999634,115.95999908,95.01999664,0,0
2004-04-08,115.5,115.5,115.5,115.5,117.33999634,95.01999664,0,0
2004-04-12,112.13999939,112.13999939,112.13999939,112.13999939,117.33999634,95.01999664,0,0
2004-04-13,113.12000275,113.12000275,113.12000275,113.12000275,117.33999634,95.01999664,0,0
2004-04-14,115.30000305,115.30000305,115.30000305,115.30000305,117.33999634,95.01999664,0,0
2004-04-15,117.56999969,117.56999969,117.56999969,117.56999969,117.33999634,96.31999969,0,0
2004-04-16,117.45999908,117.45999908,117.45999908,117.45999908,117.56999969,96.69999695,0,0
2004-04-19,115.08999634,115.08999634,115.08999634,115.08999634,117.56999969,96.69999695,0,0
2004-04-20,118.34999847,118.34999847,118.34999847,118.34999847,117.56999969,96.69999695,0,0
2004-04-21,117.79000092,117.79000092,117.79000092,117.79000092,118.34999847,96.69999695,0,0
2004-04-22,113.13999939,113.13999939,113.13999939,113.13999939,118.34999847,96.69999695,0,0
2004-04-23,114.68000031,114.68000031,114.68000031,114.68000031,118.34999847,97.40000153,0,0
2004-04-26,114.20999908,114.20999908,114.20999908,114.20999908,118.34999847,101.73999786,0,0
2004-04-27,119.97000122,119.97000122,119.97000122,119.97000122,118.34999847,101.73999786,0,0
2004-04-28,120.23999786,120.23999786,120.23999786,120.23999786,119.97000122,102,0,0
2004-04-29,121.55000305,121.55000305,121.55000305,121.55000305,120.23999786,103.08000183,0,0
2004-04-30,122.93000031,122.93000031,122.93000031,122.93000031,121.55000305,103.08000183,0,0
2004-05-03,123.05999756,123.05999756,123.05999756,123.05999756,122.93000031,103.08000183,0,0
2004-05-04,119.98000336,119.98000336,119.98000336,119.98000336,123.05999756,103.08000183,0,0
2004-05-05,132.99000549,132.99000549,132.99000549,132.99000549,123.05999756,103.08000183,0,0
2004-05-06,137.80999756,137.80999756,137.80999756,137.80999756,132.99000549,112.13999939,0,0
2004-05-07,122.88999939,122.88999939,122.88999939,122.88999939,137.80999756,112.13999939,0,0
2004-05-10,109.75,109.75,109.75,109.75,137.80999756,112.13999939,0,0
2004-05-11,106.33000183,106.33000183,106.33000183,106.33000183,137.80999756,109.75,0,0
2004-05-12,108.80000305,108.80000305,108.80000305,108.80000305,137.80999756,106.33000183,0,0
2004-05-13,114.52999878,114.52999878,114.52999878,114.52999878,137.80999756,106.33000183,0,0
2004-05-14,114.52999878,114.52999878,114.52999878,114.52999878,137.80999756,106.33000183,0,0
2004-05-17,112.43000031,112.43000031,112.43000031,112.43000031,137.80999756,106.33000183,0,0
2004-05-18,109.95999908,109.95999908,109.95999908,109.95999908,137.80999756,106.33000183,0,0
2004-05-19,109.48999786,109.48999786,109.48999786,109.48999786,137.80999756,106.33000183,0,0
2004-05-20,108.29000092,108.29000092,108.29000092,108.29000092,137.80999756,106.33000183,0,0
2004-05-21,107.76999664,107.76999664,107.76999664,107.76999664,137.80999756,106.33000183,0,0
2004-05-24,103.09999847,103.09999847,103.09999847,103.09999847,137.80999756,106.33000183,0,0
2004-05-25,103.58999634,103.58999634,103.58999634,103.58999634,137.80999756,103.09999847,0,0
2004-05-26,107.18000031,107.18000031,107.18000031,107.18000031,137.80999756,103.09999847,0,0
2004-05-27,104.77999878,104.77999878,104.77999878,104.77999878,137.80999756,103.09999847,0,0
2004-05-28,106.12000275,106.12000275,106.12000275,106.12000275,137.80999756,103.09999847,0,0
2004-06-01,108.70999908,108.70999908,108.70999908,108.70999908,137.80999756,103.09999847,0,0
2004-06-02,121.5,121.5,121.5,121.5,137.80999756,103.09999847,0,0
2004-06-03,116.66000366,116.66000366,116.66000366,116.66000366,137.80999756,103.09999847,0,0
2004-06-04,102.33000183,102.33000183,102.33000183,102.33000183,137.80999756,103.09999847,0,0
2004-06-07,96.01999664,96.01999664,96.01999664,96.01999664,122.88999939,102.33000183,0,0
2004-06-08,97.12000275,97.12000275,97.12000275,97.12000275,121.5,96.01999664,0,0
2004-06-09,97.68000031,97.68000031,97.68000031,97.68000031,121.5,96.01999664,0,0
2004-06-10,98.70999908,98.70999908,98.70999908,98.70999908,121.5,96.01999664,0,0
2004-06-14,103.86000061,103.86000061,103.86000061,103.86000061,121.5,96.01999664,0,0
2004-06-15,101.09999847,101.09999847,101.09999847,101.09999847,121.5,96.01999664,0,0
2004-06-16,101.79000092,101.79000092,101.79000092,101.79000092,121.5,96.01999664,0,0
2004-06-17,101.33000183,101.33000183,101.33000183,101.33000183,121.5,96.01999664,0,0
2004-06-18,99.12000275,99.12000275,99.12000275,99.12000275,121.5,96.01999664,0,0
2004-06-21,97.36000061,97.36000061,97.36000061,97.36000061,121.5,96.01999664,0,0
2004-06-22,100.36000061,100.36000061,100.36000061,100.36000061,121.5,96.01999664,0,0
2004-06-23,101.36000061,101.36000061,101.36000061,101.36000061,121.5,96.01999664,0,0
2004-06-24,103.76999664,103.76999664,103.76999664,103.76999664,121.5,96.01999664,0,0
2004-06-25,100.94999695,100.94999695,100.94999695,100.94999695,121.5,96.01999664,0,0
2004-06-28,102.02999878,102.02999878,102.02999878,102.02999878,121.5,96.01999664,0,0
2004-06-29,99.95999908,99.95999908,99.95999908,99.95999908,121.5,96.01999664,0,0
2004-06-30,93.91000366,93.91000366,93.91000366,93.91000366,121.5,96.01999664,0,0
2004-07-01,99.72000122,99.72000122,99.72000122,99.72000122,121.5,93.91000366,0,0
2004-07-02,94.70999908,94.70999908,94.70999908,94.70999908,116.66000366,93.91000366,0,0
2004-07-06,91.12999725,91.12999725,91.12999725,91.12999725,103.86000061,93.91000366,0,0
2004-07-07,95.04000092,95.04000092,95.04000092,95.04000092,103.86000061,91.12999725,0,0
2004-07-08,94.43000031,94.43000031,94.43000031,94.43000031,103.86000061,91.12999725,0,0
2004-07-09,97.06999969,97.06999969,97.06999969,97.06999969,103.86000061,91.12999725,0,0
2004-07-12,97.52999878,97.52999878,97.52999878,97.52999878,103.86000061,91.12999725,0,0
2004-07-13,103.83999634,103.83999634,103.83999634,103.83999634,103.86000061,91.12999725,0,0
2004-07-14,102.19000244,102.19000244,102.19000244,102.19000244,103.83999634,91.12999725,0,0
2004-07-15,99.62999725,99.62999725,99.62999725,99.62999725,103.83999634,91.12999725,0,0
2004-07-16,99.70999908,99.70999908,99.70999908,99.70999908,103.83999634,91.12999725,0,0
2004-07-19,95.31999969,95.31999969,95.31999969,95.31999969,103.83999634,91.12999725,0,0
2004-07-20,97.18000031,97.18000031,97.18000031,97.18000031,103.83999634,91.12999725,0,0
2004-07-21,93.70999908,93.70999908,93.70999908,93.70999908,103.83999634,91.12999725,0,0
2004-07-22,91.86000061,91.86000061,91.86000061,91.86000061,103.83999634,91.12999725,0,0
2004-07-23,90.52999878,90.52999878,90.52999878,90.52999878,103.83999634,91.12999725,0,0
2004-07-26,90.23000336,90.23000336,90.23000336,90.23000336,103.83999634,90.52999878,0,0
2004-07-27,94.79000092,94.79000092,94.79000092,94.79000092,103.83999634,90.23000336,0,0
2004-07-28,98.08999634,98.08999634,98.08999634,98.08999634,103.83999634,90.23000336,0,0
2004-07-29,97.12999725,97.12999725,97.12999725,97.12999725,103.83999634,90.23000336,0,0
2004-07-30,97.20999908,97.20999908,97.20999908,97.20999908,103.83999634,90.23000336,0,0
2004-08-02,99.30999756,99.30999756,99.30999756,99.30999756,103.83999634,90.23000336,0,0
2004-08-03,98.90000153,98.90000153,98.90000153,98.90000153,103.83999634,90.23000336,0,0
2004-08-04,106.45999908,106.45999908,106.45999908,106.45999908,103.83999634,90.23000336,0,0
2004-08-05,106.83000183,106.83000183,106.83000183,106.83000183,106.45999908,90.23000336,0,0
2004-08-06,103.11000061,103.11000061,103.11000061,103.11000061,106.83000183,90.23000336,0,0
2004-08-09,98.84999847,98.84999847,98.84999847,98.84999847,106.83000183,90.23000336,0,0
2004-08-10,96.52999878,96.52999878,96.52999878,96.52999878,106.83000183,90.23000336,0,0
2004-08-11,89.72000122,89.72000122,89.72000122,89.72000122,106.83000183,90.23000336,0,0
2004-08-12,93.33999634,93.33999634,93.33999634,93.33999634,106.83000183,89.72000122,0,0
2004-08-13,96.12999725,96.12999725,96.12999725,96.12999725,106.83000183,89.72000122,0,0
2004-08-16,94.45999908,94.45999908,94.45999908,94.45999908,106.83000183,89.72000122,0,0
2004-08-17,102.41999817,102.41999817,102.41999817,102.41999817,106.83000183,89.72000122,0,0
2004-08-18,106.70999908,106.70999908,106.70999908,106.70999908,106.83000183,89.72000122,0,0
2004-08-19,100.68000031,100.68000031,100.68000031,100.68000031,106.83000183,89.72000122,0,0
2004-08-20,100.87999725,100.87999725,100.87999725,100.87999725,106.83000183,89.72000122,0,0
2004-08-23,104.41999817,104.41999817,104.41999817,104.41999817,106.83000183,89.72000122,0,0
2004-08-24,103.44999695,103.44999695,103.44999695,103.44999695,106.83000183,89.72000122,0,0
2004-08-25,102.94000244,102.94000244,102.94000244,102.94000244,106.83000183,89.72000122,0,0
2004-08-26,102.52999878,102.52999878,102.52999878,102.52999878,106.83000183,89.72000122,0,0
2004-08-27,102,102,102,102,106.83000183,89.72000122,0,0
2004-08-30,100.02999878,100.02999878,100.02999878,100.02999878,106.83000183,89.72000122,0,0
2004-08-31,102.66000366,102.66000366,102.66000366,102.66000366,106.83000183,89.72000122,0,0
2004-09-01,105.44000244,105.44000244,105.44000244,105.44000244,106.83000183,89.72000122,0,0
2004-09-02,106.86000061,106.86000061,106.86000061,106.86000061,106.83000183,89.72000122,0,0
2004-09-03,89.29000092,89.29000092,89.29000092,89.29000092,106.86000061,89.72000122,0,0
2004-09-07,84.94999695,84.94999695,84.94999695,84.94999695,106.86000061,89.29000092,0,0
2004-09-08,100.51000214,100.51000214,100.51000214,100.51000214,106.86000061,84.94999695,0,0
2004-09-09,98.73000336,98.73000336,98.73000336,98.73000336,106.86000061,84.94999695,0,0
2004-09-10,96.58000183,96.58000183,96.58000183,96.58000183,106.86000061,84.94999695,0,0
2004-09-13,91.73000336,91.73000336,91.73000336,91.73000336,106.86000061,84.94999695,0,0
2004-09-14,92.22000122,92.22000122,92.22000122,92.22000122,106.86000061,84.94999695,0,0
2004-09-15,91.98000336,91.98000336,91.98000336,91.98000336,106.86000061,84.94999695,0,0
2004-09-16,91.08000183,91.08000183,91.08000183,91.08000183,106.86000061,84.94999695,0,0
2004-09-17,93.66000366,93.66000366,93.66000366,93.66000366,106.86000061,84.94999695,0,0
2004-09-20,92.23000336,92.23000336,92.23000336,92.23000336,106.86000061,84.94999695,0,0
2004-09-21,88.23999786,88.23999786,88.23999786,88.23999786,106.86000061,84.94999695,0,0
2004-09-22,91.59999847,91.59999847,91.59999847,91.59999847,106.86000061,84.94999695,0,0
2004-09-23,98.19000244,98.19000244,98.19000244,98.19000244,106.86000061,84.94999695,0,0
2004-09-24,95.62999725,95.62999725,95.62999725,95.62999725,106.86000061,84.94999695,0,0
2004-09-27,93.38999939,93.38999939,93.38999939,93.38999939,106.86000061,84.94999695,0,0
2004-09-28,92.33999634,92.33999634,92.33999634,92.33999634,106.86000061,84.94999695,0,0
2004-09-29,92.55999756,92.55999756,92.55999756,92.55999756,106.86000061,84.94999695,0,0
2004-09-30,92.88999939,92.88999939,92.88999939,92.88999939,106.86000061,84.94999695,0,0
2004-10-01,93.08000183,93.08000183,93.08000183,93.08000183,106.86000061,84.94999695,0,0
2004-10-04,90.76000214,90.76000214,90.76000214,90.76000214,100.51000214,84.94999695,0,0
2004-10-05,87.41999817,87.41999817,87.41999817,87.41999817,100.51000214,84.94999695,0,0
2004-10-06,96.29000092,96.29000092,96.29000092,96.29000092,100.51000214,87.41999817,0,0
2004-10-07,100.59999847,100.59999847,100.59999847,100.59999847,98.73000336,87.41999817,0,0
2004-10-08,91.37999725,91.37999725,91.37999725,91.37999725,100.59999847,87.41999817,0,0
2004-10-12,92.54000092,92.54000092,92.54000092,92.54000092,100.59999847,87.41999817,0,0
2004-10-13,91.83000183,91.83000183,91.83000183,91.83000183,100.59999847,87.41999817,0,0
2004-10-14,91.22000122,91.22000122,91.22000122,91.22000122,100.59999847,87.41999817,0,0
2004-10-15,90.58999634,90.58999634,90.58999634,90.58999634,100.59999847,87.41999817,0,0
2004-10-18,86.87999725,86.87999725,86.87999725,86.87999725,100.59999847,87.41999817,0,0
2004-10-19,85.84999847,85.84999847,85.84999847,85.84999847,100.59999847,86.87999725,0,0
2004-10-20,92.09999847,92.09999847,92.09999847,92.09999847,100.59999847,85.84999847,0,0
2004-10-21,86.54000092,86.54000092,86.54000092,86.54000092,100.59999847,85.84999847,0,0
2004-10-22,85.83999634,85.83999634,85.83999634,85.83999634,100.59999847,85.84999847,0,0
2004-10-25,88.41999817,88.41999817,88.41999817,88.41999817,100.59999847,85.83999634,0,0
2004-10-26,91.91000366,91.91000366,91.91000366,91.91000366,100.59999847,85.83999634,0,0
2004-10-27,95.41999817,95.41999817,95.41999817,95.41999817,100.59999847,85.83999634,0,0
2004-10-28,97.26999664,97.26999664,97.26999664,97.26999664,100.59999847,85.83999634,0,0
2004-10-29,96.44999695,96.44999695,96.44999695,96.44999695,100.59999847,85.83999634,0,0
2004-11-01,96.79000092,96.79000092,96.79000092,96.79000092,100.59999847,85.83999634,0,0
2004-11-02,98.51999664,98.51999664,98.51999664,98.51999664,100.59999847,85.83999634,0,0
2004-11-03,105.37999725,105.37999725,105.37999725,105.37999725,100.59999847,85.83999634,0,0
2004-11-04,102.80999756,102.80999756,102.80999756,102.80999756,105.37999725,85.83999634,0,0
2004-11-05,92.68000031,92.68000031,92.68000031,92.68000031,105.37999725,85.83999634,0,0
2004-11-08,91.19999695,91.19999695,91.19999695,91.19999695,105.37999725,85.83999634,0,0
2004-11-09,89.04000092,89.04000092,89.04000092,89.04000092,105.37999725,85.83999634,0,0
2004-11-10,86.76999664,86.76999664,86.76999664,86.76999664,105.37999725,85.83999634,0,0
2004-11-12,85.93000031,85.93000031,85.93000031,85.93000031,105.37999725,85.83999634,0,0
2004-11-15,86.72000122,86.72000122,86.72000122,86.72000122,105.37999725,85.83999634,0,0
2004-11-16,86.83000183,86.83000183,86.83000183,86.83000183,105.37999725,85.83999634,0,0
2004-11-17,86.20999908,86.20999908,86.20999908,86.20999908,105.37999725,85.83999634,0,0
2004-11-18,86,86,86,86,105.37999725,85.83999634,0,0
2004-11-19,87.59999847,87.59999847,87.59999847,87.59999847,105.37999725,85.83999634,0,0
2004-11-22,86.04000092,86.04000092,86.04000092,86.04000092,105.37999725,85.83999634,0,0
2004-11-23,85.68000031,85.68000031,85.68000031,85.68000031,105.37999725,85.93000031,0,0
2004-11-24,83.19999695,83.19999695,83.19999695,83.19999695,105.37999725,85.68000031,0,0
2004-11-26,84.90000153,84.90000153,84.90000153,84.90000153,105.37999725,83.19999695,0,0
2004-11-29,90.65000153,90.65000153,90.65000153,90.65000153,105.37999725,83.19999695,0,0
2004-11-30,89.55999756,89.55999756,89.55999756,89.55999756,105.37999725,83.19999695,0,0
2004-12-01,88.23000336,88.23000336,88.23000336,88.23000336,105.37999725,83.19999695,0,0
2004-12-02,91.23000336,91.23000336,91.23000336,91.23000336,105.37999725,83.19999695,0,0
2004-12-03,78.12000275,78.12000275,78.12000275,78.12000275,105.37999725,83.19999695,0,0
2004-12-06,72.33000183,72.33000183,72.33000183,72.33000183,102.80999756,78.12000275,0,0
2004-12-07,66.76000214,66.76000214,66.76000214,66.76000214,92.68000031,72.33000183,0,0
2004-12-08,82.01999664,82.01999664,82.01999664,82.01999664,91.23000336,66.76000214,0,0
2004-12-09,83.01999664,83.01999664,83.01999664,83.01999664,91.23000336,66.76000214,0,0
2004-12-10,82.98000336,82.98000336,82.98000336,82.98000336,91.23000336,66.76000214,0,0
2004-12-13,82.22000122,82.22000122,82.22000122,82.22000122,91.23000336,66.76000214,0,0
2004-12-14,80.23000336,80.23000336,80.23000336,80.23000336,91.23000336,66.76000214,0,0
2004-12-15,82.30000305,82.30000305,82.30000305,82.30000305,91.23000336,66.76000214,0,0
2004-12-16,86.30000305,86.30000305,86.30000305,86.30000305,91.23000336,66.76000214,0,0
2004-12-17,86.43000031,86.43000031,86.43000031,86.43000031,91.23000336,66.76000214,0,0
2004-12-20,81.63999939,81.63999939,81.63999939,81.63999939,91.23000336,66.76000214,0,0
2004-12-21,80.55000305,80.55000305,80.55000305,80.55000305,91.23000336,66.76000214,0,0
2004-12-22,81.08000183,81.08000183,81.08000183,81.08000183,91.23000336,66.76000214,0,0
2004-12-23,80.66999817,80.66999817,80.66999817,80.66999817,91.23000336,66.76000214,0,0
2004-12-27,82.62999725,82.62999725,82.62999725,82.62999725,91.23000336,66.76000214,0,0
2004-12-28,85.80000305,85.80000305,85.80000305,85.80000305,91.23000336,66.76000214,0,0
2004-12-29,85.09999847,85.09999847,85.09999847,85.09999847,91.23000336,66.76000214,0,0
2004-12-30,86.59999847,86.59999847,86.59999847,86.59999847,91.23000336,66.76000214,0,0
2004-12-31,86.59999847,86.59999847,86.59999847,86.59999847,91.23000336,66.76000214,0,0
2005-01-03,83.90000153,83.90000153,83.90000153,83.90000153,86.59999847,66.76000214,0,0
2005-01-04,83.30000305,83.30000305,83.30000305,83.30000305,86.59999847,66.76000214,0,0
2005-01-05,93.19999695,93.19999695,93.19999695,93.19999695,86.59999847,66.76000214,0,0
2005-01-06,92.40000153,92.40000153,92.40000153,92.40000153,93.19999695,80.23000336,0,0
2005-01-07,92.37999725,92.37999725,92.37999725,92.37999725,93.19999695,80.23000336,0,0
2005-01-10,79.01000214,79.01000214,79.01000214,79.01000214,93.19999695,80.23000336,0,0
2005-01-11,77.84999847,77.84999847,77.84999847,77.84999847,93.19999695,79.01000214,0,0
2005-01-12,76.94999695,76.94999695,76.94999695,76.94999695,93.19999695,77.84999847,0,0
2005-01-13,75.76999664,75.76999664,75.76999664,75.76999664,93.19999695,76.94999695,0,0
2005-01-14,76.61000061,76.61000061,76.61000061,76.61000061,93.19999695,75.76999664,0,0
2005-01-18,76.52999878,76.52999878,76.52999878,76.52999878,93.19999695,75.76999664,0,0
2005-01-19,75.95999908,75.95999908,75.95999908,75.95999908,93.19999695,75.76999664,0,0
2005-01-20,74.45999908,74.45999908,74.45999908,74.45999908,93.19999695,75.76999664,0,0
2005-01-21,76.30000305,76.30000305,76.30000305,76.30000305,93.19999695,74.45999908,0,0
2005-01-24,76.94999695,76.94999695,76.94999695,76.94999695,93.19999695,74.45999908,0,0
2005-01-25,77.31999969,77.31999969,77.31999969,77.31999969,93.19999695,74.45999908,0,0
2005-01-26,78.19000244,78.19000244,78.19000244,78.19000244,93.19999695,74.45999908,0,0
2005-01-27,80.20999908,80.20999908,80.20999908,80.20999908,93.19999695,74.45999908,0,0
2005-01-28,78.62000275,78.62000275,78.62000275,78.62000275,93.19999695,74.45999908,0,0
2005-01-31,79.29000092,79.29000092,79.29000092,79.29000092,93.19999695,74.45999908,0,0
2005-02-01,75.95999908,75.95999908,75.95999908,75.95999908,93.19999695,74.45999908,0,0
2005-02-02,83.90000153,83.90000153,83.90000153,83.90000153,93.19999695,74.45999908,0,0
2005-02-03,83.77999878,83.77999878,83.77999878,83.77999878,93.19999695,74.45999908,0,0
2005-02-04,75.51000214,75.51000214,75.51000214,75.51000214,92.40000153,74.45999908,0,0
2005-02-07,72.23999786,72.23999786,72.23999786,72.23999786,92.37999725,74.45999908,0,0
2005-02-08,72.83999634,72.83999634,72.83999634,72.83999634,83.90000153,72.23999786,0,0
2005-02-09,77.09999847,77.09999847,77.09999847,77.09999847,83.90000153,72.23999786,0,0
2005-02-10,80.40000153,80.40000153,80.40000153,80.40000153,83.90000153,72.23999786,0,0
2005-02-11,81.94999695,81.94999695,81.94999695,81.94999695,83.90000153,72.23999786,0,0
2005-02-14,84.66000366,84.66000366,84.66000366,84.66000366,83.90000153,72.23999786,0,0
2005-02-15,84.12000275,84.12000275,84.12000275,84.12000275,84.66000366,72.23999786,0,0
2005-02-16,84.09999847,84.09999847,84.09999847,84.09999847,84.66000366,72.23999786,0,0
2005-02-17,74.23999786,74.23999786,74.23999786,74.23999786,84.66000366,72.23999786,0,0
2005-02-18,78.45999908,78.45999908,78.45999908,78.45999908,84.66000366,72.23999786,0,0
2005-02-22,83.98999786,83.98999786,83.98999786,83.98999786,84.66000366,72.23999786,0,0
2005-02-23,81.69000244,81.69000244,81.69000244,81.69000244,84.66000366,72.23999786,0,0
2005-02-24,82.94000244,82.94000244,82.94000244,82.94000244,84.66000366,72.23999786,0,0
2005-02-25,80.69999695,80.69999695,80.69999695,80.69999695,84.66000366,72.23999786,0,0
2005-02-28,90.05000305,90.05000305,90.05000305,90.05000305,84.66000366,72.23999786,0,0
2005-03-01,89.23000336,89.23000336,89.23000336,89.23000336,90.05000305,72.23999786,0,0
2005-03-02,101.41000366,101.41000366,101.41000366,101.41000366,90.05000305,72.23999786,0,0
2005-03-03,99.44000244,99.44000244,99.44000244,99.44000244,101.41000366,72.23999786,0,0
2005-03-04,83,83,83,83,101.41000366,72.23999786,0,0
2005-03-07,76.30000305,76.30000305,76.30000305,76.30000305,101.41000366,72.23999786,0,0
2005-03-08,81.93000031,81.93000031,81.93000031,81.93000031,101.41000366,72.23999786,0,0
2005-03-09,92.09999847,92.09999847,92.09999847,92.09999847,101.41000366,72.83999634,0,0
2005-03-10,91.13999939,91.13999939,91.13999939,91.13999939,101.41000366,74.23999786,0,0
2005-03-11,93.69999695,93.69999695,93.69999695,93.69999695,101.41000366,74.23999786,0,0
2005-03-14,93.19999695,93.19999695,93.19999695,93.19999695,101.41000366,74.23999786,0,0
2005-03-15,92,92,92,92,101.41000366,74.23999786,0,0
2005-03-16,90.76999664,90.76999664,90.76999664,90.76999664,101.41000366,74.23999786,0,0
2005-03-17,92.12000275,92.12000275,92.12000275,92.12000275,101.41000366,74.23999786,0,0
2005-03-18,90.09999847,90.09999847,90.09999847,90.09999847,101.41000366,74.23999786,0,0
2005-03-21,91.30000305,91.30000305,91.30000305,91.30000305,101.41000366,76.30000305,0,0
2005-03-22,90.69999695,90.69999695,90.69999695,90.69999695,101.41000366,76.30000305,0,0
2005-03-23,89,89,89,89,101.41000366,76.30000305,0,0
2005-03-24,88.37000275,88.37000275,88.37000275,88.37000275,101.41000366,76.30000305,0,0
2005-03-28,88.91000366,88.91000366,88.91000366,88.91000366,101.41000366,76.30000305,0,0
2005-03-29,89.58999634,89.58999634,89.58999634,89.58999634,101.41000366,76.30000305,0,0
2005-03-30,91,91,91,91,101.41000366,76.30000305,0,0
2005-03-31,87.69999695,87.69999695,87.69999695,87.69999695,101.41000366,76.30000305,0,0
2005-04-01,75.16000366,75.16000366,75.16000366,75.16000366,99.44000244,76.30000305,0,0
2005-04-04,75.11000061,75.11000061,75.11000061,75.11000061,93.69999695,75.16000366,0,0
2005-04-05,73.63999939,73.63999939,73.63999939,73.63999939,93.69999695,75.11000061,0,0
2005-04-06,81.15000153,81.15000153,81.15000153,81.15000153,93.69999695,73.63999939,0,0
2005-04-07,79.27999878,79.27999878,79.27999878,79.27999878,93.69999695,73.63999939,0,0
2005-04-08,81.40000153,81.40000153,81.40000153,81.40000153,93.69999695,73.63999939,0,0
2005-04-11,78.19999695,78.19999695,78.19999695,78.19999695,93.69999695,73.63999939,0,0
2005-04-12,75.94000244,75.94000244,75.94000244,75.94000244,93.19999695,73.63999939,0,0
2005-04-13,75.58999634,75.58999634,75.58999634,75.58999634,92.12000275,73.63999939,0,0
2005-04-14,74.41999817,74.41999817,74.41999817,74.41999817,92.12000275,73.63999939,0,0
2005-04-15,83.83999634,83.83999634,83.83999634,83.83999634,92.12000275,73.63999939,0,0
2005-04-18,83.83999634,83.83999634,83.83999634,83.83999634,91.30000305,73.63999939,0,0
2005-04-19,84.11000061,84.11000061,84.11000061,84.11000061,91.30000305,73.63999939,0,0
2005-04-20,84,84,84,84,91,73.63999939,0,0
2005-04-21,85.80999756,85.80999756,85.80999756,85.80999756,91,73.63999939,0,0
2005-04-22,84.18000031,84.18000031,84.18000031,84.18000031,91,73.63999939,0,0
2005-04-25,78.55000305,78.55000305,78.55000305,78.55000305,91,73.63999939,0,0
2005-04-26,79.19999695,79.19999695,79.19999695,79.19999695,91,73.63999939,0,0
2005-04-27,79.12000275,79.12000275,79.12000275,79.12000275,91,73.63999939,0,0
2005-04-28,78.25,78.25,78.25,78.25,87.69999695,73.63999939,0,0
2005-04-29,82.52999878,82.52999878,82.52999878,82.52999878,85.80999756,73.63999939,0,0
2005-05-02,82.30000305,82.30000305,82.30000305,82.30000305,85.80999756,73.63999939,0,0
2005-05-03,81.5,81.5,81.5,81.5,85.80999756,73.63999939,0,0
2005-05-04,86.90000153,86.90000153,86.90000153,86.90000153,85.80999756,74.41999817,0,0
2005-05-05,82.98000336,82.98000336,82.98000336,82.98000336,86.90000153,74.41999817,0,0
2005-05-06,78.40000153,78.40000153,78.40000153,78.40000153,86.90000153,74.41999817,0,0
2005-05-09,78.69999695,78.69999695,78.69999695,78.69999695,86.90000153,74.41999817,0,0
2005-05-10,78.90000153,78.90000153,78.90000153,78.90000153,86.90000153,74.41999817,0,0
2005-05-11,83,83,83,83,86.90000153,74.41999817,0,0
2005-05-12,82.16999817,82.16999817,82.16999817,82.16999817,86.90000153,74.41999817,0,0
2005-05-13,87.09999847,87.09999847,87.09999847,87.09999847,86.90000153,78.25,0,0
2005-05-16,88.5,88.5,88.5,88.5,87.09999847,78.25,0,0
2005-05-17,84.69999695,84.69999695,84.69999695,84.69999695,88.5,78.25,0,0
2005-05-18,81.22000122,81.22000122,81.22000122,81.22000122,88.5,78.25,0,0
2005-05-19,77.19000244,77.19000244,77.19000244,77.19000244,88.5,78.25,0,0
2005-05-20,76.59999847,76.59999847,76.59999847,76.59999847,88.5,77.19000244,0,0
2005-05-23,73.86000061,73.86000061,73.86000061,73.86000061,88.5,76.59999847,0,0
2005-05-24,73.81999969,73.81999969,73.81999969,73.81999969,88.5,73.86000061,0,0
2005-05-25,74.05999756,74.05999756,74.05999756,74.05999756,88.5,73.81999969,0,0
2005-05-26,72.59999847,72.59999847,72.59999847,72.59999847,88.5,73.81999969,0,0
2005-05-27,73.75,73.75,73.75,73.75,88.5,72.59999847,0,0
2005-05-31,75,75,75,75,88.5,72.59999847,0,0
2005-06-01,79.12999725,79.12999725,79.12999725,79.12999725,88.5,72.59999847,0,0
2005-06-02,80.76000214,80.76000214,80.76000214,80.76000214,88.5,72.59999847,0,0
2005-06-03,78.90000153,78.90000153,78.90000153,78.90000153,88.5,72.59999847,0,0
2005-06-06,78.44000244,78.44000244,78.44000244,78.44000244,88.5,72.59999847,0,0
2005-06-07,77.86000061,77.86000061,77.86000061,77.86000061,88.5,72.59999847,0,0
2005-06-08,82.95999908,82.95999908,82.95999908,82.95999908,88.5,72.59999847,0,0
2005-06-09,80.86000061,80.86000061,80.86000061,80.86000061,88.5,72.59999847,0,0
2005-06-10,82.52999878,82.52999878,82.52999878,82.52999878,88.5,72.59999847,0,0
2005-06-13,80.52999878,80.52999878,80.52999878,80.52999878,88.5,72.59999847,0,0
2005-06-14,80.16999817,80.16999817,80.16999817,80.16999817,88.5,72.59999847,0,0
2005-06-15,75.23999786,75.23999786,75.23999786,75.23999786,84.69999695,72.59999847,0,0
2005-06-16,73.40000153,73.40000153,73.40000153,73.40000153,82.95999908,72.59999847,0,0
2005-06-17,72.40000153,72.40000153,72.40000153,72.40000153,82.95999908,72.59999847,0,0
2005-06-20,72.19999695,72.19999695,72.19999695,72.19999695,82.95999908,72.40000153,0,0
2005-06-21,73.5,73.5,73.5,73.5,82.95999908,72.19999695,0,0
2005-06-22,77.18000031,77.18000031,77.18000031,77.18000031,82.95999908,72.19999695,0,0
2005-06-23,76.51000214,76.51000214,76.51000214,76.51000214,82.95999908,72.19999695,0,0
2005-06-24,76,76,76,76,82.95999908,72.19999695,0,0
2005-06-27,74.5,74.5,74.5,74.5,82.95999908,72.19999695,0,0
2005-06-28,75.69999695,75.69999695,75.69999695,75.69999695,82.95999908,72.19999695,0,0
2005-06-29,76.79000092,76.79000092,76.79000092,76.79000092,82.95999908,72.19999695,0,0
2005-06-30,75.59999847,75.59999847,75.59999847,75.59999847,82.95999908,72.19999695,0,0
2005-07-01,78.84999847,78.84999847,78.84999847,78.84999847,82.95999908,72.19999695,0,0
2005-07-05,78.34999847,78.34999847,78.34999847,78.34999847,82.95999908,72.19999695,0,0
2005-07-06,86.29000092,86.29000092,86.29000092,86.29000092,82.95999908,72.19999695,0,0
2005-07-07,87.84999847,87.84999847,87.84999847,87.84999847,86.29000092,72.19999695,0,0
2005-07-08,80.12000275,80.12000275,80.12000275,80.12000275,87.84999847,72.19999695,0,0
2005-07-11,82.93000031,82.93000031,82.93000031,82.93000031,87.84999847,72.19999695,0,0
2005-07-12,81.08000183,81.08000183,81.08000183,81.08000183,87.84999847,72.19999695,0,0
2005-07-13,81.48999786,81.48999786,81.48999786,81.48999786,87.84999847,72.19999695,0,0
2005-07-14,76.47000122,76.47000122,76.47000122,76.47000122,87.84999847,72.19999695,0,0
2005-07-15,77.5,77.5,77.5,77.5,87.84999847,72.19999695,0,0
2005-07-18,76.62000275,76.62000275,76.62000275,76.62000275,87.84999847,72.19999695,0,0
2005-07-19,77.41999817,77.41999817,77.41999817,77.41999817,87.84999847,72.19999695,0,0
2005-07-20,74.16000366,74.16000366,74.16000366,74.16000366,87.84999847,73.5,0,0
2005-07-21,78.5,78.5,78.5,78.5,87.84999847,74.16000366,0,0
2005-07-22,75.54000092,75.54000092,75.54000092,75.54000092,87.84999847,74.16000366,0,0
2005-07-25,75.76999664,75.76999664,75.76999664,75.76999664,87.84999847,74.16000366,0,0
2005-07-26,74.06999969,74.06999969,74.06999969,74.06999969,87.84999847,74.16000366,0,0
2005-07-27,73.77999878,73.77999878,73.77999878,73.77999878,87.84999847,74.06999969,0,0
2005-07-28,72.51000214,72.51000214,72.51000214,72.51000214,87.84999847,73.77999878,0,0
2005-07-29,74.80000305,74.80000305,74.80000305,74.80000305,87.84999847,72.51000214,0,0
2005-08-01,76.51999664,76.51999664,76.51999664,76.51999664,87.84999847,72.51000214,0,0
2005-08-02,76.80000305,76.80000305,76.80000305,76.80000305,87.84999847,72.51000214,0,0
2005-08-03,78.19000244,78.19000244,78.19000244,78.19000244,87.84999847,72.51000214,0,0
2005-08-04,77.59999847,77.59999847,77.59999847,77.59999847,87.84999847,72.51000214,0,0
2005-08-05,75.97000122,75.97000122,75.97000122,75.97000122,82.93000031,72.51000214,0,0
2005-08-08,75.19000244,75.19000244,75.19000244,75.19000244,82.93000031,72.51000214,0,0
2005-08-09,72.62999725,72.62999725,72.62999725,72.62999725,81.48999786,72.51000214,0,0
2005-08-10,72.97000122,72.97000122,72.97000122,72.97000122,81.48999786,72.51000214,0,0
2005-08-11,72.25,72.25,72.25,72.25,78.5,72.51000214,0,0
2005-08-12,74.01000214,74.01000214,74.01000214,74.01000214,78.5,72.25,0,0
2005-08-15,73.52999878,73.52999878,73.52999878,73.52999878,78.5,72.25,0,0
2005-08-16,73.84999847,73.84999847,73.84999847,73.84999847,78.5,72.25,0,0
2005-08-17,73.30000305,73.30000305,73.30000305,73.30000305,78.5,72.25,0,0
2005-08-18,72.41999817,72.41999817,72.41999817,72.41999817,78.5,72.25,0,0
2005-08-19,73.30000305,73.30000305,73.30000305,73.30000305,78.19000244,72.25,0,0
2005-08-22,71.69999695,71.69999695,71.69999695,71.69999695,78.19000244,72.25,0,0
2005-08-23,71.36000061,71.36000061,71.36000061,71.36000061,78.19000244,71.69999695,0,0
2005-08-24,71.5,71.5,71.5,71.5,78.19000244,71.36000061,0,0
2005-08-25,72.16000366,72.16000366,72.16000366,72.16000366,78.19000244,71.36000061,0,0
2005-08-26,73.62999725,73.62999725,73.62999725,73.62999725,78.19000244,71.36000061,0,0
2005-08-29,72.22000122,72.22000122,72.22000122,72.22000122,78.19000244,71.36000061,0,0
2005-08-30,75,75,75,75,78.19000244,71.36000061,0,0
2005-08-31,78.19999695,78.19999695,78.19999695,78.19999695,78.19000244,71.36000061,0,0
2005-09-01,85.06999969,85.06999969,85.06999969,85.06999969,78.19999695,71.36000061,0,0
2005-09-02,80.66000366,80.66000366,80.66000366,80.66000366,85.06999969,71.36000061,0,0
2005-09-06,76.58000183,76.58000183,76.58000183,76.58000183,85.06999969,71.36000061,0,0
2005-09-07,80.30000305,80.30000305,80.30000305,80.30000305,85.06999969,71.36000061,0,0
2005-09-08,80.33000183,80.33000183,80.33000183,80.33000183,85.06999969,71.36000061,0,0
2005-09-09,79.91000366,79.91000366,79.91000366,79.91000366,85.06999969,71.36000061,0,0
2005-09-12,78.20999908,78.20999908,78.20999908,78.20999908,85.06999969,71.36000061,0,0
2005-09-13,78.88999939,78.88999939,78.88999939,78.88999939,85.06999969,71.36000061,0,0
2005-09-14,77.94000244,77.94000244,77.94000244,77.94000244,85.06999969,71.36000061,0,0
2005-09-15,79.5,79.5,79.5,79.5,85.06999969,71.36000061,0,0
2005-09-16,82.5,82.5,82.5,82.5,85.06999969,71.36000061,0,0
2005-09-19,82.40000153,82.40000153,82.40000153,82.40000153,85.06999969,71.36000061,0,0
2005-09-20,77.52999878,77.52999878,77.52999878,77.52999878,85.06999969,71.36000061,0,0
2005-09-21,77.30000305,77.30000305,77.30000305,77.30000305,85.06999969,71.36000061,0,0
2005-09-22,77.91999817,77.91999817,77.91999817,77.91999817,85.06999969,71.5,0,0
2005-09-23,78.16999817,78.16999817,78.16999817,78.16999817,85.06999969,72.16000366,0,0
2005-09-26,78.13999939,78.13999939,78.13999939,78.13999939,85.06999969,72.22000122,0,0
2005-09-27,75.90000153,75.90000153,75.90000153,75.90000153,85.06999969,72.22000122,0,0
2005-09-28,75.45999908,75.45999908,75.45999908,75.45999908,85.06999969,75,0,0
2005-09-29,75.95999908,75.95999908,75.95999908,75.95999908,85.06999969,75.45999908,0,0
2005-09-30,76.70999908,76.70999908,76.70999908,76.70999908,85.06999969,75.45999908,0,0
2005-10-03,80.30000305,80.30000305,80.30000305,80.30000305,82.5,75.45999908,0,0
2005-10-04,77.87000275,77.87000275,77.87000275,77.87000275,82.5,75.45999908,0,0
2005-10-05,81.65000153,81.65000153,81.65000153,81.65000153,82.5,75.45999908,0,0
2005-10-06,80.27999878,80.27999878,80.27999878,80.27999878,82.5,75.45999908,0,0
2005-10-07,77.48000336,77.48000336,77.48000336,77.48000336,82.5,75.45999908,0,0
2005-10-11,77.54000092,77.54000092,77.54000092,77.54000092,82.5,75.45999908,0,0
2005-10-12,77.59999847,77.59999847,77.59999847,77.59999847,82.5,75.45999908,0,0
2005-10-13,80,80,80,80,82.5,75.45999908,0,0
2005-10-14,80.69999695,80.69999695,80.69999695,80.69999695,82.5,75.45999908,0,0
2005-10-17,81.09999847,81.09999847,81.09999847,81.09999847,82.5,75.45999908,0,0
2005-10-18,80.09999847,80.09999847,80.09999847,80.09999847,82.40000153,75.45999908,0,0
2005-10-19,80.08999634,80.08999634,80.08999634,80.08999634,81.65000153,75.45999908,0,0
2005-10-20,79.09999847,79.09999847,79.09999847,79.09999847,81.65000153,75.45999908,0,0
2005-10-21,78.40000153,78.40000153,78.40000153,78.40000153,81.65000153,75.45999908,0,0
2005-10-24,78,78,78,78,81.65000153,75.45999908,0,0
2005-10-25,77.01999664,77.01999664,77.01999664,77.01999664,81.65000153,75.45999908,0,0
2005-10-26,82.09999847,82.09999847,82.09999847,82.09999847,81.65000153,75.45999908,0,0
2005-10-27,80.69999695,80.69999695,80.69999695,80.69999695,82.09999847,75.45999908,0,0
2005-10-28,80.19999695,80.19999695,80.19999695,80.19999695,82.09999847,75.95999908,0,0
2005-10-31,80.08000183,80.08000183,80.08000183,80.08000183,82.09999847,76.70999908,0,0
2005-11-01,77.95999908,77.95999908,77.95999908,77.95999908,82.09999847,77.01999664,0,0
2005-11-02,82.5,82.5,82.5,82.5,82.09999847,77.01999664,0,0
2005-11-03,83.40000153,83.40000153,83.40000153,83.40000153,82.5,77.01999664,0,0
2005-11-04,76.5,76.5,76.5,76.5,83.40000153,77.01999664,0,0
2005-11-07,76.5,76.5,76.5,76.5,83.40000153,76.5,0,0
2005-11-08,78.19999695,78.19999695,78.19999695,78.19999695,83.40000153,76.5,0,0
2005-11-09,80.5,80.5,80.5,80.5,83.40000153,76.5,0,0
2005-11-10,79.87999725,79.87999725,79.87999725,79.87999725,83.40000153,76.5,0,0
2005-11-14,80.90000153,80.90000153,80.90000153,80.90000153,83.40000153,76.5,0,0
2005-11-15,80.30000305,80.30000305,80.30000305,80.30000305,83.40000153,76.5,0,0
2005-11-16,79.08999634,79.08999634,79.08999634,79.08999634,83.40000153,76.5,0,0
2005-11-17,78.83000183,78.83000183,78.83000183,78.83000183,83.40000153,76.5,0,0
2005-11-18,76.51000214,76.51000214,76.51000214,76.51000214,83.40000153,76.5,0,0
2005-11-21,73.09999847,73.09999847,73.09999847,73.09999847,83.40000153,76.5,0,0
2005-11-22,73.09999847,73.09999847,73.09999847,73.09999847,83.40000153,73.09999847,0,0
2005-11-23,73.30999756,73.30999756,73.30999756,73.30999756,83.40000153,73.09999847,0,0
2005-11-25,72.05999756,72.05999756,72.05999756,72.05999756,83.40000153,73.09999847,0,0
2005-11-28,72.12999725,72.12999725,72.12999725,72.12999725,83.40000153,72.05999756,0,0
2005-11-29,73.98999786,73.98999786,73.98999786,73.98999786,83.40000153,72.05999756,0,0
2005-11-30,73.5,73.5,73.5,73.5,83.40000153,72.05999756,0,0
2005-12-01,73.5,73.5,73.5,73.5,83.40000153,72.05999756,0,0
2005-12-02,69.38999939,69.38999939,69.38999939,69.38999939,83.40000153,72.05999756,0,0
2005-12-05,67.69999695,67.69999695,67.69999695,67.69999695,83.40000153,69.38999939,0,0
2005-12-06,67.30000305,67.30000305,67.30000305,67.30000305,80.90000153,67.69999695,0,0
2005-12-07,71.44000244,71.44000244,71.44000244,71.44000244,80.90000153,67.30000305,0,0
2005-12-08,70.59999847,70.59999847,70.59999847,70.59999847,80.90000153,67.30000305,0,0
2005-12-09,71.88999939,71.88999939,71.88999939,71.88999939,80.90000153,67.30000305,0,0
2005-12-12,72.19999695,72.19999695,72.19999695,72.19999695,80.90000153,67.30000305,0,0
2005-12-13,68.36000061,68.36000061,68.36000061,68.36000061,80.90000153,67.30000305,0,0
2005-12-14,70.91999817,70.91999817,70.91999817,70.91999817,80.30000305,67.30000305,0,0
2005-12-15,71.19999695,71.19999695,71.19999695,71.19999695,79.08999634,67.30000305,0,0
2005-12-16,70.26999664,70.26999664,70.26999664,70.26999664,78.83000183,67.30000305,0,0
2005-12-19,67.69999695,67.69999695,67.69999695,67.69999695,76.51000214,67.30000305,0,0
2005-12-20,66.30999756,66.30999756,66.30999756,66.30999756,73.98999786,67.30000305,0,0
2005-12-21,66.40000153,66.40000153,66.40000153,66.40000153,73.98999786,66.30999756,0,0
2005-12-22,66.5,66.5,66.5,66.5,73.98999786,66.30999756,0,0
2005-12-23,67.88999939,67.88999939,67.88999939,67.88999939,73.98999786,66.30999756,0,0
2005-12-27,68.43000031,68.43000031,68.43000031,68.43000031,73.98999786,66.30999756,0,0
2005-12-28,70.26000214,70.26000214,70.26000214,70.26000214,73.98999786,66.30999756,0,0
2005-12-29,71.23000336,71.23000336,71.23000336,71.23000336,73.5,66.30999756,0,0
2005-12-30,72.08999634,72.08999634,72.08999634,72.08999634,73.5,66.30999756,0,0
2006-01-03,73.29000092,73.29000092,73.29000092,73.29000092,72.19999695,66.30999756,0,0
2006-01-04,74.69000244,74.69000244,74.69000244,74.69000244,73.29000092,66.30999756,0,0
2006-01-05,72.86000061,72.86000061,72.86000061,72.86000061,74.69000244,66.30999756,0,0
2006-01-06,69.12000275,69.12000275,69.12000275,69.12000275,74.69000244,66.30999756,0,0
2006-01-09,64.90000153,64.90000153,64.90000153,64.90000153,74.69000244,66.30999756,0,0
2006-01-10,65.51000214,65.51000214,65.51000214,65.51000214,74.69000244,64.90000153,0,0
2006-01-11,64.5,64.5,64.5,64.5,74.69000244,64.90000153,0,0
2006-01-12,64.90000153,64.90000153,64.90000153,64.90000153,74.69000244,64.5,0,0
2006-01-13,64.90000153,64.90000153,64.90000153,64.90000153,74.69000244,64.5,0,0
2006-01-17,63.5,63.5,63.5,63.5,74.69000244,64.5,0,0
2006-01-18,66.55000305,66.55000305,66.55000305,66.55000305,74.69000244,63.5,0,0
2006-01-19,66.23999786,66.23999786,66.23999786,66.23999786,74.69000244,63.5,0,0
2006-01-20,66.19999695,66.19999695,66.19999695,66.19999695,74.69000244,63.5,0,0
2006-01-23,67.72000122,67.72000122,67.72000122,67.72000122,74.69000244,63.5,0,0
2006-01-24,67.5,67.5,67.5,67.5,74.69000244,63.5,0,0
2006-01-25,72.19999695,72.19999695,72.19999695,72.19999695,74.69000244,63.5,0,0
2006-01-26,74.91000366,74.91000366,74.91000366,74.91000366,74.69000244,63.5,0,0
2006-01-27,73.69999695,73.69999695,73.69999695,73.69999695,74.91000366,63.5,0,0
2006-01-30,75.65000153,75.65000153,75.65000153,75.65000153,74.91000366,63.5,0,0
2006-01-31,73.69999695,73.69999695,73.69999695,73.69999695,75.65000153,63.5,0,0
2006-02-01,72.80000305,72.80000305,72.80000305,72.80000305,75.65000153,63.5,0,0
2006-02-02,72.13999939,72.13999939,72.13999939,72.13999939,75.65000153,63.5,0,0
2006-02-03,68.73999786,68.73999786,68.73999786,68.73999786,75.65000153,63.5,0,0
2006-02-06,67.30000305,67.30000305,67.30000305,67.30000305,75.65000153,63.5,0,0
2006-02-07,68.04000092,68.04000092,68.04000092,68.04000092,75.65000153,63.5,0,0
2006-02-08,70,70,70,70,75.65000153,63.5,0,0
2006-02-09,71.40000153,71.40000153,71.40000153,71.40000153,75.65000153,63.5,0,0
2006-02-10,72.40000153,72.40000153,72.40000153,72.40000153,75.65000153,63.5,0,0
2006-02-13,71.13999939,71.13999939,71.13999939,71.13999939,75.65000153,63.5,0,0
2006-02-14,71.40000153,71.40000153,71.40000153,71.40000153,75.65000153,63.5,0,0
2006-02-15,67,67,67,67,75.65000153,66.19999695,0,0
2006-02-16,62.5,62.5,62.5,62.5,75.65000153,66.19999695,0,0
2006-02-17,62.52999878,62.52999878,62.52999878,62.52999878,75.65000153,62.5,0,0
2006-02-21,60.40000153,60.40000153,60.40000153,60.40000153,75.65000153,62.5,0,0
2006-02-22,57.5,57.5,57.5,57.5,75.65000153,60.40000153,0,0
2006-02-23,57.79999924,57.79999924,57.79999924,57.79999924,75.65000153,57.5,0,0
2006-02-24,55.24000168,55.24000168,55.24000168,55.24000168,75.65000153,57.5,0,0
2006-02-27,56.22000122,56.22000122,56.22000122,56.22000122,75.65000153,55.24000168,0,0
2006-02-28,56.86000061,56.86000061,56.86000061,56.86000061,75.65000153,55.24000168,0,0
2006-03-01,58.31000137,58.31000137,58.31000137,58.31000137,73.69999695,55.24000168,0,0
2006-03-02,62.65999985,62.65999985,62.65999985,62.65999985,72.80000305,55.24000168,0,0
2006-03-03,63.11000061,63.11000061,63.11000061,63.11000061,72.40000153,55.24000168,0,0
2006-03-06,66.30999756,66.30999756,66.30999756,66.30999756,72.40000153,55.24000168,0,0
2006-03-07,68.5,68.5,68.5,68.5,72.40000153,55.24000168,0,0
2006-03-08,69.5,69.5,69.5,69.5,72.40000153,55.24000168,0,0
2006-03-09,66.59999847,66.59999847,66.59999847,66.59999847,72.40000153,55.24000168,0,0
2006-03-10,62.5,62.5,62.5,62.5,72.40000153,55.24000168,0,0
2006-03-13,63.20000076,63.20000076,63.20000076,63.20000076,72.40000153,55.24000168,0,0
2006-03-14,64.40000153,64.40000153,64.40000153,64.40000153,71.40000153,55.24000168,0,0
2006-03-15,63.36000061,63.36000061,63.36000061,63.36000061,71.40000153,55.24000168,0,0
2006-03-16,65.43000031,65.43000031,65.43000031,65.43000031,69.5,55.24000168,0,0
2006-03-17,64.51000214,64.51000214,64.51000214,64.51000214,69.5,55.24000168,0,0
2006-03-20,63.20000076,63.20000076,63.20000076,63.20000076,69.5,55.24000168,0,0
2006-03-21,64.59999847,64.59999847,64.59999847,64.59999847,69.5,55.24000168,0,0
2006-03-22,63.20000076,63.20000076,63.20000076,63.20000076,69.5,55.24000168,0,0
2006-03-23,64.20999908,64.20999908,64.20999908,64.20999908,69.5,55.24000168,0,0
2006-03-24,65.69999695,65.69999695,65.69999695,65.69999695,69.5,55.24000168,0,0
2006-03-27,64,64,64,64,69.5,56.22000122,0,0
2006-03-28,62.5,62.5,62.5,62.5,69.5,56.86000061,0,0
2006-03-29,65.97000122,65.97000122,65.97000122,65.97000122,69.5,58.31000137,0,0
2006-03-30,69.90000153,69.90000153,69.90000153,69.90000153,69.5,62.5,0,0
2006-03-31,68.59999847,68.59999847,68.59999847,68.59999847,69.90000153,62.5,0,0
2006-04-03,68.59999847,68.59999847,68.59999847,68.59999847,69.90000153,62.5,0,0
2006-04-04,67,67,67,67,69.90000153,62.5,0,0
2006-04-05,68.30000305,68.30000305,68.30000305,68.30000305,69.90000153,62.5,0,0
2006-04-06,68.59999847,68.59999847,68.59999847,68.59999847,69.90000153,62.5,0,0
2006-04-07,70.80000305,70.80000305,70.80000305,70.80000305,69.90000153,62.5,0,0
2006-04-10,67.76999664,67.76999664,67.76999664,67.76999664,70.80000305,62.5,0,0
2006-04-11,69.80000305,69.80000305,69.80000305,69.80000305,70.80000305,62.5,0,0
2006-04-12,69.40000153,69.40000153,69.40000153,69.40000153,70.80000305,62.5,0,0
2006-04-13,71.69999695,71.69999695,71.69999695,71.69999695,70.80000305,62.5,0,0
2006-04-17,69.69999695,69.69999695,69.69999695,69.69999695,71.69999695,62.5,0,0
2006-04-18,68.83000183,68.83000183,68.83000183,68.83000183,71.69999695,62.5,0,0
2006-04-19,67.94999695,67.94999695,67.94999695,67.94999695,71.69999695,62.5,0,0
2006-04-20,66.5,66.5,66.5,66.5,71.69999695,62.5,0,0
2006-04-21,66,66,66,66,71.69999695,62.5,0,0
2006-04-24,64.40000153,64.40000153,64.40000153,64.40000153,71.69999695,62.5,0,0
2006-04-25,67.09999847,67.09999847,67.09999847,67.09999847,71.69999695,62.5,0,0
2006-04-26,66.80000305,66.80000305,66.80000305,66.80000305,71.69999695,62.5,0,0
2006-04-27,65.09999847,65.09999847,65.09999847,65.09999847,71.69999695,64.40000153,0,0
2006-04-28,63,63,63,63,71.69999695,64.40000153,0,0
2006-05-01,63.90000153,63.90000153,63.90000153,63.90000153,71.69999695,63,0,0
2006-05-02,66.09999847,66.09999847,66.09999847,66.09999847,71.69999695,63,0,0
2006-05-03,70.59999847,70.59999847,70.59999847,70.59999847,71.69999695,63,0,0
2006-05-04,69.09999847,69.09999847,69.09999847,69.09999847,71.69999695,63,0,0
2006-05-05,65.59999847,65.59999847,65.59999847,65.59999847,71.69999695,63,0,0
2006-05-08,64.5,64.5,64.5,64.5,71.69999695,63,0,0
2006-05-09,65.09999847,65.09999847,65.09999847,65.09999847,71.69999695,63,0,0
2006-05-10,63.20000076,63.20000076,63.20000076,63.20000076,71.69999695,63,0,0
2006-05-11,63.79999924,63.79999924,63.79999924,63.79999924,71.69999695,63,0,0
2006-05-12,65.80000305,65.80000305,65.80000305,65.80000305,71.69999695,63,0,0
2006-05-15,65.80000305,65.80000305,65.80000305,65.80000305,70.59999847,63,0,0
2006-05-16,64.40000153,64.40000153,64.40000153,64.40000153,70.59999847,63,0,0
2006-05-17,65.19999695,65.19999695,65.19999695,65.19999695,70.59999847,63,0,0
2006-05-18,65.19999695,65.19999695,65.19999695,65.19999695,70.59999847,63,0,0
2006-05-19,68.80000305,68.80000305,68.80000305,68.80000305,70.59999847,63,0,0
2006-05-22,71.09999847,71.09999847,71.09999847,71.09999847,70.59999847,63,0,0
2006-05-23,68.30000305,68.30000305,68.30000305,68.30000305,71.09999847,63,0,0
2006-05-24,71.90000153,71.90000153,71.90000153,71.90000153,71.09999847,63,0,0
2006-05-25,68.69999695,68.69999695,68.69999695,68.69999695,71.90000153,63,0,0
2006-05-26,67.09999847,67.09999847,67.09999847,67.09999847,71.90000153,63,0,0
2006-05-30,66,66,66,66,71.90000153,63.20000076,0,0
2006-05-31,67.09999847,67.09999847,67.09999847,67.09999847,71.90000153,63.20000076,0,0
2006-06-01,66.5,66.5,66.5,66.5,71.90000153,63.20000076,0,0
2006-06-02,65.5,65.5,65.5,65.5,71.90000153,63.20000076,0,0
2006-06-05,64.30000305,64.30000305,64.30000305,64.30000305,71.90000153,63.20000076,0,0
2006-06-06,64,64,64,64,71.90000153,63.20000076,0,0
2006-06-07,66.40000153,66.40000153,66.40000153,66.40000153,71.90000153,63.20000076,0,0
2006-06-08,67.09999847,67.09999847,67.09999847,67.09999847,71.90000153,63.20000076,0,0
2006-06-09,66.09999847,66.09999847,66.09999847,66.09999847,71.90000153,63.79999924,0,0
2006-06-12,64.30000305,64.30000305,64.30000305,64.30000305,71.90000153,64,0,0
2006-06-13,64.59999847,64.59999847,64.59999847,64.59999847,71.90000153,64,0,0
2006-06-14,64.30000305,64.30000305,64.30000305,64.30000305,71.90000153,64,0,0
2006-06-15,64.19999695,64.19999695,64.19999695,64.19999695,71.90000153,64,0,0
2006-06-16,65.40000153,65.40000153,65.40000153,65.40000153,71.90000153,64,0,0
2006-06-19,66.30000305,66.30000305,66.30000305,66.30000305,71.90000153,64,0,0
2006-06-20,66.80000305,66.80000305,66.80000305,66.80000305,71.90000153,64,0,0
2006-06-21,67,67,67,67,71.90000153,64,0,0
2006-06-22,69.30000305,69.30000305,69.30000305,69.30000305,71.90000153,64,0,0
2006-06-23,70.69999695,70.69999695,70.69999695,70.69999695,69.30000305,64,0,0
2006-06-26,69,69,69,69,70.69999695,64,0,0
2006-06-27,67.5,67.5,67.5,67.5,70.69999695,64,0,0
2006-06-28,67.19999695,67.19999695,67.19999695,67.19999695,70.69999695,64,0,0
2006-06-29,65.09999847,65.09999847,65.09999847,65.09999847,70.69999695,64,0,0
2006-06-30,65.5,65.5,65.5,65.5,70.69999695,64,0,0
2006-07-03,65.5,65.5,65.5,65.5,70.69999695,64,0,0
2006-07-05,67.59999847,67.59999847,67.59999847,67.59999847,70.69999695,64,0,0
2006-07-06,66.90000153,66.90000153,66.90000153,66.90000153,70.69999695,64.19999695,0,0
2006-07-07,64,64,64,64,70.69999695,64.19999695,0,0
2006-07-10,65,65,65,65,70.69999695,64,0,0
2006-07-11,64.30000305,64.30000305,64.30000305,64.30000305,70.69999695,64,0,0
2006-07-12,64.90000153,64.90000153,64.90000153,64.90000153,70.69999695,64,0,0
2006-07-13,68,68,68,68,70.69999695,64,0,0
2006-07-14,68.90000153,68.90000153,68.90000153,68.90000153,70.69999695,64,0,0
2006-07-17,69.5,69.5,69.5,69.5,70.69999695,64,0,0
2006-07-18,69.80000305,69.80000305,69.80000305,69.80000305,70.69999695,64,0,0
2006-07-19,66.09999847,66.09999847,66.09999847,66.09999847,70.69999695,64,0,0
2006-07-20,66.40000153,66.40000153,66.40000153,66.40000153,70.69999695,64,0,0
2006-07-21,66.09999847,66.09999847,66.09999847,66.09999847,70.69999695,64,0,0
2006-07-24,64.90000153,64.90000153,64.90000153,64.90000153,70.69999695,64,0,0
2006-07-25,63.70000076,63.70000076,63.70000076,63.70000076,69.80000305,64,0,0
2006-07-26,63.70000076,63.70000076,63.70000076,63.70000076,69.80000305,63.70000076,0,0
2006-07-27,63.59999847,63.59999847,63.59999847,63.59999847,69.80000305,63.70000076,0,0
2006-07-28,63.70000076,63.70000076,63.70000076,63.70000076,69.80000305,63.59999847,0,0
2006-07-31,63.40000153,63.40000153,63.40000153,63.40000153,69.80000305,63.59999847,0,0
2006-08-01,61.79999924,61.79999924,61.79999924,61.79999924,69.80000305,63.40000153,0,0
2006-08-02,66.19999695,66.19999695,66.19999695,66.19999695,69.80000305,61.79999924,0,0
2006-08-03,66.09999847,66.09999847,66.09999847,66.09999847,69.80000305,61.79999924,0,0
2006-08-04,62.5,62.5,62.5,62.5,69.80000305,61.79999924,0,0
2006-08-07,61.59999847,61.59999847,61.59999847,61.59999847,69.80000305,61.79999924,0,0
2006-08-08,59.20000076,59.20000076,59.20000076,59.20000076,69.80000305,61.59999847,0,0
2006-08-09,58.40000153,58.40000153,58.40000153,58.40000153,69.80000305,59.20000076,0,0
2006-08-10,60.70000076,60.70000076,60.70000076,60.70000076,69.80000305,58.40000153,0,0
2006-08-11,58.79999924,58.79999924,58.79999924,58.79999924,69.80000305,58.40000153,0,0
2006-08-14,58,58,58,58,69.80000305,58.40000153,0,0
2006-08-15,59.40000153,59.40000153,59.40000153,59.40000153,69.80000305,58,0,0
2006-08-16,59.90000153,59.90000153,59.90000153,59.90000153,66.40000153,58,0,0
2006-08-17,59.90000153,59.90000153,59.90000153,59.90000153,66.40000153,58,0,0
2006-08-18,59.29999924,59.29999924,59.29999924,59.29999924,66.19999695,58,0,0
2006-08-21,58,58,58,58,66.19999695,58,0,0
2006-08-22,59.59999847,59.59999847,59.59999847,59.59999847,66.19999695,58,0,0
2006-08-23,59.40000153,59.40000153,59.40000153,59.40000153,66.19999695,58,0,0
2006-08-24,58.70000076,58.70000076,58.70000076,58.70000076,66.19999695,58,0,0
2006-08-25,58.29999924,58.29999924,58.29999924,58.29999924,66.19999695,58,0,0
2006-08-28,57.09999847,57.09999847,57.09999847,57.09999847,66.19999695,58,0,0
2006-08-29,57.70000076,57.70000076,57.70000076,57.70000076,66.19999695,57.09999847,0,0
2006-08-30,58.09999847,58.09999847,58.09999847,58.09999847,66.19999695,57.09999847,0,0
2006-08-31,59.79999924,59.79999924,59.79999924,59.79999924,66.09999847,57.09999847,0,0
2006-09-01,56.70000076,56.70000076,56.70000076,56.70000076,62.5,57.09999847,0,0
2006-09-05,55.09999847,55.09999847,55.09999847,55.09999847,61.59999847,56.70000076,0,0
2006-09-06,57.40000153,57.40000153,57.40000153,57.40000153,60.70000076,55.09999847,0,0
2006-09-07,55.79999924,55.79999924,55.79999924,55.79999924,60.70000076,55.09999847,0,0
2006-09-08,56.40000153,56.40000153,56.40000153,56.40000153,60.70000076,55.09999847,0,0
2006-09-11,56.29999924,56.29999924,56.29999924,56.29999924,59.90000153,55.09999847,0,0
2006-09-12,56.90000153,56.90000153,56.90000153,56.90000153,59.90000153,55.09999847,0,0
2006-09-13,57.5,57.5,57.5,57.5,59.90000153,55.09999847,0,0
2006-09-14,57.5,57.5,57.5,57.5,59.90000153,55.09999847,0,0
2006-09-15,55.90000153,55.90000153,55.90000153,55.90000153,59.90000153,55.09999847,0,0
2006-09-18,56.20000076,56.20000076,56.20000076,56.20000076,59.79999924,55.09999847,0,0
2006-09-19,56.20000076,56.20000076,56.20000076,56.20000076,59.79999924,55.09999847,0,0
2006-09-20,55,55,55,55,59.79999924,55.09999847,0,0
2006-09-21,59.5,59.5,59.5,59.5,59.79999924,55,0,0
2006-09-22,69.5,69.5,69.5,69.5,59.79999924,55,0,0
2006-09-25,70.19999695,70.19999695,70.19999695,70.19999695,69.5,55,0,0
2006-09-26,66.69999695,66.69999695,66.69999695,66.69999695,70.19999695,55,0,0
2006-09-27,65.80000305,65.80000305,65.80000305,65.80000305,70.19999695,55,0,0
2006-09-28,63.5,63.5,63.5,63.5,70.19999695,55,0,0
2006-09-29,63.09999847,63.09999847,63.09999847,63.09999847,70.19999695,55,0,0
2006-10-02,62.59999847,62.59999847,62.59999847,62.59999847,70.19999695,55,0,0
2006-10-03,61,61,61,61,70.19999695,55,0,0
2006-10-04,66.30000305,66.30000305,66.30000305,66.30000305,70.19999695,55,0,0
2006-10-05,66,66,66,66,70.19999695,55,0,0
2006-10-06,63.70000076,63.70000076,63.70000076,63.70000076,70.19999695,55,0,0
2006-10-10,63.09999847,63.09999847,63.09999847,63.09999847,70.19999695,55,0,0
2006-10-11,62,62,62,62,70.19999695,55,0,0
2006-10-12,60.70000076,60.70000076,60.70000076,60.70000076,70.19999695,55,0,0
2006-10-13,60.29999924,60.29999924,60.29999924,60.29999924,70.19999695,55,0,0
2006-10-16,59.09999847,59.09999847,59.09999847,59.09999847,70.19999695,55,0,0
2006-10-17,61.09999847,61.09999847,61.09999847,61.09999847,70.19999695,55,0,0
2006-10-18,59.09999847,59.09999847,59.09999847,59.09999847,70.19999695,55,0,0
2006-10-19,58.40000153,58.40000153,58.40000153,58.40000153,70.19999695,55,0,0
2006-10-20,56.59999847,56.59999847,56.59999847,56.59999847,70.19999695,58.40000153,0,0
2006-10-23,58.59999847,58.59999847,58.59999847,58.59999847,70.19999695,56.59999847,0,0
2006-10-24,57.70000076,57.70000076,57.70000076,57.70000076,70.19999695,56.59999847,0,0
2006-10-25,57.09999847,57.09999847,57.09999847,57.09999847,66.69999695,56.59999847,0,0
2006-10-26,58.29999924,58.29999924,58.29999924,58.29999924,66.30000305,56.59999847,0,0
2006-10-27,59.5,59.5,59.5,59.5,66.30000305,56.59999847,0,0
2006-10-30,58.5,58.5,58.5,58.5,66.30000305,56.59999847,0,0
2006-10-31,60.90000153,60.90000153,60.90000153,60.90000153,66.30000305,56.59999847,0,0
2006-11-01,63.79999924,63.79999924,63.79999924,63.79999924,66.30000305,56.59999847,0,0
2006-11-02,63.5,63.5,63.5,63.5,66.30000305,56.59999847,0,0
2006-11-03,60.90000153,60.90000153,60.90000153,60.90000153,66,56.59999847,0,0
2006-11-06,58.90000153,58.90000153,58.90000153,58.90000153,63.79999924,56.59999847,0,0
2006-11-07,60.90000153,60.90000153,60.90000153,60.90000153,63.79999924,56.59999847,0,0
2006-11-08,63.5,63.5,63.5,63.5,63.79999924,56.59999847,0,0
2006-11-09,62,62,62,62,63.79999924,56.59999847,0,0
2006-11-10,63.5,63.5,63.5,63.5,63.79999924,56.59999847,0,0
2006-11-13,65.09999847,65.09999847,65.09999847,65.09999847,63.79999924,56.59999847,0,0
2006-11-14,66.30000305,66.30000305,66.30000305,66.30000305,65.09999847,56.59999847,0,0
2006-11-15,66.19999695,66.19999695,66.19999695,66.19999695,66.30000305,56.59999847,0,0
2006-11-16,64.5,64.5,64.5,64.5,66.30000305,56.59999847,0,0
2006-11-17,65,65,65,65,66.30000305,56.59999847,0,0
2006-11-20,63.59999847,63.59999847,63.59999847,63.59999847,66.30000305,57.09999847,0,0
2006-11-21,62.70000076,62.70000076,62.70000076,62.70000076,66.30000305,57.09999847,0,0
2006-11-22,62.90000153,62.90000153,62.90000153,62.90000153,66.30000305,57.09999847,0,0
2006-11-24,63,63,63,63,66.30000305,58.29999924,0,0
2006-11-27,65.09999847,65.09999847,65.09999847,65.09999847,66.30000305,58.5,0,0
2006-11-28,67.09999847,67.09999847,67.09999847,67.09999847,66.30000305,58.5,0,0
2006-11-29,66.90000153,66.90000153,66.90000153,66.90000153,67.09999847,58.90000153,0,0
2006-11-30,68.5,68.5,68.5,68.5,67.09999847,58.90000153,0,0
2006-12-01,72.25,72.25,72.25,72.25,68.5,58.90000153,0,0
2006-12-04,70.09999847,70.09999847,70.09999847,70.09999847,72.25,58.90000153,0,0
2006-12-05,71.59999847,71.59999847,71.59999847,71.59999847,72.25,58.90000153,0,0
2006-12-06,75,75,75,75,72.25,60.90000153,0,0
2006-12-07,75.59999847,75.59999847,75.59999847,75.59999847,75,62,0,0
2006-12-08,71.09999847,71.09999847,71.09999847,71.09999847,75.59999847,62,0,0
2006-12-11,68.30000305,68.30000305,68.30000305,68.30000305,75.59999847,62.70000076,0,0
2006-12-12,64.69999695,64.69999695,64.69999695,64.69999695,75.59999847,62.70000076,0,0
2006-12-13,65.19999695,65.19999695,65.19999695,65.19999695,75.59999847,62.70000076,0,0
2006-12-14,64.5,64.5,64.5,64.5,75.59999847,62.70000076,0,0
2006-12-15,64.25,64.25,64.25,64.25,75.59999847,62.70000076,0,0
2006-12-18,62.70000076,62.70000076,62.70000076,62.70000076,75.59999847,62.70000076,0,0
2006-12-19,63.40000153,63.40000153,63.40000153,63.40000153,75.59999847,62.70000076,0,0
2006-12-20,61.5,61.5,61.5,61.5,75.59999847,62.70000076,0,0
2006-12-21,61.79999924,61.79999924,61.79999924,61.79999924,75.59999847,61.5,0,0
2006-12-22,65.30000305,65.30000305,65.30000305,65.30000305,75.59999847,61.5,0,0
2006-12-26,64.59999847,64.59999847,64.59999847,64.59999847,75.59999847,61.5,0,0
2006-12-27,65.09999847,65.09999847,65.09999847,65.09999847,75.59999847,61.5,0,0
2006-12-28,65.90000153,65.90000153,65.90000153,65.90000153,75.59999847,61.5,0,0
2006-12-29,66.80000305,66.80000305,66.80000305,66.80000305,75.59999847,61.5,0,0
2007-01-03,70.90000153,70.90000153,70.90000153,70.90000153,75.59999847,61.5,0,0
2007-01-04,72,72,72,72,75.59999847,61.5,0,0
2007-01-05,67.40000153,67.40000153,67.40000153,67.40000153,75.59999847,61.5,0,0
2007-01-08,64.30000305,64.30000305,64.30000305,64.30000305,75.59999847,61.5,0,0
2007-01-09,61.79999924,61.79999924,61.79999924,61.79999924,75.59999847,61.5,0,0
2007-01-10,62.20000076,62.20000076,62.20000076,62.20000076,72,61.5,0,0
2007-01-11,63,63,63,63,72,61.5,0,0
2007-01-12,61.20000076,61.20000076,61.20000076,61.20000076,72,61.5,0,0
2007-01-16,60.90000153,60.90000153,60.90000153,60.90000153,72,61.20000076,0,0
2007-01-17,60.09999847,60.09999847,60.09999847,60.09999847,72,60.90000153,0,0
2007-01-18,58,58,58,58,72,60.09999847,0,0
2007-01-19,57.20000076,57.20000076,57.20000076,57.20000076,72,58,0,0
2007-01-22,57.20000076,57.20000076,57.20000076,57.20000076,72,57.20000076,0,0
2007-01-23,57.20000076,57.20000076,57.20000076,57.20000076,72,57.20000076,0,0
2007-01-24,57.5,57.5,57.5,57.5,72,57.20000076,0,0
2007-01-25,60.75,60.75,60.75,60.75,72,57.20000076,0,0
2007-01-26,60.29999924,60.29999924,60.29999924,60.29999924,72,57.20000076,0,0
2007-01-29,60,60,60,60,72,57.20000076,0,0
2007-01-30,61.90000153,61.90000153,61.90000153,61.90000153,72,57.20000076,0,0
2007-01-31,61.59999847,61.59999847,61.59999847,61.59999847,72,57.20000076,0,0
2007-02-01,61.29999924,61.29999924,61.29999924,61.29999924,72,57.20000076,0,0
2007-02-02,56.09999847,56.09999847,56.09999847,56.09999847,72,57.20000076,0,0
2007-02-05,54.90000153,54.90000153,54.90000153,54.90000153,67.40000153,56.09999847,0,0
2007-02-06,56.29999924,56.29999924,56.29999924,56.29999924,64.30000305,54.90000153,0,0
2007-02-07,60.5,60.5,60.5,60.5,63,54.90000153,0,0
2007-02-08,58.90000153,58.90000153,58.90000153,58.90000153,63,54.90000153,0,0
2007-02-09,60.09999847,60.09999847,60.09999847,60.09999847,63,54.90000153,0,0
2007-02-12,60,60,60,60,61.90000153,54.90000153,0,0
2007-02-13,59.79999924,59.79999924,59.79999924,59.79999924,61.90000153,54.90000153,0,0
2007-02-14,59.79999924,59.79999924,59.79999924,59.79999924,61.90000153,54.90000153,0,0
2007-02-15,61.09999847,61.09999847,61.09999847,61.09999847,61.90000153,54.90000153,0,0
2007-02-16,60.70000076,60.70000076,60.70000076,60.70000076,61.90000153,54.90000153,0,0
2007-02-20,60.90000153,60.90000153,60.90000153,60.90000153,61.90000153,54.90000153,0,0
2007-02-21,57.79999924,57.79999924,57.79999924,57.79999924,61.90000153,54.90000153,0,0
2007-02-22,57.5,57.5,57.5,57.5,61.90000153,54.90000153,0,0
2007-02-23,57.79999924,57.79999924,57.79999924,57.79999924,61.90000153,54.90000153,0,0
2007-02-26,61.59999847,61.59999847,61.59999847,61.59999847,61.90000153,54.90000153,0,0
2007-02-27,70.30000305,70.30000305,70.30000305,70.30000305,61.90000153,54.90000153,0,0
2007-02-28,69.80000305,69.80000305,69.80000305,69.80000305,70.30000305,54.90000153,0,0
2007-03-01,72.90000153,72.90000153,72.90000153,72.90000153,70.30000305,54.90000153,0,0
2007-03-02,76.69999695,76.69999695,76.69999695,76.69999695,72.90000153,54.90000153,0,0
2007-03-05,74.5,74.5,74.5,74.5,76.69999695,54.90000153,0,0
2007-03-06,67.09999847,67.09999847,67.09999847,67.09999847,76.69999695,54.90000153,0,0
2007-03-07,71.30000305,71.30000305,71.30000305,71.30000305,76.69999695,56.29999924,0,0
2007-03-08,69.80000305,69.80000305,69.80000305,69.80000305,76.69999695,57.5,0,0
2007-03-09,63.59999847,63.59999847,63.59999847,63.59999847,76.69999695,57.5,0,0
2007-03-12,65.30000305,65.30000305,65.30000305,65.30000305,76.69999695,57.5,0,0
2007-03-13,72.19999695,72.19999695,72.19999695,72.19999695,76.69999695,57.5,0,0
2007-03-14,69.69999695,69.69999695,69.69999695,69.69999695,76.69999695,57.5,0,0
2007-03-15,67.90000153,67.90000153,67.90000153,67.90000153,76.69999695,57.5,0,0
2007-03-16,67,67,67,67,76.69999695,57.5,0,0
2007-03-19,66,66,66,66,76.69999695,57.5,0,0
2007-03-20,66,66,66,66,76.69999695,57.5,0,0
2007-03-21,66.19999695,66.19999695,66.19999695,66.19999695,76.69999695,57.5,0,0
2007-03-22,67.19999695,67.19999695,67.19999695,67.19999695,76.69999695,57.5,0,0
2007-03-23,68.69999695,68.69999695,68.69999695,68.69999695,76.69999695,57.79999924,0,0
2007-03-26,68.19999695,68.19999695,68.19999695,68.19999695,76.69999695,61.59999847,0,0
2007-03-27,69.69999695,69.69999695,69.69999695,69.69999695,76.69999695,63.59999847,0,0
2007-03-28,69.90000153,69.90000153,69.90000153,69.90000153,76.69999695,63.59999847,0,0
2007-03-29,65.90000153,65.90000153,65.90000153,65.90000153,76.69999695,63.59999847,0,0
2007-03-30,67.90000153,67.90000153,67.90000153,67.90000153,76.69999695,63.59999847,0,0
2007-04-02,65.90000153,65.90000153,65.90000153,65.90000153,74.5,63.59999847,0,0
2007-04-03,63.79999924,63.79999924,63.79999924,63.79999924,72.19999695,63.59999847,0,0
2007-04-04,66.09999847,66.09999847,66.09999847,66.09999847,72.19999695,63.59999847,0,0
2007-04-05,64,64,64,64,72.19999695,63.59999847,0,0
2007-04-09,58.29999924,58.29999924,58.29999924,58.29999924,72.19999695,63.59999847,0,0
2007-04-10,60.20000076,60.20000076,60.20000076,60.20000076,72.19999695,58.29999924,0,0
2007-04-11,58.70000076,58.70000076,58.70000076,58.70000076,72.19999695,58.29999924,0,0
2007-04-12,57.90000153,57.90000153,57.90000153,57.90000153,69.90000153,58.29999924,0,0
2007-04-13,57.79999924,57.79999924,57.79999924,57.79999924,69.90000153,57.90000153,0,0
2007-04-16,58.70000076,58.70000076,58.70000076,58.70000076,69.90000153,57.79999924,0,0
2007-04-17,59.29999924,59.29999924,59.29999924,59.29999924,69.90000153,57.79999924,0,0
2007-04-18,59.20000076,59.20000076,59.20000076,59.20000076,69.90000153,57.79999924,0,0
2007-04-19,59.40000153,59.40000153,59.40000153,59.40000153,69.90000153,57.79999924,0,0
2007-04-20,59.09999847,59.09999847,59.09999847,59.09999847,69.90000153,57.79999924,0,0
2007-04-23,57.79999924,57.79999924,57.79999924,57.79999924,69.90000153,57.79999924,0,0
2007-04-24,58.79999924,58.79999924,58.79999924,58.79999924,69.90000153,57.79999924,0,0
2007-04-25,57.79999924,57.79999924,57.79999924,57.79999924,69.90000153,57.79999924,0,0
2007-04-26,58.70000076,58.70000076,58.70000076,58.70000076,69.90000153,57.79999924,0,0
2007-04-27,57.79999924,57.79999924,57.79999924,57.79999924,67.90000153,57.79999924,0,0
2007-04-30,59.79999924,59.79999924,59.79999924,59.79999924,67.90000153,57.79999924,0,0
2007-05-01,58.90000153,58.90000153,58.90000153,58.90000153,66.09999847,57.79999924,0,0
2007-05-02,61.09999847,61.09999847,61.09999847,61.09999847,66.09999847,57.79999924,0,0
2007-05-03,60.79999924,60.79999924,60.79999924,60.79999924,66.09999847,57.79999924,0,0
2007-05-04,57.09999847,57.09999847,57.09999847,57.09999847,64,57.79999924,0,0
2007-05-07,54.5,54.5,54.5,54.5,61.09999847,57.09999847,0,0
2007-05-08,54.29999924,54.29999924,54.29999924,54.29999924,61.09999847,54.5,0,0
2007-05-09,53.29999924,53.29999924,53.29999924,53.29999924,61.09999847,54.29999924,0,0
2007-05-10,52.79999924,52.79999924,52.79999924,52.79999924,61.09999847,53.29999924,0,0
2007-05-11,52.40000153,52.40000153,52.40000153,52.40000153,61.09999847,52.79999924,0,0
2007-05-14,52.5,52.5,52.5,52.5,61.09999847,52.40000153,0,0
2007-05-15,51.20000076,51.20000076,51.20000076,51.20000076,61.09999847,52.40000153,0,0
2007-05-16,51.59999847,51.59999847,51.59999847,51.59999847,61.09999847,51.20000076,0,0
2007-05-17,52.70000076,52.70000076,52.70000076,52.70000076,61.09999847,51.20000076,0,0
2007-05-18,56.70000076,56.70000076,56.70000076,56.70000076,61.09999847,51.20000076,0,0
2007-05-21,55.40000153,55.40000153,55.40000153,55.40000153,61.09999847,51.20000076,0,0
2007-05-22,54.59999847,54.59999847,54.59999847,54.59999847,61.09999847,51.20000076,0,0
2007-05-23,56,56,56,56,61.09999847,51.20000076,0,0
2007-05-24,56.5,56.5,56.5,56.5,61.09999847,51.20000076,0,0
2007-05-25,56.90000153,56.90000153,56.90000153,56.90000153,61.09999847,51.20000076,0,0
2007-05-29,56.5,56.5,56.5,56.5,61.09999847,51.20000076,0,0
2007-05-30,57.59999847,57.59999847,57.59999847,57.59999847,61.09999847,51.20000076,0,0
2007-05-31,58.90000153,58.90000153,58.90000153,58.90000153,61.09999847,51.20000076,0,0
2007-06-01,58,58,58,58,60.79999924,51.20000076,0,0
2007-06-04,54.70000076,54.70000076,54.70000076,54.70000076,58.90000153,51.20000076,0,0
2007-06-05,55.29999924,55.29999924,55.29999924,55.29999924,58.90000153,51.20000076,0,0
2007-06-06,58.90000153,58.90000153,58.90000153,58.90000153,58.90000153,51.20000076,0,0
2007-06-07,70.80000305,70.80000305,70.80000305,70.80000305,58.90000153,51.20000076,0,0
2007-06-08,79.09999847,79.09999847,79.09999847,79.09999847,70.80000305,51.20000076,0,0
2007-06-11,69.5,69.5,69.5,69.5,79.09999847,51.20000076,0,0
2007-06-12,85.19999695,85.19999695,85.19999695,85.19999695,79.09999847,51.20000076,0,0
2007-06-13,84.59999847,84.59999847,84.59999847,84.59999847,85.19999695,51.20000076,0,0
2007-06-14,78.30000305,78.30000305,78.30000305,78.30000305,85.19999695,51.59999847,0,0
2007-06-15,70.59999847,70.59999847,70.59999847,70.59999847,85.19999695,52.70000076,0,0
2007-06-18,68.09999847,68.09999847,68.09999847,68.09999847,85.19999695,54.59999847,0,0
2007-06-19,68.40000153,68.40000153,68.40000153,68.40000153,85.19999695,54.59999847,0,0
2007-06-20,71.40000153,71.40000153,71.40000153,71.40000153,85.19999695,54.59999847,0,0
2007-06-21,76.30000305,76.30000305,76.30000305,76.30000305,85.19999695,54.70000076,0,0
2007-06-22,76.30000305,76.30000305,76.30000305,76.30000305,85.19999695,54.70000076,0,0
2007-06-25,79,79,79,79,85.19999695,54.70000076,0,0
2007-06-26,77.19999695,77.19999695,77.19999695,77.19999695,85.19999695,54.70000076,0,0
2007-06-27,79.40000153,79.40000153,79.40000153,79.40000153,85.19999695,54.70000076,0,0
2007-06-28,75.5,75.5,75.5,75.5,85.19999695,54.70000076,0,0
2007-06-29,77.5,77.5,77.5,77.5,85.19999695,54.70000076,0,0
2007-07-02,76,76,76,76,85.19999695,54.70000076,0,0
2007-07-03,73.5,73.5,73.5,73.5,85.19999695,55.29999924,0,0
2007-07-05,76.5,76.5,76.5,76.5,85.19999695,58.90000153,0,0
2007-07-06,74.40000153,74.40000153,74.40000153,74.40000153,85.19999695,68.09999847,0,0
2007-07-09,74.40000153,74.40000153,74.40000153,74.40000153,85.19999695,68.09999847,0,0
2007-07-10,78.09999847,78.09999847,78.09999847,78.09999847,85.19999695,68.09999847,0,0
2007-07-11,77,77,77,77,85.19999695,68.09999847,0,0
2007-07-12,75.5,75.5,75.5,75.5,84.59999847,68.09999847,0,0
2007-07-13,73.09999847,73.09999847,73.09999847,73.09999847,79.40000153,68.09999847,0,0
2007-07-16,71.09999847,71.09999847,71.09999847,71.09999847,79.40000153,68.09999847,0,0
2007-07-17,69.80000305,69.80000305,69.80000305,69.80000305,79.40000153,68.09999847,0,0
2007-07-18,71.40000153,71.40000153,71.40000153,71.40000153,79.40000153,68.40000153,0,0
2007-07-19,68.90000153,68.90000153,68.90000153,68.90000153,79.40000153,69.80000305,0,0
2007-07-20,72.19999695,72.19999695,72.19999695,72.19999695,79.40000153,68.90000153,0,0
2007-07-23,75.30000305,75.30000305,75.30000305,75.30000305,79.40000153,68.90000153,0,0
2007-07-24,76.69999695,76.69999695,76.69999695,76.69999695,79.40000153,68.90000153,0,0
2007-07-25,78.40000153,78.40000153,78.40000153,78.40000153,79.40000153,68.90000153,0,0
2007-07-26,93.5,93.5,93.5,93.5,79.40000153,68.90000153,0,0
2007-07-27,92.59999847,92.59999847,92.59999847,92.59999847,93.5,68.90000153,0,0
2007-07-30,97.90000153,97.90000153,97.90000153,97.90000153,93.5,68.90000153,0,0
2007-07-31,96.40000153,96.40000153,96.40000153,96.40000153,97.90000153,68.90000153,0,0
2007-08-01,94.30000305,94.30000305,94.30000305,94.30000305,97.90000153,68.90000153,0,0
2007-08-02,92,92,92,92,97.90000153,68.90000153,0,0
2007-08-03,95.40000153,95.40000153,95.40000153,95.40000153,97.90000153,68.90000153,0,0
2007-08-06,97.5,97.5,97.5,97.5,97.90000153,68.90000153,0,0
2007-08-07,86.90000153,86.90000153,86.90000153,86.90000153,97.90000153,68.90000153,0,0
2007-08-08,92.90000153,92.90000153,92.90000153,92.90000153,97.90000153,68.90000153,0,0
2007-08-09,118.5,118.5,118.5,118.5,97.90000153,68.90000153,0,0
2007-08-10,116.40000153,116.40000153,116.40000153,116.40000153,118.5,68.90000153,0,0
2007-08-13,111.69999695,111.69999695,111.69999695,111.69999695,118.5,68.90000153,0,0
2007-08-14,106.80000305,106.80000305,106.80000305,106.80000305,118.5,68.90000153,0,0
2007-08-15,102.69999695,102.69999695,102.69999695,102.69999695,118.5,68.90000153,0,0
2007-08-16,109.80000305,109.80000305,109.80000305,109.80000305,118.5,68.90000153,0,0
2007-08-17,106.90000153,106.90000153,106.90000153,106.90000153,118.5,72.19999695,0,0
2007-08-20,109.5,109.5,109.5,109.5,118.5,75.30000305,0,0
2007-08-21,114.40000153,114.40000153,114.40000153,114.40000153,118.5,76.69999695,0,0
2007-08-22,112.59999847,112.59999847,112.59999847,112.59999847,118.5,78.40000153,0,0
2007-08-23,111.40000153,111.40000153,111.40000153,111.40000153,118.5,86.90000153,0,0
2007-08-24,104.40000153,104.40000153,104.40000153,104.40000153,118.5,86.90000153,0,0
2007-08-27,103.90000153,103.90000153,103.90000153,103.90000153,118.5,86.90000153,0,0
2007-08-28,106.59999847,106.59999847,106.59999847,106.59999847,118.5,86.90000153,0,0
2007-08-29,107.5,107.5,107.5,107.5,118.5,86.90000153,0,0
2007-08-30,110.30000305,110.30000305,110.30000305,110.30000305,118.5,86.90000153,0,0
2007-08-31,111,111,111,111,118.5,86.90000153,0,0
2007-09-04,110.23999786,110.23999786,110.23999786,110.23999786,118.5,86.90000153,0,0
2007-09-05,113.5,113.5,113.5,113.5,118.5,86.90000153,0,0
2007-09-06,110.5,110.5,110.5,110.5,118.5,92.90000153,0,0
2007-09-07,116.90000153,116.90000153,116.90000153,116.90000153,118.5,102.69999695,0,0
2007-09-10,120.40000153,120.40000153,120.40000153,120.40000153,116.90000153,102.69999695,0,0
2007-09-11,123.5,123.5,123.5,123.5,120.40000153,102.69999695,0,0
2007-09-12,124.5,124.5,124.5,124.5,123.5,102.69999695,0,0
2007-09-13,122.09999847,122.09999847,122.09999847,122.09999847,124.5,102.69999695,0,0
2007-09-14,123.40000153,123.40000153,123.40000153,123.40000153,124.5,103.90000153,0,0
2007-09-17,121.59999847,121.59999847,121.59999847,121.59999847,124.5,103.90000153,0,0
2007-09-18,114.40000153,114.40000153,114.40000153,114.40000153,124.5,103.90000153,0,0
2007-09-19,106.25,106.25,106.25,106.25,124.5,103.90000153,0,0
2007-09-20,118.80000305,118.80000305,118.80000305,118.80000305,124.5,103.90000153,0,0
2007-09-21,103.19999695,103.19999695,103.19999695,103.19999695,124.5,103.90000153,0,0
2007-09-24,102.80000305,102.80000305,102.80000305,102.80000305,124.5,103.19999695,0,0
2007-09-25,106.5,106.5,106.5,106.5,124.5,102.80000305,0,0
2007-09-26,104.90000153,104.90000153,104.90000153,104.90000153,124.5,102.80000305,0,0
2007-09-27,103.30000305,103.30000305,103.30000305,103.30000305,124.5,102.80000305,0,0
2007-09-28,103.69999695,103.69999695,103.69999695,103.69999695,124.5,102.80000305,0,0
2007-10-01,104.90000153,104.90000153,104.90000153,104.90000153,124.5,102.80000305,0,0
2007-10-02,103.59999847,103.59999847,103.59999847,103.59999847,124.5,102.80000305,0,0
2007-10-03,101.80000305,101.80000305,101.80000305,101.80000305,124.5,102.80000305,0,0
2007-10-04,102,102,102,102,124.5,101.80000305,0,0
2007-10-05,98.09999847,98.09999847,98.09999847,98.09999847,124.5,101.80000305,0,0
2007-10-09,91.40000153,91.40000153,91.40000153,91.40000153,124.5,98.09999847,0,0
2007-10-10,86.59999847,86.59999847,86.59999847,86.59999847,124.5,91.40000153,0,0
2007-10-11,82.40000153,82.40000153,82.40000153,82.40000153,124.5,86.59999847,0,0
2007-10-12,79.59999847,79.59999847,79.59999847,79.59999847,123.40000153,82.40000153,0,0
2007-10-15,79.30000305,79.30000305,79.30000305,79.30000305,123.40000153,79.59999847,0,0
2007-10-16,82.80000305,82.80000305,82.80000305,82.80000305,121.59999847,79.30000305,0,0
2007-10-17,93.5,93.5,93.5,93.5,118.80000305,79.30000305,0,0
2007-10-18,92.30000305,92.30000305,92.30000305,92.30000305,118.80000305,79.30000305,0,0
2007-10-19,95.80000305,95.80000305,95.80000305,95.80000305,118.80000305,79.30000305,0,0
2007-10-22,97.40000153,97.40000153,97.40000153,97.40000153,106.5,79.30000305,0,0
2007-10-23,96.30000305,96.30000305,96.30000305,96.30000305,106.5,79.30000305,0,0
2007-10-24,104.90000153,104.90000153,104.90000153,104.90000153,106.5,79.30000305,0,0
2007-10-25,103.80000305,103.80000305,103.80000305,103.80000305,104.90000153,79.30000305,0,0
2007-10-26,102.04000092,102.04000092,102.04000092,102.04000092,104.90000153,79.30000305,0,0
2007-10-29,99.09999847,99.09999847,99.09999847,99.09999847,104.90000153,79.30000305,0,0
2007-10-30,96.33999634,96.33999634,96.33999634,96.33999634,104.90000153,79.30000305,0,0
2007-10-31,90.18000031,90.18000031,90.18000031,90.18000031,104.90000153,79.30000305,0,0
2007-11-01,100.25,100.25,100.25,100.25,104.90000153,79.30000305,0,0
2007-11-02,103.63999939,103.63999939,103.63999939,103.63999939,104.90000153,79.30000305,0,0
2007-11-05,102.55999756,102.55999756,102.55999756,102.55999756,104.90000153,79.30000305,0,0
2007-11-06,98.40000153,98.40000153,98.40000153,98.40000153,104.90000153,79.30000305,0,0
2007-11-07,107.98000336,107.98000336,107.98000336,107.98000336,104.90000153,79.30000305,0,0
2007-11-08,112.08000183,112.08000183,112.08000183,112.08000183,107.98000336,79.30000305,0,0
2007-11-09,112.08000183,112.08000183,112.08000183,112.08000183,112.08000183,79.30000305,0,0
2007-11-13,102.5,102.5,102.5,102.5,112.08000183,79.30000305,0,0
2007-11-14,95.36000061,95.36000061,95.36000061,95.36000061,112.08000183,82.80000305,0,0
2007-11-15,102.22000122,102.22000122,102.22000122,102.22000122,112.08000183,90.18000031,0,0
2007-11-16,99.13999939,99.13999939,99.13999939,99.13999939,112.08000183,90.18000031,0,0
2007-11-19,101.04000092,101.04000092,101.04000092,101.04000092,112.08000183,90.18000031,0,0
2007-11-20,109.19999695,109.19999695,109.19999695,109.19999695,112.08000183,90.18000031,0,0
2007-11-21,112.19999695,112.19999695,112.19999695,112.19999695,112.08000183,90.18000031,0,0
2007-11-23,112.09999847,112.09999847,112.09999847,112.09999847,112.19999695,90.18000031,0,0
2007-11-26,126.90000153,126.90000153,126.90000153,126.90000153,112.19999695,90.18000031,0,0
2007-11-27,133.3999939,133.3999939,133.3999939,133.3999939,126.90000153,90.18000031,0,0
2007-11-28,127.40000153,127.40000153,127.40000153,127.40000153,133.3999939,90.18000031,0,0
2007-11-29,133.6000061,133.6000061,133.6000061,133.6000061,133.3999939,90.18000031,0,0
2007-11-30,131.5,131.5,131.5,131.5,133.6000061,90.18000031,0,0
2007-12-03,136.11000061,136.11000061,136.11000061,136.11000061,133.6000061,95.36000061,0,0
2007-12-04,141.69999695,141.69999695,141.69999695,141.69999695,136.11000061,95.36000061,0,0
2007-12-05,140.3999939,140.3999939,140.3999939,140.3999939,141.69999695,95.36000061,0,0
2007-12-06,138.5,138.5,138.5,138.5,141.69999695,95.36000061,0,0
2007-12-07,139.96000671,139.96000671,139.96000671,139.96000671,141.69999695,95.36000061,0,0
2007-12-10,126.88999939,126.88999939,126.88999939,126.88999939,141.69999695,95.36000061,0,0
2007-12-11,140.6000061,140.6000061,140.6000061,140.6000061,141.69999695,95.36000061,0,0
2007-12-12,142.80000305,142.80000305,142.80000305,142.80000305,141.69999695,95.36000061,0,0
2007-12-13,139.19999695,139.19999695,139.19999695,139.19999695,142.80000305,95.36000061,0,0
2007-12-14,139.38000488,139.38000488,139.38000488,139.38000488,142.80000305,99.13999939,0,0
2007-12-17,138.72999573,138.72999573,138.72999573,138.72999573,142.80000305,99.13999939,0,0
2007-12-18,141.5,141.5,141.5,141.5,142.80000305,101.04000092,0,0
2007-12-19,147.83000183,147.83000183,147.83000183,147.83000183,142.80000305,109.19999695,0,0
2007-12-20,154.69999695,154.69999695,154.69999695,154.69999695,147.83000183,112.09999847,0,0
2007-12-21,145.5,145.5,145.5,145.5,154.69999695,112.09999847,0,0
2007-12-24,144,144,144,144,154.69999695,126.88999939,0,0
2007-12-26,141.30000305,141.30000305,141.30000305,141.30000305,154.69999695,126.88999939,0,0
2007-12-27,140.8999939,140.8999939,140.8999939,140.8999939,154.69999695,126.88999939,0,0
2007-12-28,144,144,144,144,154.69999695,126.88999939,0,0
2007-12-31,145.3999939,145.3999939,145.3999939,145.3999939,154.69999695,126.88999939,0,0
2008-01-02,148.69999695,148.69999695,148.69999695,148.69999695,154.69999695,126.88999939,0,0
2008-01-03,145.6000061,145.6000061,145.6000061,145.6000061,154.69999695,126.88999939,0,0
2008-01-04,138.1000061,138.1000061,138.1000061,138.1000061,154.69999695,126.88999939,0,0
2008-01-07,130.8999939,130.8999939,130.8999939,130.8999939,154.69999695,126.88999939,0,0
2008-01-08,124,124,124,124,154.69999695,126.88999939,0,0
2008-01-09,128,128,128,128,154.69999695,124,0,0
2008-01-10,125.30000305,125.30000305,125.30000305,125.30000305,154.69999695,124,0,0
2008-01-11,130.8999939,130.8999939,130.8999939,130.8999939,154.69999695,124,0,0
2008-01-14,130.55999756,130.55999756,130.55999756,130.55999756,154.69999695,124,0,0
2008-01-15,131.8999939,131.8999939,131.8999939,131.8999939,154.69999695,124,0,0
2008-01-16,133,133,133,133,154.69999695,124,0,0
2008-01-17,135.1000061,135.1000061,135.1000061,135.1000061,154.69999695,124,0,0
2008-01-18,137.1000061,137.1000061,137.1000061,137.1000061,154.69999695,124,0,0
2008-01-22,147.30000305,147.30000305,147.30000305,147.30000305,154.69999695,124,0,0
2008-01-23,165.1000061,165.1000061,165.1000061,165.1000061,148.69999695,124,0,0
2008-01-24,171.69999695,171.69999695,171.69999695,171.69999695,165.1000061,124,0,0
2008-01-25,178.80000305,178.80000305,178.80000305,178.80000305,171.69999695,124,0,0
2008-01-28,170.19999695,170.19999695,170.19999695,170.19999695,178.80000305,124,0,0
2008-01-29,161.80000305,161.80000305,161.80000305,161.80000305,178.80000305,124,0,0
2008-01-30,146.71000671,146.71000671,146.71000671,146.71000671,178.80000305,124,0,0
2008-01-31,153.69999695,153.69999695,153.69999695,153.69999695,178.80000305,124,0,0
2008-02-01,144.69999695,144.69999695,144.69999695,144.69999695,178.80000305,124,0,0
2008-02-04,142,142,142,142,178.80000305,124,0,0
2008-02-05,145.8999939,145.8999939,145.8999939,145.8999939,178.80000305,124,0,0
2008-02-06,146.19999695,146.19999695,146.19999695,146.19999695,178.80000305,124,0,0
2008-02-07,150.3999939,150.3999939,150.3999939,150.3999939,178.80000305,125.30000305,0,0
2008-02-08,153,153,153,153,178.80000305,125.30000305,0,0
2008-02-11,149.80000305,149.80000305,149.80000305,149.80000305,178.80000305,130.55999756,0,0
2008-02-12,148.5,148.5,148.5,148.5,178.80000305,130.55999756,0,0
2008-02-13,146.1000061,146.1000061,146.1000061,146.1000061,178.80000305,131.8999939,0,0
2008-02-14,144.19999695,144.19999695,144.19999695,144.19999695,178.80000305,133,0,0
2008-02-15,146.6000061,146.6000061,146.6000061,146.6000061,178.80000305,135.1000061,0,0
2008-02-19,147.5,147.5,147.5,147.5,178.80000305,137.1000061,0,0
2008-02-20,154.30000305,154.30000305,154.30000305,154.30000305,178.80000305,142,0,0
2008-02-21,160.6000061,160.6000061,160.6000061,160.6000061,178.80000305,142,0,0
2008-02-22,161.5,161.5,161.5,161.5,178.80000305,142,0,0
2008-02-25,158.1000061,158.1000061,158.1000061,158.1000061,178.80000305,142,0,0
2008-02-26,149.19999695,149.19999695,149.19999695,149.19999695,170.19999695,142,0,0
2008-02-27,142.91000366,142.91000366,142.91000366,142.91000366,161.80000305,142,0,0
2008-02-28,145.19999695,145.19999695,145.19999695,145.19999695,161.5,142,0,0
2008-02-29,155.19999695,155.19999695,155.19999695,155.19999695,161.5,142,0,0
2008-03-03,152.19999695,152.19999695,152.19999695,152.19999695,161.5,142,0,0
2008-03-04,155.69999695,155.69999695,155.69999695,155.69999695,161.5,142,0,0
2008-03-05,164.8999939,164.8999939,164.8999939,164.8999939,161.5,142.91000366,0,0
2008-03-06,171.3999939,171.3999939,171.3999939,171.3999939,164.8999939,142.91000366,0,0
2008-03-07,172.6000061,172.6000061,172.6000061,172.6000061,171.3999939,142.91000366,0,0
2008-03-10,169.6000061,169.6000061,169.6000061,169.6000061,172.6000061,142.91000366,0,0
2008-03-11,155.30000305,155.30000305,155.30000305,155.30000305,172.6000061,142.91000366,0,0
2008-03-12,154.30000305,154.30000305,154.30000305,154.30000305,172.6000061,142.91000366,0,0
2008-03-13,162.69999695,162.69999695,162.69999695,162.69999695,172.6000061,142.91000366,0,0
2008-03-14,167.19999695,167.19999695,167.19999695,167.19999695,172.6000061,142.91000366,0,0
2008-03-17,168.80000305,168.80000305,168.80000305,168.80000305,172.6000061,142.91000366,0,0
2008-03-18,159.19999695,159.19999695,159.19999695,159.19999695,172.6000061,142.91000366,0,0
2008-03-19,159.8999939,159.8999939,159.8999939,159.8999939,172.6000061,142.91000366,0,0
2008-03-20,158.6000061,158.6000061,158.6000061,158.6000061,172.6000061,142.91000366,0,0
2008-03-24,161,161,161,161,172.6000061,142.91000366,0,0
2008-03-25,160.69999695,160.69999695,160.69999695,160.69999695,172.6000061,142.91000366,0,0
2008-03-26,157.69999695,157.69999695,157.69999695,157.69999695,172.6000061,142.91000366,0,0
2008-03-27,152.3999939,152.3999939,152.3999939,152.3999939,172.6000061,142.91000366,0,0
2008-03-28,145.8999939,145.8999939,145.8999939,145.8999939,172.6000061,145.19999695,0,0
2008-03-31,145.5,145.5,145.5,145.5,172.6000061,145.8999939,0,0
2008-04-01,141.8999939,141.8999939,141.8999939,141.8999939,172.6000061,145.5,0,0
2008-04-02,146.19999695,146.19999695,146.19999695,146.19999695,172.6000061,141.8999939,0,0
2008-04-03,139.69999695,139.69999695,139.69999695,139.69999695,172.6000061,141.8999939,0,0
2008-04-04,140.19999695,140.19999695,140.19999695,140.19999695,172.6000061,139.69999695,0,0
2008-04-07,132.8999939,132.8999939,132.8999939,132.8999939,172.6000061,139.69999695,0,0
2008-04-08,128.19999695,128.19999695,128.19999695,128.19999695,169.6000061,132.8999939,0,0
2008-04-09,128.69999695,128.69999695,128.69999695,128.69999695,168.80000305,128.19999695,0,0
2008-04-10,127.80000305,127.80000305,127.80000305,127.80000305,168.80000305,128.19999695,0,0
2008-04-11,129.3999939,129.3999939,129.3999939,129.3999939,168.80000305,127.80000305,0,0
2008-04-14,127.40000153,127.40000153,127.40000153,127.40000153,168.80000305,127.80000305,0,0
2008-04-15,129.8999939,129.8999939,129.8999939,129.8999939,168.80000305,127.40000153,0,0
2008-04-16,144,144,144,144,161,127.40000153,0,0
2008-04-17,149.69999695,149.69999695,149.69999695,149.69999695,161,127.40000153,0,0
2008-04-18,144.1000061,144.1000061,144.1000061,144.1000061,161,127.40000153,0,0
2008-04-21,135.19999695,135.19999695,135.19999695,135.19999695,161,127.40000153,0,0
2008-04-22,129.1000061,129.1000061,129.1000061,129.1000061,160.69999695,127.40000153,0,0
2008-04-23,125.59999847,125.59999847,125.59999847,125.59999847,157.69999695,127.40000153,0,0
2008-04-24,129.19999695,129.19999695,129.19999695,129.19999695,152.3999939,125.59999847,0,0
2008-04-25,131,131,131,131,149.69999695,125.59999847,0,0
2008-04-28,130.1000061,130.1000061,130.1000061,130.1000061,149.69999695,125.59999847,0,0
2008-04-29,126.5,126.5,126.5,126.5,149.69999695,125.59999847,0,0
2008-04-30,119.09999847,119.09999847,119.09999847,119.09999847,149.69999695,125.59999847,0,0
2008-05-01,115.19999695,115.19999695,115.19999695,115.19999695,149.69999695,119.09999847,0,0
2008-05-02,111.80000305,111.80000305,111.80000305,111.80000305,149.69999695,115.19999695,0,0
2008-05-05,108.90000153,108.90000153,108.90000153,108.90000153,149.69999695,111.80000305,0,0
2008-05-06,110.40000153,110.40000153,110.40000153,110.40000153,149.69999695,108.90000153,0,0
2008-05-07,116.09999847,116.09999847,116.09999847,116.09999847,149.69999695,108.90000153,0,0
2008-05-08,119.69999695,119.69999695,119.69999695,119.69999695,149.69999695,108.90000153,0,0
2008-05-09,121.09999847,121.09999847,121.09999847,121.09999847,149.69999695,108.90000153,0,0
2008-05-12,118.30000305,118.30000305,118.30000305,118.30000305,149.69999695,108.90000153,0,0
2008-05-13,120.90000153,120.90000153,120.90000153,120.90000153,149.69999695,108.90000153,0,0
2008-05-14,127.19999695,127.19999695,127.19999695,127.19999695,149.69999695,108.90000153,0,0
2008-05-15,125.30000305,125.30000305,125.30000305,125.30000305,149.69999695,108.90000153,0,0
2008-05-16,122.5,122.5,122.5,122.5,144.1000061,108.90000153,0,0
2008-05-19,117.5,117.5,117.5,117.5,135.19999695,108.90000153,0,0
2008-05-20,116.59999847,116.59999847,116.59999847,116.59999847,131,108.90000153,0,0
2008-05-21,115.90000153,115.90000153,115.90000153,115.90000153,131,108.90000153,0,0
2008-05-22,120.90000153,120.90000153,120.90000153,120.90000153,131,108.90000153,0,0
2008-05-23,120.40000153,120.40000153,120.40000153,120.40000153,131,108.90000153,0,0
2008-05-27,121.09999847,121.09999847,121.09999847,121.09999847,130.1000061,108.90000153,0,0
2008-05-28,126.59999847,126.59999847,126.59999847,126.59999847,127.19999695,108.90000153,0,0
2008-05-29,131.6000061,131.6000061,131.6000061,131.6000061,127.19999695,108.90000153,0,0
2008-05-30,130.19999695,130.19999695,130.19999695,130.19999695,131.6000061,108.90000153,0,0
2008-06-02,130.5,130.5,130.5,130.5,131.6000061,108.90000153,0,0
2008-06-03,132.69999695,132.69999695,132.69999695,132.69999695,131.6000061,108.90000153,0,0
2008-06-04,131.8999939,131.8999939,131.8999939,131.8999939,132.69999695,110.40000153,0,0
2008-06-05,133.80000305,133.80000305,133.80000305,133.80000305,132.69999695,115.90000153,0,0
2008-06-06,139.6000061,139.6000061,139.6000061,139.6000061,133.80000305,115.90000153,0,0
2008-06-09,151,151,151,151,139.6000061,115.90000153,0,0
2008-06-10,149.6000061,149.6000061,149.6000061,149.6000061,151,115.90000153,0,0
2008-06-11,144.6000061,144.6000061,144.6000061,144.6000061,151,115.90000153,0,0
2008-06-12,148.8999939,148.8999939,148.8999939,148.8999939,151,115.90000153,0,0
2008-06-13,153.69999695,153.69999695,153.69999695,153.69999695,151,115.90000153,0,0
2008-06-16,143.5,143.5,143.5,143.5,153.69999695,115.90000153,0,0
2008-06-17,142.19999695,142.19999695,142.19999695,142.19999695,153.69999695,115.90000153,0,0
2008-06-18,140.3999939,140.3999939,140.3999939,140.3999939,153.69999695,115.90000153,0,0
2008-06-19,136.80000305,136.80000305,136.80000305,136.80000305,153.69999695,115.90000153,0,0
2008-06-20,137.80000305,137.80000305,137.80000305,137.80000305,153.69999695,120.40000153,0,0
2008-06-23,136.69999695,136.69999695,136.69999695,136.69999695,153.69999695,120.40000153,0,0
2008-06-24,134.80000305,134.80000305,134.80000305,134.80000305,153.69999695,121.09999847,0,0
2008-06-25,129.80000305,129.80000305,129.80000305,129.80000305,153.69999695,126.59999847,0,0
2008-06-26,133.69999695,133.69999695,133.69999695,133.69999695,153.69999695,129.80000305,0,0
2008-06-27,132.5,132.5,132.5,132.5,153.69999695,129.80000305,0,0
2008-06-30,126,126,126,126,153.69999695,129.80000305,0,0
2008-07-01,128.5,128.5,128.5,128.5,153.69999695,126,0,0
2008-07-02,133.1000061,133.1000061,133.1000061,133.1000061,153.69999695,126,0,0
2008-07-03,125.09999847,125.09999847,125.09999847,125.09999847,153.69999695,126,0,0
2008-07-07,123,123,123,123,153.69999695,125.09999847,0,0
2008-07-08,118.90000153,118.90000153,118.90000153,118.90000153,153.69999695,123,0,0
2008-07-09,116.09999847,116.09999847,116.09999847,116.09999847,153.69999695,118.90000153,0,0
2008-07-10,118.69999695,118.69999695,118.69999695,118.69999695,153.69999695,116.09999847,0,0
2008-07-11,129.19999695,129.19999695,129.19999695,129.19999695,153.69999695,116.09999847,0,0
2008-07-14,126,126,126,126,153.69999695,116.09999847,0,0
2008-07-15,126,126,126,126,143.5,116.09999847,0,0
2008-07-16,123.40000153,123.40000153,123.40000153,123.40000153,142.19999695,116.09999847,0,0
2008-07-17,129.3999939,129.3999939,129.3999939,129.3999939,140.3999939,116.09999847,0,0
2008-07-18,131,131,131,131,137.80000305,116.09999847,0,0
2008-07-21,131.1000061,131.1000061,131.1000061,131.1000061,137.80000305,116.09999847,0,0
2008-07-22,124.90000153,124.90000153,124.90000153,124.90000153,136.69999695,116.09999847,0,0
2008-07-23,123.69999695,123.69999695,123.69999695,123.69999695,134.80000305,116.09999847,0,0
2008-07-24,123.80000305,123.80000305,123.80000305,123.80000305,133.69999695,116.09999847,0,0
2008-07-25,123.40000153,123.40000153,123.40000153,123.40000153,133.69999695,116.09999847,0,0
2008-07-28,122.69999695,122.69999695,122.69999695,122.69999695,133.1000061,116.09999847,0,0
2008-07-29,121.30000305,121.30000305,121.30000305,121.30000305,133.1000061,116.09999847,0,0
2008-07-30,133.80000305,133.80000305,133.80000305,133.80000305,133.1000061,116.09999847,0,0
2008-07-31,131.69999695,131.69999695,131.69999695,131.69999695,133.80000305,116.09999847,0,0
2008-08-01,118.30000305,118.30000305,118.30000305,118.30000305,133.80000305,116.09999847,0,0
2008-08-04,117.19999695,117.19999695,117.19999695,117.19999695,133.80000305,116.09999847,0,0
2008-08-05,110.30000305,110.30000305,110.30000305,110.30000305,133.80000305,116.09999847,0,0
2008-08-06,112.30000305,112.30000305,112.30000305,112.30000305,133.80000305,110.30000305,0,0
2008-08-07,118.80000305,118.80000305,118.80000305,118.80000305,133.80000305,110.30000305,0,0
2008-08-08,109.09999847,109.09999847,109.09999847,109.09999847,133.80000305,110.30000305,0,0
2008-08-11,107.40000153,107.40000153,107.40000153,107.40000153,133.80000305,109.09999847,0,0
2008-08-12,110.90000153,110.90000153,110.90000153,110.90000153,133.80000305,107.40000153,0,0
2008-08-13,112.30000305,112.30000305,112.30000305,112.30000305,133.80000305,107.40000153,0,0
2008-08-14,111.80000305,111.80000305,111.80000305,111.80000305,133.80000305,107.40000153,0,0
2008-08-15,112.09999847,112.09999847,112.09999847,112.09999847,133.80000305,107.40000153,0,0
2008-08-18,112.80000305,112.80000305,112.80000305,112.80000305,133.80000305,107.40000153,0,0
2008-08-19,110.09999847,110.09999847,110.09999847,110.09999847,133.80000305,107.40000153,0,0
2008-08-20,110.69999695,110.69999695,110.69999695,110.69999695,133.80000305,107.40000153,0,0
2008-08-21,109.40000153,109.40000153,109.40000153,109.40000153,133.80000305,107.40000153,0,0
2008-08-22,109.80000305,109.80000305,109.80000305,109.80000305,133.80000305,107.40000153,0,0
2008-08-25,109.59999847,109.59999847,109.59999847,109.59999847,133.80000305,107.40000153,0,0
2008-08-26,108.19999695,108.19999695,108.19999695,108.19999695,133.80000305,107.40000153,0,0
2008-08-27,104.09999847,104.09999847,104.09999847,104.09999847,133.80000305,107.40000153,0,0
2008-08-28,103,103,103,103,131.69999695,104.09999847,0,0
2008-08-29,103,103,103,103,118.80000305,103,0,0
2008-09-02,102.40000153,102.40000153,102.40000153,102.40000153,118.80000305,103,0,0
2008-09-03,105.90000153,105.90000153,105.90000153,105.90000153,118.80000305,102.40000153,0,0
2008-09-04,115.19999695,115.19999695,115.19999695,115.19999695,118.80000305,102.40000153,0,0
2008-09-05,111.80000305,111.80000305,111.80000305,111.80000305,118.80000305,102.40000153,0,0
2008-09-08,116.30000305,116.30000305,116.30000305,116.30000305,115.19999695,102.40000153,0,0
2008-09-09,123.80000305,123.80000305,123.80000305,123.80000305,116.30000305,102.40000153,0,0
2008-09-10,123.69999695,123.69999695,123.69999695,123.69999695,123.80000305,102.40000153,0,0
2008-09-11,126.09999847,126.09999847,126.09999847,126.09999847,123.80000305,102.40000153,0,0
2008-09-12,125.40000153,125.40000153,125.40000153,125.40000153,126.09999847,102.40000153,0,0
2008-09-15,160.30000305,160.30000305,160.30000305,160.30000305,126.09999847,102.40000153,0,0
2008-09-16,168.3999939,168.3999939,168.3999939,168.3999939,160.30000305,102.40000153,0,0
2008-09-17,162,162,162,162,168.3999939,102.40000153,0,0
2008-09-18,163.5,163.5,163.5,163.5,168.3999939,102.40000153,0,0
2008-09-19,162.30000305,162.30000305,162.30000305,162.30000305,168.3999939,102.40000153,0,0
2008-09-22,158.1000061,158.1000061,158.1000061,158.1000061,168.3999939,102.40000153,0,0
2008-09-23,159.5,159.5,159.5,159.5,168.3999939,102.40000153,0,0
2008-09-24,163.80000305,163.80000305,163.80000305,163.80000305,168.3999939,102.40000153,0,0
2008-09-25,176.30000305,176.30000305,176.30000305,176.30000305,168.3999939,102.40000153,0,0
2008-09-26,183.6000061,183.6000061,183.6000061,183.6000061,176.30000305,102.40000153,0,0
2008-09-29,201,201,201,201,183.6000061,102.40000153,0,0
2008-09-30,208.5,208.5,208.5,208.5,201,102.40000153,0,0
2008-10-01,200.5,200.5,200.5,200.5,208.5,105.90000153,0,0
2008-10-02,206.69999695,206.69999695,206.69999695,206.69999695,208.5,111.80000305,0,0
2008-10-03,204.80000305,204.80000305,204.80000305,204.80000305,208.5,111.80000305,0,0
2008-10-06,217.30000305,217.30000305,217.30000305,217.30000305,208.5,116.30000305,0,0
2008-10-07,221.1000061,221.1000061,221.1000061,221.1000061,217.30000305,123.69999695,0,0
2008-10-08,239.80000305,239.80000305,239.80000305,239.80000305,221.1000061,123.69999695,0,0
2008-10-09,250.1000061,250.1000061,250.1000061,250.1000061,239.80000305,125.40000153,0,0
2008-10-10,264.6000061,264.6000061,264.6000061,264.6000061,250.1000061,125.40000153,0,0
2008-10-14,230.3999939,230.3999939,230.3999939,230.3999939,264.6000061,158.1000061,0,0
2008-10-15,220.5,220.5,220.5,220.5,264.6000061,158.1000061,0,0
2008-10-16,218.8999939,218.8999939,218.8999939,218.8999939,264.6000061,158.1000061,0,0
2008-10-17,207.30000305,207.30000305,207.30000305,207.30000305,264.6000061,158.1000061,0,0
2008-10-20,191.6000061,191.6000061,191.6000061,191.6000061,264.6000061,158.1000061,0,0
2008-10-21,192.8999939,192.8999939,192.8999939,192.8999939,264.6000061,158.1000061,0,0
2008-10-22,203.80000305,203.80000305,203.80000305,203.80000305,264.6000061,159.5,0,0
2008-10-23,229.69999695,229.69999695,229.69999695,229.69999695,264.6000061,163.80000305,0,0
2008-10-24,239.3999939,239.3999939,239.3999939,239.3999939,264.6000061,176.30000305,0,0
2008-10-27,237,237,237,237,264.6000061,183.6000061,0,0
2008-10-28,229.8999939,229.8999939,229.8999939,229.8999939,264.6000061,191.6000061,0,0
2008-10-29,217.19999695,217.19999695,217.19999695,217.19999695,264.6000061,191.6000061,0,0
2008-10-30,209.3999939,209.3999939,209.3999939,209.3999939,264.6000061,191.6000061,0,0
2008-10-31,207.19999695,207.19999695,207.19999695,207.19999695,264.6000061,191.6000061,0,0
2008-11-03,204.6000061,204.6000061,204.6000061,204.6000061,264.6000061,191.6000061,0,0
2008-11-04,203,203,203,203,264.6000061,191.6000061,0,0
2008-11-05,217.5,217.5,217.5,217.5,264.6000061,191.6000061,0,0
2008-11-06,189,189,189,189,264.6000061,191.6000061,0,0
2008-11-07,178.1000061,178.1000061,178.1000061,178.1000061,264.6000061,189,0,0
2008-11-10,173.19999695,173.19999695,173.19999695,173.19999695,264.6000061,178.1000061,0,0
2008-11-11,173.19999695,173.19999695,173.19999695,173.19999695,239.3999939,173.19999695,0,0
2008-11-12,173.19999695,173.19999695,173.19999695,173.19999695,239.3999939,173.19999695,0,0
2008-11-13,181.3999939,181.3999939,181.3999939,181.3999939,239.3999939,173.19999695,0,0
2008-11-14,189.5,189.5,189.5,189.5,239.3999939,173.19999695,0,0
2008-11-17,188.3999939,188.3999939,188.3999939,188.3999939,239.3999939,173.19999695,0,0
2008-11-18,191.6000061,191.6000061,191.6000061,191.6000061,239.3999939,173.19999695,0,0
2008-11-19,192,192,192,192,239.3999939,173.19999695,0,0
2008-11-20,211.6000061,211.6000061,211.6000061,211.6000061,239.3999939,173.19999695,0,0
2008-11-21,212.8999939,212.8999939,212.8999939,212.8999939,239.3999939,173.19999695,0,0
2008-11-24,189,189,189,189,237,173.19999695,0,0
2008-11-25,206.19999695,206.19999695,206.19999695,206.19999695,229.8999939,173.19999695,0,0
2008-11-26,213.8999939,213.8999939,213.8999939,213.8999939,217.5,173.19999695,0,0
2008-11-28,214,214,214,214,217.5,173.19999695,0,0
2008-12-01,213.30000305,213.30000305,213.30000305,213.30000305,217.5,173.19999695,0,0
2008-12-02,216.6000061,216.6000061,216.6000061,216.6000061,217.5,173.19999695,0,0
2008-12-03,214.69999695,214.69999695,214.69999695,214.69999695,217.5,173.19999695,0,0
2008-12-04,216.8999939,216.8999939,216.8999939,216.8999939,217.5,173.19999695,0,0
2008-12-05,216.3999939,216.3999939,216.3999939,216.3999939,216.8999939,173.19999695,0,0
2008-12-08,213.3999939,213.3999939,213.3999939,213.3999939,216.8999939,173.19999695,0,0
2008-12-09,214.69999695,214.69999695,214.69999695,214.69999695,216.8999939,173.19999695,0,0
2008-12-10,218.8999939,218.8999939,218.8999939,218.8999939,216.8999939,173.19999695,0,0
2008-12-11,223.3999939,223.3999939,223.3999939,223.3999939,218.8999939,173.19999695,0,0
2008-12-12,222.69999695,222.69999695,222.69999695,222.69999695,223.3999939,181.3999939,0,0
2008-12-15,214.5,214.5,214.5,214.5,223.3999939,188.3999939,0,0
2008-12-16,194.8999939,194.8999939,194.8999939,194.8999939,223.3999939,188.3999939,0,0
2008-12-17,182.1000061,182.1000061,182.1000061,182.1000061,223.3999939,189,0,0
2008-12-18,194.6000061,194.6000061,194.6000061,194.6000061,223.3999939,182.1000061,0,0
2008-12-19,195.80000305,195.80000305,195.80000305,195.80000305,223.3999939,182.1000061,0,0
2008-12-22,194.6000061,194.6000061,194.6000061,194.6000061,223.3999939,182.1000061,0,0
2008-12-23,193.80000305,193.80000305,193.80000305,193.80000305,223.3999939,182.1000061,0,0
2008-12-24,193.80000305,193.80000305,193.80000305,193.80000305,223.3999939,182.1000061,0,0
2008-12-26,193.5,193.5,193.5,193.5,223.3999939,182.1000061,0,0
2008-12-29,192.1000061,192.1000061,192.1000061,192.1000061,223.3999939,182.1000061,0,0
2008-12-30,192.6000061,192.6000061,192.6000061,192.6000061,223.3999939,182.1000061,0,0
2008-12-31,190,190,190,190,223.3999939,182.1000061,0,0
2009-01-02,183.1000061,183.1000061,183.1000061,183.1000061,223.3999939,182.1000061,0,0
2009-01-05,171,171,171,171,223.3999939,182.1000061,0,0
2009-01-06,160.3999939,160.3999939,160.3999939,160.3999939,223.3999939,171,0,0
2009-01-07,151.69999695,151.69999695,151.69999695,151.69999695,223.3999939,160.3999939,0,0
2009-01-08,149.8999939,149.8999939,149.8999939,149.8999939,223.3999939,151.69999695,0,0
2009-01-09,138,138,138,138,223.3999939,149.8999939,0,0
2009-01-12,134.80000305,134.80000305,134.80000305,134.80000305,223.3999939,138,0,0
2009-01-13,119.5,119.5,119.5,119.5,222.69999695,134.80000305,0,0
2009-01-14,119.40000153,119.40000153,119.40000153,119.40000153,214.5,119.5,0,0
2009-01-15,129.5,129.5,129.5,129.5,195.80000305,119.40000153,0,0
2009-01-16,126.90000153,126.90000153,126.90000153,126.90000153,195.80000305,119.40000153,0,0
2009-01-20,136.5,136.5,136.5,136.5,195.80000305,119.40000153,0,0
2009-01-21,151,151,151,151,195.80000305,119.40000153,0,0
2009-01-22,153.1000061,153.1000061,153.1000061,153.1000061,194.6000061,119.40000153,0,0
2009-01-23,155.30000305,155.30000305,155.30000305,155.30000305,193.80000305,119.40000153,0,0
2009-01-26,145.30000305,145.30000305,145.30000305,145.30000305,193.80000305,119.40000153,0,0
2009-01-27,141.19999695,141.19999695,141.19999695,141.19999695,193.5,119.40000153,0,0
2009-01-28,136.69999695,136.69999695,136.69999695,136.69999695,192.6000061,119.40000153,0,0
2009-01-29,147.80000305,147.80000305,147.80000305,147.80000305,192.6000061,119.40000153,0,0
2009-01-30,162.8999939,162.8999939,162.8999939,162.8999939,190,119.40000153,0,0
2009-02-02,163.3999939,163.3999939,163.3999939,163.3999939,183.1000061,119.40000153,0,0
2009-02-03,161.19999695,161.19999695,161.19999695,161.19999695,171,119.40000153,0,0
2009-02-04,172.5,172.5,172.5,172.5,163.3999939,119.40000153,0,0
2009-02-05,173.69999695,173.69999695,173.69999695,173.69999695,172.5,119.40000153,0,0
2009-02-06,182.1000061,182.1000061,182.1000061,182.1000061,173.69999695,119.40000153,0,0
2009-02-09,170.19999695,170.19999695,170.19999695,170.19999695,182.1000061,119.40000153,0,0
2009-02-10,172.30000305,172.30000305,172.30000305,172.30000305,182.1000061,119.40000153,0,0
2009-02-11,157,157,157,157,182.1000061,119.40000153,0,0
2009-02-12,151,151,151,151,182.1000061,119.40000153,0,0
2009-02-13,158.69999695,158.69999695,158.69999695,158.69999695,182.1000061,126.90000153,0,0
2009-02-17,163.19999695,163.19999695,163.19999695,163.19999695,182.1000061,126.90000153,0,0
2009-02-18,159.19999695,159.19999695,159.19999695,159.19999695,182.1000061,136.5,0,0
2009-02-19,161.8999939,161.8999939,161.8999939,161.8999939,182.1000061,136.69999695,0,0
2009-02-20,165.5,165.5,165.5,165.5,182.1000061,136.69999695,0,0
2009-02-23,157.3999939,157.3999939,157.3999939,157.3999939,182.1000061,136.69999695,0,0
2009-02-24,154.3999939,154.3999939,154.3999939,154.3999939,182.1000061,136.69999695,0,0
2009-02-25,164.30000305,164.30000305,164.30000305,164.30000305,182.1000061,136.69999695,0,0
2009-02-26,163,163,163,163,182.1000061,136.69999695,0,0
2009-02-27,166.6000061,166.6000061,166.6000061,166.6000061,182.1000061,147.80000305,0,0
2009-03-02,164,164,164,164,182.1000061,151,0,0
2009-03-03,164.8999939,164.8999939,164.8999939,164.8999939,182.1000061,151,0,0
2009-03-04,166.30000305,166.30000305,166.30000305,166.30000305,182.1000061,151,0,0
2009-03-05,162.19999695,162.19999695,162.19999695,162.19999695,182.1000061,151,0,0
2009-03-06,159.19999695,159.19999695,159.19999695,159.19999695,182.1000061,151,0,0
2009-03-09,160.5,160.5,160.5,160.5,182.1000061,151,0,0
2009-03-10,153.3999939,153.3999939,153.3999939,153.3999939,172.30000305,151,0,0
2009-03-11,147,147,147,147,172.30000305,151,0,0
2009-03-12,146.30000305,146.30000305,146.30000305,146.30000305,166.6000061,147,0,0
2009-03-13,143.80000305,143.80000305,143.80000305,143.80000305,166.6000061,146.30000305,0,0
2009-03-16,140.8999939,140.8999939,140.8999939,140.8999939,166.6000061,143.80000305,0,0
2009-03-17,142.69999695,142.69999695,142.69999695,142.69999695,166.6000061,140.8999939,0,0
2009-03-18,142.8999939,142.8999939,142.8999939,142.8999939,166.6000061,140.8999939,0,0
2009-03-19,125.59999847,125.59999847,125.59999847,125.59999847,166.6000061,140.8999939,0,0
2009-03-20,124,124,124,124,166.6000061,125.59999847,0,0
2009-03-23,119,119,119,119,166.6000061,124,0,0
2009-03-24,119.30000305,119.30000305,119.30000305,119.30000305,166.6000061,119,0,0
2009-03-25,118.30000305,118.30000305,118.30000305,118.30000305,166.6000061,119,0,0
2009-03-26,120.5,120.5,120.5,120.5,166.6000061,118.30000305,0,0
2009-03-27,117.90000153,117.90000153,117.90000153,117.90000153,166.6000061,118.30000305,0,0
2009-03-30,116.90000153,116.90000153,116.90000153,116.90000153,166.30000305,117.90000153,0,0
2009-03-31,117.30000305,117.30000305,117.30000305,117.30000305,166.30000305,116.90000153,0,0
2009-04-01,112.59999847,112.59999847,112.59999847,112.59999847,166.30000305,116.90000153,0,0
2009-04-02,111.69999695,111.69999695,111.69999695,111.69999695,162.19999695,112.59999847,0,0
2009-04-03,119.69999695,119.69999695,119.69999695,119.69999695,160.5,111.69999695,0,0
2009-04-06,122.90000153,122.90000153,122.90000153,122.90000153,160.5,111.69999695,0,0
2009-04-07,118.5,118.5,118.5,118.5,153.3999939,111.69999695,0,0
2009-04-08,119.69999695,119.69999695,119.69999695,119.69999695,147,111.69999695,0,0
2009-04-09,119.69999695,119.69999695,119.69999695,119.69999695,146.30000305,111.69999695,0,0
2009-04-13,116.40000153,116.40000153,116.40000153,116.40000153,143.80000305,111.69999695,0,0
2009-04-14,107.69999695,107.69999695,107.69999695,107.69999695,142.8999939,111.69999695,0,0
2009-04-15,105.59999847,105.59999847,105.59999847,105.59999847,142.8999939,107.69999695,0,0
2009-04-16,109,109,109,109,142.8999939,105.59999847,0,0
2009-04-17,115.80000305,115.80000305,115.80000305,115.80000305,125.59999847,105.59999847,0,0
2009-04-20,115.09999847,115.09999847,115.09999847,115.09999847,124,105.59999847,0,0
2009-04-21,115.80000305,115.80000305,115.80000305,115.80000305,122.90000153,105.59999847,0,0
2009-04-22,120.19999695,120.19999695,120.19999695,120.19999695,122.90000153,105.59999847,0,0
2009-04-23,120.19999695,120.19999695,120.19999695,120.19999695,122.90000153,105.59999847,0,0
2009-04-24,125.80000305,125.80000305,125.80000305,125.80000305,122.90000153,105.59999847,0,0
2009-04-27,125.80000305,125.80000305,125.80000305,125.80000305,125.80000305,105.59999847,0,0
2009-04-28,122.59999847,122.59999847,122.59999847,122.59999847,125.80000305,105.59999847,0,0
2009-04-29,120.69999695,120.69999695,120.69999695,120.69999695,125.80000305,105.59999847,0,0
2009-04-30,124.19999695,124.19999695,124.19999695,124.19999695,125.80000305,105.59999847,0,0
2009-05-01,129.19999695,129.19999695,129.19999695,129.19999695,125.80000305,105.59999847,0,0
2009-05-04,127.80000305,127.80000305,127.80000305,127.80000305,129.19999695,105.59999847,0,0
2009-05-05,125.40000153,125.40000153,125.40000153,125.40000153,129.19999695,105.59999847,0,0
2009-05-06,125.19999695,125.19999695,125.19999695,125.19999695,129.19999695,105.59999847,0,0
2009-05-07,129.1000061,129.1000061,129.1000061,129.1000061,129.19999695,105.59999847,0,0
2009-05-08,130.5,130.5,130.5,130.5,129.19999695,105.59999847,0,0
2009-05-11,124.69999695,124.69999695,124.69999695,124.69999695,130.5,105.59999847,0,0
2009-05-12,126.30000305,126.30000305,126.30000305,126.30000305,130.5,105.59999847,0,0
2009-05-13,126.19999695,126.19999695,126.19999695,126.19999695,130.5,105.59999847,0,0
2009-05-14,123.5,123.5,123.5,123.5,130.5,109,0,0
2009-05-15,122.30000305,122.30000305,122.30000305,122.30000305,130.5,115.09999847,0,0
2009-05-18,122.09999847,122.09999847,122.09999847,122.09999847,130.5,115.09999847,0,0
2009-05-19,122.69999695,122.69999695,122.69999695,122.69999695,130.5,115.80000305,0,0
2009-05-20,122.59999847,122.59999847,122.59999847,122.59999847,130.5,120.19999695,0,0
2009-05-21,129.80000305,129.80000305,129.80000305,129.80000305,130.5,120.19999695,0,0
2009-05-22,147.19999695,147.19999695,147.19999695,147.19999695,130.5,120.69999695,0,0
2009-05-26,146.1000061,146.1000061,146.1000061,146.1000061,147.19999695,120.69999695,0,0
2009-05-27,163.80000305,163.80000305,163.80000305,163.80000305,147.19999695,120.69999695,0,0
2009-05-28,167.5,167.5,167.5,167.5,163.80000305,120.69999695,0,0
2009-05-29,165.3999939,165.3999939,165.3999939,165.3999939,167.5,122.09999847,0,0
2009-06-01,190.30000305,190.30000305,190.30000305,190.30000305,167.5,122.09999847,0,0
2009-06-02,183.8999939,183.8999939,183.8999939,183.8999939,190.30000305,122.09999847,0,0
2009-06-03,162.8999939,162.8999939,162.8999939,162.8999939,190.30000305,122.09999847,0,0
2009-06-04,169,169,169,169,190.30000305,122.09999847,0,0
2009-06-05,183.3999939,183.3999939,183.3999939,183.3999939,190.30000305,122.09999847,0,0
2009-06-08,183,183,183,183,190.30000305,122.09999847,0,0
2009-06-09,175.30000305,175.30000305,175.30000305,175.30000305,190.30000305,122.09999847,0,0
2009-06-10,178.3999939,178.3999939,178.3999939,178.3999939,190.30000305,122.09999847,0,0
2009-06-11,171.69999695,171.69999695,171.69999695,171.69999695,190.30000305,122.09999847,0,0
2009-06-12,171.80000305,171.80000305,171.80000305,171.80000305,190.30000305,122.09999847,0,0
2009-06-15,166.5,166.5,166.5,166.5,190.30000305,122.09999847,0,0
2009-06-16,167.19999695,167.19999695,167.19999695,167.19999695,190.30000305,122.09999847,0,0
2009-06-17,170.1000061,170.1000061,170.1000061,170.1000061,190.30000305,122.59999847,0,0
2009-06-18,187.30000305,187.30000305,187.30000305,187.30000305,190.30000305,122.59999847,0,0
2009-06-19,182.30000305,182.30000305,182.30000305,182.30000305,190.30000305,129.80000305,0,0
2009-06-22,173.19999695,173.19999695,173.19999695,173.19999695,190.30000305,146.1000061,0,0
2009-06-23,173.1000061,173.1000061,173.1000061,173.1000061,190.30000305,146.1000061,0,0
2009-06-24,164.8999939,164.8999939,164.8999939,164.8999939,190.30000305,162.8999939,0,0
2009-06-25,161,161,161,161,190.30000305,162.8999939,0,0
2009-06-26,159,159,159,159,190.30000305,161,0,0
2009-06-29,158.3999939,158.3999939,158.3999939,158.3999939,190.30000305,159,0,0
2009-06-30,162.5,162.5,162.5,162.5,187.30000305,158.3999939,0,0
2009-07-01,161.6000061,161.6000061,161.6000061,161.6000061,187.30000305,158.3999939,0,0
2009-07-02,149.1000061,149.1000061,149.1000061,149.1000061,187.30000305,158.3999939,0,0
2009-07-06,148.1000061,148.1000061,148.1000061,148.1000061,187.30000305,149.1000061,0,0
2009-07-07,138.6000061,138.6000061,138.6000061,138.6000061,187.30000305,148.1000061,0,0
2009-07-08,136.5,136.5,136.5,136.5,187.30000305,138.6000061,0,0
2009-07-09,136.5,136.5,136.5,136.5,187.30000305,136.5,0,0
2009-07-10,135.8999939,135.8999939,135.8999939,135.8999939,187.30000305,136.5,0,0
2009-07-13,137.80000305,137.80000305,137.80000305,137.80000305,187.30000305,135.8999939,0,0
2009-07-14,145,145,145,145,187.30000305,135.8999939,0,0
2009-07-15,151.80000305,151.80000305,151.80000305,151.80000305,187.30000305,135.8999939,0,0
2009-07-16,148.8999939,148.8999939,148.8999939,148.8999939,187.30000305,135.8999939,0,0
2009-07-17,156.30000305,156.30000305,156.30000305,156.30000305,187.30000305,135.8999939,0,0
2009-07-20,149.69999695,149.69999695,149.69999695,149.69999695,182.30000305,135.8999939,0,0
2009-07-21,143.8999939,143.8999939,143.8999939,143.8999939,173.19999695,135.8999939,0,0
2009-07-22,144.3999939,144.3999939,144.3999939,144.3999939,173.1000061,135.8999939,0,0
2009-07-23,147.30000305,147.30000305,147.30000305,147.30000305,164.8999939,135.8999939,0,0
2009-07-24,143.6000061,143.6000061,143.6000061,143.6000061,162.5,135.8999939,0,0
2009-07-27,143.1000061,143.1000061,143.1000061,143.1000061,162.5,135.8999939,0,0
2009-07-28,140.19999695,140.19999695,140.19999695,140.19999695,162.5,135.8999939,0,0
2009-07-29,139.6000061,139.6000061,139.6000061,139.6000061,162.5,135.8999939,0,0
2009-07-30,139.1000061,139.1000061,139.1000061,139.1000061,161.6000061,135.8999939,0,0
2009-07-31,138.5,138.5,138.5,138.5,156.30000305,135.8999939,0,0
2009-08-03,141.1000061,141.1000061,141.1000061,141.1000061,156.30000305,135.8999939,0,0
2009-08-04,141,141,141,141,156.30000305,135.8999939,0,0
2009-08-05,145.3999939,145.3999939,145.3999939,145.3999939,156.30000305,135.8999939,0,0
2009-08-06,147.69999695,147.69999695,147.69999695,147.69999695,156.30000305,135.8999939,0,0
2009-08-07,153.3999939,153.3999939,153.3999939,153.3999939,156.30000305,135.8999939,0,0
2009-08-10,149.1000061,149.1000061,149.1000061,149.1000061,156.30000305,137.80000305,0,0
2009-08-11,149.8999939,149.8999939,149.8999939,149.8999939,156.30000305,138.5,0,0
2009-08-12,147.5,147.5,147.5,147.5,156.30000305,138.5,0,0
2009-08-13,145.80000305,145.80000305,145.80000305,145.80000305,156.30000305,138.5,0,0
2009-08-14,144.69999695,144.69999695,144.69999695,144.69999695,156.30000305,138.5,0,0
2009-08-17,144.19999695,144.19999695,144.19999695,144.19999695,153.3999939,138.5,0,0
2009-08-18,136.69999695,136.69999695,136.69999695,136.69999695,153.3999939,138.5,0,0
2009-08-19,136,136,136,136,153.3999939,136.69999695,0,0
2009-08-20,131.8999939,131.8999939,131.8999939,131.8999939,153.3999939,136,0,0
2009-08-21,132.30000305,132.30000305,132.30000305,132.30000305,153.3999939,131.8999939,0,0
2009-08-24,131.1000061,131.1000061,131.1000061,131.1000061,153.3999939,131.8999939,0,0
2009-08-25,130.1000061,130.1000061,130.1000061,130.1000061,153.3999939,131.1000061,0,0
2009-08-26,125.5,125.5,125.5,125.5,153.3999939,130.1000061,0,0
2009-08-27,125.40000153,125.40000153,125.40000153,125.40000153,153.3999939,125.5,0,0
2009-08-28,129.1000061,129.1000061,129.1000061,129.1000061,153.3999939,125.40000153,0,0
2009-08-31,130.69999695,130.69999695,130.69999695,130.69999695,153.3999939,125.40000153,0,0
2009-09-01,135,135,135,135,153.3999939,125.40000153,0,0
2009-09-02,137.6000061,137.6000061,137.6000061,137.6000061,153.3999939,125.40000153,0,0
2009-09-03,134.1000061,134.1000061,134.1000061,134.1000061,153.3999939,125.40000153,0,0
2009-09-04,127.59999847,127.59999847,127.59999847,127.59999847,153.3999939,125.40000153,0,0
2009-09-08,123.19999695,123.19999695,123.19999695,123.19999695,149.8999939,125.40000153,0,0
2009-09-09,114.59999847,114.59999847,114.59999847,114.59999847,149.8999939,123.19999695,0,0
2009-09-10,117.40000153,117.40000153,117.40000153,117.40000153,147.5,114.59999847,0,0
2009-09-11,114.69999695,114.69999695,114.69999695,114.69999695,145.80000305,114.59999847,0,0
2009-09-14,116.5,116.5,116.5,116.5,144.69999695,114.59999847,0,0
2009-09-15,119.59999847,119.59999847,119.59999847,119.59999847,144.19999695,114.59999847,0,0
2009-09-16,123.69999695,123.69999695,123.69999695,123.69999695,137.6000061,114.59999847,0,0
2009-09-17,121.80000305,121.80000305,121.80000305,121.80000305,137.6000061,114.59999847,0,0
2009-09-18,121.40000153,121.40000153,121.40000153,121.40000153,137.6000061,114.59999847,0,0
2009-09-21,118.40000153,118.40000153,118.40000153,118.40000153,137.6000061,114.59999847,0,0
2009-09-22,118,118,118,118,137.6000061,114.59999847,0,0
2009-09-23,111.90000153,111.90000153,111.90000153,111.90000153,137.6000061,114.59999847,0,0
2009-09-24,109.80000305,109.80000305,109.80000305,109.80000305,137.6000061,111.90000153,0,0
2009-09-25,110.69999695,110.69999695,110.69999695,110.69999695,137.6000061,109.80000305,0,0
2009-09-28,109.90000153,109.90000153,109.90000153,109.90000153,137.6000061,109.80000305,0,0
2009-09-29,115.19999695,115.19999695,115.19999695,115.19999695,137.6000061,109.80000305,0,0
2009-09-30,113.80000305,113.80000305,113.80000305,113.80000305,137.6000061,109.80000305,0,0
2009-10-01,112.59999847,112.59999847,112.59999847,112.59999847,137.6000061,109.80000305,0,0
2009-10-02,107.80000305,107.80000305,107.80000305,107.80000305,134.1000061,109.80000305,0,0
2009-10-05,105.69999695,105.69999695,105.69999695,105.69999695,127.59999847,107.80000305,0,0
2009-10-06,107.19999695,107.19999695,107.19999695,107.19999695,123.69999695,105.69999695,0,0
2009-10-07,105.09999847,105.09999847,105.09999847,105.09999847,123.69999695,105.69999695,0,0
2009-10-08,101.80000305,101.80000305,101.80000305,101.80000305,123.69999695,105.09999847,0,0
2009-10-09,114.69999695,114.69999695,114.69999695,114.69999695,123.69999695,101.80000305,0,0
2009-10-13,111.09999847,111.09999847,111.09999847,111.09999847,123.69999695,101.80000305,0,0
2009-10-14,115.40000153,115.40000153,115.40000153,115.40000153,123.69999695,101.80000305,0,0
2009-10-15,117.80000305,117.80000305,117.80000305,117.80000305,123.69999695,101.80000305,0,0
2009-10-16,117.40000153,117.40000153,117.40000153,117.40000153,121.80000305,101.80000305,0,0
2009-10-19,114.69999695,114.69999695,114.69999695,114.69999695,121.40000153,101.80000305,0,0
2009-10-20,108.90000153,108.90000153,108.90000153,108.90000153,118.40000153,101.80000305,0,0
2009-10-21,111.90000153,111.90000153,111.90000153,111.90000153,118,101.80000305,0,0
2009-10-22,111.19999695,111.19999695,111.19999695,111.19999695,117.80000305,101.80000305,0,0
2009-10-23,113.40000153,113.40000153,113.40000153,113.40000153,117.80000305,101.80000305,0,0
2009-10-26,118.5,118.5,118.5,118.5,117.80000305,101.80000305,0,0
2009-10-27,114.09999847,114.09999847,114.09999847,114.09999847,118.5,101.80000305,0,0
2009-10-28,113.30000305,113.30000305,113.30000305,113.30000305,118.5,101.80000305,0,0
2009-10-29,116.59999847,116.59999847,116.59999847,116.59999847,118.5,101.80000305,0,0
2009-10-30,113.5,113.5,113.5,113.5,118.5,101.80000305,0,0
2009-11-02,113.69999695,113.69999695,113.69999695,113.69999695,118.5,101.80000305,0,0
2009-11-03,114,114,114,114,118.5,101.80000305,0,0
2009-11-04,116.19999695,116.19999695,116.19999695,116.19999695,118.5,101.80000305,0,0
2009-11-05,112.69999695,112.69999695,112.69999695,112.69999695,118.5,101.80000305,0,0
2009-11-06,105,105,105,105,118.5,101.80000305,0,0
2009-11-09,99.90000153,99.90000153,99.90000153,99.90000153,118.5,105,0,0
2009-11-10,95.69999695,95.69999695,95.69999695,95.69999695,118.5,99.90000153,0,0
2009-11-12,102.19999695,102.19999695,102.19999695,102.19999695,118.5,95.69999695,0,0
2009-11-13,97.19999695,97.19999695,97.19999695,97.19999695,118.5,95.69999695,0,0
2009-11-16,92.5,92.5,92.5,92.5,118.5,95.69999695,0,0
2009-11-17,91.19999695,91.19999695,91.19999695,91.19999695,118.5,92.5,0,0
2009-11-18,89.09999847,89.09999847,89.09999847,89.09999847,118.5,91.19999695,0,0
2009-11-19,86.90000153,86.90000153,86.90000153,86.90000153,118.5,89.09999847,0,0
2009-11-20,87.30000305,87.30000305,87.30000305,87.30000305,118.5,86.90000153,0,0
2009-11-23,87.69999695,87.69999695,87.69999695,87.69999695,118.5,86.90000153,0,0
2009-11-24,83.69999695,83.69999695,83.69999695,83.69999695,118.5,86.90000153,0,0
2009-11-25,82.80000305,82.80000305,82.80000305,82.80000305,116.59999847,83.69999695,0,0
2009-11-27,88.90000153,88.90000153,88.90000153,88.90000153,116.59999847,82.80000305,0,0
2009-11-30,86.09999847,86.09999847,86.09999847,86.09999847,116.59999847,82.80000305,0,0
2009-12-01,87.5,87.5,87.5,87.5,116.19999695,82.80000305,0,0
2009-12-02,88.09999847,88.09999847,88.09999847,88.09999847,116.19999695,82.80000305,0,0
2009-12-03,93.09999847,93.09999847,93.09999847,93.09999847,116.19999695,82.80000305,0,0
2009-12-04,95.30000305,95.30000305,95.30000305,95.30000305,116.19999695,82.80000305,0,0
2009-12-07,89.80000305,89.80000305,89.80000305,89.80000305,112.69999695,82.80000305,0,0
2009-12-08,86.09999847,86.09999847,86.09999847,86.09999847,105,82.80000305,0,0
2009-12-09,90,90,90,90,102.19999695,82.80000305,0,0
2009-12-10,90.90000153,90.90000153,90.90000153,90.90000153,102.19999695,82.80000305,0,0
2009-12-11,94,94,94,94,102.19999695,82.80000305,0,0
2009-12-14,93.30000305,93.30000305,93.30000305,93.30000305,97.19999695,82.80000305,0,0
2009-12-15,96.80000305,96.80000305,96.80000305,96.80000305,95.30000305,82.80000305,0,0
2009-12-16,94.40000153,94.40000153,94.40000153,94.40000153,96.80000305,82.80000305,0,0
2009-12-17,92.59999847,92.59999847,92.59999847,92.59999847,96.80000305,82.80000305,0,0
2009-12-18,93.80000305,93.80000305,93.80000305,93.80000305,96.80000305,82.80000305,0,0
2009-12-21,102.59999847,102.59999847,102.59999847,102.59999847,96.80000305,82.80000305,0,0
2009-12-22,107.69999695,107.69999695,107.69999695,107.69999695,102.59999847,82.80000305,0,0
2009-12-23,102.40000153,102.40000153,102.40000153,102.40000153,107.69999695,82.80000305,0,0
2009-12-24,105,105,105,105,107.69999695,82.80000305,0,0
2009-12-28,108.19999695,108.19999695,108.19999695,108.19999695,107.69999695,86.09999847,0,0
2009-12-29,108.90000153,108.90000153,108.90000153,108.90000153,108.19999695,86.09999847,0,0
2009-12-30,104.40000153,104.40000153,104.40000153,104.40000153,108.90000153,86.09999847,0,0
2009-12-31,107.5,107.5,107.5,107.5,108.90000153,86.09999847,0,0
2010-01-04,106.40000153,106.40000153,106.40000153,106.40000153,108.90000153,86.09999847,0,0
2010-01-05,102.5,102.5,102.5,102.5,108.90000153,86.09999847,0,0
2010-01-06,106.90000153,106.90000153,106.90000153,106.90000153,108.90000153,86.09999847,0,0
2010-01-07,104.40000153,104.40000153,104.40000153,104.40000153,108.90000153,86.09999847,0,0
2010-01-08,96.30000305,96.30000305,96.30000305,96.30000305,108.90000153,90,0,0
2010-01-11,93,93,93,93,108.90000153,90.90000153,0,0
2010-01-12,92.69999695,92.69999695,92.69999695,92.69999695,108.90000153,92.59999847,0,0
2010-01-13,95.5,95.5,95.5,95.5,108.90000153,92.59999847,0,0
2010-01-14,91.09999847,91.09999847,91.09999847,91.09999847,108.90000153,92.59999847,0,0
2010-01-15,89.80000305,89.80000305,89.80000305,89.80000305,108.90000153,91.09999847,0,0
2010-01-19,87.90000153,87.90000153,87.90000153,87.90000153,108.90000153,89.80000305,0,0
2010-01-20,88.30000305,88.30000305,88.30000305,88.30000305,108.90000153,87.90000153,0,0
2010-01-21,87.5,87.5,87.5,87.5,108.90000153,87.90000153,0,0
2010-01-22,88.30000305,88.30000305,88.30000305,88.30000305,108.90000153,87.5,0,0
2010-01-25,88.09999847,88.09999847,88.09999847,88.09999847,108.90000153,87.5,0,0
2010-01-26,88.80000305,88.80000305,88.80000305,88.80000305,108.90000153,87.5,0,0
2010-01-27,86.30000305,86.30000305,86.30000305,86.30000305,108.90000153,87.5,0,0
2010-01-28,87.90000153,87.90000153,87.90000153,87.90000153,108.90000153,86.30000305,0,0
2010-01-29,86.30000305,86.30000305,86.30000305,86.30000305,107.5,86.30000305,0,0
2010-02-01,85.30000305,85.30000305,85.30000305,85.30000305,107.5,86.30000305,0,0
2010-02-02,83.69999695,83.69999695,83.69999695,83.69999695,106.90000153,85.30000305,0,0
2010-02-03,90,90,90,90,106.90000153,83.69999695,0,0
2010-02-04,90.90000153,90.90000153,90.90000153,90.90000153,106.90000153,83.69999695,0,0
2010-02-05,89.09999847,89.09999847,89.09999847,89.09999847,104.40000153,83.69999695,0,0
2010-02-08,88,88,88,88,96.30000305,83.69999695,0,0
2010-02-09,88.09999847,88.09999847,88.09999847,88.09999847,95.5,83.69999695,0,0
2010-02-10,90.19999695,90.19999695,90.19999695,90.19999695,95.5,83.69999695,0,0
2010-02-11,89.19999695,89.19999695,89.19999695,89.19999695,95.5,83.69999695,0,0
2010-02-12,87,87,87,87,91.09999847,83.69999695,0,0
2010-02-16,85.5,85.5,85.5,85.5,90.90000153,83.69999695,0,0
2010-02-17,85.90000153,85.90000153,85.90000153,85.90000153,90.90000153,83.69999695,0,0
2010-02-18,87.19999695,87.19999695,87.19999695,87.19999695,90.90000153,83.69999695,0,0
2010-02-19,84.90000153,84.90000153,84.90000153,84.90000153,90.90000153,83.69999695,0,0
2010-02-22,81.40000153,81.40000153,81.40000153,81.40000153,90.90000153,83.69999695,0,0
2010-02-23,83.90000153,83.90000153,83.90000153,83.90000153,90.90000153,81.40000153,0,0
2010-02-24,83.19999695,83.19999695,83.19999695,83.19999695,90.90000153,81.40000153,0,0
2010-02-25,82.19999695,82.19999695,82.19999695,82.19999695,90.90000153,81.40000153,0,0
2010-02-26,81.19999695,81.19999695,81.19999695,81.19999695,90.90000153,81.40000153,0,0
2010-03-01,79.40000153,79.40000153,79.40000153,79.40000153,90.90000153,81.19999695,0,0
2010-03-02,78.40000153,78.40000153,78.40000153,78.40000153,90.90000153,79.40000153,0,0
2010-03-03,78.90000153,78.90000153,78.90000153,78.90000153,90.90000153,78.40000153,0,0
2010-03-04,76.09999847,76.09999847,76.09999847,76.09999847,90.90000153,78.40000153,0,0
2010-03-05,78.90000153,78.90000153,78.90000153,78.90000153,90.90000153,76.09999847,0,0
2010-03-08,77.59999847,77.59999847,77.59999847,77.59999847,90.19999695,76.09999847,0,0
2010-03-09,76.30000305,76.30000305,76.30000305,76.30000305,90.19999695,76.09999847,0,0
2010-03-10,75.90000153,75.90000153,75.90000153,75.90000153,90.19999695,76.09999847,0,0
2010-03-11,75.59999847,75.59999847,75.59999847,75.59999847,90.19999695,75.90000153,0,0
2010-03-12,76.40000153,76.40000153,76.40000153,76.40000153,89.19999695,75.59999847,0,0
2010-03-15,77.30000305,77.30000305,77.30000305,77.30000305,87.19999695,75.59999847,0,0
2010-03-16,76.90000153,76.90000153,76.90000153,76.90000153,87.19999695,75.59999847,0,0
2010-03-17,74.09999847,74.09999847,74.09999847,74.09999847,87.19999695,75.59999847,0,0
2010-03-18,75.90000153,75.90000153,75.90000153,75.90000153,87.19999695,74.09999847,0,0
2010-03-19,79.40000153,79.40000153,79.40000153,79.40000153,84.90000153,74.09999847,0,0
2010-03-22,78.5,78.5,78.5,78.5,83.90000153,74.09999847,0,0
2010-03-23,78.59999847,78.59999847,78.59999847,78.59999847,83.90000153,74.09999847,0,0
2010-03-24,90.09999847,90.09999847,90.09999847,90.09999847,83.19999695,74.09999847,0,0
2010-03-25,89.5,89.5,89.5,89.5,90.09999847,74.09999847,0,0
2010-03-26,87.40000153,87.40000153,87.40000153,87.40000153,90.09999847,74.09999847,0,0
2010-03-29,87.09999847,87.09999847,87.09999847,87.09999847,90.09999847,74.09999847,0,0
2010-03-30,86.19999695,86.19999695,86.19999695,86.19999695,90.09999847,74.09999847,0,0
2010-03-31,85.30000305,85.30000305,85.30000305,85.30000305,90.09999847,74.09999847,0,0
2010-04-01,89.80000305,89.80000305,89.80000305,89.80000305,90.09999847,74.09999847,0,0
2010-04-05,90.09999847,90.09999847,90.09999847,90.09999847,90.09999847,74.09999847,0,0
2010-04-06,88.59999847,88.59999847,88.59999847,88.59999847,90.09999847,74.09999847,0,0
2010-04-07,92.19999695,92.19999695,92.19999695,92.19999695,90.09999847,74.09999847,0,0
2010-04-08,90.30000305,90.30000305,90.30000305,90.30000305,92.19999695,74.09999847,0,0
2010-04-09,89.80000305,89.80000305,89.80000305,89.80000305,92.19999695,74.09999847,0,0
2010-04-12,88.19999695,88.19999695,88.19999695,88.19999695,92.19999695,74.09999847,0,0
2010-04-13,86.69999695,86.69999695,86.69999695,86.69999695,92.19999695,74.09999847,0,0
2010-04-14,85.30000305,85.30000305,85.30000305,85.30000305,92.19999695,74.09999847,0,0
2010-04-15,83.90000153,83.90000153,83.90000153,83.90000153,92.19999695,74.09999847,0,0
2010-04-16,82.90000153,82.90000153,82.90000153,82.90000153,92.19999695,75.90000153,0,0
2010-04-19,82.30000305,82.30000305,82.30000305,82.30000305,92.19999695,78.5,0,0
2010-04-20,78.30000305,78.30000305,78.30000305,78.30000305,92.19999695,78.5,0,0
2010-04-21,79.90000153,79.90000153,79.90000153,79.90000153,92.19999695,78.30000305,0,0
2010-04-22,80.09999847,80.09999847,80.09999847,80.09999847,92.19999695,78.30000305,0,0
2010-04-23,85.19999695,85.19999695,85.19999695,85.19999695,92.19999695,78.30000305,0,0
2010-04-26,83,83,83,83,92.19999695,78.30000305,0,0
2010-04-27,88.90000153,88.90000153,88.90000153,88.90000153,92.19999695,78.30000305,0,0
2010-04-28,87.19999695,87.19999695,87.19999695,87.19999695,92.19999695,78.30000305,0,0
2010-04-29,83.30000305,83.30000305,83.30000305,83.30000305,92.19999695,78.30000305,0,0
2010-04-30,85.5,85.5,85.5,85.5,92.19999695,78.30000305,0,0
2010-05-03,83.59999847,83.59999847,83.59999847,83.59999847,92.19999695,78.30000305,0,0
2010-05-04,88.69999695,88.69999695,88.69999695,88.69999695,92.19999695,78.30000305,0,0
2010-05-05,95.80000305,95.80000305,95.80000305,95.80000305,92.19999695,78.30000305,0,0
2010-05-06,116.69999695,116.69999695,116.69999695,116.69999695,95.80000305,78.30000305,0,0
2010-05-07,112.59999847,112.59999847,112.59999847,112.59999847,116.69999695,78.30000305,0,0
2010-05-10,104.40000153,104.40000153,104.40000153,104.40000153,116.69999695,78.30000305,0,0
2010-05-11,96.80000305,96.80000305,96.80000305,96.80000305,116.69999695,78.30000305,0,0
2010-05-12,93.19999695,93.19999695,93.19999695,93.19999695,116.69999695,78.30000305,0,0
2010-05-13,89.5,89.5,89.5,89.5,116.69999695,78.30000305,0,0
2010-05-14,99.80000305,99.80000305,99.80000305,99.80000305,116.69999695,78.30000305,0,0
2010-05-17,96.59999847,96.59999847,96.59999847,96.59999847,116.69999695,78.30000305,0,0
2010-05-18,97.19999695,97.19999695,97.19999695,97.19999695,116.69999695,78.30000305,0,0
2010-05-19,98.09999847,98.09999847,98.09999847,98.09999847,116.69999695,79.90000153,0,0
2010-05-20,110.90000153,110.90000153,110.90000153,110.90000153,116.69999695,80.09999847,0,0
2010-05-21,108.69999695,108.69999695,108.69999695,108.69999695,116.69999695,83,0,0
2010-05-24,107.09999847,107.09999847,107.09999847,107.09999847,116.69999695,83,0,0
2010-05-25,112.69999695,112.69999695,112.69999695,112.69999695,116.69999695,83.30000305,0,0
2010-05-26,109.90000153,109.90000153,109.90000153,109.90000153,116.69999695,83.30000305,0,0
2010-05-27,111.5,111.5,111.5,111.5,116.69999695,83.30000305,0,0
2010-05-28,112.09999847,112.09999847,112.09999847,112.09999847,116.69999695,83.59999847,0,0
2010-06-01,110.30000305,110.30000305,110.30000305,110.30000305,116.69999695,83.59999847,0,0
2010-06-02,105.19999695,105.19999695,105.19999695,105.19999695,116.69999695,88.69999695,0,0
2010-06-03,104.30000305,104.30000305,104.30000305,104.30000305,116.69999695,89.5,0,0
2010-06-04,106.40000153,106.40000153,106.40000153,106.40000153,116.69999695,89.5,0,0
2010-06-07,106.09999847,106.09999847,106.09999847,106.09999847,112.69999695,89.5,0,0
2010-06-08,108.69999695,108.69999695,108.69999695,108.69999695,112.69999695,89.5,0,0
2010-06-09,106.59999847,106.59999847,106.59999847,106.59999847,112.69999695,89.5,0,0
2010-06-10,103.30000305,103.30000305,103.30000305,103.30000305,112.69999695,89.5,0,0
2010-06-11,105.90000153,105.90000153,105.90000153,105.90000153,112.69999695,89.5,0,0
2010-06-14,102.90000153,102.90000153,102.90000153,102.90000153,112.69999695,96.59999847,0,0
2010-06-15,99.59999847,99.59999847,99.59999847,99.59999847,112.69999695,96.59999847,0,0
2010-06-16,96,96,96,96,112.69999695,97.19999695,0,0
2010-06-17,95.19999695,95.19999695,95.19999695,95.19999695,112.69999695,96,0,0
2010-06-18,94.40000153,94.40000153,94.40000153,94.40000153,112.69999695,95.19999695,0,0
2010-06-21,87.80000305,87.80000305,87.80000305,87.80000305,112.69999695,94.40000153,0,0
2010-06-22,85.90000153,85.90000153,85.90000153,85.90000153,112.69999695,87.80000305,0,0
2010-06-23,85.19999695,85.19999695,85.19999695,85.19999695,112.69999695,85.90000153,0,0
2010-06-24,85.40000153,85.40000153,85.40000153,85.40000153,112.09999847,85.19999695,0,0
2010-06-25,84.69999695,84.69999695,84.69999695,84.69999695,112.09999847,85.19999695,0,0
2010-06-28,84.19999695,84.19999695,84.19999695,84.19999695,112.09999847,84.69999695,0,0
2010-06-29,89.80000305,89.80000305,89.80000305,89.80000305,110.30000305,84.19999695,0,0
2010-06-30,89.69999695,89.69999695,89.69999695,89.69999695,108.69999695,84.19999695,0,0
2010-07-01,93.80000305,93.80000305,93.80000305,93.80000305,108.69999695,84.19999695,0,0
2010-07-02,88.19999695,88.19999695,88.19999695,88.19999695,108.69999695,84.19999695,0,0
2010-07-06,82.59999847,82.59999847,82.59999847,82.59999847,108.69999695,84.19999695,0,0
2010-07-07,86.30000305,86.30000305,86.30000305,86.30000305,108.69999695,82.59999847,0,0
2010-07-08,85.5,85.5,85.5,85.5,106.59999847,82.59999847,0,0
2010-07-09,85.09999847,85.09999847,85.09999847,85.09999847,105.90000153,82.59999847,0,0
2010-07-12,82.19999695,82.19999695,82.19999695,82.19999695,105.90000153,82.59999847,0,0
2010-07-13,80.30000305,80.30000305,80.30000305,80.30000305,102.90000153,82.19999695,0,0
2010-07-14,79,79,79,79,99.59999847,80.30000305,0,0
2010-07-15,78.09999847,78.09999847,78.09999847,78.09999847,96,79,0,0
2010-07-16,81.19999695,81.19999695,81.19999695,81.19999695,95.19999695,78.09999847,0,0
2010-07-19,79.40000153,79.40000153,79.40000153,79.40000153,94.40000153,78.09999847,0,0
2010-07-20,78.69999695,78.69999695,78.69999695,78.69999695,93.80000305,78.09999847,0,0
2010-07-21,78.40000153,78.40000153,78.40000153,78.40000153,93.80000305,78.09999847,0,0
2010-07-22,78.80000305,78.80000305,78.80000305,78.80000305,93.80000305,78.09999847,0,0
2010-07-23,78.90000153,78.90000153,78.90000153,78.90000153,93.80000305,78.09999847,0,0
2010-07-26,77.30000305,77.30000305,77.30000305,77.30000305,93.80000305,78.09999847,0,0
2010-07-27,77.09999847,77.09999847,77.09999847,77.09999847,93.80000305,77.30000305,0,0
2010-07-28,76.30000305,76.30000305,76.30000305,76.30000305,93.80000305,77.09999847,0,0
2010-07-29,75.90000153,75.90000153,75.90000153,75.90000153,93.80000305,76.30000305,0,0
2010-07-30,78.19999695,78.19999695,78.19999695,78.19999695,93.80000305,75.90000153,0,0
2010-08-02,77.59999847,77.59999847,77.59999847,77.59999847,88.19999695,75.90000153,0,0
2010-08-03,81.09999847,81.09999847,81.09999847,81.09999847,86.30000305,75.90000153,0,0
2010-08-04,85.90000153,85.90000153,85.90000153,85.90000153,86.30000305,75.90000153,0,0
2010-08-05,84,84,84,84,85.90000153,75.90000153,0,0
2010-08-06,80.40000153,80.40000153,80.40000153,80.40000153,85.90000153,75.90000153,0,0
2010-08-09,79.80000305,79.80000305,79.80000305,79.80000305,85.90000153,75.90000153,0,0
2010-08-10,76.59999847,76.59999847,76.59999847,76.59999847,85.90000153,75.90000153,0,0
2010-08-11,76.19999695,76.19999695,76.19999695,76.19999695,85.90000153,75.90000153,0,0
2010-08-12,81.40000153,81.40000153,81.40000153,81.40000153,85.90000153,75.90000153,0,0
2010-08-13,84.30000305,84.30000305,84.30000305,84.30000305,85.90000153,75.90000153,0,0
2010-08-16,92.80000305,92.80000305,92.80000305,92.80000305,85.90000153,75.90000153,0,0
2010-08-17,90.90000153,90.90000153,90.90000153,90.90000153,92.80000305,75.90000153,0,0
2010-08-18,87.5,87.5,87.5,87.5,92.80000305,75.90000153,0,0
2010-08-19,91,91,91,91,92.80000305,75.90000153,0,0
2010-08-20,93.19999695,93.19999695,93.19999695,93.19999695,92.80000305,75.90000153,0,0
2010-08-23,95.5,95.5,95.5,95.5,93.19999695,75.90000153,0,0
2010-08-24,97.59999847,97.59999847,97.59999847,97.59999847,95.5,75.90000153,0,0
2010-08-25,100.69999695,100.69999695,100.69999695,100.69999695,97.59999847,75.90000153,0,0
2010-08-26,104.40000153,104.40000153,104.40000153,104.40000153,100.69999695,75.90000153,0,0
2010-08-27,109.19999695,109.19999695,109.19999695,109.19999695,104.40000153,76.19999695,0,0
2010-08-30,109.69999695,109.69999695,109.69999695,109.69999695,109.19999695,76.19999695,0,0
2010-08-31,103.69999695,103.69999695,103.69999695,103.69999695,109.69999695,76.19999695,0,0
2010-09-01,110.09999847,110.09999847,110.09999847,110.09999847,109.69999695,76.19999695,0,0
2010-09-02,103.19999695,103.19999695,103.19999695,103.19999695,110.09999847,76.19999695,0,0
2010-09-03,95.30000305,95.30000305,95.30000305,95.30000305,110.09999847,76.19999695,0,0
2010-09-07,98.19999695,98.19999695,98.19999695,98.19999695,110.09999847,76.19999695,0,0
2010-09-08,100.90000153,100.90000153,100.90000153,100.90000153,110.09999847,76.19999695,0,0
2010-09-09,104.90000153,104.90000153,104.90000153,104.90000153,110.09999847,76.19999695,0,0
2010-09-10,107.30000305,107.30000305,107.30000305,107.30000305,110.09999847,81.40000153,0,0
2010-09-13,105.5,105.5,105.5,105.5,110.09999847,84.30000305,0,0
2010-09-14,102.40000153,102.40000153,102.40000153,102.40000153,110.09999847,87.5,0,0
2010-09-15,102.69999695,102.69999695,102.69999695,102.69999695,110.09999847,87.5,0,0
2010-09-16,103.80000305,103.80000305,103.80000305,103.80000305,110.09999847,87.5,0,0
2010-09-17,103.59999847,103.59999847,103.59999847,103.59999847,110.09999847,91,0,0
2010-09-20,103.59999847,103.59999847,103.59999847,103.59999847,110.09999847,93.19999695,0,0
2010-09-21,96.59999847,96.59999847,96.59999847,96.59999847,110.09999847,95.30000305,0,0
2010-09-22,89.80000305,89.80000305,89.80000305,89.80000305,110.09999847,95.30000305,0,0
2010-09-23,88.69999695,88.69999695,88.69999695,88.69999695,110.09999847,89.80000305,0,0
2010-09-24,83.69999695,83.69999695,83.69999695,83.69999695,110.09999847,88.69999695,0,0
2010-09-27,85.69999695,85.69999695,85.69999695,85.69999695,110.09999847,83.69999695,0,0
2010-09-28,84.59999847,84.59999847,84.59999847,84.59999847,110.09999847,83.69999695,0,0
2010-09-29,85.59999847,85.59999847,85.59999847,85.59999847,110.09999847,83.69999695,0,0
2010-09-30,85.09999847,85.09999847,85.09999847,85.09999847,110.09999847,83.69999695,0,0
2010-10-01,86.5,86.5,86.5,86.5,107.30000305,83.69999695,0,0
2010-10-04,96.69999695,96.69999695,96.69999695,96.69999695,107.30000305,83.69999695,0,0
2010-10-05,89.19999695,89.19999695,89.19999695,89.19999695,107.30000305,83.69999695,0,0
2010-10-06,90.40000153,90.40000153,90.40000153,90.40000153,107.30000305,83.69999695,0,0
2010-10-07,87.80000305,87.80000305,87.80000305,87.80000305,107.30000305,83.69999695,0,0
2010-10-08,80.09999847,80.09999847,80.09999847,80.09999847,107.30000305,83.69999695,0,0
2010-10-12,78.30000305,78.30000305,78.30000305,78.30000305,105.5,80.09999847,0,0
2010-10-13,81.30000305,81.30000305,81.30000305,81.30000305,103.80000305,78.30000305,0,0
2010-10-14,84.59999847,84.59999847,84.59999847,84.59999847,103.80000305,78.30000305,0,0
2010-10-15,88.09999847,88.09999847,88.09999847,88.09999847,103.80000305,78.30000305,0,0
2010-10-18,89.5,89.5,89.5,89.5,103.59999847,78.30000305,0,0
2010-10-19,88.59999847,88.59999847,88.59999847,88.59999847,103.59999847,78.30000305,0,0
2010-10-20,87.09999847,87.09999847,87.09999847,87.09999847,96.69999695,78.30000305,0,0
2010-10-21,89.59999847,89.59999847,89.59999847,89.59999847,96.69999695,78.30000305,0,0
2010-10-22,92.40000153,92.40000153,92.40000153,92.40000153,96.69999695,78.30000305,0,0
2010-10-25,90.30000305,90.30000305,90.30000305,90.30000305,96.69999695,78.30000305,0,0
2010-10-26,97.40000153,97.40000153,97.40000153,97.40000153,96.69999695,78.30000305,0,0
2010-10-27,99.90000153,99.90000153,99.90000153,99.90000153,97.40000153,78.30000305,0,0
2010-10-28,98.69999695,98.69999695,98.69999695,98.69999695,99.90000153,78.30000305,0,0
2010-10-29,99.80000305,99.80000305,99.80000305,99.80000305,99.90000153,78.30000305,0,0
2010-11-01,98.69999695,98.69999695,98.69999695,98.69999695,99.90000153,78.30000305,0,0
2010-11-02,98.30000305,98.30000305,98.30000305,98.30000305,99.90000153,78.30000305,0,0
2010-11-03,83.09999847,83.09999847,83.09999847,83.09999847,99.90000153,78.30000305,0,0
2010-11-04,82.09999847,82.09999847,82.09999847,82.09999847,99.90000153,78.30000305,0,0
2010-11-05,81.69999695,81.69999695,81.69999695,81.69999695,99.90000153,78.30000305,0,0
2010-11-08,82.5,82.5,82.5,82.5,99.90000153,78.30000305,0,0
2010-11-09,90.40000153,90.40000153,90.40000153,90.40000153,99.90000153,78.30000305,0,0
2010-11-10,91.59999847,91.59999847,91.59999847,91.59999847,99.90000153,81.30000305,0,0
2010-11-12,97.69999695,97.69999695,97.69999695,97.69999695,99.90000153,81.69999695,0,0
2010-11-15,103.90000153,103.90000153,103.90000153,103.90000153,99.90000153,81.69999695,0,0
2010-11-16,100.80000305,100.80000305,100.80000305,100.80000305,103.90000153,81.69999695,0,0
2010-11-17,95.09999847,95.09999847,95.09999847,95.09999847,103.90000153,81.69999695,0,0
2010-11-18,98.59999847,98.59999847,98.59999847,98.59999847,103.90000153,81.69999695,0,0
2010-11-19,94.5,94.5,94.5,94.5,103.90000153,81.69999695,0,0
2010-11-22,90.59999847,90.59999847,90.59999847,90.59999847,103.90000153,81.69999695,0,0
2010-11-23,90.80000305,90.80000305,90.80000305,90.80000305,103.90000153,81.69999695,0,0
2010-11-24,101,101,101,101,103.90000153,81.69999695,0,0
2010-11-26,100.80000305,100.80000305,100.80000305,100.80000305,103.90000153,81.69999695,0,0
2010-11-29,100.40000153,100.40000153,100.40000153,100.40000153,103.90000153,81.69999695,0,0
2010-11-30,101.90000153,101.90000153,101.90000153,101.90000153,103.90000153,81.69999695,0,0
2010-12-01,110.09999847,110.09999847,110.09999847,110.09999847,103.90000153,81.69999695,0,0
2010-12-02,109.30000305,109.30000305,109.30000305,109.30000305,110.09999847,81.69999695,0,0
2010-12-03,102.69999695,102.69999695,102.69999695,102.69999695,110.09999847,81.69999695,0,0
2010-12-06,98.19999695,98.19999695,98.19999695,98.19999695,110.09999847,81.69999695,0,0
2010-12-07,110.40000153,110.40000153,110.40000153,110.40000153,110.09999847,81.69999695,0,0
2010-12-08,112.09999847,112.09999847,112.09999847,112.09999847,110.40000153,82.5,0,0
2010-12-09,109,109,109,109,112.09999847,90.40000153,0,0
2010-12-10,110.80000305,110.80000305,110.80000305,110.80000305,112.09999847,90.59999847,0,0
2010-12-13,110.40000153,110.40000153,110.40000153,110.40000153,112.09999847,90.59999847,0,0
2010-12-14,118.40000153,118.40000153,118.40000153,118.40000153,112.09999847,90.59999847,0,0
2010-12-15,125.19999695,125.19999695,125.19999695,125.19999695,118.40000153,90.59999847,0,0
2010-12-16,122.69999695,122.69999695,122.69999695,122.69999695,125.19999695,90.59999847,0,0
2010-12-17,119.09999847,119.09999847,119.09999847,119.09999847,125.19999695,90.59999847,0,0
2010-12-20,112.69999695,112.69999695,112.69999695,112.69999695,125.19999695,90.59999847,0,0
2010-12-21,104.19999695,104.19999695,104.19999695,104.19999695,125.19999695,90.59999847,0,0
2010-12-22,106.40000153,106.40000153,106.40000153,106.40000153,125.19999695,90.80000305,0,0
2010-12-23,106.80000305,106.80000305,106.80000305,106.80000305,125.19999695,98.19999695,0,0
2010-12-27,106.09999847,106.09999847,106.09999847,106.09999847,125.19999695,98.19999695,0,0
2010-12-28,110.19999695,110.19999695,110.19999695,110.19999695,125.19999695,98.19999695,0,0
2010-12-29,111.30000305,111.30000305,111.30000305,111.30000305,125.19999695,98.19999695,0,0
2010-12-30,111.30000305,111.30000305,111.30000305,111.30000305,125.19999695,98.19999695,0,0
2010-12-31,110.40000153,110.40000153,110.40000153,110.40000153,125.19999695,98.19999695,0,0
2011-01-03,105.90000153,105.90000153,105.90000153,105.90000153,125.19999695,98.19999695,0,0
2011-01-04,102.80000305,102.80000305,102.80000305,102.80000305,125.19999695,98.19999695,0,0
2011-01-05,116.19999695,116.19999695,116.19999695,116.19999695,125.19999695,102.80000305,0,0
2011-01-06,112.90000153,112.90000153,112.90000153,112.90000153,125.19999695,102.80000305,0,0
2011-01-07,107.5,107.5,107.5,107.5,125.19999695,102.80000305,0,0
2011-01-10,102.5,102.5,102.5,102.5,125.19999695,102.80000305,0,0
2011-01-11,100.30000305,100.30000305,100.30000305,100.30000305,125.19999695,102.5,0,0
2011-01-12,98.30000305,98.30000305,98.30000305,98.30000305,125.19999695,100.30000305,0,0
2011-01-13,96.40000153,96.40000153,96.40000153,96.40000153,125.19999695,98.30000305,0,0
2011-01-14,96.40000153,96.40000153,96.40000153,96.40000153,122.69999695,96.40000153,0,0
2011-01-18,97.59999847,97.59999847,97.59999847,97.59999847,119.09999847,96.40000153,0,0
2011-01-19,93.40000153,93.40000153,93.40000153,93.40000153,116.19999695,96.40000153,0,0
2011-01-20,97.80000305,97.80000305,97.80000305,97.80000305,116.19999695,93.40000153,0,0
2011-01-21,95.30000305,95.30000305,95.30000305,95.30000305,116.19999695,93.40000153,0,0
2011-01-24,93.69999695,93.69999695,93.69999695,93.69999695,116.19999695,93.40000153,0,0
2011-01-25,93.5,93.5,93.5,93.5,116.19999695,93.40000153,0,0
2011-01-26,93.30000305,93.30000305,93.30000305,93.30000305,116.19999695,93.40000153,0,0
2011-01-27,93.19999695,93.19999695,93.19999695,93.19999695,116.19999695,93.30000305,0,0
2011-01-28,90.30000305,90.30000305,90.30000305,90.30000305,116.19999695,93.19999695,0,0
2011-01-31,96.19999695,96.19999695,96.19999695,96.19999695,116.19999695,90.30000305,0,0
2011-02-01,97.19999695,97.19999695,97.19999695,97.19999695,116.19999695,90.30000305,0,0
2011-02-02,102.5,102.5,102.5,102.5,116.19999695,90.30000305,0,0
2011-02-03,102.30000305,102.30000305,102.30000305,102.30000305,116.19999695,90.30000305,0,0
2011-02-04,105.09999847,105.09999847,105.09999847,105.09999847,112.90000153,90.30000305,0,0
2011-02-07,101.40000153,101.40000153,101.40000153,101.40000153,107.5,90.30000305,0,0
2011-02-08,101.19999695,101.19999695,101.19999695,101.19999695,105.09999847,90.30000305,0,0
2011-02-09,99.30000305,99.30000305,99.30000305,99.30000305,105.09999847,90.30000305,0,0
2011-02-10,100.5,100.5,100.5,100.5,105.09999847,90.30000305,0,0
2011-02-11,97.19999695,97.19999695,97.19999695,97.19999695,105.09999847,90.30000305,0,0
2011-02-14,95.59999847,95.59999847,95.59999847,95.59999847,105.09999847,90.30000305,0,0
2011-02-15,94.69999695,94.69999695,94.69999695,94.69999695,105.09999847,90.30000305,0,0
2011-02-16,95.5,95.5,95.5,95.5,105.09999847,90.30000305,0,0
2011-02-17,94.40000153,94.40000153,94.40000153,94.40000153,105.09999847,90.30000305,0,0
2011-02-18,94.30000305,94.30000305,94.30000305,94.30000305,105.09999847,90.30000305,0,0
2011-02-22,97.30000305,97.30000305,97.30000305,97.30000305,105.09999847,90.30000305,0,0
2011-02-23,96.69999695,96.69999695,96.69999695,96.69999695,105.09999847,90.30000305,0,0
2011-02-24,96.90000153,96.90000153,96.90000153,96.90000153,105.09999847,90.30000305,0,0
2011-02-25,93.09999847,93.09999847,93.09999847,93.09999847,105.09999847,90.30000305,0,0
2011-02-28,90.5,90.5,90.5,90.5,105.09999847,90.30000305,0,0
2011-03-01,97.5,97.5,97.5,97.5,105.09999847,90.5,0,0
2011-03-02,96.59999847,96.59999847,96.59999847,96.59999847,105.09999847,90.5,0,0
2011-03-03,100.40000153,100.40000153,100.40000153,100.40000153,105.09999847,90.5,0,0
2011-03-04,94.59999847,94.59999847,94.59999847,94.59999847,105.09999847,90.5,0,0
2011-03-07,94.59999847,94.59999847,94.59999847,94.59999847,105.09999847,90.5,0,0
2011-03-08,91.19999695,91.19999695,91.19999695,91.19999695,101.40000153,90.5,0,0
2011-03-09,90.90000153,90.90000153,90.90000153,90.90000153,101.19999695,90.5,0,0
2011-03-10,94.19999695,94.19999695,94.19999695,94.19999695,100.5,90.5,0,0
2011-03-11,91.69999695,91.69999695,91.69999695,91.69999695,100.5,90.5,0,0
2011-03-14,90.80000305,90.80000305,90.80000305,90.80000305,100.40000153,90.5,0,0
2011-03-15,94.59999847,94.59999847,94.59999847,94.59999847,100.40000153,90.5,0,0
2011-03-16,103.59999847,103.59999847,103.59999847,103.59999847,100.40000153,90.5,0,0
2011-03-17,103.69999695,103.69999695,103.69999695,103.69999695,103.59999847,90.5,0,0
2011-03-18,100.30000305,100.30000305,100.30000305,100.30000305,103.69999695,90.5,0,0
2011-03-21,95.59999847,95.59999847,95.59999847,95.59999847,103.69999695,90.5,0,0
2011-03-22,91.90000153,91.90000153,91.90000153,91.90000153,103.69999695,90.5,0,0
2011-03-23,91.69999695,91.69999695,91.69999695,91.69999695,103.69999695,90.5,0,0
2011-03-24,90.09999847,90.09999847,90.09999847,90.09999847,103.69999695,90.5,0,0
2011-03-25,93.5,93.5,93.5,93.5,103.69999695,90.09999847,0,0
2011-03-28,93.80000305,93.80000305,93.80000305,93.80000305,103.69999695,90.09999847,0,0
2011-03-29,91.80000305,91.80000305,91.80000305,91.80000305,103.69999695,90.09999847,0,0
2011-03-30,89.59999847,89.59999847,89.59999847,89.59999847,103.69999695,90.09999847,0,0
2011-03-31,90.90000153,90.90000153,90.90000153,90.90000153,103.69999695,89.59999847,0,0
2011-04-01,87.5,87.5,87.5,87.5,103.69999695,89.59999847,0,0
2011-04-04,85.40000153,85.40000153,85.40000153,85.40000153,103.69999695,87.5,0,0
2011-04-05,85.09999847,85.09999847,85.09999847,85.09999847,103.69999695,85.40000153,0,0
2011-04-06,89.69999695,89.69999695,89.69999695,89.69999695,103.69999695,85.09999847,0,0
2011-04-07,88.80000305,88.80000305,88.80000305,88.80000305,103.69999695,85.09999847,0,0
2011-04-08,88.5,88.5,88.5,88.5,103.69999695,85.09999847,0,0
2011-04-11,85.80000305,85.80000305,85.80000305,85.80000305,103.69999695,85.09999847,0,0
2011-04-12,85.19999695,85.19999695,85.19999695,85.19999695,103.69999695,85.09999847,0,0
2011-04-13,83.90000153,83.90000153,83.90000153,83.90000153,103.69999695,85.09999847,0,0
2011-04-14,82.19999695,82.19999695,82.19999695,82.19999695,103.69999695,83.90000153,0,0
2011-04-15,81.5,81.5,81.5,81.5,100.30000305,82.19999695,0,0
2011-04-18,82.80000305,82.80000305,82.80000305,82.80000305,95.59999847,81.5,0,0
2011-04-19,80.19999695,80.19999695,80.19999695,80.19999695,93.80000305,81.5,0,0
2011-04-20,77.40000153,77.40000153,77.40000153,77.40000153,93.80000305,80.19999695,0,0
2011-04-21,76.59999847,76.59999847,76.59999847,76.59999847,93.80000305,77.40000153,0,0
2011-04-25,74.80000305,74.80000305,74.80000305,74.80000305,93.80000305,76.59999847,0,0
2011-04-26,81.30000305,81.30000305,81.30000305,81.30000305,93.80000305,74.80000305,0,0
2011-04-27,79.19999695,79.19999695,79.19999695,79.19999695,91.80000305,74.80000305,0,0
2011-04-28,76.80000305,76.80000305,76.80000305,76.80000305,90.90000153,74.80000305,0,0
2011-04-29,76.80000305,76.80000305,76.80000305,76.80000305,90.90000153,74.80000305,0,0
2011-05-02,76.30000305,76.30000305,76.30000305,76.30000305,89.69999695,74.80000305,0,0
2011-05-03,80.09999847,80.09999847,80.09999847,80.09999847,89.69999695,74.80000305,0,0
2011-05-04,80.19999695,80.19999695,80.19999695,80.19999695,89.69999695,74.80000305,0,0
2011-05-05,83.40000153,83.40000153,83.40000153,83.40000153,89.69999695,74.80000305,0,0
2011-05-06,84.09999847,84.09999847,84.09999847,84.09999847,88.80000305,74.80000305,0,0
2011-05-09,82.40000153,82.40000153,82.40000153,82.40000153,88.5,74.80000305,0,0
2011-05-10,80.09999847,80.09999847,80.09999847,80.09999847,85.80000305,74.80000305,0,0
2011-05-11,83.19999695,83.19999695,83.19999695,83.19999695,85.19999695,74.80000305,0,0
2011-05-12,81.90000153,81.90000153,81.90000153,81.90000153,84.09999847,74.80000305,0,0
2011-05-13,82.09999847,82.09999847,82.09999847,82.09999847,84.09999847,74.80000305,0,0
2011-05-16,80.30000305,80.30000305,80.30000305,80.30000305,84.09999847,74.80000305,0,0
2011-05-17,78.09999847,78.09999847,78.09999847,78.09999847,84.09999847,74.80000305,0,0
2011-05-18,77.90000153,77.90000153,77.90000153,77.90000153,84.09999847,74.80000305,0,0
2011-05-19,79.80000305,79.80000305,79.80000305,79.80000305,84.09999847,74.80000305,0,0
2011-05-20,79.80000305,79.80000305,79.80000305,79.80000305,84.09999847,74.80000305,0,0
2011-05-23,78,78,78,78,84.09999847,74.80000305,0,0
2011-05-24,76.69999695,76.69999695,76.69999695,76.69999695,84.09999847,76.30000305,0,0
2011-05-25,75.80000305,75.80000305,75.80000305,75.80000305,84.09999847,76.30000305,0,0
2011-05-26,74.30000305,74.30000305,74.30000305,74.30000305,84.09999847,75.80000305,0,0
2011-05-27,73.90000153,73.90000153,73.90000153,73.90000153,84.09999847,74.30000305,0,0
2011-05-31,71.5,71.5,71.5,71.5,84.09999847,73.90000153,0,0
2011-06-01,72.90000153,72.90000153,72.90000153,72.90000153,84.09999847,71.5,0,0
2011-06-02,76.59999847,76.59999847,76.59999847,76.59999847,84.09999847,71.5,0,0
2011-06-03,75.90000153,75.90000153,75.90000153,75.90000153,84.09999847,71.5,0,0
2011-06-06,75.80000305,75.80000305,75.80000305,75.80000305,84.09999847,71.5,0,0
2011-06-07,73.5,73.5,73.5,73.5,83.19999695,71.5,0,0
2011-06-08,77.5,77.5,77.5,77.5,83.19999695,71.5,0,0
2011-06-09,77.30000305,77.30000305,77.30000305,77.30000305,83.19999695,71.5,0,0
2011-06-10,78.09999847,78.09999847,78.09999847,78.09999847,82.09999847,71.5,0,0
2011-06-13,76.40000153,76.40000153,76.40000153,76.40000153,82.09999847,71.5,0,0
2011-06-14,82.5,82.5,82.5,82.5,80.30000305,71.5,0,0
2011-06-15,85.90000153,85.90000153,85.90000153,85.90000153,82.5,71.5,0,0
2011-06-16,87.90000153,87.90000153,87.90000153,87.90000153,85.90000153,71.5,0,0
2011-06-17,85.30000305,85.30000305,85.30000305,85.30000305,87.90000153,71.5,0,0
2011-06-20,82.5,82.5,82.5,82.5,87.90000153,71.5,0,0
2011-06-21,80.90000153,80.90000153,80.90000153,80.90000153,87.90000153,71.5,0,0
2011-06-22,79,79,79,79,87.90000153,71.5,0,0
2011-06-23,83.59999847,83.59999847,83.59999847,83.59999847,87.90000153,71.5,0,0
2011-06-24,84.80000305,84.80000305,84.80000305,84.80000305,87.90000153,71.5,0,0
2011-06-27,83.80000305,83.80000305,83.80000305,83.80000305,87.90000153,71.5,0,0
2011-06-28,89.40000153,89.40000153,89.40000153,89.40000153,87.90000153,71.5,0,0
2011-06-29,87.19999695,87.19999695,87.19999695,87.19999695,89.40000153,72.90000153,0,0
2011-06-30,88.90000153,88.90000153,88.90000153,88.90000153,89.40000153,73.5,0,0
2011-07-01,90.5,90.5,90.5,90.5,89.40000153,73.5,0,0
2011-07-05,90.69999695,90.69999695,90.69999695,90.69999695,90.5,73.5,0,0
2011-07-06,89,89,89,89,90.69999695,73.5,0,0
2011-07-07,90.40000153,90.40000153,90.40000153,90.40000153,90.69999695,76.40000153,0,0
2011-07-08,85.80000305,85.80000305,85.80000305,85.80000305,90.69999695,76.40000153,0,0
2011-07-11,88.40000153,88.40000153,88.40000153,88.40000153,90.69999695,76.40000153,0,0
2011-07-12,90.30000305,90.30000305,90.30000305,90.30000305,90.69999695,76.40000153,0,0
2011-07-13,88.09999847,88.09999847,88.09999847,88.09999847,90.69999695,79,0,0
2011-07-14,89.09999847,89.09999847,89.09999847,89.09999847,90.69999695,79,0,0
2011-07-15,90.40000153,90.40000153,90.40000153,90.40000153,90.69999695,79,0,0
2011-07-18,89.59999847,89.59999847,89.59999847,89.59999847,90.69999695,79,0,0
2011-07-19,88.80000305,88.80000305,88.80000305,88.80000305,90.69999695,79,0,0
2011-07-20,85.09999847,85.09999847,85.09999847,85.09999847,90.69999695,79,0,0
2011-07-21,89,89,89,89,90.69999695,79,0,0
2011-07-22,84.30000305,84.30000305,84.30000305,84.30000305,90.69999695,83.59999847,0,0
2011-07-25,86.80000305,86.80000305,86.80000305,86.80000305,90.69999695,83.80000305,0,0
2011-07-26,84.80000305,84.80000305,84.80000305,84.80000305,90.69999695,83.80000305,0,0
2011-07-27,89.09999847,89.09999847,89.09999847,89.09999847,90.69999695,84.30000305,0,0
2011-07-28,86.5,86.5,86.5,86.5,90.69999695,84.30000305,0,0
2011-07-29,88,88,88,88,90.69999695,84.30000305,0,0
2011-08-01,84.09999847,84.09999847,84.09999847,84.09999847,90.69999695,84.30000305,0,0
2011-08-02,87.09999847,87.09999847,87.09999847,87.09999847,90.69999695,84.09999847,0,0
2011-08-03,85.5,85.5,85.5,85.5,90.40000153,84.09999847,0,0
2011-08-04,91,91,91,91,90.40000153,84.09999847,0,0
2011-08-05,100.69999695,100.69999695,100.69999695,100.69999695,91,84.09999847,0,0
2011-08-08,117.80000305,117.80000305,117.80000305,117.80000305,100.69999695,84.09999847,0,0
2011-08-09,107.69999695,107.69999695,107.69999695,107.69999695,117.80000305,84.09999847,0,0
2011-08-10,98.90000153,98.90000153,98.90000153,98.90000153,117.80000305,84.09999847,0,0
2011-08-11,107.90000153,107.90000153,107.90000153,107.90000153,117.80000305,84.09999847,0,0
2011-08-12,109.09999847,109.09999847,109.09999847,109.09999847,117.80000305,84.09999847,0,0
2011-08-15,99.80000305,99.80000305,99.80000305,99.80000305,117.80000305,84.09999847,0,0
2011-08-16,92,92,92,92,117.80000305,84.09999847,0,0
2011-08-17,87.80000305,87.80000305,87.80000305,87.80000305,117.80000305,84.09999847,0,0
2011-08-18,95,95,95,95,117.80000305,84.09999847,0,0
2011-08-19,100.30000305,100.30000305,100.30000305,100.30000305,117.80000305,84.09999847,0,0
2011-08-22,104.19999695,104.19999695,104.19999695,104.19999695,117.80000305,84.09999847,0,0
2011-08-23,105.5,105.5,105.5,105.5,117.80000305,84.09999847,0,0
2011-08-24,105.80000305,105.80000305,105.80000305,105.80000305,117.80000305,84.09999847,0,0
2011-08-25,107.69999695,107.69999695,107.69999695,107.69999695,117.80000305,84.09999847,0,0
2011-08-26,101.5,101.5,101.5,101.5,117.80000305,84.09999847,0,0
2011-08-29,98,98,98,98,117.80000305,84.09999847,0,0
2011-08-30,99.19999695,99.19999695,99.19999695,99.19999695,117.80000305,85.5,0,0
2011-08-31,97.90000153,97.90000153,97.90000153,97.90000153,117.80000305,85.5,0,0
2011-09-01,98.80000305,98.80000305,98.80000305,98.80000305,117.80000305,87.80000305,0,0
2011-09-02,99.40000153,99.40000153,99.40000153,99.40000153,117.80000305,87.80000305,0,0
2011-09-06,103.09999847,103.09999847,103.09999847,103.09999847,117.80000305,87.80000305,0,0
2011-09-07,100.59999847,100.59999847,100.59999847,100.59999847,109.09999847,87.80000305,0,0
2011-09-08,99.40000153,99.40000153,99.40000153,99.40000153,109.09999847,87.80000305,0,0
2011-09-09,100.69999695,100.69999695,100.69999695,100.69999695,109.09999847,87.80000305,0,0
2011-09-12,99.19999695,99.19999695,99.19999695,99.19999695,109.09999847,87.80000305,0,0
2011-09-13,97.5,97.5,97.5,97.5,107.69999695,87.80000305,0,0
2011-09-14,96.59999847,96.59999847,96.59999847,96.59999847,107.69999695,87.80000305,0,0
2011-09-15,97.30000305,97.30000305,97.30000305,97.30000305,107.69999695,87.80000305,0,0
2011-09-16,97.59999847,97.59999847,97.59999847,97.59999847,107.69999695,95,0,0
2011-09-19,99.59999847,99.59999847,99.59999847,99.59999847,107.69999695,96.59999847,0,0
2011-09-20,99.90000153,99.90000153,99.90000153,99.90000153,107.69999695,96.59999847,0,0
2011-09-21,93.30000305,93.30000305,93.30000305,93.30000305,107.69999695,96.59999847,0,0
2011-09-22,103.40000153,103.40000153,103.40000153,103.40000153,107.69999695,93.30000305,0,0
2011-09-23,104.5,104.5,104.5,104.5,107.69999695,93.30000305,0,0
2011-09-26,107.40000153,107.40000153,107.40000153,107.40000153,104.5,93.30000305,0,0
2011-09-27,107.30000305,107.30000305,107.30000305,107.30000305,107.40000153,93.30000305,0,0
2011-09-28,103.09999847,103.09999847,103.09999847,103.09999847,107.40000153,93.30000305,0,0
2011-09-29,100.40000153,100.40000153,100.40000153,100.40000153,107.40000153,93.30000305,0,0
2011-09-30,100.59999847,100.59999847,100.59999847,100.59999847,107.40000153,93.30000305,0,0
2011-10-03,105.69999695,105.69999695,105.69999695,105.69999695,107.40000153,93.30000305,0,0
2011-10-04,109,109,109,109,107.40000153,93.30000305,0,0
2011-10-05,108.90000153,108.90000153,108.90000153,108.90000153,109,93.30000305,0,0
2011-10-06,108.69999695,108.69999695,108.69999695,108.69999695,109,93.30000305,0,0
2011-10-07,106.40000153,106.40000153,106.40000153,106.40000153,109,93.30000305,0,0
2011-10-11,106.80000305,106.80000305,106.80000305,106.80000305,109,93.30000305,0,0
2011-10-12,108.30000305,108.30000305,108.30000305,108.30000305,109,93.30000305,0,0
2011-10-13,106.80000305,106.80000305,106.80000305,106.80000305,109,93.30000305,0,0
2011-10-14,109.19999695,109.19999695,109.19999695,109.19999695,109,93.30000305,0,0
2011-10-17,108.40000153,108.40000153,108.40000153,108.40000153,109.19999695,93.30000305,0,0
2011-10-18,107.5,107.5,107.5,107.5,109.19999695,93.30000305,0,0
2011-10-19,105,105,105,105,109.19999695,93.30000305,0,0
2011-10-20,105.90000153,105.90000153,105.90000153,105.90000153,109.19999695,93.30000305,0,0
2011-10-21,107.5,107.5,107.5,107.5,109.19999695,100.40000153,0,0
2011-10-24,103.59999847,103.59999847,103.59999847,103.59999847,109.19999695,100.40000153,0,0
2011-10-25,102.09999847,102.09999847,102.09999847,102.09999847,109.19999695,100.40000153,0,0
2011-10-26,105.19999695,105.19999695,105.19999695,105.19999695,109.19999695,100.40000153,0,0
2011-10-27,108.09999847,108.09999847,108.09999847,108.09999847,109.19999695,100.40000153,0,0
2011-10-28,107.40000153,107.40000153,107.40000153,107.40000153,109.19999695,100.40000153,0,0
2011-10-31,107.19999695,107.19999695,107.19999695,107.19999695,109.19999695,100.59999847,0,0
2011-11-01,116,116,116,116,109.19999695,102.09999847,0,0
2011-11-02,111.90000153,111.90000153,111.90000153,111.90000153,116,102.09999847,0,0
2011-11-03,109.19999695,109.19999695,109.19999695,109.19999695,116,102.09999847,0,0
2011-11-04,106.59999847,106.59999847,106.59999847,106.59999847,116,102.09999847,0,0
2011-11-07,106.30000305,106.30000305,106.30000305,106.30000305,116,102.09999847,0,0
2011-11-08,105.59999847,105.59999847,105.59999847,105.59999847,116,102.09999847,0,0
2011-11-09,111.80000305,111.80000305,111.80000305,111.80000305,116,102.09999847,0,0
2011-11-10,113.69999695,113.69999695,113.69999695,113.69999695,116,102.09999847,0,0
2011-11-14,113.09999847,113.09999847,113.09999847,113.09999847,116,102.09999847,0,0
2011-11-15,108.59999847,108.59999847,108.59999847,108.59999847,116,102.09999847,0,0
2011-11-16,106.09999847,106.09999847,106.09999847,106.09999847,116,102.09999847,0,0
2011-11-17,111.69999695,111.69999695,111.69999695,111.69999695,116,102.09999847,0,0
2011-11-18,109.80000305,109.80000305,109.80000305,109.80000305,116,102.09999847,0,0
2011-11-21,107.5,107.5,107.5,107.5,116,102.09999847,0,0
2011-11-22,103.59999847,103.59999847,103.59999847,103.59999847,116,102.09999847,0,0
2011-11-23,104.69999695,104.69999695,104.69999695,104.69999695,116,102.09999847,0,0
2011-11-25,102.30000305,102.30000305,102.30000305,102.30000305,116,103.59999847,0,0
2011-11-28,102.80000305,102.80000305,102.80000305,102.80000305,116,102.30000305,0,0
2011-11-29,103.09999847,103.09999847,103.09999847,103.09999847,116,102.30000305,0,0
2011-11-30,99.69999695,99.69999695,99.69999695,99.69999695,116,102.30000305,0,0
2011-12-01,100.80000305,100.80000305,100.80000305,100.80000305,116,99.69999695,0,0
2011-12-02,98.59999847,98.59999847,98.59999847,98.59999847,113.69999695,99.69999695,0,0
2011-12-05,94,94,94,94,113.69999695,98.59999847,0,0
2011-12-06,93,93,93,93,113.69999695,94,0,0
2011-12-07,94.30000305,94.30000305,94.30000305,94.30000305,113.69999695,93,0,0
2011-12-08,95,95,95,95,113.69999695,93,0,0
2011-12-09,99.90000153,99.90000153,99.90000153,99.90000153,113.69999695,93,0,0
2011-12-12,95.80000305,95.80000305,95.80000305,95.80000305,113.69999695,93,0,0
2011-12-13,90.30000305,90.30000305,90.30000305,90.30000305,113.09999847,93,0,0
2011-12-14,91.69999695,91.69999695,91.69999695,91.69999695,111.69999695,90.30000305,0,0
2011-12-15,87.19999695,87.19999695,87.19999695,87.19999695,111.69999695,90.30000305,0,0
2011-12-16,89.40000153,89.40000153,89.40000153,89.40000153,111.69999695,87.19999695,0,0
2011-12-19,87.59999847,87.59999847,87.59999847,87.59999847,109.80000305,87.19999695,0,0
2011-12-20,92.30000305,92.30000305,92.30000305,92.30000305,107.5,87.19999695,0,0
2011-12-21,91.80000305,91.80000305,91.80000305,91.80000305,104.69999695,87.19999695,0,0
2011-12-22,90.19999695,90.19999695,90.19999695,90.19999695,104.69999695,87.19999695,0,0
2011-12-23,94.19999695,94.19999695,94.19999695,94.19999695,103.09999847,87.19999695,0,0
2011-12-27,94.80000305,94.80000305,94.80000305,94.80000305,103.09999847,87.19999695,0,0
2011-12-28,95.09999847,95.09999847,95.09999847,95.09999847,103.09999847,87.19999695,0,0
2011-12-29,94.09999847,94.09999847,94.09999847,94.09999847,100.80000305,87.19999695,0,0
2011-12-30,91.09999847,91.09999847,91.09999847,91.09999847,100.80000305,87.19999695,0,0
2012-01-03,90.69999695,90.69999695,90.69999695,90.69999695,99.90000153,87.19999695,0,0
2012-01-04,88.90000153,88.90000153,88.90000153,88.90000153,99.90000153,87.19999695,0,0
2012-01-05,87.90000153,87.90000153,87.90000153,87.90000153,99.90000153,87.19999695,0,0
2012-01-06,81.69999695,81.69999695,81.69999695,81.69999695,99.90000153,87.19999695,0,0
2012-01-09,78.59999847,78.59999847,78.59999847,78.59999847,99.90000153,81.69999695,0,0
2012-01-10,80.19999695,80.19999695,80.19999695,80.19999695,99.90000153,78.59999847,0,0
2012-01-11,78.19999695,78.19999695,78.19999695,78.19999695,95.80000305,78.59999847,0,0
2012-01-12,77.09999847,77.09999847,77.09999847,77.09999847,95.09999847,78.19999695,0,0
2012-01-13,79.19999695,79.19999695,79.19999695,79.19999695,95.09999847,77.09999847,0,0
2012-01-17,75.59999847,75.59999847,75.59999847,75.59999847,95.09999847,77.09999847,0,0
2012-01-18,75,75,75,75,95.09999847,75.59999847,0,0
2012-01-19,80,80,80,80,95.09999847,75,0,0
2012-01-20,84.59999847,84.59999847,84.59999847,84.59999847,95.09999847,75,0,0
2012-01-23,85.80000305,85.80000305,85.80000305,85.80000305,95.09999847,75,0,0
2012-01-24,81.59999847,81.59999847,81.59999847,81.59999847,95.09999847,75,0,0
2012-01-25,76.69999695,76.69999695,76.69999695,76.69999695,95.09999847,75,0,0
2012-01-26,75.90000153,75.90000153,75.90000153,75.90000153,95.09999847,75,0,0
2012-01-27,75.40000153,75.40000153,75.40000153,75.40000153,95.09999847,75,0,0
2012-01-30,72.40000153,72.40000153,72.40000153,72.40000153,94.09999847,75,0,0
2012-01-31,72.09999847,72.09999847,72.09999847,72.09999847,91.09999847,72.40000153,0,0
2012-02-01,72.69999695,72.69999695,72.69999695,72.69999695,90.69999695,72.09999847,0,0
2012-02-02,70.19999695,70.19999695,70.19999695,70.19999695,88.90000153,72.09999847,0,0
2012-02-03,76.69999695,76.69999695,76.69999695,76.69999695,87.90000153,70.19999695,0,0
2012-02-06,72.30000305,72.30000305,72.30000305,72.30000305,85.80000305,70.19999695,0,0
2012-02-07,79.30000305,79.30000305,79.30000305,79.30000305,85.80000305,70.19999695,0,0
2012-02-08,79,79,79,79,85.80000305,70.19999695,0,0
2012-02-09,83.19999695,83.19999695,83.19999695,83.19999695,85.80000305,70.19999695,0,0
2012-02-10,80.69999695,80.69999695,80.69999695,80.69999695,85.80000305,70.19999695,0,0
2012-02-13,78.80000305,78.80000305,78.80000305,78.80000305,85.80000305,70.19999695,0,0
2012-02-14,79,79,79,79,85.80000305,70.19999695,0,0
2012-02-15,76.59999847,76.59999847,76.59999847,76.59999847,85.80000305,70.19999695,0,0
2012-02-16,80.09999847,80.09999847,80.09999847,80.09999847,85.80000305,70.19999695,0,0
2012-02-17,81.5,81.5,81.5,81.5,85.80000305,70.19999695,0,0
2012-02-21,79.30000305,79.30000305,79.30000305,79.30000305,85.80000305,70.19999695,0,0
2012-02-22,79.59999847,79.59999847,79.59999847,79.59999847,83.19999695,70.19999695,0,0
2012-02-23,79,79,79,79,83.19999695,70.19999695,0,0
2012-02-24,77.09999847,77.09999847,77.09999847,77.09999847,83.19999695,70.19999695,0,0
2012-02-27,74.80000305,74.80000305,74.80000305,74.80000305,83.19999695,70.19999695,0,0
2012-02-28,73.90000153,73.90000153,73.90000153,73.90000153,83.19999695,70.19999695,0,0
2012-02-29,75.90000153,75.90000153,75.90000153,75.90000153,83.19999695,70.19999695,0,0
2012-03-01,77.40000153,77.40000153,77.40000153,77.40000153,83.19999695,70.19999695,0,0
2012-03-02,76,76,76,76,83.19999695,70.19999695,0,0
2012-03-05,75,75,75,75,83.19999695,72.30000305,0,0
2012-03-06,75.80000305,75.80000305,75.80000305,75.80000305,83.19999695,72.30000305,0,0
2012-03-07,75.09999847,75.09999847,75.09999847,75.09999847,83.19999695,73.90000153,0,0
2012-03-08,76.59999847,76.59999847,76.59999847,76.59999847,83.19999695,73.90000153,0,0
2012-03-09,73.19999695,73.19999695,73.19999695,73.19999695,83.19999695,73.90000153,0,0
2012-03-12,69.90000153,69.90000153,69.90000153,69.90000153,81.5,73.19999695,0,0
2012-03-13,73.80000305,73.80000305,73.80000305,73.80000305,81.5,69.90000153,0,0
2012-03-14,89.69999695,89.69999695,89.69999695,89.69999695,81.5,69.90000153,0,0
2012-03-15,83.40000153,83.40000153,83.40000153,83.40000153,89.69999695,69.90000153,0,0
2012-03-16,84.90000153,84.90000153,84.90000153,84.90000153,89.69999695,69.90000153,0,0
2012-03-19,92.30000305,92.30000305,92.30000305,92.30000305,89.69999695,69.90000153,0,0
2012-03-20,93.30000305,93.30000305,93.30000305,93.30000305,92.30000305,69.90000153,0,0
2012-03-21,89.5,89.5,89.5,89.5,93.30000305,69.90000153,0,0
2012-03-22,87.09999847,87.09999847,87.09999847,87.09999847,93.30000305,69.90000153,0,0
2012-03-23,86.19999695,86.19999695,86.19999695,86.19999695,93.30000305,69.90000153,0,0
2012-03-26,85.59999847,85.59999847,85.59999847,85.59999847,93.30000305,69.90000153,0,0
2012-03-27,80.69999695,80.69999695,80.69999695,80.69999695,93.30000305,69.90000153,0,0
2012-03-28,77.40000153,77.40000153,77.40000153,77.40000153,93.30000305,69.90000153,0,0
2012-03-29,75.19999695,75.19999695,75.19999695,75.19999695,93.30000305,69.90000153,0,0
2012-03-30,78.59999847,78.59999847,78.59999847,78.59999847,93.30000305,69.90000153,0,0
2012-04-02,75.59999847,75.59999847,75.59999847,75.59999847,93.30000305,69.90000153,0,0
2012-04-03,84.30000305,84.30000305,84.30000305,84.30000305,93.30000305,69.90000153,0,0
2012-04-04,84.59999847,84.59999847,84.59999847,84.59999847,93.30000305,69.90000153,0,0
2012-04-05,83.69999695,83.69999695,83.69999695,83.69999695,93.30000305,69.90000153,0,0
2012-04-09,76.19999695,76.19999695,76.19999695,76.19999695,93.30000305,69.90000153,0,0
2012-04-10,75.09999847,75.09999847,75.09999847,75.09999847,93.30000305,69.90000153,0,0
2012-04-11,76.30000305,76.30000305,76.30000305,76.30000305,93.30000305,73.80000305,0,0
2012-04-12,73.5,73.5,73.5,73.5,93.30000305,75.09999847,0,0
2012-04-13,72.59999847,72.59999847,72.59999847,72.59999847,93.30000305,73.5,0,0
2012-04-16,72.90000153,72.90000153,72.90000153,72.90000153,93.30000305,72.59999847,0,0
2012-04-17,73.90000153,73.90000153,73.90000153,73.90000153,93.30000305,72.59999847,0,0
2012-04-18,72.5,72.5,72.5,72.5,93.30000305,72.59999847,0,0
2012-04-19,72.19999695,72.19999695,72.19999695,72.19999695,89.5,72.5,0,0
2012-04-20,71.40000153,71.40000153,71.40000153,71.40000153,87.09999847,72.19999695,0,0
2012-04-23,70.90000153,70.90000153,70.90000153,70.90000153,86.19999695,71.40000153,0,0
2012-04-24,71.90000153,71.90000153,71.90000153,71.90000153,85.59999847,70.90000153,0,0
2012-04-25,70.59999847,70.59999847,70.59999847,70.59999847,84.59999847,70.90000153,0,0
2012-04-26,65.19999695,65.19999695,65.19999695,65.19999695,84.59999847,70.59999847,0,0
2012-04-27,64.09999847,64.09999847,64.09999847,64.09999847,84.59999847,65.19999695,0,0
2012-04-30,62.90000153,62.90000153,62.90000153,62.90000153,84.59999847,64.09999847,0,0
2012-05-01,67,67,67,67,84.59999847,62.90000153,0,0
2012-05-02,65.09999847,65.09999847,65.09999847,65.09999847,84.59999847,62.90000153,0,0
2012-05-03,63.29999924,63.29999924,63.29999924,63.29999924,84.59999847,62.90000153,0,0
2012-05-04,57.79999924,57.79999924,57.79999924,57.79999924,83.69999695,62.90000153,0,0
2012-05-07,56.70000076,56.70000076,56.70000076,56.70000076,76.30000305,57.79999924,0,0
2012-05-08,57.70000076,57.70000076,57.70000076,57.70000076,76.30000305,56.70000076,0,0
2012-05-09,58.70000076,58.70000076,58.70000076,58.70000076,76.30000305,56.70000076,0,0
2012-05-10,57.59999847,57.59999847,57.59999847,57.59999847,73.90000153,56.70000076,0,0
2012-05-11,61.5,61.5,61.5,61.5,73.90000153,56.70000076,0,0
2012-05-14,70.30000305,70.30000305,70.30000305,70.30000305,73.90000153,56.70000076,0,0
2012-05-15,67.69999695,67.69999695,67.69999695,67.69999695,73.90000153,56.70000076,0,0
2012-05-16,67,67,67,67,72.5,56.70000076,0,0
2012-05-17,70.59999847,70.59999847,70.59999847,70.59999847,72.19999695,56.70000076,0,0
2012-05-18,70.59999847,70.59999847,70.59999847,70.59999847,71.90000153,56.70000076,0,0
2012-05-21,69.09999847,69.09999847,69.09999847,69.09999847,71.90000153,56.70000076,0,0
2012-05-22,70.80000305,70.80000305,70.80000305,70.80000305,71.90000153,56.70000076,0,0
2012-05-23,73.69999695,73.69999695,73.69999695,73.69999695,70.80000305,56.70000076,0,0
2012-05-24,73.09999847,73.09999847,73.09999847,73.09999847,73.69999695,56.70000076,0,0
2012-05-25,71.19999695,71.19999695,71.19999695,71.19999695,73.69999695,56.70000076,0,0
2012-05-29,68.90000153,68.90000153,68.90000153,68.90000153,73.69999695,56.70000076,0,0
2012-05-30,73,73,73,73,73.69999695,56.70000076,0,0
2012-05-31,74.40000153,74.40000153,74.40000153,74.40000153,73.69999695,56.70000076,0,0
2012-06-01,80.59999847,80.59999847,80.59999847,80.59999847,74.40000153,56.70000076,0,0
2012-06-04,86.5,86.5,86.5,86.5,80.59999847,56.70000076,0,0
2012-06-05,84.59999847,84.59999847,84.59999847,84.59999847,86.5,56.70000076,0,0
2012-06-06,87.69999695,87.69999695,87.69999695,87.69999695,86.5,57.59999847,0,0
2012-06-07,82.09999847,82.09999847,82.09999847,82.09999847,87.69999695,57.59999847,0,0
2012-06-08,86,86,86,86,87.69999695,57.59999847,0,0
2012-06-11,86.5,86.5,86.5,86.5,87.69999695,61.5,0,0
2012-06-12,88.5,88.5,88.5,88.5,87.69999695,67,0,0
2012-06-13,89.30000305,89.30000305,89.30000305,89.30000305,88.5,67,0,0
2012-06-14,91.5,91.5,91.5,91.5,89.30000305,67,0,0
2012-06-15,95.40000153,95.40000153,95.40000153,95.40000153,91.5,68.90000153,0,0
2012-06-18,85.69999695,85.69999695,85.69999695,85.69999695,95.40000153,68.90000153,0,0
2012-06-19,84.69999695,84.69999695,84.69999695,84.69999695,95.40000153,68.90000153,0,0
2012-06-20,77.69999695,77.69999695,77.69999695,77.69999695,95.40000153,68.90000153,0,0
2012-06-21,76.19999695,76.19999695,76.19999695,76.19999695,95.40000153,68.90000153,0,0
2012-06-22,75.09999847,75.09999847,75.09999847,75.09999847,95.40000153,68.90000153,0,0
2012-06-25,72.80000305,72.80000305,72.80000305,72.80000305,95.40000153,68.90000153,0,0
2012-06-26,71.09999847,71.09999847,71.09999847,71.09999847,95.40000153,68.90000153,0,0
2012-06-27,70.19999695,70.19999695,70.19999695,70.19999695,95.40000153,71.09999847,0,0
2012-06-28,70.19999695,70.19999695,70.19999695,70.19999695,95.40000153,70.19999695,0,0
2012-06-29,73.19999695,73.19999695,73.19999695,73.19999695,95.40000153,70.19999695,0,0
2012-07-02,71.59999847,71.59999847,71.59999847,71.59999847,95.40000153,70.19999695,0,0
2012-07-03,72.40000153,72.40000153,72.40000153,72.40000153,95.40000153,70.19999695,0,0
2012-07-05,71.30000305,71.30000305,71.30000305,71.30000305,95.40000153,70.19999695,0,0
2012-07-06,66.80000305,66.80000305,66.80000305,66.80000305,95.40000153,70.19999695,0,0
2012-07-09,63.40000153,63.40000153,63.40000153,63.40000153,95.40000153,66.80000305,0,0
2012-07-10,63.29999924,63.29999924,63.29999924,63.29999924,95.40000153,63.40000153,0,0
2012-07-11,63.79999924,63.79999924,63.79999924,63.79999924,95.40000153,63.29999924,0,0
2012-07-12,63.40000153,63.40000153,63.40000153,63.40000153,95.40000153,63.29999924,0,0
2012-07-13,63.29999924,63.29999924,63.29999924,63.29999924,95.40000153,63.29999924,0,0
2012-07-16,62.79999924,62.79999924,62.79999924,62.79999924,95.40000153,63.29999924,0,0
2012-07-17,64.19999695,64.19999695,64.19999695,64.19999695,85.69999695,62.79999924,0,0
2012-07-18,61.90000153,61.90000153,61.90000153,61.90000153,84.69999695,62.79999924,0,0
2012-07-19,61.20000076,61.20000076,61.20000076,61.20000076,77.69999695,61.90000153,0,0
2012-07-20,61.29999924,61.29999924,61.29999924,61.29999924,76.19999695,61.20000076,0,0
2012-07-23,61.59999847,61.59999847,61.59999847,61.59999847,75.09999847,61.20000076,0,0
2012-07-24,62.90000153,62.90000153,62.90000153,62.90000153,73.19999695,61.20000076,0,0
2012-07-25,63.09999847,63.09999847,63.09999847,63.09999847,73.19999695,61.20000076,0,0
2012-07-26,62.59999847,62.59999847,62.59999847,62.59999847,73.19999695,61.20000076,0,0
2012-07-27,69.69999695,69.69999695,69.69999695,69.69999695,73.19999695,61.20000076,0,0
2012-07-30,68.40000153,68.40000153,68.40000153,68.40000153,73.19999695,61.20000076,0,0
2012-07-31,69.80000305,69.80000305,69.80000305,69.80000305,72.40000153,61.20000076,0,0
2012-08-01,74.09999847,74.09999847,74.09999847,74.09999847,72.40000153,61.20000076,0,0
2012-08-02,69.40000153,69.40000153,69.40000153,69.40000153,74.09999847,61.20000076,0,0
2012-08-03,71.90000153,71.90000153,71.90000153,71.90000153,74.09999847,61.20000076,0,0
2012-08-06,69.69999695,69.69999695,69.69999695,69.69999695,74.09999847,61.20000076,0,0
2012-08-07,73.90000153,73.90000153,73.90000153,73.90000153,74.09999847,61.20000076,0,0
2012-08-08,75.19999695,75.19999695,75.19999695,75.19999695,74.09999847,61.20000076,0,0
2012-08-09,73.69999695,73.69999695,73.69999695,73.69999695,75.19999695,61.20000076,0,0
2012-08-10,70.09999847,70.09999847,70.09999847,70.09999847,75.19999695,61.20000076,0,0
2012-08-13,67.19999695,67.19999695,67.19999695,67.19999695,75.19999695,61.20000076,0,0
2012-08-14,67.90000153,67.90000153,67.90000153,67.90000153,75.19999695,61.20000076,0,0
2012-08-15,73,73,73,73,75.19999695,61.20000076,0,0
2012-08-16,77.09999847,77.09999847,77.09999847,77.09999847,75.19999695,61.20000076,0,0
2012-08-17,74,74,74,74,77.09999847,61.29999924,0,0
2012-08-20,70.19999695,70.19999695,70.19999695,70.19999695,77.09999847,61.59999847,0,0
2012-08-21,70,70,70,70,77.09999847,62.59999847,0,0
2012-08-22,66.80000305,66.80000305,66.80000305,66.80000305,77.09999847,62.59999847,0,0
2012-08-23,65.5,65.5,65.5,65.5,77.09999847,62.59999847,0,0
2012-08-24,66.40000153,66.40000153,66.40000153,66.40000153,77.09999847,65.5,0,0
2012-08-27,66.30000305,66.30000305,66.30000305,66.30000305,77.09999847,65.5,0,0
2012-08-28,64.30000305,64.30000305,64.30000305,64.30000305,77.09999847,65.5,0,0
2012-08-29,64.90000153,64.90000153,64.90000153,64.90000153,77.09999847,64.30000305,0,0
2012-08-30,68,68,68,68,77.09999847,64.30000305,0,0
2012-08-31,68.69999695,68.69999695,68.69999695,68.69999695,77.09999847,64.30000305,0,0
2012-09-04,67.09999847,67.09999847,67.09999847,67.09999847,77.09999847,64.30000305,0,0
2012-09-05,68.5,68.5,68.5,68.5,77.09999847,64.30000305,0,0
2012-09-06,71,71,71,71,77.09999847,64.30000305,0,0
2012-09-07,68.40000153,68.40000153,68.40000153,68.40000153,77.09999847,64.30000305,0,0
2012-09-10,68.19999695,68.19999695,68.19999695,68.19999695,77.09999847,64.30000305,0,0
2012-09-11,67.90000153,67.90000153,67.90000153,67.90000153,77.09999847,64.30000305,0,0
2012-09-12,69.90000153,69.90000153,69.90000153,69.90000153,77.09999847,64.30000305,0,0
2012-09-13,65.40000153,65.40000153,65.40000153,65.40000153,77.09999847,64.30000305,0,0
2012-09-14,68.30000305,68.30000305,68.30000305,68.30000305,77.09999847,64.30000305,0,0
2012-09-17,64.40000153,64.40000153,64.40000153,64.40000153,74,64.30000305,0,0
2012-09-18,59.79999924,59.79999924,59.79999924,59.79999924,71,64.30000305,0,0
2012-09-19,57.5,57.5,57.5,57.5,71,59.79999924,0,0
2012-09-20,59.70000076,59.70000076,59.70000076,59.70000076,71,57.5,0,0
2012-09-21,59.59999847,59.59999847,59.59999847,59.59999847,71,57.5,0,0
2012-09-24,57.5,57.5,57.5,57.5,71,57.5,0,0
2012-09-25,57.59999847,57.59999847,57.59999847,57.59999847,71,57.5,0,0
2012-09-26,58.5,58.5,58.5,58.5,71,57.5,0,0
2012-09-27,61.08000183,61.08000183,61.08000183,61.08000183,71,57.5,0,0
2012-09-28,60.47000122,60.47000122,60.47000122,60.47000122,71,57.5,0,0
2012-10-01,59.40000153,59.40000153,59.40000153,59.40000153,71,57.5,0,0
2012-10-02,60.40000153,60.40000153,60.40000153,60.40000153,71,57.5,0,0
2012-10-03,59.20000076,59.20000076,59.20000076,59.20000076,71,57.5,0,0
2012-10-04,59.79999924,59.79999924,59.79999924,59.79999924,71,57.5,0,0
2012-10-05,60.40000153,60.40000153,60.40000153,60.40000153,69.90000153,57.5,0,0
2012-10-09,59.29999924,59.29999924,59.29999924,59.29999924,69.90000153,57.5,0,0
2012-10-10,59.59999847,59.59999847,59.59999847,59.59999847,69.90000153,57.5,0,0
2012-10-11,61.40000153,61.40000153,61.40000153,61.40000153,69.90000153,57.5,0,0
2012-10-12,61.40000153,61.40000153,61.40000153,61.40000153,68.30000305,57.5,0,0
2012-10-15,63,63,63,63,68.30000305,57.5,0,0
2012-10-16,64.80000305,64.80000305,64.80000305,64.80000305,64.40000153,57.5,0,0
2012-10-17,68.69999695,68.69999695,68.69999695,68.69999695,64.80000305,57.5,0,0
2012-10-18,69,69,69,69,68.69999695,57.5,0,0
2012-10-19,68.5,68.5,68.5,68.5,69,57.5,0,0
2012-10-22,69.80000305,69.80000305,69.80000305,69.80000305,69,57.5,0,0
2012-10-23,68.90000153,68.90000153,68.90000153,68.90000153,69.80000305,57.5,0,0
2012-10-24,67.09999847,67.09999847,67.09999847,67.09999847,69.80000305,57.59999847,0,0
2012-10-25,73.09999847,73.09999847,73.09999847,73.09999847,69.80000305,58.5,0,0
2012-10-26,73,73,73,73,73.09999847,59.20000076,0,0
2012-10-29,71.09999847,71.09999847,71.09999847,71.09999847,73.09999847,59.20000076,0,0
2012-10-31,71.43000031,71.43000031,71.43000031,71.43000031,73.09999847,59.20000076,0,0
2012-11-01,72,72,72,72,73.09999847,59.20000076,0,0
2012-11-02,72.30000305,72.30000305,72.30000305,72.30000305,73.09999847,59.20000076,0,0
2012-11-05,68.61000061,68.61000061,68.61000061,68.61000061,73.09999847,59.29999924,0,0
2012-11-06,69.30000305,69.30000305,69.30000305,69.30000305,73.09999847,59.29999924,0,0
2012-11-07,60.90000153,60.90000153,60.90000153,60.90000153,73.09999847,59.29999924,0,0
2012-11-08,59.09999847,59.09999847,59.09999847,59.09999847,73.09999847,59.59999847,0,0
2012-11-09,59.09999847,59.09999847,59.09999847,59.09999847,73.09999847,59.09999847,0,0
2012-11-13,57.29999924,57.29999924,57.29999924,57.29999924,73.09999847,59.09999847,0,0
2012-11-14,56.84000015,56.84000015,56.84000015,56.84000015,73.09999847,57.29999924,0,0
2012-11-15,55.59999847,55.59999847,55.59999847,55.59999847,73.09999847,56.84000015,0,0
2012-11-16,54.97999954,54.97999954,54.97999954,54.97999954,73.09999847,55.59999847,0,0
2012-11-19,54.70000076,54.70000076,54.70000076,54.70000076,73.09999847,54.97999954,0,0
2012-11-20,53.70000076,53.70000076,53.70000076,53.70000076,73.09999847,54.70000076,0,0
2012-11-21,53.90000153,53.90000153,53.90000153,53.90000153,73.09999847,53.70000076,0,0
2012-11-27,51.70000076,51.70000076,51.70000076,51.70000076,73.09999847,53.70000076,0,0
2012-11-28,52.29999924,52.29999924,52.29999924,52.29999924,73.09999847,51.70000076,0,0
2012-11-29,51.70000076,51.70000076,51.70000076,51.70000076,73.09999847,51.70000076,0,0
2012-11-30,51.79999924,51.79999924,51.79999924,51.79999924,73,51.70000076,0,0
2012-12-03,51.02000046,51.02000046,51.02000046,51.02000046,72.30000305,51.70000076,0,0
2012-12-04,51.70000076,51.70000076,51.70000076,51.70000076,72.30000305,51.02000046,0,0
2012-12-05,52.29999924,52.29999924,52.29999924,52.29999924,72.30000305,51.02000046,0,0
2012-12-06,53.29999924,53.29999924,53.29999924,53.29999924,72.30000305,51.02000046,0,0
2012-12-10,52.25,52.25,52.25,52.25,69.30000305,51.02000046,0,0
2012-12-11,51.59999847,51.59999847,51.59999847,51.59999847,69.30000305,51.02000046,0,0
2012-12-12,53.59999847,53.59999847,53.59999847,53.59999847,60.90000153,51.02000046,0,0
2012-12-14,52.79999924,52.79999924,52.79999924,52.79999924,59.09999847,51.02000046,0,0
2012-12-17,57.09999847,57.09999847,57.09999847,57.09999847,59.09999847,51.02000046,0,0
2012-12-18,63,63,63,63,57.29999924,51.02000046,0,0
2012-12-19,57.79999924,57.79999924,57.79999924,57.79999924,63,51.02000046,0,0
2012-12-20,54.40000153,54.40000153,54.40000153,54.40000153,63,51.02000046,0,0
2012-12-21,55.29999924,55.29999924,55.29999924,55.29999924,63,51.02000046,0,0
2012-12-24,54.90000153,54.90000153,54.90000153,54.90000153,63,51.02000046,0,0
2012-12-26,54.5,54.5,54.5,54.5,63,51.02000046,0,0
2012-12-27,55,55,55,55,63,51.02000046,0,0
2012-12-28,56.70000076,56.70000076,56.70000076,56.70000076,63,51.02000046,0,0
2012-12-31,59.40000153,59.40000153,59.40000153,59.40000153,63,51.02000046,0,0
2013-01-02,61.09999847,61.09999847,61.09999847,61.09999847,63,51.02000046,0,0
2013-01-03,63.5,63.5,63.5,63.5,63,51.02000046,0,0
2013-01-04,62,62,62,62,63.5,51.02000046,0,0
2013-01-07,59.90000153,59.90000153,59.90000153,59.90000153,63.5,51.59999847,0,0
2013-01-08,58.59999847,58.59999847,58.59999847,58.59999847,63.5,51.59999847,0,0
2013-01-09,56.29999924,56.29999924,56.29999924,56.29999924,63.5,51.59999847,0,0
2013-01-10,58.20000076,58.20000076,58.20000076,58.20000076,63.5,51.59999847,0,0
2013-01-11,59.20000076,59.20000076,59.20000076,59.20000076,63.5,51.59999847,0,0
2013-01-14,55.79999924,55.79999924,55.79999924,55.79999924,63.5,52.79999924,0,0
2013-01-15,53.09999847,53.09999847,53.09999847,53.09999847,63.5,52.79999924,0,0
2013-01-16,53.20000076,53.20000076,53.20000076,53.20000076,63.5,53.09999847,0,0
2013-01-17,56.90000153,56.90000153,56.90000153,56.90000153,63.5,53.09999847,0,0
2013-01-18,55.84999847,55.84999847,55.84999847,55.84999847,63.5,53.09999847,0,0
2013-01-22,61.88999939,61.88999939,61.88999939,61.88999939,63.5,53.09999847,0,0
2013-01-23,53.59999847,53.59999847,53.59999847,53.59999847,63.5,53.09999847,0,0
2013-01-24,55.29999924,55.29999924,55.29999924,55.29999924,63.5,53.09999847,0,0
2013-01-25,66.19999695,66.19999695,66.19999695,66.19999695,63.5,53.09999847,0,0
2013-01-28,63.70000076,63.70000076,63.70000076,63.70000076,66.19999695,53.09999847,0,0
2013-01-29,62.40000153,62.40000153,62.40000153,62.40000153,66.19999695,53.09999847,0,0
2013-01-30,66.40000153,66.40000153,66.40000153,66.40000153,66.19999695,53.09999847,0,0
2013-01-31,65.59999847,65.59999847,65.59999847,65.59999847,66.40000153,53.09999847,0,0
2013-02-01,65,65,65,65,66.40000153,53.09999847,0,0
2013-02-04,63.09999847,63.09999847,63.09999847,63.09999847,66.40000153,53.09999847,0,0
2013-02-05,64.80000305,64.80000305,64.80000305,64.80000305,66.40000153,53.09999847,0,0
2013-02-06,62.79999924,62.79999924,62.79999924,62.79999924,66.40000153,53.09999847,0,0
2013-02-07,59.90000153,59.90000153,59.90000153,59.90000153,66.40000153,53.09999847,0,0
2013-02-08,61.5,61.5,61.5,61.5,66.40000153,53.09999847,0,0
2013-02-11,60,60,60,60,66.40000153,53.09999847,0,0
2013-02-12,59.79999924,59.79999924,59.79999924,59.79999924,66.40000153,53.09999847,0,0
2013-02-13,61.70000076,61.70000076,61.70000076,61.70000076,66.40000153,53.09999847,0,0
2013-02-14,59.09999847,59.09999847,59.09999847,59.09999847,66.40000153,53.20000076,0,0
2013-02-15,59.09999847,59.09999847,59.09999847,59.09999847,66.40000153,53.59999847,0,0
2013-02-19,58.40000153,58.40000153,58.40000153,58.40000153,66.40000153,53.59999847,0,0
2013-02-20,57.90000153,57.90000153,57.90000153,57.90000153,66.40000153,53.59999847,0,0
2013-02-21,59.70000076,59.70000076,59.70000076,59.70000076,66.40000153,53.59999847,0,0
2013-02-22,58.59999847,58.59999847,58.59999847,58.59999847,66.40000153,55.29999924,0,0
2013-02-25,60,60,60,60,66.40000153,57.90000153,0,0
2013-02-26,58,58,58,58,66.40000153,57.90000153,0,0
2013-02-27,58.40999985,58.40999985,58.40999985,58.40999985,66.40000153,57.90000153,0,0
2013-02-28,55.88000107,55.88000107,55.88000107,55.88000107,66.40000153,57.90000153,0,0
2013-03-01,55,55,55,55,65.59999847,55.88000107,0,0
2013-03-04,53.90000153,53.90000153,53.90000153,53.90000153,65,55,0,0
2013-03-05,56.5,56.5,56.5,56.5,64.80000305,53.90000153,0,0
2013-03-07,60.5,60.5,60.5,60.5,64.80000305,53.90000153,0,0
2013-03-08,58.09999847,58.09999847,58.09999847,58.09999847,62.79999924,53.90000153,0,0
2013-03-11,55.06999969,55.06999969,55.06999969,55.06999969,61.70000076,53.90000153,0,0
2013-03-12,53.70000076,53.70000076,53.70000076,53.70000076,61.70000076,53.90000153,0,0
2013-03-13,54.59999847,54.59999847,54.59999847,54.59999847,61.70000076,53.70000076,0,0
2013-03-14,56,56,56,56,61.70000076,53.70000076,0,0
2013-03-15,55.79999924,55.79999924,55.79999924,55.79999924,61.70000076,53.70000076,0,0
2013-03-25,57.66999817,57.66999817,57.66999817,57.66999817,60.5,53.70000076,0,0
2013-03-26,56.09999847,56.09999847,56.09999847,56.09999847,60.5,53.70000076,0,0
2013-03-28,57.29999924,57.29999924,57.29999924,57.29999924,60.5,53.70000076,0,0
2013-04-01,56.20000076,56.20000076,56.20000076,56.20000076,60.5,53.70000076,0,0
2013-04-02,56,56,56,56,60.5,53.70000076,0,0
2013-04-03,57.90000153,57.90000153,57.90000153,57.90000153,60.5,53.70000076,0,0
2013-04-04,56.90000153,56.90000153,56.90000153,56.90000153,60.5,53.70000076,0,0
2013-04-05,54.79999924,54.79999924,54.79999924,54.79999924,60.5,53.70000076,0,0
2013-04-08,54.90000153,54.90000153,54.90000153,54.90000153,60.5,53.70000076,0,0
2013-04-09,52.70000076,52.70000076,52.70000076,52.70000076,60.5,53.70000076,0,0
2013-04-10,53.90000153,53.90000153,53.90000153,53.90000153,60.5,52.70000076,0,0
2013-04-11,52.59999847,52.59999847,52.59999847,52.59999847,60.5,52.70000076,0,0
2013-04-12,53.09999847,53.09999847,53.09999847,53.09999847,60.5,52.59999847,0,0
2013-04-15,52.29999924,52.29999924,52.29999924,52.29999924,60.5,52.59999847,0,0
2013-04-16,51.90000153,51.90000153,51.90000153,51.90000153,58.09999847,52.29999924,0,0
2013-04-17,52,52,52,52,57.90000153,51.90000153,0,0
2013-04-18,51.29999924,51.29999924,51.29999924,51.29999924,57.90000153,51.90000153,0,0
2013-04-19,51.29999924,51.29999924,51.29999924,51.29999924,57.90000153,51.29999924,0,0
2013-04-22,50.59999847,50.59999847,50.59999847,50.59999847,57.90000153,51.29999924,0,0
2013-04-23,50,50,50,50,57.90000153,50.59999847,0,0
2013-04-24,49.79999924,49.79999924,49.79999924,49.79999924,57.90000153,50,0,0
2013-04-25,49.40000153,49.40000153,49.40000153,49.40000153,57.90000153,49.79999924,0,0
2013-04-26,50.20000076,50.20000076,50.20000076,50.20000076,57.90000153,49.40000153,0,0
2013-04-29,49.59999847,49.59999847,49.59999847,49.59999847,57.90000153,49.40000153,0,0
2013-04-30,49.20000076,49.20000076,49.20000076,49.20000076,57.90000153,49.40000153,0,0
2013-05-01,49,49,49,49,57.90000153,49.20000076,0,0
2013-05-02,49,49,49,49,56.90000153,49,0,0
2013-05-06,49.49000168,49.49000168,49.49000168,49.49000168,54.90000153,49,0,0
2013-05-07,49.49000168,49.49000168,49.49000168,49.49000168,54.90000153,49,0,0
2013-05-08,49.49000168,49.49000168,49.49000168,49.49000168,53.90000153,49,0,0
2013-05-09,48.86999893,48.86999893,48.86999893,48.86999893,53.90000153,49,0,0
2013-05-10,55.31999969,55.31999969,55.31999969,55.31999969,53.09999847,48.86999893,0,0
2013-05-13,56.50999832,56.50999832,56.50999832,56.50999832,55.31999969,48.86999893,0,0
2013-05-14,57.74000168,57.74000168,57.74000168,57.74000168,56.50999832,48.86999893,0,0
2013-05-17,61.29999924,61.29999924,61.29999924,61.29999924,57.74000168,48.86999893,0,0
2013-05-20,60.5,60.5,60.5,60.5,61.29999924,48.86999893,0,0
2013-05-21,59.79999924,59.79999924,59.79999924,59.79999924,61.29999924,48.86999893,0,0
2013-05-22,65.40000153,65.40000153,65.40000153,65.40000153,61.29999924,48.86999893,0,0
2013-05-23,68.19999695,68.19999695,68.19999695,68.19999695,65.40000153,48.86999893,0,0
2013-05-24,65.09999847,65.09999847,65.09999847,65.09999847,68.19999695,48.86999893,0,0
2013-05-28,75.5,75.5,75.5,75.5,68.19999695,48.86999893,0,0
2013-05-29,81.19999695,81.19999695,81.19999695,81.19999695,75.5,48.86999893,0,0
2013-05-30,77.40000153,77.40000153,77.40000153,77.40000153,81.19999695,48.86999893,0,0
2013-05-31,80,80,80,80,81.19999695,48.86999893,0,0
2013-06-03,79.19999695,79.19999695,79.19999695,79.19999695,81.19999695,48.86999893,0,0
2013-06-04,82.80000305,82.80000305,82.80000305,82.80000305,81.19999695,48.86999893,0,0
2013-06-05,83.59999847,83.59999847,83.59999847,83.59999847,82.80000305,48.86999893,0,0
2013-06-06,84.69999695,84.69999695,84.69999695,84.69999695,83.59999847,48.86999893,0,0
2013-06-07,81.5,81.5,81.5,81.5,84.69999695,48.86999893,0,0
2013-06-10,84.69999695,84.69999695,84.69999695,84.69999695,84.69999695,48.86999893,0,0
2013-06-11,82.30000305,82.30000305,82.30000305,82.30000305,84.69999695,48.86999893,0,0
2013-06-12,81.90000153,81.90000153,81.90000153,81.90000153,84.69999695,55.31999969,0,0
2013-06-13,82.40000153,82.40000153,82.40000153,82.40000153,84.69999695,56.50999832,0,0
2013-06-14,78.5,78.5,78.5,78.5,84.69999695,57.74000168,0,0
2013-06-17,78.5,78.5,78.5,78.5,84.69999695,59.79999924,0,0
2013-06-18,81,81,81,81,84.69999695,59.79999924,0,0
2013-06-19,86.90000153,86.90000153,86.90000153,86.90000153,84.69999695,59.79999924,0,0
2013-06-20,96,96,96,96,86.90000153,65.09999847,0,0
2013-06-21,103.69999695,103.69999695,103.69999695,103.69999695,96,65.09999847,0,0
2013-06-24,111,111,111,111,103.69999695,65.09999847,0,0
2013-06-25,108.40000153,108.40000153,108.40000153,108.40000153,111,75.5,0,0
2013-06-26,103.5,103.5,103.5,103.5,111,77.40000153,0,0
2013-06-27,97.09999847,97.09999847,97.09999847,97.09999847,111,77.40000153,0,0
2013-06-28,99.80000305,99.80000305,99.80000305,99.80000305,111,78.5,0,0
2013-07-01,101.30000305,101.30000305,101.30000305,101.30000305,111,78.5,0,0
2013-07-03,109.30000305,109.30000305,109.30000305,109.30000305,111,78.5,0,0
2013-07-05,117.90000153,117.90000153,117.90000153,117.90000153,111,78.5,0,0
2013-07-08,107.80000305,107.80000305,107.80000305,107.80000305,117.90000153,78.5,0,0
2013-07-09,99.5,99.5,99.5,99.5,117.90000153,78.5,0,0
2013-07-10,99,99,99,99,117.90000153,78.5,0,0
2013-07-11,93.5,93.5,93.5,93.5,117.90000153,78.5,0,0
2013-07-12,94.5,94.5,94.5,94.5,117.90000153,78.5,0,0
2013-07-15,89.40000153,89.40000153,89.40000153,89.40000153,117.90000153,78.5,0,0
2013-07-16,88,88,88,88,117.90000153,78.5,0,0
2013-07-17,81.90000153,81.90000153,81.90000153,81.90000153,117.90000153,78.5,0,0
2013-07-18,77.40000153,77.40000153,77.40000153,77.40000153,117.90000153,81,0,0
2013-07-19,75.90000153,75.90000153,75.90000153,75.90000153,117.90000153,77.40000153,0,0
2013-07-22,72.59999847,72.59999847,72.59999847,72.59999847,117.90000153,75.90000153,0,0
2013-07-23,74.09999847,74.09999847,74.09999847,74.09999847,117.90000153,72.59999847,0,0
2013-07-24,80.19999695,80.19999695,80.19999695,80.19999695,117.90000153,72.59999847,0,0
2013-07-25,82.59999847,82.59999847,82.59999847,82.59999847,117.90000153,72.59999847,0,0
2013-07-26,81.59999847,81.59999847,81.59999847,81.59999847,117.90000153,72.59999847,0,0
2013-07-29,83.19999695,83.19999695,83.19999695,83.19999695,117.90000153,72.59999847,0,0
2013-07-30,83.30000305,83.30000305,83.30000305,83.30000305,117.90000153,72.59999847,0,0
2013-07-31,82.59999847,82.59999847,82.59999847,82.59999847,117.90000153,72.59999847,0,0
2013-08-01,91.40000153,91.40000153,91.40000153,91.40000153,117.90000153,72.59999847,0,0
2013-08-02,73.19999695,73.19999695,73.19999695,73.19999695,117.90000153,72.59999847,0,0
2013-08-05,72.69999695,72.69999695,72.69999695,72.69999695,107.80000305,72.59999847,0,0
2013-08-06,78.19999695,78.19999695,78.19999695,78.19999695,99.5,72.59999847,0,0
2013-08-07,75.40000153,75.40000153,75.40000153,75.40000153,99,72.59999847,0,0
2013-08-08,75.40000153,75.40000153,75.40000153,75.40000153,94.5,72.59999847,0,0
2013-08-09,75.40000153,75.40000153,75.40000153,75.40000153,94.5,72.59999847,0,0
2013-08-12,74.09999847,74.09999847,74.09999847,74.09999847,91.40000153,72.59999847,0,0
2013-08-13,81.69999695,81.69999695,81.69999695,81.69999695,91.40000153,72.59999847,0,0
2013-08-14,80.90000153,80.90000153,80.90000153,80.90000153,91.40000153,72.59999847,0,0
2013-08-15,86.69999695,86.69999695,86.69999695,86.69999695,91.40000153,72.59999847,0,0
2013-08-16,94.69999695,94.69999695,94.69999695,94.69999695,91.40000153,72.59999847,0,0
2013-08-19,99.5,99.5,99.5,99.5,94.69999695,72.59999847,0,0
2013-08-20,95.69999695,95.69999695,95.69999695,95.69999695,99.5,72.69999695,0,0
2013-08-21,98.80000305,98.80000305,98.80000305,98.80000305,99.5,72.69999695,0,0
2013-08-22,58.29999924,58.29999924,58.29999924,58.29999924,99.5,72.69999695,0,0
2013-08-23,99.80000305,99.80000305,99.80000305,99.80000305,99.5,58.29999924,0,0
2013-08-26,95.80000305,95.80000305,95.80000305,95.80000305,99.80000305,58.29999924,0,0
2013-08-27,94.90000153,94.90000153,94.90000153,94.90000153,99.80000305,58.29999924,0,0
2013-08-29,98.80000305,98.80000305,98.80000305,98.80000305,99.80000305,58.29999924,0,0
2013-08-30,103.5,103.5,103.5,103.5,99.80000305,58.29999924,0,0
2013-09-03,105.80000305,105.80000305,105.80000305,105.80000305,103.5,58.29999924,0,0
2013-09-05,111.40000153,111.40000153,111.40000153,111.40000153,105.80000305,58.29999924,0,0
2013-09-06,105.5,105.5,105.5,105.5,111.40000153,58.29999924,0,0
2013-09-09,100.69999695,100.69999695,100.69999695,100.69999695,111.40000153,58.29999924,0,0
2013-09-10,101.80000305,101.80000305,101.80000305,101.80000305,111.40000153,58.29999924,0,0
2013-09-11,98,98,98,98,111.40000153,58.29999924,0,0
2013-09-12,96.40000153,96.40000153,96.40000153,96.40000153,111.40000153,58.29999924,0,0
2013-09-13,96.19999695,96.19999695,96.19999695,96.19999695,111.40000153,58.29999924,0,0
2013-09-16,94.5,94.5,94.5,94.5,111.40000153,58.29999924,0,0
2013-09-17,90.80000305,90.80000305,90.80000305,90.80000305,111.40000153,58.29999924,0,0
2013-09-18,82.69999695,82.69999695,82.69999695,82.69999695,111.40000153,58.29999924,0,0
2013-09-19,80.30000305,80.30000305,80.30000305,80.30000305,111.40000153,58.29999924,0,0
2013-09-20,77.69999695,77.69999695,77.69999695,77.69999695,111.40000153,58.29999924,0,0
2013-09-23,75.30000305,75.30000305,75.30000305,75.30000305,111.40000153,58.29999924,0,0
2013-09-24,74.80000305,74.80000305,74.80000305,74.80000305,111.40000153,58.29999924,0,0
2013-09-25,75.30000305,75.30000305,75.30000305,75.30000305,111.40000153,74.80000305,0,0
2013-09-26,77.59999847,77.59999847,77.59999847,77.59999847,111.40000153,74.80000305,0,0
2013-09-27,78,78,78,78,111.40000153,74.80000305,0,0
2013-09-30,80.19999695,80.19999695,80.19999695,80.19999695,111.40000153,74.80000305,0,0
2013-10-01,87.40000153,87.40000153,87.40000153,87.40000153,111.40000153,74.80000305,0,0
2013-10-02,82.19999695,82.19999695,82.19999695,82.19999695,111.40000153,74.80000305,0,0
2013-10-03,80.30000305,80.30000305,80.30000305,80.30000305,111.40000153,74.80000305,0,0
2013-10-04,82.5,82.5,82.5,82.5,105.5,74.80000305,0,0
2013-10-07,80.30000305,80.30000305,80.30000305,80.30000305,101.80000305,74.80000305,0,0
2013-10-08,81.09999847,81.09999847,81.09999847,81.09999847,101.80000305,74.80000305,0,0
2013-10-09,80.80000305,80.80000305,80.80000305,80.80000305,98,74.80000305,0,0
2013-10-10,80.09999847,80.09999847,80.09999847,80.09999847,96.40000153,74.80000305,0,0
2013-10-11,77.09999847,77.09999847,77.09999847,77.09999847,96.19999695,74.80000305,0,0
2013-10-15,75.80000305,75.80000305,75.80000305,75.80000305,94.5,74.80000305,0,0
2013-10-16,73.19999695,73.19999695,73.19999695,73.19999695,90.80000305,74.80000305,0,0
2013-10-17,70.09999847,70.09999847,70.09999847,70.09999847,87.40000153,73.19999695,0,0
2013-10-18,72.5,72.5,72.5,72.5,87.40000153,70.09999847,0,0
2013-10-21,71.5,71.5,71.5,71.5,87.40000153,70.09999847,0,0
2013-10-22,63.09999847,63.09999847,63.09999847,63.09999847,87.40000153,70.09999847,0,0
2013-10-23,62,62,62,62,87.40000153,63.09999847,0,0
2013-10-24,63.09999847,63.09999847,63.09999847,63.09999847,87.40000153,62,0,0
2013-10-25,61.13999939,61.13999939,61.13999939,61.13999939,87.40000153,62,0,0
2013-10-28,58.5,58.5,58.5,58.5,87.40000153,61.13999939,0,0
2013-10-29,58.79999924,58.79999924,58.79999924,58.79999924,87.40000153,58.5,0,0
2013-10-30,60.59999847,60.59999847,60.59999847,60.59999847,87.40000153,58.5,0,0
2013-10-31,61.70000076,61.70000076,61.70000076,61.70000076,82.5,58.5,0,0
2013-11-01,69.59999847,69.59999847,69.59999847,69.59999847,82.5,58.5,0,0
2013-11-04,64.20999908,64.20999908,64.20999908,64.20999908,82.5,58.5,0,0
2013-11-05,68.59999847,68.59999847,68.59999847,68.59999847,81.09999847,58.5,0,0
2013-11-06,67.09999847,67.09999847,67.09999847,67.09999847,81.09999847,58.5,0,0
2013-11-07,66.5,66.5,66.5,66.5,80.80000305,58.5,0,0
2013-11-08,69.90000153,69.90000153,69.90000153,69.90000153,80.09999847,58.5,0,0
2013-11-12,69.59999847,69.59999847,69.59999847,69.59999847,77.09999847,58.5,0,0
2013-11-13,65.80000305,65.80000305,65.80000305,65.80000305,75.80000305,58.5,0,0
2013-11-14,61.90000153,61.90000153,61.90000153,61.90000153,73.19999695,58.5,0,0
2013-11-15,62.20000076,62.20000076,62.20000076,62.20000076,72.5,58.5,0,0
2013-11-18,58.29999924,58.29999924,58.29999924,58.29999924,72.5,58.5,0,0
2013-11-19,62.29999924,62.29999924,62.29999924,62.29999924,71.5,58.29999924,0,0
2013-11-20,66.5,66.5,66.5,66.5,69.90000153,58.29999924,0,0
2013-11-21,68.40000153,68.40000153,68.40000153,68.40000153,69.90000153,58.29999924,0,0
2013-11-22,66.80000305,66.80000305,66.80000305,66.80000305,69.90000153,58.29999924,0,0
2013-11-25,65.09999847,65.09999847,65.09999847,65.09999847,69.90000153,58.29999924,0,0
2013-11-26,65.30000305,65.30000305,65.30000305,65.30000305,69.90000153,58.29999924,0,0
2013-11-27,67.80000305,67.80000305,67.80000305,67.80000305,69.90000153,58.29999924,0,0
2013-11-29,68,68,68,68,69.90000153,58.29999924,0,0
2013-12-02,73.09999847,73.09999847,73.09999847,73.09999847,69.90000153,58.29999924,0,0
2013-12-03,72.09999847,72.09999847,72.09999847,72.09999847,73.09999847,58.29999924,0,0
2013-12-04,75.80000305,75.80000305,75.80000305,75.80000305,73.09999847,58.29999924,0,0
2013-12-05,76.09999847,76.09999847,76.09999847,76.09999847,75.80000305,58.29999924,0,0
2013-12-06,69.19999695,69.19999695,69.19999695,69.19999695,76.09999847,58.29999924,0,0
2013-12-09,67.80000305,67.80000305,67.80000305,67.80000305,76.09999847,58.29999924,0,0
2013-12-10,70.5,70.5,70.5,70.5,76.09999847,58.29999924,0,0
2013-12-12,72.80000305,72.80000305,72.80000305,72.80000305,76.09999847,58.29999924,0,0
2013-12-13,72.59999847,72.59999847,72.59999847,72.59999847,76.09999847,58.29999924,0,0
2013-12-16,69.90000153,69.90000153,69.90000153,69.90000153,76.09999847,58.29999924,0,0
2013-12-17,68.5,68.5,68.5,68.5,76.09999847,58.29999924,0,0
2013-12-18,65,65,65,65,76.09999847,58.29999924,0,0
2013-12-19,67.69999695,67.69999695,67.69999695,67.69999695,76.09999847,62.29999924,0,0
2013-12-20,67.30000305,67.30000305,67.30000305,67.30000305,76.09999847,65,0,0
2013-12-23,66.19999695,66.19999695,66.19999695,66.19999695,76.09999847,65,0,0
2013-12-24,67.80000305,67.80000305,67.80000305,67.80000305,76.09999847,65,0,0
2013-12-26,66.80000305,66.80000305,66.80000305,66.80000305,76.09999847,65,0,0
2013-12-27,65.80000305,65.80000305,65.80000305,65.80000305,76.09999847,65,0,0
2013-12-30,69.09999847,69.09999847,69.09999847,69.09999847,76.09999847,65,0,0
2013-12-31,73.5,73.5,73.5,73.5,76.09999847,65,0,0
2014-01-02,73.40000153,73.40000153,73.40000153,73.40000153,76.09999847,65,0,0
2014-01-03,72.69999695,72.69999695,72.69999695,72.69999695,76.09999847,65,0,0
2014-01-06,69.90000153,69.90000153,69.90000153,69.90000153,76.09999847,65,0,0
2014-01-07,73.80000305,73.80000305,73.80000305,73.80000305,76.09999847,65,0,0
2014-01-08,75.30000305,75.30000305,75.30000305,75.30000305,73.80000305,65,0,0
2014-01-09,73.69999695,73.69999695,73.69999695,73.69999695,75.30000305,65,0,0
2014-01-10,61.20000076,61.20000076,61.20000076,61.20000076,75.30000305,65,0,0
2014-01-13,58.90000153,58.90000153,58.90000153,58.90000153,75.30000305,61.20000076,0,0
2014-01-14,61.59999847,61.59999847,61.59999847,61.59999847,75.30000305,58.90000153,0,0
2014-01-15,60.79999924,60.79999924,60.79999924,60.79999924,75.30000305,58.90000153,0,0
2014-01-16,60.79999924,60.79999924,60.79999924,60.79999924,75.30000305,58.90000153,0,0
2014-01-17,60.29999924,60.29999924,60.29999924,60.29999924,75.30000305,58.90000153,0,0
2014-01-21,59.5,59.5,59.5,59.5,75.30000305,58.90000153,0,0
2014-01-22,60.5,60.5,60.5,60.5,75.30000305,58.90000153,0,0
2014-01-23,62.20000076,62.20000076,62.20000076,62.20000076,75.30000305,58.90000153,0,0
2014-01-24,63.5,63.5,63.5,63.5,75.30000305,58.90000153,0,0
2014-01-27,64.19999695,64.19999695,64.19999695,64.19999695,75.30000305,58.90000153,0,0
2014-01-28,64.5,64.5,64.5,64.5,75.30000305,58.90000153,0,0
2014-01-29,64.5,64.5,64.5,64.5,75.30000305,58.90000153,0,0
2014-01-31,64.69999695,64.69999695,64.69999695,64.69999695,75.30000305,58.90000153,0,0
2014-02-04,66.80000305,66.80000305,66.80000305,66.80000305,75.30000305,58.90000153,0,0
2014-02-06,67.19999695,67.19999695,67.19999695,67.19999695,75.30000305,58.90000153,0,0
2014-02-07,64.69999695,64.69999695,64.69999695,64.69999695,75.30000305,58.90000153,0,0
2014-02-10,62.29999924,62.29999924,62.29999924,62.29999924,75.30000305,58.90000153,0,0
2014-02-11,61.5,61.5,61.5,61.5,75.30000305,58.90000153,0,0
2014-02-12,61,61,61,61,73.69999695,58.90000153,0,0
2014-02-13,58.09999847,58.09999847,58.09999847,58.09999847,67.19999695,58.90000153,0,0
2014-02-14,57.29999924,57.29999924,57.29999924,57.29999924,67.19999695,58.09999847,0,0
2014-02-18,56,56,56,56,67.19999695,57.29999924,0,0
2014-02-19,57.29999924,57.29999924,57.29999924,57.29999924,67.19999695,56,0,0
2014-02-20,58.70000076,58.70000076,58.70000076,58.70000076,67.19999695,56,0,0
2014-02-21,58.40000153,58.40000153,58.40000153,58.40000153,67.19999695,56,0,0
2014-02-24,57.40000153,57.40000153,57.40000153,57.40000153,67.19999695,56,0,0
2014-02-25,56.79999924,56.79999924,56.79999924,56.79999924,67.19999695,56,0,0
2014-02-26,57.79999924,57.79999924,57.79999924,57.79999924,67.19999695,56,0,0
2014-02-27,58.09999847,58.09999847,58.09999847,58.09999847,67.19999695,56,0,0
2014-02-28,57.70000076,57.70000076,57.70000076,57.70000076,67.19999695,56,0,0
2014-03-03,57.79999924,57.79999924,57.79999924,57.79999924,67.19999695,56,0,0
2014-03-04,63.20000076,63.20000076,63.20000076,63.20000076,67.19999695,56,0,0
2014-03-05,60.79999924,60.79999924,60.79999924,60.79999924,67.19999695,56,0,0
2014-03-06,61,61,61,61,67.19999695,56,0,0
2014-03-07,58.20000076,58.20000076,58.20000076,58.20000076,67.19999695,56,0,0
2014-03-10,55.70000076,55.70000076,55.70000076,55.70000076,64.69999695,56,0,0
2014-03-11,55.50999832,55.50999832,55.50999832,55.50999832,63.20000076,55.70000076,0,0
2014-03-12,55.09999847,55.09999847,55.09999847,55.09999847,63.20000076,55.50999832,0,0
2014-03-13,57.47999954,57.47999954,57.47999954,57.47999954,63.20000076,55.09999847,0,0
2014-03-14,62.84000015,62.84000015,62.84000015,62.84000015,63.20000076,55.09999847,0,0
2014-03-17,61.79999924,61.79999924,61.79999924,61.79999924,63.20000076,55.09999847,0,0
2014-03-18,59.20999908,59.20999908,59.20999908,59.20999908,63.20000076,55.09999847,0,0
2014-03-19,65.59999847,65.59999847,65.59999847,65.59999847,63.20000076,55.09999847,0,0
2014-03-20,60.79999924,60.79999924,60.79999924,60.79999924,65.59999847,55.09999847,0,0
2014-03-21,60.79999924,60.79999924,60.79999924,60.79999924,65.59999847,55.09999847,0,0
2014-03-24,58.70000076,58.70000076,58.70000076,58.70000076,65.59999847,55.09999847,0,0
2014-03-25,58.34000015,58.34000015,58.34000015,58.34000015,65.59999847,55.09999847,0,0
2014-03-26,57.79999924,57.79999924,57.79999924,57.79999924,65.59999847,55.09999847,0,0
2014-03-27,59.40000153,59.40000153,59.40000153,59.40000153,65.59999847,55.09999847,0,0
2014-03-28,61.90000153,61.90000153,61.90000153,61.90000153,65.59999847,55.09999847,0,0
2014-03-31,61.79999924,61.79999924,61.79999924,61.79999924,65.59999847,55.09999847,0,0
2014-04-01,61.5,61.5,61.5,61.5,65.59999847,55.09999847,0,0
2014-04-02,66.30000305,66.30000305,66.30000305,66.30000305,65.59999847,55.09999847,0,0
2014-04-03,65.19999695,65.19999695,65.19999695,65.19999695,66.30000305,55.09999847,0,0
2014-04-04,58.79999924,58.79999924,58.79999924,58.79999924,66.30000305,55.09999847,0,0
2014-04-07,58.79999924,58.79999924,58.79999924,58.79999924,66.30000305,55.09999847,0,0
2014-04-08,55.90000153,55.90000153,55.90000153,55.90000153,66.30000305,55.09999847,0,0
2014-04-09,54.70000076,54.70000076,54.70000076,54.70000076,66.30000305,55.09999847,0,0
2014-04-10,55.40000153,55.40000153,55.40000153,55.40000153,66.30000305,54.70000076,0,0
2014-04-11,58.59999847,58.59999847,58.59999847,58.59999847,66.30000305,54.70000076,0,0
2014-04-14,59.20000076,59.20000076,59.20000076,59.20000076,66.30000305,54.70000076,0,0
2014-04-15,59.20000076,59.20000076,59.20000076,59.20000076,66.30000305,54.70000076,0,0
2014-04-16,58,58,58,58,66.30000305,54.70000076,0,0
2014-04-17,59.5,59.5,59.5,59.5,66.30000305,54.70000076,0,0
2014-04-21,56.79999924,56.79999924,56.79999924,56.79999924,66.30000305,54.70000076,0,0
2014-04-22,57.09999847,57.09999847,57.09999847,57.09999847,66.30000305,54.70000076,0,0
2014-04-23,56.59999847,56.59999847,56.59999847,56.59999847,66.30000305,54.70000076,0,0
2014-04-24,57.79999924,57.79999924,57.79999924,57.79999924,66.30000305,54.70000076,0,0
2014-04-28,59.09999847,59.09999847,59.09999847,59.09999847,66.30000305,54.70000076,0,0
2014-04-29,59.90000153,59.90000153,59.90000153,59.90000153,66.30000305,54.70000076,0,0
2014-04-30,58.90000153,58.90000153,58.90000153,58.90000153,66.30000305,54.70000076,0,0
2014-05-01,58.84000015,58.84000015,58.84000015,58.84000015,66.30000305,54.70000076,0,0
2014-05-02,55.29999924,55.29999924,55.29999924,55.29999924,66.30000305,54.70000076,0,0
2014-05-05,55.29999924,55.29999924,55.29999924,55.29999924,65.19999695,54.70000076,0,0
2014-05-06,58.70000076,58.70000076,58.70000076,58.70000076,59.90000153,54.70000076,0,0
2014-05-07,57.29999924,57.29999924,57.29999924,57.29999924,59.90000153,54.70000076,0,0
2014-05-09,56.09999847,56.09999847,56.09999847,56.09999847,59.90000153,54.70000076,0,0
2014-05-12,56.20000076,56.20000076,56.20000076,56.20000076,59.90000153,54.70000076,0,0
2014-05-13,56.09999847,56.09999847,56.09999847,56.09999847,59.90000153,55.29999924,0,0
2014-05-15,55.70000076,55.70000076,55.70000076,55.70000076,59.90000153,55.29999924,0,0
2014-05-16,58.70000076,58.70000076,58.70000076,58.70000076,59.90000153,55.29999924,0,0
2014-05-19,58.20000076,58.20000076,58.20000076,58.20000076,59.90000153,55.29999924,0,0
2014-05-20,60,60,60,60,59.90000153,55.29999924,0,0
2014-05-21,59.09999847,59.09999847,59.09999847,59.09999847,60,55.29999924,0,0
2014-05-22,58.20000076,58.20000076,58.20000076,58.20000076,60,55.29999924,0,0
2014-05-23,58.20000076,58.20000076,58.20000076,58.20000076,60,55.29999924,0,0
2014-05-27,56.79999924,56.79999924,56.79999924,56.79999924,60,55.29999924,0,0
2014-05-28,55.20000076,55.20000076,55.20000076,55.20000076,60,55.29999924,0,0
2014-05-29,56.40000153,56.40000153,56.40000153,56.40000153,60,55.20000076,0,0
2014-05-30,58.29999924,58.29999924,58.29999924,58.29999924,60,55.20000076,0,0
2014-06-02,59.70000076,59.70000076,59.70000076,59.70000076,60,55.20000076,0,0
2014-06-03,60.90000153,60.90000153,60.90000153,60.90000153,60,55.20000076,0,0
2014-06-04,64.90000153,64.90000153,64.90000153,64.90000153,60.90000153,55.20000076,0,0
2014-06-05,65.09999847,65.09999847,65.09999847,65.09999847,64.90000153,55.20000076,0,0
2014-06-06,59.29999924,59.29999924,59.29999924,59.29999924,65.09999847,55.20000076,0,0
2014-06-09,57.29999924,57.29999924,57.29999924,57.29999924,65.09999847,55.20000076,0,0
2014-06-10,56.90000153,56.90000153,56.90000153,56.90000153,65.09999847,55.20000076,0,0
2014-06-11,55.40000153,55.40000153,55.40000153,55.40000153,65.09999847,55.20000076,0,0
2014-06-13,58.40000153,58.40000153,58.40000153,58.40000153,65.09999847,55.20000076,0,0
2014-06-17,58.40000153,58.40000153,58.40000153,58.40000153,65.09999847,55.20000076,0,0
2014-06-18,59.40000153,59.40000153,59.40000153,59.40000153,65.09999847,55.20000076,0,0
2014-06-19,55.5,55.5,55.5,55.5,65.09999847,55.20000076,0,0
2014-06-20,54.90000153,54.90000153,54.90000153,54.90000153,65.09999847,55.20000076,0,0
2014-06-23,54.59999847,54.59999847,54.59999847,54.59999847,65.09999847,54.90000153,0,0
2014-06-24,53.90000153,53.90000153,53.90000153,53.90000153,65.09999847,54.59999847,0,0
2014-06-25,54.09999847,54.09999847,54.09999847,54.09999847,65.09999847,53.90000153,0,0
2014-06-26,53.25,53.25,53.25,53.25,65.09999847,53.90000153,0,0
2014-06-27,53.29999924,53.29999924,53.29999924,53.29999924,65.09999847,53.25,0,0
2014-06-30,52.70000076,52.70000076,52.70000076,52.70000076,65.09999847,53.25,0,0
2014-07-01,53.25,53.25,53.25,53.25,65.09999847,52.70000076,0,0
2014-07-02,59.59999847,59.59999847,59.59999847,59.59999847,65.09999847,52.70000076,0,0
2014-07-03,56.90000153,56.90000153,56.90000153,56.90000153,65.09999847,52.70000076,0,0
2014-07-07,55.04999924,55.04999924,55.04999924,55.04999924,65.09999847,52.70000076,0,0
2014-07-08,54.97000122,54.97000122,54.97000122,54.97000122,65.09999847,52.70000076,0,0
2014-07-09,55.16999817,55.16999817,55.16999817,55.16999817,59.59999847,52.70000076,0,0
2014-07-10,55.59999847,55.59999847,55.59999847,55.59999847,59.59999847,52.70000076,0,0
2014-07-11,54.79999924,54.79999924,54.79999924,54.79999924,59.59999847,52.70000076,0,0
2014-07-14,54.40000153,54.40000153,54.40000153,54.40000153,59.59999847,52.70000076,0,0
2014-07-15,54,54,54,54,59.59999847,52.70000076,0,0
2014-07-16,52.90000153,52.90000153,52.90000153,52.90000153,59.59999847,52.70000076,0,0
2014-07-17,54.5,54.5,54.5,54.5,59.59999847,52.70000076,0,0
2014-07-18,54.40000153,54.40000153,54.40000153,54.40000153,59.59999847,52.70000076,0,0
2014-07-21,53.84999847,53.84999847,53.84999847,53.84999847,59.59999847,52.70000076,0,0
2014-07-22,53.79999924,53.79999924,53.79999924,53.79999924,59.59999847,52.70000076,0,0
2014-07-23,53.40000153,53.40000153,53.40000153,53.40000153,59.59999847,52.70000076,0,0
2014-07-24,54.25999832,54.25999832,54.25999832,54.25999832,59.59999847,52.70000076,0,0
2014-07-25,54.43000031,54.43000031,54.43000031,54.43000031,59.59999847,52.70000076,0,0
2014-07-28,54.08000183,54.08000183,54.08000183,54.08000183,59.59999847,52.70000076,0,0
2014-07-29,53.79999924,53.79999924,53.79999924,53.79999924,59.59999847,52.70000076,0,0
2014-07-30,55.88999939,55.88999939,55.88999939,55.88999939,59.59999847,52.90000153,0,0
2014-07-31,56.45999908,56.45999908,56.45999908,56.45999908,59.59999847,52.90000153,0,0
2014-08-01,52.25999832,52.25999832,52.25999832,52.25999832,56.90000153,52.90000153,0,0
2014-08-04,52.29999924,52.29999924,52.29999924,52.29999924,56.45999908,52.25999832,0,0
2014-08-05,56.70000076,56.70000076,56.70000076,56.70000076,56.45999908,52.25999832,0,0
2014-08-06,56.91999817,56.91999817,56.91999817,56.91999817,56.70000076,52.25999832,0,0
2014-08-07,59.5,59.5,59.5,59.5,56.91999817,52.25999832,0,0
2014-08-08,62.47000122,62.47000122,62.47000122,62.47000122,59.5,52.25999832,0,0
2014-08-11,60.29999924,60.29999924,60.29999924,60.29999924,62.47000122,52.25999832,0,0
2014-08-12,59.36999893,59.36999893,59.36999893,59.36999893,62.47000122,52.25999832,0,0
2014-08-13,58.79999924,58.79999924,58.79999924,58.79999924,62.47000122,52.25999832,0,0
2014-08-14,58.5,58.5,58.5,58.5,62.47000122,52.25999832,0,0
2014-08-15,60.40000153,60.40000153,60.40000153,60.40000153,62.47000122,52.25999832,0,0
2014-08-18,61.68999863,61.68999863,61.68999863,61.68999863,62.47000122,52.25999832,0,0
2014-08-19,62,62,62,62,62.47000122,52.25999832,0,0
2014-08-20,62.79999924,62.79999924,62.79999924,62.79999924,62.47000122,52.25999832,0,0
2014-08-21,60.20000076,60.20000076,60.20000076,60.20000076,62.79999924,52.25999832,0,0
2014-08-22,59.84000015,59.84000015,59.84000015,59.84000015,62.79999924,52.25999832,0,0
2014-08-25,57.20000076,57.20000076,57.20000076,57.20000076,62.79999924,52.25999832,0,0
2014-08-26,56.45000076,56.45000076,56.45000076,56.45000076,62.79999924,52.25999832,0,0
2014-08-27,56.90000153,56.90000153,56.90000153,56.90000153,62.79999924,52.25999832,0,0
2014-08-28,59.79999924,59.79999924,59.79999924,59.79999924,62.79999924,52.25999832,0,0
2014-08-29,60.49000168,60.49000168,60.49000168,60.49000168,62.79999924,52.25999832,0,0
2014-09-02,61.34999847,61.34999847,61.34999847,61.34999847,62.79999924,52.29999924,0,0
2014-09-03,64.90000153,64.90000153,64.90000153,64.90000153,62.79999924,56.45000076,0,0
2014-09-04,64.90000153,64.90000153,64.90000153,64.90000153,64.90000153,56.45000076,0,0
2014-09-05,60.29999924,60.29999924,60.29999924,60.29999924,64.90000153,56.45000076,0,0
2014-09-08,60,60,60,60,64.90000153,56.45000076,0,0
2014-09-09,61.5,61.5,61.5,61.5,64.90000153,56.45000076,0,0
2014-09-10,63.20000076,63.20000076,63.20000076,63.20000076,64.90000153,56.45000076,0,0
2014-09-11,62.79999924,62.79999924,62.79999924,62.79999924,64.90000153,56.45000076,0,0
2014-09-12,65.59999847,65.59999847,65.59999847,65.59999847,64.90000153,56.45000076,0,0
2014-09-15,66.09999847,66.09999847,66.09999847,66.09999847,65.59999847,56.45000076,0,0
2014-09-16,67.09999847,67.09999847,67.09999847,67.09999847,66.09999847,56.45000076,0,0
2014-09-17,62.29999924,62.29999924,62.29999924,62.29999924,67.09999847,56.45000076,0,0
2014-09-18,62,62,62,62,67.09999847,56.45000076,0,0
2014-09-19,59.79999924,59.79999924,59.79999924,59.79999924,67.09999847,56.45000076,0,0
2014-09-22,58,58,58,58,67.09999847,56.45000076,0,0
2014-09-23,57.40000153,57.40000153,57.40000153,57.40000153,67.09999847,56.45000076,0,0
2014-09-24,58.29999924,58.29999924,58.29999924,58.29999924,67.09999847,56.45000076,0,0
2014-09-25,59.09999847,59.09999847,59.09999847,59.09999847,67.09999847,56.90000153,0,0
2014-09-26,64.5,64.5,64.5,64.5,67.09999847,57.40000153,0,0
2014-09-29,62.29999924,62.29999924,62.29999924,62.29999924,67.09999847,57.40000153,0,0
2014-09-30,64.19999695,64.19999695,64.19999695,64.19999695,67.09999847,57.40000153,0,0
2014-10-01,64.30000305,64.30000305,64.30000305,64.30000305,67.09999847,57.40000153,0,0
2014-10-02,66.19999695,66.19999695,66.19999695,66.19999695,67.09999847,57.40000153,0,0
2014-10-03,62.5,62.5,62.5,62.5,67.09999847,57.40000153,0,0
2014-10-06,60.40000153,60.40000153,60.40000153,60.40000153,67.09999847,57.40000153,0,0
2014-10-07,65.30000305,65.30000305,65.30000305,65.30000305,67.09999847,57.40000153,0,0
2014-10-08,65,65,65,65,67.09999847,57.40000153,0,0
2014-10-09,66.5,66.5,66.5,66.5,67.09999847,57.40000153,0,0
2014-10-10,68.69999695,68.69999695,68.69999695,68.69999695,67.09999847,57.40000153,0,0
2014-10-14,74.59999847,74.59999847,74.59999847,74.59999847,68.69999695,57.40000153,0,0
2014-10-15,101.30000305,101.30000305,101.30000305,101.30000305,74.59999847,57.40000153,0,0
2014-10-16,90.09999847,90.09999847,90.09999847,90.09999847,101.30000305,57.40000153,0,0
2014-10-17,82.90000153,82.90000153,82.90000153,82.90000153,101.30000305,57.40000153,0,0
2014-10-20,79.19999695,79.19999695,79.19999695,79.19999695,101.30000305,57.40000153,0,0
2014-10-21,78.90000153,78.90000153,78.90000153,78.90000153,101.30000305,57.40000153,0,0
2014-10-22,77.19999695,77.19999695,77.19999695,77.19999695,101.30000305,57.40000153,0,0
2014-10-23,80.40000153,80.40000153,80.40000153,80.40000153,101.30000305,58.29999924,0,0
2014-10-24,81.61000061,81.61000061,81.61000061,81.61000061,101.30000305,59.09999847,0,0
2014-10-27,77.59999847,77.59999847,77.59999847,77.59999847,101.30000305,60.40000153,0,0
2014-10-28,74.69999695,74.69999695,74.69999695,74.69999695,101.30000305,60.40000153,0,0
2014-10-29,73,73,73,73,101.30000305,60.40000153,0,0
2014-10-30,69.55999756,69.55999756,69.55999756,69.55999756,101.30000305,60.40000153,0,0
2014-10-31,68.69999695,68.69999695,68.69999695,68.69999695,101.30000305,60.40000153,0,0
2014-11-03,67.44999695,67.44999695,67.44999695,67.44999695,101.30000305,60.40000153,0,0
2014-11-04,68.59999847,68.59999847,68.59999847,68.59999847,101.30000305,60.40000153,0,0
2014-11-05,72.90000153,72.90000153,72.90000153,72.90000153,101.30000305,65,0,0
2014-11-06,69.09999847,69.09999847,69.09999847,69.09999847,101.30000305,65,0,0
2014-11-07,66.59999847,66.59999847,66.59999847,66.59999847,101.30000305,66.5,0,0
2014-11-10,66.55000305,66.55000305,66.55000305,66.55000305,101.30000305,66.59999847,0,0
2014-11-12,66.80000305,66.80000305,66.80000305,66.80000305,101.30000305,66.55000305,0,0
2014-11-13,67,67,67,67,101.30000305,66.55000305,0,0
2014-11-14,67,67,67,67,90.09999847,66.55000305,0,0
2014-11-17,66.90000153,66.90000153,66.90000153,66.90000153,82.90000153,66.55000305,0,0
2014-11-18,69.19999695,69.19999695,69.19999695,69.19999695,81.61000061,66.55000305,0,0
2014-11-19,70,70,70,70,81.61000061,66.55000305,0,0
2014-11-20,69.19999695,69.19999695,69.19999695,69.19999695,81.61000061,66.55000305,0,0
2014-11-21,67,67,67,67,81.61000061,66.55000305,0,0
2014-11-24,64.40000153,64.40000153,64.40000153,64.40000153,81.61000061,66.55000305,0,0
2014-11-25,64.59999847,64.59999847,64.59999847,64.59999847,77.59999847,64.40000153,0,0
2014-11-26,64.69999695,64.69999695,64.69999695,64.69999695,74.69999695,64.40000153,0,0
2014-11-28,66.59999847,66.59999847,66.59999847,66.59999847,73,64.40000153,0,0
2014-12-01,67.30000305,67.30000305,67.30000305,67.30000305,72.90000153,64.40000153,0,0
2014-12-03,65.80000305,65.80000305,65.80000305,65.80000305,72.90000153,64.40000153,0,0
2014-12-04,64.59999847,64.59999847,64.59999847,64.59999847,72.90000153,64.40000153,0,0
2014-12-05,64.80000305,64.80000305,64.80000305,64.80000305,72.90000153,64.40000153,0,0
2014-12-08,62.79999924,62.79999924,62.79999924,62.79999924,72.90000153,64.40000153,0,0
2014-12-09,66.56999969,66.56999969,66.56999969,66.56999969,70,62.79999924,0,0
2014-12-10,68.19999695,68.19999695,68.19999695,68.19999695,70,62.79999924,0,0
2014-12-15,77.59999847,77.59999847,77.59999847,77.59999847,70,62.79999924,0,0
2014-12-16,80.69999695,80.69999695,80.69999695,80.69999695,77.59999847,62.79999924,0,0
2014-12-17,72.41999817,72.41999817,72.41999817,72.41999817,80.69999695,62.79999924,0,0
2014-12-18,71.16999817,71.16999817,71.16999817,71.16999817,80.69999695,62.79999924,0,0
2014-12-19,70.69999695,70.69999695,70.69999695,70.69999695,80.69999695,62.79999924,0,0
2014-12-22,70.08000183,70.08000183,70.08000183,70.08000183,80.69999695,62.79999924,0,0
2014-12-23,68.80000305,68.80000305,68.80000305,68.80000305,80.69999695,62.79999924,0,0
2014-12-24,68.90000153,68.90000153,68.90000153,68.90000153,80.69999695,62.79999924,0,0
2014-12-26,55.40000153,55.40000153,55.40000153,55.40000153,80.69999695,62.79999924,0,0
2014-12-29,69.19999695,69.19999695,69.19999695,69.19999695,80.69999695,55.40000153,0,0
2014-12-30,69,69,69,69,80.69999695,55.40000153,0,0
2014-12-31,68.90000153,68.90000153,68.90000153,68.90000153,80.69999695,55.40000153,0,0
2015-01-02,70,70,70,70,80.69999695,55.40000153,0,0
2015-01-05,71.5,71.5,71.5,71.5,80.69999695,55.40000153,0,0
2015-01-06,84.90000153,84.90000153,84.90000153,84.90000153,80.69999695,55.40000153,0,0
2015-01-07,85.19999695,85.19999695,85.19999695,85.19999695,84.90000153,55.40000153,0,0
2015-01-08,85.19999695,85.19999695,85.19999695,85.19999695,85.19999695,55.40000153,0,0
2015-01-09,80.59999847,80.59999847,80.59999847,80.59999847,85.19999695,55.40000153,0,0
2015-01-12,81.90000153,81.90000153,81.90000153,81.90000153,85.19999695,55.40000153,0,0
2015-01-13,83,83,83,83,85.19999695,55.40000153,0,0
2015-01-14,85.30000305,85.30000305,85.30000305,85.30000305,85.19999695,55.40000153,0,0
2015-01-15,85.30000305,85.30000305,85.30000305,85.30000305,85.30000305,55.40000153,0,0
2015-01-16,92.59999847,92.59999847,92.59999847,92.59999847,85.30000305,55.40000153,0,0
2015-01-20,90.59999847,90.59999847,90.59999847,90.59999847,92.59999847,55.40000153,0,0
2015-01-21,88.30000305,88.30000305,88.30000305,88.30000305,92.59999847,55.40000153,0,0
2015-01-22,85.09999847,85.09999847,85.09999847,85.09999847,92.59999847,55.40000153,0,0
2015-01-23,89.90000153,89.90000153,89.90000153,89.90000153,92.59999847,55.40000153,0,0
2015-01-26,85.30000305,85.30000305,85.30000305,85.30000305,92.59999847,55.40000153,0,0
2015-01-27,86.19999695,86.19999695,86.19999695,86.19999695,92.59999847,55.40000153,0,0
2015-01-28,86.40000153,86.40000153,86.40000153,86.40000153,92.59999847,68.90000153,0,0
2015-01-29,86.59999847,86.59999847,86.59999847,86.59999847,92.59999847,68.90000153,0,0
2015-02-02,88.09999847,88.09999847,88.09999847,88.09999847,92.59999847,68.90000153,0,0
2015-02-03,92.69999695,92.69999695,92.69999695,92.69999695,92.59999847,70,0,0
2015-02-04,92.30000305,92.30000305,92.30000305,92.30000305,92.69999695,71.5,0,0
2015-02-05,93,93,93,93,92.69999695,80.59999847,0,0
2015-02-06,93.69999695,93.69999695,93.69999695,93.69999695,93,80.59999847,0,0
2015-02-09,95.09999847,95.09999847,95.09999847,95.09999847,93.69999695,80.59999847,0,0
2015-02-10,95.34999847,95.34999847,95.34999847,95.34999847,95.09999847,80.59999847,0,0
2015-02-11,94.19999695,94.19999695,94.19999695,94.19999695,95.34999847,81.90000153,0,0
2015-02-12,91.59999847,91.59999847,91.59999847,91.59999847,95.34999847,83,0,0
2015-02-13,91.40000153,91.40000153,91.40000153,91.40000153,95.34999847,85.09999847,0,0
2015-02-17,91.80000305,91.80000305,91.80000305,91.80000305,95.34999847,85.09999847,0,0
2015-02-18,91.40000153,91.40000153,91.40000153,91.40000153,95.34999847,85.09999847,0,0
2015-02-19,98.5,98.5,98.5,98.5,95.34999847,85.09999847,0,0
2015-02-20,98.30000305,98.30000305,98.30000305,98.30000305,98.5,85.09999847,0,0
2015-02-23,97.69999695,97.69999695,97.69999695,97.69999695,98.5,85.09999847,0,0
2015-02-24,94.09999847,94.09999847,94.09999847,94.09999847,98.5,85.30000305,0,0
2015-02-25,91.5,91.5,91.5,91.5,98.5,85.30000305,0,0
2015-02-26,90.5,90.5,90.5,90.5,98.5,86.19999695,0,0
2015-02-27,91.40000153,91.40000153,91.40000153,91.40000153,98.5,86.40000153,0,0
2015-03-02,90.19999695,90.19999695,90.19999695,90.19999695,98.5,86.59999847,0,0
2015-03-03,91.80000305,91.80000305,91.80000305,91.80000305,98.5,88.09999847,0,0
2015-03-04,90.69999695,90.69999695,90.69999695,90.69999695,98.5,90.19999695,0,0
2015-03-05,89.30000305,89.30000305,89.30000305,89.30000305,98.5,90.19999695,0,0
2015-03-06,86.59999847,86.59999847,86.59999847,86.59999847,98.5,89.30000305,0,0
2015-03-09,84,84,84,84,98.5,86.59999847,0,0
2015-03-10,84.40000153,84.40000153,84.40000153,84.40000153,98.5,84,0,0
2015-03-11,85,85,85,85,98.5,84,0,0
2015-03-12,85.59999847,85.59999847,85.59999847,85.59999847,98.5,84,0,0
2015-03-13,86.09999847,86.09999847,86.09999847,86.09999847,98.5,84,0,0
2015-03-16,84.80000305,84.80000305,84.80000305,84.80000305,98.5,84,0,0
2015-03-17,86.30000305,86.30000305,86.30000305,86.30000305,98.5,84,0,0
2015-03-18,85.69999695,85.69999695,85.69999695,85.69999695,98.5,84,0,0
2015-03-19,87.80000305,87.80000305,87.80000305,87.80000305,98.5,84,0,0
2015-03-20,86.5,86.5,86.5,86.5,98.30000305,84,0,0
2015-03-23,84.90000153,84.90000153,84.90000153,84.90000153,97.69999695,84,0,0
2015-03-24,83.69999695,83.69999695,83.69999695,83.69999695,94.09999847,84,0,0
2015-03-25,84.19999695,84.19999695,84.19999695,84.19999695,91.80000305,83.69999695,0,0
2015-03-26,86.19999695,86.19999695,86.19999695,86.19999695,91.80000305,83.69999695,0,0
2015-03-27,86.19999695,86.19999695,86.19999695,86.19999695,91.80000305,83.69999695,0,0
2015-03-30,86.40000153,86.40000153,86.40000153,86.40000153,91.80000305,83.69999695,0,0
2015-03-31,86.09999847,86.09999847,86.09999847,86.09999847,91.80000305,83.69999695,0,0
2015-04-01,85.59999847,85.59999847,85.59999847,85.59999847,90.69999695,83.69999695,0,0
2015-04-02,84.30000305,84.30000305,84.30000305,84.30000305,89.30000305,83.69999695,0,0
2015-04-06,79,79,79,79,87.80000305,83.69999695,0,0
2015-04-07,77.80000305,77.80000305,77.80000305,77.80000305,87.80000305,79,0,0
2015-04-08,80,80,80,80,87.80000305,77.80000305,0,0
2015-04-09,78.80000305,78.80000305,78.80000305,78.80000305,87.80000305,77.80000305,0,0
2015-04-10,77.80000305,77.80000305,77.80000305,77.80000305,87.80000305,77.80000305,0,0
2015-04-13,75.80000305,75.80000305,75.80000305,75.80000305,87.80000305,77.80000305,0,0
2015-04-14,74.80000305,74.80000305,74.80000305,74.80000305,87.80000305,75.80000305,0,0
2015-04-15,73,73,73,73,87.80000305,74.80000305,0,0
2015-04-16,72.40000153,72.40000153,72.40000153,72.40000153,87.80000305,73,0,0
2015-04-17,74.40000153,74.40000153,74.40000153,74.40000153,87.80000305,72.40000153,0,0
2015-04-20,73.5,73.5,73.5,73.5,86.5,72.40000153,0,0
2015-04-21,72.90000153,72.90000153,72.90000153,72.90000153,86.40000153,72.40000153,0,0
2015-04-22,72.90000153,72.90000153,72.90000153,72.90000153,86.40000153,72.40000153,0,0
2015-04-23,73.19999695,73.19999695,73.19999695,73.19999695,86.40000153,72.40000153,0,0
2015-04-24,71.59999847,71.59999847,71.59999847,71.59999847,86.40000153,72.40000153,0,0
2015-04-27,71,71,71,71,86.40000153,71.59999847,0,0
2015-04-28,72.90000153,72.90000153,72.90000153,72.90000153,86.40000153,71,0,0
2015-04-29,73.90000153,73.90000153,73.90000153,73.90000153,86.09999847,71,0,0
2015-04-30,75.30000305,75.30000305,75.30000305,75.30000305,85.59999847,71,0,0
2015-05-01,78.90000153,78.90000153,78.90000153,78.90000153,84.30000305,71,0,0
2015-05-04,81.09999847,81.09999847,81.09999847,81.09999847,80,71,0,0
2015-05-05,87.69999695,87.69999695,87.69999695,87.69999695,81.09999847,71,0,0
2015-05-06,91,91,91,91,87.69999695,71,0,0
2015-05-07,89.59999847,89.59999847,89.59999847,89.59999847,91,71,0,0
2015-05-08,80.90000153,80.90000153,80.90000153,80.90000153,91,71,0,0
2015-05-11,84.09999847,84.09999847,84.09999847,84.09999847,91,71,0,0
2015-05-12,87.40000153,87.40000153,87.40000153,87.40000153,91,71,0,0
2015-05-13,85.59999847,85.59999847,85.59999847,85.59999847,91,71,0,0
2015-05-14,83.19999695,83.19999695,83.19999695,83.19999695,91,71,0,0
2015-05-15,83.19999695,83.19999695,83.19999695,83.19999695,91,71,0,0
2015-05-18,88.19999695,88.19999695,88.19999695,88.19999695,91,71,0,0
2015-05-19,87.66999817,87.66999817,87.66999817,87.66999817,91,71,0,0
2015-05-20,87.65000153,87.65000153,87.65000153,87.65000153,91,71,0,0
2015-05-21,86.09999847,86.09999847,86.09999847,86.09999847,91,71,0,0
2015-05-22,87.66999817,87.66999817,87.66999817,87.66999817,91,71,0,0
2015-05-26,85.36000061,85.36000061,85.36000061,85.36000061,91,71,0,0
2015-05-27,84,84,84,84,91,72.90000153,0,0
2015-05-28,82.69999695,82.69999695,82.69999695,82.69999695,91,73.90000153,0,0
2015-05-29,82.69999695,82.69999695,82.69999695,82.69999695,91,75.30000305,0,0
2015-06-01,83.55000305,83.55000305,83.55000305,83.55000305,91,78.90000153,0,0
2015-06-02,87.5,87.5,87.5,87.5,91,80.90000153,0,0
2015-06-03,91.80999756,91.80999756,91.80999756,91.80999756,91,80.90000153,0,0
2015-06-04,92.20999908,92.20999908,92.20999908,92.20999908,91.80999756,80.90000153,0,0
2015-06-05,88.90000153,88.90000153,88.90000153,88.90000153,92.20999908,80.90000153,0,0
2015-06-08,87.59999847,87.59999847,87.59999847,87.59999847,92.20999908,80.90000153,0,0
2015-06-09,87.19999695,87.19999695,87.19999695,87.19999695,92.20999908,82.69999695,0,0
2015-06-10,89.80000305,89.80000305,89.80000305,89.80000305,92.20999908,82.69999695,0,0
2015-06-11,87.80000305,87.80000305,87.80000305,87.80000305,92.20999908,82.69999695,0,0
2015-06-12,87.69999695,87.69999695,87.69999695,87.69999695,92.20999908,82.69999695,0,0
2015-06-15,86,86,86,86,92.20999908,82.69999695,0,0
2015-06-16,85.69999695,85.69999695,85.69999695,85.69999695,92.20999908,82.69999695,0,0
2015-06-17,82.40000153,82.40000153,82.40000153,82.40000153,92.20999908,82.69999695,0,0
2015-06-18,82.59999847,82.59999847,82.59999847,82.59999847,92.20999908,82.40000153,0,0
2015-06-19,84.69999695,84.69999695,84.69999695,84.69999695,92.20999908,82.40000153,0,0
2015-06-22,84.40000153,84.40000153,84.40000153,84.40000153,92.20999908,82.40000153,0,0
2015-06-23,84.19999695,84.19999695,84.19999695,84.19999695,92.20999908,82.40000153,0,0
2015-06-24,82.69999695,82.69999695,82.69999695,82.69999695,92.20999908,82.40000153,0,0
2015-06-25,83.31999969,83.31999969,83.31999969,83.31999969,92.20999908,82.40000153,0,0
2015-06-26,84.30000305,84.30000305,84.30000305,84.30000305,92.20999908,82.40000153,0,0
2015-06-29,89.80000305,89.80000305,89.80000305,89.80000305,92.20999908,82.40000153,0,0
2015-06-30,92.30000305,92.30000305,92.30000305,92.30000305,92.20999908,82.40000153,0,0
2015-07-01,90.30000305,90.30000305,90.30000305,90.30000305,92.30000305,82.40000153,0,0
2015-07-02,88,88,88,88,92.30000305,82.40000153,0,0
2015-07-06,86.18000031,86.18000031,86.18000031,86.18000031,92.30000305,82.40000153,0,0
2015-07-07,90.5,90.5,90.5,90.5,92.30000305,82.40000153,0,0
2015-07-08,89.40000153,89.40000153,89.40000153,89.40000153,92.30000305,82.40000153,0,0
2015-07-09,89.30000305,89.30000305,89.30000305,89.30000305,92.30000305,82.40000153,0,0
2015-07-10,90.19999695,90.19999695,90.19999695,90.19999695,92.30000305,82.40000153,0,0
2015-07-13,84.69999695,84.69999695,84.69999695,84.69999695,92.30000305,82.40000153,0,0
2015-07-14,80.80000305,80.80000305,80.80000305,80.80000305,92.30000305,82.40000153,0,0
2015-07-15,79.09999847,79.09999847,79.09999847,79.09999847,92.30000305,80.80000305,0,0
2015-07-16,76,76,76,76,92.30000305,79.09999847,0,0
2015-07-17,74.20999908,74.20999908,74.20999908,74.20999908,92.30000305,76,0,0
2015-07-20,72.80000305,72.80000305,72.80000305,72.80000305,92.30000305,74.20999908,0,0
2015-07-21,72.40000153,72.40000153,72.40000153,72.40000153,92.30000305,72.80000305,0,0
2015-07-22,72.09999847,72.09999847,72.09999847,72.09999847,92.30000305,72.40000153,0,0
2015-07-23,72.59999847,72.59999847,72.59999847,72.59999847,92.30000305,72.09999847,0,0
2015-07-24,73,73,73,73,92.30000305,72.09999847,0,0
2015-07-27,72.19999695,72.19999695,72.19999695,72.19999695,92.30000305,72.09999847,0,0
2015-07-28,71.90000153,71.90000153,71.90000153,71.90000153,92.30000305,72.09999847,0,0
2015-07-29,69.70999908,69.70999908,69.70999908,69.70999908,92.30000305,71.90000153,0,0
2015-07-30,71.19999695,71.19999695,71.19999695,71.19999695,90.5,69.70999908,0,0
2015-07-31,75.80000305,75.80000305,75.80000305,75.80000305,90.5,69.70999908,0,0
2015-08-03,74.69999695,74.69999695,74.69999695,74.69999695,90.5,69.70999908,0,0
2015-08-04,80.47000122,80.47000122,80.47000122,80.47000122,90.5,69.70999908,0,0
2015-08-05,80.69999695,80.69999695,80.69999695,80.69999695,90.19999695,69.70999908,0,0
2015-08-06,80.30000305,80.30000305,80.30000305,80.30000305,90.19999695,69.70999908,0,0
2015-08-07,76.19999695,76.19999695,76.19999695,76.19999695,90.19999695,69.70999908,0,0
2015-08-10,75.30000305,75.30000305,75.30000305,75.30000305,84.69999695,69.70999908,0,0
2015-08-11,78.09999847,78.09999847,78.09999847,78.09999847,80.80000305,69.70999908,0,0
2015-08-12,81.5,81.5,81.5,81.5,80.69999695,69.70999908,0,0
2015-08-13,80,80,80,80,81.5,69.70999908,0,0
2015-08-14,77.09999847,77.09999847,77.09999847,77.09999847,81.5,69.70999908,0,0
2015-08-17,76.09999847,76.09999847,76.09999847,76.09999847,81.5,69.70999908,0,0
2015-08-18,82.69999695,82.69999695,82.69999695,82.69999695,81.5,69.70999908,0,0
2015-08-19,81.5,81.5,81.5,81.5,82.69999695,69.70999908,0,0
2015-08-20,84.59999847,84.59999847,84.59999847,84.59999847,82.69999695,69.70999908,0,0
2015-08-21,88.5,88.5,88.5,88.5,84.59999847,69.70999908,0,0
2015-08-24,94.5,94.5,94.5,94.5,88.5,69.70999908,0,0
2015-08-25,91.09999847,91.09999847,91.09999847,91.09999847,94.5,69.70999908,0,0
2015-08-26,92,92,92,92,94.5,69.70999908,0,0
2015-08-27,91.40000153,91.40000153,91.40000153,91.40000153,94.5,71.19999695,0,0
2015-08-28,91.09999847,91.09999847,91.09999847,91.09999847,94.5,74.69999695,0,0
2015-08-31,87.69999695,87.69999695,87.69999695,87.69999695,94.5,74.69999695,0,0
2015-09-01,88.69999695,88.69999695,88.69999695,88.69999695,94.5,75.30000305,0,0
2015-09-02,93.09999847,93.09999847,93.09999847,93.09999847,94.5,75.30000305,0,0
2015-09-03,91.40000153,91.40000153,91.40000153,91.40000153,94.5,75.30000305,0,0
2015-09-04,86.80000305,86.80000305,86.80000305,86.80000305,94.5,75.30000305,0,0
2015-09-08,85.19999695,85.19999695,85.19999695,85.19999695,94.5,75.30000305,0,0
2015-09-09,85.09999847,85.09999847,85.09999847,85.09999847,94.5,76.09999847,0,0
2015-09-10,83.59999847,83.59999847,83.59999847,83.59999847,94.5,76.09999847,0,0
2015-09-11,83.80000305,83.80000305,83.80000305,83.80000305,94.5,76.09999847,0,0
2015-09-14,82.69999695,82.69999695,82.69999695,82.69999695,94.5,76.09999847,0,0
2015-09-15,85,85,85,85,94.5,76.09999847,0,0
2015-09-16,84.90000153,84.90000153,84.90000153,84.90000153,94.5,81.5,0,0
2015-09-17,77.69999695,77.69999695,77.69999695,77.69999695,94.5,81.5,0,0
2015-09-18,75.80000305,75.80000305,75.80000305,75.80000305,94.5,77.69999695,0,0
2015-09-21,74.5,74.5,74.5,74.5,94.5,75.80000305,0,0
2015-09-22,75.59999847,75.59999847,75.59999847,75.59999847,94.5,74.5,0,0
2015-09-23,69.19999695,69.19999695,69.19999695,69.19999695,93.09999847,74.5,0,0
2015-09-24,76.40000153,76.40000153,76.40000153,76.40000153,93.09999847,69.19999695,0,0
2015-09-25,75.90000153,75.90000153,75.90000153,75.90000153,93.09999847,69.19999695,0,0
2015-09-28,76.90000153,76.90000153,76.90000153,76.90000153,93.09999847,69.19999695,0,0
2015-09-29,83.30000305,83.30000305,83.30000305,83.30000305,93.09999847,69.19999695,0,0
2015-09-30,81.59999847,81.59999847,81.59999847,81.59999847,93.09999847,69.19999695,0,0
2015-10-01,81.5,81.5,81.5,81.5,93.09999847,69.19999695,0,0
2015-10-02,78.90000153,78.90000153,78.90000153,78.90000153,91.40000153,69.19999695,0,0
2015-10-05,77.5,77.5,77.5,77.5,86.80000305,69.19999695,0,0
2015-10-06,80.30000305,80.30000305,80.30000305,80.30000305,85.19999695,69.19999695,0,0
2015-10-07,80,80,80,80,85.09999847,69.19999695,0,0
2015-10-08,79.5,79.5,79.5,79.5,85,69.19999695,0,0
2015-10-09,78.19999695,78.19999695,78.19999695,78.19999695,85,69.19999695,0,0
2015-10-13,76.30000305,76.30000305,76.30000305,76.30000305,85,69.19999695,0,0
2015-10-14,74.80000305,74.80000305,74.80000305,74.80000305,85,69.19999695,0,0
2015-10-15,74.59999847,74.59999847,74.59999847,74.59999847,84.90000153,69.19999695,0,0
2015-10-16,74.69999695,74.69999695,74.69999695,74.69999695,83.30000305,69.19999695,0,0
2015-10-19,71,71,71,71,83.30000305,69.19999695,0,0
2015-10-20,71.09999847,71.09999847,71.09999847,71.09999847,83.30000305,69.19999695,0,0
2015-10-21,69.69999695,69.69999695,69.69999695,69.69999695,83.30000305,69.19999695,0,0
2015-10-22,70,70,70,70,83.30000305,69.19999695,0,0
2015-10-23,70.80000305,70.80000305,70.80000305,70.80000305,83.30000305,69.69999695,0,0
2015-10-26,69.69999695,69.69999695,69.69999695,69.69999695,83.30000305,69.69999695,0,0
2015-10-27,69.80000305,69.80000305,69.80000305,69.80000305,83.30000305,69.69999695,0,0
2015-10-28,70.30000305,70.30000305,70.30000305,70.30000305,83.30000305,69.69999695,0,0
2015-10-29,73.09999847,73.09999847,73.09999847,73.09999847,81.59999847,69.69999695,0,0
2015-10-30,73.09999847,73.09999847,73.09999847,73.09999847,81.5,69.69999695,0,0
2015-11-02,73.19999695,73.19999695,73.19999695,73.19999695,80.30000305,69.69999695,0,0
2015-11-03,73.30000305,73.30000305,73.30000305,73.30000305,80.30000305,69.69999695,0,0
2015-11-04,77.59999847,77.59999847,77.59999847,77.59999847,80.30000305,69.69999695,0,0
2015-11-05,76.69999695,76.69999695,76.69999695,76.69999695,80,69.69999695,0,0
2015-11-06,74.30000305,74.30000305,74.30000305,74.30000305,79.5,69.69999695,0,0
2015-11-10,70.5,70.5,70.5,70.5,78.19999695,69.69999695,0,0
2015-11-13,68.30000305,68.30000305,68.30000305,68.30000305,77.59999847,69.69999695,0,0
2015-11-16,67.69999695,67.69999695,67.69999695,67.69999695,77.59999847,68.30000305,0,0
2015-11-17,72.30000305,72.30000305,72.30000305,72.30000305,77.59999847,67.69999695,0,0
2015-11-18,71.69999695,71.69999695,71.69999695,71.69999695,77.59999847,67.69999695,0,0
2015-11-19,70.5,70.5,70.5,70.5,77.59999847,67.69999695,0,0
2015-11-20,70.5,70.5,70.5,70.5,77.59999847,67.69999695,0,0
2015-11-23,70.80000305,70.80000305,70.80000305,70.80000305,77.59999847,67.69999695,0,0
2015-11-24,70.90000153,70.90000153,70.90000153,70.90000153,77.59999847,67.69999695,0,0
2015-11-25,70,70,70,70,77.59999847,67.69999695,0,0
2015-11-27,69.59999847,69.59999847,69.59999847,69.59999847,77.59999847,67.69999695,0,0
2015-11-30,69.90000153,69.90000153,69.90000153,69.90000153,77.59999847,67.69999695,0,0
2015-12-01,71,71,71,71,77.59999847,67.69999695,0,0
2015-12-02,72.30000305,72.30000305,72.30000305,72.30000305,77.59999847,67.69999695,0,0
2015-12-03,74.59999847,74.59999847,74.59999847,74.59999847,77.59999847,67.69999695,0,0
2015-12-04,71.30000305,71.30000305,71.30000305,71.30000305,77.59999847,67.69999695,0,0
2015-12-07,70.55999756,70.55999756,70.55999756,70.55999756,77.59999847,67.69999695,0,0
2015-12-08,72.69999695,72.69999695,72.69999695,72.69999695,77.59999847,67.69999695,0,0
2015-12-09,72.40000153,72.40000153,72.40000153,72.40000153,76.69999695,67.69999695,0,0
2015-12-10,72.30000305,72.30000305,72.30000305,72.30000305,74.59999847,67.69999695,0,0
2015-12-11,75,75,75,75,74.59999847,67.69999695,0,0
2015-12-14,78.19999695,78.19999695,78.19999695,78.19999695,75,67.69999695,0,0
2015-12-15,79.59999847,79.59999847,79.59999847,79.59999847,78.19999695,67.69999695,0,0
2015-12-16,70.19999695,70.19999695,70.19999695,70.19999695,79.59999847,69.59999847,0,0
2015-12-17,67.69999695,67.69999695,67.69999695,67.69999695,79.59999847,69.59999847,0,0
2015-12-18,67.80000305,67.80000305,67.80000305,67.80000305,79.59999847,67.69999695,0,0
2015-12-21,66.40000153,66.40000153,66.40000153,66.40000153,79.59999847,67.69999695,0,0
2015-12-22,66.90000153,66.90000153,66.90000153,66.90000153,79.59999847,66.40000153,0,0
2015-12-23,66,66,66,66,79.59999847,66.40000153,0,0
2015-12-24,65.5,65.5,65.5,65.5,79.59999847,66,0,0
2015-12-28,67.19999695,67.19999695,67.19999695,67.19999695,79.59999847,65.5,0,0
2015-12-29,67.19999695,67.19999695,67.19999695,67.19999695,79.59999847,65.5,0,0
2015-12-30,67.30000305,67.30000305,67.30000305,67.30000305,79.59999847,65.5,0,0
2015-12-31,67.80000305,67.80000305,67.80000305,67.80000305,79.59999847,65.5,0,0
2016-01-04,68.80000305,68.80000305,68.80000305,68.80000305,79.59999847,65.5,0,0
2016-01-05,71.41999817,71.41999817,71.41999817,71.41999817,79.59999847,65.5,0,0
2016-01-06,71.68000031,71.68000031,71.68000031,71.68000031,79.59999847,65.5,0,0
2016-01-07,74.20999908,74.20999908,74.20999908,74.20999908,79.59999847,65.5,0,0
2016-01-08,71.01000214,71.01000214,71.01000214,71.01000214,79.59999847,65.5,0,0
2016-01-11,71.01999664,71.01999664,71.01999664,71.01999664,79.59999847,65.5,0,0
2016-01-13,74.45999908,74.45999908,74.45999908,74.45999908,79.59999847,65.5,0,0
2016-01-14,73.61000061,73.61000061,73.61000061,73.61000061,79.59999847,65.5,0,0
2016-01-15,78.05999756,78.05999756,78.05999756,78.05999756,79.59999847,65.5,0,0
2016-01-19,77.31999969,77.31999969,77.31999969,77.31999969,78.05999756,65.5,0,0
2016-01-20,81.81999969,81.81999969,81.81999969,81.81999969,78.05999756,65.5,0,0
2016-01-21,80.73000336,80.73000336,80.73000336,80.73000336,81.81999969,65.5,0,0
2016-01-22,77.34999847,77.34999847,77.34999847,77.34999847,81.81999969,65.5,0,0
2016-01-25,75.41000366,75.41000366,75.41000366,75.41000366,81.81999969,65.5,0,0
2016-01-26,75.16000366,75.16000366,75.16000366,75.16000366,81.81999969,65.5,0,0
2016-01-27,71.94000244,71.94000244,71.94000244,71.94000244,81.81999969,65.5,0,0
2016-01-28,70.98000336,70.98000336,70.98000336,70.98000336,81.81999969,67.19999695,0,0
2016-01-29,74,74,74,74,81.81999969,67.19999695,0,0
2016-02-01,73.45999908,73.45999908,73.45999908,73.45999908,81.81999969,67.30000305,0,0
2016-02-02,77.48999786,77.48999786,77.48999786,77.48999786,81.81999969,67.80000305,0,0
2016-02-03,79.62000275,79.62000275,79.62000275,79.62000275,81.81999969,68.80000305,0,0
2016-02-04,83.76000214,83.76000214,83.76000214,83.76000214,81.81999969,70.98000336,0,0
2016-02-05,81.66999817,81.66999817,81.66999817,81.66999817,83.76000214,70.98000336,0,0
2016-02-08,89.26999664,89.26999664,89.26999664,89.26999664,83.76000214,70.98000336,0,0
2016-02-09,91.61000061,91.61000061,91.61000061,91.61000061,89.26999664,70.98000336,0,0
2016-02-10,86.31999969,86.31999969,86.31999969,86.31999969,91.61000061,70.98000336,0,0
2016-02-11,96.30999756,96.30999756,96.30999756,96.30999756,91.61000061,70.98000336,0,0
2016-02-12,93.72000122,93.72000122,93.72000122,93.72000122,96.30999756,70.98000336,0,0
2016-02-16,86.81999969,86.81999969,86.81999969,86.81999969,96.30999756,70.98000336,0,0
2016-02-17,84.79000092,84.79000092,84.79000092,84.79000092,96.30999756,70.98000336,0,0
2016-02-18,86.12000275,86.12000275,86.12000275,86.12000275,96.30999756,70.98000336,0,0
2016-02-19,90.09999847,90.09999847,90.09999847,90.09999847,96.30999756,70.98000336,0,0
2016-02-22,85.15000153,85.15000153,85.15000153,85.15000153,96.30999756,70.98000336,0,0
2016-02-23,83.98000336,83.98000336,83.98000336,83.98000336,96.30999756,70.98000336,0,0
2016-02-24,85.08999634,85.08999634,85.08999634,85.08999634,96.30999756,70.98000336,0,0
2016-02-25,84.44000244,84.44000244,84.44000244,84.44000244,96.30999756,70.98000336,0,0
2016-02-26,82.54000092,82.54000092,82.54000092,82.54000092,96.30999756,70.98000336,0,0
2016-02-29,83.38999939,83.38999939,83.38999939,83.38999939,96.30999756,73.45999908,0,0
2016-03-01,84.22000122,84.22000122,84.22000122,84.22000122,96.30999756,73.45999908,0,0
2016-03-02,83.65000153,83.65000153,83.65000153,83.65000153,96.30999756,77.48999786,0,0
2016-03-03,81.72000122,81.72000122,81.72000122,81.72000122,96.30999756,79.62000275,0,0
2016-03-04,78.01000214,78.01000214,78.01000214,78.01000214,96.30999756,81.66999817,0,0
2016-03-07,77.83000183,77.83000183,77.83000183,77.83000183,96.30999756,78.01000214,0,0
2016-03-08,80.72000122,80.72000122,80.72000122,80.72000122,96.30999756,77.83000183,0,0
2016-03-09,80.36000061,80.36000061,80.36000061,80.36000061,96.30999756,77.83000183,0,0
2016-03-10,80.84999847,80.84999847,80.84999847,80.84999847,96.30999756,77.83000183,0,0
2016-03-11,81.41999817,81.41999817,81.41999817,81.41999817,96.30999756,77.83000183,0,0
2016-03-14,79.12000275,79.12000275,79.12000275,79.12000275,93.72000122,77.83000183,0,0
2016-03-15,78.47000122,78.47000122,78.47000122,78.47000122,90.09999847,77.83000183,0,0
2016-03-16,74.16000366,74.16000366,74.16000366,74.16000366,90.09999847,77.83000183,0,0
2016-03-17,72.41000366,72.41000366,72.41000366,72.41000366,90.09999847,74.16000366,0,0
2016-03-18,71.26000214,71.26000214,71.26000214,71.26000214,90.09999847,72.41000366,0,0
2016-03-21,70.83000183,70.83000183,70.83000183,70.83000183,85.15000153,71.26000214,0,0
2016-03-22,71.12000275,71.12000275,71.12000275,71.12000275,85.08999634,70.83000183,0,0
2016-03-23,71.08000183,71.08000183,71.08000183,71.08000183,85.08999634,70.83000183,0,0
2016-03-24,72.68000031,72.68000031,72.68000031,72.68000031,84.44000244,70.83000183,0,0
2016-03-28,74.69000244,74.69000244,74.69000244,74.69000244,84.22000122,70.83000183,0,0
2016-03-29,72.66000366,72.66000366,72.66000366,72.66000366,84.22000122,70.83000183,0,0
2016-03-30,70.54000092,70.54000092,70.54000092,70.54000092,84.22000122,70.83000183,0,0
2016-03-31,68.80000305,68.80000305,68.80000305,68.80000305,83.65000153,70.54000092,0,0
2016-04-01,67,67,67,67,81.72000122,68.80000305,0,0
2016-04-04,65.36000061,65.36000061,65.36000061,65.36000061,81.41999817,67,0,0
2016-04-05,68.30999756,68.30999756,68.30999756,68.30999756,81.41999817,65.36000061,0,0
2016-04-06,69.70999908,69.70999908,69.70999908,69.70999908,81.41999817,65.36000061,0,0
2016-04-07,71.08999634,71.08999634,71.08999634,71.08999634,81.41999817,65.36000061,0,0
2016-04-08,70.87999725,70.87999725,70.87999725,70.87999725,81.41999817,65.36000061,0,0
2016-04-11,69.76999664,69.76999664,69.76999664,69.76999664,81.41999817,65.36000061,0,0
2016-04-12,68.77999878,68.77999878,68.77999878,68.77999878,79.12000275,65.36000061,0,0
2016-04-13,67.48000336,67.48000336,67.48000336,67.48000336,78.47000122,65.36000061,0,0
2016-04-14,67.51999664,67.51999664,67.51999664,67.51999664,74.69000244,65.36000061,0,0
2016-04-15,66.48999786,66.48999786,66.48999786,66.48999786,74.69000244,65.36000061,0,0
2016-04-18,66.33999634,66.33999634,66.33999634,66.33999634,74.69000244,65.36000061,0,0
2016-04-19,66.44000244,66.44000244,66.44000244,66.44000244,74.69000244,65.36000061,0,0
2016-04-20,67.76999664,67.76999664,67.76999664,67.76999664,74.69000244,65.36000061,0,0
2016-04-21,68.59999847,68.59999847,68.59999847,68.59999847,74.69000244,65.36000061,0,0
2016-04-22,67.77999878,67.77999878,67.77999878,67.77999878,74.69000244,65.36000061,0,0
2016-04-25,67.88999939,67.88999939,67.88999939,67.88999939,74.69000244,65.36000061,0,0
2016-04-26,67.15000153,67.15000153,67.15000153,67.15000153,72.66000366,65.36000061,0,0
2016-04-27,64.73999786,64.73999786,64.73999786,64.73999786,71.08999634,65.36000061,0,0
2016-04-28,64.63999939,64.63999939,64.63999939,64.63999939,71.08999634,64.73999786,0,0
2016-04-29,64.91999817,64.91999817,64.91999817,64.91999817,71.08999634,64.63999939,0,0
2016-05-02,64.68000031,64.68000031,64.68000031,64.68000031,71.08999634,64.63999939,0,0
2016-05-03,68.41000366,68.41000366,68.41000366,68.41000366,71.08999634,64.63999939,0,0
2016-05-04,68.12000275,68.12000275,68.12000275,68.12000275,71.08999634,64.63999939,0,0
2016-05-05,68.66999817,68.66999817,68.66999817,68.66999817,71.08999634,64.63999939,0,0
2016-05-06,65.15000153,65.15000153,65.15000153,65.15000153,70.87999725,64.63999939,0,0
2016-05-09,64.12000275,64.12000275,64.12000275,64.12000275,69.76999664,64.63999939,0,0
2016-05-10,63.97000122,63.97000122,63.97000122,63.97000122,68.77999878,64.12000275,0,0
2016-05-11,63.88999939,63.88999939,63.88999939,63.88999939,68.66999817,63.97000122,0,0
2016-05-12,63.91999817,63.91999817,63.91999817,63.91999817,68.66999817,63.88999939,0,0
2016-05-13,64.06999969,64.06999969,64.06999969,64.06999969,68.66999817,63.88999939,0,0
2016-05-16,66.94000244,66.94000244,66.94000244,66.94000244,68.66999817,63.88999939,0,0
2016-05-17,67.12000275,67.12000275,67.12000275,67.12000275,68.66999817,63.88999939,0,0
2016-05-18,69.84999847,69.84999847,69.84999847,69.84999847,68.66999817,63.88999939,0,0
2016-05-19,70.55999756,70.55999756,70.55999756,70.55999756,69.84999847,63.88999939,0,0
2016-05-20,68.51000214,68.51000214,68.51000214,68.51000214,70.55999756,63.88999939,0,0
2016-05-23,67.77999878,67.77999878,67.77999878,67.77999878,70.55999756,63.88999939,0,0
2016-05-24,69.41000366,69.41000366,69.41000366,69.41000366,70.55999756,63.88999939,0,0
2016-05-25,67.54000092,67.54000092,67.54000092,67.54000092,70.55999756,63.88999939,0,0
2016-05-26,66.15000153,66.15000153,66.15000153,66.15000153,70.55999756,63.88999939,0,0
2016-05-27,66.76000214,66.76000214,66.76000214,66.76000214,70.55999756,63.88999939,0,0
2016-05-31,67.91000366,67.91000366,67.91000366,67.91000366,70.55999756,63.88999939,0,0
2016-06-01,68.75,68.75,68.75,68.75,70.55999756,63.88999939,0,0
2016-06-02,69.55999756,69.55999756,69.55999756,69.55999756,70.55999756,63.88999939,0,0
2016-06-03,67.58999634,67.58999634,67.58999634,67.58999634,70.55999756,63.88999939,0,0
2016-06-06,66.26999664,66.26999664,66.26999664,66.26999664,70.55999756,63.88999939,0,0
2016-06-08,67.91999817,67.91999817,67.91999817,67.91999817,70.55999756,63.88999939,0,0
2016-06-10,75.09999847,75.09999847,75.09999847,75.09999847,70.55999756,63.88999939,0,0
2016-06-13,79.56999969,79.56999969,79.56999969,79.56999969,75.09999847,63.88999939,0,0
2016-06-14,79.09999847,79.09999847,79.09999847,79.09999847,79.56999969,63.91999817,0,0
2016-06-15,78.66999817,78.66999817,78.66999817,78.66999817,79.56999969,64.06999969,0,0
2016-06-16,83.54000092,83.54000092,83.54000092,83.54000092,79.56999969,66.15000153,0,0
2016-06-17,82.58000183,82.58000183,82.58000183,82.58000183,83.54000092,66.15000153,0,0
2016-06-20,77.31999969,77.31999969,77.31999969,77.31999969,83.54000092,66.15000153,0,0
2016-06-21,76.95999908,76.95999908,76.95999908,76.95999908,83.54000092,66.15000153,0,0
2016-06-22,79.51999664,79.51999664,79.51999664,79.51999664,83.54000092,66.15000153,0,0
2016-06-23,74.04000092,74.04000092,74.04000092,74.04000092,83.54000092,66.15000153,0,0
2016-06-24,77.94000244,77.94000244,77.94000244,77.94000244,83.54000092,66.15000153,0,0
2016-06-27,81.56999969,81.56999969,81.56999969,81.56999969,83.54000092,66.15000153,0,0
2016-06-28,78.66999817,78.66999817,78.66999817,78.66999817,83.54000092,66.15000153,0,0
2016-06-29,71.80000305,71.80000305,71.80000305,71.80000305,83.54000092,66.26999664,0,0
2016-06-30,72.63999939,72.63999939,72.63999939,72.63999939,83.54000092,66.26999664,0,0
2016-07-01,74.34999847,74.34999847,74.34999847,74.34999847,83.54000092,66.26999664,0,0
2016-07-05,78.12000275,78.12000275,78.12000275,78.12000275,83.54000092,66.26999664,0,0
2016-07-06,76.08999634,76.08999634,76.08999634,76.08999634,83.54000092,66.26999664,0,0
2016-07-07,76.73000336,76.73000336,76.73000336,76.73000336,83.54000092,66.26999664,0,0
2016-07-08,72.30999756,72.30999756,72.30999756,72.30999756,83.54000092,67.91999817,0,0
2016-07-11,69.77999878,69.77999878,69.77999878,69.77999878,83.54000092,71.80000305,0,0
2016-07-12,71.43000031,71.43000031,71.43000031,71.43000031,83.54000092,69.77999878,0,0
2016-07-13,71.65000153,71.65000153,71.65000153,71.65000153,83.54000092,69.77999878,0,0
2016-07-14,73.55999756,73.55999756,73.55999756,73.55999756,83.54000092,69.77999878,0,0
2016-07-15,74.76999664,74.76999664,74.76999664,74.76999664,83.54000092,69.77999878,0,0
2016-07-18,72.91999817,72.91999817,72.91999817,72.91999817,82.58000183,69.77999878,0,0
2016-07-19,70.52999878,70.52999878,70.52999878,70.52999878,81.56999969,69.77999878,0,0
2016-07-20,70.63999939,70.63999939,70.63999939,70.63999939,81.56999969,69.77999878,0,0
2016-07-21,71.86000061,71.86000061,71.86000061,71.86000061,81.56999969,69.77999878,0,0
2016-07-22,69.91000366,69.91000366,69.91000366,69.91000366,81.56999969,69.77999878,0,0
2016-07-25,68.75,68.75,68.75,68.75,81.56999969,69.77999878,0,0
2016-07-26,68.76000214,68.76000214,68.76000214,68.76000214,81.56999969,68.75,0,0
2016-07-27,66.63999939,66.63999939,66.63999939,66.63999939,78.66999817,68.75,0,0
2016-07-28,66.66999817,66.66999817,66.66999817,66.66999817,78.12000275,66.63999939,0,0
2016-07-29,64.15000153,64.15000153,64.15000153,64.15000153,78.12000275,66.63999939,0,0
2016-08-01,63.66999817,63.66999817,63.66999817,63.66999817,78.12000275,64.15000153,0,0
2016-08-02,67.84999847,67.84999847,67.84999847,67.84999847,78.12000275,63.66999817,0,0
2016-08-03,67.79000092,67.79000092,67.79000092,67.79000092,76.73000336,63.66999817,0,0
2016-08-04,67.09999847,67.09999847,67.09999847,67.09999847,76.73000336,63.66999817,0,0
2016-08-05,66.58999634,66.58999634,66.58999634,66.58999634,74.76999664,63.66999817,0,0
2016-08-08,65.5,65.5,65.5,65.5,74.76999664,63.66999817,0,0
2016-08-09,64.30000305,64.30000305,64.30000305,64.30000305,74.76999664,63.66999817,0,0
2016-08-10,63.34000015,63.34000015,63.34000015,63.34000015,74.76999664,63.66999817,0,0
2016-08-11,65.29000092,65.29000092,65.29000092,65.29000092,74.76999664,63.34000015,0,0
2016-08-12,64.37000275,64.37000275,64.37000275,64.37000275,74.76999664,63.34000015,0,0
2016-08-15,63.77000046,63.77000046,63.77000046,63.77000046,72.91999817,63.34000015,0,0
2016-08-16,63.66999817,63.66999817,63.66999817,63.66999817,71.86000061,63.34000015,0,0
2016-08-17,63.54000092,63.54000092,63.54000092,63.54000092,71.86000061,63.34000015,0,0
2016-08-18,63.65000153,63.65000153,63.65000153,63.65000153,71.86000061,63.34000015,0,0
2016-08-19,64.81999969,64.81999969,64.81999969,64.81999969,69.91000366,63.34000015,0,0
2016-08-22,67.87000275,67.87000275,67.87000275,67.87000275,68.76000214,63.34000015,0,0
2016-08-23,66.62000275,66.62000275,66.62000275,66.62000275,68.76000214,63.34000015,0,0
2016-08-24,66.51000214,66.51000214,66.51000214,66.51000214,67.87000275,63.34000015,0,0
2016-08-25,69.36000061,69.36000061,69.36000061,69.36000061,67.87000275,63.34000015,0,0
2016-08-26,71.23999786,71.23999786,71.23999786,71.23999786,69.36000061,63.34000015,0,0
2016-08-29,68.61000061,68.61000061,68.61000061,68.61000061,71.23999786,63.34000015,0,0
2016-08-30,69.11000061,69.11000061,69.11000061,69.11000061,71.23999786,63.34000015,0,0
2016-08-31,69.08000183,69.08000183,69.08000183,69.08000183,71.23999786,63.34000015,0,0
2016-09-01,70.25,70.25,70.25,70.25,71.23999786,63.34000015,0,0
2016-09-02,66.45999908,66.45999908,66.45999908,66.45999908,71.23999786,63.34000015,0,0
2016-09-06,63.45999908,63.45999908,63.45999908,63.45999908,71.23999786,63.34000015,0,0
2016-09-07,64.06999969,64.06999969,64.06999969,64.06999969,71.23999786,63.34000015,0,0
2016-09-08,65.94999695,65.94999695,65.94999695,65.94999695,71.23999786,63.34000015,0,0
2016-09-09,69.12000275,69.12000275,69.12000275,69.12000275,71.23999786,63.45999908,0,0
2016-09-12,68.91000366,68.91000366,68.91000366,68.91000366,71.23999786,63.45999908,0,0
2016-09-13,70.59999847,70.59999847,70.59999847,70.59999847,71.23999786,63.45999908,0,0
2016-09-14,69.23000336,69.23000336,69.23000336,69.23000336,71.23999786,63.45999908,0,0
2016-09-15,69.12999725,69.12999725,69.12999725,69.12999725,71.23999786,63.45999908,0,0
2016-09-16,69.20999908,69.20999908,69.20999908,69.20999908,71.23999786,63.45999908,0,0
2016-09-19,69.23000336,69.23000336,69.23000336,69.23000336,71.23999786,63.45999908,0,0
2016-09-20,69.23000336,69.23000336,69.23000336,69.23000336,71.23999786,63.45999908,0,0
2016-09-21,63.72999954,63.72999954,63.72999954,63.72999954,71.23999786,63.45999908,0,0
2016-09-22,61.18000031,61.18000031,61.18000031,61.18000031,71.23999786,63.45999908,0,0
2016-09-23,59.75,59.75,59.75,59.75,71.23999786,61.18000031,0,0
2016-09-26,58.84999847,58.84999847,58.84999847,58.84999847,71.23999786,59.75,0,0
2016-09-27,59.22999954,59.22999954,59.22999954,59.22999954,70.59999847,58.84999847,0,0
2016-09-28,57.61999893,57.61999893,57.61999893,57.61999893,70.59999847,58.84999847,0,0
2016-09-29,58.84000015,58.84000015,58.84000015,58.84000015,70.59999847,57.61999893,0,0
2016-09-30,60.56000137,60.56000137,60.56000137,60.56000137,70.59999847,57.61999893,0,0
2016-10-03,60.43000031,60.43000031,60.43000031,60.43000031,70.59999847,57.61999893,0,0
2016-10-04,62.08000183,62.08000183,62.08000183,62.08000183,70.59999847,57.61999893,0,0
2016-10-05,62.56999969,62.56999969,62.56999969,62.56999969,70.59999847,57.61999893,0,0
2016-10-06,64.29000092,64.29000092,64.29000092,64.29000092,70.59999847,57.61999893,0,0
2016-10-07,62.84000015,62.84000015,62.84000015,62.84000015,70.59999847,57.61999893,0,0
2016-10-12,63.95000076,63.95000076,63.95000076,63.95000076,70.59999847,57.61999893,0,0
2016-10-14,64.98000336,64.98000336,64.98000336,64.98000336,70.59999847,57.61999893,0,0
2016-10-17,64.41999817,64.41999817,64.41999817,64.41999817,69.23000336,57.61999893,0,0
2016-10-18,63.18000031,63.18000031,63.18000031,63.18000031,69.23000336,57.61999893,0,0
2016-10-19,61.63999939,61.63999939,61.63999939,61.63999939,69.23000336,57.61999893,0,0
2016-10-20,59.61999893,59.61999893,59.61999893,59.61999893,69.23000336,57.61999893,0,0
2016-10-21,57.09000015,57.09000015,57.09000015,57.09000015,69.23000336,57.61999893,0,0
2016-10-25,57.40999985,57.40999985,57.40999985,57.40999985,64.98000336,57.09000015,0,0
2016-10-26,59.50999832,59.50999832,59.50999832,59.50999832,64.98000336,57.09000015,0,0
2016-10-28,64.37999725,64.37999725,64.37999725,64.37999725,64.98000336,57.09000015,0,0
2016-10-31,65.47000122,65.47000122,65.47000122,65.47000122,64.98000336,57.09000015,0,0
2016-11-01,67.76000214,67.76000214,67.76000214,67.76000214,65.47000122,57.09000015,0,0
2016-11-02,69.25,69.25,69.25,69.25,67.76000214,57.09000015,0,0
2016-11-03,72.56999969,72.56999969,72.56999969,72.56999969,69.25,57.09000015,0,0
2016-11-04,74.61000061,74.61000061,74.61000061,74.61000061,72.56999969,57.09000015,0,0
2016-11-08,68.47000122,68.47000122,68.47000122,68.47000122,74.61000061,57.09000015,0,0
2016-11-09,76.33000183,76.33000183,76.33000183,76.33000183,74.61000061,57.09000015,0,0
2016-11-10,82.56999969,82.56999969,82.56999969,82.56999969,76.33000183,57.09000015,0,0
2016-11-14,89.22000122,89.22000122,89.22000122,89.22000122,82.56999969,57.09000015,0,0
2016-11-15,84.12000275,84.12000275,84.12000275,84.12000275,89.22000122,57.09000015,0,0
2016-11-16,80.12000275,80.12000275,80.12000275,80.12000275,89.22000122,57.09000015,0,0
2016-11-17,77.54000092,77.54000092,77.54000092,77.54000092,89.22000122,57.09000015,0,0
2016-11-18,81.65000153,81.65000153,81.65000153,81.65000153,89.22000122,57.09000015,0,0
2016-11-21,80.58000183,80.58000183,80.58000183,80.58000183,89.22000122,57.09000015,0,0
2016-11-22,76.45999908,76.45999908,76.45999908,76.45999908,89.22000122,57.09000015,0,0
2016-11-23,78.63999939,78.63999939,78.63999939,78.63999939,89.22000122,57.09000015,0,0
2016-11-25,79.69000244,79.69000244,79.69000244,79.69000244,89.22000122,57.09000015,0,0
2016-11-28,78.73999786,78.73999786,78.73999786,78.73999786,89.22000122,57.40999985,0,0
2016-11-29,77.30000305,77.30000305,77.30000305,77.30000305,89.22000122,59.50999832,0,0
2016-11-30,80.95999908,80.95999908,80.95999908,80.95999908,89.22000122,64.37999725,0,0
2016-12-01,86.62999725,86.62999725,86.62999725,86.62999725,89.22000122,65.47000122,0,0
2016-12-02,82.05999756,82.05999756,82.05999756,82.05999756,89.22000122,67.76000214,0,0
2016-12-05,79.83999634,79.83999634,79.83999634,79.83999634,89.22000122,68.47000122,0,0
2016-12-06,76.56999969,76.56999969,76.56999969,76.56999969,89.22000122,68.47000122,0,0
2016-12-07,73.44000244,73.44000244,73.44000244,73.44000244,89.22000122,68.47000122,0,0
2016-12-08,73.11000061,73.11000061,73.11000061,73.11000061,89.22000122,68.47000122,0,0
2016-12-09,75.55000305,75.55000305,75.55000305,75.55000305,89.22000122,73.11000061,0,0
2016-12-12,76.38999939,76.38999939,76.38999939,76.38999939,89.22000122,73.11000061,0,0
2016-12-13,75.36000061,75.36000061,75.36000061,75.36000061,89.22000122,73.11000061,0,0
2016-12-14,75.83999634,75.83999634,75.83999634,75.83999634,86.62999725,73.11000061,0,0
2016-12-15,78.61000061,78.61000061,78.61000061,78.61000061,86.62999725,73.11000061,0,0
2016-12-16,78.22000122,78.22000122,78.22000122,78.22000122,86.62999725,73.11000061,0,0
2016-12-19,75.23999786,75.23999786,75.23999786,75.23999786,86.62999725,73.11000061,0,0
2016-12-20,75.45999908,75.45999908,75.45999908,75.45999908,86.62999725,73.11000061,0,0
2016-12-21,73.97000122,73.97000122,73.97000122,73.97000122,86.62999725,73.11000061,0,0
2016-12-22,74.05000305,74.05000305,74.05000305,74.05000305,86.62999725,73.11000061,0,0
2016-12-23,72.56999969,72.56999969,72.56999969,72.56999969,86.62999725,73.11000061,0,0
2016-12-27,70.66000366,70.66000366,70.66000366,70.66000366,86.62999725,72.56999969,0,0
2016-12-28,70.79000092,70.79000092,70.79000092,70.79000092,86.62999725,70.66000366,0,0
2016-12-29,71.27999878,71.27999878,71.27999878,71.27999878,86.62999725,70.66000366,0,0
2016-12-30,71.62999725,71.62999725,71.62999725,71.62999725,86.62999725,70.66000366,0,0
2017-01-03,76.73000336,76.73000336,76.73000336,76.73000336,82.05999756,70.66000366,0,0
2017-01-04,76.41000366,76.41000366,76.41000366,76.41000366,79.83999634,70.66000366,0,0
2017-01-05,76.5,76.5,76.5,76.5,78.61000061,70.66000366,0,0
2017-01-06,75.23999786,75.23999786,75.23999786,75.23999786,78.61000061,70.66000366,0,0
2017-01-09,74.83000183,74.83000183,74.83000183,74.83000183,78.61000061,70.66000366,0,0
2017-01-10,73.26000214,73.26000214,73.26000214,73.26000214,78.61000061,70.66000366,0,0
2017-01-11,72.83000183,72.83000183,72.83000183,72.83000183,78.61000061,70.66000366,0,0
2017-01-12,73.73999786,73.73999786,73.73999786,73.73999786,78.61000061,70.66000366,0,0
2017-01-13,74.5,74.5,74.5,74.5,78.61000061,70.66000366,0,0
2017-01-17,73.94000244,73.94000244,73.94000244,73.94000244,78.61000061,70.66000366,0,0
2017-01-18,73.94000244,73.94000244,73.94000244,73.94000244,78.22000122,70.66000366,0,0
2017-01-19,78.31999969,78.31999969,78.31999969,78.31999969,76.73000336,70.66000366,0,0
2017-01-20,76.70999908,76.70999908,76.70999908,76.70999908,78.31999969,70.66000366,0,0
2017-01-23,75.51999664,75.51999664,75.51999664,75.51999664,78.31999969,70.66000366,0,0
2017-01-24,75.52999878,75.52999878,75.52999878,75.52999878,78.31999969,70.66000366,0,0
2017-01-25,77.05999756,77.05999756,77.05999756,77.05999756,78.31999969,70.66000366,0,0
2017-01-26,74.69000244,74.69000244,74.69000244,74.69000244,78.31999969,70.66000366,0,0
2017-01-27,72.19000244,72.19000244,72.19000244,72.19000244,78.31999969,70.79000092,0,0
2017-01-30,72.36000061,72.36000061,72.36000061,72.36000061,78.31999969,71.27999878,0,0
2017-01-31,72.51999664,72.51999664,72.51999664,72.51999664,78.31999969,71.62999725,0,0
2017-02-01,70.83999634,70.83999634,70.83999634,70.83999634,78.31999969,72.19000244,0,0
2017-02-02,69.91999817,69.91999817,69.91999817,69.91999817,78.31999969,70.83999634,0,0
2017-02-03,67.38999939,67.38999939,67.38999939,67.38999939,78.31999969,69.91999817,0,0
2017-02-06,67.55000305,67.55000305,67.55000305,67.55000305,78.31999969,67.38999939,0,0
2017-02-07,68.06999969,68.06999969,68.06999969,68.06999969,78.31999969,67.38999939,0,0
2017-02-08,68.73999786,68.73999786,68.73999786,68.73999786,78.31999969,67.38999939,0,0
2017-02-09,68.94999695,68.94999695,68.94999695,68.94999695,78.31999969,67.38999939,0,0
2017-02-10,69.62999725,69.62999725,69.62999725,69.62999725,78.31999969,67.38999939,0,0
2017-02-13,68.83000183,68.83000183,68.83000183,68.83000183,78.31999969,67.38999939,0,0
2017-02-14,67.26000214,67.26000214,67.26000214,67.26000214,78.31999969,67.38999939,0,0
2017-02-15,65.51000214,65.51000214,65.51000214,65.51000214,78.31999969,67.26000214,0,0
2017-02-16,68.23000336,68.23000336,68.23000336,68.23000336,78.31999969,65.51000214,0,0
2017-02-17,69.77999878,69.77999878,69.77999878,69.77999878,77.05999756,65.51000214,0,0
2017-02-21,68.72000122,68.72000122,68.72000122,68.72000122,77.05999756,65.51000214,0,0
2017-02-22,69.26000214,69.26000214,69.26000214,69.26000214,77.05999756,65.51000214,0,0
2017-02-23,68.63999939,68.63999939,68.63999939,68.63999939,77.05999756,65.51000214,0,0
2017-02-24,69.84999847,69.84999847,69.84999847,69.84999847,74.69000244,65.51000214,0,0
2017-02-27,70.88999939,70.88999939,70.88999939,70.88999939,72.51999664,65.51000214,0,0
2017-03-02,69.54000092,69.54000092,69.54000092,69.54000092,72.51999664,65.51000214,0,0
2017-03-03,65.79000092,65.79000092,65.79000092,65.79000092,72.51999664,65.51000214,0,0
2017-03-06,65.41000366,65.41000366,65.41000366,65.41000366,70.88999939,65.51000214,0,0
2017-03-07,66.02999878,66.02999878,66.02999878,66.02999878,70.88999939,65.41000366,0,0
2017-03-08,66.61000061,66.61000061,66.61000061,66.61000061,70.88999939,65.41000366,0,0
2017-03-09,69.18000031,69.18000031,69.18000031,69.18000031,70.88999939,65.41000366,0,0
2017-03-10,67.69999695,67.69999695,67.69999695,67.69999695,70.88999939,65.41000366,0,0
2017-03-13,65.63999939,65.63999939,65.63999939,65.63999939,70.88999939,65.41000366,0,0
2017-03-14,65.18000031,65.18000031,65.18000031,65.18000031,70.88999939,65.41000366,0,0
2017-03-15,61.61999893,61.61999893,61.61999893,61.61999893,70.88999939,65.18000031,0,0
2017-03-16,60.43999863,60.43999863,60.43999863,60.43999863,70.88999939,61.61999893,0,0
2017-03-17,60.72000122,60.72000122,60.72000122,60.72000122,70.88999939,60.43999863,0,0
2017-03-20,59.81999969,59.81999969,59.81999969,59.81999969,70.88999939,60.43999863,0,0
2017-03-21,62.13000107,62.13000107,62.13000107,62.13000107,70.88999939,59.81999969,0,0
2017-03-23,65.22000122,65.22000122,65.22000122,65.22000122,70.88999939,59.81999969,0,0
2017-03-24,64.44999695,64.44999695,64.44999695,64.44999695,70.88999939,59.81999969,0,0
2017-03-27,62.68000031,62.68000031,62.68000031,62.68000031,70.88999939,59.81999969,0,0
2017-03-28,61.95000076,61.95000076,61.95000076,61.95000076,70.88999939,59.81999969,0,0
2017-03-29,61.02000046,61.02000046,61.02000046,61.02000046,70.88999939,59.81999969,0,0
2017-03-30,60.93999863,60.93999863,60.93999863,60.93999863,70.88999939,59.81999969,0,0
2017-03-31,60.70000076,60.70000076,60.70000076,60.70000076,69.54000092,59.81999969,0,0
2017-04-03,61.22999954,61.22999954,61.22999954,61.22999954,69.18000031,59.81999969,0,0
2017-04-04,64.76999664,64.76999664,64.76999664,64.76999664,69.18000031,59.81999969,0,0
2017-04-05,63.72000122,63.72000122,63.72000122,63.72000122,69.18000031,59.81999969,0,0
2017-04-06,68.25,68.25,68.25,68.25,69.18000031,59.81999969,0,0
2017-04-07,68.66000366,68.66000366,68.66000366,68.66000366,69.18000031,59.81999969,0,0
2017-04-10,68.5,68.5,68.5,68.5,68.66000366,59.81999969,0,0
2017-04-11,70.55999756,70.55999756,70.55999756,70.55999756,68.66000366,59.81999969,0,0
2017-04-12,73.41999817,73.41999817,73.41999817,73.41999817,70.55999756,59.81999969,0,0
2017-04-13,74.48000336,74.48000336,74.48000336,74.48000336,73.41999817,59.81999969,0,0
2017-04-17,70.95999908,70.95999908,70.95999908,70.95999908,74.48000336,59.81999969,0,0
2017-04-18,72.87000275,72.87000275,72.87000275,72.87000275,74.48000336,59.81999969,0,0
2017-04-19,73.12999725,73.12999725,73.12999725,73.12999725,74.48000336,59.81999969,0,0
2017-04-20,73.86000061,73.86000061,73.86000061,73.86000061,74.48000336,60.70000076,0,0
2017-04-21,77.15000153,77.15000153,77.15000153,77.15000153,74.48000336,60.70000076,0,0
2017-04-24,63.27000046,63.27000046,63.27000046,63.27000046,77.15000153,60.70000076,0,0
2017-04-25,62.36000061,62.36000061,62.36000061,62.36000061,77.15000153,60.70000076,0,0
2017-04-26,60.95000076,60.95000076,60.95000076,60.95000076,77.15000153,60.70000076,0,0
2017-04-27,59.81999969,59.81999969,59.81999969,59.81999969,77.15000153,60.70000076,0,0
2017-04-28,60.18999863,60.18999863,60.18999863,60.18999863,77.15000153,59.81999969,0,0
2017-05-01,59.40000153,59.40000153,59.40000153,59.40000153,77.15000153,59.81999969,0,0
2017-05-02,60.31999969,60.31999969,60.31999969,60.31999969,77.15000153,59.40000153,0,0
2017-05-03,59.38000107,59.38000107,59.38000107,59.38000107,77.15000153,59.40000153,0,0
2017-05-04,60.08000183,60.08000183,60.08000183,60.08000183,77.15000153,59.38000107,0,0
2017-05-05,58.72000122,58.72000122,58.72000122,58.72000122,77.15000153,59.38000107,0,0
2017-05-08,55.40999985,55.40999985,55.40999985,55.40999985,77.15000153,58.72000122,0,0
2017-05-09,55.22000122,55.22000122,55.22000122,55.22000122,77.15000153,55.40999985,0,0
2017-05-10,55.02999878,55.02999878,55.02999878,55.02999878,77.15000153,55.22000122,0,0
2017-05-11,54.47000122,54.47000122,54.47000122,54.47000122,77.15000153,55.02999878,0,0
2017-05-12,55.70999908,55.70999908,55.70999908,55.70999908,77.15000153,54.47000122,0,0
2017-05-15,56.72999954,56.72999954,56.72999954,56.72999954,77.15000153,54.47000122,0,0
2017-05-16,55.5,55.5,55.5,55.5,77.15000153,54.47000122,0,0
2017-05-17,62.58000183,62.58000183,62.58000183,62.58000183,77.15000153,54.47000122,0,0
2017-05-18,58.97999954,58.97999954,58.97999954,58.97999954,77.15000153,54.47000122,0,0
2017-05-19,57.81999969,57.81999969,57.81999969,57.81999969,77.15000153,54.47000122,0,0
2017-05-22,55.47000122,55.47000122,55.47000122,55.47000122,63.27000046,54.47000122,0,0
2017-05-24,54.40999985,54.40999985,54.40999985,54.40999985,62.58000183,54.47000122,0,0
2017-05-25,54.31999969,54.31999969,54.31999969,54.31999969,62.58000183,54.40999985,0,0
2017-05-26,54.04999924,54.04999924,54.04999924,54.04999924,62.58000183,54.31999969,0,0
2017-05-31,53.95000076,53.95000076,53.95000076,53.95000076,62.58000183,54.04999924,0,0
2017-06-01,54,54,54,54,62.58000183,53.95000076,0,0
2017-06-02,53.74000168,53.74000168,53.74000168,53.74000168,62.58000183,53.95000076,0,0
2017-06-05,53,53,53,53,62.58000183,53.74000168,0,0
2017-06-06,53.22000122,53.22000122,53.22000122,53.22000122,62.58000183,53,0,0
2017-06-07,54.79999924,54.79999924,54.79999924,54.79999924,62.58000183,53,0,0
2017-06-08,53.72999954,53.72999954,53.72999954,53.72999954,62.58000183,53,0,0
2017-06-09,52.56000137,52.56000137,52.56000137,52.56000137,62.58000183,53,0,0
2017-06-12,52.31999969,52.31999969,52.31999969,52.31999969,62.58000183,52.56000137,0,0
2017-06-13,51.66999817,51.66999817,51.66999817,51.66999817,62.58000183,52.31999969,0,0
2017-06-14,52.22000122,52.22000122,52.22000122,52.22000122,62.58000183,51.66999817,0,0
2017-06-15,51.59000015,51.59000015,51.59000015,51.59000015,62.58000183,51.66999817,0,0
2017-06-16,51.47999954,51.47999954,51.47999954,51.47999954,62.58000183,51.59000015,0,0
2017-06-19,51.59999847,51.59999847,51.59999847,51.59999847,62.58000183,51.47999954,0,0
2017-06-20,51.59999847,51.59999847,51.59999847,51.59999847,58.97999954,51.47999954,0,0
2017-06-21,51.63999939,51.63999939,51.63999939,51.63999939,57.81999969,51.47999954,0,0
2017-06-22,51.13000107,51.13000107,51.13000107,51.13000107,55.47000122,51.47999954,0,0
2017-06-23,51.15999985,51.15999985,51.15999985,51.15999985,54.79999924,51.13000107,0,0
2017-06-26,50.02000046,50.02000046,50.02000046,50.02000046,54.79999924,51.13000107,0,0
2017-06-27,52.09999847,52.09999847,52.09999847,52.09999847,54.79999924,50.02000046,0,0
2017-06-28,52.50999832,52.50999832,52.50999832,52.50999832,54.79999924,50.02000046,0,0
2017-06-29,54.65999985,54.65999985,54.65999985,54.65999985,54.79999924,50.02000046,0,0
2017-06-30,55.22000122,55.22000122,55.22000122,55.22000122,54.79999924,50.02000046,0,0
2017-07-03,55.25,55.25,55.25,55.25,55.22000122,50.02000046,0,0
2017-07-05,56.43999863,56.43999863,56.43999863,56.43999863,55.25,50.02000046,0,0
2017-07-06,56.95999908,56.95999908,56.95999908,56.95999908,56.43999863,50.02000046,0,0
2017-07-07,55.75999832,55.75999832,55.75999832,55.75999832,56.95999908,50.02000046,0,0
2017-07-10,53.18000031,53.18000031,53.18000031,53.18000031,56.95999908,50.02000046,0,0
2017-07-11,53.22000122,53.22000122,53.22000122,53.22000122,56.95999908,50.02000046,0,0
2017-07-12,52.43000031,52.43000031,52.43000031,52.43000031,56.95999908,50.02000046,0,0
2017-07-13,52.20999908,52.20999908,52.20999908,52.20999908,56.95999908,50.02000046,0,0
2017-07-14,51.02999878,51.02999878,51.02999878,51.02999878,56.95999908,50.02000046,0,0
2017-07-17,50,50,50,50,56.95999908,50.02000046,0,0
2017-07-18,49.54999924,49.54999924,49.54999924,49.54999924,56.95999908,50,0,0
2017-07-19,48.25999832,48.25999832,48.25999832,48.25999832,56.95999908,49.54999924,0,0
2017-07-20,47,47,47,47,56.95999908,48.25999832,0,0
2017-07-21,47.45000076,47.45000076,47.45000076,47.45000076,56.95999908,47,0,0
2017-07-24,47,47,47,47,56.95999908,47,0,0
2017-07-25,49.56999969,49.56999969,49.56999969,49.56999969,56.95999908,47,0,0
2017-07-26,47.27999878,47.27999878,47.27999878,47.27999878,56.95999908,47,0,0
2017-07-27,48.41999817,48.41999817,48.41999817,48.41999817,56.95999908,47,0,0
2017-07-28,48.52999878,48.52999878,48.52999878,48.52999878,56.95999908,47,0,0
2017-07-31,48.13999939,48.13999939,48.13999939,48.13999939,56.95999908,47,0,0
2017-08-01,49.97000122,49.97000122,49.97000122,49.97000122,56.95999908,47,0,0
2017-08-02,48.75,48.75,48.75,48.75,56.95999908,47,0,0
2017-08-03,47.93000031,47.93000031,47.93000031,47.93000031,56.95999908,47,0,0
2017-08-04,47.27999878,47.27999878,47.27999878,47.27999878,55.75999832,47,0,0
2017-08-07,46.90999985,46.90999985,46.90999985,46.90999985,53.22000122,47,0,0
2017-08-08,47.34000015,47.34000015,47.34000015,47.34000015,53.22000122,46.90999985,0,0
2017-08-09,49.66999817,49.66999817,49.66999817,49.66999817,52.43000031,46.90999985,0,0
2017-08-10,52,52,52,52,52.20999908,46.90999985,0,0
2017-08-11,52.06000137,52.06000137,52.06000137,52.06000137,52,46.90999985,0,0
2017-08-14,49.29999924,49.29999924,49.29999924,49.29999924,52.06000137,46.90999985,0,0
2017-08-15,48.63000107,48.63000107,48.63000107,48.63000107,52.06000137,46.90999985,0,0
2017-08-16,48.47000122,48.47000122,48.47000122,48.47000122,52.06000137,46.90999985,0,0
2017-08-17,48.84000015,48.84000015,48.84000015,48.84000015,52.06000137,46.90999985,0,0
2017-08-18,50.15999985,50.15999985,50.15999985,50.15999985,52.06000137,46.90999985,0,0
2017-08-21,52.06000137,52.06000137,52.06000137,52.06000137,52.06000137,46.90999985,0,0
2017-08-22,51.29999924,51.29999924,51.29999924,51.29999924,52.06000137,46.90999985,0,0
2017-08-23,52.08000183,52.08000183,52.08000183,52.08000183,52.06000137,46.90999985,0,0
2017-08-24,52.49000168,52.49000168,52.49000168,52.49000168,52.08000183,46.90999985,0,0
2017-08-25,50.56000137,50.56000137,50.56000137,50.56000137,52.49000168,46.90999985,0,0
2017-08-28,48.86000061,48.86000061,48.86000061,48.86000061,52.49000168,46.90999985,0,0
2017-08-29,51.40000153,51.40000153,51.40000153,51.40000153,52.49000168,46.90999985,0,0
2017-08-30,51.56000137,51.56000137,51.56000137,51.56000137,52.49000168,46.90999985,0,0
2017-08-31,51.13000107,51.13000107,51.13000107,51.13000107,52.49000168,46.90999985,0,0
2017-09-01,49.43999863,49.43999863,49.43999863,49.43999863,52.49000168,46.90999985,0,0
2017-09-05,53.31999969,53.31999969,53.31999969,53.31999969,52.49000168,46.90999985,0,0
2017-09-06,52.91999817,52.91999817,52.91999817,52.91999817,53.31999969,47.34000015,0,0
2017-09-07,54.00999832,54.00999832,54.00999832,54.00999832,53.31999969,48.47000122,0,0
2017-09-11,51.88000107,51.88000107,51.88000107,51.88000107,54.00999832,48.47000122,0,0
2017-09-12,51.65000153,51.65000153,51.65000153,51.65000153,54.00999832,48.47000122,0,0
2017-09-13,51.36999893,51.36999893,51.36999893,51.36999893,54.00999832,48.47000122,0,0
2017-09-14,50.72999954,50.72999954,50.72999954,50.72999954,54.00999832,48.47000122,0,0
2017-09-15,50.63000107,50.63000107,50.63000107,50.63000107,54.00999832,48.47000122,0,0
2017-09-18,50.15999985,50.15999985,50.15999985,50.15999985,54.00999832,48.84000015,0,0
2017-09-19,49.86000061,49.86000061,49.86000061,49.86000061,54.00999832,48.86000061,0,0
2017-09-20,49.15000153,49.15000153,49.15000153,49.15000153,54.00999832,48.86000061,0,0
2017-09-21,48.31000137,48.31000137,48.31000137,48.31000137,54.00999832,48.86000061,0,0
2017-09-22,50.52000046,50.52000046,50.52000046,50.52000046,54.00999832,48.31000137,0,0
2017-09-25,51.11000061,51.11000061,51.11000061,51.11000061,54.00999832,48.31000137,0,0
2017-09-26,50.63999939,50.63999939,50.63999939,50.63999939,54.00999832,48.31000137,0,0
2017-09-27,52.08000183,52.08000183,52.08000183,52.08000183,54.00999832,48.31000137,0,0
2017-09-28,51.86000061,51.86000061,51.86000061,51.86000061,54.00999832,48.31000137,0,0
2017-09-29,52.88000107,52.88000107,52.88000107,52.88000107,54.00999832,48.31000137,0,0
2017-10-02,54.45999908,54.45999908,54.45999908,54.45999908,54.00999832,48.31000137,0,0
2017-10-03,54.59999847,54.59999847,54.59999847,54.59999847,54.45999908,48.31000137,0,0
2017-10-04,54.49000168,54.49000168,54.49000168,54.49000168,54.59999847,48.31000137,0,0
2017-10-05,55.58000183,55.58000183,55.58000183,55.58000183,54.59999847,48.31000137,0,0
2017-10-06,54.97999954,54.97999954,54.97999954,54.97999954,55.58000183,48.31000137,0,0
2017-10-10,53.88999939,53.88999939,53.88999939,53.88999939,55.58000183,48.31000137,0,0
2017-10-11,52.68999863,52.68999863,52.68999863,52.68999863,55.58000183,48.31000137,0,0
2017-10-12,51.81999969,51.81999969,51.81999969,51.81999969,55.58000183,48.31000137,0,0
2017-10-13,50.84999847,50.84999847,50.84999847,50.84999847,55.58000183,48.31000137,0,0
2017-10-17,49.02999878,49.02999878,49.02999878,49.02999878,55.58000183,48.31000137,0,0
2017-10-18,50.29000092,50.29000092,50.29000092,50.29000092,55.58000183,48.31000137,0,0
2017-10-19,51.49000168,51.49000168,51.49000168,51.49000168,55.58000183,48.31000137,0,0
2017-10-20,53.97999954,53.97999954,53.97999954,53.97999954,55.58000183,48.31000137,0,0
2017-10-23,54.09999847,54.09999847,54.09999847,54.09999847,55.58000183,48.31000137,0,0
2017-10-24,55.93999863,55.93999863,55.93999863,55.93999863,55.58000183,49.02999878,0,0
2017-10-25,57.36000061,57.36000061,57.36000061,57.36000061,55.93999863,49.02999878,0,0
2017-10-26,57.34999847,57.34999847,57.34999847,57.34999847,57.36000061,49.02999878,0,0
2017-10-27,54.66999817,54.66999817,54.66999817,54.66999817,57.36000061,49.02999878,0,0
2017-10-30,51.68999863,51.68999863,51.68999863,51.68999863,57.36000061,49.02999878,0,0
2017-10-31,51.15000153,51.15000153,51.15000153,51.15000153,57.36000061,49.02999878,0,0
2017-11-01,49.93999863,49.93999863,49.93999863,49.93999863,57.36000061,49.02999878,0,0
2017-11-02,48.72999954,48.72999954,48.72999954,48.72999954,57.36000061,49.02999878,0,0
2017-11-03,45.83000183,45.83000183,45.83000183,45.83000183,57.36000061,48.72999954,0,0
2017-11-06,45.04999924,45.04999924,45.04999924,45.04999924,57.36000061,45.83000183,0,0
2017-11-07,44.20000076,44.20000076,44.20000076,44.20000076,57.36000061,45.04999924,0,0
2017-11-08,43.97000122,43.97000122,43.97000122,43.97000122,57.36000061,44.20000076,0,0
2017-11-09,44.99000168,44.99000168,44.99000168,44.99000168,57.36000061,43.97000122,0,0
2017-11-10,47.29000092,47.29000092,47.29000092,47.29000092,57.36000061,43.97000122,0,0
2017-11-13,46.38999939,46.38999939,46.38999939,46.38999939,57.36000061,43.97000122,0,0
2017-11-14,47.77000046,47.77000046,47.77000046,47.77000046,57.36000061,43.97000122,0,0
2017-11-15,48,48,48,48,57.36000061,43.97000122,0,0
2017-11-16,47.74000168,47.74000168,47.74000168,47.74000168,57.36000061,43.97000122,0,0
2017-11-17,49.09000015,49.09000015,49.09000015,49.09000015,57.36000061,43.97000122,0,0
2017-11-20,48.09999847,48.09999847,48.09999847,48.09999847,57.36000061,43.97000122,0,0
2017-11-21,48.09000015,48.09000015,48.09000015,48.09000015,57.36000061,43.97000122,0,0
2017-11-22,46.88000107,46.88000107,46.88000107,46.88000107,57.36000061,43.97000122,0,0
2017-11-24,46.15999985,46.15999985,46.15999985,46.15999985,57.34999847,43.97000122,0,0
2017-11-27,45.29000092,45.29000092,45.29000092,45.29000092,54.66999817,43.97000122,0,0
2017-11-28,44.93000031,44.93000031,44.93000031,44.93000031,51.68999863,43.97000122,0,0
2017-11-29,45.54000092,45.54000092,45.54000092,45.54000092,51.15000153,43.97000122,0,0
2017-11-30,46.83000183,46.83000183,46.83000183,46.83000183,49.93999863,43.97000122,0,0
2017-12-01,50.16999817,50.16999817,50.16999817,50.16999817,49.09000015,43.97000122,0,0
2017-12-04,48.75999832,48.75999832,48.75999832,48.75999832,50.16999817,43.97000122,0,0
2017-12-05,49.24000168,49.24000168,49.24000168,49.24000168,50.16999817,43.97000122,0,0
2017-12-06,49.31999969,49.31999969,49.31999969,49.31999969,50.16999817,43.97000122,0,0
2017-12-07,49.24000168,49.24000168,49.24000168,49.24000168,50.16999817,43.97000122,0,0
2017-12-08,47.49000168,47.49000168,47.49000168,47.49000168,50.16999817,44.93000031,0,0
2017-12-11,46.56999969,46.56999969,46.56999969,46.56999969,50.16999817,44.93000031,0,0
2017-12-12,46.75,46.75,46.75,46.75,50.16999817,44.93000031,0,0
2017-12-13,45.02999878,45.02999878,45.02999878,45.02999878,50.16999817,44.93000031,0,0
2017-12-14,44.84000015,44.84000015,44.84000015,44.84000015,50.16999817,44.93000031,0,0
2017-12-15,46.43000031,46.43000031,46.43000031,46.43000031,50.16999817,44.84000015,0,0
2017-12-18,46.72999954,46.72999954,46.72999954,46.72999954,50.16999817,44.84000015,0,0
2017-12-19,48.95999908,48.95999908,48.95999908,48.95999908,50.16999817,44.84000015,0,0
2017-12-20,49.95000076,49.95000076,49.95000076,49.95000076,50.16999817,44.84000015,0,0
2017-12-21,51.59999847,51.59999847,51.59999847,51.59999847,50.16999817,44.84000015,0,0
2017-12-22,50.38000107,50.38000107,50.38000107,50.38000107,51.59999847,44.84000015,0,0
2017-12-26,48.81999969,48.81999969,48.81999969,48.81999969,51.59999847,44.84000015,0,0
2017-12-27,47.72999954,47.72999954,47.72999954,47.72999954,51.59999847,44.84000015,0,0
2017-12-28,46.18999863,46.18999863,46.18999863,46.18999863,51.59999847,44.84000015,0,0
2017-12-29,46.59999847,46.59999847,46.59999847,46.59999847,51.59999847,44.84000015,0,0
2018-01-02,49.16999817,49.16999817,49.16999817,49.16999817,51.59999847,44.84000015,0,0
2018-01-03,47.59999847,47.59999847,47.59999847,47.59999847,51.59999847,44.84000015,0,0
2018-01-04,47.38000107,47.38000107,47.38000107,47.38000107,51.59999847,44.84000015,0,0
2018-01-05,46.06999969,46.06999969,46.06999969,46.06999969,51.59999847,44.84000015,0,0
2018-01-08,45.90000153,45.90000153,45.90000153,45.90000153,51.59999847,44.84000015,0,0
2018-01-09,47.29000092,47.29000092,47.29000092,47.29000092,51.59999847,44.84000015,0,0
2018-01-10,49.16999817,49.16999817,49.16999817,49.16999817,51.59999847,44.84000015,0,0
2018-01-11,48.18999863,48.18999863,48.18999863,48.18999863,51.59999847,44.84000015,0,0
2018-01-12,47.61000061,47.61000061,47.61000061,47.61000061,51.59999847,44.84000015,0,0
2018-01-16,45.90999985,45.90999985,45.90999985,45.90999985,51.59999847,44.84000015,0,0
2018-01-17,45.88000107,45.88000107,45.88000107,45.88000107,51.59999847,45.90000153,0,0
2018-01-18,48.54999924,48.54999924,48.54999924,48.54999924,51.59999847,45.88000107,0,0
2018-01-22,52.59999847,52.59999847,52.59999847,52.59999847,51.59999847,45.88000107,0,0
2018-01-23,52.54999924,52.54999924,52.54999924,52.54999924,52.59999847,45.88000107,0,0
2018-01-24,54.11000061,54.11000061,54.11000061,54.11000061,52.59999847,45.88000107,0,0
2018-01-25,53.38000107,53.38000107,53.38000107,53.38000107,54.11000061,45.88000107,0,0
2018-01-26,55.63000107,55.63000107,55.63000107,55.63000107,54.11000061,45.88000107,0,0
2018-01-29,55.97999954,55.97999954,55.97999954,55.97999954,55.63000107,45.88000107,0,0
2018-01-30,57.27999878,57.27999878,57.27999878,57.27999878,55.97999954,45.88000107,0,0
2018-01-31,57.20000076,57.20000076,57.20000076,57.20000076,57.27999878,45.88000107,0,0
2018-02-01,57.83000183,57.83000183,57.83000183,57.83000183,57.27999878,45.88000107,0,0
2018-02-02,60.33000183,60.33000183,60.33000183,60.33000183,57.83000183,45.88000107,0,0
2018-02-05,60.40999985,60.40999985,60.40999985,60.40999985,60.33000183,45.88000107,0,0
2018-02-07,66.06999969,66.06999969,66.06999969,66.06999969,60.40999985,45.88000107,0,0
2018-02-08,67.84999847,67.84999847,67.84999847,67.84999847,66.06999969,45.88000107,0,0
2018-02-12,69.86000061,69.86000061,69.86000061,69.86000061,67.84999847,45.88000107,0,0
2018-02-13,68.97000122,68.97000122,68.97000122,68.97000122,69.86000061,45.88000107,0,0
2018-02-14,69.51999664,69.51999664,69.51999664,69.51999664,69.86000061,45.88000107,0,0
2018-02-15,66.68000031,66.68000031,66.68000031,66.68000031,69.86000061,45.88000107,0,0
2018-02-16,63.02999878,63.02999878,63.02999878,63.02999878,69.86000061,45.88000107,0,0
2018-02-20,60.25999832,60.25999832,60.25999832,60.25999832,69.86000061,45.88000107,0,0
2018-02-21,61.15999985,61.15999985,61.15999985,61.15999985,69.86000061,48.54999924,0,0
2018-02-22,61.13999939,61.13999939,61.13999939,61.13999939,69.86000061,52.54999924,0,0
2018-02-23,64.59999847,64.60140228,64.59999847,64.60140228,69.86000061,52.54999924,0,0
2018-02-26,63.72000122,63.72000122,63.71670151,63.71670151,69.86000061,53.38000107,0,0
2018-02-27,63.93000031,63.93119812,63.93000031,63.93119812,69.86000061,53.38000107,0,0
2018-02-28,62.97000122,62.9734993,62.97000122,62.9734993,69.86000061,55.63000107,0,0
2018-03-01,63.65999985,63.66360092,63.65999985,63.66360092,69.86000061,55.97999954,0,0
2018-03-02,65.30000305,65.30269623,65.30000305,65.30269623,69.86000061,57.20000076,0,0
2018-03-05,64.70999908,64.70999908,64.70809937,64.70809937,69.86000061,57.20000076,0,0
2018-03-06,63.5,63.50090027,63.5,63.50090027,69.86000061,57.83000183,0,0
2018-03-07,63.34999847,63.34999847,63.34669876,63.34669876,69.86000061,60.25999832,0,0
2018-03-08,61.58000183,61.58409882,61.58000183,61.58409882,69.86000061,60.25999832,0,0
2018-03-09,58.97000122,58.97000122,58.96689987,58.96689987,69.86000061,60.25999832,0,0
2018-03-12,58.29000092,58.29270172,58.29000092,58.29270172,69.86000061,58.96689987,0,0
2018-03-13,55.06999969,55.07369995,55.06999969,55.07369995,69.86000061,58.29000092,0,0
2018-03-14,57.84999847,57.84999847,57.84880066,57.84880066,69.51999664,55.06999969,0,0
2018-03-15,57.70000076,57.70500183,57.70000076,57.70500183,69.51999664,55.06999969,0,0
2018-03-16,59.00999832,59.00999832,59.00880051,59.00880051,66.68000031,55.06999969,0,0
2018-03-19,59.97999954,59.98210144,59.97999954,59.98210144,65.30269623,55.06999969,0,0
2018-03-20,57.88999939,57.89360046,57.88999939,57.89360046,65.30269623,55.06999969,0,0
2018-03-21,55.72000122,55.72119904,55.72000122,55.72119904,65.30269623,55.06999969,0,0
2018-03-22,55.93000031,55.93000031,55.92919922,55.92919922,65.30269623,55.06999969,0,0
2018-03-23,56.16999817,56.16999817,56.16830063,56.16830063,65.30269623,55.06999969,0,0
2018-03-26,54.54999924,54.54999924,54.54930115,54.54930115,65.30269623,55.06999969,0,0
2018-03-27,56.27000046,56.27050018,56.27000046,56.27050018,65.30269623,54.54930115,0,0
2018-03-28,58.34999847,58.34999847,58.34719849,58.34719849,65.30269623,54.54930115,0,0
2018-03-29,58.54000092,58.54140091,58.54000092,58.54140091,65.30269623,54.54930115,0,0
2018-04-02,58.65999985,58.66479874,58.65999985,58.66479874,65.30269623,54.54930115,0,0
2018-04-03,56.02000046,56.02259827,56.02000046,56.02259827,64.70999908,54.54930115,0,0
2018-04-04,55.34999847,55.34999847,55.34960175,55.34960175,63.50090027,54.54930115,0,0
2018-04-05,53.72000122,53.72200012,53.72000122,53.72200012,63.34999847,54.54930115,0,0
2018-04-06,56.06999969,56.06999969,56.06819916,56.06819916,61.58409882,53.72000122,0,0
2018-04-09,52.50999832,52.50999832,52.5082016,52.5082016,59.98210144,53.72000122,0,0
2018-04-10,51.43000031,51.43310165,51.43000031,51.43310165,59.98210144,52.5082016,0,0
2018-04-11,50.5,50.5,50.49969864,50.49969864,59.98210144,51.43000031,0,0
2018-04-12,51.49000168,51.49000168,51.48749924,51.48749924,59.98210144,50.49969864,0,0
2018-04-13,51.13999939,51.14260101,51.13999939,51.14260101,59.98210144,50.49969864,0,0
2018-04-16,49.74000168,49.74100113,49.74000168,49.74100113,59.98210144,50.49969864,0,0
2018-04-17,48.34000015,48.34080124,48.34000015,48.34080124,59.98210144,49.74000168,0,0
2018-04-18,50,50.00270081,50,50.00270081,58.66479874,48.34000015,0,0
2018-04-19,51.09999847,51.09999847,51.09889984,51.09889984,58.66479874,48.34000015,0,0
2018-04-20,52.70999908,52.70999908,52.70539856,52.70539856,58.66479874,48.34000015,0,0
2018-04-23,52.79000092,52.79000092,52.79000092,52.79000092,58.66479874,48.34000015,0,0
2018-04-24,53,53,52.99890137,52.99890137,58.66479874,48.34000015,0,0
2018-04-25,55.20000076,55.20130157,55.20000076,55.20130157,58.66479874,48.34000015,0,0
2018-04-26,53.13999939,53.13999939,53.13779831,53.13779831,58.66479874,48.34000015,0,0
2018-04-27,51.27000046,51.27000046,51.26660156,51.26660156,58.66479874,48.34000015,0,0
2018-04-30,50.34999847,50.35480118,50.34999847,50.35480118,58.66479874,48.34000015,0,0
2018-05-01,51.77999878,51.78340149,51.77999878,51.78340149,56.06999969,48.34000015,0,0
2018-05-02,49.04999924,49.05059814,49.04999924,49.05059814,56.06999969,48.34000015,0,0
2018-05-03,49.43000031,49.4333992,49.43000031,49.4333992,56.06999969,48.34000015,0,0
2018-05-07,48.02000046,48.02000046,48.01869965,48.01869965,56.06999969,48.34000015,0,0
2018-05-08,48.81999969,48.81999969,48.81869888,48.81869888,55.20130157,48.01869965,0,0
2018-05-09,49.36999893,49.37440109,49.36999893,49.37440109,55.20130157,48.01869965,0,0
2018-05-10,47.81000137,47.81000137,47.80649948,47.80649948,55.20130157,48.01869965,0,0
2018-05-11,47.06000137,47.06000137,47.05739975,47.05739975,55.20130157,47.80649948,0,0
2018-05-14,48.34000015,48.34000015,48.33980179,48.33980179,55.20130157,47.05739975,0,0
2018-05-15,52.65999985,52.65999985,52.65739822,52.65739822,55.20130157,47.05739975,0,0
2018-05-16,55.13000107,55.13219833,55.13000107,55.13219833,55.20130157,47.05739975,0,0
2018-05-17,54.18999863,54.1935997,54.18999863,54.1935997,55.20130157,47.05739975,0,0
2018-05-18,53.25999832,53.26060104,53.25999832,53.26060104,55.20130157,47.05739975,0,0
2018-05-21,53.08000183,53.08119965,53.08000183,53.08119965,55.20130157,47.05739975,0,0
2018-05-22,52.56999969,52.57160187,52.56999969,52.57160187,55.20130157,47.05739975,0,0
2018-05-23,53.27000046,53.27000046,53.26869965,53.26869965,55.20130157,47.05739975,0,0
2018-05-24,52.15999985,52.16080093,52.15999985,52.16080093,55.20130157,47.05739975,0,0
2018-05-25,54.09000015,54.09500122,54.09000015,54.09500122,55.13219833,47.05739975,0,0
2018-05-29,63,63,62.99750137,62.99750137,55.13219833,47.05739975,0,0
2018-05-30,61.86000061,61.86240005,61.86000061,61.86240005,63,47.05739975,0,0
2018-05-31,60.54000092,60.54380035,60.54000092,60.54380035,63,47.05739975,0,0
2018-06-01,56.93999863,56.93999863,56.93849945,56.93849945,63,47.05739975,0,0
2018-06-04,54.29999924,54.29999924,54.29520035,54.29520035,63,47.05739975,0,0
2018-06-05,54.45999908,54.46260071,54.45999908,54.46260071,63,47.05739975,0,0
2018-06-06,56.43999863,56.44189835,56.43999863,56.44189835,63,47.05739975,0,0
2018-06-07,56.58000183,56.58169937,56.58000183,56.58169937,63,47.05739975,0,0
2018-06-08,59.56999969,59.57379913,59.56999969,59.57379913,63,47.05739975,0,0
2018-06-11,57.83000183,57.83039856,57.83000183,57.83039856,63,47.05739975,0,0
2018-06-12,55.95999908,55.9632988,55.95999908,55.9632988,63,48.33980179,0,0
2018-06-13,53.79000092,53.79109955,53.79000092,53.79109955,63,52.15999985,0,0
2018-06-14,52.5,52.5,52.4958992,52.4958992,63,52.15999985,0,0
2018-06-15,53.08000183,53.08029938,53.08000183,53.08029938,63,52.15999985,0,0
2018-06-18,52.33000183,52.33000183,52.32699966,52.32699966,63,52.15999985,0,0
2018-06-19,52.40000153,52.40000153,52.40000153,52.40000153,63,52.15999985,0,0
2018-06-20,51.91999817,51.92259979,51.91999817,51.92259979,63,52.15999985,0,0
2018-06-21,53.09000015,53.09000015,53.0868988,53.0868988,63,51.91999817,0,0
2018-06-22,53.02999878,53.02999878,53.02569962,53.02569962,63,51.91999817,0,0
2018-06-25,53.04000092,53.04059982,53.04000092,53.04059982,63,51.91999817,0,0
2018-06-26,51.29999924,51.29999924,51.29679871,51.29679871,63,51.91999817,0,0
2018-06-27,53.04999924,53.04999924,53.04869843,53.04869843,61.86240005,51.29679871,0,0
2018-06-28,52.13000107,52.13100052,52.13000107,52.13100052,60.54380035,51.29679871,0,0
2018-06-29,51.16999817,51.16999817,51.16809845,51.16809845,59.57379913,51.29679871,0,0
2018-07-02,50.25,50.25120163,50.25,50.25120163,59.57379913,51.16809845,0,0
2018-07-03,51.22000122,51.22000122,51.21720123,51.21720123,59.57379913,50.25,0,0
2018-07-05,51.45999908,51.46239853,51.45999908,51.46239853,59.57379913,50.25,0,0
2018-07-06,50.13000107,50.1344986,50.13000107,50.1344986,59.57379913,50.25,0,0
2018-07-09,49.68999863,49.69010162,49.68999863,49.69010162,59.57379913,50.13000107,0,0
2018-07-10,49.81000137,49.81140137,49.81000137,49.81140137,57.83039856,49.68999863,0,0
2018-07-11,50.47999954,50.47999954,50.4776001,50.4776001,55.9632988,49.68999863,0,0
2018-07-12,48.56999969,48.57289886,48.56999969,48.57289886,53.79109955,49.68999863,0,0
2018-07-13,48.27999878,48.28150177,48.27999878,48.28150177,53.09000015,48.56999969,0,0
2018-07-16,47.79000092,47.79000092,47.78749847,47.78749847,53.09000015,48.27999878,0,0
2018-07-17,46.63999939,46.64170074,46.63999939,46.64170074,53.09000015,47.78749847,0,0
2018-07-18,45.25999832,45.26490021,45.25999832,45.26490021,53.09000015,46.63999939,0,0
2018-07-19,47.11000061,47.11249924,47.11000061,47.11249924,53.09000015,45.25999832,0,0
2018-07-20,49.04999924,49.04999924,49.04759979,49.04759979,53.09000015,45.25999832,0,0
2018-07-23,51.50999832,51.50999832,51.50569916,51.50569916,53.04999924,45.25999832,0,0
2018-07-24,50.31000137,50.31000137,50.30820084,50.30820084,53.04999924,45.25999832,0,0
2018-07-25,48.29000092,48.29090118,48.29000092,48.29090118,53.04999924,45.25999832,0,0
2018-07-26,49.27000046,49.27050018,49.27000046,49.27050018,53.04999924,45.25999832,0,0
2018-07-27,48.83000183,48.83129883,48.83000183,48.83129883,52.13100052,45.25999832,0,0
2018-07-30,49.41999817,49.41999817,49.4151001,49.4151001,51.50999832,45.25999832,0,0
2018-07-31,46.5,46.50379944,46.5,46.50379944,51.50999832,45.25999832,0,0
2018-08-01,48.38000107,48.38330078,48.38000107,48.38330078,51.50999832,45.25999832,0,0
2018-08-02,48,48,47.99710083,47.99710083,51.50999832,45.25999832,0,0
2018-08-03,47.66999817,47.66999817,47.66600037,47.66600037,51.50999832,45.25999832,0,0
2018-08-06,46.86000061,46.86000061,46.85620117,46.85620117,51.50999832,45.25999832,0,0
2018-08-07,47.15000153,47.15000153,47.14889908,47.14889908,51.50999832,45.25999832,0,0
2018-08-08,46.84000015,46.84000015,46.83580017,46.83580017,51.50999832,45.25999832,0,0
2018-08-09,47.34999847,47.35409927,47.34999847,47.35409927,51.50999832,45.25999832,0,0
2018-08-10,50.63000107,50.63019943,50.63000107,50.63019943,51.50999832,45.25999832,0,0
2018-08-13,50.77000046,50.77230072,50.77000046,50.77230072,51.50999832,45.25999832,0,0
2018-08-14,49.84000015,49.84270096,49.84000015,49.84270096,51.50999832,45.25999832,0,0
2018-08-15,51.52000046,51.52019882,51.52000046,51.52019882,51.50999832,45.25999832,0,0
2018-08-16,50.61000061,50.61000061,50.6086998,50.6086998,51.52019882,46.5,0,0
2018-08-17,50.68999863,50.69490051,50.68999863,50.69490051,51.52019882,46.5,0,0
2018-08-20,50.97000122,50.97460175,50.97000122,50.97460175,51.52019882,46.5,0,0
2018-08-21,50.31999969,50.31999969,50.3166008,50.3166008,51.52019882,46.5,0,0
2018-08-22,49.63999939,49.63999939,49.63679886,49.63679886,51.52019882,46.5,0,0
2018-08-23,49.20000076,49.20000076,49.19829941,49.19829941,51.52019882,46.5,0,0
2018-08-24,49.15999985,49.15999985,49.15769958,49.15769958,51.52019882,46.5,0,0
2018-08-27,49.38000107,49.38019943,49.38000107,49.38019943,51.52019882,46.5,0,0
2018-08-28,49.95000076,49.95000076,49.94729996,49.94729996,51.52019882,46.5,0,0
2018-08-29,49.09999847,49.09999847,49.09999847,49.09999847,51.52019882,46.83580017,0,0
2018-08-30,50.40999985,50.40999985,50.40930176,50.40930176,51.52019882,46.83580017,0,0
2018-08-31,50.70999908,50.70999908,50.70970154,50.70970154,51.52019882,46.83580017,0,0
2018-09-04,49.56999969,49.56999969,49.56919861,49.56919861,51.52019882,46.83580017,0,0
2018-09-05,48.40000153,48.40000153,48.39580154,48.39580154,51.52019882,46.83580017,0,0
2018-09-06,48.65000153,48.65470123,48.65000153,48.65470123,51.52019882,46.83580017,0,0
2018-09-07,49.43000031,49.43019867,49.43000031,49.43019867,51.52019882,47.34999847,0,0
2018-09-10,47.68999863,47.69150162,47.68999863,47.69150162,51.52019882,48.39580154,0,0
2018-09-11,47.97000122,47.97340012,47.97000122,47.97340012,51.52019882,47.68999863,0,0
2018-09-12,46.79000092,46.79000092,46.78900146,46.78900146,51.52019882,47.68999863,0,0
2018-09-13,46.06000137,46.06000137,46.05580139,46.05580139,51.52019882,46.78900146,0,0
2018-09-14,47.45000076,47.45000076,47.45000076,47.45000076,50.97460175,46.05580139,0,0
2018-09-17,46.81000137,46.81000137,46.80870056,46.80870056,50.97460175,46.05580139,0,0
2018-09-18,47.97000122,47.97000122,47.9673996,47.9673996,50.97460175,46.05580139,0,0
2018-09-19,48.79000092,48.79339981,48.79000092,48.79339981,50.70999908,46.05580139,0,0
2018-09-20,49.34000015,49.3443985,49.34000015,49.3443985,50.70999908,46.05580139,0,0
2018-09-21,48.83000183,48.83150101,48.83000183,48.83150101,50.70999908,46.05580139,0,0
2018-09-24,48.31000137,48.31000137,48.30590057,48.30590057,50.70999908,46.05580139,0,0
2018-09-25,49.38000107,49.38000107,49.37929916,49.37929916,50.70999908,46.05580139,0,0
2018-09-26,47.43999863,47.43999863,47.4394989,47.4394989,50.70999908,46.05580139,0,0
2018-09-27,45.70999908,45.70999908,45.707901,45.707901,50.70999908,46.05580139,0,0
2018-09-28,46.15999985,46.16339874,46.15999985,46.16339874,50.70999908,45.707901,0,0
2018-10-01,44.27999878,44.28469849,44.27999878,44.28469849,50.70999908,45.707901,0,0
2018-10-02,45.34999847,45.35449982,45.34999847,45.35449982,49.56999969,44.27999878,0,0
2018-10-03,50.20999908,50.20999908,50.20640182,50.20640182,49.43019867,44.27999878,0,0
2018-10-04,55.06999969,55.06999969,55.06669998,55.06669998,50.20999908,44.27999878,0,0
2018-10-05,55.18999863,55.18999863,55.18650055,55.18650055,55.06999969,44.27999878,0,0
2018-10-09,53.45000076,53.45000076,53.44689941,53.44689941,55.18999863,44.27999878,0,0
2018-10-10,55.70000076,55.70000076,55.70000076,55.70000076,55.18999863,44.27999878,0,0
2018-10-11,56.06999969,56.06999969,56.06969833,56.06969833,55.70000076,44.27999878,0,0
2018-10-12,54.36999893,54.37409973,54.36999893,54.37409973,56.06999969,44.27999878,0,0
2018-10-15,51.25,51.25,51.24629974,51.24629974,56.06999969,44.27999878,0,0
2018-10-16,50.18000031,50.18000031,50.17990112,50.17990112,56.06999969,44.27999878,0,0
2018-10-17,48.99000168,48.99000168,48.98630142,48.98630142,56.06999969,44.27999878,0,0
2018-10-18,52.63000107,52.63499832,52.63000107,52.63499832,56.06999969,44.27999878,0,0
2018-10-19,52.04000092,52.04330063,52.04000092,52.04330063,56.06999969,44.27999878,0,0
2018-10-22,51.84999847,51.84999847,51.84960175,51.84960175,56.06999969,44.27999878,0,0
2018-10-23,55.00999832,55.01390076,55.00999832,55.01390076,56.06999969,44.27999878,0,0
2018-10-24,57.68999863,57.69300079,57.68999863,57.69300079,56.06999969,44.27999878,0,0
2018-10-25,56.70000076,56.70000076,56.6996994,56.6996994,57.69300079,44.27999878,0,0
2018-10-26,62.70000076,62.70130157,62.70000076,62.70130157,57.69300079,44.27999878,0,0
2018-10-29,59.77000046,59.77000046,59.76879883,59.76879883,62.70130157,44.27999878,0,0
2018-10-30,61.79000092,61.79290009,61.79000092,61.79290009,62.70130157,44.27999878,0,0
2018-10-31,60.13000107,60.13000107,60.12850189,60.12850189,62.70130157,45.34999847,0,0
2018-11-01,58.54000092,58.54150009,58.54000092,58.54150009,62.70130157,48.98630142,0,0
2018-11-02,61.41999817,61.41999817,61.41600037,61.41600037,62.70130157,48.98630142,0,0
2018-11-05,59.90000153,59.90000153,59.89699936,59.89699936,62.70130157,48.98630142,0,0
2018-11-06,59.00999832,59.00999832,59.00749969,59.00749969,62.70130157,48.98630142,0,0
2018-11-08,51.58000183,51.58449936,51.58000183,51.58449936,62.70130157,48.98630142,0,0
2018-11-09,53.54000092,53.5442009,53.54000092,53.5442009,62.70130157,48.98630142,0,0
2018-11-13,52.22999954,52.23400116,52.22999954,52.23400116,62.70130157,48.98630142,0,0
2018-11-14,53.90000153,53.90000153,53.89979935,53.89979935,62.70130157,48.98630142,0,0
2018-11-15,56.22000122,56.22389984,56.22000122,56.22389984,62.70130157,48.98630142,0,0
2018-11-16,60.43000031,60.43280029,60.43000031,60.43280029,62.70130157,48.98630142,0,0
2018-11-19,59.47000122,59.47000122,59.46509933,59.46509933,62.70130157,51.58000183,0,0
2018-11-20,59.49000168,59.49000168,59.48740005,59.48740005,62.70130157,51.58000183,0,0
2018-11-21,57.65000153,57.65000153,57.64519882,57.64519882,62.70130157,51.58000183,0,0
2018-11-23,57.31000137,57.31230164,57.31000137,57.31230164,62.70130157,51.58000183,0,0
2018-11-26,51.52999878,51.53450012,51.52999878,51.53450012,62.70130157,51.58000183,0,0
2018-11-27,51.24000168,51.24000168,51.23619843,51.23619843,62.70130157,51.52999878,0,0
2018-11-28,50.75999832,50.76210022,50.75999832,50.76210022,62.70130157,51.23619843,0,0
2018-11-29,50.91999817,50.91999817,50.91590118,50.91590118,61.79290009,50.75999832,0,0
2018-11-30,52.43000031,52.43220139,52.43000031,52.43220139,61.79290009,50.75999832,0,0
2018-12-03,50.31000137,50.3103981,50.31000137,50.3103981,61.41999817,50.75999832,0,0
2018-12-04,53.86000061,53.86389923,53.86000061,53.86389923,61.41999817,50.31000137,0,0
2018-12-07,60.74000168,60.74380112,60.74000168,60.74380112,61.41999817,50.31000137,0,0
2018-12-10,60.25999832,60.25999832,60.25870132,60.25870132,60.74380112,50.31000137,0,0
2018-12-11,58.72999954,58.73189926,58.72999954,58.73189926,60.74380112,50.31000137,0,0
2018-12-12,58.22999954,58.22999954,58.22750092,58.22750092,60.74380112,50.31000137,0,0
2018-12-13,55.75,55.75,55.74919891,55.74919891,60.74380112,50.31000137,0,0
2018-12-14,56.13000107,56.13000107,56.12749863,56.12749863,60.74380112,50.31000137,0,0
2018-12-17,55.40999985,55.40999985,55.40750122,55.40750122,60.74380112,50.31000137,0,0
2018-12-18,59.40000153,59.40000153,59.39619827,59.39619827,60.74380112,50.31000137,0,0
2018-12-19,59.00999832,59.00999832,59.00899887,59.00899887,60.74380112,50.31000137,0,0
2018-12-20,58.75999832,58.76200104,58.75999832,58.76200104,60.74380112,50.31000137,0,0
2018-12-21,61.61000061,61.6147995,61.61000061,61.6147995,60.74380112,50.31000137,0,0
2018-12-24,66.04000092,66.04429626,66.04000092,66.04429626,61.6147995,50.31000137,0,0
2018-12-26,63.88999939,63.88999939,63.8871994,63.8871994,66.04429626,50.31000137,0,0
2018-12-27,68.33999634,68.33999634,68.33709717,68.33709717,66.04429626,50.31000137,0,0
2018-12-28,66.66000366,66.66130066,66.66000366,66.66130066,68.33999634,50.31000137,0,0
2018-12-31,66.58000183,66.58280182,66.58000183,66.58280182,68.33999634,50.31000137,0,0
2019-01-02,62.79999924,62.80450058,62.79999924,62.80450058,68.33999634,50.31000137,0,0
2019-01-03,65.79000092,65.79000092,65.78520203,65.78520203,68.33999634,50.31000137,0,0
2019-01-04,65.81999969,65.8207016,65.81999969,65.8207016,68.33999634,50.31000137,0,0
2019-01-07,60.88000107,60.88019943,60.88000107,60.88019943,68.33999634,53.86000061,0,0
2019-01-08,59.04999924,59.04999924,59.04499817,59.04499817,68.33999634,55.40750122,0,0
2019-01-09,57.02000046,57.02000046,57.0177002,57.0177002,68.33999634,55.40750122,0,0
2019-01-10,56.65000153,56.65000153,56.64929962,56.64929962,68.33999634,55.40750122,0,0
2019-01-11,55.93999863,55.94340134,55.93999863,55.94340134,68.33999634,55.40750122,0,0
2019-01-14,55.34000015,55.34140015,55.34000015,55.34140015,68.33999634,55.40750122,0,0
2019-01-15,53.00999832,53.01150131,53.00999832,53.01150131,68.33999634,55.34000015,0,0
2019-01-16,51.95000076,51.95000076,51.94929886,51.94929886,68.33999634,53.00999832,0,0
2019-01-17,53.43999863,53.43999863,53.43909836,53.43909836,68.33999634,51.94929886,0,0
2019-01-18,53.77999878,53.78179932,53.77999878,53.78179932,68.33999634,51.94929886,0,0
2019-01-22,54.63999939,54.64049911,54.63999939,54.64049911,68.33999634,51.94929886,0,0
2019-01-23,54.18999863,54.19419861,54.18999863,54.19419861,68.33999634,51.94929886,0,0
2019-01-24,54.18000031,54.18000031,54.17890167,54.17890167,68.33999634,51.94929886,0,0
2019-01-25,52.5,52.5,52.49599838,52.49599838,68.33999634,51.94929886,0,0
2019-01-28,50.95000076,50.95119858,50.95000076,50.95119858,68.33999634,51.94929886,0,0
2019-01-29,49.79999924,49.80210114,49.79999924,49.80210114,66.66130066,50.95000076,0,0
2019-01-30,48.31999969,48.32020187,48.31999969,48.32020187,66.58280182,49.79999924,0,0
2019-01-31,49.81000137,49.81169891,49.81000137,49.81169891,65.8207016,48.31999969,0,0
2019-02-01,48.79000092,48.79000092,48.7887001,48.7887001,65.8207016,48.31999969,0,0
2019-02-04,48.86999893,48.87400055,48.86999893,48.87400055,65.8207016,48.31999969,0,0
2019-02-05,48.61999893,48.62120056,48.61999893,48.62120056,60.88019943,48.31999969,0,0
2019-02-06,47.43999863,47.43999863,47.43920135,47.43920135,59.04999924,48.31999969,0,0
2019-02-07,48.97000122,48.97019958,48.97000122,48.97019958,57.02000046,47.43920135,0,0
2019-02-08,49.63000107,49.63000107,49.62799835,49.62799835,56.65000153,47.43920135,0,0
2019-02-11,48.31999969,48.31999969,48.31980133,48.31980133,55.94340134,47.43920135,0,0
2019-02-12,49.02000046,49.02360153,49.02000046,49.02360153,55.34140015,47.43920135,0,0
2019-02-13,48.16999817,48.16999817,48.16770172,48.16770172,54.64049911,47.43920135,0,0
2019-02-14,47.18999863,47.18999863,47.18719864,47.18719864,54.64049911,47.43920135,0,0
2019-02-15,45.72999954,45.7322998,45.72999954,45.7322998,54.64049911,47.18719864,0,0
2019-02-19,45.06000137,45.06140137,45.06000137,45.06140137,54.64049911,45.72999954,0,0
2019-02-20,44.54000092,44.5447998,44.54000092,44.5447998,54.64049911,45.06000137,0,0
2019-02-21,46.54999924,46.54999924,46.54869843,46.54869843,54.19419861,44.54000092,0,0
2019-02-22,47.22000122,47.22000122,47.21839905,47.21839905,54.18000031,44.54000092,0,0
2019-02-25,46.15999985,46.16059875,46.15999985,46.16059875,52.5,44.54000092,0,0
2019-02-26,46.27999878,46.28419876,46.27999878,46.28419876,50.95119858,44.54000092,0,0
2019-02-28,47.22000122,47.22000122,47.21829987,47.21829987,49.81169891,44.54000092,0,0
2019-03-01,47.90000153,47.90439987,47.90000153,47.90439987,49.81169891,44.54000092,0,0
2019-03-04,46.74000168,46.74229813,46.74000168,46.74229813,49.81169891,44.54000092,0,0
2019-03-05,45.86000061,45.86000061,45.8567009,45.8567009,49.63000107,44.54000092,0,0
2019-03-06,45.63000107,45.63420105,45.63000107,45.63420105,49.63000107,44.54000092,0,0
2019-03-07,45.83000183,45.83089828,45.83000183,45.83089828,49.63000107,44.54000092,0,0
2019-03-08,45.83000183,45.83000183,45.82529831,45.82529831,49.63000107,44.54000092,0,0
2019-03-11,44.84000015,44.84360123,44.84000015,44.84360123,49.63000107,44.54000092,0,0
2019-03-12,44.86000061,44.86000061,44.86000061,44.86000061,49.63000107,44.54000092,0,0
2019-03-13,44.56999969,44.56999969,44.56880188,44.56880188,49.02360153,44.54000092,0,0
2019-03-14,45.24000168,45.24000168,45.23809814,45.23809814,49.02360153,44.54000092,0,0
2019-03-15,46.04999924,46.05400085,46.04999924,46.05400085,48.16999817,44.54000092,0,0
2019-03-18,44.95000076,44.95000076,44.9477005,44.9477005,47.90439987,44.54000092,0,0
2019-03-19,43.68000031,43.68000031,43.67779922,43.67779922,47.90439987,44.54000092,0,0
2019-03-20,42.52999878,42.53219986,42.52999878,42.53219986,47.90439987,43.67779922,0,0
2019-03-21,44.50999832,44.51369858,44.50999832,44.51369858,47.90439987,42.52999878,0,0
2019-03-22,52.25999832,52.25999832,52.25859833,52.25859833,47.90439987,42.52999878,0,0
2019-03-25,57.11000061,57.11000061,57.10589981,57.10589981,52.25999832,42.52999878,0,0
2019-03-26,56.50999832,56.51309967,56.50999832,56.51309967,57.11000061,42.52999878,0,0
2019-03-27,60.97000122,60.97280121,60.97000122,60.97280121,57.11000061,42.52999878,0,0
2019-03-28,59.93000031,59.93000031,59.92699814,59.92699814,60.97280121,42.52999878,0,0
2019-03-29,58.54999924,58.54999924,58.54779816,58.54779816,60.97280121,42.52999878,0,0
2019-04-01,52.68999863,52.68999863,52.68989944,52.68989944,60.97280121,42.52999878,0,0
2019-04-02,54.20999908,54.20999908,54.20560074,54.20560074,60.97280121,42.52999878,0,0
2019-04-03,53.84000015,53.84000015,53.83990097,53.83990097,60.97280121,42.52999878,0,0
2019-04-04,51.70000076,51.70000076,51.69540024,51.69540024,60.97280121,42.52999878,0,0
2019-04-05,49.22000122,49.22000122,49.21960068,49.21960068,60.97280121,42.52999878,0,0
2019-04-08,47.88999939,47.89369965,47.88999939,47.89369965,60.97280121,42.52999878,0,0
2019-04-09,48.83000183,48.83140182,48.83000183,48.83140182,60.97280121,42.52999878,0,0
2019-04-10,48.59999847,48.60029984,48.59999847,48.60029984,60.97280121,42.52999878,0,0
2019-04-11,46.90000153,46.90000153,46.90000153,46.90000153,60.97280121,42.52999878,0,0
2019-04-12,48.84000015,48.84389877,48.84000015,48.84389877,60.97280121,42.52999878,0,0
2019-04-15,47.63999939,47.63999939,47.63890076,47.63890076,60.97280121,42.52999878,0,0
2019-04-16,48.31000137,48.31269836,48.31000137,48.31269836,60.97280121,42.52999878,0,0
2019-04-17,48.65000153,48.65280151,48.65000153,48.65280151,60.97280121,42.52999878,0,0
2019-04-18,49.22999954,49.22999954,49.22800064,49.22800064,60.97280121,44.50999832,0,0
2019-04-22,48.77999878,48.77999878,48.77819824,48.77819824,60.97280121,46.90000153,0,0
2019-04-23,49.79000092,49.79000092,49.78519821,49.78519821,60.97280121,46.90000153,0,0
2019-04-24,50.52000046,50.52320099,50.52000046,50.52320099,60.97280121,46.90000153,0,0
2019-04-25,49.79000092,49.79000092,49.78580093,49.78580093,60.97280121,46.90000153,0,0
2019-04-26,49.43000031,49.43000031,49.42789841,49.42789841,59.93000031,46.90000153,0,0
2019-04-29,48.04999924,48.0522995,48.04999924,48.0522995,58.54999924,46.90000153,0,0
2019-04-30,49.47000122,49.47109985,49.47000122,49.47109985,54.20999908,46.90000153,0,0
2019-05-01,46.75,46.75,46.74530029,46.74530029,54.20999908,46.90000153,0,0
2019-05-02,46.72000122,46.72000122,46.71649933,46.71649933,53.84000015,46.74530029,0,0
2019-05-03,45.77999878,45.78210068,45.77999878,45.78210068,51.70000076,46.71649933,0,0
2019-05-06,47.81999969,47.81999969,47.81930161,47.81930161,50.52320099,45.77999878,0,0
2019-05-07,52.36000061,52.36090088,52.36000061,52.36090088,50.52320099,45.77999878,0,0
2019-05-08,51.31000137,51.31000137,51.30870056,51.30870056,52.36090088,45.77999878,0,0
2019-05-09,54.72000122,54.7234993,54.72000122,54.7234993,52.36090088,45.77999878,0,0
2019-05-10,53.49000168,53.49229813,53.49000168,53.49229813,54.7234993,45.77999878,0,0
2019-05-13,57.88999939,57.89379883,57.88999939,57.89379883,54.7234993,45.77999878,0,0
2019-05-14,55.34999847,55.34999847,55.34619904,55.34619904,57.89379883,45.77999878,0,0
2019-05-15,57.40000153,57.40090179,57.40000153,57.40090179,57.89379883,45.77999878,0,0
2019-05-16,56.97999954,56.97999954,56.97539902,56.97539902,57.89379883,45.77999878,0,0
2019-05-17,56.97000122,56.97320175,56.97000122,56.97320175,57.89379883,45.77999878,0,0
2019-05-20,56.54999924,56.55039978,56.54999924,56.55039978,57.89379883,45.77999878,0,0
2019-05-21,55.34999847,55.34999847,55.34730148,55.34730148,57.89379883,45.77999878,0,0
2019-05-22,54.95999908,54.95999908,54.95859909,54.95859909,57.89379883,45.77999878,0,0
2019-05-23,61.06999969,61.06999969,61.06650162,61.06650162,57.89379883,45.77999878,0,0
2019-05-24,60.54000092,60.54000092,60.53829956,60.53829956,61.06999969,45.77999878,0,0
2019-05-28,61.77000046,61.77000046,61.76819992,61.76819992,61.06999969,45.77999878,0,0
2019-05-29,63.15999985,63.15999985,63.1556015,63.1556015,61.77000046,45.77999878,0,0
2019-05-30,61.74000168,61.74290085,61.74000168,61.74290085,63.15999985,45.77999878,0,0
2019-05-31,72.68000031,72.68099976,72.68000031,72.68099976,63.15999985,45.77999878,0,0
2019-06-03,73.55999756,73.55999756,73.55740356,73.55740356,72.68099976,45.77999878,0,0
2019-06-04,75.26000214,75.26000214,75.2594986,75.2594986,73.55999756,47.81930161,0,0
2019-06-05,77.63999939,77.63999939,77.63960266,77.63960266,75.26000214,51.30870056,0,0
2019-06-06,73.41999817,73.41999817,73.41929626,73.41929626,77.63999939,51.30870056,0,0
2019-06-07,68.69000244,68.69280243,68.69000244,68.69280243,77.63999939,53.49000168,0,0
2019-06-10,65.62000275,65.623703,65.62000275,65.623703,77.63999939,53.49000168,0,0
2019-06-11,64.93000031,64.93000031,64.92880249,64.92880249,77.63999939,54.95859909,0,0
2019-06-12,68.43000031,68.43000031,68.42579651,68.42579651,77.63999939,54.95859909,0,0
2019-06-13,75.73999786,75.73999786,75.73819733,75.73819733,77.63999939,54.95859909,0,0
2019-06-14,80.81999969,80.82029724,80.81999969,80.82029724,77.63999939,54.95859909,0,0
2019-06-17,76.87999725,76.87999725,76.87509918,76.87509918,80.82029724,54.95859909,0,0
2019-06-18,76.73999786,76.73999786,76.7365036,76.7365036,80.82029724,54.95859909,0,0
2019-06-19,71.37000275,71.37000275,71.3660965,71.3660965,80.82029724,54.95859909,0,0
2019-06-20,72.37000275,72.37000275,72.36569977,72.36569977,80.82029724,54.95859909,0,0
2019-06-21,74.62999725,74.62999725,74.62689972,74.62689972,80.82029724,60.53829956,0,0
2019-06-24,73.76000214,73.76029968,73.76000214,73.76029968,80.82029724,60.53829956,0,0
2019-06-25,74.22000122,74.22460175,74.22000122,74.22460175,80.82029724,61.74000168,0,0
2019-06-26,73.73000336,73.73439789,73.73000336,73.73439789,80.82029724,61.74000168,0,0
2019-06-27,69.91999817,69.91999817,69.91539764,69.91539764,80.82029724,61.74000168,0,0
2019-06-28,70.43000031,70.43389893,70.43000031,70.43389893,80.82029724,64.92880249,0,0
2019-07-01,66.52999878,66.52999878,66.52960205,66.52960205,80.82029724,64.92880249,0,0
2019-07-02,68.59999847,68.59999847,68.59970093,68.59970093,80.82029724,64.92880249,0,0
2019-07-03,68.33000183,68.33000183,68.3259964,68.3259964,80.82029724,64.92880249,0,0
2019-07-05,65.27999878,65.27999878,65.27729797,65.27729797,80.82029724,64.92880249,0,0
2019-07-08,63.22000122,63.22000122,63.21879959,63.21879959,80.82029724,64.92880249,0,0
2019-07-09,62.90000153,62.90019989,62.90000153,62.90019989,80.82029724,63.21879959,0,0
2019-07-10,62.38999939,62.38999939,62.38840103,62.38840103,80.82029724,62.90000153,0,0
2019-07-11,62.95999908,62.95999908,62.95629883,62.95629883,80.82029724,62.38840103,0,0
2019-07-12,62.77999878,62.77999878,62.77659988,62.77659988,80.82029724,62.38840103,0,0
2019-07-15,61.90000153,61.90000153,61.89569855,61.89569855,80.82029724,62.38840103,0,0
2019-07-16,61.29000092,61.29430008,61.29000092,61.29430008,76.87999725,61.89569855,0,0
2019-07-17,62.29000092,62.29130173,62.29000092,62.29130173,76.73999786,61.29000092,0,0
2019-07-18,63.11999893,63.11999893,63.11959839,63.11959839,74.62999725,61.29000092,0,0
2019-07-19,63.86000061,63.86489868,63.86000061,63.86489868,74.62999725,61.29000092,0,0
2019-07-22,60.97000122,60.97399902,60.97000122,60.97399902,74.62999725,61.29000092,0,0
2019-07-23,61.22999954,61.22999954,61.22600174,61.22600174,74.22460175,60.97000122,0,0
2019-07-24,60.70999908,60.71269989,60.70999908,60.71269989,74.22460175,60.97000122,0,0
2019-07-25,60.99000168,60.99000168,60.98929977,60.98929977,73.73439789,60.70999908,0,0
2019-07-26,58.90000153,58.9007988,58.90000153,58.9007988,70.43389893,60.70999908,0,0
2019-07-29,58.54999924,58.54999924,58.54629898,58.54629898,70.43389893,58.90000153,0,0
2019-07-30,57.84000015,57.8429985,57.84000015,57.8429985,68.59999847,58.54629898,0,0
2019-07-31,55.25,55.25,55.24679947,55.24679947,68.59999847,57.84000015,0,0
2019-08-01,64.68000031,64.68000031,64.67559814,64.67559814,68.33000183,55.24679947,0,0
2019-08-02,66.11000061,66.11450195,66.11000061,66.11450195,65.27999878,55.24679947,0,0
2019-08-05,77.23999786,77.23999786,77.23600006,77.23600006,66.11450195,55.24679947,0,0
2019-08-06,73.91999817,73.92120361,73.91999817,73.92120361,77.23999786,55.24679947,0,0
2019-08-07,79.08000183,79.08000183,79.0766983,79.0766983,77.23999786,55.24679947,0,0
2019-08-08,78.55000305,78.55200195,78.55000305,78.55200195,79.08000183,55.24679947,0,0
2019-08-09,78.97000122,78.97000122,78.96720123,78.96720123,79.08000183,55.24679947,0,0
2019-08-12,81.58000183,81.58000183,81.57550049,81.57550049,79.08000183,55.24679947,0,0
2019-08-13,77.69999695,77.69999695,77.69709778,77.69709778,81.58000183,55.24679947,0,0
2019-08-14,87.22000122,87.22000122,87.2193985,87.2193985,81.58000183,55.24679947,0,0
2019-08-15,90.62000275,90.62000275,90.61699677,90.61699677,87.22000122,55.24679947,0,0
2019-08-16,89.51999664,89.51999664,89.5161972,89.5161972,90.62000275,55.24679947,0,0
2019-08-19,86.48999786,86.49160004,86.48999786,86.49160004,90.62000275,55.24679947,0,0
2019-08-20,86.86000061,86.86419678,86.86000061,86.86419678,90.62000275,55.24679947,0,0
2019-08-21,84.51000214,84.51229858,84.51000214,84.51229858,90.62000275,55.24679947,0,0
2019-08-22,83.15000153,83.1516037,83.15000153,83.1516037,90.62000275,55.24679947,0,0
2019-08-23,91.81999969,91.82219696,91.81999969,91.82219696,90.62000275,55.24679947,0,0
2019-08-26,87.98000336,87.98000336,87.97930145,87.97930145,91.82219696,55.24679947,0,0
2019-08-27,88.66999817,88.67120361,88.66999817,88.67120361,91.82219696,55.24679947,0,0
2019-08-28,89.87000275,89.87000275,89.86640167,89.86640167,91.82219696,55.24679947,0,0
2019-08-29,86.94000244,86.9434967,86.94000244,86.9434967,91.82219696,64.67559814,0,0
2019-08-30,86.88999939,86.88999939,86.88970184,86.88970184,91.82219696,66.11000061,0,0
2019-09-03,85.26999664,85.26999664,85.26529694,85.26529694,91.82219696,73.91999817,0,0
2019-09-04,81.59999847,81.60160065,81.59999847,81.60160065,91.82219696,73.91999817,0,0
2019-09-05,79.91999817,79.91999817,79.91690063,79.91690063,91.82219696,77.69709778,0,0
2019-09-06,78.81999969,78.82099915,78.81999969,78.82099915,91.82219696,77.69709778,0,0
2019-09-09,76.44000244,76.44000244,76.4382019,76.4382019,91.82219696,77.69709778,0,0
2019-09-10,76.77999878,76.78369904,76.77999878,76.78369904,91.82219696,76.4382019,0,0
2019-09-11,76.69999695,76.70330048,76.69999695,76.70330048,91.82219696,76.4382019,0,0
2019-09-12,77.56999969,77.57109833,77.56999969,77.57109833,91.82219696,76.4382019,0,0
2019-09-13,85.52999878,85.53009796,85.52999878,85.53009796,91.82219696,76.4382019,0,0
2019-09-16,85.94999695,85.94999695,85.94850159,85.94850159,91.82219696,76.4382019,0,0
2019-09-17,84.76000214,84.76069641,84.76000214,84.76069641,91.82219696,76.4382019,0,0
2019-09-18,79.66000366,79.66329956,79.66000366,79.66329956,91.82219696,76.4382019,0,0
2019-09-19,78.13999939,78.14450073,78.13999939,78.14450073,91.82219696,76.4382019,0,0
2019-09-20,80.06999969,80.07260132,80.06999969,80.07260132,91.82219696,76.4382019,0,0
2019-09-23,81.01000214,81.01159668,81.01000214,81.01159668,91.82219696,76.4382019,0,0
2019-09-24,83.06999969,83.06999969,83.06729889,83.06729889,89.87000275,76.4382019,0,0
2019-09-25,80.22000122,80.22000122,80.21710205,80.21710205,89.87000275,76.4382019,0,0
2019-09-26,79.87000275,79.87129974,79.87000275,79.87129974,89.87000275,76.4382019,0,0
2019-09-27,79.97000122,79.97219849,79.97000122,79.97219849,86.9434967,76.4382019,0,0
2019-09-30,77.19999695,77.20050049,77.19999695,77.20050049,86.88999939,76.4382019,0,0
2019-10-01,85.61000061,85.61000061,85.6072998,85.6072998,85.94999695,76.4382019,0,0
2019-10-02,89.38999939,89.38999939,89.38529968,89.38529968,85.94999695,76.4382019,0,0
2019-10-03,87.94000244,87.94380188,87.94000244,87.94380188,89.38999939,76.4382019,0,0
2019-10-04,83.15000153,83.15270233,83.15000153,83.15270233,89.38999939,76.4382019,0,0
2019-10-07,81.86000061,81.86000061,81.85980225,81.85980225,89.38999939,76.4382019,0,0
2019-10-08,80.47000122,80.47000122,80.46890259,80.46890259,89.38999939,76.69999695,0,0
2019-10-09,79.30999756,79.3105011,79.30999756,79.3105011,89.38999939,76.69999695,0,0
2019-10-10,80.13999939,80.13999939,80.13739777,80.13739777,89.38999939,77.19999695,0,0
2019-10-11,79.8646,79.8646,79.8646,79.8646,89.38999939,77.19999695,0,0
2019-10-15,80.0582,80.0582,80.0582,80.0582,89.38999939,77.19999695,0,0
2019-10-16,77.9386,77.9386,77.9386,77.9386,89.38999939,77.19999695,0,0
2019-10-17,77.61,77.61,77.61,77.61,89.38999939,77.19999695,0,0
2019-10-18,78.3503,78.3503,78.3503,78.3503,89.38999939,77.19999695,0,0
2019-10-21,80.2531,80.2531,80.2531,80.2531,89.38999939,77.19999695,0,0
2019-10-22,78.7276,78.7276,78.7276,78.7276,89.38999939,77.19999695,0,0
2019-10-23,73.0303,73.0303,73.0303,73.0303,89.38999939,77.19999695,0,0
2019-10-24,68.9747,68.9747,68.9747,68.9747,89.38999939,73.0303,0,0
2019-10-25,67.0656,67.0656,67.0656,67.0656,89.38999939,68.9747,0,0
2019-10-28,67.4096,67.4096,67.4096,67.4096,89.38999939,67.0656,0,0
2019-10-29,67.6134,67.6134,67.6134,67.6134,89.38999939,67.0656,0,0
2019-10-30,63.3248,63.3248,63.3248,63.3248,89.38999939,67.0656,0,0
2019-10-31,65.8817,65.8817,65.8817,65.8817,89.38999939,63.3248,0,0
2019-11-01,57.2807,57.2807,57.2807,57.2807,87.94380188,63.3248,0,0
2019-11-04,60.1797,60.1797,60.1797,60.1797,83.15270233,57.2807,0,0
2019-11-05,61.4819,61.4819,61.4819,61.4819,81.86000061,57.2807,0,0
2019-11-06,61.7263,61.7263,61.7263,61.7263,80.47000122,57.2807,0,0
2019-11-07,67.0763,67.0763,67.0763,67.0763,80.2531,57.2807,0,0
2019-11-08,64.44,64.44,64.44,64.44,80.2531,57.2807,0,0
2019-11-11,64.44,64.44,64.44,64.44,80.2531,57.2807,0,0
2019-11-12,69.822,69.822,69.822,69.822,80.2531,57.2807,0,0
2019-11-13,66.1046,66.1046,66.1046,66.1046,80.2531,57.2807,0,0
2019-11-14,64.1652,64.1652,64.1652,64.1652,80.2531,57.2807,0,0
2019-11-15,61.6968,61.6968,61.6968,61.6968,80.2531,57.2807,0,0
2019-11-18,64.1344,64.1344,64.1344,64.1344,80.2531,57.2807,0,0
2019-11-19,62.6385,62.6385,62.6385,62.6385,78.7276,57.2807,0,0
2019-11-20,65.5767,65.5767,65.5767,65.5767,73.0303,57.2807,0,0
2019-11-21,61.8283,61.8283,61.8283,61.8283,69.822,57.2807,0,0
2019-11-22,62.1659,62.1659,62.1659,62.1659,69.822,57.2807,0,0
2019-11-25,61.5488,61.5488,61.5488,61.5488,69.822,57.2807,0,0
2019-11-26,60.3872,60.3872,60.3872,60.3872,69.822,57.2807,0,0
2019-11-27,57.6163,57.6163,57.6163,57.6163,69.822,57.2807,0,0
2019-11-29,56.5749,56.5749,56.5749,56.5749,69.822,57.2807,0,0
2019-12-02,59.4157,59.4157,59.4157,59.4157,69.822,56.5749,0,0
2019-12-03,64.6165,64.6165,64.6165,64.6165,69.822,56.5749,0,0
2019-12-04,63.0066,63.0066,63.0066,63.0066,69.822,56.5749,0,0
2019-12-05,63.7328,63.7328,63.7328,63.7328,69.822,56.5749,0,0
2019-12-06,64.0695,64.0695,64.0695,64.0695,69.822,56.5749,0,0
2019-12-09,67.293,67.293,67.293,67.293,69.822,56.5749,0,0
2019-12-10,67.0874,67.0874,67.0874,67.0874,69.822,56.5749,0,0
2019-12-11,61.2951,61.2951,61.2951,61.2951,69.822,56.5749,0,0
2019-12-12,61.6332,61.6332,61.6332,61.6332,67.293,56.5749,0,0
2019-12-13,56.4416,56.4416,56.4416,56.4416,67.293,56.5749,0,0
2019-12-16,56.1329,56.1329,56.1329,56.1329,67.293,56.4416,0,0
2019-12-17,55.3844,55.3844,55.3844,55.3844,67.293,56.1329,0,0
2019-12-18,53.4102,53.4102,53.4102,53.4102,67.293,55.3844,0,0
2019-12-19,53.7017,53.7017,53.7017,53.7017,67.293,53.4102,0,0
2019-12-20,54.1946,54.1946,54.1946,54.1946,67.293,53.4102,0,0
2019-12-23,55.3133,55.3133,55.3133,55.3133,67.293,53.4102,0,0
2019-12-24,58.3168,58.3168,58.3168,58.3168,67.293,53.4102,0,0
2019-12-26,56.4207,56.4207,56.4207,56.4207,67.293,53.4102,0,0
2019-12-27,55.3048,55.3048,55.3048,55.3048,67.293,53.4102,0,0
2019-12-30,59.6295,59.6295,59.6295,59.6295,67.293,53.4102,0,0
2019-12-31,58.2812,58.2812,58.2812,58.2812,67.293,53.4102,0,0
2020-01-02,57.2043,57.2043,57.2043,57.2043,67.293,53.4102,0,0
2020-01-03,60.1223,60.1223,60.1223,60.1223,67.293,53.4102,0,0
2020-01-06,62.7943,62.7943,62.7943,62.7943,67.293,53.4102,0,0
2020-01-07,62.625,62.625,62.625,62.625,67.293,53.4102,0,0
2020-01-08,60.4881,60.4881,60.4881,60.4881,67.293,53.4102,0,0
2020-01-09,57.6626,57.6626,57.6626,57.6626,67.0874,53.4102,0,0
2020-01-10,53.3163,53.3163,53.3163,53.3163,62.7943,53.4102,0,0
2020-01-13,53.2652,53.2652,53.2652,53.2652,62.7943,53.3163,0,0
2020-01-14,52.3548,52.3548,52.3548,52.3548,62.7943,53.2652,0,0
2020-01-15,50.536,50.536,50.536,50.536,62.7943,52.3548,0,0
2020-01-16,50.37,50.37,50.37,50.37,62.7943,50.536,0,0
2020-01-17,49.6664,49.6664,49.6664,49.6664,62.7943,50.37,0,0
2020-01-21,53.4238,53.4238,53.4238,53.4238,62.7943,49.6664,0,0
2020-01-22,51.3089,51.3089,51.3089,51.3089,62.7943,49.6664,0,0
2020-01-23,55.3402,55.3402,55.3402,55.3402,62.7943,49.6664,0,0
2020-01-24,59.9351,59.9351,59.9351,59.9351,62.7943,49.6664,0,0
2020-01-27,66.7281,66.7281,66.7281,66.7281,62.7943,49.6664,0,0
2020-01-28,65.6008,65.6008,65.6008,65.6008,66.7281,49.6664,0,0
2020-01-29,66.1717,66.1717,66.1717,66.1717,66.7281,49.6664,0,0
2020-01-30,71.0693,71.0693,71.0693,71.0693,66.7281,49.6664,0,0
2020-01-31,72.9824,72.9824,72.9824,72.9824,71.0693,49.6664,0,0
2020-02-03,72.8142,72.8142,72.8142,72.8142,72.9824,49.6664,0,0
2020-02-04,68.1666,68.1666,68.1666,68.1666,72.9824,49.6664,0,0
2020-02-05,64.0689,64.0689,64.0689,64.0689,72.9824,49.6664,0,0
2020-02-06,61.2408,61.2408,61.2408,61.2408,72.9824,49.6664,0,0
2020-02-07,65.5919,65.5919,65.5919,65.5919,72.9824,49.6664,0,0
2020-02-10,68.1347,68.1347,68.1347,68.1347,72.9824,49.6664,0,0
2020-02-11,64.8918,64.8918,64.8918,64.8918,72.9824,49.6664,0,0
2020-02-12,63.5156,63.5156,63.5156,63.5156,72.9824,49.6664,0,0
2020-02-13,63.5099,63.5099,63.5099,63.5099,72.9824,49.6664,0,0
2020-02-14,62.3845,62.3845,62.3845,62.3845,72.9824,49.6664,0,0
2020-02-18,67.6555,67.6555,67.6555,67.6555,72.9824,49.6664,0,0
2020-02-19,68.0406,68.0406,68.0406,68.0406,72.9824,51.3089,0,0
2020-02-20,69.5959,69.5959,69.5959,69.5959,72.9824,51.3089,0,0
2020-02-21,74.537,74.537,74.537,74.537,72.9824,55.3402,0,0
2020-02-24,86.9249,86.9249,86.9249,86.9249,74.537,59.9351,0,0
2020-02-25,87.3795,87.3795,87.3795,87.3795,86.9249,61.2408,0,0
2020-02-26,87.0015,87.0015,87.0015,87.0015,87.3795,61.2408,0,0
2020-02-27,92.5864,92.5864,92.5864,92.5864,87.3795,61.2408,0,0
2020-02-28,109.6738,109.6738,109.6738,109.6738,92.5864,61.2408,0,0
2020-03-02,104.8884,104.8884,104.8884,104.8884,109.6738,61.2408,0,0
2020-03-03,102.9658,102.9658,102.9658,102.9658,109.6738,61.2408,0,0
2020-03-04,89.5863,89.5863,89.5863,89.5863,109.6738,61.2408,0,0
2020-03-05,96.9575,96.9575,96.9575,96.9575,109.6738,61.2408,0,0
2020-03-06,125.2099,125.2099,125.2099,125.2099,109.6738,61.2408,0,0
2020-03-09,163.7044,163.7044,163.7044,163.7044,125.2099,62.3845,0,0
2020-03-10,123.7184,123.7184,123.7184,123.7184,163.7044,62.3845,0,0
2020-03-11,127.835,127.835,127.835,127.835,163.7044,62.3845,0,0
2020-03-12,152.6182,152.6182,152.6182,152.6182,163.7044,62.3845,0,0
2020-03-13,138.4014,138.4014,138.4014,138.4014,163.7044,62.3845,0,0
2020-03-16,124.5334,124.5334,124.5334,124.5334,163.7044,62.3845,0,0
2020-03-17,109.8485,109.8485,109.8485,109.8485,163.7044,67.6555,0,0
2020-03-18,124.1411,124.1411,124.1411,124.1411,163.7044,68.0406,0,0
2020-03-19,141.13,141.13,141.13,141.13,163.7044,69.5959,0,0
2020-03-20,133.3739,133.3739,133.3739,133.3739,163.7044,74.537,0,0
2020-03-23,135.3778,135.3778,135.3778,135.3778,163.7044,86.9249,0,0
2020-03-24,111.091,111.091,111.091,111.091,163.7044,87.0015,0,0
2020-03-25,87.1388,87.1388,87.1388,87.1388,163.7044,87.0015,0,0
2020-03-26,88.4786,88.4786,88.4786,88.4786,163.7044,87.1388,0,0
2020-03-27,88.3266,88.3266,88.3266,88.3266,163.7044,87.1388,0,0
2020-03-30,90.6957,90.6957,90.6957,90.6957,163.7044,87.1388,0,0
2020-03-31,83.8696,83.8696,83.8696,83.8696,163.7044,87.1388,0,0
2020-04-01,83.1292,83.1292,83.1292,83.1292,163.7044,83.8696,0,0
2020-04-02,71.9945,71.9945,71.9945,71.9945,163.7044,83.1292,0,0
2020-04-03,65.0064,65.0064,65.0064,65.0064,163.7044,71.9945,0,0
2020-04-06,66.279,66.279,66.279,66.279,163.7044,65.0064,0,0
2020-04-07,72.2062,72.2062,72.2062,72.2062,152.6182,65.0064,0,0
2020-04-08,75.7081,75.7081,75.7081,75.7081,152.6182,65.0064,0,0
2020-04-09,74.3859,74.3859,74.3859,74.3859,152.6182,65.0064,0,0
2020-04-13,75.8548,75.8548,75.8548,75.8548,141.13,65.0064,0,0
2020-04-14,69.5198,69.5198,69.5198,69.5198,141.13,65.0064,0,0
2020-04-15,70.497,70.497,70.497,70.497,141.13,65.0064,0,0
2020-04-16,69.9335,69.9335,69.9335,69.9335,141.13,65.0064,0,0
2020-04-17,69.8364,69.8364,69.8364,69.8364,141.13,65.0064,0,0
2020-04-20,70.5976,70.5976,70.5976,70.5976,135.3778,65.0064,0,0
2020-04-21,73.8312,73.8312,73.8312,73.8312,135.3778,65.0064,0,0
2020-04-22,72.2926,72.2926,72.2926,72.2926,111.091,65.0064,0,0
2020-04-23,67.2515,67.2515,67.2515,67.2515,90.6957,65.0064,0,0
2020-04-24,66.0918,66.0918,66.0918,66.0918,90.6957,65.0064,0,0
2020-04-27,62.7028,62.7028,62.7028,62.7028,90.6957,65.0064,0,0
2020-04-28,58.8856,58.8856,58.8856,58.8856,90.6957,62.7028,0,0
2020-04-29,57.1462,57.1462,57.1462,57.1462,83.8696,58.8856,0,0
2020-04-30,53.5886,53.5886,53.5886,53.5886,83.1292,57.1462,0,0
2020-05-01,48.1102,48.1102,48.1102,48.1102,75.8548,53.5886,0,0
2020-05-04,49.2517,49.2517,49.2517,49.2517,75.8548,48.1102,0,0
2020-05-05,49.6543,49.6543,49.6543,49.6543,75.8548,48.1102,0,0
2020-05-06,51.3096,51.3096,51.3096,51.3096,75.8548,48.1102,0,0
2020-05-07,54.9313,54.9313,54.9313,54.9313,75.8548,48.1102,0,0
2020-05-08,57.4008,57.4008,57.4008,57.4008,75.8548,48.1102,0,0
2020-05-11,61.6009,61.6009,61.6009,61.6009,75.8548,48.1102,0,0
2020-05-12,61.2582,61.2582,61.2582,61.2582,73.8312,48.1102,0,0
2020-05-13,57.5553,57.5553,57.5553,57.5553,73.8312,48.1102,0,0
2020-05-14,59.0483,59.0483,59.0483,59.0483,73.8312,48.1102,0,0
2020-05-15,56.5309,56.5309,56.5309,56.5309,73.8312,48.1102,0,0
2020-05-18,58.7047,58.7047,58.7047,58.7047,73.8312,48.1102,0,0
2020-05-19,60.0943,60.0943,60.0943,60.0943,73.8312,48.1102,0,0
2020-05-20,58.8509,58.8509,58.8509,58.8509,72.2926,48.1102,0,0
2020-05-21,55.6181,55.6181,55.6181,55.6181,67.2515,48.1102,0,0
2020-05-22,51.6697,51.6697,51.6697,51.6697,66.0918,48.1102,0,0
2020-05-26,52.2168,52.2168,52.2168,52.2168,62.7028,48.1102,0,0
2020-05-27,52.977,52.977,52.977,52.977,61.6009,48.1102,0,0
2020-05-28,50.5737,50.5737,50.5737,50.5737,61.6009,48.1102,0,0
2020-05-29,51.5529,51.5529,51.5529,51.5529,61.6009,48.1102,0,0
2020-06-01,55.0678,55.0678,55.0678,55.0678,61.6009,48.1102,0,0
2020-06-02,55.3456,55.3456,55.3456,55.3456,61.6009,49.2517,0,0
2020-06-03,61.2385,61.2385,61.2385,61.2385,61.6009,49.6543,0,0
2020-06-04,61.1803,61.1803,61.1803,61.1803,61.6009,50.5737,0,0
2020-06-05,61.9709,61.9709,61.9709,61.9709,61.6009,50.5737,0,0
2020-06-08,62.769,62.769,62.769,62.769,61.9709,50.5737,0,0
2020-06-09,62.9359,62.9359,62.9359,62.9359,62.769,50.5737,0,0
2020-06-10,60.024,60.024,60.024,60.024,62.9359,50.5737,0,0
2020-06-11,56.4749,56.4749,56.4749,56.4749,62.9359,50.5737,0,0
2020-06-12,55.8094,55.8094,55.8094,55.8094,62.9359,50.5737,0,0
2020-06-15,58.0872,58.0872,58.0872,58.0872,62.9359,50.5737,0,0
2020-06-16,60.4866,60.4866,60.4866,60.4866,62.9359,50.5737,0,0
2020-06-17,58.16,58.16,58.16,58.16,62.9359,50.5737,0,0
2020-06-18,55.1476,55.1476,55.1476,55.1476,62.9359,50.5737,0,0
2020-06-19,53.4523,53.4523,53.4523,53.4523,62.9359,50.5737,0,0
2020-06-22,53.9317,53.9317,53.9317,53.9317,62.9359,50.5737,0,0
2020-06-23,54.0378,54.0378,54.0378,54.0378,62.9359,50.5737,0,0
2020-06-24,54.8891,54.8891,54.8891,54.8891,62.9359,50.5737,0,0
2020-06-25,51.5668,51.5668,51.5668,51.5668,62.9359,50.5737,0,0
2020-06-26,51.2144,51.2144,51.2144,51.2144,62.9359,51.5529,0,0
2020-06-29,52.9649,52.9649,52.9649,52.9649,62.9359,51.2144,0,0
2020-06-30,54.1277,54.1277,54.1277,54.1277,62.9359,51.2144,0,0
2020-07-01,53.2839,53.2839,53.2839,53.2839,62.9359,51.2144,0,0
2020-07-02,50.9604,50.9604,50.9604,50.9604,62.9359,51.2144,0,0
2020-07-06,52.0321,52.0321,52.0321,52.0321,62.9359,50.9604,0,0
2020-07-07,50.9766,50.9766,50.9766,50.9766,62.9359,50.9604,0,0
2020-07-08,49.7972,49.7972,49.7972,49.7972,62.9359,50.9604,0,0
2020-07-09,50.0685,50.0685,50.0685,50.0685,60.4866,49.7972,0,0
2020-07-10,49.1859,49.1859,49.1859,49.1859,60.4866,49.7972,0,0
2020-07-13,49.5493,49.5493,49.5493,49.5493,60.4866,49.1859,0,0
2020-07-14,50.8105,50.8105,50.8105,50.8105,60.4866,49.1859,0,0
2020-07-15,47.0814,47.0814,47.0814,47.0814,60.4866,49.1859,0,0
2020-07-16,46.4319,46.4319,46.4319,46.4319,58.16,47.0814,0,0
2020-07-17,45.6799,45.6799,45.6799,45.6799,55.1476,46.4319,0,0
2020-07-20,46.8173,46.8173,46.8173,46.8173,54.8891,45.6799,0,0
2020-07-21,46.4543,46.4543,46.4543,46.4543,54.8891,45.6799,0,0
2020-07-22,45.3218,45.3218,45.3218,45.3218,54.8891,45.6799,0,0
2020-07-23,43.9262,43.9262,43.9262,43.9262,54.8891,45.3218,0,0
2020-07-24,42.4763,42.4763,42.4763,42.4763,54.1277,43.9262,0,0
2020-07-27,42.6113,42.6113,42.6113,42.6113,54.1277,42.4763,0,0
2020-07-28,41.2695,41.2695,41.2695,41.2695,54.1277,42.4763,0,0
2020-07-29,41.6257,41.6257,41.6257,41.6257,54.1277,41.2695,0,0
2020-07-30,40.6584,40.6584,40.6584,40.6584,53.2839,41.2695,0,0
2020-07-31,41.9772,41.9772,41.9772,41.9772,52.0321,40.6584,0,0
2020-08-03,43.1345,43.1345,43.1345,43.1345,52.0321,40.6584,0,0
2020-08-04,44.1071,44.1071,44.1071,44.1071,50.9766,40.6584,0,0
2020-08-05,41.7507,41.7507,41.7507,41.7507,50.8105,40.6584,0,0
2020-08-06,42.6047,42.6047,42.6047,42.6047,50.8105,40.6584,0,0
2020-08-07,41.4622,41.4622,41.4622,41.4622,50.8105,40.6584,0,0
2020-08-10,42.213,42.213,42.213,42.213,50.8105,40.6584,0,0
2020-08-11,45.2642,45.2642,45.2642,45.2642,50.8105,40.6584,0,0
2020-08-12,44.2282,44.2282,44.2282,44.2282,47.0814,40.6584,0,0
2020-08-13,45.0836,45.0836,45.0836,45.0836,46.8173,40.6584,0,0
2020-08-14,43.089,43.089,43.089,43.089,46.8173,40.6584,0,0
2020-08-17,43.089,45.8108,43.089,45.8108,46.8173,40.6584,0,0
2020-08-18,45.8108,46.0644,45.8108,46.0644,46.4543,40.6584,0,0
2020-08-19,46.0644,46.0644,44.6018,44.6018,46.0644,40.6584,0,0
2020-08-20,44.6018,44.6018,44.5835,44.5835,46.0644,40.6584,0,0
2020-08-21,44.5835,45.1393,44.5835,45.1393,46.0644,40.6584,0,0
2020-08-24,45.1393,46.3253,45.1393,46.3253,46.0644,40.6584,0,0
2020-08-25,46.3253,47.8944,46.3253,47.8944,46.3253,40.6584,0,0
2020-08-26,47.8944,47.9893,47.8944,47.9893,47.8944,40.6584,0,0
2020-08-27,47.9893,49.2867,47.9893,49.2867,47.9893,40.6584,0,0
2020-08-28,49.2867,49.2867,48.1928,48.1928,49.2867,41.4622,0,0
2020-08-31,48.1928,48.1928,47.0161,47.0161,49.2867,41.4622,0,0
2020-09-01,47.0161,47.0161,44.304,44.304,49.2867,41.4622,0,0
2020-09-02,44.304,44.8612,44.304,44.8612,49.2867,41.4622,0,0
2020-09-03,44.8612,45.7589,44.8612,45.7589,49.2867,41.4622,0,0
2020-09-04,45.7589,47.0367,45.7589,47.0367,49.2867,41.4622,0,0
2020-09-08,47.0367,50.6786,47.0367,50.6786,49.2867,42.213,0,0
2020-09-09,50.6786,50.6786,48.8174,48.8174,50.6786,43.089,0,0
2020-09-10,48.8174,48.8174,45.2086,45.2086,50.6786,43.089,0,0
2020-09-11,45.2086,45.2086,43.1205,43.1205,50.6786,43.089,0,0
2020-09-14,43.1205,44.2077,43.1205,44.2077,50.6786,43.089,0,0
2020-09-15,44.2077,44.2077,43.0612,43.0612,50.6786,43.089,0,0
2020-09-16,43.0612,43.0612,42.4273,42.4273,50.6786,43.0612,0,0
2020-09-17,42.4273,42.4273,38.4523,38.4523,50.6786,42.4273,0,0
2020-09-18,38.4523,38.4523,37.2427,37.2427,50.6786,38.4523,0,0
2020-09-21,37.2427,38.6294,37.2427,38.6294,50.6786,37.2427,0,0
2020-09-22,38.6294,39.352,38.6294,39.352,50.6786,37.2427,0,0
2020-09-23,39.352,39.352,38.6292,38.6292,50.6786,37.2427,0,0
2020-09-24,38.6292,38.6292,37.2205,37.2205,50.6786,37.2427,0,0
2020-09-25,37.2205,37.2205,36.9655,36.9655,50.6786,37.2205,0,0
2020-09-28,36.9655,37.4007,36.9655,37.4007,50.6786,36.9655,0,0
2020-09-29,37.4007,37.4007,36.6162,36.6162,50.6786,36.9655,0,0
2020-09-30,36.6162,39.2057,36.6162,39.2057,50.6786,36.6162,0,0
2020-10-01,39.2057,39.2057,38.6454,38.6454,50.6786,36.6162,0,0
2020-10-02,38.6454,39.9665,38.6454,39.9665,50.6786,36.6162,0,0
2020-10-05,39.9665,39.9665,39.8147,39.8147,50.6786,36.6162,0,0
2020-10-06,39.8147,57.7524,39.8147,57.7524,50.6786,36.6162,0,0
2020-10-07,57.7524,57.7524,56.9842,56.9842,57.7524,36.6162,0,0
2020-10-08,56.9842,57.306,56.9842,57.306,57.7524,36.6162,0,0
2020-10-09,57.306,57.5161,57.306,57.5161,57.7524,36.6162,0,0
2020-10-13,57.5161,57.5161,55.5938,55.5938,57.7524,36.6162,0,0
2020-10-14,55.5938,55.5938,53.4974,53.4974,57.7524,36.6162,0,0
2020-10-15,53.4974,55.6235,53.4974,55.6235,57.7524,36.6162,0,0
2020-10-16,55.6235,57.249,55.6235,57.249,57.7524,36.6162,0,0
2020-10-19,57.249,61.1626,57.249,61.1626,57.7524,36.6162,0,0
2020-10-20,61.1626,61.1626,60.4177,60.4177,61.1626,36.6162,0,0
2020-10-21,60.4177,60.4177,59.0707,59.0707,61.1626,36.6162,0,0
2020-10-22,59.0707,59.7319,59.0707,59.7319,61.1626,36.6162,0,0
2020-10-23,59.7319,59.7319,58.4577,58.4577,61.1626,36.6162,0,0
2020-10-26,58.4577,58.9517,58.4577,58.9517,61.1626,36.6162,0,0
2020-10-27,58.9517,58.9517,57.8845,57.8845,61.1626,36.6162,0,0
2020-10-28,57.8845,57.8845,57.1311,57.1311,61.1626,36.6162,0,0
2020-10-29,57.1311,61.2983,57.1311,61.2983,61.1626,36.6162,0,0
2020-10-30,61.2983,61.9113,61.2983,61.9113,61.2983,38.6454,0,0
2020-11-02,61.9113,63.5584,61.9113,63.5584,61.9113,38.6454,0,0
2020-11-03,63.5584,64.3672,63.5584,64.3672,63.5584,39.8147,0,0
2020-11-04,64.3672,64.3672,47.7442,47.7442,64.3672,39.8147,0,0
2020-11-05,47.7442,47.7442,43.7585,43.7585,64.3672,47.7442,0,0
2020-11-06,43.7585,43.7585,39.8784,39.8784,64.3672,43.7585,0,0
2020-11-09,39.8784,44.941,39.8784,44.941,64.3672,39.8784,0,0
2020-11-10,44.941,46.1867,44.941,46.1867,64.3672,39.8784,0,0
2020-11-12,46.1867,46.1867,44.1721,44.1721,64.3672,39.8784,0,0
2020-11-13,44.1721,44.1721,42.9486,42.9486,64.3672,39.8784,0,0
2020-11-16,42.9486,42.9486,42.4902,42.4902,64.3672,39.8784,0,0
2020-11-17,42.4902,43.0844,42.4902,43.0844,64.3672,39.8784,0,0
2020-11-18,43.0844,43.6151,43.0844,43.6151,64.3672,39.8784,0,0
2020-11-19,43.6151,43.6151,43.5313,43.5313,64.3672,39.8784,0,0
2020-11-20,43.5313,43.5313,42.3077,42.3077,64.3672,39.8784,0,0
2020-11-23,42.3077,43.0362,42.3077,43.0362,64.3672,39.8784,0,0
2020-11-24,43.0362,43.0362,42.3774,42.3774,64.3672,39.8784,0,0
2020-11-25,42.3774,42.3774,39.6202,39.6202,64.3672,39.8784,0,0
2020-11-27,39.6202,39.6423,39.6202,39.6423,64.3672,39.6202,0,0
2020-11-30,39.6423,40.8432,39.6423,40.8432,64.3672,39.6202,0,0
2020-12-01,40.8432,41.5319,40.8432,41.5319,64.3672,39.6202,0,0
2020-12-02,41.5319,43.921,41.5319,43.921,64.3672,39.6202,0,0
2020-12-03,43.921,43.921,42.5314,42.5314,64.3672,39.6202,0,0
2020-12-04,42.5314,43.8872,42.5314,43.8872,64.3672,39.6202,0,0
2020-12-07,43.8872,49.6728,43.8872,49.6728,47.7442,39.6202,0,0
2020-12-08,49.6728,49.6728,49.1032,49.1032,49.6728,39.6202,0,0
2020-12-09,49.1032,49.1032,48.4794,48.4794,49.6728,39.6202,0,0
2020-12-10,48.4794,48.4794,47.1533,47.1533,49.6728,39.6202,0,0
2020-12-11,47.1533,47.5162,47.1533,47.5162,49.6728,39.6202,0,0
2020-12-14,47.5162,49.2152,47.5162,49.2152,49.6728,39.6202,0,0
2020-12-15,49.2152,49.2152,48.1369,48.1369,49.6728,39.6202,0,0
2020-12-16,48.1369,48.1369,46.9628,46.9628,49.6728,39.6202,0,0
2020-12-17,46.9628,46.9628,44.1508,44.1508,49.6728,39.6202,0,0
2020-12-18,44.1508,44.64,44.1508,44.64,49.6728,39.6202,0,0
2020-12-21,44.64,46.6574,44.64,46.6574,49.6728,39.6202,0,0
2020-12-22,46.6574,46.6574,43.5682,43.5682,49.6728,39.6202,0,0
2020-12-23,43.5682,43.5682,42.7404,42.7404,49.6728,39.6202,0,0
2020-12-24,42.7404,42.7404,42.1148,42.1148,49.6728,39.6202,0,0
2020-12-28,42.1148,45.2597,42.1148,45.2597,49.6728,39.6202,0,0
2020-12-29,45.2597,46.0989,45.2597,46.0989,49.6728,39.6423,0,0
2020-12-30,46.0989,47.1898,46.0989,47.1898,49.6728,40.8432,0,0
2020-12-31,47.1898,48.9802,47.1898,48.9802,49.6728,41.5319,0,0
2021-01-04,48.9802,49.5917,48.9802,49.5917,49.6728,42.1148,0,0
2021-01-05,49.5917,49.5917,48.9503,48.9503,49.6728,42.1148,0,0
2021-01-06,48.9503,48.9503,44.6399,44.6399,49.6728,42.1148,0,0
2021-01-07,44.6399,45.1999,44.6399,45.1999,49.6728,42.1148,0,0
2021-01-08,45.1999,45.1999,44.809,44.809,49.5917,42.1148,0,0
2021-01-11,44.809,47.766,44.809,47.766,49.5917,42.1148,0,0
2021-01-12,47.766,50.1217,47.766,50.1217,49.5917,42.1148,0,0
2021-01-13,50.1217,50.1217,45.5986,45.5986,50.1217,42.1148,0,0
2021-01-14,45.5986,46.2308,45.5986,46.2308,50.1217,42.1148,0,0
2021-01-15,46.2308,46.2308,45.1354,45.1354,50.1217,42.1148,0,0
2021-01-19,45.1354,45.2313,45.1354,45.2313,50.1217,42.1148,0,0
2021-01-20,45.2313,45.2313,42.5259,42.5259,50.1217,42.1148,0,0
2021-01-21,42.5259,43.007,42.5259,43.007,50.1217,42.1148,0,0
2021-01-22,43.007,43.0886,43.007,43.0886,50.1217,42.1148,0,0
2021-01-25,43.0886,43.0886,43.0754,43.0754,50.1217,42.1148,0,0
2021-01-26,43.0754,43.1398,43.0754,43.1398,50.1217,42.1148,0,0
2021-01-27,43.1398,44.1595,43.1398,44.1595,50.1217,42.1148,0,0
2021-01-28,44.1595,45.532,44.1595,45.532,50.1217,42.5259,0,0
2021-01-29,45.532,47.4068,45.532,47.4068,50.1217,42.5259,0,0
2021-02-01,47.4068,47.4068,46.2841,46.2841,50.1217,42.5259,0,0
2021-02-02,46.2841,46.2841,45.9114,45.9114,50.1217,42.5259,0,0
2021-02-03,45.9114,46.9341,45.9114,46.9341,50.1217,42.5259,0,0
2021-02-04,46.9341,47.2467,46.9341,47.2467,50.1217,42.5259,0,0
2021-02-05,47.2467,47.2467,47.2002,47.2002,50.1217,42.5259,0,0
2021-02-08,47.2002,48.4536,47.2002,48.4536,50.1217,42.5259,0,0
2021-02-09,48.4536,48.4536,46.7486,46.7486,50.1217,42.5259,0,0
2021-02-10,46.7486,46.7486,46.2744,46.2744,50.1217,42.5259,0,0
2021-02-11,46.2744,46.2744,45.9516,45.9516,50.1217,42.5259,0,0
2021-02-12,45.9516,47.0055,45.9516,47.0055,48.4536,42.5259,0,0
2021-02-16,47.0055,56.7803,47.0055,56.7803,48.4536,42.5259,0,0
2021-02-17,56.7803,56.7803,55.9738,55.9738,56.7803,42.5259,0,0
2021-02-18,55.9738,56.1238,55.9738,56.1238,56.7803,42.5259,0,0
2021-02-19,56.1238,60.4295,56.1238,60.4295,56.7803,42.5259,0,0
2021-02-22,60.4295,62.4236,60.4295,62.4236,60.4295,43.007,0,0
2021-02-23,62.4236,62.4236,61.7263,61.7263,62.4236,43.0754,0,0
2021-02-24,61.7263,61.9193,61.7263,61.9193,62.4236,43.0754,0,0
2021-02-25,61.9193,74.1566,61.9193,74.1566,62.4236,43.1398,0,0
2021-02-26,74.1566,75.6634,74.1566,75.6634,74.1566,44.1595,0,0
2021-03-01,75.6634,75.6634,68.7287,68.7287,75.6634,45.532,0,0
2021-03-02,68.7287,68.7287,57.6983,57.6983,75.6634,45.9114,0,0
2021-03-03,57.6983,65.8284,57.6983,65.8284,75.6634,45.9114,0,0
2021-03-04,65.8284,68.1345,65.8284,68.1345,75.6634,45.9114,0,0
2021-03-05,68.1345,69.3715,68.1345,69.3715,75.6634,45.9516,0,0
2021-03-08,69.3715,71.6492,69.3715,71.6492,75.6634,45.9516,0,0
2021-03-09,71.6492,71.6492,67.4426,67.4426,75.6634,45.9516,0,0
2021-03-10,67.4426,67.4426,63.1853,63.1853,75.6634,45.9516,0,0
2021-03-11,63.1853,63.8952,63.1853,63.8952,75.6634,45.9516,0,0
2021-03-12,63.8952,70.8311,63.8952,70.8311,75.6634,45.9516,0,0
2021-03-15,70.8311,70.8311,70.7867,70.7867,75.6634,45.9516,0,0
2021-03-16,70.7867,70.8089,70.7867,70.8089,75.6634,47.0055,0,0
2021-03-17,70.8089,70.8089,66.7504,66.7504,75.6634,55.9738,0,0
2021-03-18,66.7504,70.4838,66.7504,70.4838,75.6634,55.9738,0,0
2021-03-19,70.4838,70.4838,68.7985,68.7985,75.6634,56.1238,0,0
2021-03-22,68.7985,68.7985,67.6186,67.6186,75.6634,57.6983,0,0
2021-03-23,67.6186,67.6186,60.7735,60.7735,75.6634,57.6983,0,0
2021-03-24,60.7735,60.7735,60.7147,60.7147,75.6634,57.6983,0,0
2021-03-25,60.7147,60.7147,59.5424,59.5424,75.6634,57.6983,0,0
2021-03-26,59.5424,61.4931,59.5424,61.4931,75.6634,57.6983,0,0
2021-03-29,61.4931,65.9601,61.4931,65.9601,75.6634,57.6983,0,0
2021-03-30,65.9601,67.4379,65.9601,67.4379,71.6492,57.6983,0,0
2021-03-31,67.4379,71.2667,67.4379,71.2667,71.6492,57.6983,0,0
2021-04-01,71.2667,71.2667,64.9888,64.9888,71.6492,59.5424,0,0
2021-04-05,63.7146,63.7146,61.793,61.793,71.6492,59.5424,0,0
2021-04-06,61.793,61.793,60.2865,60.2865,71.6492,59.5424,0,0
2021-04-07,60.2865,62.5376,60.2865,62.5376,71.6492,59.5424,0,0
2021-04-08,62.5376,62.5376,60.0795,60.0795,71.2667,59.5424,0,0
2021-04-09,60.0795,61.2098,60.0795,61.2098,71.2667,59.5424,0,0
2021-04-12,61.2098,63.4955,61.2098,63.4955,71.2667,59.5424,0,0
2021-04-13,63.4955,63.4955,61.1979,61.1979,71.2667,59.5424,0,0
2021-04-14,61.1979,61.1979,60.0792,60.0792,71.2667,59.5424,0,0
2021-04-15,60.0792,60.0792,59.0518,59.0518,71.2667,59.5424,0,0
2021-04-16,59.0518,62.5698,59.0518,62.5698,71.2667,59.0518,0,0
2021-04-19,62.5698,63.9596,62.5698,63.9596,71.2667,59.0518,0,0
2021-04-20,63.9596,64.3492,63.9596,64.3492,71.2667,59.0518,0,0
2021-04-21,64.3492,64.3492,62.27,62.27,71.2667,59.0518,0,0
2021-04-22,62.27,62.27,59.6153,59.6153,71.2667,59.0518,0,0
2021-04-23,59.6153,59.9833,59.6153,59.9833,71.2667,59.0518,0,0
2021-04-26,59.9833,60.9792,59.9833,60.9792,71.2667,59.0518,0,0
2021-04-27,60.9792,60.9792,60.1476,60.1476,71.2667,59.0518,0,0
2021-04-28,60.1476,60.3072,60.1476,60.3072,71.2667,59.0518,0,0
2021-04-29,60.3072,60.3072,59.0164,59.0164,71.2667,59.0518,0,0
2021-04-30,59.0164,59.0164,58.1265,58.1265,71.2667,59.0164,0,0
2021-05-03,58.1265,58.1265,57.3298,57.3298,64.3492,58.1265,0,0
2021-05-04,57.3298,58.5056,57.3298,58.5056,64.3492,57.3298,0,0
2021-05-05,58.5056,58.5056,56.9254,56.9254,64.3492,57.3298,0,0
2021-05-06,56.9254,57.7516,56.9254,57.7516,64.3492,56.9254,0,0
2021-05-07,57.7516,57.7516,54.1334,54.1334,64.3492,56.9254,0,0
2021-05-10,54.1334,55.4819,54.1334,55.4819,64.3492,54.1334,0,0
2021-05-11,55.4819,58.0137,55.4819,58.0137,64.3492,54.1334,0,0
2021-05-12,58.0137,58.466,58.0137,58.466,64.3492,54.1334,0,0
2021-05-13,58.466,58.466,56.5903,56.5903,64.3492,54.1334,0,0
2021-05-14,56.5903,56.5903,54.9876,54.9876,64.3492,54.1334,0,0
2021-05-17,54.9876,58.5943,54.9876,58.5943,64.3492,54.1334,0,0
2021-05-18,58.5943,58.5943,57.1782,57.1782,64.3492,54.1334,0,0
2021-05-19,57.1782,57.3146,57.1782,57.3146,64.3492,54.1334,0,0
2021-05-20,57.3146,57.3146,55.0402,55.0402,62.27,54.1334,0,0
2021-05-21,55.0402,55.0402,54.5916,54.5916,60.9792,54.1334,0,0
2021-05-24,54.5916,54.9351,54.5916,54.9351,60.9792,54.1334,0,0
2021-05-25,54.9351,54.9351,53.7246,53.7246,60.9792,54.1334,0,0
2021-05-26,53.7246,53.7246,52.8245,52.8245,60.3072,53.7246,0,0
2021-05-27,52.8245,53.4745,52.8245,53.4745,60.3072,52.8245,0,0
2021-05-28,53.4745,53.4745,52.0351,52.0351,59.0164,52.8245,0,0
2021-06-01,52.0351,54.9921,52.0351,54.9921,58.5943,52.0351,0,0
2021-06-02,54.9921,55.2115,54.9921,55.2115,58.5943,52.0351,0,0
2021-06-03,55.2115,55.2115,53.9615,53.9615,58.5943,52.0351,0,0
2021-06-04,53.9615,53.9615,49.5462,49.5462,58.5943,52.0351,0,0
2021-06-08,49.5462,49.9327,49.5462,49.9327,58.5943,49.5462,0,0
2021-06-09,49.9327,52.8352,49.9327,52.8352,58.5943,49.5462,0,0
2021-06-10,52.8352,52.8352,48.2569,48.2569,58.5943,49.5462,0,0
2021-06-11,48.2569,50.8503,48.2569,50.8503,58.5943,48.2569,0,0
2021-06-14,48.2569,54.0266,48.2569,54.0266,58.5943,48.2569,0,0
2021-06-15,54.0266,54.0266,52.9242,52.9242,58.5943,48.2569,0,0
2021-06-16,52.9242,54.2835,52.9242,54.2835,58.5943,48.2569,0,0
2021-06-17,54.2835,54.9122,54.2835,54.9122,58.5943,48.2569,0,0
2021-06-18,54.9122,61.8571,54.9122,61.8571,57.3146,48.2569,0,0
2021-06-22,61.8571,61.8571,58.6405,58.6405,61.8571,48.2569,0,0
2021-06-23,58.6405,58.6405,55.6021,55.6021,61.8571,48.2569,0,0
2021-06-24,55.6021,55.6021,54.8288,54.8288,61.8571,48.2569,0,0
2021-06-25,54.8288,56.3343,54.8288,56.3343,61.8571,48.2569,0,0
2021-06-29,56.3343,56.7982,56.3343,56.7982,61.8571,48.2569,0,0
2021-06-30,56.7982,57.2714,56.7982,57.2714,61.8571,48.2569,0,0
2021-07-01,57.2714,57.5205,57.2714,57.5205,61.8571,48.2569,0,0
2021-07-02,57.5205,57.5205,52.412,52.412,61.8571,48.2569,0,0
2021-07-06,52.412,56.5453,52.412,56.5453,61.8571,48.2569,0,0
2021-07-07,56.5453,60.6481,56.5453,60.6481,61.8571,48.2569,0,0
2021-07-08,60.6481,61.6791,60.6481,61.6791,61.8571,48.2569,0,0
2021-07-09,61.6791,61.6791,59.917,59.917,61.8571,48.2569,0,0
2021-07-12,61.6791,61.6791,60.777,60.777,61.8571,48.2569,0,0
2021-07-13,60.777,60.7962,60.777,60.7962,61.8571,48.2569,0,0
2021-07-14,60.7962,60.7962,57.3108,57.3108,61.8571,48.2569,0,0
2021-07-15,57.3108,57.3108,57.3108,57.3108,61.8571,48.2569,0,0
2021-07-16,56.9828,58.2396,56.9828,58.2396,61.8571,52.412,0,0
2021-07-19,56.9828,67.58,56.9828,67.58,61.8571,52.412,0,0
2021-07-20,67.58,69.3118,67.58,69.3118,67.58,52.412,0,0
2021-07-21,69.3118,69.3118,65.282,65.282,69.3118,52.412,0,0
2021-07-22,65.282,65.282,64.9599,64.9599,69.3118,52.412,0,0
2021-07-23,64.9599,65.2787,64.9599,65.2787,69.3118,52.412,0,0
2021-07-26,64.9599,69.0306,64.9599,69.0306,69.3118,52.412,0,0
2021-07-27,69.0306,70.0675,69.0306,70.0675,69.3118,52.412,0,0
2021-07-28,70.0675,70.0675,62.4032,62.4032,70.0675,52.412,0,0
2021-07-29,62.4032,62.4032,62.0793,62.0793,70.0675,52.412,0,0
2021-07-30,62.0793,62.0793,61.1884,61.1884,70.0675,52.412,0,0
2021-08-02,62.0793,64.294,62.0793,64.294,70.0675,52.412,0,0
2021-08-03,64.294,65.4152,64.294,65.4152,70.0675,52.412,0,0
2021-08-04,65.4152,65.4152,62.6739,62.6739,70.0675,56.5453,0,0
2021-08-05,62.6739,63.5716,62.6739,63.5716,70.0675,56.9828,0,0
2021-08-06,63.5716,63.5716,62.6385,62.6385,70.0675,56.9828,0,0
2021-08-10,65.7234,66.5547,65.7234,66.5547,70.0675,56.9828,0,0
2021-08-11,66.5547,66.5547,60.6622,60.6622,70.0675,56.9828,0,0
2021-08-12,60.6622,60.6622,57.3915,57.3915,70.0675,56.9828,0,0
2021-08-13,57.3915,57.3915,55.454,55.454,70.0675,56.9828,0,0
2021-08-16,55.454,59.3988,55.454,59.3988,70.0675,55.454,0,0
2021-08-17,59.3988,60.2796,59.3988,60.2796,70.0675,55.454,0,0
2021-08-18,60.2796,60.2796,58.0528,58.0528,70.0675,55.454,0,0
2021-08-19,58.0528,59.3811,58.0528,59.3811,70.0675,55.454,0,0
2021-08-20,59.3811,59.9487,59.3811,59.9487,70.0675,55.454,0,0
2021-08-23,59.3811,62.2314,59.3811,62.2314,70.0675,55.454,0,0
2021-08-24,62.2314,63.0285,62.2314,63.0285,70.0675,55.454,0,0
2021-08-25,63.0285,64.5104,63.0285,64.5104,70.0675,55.454,0,0
2021-08-26,64.5104,64.5104,63.4076,63.4076,70.0675,55.454,0,0
2021-08-27,63.4076,63.4076,57.9779,57.9779,66.5547,55.454,0,0
2021-08-30,63.4076,63.4076,60.1351,60.1351,66.5547,55.454,0,0
2021-08-31,60.1351,60.1351,59.5409,59.5409,66.5547,55.454,0,0
2021-09-01,59.5409,59.5409,58.0872,58.0872,66.5547,55.454,0,0
2021-09-02,58.0872,58.0872,55.8022,55.8022,66.5547,55.454,0,0
2021-09-03,55.8022,55.8022,53.2637,53.2637,66.5547,55.454,0,0
2021-09-07,53.2637,57.0461,53.2637,57.0461,66.5547,53.2637,0,0
2021-09-08,57.0461,57.0461,57.0245,57.0245,66.5547,53.2637,0,0
2021-09-09,57.0245,57.0245,52.6068,52.6068,66.5547,53.2637,0,0
2021-09-10,52.6068,52.6068,51.7306,51.7306,64.5104,52.6068,0,0
2021-09-13,52.6068,53.0958,52.6068,53.0958,64.5104,51.7306,0,0
2021-09-14,53.0958,53.0958,51.7322,51.7322,64.5104,51.7306,0,0
2021-09-15,51.7322,53.9321,51.7322,53.9321,64.5104,51.7306,0,0
2021-09-16,53.9321,53.9321,53.6958,53.6958,64.5104,51.7306,0,0
2021-09-17,53.6958,56.0558,53.6958,56.0558,64.5104,51.7306,0,0
2021-09-20,56.0558,59.5801,56.0558,59.5801,64.5104,51.7306,0,0
2021-09-21,59.5801,59.5801,59.2006,59.2006,64.5104,51.7306,0,0
2021-09-22,59.2006,59.2006,55.9205,55.9205,64.5104,51.7306,0,0
2021-09-23,55.9205,56.7947,55.9205,56.7947,64.5104,51.7306,0,0
2021-09-24,56.7947,58.4578,56.7947,58.4578,64.5104,51.7306,0,0
2021-09-27,56.7947,60.4961,56.7947,60.4961,63.4076,51.7306,0,0
2021-09-28,60.4961,62.7135,60.4961,62.7135,63.4076,51.7306,0,0
2021-09-29,62.7135,62.7135,61.209,61.209,62.7135,51.7306,0,0
2021-09-30,61.209,61.209,61.0673,61.0673,62.7135,51.7306,0,0
2021-10-01,61.0673,61.0673,57.3757,57.3757,62.7135,51.7306,0,0
2021-10-04,61.0673,61.0673,60.6119,60.6119,62.7135,51.7306,0,0
2021-10-05,60.6119,62.8295,60.6119,62.8295,62.7135,51.7306,0,0
2021-10-06,62.8295,62.8295,60.647,60.647,62.8295,51.7306,0,0
2021-10-07,60.647,60.9129,60.647,60.9129,62.8295,51.7306,0,0
2021-10-08,60.9129,60.9129,59.6504,59.6504,62.8295,51.7306,0,0
2021-10-12,59.6504,62.9452,59.6504,62.9452,62.8295,51.7322,0,0
2021-10-13,62.9452,62.9452,60.8367,60.8367,62.9452,51.7322,0,0
2021-10-14,60.8367,60.8367,59.3479,59.3479,62.9452,51.7322,0,0
2021-10-15,59.3479,70.7736,59.3479,70.7736,62.9452,53.6958,0,0
2021-10-19,70.7736,70.7736,68.2535,68.2535,70.7736,53.6958,0,0
2021-10-20,68.2535,68.2535,65.4651,65.4651,70.7736,55.9205,0,0
2021-10-21,65.4651,69.4171,65.4651,69.4171,70.7736,55.9205,0,0
2021-10-22,69.4171,72.037,69.4171,72.037,70.7736,55.9205,0,0
2021-10-26,68.9576,68.9576,66.7011,66.7011,72.037,55.9205,0,0
2021-10-27,66.7011,70.061,66.7011,70.061,72.037,56.7947,0,0
2021-10-28,70.061,71.9608,70.061,71.9608,72.037,56.7947,0,0
2021-10-29,71.9608,75.4521,71.9608,75.4521,72.037,57.3757,0,0
2021-11-01,71.9608,78.3374,71.9608,78.3374,75.4521,57.3757,0,0
2021-11-02,78.3374,78.3374,71.0355,71.0355,78.3374,57.3757,0,0
2021-11-03,71.0355,71.2174,71.0355,71.2174,78.3374,57.3757,0,0
2021-11-04,71.2174,71.2174,64.6116,64.6116,78.3374,59.3479,0,0
2021-11-05,64.6116,70.9725,64.6116,70.9725,78.3374,59.3479,0,0
2021-11-09,70.9725,73.0151,70.9725,73.0151,78.3374,59.3479,0,0
2021-11-10,73.0151,78.3057,73.0151,78.3057,78.3374,59.3479,0,0
2021-11-12,78.3057,81.5926,78.3057,81.5926,78.3374,59.3479,0,0
2021-11-16,81.5926,81.5926,81.5847,81.5847,81.5926,59.3479,0,0
2021-11-17,81.5847,81.5847,81.5816,81.5816,81.5926,59.3479,0,0
2021-11-18,81.5816,81.5816,74.5144,74.5144,81.5926,59.3479,0,0
2021-11-19,74.5144,74.5144,73.3883,73.3883,81.5926,59.3479,0,0
2021-11-23,79.2128,80.5676,79.2128,80.5676,81.5926,64.6116,0,0
2021-11-24,80.5676,83.147,80.5676,83.147,81.5926,64.6116,0,0
2021-11-26,83.147,89.4499,83.147,89.4499,83.147,64.6116,0,0
2021-11-30,89.4108,89.4108,84.0378,84.0378,89.4499,64.6116,0,0
2021-12-01,84.0378,84.0378,82.9659,82.9659,89.4499,64.6116,0,0
2021-12-02,82.9659,82.9659,82.5483,82.5483,89.4499,64.6116,0,0
2021-12-03,82.5483,82.5483,79.1419,79.1419,89.4499,64.6116,0,0
2021-12-07,87.8906,88.1445,87.8906,88.1445,89.4499,64.6116,0,0
2021-12-08,88.1445,88.1445,80.2853,80.2853,89.4499,64.6116,0,0
2021-12-09,80.2853,80.2853,79.5358,79.5358,89.4499,64.6116,0,0
2021-12-10,79.5358,79.5358,74.3583,74.3583,89.4499,64.6116,0,0
2021-12-13,79.5358,79.5358,76.4142,76.4142,89.4499,64.6116,0,0
2021-12-14,76.4142,78.9753,76.4142,78.9753,89.4499,64.6116,0,0
2021-12-15,78.9753,78.9753,74.0613,74.0613,89.4499,70.9725,0,0
2021-12-16,74.0613,74.0613,69.104,69.104,89.4499,73.0151,0,0
2021-12-17,69.104,77.0213,69.104,77.0213,89.4499,69.104,0,0
2021-12-21,77.0213,79.5158,77.0213,79.5158,89.4499,69.104,0,0
2021-12-22,79.5158,79.5158,76.8472,76.8472,89.4499,69.104,0,0
2021-12-23,76.8472,77.2852,76.8472,77.2852,89.4499,69.104,0,0
2021-12-27,77.2852,80.1217,77.2852,80.1217,89.4499,69.104,0,0
2021-12-28,80.1217,80.1217,77.5237,77.5237,89.4499,69.104,0,0
2021-12-29,77.5237,78.0008,77.5237,78.0008,89.4499,69.104,0,0
2021-12-30,78.0008,78.0008,77.6208,77.6208,89.4499,69.104,0,0
2021-12-31,77.6208,77.6208,77.0969,77.0969,89.4108,69.104,0,0
2022-01-04,84.0757,84.0757,83.1093,83.1093,88.1445,69.104,0,0
2022-01-05,83.1093,83.1093,78.6794,78.6794,88.1445,69.104,0,0
2022-01-06,78.6794,78.6794,77.7328,77.7328,88.1445,69.104,0,0
2022-01-07,77.7328,77.7328,74.6875,74.6875,88.1445,69.104,0,0
2022-01-10,77.7328,78.1222,77.7328,78.1222,88.1445,69.104,0,0
2022-01-11,78.1222,78.1222,77.8509,77.8509,84.0757,69.104,0,0
2022-01-12,77.8509,77.8509,74.5454,74.5454,84.0757,69.104,0,0
2022-01-13,74.5454,74.5454,72.571,72.571,84.0757,69.104,0,0
2022-01-14,72.571,76.5872,72.571,76.5872,84.0757,69.104,0,0
2022-01-18,76.5872,84.6277,76.5872,84.6277,84.0757,69.104,0,0
2022-01-19,84.6277,84.6277,84.6277,84.6277,84.6277,69.104,0,0
2022-01-20,80.1406,80.9567,80.1406,80.9567,84.6277,69.104,0,0
2022-01-21,80.9567,83.7656,80.9567,83.7656,84.6277,72.571,0,0
2022-01-25,83.7656,84.57,83.7656,84.57,84.6277,72.571,0,0
2022-01-26,84.57,85.7489,84.57,85.7489,84.6277,72.571,0,0
2022-01-27,85.7489,85.7489,85.6152,85.6152,85.7489,72.571,0,0
2022-01-28,85.6152,85.6152,85.2947,85.2947,85.7489,72.571,0,0
2022-01-31,85.6152,85.6152,85.1384,85.1384,85.7489,72.571,0,0
2022-02-01,85.1384,85.2187,85.1384,85.2187,85.7489,72.571,0,0
2022-02-02,85.2187,85.2187,84.8535,84.8535,85.7489,72.571,0,0
2022-02-03,84.8535,85.7428,84.8535,85.7428,85.7489,72.571,0,0
2022-02-04,85.7428,87.6842,85.7428,87.6842,85.7489,72.571,0,0
2022-02-08,87.4411,87.4411,82.7209,82.7209,87.6842,72.571,0,0
2022-02-09,82.7209,82.7209,81.7566,81.7566,87.6842,72.571,0,0
2022-02-10,81.7566,88.5168,81.7566,88.5168,87.6842,72.571,0,0
2022-02-11,88.5168,102.2797,88.5168,102.2797,88.5168,72.571,0,0
2022-02-15,102.2797,102.2797,93.9998,93.9998,102.2797,72.571,0,0
2022-02-16,93.9998,93.9998,92.7425,92.7425,102.2797,72.571,0,0
2022-02-17,92.7425,96.169,92.7425,96.169,102.2797,72.571,0,0
2022-02-18,96.169,96.169,94.3586,94.3586,102.2797,76.5872,0,0
2022-02-22,94.3586,95.537,94.3586,95.537,102.2797,80.1406,0,0
2022-02-23,95.537,95.537,95.1456,95.1456,102.2797,80.1406,0,0
2022-02-24,95.1456,100.7455,95.1456,100.7455,102.2797,80.9567,0,0
2022-02-25,100.7455,100.7455,93.3427,93.3427,102.2797,81.7566,0,0
2022-03-01,100.3958,118.2642,100.3958,118.2642,102.2797,81.7566,0,0
2022-03-02,118.2642,118.2642,110.281,110.281,118.2642,81.7566,0,0
2022-03-03,110.281,110.281,110.281,110.281,118.2642,81.7566,0,0
2022-03-04,115.1777,140.0347,115.1777,140.0347,118.2642,81.7566,0,0
2022-03-08,140.0347,140.0347,133.3723,133.3723,140.0347,81.7566,0,0
2022-03-09,133.3723,133.3723,110.9021,110.9021,140.0347,81.7566,0,0
2022-03-10,110.9021,110.9021,105.3053,105.3053,140.0347,81.7566,0,0
2022-03-11,105.3053,105.3053,99.0309,99.0309,140.0347,81.7566,0,0
2022-03-14,99.0309,105.0847,99.0309,105.0847,140.0347,81.7566,0,0
2022-03-15,105.0847,105.0847,101.0271,101.0271,140.0347,81.7566,0,0
2022-03-16,101.0271,101.0271,100.5739,100.5739,140.0347,81.7566,0,0
2022-03-17,100.5739,100.5739,91.7619,91.7619,140.0347,88.5168,0,0
2022-03-18,91.7619,101.939,91.7619,101.939,140.0347,91.7619,0,0
2022-03-22,101.939,105.3769,101.939,105.3769,140.0347,91.7619,0,0
2022-03-23,105.3769,105.7233,105.3769,105.7233,140.0347,91.7619,0,0
2022-03-24,105.7233,113.1364,105.7233,113.1364,140.0347,91.7619,0,0
2022-03-25,113.1364,129.2789,113.1364,129.2789,140.0347,91.7619,0,0
2022-03-29,129.2789,129.2789,117.9174,117.9174,140.0347,91.7619,0,0
2022-03-30,117.9174,117.9174,112.9827,112.9827,140.0347,91.7619,0,0
2022-03-31,112.9827,112.9827,106.8817,106.8817,140.0347,91.7619,0,0
2022-04-01,106.8817,108.372,106.8817,108.372,140.0347,91.7619,0,0
2022-04-05,108.372,116.3692,108.372,116.3692,140.0347,91.7619,0,0
2022-04-06,116.3692,123.9226,116.3692,123.9226,140.0347,91.7619,0,0
2022-04-07,123.9226,123.9226,122.67,122.67,140.0347,91.7619,0,0
2022-04-08,122.67,124.864,122.67,124.864,140.0347,91.7619,0,0
2022-04-11,122.67,129.8681,122.67,129.8681,133.3723,91.7619,0,0
2022-04-12,129.8681,129.8681,117.7885,117.7885,129.8681,91.7619,0,0
2022-04-13,117.7885,117.7885,116.333,116.333,129.8681,91.7619,0,0
2022-04-14,116.333,119.6563,116.333,119.6563,129.8681,91.7619,0,0
2022-04-18,119.6563,122.316,119.6563,122.316,129.8681,91.7619,0,0
2022-04-19,122.316,122.316,122.316,122.316,129.8681,91.7619,0,0
2022-04-20,122.7441,125.115,122.7441,125.115,129.8681,91.7619,0,0
2022-04-21,125.115,130.6882,125.115,130.6882,129.8681,91.7619,0,0
2022-04-22,130.6882,130.6882,128.1173,128.1173,130.6882,101.939,0,0
2022-04-26,131.6251,131.6251,129.2742,129.2742,130.6882,105.3769,0,0
2022-04-27,129.2742,130.1116,129.2742,130.1115,131.6251,105.7233,0,0
2022-04-28,130.1116,130.1116,128.742,128.742,131.6251,106.8817,0,0
2022-04-29,128.742,128.742,128.3983,128.3983,131.6251,106.8817,0,0
2022-05-03,135.1673,135.1673,126.4556,126.4556,131.6251,106.8817,0,0
2022-05-04,126.4556,126.4556,121.9901,121.9901,135.1673,106.8817,0,0
2022-05-05,121.9901,122.7223,121.9901,122.7223,135.1673,106.8817,0,0
2022-05-06,122.7223,122.7223,121.4242,121.4242,135.1673,108.372,0,0
2022-05-10,125.2151,126.7632,125.2151,126.7632,135.1673,116.333,0,0
2022-05-11,126.7632,126.7632,118.0485,118.0485,135.1673,116.333,0,0
2022-05-12,118.0485,118.7261,118.0485,118.7261,135.1673,116.333,0,0
2022-05-13,118.7261,118.7261,114.6064,114.6064,135.1673,116.333,0,0
2022-05-17,117.9509,119.4613,117.9509,119.4613,135.1673,114.6064,0,0
2022-05-18,119.4613,119.4613,114.8643,114.8643,135.1673,114.6064,0,0
2022-05-19,114.8643,115.0494,114.8643,115.0494,135.1673,114.6064,0,0
2022-05-20,115.0494,115.0494,110.1875,110.1875,135.1673,114.6064,0,0
2022-05-23,115.0494,115.0494,110.1875,110.1875,135.1673,110.1875,0,0
2022-05-24,110.1875,111.1512,110.1875,111.1511,135.1673,110.1875,0,0
2022-05-25,111.1512,111.1512,105.6931,105.6931,135.1673,110.1875,0,0
2022-05-26,105.6931,105.6931,102.4885,102.4885,135.1673,105.6931,0,0
2022-05-27,102.4885,102.4885,98.4784,98.4784,135.1673,102.4885,0,0
2022-05-31,98.4784,107.1197,98.4784,107.1197,135.1673,98.4784,0,0
2022-06-01,107.1197,109.3813,107.1197,109.3813,135.1673,98.4784,0,0
2022-06-02,109.3813,109.3813,99.2707,99.2707,135.1673,98.4784,0,0
2022-06-03,99.2707,99.2707,97.726,97.726,135.1673,98.4784,0,0
2022-06-07,102.2604,102.608,102.2604,102.608,126.7632,97.726,0,0
2022-06-08,102.608,105.2904,102.608,105.2904,126.7632,97.726,0,0
2022-06-09,105.2904,105.2904,105.2867,105.2867,126.7632,97.726,0,0
2022-06-10,105.2867,105.2867,105.2867,105.2867,126.7632,97.726,0,0
2022-06-13,114.2276,139.2062,114.2276,139.2062,126.7632,97.726,0,0
2022-06-14,139.2062,144.091,139.2062,144.091,139.2062,97.726,0,0
2022-06-15,144.091,144.091,135.9304,135.9304,144.091,97.726,0,0
2022-06-16,135.9304,138.1003,135.9304,138.1003,144.091,97.726,0,0
2022-06-17,138.1003,138.1003,133.75,133.75,144.091,97.726,0,0
2022-06-21,133.75,138.9111,133.75,138.9111,144.091,97.726,0,0
2022-06-22,138.9111,138.9111,129.9382,129.9382,144.091,97.726,0,0
2022-06-23,129.9382,129.9382,125.9818,125.9818,144.091,97.726,0,0
2022-06-24,125.9818,133.2151,125.9818,133.2151,144.091,97.726,0,0
2022-06-28,133.2151,135.2187,133.2151,135.2187,144.091,97.726,0,0
2022-06-29,135.2187,135.2187,130.4336,130.4336,144.091,97.726,0,0
2022-06-30,130.4336,135.5008,130.4336,135.5008,144.091,97.726,0,0
2022-07-01,135.5008,144.1673,135.5008,144.1673,144.091,97.726,0,0
2022-07-05,144.1673,156.1559,144.1673,156.1559,144.1673,97.726,0,0
2022-07-06,156.1559,156.1559,151.1398,151.1398,156.1559,97.726,0,0
2022-07-07,151.1398,151.1398,149.7091,149.7091,156.1559,97.726,0,0
2022-07-08,149.7091,149.7091,145.2526,145.2526,156.1559,102.2604,0,0
2022-07-12,147.7179,148.1102,147.7179,148.1102,156.1559,102.608,0,0
2022-07-13,148.1102,148.1102,148.1102,148.1102,156.1559,105.2867,0,0
2022-07-14,136.0954,137.7617,136.0954,137.7617,156.1559,105.2867,0,0
2022-07-15,137.7617,137.7617,127.6894,127.6894,156.1559,114.2276,0,0
2022-07-19,127.6894,127.6894,124.6996,124.6996,156.1559,125.9818,0,0
2022-07-20,124.6996,124.6996,122.9012,122.9012,156.1559,124.6996,0,0
2022-07-21,122.9012,122.9012,121.1542,121.1542,156.1559,122.9012,0,0
2022-07-22,121.1542,123.7011,121.1542,123.7011,156.1559,121.1542,0,0
2022-07-25,121.1542,128.2662,121.1542,128.2662,156.1559,121.1542,0,0
2022-07-26,128.2662,128.5525,128.2662,128.5525,156.1559,121.1542,0,0
2022-07-27,128.5525,128.5525,117.2762,117.2762,156.1559,121.1542,0,0
2022-07-28,117.2762,119.9264,117.2762,119.9264,156.1559,117.2762,0,0
2022-07-29,119.9264,119.9264,116.3587,116.3587,156.1559,117.2762,0,0
2022-08-01,119.9264,120.501,119.9264,120.501,156.1559,116.3587,0,0
2022-08-02,120.501,129.2266,120.501,129.2266,156.1559,116.3587,0,0
2022-08-03,129.2266,129.2266,122.0429,122.0429,156.1559,116.3587,0,0
2022-08-04,122.0429,122.0429,120.5699,120.5699,156.1559,116.3587,0,0
2022-08-05,120.5699,122.5825,120.5699,122.5825,156.1559,116.3587,0,0
2022-08-08,120.5699,124.1166,120.5699,124.1166,151.1398,116.3587,0,0
2022-08-09,124.1166,125.1188,124.1166,125.1188,149.7091,116.3587,0,0
2022-08-10,125.1188,125.1188,115.2637,115.2637,148.1102,116.3587,0,0
2022-08-11,115.2637,115.2637,111.107,111.107,148.1102,115.2637,0,0
2022-08-12,111.107,111.107,106.2832,106.2832,137.7617,111.107,0,0
2022-08-15,111.107,113.8199,111.107,113.8199,137.7617,106.2832,0,0
2022-08-16,113.8199,116.8263,113.8199,116.8263,129.2266,106.2832,0,0
2022-08-17,116.8263,117.6974,116.8263,117.6974,129.2266,106.2832,0,0
2022-08-18,117.6974,120.2571,117.6974,120.2571,129.2266,106.2832,0,0
2022-08-19,120.2571,135.8867,120.2571,135.8867,129.2266,106.2832,0,0
2022-08-23,135.8867,135.8867,133.8474,133.8474,135.8867,106.2832,0,0
2022-08-24,133.8474,133.8474,133.1253,133.1253,135.8867,106.2832,0,0
2022-08-25,133.1253,133.1253,126.3263,126.3263,135.8867,106.2832,0,0
2022-08-26,126.3263,126.3263,122.9501,122.9501,135.8867,106.2832,0,0
2022-08-30,130.1387,130.1387,127.6918,127.6918,135.8867,106.2832,0,0
2022-08-31,127.6918,127.6918,124.8359,124.8359,135.8867,106.2832,0,0
2022-09-01,124.8359,126.5796,124.8359,126.5796,135.8867,106.2832,0,0
2022-09-02,126.5796,126.5796,120.7225,120.7225,135.8867,106.2832,0,0
2022-09-06,120.7225,133.5447,120.7225,133.5447,135.8867,106.2832,0,0
2022-09-07,133.5447,133.5447,133.1203,133.1203,135.8867,106.2832,0,0
2022-09-08,133.1203,133.1203,124.139,124.139,135.8867,106.2832,0,0
2022-09-09,124.139,124.139,121.5424,121.5424,135.8867,106.2832,0,0
2022-09-12,124.139,124.139,123.0651,123.0651,135.8867,106.2832,0,0
2022-09-13,123.0651,128.8698,123.0651,128.8698,135.8867,106.2832,0,0
2022-09-14,128.8698,128.8698,125.3479,125.3479,135.8867,106.2832,0,0
2022-09-15,125.3479,125.3479,124.0713,124.0713,135.8867,111.107,0,0
2022-09-16,124.0713,133.7924,124.0713,133.7924,135.8867,113.8199,0,0
2022-09-20,133.7924,134.6645,133.7924,134.6645,135.8867,116.8263,0,0
2022-09-21,134.6645,134.6645,130.5362,130.5362,135.8867,117.6974,0,0
2022-09-22,130.5362,131.9273,130.5362,131.9273,135.8867,120.2571,0,0
2022-09-23,131.9273,137.2807,131.9273,137.2807,135.8867,120.7225,0,0
2022-09-26,131.9273,153.611,131.9273,153.611,137.2807,120.7225,0,0
2022-09-27,153.611,158.116,153.611,158.116,153.611,120.7225,0,0
2022-09-28,158.116,158.9935,158.116,158.9935,158.116,120.7225,0,0
2022-09-29,158.9935,158.9935,148.1419,148.1419,158.9935,120.7225,0,0
2022-09-30,148.1419,148.1419,141.8949,141.8949,158.9935,120.7225,0,0
2022-10-04,152.9388,152.9388,151.2085,151.2085,158.9935,120.7225,0,0
2022-10-05,151.2085,152.0095,151.2085,152.0095,158.9935,120.7225,0,0
2022-10-06,152.0095,153.2866,152.0095,153.2866,158.9935,120.7225,0,0
2022-10-07,153.2866,153.2866,148.4558,148.4558,158.9935,121.5424,0,0
2022-10-11,148.4558,155.5687,148.4558,155.5687,158.9935,121.5424,0,0
2022-10-12,155.5687,160.7208,155.5687,160.7208,158.9935,121.5424,0,0
2022-10-13,160.7208,160.7208,155.0783,155.0783,160.7208,123.0651,0,0
2022-10-14,155.0783,155.0783,150.4204,150.4204,160.7208,123.0651,0,0
2022-10-18,150.4204,150.4204,145.7877,145.7877,160.7208,124.0713,0,0
2022-10-19,145.7877,147.7324,145.7877,147.7324,160.7208,124.0713,0,0
2022-10-20,147.7324,155.6129,147.7324,155.6129,160.7208,124.0713,0,0
2022-10-21,155.6129,156.9485,155.6129,156.9485,160.7208,130.5362,0,0
2022-10-24,155.6129,155.6129,154.016,154.016,160.7208,130.5362,0,0
2022-10-25,154.016,154.016,147.784,147.784,160.7208,130.5362,0,0
2022-10-26,147.784,147.784,140.1959,140.1959,160.7208,131.9273,0,0
2022-10-27,140.1959,142.778,140.1959,142.778,160.7208,131.9273,0,0
2022-10-28,142.778,147.919,142.778,147.919,160.7208,140.1959,0,0
2022-11-01,147.919,148.4176,147.919,148.4176,160.7208,140.1959,0,0
2022-11-02,148.4176,148.4176,141.1743,141.1743,160.7208,140.1959,0,0
2022-11-03,141.1743,141.1743,136.2763,136.2763,160.7208,140.1959,0,0
2022-11-04,136.2763,136.2763,128.3332,128.3332,160.7208,136.2763,0,0
2022-11-08,128.3332,128.3332,126.33,126.33,160.7208,128.3332,0,0
2022-11-09,126.33,126.33,124.4024,124.4024,160.7208,126.33,0,0
2022-11-10,124.4024,124.4024,111.6914,111.6914,160.7208,124.4024,0,0
2022-11-14,119.9874,119.9874,119.9874,119.9874,160.7208,111.6914,0,0
2022-11-15,128.6205,130.8264,128.6205,130.8264,160.7208,111.6914,0,0
2022-11-17,132.178,132.178,132.178,132.178,160.7208,111.6914,0,0
2022-11-18,129.3286,132.1308,129.3286,132.1308,156.9485,111.6914,0,0
2022-11-22,132.1308,133.5263,132.1308,133.5263,156.9485,111.6914,0,0
2022-11-23,133.5263,136.2028,133.5263,136.2028,156.9485,111.6914,0,0
2022-11-25,136.2028,136.2028,129.5971,129.5971,156.9485,111.6914,0,0
2022-11-28,129.5971,131.7256,129.5971,131.7256,156.9485,111.6914,0,0
2022-11-29,131.7256,131.7256,131.2301,131.2301,155.6129,111.6914,0,0
2022-11-30,131.2301,131.2301,127.2658,127.2658,154.016,111.6914,0,0
2022-12-01,127.2658,127.2658,119.7696,119.7696,148.4176,111.6914,0,0
2022-12-02,119.7696,119.7696,118.6158,118.6158,148.4176,111.6914,0,0
2022-12-05,118.6158,126.4959,118.6158,126.4959,148.4176,111.6914,0,0
2022-12-06,126.4959,129.0902,126.4959,129.0902,148.4176,111.6914,0,0
2022-12-07,129.0902,131.1029,129.0902,131.1029,148.4176,111.6914,0,0
2022-12-08,131.1029,131.1029,129.5391,129.5391,141.1743,111.6914,0,0
2022-12-09,129.5391,132.7871,129.5391,132.7871,136.2763,111.6914,0,0
2022-12-12,132.7871,141.9335,132.7871,141.9335,136.2028,111.6914,0,0
2022-12-13,141.9335,141.9335,135.0778,135.0778,141.9335,111.6914,0,0
2022-12-14,135.0778,135.0778,120.2622,120.2622,141.9335,111.6914,0,0
2022-12-15,120.2622,120.2622,111.2638,111.2638,141.9335,118.6158,0,0
2022-12-16,111.2638,113.6539,111.2638,113.6539,141.9335,111.2638,0,0
2022-12-19,113.6539,118.3218,113.6539,118.3218,141.9335,111.2638,0,0
2022-12-20,118.3218,119.9235,118.3218,119.9235,141.9335,111.2638,0,0
2022-12-21,119.9235,119.9235,115.002,115.002,141.9335,111.2638,0,0
2022-12-22,115.002,115.002,112.049,112.049,141.9335,111.2638,0,0
2022-12-23,112.049,113.172,112.049,113.172,141.9335,111.2638,0,0
2022-12-27,113.172,124.8866,113.172,124.8866,141.9335,111.2638,0,0
2022-12-28,124.8866,124.8866,120.0716,120.0716,141.9335,111.2638,0,0
2022-12-29,120.0716,120.2532,120.0716,120.2532,141.9335,111.2638,0,0
2022-12-30,120.2532,121.6106,120.2532,121.6106,141.9335,111.2638,0,0
2023-01-03,121.6106,129.9715,121.6106,129.9715,141.9335,111.2638,0,0
2023-01-04,129.9715,129.9715,125.7776,125.7777,141.9335,111.2638,0,0
2023-01-05,125.7776,125.7776,119.5255,119.5255,141.9335,111.2638,0,0
2023-01-06,119.5255,119.5255,113.8707,113.8707,141.9335,111.2638,0,0
2023-01-09,113.8707,116.6694,113.8707,116.6694,141.9335,111.2638,0,0
2023-01-10,116.6694,119.5194,116.6694,119.5194,141.9335,111.2638,0,0
2023-01-11,119.5194,119.5194,115.1707,115.1707,141.9335,111.2638,0,0
2023-01-12,115.1707,115.1707,112.3448,112.3448,141.9335,111.2638,0,0
2023-01-13,112.3448,113.5464,112.3448,113.5464,135.0778,111.2638,0,0
2023-01-17,113.5464,122.266,113.5464,122.266,129.9715,111.2638,0,0
2023-01-18,122.266,122.266,112.6079,112.6079,129.9715,111.2638,0,0
2023-01-19,112.6079,114.5258,112.6079,114.5258,129.9715,112.049,0,0
2023-01-20,114.5258,114.758,114.5258,114.758,129.9715,112.049,0,0
2023-01-23,114.758,114.758,114.6909,114.6909,129.9715,112.049,0,0
2023-01-24,114.6909,114.6909,112.7598,112.7598,129.9715,112.049,0,0
2023-01-25,112.7598,112.7598,107.7361,107.7361,129.9715,112.049,0,0
2023-01-26,107.7361,107.7361,104.2825,104.2825,129.9715,107.7361,0,0
2023-01-27,104.2825,104.2825,100.6999,100.6999,129.9715,104.2825,0,0
2023-01-30,100.6999,103.7668,100.6999,103.7668,129.9715,100.6999,0,0
2023-01-31,103.7668,103.7668,99.5433,99.5433,129.9715,100.6999,0,0
2023-02-01,99.5433,99.5433,97.3302,97.3302,129.9715,99.5433,0,0
2023-02-02,97.3302,97.7647,97.3302,97.7647,129.9715,97.3302,0,0
2023-02-03,97.7647,98.9903,97.7647,98.9903,125.7776,97.3302,0,0
2023-02-06,98.9903,105.6308,98.9903,105.6308,122.266,97.3302,0,0
2023-02-07,105.6308,105.6308,103.1475,103.1475,122.266,97.3302,0,0
2023-02-08,103.1475,103.1475,100.7477,100.7477,122.266,97.3302,0,0
2023-02-09,100.7477,102.4509,100.7477,102.4509,122.266,97.3302,0,0
2023-02-10,102.4509,109.6251,102.4509,109.6251,122.266,97.3302,0,0
2023-02-13,109.6251,110.6737,109.6251,110.6737,122.266,97.3302,0,0
2023-02-14,110.6737,110.6737,110.586,110.586,122.266,97.3302,0,0
2023-02-15,110.586,110.586,108.6394,108.6394,122.266,97.3302,0,0
2023-02-16,108.6394,111.0087,108.6394,111.0087,114.758,97.3302,0,0
2023-02-17,111.0087,111.0087,110.1062,110.1062,114.758,97.3302,0,0
2023-02-21,110.1062,119.6192,110.1062,119.6192,114.758,97.3302,0,0
2023-02-22,119.6192,119.6192,118.2121,118.2121,119.6192,97.3302,0,0
2023-02-23,118.2121,118.2121,117.4546,117.4546,119.6192,97.3302,0,0
2023-02-24,117.4546,122.8403,117.4546,122.8403,119.6192,97.3302,0,0
2023-02-27,122.8403,122.8403,120.033,120.033,122.8403,97.3302,0,0
2023-02-28,120.033,123.598,120.033,123.598,122.8403,97.3302,0,0
2023-03-01,123.598,123.598,121.0756,121.0756,123.598,97.3302,0,0
2023-03-02,121.0756,124.1155,121.0756,124.1155,123.598,97.3302,0,0
2023-03-03,124.1155,124.1155,122.524,122.524,124.1155,97.3302,0,0
2023-03-06,122.524,128.1924,122.524,128.1924,124.1155,97.7647,0,0
2023-03-07,128.1924,133.3276,128.1924,133.3276,128.1924,98.9903,0,0
2023-03-08,133.3276,133.3276,129.7624,129.7624,133.3276,100.7477,0,0
2023-03-09,129.7624,129.7624,129.2811,129.2811,133.3276,100.7477,0,0
2023-03-10,129.2811,140.0608,129.2811,140.0608,133.3276,100.7477,0,0
2023-03-13,140.0608,173.5931,140.0608,173.5931,140.0608,102.4509,0,0
2023-03-14,173.5931,173.5931,169.6525,169.6525,173.5931,108.6394,0,0
2023-03-15,169.6525,198.708,169.6525,198.708,173.5931,108.6394,0,0
2023-03-16,198.708,198.708,167.9599,167.9599,198.708,108.6394,0,0
2023-03-17,167.9599,180.1088,167.9599,180.1088,198.708,108.6394,0,0
2023-03-20,180.1088,182.6382,180.1088,182.6382,198.708,110.1062,0,0
2023-03-21,182.6382,182.6382,162.3099,162.3099,198.708,110.1062,0,0
2023-03-22,162.3099,162.3099,142.8352,142.8352,198.708,117.4546,0,0
2023-03-23,142.8352,151.3974,142.8352,151.3974,198.708,117.4546,0,0
2023-03-24,151.3974,173.6639,151.3974,173.6639,198.708,117.4546,0,0
2023-03-27,173.6639,173.6639,161.6746,161.6746,198.708,120.033,0,0
2023-03-28,161.6746,161.6746,155.9632,155.9632,198.708,120.033,0,0
2023-03-29,155.9632,155.9632,150.5826,150.5826,198.708,121.0756,0,0
2023-03-30,150.5826,150.5826,141.2392,141.2392,198.708,121.0756,0,0
2023-03-31,141.2392,141.2392,135.9319,135.9319,198.708,122.524,0,0
2023-04-03,135.9319,138.1692,135.9319,138.1692,198.708,122.524,0,0
2023-04-04,138.1692,147.7476,138.1692,147.7476,198.708,128.1924,0,0
2023-04-05,147.7476,153.9038,147.7476,153.9038,198.708,129.2811,0,0
2023-04-06,153.9038,153.9038,147.7284,147.7284,198.708,129.2811,0,0
2023-04-10,139.1997,143.0048,139.1997,143.0048,198.708,129.2811,0,0
2023-04-11,143.0048,143.0048,139.7819,139.7819,198.708,135.9319,0,0
2023-04-12,139.7819,139.7819,129.6793,129.6793,198.708,135.9319,0,0
2023-04-13,129.6793,129.6793,119.9514,119.9514,198.708,129.6793,0,0
2023-04-14,119.9514,119.9514,118.8414,118.8414,198.708,119.9514,0,0
2023-04-17,118.8414,122.6915,118.8414,122.6915,182.6382,118.8414,0,0
2023-04-18,122.6915,122.7759,122.6915,122.7759,182.6382,118.8414,0,0
2023-04-19,122.7759,124.0184,122.7759,124.0184,182.6382,118.8414,0,0
2023-04-20,124.0184,124.0184,120.6057,120.6057,173.6639,118.8414,0,0
2023-04-21,120.6057,120.8426,120.6057,120.8426,173.6639,118.8414,0,0
2023-04-24,120.8426,126.2792,120.8426,126.2792,173.6639,118.8414,0,0
2023-04-25,126.2792,137.1293,126.2792,137.1293,173.6639,118.8414,0,0
2023-04-26,137.1293,137.1293,130.3855,130.3855,161.6746,118.8414,0,0
2023-04-27,130.3855,130.3855,122.4278,122.4278,155.9632,118.8414,0,0
2023-04-28,122.4278,122.4599,122.4278,122.4599,153.9038,118.8414,0,0
2023-05-01,122.4599,128.182,122.4599,128.182,153.9038,118.8414,0,0
2023-05-02,128.182,137.5471,128.182,137.5471,153.9038,118.8414,0,0
2023-05-03,137.5471,137.5471,134.5042,134.5043,153.9038,118.8414,0,0
2023-05-04,134.5042,140.7128,134.5042,140.7128,153.9038,118.8414,0,0
2023-05-05,140.7128,140.7128,130.2112,130.2112,153.9038,118.8414,0,0
2023-05-08,130.2112,135.0661,130.2112,135.0661,143.0048,118.8414,0,0
2023-05-09,135.0661,135.0661,133.9328,133.9328,143.0048,118.8414,0,0
2023-05-10,133.9328,133.9328,125.6002,125.6002,140.7128,118.8414,0,0
2023-05-11,125.6002,128.212,125.6002,128.212,140.7128,118.8414,0,0
2023-05-12,128.212,128.212,120.5244,120.5244,140.7128,118.8414,0,0
2023-05-15,120.5244,127.886,120.5244,127.886,140.7128,118.8414,0,0
2023-05-16,127.886,130.3018,127.886,130.3018,140.7128,120.5244,0,0
2023-05-17,130.3018,130.3018,120.7841,120.7841,140.7128,120.5244,0,0
2023-05-18,120.7841,122.4974,120.7841,122.4974,140.7128,120.5244,0,0
2023-05-19,122.4974,127.5141,122.4974,127.5141,140.7128,120.5244,0,0
2023-05-22,127.5141,132.2906,127.5141,132.2906,140.7128,120.5244,0,0
2023-05-23,132.2906,132.2906,131.6961,131.6961,140.7128,120.5244,0,0
2023-05-24,131.6961,132.2915,131.6961,132.2915,140.7128,120.5244,0,0
2023-05-25,132.2915,139.543,132.2915,139.543,140.7128,120.5244,0,0
2023-05-26,139.543,145.3715,139.543,145.3715,140.7128,120.5244,0,0
2023-05-30,145.3715,145.3715,141.3565,141.3565,145.3715,120.5244,0,0
2023-05-31,141.3565,141.3565,136.0209,136.0209,145.3715,120.5244,0,0
2023-06-01,136.0209,136.0209,124.6347,124.6347,145.3715,120.5244,0,0
2023-06-02,124.6347,124.6347,120.9519,120.9519,145.3715,120.5244,0,0
2023-06-05,120.9519,120.9519,119.0789,119.0789,145.3715,120.5244,0,0
2023-06-06,119.0789,119.0789,114.4166,114.4166,145.3715,119.0789,0,0
2023-06-07,114.4166,120.5045,114.4166,120.5045,145.3715,114.4166,0,0
2023-06-08,120.5045,120.5045,115.1144,115.1144,145.3715,114.4166,0,0
2023-06-09,115.1144,115.7688,115.1144,115.7688,145.3715,114.4166,0,0
2023-06-12,115.7688,119.8044,115.7688,119.8044,145.3715,114.4166,0,0
2023-06-13,119.8044,119.8044,118.8017,118.8017,145.3715,114.4166,0,0
2023-06-14,118.8017,118.8017,114.3702,114.3702,145.3715,114.4166,0,0
2023-06-15,114.3702,114.3702,107.3399,107.3399,145.3715,114.3702,0,0
2023-06-16,107.3399,107.3399,104.4325,104.4325,145.3715,107.3399,0,0
2023-06-20,104.4325,114.186,104.4325,114.186,145.3715,104.4325,0,0
2023-06-21,114.186,114.186,110.8435,110.8435,145.3715,104.4325,0,0
2023-06-22,110.8435,110.8435,107.6976,107.6976,145.3715,104.4325,0,0
2023-06-23,107.6976,107.6976,105.7351,105.7351,145.3715,104.4325,0,0
2023-06-26,105.7351,109.018,105.7351,109.018,145.3715,104.4325,0,0
2023-06-27,109.018,110.8533,109.018,110.8533,145.3715,104.4325,0,0
2023-06-28,110.8533,110.8533,108.2984,108.2984,145.3715,104.4325,0,0
2023-06-29,108.2984,113.4538,108.2984,113.4538,141.3565,104.4325,0,0
2023-06-30,113.4538,113.4538,110.6351,110.6351,136.0209,104.4325,0,0
2023-07-05,110.7695,110.7695,110.5335,110.5335,124.6347,104.4325,0,0
2023-07-06,110.5335,134.6291,110.5335,134.6291,120.9519,104.4325,0,0
2023-07-07,134.6291,134.6291,130.4098,130.4098,134.6291,104.4325,0,0
2023-07-10,130.4098,131.7314,130.4098,131.7314,134.6291,104.4325,0,0
2023-07-11,131.7314,131.7314,127.0724,127.0724,134.6291,104.4325,0,0
2023-07-12,127.0724,127.0724,114.0714,114.0714,134.6291,104.4325,0,0
2023-07-13,114.0714,114.0714,111.7525,111.7525,134.6291,104.4325,0,0
2023-07-14,111.7525,112.4758,111.7525,112.4758,134.6291,104.4325,0,0
2023-07-17,112.4758,113.497,112.4758,113.497,134.6291,104.4325,0,0
2023-07-18,113.497,113.497,112.4496,112.4496,134.6291,104.4325,0,0
2023-07-19,112.4496,112.4496,107.1888,107.1888,134.6291,104.4325,0,0
2023-07-20,107.1888,112.8522,107.1888,112.8522,134.6291,104.4325,0,0
2023-07-21,112.8522,112.8522,106.6609,106.6609,134.6291,105.7351,0,0
2023-07-24,106.6609,109.9465,106.6609,109.9465,134.6291,105.7351,0,0
2023-07-25,109.9465,113.0235,109.9465,113.0235,134.6291,105.7351,0,0
2023-07-26,113.0235,113.0235,104.8782,104.8782,134.6291,105.7351,0,0
2023-07-27,104.8782,111.146,104.8782,111.146,134.6291,104.8782,0,0
2023-07-28,111.146,111.146,109.7603,109.7603,134.6291,104.8782,0,0
2023-07-31,109.7603,112.0316,109.7603,112.0316,134.6291,104.8782,0,0
2023-08-01,112.0316,116.3765,112.0316,116.3765,134.6291,104.8782,0,0
2023-08-02,116.3765,116.3765,115.1513,115.1513,134.6291,104.8782,0,0
2023-08-03,115.1513,124.6004,115.1513,124.6004,134.6291,104.8782,0,0
2023-08-04,124.6004,124.6004,115.9073,115.9073,134.6291,104.8782,0,0
2023-08-07,124.6004,124.6004,120.9396,120.9396,131.7314,104.8782,0,0
2023-08-08,120.9396,120.9396,118.743,118.743,131.7314,104.8782,0,0
2023-08-09,118.743,118.743,112.5531,112.5531,127.0724,104.8782,0,0
2023-08-10,112.5531,112.5531,108.6421,108.6421,124.6004,104.8782,0,0
2023-08-11,108.6421,112.1288,108.6421,112.1288,124.6004,104.8782,0,0
2023-08-14,108.6421,119.9368,108.6421,119.9368,124.6004,104.8782,0,0
2023-08-15,119.9368,121.8001,119.9368,121.8001,124.6004,104.8782,0,0
2023-08-16,121.8001,121.8001,117.2353,117.2353,124.6004,104.8782,0,0
2023-08-17,117.2353,121.1421,117.2353,121.1421,124.6004,104.8782,0,0
2023-08-18,121.1421,121.1421,120.5108,120.5108,124.6004,104.8782,0,0
2023-08-21,121.1421,130.6907,121.1421,130.6907,124.6004,104.8782,0,0
2023-08-22,130.6907,130.6907,126.6511,126.6511,130.6907,104.8782,0,0
2023-08-23,126.6511,126.6511,118.3972,118.3972,130.6907,104.8782,0,0
2023-08-24,118.3972,118.3972,117.5614,117.5614,130.6907,104.8782,0,0
2023-08-25,117.5614,117.5614,110.3671,110.3671,130.6907,108.6421,0,0
2023-08-28,117.5614,117.5614,110.4522,110.4522,130.6907,108.6421,0,0
2023-08-29,110.4522,110.6829,110.4522,110.6829,130.6907,108.6421,0,0
2023-08-30,110.6829,110.6829,109.8424,109.8424,130.6907,108.6421,0,0
2023-08-31,109.8424,109.8424,107.9275,107.9275,130.6907,108.6421,0,0
2023-09-01,107.9275,107.9275,102.9245,102.9245,130.6907,107.9275,0,0
2023-09-05,102.9245,109.635,102.9245,109.635,130.6907,102.9245,0,0
2023-09-06,109.635,111.3068,109.635,111.3068,130.6907,102.9245,0,0
2023-09-07,111.3068,111.3068,105.1982,105.1982,130.6907,102.9245,0,0
2023-09-08,105.1982,105.1982,104.3362,104.3362,130.6907,102.9245,0,0
2023-09-11,105.1982,107.2298,105.1982,107.2298,130.6907,102.9245,0,0
2023-09-12,107.2298,107.2298,105.1144,105.1144,130.6907,102.9245,0,0
2023-09-13,105.1144,105.1144,101.8585,101.8585,130.6907,102.9245,0,0
2023-09-14,101.8585,101.8585,97.1109,97.1109,130.6907,101.8585,0,0
2023-09-15,97.1109,97.1109,96.6141,96.6141,130.6907,97.1109,0,0
2023-09-18,97.1109,99.3175,97.1109,99.3175,130.6907,96.6141,0,0
2023-09-19,99.3175,101.3061,99.3175,101.3061,130.6907,96.6141,0,0
2023-09-20,101.3061,101.3061,97.0423,97.0423,130.6907,96.6141,0,0
2023-09-21,97.0423,106.0029,97.0423,106.0029,126.6511,96.6141,0,0
2023-09-22,106.0029,106.0029,101.1122,101.1122,118.3972,96.6141,0,0
2023-09-25,106.0029,117.3301,106.0029,117.3301,117.5614,96.6141,0,0
2023-09-26,117.3301,117.7173,117.3301,117.7173,117.5614,96.6141,0,0
2023-09-27,117.7173,122.089,117.7173,122.089,117.7173,96.6141,0,0
2023-09-28,122.089,122.089,115.2436,115.2436,122.089,96.6141,0,0
2023-09-29,115.2436,115.2436,113.5477,113.5477,122.089,96.6141,0,0
2023-10-02,115.2436,127.5924,115.2436,127.5924,122.089,96.6141,0,0
2023-10-03,127.5924,141.6704,127.5924,141.6704,127.5924,96.6141,0,0
2023-10-04,141.6704,141.6704,128.2254,128.2254,141.6704,96.6141,0,0
2023-10-05,128.2254,130.1841,128.2254,130.1841,141.6704,96.6141,0,0
2023-10-06,130.1841,130.1841,126.6404,126.6404,141.6704,96.6141,0,0
2023-10-10,126.6404,136.1694,126.6404,136.1694,141.6704,96.6141,0,0
2023-10-11,136.1694,136.1694,127.1798,127.1798,141.6704,96.6141,0,0
2023-10-12,127.1798,127.1798,126.3693,126.3693,141.6704,96.6141,0,0
2023-10-13,126.3693,128.3291,126.3693,128.3291,141.6704,96.6141,0,0
2023-10-16,126.3693,130.1569,126.3693,130.1569,141.6704,96.6141,0,0
2023-10-17,130.1569,130.1736,130.1569,130.1736,141.6704,97.0423,0,0
2023-10-18,130.1736,130.1736,129.1718,129.1718,141.6704,97.0423,0,0
2023-10-19,129.1718,134.624,129.1718,134.624,141.6704,97.0423,0,0
2023-10-20,134.624,135.4481,134.624,135.4481,141.6704,97.0423,0,0
2023-10-23,134.624,134.624,131.8326,131.8326,141.6704,101.1122,0,0
2023-10-24,131.8326,131.8326,128.1252,128.1252,141.6704,106.0029,0,0
2023-10-25,128.1252,131.2132,128.1252,131.2132,141.6704,113.5477,0,0
2023-10-26,131.2132,131.2132,130.9377,130.9377,141.6704,113.5477,0,0
2023-10-27,130.9377,130.9377,129.1586,129.1586,141.6704,113.5477,0,0
2023-10-30,130.9377,131.9021,130.9377,131.9021,141.6704,113.5477,0,0
2023-10-31,131.9021,131.9021,126.8565,126.8565,141.6704,115.2436,0,0
2023-11-01,126.8565,126.8565,120.5503,120.5503,141.6704,126.3693,0,0
2023-11-02,120.5503,120.5503,118.6423,118.6423,141.6704,120.5503,0,0
2023-11-03,118.6423,118.7366,118.6423,118.7366,136.1694,118.6423,0,0
2023-11-06,118.6423,121.7372,118.6423,121.7372,136.1694,118.6423,0,0
2023-11-07,121.7372,121.7372,120.0908,120.0908,136.1694,118.6423,0,0
2023-11-08,120.0908,120.0908,117.1043,117.1043,136.1694,118.6423,0,0
2023-11-09,117.1043,117.1043,117.0465,117.0465,135.4481,117.1043,0,0
2023-11-10,117.0465,117.0465,116.7942,116.7942,135.4481,117.0465,0,0
2023-11-13,117.0465,124.4697,117.0465,124.4697,135.4481,116.7942,0,0
2023-11-14,124.4697,124.4697,124.1063,124.1063,135.4481,116.7942,0,0
2023-11-15,124.1063,124.1063,122.1921,122.1921,135.4481,116.7942,0,0
2023-11-16,122.1921,122.1921,116.0839,116.0839,135.4481,116.7942,0,0
2023-11-17,116.0839,116.0839,113.1129,113.1129,135.4481,116.0839,0,0
2023-11-20,116.0839,116.0839,115.09,115.09,134.624,113.1129,0,0
2023-11-21,115.09,115.09,112.7924,112.7924,131.9021,113.1129,0,0
2023-11-22,112.7924,112.7924,111.5719,111.5719,131.9021,112.7924,0,0
2023-11-24,111.5719,111.5719,107.4324,107.4324,131.9021,111.5719,0,0
2023-11-27,111.5719,111.5719,109.3093,109.3093,131.9021,107.4324,0,0
2023-11-28,109.3093,110.0648,109.3093,110.0648,131.9021,107.4324,0,0
2023-11-29,110.0648,114.5939,110.0648,114.5939,131.9021,107.4324,0,0
2023-11-30,114.5939,115.32,114.5939,115.32,126.8565,107.4324,0,0
2023-12-01,115.32,115.32,111.5113,111.5113,124.4697,107.4324,0,0
2023-12-04,115.32,118.2472,115.32,118.2472,124.4697,107.4324,0,0
2023-12-05,118.2472,127.1993,118.2472,127.1993,124.4697,107.4324,0,0
2023-12-06,127.1993,127.1993,124.9824,124.9824,127.1993,107.4324,0,0
2023-12-07,124.9824,129.7429,124.9824,129.7429,127.1993,107.4324,0,0
2023-12-08,129.7429,129.7429,121.6512,121.6512,129.7429,107.4324,0,0
2023-12-11,129.7429,129.7429,126.6578,126.6578,129.7429,107.4324,0,0
2023-12-12,126.6578,126.6578,118.6164,118.6164,129.7429,107.4324,0,0
2023-12-13,118.6164,118.6164,113.7721,113.7721,129.7429,107.4324,0,0
2023-12-14,113.7721,118.0392,113.7721,118.0392,129.7429,107.4324,0,0
2023-12-15,118.0392,118.0392,115.7453,115.7453,129.7429,107.4324,0,0
2023-12-18,118.0392,118.4574,118.0392,118.4574,129.7429,107.4324,0,0
2023-12-19,118.4574,118.4574,115.0311,115.0311,129.7429,107.4324,0,0
2023-12-20,115.0311,115.0311,111.8673,111.8673,129.7429,107.4324,0,0
2023-12-21,111.8673,111.9252,111.8673,111.9251,129.7429,107.4324,0,0
2023-12-22,111.9252,111.9252,111.3805,111.3805,129.7429,107.4324,0,0
2023-12-26,111.3805,116.0038,111.3805,116.0038,129.7429,109.3093,0,0
2023-12-27,116.0038,116.0038,114.5255,114.5255,129.7429,109.3093,0,0
2023-12-28,114.5255,114.5255,113.7847,113.7847,129.7429,110.0648,0,0
2023-12-29,113.7847,114.622,113.7847,114.622,129.7429,111.3805,0,0
2024-01-02,114.622,127.0215,114.622,127.0215,129.7429,111.3805,0,0
2024-01-03,127.0215,127.0215,124.5743,124.5743,129.7429,111.3805,0,0
2024-01-04,124.5743,124.5743,121.1215,121.1215,129.7429,111.3805,0,0
2024-01-05,121.1215,121.1215,116.1925,116.1925,129.7429,111.3805,0,0
2024-01-08,121.1215,121.1215,117.7152,117.7152,129.7429,111.3805,0,0
2024-01-09,117.7152,117.7152,114.9245,114.9245,129.7429,111.3805,0,0
2024-01-10,114.9245,114.9245,109.6286,109.6286,129.7429,111.3805,0,0
2024-01-11,109.6286,109.6286,103.4497,103.4497,127.0215,109.6286,0,0
2024-01-12,103.4497,106.5092,103.4497,106.5092,127.0215,103.4497,0,0
2024-01-16,106.5092,113.4381,106.5092,113.4381,127.0215,103.4497,0,0
2024-01-17,113.4381,113.4381,105.862,105.862,127.0215,103.4497,0,0
2024-01-18,105.862,107.22,105.862,107.22,127.0215,103.4497,0,0
2024-01-19,107.22,107.22,104.9726,104.9726,127.0215,103.4497,0,0
2024-01-22,107.22,107.22,106.8673,106.8673,127.0215,103.4497,0,0
2024-01-23,106.8673,107.7017,106.8673,107.7017,127.0215,103.4497,0,0
2024-01-24,107.7017,107.7017,105.7804,105.7804,127.0215,103.4497,0,0
2024-01-25,105.7804,105.8898,105.7804,105.8898,127.0215,103.4497,0,0
2024-01-26,105.8898,105.8898,100.2255,100.2255,127.0215,103.4497,0,0
2024-01-29,105.8898,106.3368,105.8898,106.3368,127.0215,100.2255,0,0
2024-01-30,106.3368,106.3368,104.2605,104.2605,127.0215,100.2255,0,0
2024-01-31,104.2605,107.2768,104.2605,107.2768,127.0215,100.2255,0,0
2024-02-01,107.2768,113.9221,107.2768,113.9221,127.0215,100.2255,0,0
2024-02-02,113.9221,113.9221,106.7203,106.7203,124.5743,100.2255,0,0
2024-02-05,113.9221,113.9221,108.6843,108.6843,121.1215,100.2255,0,0
2024-02-06,108.6843,110.5958,108.6843,110.5958,121.1215,100.2255,0,0
2024-02-07,110.5958,110.5958,107.8611,107.8611,117.7152,100.2255,0,0
2024-02-08,107.8611,108.6028,107.8611,108.6028,114.9245,100.2255,0,0
2024-02-09,108.6028,108.6028,106.2072,106.2072,113.9221,100.2255,0,0
2024-02-12,108.6028,109.7817,108.6028,109.7817,113.9221,100.2255,0,0
2024-02-13,109.7817,113.2191,109.7817,113.2191,113.9221,100.2255,0,0
2024-02-14,113.2191,113.2191,111.9743,111.9743,113.9221,100.2255,0,0
2024-02-15,111.9743,112.0859,111.9743,112.0859,113.9221,100.2255,0,0
2024-02-16,112.0859,112.0859,109.2013,109.2013,113.9221,100.2255,0,0
2024-02-20,109.2013,111.0228,109.2013,111.0228,113.9221,100.2255,0,0
2024-02-21,111.0228,114.2691,111.0228,114.2691,113.9221,100.2255,0,0
2024-02-22,114.2691,115.5936,114.2691,115.5936,114.2691,100.2255,0,0
2024-02-23,115.5936,115.5936,108.3055,108.3055,115.5936,100.2255,0,0
2024-02-26,115.5936,115.5936,110.7674,110.7674,115.5936,100.2255,0,0
2024-02-27,110.7674,110.8015,110.7674,110.8015,115.5936,104.2605,0,0
2024-02-28,110.8015,110.8015,108.7082,108.7082,115.5936,104.2605,0,0
2024-02-29,108.7082,109.1014,108.7082,109.1014,115.5936,104.2605,0,0
2024-03-01,109.1014,109.1014,106.4767,106.4767,115.5936,106.2072,0,0
2024-03-04,109.1014,109.5745,109.1014,109.5745,115.5936,106.2072,0,0
2024-03-05,109.5745,110.3344,109.5745,110.3344,115.5936,106.2072,0,0
2024-03-06,110.3344,110.3344,105.3271,105.3271,115.5936,106.2072,0,0
2024-03-07,105.3271,105.4504,105.3271,105.4504,115.5936,105.3271,0,0
2024-03-08,105.4504,105.4504,100.875,100.875,115.5936,105.3271,0,0
2024-03-11,105.4504,106.6302,105.4504,106.6302,115.5936,100.875,0,0
2024-03-12,106.6302,106.6302,101.3637,101.3637,115.5936,100.875,0,0
2024-03-13,101.3637,101.3637,97.0319,97.0319,115.5936,100.875,0,0
2024-03-14,97.0319,98.6695,97.0319,98.6695,115.5936,97.0319,0,0
2024-03-15,98.6695,98.6695,97.8159,97.8159,115.5936,97.0319,0,0
2024-03-18,97.8159,102.866,97.8159,102.866,115.5936,97.0319,0,0
2024-03-19,102.866,102.866,99.9913,99.9913,115.5936,97.0319,0,0
2024-03-20,99.9913,99.9913,92.7196,92.7196,115.5936,97.0319,0,0
2024-03-21,92.7196,92.7196,90.8234,90.8234,115.5936,92.7196,0,0
2024-03-22,90.8234,91.0371,90.8234,91.0371,115.5936,90.8234,0,0
2024-03-25,90.8234,92.2374,90.8234,92.2374,115.5936,90.8234,0,0
2024-03-26,92.2374,92.2374,90.6317,90.6317,110.8015,90.8234,0,0
2024-03-27,90.6317,90.6317,86.2761,86.2761,110.8015,90.6317,0,0
2024-03-28,86.2761,86.3814,86.2761,86.3814,110.3344,86.2761,0,0
2024-04-01,86.3814,94.1959,86.3814,94.1959,110.3344,86.2761,0,0
2024-04-02,94.1959,96.5666,94.1959,96.5666,110.3344,86.2761,0,0
2024-04-03,96.5666,97.8806,96.5666,97.8806,110.3344,86.2761,0,0
2024-04-04,97.8806,97.8806,96.1317,96.1317,110.3344,86.2761,0,0
2024-04-05,96.1317,96.1317,94.3145,94.3145,106.6302,86.2761,0,0
2024-04-08,96.1317,99.371,96.1317,99.371,106.6302,86.2761,0,0
2024-04-09,99.371,99.371,98.7297,98.7297,106.6302,86.2761,0,0
2024-04-10,98.7297,109.5937,98.7297,109.5937,106.6302,86.2761,0,0
2024-04-11,109.5937,109.5937,108.8603,108.8603,109.5937,86.2761,0,0
2024-04-12,108.8603,112.8238,108.8603,112.8238,109.5937,86.2761,0,0
2024-04-15,112.8238,121.1534,112.8238,121.1534,112.8238,86.2761,0,0
2024-04-16,121.1534,121.1534,119.5883,119.5883,121.1534,86.2761,0,0
2024-04-17,119.5883,119.5883,113.2921,113.2921,121.1534,86.2761,0,0
2024-04-18,113.2921,113.2921,108.6591,108.6591,121.1534,86.2761,0,0
2024-04-19,108.6591,111.2599,108.6591,111.2599,121.1534,86.2761,0,0
2024-04-22,111.2599,111.2599,108.5621,108.5621,121.1534,86.2761,0,0
2024-04-23,108.5621,108.5621,106.8509,106.8509,121.1534,86.2761,0,0
2024-04-24,106.8509,110.2074,106.8509,110.2074,121.1534,86.2761,0,0
2024-04-25,110.2074,110.2074,108.5469,108.5469,121.1534,86.2761,0,0
2024-04-26,108.5469,108.5469,104.3951,104.3951,121.1534,86.2761,0,0
2024-04-29,104.3951,105.4163,104.3951,105.4163,121.1534,86.3814,0,0
2024-04-30,105.4163,107.4575,105.4163,107.4575,121.1534,94.1959,0,0
2024-05-01,107.4575,107.4575,100.6435,100.6435,121.1534,94.3145,0,0
2024-05-02,100.6435,100.7022,100.6435,100.7022,121.1534,94.3145,0,0
2024-05-03,100.7022,100.7022,95.9599,95.9599,121.1534,94.3145,0,0
2024-05-06,95.9599,95.9599,94.4961,94.4961,121.1534,95.9599,0,0
2024-05-07,94.4961,98.0371,94.4961,98.0371,121.1534,94.4961,0,0
2024-05-08,98.0371,98.0371,95.5807,95.5807,121.1534,94.4961,0,0
2024-05-09,95.5807,95.5807,93.8524,93.8524,121.1534,94.4961,0,0
2024-05-10,93.8524,94.2274,93.8524,94.2274,121.1534,93.8524,0,0
2024-05-13,94.2274,105.3481,94.2274,105.3481,121.1534,93.8524,0,0
2024-05-14,105.3481,106.5502,105.3481,106.5502,121.1534,93.8524,0,0
2024-05-15,106.5502,106.5502,93.7795,93.7795,119.5883,93.8524,0,0
2024-05-16,93.7795,93.7795,91.8264,91.8264,113.2921,93.7795,0,0
2024-05-17,91.8264,91.8264,89.3479,89.3479,111.2599,91.8264,0,0
2024-05-20,89.3479,89.3479,88.127,88.127,111.2599,89.3479,0,0
2024-05-21,88.127,88.127,85.3383,85.3383,110.2074,88.127,0,0
2024-05-22,85.3383,85.3383,82.491,82.491,110.2074,85.3383,0,0
2024-05-23,82.491,86.1545,82.491,86.1545,110.2074,82.491,0,0
2024-05-24,86.1545,86.1545,83.5701,83.5701,108.5469,82.491,0,0
2024-05-28,83.5701,89.6689,83.5701,89.6689,107.4575,82.491,0,0
2024-05-29,89.6689,93.4548,89.6689,93.4548,107.4575,82.491,0,0
2024-05-30,93.4548,93.4548,91.0904,91.0904,107.4575,82.491,0,0
2024-05-31,91.0904,91.1382,91.0904,91.1382,106.5502,82.491,0,0
2024-06-03,91.1382,93.9186,91.1382,93.9186,106.5502,82.491,0,0
2024-06-04,93.9186,100.1073,93.9186,100.1073,106.5502,82.491,0,0
2024-06-05,100.1073,102.4346,100.1073,102.4346,106.5502,82.491,0,0
2024-06-06,102.4346,102.4346,100.9889,100.9889,106.5502,82.491,0,0
2024-06-07,100.9889,100.9889,91.8177,91.8177,106.5502,82.491,0,0
2024-06-10,91.8177,94.1619,91.8177,94.1619,106.5502,82.491,0,0
2024-06-11,94.1619,97.2678,94.1619,97.2678,106.5502,82.491,0,0
2024-06-12,97.2678,97.2678,91.7336,91.7336,106.5502,82.491,0,0
2024-06-13,91.7336,91.9259,91.7336,91.9259,106.5502,82.491,0,0
2024-06-14,91.9259,100.1638,91.9259,100.1638,102.4346,82.491,0,0
2024-06-17,100.1638,100.1638,99.074,99.074,102.4346,82.491,0,0
2024-06-18,99.074,99.074,97.9868,97.9868,102.4346,82.491,0,0
2024-06-20,97.9868,97.9868,94.137,94.137,102.4346,82.491,0,0
2024-06-21,94.137,94.137,94.0883,94.0883,102.4346,82.491,0,0
2024-06-24,94.0883,95.2037,94.0883,95.2037,102.4346,82.491,0,0
2024-06-25,95.2037,96.9671,95.2037,96.967,102.4346,83.5701,0,0
2024-06-26,96.9671,97.9064,96.9671,97.9064,102.4346,83.5701,0,0
2024-06-27,97.9064,97.9064,95.6936,95.6936,102.4346,89.6689,0,0
2024-06-28,95.6936,98.5938,95.6936,98.5938,102.4346,91.0904,0,0
2024-07-01,98.5938,106.2318,98.5938,106.2318,102.4346,91.0904,0,0
2024-07-02,106.2318,107.509,106.2318,107.509,106.2318,91.1382,0,0
2024-07-03,107.509,107.509,102.8259,102.8259,107.509,91.7336,0,0
2024-07-05,102.8259,102.8259,98.7783,98.7783,107.509,91.7336,0,0
2024-07-08,98.7783,98.7783,97.9641,97.9641,107.509,91.7336,0,0
2024-07-09,97.9641,97.9641,95.6236,95.6236,107.509,91.7336,0,0
2024-07-10,95.6236,95.6236,92.9686,92.9686,107.509,91.7336,0,0
2024-07-11,92.9686,92.9686,89.6693,89.6693,107.509,91.7336,0,0
2024-07-12,89.6693,89.6693,86.785,86.785,107.509,89.6693,0,0
2024-07-15,86.785,94.5027,86.785,94.5027,107.509,86.785,0,0
2024-07-16,94.5027,94.5027,93.8676,93.8676,107.509,86.785,0,0
2024-07-17,93.8676,93.8676,91.0047,91.0047,107.509,86.785,0,0
2024-07-18,91.0047,91.9668,91.0047,91.9668,107.509,86.785,0,0
2024-07-19,91.9668,94.2883,91.9668,94.2883,107.509,86.785,0,0
2024-07-22,94.2883,94.4547,94.2883,94.4547,107.509,86.785,0,0
2024-07-23,94.4547,95.0364,94.4547,95.0364,107.509,86.785,0,0
2024-07-24,95.0364,95.0364,94.8057,94.8057,107.509,86.785,0,0
2024-07-25,94.8057,99.0846,94.8057,99.0846,107.509,86.785,0,0
2024-07-26,99.0846,99.0846,97.7641,97.7641,107.509,86.785,0,0
2024-07-29,97.7641,98.6499,97.7641,98.6499,107.509,86.785,0,0
2024-07-30,98.6499,100.4158,98.6499,100.4158,107.509,86.785,0,0
2024-07-31,100.4158,100.4158,99.4079,99.4079,107.509,86.785,0,0
2024-08-01,99.4079,101.819,99.4079,101.819,107.509,86.785,0,0
2024-08-02,101.819,112.259,101.819,112.259,102.8259,86.785,0,0
2024-08-05,112.259,121.2215,112.259,121.2215,112.259,86.785,0,0
2024-08-06,121.2215,121.2215,119.2398,119.2398,121.2215,86.785,0,0
2024-08-07,119.2398,119.2398,112.6887,112.6887,121.2215,86.785,0,0
2024-08-08,112.6887,112.6887,110.417,110.417,121.2215,86.785,0,0
2024-08-09,110.417,110.417,108.2561,108.2561,121.2215,86.785,0,0
2024-08-12,108.2561,118.2628,108.2561,118.2628,121.2215,86.785,0,0
2024-08-13,118.2628,118.4371,118.2628,118.4371,121.2215,91.0047,0,0
2024-08-14,118.4371,118.4371,106.3369,106.3369,121.2215,91.0047,0,0
2024-08-15,106.3369,106.3369,103.7355,103.7355,121.2215,91.0047,0,0
2024-08-16,103.7355,103.7355,102.8128,102.8128,121.2215,91.9668,0,0
2024-08-19,102.8128,110.1252,102.8128,110.1252,121.2215,94.2883,0,0
2024-08-20,110.1252,111.5708,110.1252,111.5708,121.2215,94.4547,0,0
2024-08-21,111.5708,111.5708,111.3771,111.3771,121.2215,94.8057,0,0
2024-08-22,111.3771,111.3771,108.4968,108.4968,121.2215,94.8057,0,0
2024-08-23,108.4968,108.4968,105.6328,105.6328,121.2215,97.7641,0,0
2024-08-26,105.6328,106.6577,105.6328,106.6577,121.2215,97.7641,0,0
2024-08-27,106.6577,109.2235,106.6577,109.2235,121.2215,98.6499,0,0
2024-08-28,109.2235,109.2235,108.7635,108.7635,121.2215,99.4079,0,0
2024-08-29,108.7635,108.7635,106.7002,106.7002,121.2215,99.4079,0,0
2024-08-30,106.7002,107.7737,106.7002,107.7737,121.2215,101.819,0,0
2024-09-03,107.7737,114.2012,107.7737,114.2012,121.2215,102.8128,0,0
2024-09-04,114.2012,119.1518,114.2012,119.1518,121.2215,102.8128,0,0
2024-09-05,119.1518,119.1518,114.8093,114.8093,119.2398,102.8128,0,0
2024-09-06,114.8093,114.8093,107.2425,107.2425,119.1518,102.8128,0,0
2024-09-09,107.2425,107.2425,104.6112,104.6112,119.1518,102.8128,0,0
2024-09-10,104.6112,108.3594,104.6112,108.3594,119.1518,102.8128,0,0
2024-09-11,108.3594,108.3594,103.7944,103.7944,119.1518,102.8128,0,0
2024-09-12,103.7944,103.7944,98.0317,98.0317,119.1518,102.8128,0,0
2024-09-13,98.0317,100.5983,98.0317,100.5983,119.1518,98.0317,0,0
2024-09-16,100.5983,101.218,100.5983,101.218,119.1518,98.0317,0,0
2024-09-17,101.218,101.5812,101.218,101.5812,119.1518,98.0317,0,0
2024-09-18,101.5812,101.5812,98.6062,98.6062,119.1518,98.0317,0,0
2024-09-19,98.6062,98.6062,92.6427,92.6427,119.1518,98.0317,0,0
2024-09-20,92.6427,92.6427,90.9971,90.9971,119.1518,92.6427,0,0
2024-09-23,90.9971,93.8706,90.9971,93.8706,119.1518,90.9971,0,0
2024-09-24,93.8706,93.8706,93.3003,93.3003,119.1518,90.9971,0,0
2024-09-25,93.3003,93.3003,91.6382,91.6382,119.1518,90.9971,0,0
2024-09-26,91.6382,91.6382,90.1434,90.1434,119.1518,90.9971,0,0
2024-09-27,90.1434,92.5255,90.1434,92.5255,119.1518,90.1434,0,0
2024-09-30,92.5255,94.605,92.5255,94.605,119.1518,90.1434,0,0
2024-10-01,94.605,104.1366,94.605,104.1366,119.1518,90.1434,0,0
2024-10-02,104.1366,104.1366,102.1746,102.1746,119.1518,90.1434,0,0
2024-10-03,102.1746,102.1746,101.1563,101.1563,119.1518,90.1434,0,0
2024-10-04,101.1563,101.1563,100.1515,100.1515,114.8093,90.1434,0,0
2024-10-07,100.1515,124.2259,100.1515,124.2259,108.3594,90.1434,0,0
2024-10-08,124.2259,124.2259,123.7695,123.7695,124.2259,90.1434,0,0
2024-10-09,123.7695,123.7695,122.3919,122.3919,124.2259,90.1434,0,0
2024-10-10,122.3919,122.3919,116.5643,116.5643,124.2259,90.1434,0,0
2024-10-11,116.5643,118.4688,116.5643,118.4688,124.2259,90.1434,0,0
2024-10-15,118.4688,127.2256,118.4688,127.2256,124.2259,90.1434,0,0
2024-10-16,127.2256,127.2256,121.8556,121.8556,127.2256,90.1434,0,0
2024-10-17,121.8556,122.1409,121.8556,122.1409,127.2256,90.1434,0,0
2024-10-18,122.1409,123.1343,122.1409,123.1343,127.2256,90.1434,0,0
2024-10-21,123.1343,128.9538,123.1343,128.9538,127.2256,90.1434,0,0
2024-10-22,128.9538,129.2565,128.9538,129.2565,128.9538,90.1434,0,0
2024-10-23,129.2565,129.2565,129.0475,129.0475,129.2565,90.1434,0,0
2024-10-24,129.0475,129.0475,127.4826,127.4826,129.2565,90.1434,0,0
2024-10-25,127.4826,128.4023,127.4826,128.4023,129.2565,90.1434,0,0
2024-10-28,128.4023,130.9183,128.4023,130.9183,129.2565,90.1434,0,0
2024-10-29,130.9183,131.872,130.9183,131.872,130.9183,92.5255,0,0
2024-10-30,131.872,131.872,130.8013,130.8013,131.872,94.605,0,0
2024-10-31,130.8013,135.1827,130.8013,135.1827,131.872,100.1515,0,0
2024-11-01,135.1827,135.1827,132.5779,132.5779,135.1827,100.1515,0,0
2024-11-04,132.5779,136.2454,132.5779,136.2454,135.1827,100.1515,0,0
2024-11-05,136.2454,136.2454,130.4312,130.4312,136.2454,100.1515,0,0
2024-11-06,130.4312,130.4312,117.6418,117.6418,136.2454,116.5643,0,0
2024-11-07,117.6418,117.6418,104.0836,104.0836,136.2454,116.5643,0,0
2024-11-08,104.0836,104.0836,99.8516,99.8516,136.2454,104.0836,0,0
2024-11-12,99.8516,108.545,99.8516,108.545,136.2454,99.8516,0,0
2024-11-13,108.545,108.545,102.0845,102.0845,136.2454,99.8516,0,0
2024-11-14,102.0845,102.0845,99.4262,99.4262,136.2454,99.8516,0,0
2024-11-15,99.4262,102.4699,99.4262,102.4699,136.2454,99.4262,0,0
2024-11-18,102.4699,102.4699,102.0101,102.0101,136.2454,99.4262,0,0
2024-11-19,102.0101,105.1173,102.0101,105.1173,136.2454,99.4262,0,0
2024-11-20,105.1173,106.6908,105.1173,106.6908,136.2454,99.4262,0,0
2024-11-21,106.6908,106.6908,101.904,101.904,136.2454,99.4262,0,0
2024-11-22,101.904,101.904,99.1379,99.1379,136.2454,99.4262,0,0
2024-11-25,99.1379,99.9614,99.1379,99.9614,136.2454,99.1379,0,0
2024-11-26,99.9614,99.9614,99.1849,99.1849,136.2454,99.1379,0,0
2024-11-27,99.1849,99.1849,97.7447,97.7447,136.2454,99.1379,0,0
2024-11-29,97.7447,97.7447,95.2239,95.2239,136.2454,97.7447,0,0
2024-12-02,95.2239,97.8138,95.2239,97.8138,136.2454,95.2239,0,0
2024-12-03,97.8138,97.8138,95.6049,95.6049,136.2454,95.2239,0,0
2024-12-04,95.6049,95.6049,92.2475,92.2475,136.2454,95.2239,0,0
2024-12-05,92.2475,92.2475,91.4786,91.4786,136.2454,92.2475,0,0
2024-12-06,91.4786,91.4786,83.1998,83.1998,130.4312,91.4786,0,0
2024-12-09,83.1998,85.6298,83.1998,85.6298,117.6418,83.1998,0,0
2024-12-10,85.6298,90.1029,85.6298,90.1029,108.545,83.1998,0,0
2024-12-11,90.1029,90.1029,82.4019,82.4019,108.545,83.1998,0,0
2024-12-12,82.4019,82.6642,82.4019,82.6642,108.545,82.4019,0,0
2024-12-13,82.6642,85.6599,82.6642,85.6599,106.6908,82.4019,0,0
2024-12-16,85.6599,90.8815,85.6599,90.8815,106.6908,82.4019,0,0
2024-12-17,90.8815,90.8815,90.4222,90.4222,106.6908,82.4019,0,0
2024-12-18,90.4222,90.4222,87.2105,87.2105,106.6908,82.4019,0,0
2024-12-19,87.2105,90.4112,87.2105,90.4112,106.6908,82.4019,0,0
2024-12-20,90.4112,91.7514,90.4112,91.7514,106.6908,82.4019,0,0
2024-12-23,91.7514,95.8466,91.7514,95.8466,101.904,82.4019,0,0
2024-12-24,95.8466,96.9453,95.8466,96.9453,99.9614,82.4019,0,0
2024-12-26,96.9453,96.9453,95.1992,95.1992,99.9614,82.4019,0,0
2024-12-27,95.1992,95.1992,94.7951,94.7951,99.1849,82.4019,0,0
2024-12-30,94.7951,99.0779,94.7951,99.0779,97.8138,82.4019,0,0
2024-12-31,99.0779,99.0779,98.7975,98.7975,99.0779,82.4019,0,0
2025-01-02,98.7975,98.7975,96.6661,96.6661,99.0779,82.4019,0,0
2025-01-03,96.6661,96.6661,93.3474,93.3474,99.0779,82.4019,0,0
2025-01-06,93.3474,97.894,93.3474,97.894,99.0779,82.4019,0,0
2025-01-07,97.894,102.7846,97.894,102.7846,99.0779,82.4019,0,0
2025-01-08,102.7846,102.7846,100.7639,100.7639,102.7846,82.4019,0,0
2025-01-09,100.7639,100.7639,99.7323,99.7323,102.7846,82.4019,0,0
2025-01-10,99.7323,99.7323,96.571,96.571,102.7846,82.4019,0,0
2025-01-13,96.571,103.512,96.571,103.512,102.7846,82.4019,0,0
2025-01-14,103.512,103.512,101.9907,101.9907,103.512,82.6642,0,0
2025-01-15,101.9907,101.9907,93.0952,93.0952,103.512,85.6599,0,0
2025-01-16,93.0952,93.0952,92.7184,92.7184,103.512,87.2105,0,0
2025-01-17,92.7184,95.6016,92.7184,95.6016,103.512,87.2105,0,0
2025-01-21,95.6016,96.7779,95.6016,96.7779,103.512,87.2105,0,0
2025-01-22,96.7779,96.7779,89.9012,89.9012,103.512,90.4112,0,0
2025-01-23,89.9012,89.9012,88.5088,88.5088,103.512,89.9012,0,0
2025-01-24,88.5088,88.5088,86.7501,86.7501,103.512,88.5088,0,0
2025-01-27,86.7501,95.0489,86.7501,95.0489,103.512,86.7501,0,0
2025-01-28,95.0489,95.0489,92.8347,92.8347,103.512,86.7501,0,0
2025-01-29,92.8347,92.8347,90.7269,90.7269,103.512,86.7501,0,0
2025-01-30,90.7269,90.7269,90.5355,90.5355,103.512,86.7501,0,0
2025-01-31,90.5355,91.7642,90.5355,91.7642,103.512,86.7501,0,0
2025-02-03,91.7642,94.1545,91.7642,94.1545,103.512,86.7501,0,0
2025-02-04,94.1545,94.1545,90.2828,90.2828,103.512,86.7501,0,0
2025-02-05,90.2828,94.6845,90.2828,94.6845,103.512,86.7501,0,0
2025-02-06,94.6845,94.6845,93.9025,93.9025,103.512,86.7501,0,0
2025-02-07,93.9025,93.9025,93.1328,93.1328,103.512,86.7501,0,0
2025-02-10,93.1328,93.1328,87.6829,87.6829,103.512,86.7501,0,0
2025-02-11,87.6829,87.6829,85.5812,85.5812,103.512,86.7501,0,0
2025-02-12,85.5812,86.5753,85.5812,86.5753,103.512,85.5812,0,0
2025-02-13,86.5753,86.5753,84.5654,84.5654,101.9907,85.5812,0,0
2025-02-14,84.5654,84.6686,84.5654,84.6686,96.7779,84.5654,0,0
2025-02-18,84.6686,84.6686,84.5138,84.5138,96.7779,84.5654,0,0
2025-02-19,84.5138,84.5138,83.8594,83.8594,96.7779,84.5138,0,0
2025-02-20,83.8594,86.2632,83.8594,86.2632,96.7779,83.8594,0,0
2025-02-21,86.2632,91.8293,86.2632,91.8293,95.0489,83.8594,0,0
2025-02-24,91.8293,91.8293,88.4398,88.4398,95.0489,83.8594,0,0
2025-02-25,88.4398,96.6057,88.4398,96.6057,95.0489,83.8594,0,0
2025-02-26,96.6057,97.523,96.6057,97.523,96.6057,83.8594,0,0
2025-02-27,97.523,97.523,96.2734,96.2734,97.523,83.8594,0,0
2025-02-28,96.2734,104.4571,96.2734,104.4571,97.523,83.8594,0,0
2025-03-03,104.4571,105.6508,104.4571,105.6508,104.4571,83.8594,0,0
2025-03-04,105.6508,108.8706,105.6508,108.8706,105.6508,83.8594,0,0
2025-03-05,108.8706,108.8706,104.3235,104.3235,108.8706,83.8594,0,0
2025-03-06,104.3235,108.9517,104.3235,108.9517,108.8706,83.8594,0,0
2025-03-07,108.9517,108.9517,104.4125,104.4125,108.9517,83.8594,0,0
2025-03-10,104.4125,112.5042,104.4125,112.5042,108.9517,83.8594,0,0
2025-03-11,112.5042,114.5975,112.5042,114.5975,112.5042,83.8594,0,0
2025-03-12,114.5975,114.5975,104.1106,104.1106,114.5975,83.8594,0,0
2025-03-13,104.1106,106.1893,104.1106,106.1893,114.5975,83.8594,0,0
2025-03-14,106.1893,106.1893,101.0067,101.0067,114.5975,83.8594,0,0
2025-03-17,101.0067,101.0067,99.7763,99.7763,114.5975,83.8594,0,0
2025-03-18,99.7763,99.7763,96.6797,96.6797,114.5975,83.8594,0,0
2025-03-19,96.6797,96.6797,91.3988,91.3988,114.5975,83.8594,0,0
2025-03-20,91.3988,95.7379,91.3988,95.7379,114.5975,83.8594,0,0
2025-03-21,95.7379,95.7379,94.54,94.54,114.5975,86.2632,0,0
2025-03-24,94.54,95.22,94.54,95.22,114.5975,88.4398,0,0
2025-03-25,95.22,95.22,93.5737,93.5737,114.5975,88.4398,0,0
2025-03-26,93.5737,93.5737,91.4056,91.4056,114.5975,91.3988,0,0
2025-03-27,91.4056,91.4056,91.0342,91.0342,114.5975,91.3988,0,0
2025-03-28,91.0342,96.8263,91.0342,96.8263,114.5975,91.0342,0,0
2025-03-31,96.8263,101.351,96.8263,101.351,114.5975,91.0342,0,0
2025-04-01,101.351,104.7324,101.351,104.7324,114.5975,91.0342,0,0
2025-04-02,104.7324,106.3946,104.7324,106.3946,114.5975,91.0342,0,0
2025-04-03,106.3946,112.0028,106.3946,112.0028,114.5975,91.0342,0,0
2025-04-04,112.0028,125.7066,112.0028,125.7066,114.5975,91.0342,0,0
2025-04-07,125.7066,137.2996,125.7066,137.2996,125.7066,91.0342,0,0
2025-04-08,137.2996,139.8768,137.2996,139.8768,137.2996,91.0342,0,0
2025-04-09,139.8768,139.8768,128.8294,128.8294,139.8768,91.0342,0,0
2025-04-10,128.8294,128.8294,128.3494,128.3494,139.8768,91.0342,0,0
2025-04-11,128.3494,137.2574,128.3494,137.2574,139.8768,91.0342,0,0
2025-04-14,137.2574,137.2574,132.4564,132.4564,139.8768,91.0342,0,0
2025-04-15,132.4564,132.4564,122.5583,122.5583,139.8768,91.0342,0,0
2025-04-16,122.5583,122.5583,119.4044,119.4044,139.8768,91.0342,0,0
2025-04-17,119.4044,119.4044,114.6368,114.6368,139.8768,91.0342,0,0
2025-04-21,114.6368,128.5643,114.6368,128.5643,139.8768,91.0342,0,0
2025-04-22,128.5643,128.5643,118.3535,118.3535,139.8768,91.0342,0,0
2025-04-23,118.3535,118.3535,116.6039,116.6039,139.8768,91.0342,0,0
2025-04-24,116.6039,116.6039,108.2801,108.2801,139.8768,91.0342,0,0
2025-04-25,108.2801,108.2801,105.7874,105.7874,139.8768,91.0342,0,0
2025-04-28,105.7874,110.0116,105.7874,110.0116,139.8768,91.0342,0,0
2025-04-29,110.0116,112.2678,110.0116,112.2678,139.8768,96.8263,0,0
2025-04-30,112.2678,112.4782,112.2678,112.4782,139.8768,101.351,0,0
2025-05-01,112.4782,112.4782,107.3295,107.3295,139.8768,104.7324,0,0
2025-05-02,107.3295,107.3295,101.3976,101.3976,139.8768,105.7874,0,0
2025-05-05,101.3976,104.4494,101.3976,104.4494,139.8768,101.3976,0,0
2025-05-06,104.4494,106.1824,104.4494,106.1824,139.8768,101.3976,0,0
2025-05-07,106.1824,106.1824,99.8662,99.8662,139.8768,101.3976,0,0
2025-05-08,99.8662,99.8662,98.6632,98.6632,139.8768,99.8662,0,0
2025-05-09,98.6632,100.3962,98.6632,100.3962,137.2574,98.6632,0,0
2025-05-12,100.3962,102.9012,100.3962,102.9012,137.2574,98.6632,0,0
2025-05-13,102.9012,102.9012,100.1328,100.1328,137.2574,98.6632,0,0
2025-05-14,100.1328,100.7296,100.1328,100.7296,132.4564,98.6632,0,0
2025-05-15,100.7296,100.7296,98.6463,98.6463,128.5643,98.6632,0,0
2025-05-16,98.6463,98.6463,96.7005,96.7005,128.5643,98.6463,0,0
2025-05-19,96.7005,103.807,96.7005,103.807,128.5643,96.7005,0,0
2025-05-20,103.807,103.807,101.3677,101.3677,128.5643,96.7005,0,0
2025-05-21,101.3677,102.0983,101.3677,102.0983,118.3535,96.7005,0,0
2025-05-22,102.0983,102.0983,99.4706,99.4706,116.6039,96.7005,0,0
2025-05-23,99.4706,100.9144,99.4706,100.9144,112.4782,96.7005,0,0
2025-05-27,100.9144,100.9144,97.925,97.925,112.4782,96.7005,0,0
2025-05-28,97.925,97.925,93.2,93.2,112.4782,96.7005,0,0
2025-05-29,93.2,93.2,92.667,92.667,112.4782,93.2,0,0
2025-05-30,92.667,92.667,92.1123,92.1123,112.4782,92.667,0,0
2025-06-02,92.1123,95.7562,92.1123,95.7562,107.3295,92.1123,0,0
2025-06-03,95.7562,99.9986,95.7562,99.9986,106.1824,92.1123,0,0
2025-06-04,99.9986,99.9986,96.9769,96.9769,106.1824,92.1123,0,0
2025-06-05,96.9769,96.9769,94.6456,94.6456,106.1824,92.1123,0,0
2025-06-06,94.6456,94.6456,89.6485,89.6485,103.807,92.1123,0,0
2025-06-09,89.6485,92.6153,89.6485,92.6153,103.807,89.6485,0,0
2025-06-10,92.6153,92.6153,91.2179,91.2179,103.807,89.6485,0,0
2025-06-11,91.2179,91.2179,89.3607,89.3607,103.807,89.6485,0,0
2025-06-12,89.3607,89.3607,88.9891,88.9891,103.807,89.3607,0,0
2025-06-13,88.9891,95.3073,88.9891,95.3073,103.807,88.9891,0,0
2025-06-16,95.3073,95.3073,93.4817,93.4817,103.807,88.9891,0,0
2025-06-17,93.4817,97.1817,93.4817,97.1817,103.807,88.9891,0,0
2025-06-18,97.1817,97.1817,93.638,93.638,103.807,88.9891,0,0
2025-06-20,93.638,93.638,90.0986,90.0986,102.0983,88.9891,0,0
2025-06-23,90.0986,95.0288,90.0986,95.0288,102.0983,88.9891,0,0
2025-06-24,95.0288,95.0288,92.617,92.617,100.9144,88.9891,0,0
2025-06-25,92.617,92.617,91.2405,91.2405,100.9144,88.9891,0,0
2025-06-26,91.2405,91.2405,89.4743,89.4743,99.9986,88.9891,0,0
2025-06-27,89.4743,89.4743,87.9305,87.9305,99.9986,88.9891,0,0
2025-06-30,87.9305,90.2635,87.9305,90.2635,99.9986,87.9305,0,0
2025-07-01,90.2635,93.4824,90.2635,93.4824,99.9986,87.9305,0,0
2025-07-02,93.4824,93.4824,91.3743,91.3743,99.9986,87.9305,0,0
2025-07-03,91.3743,91.3743,86.0888,86.0888,99.9986,87.9305,0,0
2025-07-07,86.0888,88.5331,86.0888,88.5331,97.1817,86.0888,0,0
2025-07-08,88.5331,88.5331,88.0492,88.0492,97.1817,86.0888,0,0
2025-07-09,88.0492,88.0492,84.3141,84.3141,97.1817,86.0888,0,0
2025-07-10,84.3141,84.3141,81.5848,81.5848,97.1817,84.3141,0,0
2025-07-11,81.5848,85.483,81.5848,85.483,97.1817,81.5848,0,0
2025-07-14,85.483,90.7253,85.483,90.7253,97.1817,81.5848,0,0
2025-07-15,90.7253,90.7253,88.9493,88.9493,97.1817,81.5848,0,0
2025-07-16,88.9493,89.5157,88.9493,89.5157,97.1817,81.5848,0,0
2025-07-17,89.5157,89.5157,85.5695,85.5695,97.1817,81.5848,0,0
2025-07-18,85.5695,85.5695,83.2858,83.2858,97.1817,81.5848,0,0
2025-07-21,83.2858,86.6191,83.2858,86.6191,95.0288,81.5848,0,0
2025-07-22,86.6191,89.8912,86.6191,89.8912,95.0288,81.5848,0,0
2025-07-23,89.8912,89.8912,85.9536,85.9536,95.0288,81.5848,0,0
2025-07-24,85.9536,85.9536,82.7473,82.7473,93.4824,81.5848,0,0
2025-07-25,82.7473,82.7473,82.093,82.093,93.4824,81.5848,0,0
2025-07-28,82.093,83.727,82.093,83.727,93.4824,81.5848,0,0
2025-07-29,83.727,85.0709,83.727,85.0709,93.4824,81.5848,0,0
2025-07-30,85.0709,85.0709,81.8765,81.8765,93.4824,81.5848,0,0
2025-07-31,81.8765,81.8765,79.843,79.843,93.4824,81.5848,0,0
2025-08-01,79.843,83.8268,79.843,83.8268,91.3743,79.843,0,0
2025-08-04,83.8268,87.9481,83.8268,87.9481,90.7253,79.843,0,0
2025-08-05,87.9481,89.1959,87.9481,89.1959,90.7253,79.843,0,0
2025-08-06,89.1959,89.1959,83.89,83.89,90.7253,79.843,0,0
2025-08-07,83.89,83.89,80.1454,80.1454,90.7253,79.843,0,0
2025-08-08,80.1454,80.1454,79.1966,79.1966,90.7253,79.843,0,0
2025-08-11,79.1966,81.7551,79.1966,81.7551,90.7253,79.1966,0,0
2025-08-12,81.7551,81.7551,77.4219,77.4219,90.7253,79.1966,0,0
2025-08-13,77.4219,77.4219,77.3091,77.3091,89.8912,77.4219,0,0
2025-08-14,77.3091,77.3091,76.7718,76.7718,89.8912,77.3091,0,0
2025-08-15,76.7718,76.7718,76.6637,76.6637,89.8912,76.7718,0,0
2025-08-18,76.6637,81.8233,76.6637,81.8233,89.8912,76.6637,0,0
2025-08-19,81.8233,82.1505,81.8233,82.1505,89.8912,76.6637,0,0
2025-08-20,82.1505,82.1505,80.7468,80.7468,89.8912,76.6637,0,0
2025-08-21,80.7468,80.7468,80.5177,80.5177,89.1959,76.6637,0,0
2025-08-22,80.5177,80.5177,78.104,78.104,89.1959,76.6637,0,0
2025-08-25,78.104,78.104,77.5612,77.5612,89.1959,76.6637,0,0
2025-08-26,77.5612,79.3632,77.5612,79.3632,89.1959,76.6637,0,0
2025-08-27,79.3632,79.3632,77.6561,77.6561,89.1959,76.6637,0,0
2025-08-28,77.6561,77.6561,77.5498,77.5498,89.1959,76.6637,0,0
2025-08-29,77.5498,79.3857,77.5498,79.3857,89.1959,76.6637,0,0
2025-09-02,79.3857,85.2801,79.3857,85.2801,89.1959,76.6637,0,0
2025-09-03,85.2801,89.6705,85.2801,89.6705,89.1959,76.6637,0,0
2025-09-04,89.6705,89.6705,88.2565,88.2565,89.6705,76.6637,0,0
2025-09-05,88.2565,88.2565,85.2914,85.2914,89.6705,76.6637,0,0
2025-09-08,85.2914,85.2914,83.9982,83.9982,89.6705,76.6637,0,0
2025-09-09,83.9982,83.9982,82.1995,82.1995,89.6705,76.6637,0,0
2025-09-10,82.1995,82.1995,79.5847,79.5847,89.6705,76.6637,0,0
2025-09-11,79.5847,79.5847,75.0739,75.0739,89.6705,76.6637,0,0
2025-09-12,75.0739,75.0739,73.3658,73.3658,89.6705,75.0739,0,0
2025-09-15,73.3658,76.8812,73.3658,76.8812,89.6705,73.3658,0,0
2025-09-16,76.8812,77.0891,76.8812,77.0891,89.6705,73.3658,0,0
2025-09-17,77.0891,77.0891,75.945,75.945,89.6705,73.3658,0,0
2025-09-18,75.945,75.945,71.9147,71.9147,89.6705,73.3658,0,0
2025-09-19,71.9147,72.5103,71.9147,72.5103,89.6705,71.9147,0,0
2025-09-22,72.5103,75.7991,72.5103,75.7991,89.6705,71.9147,0,0
2025-09-23,75.7991,75.7991,75.658,75.658,89.6705,71.9147,0,0
2025-09-24,75.658,75.658,75.1294,75.1294,89.6705,71.9147,0,0
2025-09-25,75.1294,75.439,75.1294,75.439,89.6705,71.9147,0,0
2025-09-26,75.439,75.439,74.3819,74.3819,89.6705,71.9147,0,0
2025-09-29,74.3819,75.5109,74.3819,75.5109,89.6705,71.9147,0,0
2025-09-30,75.5109,77.9284,75.5109,77.9284,89.6705,71.9147,0,0
2025-10-01,77.9284,77.9284,73.4987,73.4987,89.6705,71.9147,0,0
2025-10-02,73.4987,73.4987,71.213,71.213,89.6705,71.9147,0,0
2025-10-03,71.213,71.213,69.5305,69.5305,88.2565,71.213,0,0
2025-10-06,69.5305,72.9882,69.5305,72.9882,85.2914,69.5305,0,0
2025-10-07,72.9882,75.4304,72.9882,75.4304,83.9982,69.5305,0,0
2025-10-08,75.4304,75.4304,74.8668,74.8668,82.1995,69.5305,0,0
2025-10-09,74.8668,74.8668,74.1211,74.1211,79.5847,69.5305,0,0
2025-10-10,74.1211,81.6496,74.1211,81.6496,77.9284,69.5305,0,0
2025-10-14,81.6496,81.6496,79.9475,79.9475,81.6496,69.5305,0,0
2025-10-15,79.9475,79.9475,75.1067,75.1067,81.6496,69.5305,0,0
2025-10-16,75.1067,81.2279,75.1067,81.2279,81.6496,69.5305,0,0
2025-10-17,81.2279,81.2279,78.621,78.621,81.6496,69.5305,0,0
2025-10-20,78.621,78.621,77.2156,77.2156,81.6496,69.5305,0,0
2025-10-21,77.2156,77.2156,77.1785,77.1785,81.6496,69.5305,0,0
2025-10-22,77.1785,77.1785,75.4901,75.4901,81.6496,69.5305,0,0
2025-10-23,75.4901,75.4901,74.0532,74.0532,81.6496,69.5305,0,0
2025-10-24,74.0532,74.0532,68.9435,68.9435,81.6496,69.5305,0,0
2025-10-27,68.9435,68.9435,66.8683,66.8683,81.6496,68.9435,0,0
2025-10-28,66.8683,67.3009,66.8683,67.3009,81.6496,66.8683,0,0
2025-10-29,67.3009,67.3009,65.7476,65.7476,81.6496,66.8683,0,0
2025-10-30,65.7476,66.8836,65.7476,66.8836,81.6496,65.7476,0,0
2025-10-31,66.8836,66.8836,66.6064,66.6064,81.6496,65.7476,0,0
2025-11-03,66.6064,67.2323,66.6064,67.2323,81.6496,65.7476,0,0
2025-11-04,67.2323,68.0186,67.2323,68.0186,81.6496,65.7476,0,0
2025-11-05,68.0186,72.42,68.0186,72.42,81.6496,65.7476,0,0
2025-11-06,72.42,72.4445,72.42,72.4445,81.6496,65.7476,0,0
2025-11-07,72.4445,74.4123,72.4445,74.4123,81.6496,65.7476,0,0
2025-11-10,74.4123,78.8625,74.4123,78.8625,81.6496,65.7476,0,0
2025-11-12,78.8625,81.1229,78.8625,81.1229,81.6496,65.7476,0,0
2025-11-13,81.1229,81.1229,79.1049,79.1049,81.2279,65.7476,0,0
2025-11-14,79.1049,79.7146,79.1049,79.7146,81.2279,65.7476,0,0
2025-11-17,79.7146,82.5756,79.7146,82.5756,81.2279,65.7476,0,0
2025-11-18,82.5756,83.1778,82.5756,83.1778,82.5756,65.7476,0,0
2025-11-19,83.1778,84.3152,83.1778,84.3152,83.1778,65.7476,0,0
2025-11-20,84.3152,84.3152,77.8053,77.8053,84.3152,65.7476,0,0
2025-11-21,77.8053,78.8123,77.8053,78.8123,84.3152,65.7476,0,0
2025-11-24,78.8123,78.8123,76.8196,76.8196,84.3152,65.7476,0,0
2025-11-25,76.8196,76.8196,72.819,72.819,84.3152,65.7476,0,0
2025-11-26,72.819,72.819,71.9046,71.9046,84.3152,65.7476,0,0
2025-11-28,71.9046,71.9046,68.9485,68.9485,84.3152,65.7476,0,0
2025-12-01,68.9485,71.3498,68.9485,71.3498,84.3152,65.7476,0,0
2025-12-02,71.3498,71.3498,69.9104,69.9104,84.3152,66.6064,0,0
2025-12-03,69.9104,69.9104,66.4626,66.4626,84.3152,66.6064,0,0
2025-12-04,66.4626,66.4626,65.6857,65.6857,84.3152,66.4626,0,0
2025-12-05,65.6857,67.2818,65.6857,67.2818,84.3152,65.6857,0,0
2025-12-08,67.2818,72.3041,67.2818,72.3041,84.3152,65.6857,0,0
2025-12-09,72.3041,75.384,72.3041,75.384,84.3152,65.6857,0,0
2025-12-10,75.384,75.384,68.6181,68.6181,84.3152,65.6857,0,0
2025-12-11,68.6181,69.2371,68.6181,69.2371,84.3152,65.6857,0,0
2025-12-12,69.2371,69.2479,69.2371,69.2479,84.3152,65.6857,0,0
2025-12-15,69.2479,73.3083,69.2479,73.3083,84.3152,65.6857,0,0
2025-12-16,73.3083,73.3083,67.143,67.143,84.3152,65.6857,0,0
2025-12-17,67.143,67.143,62.7376,62.7376,84.3152,65.6857,0,0
2025-12-18,62.7376,62.7376,60.0094,60.0094,84.3152,62.7376,0,0
2025-12-19,60.0094,60.0094,59.4089,59.4089,84.3152,60.0094,0,0
2025-12-22,59.4089,61.6987,59.4089,61.6987,78.8123,59.4089,0,0
2025-12-23,61.6987,61.6987,61.1695,61.1695,78.8123,59.4089,0,0
2025-12-24,61.1695,61.1695,59.4755,59.4755,76.8196,59.4089,0,0
2025-12-26,59.4755,59.4755,58.4951,58.4951,75.384,59.4089,0,0
2025-12-29,58.4951,59.2093,58.4951,59.2093,75.384,58.4951,0,0
2025-12-30,59.2093,63.9763,59.2093,63.9763,75.384,58.4951,0,0
2025-12-31,63.9763,63.9763,63.964,63.964,75.384,58.4951,0,0
2026-01-02,63.964,63.964,62.3619,62.3619,75.384,58.4951,0,0
2026-01-05,62.3619,64.71,62.3619,64.71,75.384,58.4951,0,0
2026-01-06,64.71,65.8169,64.71,65.8169,75.384,58.4951,0,0
2026-01-07,65.8169,66.1539,65.8169,66.1539,75.384,58.4951,0,0
2026-01-08,66.1539,66.9401,66.1539,66.9401,75.384,58.4951,0,0
2026-01-09,66.9401,66.9401,61.5535,61.5535,75.384,58.4951,0,0
2026-01-12,61.5535,62.9004,61.5535,62.9004,73.3083,58.4951,0,0
2026-01-13,62.9004,62.9004,60.7929,60.7929,73.3083,58.4951,0,0
2026-01-14,60.7929,60.7929,58.1125,58.1125,73.3083,58.4951,0,0
2026-01-15,58.1125,58.1125,56.137,56.137,73.3083,58.1125,0,0
2026-01-16,56.137,58.0522,56.137,58.0522,67.143,56.137,0,0
2026-01-20,58.0522,66.6726,58.0522,66.6726,66.9401,56.137,0,0
2026-01-21,66.6726,66.6726,59.5603,59.5603,66.9401,56.137,0,0
2026-01-22,59.5603,59.5603,56.5041,56.5041,66.9401,56.137,0,0
2026-01-23,56.5041,56.5041,56.2489,56.2489,66.9401,56.137,0,0
2026-01-26,56.2489,56.2489,55.7659,55.7659,66.9401,56.137,0,0
2026-01-27,55.7659,56.1203,55.7659,56.1203,66.9401,55.7659,0,0
2026-01-28,56.1203,57.4314,56.1203,57.4314,66.9401,55.7659,0,0
2026-01-29,57.4314,60.7265,57.4314,60.7265,66.9401,55.7659,0,0
2026-01-30,60.7265,60.7265,59.1978,59.1978,66.9401,55.7659,0,0
2026-02-02,59.1978,59.2997,59.1978,59.2997,66.9401,55.7659,0,0
2026-02-03,59.2997,59.2997,57.5426,57.5426,66.9401,55.7659,0,0
2026-02-04,57.5426,57.5426,57.5099,57.5099,66.9401,55.7659,0,0
2026-02-05,57.5099,62.1562,57.5099,62.1562,66.9401,55.7659,0,0
2026-02-06,62.1562,63.6164,62.1562,63.6164,66.9401,55.7659,0,0
2026-02-09,63.6164,63.6164,62.7364,62.7364,66.9401,55.7659,0,0
2026-02-10,62.7364,64.5522,62.7364,64.5522,66.6726,55.7659,0,0
2026-02-11,64.5522,64.5522,61.3481,61.3481,66.6726,55.7659,0,0
2026-02-12,61.3481,68.5669,61.3481,68.5669,66.6726,55.7659,0,0
2026-02-13,68.5669,70.1041,68.5669,70.1041,68.5669,55.7659,0,0
2026-02-17,70.1041,70.1041,68.8383,68.8383,70.1041,55.7659,0,0
2026-02-18,68.8383,68.8383,64.1861,64.1861,70.1041,55.7659,0,0
2026-02-19,64.1861,68.0306,64.1861,68.0306,70.1041,55.7659,0,0
2026-02-20,68.0306,68.0306,64.2656,64.2656,70.1041,55.7659,0,0
2026-02-23,64.2656,68.0341,64.2656,68.0341,70.1041,55.7659,0,0
2026-02-24,68.0341,68.0341,65.2682,65.2682,70.1041,55.7659,0,0
2026-02-25,65.2682,65.2682,62.4307,62.4307,70.1041,55.7659,0,0
2026-02-26,62.4307,63.9278,62.4307,63.9278,70.1041,56.1203,0,0
2026-02-27,63.9278,73.3823,63.9278,73.3823,70.1041,57.4314,0,0
2026-03-02,73.3823,73.3823,73.2091,73.2091,73.3823,57.5099,0,0
2026-03-03,73.2091,77.7457,73.2091,77.7457,73.3823,57.5099,0,0
2026-03-04,77.7457,77.7457,70.0322,70.0322,77.7457,57.5099,0,0
2026-03-05,70.0322,74.53,70.0322,74.53,77.7457,57.5099,0,0
2026-03-06,74.53,81.2624,74.53,81.2624,77.7457,57.5099,0,0
2026-03-09,74.53,81.2624,74.53,79.7447,81.2624,61.3481,0,0
2026-03-10,79.7447,79.7447,76.3332,76.3332,81.2624,61.3481,0,0
2026-03-11,76.3332,78.5938,76.3332,78.5938,81.2624,61.3481,0,0
2026-03-12,78.5938,95.2977,78.5938,95.2977,81.2624,61.3481,0,0
2026-03-13,95.2977,95.2977,91.1698,91.1698,95.2977,61.3481,0,0
2026-03-16,91.1698,91.1698,85.246,85.246,95.2977,62.4307,0,0
2026-03-17,85.246,85.246,79.2295,79.2295,95.2977,62.4307,0,0
2026-03-18,79.2295,81.2491,79.2295,81.2491,95.2977,62.4307,0,0
2026-03-19,81.2491,84.8753,81.2491,84.8753,95.2977,62.4307,0,0
2026-03-20,84.8753,108.8445,84.8753,108.8445,95.2977,62.4307,0,0
2026-03-23,108.8445,108.8445,98.1476,98.1476,108.8445,62.4307,0,0
2026-03-24,98.1476,103.0094,98.1476,103.0094,108.8445,62.4307,0,0
2026-03-25,103.0094,103.0094,97.5937,97.5937,108.8445,62.4307,0,0
2026-03-26,97.5937,115.0172,97.5937,115.0172,108.8445,62.4307,0,0
2026-03-27,115.0172,115.0172,111.9456,111.9456,115.0172,63.9278,0,0
2026-03-30,111.9456,111.9456,108.3286,108.3286,115.0172,70.0322,0,0
2026-03-31,108.3286,108.3286,96.0536,96.0536,115.0172,70.0322,0,0
2026-04-01,96.0536,96.0536,90.1939,90.1939,115.0172,70.0322,0,0
2026-04-02,90.1939,90.1939,84.4145,84.4145,115.0172,70.0322,0,0
2026-04-06,81.7778,81.7778,81.6779,81.6779,115.0172,74.53,0,0
2026-04-07,81.6779,83.1452,81.6779,83.1452,115.0172,74.53,0,0
2026-04-08,83.1452,83.1452,78.7357,78.7357,115.0172,76.3332,0,0
2026-04-09,78.7357,78.7357,74.0129,74.0129,115.0172,76.3332,0,0
2026-04-10,74.0129,74.0129,72.1541,72.1541,115.0172,74.0129,0,0
2026-04-13,72.1541,74.4185,72.1541,74.4185,115.0172,72.1541,0,0
2026-04-14,74.4185,74.4185,74.3509,74.3509,115.0172,72.1541,0,0
2026-04-15,74.3509,74.3509,67.941,67.941,115.0172,72.1541,0,0
2026-04-16,67.941,67.941,65.893,65.893,115.0172,67.941,0,0
2026-04-17,65.893,65.893,65.6953,65.6953,115.0172,65.893,0,0
2026-04-20,65.6953,67.9035,65.6953,67.9035,115.0172,65.6953,0,0
2026-04-21,67.9035,70.7772,67.9035,70.7772,115.0172,65.6953,0,0
2026-04-22,70.7772,70.7772,69.8789,69.8789,115.0172,65.6953,0,0
2026-04-23,69.8789,69.8789,67.6962,67.6962,115.0172,65.6953,0,0
2026-04-24,67.6962,67.6962,66.9665,66.9665,115.0172,65.6953,0,0
2026-04-27,66.9665,68.4218,66.9665,68.4218,115.0172,65.6953,0,0
2026-04-28,68.4218,68.6787,68.4218,68.6787,111.9456,65.6953,0,0
2026-04-29,68.6787,74.3273,68.6787,74.3273,108.3286,65.6953,0,0
2026-04-30,74.3273,74.3273,72.0683,72.0683,96.0536,65.6953,0,0
2026-05-01,72.0683,72.0683,70.4133,70.4133,90.1939,65.6953,0,0
2026-05-04,70.4133,77.863,70.4133,77.863,83.1452,65.6953,0,0
2026-05-05,77.863,77.863,76.7767,76.7767,83.1452,65.6953,0,0
2026-05-06,76.7767,76.7767,70.6343,70.6343,83.1452,65.6953,0,0
2026-05-07,70.6343,72.2378,70.6343,72.2378,78.7357,65.6953,0,0
2026-05-08,72.2378,72.2378,67.2527,67.2527,77.863,65.6953,0,0
2026-05-11,67.2527,70.735,67.2527,70.735,77.863,65.6953,0,0
2026-05-12,70.735,71.6779,70.735,71.6779,77.863,65.6953,0,0
2026-05-13,71.6779,71.6779,70.236,70.236,77.863,65.6953,0,0
2026-05-14,70.236,70.236,69.6277,69.6277,77.863,65.6953,0,0
2026-05-15,69.6277,79.8711,69.6277,79.8711,77.863,65.6953,0,0
2026-05-18,79.8711,86.0733,79.8711,86.0733,79.8711,65.6953,0,0
2026-05-19,86.0733,86.0733,85.3218,85.3218,86.0733,66.9665,0,0
2026-05-20,85.3218,85.3218,81.5348,81.5348,86.0733,66.9665,0,0
2026-05-21,81.5348,81.5348,79.7179,79.7179,86.0733,66.9665,0,0
2026-05-22,79.7179,79.7179,78.4304,78.4304,86.0733,66.9665,0,0
2026-05-26,78.4304,78.4304,74.9506,74.9506,86.0733,66.9665,0,0
2026-05-27,74.9506,74.9506,70.8964,70.8964,86.0733,67.2527,0,0
2026-05-28,70.8964,70.8964,69.7379,69.7379,86.0733,67.2527,0,0
2026-05-29,69.7379,70.2228,69.7379,70.2228,86.0733,67.2527,0,0
2026-06-01,70.2228,73.3327,70.2228,73.3327,86.0733,67.2527,0,0
2026-06-02,73.3327,73.4328,73.3327,73.4328,86.0733,67.2527,0,0
2026-06-03,73.4328,73.5773,73.4328,73.5773,86.0733,67.2527,0,0
2026-06-04,73.5773,73.5773,71.1647,71.1647,86.0733,67.2527,0,0
2026-06-05,71.1647,75.1985,71.1647,75.1985,86.0733,67.2527,0,0
2026-06-08,75.1985,76.9802,75.1985,76.9802,86.0733,67.2527,0,0
2026-06-09,76.9802,77.0328,76.9802,77.0328,86.0733,67.2527,0,0
2026-06-10,77.0328,77.0328,73.9463,73.9463,86.0733,69.6277,0,0
2026-06-11,73.9463,73.9463,69.4452,69.4452,86.0733,69.6277,0,0
2026-06-12,69.4452,69.4452,69.3565,69.3565,86.0733,69.4452,0,0
2026-06-15,69.3565,69.3774,69.3565,69.3774,86.0733,69.3565,0,0
2026-06-16,69.3774,69.3774,67.2765,67.2765,86.0733,69.3565,0,0
2026-06-17,67.2765,70.6619,67.2765,70.6619,86.0733,67.2765,0,0
2026-06-18,70.6619,70.6619,65.3851,65.3851,85.3218,67.2765,0,0
2026-06-22,65.3851,70.015,65.3851,70.015,81.5348,65.3851,0,0
2026-06-23,70.015,70.015,68.7798,68.7798,79.7179,65.3851,0,0
2026-06-24,68.7798,69.0627,68.7798,69.0627,78.4304,65.3851,0,0
2026-06-25,69.0627,69.0627,67.103,67.103,77.0328,65.3851,0,0
2026-06-26,67.103,67.103,66.787,66.787,77.0328,65.3851,0,0
2026-06-29,66.787,68.1411,66.787,68.1411,77.0328,65.3851,0,0
2026-06-30,68.1411,71.9589,68.1411,71.9589,77.0328,65.3851,0,0
2026-07-01,71.9589,71.9589,68.5617,68.5617,77.0328,65.3851,0,0
2026-07-02,68.5617,68.5617,65.3975,65.3975,77.0328,65.3851,0,0
2026-07-06,65.3975,65.7632,65.3975,65.7632,77.0328,65.3851,0,0
2026-07-07,65.7632,70.2506,65.7632,70.2506,77.0328,65.3851,0,0
2026-07-08,70.2506,72.4093,70.2506,72.4093,77.0328,65.3851,0,0
2026-07-09,72.4093,72.4093,68.8935,68.8935,77.0328,65.3851,0,0
2026-07-10,68.8935,69.5493,68.8935,69.5493,77.0328,65.3851,0,0
2026-07-13,69.5493,77.7746,69.5493,77.7746,73.9463,65.3851,0,0
2026-07-14,77.7746,77.7746,75.0326,75.0326,77.7746,65.3851,0,0
2026-07-15,75.0326,75.0326,68.478,68.478,77.7746,65.3851,0,0
2026-07-16,68.478,68.478,68.1595,68.1595,77.7746,65.3851,0,0
2026-07-17,68.1595,70.8777,68.1595,70.8777,77.7746,65.3851,0,0
2026-07-20,70.8777,72.6592,70.8777,72.6592,77.7746,65.3851,0,0
2026-07-21,72.6592,74.6707,72.6592,74.6707,77.7746,65.3851,0,0
2026-07-22,74.6707,76.305,74.6707,76.305,77.7746,65.3975,0,0
2026-07-23,76.305,80.0783,76.305,80.0783,77.7746,65.3975,0,0
2026-07-24,80.0783,80.0783,76.8175,76.8175,80.0783,65.3975,0,0
2026-07-27,76.8175,77.2128,76.8175,77.2128,80.0783,65.3975,0,0
2026-07-28,77.2128,77.2128,76.0938,76.0938,80.0783,65.3975,0,0
2026-07-29,76.0938,76.0938,74.181,74.181,80.0783,65.3975,0,0
2026-07-30,74.181,77.0933,74.181,77.0933,80.0783,65.3975,0,0
2026-07-31,77.0933,83.0244,77.0933,83.0244,80.0783,65.3975,0,0
2026-08-03,83.0244,83.0244,80.4839,80.4839,83.0244,65.3975,0,0
2026-08-04,80.4839,80.4839,77.5565,77.5565,83.0244,65.7632,0,0
2026-08-05,77.5565,77.5565,73.5809,73.5809,83.0244,68.1595,0,0
2026-08-06,73.5809,76.1169,73.5809,76.1169,83.0244,68.1595,0,0
2026-08-07,76.1169,76.1169,72.0302,72.0302,83.0244,68.1595,0,0
2026-08-10,72.0302,75.4556,72.0302,75.4556,83.0244,68.1595,0,0
2026-08-11,75.4556,77.9153,75.4556,77.9153,83.0244,68.1595,0,0
2026-08-12,77.9153,77.9153,72.0887,72.0887,83.0244,68.1595,0,0
2026-08-13,72.0887,72.0887,69.2283,69.2283,83.0244,68.1595,0,0
2026-08-14,69.2283,69.5796,69.2283,69.5796,83.0244,68.1595,0,0
2026-08-17,69.5796,75.6302,69.5796,75.6302,83.0244,69.2283,0,0
2026-08-18,75.6302,75.6302,74.9787,74.9787,83.0244,69.2283,0,0
2026-08-19,74.9787,74.9787,71.2614,71.2614,83.0244,69.2283,0,0
2026-08-20,71.2614,73.177,71.2614,73.177,83.0244,69.2283,0,0
2026-08-21,73.177,73.3988,73.177,73.3988,83.0244,69.2283,0,0
2026-08-24,73.3988,73.9751,73.3988,73.9751,83.0244,69.2283,0,0
2026-08-25,73.9751,73.9751,71.9192,71.9192,83.0244,69.2283,0,0
2026-08-26,71.9192,71.9192,69.4375,69.4375,83.0244,69.2283,0,0
2026-08-27,69.4375,69.8588,69.4375,69.8588,83.0244,69.2283,0,0
2026-08-28,69.8588,70.9655,69.8588,70.9655,83.0244,69.2283,0,0
2026-08-31,70.9655,75.3193,70.9655,75.3193,83.0244,69.2283,0,0
2026-09-01,75.3193,77.8754,75.3193,77.8754,80.4839,69.2283,0,0
2026-09-02,77.8754,79.7133,77.8754,79.7133,77.9153,69.2283,0,0
2026-09-03,79.7133,79.7133,74.6812,74.6812,79.7133,69.2283,0,0
2026-09-04,74.6812,74.6812,73.1045,73.1045,79.7133,69.2283,0,0
2026-09-08,73.1045,76.1433,73.1045,76.1433,79.7133,69.2283,0,0
2026-09-09,76.1433,76.7413,76.1433,76.7413,79.7133,69.2283,0,0
2026-09-10,76.7413,82.0946,76.7413,82.0946,79.7133,69.2283,0,0
2026-09-11,82.0946,82.2068,82.0946,82.2068,82.0946,69.2283,0,0
2026-09-14,82.2068,83.9023,82.2068,83.9023,82.2068,69.2283,0,0
2026-09-15,83.9023,83.9023,83.7087,83.7087,83.9023,69.4375,0,0
2026-09-16,83.7087,83.7087,80.7276,80.7276,83.9023,69.4375,0,0
2026-09-17,80.7276,80.7276,76.2178,76.2178,83.9023,69.4375,0,0
2026-09-18,76.2178,80.635,76.2178,80.635,83.9023,69.4375,0,0
2026-09-21,80.635,81.1974,80.635,81.1974,83.9023,69.4375,0,0
2026-09-22,81.1974,81.1974,78.5609,78.5609,83.9023,69.4375,0,0
2026-09-23,78.5609,95.4527,78.5609,95.4527,83.9023,69.4375,0,0
2026-09-24,95.4527,104.5805,95.4527,104.5805,95.4527,69.4375,0,0
2026-09-25,104.5805,104.5805,96.0025,96.0025,104.5805,69.4375,0,0