time,open,high,low,close,Prior DC20 upper,Prior DC20 lower,Long signal,Short signal
1993-11-01,-36,-36,-36,-36,,,0,0
1993-11-02,214,214,214,214,,,0,0
1993-11-03,-933,-933,-933,-933,,,0,0
1993-11-04,-1070,-1070,-1070,-1070,,,0,0
1993-11-05,-138,-138,-138,-138,,,0,0
1993-11-08,239,239,239,239,,,0,0
1993-11-09,254,254,254,254,,,0,0
1993-11-10,324,324,324,324,,,0,0
1993-11-11,219,219,219,219,,,0,0
1993-11-12,33,33,33,33,,,0,0
1993-11-15,-430,-430,-430,-430,,,0,0
1993-11-16,-475,-475,-475,-475,,,0,0
1993-11-17,-578,-578,-578,-578,,,0,0
1993-11-18,-562,-562,-562,-562,,,0,0
1993-11-19,-515,-515,-515,-515,,,0,0
1993-11-22,-1443,-1443,-1443,-1443,,,0,0
1993-11-23,428,428,428,428,,,0,0
1993-11-24,451,451,451,451,,,0,0
1993-11-26,106,106,106,106,,,0,0
1993-11-29,-227,-227,-227,-227,,,0,0
1993-11-30,117,117,117,117,451,-1443,0,0
1993-12-01,448,448,448,448,451,-1443,0,0
1993-12-02,-23,-23,-23,-23,451,-1443,0,0
1993-12-03,235,235,235,235,451,-1443,0,0
1993-12-06,-119,-119,-119,-119,451,-1443,0,0
1993-12-07,-183,-183,-183,-183,451,-1443,0,0
1993-12-08,18,18,18,18,451,-1443,0,0
1993-12-09,-296,-296,-296,-296,451,-1443,0,0
1993-12-10,42,42,42,42,451,-1443,0,0
1993-12-13,-437,-437,-437,-437,451,-1443,0,0
1993-12-14,-822,-822,-822,-822,451,-1443,0,0
1993-12-15,-12,-12,-12,-12,451,-1443,0,0
1993-12-16,153,153,153,153,451,-1443,0,0
1993-12-17,117,117,117,117,451,-1443,0,0
1993-12-20,-188,-188,-188,-188,451,-1443,0,0
1993-12-21,-478,-478,-478,-478,451,-1443,0,0
1993-12-22,-149,-149,-149,-149,451,-822,0,0
1993-12-23,205,205,205,205,451,-822,0,0
1993-12-27,179,179,179,179,448,-822,0,0
1993-12-28,106,106,106,106,448,-822,0,0
1993-12-29,456,456,456,456,448,-822,0,0
1993-12-30,156,156,156,156,456,-822,0,0
1993-12-31,1060,1060,1060,1060,456,-822,0,0
1994-01-03,-214,-214,-214,-214,1060,-822,0,0
1994-01-04,353,353,353,353,1060,-822,0,0
1994-01-05,302,302,302,302,1060,-822,0,0
1994-01-06,204,204,204,204,1060,-822,0,0
1994-01-07,268,268,268,268,1060,-822,0,0
1994-01-10,58,58,58,58,1060,-822,0,0
1994-01-11,-39,-39,-39,-39,1060,-822,0,0
1994-01-12,71,71,71,71,1060,-822,0,0
1994-01-13,181,181,181,181,1060,-478,0,0
1994-01-14,358,358,358,358,1060,-478,0,0
1994-01-17,-38,-38,-38,-38,1060,-478,0,0
1994-01-18,-26,-26,-26,-26,1060,-478,0,0
1994-01-19,-65,-65,-65,-65,1060,-478,0,0
1994-01-20,61,61,61,61,1060,-214,0,0
1994-01-21,307,307,307,307,1060,-214,0,0
1994-01-24,-346,-346,-346,-346,1060,-214,0,0
1994-01-25,-311,-311,-311,-311,1060,-346,0,0
1994-01-26,381,381,381,381,1060,-346,0,0
1994-01-27,174,174,174,174,1060,-346,0,0
1994-01-28,264,264,264,264,1060,-346,0,0
1994-01-31,509,509,509,509,381,-346,0,0
1994-02-01,-207,-207,-207,-207,509,-346,0,0
1994-02-02,47,47,47,47,509,-346,0,0
1994-02-03,-159,-159,-159,-159,509,-346,0,0
1994-02-04,-1636,-1636,-1636,-1636,509,-346,0,0
1994-02-07,-305,-305,-305,-305,509,-1636,0,0
1994-02-08,239,239,239,239,509,-1636,0,0
1994-02-09,405,405,405,405,509,-1636,0,0
1994-02-10,-259,-259,-259,-259,509,-1636,0,0
1994-02-11,-410,-410,-410,-410,509,-1636,0,0
1994-02-14,163,163,163,163,509,-1636,0,0
1994-02-15,205,205,205,205,509,-1636,0,0
1994-02-16,383,383,383,383,509,-1636,0,0
1994-02-17,-236,-236,-236,-236,509,-1636,0,0
1994-02-18,-277,-277,-277,-277,509,-1636,0,0
1994-02-22,-195,-195,-195,-195,509,-1636,0,0
1994-02-23,-121,-121,-121,-121,509,-1636,0,0
1994-02-24,-958,-958,-958,-958,509,-1636,0,0
1994-02-25,219,219,219,219,509,-1636,0,0
1994-02-28,922,922,922,922,509,-1636,0,0
1994-03-01,-614,-614,-614,-614,922,-1636,0,0
1994-03-02,-989,-989,-989,-989,922,-1636,0,0
1994-03-03,34,34,34,34,922,-1636,0,0
1994-03-04,420,420,420,420,922,-1636,0,0
1994-03-07,223,223,223,223,922,-1636,0,0
1994-03-08,-135,-135,-135,-135,922,-989,0,0
1994-03-09,74,74,74,74,922,-989,0,0
1994-03-10,-323,-323,-323,-323,922,-989,0,0
1994-03-11,140,140,140,140,922,-989,0,0
1994-03-14,118,118,118,118,922,-989,0,0
1994-03-15,144,144,144,144,922,-989,0,0
1994-03-16,354,354,354,354,922,-989,0,0
1994-03-17,340,340,340,340,922,-989,0,0
1994-03-18,103,103,103,103,922,-989,0,0
1994-03-21,-617,-617,-617,-617,922,-989,0,0
1994-03-22,-48,-48,-48,-48,922,-989,0,0
1994-03-23,142,142,142,142,922,-989,0,0
1994-03-24,-948,-948,-948,-948,922,-989,0,0
1994-03-25,152,152,152,152,922,-989,0,0
1994-03-28,-1275,-1275,-1275,-1275,922,-989,0,0
1994-03-29,-1435,-1435,-1435,-1435,420,-1275,0,0
1994-03-30,-1503,-1503,-1503,-1503,420,-1435,0,0
1994-03-31,-701,-701,-701,-701,420,-1503,0,0
1994-04-04,-1963,-1963,-1963,-1963,420,-1503,0,0
1994-04-05,1630,1630,1630,1630,354,-1963,0,0
1994-04-06,138,138,138,138,1630,-1963,0,0
1994-04-07,360,360,360,360,1630,-1963,0,0
1994-04-08,-362,-362,-362,-362,1630,-1963,0,0
1994-04-11,-167,-167,-167,-167,1630,-1963,0,0
1994-04-12,-469,-469,-469,-469,1630,-1963,0,0
1994-04-13,-957,-957,-957,-957,1630,-1963,0,0
1994-04-14,-28,-28,-28,-28,1630,-1963,0,0
1994-04-15,-69,-69,-69,-69,1630,-1963,0,0
1994-04-18,-736,-736,-736,-736,1630,-1963,0,0
1994-04-19,-857,-857,-857,-857,1630,-1963,0,0
1994-04-20,-896,-896,-896,-896,1630,-1963,0,0
1994-04-21,625,625,625,625,1630,-1963,0,0
1994-04-22,301,301,301,301,1630,-1963,0,0
1994-04-25,363,363,363,363,1630,-1963,0,0
1994-04-26,340,340,340,340,1630,-1963,0,0
1994-04-28,54,54,54,54,1630,-1963,0,0
1994-04-29,296,296,296,296,1630,-1963,0,0
1994-05-02,256,256,256,256,1630,-1963,0,0
1994-05-03,54,54,54,54,1630,-1963,0,0
1994-05-04,89,89,89,89,1630,-957,0,0
1994-05-05,81,81,81,81,625,-957,0,0
1994-05-06,-864,-864,-864,-864,625,-957,0,0
1994-05-09,-813,-813,-813,-813,625,-957,0,0
1994-05-10,123,123,123,123,625,-957,0,0
1994-05-11,-686,-686,-686,-686,625,-957,0,0
1994-05-12,147,147,147,147,625,-957,0,0
1994-05-13,-140,-140,-140,-140,625,-896,0,0
1994-05-16,-497,-497,-497,-497,625,-896,0,0
1994-05-17,-231,-231,-231,-231,625,-896,0,0
1994-05-18,444,444,444,444,625,-896,0,0
1994-05-19,451,451,451,451,625,-896,0,0
1994-05-20,60,60,60,60,625,-864,0,0
1994-05-23,-249,-249,-249,-249,451,-864,0,0
1994-05-24,105,105,105,105,451,-864,0,0
1994-05-25,29,29,29,29,451,-864,0,0
1994-05-26,102,102,102,102,451,-864,0,0
1994-05-27,236,236,236,236,451,-864,0,0
1994-05-31,129,129,129,129,451,-864,0,0
1994-06-01,-167,-167,-167,-167,451,-864,0,0
1994-06-02,399,399,399,399,451,-864,0,0
1994-06-03,203,203,203,203,451,-864,0,0
1994-06-06,191,191,191,191,451,-864,0,0
1994-06-07,-409,-409,-409,-409,451,-813,0,0
1994-06-08,-312,-312,-312,-312,451,-686,0,0
1994-06-09,-11,-11,-11,-11,451,-686,0,0
1994-06-10,364,364,364,364,451,-497,0,0
1994-06-13,-108,-108,-108,-108,451,-497,0,0
1994-06-14,54,54,54,54,451,-497,0,0
1994-06-15,58,58,58,58,451,-409,0,0
1994-06-16,-162,-162,-162,-162,451,-409,0,0
1994-06-17,-174,-174,-174,-174,451,-409,0,0
1994-06-20,-1187,-1187,-1187,-1187,399,-409,0,0
1994-06-21,-1046,-1046,-1046,-1046,399,-1187,0,0
1994-06-22,298,298,298,298,399,-1187,0,0
1994-06-23,-811,-811,-811,-811,399,-1187,0,0
1994-06-24,-983,-983,-983,-983,399,-1187,0,0
1994-06-27,-38,-38,-38,-38,399,-1187,0,0
1994-06-28,-414,-414,-414,-414,399,-1187,0,0
1994-06-29,81,81,81,81,399,-1187,0,0
1994-06-30,803,803,803,803,399,-1187,0,0
1994-07-01,4,4,4,4,803,-1187,0,0
1994-07-05,-413,-413,-413,-413,803,-1187,0,0
1994-07-06,-178,-178,-178,-178,803,-1187,0,0
1994-07-07,221,221,221,221,803,-1187,0,0
1994-07-08,48,48,48,48,803,-1187,0,0
1994-07-11,-193,-193,-193,-193,803,-1187,0,0
1994-07-12,128,128,128,128,803,-1187,0,0
1994-07-13,402,402,402,402,803,-1187,0,0
1994-07-14,484,484,484,484,803,-1187,0,0
1994-07-15,333,333,333,333,803,-1187,0,0
1994-07-18,-78,-78,-78,-78,803,-1187,0,0
1994-07-19,-99,-99,-99,-99,803,-1187,0,0
1994-07-20,-451,-451,-451,-451,803,-1046,0,0
1994-07-21,20,20,20,20,803,-983,0,0
1994-07-22,-35,-35,-35,-35,803,-983,0,0
1994-07-25,-144,-144,-144,-144,803,-983,0,0
1994-07-26,-96,-96,-96,-96,803,-451,0,0
1994-07-27,-192,-192,-192,-192,803,-451,0,0
1994-07-28,-59,-59,-59,-59,803,-451,0,0
1994-07-29,703,703,703,703,803,-451,0,0
1994-08-01,46,46,46,46,703,-451,0,0
1994-08-02,-27,-27,-27,-27,703,-451,0,0
1994-08-03,-11,-11,-11,-11,703,-451,0,0
1994-08-04,-287,-287,-287,-287,703,-451,0,0
1994-08-05,-263,-263,-263,-263,703,-451,0,0
1994-08-08,33,33,33,33,703,-451,0,0
1994-08-09,135,135,135,135,703,-451,0,0
1994-08-10,273,273,273,273,703,-451,0,0
1994-08-11,-174,-174,-174,-174,703,-451,0,0
1994-08-12,433,433,433,433,703,-451,0,0
1994-08-15,54,54,54,54,703,-451,0,0
1994-08-16,-26,-26,-26,-26,703,-451,0,0
1994-08-17,404,404,404,404,703,-451,0,0
1994-08-18,-31,-31,-31,-31,703,-287,0,0
1994-08-19,189,189,189,189,703,-287,0,0
1994-08-22,-26,-26,-26,-26,703,-287,0,0
1994-08-23,411,411,411,411,703,-287,0,0
1994-08-24,328,328,328,328,703,-287,0,0
1994-08-25,133,133,133,133,703,-287,0,0
1994-08-26,499,499,499,499,703,-287,0,0
1994-08-29,26,26,26,26,499,-287,0,0
1994-08-30,192,192,192,192,499,-287,0,0
1994-08-31,321,321,321,321,499,-287,0,0
1994-09-01,-489,-489,-489,-489,499,-287,0,0
1994-09-02,142,142,142,142,499,-489,0,0
1994-09-06,-264,-264,-264,-264,499,-489,0,0
1994-09-07,162,162,162,162,499,-489,0,0
1994-09-08,366,366,366,366,499,-489,0,0
1994-09-09,-327,-327,-327,-327,499,-489,0,0
1994-09-12,-302,-302,-302,-302,499,-489,0,0
1994-09-13,458,458,458,458,499,-489,0,0
1994-09-14,240,240,240,240,499,-489,0,0
1994-09-15,360,360,360,360,499,-489,0,0
1994-09-16,148,148,148,148,499,-489,0,0
1994-09-19,-217,-217,-217,-217,499,-489,0,0
1994-09-20,-812,-812,-812,-812,499,-489,0,0
1994-09-21,-734,-734,-734,-734,499,-812,0,0
1994-09-22,67,67,67,67,499,-812,0,0
1994-09-23,-22,-22,-22,-22,499,-812,0,0
1994-09-26,-332,-332,-332,-332,499,-812,0,0
1994-09-27,-144,-144,-144,-144,458,-812,0,0
1994-09-28,345,345,345,345,458,-812,0,0
1994-09-29,-200,-200,-200,-200,458,-812,0,0
1994-09-30,718,718,718,718,458,-812,0,0
1994-10-03,-647,-647,-647,-647,718,-812,0,0
1994-10-04,-1111,-1111,-1111,-1111,718,-812,0,0
1994-10-05,-862,-862,-862,-862,718,-1111,0,0
1994-10-06,19,19,19,19,718,-1111,0,0
1994-10-07,377,377,377,377,718,-1111,0,0
1994-10-10,355,355,355,355,718,-1111,0,0
1994-10-11,331,331,331,331,718,-1111,0,0
1994-10-12,156,156,156,156,718,-1111,0,0
1994-10-13,130,130,130,130,718,-1111,0,0
1994-10-14,-51,-51,-51,-51,718,-1111,0,0
1994-10-17,-1,-1,-1,-1,718,-1111,0,0
1994-10-18,-293,-293,-293,-293,718,-1111,0,0
1994-10-19,269,269,269,269,718,-1111,0,0
1994-10-20,-423,-423,-423,-423,718,-1111,0,0
1994-10-21,-212,-212,-212,-212,718,-1111,0,0
1994-10-24,-584,-584,-584,-584,718,-1111,0,0
1994-10-25,-516,-516,-516,-516,718,-1111,0,0
1994-10-26,93,93,93,93,718,-1111,0,0
1994-10-27,332,332,332,332,718,-1111,0,0
1994-10-28,503,503,503,503,718,-1111,0,0
1994-10-31,170,170,170,170,503,-1111,0,0
1994-11-01,-809,-809,-809,-809,503,-1111,0,0
1994-11-02,-145,-145,-145,-145,503,-862,0,0
1994-11-03,65,65,65,65,503,-809,0,0
1994-11-04,-222,-222,-222,-222,503,-809,0,0
1994-11-07,-657,-657,-657,-657,503,-809,0,0
1994-11-08,38,38,38,38,503,-809,0,0
1994-11-09,-258,-258,-258,-258,503,-809,0,0
1994-11-10,-342,-342,-342,-342,503,-809,0,0
1994-11-11,-197,-197,-197,-197,503,-809,0,0
1994-11-14,-117,-117,-117,-117,503,-809,0,0
1994-11-15,78,78,78,78,503,-809,0,0
1994-11-16,-206,-206,-206,-206,503,-809,0,0
1994-11-17,-373,-373,-373,-373,503,-809,0,0
1994-11-18,-488,-488,-488,-488,503,-809,0,0
1994-11-21,-865,-865,-865,-865,503,-809,0,0
1994-11-22,-1491,-1491,-1491,-1491,503,-865,0,0
1994-11-23,-950,-950,-950,-950,503,-1491,0,0
1994-11-25,563,563,563,563,503,-1491,0,0
1994-11-28,-27,-27,-27,-27,563,-1491,0,0
1994-11-29,260,260,260,260,563,-1491,0,0
1994-11-30,514,514,514,514,563,-1491,0,0
1994-12-01,-1119,-1119,-1119,-1119,563,-1491,0,0
1994-12-02,242,242,242,242,563,-1491,0,0
1994-12-05,-233,-233,-233,-233,563,-1491,0,0
1994-12-06,-507,-507,-507,-507,563,-1491,0,0
1994-12-07,-839,-839,-839,-839,563,-1491,0,0
1994-12-08,-1353,-1353,-1353,-1353,563,-1491,0,0
1994-12-09,-483,-483,-483,-483,563,-1491,0,0
1994-12-12,-344,-344,-344,-344,563,-1491,0,0
1994-12-13,-55,-55,-55,-55,563,-1491,0,0
1994-12-14,418,418,418,418,563,-1491,0,0
1994-12-15,421,421,421,421,563,-1491,0,0
1994-12-16,-157,-157,-157,-157,563,-1491,0,0
1994-12-19,-220,-220,-220,-220,563,-1491,0,0
1994-12-20,90,90,90,90,563,-1491,0,0
1994-12-21,418,418,418,418,563,-1491,0,0
1994-12-22,-34,-34,-34,-34,563,-1353,0,0
1994-12-23,191,191,191,191,563,-1353,0,0
1994-12-27,13,13,13,13,514,-1353,0,0
1994-12-28,-455,-455,-455,-455,514,-1353,0,0
1994-12-29,288,288,288,288,514,-1353,0,0
1994-12-30,898,898,898,898,421,-1353,0,0
1995-01-03,-393,-393,-393,-393,898,-1353,0,0
1995-01-04,328,328,328,328,898,-1353,0,0
1995-01-05,144,144,144,144,898,-1353,0,0
1995-01-06,337,337,337,337,898,-1353,0,0
1995-01-09,159,159,159,159,898,-1353,0,0
1995-01-10,216,216,216,216,898,-483,0,0
1995-01-11,-183,-183,-183,-183,898,-455,0,0
1995-01-12,151,151,151,151,898,-455,0,0
1995-01-13,597,597,597,597,898,-455,0,0
1995-01-16,287,287,287,287,898,-455,0,0
1995-01-17,318,318,318,318,898,-455,0,0
1995-01-18,-133,-133,-133,-133,898,-455,0,0
1995-01-19,-378,-378,-378,-378,898,-455,0,0
1995-01-20,-258,-258,-258,-258,898,-455,0,0
1995-01-23,-827,-827,-827,-827,898,-455,0,0
1995-01-24,324,324,324,324,898,-827,0,0
1995-01-25,-134,-134,-134,-134,898,-827,0,0
1995-01-26,-154,-154,-154,-154,898,-827,0,0
1995-01-27,149,149,149,149,898,-827,0,0
1995-01-30,-577,-577,-577,-577,898,-827,0,0
1995-01-31,257,257,257,257,597,-827,0,0
1995-02-01,121,121,121,121,597,-827,0,0
1995-02-02,385,385,385,385,597,-827,0,0
1995-02-03,661,661,661,661,597,-827,0,0
1995-02-06,436,436,436,436,661,-827,0,0
1995-02-07,-102,-102,-102,-102,661,-827,0,0
1995-02-08,263,263,263,263,661,-827,0,0
1995-02-09,218,218,218,218,661,-827,0,0
1995-02-10,340,340,340,340,661,-827,0,0
1995-02-13,-77,-77,-77,-77,661,-827,0,0
1995-02-14,219,219,219,219,661,-827,0,0
1995-02-15,406,406,406,406,661,-827,0,0
1995-02-16,-232,-232,-232,-232,661,-827,0,0
1995-02-17,-301,-301,-301,-301,661,-827,0,0
1995-02-21,-313,-313,-313,-313,661,-827,0,0
1995-02-22,-27,-27,-27,-27,661,-577,0,0
1995-02-23,298,298,298,298,661,-577,0,0
1995-02-24,495,495,495,495,661,-577,0,0
1995-02-27,-1104,-1104,-1104,-1104,661,-577,0,0
1995-02-28,608,608,608,608,661,-1104,0,0
1995-03-01,-231,-231,-231,-231,661,-1104,0,0
1995-03-02,-61,-61,-61,-61,661,-1104,0,0
1995-03-03,280,280,280,280,661,-1104,0,0
1995-03-06,-480,-480,-480,-480,661,-1104,0,0
1995-03-07,-747,-747,-747,-747,608,-1104,0,0
1995-03-08,117,117,117,117,608,-1104,0,0
1995-03-09,-77,-77,-77,-77,608,-1104,0,0
1995-03-10,488,488,488,488,608,-1104,0,0
1995-03-13,-29,-29,-29,-29,608,-1104,0,0
1995-03-14,246,246,246,246,608,-1104,0,0
1995-03-15,117,117,117,117,608,-1104,0,0
1995-03-16,218,218,218,218,608,-1104,0,0
1995-03-17,-30,-30,-30,-30,608,-1104,0,0
1995-03-20,-54,-54,-54,-54,608,-1104,0,0
1995-03-21,-181,-181,-181,-181,608,-1104,0,0
1995-03-22,-175,-175,-175,-175,608,-1104,0,0
1995-03-23,178,178,178,178,608,-1104,0,0
1995-03-24,402,402,402,402,608,-1104,0,0
1995-03-27,49,49,49,49,608,-1104,0,0
1995-03-28,72,72,72,72,608,-747,0,0
1995-03-29,-143,-143,-143,-143,488,-747,0,0
1995-03-30,54,54,54,54,488,-747,0,0
1995-03-31,222,222,222,222,488,-747,0,0
1995-04-03,-218,-218,-218,-218,488,-747,0,0
1995-04-04,-171,-171,-171,-171,488,-747,0,0
1995-04-05,119,119,119,119,488,-218,0,0
1995-04-06,25,25,25,25,488,-218,0,0
1995-04-07,-172,-172,-172,-172,488,-218,0,0
1995-04-10,304,304,304,304,402,-218,0,0
1995-04-11,180,180,180,180,402,-218,0,0
1995-04-12,110,110,110,110,402,-218,0,0
1995-04-13,375,375,375,375,402,-218,0,0
1995-04-17,-132,-132,-132,-132,402,-218,0,0
1995-04-18,-407,-407,-407,-407,402,-218,0,0
1995-04-19,-515,-515,-515,-515,402,-407,0,0
1995-04-20,115,115,115,115,402,-515,0,0
1995-04-21,400,400,400,400,402,-515,0,0
1995-04-24,155,155,155,155,402,-515,0,0
1995-04-26,240,240,240,240,400,-515,0,0
1995-04-27,235,235,235,235,400,-515,0,0
1995-04-28,155,155,155,155,400,-515,0,0
1995-05-01,-64,-64,-64,-64,400,-515,0,0
1995-05-02,39,39,39,39,400,-515,0,0
1995-05-03,298,298,298,298,400,-515,0,0
1995-05-04,-514,-514,-514,-514,400,-515,0,0
1995-05-05,-124,-124,-124,-124,400,-515,0,0
1995-05-08,259,259,259,259,400,-515,0,0
1995-05-09,-244,-244,-244,-244,400,-515,0,0
1995-05-10,60,60,60,60,400,-515,0,0
1995-05-11,204,204,204,204,400,-515,0,0
1995-05-12,269,269,269,269,400,-515,0,0
1995-05-15,199,199,199,199,400,-515,0,0
1995-05-16,129,129,129,129,400,-515,0,0
1995-05-17,118,118,118,118,400,-515,0,0
1995-05-18,-596,-596,-596,-596,400,-515,0,0
1995-05-19,-189,-189,-189,-189,400,-596,0,0
1995-05-22,254,254,254,254,400,-596,0,0
1995-05-23,239,239,239,239,298,-596,0,0
1995-05-24,35,35,35,35,298,-596,0,0
1995-05-25,-178,-178,-178,-178,298,-596,0,0
1995-05-26,-238,-238,-238,-238,298,-596,0,0
1995-05-30,-526,-526,-526,-526,298,-596,0,0
1995-05-31,320,320,320,320,298,-596,0,0
1995-06-01,185,185,185,185,320,-596,0,0
1995-06-02,174,174,174,174,320,-596,0,0
1995-06-05,666,666,666,666,320,-596,0,0
1995-06-06,-18,-18,-18,-18,666,-596,0,0
1995-06-07,142,142,142,142,666,-596,0,0
1995-06-08,209,209,209,209,666,-596,0,0
1995-06-09,-263,-263,-263,-263,666,-596,0,0
1995-06-12,243,243,243,243,666,-596,0,0
1995-06-13,470,470,470,470,666,-596,0,0
1995-06-14,71,71,71,71,666,-596,0,0
1995-06-15,423,423,423,423,666,-596,0,0
1995-06-16,294,294,294,294,666,-596,0,0
1995-06-19,332,332,332,332,666,-526,0,0
1995-06-20,114,114,114,114,666,-526,0,0
1995-06-21,191,191,191,191,666,-526,0,0
1995-06-22,454,454,454,454,666,-526,0,0
1995-06-23,-128,-128,-128,-128,666,-526,0,0
1995-06-26,-856,-856,-856,-856,666,-526,0,0
1995-06-27,-186,-186,-186,-186,666,-856,0,0
1995-06-28,-66,-66,-66,-66,666,-856,0,0
1995-06-29,138,138,138,138,666,-856,0,0
1995-06-30,949,949,949,949,666,-856,0,0
1995-07-03,32,32,32,32,949,-856,0,0
1995-07-05,286,286,286,286,949,-856,0,0
1995-07-06,418,418,418,418,949,-856,0,0
1995-07-07,863,863,863,863,949,-856,0,0
1995-07-10,336,336,336,336,949,-856,0,0
1995-07-11,-110,-110,-110,-110,949,-856,0,0
1995-07-12,749,749,749,749,949,-856,0,0
1995-07-13,240,240,240,240,949,-856,0,0
1995-07-14,243,243,243,243,949,-856,0,0
1995-07-17,113,113,113,113,949,-856,0,0
1995-07-18,-793,-793,-793,-793,949,-856,0,0
1995-07-19,-1927,-1927,-1927,-1927,949,-856,0,0
1995-07-20,689,689,689,689,949,-1927,0,0
1995-07-21,412,412,412,412,949,-1927,0,0
1995-07-24,681,681,681,681,949,-1927,0,0
1995-07-25,528,528,528,528,949,-1927,0,0
1995-07-26,343,343,343,343,949,-1927,0,0
1995-07-27,448,448,448,448,949,-1927,0,0
1995-07-28,188,188,188,188,949,-1927,0,0
1995-07-31,158,158,158,158,949,-1927,0,0
1995-08-01,-571,-571,-571,-571,863,-1927,0,0
1995-08-02,-149,-149,-149,-149,863,-1927,0,0
1995-08-03,-259,-259,-259,-259,863,-1927,0,0
1995-08-04,315,315,315,315,863,-1927,0,0
1995-08-07,328,328,328,328,749,-1927,0,0
1995-08-08,-88,-88,-88,-88,749,-1927,0,0
1995-08-09,381,381,381,381,749,-1927,0,0
1995-08-10,-248,-248,-248,-248,689,-1927,0,0
1995-08-11,-109,-109,-109,-109,689,-1927,0,0
1995-08-14,249,249,249,249,689,-1927,0,0
1995-08-15,-60,-60,-60,-60,689,-1927,0,0
1995-08-16,435,435,435,435,689,-1927,0,0
1995-08-17,350,350,350,350,689,-571,0,0
1995-08-18,297,297,297,297,681,-571,0,0
1995-08-21,192,192,192,192,681,-571,0,0
1995-08-22,-343,-343,-343,-343,528,-571,0,0
1995-08-23,116,116,116,116,448,-571,0,0
1995-08-24,-262,-262,-262,-262,448,-571,0,0
1995-08-25,240,240,240,240,435,-571,0,0
1995-08-28,-364,-364,-364,-364,435,-571,0,0
1995-08-29,-677,-677,-677,-677,435,-571,0,0
1995-08-30,694,694,694,694,435,-677,0,0
1995-08-31,607,607,607,607,694,-677,0,0
1995-09-01,215,215,215,215,694,-677,0,0
1995-09-05,233,233,233,233,694,-677,0,0
1995-09-06,519,519,519,519,694,-677,0,0
1995-09-07,415,415,415,415,694,-677,0,0
1995-09-08,679,679,679,679,694,-677,0,0
1995-09-11,99,99,99,99,694,-677,0,0
1995-09-12,153,153,153,153,694,-677,0,0
1995-09-13,198,198,198,198,694,-677,0,0
1995-09-14,358,358,358,358,694,-677,0,0
1995-09-15,-720,-720,-720,-720,694,-677,0,0
1995-09-18,-569,-569,-569,-569,694,-720,0,0
1995-09-19,106,106,106,106,694,-720,0,0
1995-09-20,292,292,292,292,694,-720,0,0
1995-09-21,-403,-403,-403,-403,694,-720,0,0
1995-09-22,-520,-520,-520,-520,694,-720,0,0
1995-09-25,-634,-634,-634,-634,694,-720,0,0
1995-09-26,-422,-422,-422,-422,694,-720,0,0
1995-09-27,-1435,-1435,-1435,-1435,694,-720,0,0
1995-09-28,760,760,760,760,694,-1435,0,0
1995-09-29,695,695,695,695,760,-1435,0,0
1995-10-02,-1110,-1110,-1110,-1110,760,-1435,0,0
1995-10-03,-980,-980,-980,-980,760,-1435,0,0
1995-10-04,-987,-987,-987,-987,760,-1435,0,0
1995-10-05,53,53,53,53,760,-1435,0,0
1995-10-06,175,175,175,175,760,-1435,0,0
1995-10-09,-1544,-1544,-1544,-1544,760,-1435,0,0
1995-10-10,-1053,-1053,-1053,-1053,760,-1544,0,0
1995-10-11,893,893,893,893,760,-1544,0,0
1995-10-12,703,703,703,703,893,-1544,0,0
1995-10-13,599,599,599,599,893,-1544,0,0
1995-10-16,-35,-35,-35,-35,893,-1544,0,0
1995-10-17,138,138,138,138,893,-1544,0,0
1995-10-18,263,263,263,263,893,-1544,0,0
1995-10-19,-127,-127,-127,-127,893,-1544,0,0
1995-10-20,69,69,69,69,893,-1544,0,0
1995-10-23,-747,-747,-747,-747,893,-1544,0,0
1995-10-24,-79,-79,-79,-79,893,-1544,0,0
1995-10-25,-962,-962,-962,-962,893,-1544,0,0
1995-10-26,-1047,-1047,-1047,-1047,893,-1544,0,0
1995-10-27,-205,-205,-205,-205,893,-1544,0,0
1995-10-30,120,120,120,120,893,-1544,0,0
1995-10-31,-23,-23,-23,-23,893,-1544,0,0
1995-11-01,66,66,66,66,893,-1544,0,0
1995-11-02,547,547,547,547,893,-1544,0,0
1995-11-03,428,428,428,428,893,-1544,0,0
1995-11-06,-101,-101,-101,-101,893,-1544,0,0
1995-11-07,-570,-570,-570,-570,893,-1053,0,0
1995-11-08,273,273,273,273,893,-1047,0,0
1995-11-09,331,331,331,331,703,-1047,0,0
1995-11-10,24,24,24,24,599,-1047,0,0
1995-11-13,-448,-448,-448,-448,547,-1047,0,0
1995-11-14,-825,-825,-825,-825,547,-1047,0,0
1995-11-15,-181,-181,-181,-181,547,-1047,0,0
1995-11-16,244,244,244,244,547,-1047,0,0
1995-11-17,120,120,120,120,547,-1047,0,0
1995-11-20,-480,-480,-480,-480,547,-1047,0,0
1995-11-21,-749,-749,-749,-749,547,-1047,0,0
1995-11-22,-43,-43,-43,-43,547,-1047,0,0
1995-11-24,337,337,337,337,547,-1047,0,0
1995-11-27,-43,-43,-43,-43,547,-825,0,0
1995-11-28,160,160,160,160,547,-825,0,0
1995-11-29,370,370,370,370,547,-825,0,0
1995-11-30,629,629,629,629,547,-825,0,0
1995-12-01,21,21,21,21,629,-825,0,0
1995-12-04,348,348,348,348,629,-825,0,0
1995-12-05,-159,-159,-159,-159,629,-825,0,0
1995-12-06,-430,-430,-430,-430,629,-825,0,0
1995-12-07,-496,-496,-496,-496,629,-825,0,0
1995-12-08,226,226,226,226,629,-825,0,0
1995-12-11,-181,-181,-181,-181,629,-825,0,0
1995-12-12,-543,-543,-543,-543,629,-825,0,0
1995-12-13,324,324,324,324,629,-825,0,0
1995-12-14,-360,-360,-360,-360,629,-749,0,0
1995-12-15,-546,-546,-546,-546,629,-749,0,0
1995-12-18,-2013,-2013,-2013,-2013,629,-749,0,0
1995-12-19,343,343,343,343,629,-2013,0,0
1995-12-20,606,606,606,606,629,-2013,0,0
1995-12-21,401,401,401,401,629,-2013,0,0
1995-12-22,386,386,386,386,629,-2013,0,0
1995-12-26,-85,-85,-85,-85,629,-2013,0,0
1995-12-27,111,111,111,111,629,-2013,0,0
1995-12-28,-311,-311,-311,-311,629,-2013,0,0
1995-12-29,872,872,872,872,629,-2013,0,0
1996-01-02,390,390,390,390,872,-2013,0,0
1996-01-03,-26,-26,-26,-26,872,-2013,0,0
1996-01-04,-784,-784,-784,-784,872,-2013,0,0
1996-01-05,444,444,444,444,872,-2013,0,0
1996-01-08,-54,-54,-54,-54,872,-2013,0,0
1996-01-09,-1147,-1147,-1147,-1147,872,-2013,0,0
1996-01-10,-1172,-1172,-1172,-1172,872,-2013,0,0
1996-01-11,651,651,651,651,872,-2013,0,0
1996-01-12,-203,-203,-203,-203,872,-2013,0,0
1996-01-15,-740,-740,-740,-740,872,-2013,0,0
1996-01-16,-92,-92,-92,-92,872,-2013,0,0
1996-01-17,-2,-2,-2,-2,872,-2013,0,0
1996-01-18,322,322,322,322,872,-1172,0,0
1996-01-19,216,216,216,216,872,-1172,0,0
1996-01-22,312,312,312,312,872,-1172,0,0
1996-01-23,59,59,59,59,872,-1172,0,0
1996-01-24,433,433,433,433,872,-1172,0,0
1996-01-25,-17,-17,-17,-17,872,-1172,0,0
1996-01-26,204,204,204,204,872,-1172,0,0
1996-01-29,119,119,119,119,872,-1172,0,0
1996-01-30,348,348,348,348,651,-1172,0,0
1996-01-31,539,539,539,539,651,-1172,0,0
1996-02-01,407,407,407,407,651,-1172,0,0
1996-02-02,259,259,259,259,651,-1172,0,0
1996-02-05,182,182,182,182,651,-1172,0,0
1996-02-06,214,214,214,214,651,-1172,0,0
1996-02-07,-229,-229,-229,-229,651,-1172,0,0
1996-02-08,216,216,216,216,651,-740,0,0
1996-02-09,192,192,192,192,539,-740,0,0
1996-02-12,-150,-150,-150,-150,539,-740,0,0
1996-02-13,-589,-589,-589,-589,539,-229,0,0
1996-02-14,57,57,57,57,539,-589,0,0
1996-02-15,114,114,114,114,539,-589,0,0
1996-02-16,89,89,89,89,539,-589,0,0
1996-02-20,-949,-949,-949,-949,539,-589,0,0
1996-02-21,596,596,596,596,539,-949,0,0
1996-02-22,782,782,782,782,596,-949,0,0
1996-02-23,61,61,61,61,782,-949,0,0
1996-02-26,-299,-299,-299,-299,782,-949,0,0
1996-02-27,-292,-292,-292,-292,782,-949,0,0
1996-02-28,363,363,363,363,782,-949,0,0
1996-02-29,-315,-315,-315,-315,782,-949,0,0
1996-03-01,-192,-192,-192,-192,782,-949,0,0
1996-03-04,44,44,44,44,782,-949,0,0
1996-03-05,116,116,116,116,782,-949,0,0
1996-03-06,-48,-48,-48,-48,782,-949,0,0
1996-03-07,-48,-48,-48,-48,782,-949,0,0
1996-03-08,-2304,-2304,-2304,-2304,782,-949,0,0
1996-03-11,663,663,663,663,782,-2304,0,0
1996-03-12,-521,-521,-521,-521,782,-2304,0,0
1996-03-13,567,567,567,567,782,-2304,0,0
1996-03-14,487,487,487,487,782,-2304,0,0
1996-03-15,110,110,110,110,782,-2304,0,0
1996-03-18,549,549,549,549,782,-2304,0,0
1996-03-19,-17,-17,-17,-17,782,-2304,0,0
1996-03-20,-311,-311,-311,-311,782,-2304,0,0
1996-03-21,185,185,185,185,782,-2304,0,0
1996-03-22,173,173,173,173,663,-2304,0,0
1996-03-25,-490,-490,-490,-490,663,-2304,0,0
1996-03-26,-241,-241,-241,-241,663,-2304,0,0
1996-03-27,65,65,65,65,663,-2304,0,0
1996-03-28,-145,-145,-145,-145,663,-2304,0,0
1996-03-29,805,805,805,805,663,-2304,0,0
1996-04-01,57,57,57,57,805,-2304,0,0
1996-04-02,162,162,162,162,805,-2304,0,0
1996-04-03,328,328,328,328,805,-2304,0,0
1996-04-04,26,26,26,26,805,-2304,0,0
1996-04-08,-1477,-1477,-1477,-1477,805,-2304,0,0
1996-04-09,287,287,287,287,805,-1477,0,0
1996-04-10,-298,-298,-298,-298,805,-1477,0,0
1996-04-11,-496,-496,-496,-496,805,-1477,0,0
1996-04-12,410,410,410,410,805,-1477,0,0
1996-04-15,463,463,463,463,805,-1477,0,0
1996-04-16,273,273,273,273,805,-1477,0,0
1996-04-17,-172,-172,-172,-172,805,-1477,0,0
1996-04-18,834,834,834,834,805,-1477,0,0
1996-04-19,194,194,194,194,834,-1477,0,0
1996-04-22,600,600,600,600,834,-1477,0,0
1996-04-23,421,421,421,421,834,-1477,0,0
1996-04-24,191,191,191,191,834,-1477,0,0
1996-04-25,562,562,562,562,834,-1477,0,0
1996-04-26,467,467,467,467,834,-1477,0,0
1996-04-29,191,191,191,191,834,-1477,0,0
1996-04-30,213,213,213,213,834,-1477,0,0
1996-05-01,446,446,446,446,834,-1477,0,0
1996-05-02,-924,-924,-924,-924,834,-1477,0,0
1996-05-03,398,398,398,398,834,-1477,0,0
1996-05-06,-250,-250,-250,-250,834,-1477,0,0
1996-05-07,-541,-541,-541,-541,834,-924,0,0
1996-05-08,-560,-560,-560,-560,834,-924,0,0
1996-05-09,397,397,397,397,834,-924,0,0
1996-05-10,879,879,879,879,834,-924,0,0
1996-05-13,572,572,572,572,879,-924,0,0
1996-05-14,707,707,707,707,879,-924,0,0
1996-05-15,284,284,284,284,879,-924,0,0
1996-05-16,177,177,177,177,879,-924,0,0
1996-05-17,528,528,528,528,879,-924,0,0
1996-05-20,309,309,309,309,879,-924,0,0
1996-05-21,-105,-105,-105,-105,879,-924,0,0
1996-05-22,58,58,58,58,879,-924,0,0
1996-05-23,-89,-89,-89,-89,879,-924,0,0
1996-05-24,297,297,297,297,879,-924,0,0
1996-05-28,-771,-771,-771,-771,879,-924,0,0
1996-05-29,-587,-587,-587,-587,879,-924,0,0
1996-05-30,359,359,359,359,879,-924,0,0
1996-05-31,540,540,540,540,879,-924,0,0
1996-06-03,-507,-507,-507,-507,879,-771,0,0
1996-06-04,152,152,152,152,879,-771,0,0
1996-06-05,78,78,78,78,879,-771,0,0
1996-06-06,-670,-670,-670,-670,879,-771,0,0
1996-06-07,-1003,-1003,-1003,-1003,879,-771,0,0
1996-06-10,-213,-213,-213,-213,879,-1003,0,0
1996-06-11,-30,-30,-30,-30,707,-1003,0,0
1996-06-12,5,5,5,5,707,-1003,0,0
1996-06-13,-657,-657,-657,-657,540,-1003,0,0
1996-06-14,-451,-451,-451,-451,540,-1003,0,0
1996-06-17,-467,-467,-467,-467,540,-1003,0,0
1996-06-18,-1395,-1395,-1395,-1395,540,-1003,0,0
1996-06-19,-601,-601,-601,-601,540,-1395,0,0
1996-06-20,-1175,-1175,-1175,-1175,540,-1395,0,0
1996-06-21,134,134,134,134,540,-1395,0,0
1996-06-24,81,81,81,81,540,-1395,0,0
1996-06-25,-742,-742,-742,-742,540,-1395,0,0
1996-06-26,-1374,-1374,-1374,-1374,540,-1395,0,0
1996-06-27,-75,-75,-75,-75,540,-1395,0,0
1996-06-28,1310,1310,1310,1310,540,-1395,0,0
1996-07-01,310,310,310,310,1310,-1395,0,0
1996-07-02,-346,-346,-346,-346,1310,-1395,0,0
1996-07-03,-488,-488,-488,-488,1310,-1395,0,0
1996-07-05,-1711,-1711,-1711,-1711,1310,-1395,0,0
1996-07-08,-1194,-1194,-1194,-1194,1310,-1711,0,0
1996-07-09,61,61,61,61,1310,-1711,0,0
1996-07-10,-1282,-1282,-1282,-1282,1310,-1711,0,0
1996-07-11,-2350,-2350,-2350,-2350,1310,-1711,0,0
1996-07-12,-359,-359,-359,-359,1310,-2350,0,0
1996-07-15,-2352,-2352,-2352,-2352,1310,-2350,0,0
1996-07-16,-1576,-1576,-1576,-1576,1310,-2352,0,0
1996-07-17,1800,1800,1800,1800,1310,-2352,0,0
1996-07-18,1166,1166,1166,1166,1800,-2352,0,0
1996-07-19,-397,-397,-397,-397,1800,-2352,0,0
1996-07-22,-1337,-1337,-1337,-1337,1800,-2352,0,0
1996-07-23,-1639,-1639,-1639,-1639,1800,-2352,0,0
1996-07-24,-1912,-1912,-1912,-1912,1800,-2352,0,0
1996-07-25,1102,1102,1102,1102,1800,-2352,0,0
1996-07-26,825,825,825,825,1800,-2352,0,0
1996-07-29,-671,-671,-671,-671,1800,-2352,0,0
1996-07-30,-129,-129,-129,-129,1800,-2352,0,0
1996-07-31,650,650,650,650,1800,-2352,0,0
1996-08-01,685,685,685,685,1800,-2352,0,0
1996-08-02,1188,1188,1188,1188,1800,-2352,0,0
1996-08-05,-79,-79,-79,-79,1800,-2352,0,0
1996-08-06,121,121,121,121,1800,-2352,0,0
1996-08-07,412,412,412,412,1800,-2352,0,0
1996-08-08,-206,-206,-206,-206,1800,-2352,0,0
1996-08-09,25,25,25,25,1800,-2352,0,0
1996-08-12,-41,-41,-41,-41,1800,-2352,0,0
1996-08-13,-745,-745,-745,-745,1800,-1912,0,0
1996-08-14,377,377,377,377,1800,-1912,0,0
1996-08-15,110,110,110,110,1188,-1912,0,0
1996-08-16,389,389,389,389,1188,-1912,0,0
1996-08-19,-187,-187,-187,-187,1188,-1912,0,0
1996-08-20,-91,-91,-91,-91,1188,-1912,0,0
1996-08-21,-73,-73,-73,-73,1188,-1912,0,0
1996-08-22,669,669,669,669,1188,-745,0,0
1996-08-23,29,29,29,29,1188,-745,0,0
1996-08-26,-308,-308,-308,-308,1188,-745,0,0
1996-08-27,499,499,499,499,1188,-745,0,0
1996-08-28,333,333,333,333,1188,-745,0,0
1996-08-29,-506,-506,-506,-506,1188,-745,0,0
1996-08-30,119,119,119,119,1188,-745,0,0
1996-09-03,-813,-813,-813,-813,669,-745,0,0
1996-09-04,84,84,84,84,669,-813,0,0
1996-09-05,-875,-875,-875,-875,669,-813,0,0
1996-09-06,751,751,751,751,669,-875,0,0
1996-09-09,347,347,347,347,751,-875,0,0
1996-09-10,-163,-163,-163,-163,751,-875,0,0
1996-09-11,23,23,23,23,751,-875,0,0
1996-09-12,390,390,390,390,751,-875,0,0
1996-09-13,667,667,667,667,751,-875,0,0
1996-09-16,180,180,180,180,751,-875,0,0
1996-09-17,-86,-86,-86,-86,751,-875,0,0
1996-09-18,-120,-120,-120,-120,751,-875,0,0
1996-09-19,-39,-39,-39,-39,751,-875,0,0
1996-09-20,247,247,247,247,751,-875,0,0
1996-09-23,-410,-410,-410,-410,751,-875,0,0
1996-09-24,10,10,10,10,751,-875,0,0
1996-09-25,169,169,169,169,751,-875,0,0
1996-09-26,278,278,278,278,751,-875,0,0
1996-09-27,282,282,282,282,751,-875,0,0
1996-09-30,36,36,36,36,751,-875,0,0
1996-10-01,-458,-458,-458,-458,751,-875,0,0
1996-10-02,640,640,640,640,751,-875,0,0
1996-10-03,-215,-215,-215,-215,751,-875,0,0
1996-10-04,408,408,408,408,751,-458,0,0
1996-10-07,-277,-277,-277,-277,667,-458,0,0
1996-10-08,-453,-453,-453,-453,667,-458,0,0
1996-10-09,-322,-322,-322,-322,667,-458,0,0
1996-10-10,-37,-37,-37,-37,667,-458,0,0
1996-10-11,263,263,263,263,667,-458,0,0
1996-10-14,83,83,83,83,640,-458,0,0
1996-10-15,-380,-380,-380,-380,640,-458,0,0
1996-10-16,-473,-473,-473,-473,640,-458,0,0
1996-10-17,-139,-139,-139,-139,640,-473,0,0
1996-10-18,-4,-4,-4,-4,640,-473,0,0
1996-10-21,-641,-641,-641,-641,640,-473,0,0
1996-10-22,-1158,-1158,-1158,-1158,640,-641,0,0
1996-10-23,-253,-253,-253,-253,640,-1158,0,0
1996-10-24,-68,-68,-68,-68,640,-1158,0,0
1996-10-25,-200,-200,-200,-200,640,-1158,0,0
1996-10-28,-768,-768,-768,-768,640,-1158,0,0
1996-10-29,-830,-830,-830,-830,640,-1158,0,0
1996-10-30,-233,-233,-233,-233,640,-1158,0,0
1996-10-31,527,527,527,527,408,-1158,0,0
1996-11-01,-395,-395,-395,-395,527,-1158,0,0
1996-11-04,-457,-457,-457,-457,527,-1158,0,0
1996-11-05,-121,-121,-121,-121,527,-1158,0,0
1996-11-06,615,615,615,615,527,-1158,0,0
1996-11-07,233,233,233,233,615,-1158,0,0
1996-11-08,-17,-17,-17,-17,615,-1158,0,0
1996-11-11,110,110,110,110,615,-1158,0,0
1996-11-12,-135,-135,-135,-135,615,-1158,0,0
1996-11-13,-45,-45,-45,-45,615,-1158,0,0
1996-11-14,168,168,168,168,615,-1158,0,0
1996-11-15,-102,-102,-102,-102,615,-1158,0,0
1996-11-18,-611,-611,-611,-611,615,-1158,0,0
1996-11-19,-181,-181,-181,-181,615,-1158,0,0
1996-11-20,-40,-40,-40,-40,615,-830,0,0
1996-11-21,-271,-271,-271,-271,615,-830,0,0
1996-11-22,543,543,543,543,615,-830,0,0
1996-11-25,454,454,454,454,615,-830,0,0
1996-11-26,-480,-480,-480,-480,615,-830,0,0
1996-11-27,212,212,212,212,615,-611,0,0
1996-11-29,552,552,552,552,615,-611,0,0
1996-12-02,-281,-281,-281,-281,615,-611,0,0
1996-12-03,414,414,414,414,615,-611,0,0
1996-12-04,-277,-277,-277,-277,615,-611,0,0
1996-12-05,363,363,363,363,615,-611,0,0
1996-12-06,-1439,-1439,-1439,-1439,552,-611,0,0
1996-12-09,865,865,865,865,552,-1439,0,0
1996-12-10,85,85,85,85,865,-1439,0,0
1996-12-11,-1469,-1469,-1469,-1469,865,-1439,0,0
1996-12-12,-98,-98,-98,-98,865,-1469,0,0
1996-12-13,-658,-658,-658,-658,865,-1469,0,0
1996-12-16,-888,-888,-888,-888,865,-1469,0,0
1996-12-17,-549,-549,-549,-549,865,-1469,0,0
1996-12-18,510,510,510,510,865,-1469,0,0
1996-12-19,444,444,444,444,865,-1469,0,0
1996-12-20,-280,-280,-280,-280,865,-1469,0,0
1996-12-23,-763,-763,-763,-763,865,-1469,0,0
1996-12-24,52,52,52,52,865,-1469,0,0
1996-12-26,-27,-27,-27,-27,865,-1469,0,0
1996-12-27,3,3,3,3,865,-1469,0,0
1996-12-30,-319,-319,-319,-319,865,-1469,0,0
1996-12-31,891,891,891,891,865,-1469,0,0
1997-01-02,-473,-473,-473,-473,891,-1469,0,0
1997-01-03,1181,1181,1181,1181,891,-1469,0,0
1997-01-06,358,358,358,358,1181,-1469,0,0
1997-01-07,538,538,538,538,1181,-1469,0,0
1997-01-08,323,323,323,323,1181,-1469,0,0
1997-01-09,509,509,509,509,1181,-1469,0,0
1997-01-10,-51,-51,-51,-51,1181,-1469,0,0
1997-01-13,32,32,32,32,1181,-888,0,0
1997-01-14,473,473,473,473,1181,-888,0,0
1997-01-15,-196,-196,-196,-196,1181,-888,0,0
1997-01-16,50,50,50,50,1181,-763,0,0
1997-01-17,391,391,391,391,1181,-763,0,0
1997-01-20,336,336,336,336,1181,-763,0,0
1997-01-21,165,165,165,165,1181,-763,0,0
1997-01-22,104,104,104,104,1181,-763,0,0
1997-01-23,-98,-98,-98,-98,1181,-473,0,0
1997-01-24,-841,-841,-841,-841,1181,-473,0,0
1997-01-27,-565,-565,-565,-565,1181,-841,0,0
1997-01-28,288,288,288,288,1181,-841,0,0
1997-01-29,7,7,7,7,1181,-841,0,0
1997-01-30,355,355,355,355,1181,-841,0,0
1997-01-31,348,348,348,348,1181,-841,0,0
1997-02-03,-45,-45,-45,-45,538,-841,0,0
1997-02-04,-284,-284,-284,-284,538,-841,0,0
1997-02-05,-713,-713,-713,-713,509,-841,0,0
1997-02-06,-30,-30,-30,-30,509,-841,0,0
1997-02-07,363,363,363,363,473,-841,0,0
1997-02-10,-661,-661,-661,-661,473,-841,0,0
1997-02-11,-505,-505,-505,-505,473,-841,0,0
1997-02-12,513,513,513,513,391,-841,0,0
1997-02-13,418,418,418,418,513,-841,0,0
1997-02-14,-12,-12,-12,-12,513,-841,0,0
1997-02-18,-27,-27,-27,-27,513,-841,0,0
1997-02-19,-155,-155,-155,-155,513,-841,0,0
1997-02-20,-944,-944,-944,-944,513,-841,0,0
1997-02-21,-194,-194,-194,-194,513,-944,0,0
1997-02-24,-109,-109,-109,-109,513,-944,0,0
1997-02-25,-9,-9,-9,-9,513,-944,0,0
1997-02-26,-902,-902,-902,-902,513,-944,0,0
1997-02-27,-559,-559,-559,-559,513,-944,0,0
1997-02-28,-675,-675,-675,-675,513,-944,0,0
1997-03-03,-410,-410,-410,-410,513,-944,0,0
1997-03-04,84,84,84,84,513,-944,0,0
1997-03-05,515,515,515,515,513,-944,0,0
1997-03-06,-200,-200,-200,-200,515,-944,0,0
1997-03-07,-14,-14,-14,-14,515,-944,0,0
1997-03-10,257,257,257,257,515,-944,0,0
1997-03-11,-127,-127,-127,-127,515,-944,0,0
1997-03-12,-855,-855,-855,-855,515,-944,0,0
1997-03-13,-1406,-1406,-1406,-1406,515,-944,0,0
1997-03-14,13,13,13,13,515,-1406,0,0
1997-03-17,-1002,-1002,-1002,-1002,515,-1406,0,0
1997-03-18,-871,-871,-871,-871,515,-1406,0,0
1997-03-19,-1502,-1502,-1502,-1502,515,-1406,0,0
1997-03-20,166,166,166,166,515,-1502,0,0
1997-03-21,-144,-144,-144,-144,515,-1502,0,0
1997-03-24,-919,-919,-919,-919,515,-1502,0,0
1997-03-25,49,49,49,49,515,-1502,0,0
1997-03-26,243,243,243,243,515,-1502,0,0
1997-03-27,-1091,-1091,-1091,-1091,515,-1502,0,0
1997-03-31,-1406,-1406,-1406,-1406,515,-1502,0,0
1997-04-01,-1053,-1053,-1053,-1053,515,-1502,0,0
1997-04-02,-1135,-1135,-1135,-1135,515,-1502,0,0
1997-04-03,-445,-445,-445,-445,515,-1502,0,0
1997-04-04,622,622,622,622,257,-1502,0,0
1997-04-07,651,651,651,651,622,-1502,0,0
1997-04-08,-35,-35,-35,-35,651,-1502,0,0
1997-04-09,82,82,82,82,651,-1502,0,0
1997-04-10,-388,-388,-388,-388,651,-1502,0,0
1997-04-11,-1717,-1717,-1717,-1717,651,-1502,0,0
1997-04-14,-411,-411,-411,-411,651,-1717,0,0
1997-04-15,221,221,221,221,651,-1717,0,0
1997-04-16,-252,-252,-252,-252,651,-1717,0,0
1997-04-17,40,40,40,40,651,-1717,0,0
1997-04-18,61,61,61,61,651,-1717,0,0
1997-04-21,-1067,-1067,-1067,-1067,651,-1717,0,0
1997-04-22,-327,-327,-327,-327,651,-1717,0,0
1997-04-23,-391,-391,-391,-391,651,-1717,0,0
1997-04-24,48,48,48,48,651,-1717,0,0
1997-04-25,-484,-484,-484,-484,651,-1717,0,0
1997-04-28,-298,-298,-298,-298,651,-1717,0,0
1997-04-29,777,777,777,777,651,-1717,0,0
1997-04-30,172,172,172,172,777,-1717,0,0
1997-05-01,491,491,491,491,777,-1717,0,0
1997-05-02,1345,1345,1345,1345,777,-1717,0,0
1997-05-05,1106,1106,1106,1106,1345,-1717,0,0
1997-05-06,113,113,113,113,1345,-1717,0,0
1997-05-07,-76,-76,-76,-76,1345,-1717,0,0
1997-05-08,-90,-90,-90,-90,1345,-1717,0,0
1997-05-09,719,719,719,719,1345,-1717,0,0
1997-05-12,405,405,405,405,1345,-1067,0,0
1997-05-13,-85,-85,-85,-85,1345,-1067,0,0
1997-05-14,293,293,293,293,1345,-1067,0,0
1997-05-15,168,168,168,168,1345,-1067,0,0
1997-05-16,-115,-115,-115,-115,1345,-1067,0,0
1997-05-19,30,30,30,30,1345,-1067,0,0
1997-05-20,328,328,328,328,1345,-484,0,0
1997-05-21,369,369,369,369,1345,-484,0,0
1997-05-22,135,135,135,135,1345,-484,0,0
1997-05-23,871,871,871,871,1345,-484,0,0
1997-05-27,169,169,169,169,1345,-298,0,0
1997-05-28,163,163,163,163,1345,-115,0,0
1997-05-29,132,132,132,132,1345,-115,0,0
1997-05-30,313,313,313,313,1345,-115,0,0
1997-06-02,296,296,296,296,1345,-115,0,0
1997-06-03,-116,-116,-116,-116,1106,-115,0,0
1997-06-04,167,167,167,167,871,-116,0,0
1997-06-05,577,577,577,577,871,-116,0,0
1997-06-06,637,637,637,637,871,-116,0,0
1997-06-09,61,61,61,61,871,-116,0,0
1997-06-10,-189,-189,-189,-189,871,-116,0,0
1997-06-11,-12,-12,-12,-12,871,-189,0,0
1997-06-12,219,219,219,219,871,-189,0,0
1997-06-13,89,89,89,89,871,-189,0,0
1997-06-16,123,123,123,123,871,-189,0,0
1997-06-17,-69,-69,-69,-69,871,-189,0,0
1997-06-18,-291,-291,-291,-291,871,-189,0,0
1997-06-19,590,590,590,590,871,-291,0,0
1997-06-20,97,97,97,97,871,-291,0,0
1997-06-23,-414,-414,-414,-414,871,-291,0,0
1997-06-24,599,599,599,599,637,-414,0,0
1997-06-25,-282,-282,-282,-282,637,-414,0,0
1997-06-26,-240,-240,-240,-240,637,-414,0,0
1997-06-27,485,485,485,485,637,-414,0,0
1997-06-30,643,643,643,643,637,-414,0,0
1997-07-01,-334,-334,-334,-334,643,-414,0,0
1997-07-02,111,111,111,111,643,-414,0,0
1997-07-03,408,408,408,408,643,-414,0,0
1997-07-07,-100,-100,-100,-100,643,-414,0,0
1997-07-08,368,368,368,368,643,-414,0,0
1997-07-09,-376,-376,-376,-376,643,-414,0,0
1997-07-10,315,315,315,315,643,-414,0,0
1997-07-11,843,843,843,843,643,-414,0,0
1997-07-14,223,223,223,223,843,-414,0,0
1997-07-15,596,596,596,596,843,-414,0,0
1997-07-16,398,398,398,398,843,-414,0,0
1997-07-17,-507,-507,-507,-507,843,-414,0,0
1997-07-18,-531,-531,-531,-531,843,-507,0,0
1997-07-21,-474,-474,-474,-474,843,-531,0,0
1997-07-22,513,513,513,513,843,-531,0,0
1997-07-23,120,120,120,120,843,-531,0,0
1997-07-24,63,63,63,63,843,-531,0,0
1997-07-25,140,140,140,140,843,-531,0,0
1997-07-28,34,34,34,34,843,-531,0,0
1997-07-29,-62,-62,-62,-62,843,-531,0,0
1997-07-30,402,402,402,402,843,-531,0,0
1997-07-31,268,268,268,268,843,-531,0,0
1997-08-01,-215,-215,-215,-215,843,-531,0,0
1997-08-04,77,77,77,77,843,-531,0,0
1997-08-05,464,464,464,464,843,-531,0,0
1997-08-06,580,580,580,580,843,-531,0,0
1997-08-07,-69,-69,-69,-69,843,-531,0,0
1997-08-08,-1267,-1267,-1267,-1267,843,-531,0,0
1997-08-11,-475,-475,-475,-475,596,-1267,0,0
1997-08-12,-240,-240,-240,-240,596,-1267,0,0
1997-08-13,147,147,147,147,580,-1267,0,0
1997-08-14,70,70,70,70,580,-1267,0,0
1997-08-15,-811,-811,-811,-811,580,-1267,0,0
1997-08-18,-295,-295,-295,-295,580,-1267,0,0
1997-08-19,827,827,827,827,580,-1267,0,0
1997-08-20,918,918,918,918,827,-1267,0,0
1997-08-21,-415,-415,-415,-415,918,-1267,0,0
1997-08-22,-764,-764,-764,-764,918,-1267,0,0
1997-08-25,439,439,439,439,918,-1267,0,0
1997-08-26,-26,-26,-26,-26,918,-1267,0,0
1997-08-27,456,456,456,456,918,-1267,0,0
1997-08-28,-81,-81,-81,-81,918,-1267,0,0
1997-08-29,65,65,65,65,918,-1267,0,0
1997-09-02,1204,1204,1204,1204,918,-1267,0,0
1997-09-03,91,91,91,91,1204,-1267,0,0
1997-09-04,340,340,340,340,1204,-1267,0,0
1997-09-05,719,719,719,719,1204,-1267,0,0
1997-09-08,554,554,554,554,1204,-1267,0,0
1997-09-09,400,400,400,400,1204,-811,0,0
1997-09-10,-56,-56,-56,-56,1204,-811,0,0
1997-09-11,-222,-222,-222,-222,1204,-811,0,0
1997-09-12,656,656,656,656,1204,-811,0,0
1997-09-15,99,99,99,99,1204,-811,0,0
1997-09-16,651,651,651,651,1204,-764,0,0
1997-09-17,92,92,92,92,1204,-764,0,0
1997-09-18,382,382,382,382,1204,-764,0,0
1997-09-19,340,340,340,340,1204,-764,0,0
1997-09-22,545,545,545,545,1204,-764,0,0
1997-09-23,70,70,70,70,1204,-222,0,0
1997-09-24,33,33,33,33,1204,-222,0,0
1997-09-25,-123,-123,-123,-123,1204,-222,0,0
1997-09-26,452,452,452,452,1204,-222,0,0
1997-09-29,228,228,228,228,1204,-222,0,0
1997-09-30,439,439,439,439,1204,-222,0,0
1997-10-01,62,62,62,62,719,-222,0,0
1997-10-02,357,357,357,357,719,-222,0,0
1997-10-03,661,661,661,661,719,-222,0,0
1997-10-06,439,439,439,439,661,-222,0,0
1997-10-07,328,328,328,328,661,-222,0,0
1997-10-08,-65,-65,-65,-65,661,-222,0,0
1997-10-09,102,102,102,102,661,-222,0,0
1997-10-10,173,173,173,173,661,-123,0,0
1997-10-13,210,210,210,210,661,-123,0,0
1997-10-14,-387,-387,-387,-387,661,-123,0,0
1997-10-15,-512,-512,-512,-512,661,-387,0,0
1997-10-16,-1182,-1182,-1182,-1182,661,-512,0,0
1997-10-17,-1965,-1965,-1965,-1965,661,-1182,0,0
1997-10-20,694,694,694,694,661,-1965,0,0
1997-10-21,973,973,973,973,694,-1965,0,0
1997-10-22,-13,-13,-13,-13,973,-1965,0,0
1997-10-23,-2458,-2458,-2458,-2458,973,-1965,0,0
1997-10-24,-399,-399,-399,-399,973,-2458,0,0
1997-10-27,-4062,-4062,-4062,-4062,973,-2458,0,0
1997-10-28,777,777,777,777,973,-4062,0,0
1997-10-29,1076,1076,1076,1076,973,-4062,0,0
1997-10-30,-1484,-1484,-1484,-1484,1076,-4062,0,0
1997-10-31,1309,1309,1309,1309,1076,-4062,0,0
1997-11-03,1232,1232,1232,1232,1309,-4062,0,0
1997-11-04,-259,-259,-259,-259,1309,-4062,0,0
1997-11-05,434,434,434,434,1309,-4062,0,0
1997-11-06,-545,-545,-545,-545,1309,-4062,0,0
1997-11-07,-2091,-2091,-2091,-2091,1309,-4062,0,0
1997-11-10,-165,-165,-165,-165,1309,-4062,0,0
1997-11-11,-492,-492,-492,-492,1309,-4062,0,0
1997-11-12,-2376,-2376,-2376,-2376,1309,-4062,0,0
1997-11-13,-279,-279,-279,-279,1309,-4062,0,0
1997-11-14,543,543,543,543,1309,-4062,0,0
1997-11-17,1109,1109,1109,1109,1309,-4062,0,0
1997-11-18,-750,-750,-750,-750,1309,-4062,0,0
1997-11-19,-296,-296,-296,-296,1309,-4062,0,0
1997-11-20,516,516,516,516,1309,-4062,0,0
1997-11-21,-330,-330,-330,-330,1309,-4062,0,0
1997-11-24,-1823,-1823,-1823,-1823,1309,-4062,0,0
1997-11-25,-532,-532,-532,-532,1309,-2376,0,0
1997-11-26,128,128,128,128,1309,-2376,0,0
1997-11-28,272,272,272,272,1309,-2376,0,0
1997-12-01,343,343,343,343,1309,-2376,0,0
1997-12-02,-911,-911,-911,-911,1232,-2376,0,0
1997-12-03,-273,-273,-273,-273,1109,-2376,0,0
1997-12-04,7,7,7,7,1109,-2376,0,0
1997-12-05,293,293,293,293,1109,-2376,0,0
1997-12-08,304,304,304,304,1109,-2376,0,0
1997-12-09,-1010,-1010,-1010,-1010,1109,-2376,0,0
1997-12-10,-1543,-1543,-1543,-1543,1109,-2376,0,0
1997-12-11,-2008,-2008,-2008,-2008,1109,-2376,0,0
1997-12-12,-637,-637,-637,-637,1109,-2008,0,0
1997-12-15,-769,-769,-769,-769,1109,-2008,0,0
1997-12-16,331,331,331,331,1109,-2008,0,0
1997-12-17,56,56,56,56,516,-2008,0,0
1997-12-18,-1328,-1328,-1328,-1328,516,-2008,0,0
1997-12-19,-793,-793,-793,-793,516,-2008,0,0
1997-12-22,-284,-284,-284,-284,343,-2008,0,0
1997-12-23,-463,-463,-463,-463,343,-2008,0,0
1997-12-24,-268,-268,-268,-268,343,-2008,0,0
1997-12-26,19,19,19,19,343,-2008,0,0
1997-12-29,191,191,191,191,343,-2008,0,0
1997-12-30,910,910,910,910,343,-2008,0,0
1997-12-31,985,985,985,985,910,-2008,0,0
1998-01-02,533,533,533,533,985,-2008,0,0
1998-01-05,563,563,563,563,985,-2008,0,0
1998-01-06,-608,-608,-608,-608,985,-2008,0,0
1998-01-07,-836,-836,-836,-836,985,-2008,0,0
1998-01-08,-616,-616,-616,-616,985,-2008,0,0
1998-01-09,-2386,-2386,-2386,-2386,985,-2008,0,0
1998-01-12,-1309,-1309,-1309,-1309,985,-2386,0,0
1998-01-13,1398,1398,1398,1398,985,-2386,0,0
1998-01-14,596,596,596,596,1398,-2386,0,0
1998-01-15,-167,-167,-167,-167,1398,-2386,0,0
1998-01-16,933,933,933,933,1398,-2386,0,0
1998-01-20,883,883,883,883,1398,-2386,0,0
1998-01-21,-520,-520,-520,-520,1398,-2386,0,0
1998-01-22,-825,-825,-825,-825,1398,-2386,0,0
1998-01-23,-283,-283,-283,-283,1398,-2386,0,0
1998-01-26,-937,-937,-937,-937,1398,-2386,0,0
1998-01-27,69,69,69,69,1398,-2386,0,0
1998-01-28,747,747,747,747,1398,-2386,0,0
1998-01-29,440,440,440,440,1398,-2386,0,0
1998-01-30,55,55,55,55,1398,-2386,0,0
1998-02-02,683,683,683,683,1398,-2386,0,0
1998-02-03,250,250,250,250,1398,-2386,0,0
1998-02-04,426,426,426,426,1398,-2386,0,0
1998-02-05,304,304,304,304,1398,-2386,0,0
1998-02-06,475,475,475,475,1398,-2386,0,0
1998-02-09,143,143,143,143,1398,-2386,0,0
1998-02-10,682,682,682,682,1398,-1309,0,0
1998-02-11,-54,-54,-54,-54,1398,-937,0,0
1998-02-12,-22,-22,-22,-22,933,-937,0,0
1998-02-13,292,292,292,292,933,-937,0,0
1998-02-17,-287,-287,-287,-287,933,-937,0,0
1998-02-18,124,124,124,124,883,-937,0,0
1998-02-19,-77,-77,-77,-77,747,-937,0,0
1998-02-20,-10,-10,-10,-10,747,-937,0,0
1998-02-23,291,291,291,291,747,-937,0,0
1998-02-24,-433,-433,-433,-433,747,-937,0,0
1998-02-25,686,686,686,686,747,-433,0,0
1998-02-26,464,464,464,464,747,-433,0,0
1998-02-27,205,205,205,205,686,-433,0,0
1998-03-02,-331,-331,-331,-331,686,-433,0,0
1998-03-03,-214,-214,-214,-214,686,-433,0,0
1998-03-04,-194,-194,-194,-194,686,-433,0,0
1998-03-05,-1417,-1417,-1417,-1417,686,-433,0,0
1998-03-06,1569,1569,1569,1569,686,-1417,0,0
1998-03-09,-572,-572,-572,-572,1569,-1417,0,0
1998-03-10,607,607,607,607,1569,-1417,0,0
1998-03-11,329,329,329,329,1569,-1417,0,0
1998-03-12,110,110,110,110,1569,-1417,0,0
1998-03-13,285,285,285,285,1569,-1417,0,0
1998-03-16,500,500,500,500,1569,-1417,0,0
1998-03-17,-375,-375,-375,-375,1569,-1417,0,0
1998-03-18,108,108,108,108,1569,-1417,0,0
1998-03-19,227,227,227,227,1569,-1417,0,0
1998-03-20,-27,-27,-27,-27,1569,-1417,0,0
1998-03-23,-395,-395,-395,-395,1569,-1417,0,0
1998-03-24,493,493,493,493,1569,-1417,0,0
1998-03-25,-195,-195,-195,-195,1569,-1417,0,0
1998-03-26,205,205,205,205,1569,-1417,0,0
1998-03-27,76,76,76,76,1569,-1417,0,0
1998-03-30,-380,-380,-380,-380,1569,-1417,0,0
1998-03-31,808,808,808,808,1569,-1417,0,0
1998-04-01,259,259,259,259,1569,-1417,0,0
1998-04-02,31,31,31,31,1569,-1417,0,0
1998-04-03,-3,-3,-3,-3,1569,-572,0,0
1998-04-06,-721,-721,-721,-721,808,-572,0,0
1998-04-07,-1765,-1765,-1765,-1765,808,-721,0,0
1998-04-08,342,342,342,342,808,-1765,0,0
1998-04-09,809,809,809,809,808,-1765,0,0
1998-04-13,-355,-355,-355,-355,809,-1765,0,0
1998-04-14,635,635,635,635,809,-1765,0,0
1998-04-15,449,449,449,449,809,-1765,0,0
1998-04-16,-547,-547,-547,-547,809,-1765,0,0
1998-04-17,441,441,441,441,809,-1765,0,0
1998-04-20,331,331,331,331,809,-1765,0,0
1998-04-21,462,462,462,462,809,-1765,0,0
1998-04-22,-43,-43,-43,-43,809,-1765,0,0
1998-04-23,-1029,-1029,-1029,-1029,809,-1765,0,0
1998-04-24,-749,-749,-749,-749,809,-1765,0,0
1998-04-27,-2650,-2650,-2650,-2650,809,-1765,0,0
1998-04-28,819,819,819,819,809,-2650,0,0
1998-04-29,742,742,742,742,819,-2650,0,0
1998-04-30,1123,1123,1123,1123,819,-2650,0,0
1998-05-01,-81,-81,-81,-81,1123,-2650,0,0
1998-05-04,82,82,82,82,1123,-2650,0,0
1998-05-05,-892,-892,-892,-892,1123,-2650,0,0
1998-05-06,-469,-469,-469,-469,1123,-2650,0,0
1998-05-07,-847,-847,-847,-847,1123,-2650,0,0
1998-05-08,679,679,679,679,1123,-2650,0,0
1998-05-11,-717,-717,-717,-717,1123,-2650,0,0
1998-05-12,-468,-468,-468,-468,1123,-2650,0,0
1998-05-13,-205,-205,-205,-205,1123,-2650,0,0
1998-05-14,-592,-592,-592,-592,1123,-2650,0,0
1998-05-15,-779,-779,-779,-779,1123,-2650,0,0
1998-05-18,-1419,-1419,-1419,-1419,1123,-2650,0,0
1998-05-19,313,313,313,313,1123,-2650,0,0
1998-05-20,-640,-640,-640,-640,1123,-2650,0,0
1998-05-21,-516,-516,-516,-516,1123,-2650,0,0
1998-05-22,-722,-722,-722,-722,1123,-2650,0,0
1998-05-26,-1893,-1893,-1893,-1893,1123,-2650,0,0
1998-05-27,-2061,-2061,-2061,-2061,1123,-1893,0,0
1998-05-28,880,880,880,880,1123,-2061,0,0
1998-05-29,53,53,53,53,1123,-2061,0,0
1998-06-01,-1775,-1775,-1775,-1775,880,-2061,0,0
1998-06-02,-323,-323,-323,-323,880,-2061,0,0
1998-06-03,-498,-498,-498,-498,880,-2061,0,0
1998-06-04,287,287,287,287,880,-2061,0,0
1998-06-05,378,378,378,378,880,-2061,0,0
1998-06-08,-149,-149,-149,-149,880,-2061,0,0
1998-06-09,-207,-207,-207,-207,880,-2061,0,0
1998-06-10,-1417,-1417,-1417,-1417,880,-2061,0,0
1998-06-11,-1645,-1645,-1645,-1645,880,-2061,0,0
1998-06-12,-1112,-1112,-1112,-1112,880,-2061,0,0
1998-06-15,-2331,-2331,-2331,-2331,880,-2061,0,0
1998-06-16,794,794,794,794,880,-2331,0,0
1998-06-17,942,942,942,942,880,-2331,0,0
1998-06-18,-486,-486,-486,-486,942,-2331,0,0
1998-06-19,-441,-441,-441,-441,942,-2331,0,0
1998-06-22,-38,-38,-38,-38,942,-2331,0,0
1998-06-23,373,373,373,373,942,-2331,0,0
1998-06-24,378,378,378,378,942,-2331,0,0
1998-06-25,-240,-240,-240,-240,942,-2331,0,0
1998-06-26,-4,-4,-4,-4,942,-2331,0,0
1998-06-29,267,267,267,267,942,-2331,0,0
1998-06-30,270,270,270,270,942,-2331,0,0
1998-07-01,101,101,101,101,942,-2331,0,0
1998-07-02,-440,-440,-440,-440,942,-2331,0,0
1998-07-06,-24,-24,-24,-24,942,-2331,0,0
1998-07-07,-389,-389,-389,-389,942,-2331,0,0
1998-07-08,139,139,139,139,942,-2331,0,0
1998-07-09,-111,-111,-111,-111,942,-2331,0,0
1998-07-10,-314,-314,-314,-314,942,-2331,0,0
1998-07-13,-333,-333,-333,-333,942,-2331,0,0
1998-07-14,47,47,47,47,942,-2331,0,0
1998-07-15,219,219,219,219,942,-486,0,0
1998-07-16,107,107,107,107,942,-486,0,0
1998-07-17,-85,-85,-85,-85,378,-486,0,0
1998-07-20,-174,-174,-174,-174,378,-441,0,0
1998-07-21,-1128,-1128,-1128,-1128,378,-440,0,0
1998-07-22,-975,-975,-975,-975,378,-1128,0,0
1998-07-23,-1696,-1696,-1696,-1696,378,-1128,0,0
1998-07-24,-583,-583,-583,-583,270,-1696,0,0
1998-07-27,-1425,-1425,-1425,-1425,270,-1696,0,0
1998-07-28,-1403,-1403,-1403,-1403,270,-1696,0,0
1998-07-29,-531,-531,-531,-531,270,-1696,0,0
1998-07-30,355,355,355,355,219,-1696,0,0
1998-07-31,-1424,-1424,-1424,-1424,355,-1696,0,0
1998-08-03,-1580,-1580,-1580,-1580,355,-1696,0,0
1998-08-04,-2574,-2574,-2574,-2574,355,-1696,0,0
1998-08-05,-986,-986,-986,-986,355,-2574,0,0
1998-08-06,847,847,847,847,355,-2574,0,0
1998-08-07,1047,1047,1047,1047,847,-2574,0,0
1998-08-10,-661,-661,-661,-661,1047,-2574,0,0
1998-08-11,-2544,-2544,-2544,-2544,1047,-2574,0,0
1998-08-12,1097,1097,1097,1097,1047,-2574,0,0
1998-08-13,-1109,-1109,-1109,-1109,1097,-2574,0,0
1998-08-14,-499,-499,-499,-499,1097,-2574,0,0
1998-08-17,-404,-404,-404,-404,1097,-2574,0,0
1998-08-18,684,684,684,684,1097,-2574,0,0
1998-08-19,-769,-769,-769,-769,1097,-2574,0,0
1998-08-20,-1141,-1141,-1141,-1141,1097,-2574,0,0
1998-08-21,-1870,-1870,-1870,-1870,1097,-2574,0,0
1998-08-24,-836,-836,-836,-836,1097,-2574,0,0
1998-08-25,-754,-754,-754,-754,1097,-2574,0,0
1998-08-26,-2361,-2361,-2361,-2361,1097,-2574,0,0
1998-08-27,-3051,-3051,-3051,-3051,1097,-2574,0,0
1998-08-28,-1478,-1478,-1478,-1478,1097,-3051,0,0
1998-08-31,-3341,-3341,-3341,-3341,1097,-3051,0,0
1998-09-01,576,576,576,576,1097,-3341,0,0
1998-09-02,713,713,713,713,1097,-3341,0,0
1998-09-03,-1393,-1393,-1393,-1393,1097,-3341,0,0
1998-09-04,-96,-96,-96,-96,1097,-3341,0,0
1998-09-08,1853,1853,1853,1853,1097,-3341,0,0
1998-09-09,-1334,-1334,-1334,-1334,1853,-3341,0,0
1998-09-10,-1822,-1822,-1822,-1822,1853,-3341,0,0
1998-09-11,1178,1178,1178,1178,1853,-3341,0,0
1998-09-14,646,646,646,646,1853,-3341,0,0
1998-09-15,-220,-220,-220,-220,1853,-3341,0,0
1998-09-16,396,396,396,396,1853,-3341,0,0
1998-09-17,-1368,-1368,-1368,-1368,1853,-3341,0,0
1998-09-18,691,691,691,691,1853,-3341,0,0
1998-09-21,-599,-599,-599,-599,1853,-3341,0,0
1998-09-22,602,602,602,602,1853,-3341,0,0
1998-09-23,1243,1243,1243,1243,1853,-3341,0,0
1998-09-24,-886,-886,-886,-886,1853,-3341,0,0
1998-09-25,-251,-251,-251,-251,1853,-3341,0,0
1998-09-28,-110,-110,-110,-110,1853,-3341,0,0
1998-09-29,-542,-542,-542,-542,1853,-3341,0,0
1998-09-30,-634,-634,-634,-634,1853,-1822,0,0
1998-10-01,-2464,-2464,-2464,-2464,1853,-1822,0,0
1998-10-02,-184,-184,-184,-184,1853,-2464,0,0
1998-10-05,-2407,-2407,-2407,-2407,1853,-2464,0,0
1998-10-06,-875,-875,-875,-875,1853,-2464,0,0
1998-10-07,-2152,-2152,-2152,-2152,1243,-2464,0,0
1998-10-08,-2754,-2754,-2754,-2754,1243,-2464,0,0
1998-10-09,1180,1180,1180,1180,1243,-2754,0,0
1998-10-12,1230,1230,1230,1230,1243,-2754,0,0
1998-10-13,-1002,-1002,-1002,-1002,1243,-2754,0,0
1998-10-14,445,445,445,445,1243,-2754,0,0
1998-10-15,1564,1564,1564,1564,1243,-2754,0,0
1998-10-16,874,874,874,874,1564,-2754,0,0
1998-10-19,1090,1090,1090,1090,1564,-2754,0,0
1998-10-20,942,942,942,942,1564,-2754,0,0
1998-10-21,524,524,524,524,1564,-2754,0,0
1998-10-22,811,811,811,811,1564,-2754,0,0
1998-10-23,526,526,526,526,1564,-2754,0,0
1998-10-26,691,691,691,691,1564,-2754,0,0
1998-10-27,236,236,236,236,1564,-2754,0,0
1998-10-28,197,197,197,197,1564,-2754,0,0
1998-10-29,707,707,707,707,1564,-2754,0,0
1998-10-30,897,897,897,897,1564,-2754,0,0
1998-11-02,1101,1101,1101,1101,1564,-2754,0,0
1998-11-03,14,14,14,14,1564,-2754,0,0
1998-11-04,887,887,887,887,1564,-2754,0,0
1998-11-05,623,623,623,623,1564,-2754,0,0
1998-11-06,648,648,648,648,1564,-1002,0,0
1998-11-09,-378,-378,-378,-378,1564,-1002,0,0
1998-11-10,-434,-434,-434,-434,1564,-1002,0,0
1998-11-11,-353,-353,-353,-353,1564,-434,0,0
1998-11-12,-431,-431,-431,-431,1564,-434,0,0
1998-11-13,-208,-208,-208,-208,1101,-434,0,0
1998-11-16,181,181,181,181,1101,-434,0,0
1998-11-17,-483,-483,-483,-483,1101,-434,0,0
1998-11-18,109,109,109,109,1101,-483,0,0
1998-11-19,271,271,271,271,1101,-483,0,0
1998-11-20,122,122,122,122,1101,-483,0,0
1998-11-23,303,303,303,303,1101,-483,0,0
1998-11-24,-688,-688,-688,-688,1101,-483,0,0
1998-11-25,433,433,433,433,1101,-688,0,0
1998-11-27,398,398,398,398,1101,-688,0,0
1998-11-30,-932,-932,-932,-932,1101,-688,0,0
1998-12-01,-477,-477,-477,-477,1101,-932,0,0
1998-12-02,-324,-324,-324,-324,887,-932,0,0
1998-12-03,-735,-735,-735,-735,887,-932,0,0
1998-12-04,458,458,458,458,648,-932,0,0
1998-12-07,-54,-54,-54,-54,648,-932,0,0
1998-12-08,-646,-646,-646,-646,458,-932,0,0
1998-12-09,-18,-18,-18,-18,458,-932,0,0
1998-12-10,-961,-961,-961,-961,458,-932,0,0
1998-12-11,-510,-510,-510,-510,458,-961,0,0
1998-12-14,-1790,-1790,-1790,-1790,458,-961,0,0
1998-12-15,184,184,184,184,458,-1790,0,0
1998-12-16,-450,-450,-450,-450,458,-1790,0,0
1998-12-17,315,315,315,315,458,-1790,0,0
1998-12-18,315,315,315,315,458,-1790,0,0
1998-12-21,-132,-132,-132,-132,458,-1790,0,0
1998-12-22,-563,-563,-563,-563,458,-1790,0,0
1998-12-23,293,293,293,293,458,-1790,0,0
1998-12-24,235,235,235,235,458,-1790,0,0
1998-12-28,-434,-434,-434,-434,458,-1790,0,0
1998-12-29,178,178,178,178,458,-1790,0,0
1998-12-30,110,110,110,110,458,-1790,0,0
1998-12-31,1739,1739,1739,1739,458,-1790,0,0
1999-01-04,261,261,261,261,1739,-1790,0,0
1999-01-05,496,496,496,496,1739,-1790,0,0
1999-01-06,946,946,946,946,1739,-1790,0,0
1999-01-07,-221,-221,-221,-221,1739,-1790,0,0
1999-01-08,435,435,435,435,1739,-1790,0,0
1999-01-11,130,130,130,130,1739,-1790,0,0
1999-01-12,-825,-825,-825,-825,1739,-1790,0,0
1999-01-13,-893,-893,-893,-893,1739,-1790,0,0
1999-01-14,-300,-300,-300,-300,1739,-893,0,0
1999-01-15,1122,1122,1122,1122,1739,-893,0,0
1999-01-19,354,354,354,354,1739,-893,0,0
1999-01-20,36,36,36,36,1739,-893,0,0
1999-01-21,-878,-878,-878,-878,1739,-893,0,0
1999-01-22,-360,-360,-360,-360,1739,-893,0,0
1999-01-25,-107,-107,-107,-107,1739,-893,0,0
1999-01-26,197,197,197,197,1739,-893,0,0
1999-01-27,-877,-877,-877,-877,1739,-893,0,0
1999-01-28,159,159,159,159,1739,-893,0,0
1999-01-29,555,555,555,555,1739,-893,0,0
1999-02-01,-655,-655,-655,-655,1739,-893,0,0
1999-02-02,-1002,-1002,-1002,-1002,1122,-893,0,0
1999-02-03,372,372,372,372,1122,-1002,0,0
1999-02-04,-864,-864,-864,-864,1122,-1002,0,0
1999-02-05,-829,-829,-829,-829,1122,-1002,0,0
1999-02-08,-266,-266,-266,-266,1122,-1002,0,0
1999-02-09,-1567,-1567,-1567,-1567,1122,-1002,0,0
1999-02-10,-787,-787,-787,-787,1122,-1567,0,0
1999-02-11,718,718,718,718,1122,-1567,0,0
1999-02-12,-1080,-1080,-1080,-1080,1122,-1567,0,0
1999-02-16,-529,-529,-529,-529,1122,-1567,0,0
1999-02-17,-1642,-1642,-1642,-1642,718,-1567,0,0
1999-02-18,-129,-129,-129,-129,718,-1642,0,0
1999-02-19,246,246,246,246,718,-1642,0,0
1999-02-22,308,308,308,308,718,-1642,0,0
1999-02-23,-123,-123,-123,-123,718,-1642,0,0
1999-02-24,-739,-739,-739,-739,718,-1642,0,0
1999-02-25,-653,-653,-653,-653,718,-1642,0,0
1999-02-26,-221,-221,-221,-221,718,-1642,0,0
1999-03-01,-347,-347,-347,-347,718,-1642,0,0
1999-03-02,-485,-485,-485,-485,718,-1642,0,0
1999-03-03,-763,-763,-763,-763,718,-1642,0,0
1999-03-04,133,133,133,133,718,-1642,0,0
1999-03-05,436,436,436,436,718,-1642,0,0
1999-03-08,-184,-184,-184,-184,718,-1642,0,0
1999-03-09,-512,-512,-512,-512,718,-1642,0,0
1999-03-10,176,176,176,176,718,-1642,0,0
1999-03-11,-53,-53,-53,-53,718,-1642,0,0
1999-03-12,-535,-535,-535,-535,718,-1642,0,0
1999-03-15,-193,-193,-193,-193,436,-1642,0,0
1999-03-16,-566,-566,-566,-566,436,-1642,0,0
1999-03-17,-377,-377,-377,-377,436,-1642,0,0
1999-03-18,-56,-56,-56,-56,436,-763,0,0
1999-03-19,-759,-759,-759,-759,436,-763,0,0
1999-03-22,-725,-725,-725,-725,436,-763,0,0
1999-03-23,-1697,-1697,-1697,-1697,436,-763,0,0
1999-03-24,-215,-215,-215,-215,436,-1697,0,0
1999-03-25,827,827,827,827,436,-1697,0,0
1999-03-26,-101,-101,-101,-101,827,-1697,0,0
1999-03-29,402,402,402,402,827,-1697,0,0
1999-03-30,-535,-535,-535,-535,827,-1697,0,0
1999-03-31,-364,-364,-364,-364,827,-1697,0,0
1999-04-01,-222,-222,-222,-222,827,-1697,0,0
1999-04-05,-257,-257,-257,-257,827,-1697,0,0
1999-04-06,-830,-830,-830,-830,827,-1697,0,0
1999-04-07,-533,-533,-533,-533,827,-1697,0,0
1999-04-08,31,31,31,31,827,-1697,0,0
1999-04-09,388,388,388,388,827,-1697,0,0
1999-04-12,-153,-153,-153,-153,827,-1697,0,0
1999-04-13,242,242,242,242,827,-1697,0,0
1999-04-14,284,284,284,284,827,-1697,0,0
1999-04-15,-37,-37,-37,-37,827,-1697,0,0
1999-04-16,268,268,268,268,827,-1697,0,0
1999-04-19,-732,-732,-732,-732,827,-1697,0,0
1999-04-20,126,126,126,126,827,-1697,0,0
1999-04-21,866,866,866,866,827,-1697,0,0
1999-04-22,362,362,362,362,866,-830,0,0
1999-04-23,401,401,401,401,866,-830,0,0
1999-04-26,205,205,205,205,866,-830,0,0
1999-04-27,70,70,70,70,866,-830,0,0
1999-04-28,-186,-186,-186,-186,866,-830,0,0
1999-04-29,-122,-122,-122,-122,866,-830,0,0
1999-04-30,146,146,146,146,866,-830,0,0
1999-05-03,195,195,195,195,866,-830,0,0
1999-05-04,-544,-544,-544,-544,866,-830,0,0
1999-05-05,-133,-133,-133,-133,866,-732,0,0
1999-05-06,-155,-155,-155,-155,866,-732,0,0
1999-05-07,282,282,282,282,866,-732,0,0
1999-05-10,332,332,332,332,866,-732,0,0
1999-05-11,441,441,441,441,866,-732,0,0
1999-05-12,392,392,392,392,866,-732,0,0
1999-05-13,283,283,283,283,866,-732,0,0
1999-05-14,-908,-908,-908,-908,866,-732,0,0
1999-05-17,-385,-385,-385,-385,866,-908,0,0
1999-05-18,19,19,19,19,866,-908,0,0
1999-05-19,291,291,291,291,866,-908,0,0
1999-05-20,525,525,525,525,441,-908,0,0
1999-05-21,101,101,101,101,525,-908,0,0
1999-05-24,-1232,-1232,-1232,-1232,525,-908,0,0
1999-05-25,-1016,-1016,-1016,-1016,525,-1232,0,0
1999-05-26,-242,-242,-242,-242,525,-1232,0,0
1999-05-27,-575,-575,-575,-575,525,-1232,0,0
1999-05-28,804,804,804,804,525,-1232,0,0
1999-06-01,-530,-530,-530,-530,804,-1232,0,0
1999-06-02,-569,-569,-569,-569,804,-1232,0,0
1999-06-03,-17,-17,-17,-17,804,-1232,0,0
1999-06-04,579,579,579,579,804,-1232,0,0
1999-06-07,413,413,413,413,804,-1232,0,0
1999-06-08,-557,-557,-557,-557,804,-1232,0,0
1999-06-09,249,249,249,249,804,-1232,0,0
1999-06-10,-597,-597,-597,-597,804,-1232,0,0
1999-06-11,-458,-458,-458,-458,804,-1232,0,0
1999-06-14,-1012,-1012,-1012,-1012,804,-1232,0,0
1999-06-15,-305,-305,-305,-305,804,-1232,0,0
1999-06-16,832,832,832,832,804,-1232,0,0
1999-06-17,438,438,438,438,832,-1232,0,0
1999-06-18,445,445,445,445,832,-1232,0,0
1999-06-21,418,418,418,418,832,-1232,0,0
1999-06-22,-636,-636,-636,-636,832,-1232,0,0
1999-06-23,-232,-232,-232,-232,832,-1016,0,0
1999-06-24,-545,-545,-545,-545,832,-1012,0,0
1999-06-25,224,224,224,224,832,-1012,0,0
1999-06-28,518,518,518,518,832,-1012,0,0
1999-06-29,639,639,639,639,832,-1012,0,0
1999-06-30,995,995,995,995,832,-1012,0,0
1999-07-01,22,22,22,22,995,-1012,0,0
1999-07-02,663,663,663,663,995,-1012,0,0
1999-07-06,137,137,137,137,995,-1012,0,0
1999-07-07,-275,-275,-275,-275,995,-1012,0,0
1999-07-08,79,79,79,79,995,-1012,0,0
1999-07-09,401,401,401,401,995,-1012,0,0
1999-07-12,140,140,140,140,995,-1012,0,0
1999-07-13,-398,-398,-398,-398,995,-1012,0,0
1999-07-14,533,533,533,533,995,-636,0,0
1999-07-15,561,561,561,561,995,-636,0,0
1999-07-16,-98,-98,-98,-98,995,-636,0,0
1999-07-19,-455,-455,-455,-455,995,-636,0,0
1999-07-20,-1534,-1534,-1534,-1534,995,-636,0,0
1999-07-21,218,218,218,218,995,-1534,0,0
1999-07-22,-806,-806,-806,-806,995,-1534,0,0
1999-07-23,-612,-612,-612,-612,995,-1534,0,0
1999-07-26,-1363,-1363,-1363,-1363,995,-1534,0,0
1999-07-27,333,333,333,333,995,-1534,0,0
1999-07-28,-122,-122,-122,-122,995,-1534,0,0
1999-07-29,-1221,-1221,-1221,-1221,995,-1534,0,0
1999-07-30,277,277,277,277,663,-1534,0,0
1999-08-02,-686,-686,-686,-686,663,-1534,0,0
1999-08-03,-1354,-1354,-1354,-1354,561,-1534,0,0
1999-08-04,-1510,-1510,-1510,-1510,561,-1534,0,0
1999-08-05,-586,-586,-586,-586,561,-1534,0,0
1999-08-06,-476,-476,-476,-476,561,-1534,0,0
1999-08-09,-530,-530,-530,-530,561,-1534,0,0
1999-08-10,-1294,-1294,-1294,-1294,561,-1534,0,0
1999-08-11,738,738,738,738,561,-1534,0,0
1999-08-12,143,143,143,143,738,-1534,0,0
1999-08-13,970,970,970,970,738,-1534,0,0
1999-08-16,-87,-87,-87,-87,970,-1534,0,0
1999-08-17,301,301,301,301,970,-1534,0,0
1999-08-18,-446,-446,-446,-446,970,-1510,0,0
1999-08-19,-444,-444,-444,-444,970,-1510,0,0
1999-08-20,292,292,292,292,970,-1510,0,0
1999-08-23,283,283,283,283,970,-1510,0,0
1999-08-24,-365,-365,-365,-365,970,-1510,0,0
1999-08-25,-39,-39,-39,-39,970,-1510,0,0
1999-08-26,-410,-410,-410,-410,970,-1510,0,0
1999-08-27,-392,-392,-392,-392,970,-1510,0,0
1999-08-30,-961,-961,-961,-961,970,-1510,0,0
1999-08-31,-107,-107,-107,-107,970,-1510,0,0
1999-09-01,274,274,274,274,970,-1510,0,0
1999-09-02,-913,-913,-913,-913,970,-1294,0,0
1999-09-03,1210,1210,1210,1210,970,-1294,0,0
1999-09-07,-88,-88,-88,-88,1210,-1294,0,0
1999-09-08,-638,-638,-638,-638,1210,-1294,0,0
1999-09-09,136,136,136,136,1210,-961,0,0
1999-09-10,451,451,451,451,1210,-961,0,0
1999-09-13,-527,-527,-527,-527,1210,-961,0,0
1999-09-14,-505,-505,-505,-505,1210,-961,0,0
1999-09-15,-251,-251,-251,-251,1210,-961,0,0
1999-09-16,-1128,-1128,-1128,-1128,1210,-961,0,0
1999-09-17,659,659,659,659,1210,-1128,0,0
1999-09-20,-501,-501,-501,-501,1210,-1128,0,0
1999-09-21,-1396,-1396,-1396,-1396,1210,-1128,0,0
1999-09-22,-24,-24,-24,-24,1210,-1396,0,0
1999-09-23,-1379,-1379,-1379,-1379,1210,-1396,0,0
1999-09-24,-837,-837,-837,-837,1210,-1396,0,0
1999-09-27,233,233,233,233,1210,-1396,0,0
1999-09-28,-996,-996,-996,-996,1210,-1396,0,0
1999-09-29,-186,-186,-186,-186,1210,-1396,0,0
1999-09-30,342,342,342,342,1210,-1396,0,0
1999-10-01,-386,-386,-386,-386,1210,-1396,0,0
1999-10-04,178,178,178,178,1210,-1396,0,0
1999-10-05,-274,-274,-274,-274,659,-1396,0,0
1999-10-06,238,238,238,238,659,-1396,0,0
1999-10-07,-185,-185,-185,-185,659,-1396,0,0
1999-10-08,162,162,162,162,659,-1396,0,0
1999-10-11,71,71,71,71,659,-1396,0,0
1999-10-12,-878,-878,-878,-878,659,-1396,0,0
1999-10-13,-1215,-1215,-1215,-1215,659,-1396,0,0
1999-10-14,-274,-274,-274,-274,659,-1396,0,0
1999-10-15,-1667,-1667,-1667,-1667,659,-1396,0,0
1999-10-18,-1266,-1266,-1266,-1266,342,-1667,0,0
1999-10-19,353,353,353,353,342,-1667,0,0
1999-10-20,566,566,566,566,353,-1667,0,0
1999-10-21,-479,-479,-479,-479,566,-1667,0,0
1999-10-22,503,503,503,503,566,-1667,0,0
1999-10-25,-256,-256,-256,-256,566,-1667,0,0
1999-10-26,-165,-165,-165,-165,566,-1667,0,0
1999-10-27,-165,-165,-165,-165,566,-1667,0,0
1999-10-28,743,743,743,743,566,-1667,0,0
1999-10-29,579,579,579,579,743,-1667,0,0
1999-11-01,-194,-194,-194,-194,743,-1667,0,0
1999-11-02,203,203,203,203,743,-1667,0,0
1999-11-03,693,693,693,693,743,-1667,0,0
1999-11-04,65,65,65,65,743,-1667,0,0
1999-11-05,379,379,379,379,743,-1667,0,0
1999-11-08,148,148,148,148,743,-1667,0,0
1999-11-09,-208,-208,-208,-208,743,-1667,0,0
1999-11-10,167,167,167,167,743,-1667,0,0
1999-11-11,2,2,2,2,743,-1667,0,0
1999-11-12,261,261,261,261,743,-1667,0,0
1999-11-15,444,444,444,444,743,-1266,0,0
1999-11-16,427,427,427,427,743,-479,0,0
1999-11-17,-190,-190,-190,-190,743,-479,0,0
1999-11-18,567,567,567,567,743,-479,0,0
1999-11-19,-109,-109,-109,-109,743,-256,0,0
1999-11-22,-267,-267,-267,-267,743,-256,0,0
1999-11-23,-1051,-1051,-1051,-1051,743,-267,0,0
1999-11-24,237,237,237,237,743,-1051,0,0
1999-11-26,485,485,485,485,743,-1051,0,0
1999-11-29,-556,-556,-556,-556,693,-1051,0,0
1999-11-30,-523,-523,-523,-523,693,-1051,0,0
1999-12-01,-222,-222,-222,-222,693,-1051,0,0
1999-12-02,370,370,370,370,693,-1051,0,0
1999-12-03,42,42,42,42,567,-1051,0,0
1999-12-06,-357,-357,-357,-357,567,-1051,0,0
1999-12-07,-205,-205,-205,-205,567,-1051,0,0
1999-12-08,-295,-295,-295,-295,567,-1051,0,0
1999-12-09,-530,-530,-530,-530,567,-1051,0,0
1999-12-10,120,120,120,120,567,-1051,0,0
1999-12-13,127,127,127,127,567,-1051,0,0
1999-12-14,-1277,-1277,-1277,-1277,567,-1051,0,0
1999-12-15,-720,-720,-720,-720,567,-1277,0,0
1999-12-16,58,58,58,58,567,-1277,0,0
1999-12-17,-144,-144,-144,-144,567,-1277,0,0
1999-12-20,-543,-543,-543,-543,485,-1277,0,0
1999-12-21,95,95,95,95,485,-1277,0,0
1999-12-22,-345,-345,-345,-345,485,-1277,0,0
1999-12-23,241,241,241,241,485,-1277,0,0
1999-12-27,-692,-692,-692,-692,485,-1277,0,0
1999-12-28,-99,-99,-99,-99,370,-1277,0,0
1999-12-29,634,634,634,634,370,-1277,0,0
1999-12-30,-170,-170,-170,-170,634,-1277,0,0
1999-12-31,970,970,970,970,634,-1277,0,0
2000-01-03,-103,-103,-103,-103,970,-1277,0,0
2000-01-04,-1985,-1985,-1985,-1985,970,-1277,0,0
2000-01-05,209,209,209,209,970,-1985,0,0
2000-01-06,-293,-293,-293,-293,970,-1985,0,0
2000-01-07,951,951,951,951,970,-1985,0,0
2000-01-10,908,908,908,908,970,-1985,0,0
2000-01-11,-992,-992,-992,-992,970,-1985,0,0
2000-01-12,-607,-607,-607,-607,970,-1985,0,0
2000-01-13,916,916,916,916,970,-1985,0,0
2000-01-14,653,653,653,653,970,-1985,0,0
2000-01-18,667,667,667,667,970,-1985,0,0
2000-01-19,334,334,334,334,970,-1985,0,0
2000-01-20,-55,-55,-55,-55,970,-1985,0,0
2000-01-21,92,92,92,92,970,-1985,0,0
2000-01-24,-589,-589,-589,-589,970,-1985,0,0
2000-01-25,-213,-213,-213,-213,970,-1985,0,0
2000-01-26,-132,-132,-132,-132,970,-1985,0,0
2000-01-27,-504,-504,-504,-504,970,-1985,0,0
2000-01-28,-1650,-1650,-1650,-1650,970,-1985,0,0
2000-01-31,-1044,-1044,-1044,-1044,970,-1985,0,0
2000-02-01,473,473,473,473,951,-1985,0,0
2000-02-02,637,637,637,637,951,-1985,0,0
2000-02-03,971,971,971,971,951,-1650,0,0
2000-02-04,141,141,141,141,971,-1650,0,0
2000-02-07,420,420,420,420,971,-1650,0,0
2000-02-08,487,487,487,487,971,-1650,0,0
2000-02-09,-493,-493,-493,-493,971,-1650,0,0
2000-02-10,73,73,73,73,971,-1650,0,0
2000-02-11,-509,-509,-509,-509,971,-1650,0,0
2000-02-14,102,102,102,102,971,-1650,0,0
2000-02-15,-527,-527,-527,-527,971,-1650,0,0
2000-02-16,-131,-131,-131,-131,971,-1650,0,0
2000-02-17,349,349,349,349,971,-1650,0,0
2000-02-18,-995,-995,-995,-995,971,-1650,0,0
2000-02-22,-732,-732,-732,-732,971,-1650,0,0
2000-02-23,178,178,178,178,971,-1650,0,0
2000-02-24,-467,-467,-467,-467,971,-1650,0,0
2000-02-25,-329,-329,-329,-329,971,-1650,0,0
2000-02-28,-95,-95,-95,-95,971,-1650,0,0
2000-02-29,996,996,996,996,971,-1044,0,0
2000-03-01,578,578,578,578,996,-995,0,0
2000-03-02,-201,-201,-201,-201,996,-995,0,0
2000-03-03,854,854,854,854,996,-995,0,0
2000-03-06,-137,-137,-137,-137,996,-995,0,0
2000-03-07,-798,-798,-798,-798,996,-995,0,0
2000-03-08,-609,-609,-609,-609,996,-995,0,0
2000-03-09,552,552,552,552,996,-995,0,0
2000-03-10,-423,-423,-423,-423,996,-995,0,0
2000-03-13,-1416,-1416,-1416,-1416,996,-995,0,0
2000-03-14,-1270,-1270,-1270,-1270,996,-1416,0,0
2000-03-15,-1317,-1317,-1317,-1317,996,-1416,0,0
2000-03-16,97,97,97,97,996,-1416,0,0
2000-03-17,158,158,158,158,996,-1416,0,0
2000-03-20,-1721,-1721,-1721,-1721,996,-1416,0,0
2000-03-21,-831,-831,-831,-831,996,-1721,0,0
2000-03-22,735,735,735,735,996,-1721,0,0
2000-03-23,53,53,53,53,996,-1721,0,0
2000-03-24,-174,-174,-174,-174,996,-1721,0,0
2000-03-27,-427,-427,-427,-427,996,-1721,0,0
2000-03-28,-1248,-1248,-1248,-1248,996,-1721,0,0
2000-03-29,-1718,-1718,-1718,-1718,854,-1721,0,0
2000-03-30,-1945,-1945,-1945,-1945,854,-1721,0,0
2000-03-31,640,640,640,640,854,-1945,0,0
2000-04-03,-2094,-2094,-2094,-2094,735,-1945,0,0
2000-04-04,-2342,-2342,-2342,-2342,735,-2094,0,0
2000-04-05,126,126,126,126,735,-2342,0,0
2000-04-06,1274,1274,1274,1274,735,-2342,0,0
2000-04-07,913,913,913,913,1274,-2342,0,0
2000-04-10,-1802,-1802,-1802,-1802,1274,-2342,0,0
2000-04-11,-1859,-1859,-1859,-1859,1274,-2342,0,0
2000-04-12,-2332,-2332,-2332,-2332,1274,-2342,0,0
2000-04-13,-1329,-1329,-1329,-1329,1274,-2342,0,0
2000-04-14,-3444,-3444,-3444,-3444,1274,-2342,0,0
2000-04-17,-865,-865,-865,-865,1274,-3444,0,0
2000-04-18,2191,2191,2191,2191,1274,-3444,0,0
2000-04-19,491,491,491,491,2191,-3444,0,0
2000-04-20,-51,-51,-51,-51,2191,-3444,0,0
2000-04-24,-1773,-1773,-1773,-1773,2191,-3444,0,0
2000-04-25,1405,1405,1405,1405,2191,-3444,0,0
2000-04-26,-553,-553,-553,-553,2191,-3444,0,0
2000-04-27,-32,-32,-32,-32,2191,-3444,0,0
2000-04-28,918,918,918,918,2191,-3444,0,0
2000-05-01,935,935,935,935,2191,-3444,0,0
2000-05-02,-1171,-1171,-1171,-1171,2191,-3444,0,0
2000-05-03,-1574,-1574,-1574,-1574,2191,-3444,0,0
2000-05-04,313,313,313,313,2191,-3444,0,0
2000-05-05,558,558,558,558,2191,-3444,0,0
2000-05-08,-1127,-1127,-1127,-1127,2191,-3444,0,0
2000-05-09,-1413,-1413,-1413,-1413,2191,-3444,0,0
2000-05-10,-2374,-2374,-2374,-2374,2191,-3444,0,0
2000-05-11,872,872,872,872,2191,-3444,0,0
2000-05-12,173,173,173,173,2191,-3444,0,0
2000-05-15,253,253,253,253,2191,-3444,0,0
2000-05-16,502,502,502,502,2191,-2374,0,0
2000-05-17,-1083,-1083,-1083,-1083,2191,-2374,0,0
2000-05-18,-934,-934,-934,-934,1405,-2374,0,0
2000-05-19,-1765,-1765,-1765,-1765,1405,-2374,0,0
2000-05-22,-1789,-1789,-1789,-1789,1405,-2374,0,0
2000-05-23,-1479,-1479,-1479,-1479,1405,-2374,0,0
2000-05-24,-933,-933,-933,-933,935,-2374,0,0
2000-05-25,-520,-520,-520,-520,935,-2374,0,0
2000-05-26,-479,-479,-479,-479,935,-2374,0,0
2000-05-30,1390,1390,1390,1390,935,-2374,0,0
2000-05-31,-226,-226,-226,-226,1390,-2374,0,0
2000-06-01,1371,1371,1371,1371,1390,-2374,0,0
2000-06-02,2104,2104,2104,2104,1390,-2374,0,0
2000-06-05,355,355,355,355,2104,-2374,0,0
2000-06-06,-122,-122,-122,-122,2104,-2374,0,0
2000-06-07,444,444,444,444,2104,-2374,0,0
2000-06-08,-343,-343,-343,-343,2104,-2374,0,0
2000-06-09,820,820,820,820,2104,-1789,0,0
2000-06-12,-1086,-1086,-1086,-1086,2104,-1789,0,0
2000-06-13,-153,-153,-153,-153,2104,-1789,0,0
2000-06-14,-456,-456,-456,-456,2104,-1789,0,0
2000-06-15,-480,-480,-480,-480,2104,-1789,0,0
2000-06-16,-326,-326,-326,-326,2104,-1789,0,0
2000-06-19,22,22,22,22,2104,-1789,0,0
2000-06-20,-307,-307,-307,-307,2104,-1789,0,0
2000-06-21,-64,-64,-64,-64,2104,-1479,0,0
2000-06-22,-870,-870,-870,-870,2104,-1086,0,0
2000-06-23,-581,-581,-581,-581,2104,-1086,0,0
2000-06-26,242,242,242,242,2104,-1086,0,0
2000-06-27,-678,-678,-678,-678,2104,-1086,0,0
2000-06-28,759,759,759,759,2104,-1086,0,0
2000-06-29,-353,-353,-353,-353,2104,-1086,0,0
2000-06-30,409,409,409,409,2104,-1086,0,0
2000-07-03,237,237,237,237,820,-1086,0,0
2000-07-05,-830,-830,-830,-830,820,-1086,0,0
2000-07-06,133,133,133,133,820,-1086,0,0
2000-07-07,215,215,215,215,820,-1086,0,0
2000-07-10,-194,-194,-194,-194,820,-1086,0,0
2000-07-11,-322,-322,-322,-322,759,-1086,0,0
2000-07-12,884,884,884,884,759,-870,0,0
2000-07-13,88,88,88,88,884,-870,0,0
2000-07-14,329,329,329,329,884,-870,0,0
2000-07-17,181,181,181,181,884,-870,0,0
2000-07-18,-931,-931,-931,-931,884,-870,0,0
2000-07-19,-1138,-1138,-1138,-1138,884,-931,0,0
2000-07-20,287,287,287,287,884,-1138,0,0
2000-07-21,-1278,-1278,-1278,-1278,884,-1138,0,0
2000-07-24,-1304,-1304,-1304,-1304,884,-1278,0,0
2000-07-25,-335,-335,-335,-335,884,-1304,0,0
2000-07-26,-845,-845,-845,-845,884,-1304,0,0
2000-07-27,-1770,-1770,-1770,-1770,884,-1304,0,0
2000-07-28,-1856,-1856,-1856,-1856,884,-1770,0,0
2000-07-31,471,471,471,471,884,-1856,0,0
2000-08-01,-675,-675,-675,-675,884,-1856,0,0
2000-08-02,-216,-216,-216,-216,884,-1856,0,0
2000-08-03,-528,-528,-528,-528,884,-1856,0,0
2000-08-04,523,523,523,523,884,-1856,0,0
2000-08-07,488,488,488,488,884,-1856,0,0
2000-08-08,-410,-410,-410,-410,884,-1856,0,0
2000-08-09,-375,-375,-375,-375,884,-1856,0,0
2000-08-10,-799,-799,-799,-799,523,-1856,0,0
2000-08-11,160,160,160,160,523,-1856,0,0
2000-08-14,69,69,69,69,523,-1856,0,0
2000-08-15,-253,-253,-253,-253,523,-1856,0,0
2000-08-16,28,28,28,28,523,-1856,0,0
2000-08-17,258,258,258,258,523,-1856,0,0
2000-08-18,-212,-212,-212,-212,523,-1856,0,0
2000-08-21,-39,-39,-39,-39,523,-1856,0,0
2000-08-22,-67,-67,-67,-67,523,-1856,0,0
2000-08-23,-75,-75,-75,-75,523,-1856,0,0
2000-08-24,373,373,373,373,523,-1856,0,0
2000-08-25,272,272,272,272,523,-1856,0,0
2000-08-28,180,180,180,180,523,-799,0,0
2000-08-29,124,124,124,124,523,-799,0,0
2000-08-30,130,130,130,130,523,-799,0,0
2000-08-31,772,772,772,772,523,-799,0,0
2000-09-01,382,382,382,382,772,-799,0,0
2000-09-05,-440,-440,-440,-440,772,-799,0,0
2000-09-06,-614,-614,-614,-614,772,-799,0,0
2000-09-07,393,393,393,393,772,-799,0,0
2000-09-08,-1004,-1004,-1004,-1004,772,-799,0,0
2000-09-11,-938,-938,-938,-938,772,-1004,0,0
2000-09-12,-500,-500,-500,-500,772,-1004,0,0
2000-09-13,-92,-92,-92,-92,772,-1004,0,0
2000-09-14,425,425,425,425,772,-1004,0,0
2000-09-15,-1157,-1157,-1157,-1157,772,-1004,0,0
2000-09-18,-1903,-1903,-1903,-1903,772,-1157,0,0
2000-09-19,503,503,503,503,772,-1903,0,0
2000-09-20,-701,-701,-701,-701,772,-1903,0,0
2000-09-21,-955,-955,-955,-955,772,-1903,0,0
2000-09-22,-508,-508,-508,-508,772,-1903,0,0
2000-09-25,-463,-463,-463,-463,772,-1903,0,0
2000-09-26,-1180,-1180,-1180,-1180,772,-1903,0,0
2000-09-27,-925,-925,-925,-925,772,-1903,0,0
2000-09-28,1095,1095,1095,1095,772,-1903,0,0
2000-09-29,-259,-259,-259,-259,1095,-1903,0,0
2000-10-02,-1309,-1309,-1309,-1309,1095,-1903,0,0
2000-10-03,-1013,-1013,-1013,-1013,1095,-1903,0,0
2000-10-04,-264,-264,-264,-264,1095,-1903,0,0
2000-10-05,-740,-740,-740,-740,1095,-1903,0,0
2000-10-06,-1826,-1826,-1826,-1826,1095,-1903,0,0
2000-10-09,-881,-881,-881,-881,1095,-1903,0,0
2000-10-10,-1311,-1311,-1311,-1311,1095,-1903,0,0
2000-10-11,-1559,-1559,-1559,-1559,1095,-1903,0,0
2000-10-12,-1841,-1841,-1841,-1841,1095,-1903,0,0
2000-10-13,1325,1325,1325,1325,1095,-1903,0,0
2000-10-16,-130,-130,-130,-130,1325,-1903,0,0
2000-10-17,-1618,-1618,-1618,-1618,1325,-1841,0,0
2000-10-18,-1163,-1163,-1163,-1163,1325,-1841,0,0
2000-10-19,1647,1647,1647,1647,1325,-1841,0,0
2000-10-20,724,724,724,724,1647,-1841,0,0
2000-10-23,201,201,201,201,1647,-1841,0,0
2000-10-24,-307,-307,-307,-307,1647,-1841,0,0
2000-10-25,-1476,-1476,-1476,-1476,1647,-1841,0,0
2000-10-26,-69,-69,-69,-69,1647,-1841,0,0
2000-10-27,204,204,204,204,1647,-1841,0,0
2000-10-30,-465,-465,-465,-465,1647,-1841,0,0
2000-10-31,1473,1473,1473,1473,1647,-1841,0,0
2000-11-01,-295,-295,-295,-295,1647,-1841,0,0
2000-11-02,1057,1057,1057,1057,1647,-1841,0,0
2000-11-03,236,236,236,236,1647,-1841,0,0
2000-11-06,-343,-343,-343,-343,1647,-1841,0,0
2000-11-07,-154,-154,-154,-154,1647,-1841,0,0
2000-11-08,-1204,-1204,-1204,-1204,1647,-1841,0,0
2000-11-09,-1340,-1340,-1340,-1340,1647,-1841,0,0
2000-11-10,-1844,-1844,-1844,-1844,1647,-1618,0,0
2000-11-13,-1192,-1192,-1192,-1192,1647,-1844,0,0
2000-11-14,1202,1202,1202,1202,1647,-1844,0,0
2000-11-15,-235,-235,-235,-235,1647,-1844,0,0
2000-11-16,-1544,-1544,-1544,-1544,1647,-1844,0,0
2000-11-17,-361,-361,-361,-361,1473,-1844,0,0
2000-11-20,-2031,-2031,-2031,-2031,1473,-1844,0,0
2000-11-21,-1061,-1061,-1061,-1061,1473,-2031,0,0
2000-11-22,-1819,-1819,-1819,-1819,1473,-2031,0,0
2000-11-24,1406,1406,1406,1406,1473,-2031,0,0
2000-11-27,-464,-464,-464,-464,1473,-2031,0,0
2000-11-28,-1858,-1858,-1858,-1858,1473,-2031,0,0
2000-11-29,-1173,-1173,-1173,-1173,1473,-2031,0,0
2000-11-30,-1452,-1452,-1452,-1452,1406,-2031,0,0
2000-12-01,971,971,971,971,1406,-2031,0,0
2000-12-04,-1105,-1105,-1105,-1105,1406,-2031,0,0
2000-12-05,1583,1583,1583,1583,1406,-2031,0,0
2000-12-06,-862,-862,-862,-862,1583,-2031,0,0
2000-12-07,-807,-807,-807,-807,1583,-2031,0,0
2000-12-08,1674,1674,1674,1674,1583,-2031,0,0
2000-12-11,636,636,636,636,1674,-2031,0,0
2000-12-12,-864,-864,-864,-864,1674,-2031,0,0
2000-12-13,-719,-719,-719,-719,1674,-2031,0,0
2000-12-14,-1424,-1424,-1424,-1424,1674,-2031,0,0
2000-12-15,-1130,-1130,-1130,-1130,1674,-2031,0,0
2000-12-18,-848,-848,-848,-848,1674,-2031,0,0
2000-12-19,-1311,-1311,-1311,-1311,1674,-2031,0,0
2000-12-20,-2474,-2474,-2474,-2474,1674,-1858,0,0
2000-12-21,-435,-435,-435,-435,1674,-2474,0,0
2000-12-22,1371,1371,1371,1371,1674,-2474,0,0
2000-12-26,-618,-618,-618,-618,1674,-2474,0,0
2000-12-27,384,384,384,384,1674,-2474,0,0
2000-12-28,1109,1109,1109,1109,1674,-2474,0,0
2000-12-29,58,58,58,58,1674,-2474,0,0
2001-01-02,-685,-685,-685,-685,1674,-2474,0,0
2001-01-03,2077,2077,2077,2077,1674,-2474,0,0
2001-01-04,404,404,404,404,2077,-2474,0,0
2001-01-05,-1044,-1044,-1044,-1044,2077,-2474,0,0
2001-01-08,-591,-591,-591,-591,2077,-2474,0,0
2001-01-09,679,679,679,679,2077,-2474,0,0
2001-01-10,1305,1305,1305,1305,2077,-2474,0,0
2001-01-11,1591,1591,1591,1591,2077,-2474,0,0
2001-01-12,913,913,913,913,2077,-2474,0,0
2001-01-16,884,884,884,884,2077,-2474,0,0
2001-01-17,777,777,777,777,2077,-2474,0,0
2001-01-18,439,439,439,439,2077,-2474,0,0
2001-01-19,-65,-65,-65,-65,2077,-2474,0,0
2001-01-22,180,180,180,180,2077,-2474,0,0
2001-01-23,938,938,938,938,2077,-1044,0,0
2001-01-24,334,334,334,334,2077,-1044,0,0
2001-01-25,-649,-649,-649,-649,2077,-1044,0,0
2001-01-26,-20,-20,-20,-20,2077,-1044,0,0
2001-01-29,746,746,746,746,2077,-1044,0,0
2001-01-30,520,520,520,520,2077,-1044,0,0
2001-01-31,-354,-354,-354,-354,2077,-1044,0,0
2001-02-01,-165,-165,-165,-165,2077,-1044,0,0
2001-02-02,-1128,-1128,-1128,-1128,1591,-1044,0,0
2001-02-05,-645,-645,-645,-645,1591,-1128,0,0
2001-02-06,243,243,243,243,1591,-1128,0,0
2001-02-07,-752,-752,-752,-752,1591,-1128,0,0
2001-02-08,-389,-389,-389,-389,1591,-1128,0,0
2001-02-09,-1017,-1017,-1017,-1017,1591,-1128,0,0
2001-02-12,226,226,226,226,938,-1128,0,0
2001-02-13,-505,-505,-505,-505,938,-1128,0,0
2001-02-14,-196,-196,-196,-196,938,-1128,0,0
2001-02-15,745,745,745,745,938,-1128,0,0
2001-02-16,-1634,-1634,-1634,-1634,938,-1128,0,0
2001-02-20,-1200,-1200,-1200,-1200,938,-1634,0,0
2001-02-21,-1455,-1455,-1455,-1455,938,-1634,0,0
2001-02-22,-1227,-1227,-1227,-1227,746,-1634,0,0
2001-02-23,-372,-372,-372,-372,746,-1634,0,0
2001-02-26,1084,1084,1084,1084,746,-1634,0,0
2001-02-27,-1291,-1291,-1291,-1291,1084,-1634,0,0
2001-02-28,-882,-882,-882,-882,1084,-1634,0,0
2001-03-01,-572,-572,-572,-572,1084,-1634,0,0
2001-03-02,174,174,174,174,1084,-1634,0,0
2001-03-05,-27,-27,-27,-27,1084,-1634,0,0
2001-03-06,897,897,897,897,1084,-1634,0,0
2001-03-07,291,291,291,291,1084,-1634,0,0
2001-03-08,-745,-745,-745,-745,1084,-1634,0,0
2001-03-09,-1692,-1692,-1692,-1692,1084,-1634,0,0
2001-03-12,-2408,-2408,-2408,-2408,1084,-1692,0,0
2001-03-13,430,430,430,430,1084,-2408,0,0
2001-03-14,-1644,-1644,-1644,-1644,1084,-2408,0,0
2001-03-15,-210,-210,-210,-210,1084,-2408,0,0
2001-03-16,-1543,-1543,-1543,-1543,1084,-2408,0,0
2001-03-19,664,664,664,664,1084,-2408,0,0
2001-03-20,-890,-890,-890,-890,1084,-2408,0,0
2001-03-21,-1250,-1250,-1250,-1250,1084,-2408,0,0
2001-03-22,-779,-779,-779,-779,1084,-2408,0,0
2001-03-23,1246,1246,1246,1246,1084,-2408,0,0
2001-03-26,371,371,371,371,1246,-2408,0,0
2001-03-27,650,650,650,650,1246,-2408,0,0
2001-03-28,-1554,-1554,-1554,-1554,1246,-2408,0,0
2001-03-29,-693,-693,-693,-693,1246,-2408,0,0
2001-03-30,939,939,939,939,1246,-2408,0,0
2001-04-02,-1698,-1698,-1698,-1698,1246,-2408,0,0
2001-04-03,-2218,-2218,-2218,-2218,1246,-2408,0,0
2001-04-04,-746,-746,-746,-746,1246,-2408,0,0
2001-04-05,1982,1982,1982,1982,1246,-2408,0,0
2001-04-06,-1186,-1186,-1186,-1186,1982,-2408,0,0
2001-04-09,227,227,227,227,1982,-2408,0,0
2001-04-10,1581,1581,1581,1581,1982,-2218,0,0
2001-04-11,464,464,464,464,1982,-2218,0,0
2001-04-12,1051,1051,1051,1051,1982,-2218,0,0
2001-04-16,-685,-685,-685,-685,1982,-2218,0,0
2001-04-17,346,346,346,346,1982,-2218,0,0
2001-04-18,1726,1726,1726,1726,1982,-2218,0,0
2001-04-19,894,894,894,894,1982,-2218,0,0
2001-04-20,-194,-194,-194,-194,1982,-2218,0,0
2001-04-23,-944,-944,-944,-944,1982,-2218,0,0
2001-04-24,-174,-174,-174,-174,1982,-2218,0,0
2001-04-25,845,845,845,845,1982,-2218,0,0
2001-04-26,379,379,379,379,1982,-2218,0,0
2001-04-27,972,972,972,972,1982,-2218,0,0
2001-04-30,961,961,961,961,1982,-2218,0,0
2001-05-01,852,852,852,852,1982,-2218,0,0
2001-05-02,918,918,918,918,1982,-2218,0,0
2001-05-03,-916,-916,-916,-916,1982,-1186,0,0
2001-05-04,702,702,702,702,1982,-1186,0,0
2001-05-07,-139,-139,-139,-139,1726,-1186,0,0
2001-05-08,433,433,433,433,1726,-944,0,0
2001-05-09,-419,-419,-419,-419,1726,-944,0,0
2001-05-10,-42,-42,-42,-42,1726,-944,0,0
2001-05-11,-456,-456,-456,-456,1726,-944,0,0
2001-05-14,-621,-621,-621,-621,1726,-944,0,0
2001-05-15,295,295,295,295,1726,-944,0,0
2001-05-16,771,771,771,771,1726,-944,0,0
2001-05-17,943,943,943,943,972,-944,0,0
2001-05-18,141,141,141,141,972,-944,0,0
2001-05-21,1229,1229,1229,1229,972,-944,0,0
2001-05-22,408,408,408,408,1229,-916,0,0
2001-05-23,-955,-955,-955,-955,1229,-916,0,0
2001-05-24,457,457,457,457,1229,-955,0,0
2001-05-25,-103,-103,-103,-103,1229,-955,0,0
2001-05-29,-1114,-1114,-1114,-1114,1229,-955,0,0
2001-05-30,-1674,-1674,-1674,-1674,1229,-1114,0,0
2001-05-31,670,670,670,670,1229,-1674,0,0
2001-06-01,560,560,560,560,1229,-1674,0,0
2001-06-04,244,244,244,244,1229,-1674,0,0
2001-06-05,1109,1109,1109,1109,1229,-1674,0,0
2001-06-06,-603,-603,-603,-603,1229,-1674,0,0
2001-06-07,448,448,448,448,1229,-1674,0,0
2001-06-08,-630,-630,-630,-630,1229,-1674,0,0
2001-06-11,-858,-858,-858,-858,1229,-1674,0,0
2001-06-12,-304,-304,-304,-304,1229,-1674,0,0
2001-06-13,-375,-375,-375,-375,1229,-1674,0,0
2001-06-14,-1707,-1707,-1707,-1707,1229,-1674,0,0
2001-06-15,-512,-512,-512,-512,1229,-1707,0,0
2001-06-18,-1446,-1446,-1446,-1446,1229,-1707,0,0
2001-06-19,-572,-572,-572,-572,1229,-1707,0,0
2001-06-20,107,107,107,107,1109,-1707,0,0
2001-06-21,384,384,384,384,1109,-1707,0,0
2001-06-22,-550,-550,-550,-550,1109,-1707,0,0
2001-06-26,333,333,333,333,1109,-1707,0,0
2001-06-27,477,477,477,477,1109,-1707,0,0
2001-06-28,858,858,858,858,1109,-1707,0,0
2001-06-29,593,593,593,593,1109,-1707,0,0
2001-07-02,-441,-441,-441,-441,1109,-1707,0,0
2001-07-03,-257,-257,-257,-257,1109,-1707,0,0
2001-07-05,-983,-983,-983,-983,1109,-1707,0,0
2001-07-06,-1371,-1371,-1371,-1371,858,-1707,0,0
2001-07-09,307,307,307,307,858,-1707,0,0
2001-07-10,-1007,-1007,-1007,-1007,858,-1707,0,0
2001-07-11,-633,-633,-633,-633,858,-1707,0,0
2001-07-12,1302,1302,1302,1302,858,-1707,0,0
2001-07-13,270,270,270,270,1302,-1707,0,0
2001-07-16,-772,-772,-772,-772,1302,-1707,0,0
2001-07-17,538,538,538,538,1302,-1446,0,0
2001-07-18,-959,-959,-959,-959,1302,-1446,0,0
2001-07-19,620,620,620,620,1302,-1371,0,0
2001-07-20,-192,-192,-192,-192,1302,-1371,0,0
2001-07-23,-784,-784,-784,-784,1302,-1371,0,0
2001-07-24,-1103,-1103,-1103,-1103,1302,-1371,0,0
2001-07-25,158,158,158,158,1302,-1371,0,0
2001-07-26,594,594,594,594,1302,-1371,0,0
2001-07-27,240,240,240,240,1302,-1371,0,0
2001-07-30,-183,-183,-183,-183,1302,-1371,0,0
2001-07-31,101,101,101,101,1302,-1371,0,0
2001-08-01,644,644,644,644,1302,-1371,0,0
2001-08-02,73,73,73,73,1302,-1371,0,0
2001-08-03,-291,-291,-291,-291,1302,-1371,0,0
2001-08-06,-898,-898,-898,-898,1302,-1103,0,0
2001-08-07,-209,-209,-209,-209,1302,-1103,0,0
2001-08-08,-1230,-1230,-1230,-1230,1302,-1103,0,0
2001-08-09,-295,-295,-295,-295,1302,-1230,0,0
2001-08-10,-201,-201,-201,-201,644,-1230,0,0
2001-08-13,337,337,337,337,644,-1230,0,0
2001-08-14,-58,-58,-58,-58,644,-1230,0,0
2001-08-15,-587,-587,-587,-587,644,-1230,0,0
2001-08-16,-103,-103,-103,-103,644,-1230,0,0
2001-08-17,-1152,-1152,-1152,-1152,644,-1230,0,0
2001-08-20,71,71,71,71,644,-1230,0,0
2001-08-21,-1038,-1038,-1038,-1038,644,-1230,0,0
2001-08-22,468,468,468,468,644,-1230,0,0
2001-08-23,-602,-602,-602,-602,644,-1230,0,0
2001-08-24,931,931,931,931,644,-1230,0,0
2001-08-27,-420,-420,-420,-420,931,-1230,0,0
2001-08-28,-973,-973,-973,-973,931,-1230,0,0
2001-08-29,-563,-563,-563,-563,931,-1230,0,0
2001-08-30,-1130,-1130,-1130,-1130,931,-1230,0,0
2001-08-31,433,433,433,433,931,-1230,0,0
2001-09-04,-816,-816,-816,-816,931,-1230,0,0
2001-09-05,-1004,-1004,-1004,-1004,931,-1230,0,0
2001-09-06,-1448,-1448,-1448,-1448,931,-1230,0,0
2001-09-07,-1191,-1191,-1191,-1191,931,-1448,0,0
2001-09-10,-819,-819,-819,-819,931,-1448,0,0
2001-09-17,-2371,-2371,-2371,-2371,931,-1448,0,0
2001-09-18,-860,-860,-860,-860,931,-2371,0,0
2001-09-19,-1392,-1392,-1392,-1392,931,-2371,0,0
2001-09-20,-1969,-1969,-1969,-1969,931,-2371,0,0
2001-09-21,-1500,-1500,-1500,-1500,931,-2371,0,0
2001-09-24,1599,1599,1599,1599,931,-2371,0,0
2001-09-25,22,22,22,22,1599,-2371,0,0
2001-09-26,-888,-888,-888,-888,1599,-2371,0,0
2001-09-27,-133,-133,-133,-133,1599,-2371,0,0
2001-09-28,1368,1368,1368,1368,1599,-2371,0,0
2001-10-01,-952,-952,-952,-952,1599,-2371,0,0
2001-10-02,394,394,394,394,1599,-2371,0,0
2001-10-03,1173,1173,1173,1173,1599,-2371,0,0
2001-10-04,564,564,564,564,1599,-2371,0,0
2001-10-05,-308,-308,-308,-308,1599,-2371,0,0
2001-10-08,-459,-459,-459,-459,1599,-2371,0,0
2001-10-09,-675,-675,-675,-675,1599,-2371,0,0
2001-10-10,1163,1163,1163,1163,1599,-2371,0,0
2001-10-11,1254,1254,1254,1254,1599,-2371,0,0
2001-10-12,-272,-272,-272,-272,1599,-2371,0,0
2001-10-15,99,99,99,99,1599,-2371,0,0
2001-10-16,730,730,730,730,1599,-1969,0,0
2001-10-17,-804,-804,-804,-804,1599,-1969,0,0
2001-10-18,-572,-572,-572,-572,1599,-1969,0,0
2001-10-19,436,436,436,436,1599,-1500,0,0
2001-10-22,603,603,603,603,1599,-952,0,0
2001-10-23,-237,-237,-237,-237,1368,-952,0,0
2001-10-24,288,288,288,288,1368,-952,0,0
2001-10-25,742,742,742,742,1368,-952,0,0
2001-10-26,266,266,266,266,1368,-952,0,0
2001-10-29,-1129,-1129,-1129,-1129,1254,-952,0,0
2001-10-30,-1044,-1044,-1044,-1044,1254,-1129,0,0
2001-10-31,845,845,845,845,1254,-1129,0,0
2001-11-01,576,576,576,576,1254,-1129,0,0
2001-11-02,-317,-317,-317,-317,1254,-1129,0,0
2001-11-05,721,721,721,721,1254,-1129,0,0
2001-11-06,564,564,564,564,1254,-1129,0,0
2001-11-07,-265,-265,-265,-265,1254,-1129,0,0
2001-11-08,33,33,33,33,1254,-1129,0,0
2001-11-09,-86,-86,-86,-86,845,-1129,0,0
2001-11-12,5,5,5,5,845,-1129,0,0
2001-11-13,1086,1086,1086,1086,845,-1129,0,0
2001-11-14,508,508,508,508,1086,-1129,0,0
2001-11-15,-196,-196,-196,-196,1086,-1129,0,0
2001-11-16,316,316,316,316,1086,-1129,0,0
2001-11-19,807,807,807,807,1086,-1129,0,0
2001-11-20,-881,-881,-881,-881,1086,-1129,0,0
2001-11-21,-54,-54,-54,-54,1086,-1129,0,0
2001-11-23,1150,1150,1150,1150,1086,-1129,0,0
2001-11-26,546,546,546,546,1150,-1129,0,0
2001-11-27,-155,-155,-155,-155,1150,-1129,0,0
2001-11-28,-1092,-1092,-1092,-1092,1150,-1044,0,0
2001-11-29,870,870,870,870,1150,-1092,0,0
2001-11-30,-117,-117,-117,-117,1150,-1092,0,0
2001-12-03,-954,-954,-954,-954,1150,-1092,0,0
2001-12-04,943,943,943,943,1150,-1092,0,0
2001-12-05,1142,1142,1142,1142,1150,-1092,0,0
2001-12-06,502,502,502,502,1150,-1092,0,0
2001-12-07,-127,-127,-127,-127,1150,-1092,0,0
2001-12-10,-979,-979,-979,-979,1150,-1092,0,0
2001-12-11,244,244,244,244,1150,-1092,0,0
2001-12-12,60,60,60,60,1150,-1092,0,0
2001-12-13,-1014,-1014,-1014,-1014,1150,-1092,0,0
2001-12-14,44,44,44,44,1150,-1092,0,0
2001-12-17,472,472,472,472,1150,-1092,0,0
2001-12-18,532,532,532,532,1150,-1092,0,0
2001-12-19,-465,-465,-465,-465,1150,-1092,0,0
2001-12-20,-1135,-1135,-1135,-1135,1150,-1092,0,0
2001-12-21,811,811,811,811,1150,-1135,0,0
2001-12-24,125,125,125,125,1142,-1135,0,0
2001-12-26,663,663,663,663,1142,-1135,0,0
2001-12-27,595,595,595,595,1142,-1135,0,0
2001-12-28,500,500,500,500,1142,-1135,0,0
2001-12-31,85,85,85,85,1142,-1135,0,0
2002-01-02,274,274,274,274,1142,-1135,0,0
2002-01-03,935,935,935,935,1142,-1135,0,0
2002-01-04,703,703,703,703,1142,-1135,0,0
2002-01-07,-355,-355,-355,-355,935,-1135,0,0
2002-01-08,391,391,391,391,935,-1135,0,0
2002-01-09,-259,-259,-259,-259,935,-1135,0,0
2002-01-10,6,6,6,6,935,-1135,0,0
2002-01-11,-590,-590,-590,-590,935,-1135,0,0
2002-01-14,-1242,-1242,-1242,-1242,935,-1135,0,0
2002-01-15,85,85,85,85,935,-1242,0,0
2002-01-16,-1220,-1220,-1220,-1220,935,-1242,0,0
2002-01-17,741,741,741,741,935,-1242,0,0
2002-01-18,-1090,-1090,-1090,-1090,935,-1242,0,0
2002-01-22,-975,-975,-975,-975,935,-1242,0,0
2002-01-23,778,778,778,778,935,-1242,0,0
2002-01-24,514,514,514,514,935,-1242,0,0
2002-01-25,-246,-246,-246,-246,935,-1242,0,0
2002-01-28,96,96,96,96,935,-1242,0,0
2002-01-29,-1273,-1273,-1273,-1273,935,-1242,0,0
2002-01-30,307,307,307,307,935,-1273,0,0
2002-01-31,645,645,645,645,935,-1273,0,0
2002-02-01,-460,-460,-460,-460,935,-1273,0,0
2002-02-04,-1686,-1686,-1686,-1686,778,-1273,0,0
2002-02-05,-710,-710,-710,-710,778,-1686,0,0
2002-02-06,-1164,-1164,-1164,-1164,778,-1686,0,0
2002-02-07,-748,-748,-748,-748,778,-1686,0,0
2002-02-08,1125,1125,1125,1125,778,-1686,0,0
2002-02-11,450,450,450,450,1125,-1686,0,0
2002-02-12,-92,-92,-92,-92,1125,-1686,0,0
2002-02-13,534,534,534,534,1125,-1686,0,0
2002-02-14,-760,-760,-760,-760,1125,-1686,0,0
2002-02-15,-633,-633,-633,-633,1125,-1686,0,0
2002-02-19,-1453,-1453,-1453,-1453,1125,-1686,0,0
2002-02-20,444,444,444,444,1125,-1686,0,0
2002-02-21,-1133,-1133,-1133,-1133,1125,-1686,0,0
2002-02-22,376,376,376,376,1125,-1686,0,0
2002-02-25,285,285,285,285,1125,-1686,0,0
2002-02-26,182,182,182,182,1125,-1686,0,0
2002-02-27,75,75,75,75,1125,-1686,0,0
2002-02-28,-264,-264,-264,-264,1125,-1686,0,0
2002-03-01,1071,1071,1071,1071,1125,-1686,0,0
2002-03-04,1055,1055,1055,1055,1125,-1686,0,0
2002-03-05,204,204,204,204,1125,-1686,0,0
2002-03-06,996,996,996,996,1125,-1453,0,0
2002-03-07,210,210,210,210,1125,-1453,0,0
2002-03-08,974,974,974,974,1125,-1453,0,0
2002-03-11,238,238,238,238,1125,-1453,0,0
2002-03-12,-571,-571,-571,-571,1071,-1453,0,0
2002-03-13,-511,-511,-511,-511,1071,-1453,0,0
2002-03-14,398,398,398,398,1071,-1453,0,0
2002-03-15,383,383,383,383,1071,-1453,0,0
2002-03-18,355,355,355,355,1071,-1453,0,0
2002-03-19,111,111,111,111,1071,-1453,0,0
2002-03-20,-787,-787,-787,-787,1071,-1133,0,0
2002-03-21,794,794,794,794,1071,-1133,0,0
2002-03-22,-497,-497,-497,-497,1071,-787,0,0
2002-03-25,-891,-891,-891,-891,1071,-787,0,0
2002-03-26,383,383,383,383,1071,-891,0,0
2002-03-27,359,359,359,359,1071,-891,0,0
2002-03-28,491,491,491,491,1071,-891,0,0
2002-04-01,-381,-381,-381,-381,1071,-891,0,0
2002-04-02,-788,-788,-788,-788,1055,-891,0,0
2002-04-03,-755,-755,-755,-755,996,-891,0,0
2002-04-04,95,95,95,95,996,-891,0,0
2002-04-05,-313,-313,-313,-313,974,-891,0,0
2002-04-08,257,257,257,257,974,-891,0,0
2002-04-09,-329,-329,-329,-329,794,-891,0,0
2002-04-10,690,690,690,690,794,-891,0,0
2002-04-11,-1139,-1139,-1139,-1139,794,-891,0,0
2002-04-12,1119,1119,1119,1119,794,-1139,0,0
2002-04-15,-269,-269,-269,-269,1119,-1139,0,0
2002-04-16,1514,1514,1514,1514,1119,-1139,0,0
2002-04-17,-189,-189,-189,-189,1514,-1139,0,0
2002-04-18,169,169,169,169,1514,-1139,0,0
2002-04-19,-168,-168,-168,-168,1514,-1139,0,0
2002-04-22,-1082,-1082,-1082,-1082,1514,-1139,0,0
2002-04-23,-273,-273,-273,-273,1514,-1139,0,0
2002-04-24,-350,-350,-350,-350,1514,-1139,0,0
2002-04-25,-321,-321,-321,-321,1514,-1139,0,0
2002-04-26,-1123,-1123,-1123,-1123,1514,-1139,0,0
2002-04-29,-685,-685,-685,-685,1514,-1139,0,0
2002-04-30,941,941,941,941,1514,-1139,0,0
2002-05-01,-212,-212,-212,-212,1514,-1139,0,0
2002-05-02,-73,-73,-73,-73,1514,-1139,0,0
2002-05-03,-292,-292,-292,-292,1514,-1139,0,0
2002-05-06,-1191,-1191,-1191,-1191,1514,-1139,0,0
2002-05-07,-626,-626,-626,-626,1514,-1191,0,0
2002-05-08,1376,1376,1376,1376,1514,-1191,0,0
2002-05-09,-1139,-1139,-1139,-1139,1514,-1191,0,0
2002-05-10,-950,-950,-950,-950,1514,-1191,0,0
2002-05-13,692,692,692,692,1514,-1191,0,0
2002-05-14,1316,1316,1316,1316,1514,-1191,0,0
2002-05-15,197,197,197,197,1376,-1191,0,0
2002-05-16,-343,-343,-343,-343,1376,-1191,0,0
2002-05-17,286,286,286,286,1376,-1191,0,0
2002-05-20,-1116,-1116,-1116,-1116,1376,-1191,0,0
2002-05-21,-969,-969,-969,-969,1376,-1191,0,0
2002-05-22,-423,-423,-423,-423,1376,-1191,0,0
2002-05-23,608,608,608,608,1376,-1191,0,0
2002-05-24,-876,-876,-876,-876,1376,-1191,0,0
2002-05-28,-316,-316,-316,-316,1376,-1191,0,0
2002-05-29,-863,-863,-863,-863,1376,-1191,0,0
2002-05-30,-101,-101,-101,-101,1376,-1191,0,0
2002-05-31,90,90,90,90,1376,-1191,0,0
2002-06-03,-1685,-1685,-1685,-1685,1376,-1191,0,0
2002-06-04,-284,-284,-284,-284,1376,-1685,0,0
2002-06-05,-81,-81,-81,-81,1376,-1685,0,0
2002-06-06,-1512,-1512,-1512,-1512,1376,-1685,0,0
2002-06-07,-23,-23,-23,-23,1316,-1685,0,0
2002-06-10,-310,-310,-310,-310,1316,-1685,0,0
2002-06-11,-938,-938,-938,-938,1316,-1685,0,0
2002-06-12,-363,-363,-363,-363,1316,-1685,0,0
2002-06-13,-880,-880,-880,-880,608,-1685,0,0
2002-06-14,5,5,5,5,608,-1685,0,0
2002-06-17,1190,1190,1190,1190,608,-1685,0,0
2002-06-18,-314,-314,-314,-314,1190,-1685,0,0
2002-06-19,-1312,-1312,-1312,-1312,1190,-1685,0,0
2002-06-20,-473,-473,-473,-473,1190,-1685,0,0
2002-06-21,-80,-80,-80,-80,1190,-1685,0,0
2002-06-24,-325,-325,-325,-325,1190,-1685,0,0
2002-06-25,-784,-784,-784,-784,1190,-1685,0,0
2002-06-26,-632,-632,-632,-632,1190,-1685,0,0
2002-06-27,834,834,834,834,1190,-1685,0,0
2002-06-28,687,687,687,687,1190,-1685,0,0
2002-07-01,-1267,-1267,-1267,-1267,1190,-1685,0,0
2002-07-02,-1717,-1717,-1717,-1717,1190,-1512,0,0
2002-07-03,-418,-418,-418,-418,1190,-1717,0,0
2002-07-05,1501,1501,1501,1501,1190,-1717,0,0
2002-07-08,-868,-868,-868,-868,1501,-1717,0,0
2002-07-09,-509,-509,-509,-509,1501,-1717,0,0
2002-07-10,-1223,-1223,-1223,-1223,1501,-1717,0,0
2002-07-11,-542,-542,-542,-542,1501,-1717,0,0
2002-07-12,-225,-225,-225,-225,1501,-1717,0,0
2002-07-15,-828,-828,-828,-828,1501,-1717,0,0
2002-07-16,-45,-45,-45,-45,1501,-1717,0,0
2002-07-17,408,408,408,408,1501,-1717,0,0
2002-07-18,-1306,-1306,-1306,-1306,1501,-1717,0,0
2002-07-19,-1551,-1551,-1551,-1551,1501,-1717,0,0
2002-07-22,-1412,-1412,-1412,-1412,1501,-1717,0,0
2002-07-23,-1947,-1947,-1947,-1947,1501,-1717,0,0
2002-07-24,557,557,557,557,1501,-1947,0,0
2002-07-25,-364,-364,-364,-364,1501,-1947,0,0
2002-07-26,460,460,460,460,1501,-1947,0,0
2002-07-29,1702,1702,1702,1702,1501,-1947,0,0
2002-07-30,265,265,265,265,1702,-1947,0,0
2002-07-31,-553,-553,-553,-553,1702,-1947,0,0
2002-08-01,-862,-862,-862,-862,1702,-1947,0,0
2002-08-02,-1276,-1276,-1276,-1276,1702,-1947,0,0
2002-08-05,-1428,-1428,-1428,-1428,1702,-1947,0,0
2002-08-06,1393,1393,1393,1393,1702,-1947,0,0
2002-08-07,183,183,183,183,1702,-1947,0,0
2002-08-08,726,726,726,726,1702,-1947,0,0
2002-08-09,-483,-483,-483,-483,1702,-1947,0,0
2002-08-12,-157,-157,-157,-157,1702,-1947,0,0
2002-08-13,-1181,-1181,-1181,-1181,1702,-1947,0,0
2002-08-14,1129,1129,1129,1129,1702,-1947,0,0
2002-08-15,107,107,107,107,1702,-1947,0,0
2002-08-16,509,509,509,509,1702,-1947,0,0
2002-08-19,675,675,675,675,1702,-1947,0,0
2002-08-20,-640,-640,-640,-640,1702,-1947,0,0
2002-08-21,1263,1263,1263,1263,1702,-1428,0,0
2002-08-22,550,550,550,550,1702,-1428,0,0
2002-08-23,-1113,-1113,-1113,-1113,1702,-1428,0,0
2002-08-26,861,861,861,861,1702,-1428,0,0
2002-08-27,-1202,-1202,-1202,-1202,1393,-1428,0,0
2002-08-28,-1293,-1293,-1293,-1293,1393,-1428,0,0
2002-08-29,510,510,510,510,1393,-1428,0,0
2002-08-30,-207,-207,-207,-207,1393,-1428,0,0
2002-09-03,-1752,-1752,-1752,-1752,1393,-1428,0,0
2002-09-04,879,879,879,879,1393,-1752,0,0
2002-09-05,-1385,-1385,-1385,-1385,1263,-1752,0,0
2002-09-06,1260,1260,1260,1260,1263,-1752,0,0
2002-09-09,-77,-77,-77,-77,1263,-1752,0,0
2002-09-10,214,214,214,214,1263,-1752,0,0
2002-09-11,-22,-22,-22,-22,1263,-1752,0,0
2002-09-12,-1084,-1084,-1084,-1084,1263,-1752,0,0
2002-09-13,327,327,327,327,1263,-1752,0,0
2002-09-16,-949,-949,-949,-949,1263,-1752,0,0
2002-09-17,-909,-909,-909,-909,1263,-1752,0,0
2002-09-18,-730,-730,-730,-730,1263,-1752,0,0
2002-09-19,-1435,-1435,-1435,-1435,1263,-1752,0,0
2002-09-20,97,97,97,97,1260,-1752,0,0
2002-09-23,-1698,-1698,-1698,-1698,1260,-1752,0,0
2002-09-24,-882,-882,-882,-882,1260,-1752,0,0
2002-09-25,1028,1028,1028,1028,1260,-1752,0,0
2002-09-26,339,339,339,339,1260,-1752,0,0
2002-09-27,-1228,-1228,-1228,-1228,1260,-1752,0,0
2002-09-30,-323,-323,-323,-323,1260,-1752,0,0
2002-10-01,380,380,380,380,1260,-1752,0,0
2002-10-02,-944,-944,-944,-944,1260,-1698,0,0
2002-10-03,-552,-552,-552,-552,1260,-1698,0,0
2002-10-04,-1345,-1345,-1345,-1345,1260,-1698,0,0
2002-10-07,-1529,-1529,-1529,-1529,1028,-1698,0,0
2002-10-08,-137,-137,-137,-137,1028,-1698,0,0
2002-10-09,-1708,-1708,-1708,-1708,1028,-1698,0,0
2002-10-10,737,737,737,737,1028,-1708,0,0
2002-10-11,1252,1252,1252,1252,1028,-1708,0,0
2002-10-14,177,177,177,177,1252,-1708,0,0
2002-10-15,1693,1693,1693,1693,1252,-1708,0,0
2002-10-16,-718,-718,-718,-718,1693,-1708,0,0
2002-10-17,1512,1512,1512,1512,1693,-1708,0,0
2002-10-18,132,132,132,132,1693,-1708,0,0
2002-10-21,618,618,618,618,1693,-1708,0,0
2002-10-22,-592,-592,-592,-592,1693,-1708,0,0
2002-10-23,838,838,838,838,1693,-1708,0,0
2002-10-24,-232,-232,-232,-232,1693,-1708,0,0
2002-10-25,949,949,949,949,1693,-1708,0,0
2002-10-28,-224,-224,-224,-224,1693,-1708,0,0
2002-10-29,-299,-299,-299,-299,1693,-1708,0,0
2002-10-30,806,806,806,806,1693,-1708,0,0
2002-10-31,167,167,167,167,1693,-1708,0,0
2002-11-01,1145,1145,1145,1145,1693,-1708,0,0
2002-11-04,843,843,843,843,1693,-1708,0,0
2002-11-05,-42,-42,-42,-42,1693,-1708,0,0
2002-11-06,894,894,894,894,1693,-1708,0,0
2002-11-07,-1114,-1114,-1114,-1114,1693,-718,0,0
2002-11-08,-422,-422,-422,-422,1693,-1114,0,0
2002-11-11,-1452,-1452,-1452,-1452,1693,-1114,0,0
2002-11-12,877,877,877,877,1693,-1452,0,0
2002-11-13,20,20,20,20,1512,-1452,0,0
2002-11-14,1218,1218,1218,1218,1512,-1452,0,0
2002-11-15,-180,-180,-180,-180,1218,-1452,0,0
2002-11-18,-537,-537,-537,-537,1218,-1452,0,0
2002-11-19,-497,-497,-497,-497,1218,-1452,0,0
2002-11-20,1221,1221,1221,1221,1218,-1452,0,0
2002-11-21,1235,1235,1235,1235,1221,-1452,0,0
2002-11-22,285,285,285,285,1235,-1452,0,0
2002-11-25,729,729,729,729,1235,-1452,0,0
2002-11-26,-780,-780,-780,-780,1235,-1452,0,0
2002-11-27,1669,1669,1669,1669,1235,-1452,0,0
2002-11-29,-29,-29,-29,-29,1669,-1452,0,0
2002-12-02,53,53,53,53,1669,-1452,0,0
2002-12-03,-1193,-1193,-1193,-1193,1669,-1452,0,0
2002-12-04,-604,-604,-604,-604,1669,-1452,0,0
2002-12-05,-718,-718,-718,-718,1669,-1452,0,0
2002-12-06,237,237,237,237,1669,-1452,0,0
2002-12-09,-1574,-1574,-1574,-1574,1669,-1452,0,0
2002-12-10,712,712,712,712,1669,-1574,0,0
2002-12-11,39,39,39,39,1669,-1574,0,0
2002-12-12,-63,-63,-63,-63,1669,-1574,0,0
2002-12-13,-1272,-1272,-1272,-1272,1669,-1574,0,0
2002-12-16,835,835,835,835,1669,-1574,0,0
2002-12-17,-610,-610,-610,-610,1669,-1574,0,0
2002-12-18,-1354,-1354,-1354,-1354,1669,-1574,0,0
2002-12-19,-307,-307,-307,-307,1669,-1574,0,0
2002-12-20,445,445,445,445,1669,-1574,0,0
2002-12-23,351,351,351,351,1669,-1574,0,0
2002-12-24,-435,-435,-435,-435,1669,-1574,0,0
2002-12-26,194,194,194,194,1669,-1574,0,0
2002-12-27,-964,-964,-964,-964,1669,-1574,0,0
2002-12-30,-753,-753,-753,-753,835,-1574,0,0
2002-12-31,565,565,565,565,835,-1574,0,0
2003-01-02,1286,1286,1286,1286,835,-1574,0,0
2003-01-03,-129,-129,-129,-129,1286,-1574,0,0
2003-01-06,1059,1059,1059,1059,1286,-1574,0,0
2003-01-07,-204,-204,-204,-204,1286,-1574,0,0
2003-01-08,-872,-872,-872,-872,1286,-1574,0,0
2003-01-09,1347,1347,1347,1347,1286,-1354,0,0
2003-01-10,288,288,288,288,1347,-1354,0,0
2003-01-13,-37,-37,-37,-37,1347,-1354,0,0
2003-01-14,570,570,570,570,1347,-1354,0,0
2003-01-15,-576,-576,-576,-576,1347,-1354,0,0
2003-01-16,-319,-319,-319,-319,1347,-1354,0,0
2003-01-17,-1080,-1080,-1080,-1080,1347,-1354,0,0
2003-01-21,-842,-842,-842,-842,1347,-1080,0,0
2003-01-22,-657,-657,-657,-657,1347,-1080,0,0
2003-01-23,532,532,532,532,1347,-1080,0,0
2003-01-24,-1468,-1468,-1468,-1468,1347,-1080,0,0
2003-01-27,-1301,-1301,-1301,-1301,1347,-1468,0,0
2003-01-28,819,819,819,819,1347,-1468,0,0
2003-01-29,-26,-26,-26,-26,1347,-1468,0,0
2003-01-30,-1200,-1200,-1200,-1200,1347,-1468,0,0
2003-01-31,493,493,493,493,1347,-1468,0,0
2003-02-03,-306,-306,-306,-306,1347,-1468,0,0
2003-02-04,-760,-760,-760,-760,1347,-1468,0,0
2003-02-05,-342,-342,-342,-342,1347,-1468,0,0
2003-02-06,-585,-585,-585,-585,1347,-1468,0,0
2003-02-07,-1041,-1041,-1041,-1041,1347,-1468,0,0
2003-02-10,310,310,310,310,819,-1468,0,0
2003-02-11,-271,-271,-271,-271,819,-1468,0,0
2003-02-12,-1081,-1081,-1081,-1081,819,-1468,0,0
2003-02-13,-590,-590,-590,-590,819,-1468,0,0
2003-02-14,784,784,784,784,819,-1468,0,0
2003-02-18,1104,1104,1104,1104,819,-1468,0,0
2003-02-19,-753,-753,-753,-753,1104,-1468,0,0
2003-02-20,26,26,26,26,1104,-1468,0,0
2003-02-21,815,815,815,815,1104,-1468,0,0
2003-02-24,-1141,-1141,-1141,-1141,1104,-1468,0,0
2003-02-25,151,151,151,151,1104,-1301,0,0
2003-02-26,-682,-682,-682,-682,1104,-1200,0,0
2003-02-27,636,636,636,636,1104,-1200,0,0
2003-02-28,68,68,68,68,1104,-1200,0,0
2003-03-03,-399,-399,-399,-399,1104,-1141,0,0
2003-03-04,-789,-789,-789,-789,1104,-1141,0,0
2003-03-05,-74,-74,-74,-74,1104,-1141,0,0
2003-03-06,-675,-675,-675,-675,1104,-1141,0,0
2003-03-07,-187,-187,-187,-187,1104,-1141,0,0
2003-03-10,-1388,-1388,-1388,-1388,1104,-1141,0,0
2003-03-11,-303,-303,-303,-303,1104,-1388,0,0
2003-03-12,-205,-205,-205,-205,1104,-1388,0,0
2003-03-13,1382,1382,1382,1382,1104,-1388,0,0
2003-03-14,-129,-129,-129,-129,1382,-1388,0,0
2003-03-17,1059,1059,1059,1059,1382,-1388,0,0
2003-03-18,341,341,341,341,1382,-1388,0,0
2003-03-19,99,99,99,99,1382,-1388,0,0
2003-03-20,325,325,325,325,1382,-1388,0,0
2003-03-21,944,944,944,944,1382,-1388,0,0
2003-03-24,-1628,-1628,-1628,-1628,1382,-1388,0,0
2003-03-25,918,918,918,918,1382,-1628,0,0
2003-03-26,-332,-332,-332,-332,1382,-1628,0,0
2003-03-27,29,29,29,29,1382,-1628,0,0
2003-03-28,-181,-181,-181,-181,1382,-1628,0,0
2003-03-31,-606,-606,-606,-606,1382,-1628,0,0
2003-04-01,555,555,555,555,1382,-1628,0,0
2003-04-02,1326,1326,1326,1326,1382,-1628,0,0
2003-04-03,-56,-56,-56,-56,1382,-1628,0,0
2003-04-04,-277,-277,-277,-277,1382,-1628,0,0
2003-04-07,671,671,671,671,1382,-1628,0,0
2003-04-08,-343,-343,-343,-343,1382,-1628,0,0
2003-04-09,-343,-343,-343,-343,1382,-1628,0,0
2003-04-10,99,99,99,99,1382,-1628,0,0
2003-04-11,-193,-193,-193,-193,1326,-1628,0,0
2003-04-14,956,956,956,956,1326,-1628,0,0
2003-04-15,403,403,403,403,1326,-1628,0,0
2003-04-16,-260,-260,-260,-260,1326,-1628,0,0
2003-04-17,1118,1118,1118,1118,1326,-1628,0,0
2003-04-21,210,210,210,210,1326,-1628,0,0
2003-04-22,1087,1087,1087,1087,1326,-1628,0,0
2003-04-23,729,729,729,729,1326,-606,0,0
2003-04-24,-430,-430,-430,-430,1326,-606,0,0
2003-04-25,-536,-536,-536,-536,1326,-606,0,0
2003-04-28,1085,1085,1085,1085,1326,-606,0,0
2003-04-29,190,190,190,190,1326,-606,0,0
2003-04-30,397,397,397,397,1326,-536,0,0
2003-05-01,293,293,293,293,1326,-536,0,0
2003-05-02,1359,1359,1359,1359,1118,-536,0,0
2003-05-05,400,400,400,400,1359,-536,0,0
2003-05-06,628,628,628,628,1359,-536,0,0
2003-05-07,-381,-381,-381,-381,1359,-536,0,0
2003-05-08,-680,-680,-680,-680,1359,-536,0,0
2003-05-09,1180,1180,1180,1180,1359,-680,0,0
2003-05-12,862,862,862,862,1359,-680,0,0
2003-05-13,114,114,114,114,1359,-680,0,0
2003-05-14,59,59,59,59,1359,-680,0,0
2003-05-15,564,564,564,564,1359,-680,0,0
2003-05-16,-547,-547,-547,-547,1359,-680,0,0
2003-05-19,-1271,-1271,-1271,-1271,1359,-680,0,0
2003-05-20,-172,-172,-172,-172,1359,-1271,0,0
2003-05-21,210,210,210,210,1359,-1271,0,0
2003-05-22,726,726,726,726,1359,-1271,0,0
2003-05-23,553,553,553,553,1359,-1271,0,0
2003-05-27,1422,1422,1422,1422,1359,-1271,0,0
2003-05-28,544,544,544,544,1422,-1271,0,0
2003-05-29,517,517,517,517,1422,-1271,0,0
2003-05-30,1237,1237,1237,1237,1422,-1271,0,0
2003-06-02,186,186,186,186,1422,-1271,0,0
2003-06-03,94,94,94,94,1422,-1271,0,0
2003-06-04,1200,1200,1200,1200,1422,-1271,0,0
2003-06-05,714,714,714,714,1422,-1271,0,0
2003-06-06,-279,-279,-279,-279,1422,-1271,0,0
2003-06-09,-946,-946,-946,-946,1422,-1271,0,0
2003-06-10,911,911,911,911,1422,-1271,0,0
2003-06-11,568,568,568,568,1422,-1271,0,0
2003-06-12,157,157,157,157,1422,-1271,0,0
2003-06-13,-997,-997,-997,-997,1422,-1271,0,0
2003-06-16,936,936,936,936,1422,-1271,0,0
2003-06-17,147,147,147,147,1422,-1271,0,0
2003-06-18,15,15,15,15,1422,-997,0,0
2003-06-19,-982,-982,-982,-982,1422,-997,0,0
2003-06-20,-36,-36,-36,-36,1422,-997,0,0
2003-06-23,-1640,-1640,-1640,-1640,1422,-997,0,0
2003-06-24,80,80,80,80,1422,-1640,0,0
2003-06-25,238,238,238,238,1237,-1640,0,0
2003-06-26,809,809,809,809,1237,-1640,0,0
2003-06-27,-224,-224,-224,-224,1237,-1640,0,0
2003-06-30,-109,-109,-109,-109,1200,-1640,0,0
2003-07-01,188,188,188,188,1200,-1640,0,0
2003-07-02,1477,1477,1477,1477,1200,-1640,0,0
2003-07-03,-412,-412,-412,-412,1477,-1640,0,0
2003-07-07,1361,1361,1361,1361,1477,-1640,0,0
2003-07-08,978,978,978,978,1477,-1640,0,0
2003-07-09,435,435,435,435,1477,-1640,0,0
2003-07-10,-1055,-1055,-1055,-1055,1477,-1640,0,0
2003-07-11,841,841,841,841,1477,-1640,0,0
2003-07-14,900,900,900,900,1477,-1640,0,0
2003-07-15,-334,-334,-334,-334,1477,-1640,0,0
2003-07-16,-456,-456,-456,-456,1477,-1640,0,0
2003-07-17,-1862,-1862,-1862,-1862,1477,-1640,0,0
2003-07-18,545,545,545,545,1477,-1862,0,0
2003-07-21,-1022,-1022,-1022,-1022,1477,-1862,0,0
2003-07-22,990,990,990,990,1477,-1862,0,0
2003-07-23,302,302,302,302,1477,-1862,0,0
2003-07-24,-139,-139,-139,-139,1477,-1862,0,0
2003-07-25,531,531,531,531,1477,-1862,0,0
2003-07-28,682,682,682,682,1477,-1862,0,0
2003-07-29,-16,-16,-16,-16,1477,-1862,0,0
2003-07-30,-363,-363,-363,-363,1477,-1862,0,0
2003-07-31,567,567,567,567,1477,-1862,0,0
2003-08-01,-1048,-1048,-1048,-1048,1361,-1862,0,0
2003-08-04,-569,-569,-569,-569,1361,-1862,0,0
2003-08-05,-1054,-1054,-1054,-1054,990,-1862,0,0
2003-08-06,-763,-763,-763,-763,990,-1862,0,0
2003-08-07,-194,-194,-194,-194,990,-1862,0,0
2003-08-08,-104,-104,-104,-104,990,-1862,0,0
2003-08-11,779,779,779,779,990,-1862,0,0
2003-08-12,1137,1137,1137,1137,990,-1862,0,0
2003-08-13,78,78,78,78,1137,-1862,0,0
2003-08-14,676,676,676,676,1137,-1862,0,0
2003-08-15,7,7,7,7,1137,-1054,0,0
2003-08-18,1102,1102,1102,1102,1137,-1054,0,0
2003-08-19,923,923,923,923,1137,-1054,0,0
2003-08-20,68,68,68,68,1137,-1054,0,0
2003-08-21,932,932,932,932,1137,-1054,0,0
2003-08-22,-1036,-1036,-1036,-1036,1137,-1054,0,0
2003-08-25,-463,-463,-463,-463,1137,-1054,0,0
2003-08-26,150,150,150,150,1137,-1054,0,0
2003-08-27,765,765,765,765,1137,-1054,0,0
2003-08-28,654,654,654,654,1137,-1054,0,0
2003-08-29,475,475,475,475,1137,-1054,0,0
2003-09-02,1242,1242,1242,1242,1137,-1054,0,0
2003-09-03,491,491,491,491,1242,-1054,0,0
2003-09-04,459,459,459,459,1242,-1036,0,0
2003-09-05,-360,-360,-360,-360,1242,-1036,0,0
2003-09-08,1116,1116,1116,1116,1242,-1036,0,0
2003-09-09,-566,-566,-566,-566,1242,-1036,0,0
2003-09-10,-1578,-1578,-1578,-1578,1242,-1036,0,0
2003-09-11,936,936,936,936,1242,-1578,0,0
2003-09-12,252,252,252,252,1242,-1578,0,0
2003-09-15,-183,-183,-183,-183,1242,-1578,0,0
2003-09-16,1186,1186,1186,1186,1242,-1578,0,0
2003-09-17,-73,-73,-73,-73,1242,-1578,0,0
2003-09-18,745,745,745,745,1242,-1578,0,0
2003-09-19,92,92,92,92,1242,-1578,0,0
2003-09-22,-1009,-1009,-1009,-1009,1242,-1578,0,0
2003-09-23,816,816,816,816,1242,-1578,0,0
2003-09-24,-1265,-1265,-1265,-1265,1242,-1578,0,0
2003-09-25,-1512,-1512,-1512,-1512,1242,-1578,0,0
2003-09-26,-1548,-1548,-1548,-1548,1242,-1578,0,0
2003-09-29,709,709,709,709,1242,-1578,0,0
2003-09-30,-641,-641,-641,-641,1242,-1578,0,0
2003-10-01,1293,1293,1293,1293,1186,-1578,0,0
2003-10-02,331,331,331,331,1293,-1578,0,0
2003-10-03,1193,1193,1193,1193,1293,-1578,0,0
2003-10-06,877,877,877,877,1293,-1578,0,0
2003-10-07,742,742,742,742,1293,-1578,0,0
2003-10-08,-590,-590,-590,-590,1293,-1578,0,0
2003-10-09,645,645,645,645,1293,-1548,0,0
2003-10-10,-218,-218,-218,-218,1293,-1548,0,0
2003-10-13,1226,1226,1226,1226,1293,-1548,0,0
2003-10-14,814,814,814,814,1293,-1548,0,0
2003-10-15,-551,-551,-551,-551,1293,-1548,0,0
2003-10-16,500,500,500,500,1293,-1548,0,0
2003-10-17,-1223,-1223,-1223,-1223,1293,-1548,0,0
2003-10-20,55,55,55,55,1293,-1548,0,0
2003-10-21,499,499,499,499,1293,-1548,0,0
2003-10-22,-1606,-1606,-1606,-1606,1293,-1548,0,0
2003-10-23,-502,-502,-502,-502,1293,-1606,0,0
2003-10-24,-631,-631,-631,-631,1293,-1606,0,0
2003-10-27,990,990,990,990,1293,-1606,0,0
2003-10-28,1323,1323,1323,1323,1293,-1606,0,0
2003-10-29,733,733,733,733,1323,-1606,0,0
2003-10-30,-231,-231,-231,-231,1323,-1606,0,0
2003-10-31,-97,-97,-97,-97,1323,-1606,0,0
2003-11-03,1090,1090,1090,1090,1323,-1606,0,0
2003-11-04,-5,-5,-5,-5,1323,-1606,0,0
2003-11-05,31,31,31,31,1323,-1606,0,0
2003-11-06,503,503,503,503,1323,-1606,0,0
2003-11-07,61,61,61,61,1323,-1606,0,0
2003-11-10,-1148,-1148,-1148,-1148,1323,-1606,0,0
2003-11-11,-941,-941,-941,-941,1323,-1606,0,0
2003-11-12,1593,1593,1593,1593,1323,-1606,0,0
2003-11-13,-13,-13,-13,-13,1593,-1606,0,0
2003-11-14,-1110,-1110,-1110,-1110,1593,-1606,0,0
2003-11-17,-1208,-1208,-1208,-1208,1593,-1606,0,0
2003-11-18,-740,-740,-740,-740,1593,-1606,0,0
2003-11-19,543,543,543,543,1593,-1606,0,0
2003-11-20,-742,-742,-742,-742,1593,-1208,0,0
2003-11-21,296,296,296,296,1593,-1208,0,0
2003-11-24,1391,1391,1391,1391,1593,-1208,0,0
2003-11-25,573,573,573,573,1593,-1208,0,0
2003-11-26,480,480,480,480,1593,-1208,0,0
2003-11-28,515,515,515,515,1593,-1208,0,0
2003-12-01,971,971,971,971,1593,-1208,0,0
2003-12-02,-166,-166,-166,-166,1593,-1208,0,0
2003-12-03,-943,-943,-943,-943,1593,-1208,0,0
2003-12-04,-229,-229,-229,-229,1593,-1208,0,0
2003-12-05,-979,-979,-979,-979,1593,-1208,0,0
2003-12-08,190,190,190,190,1593,-1208,0,0
2003-12-09,-1246,-1246,-1246,-1246,1593,-1208,0,0
2003-12-10,-1025,-1025,-1025,-1025,1593,-1246,0,0
2003-12-11,1538,1538,1538,1538,1593,-1246,0,0
2003-12-12,774,774,774,774,1538,-1246,0,0
2003-12-15,-1313,-1313,-1313,-1313,1538,-1246,0,0
2003-12-16,-63,-63,-63,-63,1538,-1313,0,0
2003-12-17,-323,-323,-323,-323,1538,-1313,0,0
2003-12-18,1136,1136,1136,1136,1538,-1313,0,0
2003-12-19,-199,-199,-199,-199,1538,-1313,0,0
2003-12-22,111,111,111,111,1538,-1313,0,0
2003-12-23,937,937,937,937,1538,-1313,0,0
2003-12-24,-242,-242,-242,-242,1538,-1313,0,0
2003-12-26,550,550,550,550,1538,-1313,0,0
2003-12-29,1263,1263,1263,1263,1538,-1313,0,0
2003-12-30,291,291,291,291,1538,-1313,0,0
2003-12-31,-503,-503,-503,-503,1538,-1313,0,0
2004-01-02,604,604,604,604,1538,-1313,0,0
2004-01-05,1061,1061,1061,1061,1538,-1313,0,0
2004-01-06,392,392,392,392,1538,-1313,0,0
2004-01-07,526,526,526,526,1538,-1313,0,0
2004-01-08,767,767,767,767,1538,-1313,0,0
2004-01-09,-621,-621,-621,-621,1538,-1313,0,0
2004-01-12,1020,1020,1020,1020,1538,-1313,0,0
2004-01-13,-353,-353,-353,-353,1263,-1313,0,0
2004-01-14,648,648,648,648,1263,-1313,0,0
2004-01-15,116,116,116,116,1263,-621,0,0
2004-01-16,742,742,742,742,1263,-621,0,0
2004-01-20,1038,1038,1038,1038,1263,-621,0,0
2004-01-21,-187,-187,-187,-187,1263,-621,0,0
2004-01-22,-837,-837,-837,-837,1263,-621,0,0
2004-01-23,461,461,461,461,1263,-837,0,0
2004-01-26,921,921,921,921,1263,-837,0,0
2004-01-27,-701,-701,-701,-701,1263,-837,0,0
2004-01-28,-1456,-1456,-1456,-1456,1263,-837,0,0
2004-01-29,-974,-974,-974,-974,1061,-1456,0,0
2004-01-30,250,250,250,250,1061,-1456,0,0
2004-02-02,-202,-202,-202,-202,1061,-1456,0,0
2004-02-03,-223,-223,-223,-223,1061,-1456,0,0
2004-02-04,-1784,-1784,-1784,-1784,1038,-1456,0,0
2004-02-05,360,360,360,360,1038,-1784,0,0
2004-02-06,1575,1575,1575,1575,1038,-1784,0,0
2004-02-09,319,319,319,319,1575,-1784,0,0
2004-02-10,847,847,847,847,1575,-1784,0,0
2004-02-11,620,620,620,620,1575,-1784,0,0
2004-02-12,-692,-692,-692,-692,1575,-1784,0,0
2004-02-13,-1051,-1051,-1051,-1051,1575,-1784,0,0
2004-02-17,1001,1001,1001,1001,1575,-1784,0,0
2004-02-18,-557,-557,-557,-557,1575,-1784,0,0
2004-02-19,-986,-986,-986,-986,1575,-1784,0,0
2004-02-20,-776,-776,-776,-776,1575,-1784,0,0
2004-02-23,-1398,-1398,-1398,-1398,1575,-1784,0,0
2004-02-24,-337,-337,-337,-337,1575,-1784,0,0
2004-02-25,885,885,885,885,1575,-1784,0,0
2004-02-26,684,684,684,684,1575,-1784,0,0
2004-02-27,320,320,320,320,1575,-1784,0,0
2004-03-01,1105,1105,1105,1105,1575,-1784,0,0
2004-03-02,-738,-738,-738,-738,1575,-1784,0,0
2004-03-03,-48,-48,-48,-48,1575,-1784,0,0
2004-03-04,1050,1050,1050,1050,1575,-1784,0,0
2004-03-05,-8,-8,-8,-8,1575,-1398,0,0
2004-03-08,-1045,-1045,-1045,-1045,1575,-1398,0,0
2004-03-09,-1092,-1092,-1092,-1092,1105,-1398,0,0
2004-03-10,-1733,-1733,-1733,-1733,1105,-1398,0,0
2004-03-11,-1445,-1445,-1445,-1445,1105,-1733,0,0
2004-03-12,1605,1605,1605,1605,1105,-1733,0,0
2004-03-15,-1878,-1878,-1878,-1878,1605,-1733,0,0
2004-03-16,-143,-143,-143,-143,1605,-1878,0,0
2004-03-17,1531,1531,1531,1531,1605,-1878,0,0
2004-03-18,-677,-677,-677,-677,1605,-1878,0,0
2004-03-19,-682,-682,-682,-682,1605,-1878,0,0
2004-03-22,-1875,-1875,-1875,-1875,1605,-1878,0,0
2004-03-23,66,66,66,66,1605,-1878,0,0
2004-03-24,-271,-271,-271,-271,1605,-1878,0,0
2004-03-25,1496,1496,1496,1496,1605,-1878,0,0
2004-03-26,73,73,73,73,1605,-1878,0,0
2004-03-29,1334,1334,1334,1334,1605,-1878,0,0
2004-03-30,611,611,611,611,1605,-1878,0,0
2004-03-31,301,301,301,301,1605,-1878,0,0
2004-04-01,839,839,839,839,1605,-1878,0,0
2004-04-02,1233,1233,1233,1233,1605,-1878,0,0
2004-04-05,772,772,772,772,1605,-1878,0,0
2004-04-06,-1076,-1076,-1076,-1076,1605,-1878,0,0
2004-04-07,4,4,4,4,1605,-1878,0,0
2004-04-08,-229,-229,-229,-229,1605,-1878,0,0
2004-04-12,475,475,475,475,1605,-1878,0,0
2004-04-13,-1849,-1849,-1849,-1849,1531,-1878,0,0
2004-04-14,-715,-715,-715,-715,1531,-1875,0,0
2004-04-15,-752,-752,-752,-752,1531,-1875,0,0
2004-04-16,106,106,106,106,1496,-1875,0,0
2004-04-19,397,397,397,397,1496,-1875,0,0
2004-04-20,-1356,-1356,-1356,-1356,1496,-1875,0,0
2004-04-21,615,615,615,615,1496,-1849,0,0
2004-04-22,1013,1013,1013,1013,1496,-1849,0,0
2004-04-23,-235,-235,-235,-235,1496,-1849,0,0
2004-04-26,-502,-502,-502,-502,1334,-1849,0,0
2004-04-27,-43,-43,-43,-43,1334,-1849,0,0
2004-04-28,-1873,-1873,-1873,-1873,1233,-1849,0,0
2004-04-29,-1517,-1517,-1517,-1517,1233,-1873,0,0
2004-04-30,-1266,-1266,-1266,-1266,1233,-1873,0,0
2004-05-03,298,298,298,298,1233,-1873,0,0
2004-05-04,577,577,577,577,1013,-1873,0,0
2004-05-05,254,254,254,254,1013,-1873,0,0
2004-05-06,-1333,-1333,-1333,-1333,1013,-1873,0,0
2004-05-07,-1514,-1514,-1514,-1514,1013,-1873,0,0
2004-05-10,-1796,-1796,-1796,-1796,1013,-1873,0,0
2004-05-11,1345,1345,1345,1345,1013,-1873,0,0
2004-05-12,-321,-321,-321,-321,1345,-1873,0,0
2004-05-13,-404,-404,-404,-404,1345,-1873,0,0
2004-05-14,-945,-945,-945,-945,1345,-1873,0,0
2004-05-17,-1671,-1671,-1671,-1671,1345,-1873,0,0
2004-05-18,862,862,862,862,1345,-1873,0,0
2004-05-19,172,172,172,172,1345,-1873,0,0
2004-05-20,-446,-446,-446,-446,1345,-1873,0,0
2004-05-21,860,860,860,860,1345,-1873,0,0
2004-05-24,776,776,776,776,1345,-1873,0,0
2004-05-25,1388,1388,1388,1388,1345,-1873,0,0
2004-05-26,547,547,547,547,1388,-1873,0,0
2004-05-27,283,283,283,283,1388,-1796,0,0
2004-05-28,128,128,128,128,1388,-1796,0,0
2004-06-01,289,289,289,289,1388,-1796,0,0
2004-06-02,97,97,97,97,1388,-1796,0,0
2004-06-03,-1347,-1347,-1347,-1347,1388,-1796,0,0
2004-06-04,1001,1001,1001,1001,1388,-1796,0,0
2004-06-07,1337,1337,1337,1337,1388,-1796,0,0
2004-06-08,-378,-378,-378,-378,1388,-1796,0,0
2004-06-09,-1461,-1461,-1461,-1461,1388,-1671,0,0
2004-06-10,58,58,58,58,1388,-1671,0,0
2004-06-14,-1527,-1527,-1527,-1527,1388,-1671,0,0
2004-06-15,1115,1115,1115,1115,1388,-1671,0,0
2004-06-16,243,243,243,243,1388,-1671,0,0
2004-06-17,-623,-623,-623,-623,1388,-1527,0,0
2004-06-18,-184,-184,-184,-184,1388,-1527,0,0
2004-06-21,-367,-367,-367,-367,1388,-1527,0,0
2004-06-22,403,403,403,403,1388,-1527,0,0
2004-06-23,995,995,995,995,1388,-1527,0,0
2004-06-24,133,133,133,133,1388,-1527,0,0
2004-06-25,492,492,492,492,1337,-1527,0,0
2004-06-28,-401,-401,-401,-401,1337,-1527,0,0
2004-06-29,562,562,562,562,1337,-1527,0,0
2004-06-30,675,675,675,675,1337,-1527,0,0
2004-07-01,-1207,-1207,-1207,-1207,1337,-1527,0,0
2004-07-02,-103,-103,-103,-103,1337,-1527,0,0
2004-07-06,-1544,-1544,-1544,-1544,1337,-1527,0,0
2004-07-07,-211,-211,-211,-211,1337,-1544,0,0
2004-07-08,-1668,-1668,-1668,-1668,1115,-1544,0,0
2004-07-09,473,473,473,473,1115,-1668,0,0
2004-07-12,-544,-544,-544,-544,1115,-1668,0,0
2004-07-13,-89,-89,-89,-89,1115,-1668,0,0
2004-07-14,-782,-782,-782,-782,1115,-1668,0,0
2004-07-15,-5,-5,-5,-5,995,-1668,0,0
2004-07-16,-1177,-1177,-1177,-1177,995,-1668,0,0
2004-07-19,-554,-554,-554,-554,995,-1668,0,0
2004-07-20,1105,1105,1105,1105,995,-1668,0,0
2004-07-21,-1580,-1580,-1580,-1580,1105,-1668,0,0
2004-07-22,-470,-470,-470,-470,1105,-1668,0,0
2004-07-23,-1411,-1411,-1411,-1411,1105,-1668,0,0
2004-07-26,-1118,-1118,-1118,-1118,1105,-1668,0,0
2004-07-27,1175,1175,1175,1175,1105,-1668,0,0
2004-07-28,-717,-717,-717,-717,1175,-1668,0,0
2004-07-29,1079,1079,1079,1079,1175,-1668,0,0
2004-07-30,467,467,467,467,1175,-1668,0,0
2004-08-02,-484,-484,-484,-484,1175,-1668,0,0
2004-08-03,-1083,-1083,-1083,-1083,1175,-1668,0,0
2004-08-04,-356,-356,-356,-356,1175,-1668,0,0
2004-08-05,-1411,-1411,-1411,-1411,1175,-1668,0,0
2004-08-06,-1783,-1783,-1783,-1783,1175,-1580,0,0
2004-08-09,-594,-594,-594,-594,1175,-1783,0,0
2004-08-10,1352,1352,1352,1352,1175,-1783,0,0
2004-08-11,-826,-826,-826,-826,1352,-1783,0,0
2004-08-12,-1421,-1421,-1421,-1421,1352,-1783,0,0
2004-08-13,-7,-7,-7,-7,1352,-1783,0,0
2004-08-16,1105,1105,1105,1105,1352,-1783,0,0
2004-08-17,496,496,496,496,1352,-1783,0,0
2004-08-18,1466,1466,1466,1466,1352,-1783,0,0
2004-08-19,-626,-626,-626,-626,1466,-1783,0,0
2004-08-20,1373,1373,1373,1373,1466,-1783,0,0
2004-08-23,-551,-551,-551,-551,1466,-1783,0,0
2004-08-24,266,266,266,266,1466,-1783,0,0
2004-08-25,1062,1062,1062,1062,1466,-1783,0,0
2004-08-26,-562,-562,-562,-562,1466,-1783,0,0
2004-08-27,776,776,776,776,1466,-1783,0,0
2004-08-30,-1125,-1125,-1125,-1125,1466,-1783,0,0
2004-08-31,571,571,571,571,1466,-1783,0,0
2004-09-01,585,585,585,585,1466,-1783,0,0
2004-09-02,1014,1014,1014,1014,1466,-1783,0,0
2004-09-03,-713,-713,-713,-713,1466,-1783,0,0
2004-09-07,784,784,784,784,1466,-1421,0,0
2004-09-08,-787,-787,-787,-787,1466,-1421,0,0
2004-09-09,898,898,898,898,1466,-1421,0,0
2004-09-10,820,820,820,820,1466,-1421,0,0
2004-09-13,657,657,657,657,1466,-1125,0,0
2004-09-14,-205,-205,-205,-205,1466,-1125,0,0
2004-09-15,-713,-713,-713,-713,1466,-1125,0,0
2004-09-16,878,878,878,878,1466,-1125,0,0
2004-09-17,39,39,39,39,1373,-1125,0,0
2004-09-20,-534,-534,-534,-534,1373,-1125,0,0
2004-09-21,962,962,962,962,1062,-1125,0,0
2004-09-22,-1499,-1499,-1499,-1499,1062,-1125,0,0
2004-09-23,-231,-231,-231,-231,1062,-1499,0,0
2004-09-24,-91,-91,-91,-91,1014,-1499,0,0
2004-09-27,-1365,-1365,-1365,-1365,1014,-1499,0,0
2004-09-28,706,706,706,706,1014,-1499,0,0
2004-09-29,1011,1011,1011,1011,1014,-1499,0,0
2004-09-30,402,402,402,402,1014,-1499,0,0
2004-10-01,1273,1273,1273,1273,1014,-1499,0,0
2004-10-04,651,651,651,651,1273,-1499,0,0
2004-10-05,-315,-315,-315,-315,1273,-1499,0,0
2004-10-06,762,762,762,762,1273,-1499,0,0
2004-10-07,-1208,-1208,-1208,-1208,1273,-1499,0,0
2004-10-08,-1177,-1177,-1177,-1177,1273,-1499,0,0
2004-10-11,591,591,591,591,1273,-1499,0,0
2004-10-12,-439,-439,-439,-439,1273,-1499,0,0
2004-10-13,-693,-693,-693,-693,1273,-1499,0,0
2004-10-14,-1159,-1159,-1159,-1159,1273,-1499,0,0
2004-10-15,555,555,555,555,1273,-1499,0,0
2004-10-18,573,573,573,573,1273,-1499,0,0
2004-10-19,-686,-686,-686,-686,1273,-1499,0,0
2004-10-20,371,371,371,371,1273,-1499,0,0
2004-10-21,716,716,716,716,1273,-1365,0,0
2004-10-22,-1059,-1059,-1059,-1059,1273,-1365,0,0
2004-10-25,272,272,272,272,1273,-1365,0,0
2004-10-26,619,619,619,619,1273,-1208,0,0
2004-10-27,1210,1210,1210,1210,1273,-1208,0,0
2004-10-28,-91,-91,-91,-91,1273,-1208,0,0
2004-10-29,-25,-25,-25,-25,1273,-1208,0,0
2004-11-01,71,71,71,71,1210,-1208,0,0
2004-11-02,15,15,15,15,1210,-1208,0,0
2004-11-03,1129,1129,1129,1129,1210,-1208,0,0
2004-11-04,637,637,637,637,1210,-1208,0,0
2004-11-05,623,623,623,623,1210,-1177,0,0
2004-11-08,-267,-267,-267,-267,1210,-1159,0,0
2004-11-09,372,372,372,372,1210,-1159,0,0
2004-11-10,201,201,201,201,1210,-1159,0,0
2004-11-11,975,975,975,975,1210,-1159,0,0
2004-11-12,706,706,706,706,1210,-1059,0,0
2004-11-15,363,363,363,363,1210,-1059,0,0
2004-11-16,-776,-776,-776,-776,1210,-1059,0,0
2004-11-17,982,982,982,982,1210,-1059,0,0
2004-11-18,-141,-141,-141,-141,1210,-1059,0,0
2004-11-19,-1106,-1106,-1106,-1106,1210,-1059,0,0
2004-11-22,572,572,572,572,1210,-1106,0,0
2004-11-23,342,342,342,342,1210,-1106,0,0
2004-11-24,741,741,741,741,1210,-1106,0,0
2004-11-26,471,471,471,471,1129,-1106,0,0
2004-11-29,427,427,427,427,1129,-1106,0,0
2004-11-30,-303,-303,-303,-303,1129,-1106,0,0
2004-12-01,1103,1103,1103,1103,1129,-1106,0,0
2004-12-02,153,153,153,153,1129,-1106,0,0
2004-12-03,-181,-181,-181,-181,1103,-1106,0,0
2004-12-06,-358,-358,-358,-358,1103,-1106,0,0
2004-12-07,-1564,-1564,-1564,-1564,1103,-1106,0,0
2004-12-08,349,349,349,349,1103,-1564,0,0
2004-12-09,-386,-386,-386,-386,1103,-1564,0,0
2004-12-10,232,232,232,232,1103,-1564,0,0
2004-12-13,728,728,728,728,1103,-1564,0,0
2004-12-14,638,638,638,638,1103,-1564,0,0
2004-12-15,503,503,503,503,1103,-1564,0,0
2004-12-16,-742,-742,-742,-742,1103,-1564,0,0
2004-12-17,-69,-69,-69,-69,1103,-1564,0,0
2004-12-20,-832,-832,-832,-832,1103,-1564,0,0
2004-12-21,931,931,931,931,1103,-1564,0,0
2004-12-22,312,312,312,312,1103,-1564,0,0
2004-12-23,329,329,329,329,1103,-1564,0,0
2004-12-27,-476,-476,-476,-476,1103,-1564,0,0
2004-12-28,1406,1406,1406,1406,1103,-1564,0,0
2004-12-29,-244,-244,-244,-244,1406,-1564,0,0
2004-12-30,281,281,281,281,1406,-1564,0,0
2004-12-31,102,102,102,102,1406,-1564,0,0
2005-01-03,-1285,-1285,-1285,-1285,1406,-1564,0,0
2005-01-04,-1624,-1624,-1624,-1624,1406,-1564,0,0
2005-01-05,-1344,-1344,-1344,-1344,1406,-1624,0,0
2005-01-06,-28,-28,-28,-28,1406,-1624,0,0
2005-01-07,-700,-700,-700,-700,1406,-1624,0,0
2005-01-10,296,296,296,296,1406,-1624,0,0
2005-01-11,-1212,-1212,-1212,-1212,1406,-1624,0,0
2005-01-12,149,149,149,149,1406,-1624,0,0
2005-01-13,-839,-839,-839,-839,1406,-1624,0,0
2005-01-14,1062,1062,1062,1062,1406,-1624,0,0
2005-01-18,831,831,831,831,1406,-1624,0,0
2005-01-19,-1140,-1140,-1140,-1140,1406,-1624,0,0
2005-01-20,-1223,-1223,-1223,-1223,1406,-1624,0,0
2005-01-21,-390,-390,-390,-390,1406,-1624,0,0
2005-01-24,-1277,-1277,-1277,-1277,1406,-1624,0,0
2005-01-25,270,270,270,270,1406,-1624,0,0
2005-01-26,1206,1206,1206,1206,1406,-1624,0,0
2005-01-27,-95,-95,-95,-95,1206,-1624,0,0
2005-01-28,-539,-539,-539,-539,1206,-1624,0,0
2005-01-31,1382,1382,1382,1382,1206,-1624,0,0
2005-02-01,406,406,406,406,1382,-1624,0,0
2005-02-02,479,479,479,479,1382,-1624,0,0
2005-02-03,-545,-545,-545,-545,1382,-1344,0,0
2005-02-04,1078,1078,1078,1078,1382,-1277,0,0
2005-02-07,-74,-74,-74,-74,1382,-1277,0,0
2005-02-08,187,187,187,187,1382,-1277,0,0
2005-02-09,-1587,-1587,-1587,-1587,1382,-1277,0,0
2005-02-10,-216,-216,-216,-216,1382,-1587,0,0
2005-02-11,983,983,983,983,1382,-1587,0,0
2005-02-14,-21,-21,-21,-21,1382,-1587,0,0
2005-02-15,-109,-109,-109,-109,1382,-1587,0,0
2005-02-16,70,70,70,70,1382,-1587,0,0
2005-02-17,-1118,-1118,-1118,-1118,1382,-1587,0,0
2005-02-18,-359,-359,-359,-359,1382,-1587,0,0
2005-02-22,-1459,-1459,-1459,-1459,1382,-1587,0,0
2005-02-23,31,31,31,31,1382,-1587,0,0
2005-02-24,670,670,670,670,1382,-1587,0,0
2005-02-25,947,947,947,947,1382,-1587,0,0
2005-02-28,-523,-523,-523,-523,1382,-1587,0,0
2005-03-01,625,625,625,625,1382,-1587,0,0
2005-03-02,-404,-404,-404,-404,1078,-1587,0,0
2005-03-03,-187,-187,-187,-187,1078,-1587,0,0
2005-03-04,470,470,470,470,1078,-1587,0,0
2005-03-07,-57,-57,-57,-57,1078,-1587,0,0
2005-03-08,-953,-953,-953,-953,983,-1587,0,0
2005-03-09,-1028,-1028,-1028,-1028,983,-1587,0,0
2005-03-10,-571,-571,-571,-571,983,-1587,0,0
2005-03-11,-326,-326,-326,-326,983,-1459,0,0
2005-03-14,211,211,211,211,983,-1459,0,0
2005-03-15,-795,-795,-795,-795,947,-1459,0,0
2005-03-16,-908,-908,-908,-908,947,-1459,0,0
2005-03-17,-4,-4,-4,-4,947,-1459,0,0
2005-03-18,-660,-660,-660,-660,947,-1459,0,0
2005-03-21,-250,-250,-250,-250,947,-1459,0,0
2005-03-22,-700,-700,-700,-700,947,-1459,0,0
2005-03-23,-1013,-1013,-1013,-1013,947,-1028,0,0
2005-03-24,220,220,220,220,947,-1028,0,0
2005-03-28,-262,-262,-262,-262,947,-1028,0,0
2005-03-29,-1459,-1459,-1459,-1459,625,-1028,0,0
2005-03-30,1162,1162,1162,1162,625,-1459,0,0
2005-03-31,-38,-38,-38,-38,1162,-1459,0,0
2005-04-01,-867,-867,-867,-867,1162,-1459,0,0
2005-04-04,-271,-271,-271,-271,1162,-1459,0,0
2005-04-05,151,151,151,151,1162,-1459,0,0
2005-04-06,156,156,156,156,1162,-1459,0,0
2005-04-07,694,694,694,694,1162,-1459,0,0
2005-04-08,-1136,-1136,-1136,-1136,1162,-1459,0,0
2005-04-11,-911,-911,-911,-911,1162,-1459,0,0
2005-04-12,283,283,283,283,1162,-1459,0,0
2005-04-13,-1329,-1329,-1329,-1329,1162,-1459,0,0
2005-04-14,-1562,-1562,-1562,-1562,1162,-1459,0,0
2005-04-15,-1607,-1607,-1607,-1607,1162,-1562,0,0
2005-04-18,-40,-40,-40,-40,1162,-1607,0,0
2005-04-19,1234,1234,1234,1234,1162,-1607,0,0
2005-04-20,-1170,-1170,-1170,-1170,1234,-1607,0,0
2005-04-21,1398,1398,1398,1398,1234,-1607,0,0
2005-04-22,-1142,-1142,-1142,-1142,1398,-1607,0,0
2005-04-25,686,686,686,686,1398,-1607,0,0
2005-04-26,-1223,-1223,-1223,-1223,1398,-1607,0,0
2005-04-27,-333,-333,-333,-333,1398,-1607,0,0
2005-04-28,-1524,-1524,-1524,-1524,1398,-1607,0,0
2005-04-29,612,612,612,612,1398,-1607,0,0
2005-05-02,262,262,262,262,1398,-1607,0,0
2005-05-03,-120,-120,-120,-120,1398,-1607,0,0
2005-05-04,1129,1129,1129,1129,1398,-1607,0,0
2005-05-05,31,31,31,31,1398,-1607,0,0
2005-05-06,146,146,146,146,1398,-1607,0,0
2005-05-09,803,803,803,803,1398,-1607,0,0
2005-05-10,-996,-996,-996,-996,1398,-1607,0,0
2005-05-11,-68,-68,-68,-68,1398,-1607,0,0
2005-05-12,-785,-785,-785,-785,1398,-1607,0,0
2005-05-13,-359,-359,-359,-359,1398,-1607,0,0
2005-05-16,662,662,662,662,1398,-1524,0,0
2005-05-17,266,266,266,266,1398,-1524,0,0
2005-05-18,1365,1365,1365,1365,1398,-1524,0,0
2005-05-19,284,284,284,284,1398,-1524,0,0
2005-05-20,-85,-85,-85,-85,1365,-1524,0,0
2005-05-23,286,286,286,286,1365,-1524,0,0
2005-05-24,-185,-185,-185,-185,1365,-1524,0,0
2005-05-25,-941,-941,-941,-941,1365,-1524,0,0
2005-05-26,1229,1229,1229,1229,1365,-1524,0,0
2005-05-27,321,321,321,321,1365,-996,0,0
2005-05-31,-118,-118,-118,-118,1365,-996,0,0
2005-06-01,889,889,889,889,1365,-996,0,0
2005-06-02,183,183,183,183,1365,-996,0,0
2005-06-03,-809,-809,-809,-809,1365,-996,0,0
2005-06-06,232,232,232,232,1365,-996,0,0
2005-06-07,-141,-141,-141,-141,1365,-996,0,0
2005-06-08,-476,-476,-476,-476,1365,-996,0,0
2005-06-09,643,643,643,643,1365,-941,0,0
2005-06-10,-169,-169,-169,-169,1365,-941,0,0
2005-06-13,200,200,200,200,1365,-941,0,0
2005-06-14,503,503,503,503,1365,-941,0,0
2005-06-15,380,380,380,380,1365,-941,0,0
2005-06-16,958,958,958,958,1365,-941,0,0
2005-06-17,-123,-123,-123,-123,1229,-941,0,0
2005-06-20,-518,-518,-518,-518,1229,-941,0,0
2005-06-21,63,63,63,63,1229,-941,0,0
2005-06-22,174,174,174,174,1229,-941,0,0
2005-06-23,-1236,-1236,-1236,-1236,1229,-941,0,0
2005-06-24,-585,-585,-585,-585,1229,-1236,0,0
2005-06-27,-530,-530,-530,-530,958,-1236,0,0
2005-06-28,1366,1366,1366,1366,958,-1236,0,0
2005-06-29,109,109,109,109,1366,-1236,0,0
2005-06-30,-371,-371,-371,-371,1366,-1236,0,0
2005-07-01,308,308,308,308,1366,-1236,0,0
2005-07-05,1045,1045,1045,1045,1366,-1236,0,0
2005-07-06,-473,-473,-473,-473,1366,-1236,0,0
2005-07-07,46,46,46,46,1366,-1236,0,0
2005-07-08,1382,1382,1382,1382,1366,-1236,0,0
2005-07-11,1220,1220,1220,1220,1382,-1236,0,0
2005-07-12,99,99,99,99,1382,-1236,0,0
2005-07-13,-314,-314,-314,-314,1382,-1236,0,0
2005-07-14,-332,-332,-332,-332,1382,-1236,0,0
2005-07-15,107,107,107,107,1382,-1236,0,0
2005-07-18,-744,-744,-744,-744,1382,-1236,0,0
2005-07-19,1068,1068,1068,1068,1382,-1236,0,0
2005-07-20,991,991,991,991,1382,-1236,0,0
2005-07-21,-780,-780,-780,-780,1382,-1236,0,0
2005-07-22,820,820,820,820,1382,-1236,0,0
2005-07-25,-731,-731,-731,-731,1382,-780,0,0
2005-07-26,485,485,485,485,1382,-780,0,0
2005-07-27,211,211,211,211,1382,-780,0,0
2005-07-28,834,834,834,834,1382,-780,0,0
2005-07-29,-215,-215,-215,-215,1382,-780,0,0
2005-08-01,332,332,332,332,1382,-780,0,0
2005-08-02,669,669,669,669,1382,-780,0,0
2005-08-03,-525,-525,-525,-525,1382,-780,0,0
2005-08-04,-1209,-1209,-1209,-1209,1382,-780,0,0
2005-08-05,-1058,-1058,-1058,-1058,1382,-1209,0,0
2005-08-08,-611,-611,-611,-611,1220,-1209,0,0
2005-08-09,151,151,151,151,1068,-1209,0,0
2005-08-10,-352,-352,-352,-352,1068,-1209,0,0
2005-08-11,819,819,819,819,1068,-1209,0,0
2005-08-12,-842,-842,-842,-842,1068,-1209,0,0
2005-08-15,468,468,468,468,1068,-1209,0,0
2005-08-16,-1400,-1400,-1400,-1400,1068,-1209,0,0
2005-08-17,88,88,88,88,991,-1400,0,0
2005-08-18,-717,-717,-717,-717,834,-1400,0,0
2005-08-19,156,156,156,156,834,-1400,0,0
2005-08-22,506,506,506,506,834,-1400,0,0
2005-08-23,-346,-346,-346,-346,834,-1400,0,0
2005-08-24,-284,-284,-284,-284,834,-1400,0,0
2005-08-25,242,242,242,242,834,-1400,0,0
2005-08-26,-1108,-1108,-1108,-1108,819,-1400,0,0
2005-08-29,529,529,529,529,819,-1400,0,0
2005-08-30,-661,-661,-661,-661,819,-1400,0,0
2005-08-31,1176,1176,1176,1176,819,-1400,0,0
2005-09-01,16,16,16,16,1176,-1400,0,0
2005-09-02,-535,-535,-535,-535,1176,-1400,0,0
2005-09-06,1006,1006,1006,1006,1176,-1400,0,0
2005-09-07,272,272,272,272,1176,-1400,0,0
2005-09-08,-573,-573,-573,-573,1176,-1400,0,0
2005-09-09,660,660,660,660,1176,-1400,0,0
2005-09-12,442,442,442,442,1176,-1400,0,0
2005-09-13,-997,-997,-997,-997,1176,-1400,0,0
2005-09-14,-1034,-1034,-1034,-1034,1176,-1400,0,0
2005-09-15,-501,-501,-501,-501,1176,-1108,0,0
2005-09-16,770,770,770,770,1176,-1108,0,0
2005-09-19,-984,-984,-984,-984,1176,-1108,0,0
2005-09-20,-575,-575,-575,-575,1176,-1108,0,0
2005-09-21,-1512,-1512,-1512,-1512,1176,-1108,0,0
2005-09-22,-147,-147,-147,-147,1176,-1512,0,0
2005-09-23,689,689,689,689,1176,-1512,0,0
2005-09-26,536,536,536,536,1176,-1512,0,0
2005-09-27,-296,-296,-296,-296,1176,-1512,0,0
2005-09-28,-499,-499,-499,-499,1176,-1512,0,0
2005-09-29,826,826,826,826,1176,-1512,0,0
2005-09-30,597,597,597,597,1006,-1512,0,0
2005-10-03,203,203,203,203,1006,-1512,0,0
2005-10-04,-650,-650,-650,-650,1006,-1512,0,0
2005-10-05,-1819,-1819,-1819,-1819,826,-1512,0,0
2005-10-06,-931,-931,-931,-931,826,-1819,0,0
2005-10-07,431,431,431,431,826,-1819,0,0
2005-10-10,-853,-853,-853,-853,826,-1819,0,0
2005-10-11,-1309,-1309,-1309,-1309,826,-1819,0,0
2005-10-12,-1575,-1575,-1575,-1575,826,-1819,0,0
2005-10-13,9,9,9,9,826,-1819,0,0
2005-10-14,1151,1151,1151,1151,826,-1819,0,0
2005-10-17,-177,-177,-177,-177,1151,-1819,0,0
2005-10-18,-1079,-1079,-1079,-1079,1151,-1819,0,0
2005-10-19,906,906,906,906,1151,-1819,0,0
2005-10-20,-1090,-1090,-1090,-1090,1151,-1819,0,0
2005-10-21,643,643,643,643,1151,-1819,0,0
2005-10-24,1321,1321,1321,1321,1151,-1819,0,0
2005-10-25,-529,-529,-529,-529,1321,-1819,0,0
2005-10-26,-576,-576,-576,-576,1321,-1819,0,0
2005-10-27,-1624,-1624,-1624,-1624,1321,-1819,0,0
2005-10-28,1017,1017,1017,1017,1321,-1819,0,0
2005-10-31,1336,1336,1336,1336,1321,-1819,0,0
2005-11-01,-475,-475,-475,-475,1336,-1819,0,0
2005-11-02,1243,1243,1243,1243,1336,-1819,0,0
2005-11-03,299,299,299,299,1336,-1624,0,0
2005-11-04,55,55,55,55,1336,-1624,0,0
2005-11-07,356,356,356,356,1336,-1624,0,0
2005-11-08,-590,-590,-590,-590,1336,-1624,0,0
2005-11-09,293,293,293,293,1336,-1624,0,0
2005-11-10,594,594,594,594,1336,-1624,0,0
2005-11-11,270,270,270,270,1336,-1624,0,0
2005-11-14,-454,-454,-454,-454,1336,-1624,0,0
2005-11-15,-1209,-1209,-1209,-1209,1336,-1624,0,0
2005-11-16,-590,-590,-590,-590,1336,-1624,0,0
2005-11-17,1369,1369,1369,1369,1336,-1624,0,0
2005-11-18,604,604,604,604,1369,-1624,0,0
2005-11-21,724,724,724,724,1369,-1624,0,0
2005-11-22,301,301,301,301,1369,-1624,0,0
2005-11-23,181,181,181,181,1369,-1624,0,0
2005-11-25,86,86,86,86,1369,-1624,0,0
2005-11-28,-1265,-1265,-1265,-1265,1369,-1209,0,0
2005-11-29,61,61,61,61,1369,-1265,0,0
2005-11-30,477,477,477,477,1369,-1265,0,0
2005-12-01,1213,1213,1213,1213,1369,-1265,0,0
2005-12-02,206,206,206,206,1369,-1265,0,0
2005-12-05,-732,-732,-732,-732,1369,-1265,0,0
2005-12-06,224,224,224,224,1369,-1265,0,0
2005-12-07,-726,-726,-726,-726,1369,-1265,0,0
2005-12-08,74,74,74,74,1369,-1265,0,0
2005-12-09,616,616,616,616,1369,-1265,0,0
2005-12-12,-32,-32,-32,-32,1369,-1265,0,0
2005-12-13,-95,-95,-95,-95,1369,-1265,0,0
2005-12-14,-89,-89,-89,-89,1369,-1265,0,0
2005-12-15,-667,-667,-667,-667,1369,-1265,0,0
2005-12-16,-278,-278,-278,-278,1369,-1265,0,0
2005-12-19,-1177,-1177,-1177,-1177,1213,-1265,0,0
2005-12-20,-282,-282,-282,-282,1213,-1265,0,0
2005-12-21,657,657,657,657,1213,-1265,0,0
2005-12-22,738,738,738,738,1213,-1265,0,0
2005-12-23,135,135,135,135,1213,-1265,0,0
2005-12-27,-1392,-1392,-1392,-1392,1213,-1265,0,0
2005-12-28,220,220,220,220,1213,-1392,0,0
2005-12-29,-325,-325,-325,-325,1213,-1392,0,0
2005-12-30,-429,-429,-429,-429,1213,-1392,0,0
2006-01-03,697,697,697,697,738,-1392,0,0
2006-01-04,726,726,726,726,738,-1392,0,0
2006-01-05,211,211,211,211,738,-1392,0,0
2006-01-06,990,990,990,990,738,-1392,0,0
2006-01-09,681,681,681,681,990,-1392,0,0
2006-01-10,443,443,443,443,990,-1392,0,0
2006-01-11,64,64,64,64,990,-1392,0,0
2006-01-12,-664,-664,-664,-664,990,-1392,0,0
2006-01-13,330,330,330,330,990,-1392,0,0
2006-01-17,-760,-760,-760,-760,990,-1392,0,0
2006-01-18,-229,-229,-229,-229,990,-1392,0,0
2006-01-19,1156,1156,1156,1156,990,-1392,0,0
2006-01-20,-1394,-1394,-1394,-1394,1156,-1392,0,0
2006-01-23,260,260,260,260,1156,-1394,0,0
2006-01-24,983,983,983,983,1156,-1394,0,0
2006-01-25,-284,-284,-284,-284,1156,-1394,0,0
2006-01-26,1112,1112,1112,1112,1156,-1394,0,0
2006-01-27,518,518,518,518,1156,-1394,0,0
2006-01-30,-154,-154,-154,-154,1156,-1394,0,0
2006-01-31,220,220,220,220,1156,-1394,0,0
2006-02-01,236,236,236,236,1156,-1394,0,0
2006-02-02,-1032,-1032,-1032,-1032,1156,-1394,0,0
2006-02-03,-370,-370,-370,-370,1156,-1394,0,0
2006-02-06,105,105,105,105,1156,-1394,0,0
2006-02-07,-1103,-1103,-1103,-1103,1156,-1394,0,0
2006-02-08,476,476,476,476,1156,-1394,0,0
2006-02-09,-265,-265,-265,-265,1156,-1394,0,0
2006-02-10,-255,-255,-255,-255,1156,-1394,0,0
2006-02-13,-951,-951,-951,-951,1156,-1394,0,0
2006-02-14,954,954,954,954,1156,-1394,0,0
2006-02-15,740,740,740,740,1156,-1394,0,0
2006-02-16,862,862,862,862,1156,-1394,0,0
2006-02-17,-228,-228,-228,-228,1112,-1394,0,0
2006-02-21,-768,-768,-768,-768,1112,-1103,0,0
2006-02-22,696,696,696,696,1112,-1103,0,0
2006-02-23,-270,-270,-270,-270,1112,-1103,0,0
2006-02-24,472,472,472,472,1112,-1103,0,0
2006-02-27,530,530,530,530,954,-1103,0,0
2006-02-28,-1054,-1054,-1054,-1054,954,-1103,0,0
2006-03-01,1148,1148,1148,1148,954,-1103,0,0
2006-03-02,-402,-402,-402,-402,1148,-1103,0,0
2006-03-03,-527,-527,-527,-527,1148,-1103,0,0
2006-03-06,-805,-805,-805,-805,1148,-1103,0,0
2006-03-07,-1225,-1225,-1225,-1225,1148,-1103,0,0
2006-03-08,-140,-140,-140,-140,1148,-1225,0,0
2006-03-09,-575,-575,-575,-575,1148,-1225,0,0
2006-03-10,928,928,928,928,1148,-1225,0,0
2006-03-13,199,199,199,199,1148,-1225,0,0
2006-03-14,849,849,849,849,1148,-1225,0,0
2006-03-15,680,680,680,680,1148,-1225,0,0
2006-03-16,-7,-7,-7,-7,1148,-1225,0,0
2006-03-17,141,141,141,141,1148,-1225,0,0
2006-03-20,26,26,26,26,1148,-1225,0,0
2006-03-21,-1046,-1046,-1046,-1046,1148,-1225,0,0
2006-03-22,866,866,866,866,1148,-1225,0,0
2006-03-23,187,187,187,187,1148,-1225,0,0
2006-03-24,877,877,877,877,1148,-1225,0,0
2006-03-27,-36,-36,-36,-36,1148,-1225,0,0
2006-03-28,-645,-645,-645,-645,1148,-1225,0,0
2006-03-29,1370,1370,1370,1370,1148,-1225,0,0
2006-03-30,5,5,5,5,1370,-1225,0,0
2006-03-31,702,702,702,702,1370,-1225,0,0
2006-04-03,-813,-813,-813,-813,1370,-1225,0,0
2006-04-04,85,85,85,85,1370,-1225,0,0
2006-04-05,300,300,300,300,1370,-1046,0,0
2006-04-06,-93,-93,-93,-93,1370,-1046,0,0
2006-04-07,-1130,-1130,-1130,-1130,1370,-1046,0,0
2006-04-10,-431,-431,-431,-431,1370,-1130,0,0
2006-04-11,-1435,-1435,-1435,-1435,1370,-1130,0,0
2006-04-12,396,396,396,396,1370,-1435,0,0
2006-04-13,565,565,565,565,1370,-1435,0,0
2006-04-17,-494,-494,-494,-494,1370,-1435,0,0
2006-04-18,1336,1336,1336,1336,1370,-1435,0,0
2006-04-19,947,947,947,947,1370,-1435,0,0
2006-04-20,-343,-343,-343,-343,1370,-1435,0,0
2006-04-21,-208,-208,-208,-208,1370,-1435,0,0
2006-04-24,-864,-864,-864,-864,1370,-1435,0,0
2006-04-25,-95,-95,-95,-95,1370,-1435,0,0
2006-04-26,59,59,59,59,1370,-1435,0,0
2006-04-27,-261,-261,-261,-261,1370,-1435,0,0
2006-04-28,261,261,261,261,1336,-1435,0,0
2006-05-01,-749,-749,-749,-749,1336,-1435,0,0
2006-05-02,400,400,400,400,1336,-1435,0,0
2006-05-03,-36,-36,-36,-36,1336,-1435,0,0
2006-05-04,755,755,755,755,1336,-1435,0,0
2006-05-05,788,788,788,788,1336,-1435,0,0
2006-05-08,-148,-148,-148,-148,1336,-1435,0,0
2006-05-09,-471,-471,-471,-471,1336,-1435,0,0
2006-05-10,-686,-686,-686,-686,1336,-1435,0,0
2006-05-11,-1827,-1827,-1827,-1827,1336,-864,0,0
2006-05-12,-1561,-1561,-1561,-1561,1336,-1827,0,0
2006-05-15,-901,-901,-901,-901,1336,-1827,0,0
2006-05-16,47,47,47,47,1336,-1827,0,0
2006-05-17,-1419,-1419,-1419,-1419,947,-1827,0,0
2006-05-18,-754,-754,-754,-754,788,-1827,0,0
2006-05-19,373,373,373,373,788,-1827,0,0
2006-05-22,-1160,-1160,-1160,-1160,788,-1827,0,0
2006-05-23,-351,-351,-351,-351,788,-1827,0,0
2006-05-24,-177,-177,-177,-177,788,-1827,0,0
2006-05-25,1433,1433,1433,1433,788,-1827,0,0
2006-05-26,658,658,658,658,1433,-1827,0,0
2006-05-30,-1576,-1576,-1576,-1576,1433,-1827,0,0
2006-05-31,928,928,928,928,1433,-1827,0,0
2006-06-01,1435,1435,1435,1435,1433,-1827,0,0
2006-06-02,134,134,134,134,1435,-1827,0,0
2006-06-05,-1723,-1723,-1723,-1723,1435,-1827,0,0
2006-06-06,-624,-624,-624,-624,1435,-1827,0,0
2006-06-07,-304,-304,-304,-304,1435,-1827,0,0
2006-06-08,-640,-640,-640,-640,1435,-1827,0,0
2006-06-09,-533,-533,-533,-533,1435,-1827,0,0
2006-06-12,-1849,-1849,-1849,-1849,1435,-1723,0,0
2006-06-13,-1472,-1472,-1472,-1472,1435,-1849,0,0
2006-06-14,175,175,175,175,1435,-1849,0,0
2006-06-15,1896,1896,1896,1896,1435,-1849,0,0
2006-06-16,-964,-964,-964,-964,1896,-1849,0,0
2006-06-19,-1367,-1367,-1367,-1367,1896,-1849,0,0
2006-06-20,-351,-351,-351,-351,1896,-1849,0,0
2006-06-21,1304,1304,1304,1304,1896,-1849,0,0
2006-06-22,-543,-543,-543,-543,1896,-1849,0,0
2006-06-23,-83,-83,-83,-83,1896,-1849,0,0
2006-06-26,659,659,659,659,1896,-1849,0,0
2006-06-27,-1510,-1510,-1510,-1510,1896,-1849,0,0
2006-06-28,210,210,210,210,1896,-1849,0,0
2006-06-29,1800,1800,1800,1800,1896,-1849,0,0
2006-06-30,594,594,594,594,1896,-1849,0,0
2006-07-03,557,557,557,557,1896,-1849,0,0
2006-07-05,-1121,-1121,-1121,-1121,1896,-1849,0,0
2006-07-06,178,178,178,178,1896,-1849,0,0
2006-07-07,-1325,-1325,-1325,-1325,1896,-1849,0,0
2006-07-10,-316,-316,-316,-316,1896,-1849,0,0
2006-07-11,405,405,405,405,1896,-1849,0,0
2006-07-12,-1503,-1503,-1503,-1503,1896,-1510,0,0
2006-07-13,-1815,-1815,-1815,-1815,1896,-1510,0,0
2006-07-14,-1081,-1081,-1081,-1081,1896,-1815,0,0
2006-07-17,-798,-798,-798,-798,1800,-1815,0,0
2006-07-18,167,167,167,167,1800,-1815,0,0
2006-07-19,1637,1637,1637,1637,1800,-1815,0,0
2006-07-20,-1490,-1490,-1490,-1490,1800,-1815,0,0
2006-07-21,-1445,-1445,-1445,-1445,1800,-1815,0,0
2006-07-24,1482,1482,1482,1482,1800,-1815,0,0
2006-07-25,633,633,633,633,1800,-1815,0,0
2006-07-26,-268,-268,-268,-268,1800,-1815,0,0
2006-07-27,-756,-756,-756,-756,1800,-1815,0,0
2006-07-28,1197,1197,1197,1197,1800,-1815,0,0
2006-07-31,137,137,137,137,1637,-1815,0,0
2006-08-01,-1287,-1287,-1287,-1287,1637,-1815,0,0
2006-08-02,704,704,704,704,1637,-1815,0,0
2006-08-03,558,558,558,558,1637,-1815,0,0
2006-08-04,-417,-417,-417,-417,1637,-1815,0,0
2006-08-07,-889,-889,-889,-889,1637,-1815,0,0
2006-08-08,-1007,-1007,-1007,-1007,1637,-1815,0,0
2006-08-09,-675,-675,-675,-675,1637,-1815,0,0
2006-08-10,451,451,451,451,1637,-1815,0,0
2006-08-11,-1006,-1006,-1006,-1006,1637,-1490,0,0
2006-08-14,339,339,339,339,1637,-1490,0,0
2006-08-15,1542,1542,1542,1542,1637,-1490,0,0
2006-08-16,1042,1042,1042,1042,1637,-1490,0,0
2006-08-17,549,549,549,549,1542,-1490,0,0
2006-08-18,165,165,165,165,1542,-1445,0,0
2006-08-21,-976,-976,-976,-976,1542,-1287,0,0
2006-08-22,363,363,363,363,1542,-1287,0,0
2006-08-23,-1001,-1001,-1001,-1001,1542,-1287,0,0
2006-08-24,59,59,59,59,1542,-1287,0,0
2006-08-25,175,175,175,175,1542,-1287,0,0
2006-08-28,842,842,842,842,1542,-1287,0,0
2006-08-29,968,968,968,968,1542,-1287,0,0
2006-08-30,684,684,684,684,1542,-1007,0,0
2006-08-31,137,137,137,137,1542,-1007,0,0
2006-09-01,258,258,258,258,1542,-1007,0,0
2006-09-05,664,664,664,664,1542,-1007,0,0
2006-09-06,-1539,-1539,-1539,-1539,1542,-1007,0,0
2006-09-07,-855,-855,-855,-855,1542,-1539,0,0
2006-09-08,293,293,293,293,1542,-1539,0,0
2006-09-11,-230,-230,-230,-230,1542,-1539,0,0
2006-09-12,1403,1403,1403,1403,1542,-1539,0,0
2006-09-13,821,821,821,821,1542,-1539,0,0
2006-09-14,-322,-322,-322,-322,1403,-1539,0,0
2006-09-15,101,101,101,101,1403,-1539,0,0
2006-09-18,-40,-40,-40,-40,1403,-1539,0,0
2006-09-19,-693,-693,-693,-693,1403,-1539,0,0
2006-09-20,821,821,821,821,1403,-1539,0,0
2006-09-21,-808,-808,-808,-808,1403,-1539,0,0
2006-09-22,-1131,-1131,-1131,-1131,1403,-1539,0,0
2006-09-25,681,681,681,681,1403,-1539,0,0
2006-09-26,265,265,265,265,1403,-1539,0,0
2006-09-27,352,352,352,352,1403,-1539,0,0
2006-09-28,142,142,142,142,1403,-1539,0,0
2006-09-29,-558,-558,-558,-558,1403,-1539,0,0
2006-10-02,-1036,-1036,-1036,-1036,1403,-1539,0,0
2006-10-03,-244,-244,-244,-244,1403,-1539,0,0
2006-10-04,1347,1347,1347,1347,1403,-1539,0,0
2006-10-05,1114,1114,1114,1114,1403,-1131,0,0
2006-10-06,-433,-433,-433,-433,1403,-1131,0,0
2006-10-09,594,594,594,594,1403,-1131,0,0
2006-10-10,144,144,144,144,1403,-1131,0,0
2006-10-11,-570,-570,-570,-570,1347,-1131,0,0
2006-10-12,1633,1633,1633,1633,1347,-1131,0,0
2006-10-13,673,673,673,673,1633,-1131,0,0
2006-10-16,849,849,849,849,1633,-1131,0,0
2006-10-17,-759,-759,-759,-759,1633,-1131,0,0
2006-10-18,-57,-57,-57,-57,1633,-1131,0,0
2006-10-19,511,511,511,511,1633,-1131,0,0
2006-10-20,-648,-648,-648,-648,1633,-1131,0,0
2006-10-23,80,80,80,80,1633,-1036,0,0
2006-10-24,-473,-473,-473,-473,1633,-1036,0,0
2006-10-25,447,447,447,447,1633,-1036,0,0
2006-10-26,1089,1089,1089,1089,1633,-1036,0,0
2006-10-27,-1026,-1026,-1026,-1026,1633,-1036,0,0
2006-10-30,307,307,307,307,1633,-1036,0,0
2006-10-31,-156,-156,-156,-156,1633,-1026,0,0
2006-11-01,-1428,-1428,-1428,-1428,1633,-1026,0,0
2006-11-02,-530,-530,-530,-530,1633,-1428,0,0
2006-11-03,464,464,464,464,1633,-1428,0,0
2006-11-06,1163,1163,1163,1163,1633,-1428,0,0
2006-11-07,193,193,193,193,1633,-1428,0,0
2006-11-08,562,562,562,562,1633,-1428,0,0
2006-11-09,-953,-953,-953,-953,1633,-1428,0,0
2006-11-10,659,659,659,659,1163,-1428,0,0
2006-11-13,535,535,535,535,1163,-1428,0,0
2006-11-14,1110,1110,1110,1110,1163,-1428,0,0
2006-11-15,720,720,720,720,1163,-1428,0,0
2006-11-16,13,13,13,13,1163,-1428,0,0
2006-11-17,-468,-468,-468,-468,1163,-1428,0,0
2006-11-20,5,5,5,5,1163,-1428,0,0
2006-11-21,20,20,20,20,1163,-1428,0,0
2006-11-22,-1,-1,-1,-1,1163,-1428,0,0
2006-11-24,-296,-296,-296,-296,1163,-1428,0,0
2006-11-27,-1910,-1910,-1910,-1910,1163,-1428,0,0
2006-11-28,123,123,123,123,1163,-1910,0,0
2006-11-29,1132,1132,1132,1132,1163,-1910,0,0
2006-11-30,200,200,200,200,1163,-1910,0,0
2006-12-01,-722,-722,-722,-722,1163,-1910,0,0
2006-12-04,1209,1209,1209,1209,1163,-1910,0,0
2006-12-05,70,70,70,70,1209,-1910,0,0
2006-12-06,-228,-228,-228,-228,1209,-1910,0,0
2006-12-07,-710,-710,-710,-710,1209,-1910,0,0
2006-12-08,37,37,37,37,1209,-1910,0,0
2006-12-11,73,73,73,73,1209,-1910,0,0
2006-12-12,-760,-760,-760,-760,1209,-1910,0,0
2006-12-13,-22,-22,-22,-22,1209,-1910,0,0
2006-12-14,579,579,579,579,1209,-1910,0,0
2006-12-15,-147,-147,-147,-147,1209,-1910,0,0
2006-12-18,-1162,-1162,-1162,-1162,1209,-1910,0,0
2006-12-19,-345,-345,-345,-345,1209,-1910,0,0
2006-12-20,347,347,347,347,1209,-1910,0,0
2006-12-21,-353,-353,-353,-353,1209,-1910,0,0
2006-12-22,-400,-400,-400,-400,1209,-1910,0,0
2006-12-26,719,719,719,719,1209,-1910,0,0
2006-12-27,1277,1277,1277,1277,1209,-1162,0,0
2006-12-28,-596,-596,-596,-596,1277,-1162,0,0
2006-12-29,-590,-590,-590,-590,1277,-1162,0,0
2007-01-03,116,116,116,116,1277,-1162,0,0
2007-01-04,421,421,421,421,1277,-1162,0,0
2007-01-05,-1463,-1463,-1463,-1463,1277,-1162,0,0
2007-01-08,32,32,32,32,1277,-1463,0,0
2007-01-09,-78,-78,-78,-78,1277,-1463,0,0
2007-01-10,10,10,10,10,1277,-1463,0,0
2007-01-11,977,977,977,977,1277,-1463,0,0
2007-01-12,748,748,748,748,1277,-1463,0,0
2007-01-16,-206,-206,-206,-206,1277,-1463,0,0
2007-01-17,-434,-434,-434,-434,1277,-1463,0,0
2007-01-18,-1345,-1345,-1345,-1345,1277,-1463,0,0
2007-01-19,650,650,650,650,1277,-1463,0,0
2007-01-22,-935,-935,-935,-935,1277,-1463,0,0
2007-01-23,625,625,625,625,1277,-1463,0,0
2007-01-24,1050,1050,1050,1050,1277,-1463,0,0
2007-01-25,-1257,-1257,-1257,-1257,1277,-1463,0,0
2007-01-26,567,567,567,567,1277,-1463,0,0
2007-01-29,530,530,530,530,1277,-1463,0,0
2007-01-30,648,648,648,648,1050,-1463,0,0
2007-01-31,381,381,381,381,1050,-1463,0,0
2007-02-01,870,870,870,870,1050,-1463,0,0
2007-02-02,289,289,289,289,1050,-1463,0,0
2007-02-05,-438,-438,-438,-438,1050,-1463,0,0
2007-02-06,348,348,348,348,1050,-1345,0,0
2007-02-07,695,695,695,695,1050,-1345,0,0
2007-02-08,-63,-63,-63,-63,1050,-1345,0,0
2007-02-09,-976,-976,-976,-976,1050,-1345,0,0
2007-02-12,-417,-417,-417,-417,1050,-1345,0,0
2007-02-13,628,628,628,628,1050,-1345,0,0
2007-02-14,533,533,533,533,1050,-1345,0,0
2007-02-15,5,5,5,5,1050,-1345,0,0
2007-02-16,379,379,379,379,1050,-1257,0,0
2007-02-20,956,956,956,956,1050,-1257,0,0
2007-02-21,37,37,37,37,1050,-1257,0,0
2007-02-22,311,311,311,311,1050,-1257,0,0
2007-02-23,-396,-396,-396,-396,956,-1257,0,0
2007-02-26,-579,-579,-579,-579,956,-976,0,0
2007-02-27,-2549,-2549,-2549,-2549,956,-976,0,0
2007-02-28,268,268,268,268,956,-2549,0,0
2007-03-01,-955,-955,-955,-955,956,-2549,0,0
2007-03-02,-1516,-1516,-1516,-1516,956,-2549,0,0
2007-03-05,-1904,-1904,-1904,-1904,956,-2549,0,0
2007-03-06,1873,1873,1873,1873,956,-2549,0,0
2007-03-07,-437,-437,-437,-437,1873,-2549,0,0
2007-03-08,618,618,618,618,1873,-2549,0,0
2007-03-09,307,307,307,307,1873,-2549,0,0
2007-03-12,489,489,489,489,1873,-2549,0,0
2007-03-13,-1989,-1989,-1989,-1989,1873,-2549,0,0
2007-03-14,283,283,283,283,1873,-2549,0,0
2007-03-15,762,762,762,762,1873,-2549,0,0
2007-03-16,-654,-654,-654,-654,1873,-2549,0,0
2007-03-19,1007,1007,1007,1007,1873,-2549,0,0
2007-03-20,951,951,951,951,1873,-2549,0,0
2007-03-21,1494,1494,1494,1494,1873,-2549,0,0
2007-03-22,124,124,124,124,1873,-2549,0,0
2007-03-23,161,161,161,161,1873,-2549,0,0
2007-03-26,-250,-250,-250,-250,1873,-2549,0,0
2007-03-27,-1003,-1003,-1003,-1003,1873,-2549,0,0
2007-03-28,-1053,-1053,-1053,-1053,1873,-1989,0,0
2007-03-29,36,36,36,36,1873,-1989,0,0
2007-03-30,407,407,407,407,1873,-1989,0,0
2007-04-02,-3,-3,-3,-3,1873,-1989,0,0
2007-04-03,1020,1020,1020,1020,1873,-1989,0,0
2007-04-04,-178,-178,-178,-178,1494,-1989,0,0
2007-04-05,354,354,354,354,1494,-1989,0,0
2007-04-09,-363,-363,-363,-363,1494,-1989,0,0
2007-04-10,312,312,312,312,1494,-1989,0,0
2007-04-11,-897,-897,-897,-897,1494,-1989,0,0
2007-04-12,883,883,883,883,1494,-1053,0,0
2007-04-13,780,780,780,780,1494,-1053,0,0
2007-04-16,1324,1324,1324,1324,1494,-1053,0,0
2007-04-17,-470,-470,-470,-470,1494,-1053,0,0
2007-04-18,-567,-567,-567,-567,1494,-1053,0,0
2007-04-19,-831,-831,-831,-831,1494,-1053,0,0
2007-04-20,1132,1132,1132,1132,1324,-1053,0,0
2007-04-23,-477,-477,-477,-477,1324,-1053,0,0
2007-04-24,-301,-301,-301,-301,1324,-1053,0,0
2007-04-25,576,576,576,576,1324,-1053,0,0
2007-04-26,-119,-119,-119,-119,1324,-1053,0,0
2007-04-27,-666,-666,-666,-666,1324,-897,0,0
2007-04-30,-1224,-1224,-1224,-1224,1324,-897,0,0
2007-05-01,-71,-71,-71,-71,1324,-1224,0,0
2007-05-02,1175,1175,1175,1175,1324,-1224,0,0
2007-05-03,29,29,29,29,1324,-1224,0,0
2007-05-04,427,427,427,427,1324,-1224,0,0
2007-05-07,-199,-199,-199,-199,1324,-1224,0,0
2007-05-08,-525,-525,-525,-525,1324,-1224,0,0
2007-05-09,298,298,298,298,1324,-1224,0,0
2007-05-10,-1727,-1727,-1727,-1727,1324,-1224,0,0
2007-05-11,1214,1214,1214,1214,1324,-1727,0,0
2007-05-14,-1092,-1092,-1092,-1092,1324,-1727,0,0
2007-05-15,-1250,-1250,-1250,-1250,1214,-1727,0,0
2007-05-16,556,556,556,556,1214,-1727,0,0
2007-05-17,-780,-780,-780,-780,1214,-1727,0,0
2007-05-18,830,830,830,830,1214,-1727,0,0
2007-05-21,1015,1015,1015,1015,1214,-1727,0,0
2007-05-22,820,820,820,820,1214,-1727,0,0
2007-05-23,-485,-485,-485,-485,1214,-1727,0,0
2007-05-24,-1519,-1519,-1519,-1519,1214,-1727,0,0
2007-05-25,911,911,911,911,1214,-1727,0,0
2007-05-29,805,805,805,805,1214,-1727,0,0
2007-05-30,359,359,359,359,1214,-1727,0,0
2007-05-31,556,556,556,556,1214,-1727,0,0
2007-06-01,769,769,769,769,1214,-1727,0,0
2007-06-04,120,120,120,120,1214,-1727,0,0
2007-06-05,-830,-830,-830,-830,1214,-1727,0,0
2007-06-06,-1106,-1106,-1106,-1106,1214,-1727,0,0
2007-06-07,-1704,-1704,-1704,-1704,1214,-1727,0,0
2007-06-08,1083,1083,1083,1083,1214,-1727,0,0
2007-06-11,-241,-241,-241,-241,1214,-1704,0,0
2007-06-12,-1512,-1512,-1512,-1512,1083,-1704,0,0
2007-06-13,1174,1174,1174,1174,1083,-1704,0,0
2007-06-14,591,591,591,591,1174,-1704,0,0
2007-06-15,1002,1002,1002,1002,1174,-1704,0,0
2007-06-18,-177,-177,-177,-177,1174,-1704,0,0
2007-06-19,222,222,222,222,1174,-1704,0,0
2007-06-20,-1336,-1336,-1336,-1336,1174,-1704,0,0
2007-06-21,154,154,154,154,1174,-1704,0,0
2007-06-22,-1020,-1020,-1020,-1020,1174,-1704,0,0
2007-06-25,-971,-971,-971,-971,1174,-1704,0,0
2007-06-26,-271,-271,-271,-271,1174,-1704,0,0
2007-06-27,1147,1147,1147,1147,1174,-1704,0,0
2007-06-28,83,83,83,83,1174,-1704,0,0
2007-06-29,-349,-349,-349,-349,1174,-1704,0,0
2007-07-02,970,970,970,970,1174,-1704,0,0
2007-07-03,310,310,310,310,1174,-1704,0,0
2007-07-05,-6,-6,-6,-6,1174,-1704,0,0
2007-07-06,481,481,481,481,1174,-1704,0,0
2007-07-09,-50,-50,-50,-50,1174,-1512,0,0
2007-07-10,-1429,-1429,-1429,-1429,1174,-1512,0,0
2007-07-11,228,228,228,228,1174,-1512,0,0
2007-07-12,1310,1310,1310,1310,1174,-1429,0,0
2007-07-13,-215,-215,-215,-215,1310,-1429,0,0
2007-07-16,-965,-965,-965,-965,1310,-1429,0,0
2007-07-17,62,62,62,62,1310,-1429,0,0
2007-07-18,-761,-761,-761,-761,1310,-1429,0,0
2007-07-19,643,643,643,643,1310,-1429,0,0
2007-07-20,-1420,-1420,-1420,-1420,1310,-1429,0,0
2007-07-23,-246,-246,-246,-246,1310,-1429,0,0
2007-07-24,-2012,-2012,-2012,-2012,1310,-1429,0,0
2007-07-25,-337,-337,-337,-337,1310,-2012,0,0
2007-07-26,-2030,-2030,-2030,-2030,1310,-2012,0,0
2007-07-27,-1305,-1305,-1305,-1305,1310,-2030,0,0
2007-07-30,341,341,341,341,1310,-2030,0,0
2007-07-31,-571,-571,-571,-571,1310,-2030,0,0
2007-08-01,-546,-546,-546,-546,1310,-2030,0,0
2007-08-02,423,423,423,423,1310,-2030,0,0
2007-08-03,-1853,-1853,-1853,-1853,1310,-2030,0,0
2007-08-06,-170,-170,-170,-170,1310,-2030,0,0
2007-08-07,427,427,427,427,1310,-2030,0,0
2007-08-08,1161,1161,1161,1161,1310,-2030,0,0
2007-08-09,-911,-911,-911,-911,1310,-2030,0,0
2007-08-10,-483,-483,-483,-483,1161,-2030,0,0
2007-08-13,-259,-259,-259,-259,1161,-2030,0,0
2007-08-14,-1437,-1437,-1437,-1437,1161,-2030,0,0
2007-08-15,-1233,-1233,-1233,-1233,1161,-2030,0,0
2007-08-16,-338,-338,-338,-338,1161,-2030,0,0
2007-08-17,1370,1370,1370,1370,1161,-2030,0,0
2007-08-20,89,89,89,89,1370,-2030,0,0
2007-08-21,129,129,129,129,1370,-2030,0,0
2007-08-22,1181,1181,1181,1181,1370,-2030,0,0
2007-08-23,-634,-634,-634,-634,1370,-2030,0,0
2007-08-24,1148,1148,1148,1148,1370,-1853,0,0
2007-08-27,-824,-824,-824,-824,1370,-1853,0,0
2007-08-28,-1768,-1768,-1768,-1768,1370,-1853,0,0
2007-08-29,1608,1608,1608,1608,1370,-1853,0,0
2007-08-30,-447,-447,-447,-447,1608,-1853,0,0
2007-08-31,1259,1259,1259,1259,1608,-1853,0,0
2007-09-04,907,907,907,907,1608,-1768,0,0
2007-09-05,-990,-990,-990,-990,1608,-1768,0,0
2007-09-06,377,377,377,377,1608,-1768,0,0
2007-09-07,-1659,-1659,-1659,-1659,1608,-1768,0,0
2007-09-10,-870,-870,-870,-870,1608,-1768,0,0
2007-09-11,1155,1155,1155,1155,1608,-1768,0,0
2007-09-12,-514,-514,-514,-514,1608,-1768,0,0
2007-09-13,40,40,40,40,1608,-1768,0,0
2007-09-14,324,324,324,324,1608,-1768,0,0
2007-09-17,-1232,-1232,-1232,-1232,1608,-1768,0,0
2007-09-18,1702,1702,1702,1702,1608,-1768,0,0
2007-09-19,1001,1001,1001,1001,1702,-1768,0,0
2007-09-20,-734,-734,-734,-734,1702,-1768,0,0
2007-09-21,267,267,267,267,1702,-1768,0,0
2007-09-24,-705,-705,-705,-705,1702,-1768,0,0
2007-09-25,-310,-310,-310,-310,1702,-1768,0,0
2007-09-26,571,571,571,571,1702,-1768,0,0
2007-09-27,485,485,485,485,1702,-1659,0,0
2007-09-28,-568,-568,-568,-568,1702,-1659,0,0
2007-10-01,1277,1277,1277,1277,1702,-1659,0,0
2007-10-02,546,546,546,546,1702,-1659,0,0
2007-10-03,-671,-671,-671,-671,1702,-1659,0,0
2007-10-04,364,364,364,364,1702,-1659,0,0
2007-10-05,1399,1399,1399,1399,1702,-1659,0,0
2007-10-08,-419,-419,-419,-419,1702,-1232,0,0
2007-10-09,472,472,472,472,1702,-1232,0,0
2007-10-10,-140,-140,-140,-140,1702,-1232,0,0
2007-10-11,-1181,-1181,-1181,-1181,1702,-1232,0,0
2007-10-12,725,725,725,725,1702,-1232,0,0
2007-10-15,-1211,-1211,-1211,-1211,1702,-1232,0,0
2007-10-16,-843,-843,-843,-843,1702,-1211,0,0
2007-10-17,142,142,142,142,1399,-1211,0,0
2007-10-18,-74,-74,-74,-74,1399,-1211,0,0
2007-10-19,-2027,-2027,-2027,-2027,1399,-1211,0,0
2007-10-22,576,576,576,576,1399,-2027,0,0
2007-10-23,658,658,658,658,1399,-2027,0,0
2007-10-24,-1025,-1025,-1025,-1025,1399,-2027,0,0
2007-10-25,-512,-512,-512,-512,1399,-2027,0,0
2007-10-26,966,966,966,966,1399,-2027,0,0
2007-10-29,27,27,27,27,1399,-2027,0,0
2007-10-30,-708,-708,-708,-708,1399,-2027,0,0
2007-10-31,985,985,985,985,1399,-2027,0,0
2007-11-01,-1895,-1895,-1895,-1895,1399,-2027,0,0
2007-11-02,-13,-13,-13,-13,1399,-2027,0,0
2007-11-05,-1042,-1042,-1042,-1042,985,-2027,0,0
2007-11-06,435,435,435,435,985,-2027,0,0
2007-11-07,-1857,-1857,-1857,-1857,985,-2027,0,0
2007-11-08,-217,-217,-217,-217,985,-2027,0,0
2007-11-09,-972,-972,-972,-972,985,-2027,0,0
2007-11-12,-533,-533,-533,-533,985,-2027,0,0
2007-11-13,1277,1277,1277,1277,985,-2027,0,0
2007-11-14,-579,-579,-579,-579,1277,-2027,0,0
2007-11-15,-1301,-1301,-1301,-1301,1277,-2027,0,0
2007-11-16,-221,-221,-221,-221,1277,-2027,0,0
2007-11-19,-1835,-1835,-1835,-1835,1277,-1895,0,0
2007-11-20,-512,-512,-512,-512,1277,-1895,0,0
2007-11-21,-1230,-1230,-1230,-1230,1277,-1895,0,0
2007-11-23,1459,1459,1459,1459,1277,-1895,0,0
2007-11-26,-1452,-1452,-1452,-1452,1459,-1895,0,0
2007-11-27,370,370,370,370,1459,-1895,0,0
2007-11-28,1741,1741,1741,1741,1459,-1895,0,0
2007-11-29,-262,-262,-262,-262,1741,-1895,0,0
2007-11-30,304,304,304,304,1741,-1895,0,0
2007-12-03,-986,-986,-986,-986,1741,-1857,0,0
2007-12-04,-912,-912,-912,-912,1741,-1857,0,0
2007-12-05,1025,1025,1025,1025,1741,-1857,0,0
2007-12-06,1352,1352,1352,1352,1741,-1857,0,0
2007-12-07,-61,-61,-61,-61,1741,-1835,0,0
2007-12-10,353,353,353,353,1741,-1835,0,0
2007-12-11,-1742,-1742,-1742,-1742,1741,-1835,0,0
2007-12-12,129,129,129,129,1741,-1835,0,0
2007-12-13,-531,-531,-531,-531,1741,-1835,0,0
2007-12-14,-1426,-1426,-1426,-1426,1741,-1835,0,0
2007-12-17,-1763,-1763,-1763,-1763,1741,-1835,0,0
2007-12-18,621,621,621,621,1741,-1835,0,0
2007-12-19,-27,-27,-27,-27,1741,-1763,0,0
2007-12-20,767,767,767,767,1741,-1763,0,0
2007-12-21,1185,1185,1185,1185,1741,-1763,0,0
2007-12-24,731,731,731,731,1741,-1763,0,0
2007-12-26,347,347,347,347,1741,-1763,0,0
2007-12-27,-1597,-1597,-1597,-1597,1741,-1763,0,0
2007-12-28,-351,-351,-351,-351,1352,-1763,0,0
2007-12-31,-216,-216,-216,-216,1352,-1763,0,0
2008-01-02,-982,-982,-982,-982,1352,-1763,0,0
2008-01-03,-810,-810,-810,-810,1352,-1763,0,0
2008-01-04,-1926,-1926,-1926,-1926,1352,-1763,0,0
2008-01-07,-171,-171,-171,-171,1352,-1926,0,0
2008-01-08,-1240,-1240,-1240,-1240,1185,-1926,0,0
2008-01-09,-99,-99,-99,-99,1185,-1926,0,0
2008-01-10,589,589,589,589,1185,-1926,0,0
2008-01-11,-1312,-1312,-1312,-1312,1185,-1926,0,0
2008-01-14,578,578,578,578,1185,-1926,0,0
2008-01-15,-1553,-1553,-1553,-1553,1185,-1926,0,0
2008-01-16,257,257,257,257,1185,-1926,0,0
2008-01-17,-1637,-1637,-1637,-1637,1185,-1926,0,0
2008-01-18,-828,-828,-828,-828,1185,-1926,0,0
2008-01-22,-1064,-1064,-1064,-1064,1185,-1926,0,0
2008-01-23,621,621,621,621,1185,-1926,0,0
2008-01-24,432,432,432,432,731,-1926,0,0
2008-01-25,-203,-203,-203,-203,621,-1926,0,0
2008-01-28,937,937,937,937,621,-1926,0,0
2008-01-29,414,414,414,414,937,-1926,0,0
2008-01-30,-432,-432,-432,-432,937,-1926,0,0
2008-01-31,1057,1057,1057,1057,937,-1926,0,0
2008-02-01,1044,1044,1044,1044,1057,-1926,0,0
2008-02-04,-434,-434,-434,-434,1057,-1926,0,0
2008-02-05,-1696,-1696,-1696,-1696,1057,-1637,0,0
2008-02-06,-871,-871,-871,-871,1057,-1696,0,0
2008-02-07,455,455,455,455,1057,-1696,0,0
2008-02-08,-416,-416,-416,-416,1057,-1696,0,0
2008-02-11,82,82,82,82,1057,-1696,0,0
2008-02-12,402,402,402,402,1057,-1696,0,0
2008-02-13,1377,1377,1377,1377,1057,-1696,0,0
2008-02-14,-1350,-1350,-1350,-1350,1377,-1696,0,0
2008-02-15,-829,-829,-829,-829,1377,-1696,0,0
2008-02-19,-123,-123,-123,-123,1377,-1696,0,0
2008-02-20,439,439,439,439,1377,-1696,0,0
2008-02-21,-1160,-1160,-1160,-1160,1377,-1696,0,0
2008-02-22,-311,-311,-311,-311,1377,-1696,0,0
2008-02-25,1010,1010,1010,1010,1377,-1696,0,0
2008-02-26,829,829,829,829,1377,-1696,0,0
2008-02-27,-111,-111,-111,-111,1377,-1696,0,0
2008-02-28,-1094,-1094,-1094,-1094,1377,-1696,0,0
2008-02-29,-1697,-1697,-1697,-1697,1377,-1696,0,0
2008-03-03,-804,-804,-804,-804,1377,-1697,0,0
2008-03-04,-651,-651,-651,-651,1377,-1697,0,0
2008-03-05,158,158,158,158,1377,-1697,0,0
2008-03-06,-1778,-1778,-1778,-1778,1377,-1697,0,0
2008-03-07,-697,-697,-697,-697,1377,-1778,0,0
2008-03-10,-1624,-1624,-1624,-1624,1377,-1778,0,0
2008-03-11,1452,1452,1452,1452,1377,-1778,0,0
2008-03-12,-398,-398,-398,-398,1452,-1778,0,0
2008-03-13,631,631,631,631,1452,-1778,0,0
2008-03-14,-1635,-1635,-1635,-1635,1452,-1778,0,0
2008-03-17,-1507,-1507,-1507,-1507,1452,-1778,0,0
2008-03-18,1593,1593,1593,1593,1452,-1778,0,0
2008-03-19,-1195,-1195,-1195,-1195,1593,-1778,0,0
2008-03-20,973,973,973,973,1593,-1778,0,0
2008-03-24,1421,1421,1421,1421,1593,-1778,0,0
2008-03-25,755,755,755,755,1593,-1778,0,0
2008-03-26,-395,-395,-395,-395,1593,-1778,0,0
2008-03-27,-709,-709,-709,-709,1593,-1778,0,0
2008-03-28,-975,-975,-975,-975,1593,-1778,0,0
2008-03-31,557,557,557,557,1593,-1778,0,0
2008-04-01,1480,1480,1480,1480,1593,-1778,0,0
2008-04-02,227,227,227,227,1593,-1778,0,0
2008-04-03,-130,-130,-130,-130,1593,-1778,0,0
2008-04-04,91,91,91,91,1593,-1778,0,0
2008-04-07,-94,-94,-94,-94,1593,-1635,0,0
2008-04-08,-424,-424,-424,-424,1593,-1635,0,0
2008-04-09,-1372,-1372,-1372,-1372,1593,-1635,0,0
2008-04-10,570,570,570,570,1593,-1635,0,0
2008-04-11,-1688,-1688,-1688,-1688,1593,-1635,0,0
2008-04-14,-770,-770,-770,-770,1593,-1688,0,0
2008-04-15,234,234,234,234,1593,-1688,0,0
2008-04-16,1380,1380,1380,1380,1593,-1688,0,0
2008-04-17,-643,-643,-643,-643,1480,-1688,0,0
2008-04-18,1333,1333,1333,1333,1480,-1688,0,0
2008-04-21,-368,-368,-368,-368,1480,-1688,0,0
2008-04-22,-1480,-1480,-1480,-1480,1480,-1688,0,0
2008-04-23,244,244,244,244,1480,-1688,0,0
2008-04-24,830,830,830,830,1480,-1688,0,0
2008-04-25,352,352,352,352,1480,-1688,0,0
2008-04-28,255,255,255,255,1480,-1688,0,0
2008-04-29,-486,-486,-486,-486,1480,-1688,0,0
2008-04-30,-42,-42,-42,-42,1380,-1688,0,0
2008-05-01,1059,1059,1059,1059,1380,-1688,0,0
2008-05-02,-377,-377,-377,-377,1380,-1688,0,0
2008-05-05,-372,-372,-372,-372,1380,-1688,0,0
2008-05-06,481,481,481,481,1380,-1688,0,0
2008-05-07,-1262,-1262,-1262,-1262,1380,-1688,0,0
2008-05-08,174,174,174,174,1380,-1688,0,0
2008-05-09,-128,-128,-128,-128,1380,-1688,0,0
2008-05-12,1116,1116,1116,1116,1380,-1480,0,0
2008-05-13,135,135,135,135,1380,-1480,0,0
2008-05-14,24,24,24,24,1380,-1480,0,0
2008-05-15,645,645,645,645,1333,-1480,0,0
2008-05-16,-422,-422,-422,-422,1333,-1480,0,0
2008-05-19,-468,-468,-468,-468,1116,-1480,0,0
2008-05-20,-609,-609,-609,-609,1116,-1480,0,0
2008-05-21,-1093,-1093,-1093,-1093,1116,-1262,0,0
2008-05-22,609,609,609,609,1116,-1262,0,0
2008-05-23,-1077,-1077,-1077,-1077,1116,-1262,0,0
2008-05-27,904,904,904,904,1116,-1262,0,0
2008-05-28,80,80,80,80,1116,-1262,0,0
2008-05-29,624,624,624,624,1116,-1262,0,0
2008-05-30,270,270,270,270,1116,-1262,0,0
2008-06-02,-1144,-1144,-1144,-1144,1116,-1262,0,0
2008-06-03,-396,-396,-396,-396,1116,-1262,0,0
2008-06-04,415,415,415,415,1116,-1262,0,0
2008-06-05,1398,1398,1398,1398,1116,-1262,0,0
2008-06-06,-1791,-1791,-1791,-1791,1398,-1144,0,0
2008-06-09,-1050,-1050,-1050,-1050,1398,-1791,0,0
2008-06-10,-448,-448,-448,-448,1398,-1791,0,0
2008-06-11,-1561,-1561,-1561,-1561,1398,-1791,0,0
2008-06-12,257,257,257,257,1398,-1791,0,0
2008-06-13,1266,1266,1266,1266,1398,-1791,0,0
2008-06-16,511,511,511,511,1398,-1791,0,0
2008-06-17,-767,-767,-767,-767,1398,-1791,0,0
2008-06-18,-1257,-1257,-1257,-1257,1398,-1791,0,0
2008-06-19,465,465,465,465,1398,-1791,0,0
2008-06-20,-1304,-1304,-1304,-1304,1398,-1791,0,0
2008-06-23,-1207,-1207,-1207,-1207,1398,-1791,0,0
2008-06-24,-1300,-1300,-1300,-1300,1398,-1791,0,0
2008-06-25,812,812,812,812,1398,-1791,0,0
2008-06-26,-1727,-1727,-1727,-1727,1398,-1791,0,0
2008-06-27,-581,-581,-581,-581,1398,-1791,0,0
2008-06-30,-895,-895,-895,-895,1398,-1791,0,0
2008-07-01,-470,-470,-470,-470,1398,-1791,0,0
2008-07-02,-1370,-1370,-1370,-1370,1398,-1791,0,0
2008-07-03,-639,-639,-639,-639,1398,-1791,0,0
2008-07-07,-917,-917,-917,-917,1266,-1791,0,0
2008-07-08,1181,1181,1181,1181,1266,-1727,0,0
2008-07-09,-1213,-1213,-1213,-1213,1266,-1727,0,0
2008-07-10,317,317,317,317,1266,-1727,0,0
2008-07-11,-118,-118,-118,-118,1266,-1727,0,0
2008-07-14,-1209,-1209,-1209,-1209,1266,-1727,0,0
2008-07-15,-567,-567,-567,-567,1181,-1727,0,0
2008-07-16,1609,1609,1609,1609,1181,-1727,0,0
2008-07-17,1066,1066,1066,1066,1609,-1727,0,0
2008-07-18,-295,-295,-295,-295,1609,-1727,0,0
2008-07-21,359,359,359,359,1609,-1727,0,0
2008-07-22,1003,1003,1003,1003,1609,-1727,0,0
2008-07-23,429,429,429,429,1609,-1727,0,0
2008-07-24,-1071,-1071,-1071,-1071,1609,-1727,0,0
2008-07-25,646,646,646,646,1609,-1727,0,0
2008-07-28,-1404,-1404,-1404,-1404,1609,-1370,0,0
2008-07-29,1188,1188,1188,1188,1609,-1404,0,0
2008-07-30,340,340,340,340,1609,-1404,0,0
2008-07-31,-206,-206,-206,-206,1609,-1404,0,0
2008-08-01,1,1,1,1,1609,-1404,0,0
2008-08-04,-955,-955,-955,-955,1609,-1404,0,0
2008-08-05,1048,1048,1048,1048,1609,-1404,0,0
2008-08-06,497,497,497,497,1609,-1404,0,0
2008-08-07,-893,-893,-893,-893,1609,-1404,0,0
2008-08-08,1221,1221,1221,1221,1609,-1404,0,0
2008-08-11,1137,1137,1137,1137,1609,-1404,0,0
2008-08-12,-428,-428,-428,-428,1609,-1404,0,0
2008-08-13,186,186,186,186,1609,-1404,0,0
2008-08-14,632,632,632,632,1221,-1404,0,0
2008-08-15,-131,-131,-131,-131,1221,-1404,0,0
2008-08-18,-1067,-1067,-1067,-1067,1221,-1404,0,0
2008-08-19,-1277,-1277,-1277,-1277,1221,-1404,0,0
2008-08-20,-27,-27,-27,-27,1221,-1404,0,0
2008-08-21,-687,-687,-687,-687,1221,-1404,0,0
2008-08-22,1185,1185,1185,1185,1221,-1404,0,0
2008-08-25,-1599,-1599,-1599,-1599,1221,-1404,0,0
2008-08-26,254,254,254,254,1221,-1599,0,0
2008-08-27,837,837,837,837,1221,-1599,0,0
2008-08-28,1325,1325,1325,1325,1221,-1599,0,0
2008-08-29,-757,-757,-757,-757,1325,-1599,0,0
2008-09-02,-34,-34,-34,-34,1325,-1599,0,0
2008-09-03,169,169,169,169,1325,-1599,0,0
2008-09-04,-1702,-1702,-1702,-1702,1325,-1599,0,0
2008-09-05,-243,-243,-243,-243,1325,-1702,0,0
2008-09-08,605,605,605,605,1325,-1702,0,0
2008-09-09,-1766,-1766,-1766,-1766,1325,-1702,0,0
2008-09-10,383,383,383,383,1325,-1766,0,0
2008-09-11,-260,-260,-260,-260,1325,-1766,0,0
2008-09-12,-86,-86,-86,-86,1325,-1766,0,0
2008-09-15,-2162,-2162,-2162,-2162,1325,-1766,0,0
2008-09-16,431,431,431,431,1325,-2162,0,0
2008-09-17,-2035,-2035,-2035,-2035,1325,-2162,0,0
2008-09-18,1415,1415,1415,1415,1325,-2162,0,0
2008-09-19,1646,1646,1646,1646,1415,-2162,0,0
2008-09-22,-1536,-1536,-1536,-1536,1646,-2162,0,0
2008-09-23,-943,-943,-943,-943,1646,-2162,0,0
2008-09-24,-903,-903,-903,-903,1646,-2162,0,0
2008-09-25,560,560,560,560,1646,-2162,0,0
2008-09-26,-462,-462,-462,-462,1646,-2162,0,0
2008-09-29,-2141,-2141,-2141,-2141,1646,-2162,0,0
2008-09-30,916,916,916,916,1646,-2162,0,0
2008-10-01,-752,-752,-752,-752,1646,-2162,0,0
2008-10-02,-1832,-1832,-1832,-1832,1646,-2162,0,0
2008-10-03,-1258,-1258,-1258,-1258,1646,-2162,0,0
2008-10-06,-2107,-2107,-2107,-2107,1646,-2162,0,0
2008-10-07,-1862,-1862,-1862,-1862,1646,-2162,0,0
2008-10-08,-1323,-1323,-1323,-1323,1646,-2162,0,0
2008-10-09,-2043,-2043,-2043,-2043,1646,-2162,0,0
2008-10-10,-124,-124,-124,-124,1646,-2162,0,0
2008-10-13,2148,2148,2148,2148,1646,-2162,0,0
2008-10-14,-715,-715,-715,-715,2148,-2141,0,0
2008-10-15,-2062,-2062,-2062,-2062,2148,-2141,0,0
2008-10-16,1025,1025,1025,1025,2148,-2141,0,0
2008-10-17,-337,-337,-337,-337,2148,-2141,0,0
2008-10-20,1414,1414,1414,1414,2148,-2141,0,0
2008-10-21,-1230,-1230,-1230,-1230,2148,-2141,0,0
2008-10-22,-2036,-2036,-2036,-2036,2148,-2141,0,0
2008-10-23,-1203,-1203,-1203,-1203,2148,-2141,0,0
2008-10-24,-1617,-1617,-1617,-1617,2148,-2141,0,0
2008-10-27,-1604,-1604,-1604,-1604,2148,-2141,0,0
2008-10-28,1162,1162,1162,1162,2148,-2107,0,0
2008-10-29,521,521,521,521,2148,-2107,0,0
2008-10-30,1388,1388,1388,1388,2148,-2107,0,0
2008-10-31,1517,1517,1517,1517,2148,-2107,0,0
2008-11-03,329,329,329,329,2148,-2107,0,0
2008-11-04,804,804,804,804,2148,-2062,0,0
2008-11-05,-1666,-1666,-1666,-1666,2148,-2062,0,0
2008-11-06,-1607,-1607,-1607,-1607,2148,-2062,0,0
2008-11-07,707,707,707,707,2148,-2062,0,0
2008-11-10,-1126,-1126,-1126,-1126,2148,-2062,0,0
2008-11-11,-1398,-1398,-1398,-1398,1517,-2062,0,0
2008-11-12,-2092,-2092,-2092,-2092,1517,-2062,0,0
2008-11-13,1291,1291,1291,1291,1517,-2092,0,0
2008-11-14,-1657,-1657,-1657,-1657,1517,-2092,0,0
2008-11-17,-1001,-1001,-1001,-1001,1517,-2092,0,0
2008-11-18,-588,-588,-588,-588,1517,-2092,0,0
2008-11-19,-2233,-2233,-2233,-2233,1517,-2092,0,0
2008-11-20,-2098,-2098,-2098,-2098,1517,-2233,0,0
2008-11-21,608,608,608,608,1517,-2233,0,0
2008-11-24,1484,1484,1484,1484,1517,-2233,0,0
2008-11-25,342,342,342,342,1517,-2233,0,0
2008-11-26,1674,1674,1674,1674,1517,-2233,0,0
2008-11-28,877,877,877,877,1674,-2233,0,0
2008-12-01,-1984,-1984,-1984,-1984,1674,-2233,0,0
2008-12-02,1206,1206,1206,1206,1674,-2233,0,0
2008-12-03,625,625,625,625,1674,-2233,0,0
2008-12-04,-1166,-1166,-1166,-1166,1674,-2233,0,0
2008-12-05,1114,1114,1114,1114,1674,-2233,0,0
2008-12-08,1279,1279,1279,1279,1674,-2233,0,0
2008-12-09,-944,-944,-944,-944,1674,-2233,0,0
2008-12-10,840,840,840,840,1674,-2233,0,0
2008-12-11,-1381,-1381,-1381,-1381,1674,-2233,0,0
2008-12-12,1041,1041,1041,1041,1674,-2233,0,0
2008-12-15,-1408,-1408,-1408,-1408,1674,-2233,0,0
2008-12-16,1624,1624,1624,1624,1674,-2233,0,0
2008-12-17,121,121,121,121,1674,-2233,0,0
2008-12-18,-682,-682,-682,-682,1674,-2233,0,0
2008-12-19,-50,-50,-50,-50,1674,-2098,0,0
2008-12-22,-930,-930,-930,-930,1674,-1984,0,0
2008-12-23,-791,-791,-791,-791,1674,-1984,0,0
2008-12-24,152,152,152,152,1674,-1984,0,0
2008-12-26,598,598,598,598,1674,-1984,0,0
2008-12-29,-1253,-1253,-1253,-1253,1624,-1984,0,0
2008-12-30,1071,1071,1071,1071,1624,-1984,0,0
2008-12-31,1590,1590,1590,1590,1624,-1408,0,0
2009-01-02,1349,1349,1349,1349,1624,-1408,0,0
2009-01-05,243,243,243,243,1624,-1408,0,0
2009-01-06,1260,1260,1260,1260,1624,-1408,0,0
2009-01-07,-1322,-1322,-1322,-1322,1624,-1408,0,0
2009-01-08,612,612,612,612,1624,-1408,0,0
2009-01-09,-1360,-1360,-1360,-1360,1624,-1408,0,0
2009-01-12,-1436,-1436,-1436,-1436,1624,-1408,0,0
2009-01-13,298,298,298,298,1624,-1436,0,0
2009-01-14,-1773,-1773,-1773,-1773,1624,-1436,0,0
2009-01-15,418,418,418,418,1624,-1773,0,0
2009-01-16,291,291,291,291,1590,-1773,0,0
2009-01-20,-1996,-1996,-1996,-1996,1590,-1773,0,0
2009-01-21,1393,1393,1393,1393,1590,-1996,0,0
2009-01-22,-1375,-1375,-1375,-1375,1590,-1996,0,0
2009-01-23,-143,-143,-143,-143,1590,-1996,0,0
2009-01-26,669,669,669,669,1590,-1996,0,0
2009-01-27,684,684,684,684,1590,-1996,0,0
2009-01-28,1552,1552,1552,1552,1590,-1996,0,0
2009-01-29,-1553,-1553,-1553,-1553,1590,-1996,0,0
2009-01-30,-922,-922,-922,-922,1590,-1996,0,0
2009-02-02,202,202,202,202,1552,-1996,0,0
2009-02-03,406,406,406,406,1552,-1996,0,0
2009-02-04,-559,-559,-559,-559,1552,-1996,0,0
2009-02-05,839,839,839,839,1552,-1996,0,0
2009-02-06,1358,1358,1358,1358,1552,-1996,0,0
2009-02-09,-265,-265,-265,-265,1552,-1996,0,0
2009-02-10,-1745,-1745,-1745,-1745,1552,-1996,0,0
2009-02-11,294,294,294,294,1552,-1996,0,0
2009-02-12,41,41,41,41,1552,-1996,0,0
2009-02-13,-135,-135,-135,-135,1552,-1996,0,0
2009-02-17,-1945,-1945,-1945,-1945,1552,-1996,0,0
2009-02-18,-753,-753,-753,-753,1552,-1996,0,0
2009-02-19,-889,-889,-889,-889,1552,-1945,0,0
2009-02-20,-1170,-1170,-1170,-1170,1552,-1945,0,0
2009-02-23,-1613,-1613,-1613,-1613,1552,-1945,0,0
2009-02-24,1346,1346,1346,1346,1552,-1945,0,0
2009-02-25,-1056,-1056,-1056,-1056,1552,-1945,0,0
2009-02-26,-668,-668,-668,-668,1552,-1945,0,0
2009-02-27,-520,-520,-520,-520,1358,-1945,0,0
2009-03-02,-2166,-2166,-2166,-2166,1358,-1945,0,0
2009-03-03,-758,-758,-758,-758,1358,-2166,0,0
2009-03-04,1148,1148,1148,1148,1358,-2166,0,0
2009-03-05,-1918,-1918,-1918,-1918,1358,-2166,0,0
2009-03-06,-25,-25,-25,-25,1358,-2166,0,0
2009-03-09,-1163,-1163,-1163,-1163,1358,-2166,0,0
2009-03-10,1896,1896,1896,1896,1346,-2166,0,0
2009-03-11,30,30,30,30,1896,-2166,0,0
2009-03-12,1766,1766,1766,1766,1896,-2166,0,0
2009-03-13,410,410,410,410,1896,-2166,0,0
2009-03-16,-311,-311,-311,-311,1896,-2166,0,0
2009-03-17,1507,1507,1507,1507,1896,-2166,0,0
2009-03-18,1188,1188,1188,1188,1896,-2166,0,0
2009-03-19,-245,-245,-245,-245,1896,-2166,0,0
2009-03-20,-982,-982,-982,-982,1896,-2166,0,0
2009-03-23,1890,1890,1890,1890,1896,-2166,0,0
2009-03-24,-1070,-1070,-1070,-1070,1896,-2166,0,0
2009-03-25,1102,1102,1102,1102,1896,-2166,0,0
2009-03-26,1736,1736,1736,1736,1896,-2166,0,0
2009-03-27,-1387,-1387,-1387,-1387,1896,-2166,0,0
2009-03-30,-1447,-1447,-1447,-1447,1896,-2166,0,0
2009-03-31,1020,1020,1020,1020,1896,-1918,0,0
2009-04-01,856,856,856,856,1896,-1918,0,0
2009-04-02,1613,1613,1613,1613,1896,-1918,0,0
2009-04-03,580,580,580,580,1896,-1447,0,0
2009-04-06,-1055,-1055,-1055,-1055,1896,-1447,0,0
2009-04-07,-1377,-1377,-1377,-1377,1896,-1447,0,0
2009-04-08,1204,1204,1204,1204,1890,-1447,0,0
2009-04-09,1848,1848,1848,1848,1890,-1447,0,0
2009-04-13,7,7,7,7,1890,-1447,0,0
2009-04-14,-952,-952,-952,-952,1890,-1447,0,0
2009-04-15,709,709,709,709,1890,-1447,0,0
2009-04-16,1244,1244,1244,1244,1890,-1447,0,0
2009-04-17,642,642,642,642,1890,-1447,0,0
2009-04-20,-1858,-1858,-1858,-1858,1890,-1447,0,0
2009-04-21,1349,1349,1349,1349,1890,-1858,0,0
2009-04-22,137,137,137,137,1848,-1858,0,0
2009-04-23,-620,-620,-620,-620,1848,-1858,0,0
2009-04-24,1212,1212,1212,1212,1848,-1858,0,0
2009-04-27,-867,-867,-867,-867,1848,-1858,0,0
2009-04-28,433,433,433,433,1848,-1858,0,0
2009-04-29,1497,1497,1497,1497,1848,-1858,0,0
2009-04-30,-3,-3,-3,-3,1848,-1858,0,0
2009-05-01,83,83,83,83,1848,-1858,0,0
2009-05-04,1510,1510,1510,1510,1848,-1858,0,0
2009-05-05,-245,-245,-245,-245,1848,-1858,0,0
2009-05-06,341,341,341,341,1848,-1858,0,0
2009-05-07,-949,-949,-949,-949,1848,-1858,0,0
2009-05-08,1414,1414,1414,1414,1848,-1858,0,0
2009-05-11,-539,-539,-539,-539,1510,-1858,0,0
2009-05-12,-785,-785,-785,-785,1510,-1858,0,0
2009-05-13,-1929,-1929,-1929,-1929,1510,-1858,0,0
2009-05-14,997,997,997,997,1510,-1929,0,0
2009-05-15,-563,-563,-563,-563,1510,-1929,0,0
2009-05-18,1662,1662,1662,1662,1510,-1929,0,0
2009-05-19,35,35,35,35,1662,-1929,0,0
2009-05-20,-181,-181,-181,-181,1662,-1929,0,0
2009-05-21,-1135,-1135,-1135,-1135,1662,-1929,0,0
2009-05-22,-245,-245,-245,-245,1662,-1929,0,0
2009-05-26,1491,1491,1491,1491,1662,-1929,0,0
2009-05-27,-816,-816,-816,-816,1662,-1929,0,0
2009-05-28,324,324,324,324,1662,-1929,0,0
2009-05-29,1087,1087,1087,1087,1662,-1929,0,0
2009-06-01,1415,1415,1415,1415,1662,-1929,0,0
2009-06-02,370,370,370,370,1662,-1929,0,0
2009-06-03,-570,-570,-570,-570,1662,-1929,0,0
2009-06-04,1184,1184,1184,1184,1662,-1929,0,0
2009-06-05,-214,-214,-214,-214,1662,-1929,0,0
2009-06-08,-610,-610,-610,-610,1662,-1929,0,0
2009-06-09,564,564,564,564,1662,-1929,0,0
2009-06-10,-580,-580,-580,-580,1662,-1929,0,0
2009-06-11,789,789,789,789,1662,-1929,0,0
2009-06-12,-195,-195,-195,-195,1662,-1135,0,0
2009-06-15,-1581,-1581,-1581,-1581,1662,-1135,0,0
2009-06-16,-1115,-1115,-1115,-1115,1662,-1581,0,0
2009-06-17,148,148,148,148,1491,-1581,0,0
2009-06-18,164,164,164,164,1491,-1581,0,0
2009-06-19,490,490,490,490,1491,-1581,0,0
2009-06-22,-1837,-1837,-1837,-1837,1491,-1581,0,0
2009-06-23,-508,-508,-508,-508,1491,-1837,0,0
2009-06-24,492,492,492,492,1415,-1837,0,0
2009-06-25,1692,1692,1692,1692,1415,-1837,0,0
2009-06-26,790,790,790,790,1692,-1837,0,0
2009-06-29,-274,-274,-274,-274,1692,-1837,0,0
2009-06-30,-343,-343,-343,-343,1692,-1837,0,0
2009-07-01,933,933,933,933,1692,-1837,0,0
2009-07-02,-1786,-1786,-1786,-1786,1692,-1837,0,0
2009-07-06,-681,-681,-681,-681,1692,-1837,0,0
2009-07-07,-1370,-1370,-1370,-1370,1692,-1837,0,0
2009-07-08,-913,-913,-913,-913,1692,-1837,0,0
2009-07-09,27,27,27,27,1692,-1837,0,0
2009-07-10,186,186,186,186,1692,-1837,0,0
2009-07-13,1239,1239,1239,1239,1692,-1837,0,0
2009-07-14,384,384,384,384,1692,-1837,0,0
2009-07-15,1791,1791,1791,1791,1692,-1837,0,0
2009-07-16,711,711,711,711,1791,-1837,0,0
2009-07-17,-432,-432,-432,-432,1791,-1837,0,0
2009-07-20,979,979,979,979,1791,-1837,0,0
2009-07-21,-337,-337,-337,-337,1791,-1837,0,0
2009-07-22,609,609,609,609,1791,-1786,0,0
2009-07-23,1455,1455,1455,1455,1791,-1786,0,0
2009-07-24,280,280,280,280,1791,-1786,0,0
2009-07-27,352,352,352,352,1791,-1786,0,0
2009-07-28,259,259,259,259,1791,-1786,0,0
2009-07-29,-617,-617,-617,-617,1791,-1786,0,0
2009-07-30,1009,1009,1009,1009,1791,-1786,0,0
2009-07-31,-65,-65,-65,-65,1791,-1786,0,0
2009-08-03,1100,1100,1100,1100,1791,-1370,0,0
2009-08-04,346,346,346,346,1791,-1370,0,0
2009-08-05,-715,-715,-715,-715,1791,-913,0,0
2009-08-06,-998,-998,-998,-998,1791,-715,0,0
2009-08-07,1173,1173,1173,1173,1791,-998,0,0
2009-08-10,-79,-79,-79,-79,1791,-998,0,0
2009-08-11,-1216,-1216,-1216,-1216,1791,-998,0,0
2009-08-12,1143,1143,1143,1143,1791,-1216,0,0
2009-08-13,291,291,291,291,1455,-1216,0,0
2009-08-14,-1503,-1503,-1503,-1503,1455,-1216,0,0
2009-08-17,-1746,-1746,-1746,-1746,1455,-1503,0,0
2009-08-18,1261,1261,1261,1261,1455,-1746,0,0
2009-08-19,744,744,744,744,1455,-1746,0,0
2009-08-20,842,842,842,842,1455,-1746,0,0
2009-08-21,1288,1288,1288,1288,1261,-1746,0,0
2009-08-24,-222,-222,-222,-222,1288,-1746,0,0
2009-08-25,219,219,219,219,1288,-1746,0,0
2009-08-26,137,137,137,137,1288,-1746,0,0
2009-08-27,-92,-92,-92,-92,1288,-1746,0,0
2009-08-28,-790,-790,-790,-790,1288,-1746,0,0
2009-08-31,-1193,-1193,-1193,-1193,1288,-1746,0,0
2009-09-01,-1580,-1580,-1580,-1580,1288,-1746,0,0
2009-09-02,-117,-117,-117,-117,1288,-1746,0,0
2009-09-03,939,939,939,939,1288,-1746,0,0
2009-09-04,1317,1317,1317,1317,1288,-1746,0,0
2009-09-08,596,596,596,596,1317,-1746,0,0
2009-09-09,1135,1135,1135,1135,1317,-1746,0,0
2009-09-10,942,942,942,942,1317,-1746,0,0
2009-09-11,-480,-480,-480,-480,1317,-1746,0,0
2009-09-14,584,584,584,584,1317,-1746,0,0
2009-09-15,480,480,480,480,1317,-1746,0,0
2009-09-16,1123,1123,1123,1123,1317,-1580,0,0
2009-09-17,-11,-11,-11,-11,1317,-1580,0,0
2009-09-18,114,114,114,114,1317,-1580,0,0
2009-09-21,-196,-196,-196,-196,1317,-1580,0,0
2009-09-22,395,395,395,395,1317,-1580,0,0
2009-09-23,-636,-636,-636,-636,1317,-1580,0,0
2009-09-24,-1380,-1380,-1380,-1380,1317,-1580,0,0
2009-09-25,-384,-384,-384,-384,1317,-1580,0,0
2009-09-28,1350,1350,1350,1350,1317,-1580,0,0
2009-09-29,-461,-461,-461,-461,1350,-1580,0,0
2009-09-30,-692,-692,-692,-692,1350,-1580,0,0
2009-10-01,-1758,-1758,-1758,-1758,1350,-1380,0,0
2009-10-02,-780,-780,-780,-780,1350,-1758,0,0
2009-10-05,1236,1236,1236,1236,1350,-1758,0,0
2009-10-06,1335,1335,1335,1335,1350,-1758,0,0
2009-10-07,-16,-16,-16,-16,1350,-1758,0,0
2009-10-08,399,399,399,399,1350,-1758,0,0
2009-10-09,964,964,964,964,1350,-1758,0,0
2009-10-12,-225,-225,-225,-225,1350,-1758,0,0
2009-10-13,-261,-261,-261,-261,1350,-1758,0,0
2009-10-14,1350,1350,1350,1350,1350,-1758,0,0
2009-10-15,-333,-333,-333,-333,1350,-1758,0,0
2009-10-16,-983,-983,-983,-983,1350,-1758,0,0
2009-10-19,783,783,783,783,1350,-1758,0,0
2009-10-20,-1243,-1243,-1243,-1243,1350,-1758,0,0
2009-10-21,-931,-931,-931,-931,1350,-1758,0,0
2009-10-22,687,687,687,687,1350,-1758,0,0
2009-10-23,-1429,-1429,-1429,-1429,1350,-1758,0,0
2009-10-26,-1144,-1144,-1144,-1144,1350,-1758,0,0
2009-10-27,-934,-934,-934,-934,1350,-1758,0,0
2009-10-28,-1897,-1897,-1897,-1897,1350,-1758,0,0
2009-10-29,1112,1112,1112,1112,1350,-1897,0,0
2009-10-30,-1701,-1701,-1701,-1701,1350,-1897,0,0
2009-11-02,-113,-113,-113,-113,1350,-1897,0,0
2009-11-03,551,551,551,551,1350,-1897,0,0
2009-11-04,-569,-569,-569,-569,1350,-1897,0,0
2009-11-05,1559,1559,1559,1559,1350,-1897,0,0
2009-11-06,-179,-179,-179,-179,1559,-1897,0,0
2009-11-09,1062,1062,1062,1062,1559,-1897,0,0
2009-11-10,-933,-933,-933,-933,1559,-1897,0,0
2009-11-11,679,679,679,679,1559,-1897,0,0
2009-11-12,-1401,-1401,-1401,-1401,1559,-1897,0,0
2009-11-13,906,906,906,906,1559,-1897,0,0
2009-11-16,1448,1448,1448,1448,1559,-1897,0,0
2009-11-17,-184,-184,-184,-184,1559,-1897,0,0
2009-11-18,-587,-587,-587,-587,1559,-1897,0,0
2009-11-19,-1576,-1576,-1576,-1576,1559,-1897,0,0
2009-11-20,-204,-204,-204,-204,1559,-1897,0,0
2009-11-23,1146,1146,1146,1146,1559,-1897,0,0
2009-11-24,-498,-498,-498,-498,1559,-1897,0,0
2009-11-25,-233,-233,-233,-233,1559,-1897,0,0
2009-11-27,-1674,-1674,-1674,-1674,1559,-1701,0,0
2009-11-30,59,59,59,59,1559,-1701,0,0
2009-12-01,1040,1040,1040,1040,1559,-1674,0,0
2009-12-02,627,627,627,627,1559,-1674,0,0
2009-12-03,-958,-958,-958,-958,1559,-1674,0,0
2009-12-04,1306,1306,1306,1306,1559,-1674,0,0
2009-12-07,56,56,56,56,1448,-1674,0,0
2009-12-08,-970,-970,-970,-970,1448,-1674,0,0
2009-12-09,11,11,11,11,1448,-1674,0,0
2009-12-10,-599,-599,-599,-599,1448,-1674,0,0
2009-12-11,483,483,483,483,1448,-1674,0,0
2009-12-14,974,974,974,974,1448,-1674,0,0
2009-12-15,-661,-661,-661,-661,1448,-1674,0,0
2009-12-16,447,447,447,447,1306,-1674,0,0
2009-12-17,-1252,-1252,-1252,-1252,1306,-1674,0,0
2009-12-18,527,527,527,527,1306,-1674,0,0
2009-12-21,907,907,907,907,1306,-1674,0,0
2009-12-22,495,495,495,495,1306,-1674,0,0
2009-12-23,984,984,984,984,1306,-1674,0,0
2009-12-24,654,654,654,654,1306,-1674,0,0
2009-12-28,-251,-251,-251,-251,1306,-1674,0,0
2009-12-29,-17,-17,-17,-17,1306,-1252,0,0
2009-12-30,130,130,130,130,1306,-1252,0,0
2009-12-31,-688,-688,-688,-688,1306,-1252,0,0
2010-01-04,1581,1581,1581,1581,1306,-1252,0,0
2010-01-05,-301,-301,-301,-301,1581,-1252,0,0
2010-01-06,-281,-281,-281,-281,1581,-1252,0,0
2010-01-07,461,461,461,461,1581,-1252,0,0
2010-01-08,696,696,696,696,1581,-1252,0,0
2010-01-11,-51,-51,-51,-51,1581,-1252,0,0
2010-01-12,-1175,-1175,-1175,-1175,1581,-1252,0,0
2010-01-13,960,960,960,960,1581,-1252,0,0
2010-01-14,466,466,466,466,1581,-1252,0,0
2010-01-15,-1279,-1279,-1279,-1279,1581,-1252,0,0
2010-01-19,1073,1073,1073,1073,1581,-1279,0,0
2010-01-20,-1221,-1221,-1221,-1221,1581,-1279,0,0
2010-01-21,-1318,-1318,-1318,-1318,1581,-1279,0,0
2010-01-22,-1251,-1251,-1251,-1251,1581,-1318,0,0
2010-01-25,-53,-53,-53,-53,1581,-1318,0,0
2010-01-26,-914,-914,-914,-914,1581,-1318,0,0
2010-01-27,530,530,530,530,1581,-1318,0,0
2010-01-28,-1159,-1159,-1159,-1159,1581,-1318,0,0
2010-01-29,-783,-783,-783,-783,1581,-1318,0,0
2010-02-01,733,733,733,733,1581,-1318,0,0
2010-02-02,339,339,339,339,1581,-1318,0,0
2010-02-03,-447,-447,-447,-447,1073,-1318,0,0
2010-02-04,-1953,-1953,-1953,-1953,1073,-1318,0,0
2010-02-05,235,235,235,235,1073,-1953,0,0
2010-02-08,-776,-776,-776,-776,1073,-1953,0,0
2010-02-09,1156,1156,1156,1156,1073,-1953,0,0
2010-02-10,-16,-16,-16,-16,1156,-1953,0,0
2010-02-11,1300,1300,1300,1300,1156,-1953,0,0
2010-02-12,499,499,499,499,1300,-1953,0,0
2010-02-16,1179,1179,1179,1179,1300,-1953,0,0
2010-02-17,509,509,509,509,1300,-1953,0,0
2010-02-18,477,477,477,477,1300,-1953,0,0
2010-02-19,157,157,157,157,1300,-1953,0,0
2010-02-22,164,164,164,164,1300,-1953,0,0
2010-02-23,-870,-870,-870,-870,1300,-1953,0,0
2010-02-24,669,669,669,669,1300,-1953,0,0
2010-02-25,-373,-373,-373,-373,1300,-1953,0,0
2010-02-26,-191,-191,-191,-191,1300,-1953,0,0
2010-03-01,1350,1350,1350,1350,1300,-1953,0,0
2010-03-02,890,890,890,890,1350,-1953,0,0
2010-03-03,172,172,172,172,1350,-1953,0,0
2010-03-04,463,463,463,463,1350,-1953,0,0
2010-03-05,1609,1609,1609,1609,1350,-1953,0,0
2010-03-08,210,210,210,210,1609,-870,0,0
2010-03-09,298,298,298,298,1609,-870,0,0
2010-03-10,785,785,785,785,1609,-870,0,0
2010-03-11,377,377,377,377,1609,-870,0,0
2010-03-12,-257,-257,-257,-257,1609,-870,0,0
2010-03-15,-438,-438,-438,-438,1609,-870,0,0
2010-03-16,688,688,688,688,1609,-870,0,0
2010-03-17,511,511,511,511,1609,-870,0,0
2010-03-18,-371,-371,-371,-371,1609,-870,0,0
2010-03-19,-614,-614,-614,-614,1609,-870,0,0
2010-03-22,764,764,764,764,1609,-870,0,0
2010-03-23,922,922,922,922,1609,-870,0,0
2010-03-24,-1089,-1089,-1089,-1089,1609,-614,0,0
2010-03-25,-660,-660,-660,-660,1609,-1089,0,0
2010-03-26,-53,-53,-53,-53,1609,-1089,0,0
2010-03-29,434,434,434,434,1609,-1089,0,0
2010-03-30,200,200,200,200,1609,-1089,0,0
2010-03-31,-673,-673,-673,-673,1609,-1089,0,0
2010-04-01,367,367,367,367,1609,-1089,0,0
2010-04-05,1358,1358,1358,1358,1609,-1089,0,0
2010-04-06,347,347,347,347,1358,-1089,0,0
2010-04-07,-239,-239,-239,-239,1358,-1089,0,0
2010-04-08,75,75,75,75,1358,-1089,0,0
2010-04-09,264,264,264,264,1358,-1089,0,0
2010-04-12,276,276,276,276,1358,-1089,0,0
2010-04-13,82,82,82,82,1358,-1089,0,0
2010-04-14,1595,1595,1595,1595,1358,-1089,0,0
2010-04-15,402,402,402,402,1595,-1089,0,0
2010-04-16,-1243,-1243,-1243,-1243,1595,-1089,0,0
2010-04-19,-653,-653,-653,-653,1595,-1243,0,0
2010-04-20,1407,1407,1407,1407,1595,-1243,0,0
2010-04-21,144,144,144,144,1595,-1243,0,0
2010-04-22,665,665,665,665,1595,-1243,0,0
2010-04-23,709,709,709,709,1595,-1243,0,0
2010-04-26,-98,-98,-98,-98,1595,-1243,0,0
2010-04-27,-1686,-1686,-1686,-1686,1595,-1243,0,0
2010-04-28,124,124,124,124,1595,-1686,0,0
2010-04-29,1326,1326,1326,1326,1595,-1686,0,0
2010-04-30,-1530,-1530,-1530,-1530,1595,-1686,0,0
2010-05-03,1223,1223,1223,1223,1595,-1686,0,0
2010-05-04,-1942,-1942,-1942,-1942,1595,-1686,0,0
2010-05-05,-1364,-1364,-1364,-1364,1595,-1942,0,0
2010-05-06,-2100,-2100,-2100,-2100,1595,-1942,0,0
2010-05-07,-1519,-1519,-1519,-1519,1595,-2100,0,0
2010-05-10,2125,2125,2125,2125,1595,-2100,0,0
2010-05-11,546,546,546,546,2125,-2100,0,0
2010-05-12,1701,1701,1701,1701,2125,-2100,0,0
2010-05-13,-747,-747,-747,-747,2125,-2100,0,0
2010-05-14,-1888,-1888,-1888,-1888,2125,-2100,0,0
2010-05-17,-101,-101,-101,-101,2125,-2100,0,0
2010-05-18,-1351,-1351,-1351,-1351,2125,-2100,0,0
2010-05-19,-1437,-1437,-1437,-1437,2125,-2100,0,0
2010-05-20,-2327,-2327,-2327,-2327,2125,-2100,0,0
2010-05-21,800,800,800,800,2125,-2327,0,0
2010-05-24,-819,-819,-819,-819,2125,-2327,0,0
2010-05-25,-917,-917,-917,-917,2125,-2327,0,0
2010-05-26,307,307,307,307,2125,-2327,0,0
2010-05-27,2044,2044,2044,2044,2125,-2327,0,0
2010-05-28,-977,-977,-977,-977,2125,-2327,0,0
2010-06-01,-1754,-1754,-1754,-1754,2125,-2327,0,0
2010-06-02,1639,1639,1639,1639,2125,-2327,0,0
2010-06-03,652,652,652,652,2125,-2327,0,0
2010-06-04,-2084,-2084,-2084,-2084,2125,-2327,0,0
2010-06-07,-1786,-1786,-1786,-1786,2125,-2327,0,0
2010-06-08,-511,-511,-511,-511,2125,-2327,0,0
2010-06-09,-146,-146,-146,-146,2044,-2327,0,0
2010-06-10,1846,1846,1846,1846,2044,-2327,0,0
2010-06-11,1143,1143,1143,1143,2044,-2327,0,0
2010-06-14,324,324,324,324,2044,-2327,0,0
2010-06-15,1619,1619,1619,1619,2044,-2327,0,0
2010-06-16,-497,-497,-497,-497,2044,-2327,0,0
2010-06-17,20,20,20,20,2044,-2327,0,0
2010-06-18,212,212,212,212,2044,-2327,0,0
2010-06-21,-923,-923,-923,-923,2044,-2084,0,0
2010-06-22,-1489,-1489,-1489,-1489,2044,-2084,0,0
2010-06-23,-230,-230,-230,-230,2044,-2084,0,0
2010-06-24,-1357,-1357,-1357,-1357,2044,-2084,0,0
2010-06-25,987,987,987,987,2044,-2084,0,0
2010-06-28,-498,-498,-498,-498,1846,-2084,0,0
2010-06-29,-2119,-2119,-2119,-2119,1846,-2084,0,0
2010-06-30,-728,-728,-728,-728,1846,-2119,0,0
2010-07-01,-866,-866,-866,-866,1846,-2119,0,0
2010-07-02,-736,-736,-736,-736,1846,-2119,0,0
2010-07-06,-883,-883,-883,-883,1846,-2119,0,0
2010-07-07,1490,1490,1490,1490,1846,-2119,0,0
2010-07-08,1045,1045,1045,1045,1846,-2119,0,0
2010-07-09,1334,1334,1334,1334,1846,-2119,0,0
2010-07-12,-1053,-1053,-1053,-1053,1619,-2119,0,0
2010-07-13,1788,1788,1788,1788,1619,-2119,0,0
2010-07-14,-417,-417,-417,-417,1788,-2119,0,0
2010-07-15,-875,-875,-875,-875,1788,-2119,0,0
2010-07-16,-2027,-2027,-2027,-2027,1788,-2119,0,0
2010-07-19,469,469,469,469,1788,-2119,0,0
2010-07-20,1084,1084,1084,1084,1788,-2119,0,0
2010-07-21,-1304,-1304,-1304,-1304,1788,-2119,0,0
2010-07-22,1788,1788,1788,1788,1788,-2119,0,0
2010-07-23,1443,1443,1443,1443,1788,-2119,0,0
2010-07-26,1407,1407,1407,1407,1788,-2119,0,0
2010-07-27,-379,-379,-379,-379,1788,-2119,0,0
2010-07-28,-1089,-1089,-1089,-1089,1788,-2119,0,0
2010-07-29,-104,-104,-104,-104,1788,-2027,0,0
2010-07-30,-104,-104,-104,-104,1788,-2027,0,0
2010-08-02,1147,1147,1147,1147,1788,-2027,0,0
2010-08-03,-766,-766,-766,-766,1788,-2027,0,0
2010-08-04,849,849,849,849,1788,-2027,0,0
2010-08-05,-874,-874,-874,-874,1788,-2027,0,0
2010-08-06,-469,-469,-469,-469,1788,-2027,0,0
2010-08-09,879,879,879,879,1788,-2027,0,0
2010-08-10,-1527,-1527,-1527,-1527,1788,-2027,0,0
2010-08-11,-2091,-2091,-2091,-2091,1788,-2027,0,0
2010-08-12,-526,-526,-526,-526,1788,-2091,0,0
2010-08-13,-1012,-1012,-1012,-1012,1788,-2091,0,0
2010-08-16,621,621,621,621,1788,-2091,0,0
2010-08-17,1330,1330,1330,1330,1788,-2091,0,0
2010-08-18,18,18,18,18,1788,-2091,0,0
2010-08-19,-1631,-1631,-1631,-1631,1788,-2091,0,0
2010-08-20,-30,-30,-30,-30,1443,-2091,0,0
2010-08-23,-1263,-1263,-1263,-1263,1407,-2091,0,0
2010-08-24,-1297,-1297,-1297,-1297,1330,-2091,0,0
2010-08-25,707,707,707,707,1330,-2091,0,0
2010-08-26,-899,-899,-899,-899,1330,-2091,0,0
2010-08-27,1708,1708,1708,1708,1330,-2091,0,0
2010-08-30,-1568,-1568,-1568,-1568,1708,-2091,0,0
2010-08-31,-62,-62,-62,-62,1708,-2091,0,0
2010-09-01,1722,1722,1722,1722,1708,-2091,0,0
2010-09-02,692,692,692,692,1722,-2091,0,0
2010-09-03,1439,1439,1439,1439,1722,-2091,0,0
2010-09-07,-1465,-1465,-1465,-1465,1722,-2091,0,0
2010-09-08,806,806,806,806,1722,-2091,0,0
2010-09-09,201,201,201,201,1722,-2091,0,0
2010-09-10,239,239,239,239,1722,-1631,0,0
2010-09-13,1554,1554,1554,1554,1722,-1631,0,0
2010-09-14,-390,-390,-390,-390,1722,-1631,0,0
2010-09-15,359,359,359,359,1722,-1631,0,0
2010-09-16,-676,-676,-676,-676,1722,-1631,0,0
2010-09-17,436,436,436,436,1722,-1631,0,0
2010-09-20,1573,1573,1573,1573,1722,-1568,0,0
2010-09-21,-634,-634,-634,-634,1722,-1568,0,0
2010-09-22,-891,-891,-891,-891,1722,-1568,0,0
2010-09-23,-846,-846,-846,-846,1722,-1568,0,0
2010-09-24,1635,1635,1635,1635,1722,-1568,0,0
2010-09-27,-568,-568,-568,-568,1722,-1568,0,0
2010-09-28,869,869,869,869,1722,-1568,0,0
2010-09-29,148,148,148,148,1722,-1465,0,0
2010-09-30,-37,-37,-37,-37,1722,-1465,0,0
2010-10-01,395,395,395,395,1635,-1465,0,0
2010-10-04,-1250,-1250,-1250,-1250,1635,-1465,0,0
2010-10-05,1658,1658,1658,1658,1635,-1465,0,0
2010-10-06,-458,-458,-458,-458,1658,-1250,0,0
2010-10-07,-301,-301,-301,-301,1658,-1250,0,0
2010-10-08,1157,1157,1157,1157,1658,-1250,0,0
2010-10-11,-179,-179,-179,-179,1658,-1250,0,0
2010-10-12,436,436,436,436,1658,-1250,0,0
2010-10-13,1235,1235,1235,1235,1658,-1250,0,0
2010-10-14,-242,-242,-242,-242,1658,-1250,0,0
2010-10-15,-77,-77,-77,-77,1658,-1250,0,0
2010-10-18,843,843,843,843,1658,-1250,0,0
2010-10-19,-1788,-1788,-1788,-1788,1658,-1250,0,0
2010-10-20,1089,1089,1089,1089,1658,-1788,0,0
2010-10-21,-607,-607,-607,-607,1658,-1788,0,0
2010-10-22,719,719,719,719,1658,-1788,0,0
2010-10-25,566,566,566,566,1658,-1788,0,0
2010-10-26,-35,-35,-35,-35,1658,-1788,0,0
2010-10-27,-624,-624,-624,-624,1658,-1788,0,0
2010-10-28,-420,-420,-420,-420,1658,-1788,0,0
2010-10-29,286,286,286,286,1658,-1788,0,0
2010-11-01,-704,-704,-704,-704,1658,-1788,0,0
2010-11-02,1243,1243,1243,1243,1658,-1788,0,0
2010-11-03,307,307,307,307,1243,-1788,0,0
2010-11-04,1349,1349,1349,1349,1243,-1788,0,0
2010-11-05,296,296,296,296,1349,-1788,0,0
2010-11-08,-100,-100,-100,-100,1349,-1788,0,0
2010-11-09,-1192,-1192,-1192,-1192,1349,-1788,0,0
2010-11-10,902,902,902,902,1349,-1788,0,0
2010-11-11,-850,-850,-850,-850,1349,-1788,0,0
2010-11-12,-1625,-1625,-1625,-1625,1349,-1788,0,0
2010-11-15,226,226,226,226,1349,-1788,0,0
2010-11-16,-1552,-1552,-1552,-1552,1349,-1788,0,0
2010-11-17,122,122,122,122,1349,-1625,0,0
2010-11-18,1330,1330,1330,1330,1349,-1625,0,0
2010-11-19,281,281,281,281,1349,-1625,0,0
2010-11-22,37,37,37,37,1349,-1625,0,0
2010-11-23,-1326,-1326,-1326,-1326,1349,-1625,0,0
2010-11-24,1541,1541,1541,1541,1349,-1625,0,0
2010-11-26,-673,-673,-673,-673,1541,-1625,0,0
2010-11-29,-259,-259,-259,-259,1541,-1625,0,0
2010-11-30,-931,-931,-931,-931,1541,-1625,0,0
2010-12-01,1176,1176,1176,1176,1541,-1625,0,0
2010-12-02,727,727,727,727,1541,-1625,0,0
2010-12-03,569,569,569,569,1541,-1625,0,0
2010-12-06,399,399,399,399,1541,-1625,0,0
2010-12-07,316,316,316,316,1541,-1625,0,0
2010-12-08,-24,-24,-24,-24,1541,-1625,0,0
2010-12-09,461,461,461,461,1541,-1625,0,0
2010-12-10,986,986,986,986,1541,-1625,0,0
2010-12-13,-563,-563,-563,-563,1541,-1625,0,0
2010-12-14,34,34,34,34,1541,-1552,0,0
2010-12-15,-577,-577,-577,-577,1541,-1552,0,0
2010-12-16,983,983,983,983,1541,-1326,0,0
2010-12-17,118,118,118,118,1541,-1326,0,0
2010-12-20,-92,-92,-92,-92,1541,-1326,0,0
2010-12-21,1175,1175,1175,1175,1541,-1326,0,0
2010-12-22,139,139,139,139,1541,-1326,0,0
2010-12-23,-303,-303,-303,-303,1541,-931,0,0
2010-12-27,427,427,427,427,1176,-931,0,0
2010-12-28,-478,-478,-478,-478,1176,-931,0,0
2010-12-29,199,199,199,199,1176,-931,0,0
2010-12-30,-181,-181,-181,-181,1176,-577,0,0
2010-12-31,-419,-419,-419,-419,1175,-577,0,0
2011-01-03,1406,1406,1406,1406,1175,-577,0,0
2011-01-04,-956,-956,-956,-956,1406,-577,0,0
2011-01-05,1103,1103,1103,1103,1406,-956,0,0
2011-01-06,-319,-319,-319,-319,1406,-956,0,0
2011-01-07,-677,-677,-677,-677,1406,-956,0,0
2011-01-10,266,266,266,266,1406,-956,0,0
2011-01-11,681,681,681,681,1406,-956,0,0
2011-01-12,928,928,928,928,1406,-956,0,0
2011-01-13,-318,-318,-318,-318,1406,-956,0,0
2011-01-14,747,747,747,747,1406,-956,0,0
2011-01-18,-67,-67,-67,-67,1406,-956,0,0
2011-01-19,-1755,-1755,-1755,-1755,1406,-956,0,0
2011-01-20,-1187,-1187,-1187,-1187,1406,-1755,0,0
2011-01-21,-475,-475,-475,-475,1406,-1755,0,0
2011-01-24,786,786,786,786,1406,-1755,0,0
2011-01-25,-214,-214,-214,-214,1406,-1755,0,0
2011-01-26,1357,1357,1357,1357,1406,-1755,0,0
2011-01-27,64,64,64,64,1406,-1755,0,0
2011-01-28,-1816,-1816,-1816,-1816,1406,-1755,0,0
2011-01-31,446,446,446,446,1406,-1816,0,0
2011-02-01,1417,1417,1417,1417,1406,-1816,0,0
2011-02-02,-322,-322,-322,-322,1417,-1816,0,0
2011-02-03,-8,-8,-8,-8,1417,-1816,0,0
2011-02-04,-80,-80,-80,-80,1417,-1816,0,0
2011-02-07,933,933,933,933,1417,-1816,0,0
2011-02-08,426,426,426,426,1417,-1816,0,0
2011-02-09,-716,-716,-716,-716,1417,-1816,0,0
2011-02-10,101,101,101,101,1417,-1816,0,0
2011-02-11,953,953,953,953,1417,-1816,0,0
2011-02-14,215,215,215,215,1417,-1816,0,0
2011-02-15,-621,-621,-621,-621,1417,-1816,0,0
2011-02-16,835,835,835,835,1417,-1816,0,0
2011-02-17,523,523,523,523,1417,-1816,0,0
2011-02-18,70,70,70,70,1417,-1816,0,0
2011-02-22,-1940,-1940,-1940,-1940,1417,-1816,0,0
2011-02-23,-1376,-1376,-1376,-1376,1417,-1940,0,0
2011-02-24,527,527,527,527,1417,-1940,0,0
2011-02-25,1571,1571,1571,1571,1417,-1940,0,0
2011-02-28,-11,-11,-11,-11,1571,-1940,0,0
2011-03-01,-1423,-1423,-1423,-1423,1571,-1940,0,0
2011-03-02,290,290,290,290,1571,-1940,0,0
2011-03-03,1423,1423,1423,1423,1571,-1940,0,0
2011-03-04,-793,-793,-793,-793,1571,-1940,0,0
2011-03-07,-1445,-1445,-1445,-1445,1571,-1940,0,0
2011-03-08,1153,1153,1153,1153,1571,-1940,0,0
2011-03-09,-473,-473,-473,-473,1571,-1940,0,0
2011-03-10,-1889,-1889,-1889,-1889,1571,-1940,0,0
2011-03-11,136,136,136,136,1571,-1940,0,0
2011-03-14,-1055,-1055,-1055,-1055,1571,-1940,0,0
2011-03-15,-1373,-1373,-1373,-1373,1571,-1940,0,0
2011-03-16,-1193,-1193,-1193,-1193,1571,-1940,0,0
2011-03-17,559,559,559,559,1571,-1940,0,0
2011-03-18,944,944,944,944,1571,-1940,0,0
2011-03-21,1476,1476,1476,1476,1571,-1940,0,0
2011-03-22,-492,-492,-492,-492,1571,-1940,0,0
2011-03-23,169,169,169,169,1571,-1889,0,0
2011-03-24,749,749,749,749,1571,-1889,0,0
2011-03-25,422,422,422,422,1571,-1889,0,0
2011-03-28,-414,-414,-414,-414,1476,-1889,0,0
2011-03-29,860,860,860,860,1476,-1889,0,0
2011-03-30,1041,1041,1041,1041,1476,-1889,0,0
2011-03-31,372,372,372,372,1476,-1889,0,0
2011-04-01,292,292,292,292,1476,-1889,0,0
2011-04-04,169,169,169,169,1476,-1889,0,0
2011-04-05,60,60,60,60,1476,-1889,0,0
2011-04-06,428,428,428,428,1476,-1889,0,0
2011-04-07,-731,-731,-731,-731,1476,-1889,0,0
2011-04-08,-998,-998,-998,-998,1476,-1373,0,0
2011-04-11,-826,-826,-826,-826,1476,-1373,0,0
2011-04-12,-1353,-1353,-1353,-1353,1476,-1373,0,0
2011-04-13,66,66,66,66,1476,-1353,0,0
2011-04-14,333,333,333,333,1476,-1353,0,0
2011-04-15,800,800,800,800,1476,-1353,0,0
2011-04-18,-1559,-1559,-1559,-1559,1476,-1353,0,0
2011-04-19,20,20,20,20,1041,-1559,0,0
2011-04-20,1379,1379,1379,1379,1041,-1559,0,0
2011-04-21,506,506,506,506,1379,-1559,0,0
2011-04-25,-206,-206,-206,-206,1379,-1559,0,0
2011-04-26,706,706,706,706,1379,-1559,0,0
2011-04-27,655,655,655,655,1379,-1559,0,0
2011-04-28,309,309,309,309,1379,-1559,0,0
2011-04-29,269,269,269,269,1379,-1559,0,0
2011-05-02,-980,-980,-980,-980,1379,-1559,0,0
2011-05-03,-1056,-1056,-1056,-1056,1379,-1559,0,0
2011-05-04,-1202,-1202,-1202,-1202,1379,-1559,0,0
2011-05-05,-584,-584,-584,-584,1379,-1559,0,0
2011-05-06,526,526,526,526,1379,-1559,0,0
2011-05-09,805,805,805,805,1379,-1559,0,0
2011-05-10,1263,1263,1263,1263,1379,-1559,0,0
2011-05-11,-1418,-1418,-1418,-1418,1379,-1559,0,0
2011-05-12,801,801,801,801,1379,-1559,0,0
2011-05-13,-1374,-1374,-1374,-1374,1379,-1559,0,0
2011-05-16,-1558,-1558,-1558,-1558,1379,-1559,0,0
2011-05-17,-464,-464,-464,-464,1379,-1559,0,0
2011-05-18,1225,1225,1225,1225,1379,-1558,0,0
2011-05-19,-3,-3,-3,-3,1379,-1558,0,0
2011-05-20,-871,-871,-871,-871,1263,-1558,0,0
2011-05-23,-1634,-1634,-1634,-1634,1263,-1558,0,0
2011-05-24,-540,-540,-540,-540,1263,-1634,0,0
2011-05-25,839,839,839,839,1263,-1634,0,0
2011-05-26,1114,1114,1114,1114,1263,-1634,0,0
2011-05-27,678,678,678,678,1263,-1634,0,0
2011-05-31,1013,1013,1013,1013,1263,-1634,0,0
2011-06-01,-1774,-1774,-1774,-1774,1263,-1634,0,0
2011-06-02,12,12,12,12,1263,-1774,0,0
2011-06-03,-1502,-1502,-1502,-1502,1263,-1774,0,0
2011-06-06,-1440,-1440,-1440,-1440,1263,-1774,0,0
2011-06-07,306,306,306,306,1263,-1774,0,0
2011-06-08,-1255,-1255,-1255,-1255,1263,-1774,0,0
2011-06-09,589,589,589,589,1225,-1774,0,0
2011-06-10,-1400,-1400,-1400,-1400,1225,-1774,0,0
2011-06-13,-774,-774,-774,-774,1225,-1774,0,0
2011-06-14,1442,1442,1442,1442,1225,-1774,0,0
2011-06-15,-1526,-1526,-1526,-1526,1442,-1774,0,0
2011-06-16,58,58,58,58,1442,-1774,0,0
2011-06-17,66,66,66,66,1442,-1774,0,0
2011-06-20,366,366,366,366,1442,-1774,0,0
2011-06-21,1544,1544,1544,1544,1442,-1774,0,0
2011-06-22,-842,-842,-842,-842,1544,-1774,0,0
2011-06-23,177,177,177,177,1544,-1774,0,0
2011-06-24,-447,-447,-447,-447,1544,-1774,0,0
2011-06-27,804,804,804,804,1544,-1774,0,0
2011-06-28,1174,1174,1174,1174,1544,-1774,0,0
2011-06-29,152,152,152,152,1544,-1774,0,0
2011-06-30,1065,1065,1065,1065,1544,-1526,0,0
2011-07-01,1224,1224,1224,1224,1544,-1526,0,0
2011-07-05,27,27,27,27,1544,-1526,0,0
2011-07-06,353,353,353,353,1544,-1526,0,0
2011-07-07,1401,1401,1401,1401,1544,-1526,0,0
2011-07-08,-877,-877,-877,-877,1544,-1526,0,0
2011-07-11,-1724,-1724,-1724,-1724,1544,-1526,0,0
2011-07-12,-456,-456,-456,-456,1544,-1724,0,0
2011-07-13,1044,1044,1044,1044,1544,-1724,0,0
2011-07-14,-1385,-1385,-1385,-1385,1544,-1724,0,0
2011-07-15,469,469,469,469,1544,-1724,0,0
2011-07-18,-1498,-1498,-1498,-1498,1544,-1724,0,0
2011-07-19,1484,1484,1484,1484,1544,-1724,0,0
2011-07-20,-508,-508,-508,-508,1544,-1724,0,0
2011-07-21,931,931,931,931,1484,-1724,0,0
2011-07-22,-33,-33,-33,-33,1484,-1724,0,0
2011-07-25,-1402,-1402,-1402,-1402,1484,-1724,0,0
2011-07-26,-798,-798,-798,-798,1484,-1724,0,0
2011-07-27,-1941,-1941,-1941,-1941,1484,-1724,0,0
2011-07-28,-43,-43,-43,-43,1484,-1941,0,0
2011-07-29,-399,-399,-399,-399,1484,-1941,0,0
2011-08-01,-219,-219,-219,-219,1484,-1941,0,0
2011-08-02,-1740,-1740,-1740,-1740,1484,-1941,0,0
2011-08-03,452,452,452,452,1484,-1941,0,0
2011-08-04,-2255,-2255,-2255,-2255,1484,-1941,0,0
2011-08-05,-1081,-1081,-1081,-1081,1484,-2255,0,0
2011-08-08,-2472,-2472,-2472,-2472,1484,-2255,0,0
2011-08-09,1758,1758,1758,1758,1484,-2472,0,0
2011-08-10,-1621,-1621,-1621,-1621,1758,-2472,0,0
2011-08-11,1763,1763,1763,1763,1758,-2472,0,0
2011-08-12,95,95,95,95,1763,-2472,0,0
2011-08-15,1631,1631,1631,1631,1763,-2472,0,0
2011-08-16,-1426,-1426,-1426,-1426,1763,-2472,0,0
2011-08-17,-184,-184,-184,-184,1763,-2472,0,0
2011-08-18,-2162,-2162,-2162,-2162,1763,-2472,0,0
2011-08-19,-1146,-1146,-1146,-1146,1763,-2472,0,0
2011-08-22,-227,-227,-227,-227,1763,-2472,0,0
2011-08-23,1689,1689,1689,1689,1763,-2472,0,0
2011-08-24,827,827,827,827,1763,-2472,0,0
2011-08-25,-1566,-1566,-1566,-1566,1763,-2472,0,0
2011-08-26,1465,1465,1465,1465,1763,-2472,0,0
2011-08-29,1920,1920,1920,1920,1763,-2472,0,0
2011-08-30,114,114,114,114,1920,-2472,0,0
2011-08-31,-19,-19,-19,-19,1920,-2472,0,0
2011-09-01,-1517,-1517,-1517,-1517,1920,-2472,0,0
2011-09-02,-1806,-1806,-1806,-1806,1920,-2472,0,0
2011-09-06,-798,-798,-798,-798,1920,-2472,0,0
2011-09-07,1817,1817,1817,1817,1920,-2162,0,0
2011-09-08,-1320,-1320,-1320,-1320,1920,-2162,0,0
2011-09-09,-1733,-1733,-1733,-1733,1920,-2162,0,0
2011-09-12,251,251,251,251,1920,-2162,0,0
2011-09-13,1292,1292,1292,1292,1920,-2162,0,0
2011-09-14,1237,1237,1237,1237,1920,-2162,0,0
2011-09-15,843,843,843,843,1920,-2162,0,0
2011-09-16,157,157,157,157,1920,-2162,0,0
2011-09-19,-1473,-1473,-1473,-1473,1920,-1806,0,0
2011-09-20,-1117,-1117,-1117,-1117,1920,-1806,0,0
2011-09-21,-1703,-1703,-1703,-1703,1920,-1806,0,0
2011-09-22,-1915,-1915,-1915,-1915,1920,-1806,0,0
2011-09-23,928,928,928,928,1920,-1915,0,0
2011-09-26,731,731,731,731,1920,-1915,0,0
2011-09-27,1301,1301,1301,1301,1920,-1915,0,0
2011-09-28,-1759,-1759,-1759,-1759,1817,-1915,0,0
2011-09-29,619,619,619,619,1817,-1915,0,0
2011-09-30,-1415,-1415,-1415,-1415,1817,-1915,0,0
2011-10-03,-2142,-2142,-2142,-2142,1817,-1915,0,0
2011-10-04,1211,1211,1211,1211,1817,-2142,0,0
2011-10-05,958,958,958,958,1817,-2142,0,0
2011-10-06,1334,1334,1334,1334,1301,-2142,0,0
2011-10-07,-1302,-1302,-1302,-1302,1334,-2142,0,0
2011-10-10,1687,1687,1687,1687,1334,-2142,0,0
2011-10-11,534,534,534,534,1687,-2142,0,0
2011-10-12,1185,1185,1185,1185,1687,-2142,0,0
2011-10-13,-46,-46,-46,-46,1687,-2142,0,0
2011-10-14,1265,1265,1265,1265,1687,-2142,0,0
2011-10-17,-1612,-1612,-1612,-1612,1687,-2142,0,0
2011-10-18,1387,1387,1387,1387,1687,-2142,0,0
2011-10-19,-1326,-1326,-1326,-1326,1687,-2142,0,0
2011-10-20,-268,-268,-268,-268,1687,-2142,0,0
2011-10-21,1392,1392,1392,1392,1687,-2142,0,0
2011-10-24,1609,1609,1609,1609,1687,-2142,0,0
2011-10-25,-1578,-1578,-1578,-1578,1687,-2142,0,0
2011-10-26,1163,1163,1163,1163,1687,-2142,0,0
2011-10-27,1765,1765,1765,1765,1687,-2142,0,0
2011-10-28,-310,-310,-310,-310,1765,-2142,0,0
2011-10-31,-1447,-1447,-1447,-1447,1765,-2142,0,0
2011-11-01,-1746,-1746,-1746,-1746,1765,-1612,0,0
2011-11-02,1384,1384,1384,1384,1765,-1746,0,0
2011-11-03,1215,1215,1215,1215,1765,-1746,0,0
2011-11-04,-683,-683,-683,-683,1765,-1746,0,0
2011-11-07,-344,-344,-344,-344,1765,-1746,0,0
2011-11-08,1103,1103,1103,1103,1765,-1746,0,0
2011-11-09,-1914,-1914,-1914,-1914,1765,-1746,0,0
2011-11-10,624,624,624,624,1765,-1914,0,0
2011-11-11,1438,1438,1438,1438,1765,-1914,0,0
2011-11-14,-1290,-1290,-1290,-1290,1765,-1914,0,0
2011-11-15,882,882,882,882,1765,-1914,0,0
2011-11-16,-1203,-1203,-1203,-1203,1765,-1914,0,0
2011-11-17,-1083,-1083,-1083,-1083,1765,-1914,0,0
2011-11-18,-23,-23,-23,-23,1765,-1914,0,0
2011-11-21,-1695,-1695,-1695,-1695,1765,-1914,0,0
2011-11-22,-711,-711,-711,-711,1765,-1914,0,0
2011-11-23,-1781,-1781,-1781,-1781,1765,-1914,0,0
2011-11-25,-968,-968,-968,-968,1765,-1914,0,0
2011-11-28,1675,1675,1675,1675,1438,-1914,0,0
2011-11-29,-626,-626,-626,-626,1675,-1914,0,0
2011-11-30,1672,1672,1672,1672,1675,-1914,0,0
2011-12-01,-671,-671,-671,-671,1675,-1914,0,0
2011-12-02,516,516,516,516,1675,-1914,0,0
2011-12-05,979,979,979,979,1675,-1914,0,0
2011-12-06,-320,-320,-320,-320,1675,-1914,0,0
2011-12-07,-162,-162,-162,-162,1675,-1914,0,0
2011-12-08,-1811,-1811,-1811,-1811,1675,-1914,0,0
2011-12-09,1633,1633,1633,1633,1675,-1811,0,0
2011-12-12,-1283,-1283,-1283,-1283,1675,-1811,0,0
2011-12-13,-1383,-1383,-1383,-1383,1675,-1811,0,0
2011-12-14,-778,-778,-778,-778,1675,-1811,0,0
2011-12-15,392,392,392,392,1675,-1811,0,0
2011-12-16,288,288,288,288,1675,-1811,0,0
2011-12-19,-1464,-1464,-1464,-1464,1675,-1811,0,0
2011-12-20,1722,1722,1722,1722,1675,-1811,0,0
2011-12-21,-54,-54,-54,-54,1722,-1811,0,0
2011-12-22,821,821,821,821,1722,-1811,0,0
2011-12-23,177,177,177,177,1722,-1811,0,0
2011-12-27,-57,-57,-57,-57,1722,-1811,0,0
2011-12-28,-1569,-1569,-1569,-1569,1722,-1811,0,0
2011-12-29,1151,1151,1151,1151,1722,-1811,0,0
2011-12-30,-205,-205,-205,-205,1722,-1811,0,0
2012-01-03,1228,1228,1228,1228,1722,-1811,0,0
2012-01-04,-568,-568,-568,-568,1722,-1811,0,0
2012-01-05,559,559,559,559,1722,-1811,0,0
2012-01-06,-273,-273,-273,-273,1722,-1811,0,0
2012-01-09,360,360,360,360,1722,-1811,0,0
2012-01-10,1141,1141,1141,1141,1722,-1569,0,0
2012-01-11,475,475,475,475,1722,-1569,0,0
2012-01-12,559,559,559,559,1722,-1569,0,0
2012-01-13,-876,-876,-876,-876,1722,-1569,0,0
2012-01-17,197,197,197,197,1722,-1569,0,0
2012-01-18,1341,1341,1341,1341,1722,-1569,0,0
2012-01-19,419,419,419,419,1722,-1569,0,0
2012-01-20,515,515,515,515,1722,-1569,0,0
2012-01-23,-244,-244,-244,-244,1341,-1569,0,0
2012-01-24,492,492,492,492,1341,-1569,0,0
2012-01-25,819,819,819,819,1341,-1569,0,0
2012-01-26,-241,-241,-241,-241,1341,-1569,0,0
2012-01-27,727,727,727,727,1341,-1569,0,0
2012-01-30,-819,-819,-819,-819,1341,-876,0,0
2012-01-31,153,153,153,153,1341,-876,0,0
2012-02-01,1324,1324,1324,1324,1341,-876,0,0
2012-02-02,522,522,522,522,1341,-876,0,0
2012-02-03,1525,1525,1525,1525,1341,-876,0,0
2012-02-06,-485,-485,-485,-485,1525,-876,0,0
2012-02-07,-142,-142,-142,-142,1525,-876,0,0
2012-02-08,295,295,295,295,1525,-876,0,0
2012-02-09,-282,-282,-282,-282,1525,-876,0,0
2012-02-10,-1225,-1225,-1225,-1225,1525,-876,0,0
2012-02-13,1168,1168,1168,1168,1525,-1225,0,0
2012-02-14,-605,-605,-605,-605,1525,-1225,0,0
2012-02-15,-669,-669,-669,-669,1525,-1225,0,0
2012-02-16,1326,1326,1326,1326,1525,-1225,0,0
2012-02-17,30,30,30,30,1525,-1225,0,0
2012-02-21,-664,-664,-664,-664,1525,-1225,0,0
2012-02-22,-864,-864,-864,-864,1525,-1225,0,0
2012-02-23,1072,1072,1072,1072,1525,-1225,0,0
2012-02-24,-257,-257,-257,-257,1525,-1225,0,0
2012-02-27,-235,-235,-235,-235,1525,-1225,0,0
2012-02-28,-151,-151,-151,-151,1525,-1225,0,0
2012-02-29,-1279,-1279,-1279,-1279,1525,-1225,0,0
2012-03-01,320,320,320,320,1525,-1279,0,0
2012-03-02,-1051,-1051,-1051,-1051,1525,-1279,0,0
2012-03-05,-234,-234,-234,-234,1525,-1279,0,0
2012-03-06,-1653,-1653,-1653,-1653,1326,-1279,0,0
2012-03-07,1184,1184,1184,1184,1326,-1653,0,0
2012-03-08,1119,1119,1119,1119,1326,-1653,0,0
2012-03-09,1075,1075,1075,1075,1326,-1653,0,0
2012-03-12,-361,-361,-361,-361,1326,-1653,0,0
2012-03-13,1383,1383,1383,1383,1326,-1653,0,0
2012-03-14,-950,-950,-950,-950,1383,-1653,0,0
2012-03-15,830,830,830,830,1383,-1653,0,0
2012-03-16,-79,-79,-79,-79,1383,-1653,0,0
2012-03-19,755,755,755,755,1383,-1653,0,0
2012-03-20,-1015,-1015,-1015,-1015,1383,-1653,0,0
2012-03-21,43,43,43,43,1383,-1653,0,0
2012-03-22,-942,-942,-942,-942,1383,-1653,0,0
2012-03-23,840,840,840,840,1383,-1653,0,0
2012-03-26,1350,1350,1350,1350,1383,-1653,0,0
2012-03-27,-638,-638,-638,-638,1383,-1653,0,0
2012-03-28,-803,-803,-803,-803,1383,-1653,0,0
2012-03-29,-366,-366,-366,-366,1383,-1653,0,0
2012-03-30,-198,-198,-198,-198,1383,-1653,0,0
2012-04-02,995,995,995,995,1383,-1653,0,0
2012-04-03,-1020,-1020,-1020,-1020,1383,-1653,0,0
2012-04-04,-1578,-1578,-1578,-1578,1383,-1020,0,0
2012-04-05,-152,-152,-152,-152,1383,-1578,0,0
2012-04-09,-1613,-1613,-1613,-1613,1383,-1578,0,0
2012-04-10,-1629,-1629,-1629,-1629,1383,-1613,0,0
2012-04-11,1409,1409,1409,1409,1383,-1629,0,0
2012-04-12,1209,1209,1209,1209,1409,-1629,0,0
2012-04-13,-1379,-1379,-1379,-1379,1409,-1629,0,0
2012-04-16,131,131,131,131,1409,-1629,0,0
2012-04-17,1338,1338,1338,1338,1409,-1629,0,0
2012-04-18,-994,-994,-994,-994,1409,-1629,0,0
2012-04-19,-622,-622,-622,-622,1409,-1629,0,0
2012-04-20,488,488,488,488,1409,-1629,0,0
2012-04-23,-1321,-1321,-1321,-1321,1409,-1629,0,0
2012-04-24,744,744,744,744,1409,-1629,0,0
2012-04-25,1175,1175,1175,1175,1409,-1629,0,0
2012-04-26,627,627,627,627,1409,-1629,0,0
2012-04-27,770,770,770,770,1409,-1629,0,0
2012-04-30,-824,-824,-824,-824,1409,-1629,0,0
2012-05-01,-152,-152,-152,-152,1409,-1629,0,0
2012-05-02,210,210,210,210,1409,-1629,0,0
2012-05-03,-1253,-1253,-1253,-1253,1409,-1629,0,0
2012-05-04,-1515,-1515,-1515,-1515,1409,-1629,0,0
2012-05-07,247,247,247,247,1409,-1629,0,0
2012-05-08,-106,-106,-106,-106,1409,-1629,0,0
2012-05-09,-730,-730,-730,-730,1409,-1515,0,0
2012-05-10,391,391,391,391,1338,-1515,0,0
2012-05-11,-455,-455,-455,-455,1338,-1515,0,0
2012-05-14,-1305,-1305,-1305,-1305,1338,-1515,0,0
2012-05-15,-255,-255,-255,-255,1338,-1515,0,0
2012-05-16,-822,-822,-822,-822,1175,-1515,0,0
2012-05-17,-1539,-1539,-1539,-1539,1175,-1515,0,0
2012-05-18,-1093,-1093,-1093,-1093,1175,-1539,0,0
2012-05-21,1376,1376,1376,1376,1175,-1539,0,0
2012-05-22,-681,-681,-681,-681,1376,-1539,0,0
2012-05-23,221,221,221,221,1376,-1539,0,0
2012-05-24,71,71,71,71,1376,-1539,0,0
2012-05-25,8,8,8,8,1376,-1539,0,0
2012-05-29,995,995,995,995,1376,-1539,0,0
2012-05-30,-1471,-1471,-1471,-1471,1376,-1539,0,0
2012-05-31,-155,-155,-155,-155,1376,-1539,0,0
2012-06-01,-1754,-1754,-1754,-1754,1376,-1539,0,0
2012-06-04,-22,-22,-22,-22,1376,-1754,0,0
2012-06-05,798,798,798,798,1376,-1754,0,0
2012-06-06,1644,1644,1644,1644,1376,-1754,0,0
2012-06-07,-465,-465,-465,-465,1644,-1754,0,0
2012-06-08,762,762,762,762,1644,-1754,0,0
2012-06-11,-1365,-1365,-1365,-1365,1644,-1754,0,0
2012-06-12,968,968,968,968,1644,-1754,0,0
2012-06-13,-980,-980,-980,-980,1644,-1754,0,0
2012-06-14,997,997,997,997,1644,-1754,0,0
2012-06-15,1005,1005,1005,1005,1644,-1754,0,0
2012-06-18,22,22,22,22,1644,-1754,0,0
2012-06-19,1303,1303,1303,1303,1644,-1754,0,0
2012-06-20,-276,-276,-276,-276,1644,-1754,0,0
2012-06-21,-1459,-1459,-1459,-1459,1644,-1754,0,0
2012-06-22,1032,1032,1032,1032,1644,-1754,0,0
2012-06-25,-1221,-1221,-1221,-1221,1644,-1754,0,0
2012-06-26,292,292,292,292,1644,-1754,0,0
2012-06-27,1057,1057,1057,1057,1644,-1754,0,0
2012-06-28,-579,-579,-579,-579,1644,-1754,0,0
2012-06-29,1800,1800,1800,1800,1644,-1754,0,0
2012-07-02,700,700,700,700,1800,-1459,0,0
2012-07-03,1110,1110,1110,1110,1800,-1459,0,0
2012-07-05,-189,-189,-189,-189,1800,-1459,0,0
2012-07-06,-1055,-1055,-1055,-1055,1800,-1459,0,0
2012-07-09,-361,-361,-361,-361,1800,-1459,0,0
2012-07-10,-838,-838,-838,-838,1800,-1459,0,0
2012-07-11,-18,-18,-18,-18,1800,-1459,0,0
2012-07-12,-462,-462,-462,-462,1800,-1459,0,0
2012-07-13,1167,1167,1167,1167,1800,-1459,0,0
2012-07-16,-724,-724,-724,-724,1800,-1459,0,0
2012-07-17,272,272,272,272,1800,-1459,0,0
2012-07-18,495,495,495,495,1800,-1459,0,0
2012-07-19,-300,-300,-300,-300,1800,-1459,0,0
2012-07-20,-1169,-1169,-1169,-1169,1800,-1459,0,0
2012-07-23,-1481,-1481,-1481,-1481,1800,-1221,0,0
2012-07-24,-1085,-1085,-1085,-1085,1800,-1481,0,0
2012-07-25,431,431,431,431,1800,-1481,0,0
2012-07-26,763,763,763,763,1800,-1481,0,0
2012-07-27,1355,1355,1355,1355,1800,-1481,0,0
2012-07-30,-703,-703,-703,-703,1800,-1481,0,0
2012-07-31,-444,-444,-444,-444,1355,-1481,0,0
2012-08-01,-1174,-1174,-1174,-1174,1355,-1481,0,0
2012-08-02,-387,-387,-387,-387,1355,-1481,0,0
2012-08-03,1359,1359,1359,1359,1355,-1481,0,0
2012-08-06,595,595,595,595,1359,-1481,0,0
2012-08-07,719,719,719,719,1359,-1481,0,0
2012-08-08,-299,-299,-299,-299,1359,-1481,0,0
2012-08-09,271,271,271,271,1359,-1481,0,0
2012-08-10,-278,-278,-278,-278,1359,-1481,0,0
2012-08-13,-295,-295,-295,-295,1359,-1481,0,0
2012-08-14,-584,-584,-584,-584,1359,-1481,0,0
2012-08-15,951,951,951,951,1359,-1481,0,0
2012-08-16,958,958,958,958,1359,-1481,0,0
2012-08-17,734,734,734,734,1359,-1481,0,0
2012-08-20,-436,-436,-436,-436,1359,-1481,0,0
2012-08-21,-320,-320,-320,-320,1359,-1174,0,0
2012-08-22,-627,-627,-627,-627,1359,-1174,0,0
2012-08-23,-860,-860,-860,-860,1359,-1174,0,0
2012-08-24,586,586,586,586,1359,-1174,0,0
2012-08-27,-7,-7,-7,-7,1359,-1174,0,0
2012-08-28,440,440,440,440,1359,-1174,0,0
2012-08-29,501,501,501,501,1359,-1174,0,0
2012-08-30,-1224,-1224,-1224,-1224,1359,-860,0,0
2012-08-31,627,627,627,627,1359,-1224,0,0
2012-09-04,554,554,554,554,958,-1224,0,0
2012-09-05,-303,-303,-303,-303,958,-1224,0,0
2012-09-06,1397,1397,1397,1397,958,-1224,0,0
2012-09-07,418,418,418,418,1397,-1224,0,0
2012-09-10,-442,-442,-442,-442,1397,-1224,0,0
2012-09-11,458,458,458,458,1397,-1224,0,0
2012-09-12,477,477,477,477,1397,-1224,0,0
2012-09-13,1107,1107,1107,1107,1397,-1224,0,0
2012-09-14,768,768,768,768,1397,-1224,0,0
2012-09-17,-555,-555,-555,-555,1397,-1224,0,0
2012-09-18,-57,-57,-57,-57,1397,-1224,0,0
2012-09-19,-132,-132,-132,-132,1397,-1224,0,0
2012-09-20,-615,-615,-615,-615,1397,-1224,0,0
2012-09-21,533,533,533,533,1397,-1224,0,0
2012-09-24,-259,-259,-259,-259,1397,-1224,0,0
2012-09-25,-1178,-1178,-1178,-1178,1397,-1224,0,0
2012-09-26,-621,-621,-621,-621,1397,-1224,0,0
2012-09-27,1133,1133,1133,1133,1397,-1224,0,0
2012-09-28,-748,-748,-748,-748,1397,-1224,0,0
2012-10-01,324,324,324,324,1397,-1178,0,0
2012-10-02,66,66,66,66,1397,-1178,0,0
2012-10-03,-184,-184,-184,-184,1397,-1178,0,0
2012-10-04,860,860,860,860,1397,-1178,0,0
2012-10-05,-209,-209,-209,-209,1133,-1178,0,0
2012-10-08,-712,-712,-712,-712,1133,-1178,0,0
2012-10-09,-1393,-1393,-1393,-1393,1133,-1178,0,0
2012-10-10,-216,-216,-216,-216,1133,-1393,0,0
2012-10-11,494,494,494,494,1133,-1393,0,0
2012-10-12,-790,-790,-790,-790,1133,-1393,0,0
2012-10-15,667,667,667,667,1133,-1393,0,0
2012-10-16,710,710,710,710,1133,-1393,0,0
2012-10-17,540,540,540,540,1133,-1393,0,0
2012-10-18,-874,-874,-874,-874,1133,-1393,0,0
2012-10-19,-1507,-1507,-1507,-1507,1133,-1393,0,0
2012-10-22,-13,-13,-13,-13,1133,-1507,0,0
2012-10-23,-709,-709,-709,-709,1133,-1507,0,0
2012-10-24,-276,-276,-276,-276,1133,-1507,0,0
2012-10-25,393,393,393,393,1133,-1507,0,0
2012-10-26,-376,-376,-376,-376,860,-1507,0,0
2012-10-31,223,223,223,223,860,-1507,0,0
2012-11-01,756,756,756,756,860,-1507,0,0
2012-11-02,-1117,-1117,-1117,-1117,860,-1507,0,0
2012-11-05,508,508,508,508,860,-1507,0,0
2012-11-06,737,737,737,737,756,-1507,0,0
2012-11-07,-1743,-1743,-1743,-1743,756,-1507,0,0
2012-11-08,-1170,-1170,-1170,-1170,756,-1743,0,0
2012-11-09,27,27,27,27,756,-1743,0,0
2012-11-12,-184,-184,-184,-184,756,-1743,0,0
2012-11-13,-863,-863,-863,-863,756,-1743,0,0
2012-11-14,-1457,-1457,-1457,-1457,756,-1743,0,0
2012-11-15,-556,-556,-556,-556,756,-1743,0,0
2012-11-16,449,449,449,449,756,-1743,0,0
2012-11-19,1427,1427,1427,1427,756,-1743,0,0
2012-11-20,-123,-123,-123,-123,1427,-1743,0,0
2012-11-21,699,699,699,699,1427,-1743,0,0
2012-11-23,1226,1226,1226,1226,1427,-1743,0,0
2012-11-26,214,214,214,214,1427,-1743,0,0
2012-11-27,-228,-228,-228,-228,1427,-1743,0,0
2012-11-28,559,559,559,559,1427,-1743,0,0
2012-11-29,1114,1114,1114,1114,1427,-1743,0,0
2012-11-30,-11,-11,-11,-11,1427,-1743,0,0
2012-12-03,-261,-261,-261,-261,1427,-1743,0,0
2012-12-04,-126,-126,-126,-126,1427,-1743,0,0
2012-12-05,-324,-324,-324,-324,1427,-1743,0,0
2012-12-06,-11,-11,-11,-11,1427,-1743,0,0
2012-12-07,-158,-158,-158,-158,1427,-1457,0,0
2012-12-10,365,365,365,365,1427,-1457,0,0
2012-12-11,1052,1052,1052,1052,1427,-1457,0,0
2012-12-12,-516,-516,-516,-516,1427,-1457,0,0
2012-12-13,-617,-617,-617,-617,1427,-1457,0,0
2012-12-14,-49,-49,-49,-49,1427,-617,0,0
2012-12-17,948,948,948,948,1427,-617,0,0
2012-12-18,1087,1087,1087,1087,1427,-617,0,0
2012-12-19,25,25,25,25,1226,-617,0,0
2012-12-20,541,541,541,541,1226,-617,0,0
2012-12-21,-855,-855,-855,-855,1226,-617,0,0
2012-12-24,-606,-606,-606,-606,1114,-855,0,0
2012-12-26,-678,-678,-678,-678,1114,-855,0,0
2012-12-27,-335,-335,-335,-335,1114,-855,0,0
2012-12-28,-811,-811,-811,-811,1114,-855,0,0
2012-12-31,1560,1560,1560,1560,1087,-855,0,0
2013-01-02,1869,1869,1869,1869,1560,-855,0,0
2013-01-03,-103,-103,-103,-103,1869,-855,0,0
2013-01-04,732,732,732,732,1869,-855,0,0
2013-01-07,-370,-370,-370,-370,1869,-855,0,0
2013-01-08,-146,-146,-146,-146,1869,-855,0,0
2013-01-09,748,748,748,748,1869,-855,0,0
2013-01-10,407,407,407,407,1869,-855,0,0
2013-01-11,5,5,5,5,1869,-855,0,0
2013-01-14,-139,-139,-139,-139,1869,-855,0,0
2013-01-15,172,172,172,172,1869,-855,0,0
2013-01-16,-488,-488,-488,-488,1869,-855,0,0
2013-01-17,850,850,850,850,1869,-855,0,0
2013-01-18,173,173,173,173,1869,-855,0,0
2013-01-22,612,612,612,612,1869,-855,0,0
2013-01-23,-375,-375,-375,-375,1869,-855,0,0
2013-01-24,274,274,274,274,1869,-811,0,0
2013-01-25,285,285,285,285,1869,-811,0,0
2013-01-28,332,332,332,332,1869,-811,0,0
2013-01-29,243,243,243,243,1869,-811,0,0
2013-01-30,-967,-967,-967,-967,1869,-488,0,0
2013-01-31,579,579,579,579,1869,-967,0,0
2013-02-01,1109,1109,1109,1109,850,-967,0,0
2013-02-04,-1339,-1339,-1339,-1339,1109,-967,0,0
2013-02-05,1126,1126,1126,1126,1109,-1339,0,0
2013-02-06,247,247,247,247,1126,-1339,0,0
2013-02-07,-585,-585,-585,-585,1126,-1339,0,0
2013-02-08,661,661,661,661,1126,-1339,0,0
2013-02-11,-53,-53,-53,-53,1126,-1339,0,0
2013-02-12,568,568,568,568,1126,-1339,0,0
2013-02-13,252,252,252,252,1126,-1339,0,0
2013-02-14,181,181,181,181,1126,-1339,0,0
2013-02-15,-116,-116,-116,-116,1126,-1339,0,0
2013-02-19,862,862,862,862,1126,-1339,0,0
2013-02-20,-1417,-1417,-1417,-1417,1126,-1339,0,0
2013-02-21,-956,-956,-956,-956,1126,-1417,0,0
2013-02-22,1111,1111,1111,1111,1126,-1417,0,0
2013-02-25,-1576,-1576,-1576,-1576,1126,-1417,0,0
2013-02-26,517,517,517,517,1126,-1576,0,0
2013-02-27,834,834,834,834,1126,-1576,0,0
2013-02-28,-43,-43,-43,-43,1126,-1576,0,0
2013-03-01,338,338,338,338,1126,-1576,0,0
2013-03-04,195,195,195,195,1126,-1576,0,0
2013-03-05,1011,1011,1011,1011,1126,-1576,0,0
2013-03-06,257,257,257,257,1126,-1576,0,0
2013-03-07,530,530,530,530,1111,-1576,0,0
2013-03-08,887,887,887,887,1111,-1576,0,0
2013-03-11,65,65,65,65,1111,-1576,0,0
2013-03-12,-433,-433,-433,-433,1111,-1576,0,0
2013-03-13,338,338,338,338,1111,-1576,0,0
2013-03-14,837,837,837,837,1111,-1576,0,0
2013-03-15,-278,-278,-278,-278,1111,-1576,0,0
2013-03-18,-752,-752,-752,-752,1111,-1576,0,0
2013-03-19,-385,-385,-385,-385,1111,-1576,0,0
2013-03-20,1009,1009,1009,1009,1111,-1576,0,0
2013-03-21,-864,-864,-864,-864,1111,-1576,0,0
2013-03-22,492,492,492,492,1111,-1576,0,0
2013-03-25,-105,-105,-105,-105,1011,-1576,0,0
2013-03-26,407,407,407,407,1011,-864,0,0
2013-03-27,-103,-103,-103,-103,1011,-864,0,0
2013-03-28,294,294,294,294,1011,-864,0,0
2013-04-01,-1107,-1107,-1107,-1107,1011,-864,0,0
2013-04-02,-275,-275,-275,-275,1011,-1107,0,0
2013-04-03,-1319,-1319,-1319,-1319,1011,-1107,0,0
2013-04-04,690,690,690,690,1009,-1319,0,0
2013-04-05,-455,-455,-455,-455,1009,-1319,0,0
2013-04-08,476,476,476,476,1009,-1319,0,0
2013-04-09,-238,-238,-238,-238,1009,-1319,0,0
2013-04-10,1453,1453,1453,1453,1009,-1319,0,0
2013-04-11,-52,-52,-52,-52,1453,-1319,0,0
2013-04-12,-465,-465,-465,-465,1453,-1319,0,0
2013-04-15,-1967,-1967,-1967,-1967,1453,-1319,0,0
2013-04-16,1371,1371,1371,1371,1453,-1967,0,0
2013-04-17,-1535,-1535,-1535,-1535,1453,-1967,0,0
2013-04-18,-548,-548,-548,-548,1453,-1967,0,0
2013-04-19,904,904,904,904,1453,-1967,0,0
2013-04-22,97,97,97,97,1453,-1967,0,0
2013-04-23,1335,1335,1335,1335,1453,-1967,0,0
2013-04-24,321,321,321,321,1453,-1967,0,0
2013-04-25,625,625,625,625,1453,-1967,0,0
2013-04-26,-577,-577,-577,-577,1453,-1967,0,0
2013-04-29,891,891,891,891,1453,-1967,0,0
2013-04-30,527,527,527,527,1453,-1967,0,0
2013-05-01,-1409,-1409,-1409,-1409,1453,-1967,0,0
2013-05-02,1267,1267,1267,1267,1453,-1967,0,0
2013-05-03,1181,1181,1181,1181,1453,-1967,0,0
2013-05-06,483,483,483,483,1453,-1967,0,0
2013-05-07,611,611,611,611,1453,-1967,0,0
2013-05-08,401,401,401,401,1453,-1967,0,0
2013-05-09,-518,-518,-518,-518,1371,-1967,0,0
2013-05-10,822,822,822,822,1371,-1967,0,0
2013-05-13,-212,-212,-212,-212,1371,-1967,0,0
2013-05-14,1017,1017,1017,1017,1371,-1535,0,0
2013-05-15,309,309,309,309,1335,-1535,0,0
2013-05-16,-353,-353,-353,-353,1335,-1409,0,0
2013-05-17,956,956,956,956,1335,-1409,0,0
2013-05-20,238,238,238,238,1335,-1409,0,0
2013-05-21,142,142,142,142,1335,-1409,0,0
2013-05-22,-1238,-1238,-1238,-1238,1267,-1409,0,0
2013-05-23,94,94,94,94,1267,-1409,0,0
2013-05-24,105,105,105,105,1267,-1409,0,0
2013-05-28,1025,1025,1025,1025,1267,-1409,0,0
2013-05-29,-968,-968,-968,-968,1267,-1409,0,0
2013-05-30,951,951,951,951,1267,-1409,0,0
2013-05-31,-1095,-1095,-1095,-1095,1267,-1238,0,0
2013-06-03,440,440,440,440,1181,-1238,0,0
2013-06-04,-884,-884,-884,-884,1025,-1238,0,0
2013-06-05,-1377,-1377,-1377,-1377,1025,-1238,0,0
2013-06-06,1018,1018,1018,1018,1025,-1377,0,0
2013-06-07,782,782,782,782,1025,-1377,0,0
2013-06-10,698,698,698,698,1025,-1377,0,0
2013-06-11,-1182,-1182,-1182,-1182,1025,-1377,0,0
2013-06-12,-987,-987,-987,-987,1025,-1377,0,0
2013-06-13,1282,1282,1282,1282,1025,-1377,0,0
2013-06-14,-1086,-1086,-1086,-1086,1282,-1377,0,0
2013-06-17,685,685,685,685,1282,-1377,0,0
2013-06-18,980,980,980,980,1282,-1377,0,0
2013-06-19,-1122,-1122,-1122,-1122,1282,-1377,0,0
2013-06-20,-1796,-1796,-1796,-1796,1282,-1377,0,0
2013-06-21,470,470,470,470,1282,-1796,0,0
2013-06-24,-1357,-1357,-1357,-1357,1282,-1796,0,0
2013-06-25,1070,1070,1070,1070,1282,-1796,0,0
2013-06-26,239,239,239,239,1282,-1796,0,0
2013-06-27,1457,1457,1457,1457,1282,-1796,0,0
2013-06-28,142,142,142,142,1457,-1796,0,0
2013-07-01,1045,1045,1045,1045,1457,-1796,0,0
2013-07-02,-56,-56,-56,-56,1457,-1796,0,0
2013-07-03,323,323,323,323,1457,-1796,0,0
2013-07-05,1155,1155,1155,1155,1457,-1796,0,0
2013-07-08,308,308,308,308,1457,-1796,0,0
2013-07-09,560,560,560,560,1457,-1796,0,0
2013-07-10,399,399,399,399,1457,-1796,0,0
2013-07-11,1084,1084,1084,1084,1457,-1796,0,0
2013-07-12,252,252,252,252,1457,-1796,0,0
2013-07-15,751,751,751,751,1457,-1796,0,0
2013-07-16,-253,-253,-253,-253,1457,-1796,0,0
2013-07-17,450,450,450,450,1457,-1796,0,0
2013-07-18,610,610,610,610,1457,-1796,0,0
2013-07-19,-120,-120,-120,-120,1457,-1796,0,0
2013-07-22,482,482,482,482,1457,-1357,0,0
2013-07-23,-175,-175,-175,-175,1457,-1357,0,0
2013-07-24,-491,-491,-491,-491,1457,-253,0,0
2013-07-25,810,810,810,810,1457,-491,0,0
2013-07-26,-595,-595,-595,-595,1457,-491,0,0
2013-07-29,-904,-904,-904,-904,1155,-595,0,0
2013-07-30,114,114,114,114,1155,-904,0,0
2013-07-31,221,221,221,221,1155,-904,0,0
2013-08-01,1129,1129,1129,1129,1155,-904,0,0
2013-08-02,-155,-155,-155,-155,1155,-904,0,0
2013-08-05,359,359,359,359,1129,-904,0,0
2013-08-06,-971,-971,-971,-971,1129,-904,0,0
2013-08-07,-846,-846,-846,-846,1129,-971,0,0
2013-08-08,471,471,471,471,1129,-971,0,0
2013-08-09,-514,-514,-514,-514,1129,-971,0,0
2013-08-12,344,344,344,344,1129,-971,0,0
2013-08-13,-24,-24,-24,-24,1129,-971,0,0
2013-08-14,-410,-410,-410,-410,1129,-971,0,0
2013-08-15,-1590,-1590,-1590,-1590,1129,-971,0,0
2013-08-16,-205,-205,-205,-205,1129,-1590,0,0
2013-08-19,-1016,-1016,-1016,-1016,1129,-1590,0,0
2013-08-20,1198,1198,1198,1198,1129,-1590,0,0
2013-08-21,-885,-885,-885,-885,1198,-1590,0,0
2013-08-22,1449,1449,1449,1449,1198,-1590,0,0
2013-08-23,189,189,189,189,1449,-1590,0,0
2013-08-26,-226,-226,-226,-226,1449,-1590,0,0
2013-08-27,-1904,-1904,-1904,-1904,1449,-1590,0,0
2013-08-28,397,397,397,397,1449,-1904,0,0
2013-08-29,1090,1090,1090,1090,1449,-1904,0,0
2013-08-30,-1303,-1303,-1303,-1303,1449,-1904,0,0
2013-09-03,752,752,752,752,1449,-1904,0,0
2013-09-04,783,783,783,783,1449,-1904,0,0
2013-09-05,520,520,520,520,1449,-1904,0,0
2013-09-06,-89,-89,-89,-89,1449,-1904,0,0
2013-09-09,1308,1308,1308,1308,1449,-1904,0,0
2013-09-10,825,825,825,825,1449,-1904,0,0
2013-09-11,-89,-89,-89,-89,1449,-1904,0,0
2013-09-12,-726,-726,-726,-726,1449,-1904,0,0
2013-09-13,520,520,520,520,1449,-1904,0,0
2013-09-16,234,234,234,234,1449,-1904,0,0
2013-09-17,906,906,906,906,1449,-1904,0,0
2013-09-18,718,718,718,718,1449,-1904,0,0
2013-09-19,-230,-230,-230,-230,1449,-1904,0,0
2013-09-20,-172,-172,-172,-172,1449,-1904,0,0
2013-09-23,-358,-358,-358,-358,1308,-1904,0,0
2013-09-24,276,276,276,276,1308,-1904,0,0
2013-09-25,-141,-141,-141,-141,1308,-1904,0,0
2013-09-26,510,510,510,510,1308,-1303,0,0
2013-09-27,-585,-585,-585,-585,1308,-1303,0,0
2013-09-30,-229,-229,-229,-229,1308,-1303,0,0
2013-10-01,1114,1114,1114,1114,1308,-726,0,0
2013-10-02,-521,-521,-521,-521,1308,-726,0,0
2013-10-03,-1200,-1200,-1200,-1200,1308,-726,0,0
2013-10-04,963,963,963,963,1308,-1200,0,0
2013-10-07,-1225,-1225,-1225,-1225,1308,-1200,0,0
2013-10-08,-1535,-1535,-1535,-1535,1114,-1225,0,0
2013-10-09,-334,-334,-334,-334,1114,-1535,0,0
2013-10-10,1756,1756,1756,1756,1114,-1535,0,0
2013-10-11,1206,1206,1206,1206,1756,-1535,0,0
2013-10-14,588,588,588,588,1756,-1535,0,0
2013-10-15,-1057,-1057,-1057,-1057,1756,-1535,0,0
2013-10-16,1106,1106,1106,1106,1756,-1535,0,0
2013-10-17,897,897,897,897,1756,-1535,0,0
2013-10-18,878,878,878,878,1756,-1535,0,0
2013-10-21,-91,-91,-91,-91,1756,-1535,0,0
2013-10-22,250,250,250,250,1756,-1535,0,0
2013-10-23,-536,-536,-536,-536,1756,-1535,0,0
2013-10-24,614,614,614,614,1756,-1535,0,0
2013-10-25,-148,-148,-148,-148,1756,-1535,0,0
2013-10-28,-46,-46,-46,-46,1756,-1535,0,0
2013-10-29,465,465,465,465,1756,-1535,0,0
2013-10-30,-1203,-1203,-1203,-1203,1756,-1535,0,0
2013-10-31,-602,-602,-602,-602,1756,-1535,0,0
2013-11-01,-450,-450,-450,-450,1756,-1535,0,0
2013-11-04,815,815,815,815,1756,-1535,0,0
2013-11-05,-399,-399,-399,-399,1756,-1535,0,0
2013-11-06,-100,-100,-100,-100,1756,-1203,0,0
2013-11-07,-1404,-1404,-1404,-1404,1756,-1203,0,0
2013-11-08,1290,1290,1290,1290,1206,-1404,0,0
2013-11-11,-45,-45,-45,-45,1290,-1404,0,0
2013-11-12,-260,-260,-260,-260,1290,-1404,0,0
2013-11-13,1015,1015,1015,1015,1290,-1404,0,0
2013-11-14,-86,-86,-86,-86,1290,-1404,0,0
2013-11-15,500,500,500,500,1290,-1404,0,0
2013-11-18,-693,-693,-693,-693,1290,-1404,0,0
2013-11-19,-667,-667,-667,-667,1290,-1404,0,0
2013-11-20,-202,-202,-202,-202,1290,-1404,0,0
2013-11-21,1356,1356,1356,1356,1290,-1404,0,0
2013-11-22,612,612,612,612,1356,-1404,0,0
2013-11-25,99,99,99,99,1356,-1404,0,0
2013-11-26,728,728,728,728,1356,-1404,0,0
2013-11-27,1037,1037,1037,1037,1356,-1404,0,0
2013-11-29,565,565,565,565,1356,-1404,0,0
2013-12-02,-1104,-1104,-1104,-1104,1356,-1404,0,0
2013-12-03,-625,-625,-625,-625,1356,-1404,0,0
2013-12-04,-410,-410,-410,-410,1356,-1404,0,0
2013-12-05,-221,-221,-221,-221,1356,-1404,0,0
2013-12-06,910,910,910,910,1356,-1404,0,0
2013-12-09,-470,-470,-470,-470,1356,-1104,0,0
2013-12-10,-797,-797,-797,-797,1356,-1104,0,0
2013-12-11,-1362,-1362,-1362,-1362,1356,-1104,0,0
2013-12-12,-59,-59,-59,-59,1356,-1362,0,0
2013-12-13,451,451,451,451,1356,-1362,0,0
2013-12-16,932,932,932,932,1356,-1362,0,0
2013-12-17,-263,-263,-263,-263,1356,-1362,0,0
2013-12-18,1115,1115,1115,1115,1356,-1362,0,0
2013-12-19,-636,-636,-636,-636,1356,-1362,0,0
2013-12-20,1183,1183,1183,1183,1356,-1362,0,0
2013-12-23,1182,1182,1182,1182,1183,-1362,0,0
2013-12-24,567,567,567,567,1183,-1362,0,0
2013-12-26,94,94,94,94,1183,-1362,0,0
2013-12-27,-98,-98,-98,-98,1183,-1362,0,0
2013-12-30,-122,-122,-122,-122,1183,-1362,0,0
2013-12-31,400,400,400,400,1183,-1362,0,0
2014-01-02,-733,-733,-733,-733,1183,-1362,0,0
2014-01-03,612,612,612,612,1183,-1362,0,0
2014-01-06,-697,-697,-697,-697,1183,-1362,0,0
2014-01-07,1038,1038,1038,1038,1183,-1362,0,0
2014-01-08,-93,-93,-93,-93,1183,-1362,0,0
2014-01-09,-77,-77,-77,-77,1183,-1362,0,0
2014-01-10,394,394,394,394,1183,-1362,0,0
2014-01-13,-1154,-1154,-1154,-1154,1183,-733,0,0
2014-01-14,1316,1316,1316,1316,1183,-1154,0,0
2014-01-15,827,827,827,827,1316,-1154,0,0
2014-01-16,15,15,15,15,1316,-1154,0,0
2014-01-17,-461,-461,-461,-461,1316,-1154,0,0
2014-01-21,640,640,640,640,1316,-1154,0,0
2014-01-22,418,418,418,418,1316,-1154,0,0
2014-01-23,-995,-995,-995,-995,1316,-1154,0,0
2014-01-24,-1875,-1875,-1875,-1875,1316,-1154,0,0
2014-01-27,-1447,-1447,-1447,-1447,1316,-1875,0,0
2014-01-28,899,899,899,899,1316,-1875,0,0
2014-01-29,-1393,-1393,-1393,-1393,1316,-1875,0,0
2014-01-30,1322,1322,1322,1322,1316,-1875,0,0
2014-01-31,-1058,-1058,-1058,-1058,1322,-1875,0,0
2014-02-03,-1920,-1920,-1920,-1920,1322,-1875,0,0
2014-02-04,650,650,650,650,1322,-1920,0,0
2014-02-05,-1005,-1005,-1005,-1005,1322,-1920,0,0
2014-02-06,794,794,794,794,1322,-1920,0,0
2014-02-07,1051,1051,1051,1051,1322,-1920,0,0
2014-02-10,474,474,474,474,1322,-1920,0,0
2014-02-11,1022,1022,1022,1022,1322,-1920,0,0
2014-02-12,191,191,191,191,1322,-1920,0,0
2014-02-13,1176,1176,1176,1176,1322,-1920,0,0
2014-02-14,142,142,142,142,1322,-1920,0,0
2014-02-18,999,999,999,999,1322,-1920,0,0
2014-02-19,-1123,-1123,-1123,-1123,1322,-1920,0,0
2014-02-20,1073,1073,1073,1073,1322,-1920,0,0
2014-02-21,114,114,114,114,1322,-1920,0,0
2014-02-24,764,764,764,764,1322,-1920,0,0
2014-02-25,-532,-532,-532,-532,1322,-1920,0,0
2014-02-26,573,573,573,573,1322,-1920,0,0
2014-02-27,760,760,760,760,1322,-1920,0,0
2014-02-28,-220,-220,-220,-220,1322,-1920,0,0
2014-03-03,-664,-664,-664,-664,1176,-1920,0,0
2014-03-04,1684,1684,1684,1684,1176,-1920,0,0
2014-03-05,-63,-63,-63,-63,1684,-1123,0,0
2014-03-06,109,109,109,109,1684,-1123,0,0
2014-03-07,-57,-57,-57,-57,1684,-1123,0,0
2014-03-10,-274,-274,-274,-274,1684,-1123,0,0
2014-03-11,-1202,-1202,-1202,-1202,1684,-1123,0,0
2014-03-12,311,311,311,311,1684,-1202,0,0
2014-03-13,-1567,-1567,-1567,-1567,1684,-1202,0,0
2014-03-14,198,198,198,198,1684,-1567,0,0
2014-03-17,837,837,837,837,1684,-1567,0,0
2014-03-18,1427,1427,1427,1427,1684,-1567,0,0
2014-03-19,-817,-817,-817,-817,1684,-1567,0,0
2014-03-20,182,182,182,182,1684,-1567,0,0
2014-03-21,-505,-505,-505,-505,1684,-1567,0,0
2014-03-24,-1554,-1554,-1554,-1554,1684,-1567,0,0
2014-03-25,45,45,45,45,1684,-1567,0,0
2014-03-26,-1659,-1659,-1659,-1659,1684,-1567,0,0
2014-03-27,-691,-691,-691,-691,1684,-1659,0,0
2014-03-28,73,73,73,73,1684,-1659,0,0
2014-03-31,1480,1480,1480,1480,1684,-1659,0,0
2014-04-01,1443,1443,1443,1443,1684,-1659,0,0
2014-04-02,326,326,326,326,1480,-1659,0,0
2014-04-03,-1173,-1173,-1173,-1173,1480,-1659,0,0
2014-04-04,-2108,-2108,-2108,-2108,1480,-1659,0,0
2014-04-07,-1502,-1502,-1502,-1502,1480,-2108,0,0
2014-04-08,944,944,944,944,1480,-2108,0,0
2014-04-09,1389,1389,1389,1389,1480,-2108,0,0
2014-04-10,-2355,-2355,-2355,-2355,1480,-2108,0,0
2014-04-11,-1710,-1710,-1710,-1710,1480,-2355,0,0
2014-04-14,218,218,218,218,1480,-2355,0,0
2014-04-15,-225,-225,-225,-225,1480,-2355,0,0
2014-04-16,1205,1205,1205,1205,1480,-2355,0,0
2014-04-17,782,782,782,782,1480,-2355,0,0
2014-04-21,592,592,592,592,1480,-2355,0,0
2014-04-22,1225,1225,1225,1225,1480,-2355,0,0
2014-04-23,-993,-993,-993,-993,1480,-2355,0,0
2014-04-24,-405,-405,-405,-405,1480,-2355,0,0
2014-04-25,-1852,-1852,-1852,-1852,1480,-2355,0,0
2014-04-28,-723,-723,-723,-723,1480,-2355,0,0
2014-04-29,182,182,182,182,1480,-2355,0,0
2014-04-30,355,355,355,355,1443,-2355,0,0
2014-05-01,-77,-77,-77,-77,1389,-2355,0,0
2014-05-02,67,67,67,67,1389,-2355,0,0
2014-05-05,-341,-341,-341,-341,1389,-2355,0,0
2014-05-06,-1648,-1648,-1648,-1648,1389,-2355,0,0
2014-05-07,-349,-349,-349,-349,1389,-2355,0,0
2014-05-08,-928,-928,-928,-928,1389,-2355,0,0
2014-05-09,703,703,703,703,1225,-2355,0,0
2014-05-12,1661,1661,1661,1661,1225,-1852,0,0
2014-05-13,-879,-879,-879,-879,1661,-1852,0,0
2014-05-14,-1310,-1310,-1310,-1310,1661,-1852,0,0
2014-05-15,-1081,-1081,-1081,-1081,1661,-1852,0,0
2014-05-16,547,547,547,547,1661,-1852,0,0
2014-05-19,1048,1048,1048,1048,1661,-1852,0,0
2014-05-20,-1492,-1492,-1492,-1492,1661,-1852,0,0
2014-05-21,579,579,579,579,1661,-1852,0,0
2014-05-22,990,990,990,990,1661,-1852,0,0
2014-05-23,1323,1323,1323,1323,1661,-1852,0,0
2014-05-27,1329,1329,1329,1329,1661,-1648,0,0
2014-05-28,-603,-603,-603,-603,1661,-1648,0,0
2014-05-29,490,490,490,490,1661,-1648,0,0
2014-05-30,-589,-589,-589,-589,1661,-1648,0,0
2014-06-02,-697,-697,-697,-697,1661,-1648,0,0
2014-06-03,-640,-640,-640,-640,1661,-1648,0,0
2014-06-04,291,291,291,291,1661,-1648,0,0
2014-06-05,1630,1630,1630,1630,1661,-1492,0,0
2014-06-06,1223,1223,1223,1223,1661,-1492,0,0
2014-06-09,1019,1019,1019,1019,1661,-1492,0,0
2014-06-10,-293,-293,-293,-293,1661,-1492,0,0
2014-06-11,-592,-592,-592,-592,1630,-1492,0,0
2014-06-12,-913,-913,-913,-913,1630,-1492,0,0
2014-06-13,93,93,93,93,1630,-1492,0,0
2014-06-16,159,159,159,159,1630,-1492,0,0
2014-06-17,1078,1078,1078,1078,1630,-1492,0,0
2014-06-18,670,670,670,670,1630,-1492,0,0
2014-06-19,-316,-316,-316,-316,1630,-913,0,0
2014-06-20,369,369,369,369,1630,-913,0,0
2014-06-23,-370,-370,-370,-370,1630,-913,0,0
2014-06-24,-1145,-1145,-1145,-1145,1630,-913,0,0
2014-06-25,810,810,810,810,1630,-1145,0,0
2014-06-26,-274,-274,-274,-274,1630,-1145,0,0
2014-06-27,734,734,734,734,1630,-1145,0,0
2014-06-30,353,353,353,353,1630,-1145,0,0
2014-07-01,1418,1418,1418,1418,1630,-1145,0,0
2014-07-02,-306,-306,-306,-306,1630,-1145,0,0
2014-07-03,966,966,966,966,1630,-1145,0,0
2014-07-07,-1736,-1736,-1736,-1736,1418,-1145,0,0
2014-07-08,-1848,-1848,-1848,-1848,1418,-1736,0,0
2014-07-09,307,307,307,307,1418,-1848,0,0
2014-07-10,-1530,-1530,-1530,-1530,1418,-1848,0,0
2014-07-11,-7,-7,-7,-7,1418,-1848,0,0
2014-07-14,764,764,764,764,1418,-1848,0,0
2014-07-15,-1273,-1273,-1273,-1273,1418,-1848,0,0
2014-07-16,-402,-402,-402,-402,1418,-1848,0,0
2014-07-17,-1896,-1896,-1896,-1896,1418,-1848,0,0
2014-07-18,1713,1713,1713,1713,1418,-1896,0,0
2014-07-21,-682,-682,-682,-682,1713,-1896,0,0
2014-07-22,996,996,996,996,1713,-1896,0,0
2014-07-23,-16,-16,-16,-16,1713,-1896,0,0
2014-07-24,-217,-217,-217,-217,1713,-1896,0,0
2014-07-25,-1018,-1018,-1018,-1018,1713,-1896,0,0
2014-07-28,-756,-756,-756,-756,1713,-1896,0,0
2014-07-29,49,49,49,49,1713,-1896,0,0
2014-07-30,556,556,556,556,1713,-1896,0,0
2014-07-31,-2068,-2068,-2068,-2068,1713,-1896,0,0
2014-08-01,-848,-848,-848,-848,1713,-2068,0,0
2014-08-04,736,736,736,736,1713,-2068,0,0
2014-08-05,-548,-548,-548,-548,1713,-2068,0,0
2014-08-06,599,599,599,599,1713,-2068,0,0
2014-08-07,-765,-765,-765,-765,1713,-2068,0,0
2014-08-08,1091,1091,1091,1091,1713,-2068,0,0
2014-08-11,1289,1289,1289,1289,1713,-2068,0,0
2014-08-12,-1026,-1026,-1026,-1026,1713,-2068,0,0
2014-08-13,949,949,949,949,1713,-2068,0,0
2014-08-14,394,394,394,394,1713,-2068,0,0
2014-08-15,-433,-433,-433,-433,1713,-2068,0,0
2014-08-18,1414,1414,1414,1414,1289,-2068,0,0
2014-08-19,242,242,242,242,1414,-2068,0,0
2014-08-20,-685,-685,-685,-685,1414,-2068,0,0
2014-08-21,278,278,278,278,1414,-2068,0,0
2014-08-22,85,85,85,85,1414,-2068,0,0
2014-08-25,480,480,480,480,1414,-2068,0,0
2014-08-26,842,842,842,842,1414,-2068,0,0
2014-08-27,-316,-316,-316,-316,1414,-2068,0,0
2014-08-28,-874,-874,-874,-874,1414,-2068,0,0
2014-08-29,1129,1129,1129,1129,1414,-1026,0,0
2014-09-02,503,503,503,503,1414,-1026,0,0
2014-09-03,-759,-759,-759,-759,1414,-1026,0,0
2014-09-04,-478,-478,-478,-478,1414,-1026,0,0
2014-09-05,245,245,245,245,1414,-1026,0,0
2014-09-08,322,322,322,322,1414,-1026,0,0
2014-09-09,-1519,-1519,-1519,-1519,1414,-1026,0,0
2014-09-10,634,634,634,634,1414,-1519,0,0
2014-09-11,461,461,461,461,1414,-1519,0,0
2014-09-12,-1045,-1045,-1045,-1045,1414,-1519,0,0
2014-09-15,-1640,-1640,-1640,-1640,1414,-1519,0,0
2014-09-16,228,228,228,228,1414,-1640,0,0
2014-09-17,408,408,408,408,1129,-1640,0,0
2014-09-18,643,643,643,643,1129,-1640,0,0
2014-09-19,-902,-902,-902,-902,1129,-1640,0,0
2014-09-22,-1656,-1656,-1656,-1656,1129,-1640,0,0
2014-09-23,-1124,-1124,-1124,-1124,1129,-1656,0,0
2014-09-24,964,964,964,964,1129,-1656,0,0
2014-09-25,-1783,-1783,-1783,-1783,1129,-1656,0,0
2014-09-26,1047,1047,1047,1047,1129,-1783,0,0
2014-09-29,-379,-379,-379,-379,1129,-1783,0,0
2014-09-30,-1051,-1051,-1051,-1051,1047,-1783,0,0
2014-10-01,-1787,-1787,-1787,-1787,1047,-1783,0,0
2014-10-02,716,716,716,716,1047,-1787,0,0
2014-10-03,951,951,951,951,1047,-1787,0,0
2014-10-06,-1007,-1007,-1007,-1007,1047,-1787,0,0
2014-10-07,-1941,-1941,-1941,-1941,1047,-1787,0,0
2014-10-08,1203,1203,1203,1203,1047,-1941,0,0
2014-10-09,-2225,-2225,-2225,-2225,1203,-1941,0,0
2014-10-10,-1458,-1458,-1458,-1458,1203,-2225,0,0
2014-10-13,-398,-398,-398,-398,1203,-2225,0,0
2014-10-14,765,765,765,765,1203,-2225,0,0
2014-10-15,33,33,33,33,1203,-2225,0,0
2014-10-16,874,874,874,874,1203,-2225,0,0
2014-10-17,158,158,158,158,1203,-2225,0,0
2014-10-20,1177,1177,1177,1177,1203,-2225,0,0
2014-10-21,1513,1513,1513,1513,1203,-2225,0,0
2014-10-22,-1308,-1308,-1308,-1308,1513,-2225,0,0
2014-10-23,1436,1436,1436,1436,1513,-2225,0,0
2014-10-24,400,400,400,400,1513,-2225,0,0
2014-10-27,-209,-209,-209,-209,1513,-2225,0,0
2014-10-28,1778,1778,1778,1778,1513,-2225,0,0
2014-10-29,-271,-271,-271,-271,1778,-2225,0,0
2014-10-30,676,676,676,676,1778,-2225,0,0
2014-10-31,1296,1296,1296,1296,1778,-2225,0,0
2014-11-03,-184,-184,-184,-184,1778,-2225,0,0
2014-11-04,-461,-461,-461,-461,1778,-2225,0,0
2014-11-05,267,267,267,267,1778,-2225,0,0
2014-11-06,466,466,466,466,1778,-2225,0,0
2014-11-07,-101,-101,-101,-101,1778,-1458,0,0
2014-11-10,647,647,647,647,1778,-1308,0,0
2014-11-11,-179,-179,-179,-179,1778,-1308,0,0
2014-11-12,632,632,632,632,1778,-1308,0,0
2014-11-13,-935,-935,-935,-935,1778,-1308,0,0
2014-11-14,-23,-23,-23,-23,1778,-1308,0,0
2014-11-17,-886,-886,-886,-886,1778,-1308,0,0
2014-11-18,654,654,654,654,1778,-1308,0,0
2014-11-19,-1312,-1312,-1312,-1312,1778,-1308,0,0
2014-11-20,972,972,972,972,1778,-1312,0,0
2014-11-21,264,264,264,264,1778,-1312,0,0
2014-11-24,1192,1192,1192,1192,1778,-1312,0,0
2014-11-25,-32,-32,-32,-32,1778,-1312,0,0
2014-11-26,623,623,623,623,1296,-1312,0,0
2014-11-28,-902,-902,-902,-902,1296,-1312,0,0
2014-12-01,-1811,-1811,-1811,-1811,1296,-1312,0,0
2014-12-02,1002,1002,1002,1002,1192,-1811,0,0
2014-12-03,707,707,707,707,1192,-1811,0,0
2014-12-04,-605,-605,-605,-605,1192,-1811,0,0
2014-12-05,963,963,963,963,1192,-1811,0,0
2014-12-08,-1447,-1447,-1447,-1447,1192,-1811,0,0
2014-12-09,960,960,960,960,1192,-1811,0,0
2014-12-10,-1947,-1947,-1947,-1947,1192,-1811,0,0
2014-12-11,796,796,796,796,1192,-1947,0,0
2014-12-12,-1302,-1302,-1302,-1302,1192,-1947,0,0
2014-12-15,-1397,-1397,-1397,-1397,1192,-1947,0,0
2014-12-16,-335,-335,-335,-335,1192,-1947,0,0
2014-12-17,1953,1953,1953,1953,1192,-1947,0,0
2014-12-18,1578,1578,1578,1578,1953,-1947,0,0
2014-12-19,140,140,140,140,1953,-1947,0,0
2014-12-22,675,675,675,675,1953,-1947,0,0
2014-12-23,6,6,6,6,1953,-1947,0,0
2014-12-24,456,456,456,456,1953,-1947,0,0
2014-12-26,862,862,862,862,1953,-1947,0,0
2014-12-29,130,130,130,130,1953,-1947,0,0
2014-12-30,-719,-719,-719,-719,1953,-1947,0,0
2014-12-31,-434,-434,-434,-434,1953,-1947,0,0
2015-01-02,-410,-410,-410,-410,1953,-1947,0,0
2015-01-05,-1321,-1321,-1321,-1321,1953,-1947,0,0
2015-01-06,-1742,-1742,-1742,-1742,1953,-1947,0,0
2015-01-07,1075,1075,1075,1075,1953,-1947,0,0
2015-01-08,1484,1484,1484,1484,1953,-1947,0,0
2015-01-09,-993,-993,-993,-993,1953,-1947,0,0
2015-01-12,-802,-802,-802,-802,1953,-1742,0,0
2015-01-13,-116,-116,-116,-116,1953,-1742,0,0
2015-01-14,-1072,-1072,-1072,-1072,1953,-1742,0,0
2015-01-15,-1853,-1853,-1853,-1853,1953,-1742,0,0
2015-01-16,1560,1560,1560,1560,1953,-1853,0,0
2015-01-20,-591,-591,-591,-591,1578,-1853,0,0
2015-01-21,-403,-403,-403,-403,1560,-1853,0,0
2015-01-22,1390,1390,1390,1390,1560,-1853,0,0
2015-01-23,-361,-361,-361,-361,1560,-1853,0,0
2015-01-26,809,809,809,809,1560,-1853,0,0
2015-01-27,-968,-968,-968,-968,1560,-1853,0,0
2015-01-28,-1564,-1564,-1564,-1564,1560,-1853,0,0
2015-01-29,923,923,923,923,1560,-1853,0,0
2015-01-30,-1794,-1794,-1794,-1794,1560,-1853,0,0
2015-02-02,726,726,726,726,1560,-1853,0,0
2015-02-03,1400,1400,1400,1400,1560,-1853,0,0
2015-02-04,-668,-668,-668,-668,1560,-1853,0,0
2015-02-05,1348,1348,1348,1348,1560,-1853,0,0
2015-02-06,-224,-224,-224,-224,1560,-1853,0,0
2015-02-09,-753,-753,-753,-753,1560,-1853,0,0
2015-02-10,794,794,794,794,1560,-1853,0,0
2015-02-11,-265,-265,-265,-265,1560,-1853,0,0
2015-02-12,1308,1308,1308,1308,1560,-1853,0,0
2015-02-13,837,837,837,837,1560,-1853,0,0
2015-02-17,338,338,338,338,1560,-1794,0,0
2015-02-18,117,117,117,117,1400,-1794,0,0
2015-02-19,180,180,180,180,1400,-1794,0,0
2015-02-20,208,208,208,208,1400,-1794,0,0
2015-02-23,-398,-398,-398,-398,1400,-1794,0,0
2015-02-24,421,421,421,421,1400,-1794,0,0
2015-02-25,197,197,197,197,1400,-1794,0,0
2015-02-26,319,319,319,319,1400,-1794,0,0
2015-02-27,-678,-678,-678,-678,1400,-1794,0,0
2015-03-02,892,892,892,892,1400,-1794,0,0
2015-03-03,-971,-971,-971,-971,1400,-753,0,0
2015-03-04,-519,-519,-519,-519,1400,-971,0,0
2015-03-05,406,406,406,406,1348,-971,0,0
2015-03-06,-1308,-1308,-1308,-1308,1348,-971,0,0
2015-03-09,313,313,313,313,1308,-1308,0,0
2015-03-10,-1572,-1572,-1572,-1572,1308,-1308,0,0
2015-03-11,349,349,349,349,1308,-1572,0,0
2015-03-12,1251,1251,1251,1251,1308,-1572,0,0
2015-03-13,-740,-740,-740,-740,1308,-1572,0,0
2015-03-16,361,361,361,361,1251,-1572,0,0
2015-03-17,25,25,25,25,1251,-1572,0,0
2015-03-18,683,683,683,683,1251,-1572,0,0
2015-03-19,141,141,141,141,1251,-1572,0,0
2015-03-20,671,671,671,671,1251,-1572,0,0
2015-03-23,177,177,177,177,1251,-1572,0,0
2015-03-24,-151,-151,-151,-151,1251,-1572,0,0
2015-03-25,-1918,-1918,-1918,-1918,1251,-1572,0,0
2015-03-26,-361,-361,-361,-361,1251,-1918,0,0
2015-03-27,506,506,506,506,1251,-1918,0,0
2015-03-30,1006,1006,1006,1006,1251,-1918,0,0
2015-03-31,-666,-666,-666,-666,1251,-1918,0,0
2015-04-01,-432,-432,-432,-432,1251,-1918,0,0
2015-04-02,598,598,598,598,1251,-1918,0,0
2015-04-06,283,283,283,283,1251,-1918,0,0
2015-04-07,-159,-159,-159,-159,1251,-1918,0,0
2015-04-08,810,810,810,810,1251,-1918,0,0
2015-04-09,-35,-35,-35,-35,1251,-1918,0,0
2015-04-10,534,534,534,534,1251,-1918,0,0
2015-04-13,-110,-110,-110,-110,1006,-1918,0,0
2015-04-14,-209,-209,-209,-209,1006,-1918,0,0
2015-04-15,921,921,921,921,1006,-1918,0,0
2015-04-16,-221,-221,-221,-221,1006,-1918,0,0
2015-04-17,-1823,-1823,-1823,-1823,1006,-1918,0,0
2015-04-20,1079,1079,1079,1079,1006,-1918,0,0
2015-04-21,38,38,38,38,1079,-1918,0,0
2015-04-22,241,241,241,241,1079,-1918,0,0
2015-04-23,663,663,663,663,1079,-1918,0,0
2015-04-24,-235,-235,-235,-235,1079,-1823,0,0
2015-04-27,-1181,-1181,-1181,-1181,1079,-1823,0,0
2015-04-28,569,569,569,569,1079,-1823,0,0
2015-04-29,-1233,-1233,-1233,-1233,1079,-1823,0,0
2015-04-30,-2021,-2021,-2021,-2021,1079,-1823,0,0
2015-05-01,857,857,857,857,1079,-2021,0,0
2015-05-04,532,532,532,532,1079,-2021,0,0
2015-05-05,-2006,-2006,-2006,-2006,1079,-2021,0,0
2015-05-06,-434,-434,-434,-434,1079,-2021,0,0
2015-05-07,417,417,417,417,1079,-2021,0,0
2015-05-08,998,998,998,998,1079,-2021,0,0
2015-05-11,124,124,124,124,1079,-2021,0,0
2015-05-12,-486,-486,-486,-486,1079,-2021,0,0
2015-05-13,131,131,131,131,1079,-2021,0,0
2015-05-14,1153,1153,1153,1153,1079,-2021,0,0
2015-05-15,-52,-52,-52,-52,1153,-2021,0,0
2015-05-18,853,853,853,853,1153,-2021,0,0
2015-05-19,-408,-408,-408,-408,1153,-2021,0,0
2015-05-20,-29,-29,-29,-29,1153,-2021,0,0
2015-05-21,53,53,53,53,1153,-2021,0,0
2015-05-22,-394,-394,-394,-394,1153,-2021,0,0
2015-05-26,-1536,-1536,-1536,-1536,1153,-2021,0,0
2015-05-27,1160,1160,1160,1160,1153,-2021,0,0
2015-05-28,-223,-223,-223,-223,1160,-2021,0,0
2015-05-29,-788,-788,-788,-788,1160,-2021,0,0
2015-06-01,-6,-6,-6,-6,1160,-2006,0,0
2015-06-02,399,399,399,399,1160,-2006,0,0
2015-06-03,1093,1093,1093,1093,1160,-2006,0,0
2015-06-04,-1386,-1386,-1386,-1386,1160,-1536,0,0
2015-06-05,773,773,773,773,1160,-1536,0,0
2015-06-08,-868,-868,-868,-868,1160,-1536,0,0
2015-06-09,-611,-611,-611,-611,1160,-1536,0,0
2015-06-10,1514,1514,1514,1514,1160,-1536,0,0
2015-06-11,60,60,60,60,1514,-1536,0,0
2015-06-12,-568,-568,-568,-568,1514,-1536,0,0
2015-06-15,-690,-690,-690,-690,1514,-1536,0,0
2015-06-16,504,504,504,504,1514,-1536,0,0
2015-06-17,-80,-80,-80,-80,1514,-1536,0,0
2015-06-18,1177,1177,1177,1177,1514,-1536,0,0
2015-06-19,-328,-328,-328,-328,1514,-1536,0,0
2015-06-22,948,948,948,948,1514,-1536,0,0
2015-06-23,357,357,357,357,1514,-1536,0,0
2015-06-24,-1344,-1344,-1344,-1344,1514,-1386,0,0
2015-06-25,-231,-231,-231,-231,1514,-1386,0,0
2015-06-26,-516,-516,-516,-516,1514,-1386,0,0
2015-06-29,-2338,-2338,-2338,-2338,1514,-1386,0,0
2015-06-30,726,726,726,726,1514,-2338,0,0
2015-07-01,274,274,274,274,1514,-2338,0,0
2015-07-02,-820,-820,-820,-820,1514,-2338,0,0
2015-07-06,-548,-548,-548,-548,1514,-2338,0,0
2015-07-07,-711,-711,-711,-711,1514,-2338,0,0
2015-07-08,-2301,-2301,-2301,-2301,1514,-2338,0,0
2015-07-09,869,869,869,869,1514,-2338,0,0
2015-07-10,1797,1797,1797,1797,1177,-2338,0,0
2015-07-13,1408,1408,1408,1408,1797,-2338,0,0
2015-07-14,775,775,775,775,1797,-2338,0,0
2015-07-15,-834,-834,-834,-834,1797,-2338,0,0
2015-07-16,952,952,952,952,1797,-2338,0,0
2015-07-17,-647,-647,-647,-647,1797,-2338,0,0
2015-07-20,-1066,-1066,-1066,-1066,1797,-2338,0,0
2015-07-21,-529,-529,-529,-529,1797,-2338,0,0
2015-07-22,-135,-135,-135,-135,1797,-2338,0,0
2015-07-23,-1065,-1065,-1065,-1065,1797,-2338,0,0
2015-07-24,-1552,-1552,-1552,-1552,1797,-2338,0,0
2015-07-27,-1281,-1281,-1281,-1281,1797,-2338,0,0
2015-07-28,749,749,749,749,1797,-2338,0,0
2015-07-29,363,363,363,363,1797,-2301,0,0
2015-07-30,101,101,101,101,1797,-2301,0,0
2015-07-31,415,415,415,415,1797,-2301,0,0
2015-08-03,-772,-772,-772,-772,1797,-2301,0,0
2015-08-04,-52,-52,-52,-52,1797,-2301,0,0
2015-08-05,457,457,457,457,1797,-2301,0,0
2015-08-06,-1245,-1245,-1245,-1245,1797,-1552,0,0
2015-08-07,-653,-653,-653,-653,1797,-1552,0,0
2015-08-10,1123,1123,1123,1123,1408,-1552,0,0
2015-08-11,-1192,-1192,-1192,-1192,1123,-1552,0,0
2015-08-12,-364,-364,-364,-364,1123,-1552,0,0
2015-08-13,-336,-336,-336,-336,1123,-1552,0,0
2015-08-14,598,598,598,598,1123,-1552,0,0
2015-08-17,653,653,653,653,1123,-1552,0,0
2015-08-18,-1056,-1056,-1056,-1056,1123,-1552,0,0
2015-08-19,-1398,-1398,-1398,-1398,1123,-1552,0,0
2015-08-20,-2050,-2050,-2050,-2050,1123,-1552,0,0
2015-08-21,-1376,-1376,-1376,-1376,1123,-2050,0,0
2015-08-24,-2551,-2551,-2551,-2551,1123,-2050,0,0
2015-08-25,26,26,26,26,1123,-2551,0,0
2015-08-26,1619,1619,1619,1619,1123,-2551,0,0
2015-08-27,1718,1718,1718,1718,1619,-2551,0,0
2015-08-28,918,918,918,918,1718,-2551,0,0
2015-08-31,-95,-95,-95,-95,1718,-2551,0,0
2015-09-01,-1977,-1977,-1977,-1977,1718,-2551,0,0
2015-09-02,1155,1155,1155,1155,1718,-2551,0,0
2015-09-03,108,108,108,108,1718,-2551,0,0
2015-09-04,-790,-790,-790,-790,1718,-2551,0,0
2015-09-08,1672,1672,1672,1672,1718,-2551,0,0
2015-09-09,-1105,-1105,-1105,-1105,1718,-2551,0,0
2015-09-10,526,526,526,526,1718,-2551,0,0
2015-09-11,331,331,331,331,1718,-2551,0,0
2015-09-14,-672,-672,-672,-672,1718,-2551,0,0
2015-09-15,1104,1104,1104,1104,1718,-2551,0,0
2015-09-16,743,743,743,743,1718,-2551,0,0
2015-09-17,358,358,358,358,1718,-2551,0,0
2015-09-18,-930,-930,-930,-930,1718,-2551,0,0
2015-09-21,-143,-143,-143,-143,1718,-2551,0,0
2015-09-22,-1767,-1767,-1767,-1767,1718,-2551,0,0
2015-09-23,-427,-427,-427,-427,1718,-1977,0,0
2015-09-24,-445,-445,-445,-445,1718,-1977,0,0
2015-09-25,-979,-979,-979,-979,1718,-1977,0,0
2015-09-28,-2065,-2065,-2065,-2065,1672,-1977,0,0
2015-09-29,-683,-683,-683,-683,1672,-2065,0,0
2015-09-30,1435,1435,1435,1435,1672,-2065,0,0
2015-10-01,-585,-585,-585,-585,1672,-2065,0,0
2015-10-02,1103,1103,1103,1103,1672,-2065,0,0
2015-10-05,1708,1708,1708,1708,1672,-2065,0,0
2015-10-06,-368,-368,-368,-368,1708,-2065,0,0
2015-10-07,1412,1412,1412,1412,1708,-2065,0,0
2015-10-08,866,866,866,866,1708,-2065,0,0
2015-10-09,319,319,319,319,1708,-2065,0,0
2015-10-12,-83,-83,-83,-83,1708,-2065,0,0
2015-10-13,-1290,-1290,-1290,-1290,1708,-2065,0,0
2015-10-14,-735,-735,-735,-735,1708,-2065,0,0
2015-10-15,1904,1904,1904,1904,1708,-2065,0,0
2015-10-16,-88,-88,-88,-88,1904,-2065,0,0
2015-10-19,16,16,16,16,1904,-2065,0,0
2015-10-20,-79,-79,-79,-79,1904,-2065,0,0
2015-10-21,-1360,-1360,-1360,-1360,1904,-2065,0,0
2015-10-22,860,860,860,860,1904,-2065,0,0
2015-10-23,978,978,978,978,1904,-2065,0,0
2015-10-26,-692,-692,-692,-692,1904,-2065,0,0
2015-10-27,-1227,-1227,-1227,-1227,1904,-1360,0,0
2015-10-28,1782,1782,1782,1782,1904,-1360,0,0
2015-10-29,-909,-909,-909,-909,1904,-1360,0,0
2015-10-30,-473,-473,-473,-473,1904,-1360,0,0
2015-11-02,1719,1719,1719,1719,1904,-1360,0,0
2015-11-03,577,577,577,577,1904,-1360,0,0
2015-11-04,-48,-48,-48,-48,1904,-1360,0,0
2015-11-05,-238,-238,-238,-238,1904,-1360,0,0
2015-11-06,669,669,669,669,1904,-1360,0,0
2015-11-09,-1216,-1216,-1216,-1216,1904,-1360,0,0
2015-11-10,-93,-93,-93,-93,1904,-1360,0,0
2015-11-11,-800,-800,-800,-800,1904,-1360,0,0
2015-11-12,-1637,-1637,-1637,-1637,1904,-1360,0,0
2015-11-13,-868,-868,-868,-868,1782,-1637,0,0
2015-11-16,718,718,718,718,1782,-1637,0,0
2015-11-17,-206,-206,-206,-206,1782,-1637,0,0
2015-11-18,1070,1070,1070,1070,1782,-1637,0,0
2015-11-19,-312,-312,-312,-312,1782,-1637,0,0
2015-11-20,764,764,764,764,1782,-1637,0,0
2015-11-23,319,319,319,319,1782,-1637,0,0
2015-11-24,536,536,536,536,1782,-1637,0,0
2015-11-25,916,916,916,916,1782,-1637,0,0
2015-11-27,716,716,716,716,1719,-1637,0,0
2015-11-30,-189,-189,-189,-189,1719,-1637,0,0
2015-12-01,479,479,479,479,1719,-1637,0,0
2015-12-02,-974,-974,-974,-974,1070,-1637,0,0
2015-12-03,-1610,-1610,-1610,-1610,1070,-1637,0,0
2015-12-04,1002,1002,1002,1002,1070,-1637,0,0
2015-12-07,-1598,-1598,-1598,-1598,1070,-1637,0,0
2015-12-08,-588,-588,-588,-588,1070,-1637,0,0
2015-12-09,-1197,-1197,-1197,-1197,1070,-1637,0,0
2015-12-10,281,281,281,281,1070,-1637,0,0
2015-12-11,-2152,-2152,-2152,-2152,1070,-1637,0,0
2015-12-14,-838,-838,-838,-838,1070,-2152,0,0
2015-12-15,1308,1308,1308,1308,1070,-2152,0,0
2015-12-16,1415,1415,1415,1415,1308,-2152,0,0
2015-12-17,-964,-964,-964,-964,1415,-2152,0,0
2015-12-18,-851,-851,-851,-851,1415,-2152,0,0
2015-12-21,726,726,726,726,1415,-2152,0,0
2015-12-22,865,865,865,865,1415,-2152,0,0
2015-12-23,1287,1287,1287,1287,1415,-2152,0,0
2015-12-24,335,335,335,335,1415,-2152,0,0
2015-12-28,-855,-855,-855,-855,1415,-2152,0,0
2015-12-29,1164,1164,1164,1164,1415,-2152,0,0
2015-12-30,-1204,-1204,-1204,-1204,1415,-2152,0,0
2015-12-31,-901,-901,-901,-901,1415,-2152,0,0
2016-01-04,-1727,-1727,-1727,-1727,1415,-2152,0,0
2016-01-05,130,130,130,130,1415,-2152,0,0
2016-01-06,-1328,-1328,-1328,-1328,1415,-2152,0,0
2016-01-07,-2258,-2258,-2258,-2258,1415,-2152,0,0
2016-01-08,-1186,-1186,-1186,-1186,1415,-2258,0,0
2016-01-11,-672,-672,-672,-672,1415,-2258,0,0
2016-01-12,93,93,93,93,1415,-2258,0,0
2016-01-13,-2246,-2246,-2246,-2246,1415,-2258,0,0
2016-01-14,1249,1249,1249,1249,1415,-2258,0,0
2016-01-15,-2212,-2212,-2212,-2212,1415,-2258,0,0
2016-01-19,-897,-897,-897,-897,1287,-2258,0,0
2016-01-20,-575,-575,-575,-575,1287,-2258,0,0
2016-01-21,340,340,340,340,1287,-2258,0,0
2016-01-22,1951,1951,1951,1951,1287,-2258,0,0
2016-01-25,-1542,-1542,-1542,-1542,1951,-2258,0,0
2016-01-26,1299,1299,1299,1299,1951,-2258,0,0
2016-01-27,-1249,-1249,-1249,-1249,1951,-2258,0,0
2016-01-28,187,187,187,187,1951,-2258,0,0
2016-01-29,1870,1870,1870,1870,1951,-2258,0,0
2016-02-01,-41,-41,-41,-41,1951,-2258,0,0
2016-02-02,-1850,-1850,-1850,-1850,1951,-2258,0,0
2016-02-03,-114,-114,-114,-114,1951,-2258,0,0
2016-02-04,596,596,596,596,1951,-2258,0,0
2016-02-05,-2055,-2055,-2055,-2055,1951,-2258,0,0
2016-02-08,-1486,-1486,-1486,-1486,1951,-2246,0,0
2016-02-09,-903,-903,-903,-903,1951,-2246,0,0
2016-02-10,74,74,74,74,1951,-2246,0,0
2016-02-11,-1321,-1321,-1321,-1321,1951,-2246,0,0
2016-02-12,1629,1629,1629,1629,1951,-2212,0,0
2016-02-16,1894,1894,1894,1894,1951,-2212,0,0
2016-02-17,1533,1533,1533,1533,1951,-2055,0,0
2016-02-18,-667,-667,-667,-667,1951,-2055,0,0
2016-02-19,315,315,315,315,1951,-2055,0,0
2016-02-22,1294,1294,1294,1294,1951,-2055,0,0
2016-02-23,-1240,-1240,-1240,-1240,1894,-2055,0,0
2016-02-24,715,715,715,715,1894,-2055,0,0
2016-02-25,655,655,655,655,1894,-2055,0,0
2016-02-26,859,859,859,859,1894,-2055,0,0
2016-02-29,-256,-256,-256,-256,1894,-2055,0,0
2016-03-01,1620,1620,1620,1620,1894,-2055,0,0
2016-03-02,960,960,960,960,1894,-2055,0,0
2016-03-03,702,702,702,702,1894,-2055,0,0
2016-03-04,608,608,608,608,1894,-2055,0,0
2016-03-07,1052,1052,1052,1052,1894,-2055,0,0
2016-03-08,-1657,-1657,-1657,-1657,1894,-1486,0,0
2016-03-09,615,615,615,615,1894,-1657,0,0
2016-03-10,-910,-910,-910,-910,1894,-1657,0,0
2016-03-11,1842,1842,1842,1842,1894,-1657,0,0
2016-03-14,-228,-228,-228,-228,1894,-1657,0,0
2016-03-15,-1489,-1489,-1489,-1489,1894,-1657,0,0
2016-03-16,675,675,675,675,1842,-1657,0,0
2016-03-17,1085,1085,1085,1085,1842,-1657,0,0
2016-03-18,930,930,930,930,1842,-1657,0,0
2016-03-21,71,71,71,71,1842,-1657,0,0
2016-03-22,-94,-94,-94,-94,1842,-1657,0,0
2016-03-23,-1737,-1737,-1737,-1737,1842,-1657,0,0
2016-03-24,197,197,197,197,1842,-1737,0,0
2016-03-28,-281,-281,-281,-281,1842,-1737,0,0
2016-03-29,1392,1392,1392,1392,1842,-1737,0,0
2016-03-30,684,684,684,684,1842,-1737,0,0
2016-03-31,-47,-47,-47,-47,1842,-1737,0,0
2016-04-01,422,422,422,422,1842,-1737,0,0
2016-04-04,-546,-546,-546,-546,1842,-1737,0,0
2016-04-05,-1164,-1164,-1164,-1164,1842,-1737,0,0
2016-04-06,1242,1242,1242,1242,1842,-1737,0,0
2016-04-07,-1319,-1319,-1319,-1319,1842,-1737,0,0
2016-04-08,395,395,395,395,1842,-1737,0,0
2016-04-11,-37,-37,-37,-37,1842,-1737,0,0
2016-04-12,989,989,989,989,1392,-1737,0,0
2016-04-13,1638,1638,1638,1638,1392,-1737,0,0
2016-04-14,-40,-40,-40,-40,1638,-1737,0,0
2016-04-15,-59,-59,-59,-59,1638,-1737,0,0
2016-04-18,931,931,931,931,1638,-1737,0,0
2016-04-19,238,238,238,238,1638,-1737,0,0
2016-04-20,299,299,299,299,1638,-1737,0,0
2016-04-21,-172,-172,-172,-172,1638,-1737,0,0
2016-04-22,712,712,712,712,1638,-1319,0,0
2016-04-25,-739,-739,-739,-739,1638,-1319,0,0
2016-04-26,775,775,775,775,1638,-1319,0,0
2016-04-27,198,198,198,198,1638,-1319,0,0
2016-04-28,-1091,-1091,-1091,-1091,1638,-1319,0,0
2016-04-29,-1112,-1112,-1112,-1112,1638,-1319,0,0
2016-05-02,593,593,593,593,1638,-1319,0,0
2016-05-03,-1642,-1642,-1642,-1642,1638,-1319,0,0
2016-05-04,-1116,-1116,-1116,-1116,1638,-1642,0,0
2016-05-05,-738,-738,-738,-738,1638,-1642,0,0
2016-05-06,293,293,293,293,1638,-1642,0,0
2016-05-09,207,207,207,207,1638,-1642,0,0
2016-05-10,1016,1016,1016,1016,1638,-1642,0,0
2016-05-11,-1281,-1281,-1281,-1281,1638,-1642,0,0
2016-05-12,-1179,-1179,-1179,-1179,1016,-1642,0,0
2016-05-13,-498,-498,-498,-498,1016,-1642,0,0
2016-05-16,1324,1324,1324,1324,1016,-1642,0,0
2016-05-17,-1541,-1541,-1541,-1541,1324,-1642,0,0
2016-05-18,611,611,611,611,1324,-1642,0,0
2016-05-19,-1133,-1133,-1133,-1133,1324,-1642,0,0
2016-05-20,1506,1506,1506,1506,1324,-1642,0,0
2016-05-23,155,155,155,155,1506,-1642,0,0
2016-05-24,1624,1624,1624,1624,1506,-1642,0,0
2016-05-25,819,819,819,819,1624,-1642,0,0
2016-05-26,-232,-232,-232,-232,1624,-1642,0,0
2016-05-27,1016,1016,1016,1016,1624,-1642,0,0
2016-05-31,339,339,339,339,1624,-1642,0,0
2016-06-01,690,690,690,690,1624,-1642,0,0
2016-06-02,726,726,726,726,1624,-1541,0,0
2016-06-03,-806,-806,-806,-806,1624,-1541,0,0
2016-06-06,1262,1262,1262,1262,1624,-1541,0,0
2016-06-07,79,79,79,79,1624,-1541,0,0
2016-06-08,917,917,917,917,1624,-1541,0,0
2016-06-09,-1160,-1160,-1160,-1160,1624,-1541,0,0
2016-06-10,-1810,-1810,-1810,-1810,1624,-1541,0,0
2016-06-13,-1581,-1581,-1581,-1581,1624,-1810,0,0
2016-06-14,-736,-736,-736,-736,1624,-1810,0,0
2016-06-15,352,352,352,352,1624,-1810,0,0
2016-06-16,-306,-306,-306,-306,1624,-1810,0,0
2016-06-17,-525,-525,-525,-525,1624,-1810,0,0
2016-06-20,1453,1453,1453,1453,1624,-1810,0,0
2016-06-21,-421,-421,-421,-421,1624,-1810,0,0
2016-06-22,-517,-517,-517,-517,1624,-1810,0,0
2016-06-23,1783,1783,1783,1783,1453,-1810,0,0
2016-06-24,-2606,-2606,-2606,-2606,1783,-1810,0,0
2016-06-27,-2713,-2713,-2713,-2713,1783,-2606,0,0
2016-06-28,1994,1994,1994,1994,1783,-2713,0,0
2016-06-29,1984,1984,1984,1984,1994,-2713,0,0
2016-06-30,1325,1325,1325,1325,1994,-2713,0,0
2016-07-01,742,742,742,742,1994,-2713,0,0
2016-07-05,-1498,-1498,-1498,-1498,1994,-2713,0,0
2016-07-06,714,714,714,714,1994,-2713,0,0
2016-07-07,451,451,451,451,1994,-2713,0,0
2016-07-08,2130,2130,2130,2130,1994,-2713,0,0
2016-07-11,1019,1019,1019,1019,2130,-2713,0,0
2016-07-12,1294,1294,1294,1294,2130,-2713,0,0
2016-07-13,-476,-476,-476,-476,2130,-2713,0,0
2016-07-14,311,311,311,311,2130,-2713,0,0
2016-07-15,159,159,159,159,2130,-2713,0,0
2016-07-18,327,327,327,327,2130,-2713,0,0
2016-07-19,-871,-871,-871,-871,2130,-2713,0,0
2016-07-20,1072,1072,1072,1072,2130,-2713,0,0
2016-07-21,-707,-707,-707,-707,2130,-2713,0,0
2016-07-22,885,885,885,885,2130,-2713,0,0
2016-07-25,-486,-486,-486,-486,2130,-2713,0,0
2016-07-26,719,719,719,719,2130,-2713,0,0
2016-07-27,407,407,407,407,2130,-1498,0,0
2016-07-28,-196,-196,-196,-196,2130,-1498,0,0
2016-07-29,8,8,8,8,2130,-1498,0,0
2016-08-01,-28,-28,-28,-28,2130,-1498,0,0
2016-08-02,-1432,-1432,-1432,-1432,2130,-1498,0,0
2016-08-03,893,893,893,893,2130,-1432,0,0
2016-08-04,70,70,70,70,2130,-1432,0,0
2016-08-05,1268,1268,1268,1268,2130,-1432,0,0
2016-08-08,-153,-153,-153,-153,1294,-1432,0,0
2016-08-09,382,382,382,382,1294,-1432,0,0
2016-08-10,-959,-959,-959,-959,1268,-1432,0,0
2016-08-11,843,843,843,843,1268,-1432,0,0
2016-08-12,-114,-114,-114,-114,1268,-1432,0,0
2016-08-15,1139,1139,1139,1139,1268,-1432,0,0
2016-08-16,-1208,-1208,-1208,-1208,1268,-1432,0,0
2016-08-17,-544,-544,-544,-544,1268,-1432,0,0
2016-08-18,1075,1075,1075,1075,1268,-1432,0,0
2016-08-19,-152,-152,-152,-152,1268,-1432,0,0
2016-08-22,216,216,216,216,1268,-1432,0,0
2016-08-23,869,869,869,869,1268,-1432,0,0
2016-08-24,-952,-952,-952,-952,1268,-1432,0,0
2016-08-25,167,167,167,167,1268,-1432,0,0
2016-08-26,-155,-155,-155,-155,1268,-1432,0,0
2016-08-29,727,727,727,727,1268,-1432,0,0
2016-08-30,158,158,158,158,1268,-1432,0,0
2016-08-31,-769,-769,-769,-769,1268,-1208,0,0
2016-09-01,168,168,168,168,1268,-1208,0,0
2016-09-02,1087,1087,1087,1087,1268,-1208,0,0
2016-09-06,221,221,221,221,1139,-1208,0,0
2016-09-07,579,579,579,579,1139,-1208,0,0
2016-09-08,-35,-35,-35,-35,1139,-1208,0,0
2016-09-09,-2097,-2097,-2097,-2097,1139,-1208,0,0
2016-09-12,1285,1285,1285,1285,1139,-2097,0,0
2016-09-13,-1853,-1853,-1853,-1853,1285,-2097,0,0
2016-09-14,-20,-20,-20,-20,1285,-2097,0,0
2016-09-15,1331,1331,1331,1331,1285,-2097,0,0
2016-09-16,-258,-258,-258,-258,1331,-2097,0,0
2016-09-19,520,520,520,520,1331,-2097,0,0
2016-09-20,-148,-148,-148,-148,1331,-2097,0,0
2016-09-21,1272,1272,1272,1272,1331,-2097,0,0
2016-09-22,1244,1244,1244,1244,1331,-2097,0,0
2016-09-23,-715,-715,-715,-715,1331,-2097,0,0
2016-09-26,-1502,-1502,-1502,-1502,1331,-2097,0,0
2016-09-27,909,909,909,909,1331,-2097,0,0
2016-09-28,571,571,571,571,1331,-2097,0,0
2016-09-29,-1497,-1497,-1497,-1497,1331,-2097,0,0
2016-09-30,1320,1320,1320,1320,1331,-2097,0,0
2016-10-03,-488,-488,-488,-488,1331,-2097,0,0
2016-10-04,-670,-670,-670,-670,1331,-2097,0,0
2016-10-05,1063,1063,1063,1063,1331,-2097,0,0
2016-10-06,-601,-601,-601,-601,1331,-2097,0,0
2016-10-07,-873,-873,-873,-873,1331,-2097,0,0
2016-10-10,1149,1149,1149,1149,1331,-1853,0,0
2016-10-11,-1955,-1955,-1955,-1955,1331,-1853,0,0
2016-10-12,-143,-143,-143,-143,1331,-1955,0,0
2016-10-13,-1349,-1349,-1349,-1349,1331,-1955,0,0
2016-10-14,-31,-31,-31,-31,1320,-1955,0,0
2016-10-17,-550,-550,-550,-550,1320,-1955,0,0
2016-10-18,813,813,813,813,1320,-1955,0,0
2016-10-19,572,572,572,572,1320,-1955,0,0
2016-10-20,-213,-213,-213,-213,1320,-1955,0,0
2016-10-21,-251,-251,-251,-251,1320,-1955,0,0
2016-10-24,590,590,590,590,1320,-1955,0,0
2016-10-25,-1035,-1035,-1035,-1035,1320,-1955,0,0
2016-10-26,-1137,-1137,-1137,-1137,1320,-1955,0,0
2016-10-27,-1049,-1049,-1049,-1049,1320,-1955,0,0
2016-10-28,-572,-572,-572,-572,1320,-1955,0,0
2016-10-31,3,3,3,3,1149,-1955,0,0
2016-11-01,-1409,-1409,-1409,-1409,1149,-1955,0,0
2016-11-02,-1544,-1544,-1544,-1544,1149,-1955,0,0
2016-11-03,-974,-974,-974,-974,1149,-1955,0,0
2016-11-04,123,123,123,123,1149,-1955,0,0
2016-11-07,1991,1991,1991,1991,1149,-1955,0,0
2016-11-08,287,287,287,287,1991,-1955,0,0
2016-11-09,1293,1293,1293,1293,1991,-1544,0,0
2016-11-10,645,645,645,645,1991,-1544,0,0
2016-11-11,1205,1205,1205,1205,1991,-1544,0,0
2016-11-14,519,519,519,519,1991,-1544,0,0
2016-11-15,565,565,565,565,1991,-1544,0,0
2016-11-16,160,160,160,160,1991,-1544,0,0
2016-11-17,684,684,684,684,1991,-1544,0,0
2016-11-18,210,210,210,210,1991,-1544,0,0
2016-11-21,561,561,561,561,1991,-1544,0,0
2016-11-22,706,706,706,706,1991,-1544,0,0
2016-11-23,481,481,481,481,1991,-1544,0,0
2016-11-25,771,771,771,771,1991,-1544,0,0
2016-11-28,-1166,-1166,-1166,-1166,1991,-1544,0,0
2016-11-29,-52,-52,-52,-52,1991,-1544,0,0
2016-11-30,-866,-866,-866,-866,1991,-1544,0,0
2016-12-01,-753,-753,-753,-753,1991,-1544,0,0
2016-12-02,89,89,89,89,1991,-1166,0,0
2016-12-05,1543,1543,1543,1543,1991,-1166,0,0
2016-12-06,931,931,931,931,1991,-1166,0,0
2016-12-07,844,844,844,844,1543,-1166,0,0
2016-12-08,1164,1164,1164,1164,1543,-1166,0,0
2016-12-09,579,579,579,579,1543,-1166,0,0
2016-12-12,-1197,-1197,-1197,-1197,1543,-1166,0,0
2016-12-13,624,624,624,624,1543,-1197,0,0
2016-12-14,-1422,-1422,-1422,-1422,1543,-1197,0,0
2016-12-15,892,892,892,892,1543,-1422,0,0
2016-12-16,-284,-284,-284,-284,1543,-1422,0,0
2016-12-19,553,553,553,553,1543,-1422,0,0
2016-12-20,959,959,959,959,1543,-1422,0,0
2016-12-21,-720,-720,-720,-720,1543,-1422,0,0
2016-12-22,-959,-959,-959,-959,1543,-1422,0,0
2016-12-23,1072,1072,1072,1072,1543,-1422,0,0
2016-12-27,696,696,696,696,1543,-1422,0,0
2016-12-28,-1480,-1480,-1480,-1480,1543,-1422,0,0
2016-12-29,-46,-46,-46,-46,1543,-1480,0,0
2016-12-30,-799,-799,-799,-799,1543,-1480,0,0
2017-01-03,1001,1001,1001,1001,1543,-1480,0,0
2017-01-04,1826,1826,1826,1826,1543,-1480,0,0
2017-01-05,-490,-490,-490,-490,1826,-1480,0,0
2017-01-06,-171,-171,-171,-171,1826,-1480,0,0
2017-01-09,-431,-431,-431,-431,1826,-1480,0,0
2017-01-10,983,983,983,983,1826,-1480,0,0
2017-01-11,299,299,299,299,1826,-1480,0,0
2017-01-12,-1062,-1062,-1062,-1062,1826,-1480,0,0
2017-01-13,1188,1188,1188,1188,1826,-1480,0,0
2017-01-17,-1273,-1273,-1273,-1273,1826,-1480,0,0
2017-01-18,402,402,402,402,1826,-1480,0,0
2017-01-19,-1367,-1367,-1367,-1367,1826,-1480,0,0
2017-01-20,777,777,777,777,1826,-1480,0,0
2017-01-23,-539,-539,-539,-539,1826,-1480,0,0
2017-01-24,1414,1414,1414,1414,1826,-1480,0,0
2017-01-25,1348,1348,1348,1348,1826,-1480,0,0
2017-01-26,-625,-625,-625,-625,1826,-1480,0,0
2017-01-27,-164,-164,-164,-164,1826,-1480,0,0
2017-01-30,-1590,-1590,-1590,-1590,1826,-1367,0,0
2017-01-31,651,651,651,651,1826,-1590,0,0
2017-02-01,15,15,15,15,1826,-1590,0,0
2017-02-02,-132,-132,-132,-132,1826,-1590,0,0
2017-02-03,1387,1387,1387,1387,1414,-1590,0,0
2017-02-06,-764,-764,-764,-764,1414,-1590,0,0
2017-02-07,-465,-465,-465,-465,1414,-1590,0,0
2017-02-08,-273,-273,-273,-273,1414,-1590,0,0
2017-02-09,1310,1310,1310,1310,1414,-1590,0,0
2017-02-10,986,986,986,986,1414,-1590,0,0
2017-02-13,472,472,472,472,1414,-1590,0,0
2017-02-14,376,376,376,376,1414,-1590,0,0
2017-02-15,803,803,803,803,1414,-1590,0,0
2017-02-16,-353,-353,-353,-353,1414,-1590,0,0
2017-02-17,328,328,328,328,1414,-1590,0,0
2017-02-21,462,462,462,462,1414,-1590,0,0
2017-02-22,-570,-570,-570,-570,1414,-1590,0,0
2017-02-23,-535,-535,-535,-535,1387,-1590,0,0
2017-02-24,-200,-200,-200,-200,1387,-1590,0,0
2017-02-27,868,868,868,868,1387,-1590,0,0
2017-02-28,-1601,-1601,-1601,-1601,1387,-1590,0,0
2017-03-01,1460,1460,1460,1460,1387,-1601,0,0
2017-03-02,-1078,-1078,-1078,-1078,1460,-1601,0,0
2017-03-03,-37,-37,-37,-37,1460,-1601,0,0
2017-03-06,-1209,-1209,-1209,-1209,1460,-1601,0,0
2017-03-07,-857,-857,-857,-857,1460,-1601,0,0
2017-03-08,-520,-520,-520,-520,1460,-1601,0,0
2017-03-09,-475,-475,-475,-475,1460,-1601,0,0
2017-03-10,468,468,468,468,1460,-1601,0,0
2017-03-13,720,720,720,720,1460,-1601,0,0
2017-03-14,-984,-984,-984,-984,1460,-1601,0,0
2017-03-15,1112,1112,1112,1112,1460,-1601,0,0
2017-03-16,560,560,560,560,1460,-1601,0,0
2017-03-17,491,491,491,491,1460,-1601,0,0
2017-03-20,-628,-628,-628,-628,1460,-1601,0,0
2017-03-21,-1942,-1942,-1942,-1942,1460,-1601,0,0
2017-03-22,-399,-399,-399,-399,1460,-1942,0,0
2017-03-23,764,764,764,764,1460,-1942,0,0
2017-03-24,351,351,351,351,1460,-1942,0,0
2017-03-27,357,357,357,357,1460,-1942,0,0
2017-03-28,668,668,668,668,1460,-1942,0,0
2017-03-29,647,647,647,647,1460,-1942,0,0
2017-03-30,558,558,558,558,1112,-1942,0,0
2017-03-31,253,253,253,253,1112,-1942,0,0
2017-04-03,-1262,-1262,-1262,-1262,1112,-1942,0,0
2017-04-04,-481,-481,-481,-481,1112,-1942,0,0
2017-04-05,-1263,-1263,-1263,-1263,1112,-1942,0,0
2017-04-06,1052,1052,1052,1052,1112,-1942,0,0
2017-04-07,-27,-27,-27,-27,1112,-1942,0,0
2017-04-10,-90,-90,-90,-90,1112,-1942,0,0
2017-04-11,372,372,372,372,1112,-1942,0,0
2017-04-12,-1061,-1061,-1061,-1061,1112,-1942,0,0
2017-04-13,-1072,-1072,-1072,-1072,1052,-1942,0,0
2017-04-17,1151,1151,1151,1151,1052,-1942,0,0
2017-04-18,-338,-338,-338,-338,1151,-1942,0,0
2017-04-19,579,579,579,579,1151,-1942,0,0
2017-04-20,1265,1265,1265,1265,1151,-1263,0,0
2017-04-21,-460,-460,-460,-460,1265,-1263,0,0
2017-04-24,1267,1267,1267,1267,1265,-1263,0,0
2017-04-25,1066,1066,1066,1066,1267,-1263,0,0
2017-04-26,665,665,665,665,1267,-1263,0,0
2017-04-27,-190,-190,-190,-190,1267,-1263,0,0
2017-04-28,-759,-759,-759,-759,1267,-1263,0,0
2017-05-01,445,445,445,445,1267,-1263,0,0
2017-05-02,-320,-320,-320,-320,1267,-1263,0,0
2017-05-03,-788,-788,-788,-788,1267,-1263,0,0
2017-05-04,-223,-223,-223,-223,1267,-1263,0,0
2017-05-05,467,467,467,467,1267,-1072,0,0
2017-05-08,-276,-276,-276,-276,1267,-1072,0,0
2017-05-09,27,27,27,27,1267,-1072,0,0
2017-05-10,336,336,336,336,1267,-1072,0,0
2017-05-11,-752,-752,-752,-752,1267,-1072,0,0
2017-05-12,-450,-450,-450,-450,1267,-1072,0,0
2017-05-15,983,983,983,983,1267,-788,0,0
2017-05-16,-8,-8,-8,-8,1267,-788,0,0
2017-05-17,-2010,-2010,-2010,-2010,1267,-788,0,0
2017-05-18,436,436,436,436,1267,-2010,0,0
2017-05-19,775,775,775,775,1267,-2010,0,0
2017-05-22,919,919,919,919,1267,-2010,0,0
2017-05-23,156,156,156,156,1066,-2010,0,0
2017-05-24,89,89,89,89,983,-2010,0,0
2017-05-25,207,207,207,207,983,-2010,0,0
2017-05-26,-112,-112,-112,-112,983,-2010,0,0
2017-05-30,-921,-921,-921,-921,983,-2010,0,0
2017-05-31,179,179,179,179,983,-2010,0,0
2017-06-01,1057,1057,1057,1057,983,-2010,0,0
2017-06-02,579,579,579,579,1057,-2010,0,0
2017-06-05,-877,-877,-877,-877,1057,-2010,0,0
2017-06-06,-526,-526,-526,-526,1057,-2010,0,0
2017-06-07,-58,-58,-58,-58,1057,-2010,0,0
2017-06-08,789,789,789,789,1057,-2010,0,0
2017-06-09,574,574,574,574,1057,-2010,0,0
2017-06-12,-286,-286,-286,-286,1057,-2010,0,0
2017-06-13,630,630,630,630,1057,-2010,0,0
2017-06-14,-216,-216,-216,-216,1057,-2010,0,0
2017-06-15,-556,-556,-556,-556,1057,-2010,0,0
2017-06-16,2,2,2,2,1057,-921,0,0
2017-06-19,755,755,755,755,1057,-921,0,0
2017-06-20,-900,-900,-900,-900,1057,-921,0,0
2017-06-21,-337,-337,-337,-337,1057,-921,0,0
2017-06-22,437,437,437,437,1057,-921,0,0
2017-06-23,748,748,748,748,1057,-921,0,0
2017-06-26,307,307,307,307,1057,-921,0,0
2017-06-27,-659,-659,-659,-659,1057,-921,0,0
2017-06-28,1180,1180,1180,1180,1057,-900,0,0
2017-06-29,-498,-498,-498,-498,1180,-900,0,0
2017-06-30,-7,-7,-7,-7,1180,-900,0,0
2017-07-03,486,486,486,486,1180,-900,0,0
2017-07-05,-536,-536,-536,-536,1180,-900,0,0
2017-07-06,-1341,-1341,-1341,-1341,1180,-900,0,0
2017-07-07,1209,1209,1209,1209,1180,-1341,0,0
2017-07-10,-563,-563,-563,-563,1209,-1341,0,0
2017-07-11,37,37,37,37,1209,-1341,0,0
2017-07-12,1023,1023,1023,1023,1209,-1341,0,0
2017-07-13,-36,-36,-36,-36,1209,-1341,0,0
2017-07-14,275,275,275,275,1209,-1341,0,0
2017-07-17,107,107,107,107,1209,-1341,0,0
2017-07-18,-328,-328,-328,-328,1209,-1341,0,0
2017-07-19,802,802,802,802,1209,-1341,0,0
2017-07-20,70,70,70,70,1209,-1341,0,0
2017-07-21,-391,-391,-391,-391,1209,-1341,0,0
2017-07-24,180,180,180,180,1209,-1341,0,0
2017-07-25,382,382,382,382,1209,-1341,0,0
2017-07-26,-131,-131,-131,-131,1209,-1341,0,0
2017-07-27,-807,-807,-807,-807,1209,-1341,0,0
2017-07-28,-82,-82,-82,-82,1209,-1341,0,0
2017-07-31,-219,-219,-219,-219,1209,-1341,0,0
2017-08-01,191,191,191,191,1209,-1341,0,0
2017-08-02,-945,-945,-945,-945,1209,-1341,0,0
2017-08-03,-339,-339,-339,-339,1209,-1341,0,0
2017-08-04,639,639,639,639,1209,-945,0,0
2017-08-07,218,218,218,218,1023,-945,0,0
2017-08-08,-361,-361,-361,-361,1023,-945,0,0
2017-08-09,-1142,-1142,-1142,-1142,1023,-945,0,0
2017-08-10,-1521,-1521,-1521,-1521,802,-1142,0,0
2017-08-11,103,103,103,103,802,-1521,0,0
2017-08-14,1392,1392,1392,1392,802,-1521,0,0
2017-08-15,-933,-933,-933,-933,1392,-1521,0,0
2017-08-16,369,369,369,369,1392,-1521,0,0
2017-08-17,-1510,-1510,-1510,-1510,1392,-1521,0,0
2017-08-18,55,55,55,55,1392,-1521,0,0
2017-08-21,-392,-392,-392,-392,1392,-1521,0,0
2017-08-22,1171,1171,1171,1171,1392,-1521,0,0
2017-08-23,-383,-383,-383,-383,1392,-1521,0,0
2017-08-24,445,445,445,445,1392,-1521,0,0
2017-08-25,695,695,695,695,1392,-1521,0,0
2017-08-28,-107,-107,-107,-107,1392,-1521,0,0
2017-08-29,105,105,105,105,1392,-1521,0,0
2017-08-30,634,634,634,634,1392,-1521,0,0
2017-08-31,959,959,959,959,1392,-1521,0,0
2017-09-01,1016,1016,1016,1016,1392,-1521,0,0
2017-09-05,-835,-835,-835,-835,1392,-1521,0,0
2017-09-06,251,251,251,251,1392,-1521,0,0
2017-09-07,-85,-85,-85,-85,1392,-1521,0,0
2017-09-08,109,109,109,109,1392,-1521,0,0
2017-09-11,853,853,853,853,1392,-1510,0,0
2017-09-12,657,657,657,657,1392,-1510,0,0
2017-09-13,241,241,241,241,1171,-1510,0,0
2017-09-14,-42,-42,-42,-42,1171,-1510,0,0
2017-09-15,287,287,287,287,1171,-1510,0,0
2017-09-18,531,531,531,531,1171,-835,0,0
2017-09-19,-96,-96,-96,-96,1171,-835,0,0
2017-09-20,490,490,490,490,1171,-835,0,0
2017-09-21,-140,-140,-140,-140,1016,-835,0,0
2017-09-22,862,862,862,862,1016,-835,0,0
2017-09-25,-40,-40,-40,-40,1016,-835,0,0
2017-09-26,406,406,406,406,1016,-835,0,0
2017-09-27,873,873,873,873,1016,-835,0,0
2017-09-28,404,404,404,404,1016,-835,0,0
2017-09-29,129,129,129,129,1016,-835,0,0
2017-10-02,967,967,967,967,1016,-835,0,0
2017-10-03,207,207,207,207,967,-835,0,0
2017-10-04,40,40,40,40,967,-140,0,0
2017-10-05,436,436,436,436,967,-140,0,0
2017-10-06,-49,-49,-49,-49,967,-140,0,0
2017-10-09,-561,-561,-561,-561,967,-140,0,0
2017-10-10,548,548,548,548,967,-561,0,0
2017-10-11,-67,-67,-67,-67,967,-561,0,0
2017-10-12,-515,-515,-515,-515,967,-561,0,0
2017-10-13,-28,-28,-28,-28,967,-561,0,0
2017-10-16,-173,-173,-173,-173,967,-561,0,0
2017-10-17,-804,-804,-804,-804,967,-561,0,0
2017-10-18,320,320,320,320,967,-804,0,0
2017-10-19,-108,-108,-108,-108,967,-804,0,0
2017-10-20,421,421,421,421,967,-804,0,0
2017-10-23,-834,-834,-834,-834,967,-804,0,0
2017-10-24,-89,-89,-89,-89,967,-834,0,0
2017-10-25,-636,-636,-636,-636,967,-834,0,0
2017-10-26,-47,-47,-47,-47,967,-834,0,0
2017-10-27,524,524,524,524,967,-834,0,0
2017-10-30,-800,-800,-800,-800,967,-834,0,0
2017-10-31,700,700,700,700,548,-834,0,0
2017-11-01,-510,-510,-510,-510,700,-834,0,0
2017-11-02,419,419,419,419,700,-834,0,0
2017-11-03,-46,-46,-46,-46,700,-834,0,0
2017-11-06,108,108,108,108,700,-834,0,0
2017-11-07,-1147,-1147,-1147,-1147,700,-834,0,0
2017-11-08,-203,-203,-203,-203,700,-1147,0,0
2017-11-09,-310,-310,-310,-310,700,-1147,0,0
2017-11-10,112,112,112,112,700,-1147,0,0
2017-11-13,-66,-66,-66,-66,700,-1147,0,0
2017-11-14,-198,-198,-198,-198,700,-1147,0,0
2017-11-15,-339,-339,-339,-339,700,-1147,0,0
2017-11-16,1201,1201,1201,1201,700,-1147,0,0
2017-11-17,713,713,713,713,1201,-1147,0,0
2017-11-20,584,584,584,584,1201,-1147,0,0
2017-11-21,403,403,403,403,1201,-1147,0,0
2017-11-22,318,318,318,318,1201,-1147,0,0
2017-11-24,296,296,296,296,1201,-1147,0,0
2017-11-27,-409,-409,-409,-409,1201,-1147,0,0
2017-11-28,522,522,522,522,1201,-1147,0,0
2017-11-29,394,394,394,394,1201,-1147,0,0
2017-11-30,-447,-447,-447,-447,1201,-1147,0,0
2017-12-01,201,201,201,201,1201,-1147,0,0
2017-12-04,-90,-90,-90,-90,1201,-1147,0,0
2017-12-05,-956,-956,-956,-956,1201,-1147,0,0
2017-12-06,-939,-939,-939,-939,1201,-1147,0,0
2017-12-07,438,438,438,438,1201,-956,0,0
2017-12-08,172,172,172,172,1201,-956,0,0
2017-12-11,-302,-302,-302,-302,1201,-956,0,0
2017-12-12,-233,-233,-233,-233,1201,-956,0,0
2017-12-13,454,454,454,454,1201,-956,0,0
2017-12-14,-966,-966,-966,-966,1201,-956,0,0
2017-12-15,382,382,382,382,1201,-966,0,0
2017-12-18,829,829,829,829,713,-966,0,0
2017-12-19,-696,-696,-696,-696,829,-966,0,0
2017-12-20,6,6,6,6,829,-966,0,0
2017-12-21,526,526,526,526,829,-966,0,0
2017-12-22,-281,-281,-281,-281,829,-966,0,0
2017-12-26,-186,-186,-186,-186,829,-966,0,0
2017-12-27,21,21,21,21,829,-966,0,0
2017-12-28,448,448,448,448,829,-966,0,0
2017-12-29,-711,-711,-711,-711,829,-966,0,0
2018-01-02,583,583,583,583,829,-966,0,0
2018-01-03,290,290,290,290,829,-966,0,0
2018-01-04,480,480,480,480,829,-966,0,0
2018-01-05,347,347,347,347,829,-966,0,0
2018-01-08,10,10,10,10,829,-966,0,0
2018-01-09,-177,-177,-177,-177,829,-966,0,0
2018-01-10,44,44,44,44,829,-966,0,0
2018-01-11,1244,1244,1244,1244,829,-966,0,0
2018-01-12,385,385,385,385,1244,-966,0,0
2018-01-16,-688,-688,-688,-688,1244,-966,0,0
2018-01-17,428,428,428,428,1244,-711,0,0
2018-01-18,-728,-728,-728,-728,1244,-711,0,0
2018-01-19,1149,1149,1149,1149,1244,-728,0,0
2018-01-22,131,131,131,131,1244,-728,0,0
2018-01-23,134,134,134,134,1244,-728,0,0
2018-01-24,-454,-454,-454,-454,1244,-728,0,0
2018-01-25,-82,-82,-82,-82,1244,-728,0,0
2018-01-26,205,205,205,205,1244,-728,0,0
2018-01-29,-678,-678,-678,-678,1244,-728,0,0
2018-01-30,-540,-540,-540,-540,1244,-728,0,0
2018-01-31,-841,-841,-841,-841,1244,-728,0,0
2018-02-01,95,95,95,95,1244,-841,0,0
2018-02-02,-548,-548,-548,-548,1244,-841,0,0
2018-02-05,-225,-225,-225,-225,1244,-841,0,0
2018-02-06,-263,-263,-263,-263,1244,-841,0,0
2018-02-07,332,332,332,332,1244,-841,0,0
2018-02-08,401,401,401,401,1244,-841,0,0
2018-02-09,-130,-130,-130,-130,1244,-841,0,0
2018-02-12,-283,-283,-283,-283,1149,-841,0,0
2018-02-13,427,427,427,427,1149,-841,0,0
2018-02-14,15,15,15,15,1149,-841,0,0
2018-02-15,338,338,338,338,1149,-841,0,0
2018-02-16,300,300,300,300,1149,-841,0,0
2018-02-20,-645,-645,-645,-645,427,-841,0,0
2018-02-21,-148,-148,-148,-148,427,-841,0,0
2018-02-22,-642,-642,-642,-642,427,-841,0,0
2018-02-23,277,277,277,277,427,-841,0,0
2018-02-26,312,312,312,312,427,-841,0,0
2018-02-27,-758,-758,-758,-758,427,-841,0,0
2018-02-28,-1200,-1200,-1200,-1200,427,-841,0,0
2018-03-01,732,732,732,732,427,-1200,0,0
2018-03-02,1173,1173,1173,1173,732,-1200,0,0
2018-03-05,637,637,637,637,1173,-1200,0,0
2018-03-06,431,431,431,431,1173,-1200,0,0
2018-03-07,752,752,752,752,1173,-1200,0,0
2018-03-08,19,19,19,19,1173,-1200,0,0
2018-03-09,500,500,500,500,1173,-1200,0,0
2018-03-12,372,372,372,372,1173,-1200,0,0
2018-03-13,-455,-455,-455,-455,1173,-1200,0,0
2018-03-14,-383,-383,-383,-383,1173,-1200,0,0
2018-03-15,-298,-298,-298,-298,1173,-1200,0,0
2018-03-16,286,286,286,286,1173,-1200,0,0
2018-03-19,284,284,284,284,1173,-1200,0,0
2018-03-20,-600,-600,-600,-600,1173,-1200,0,0
2018-03-21,270,270,270,270,1173,-1200,0,0
2018-03-22,244,244,244,244,1173,-1200,0,0
2018-03-23,-262,-262,-262,-262,1173,-1200,0,0
2018-03-26,-600,-600,-600,-600,1173,-1200,0,0
2018-03-27,-217,-217,-217,-217,1173,-1200,0,0
2018-03-28,-150,-150,-150,-150,1173,-1200,0,0
2018-03-29,-820,-820,-820,-820,1173,-600,0,0
2018-04-02,580,580,580,580,1173,-820,0,0
2018-04-03,-194,-194,-194,-194,752,-820,0,0
2018-04-04,859,859,859,859,752,-820,0,0
2018-04-05,189,189,189,189,859,-820,0,0
2018-04-06,666,666,666,666,859,-820,0,0
2018-04-09,-947,-947,-947,-947,859,-820,0,0
2018-04-10,-269,-269,-269,-269,859,-947,0,0
2018-04-11,55,55,55,55,859,-947,0,0
2018-04-12,-37,-37,-37,-37,859,-947,0,0
2018-04-13,222,222,222,222,859,-947,0,0
2018-04-16,194,194,194,194,859,-947,0,0
2018-04-17,110,110,110,110,859,-947,0,0
2018-04-18,-150,-150,-150,-150,859,-947,0,0
2018-04-19,100,100,100,100,859,-947,0,0
2018-04-20,197,197,197,197,859,-947,0,0
2018-04-23,-422,-422,-422,-422,859,-947,0,0
2018-04-24,69,69,69,69,859,-947,0,0
2018-04-25,-272,-272,-272,-272,859,-947,0,0
2018-04-26,-214,-214,-214,-214,859,-947,0,0
2018-04-27,21,21,21,21,859,-947,0,0
2018-04-30,-323,-323,-323,-323,859,-947,0,0
2018-05-01,449,449,449,449,859,-947,0,0
2018-05-02,225,225,225,225,859,-947,0,0
2018-05-03,-807,-807,-807,-807,666,-947,0,0
2018-05-04,1386,1386,1386,1386,666,-947,0,0
2018-05-07,662,662,662,662,1386,-947,0,0
2018-05-08,245,245,245,245,1386,-807,0,0
2018-05-09,757,757,757,757,1386,-807,0,0
2018-05-10,580,580,580,580,1386,-807,0,0
2018-05-11,413,413,413,413,1386,-807,0,0
2018-05-14,-306,-306,-306,-306,1386,-807,0,0
2018-05-15,-137,-137,-137,-137,1386,-807,0,0
2018-05-16,933,933,933,933,1386,-807,0,0
2018-05-17,617,617,617,617,1386,-807,0,0
2018-05-18,28,28,28,28,1386,-807,0,0
2018-05-21,621,621,621,621,1386,-807,0,0
2018-05-22,-413,-413,-413,-413,1386,-807,0,0
2018-05-23,211,211,211,211,1386,-807,0,0
2018-05-24,-135,-135,-135,-135,1386,-807,0,0
2018-05-25,158,158,158,158,1386,-807,0,0
2018-05-29,-788,-788,-788,-788,1386,-807,0,0
2018-05-30,1109,1109,1109,1109,1386,-807,0,0
2018-05-31,-641,-641,-641,-641,1386,-807,0,0
2018-06-01,1230,1230,1230,1230,1386,-807,0,0
2018-06-04,367,367,367,367,1386,-788,0,0
2018-06-05,845,845,845,845,1230,-788,0,0
2018-06-06,646,646,646,646,1230,-788,0,0
2018-06-07,-324,-324,-324,-324,1230,-788,0,0
2018-06-08,87,87,87,87,1230,-788,0,0
2018-06-11,283,283,283,283,1230,-788,0,0
2018-06-12,244,244,244,244,1230,-788,0,0
2018-06-13,-332,-332,-332,-332,1230,-788,0,0
2018-06-14,492,492,492,492,1230,-788,0,0
2018-06-15,30,30,30,30,1230,-788,0,0
2018-06-18,106,106,106,106,1230,-788,0,0
2018-06-19,-410,-410,-410,-410,1230,-788,0,0
2018-06-20,811,811,811,811,1230,-788,0,0
2018-06-21,-1240,-1240,-1240,-1240,1230,-788,0,0
2018-06-22,191,191,191,191,1230,-1240,0,0
2018-06-25,-1560,-1560,-1560,-1560,1230,-1240,0,0
2018-06-26,475,475,475,475,1230,-1560,0,0
2018-06-27,-1733,-1733,-1733,-1733,1230,-1560,0,0
2018-06-28,270,270,270,270,1230,-1733,0,0
2018-06-29,281,281,281,281,1230,-1733,0,0
2018-07-02,618,618,618,618,845,-1733,0,0
2018-07-03,256,256,256,256,845,-1733,0,0
2018-07-05,1065,1065,1065,1065,811,-1733,0,0
2018-07-06,1175,1175,1175,1175,1065,-1733,0,0
2018-07-09,738,738,738,738,1175,-1733,0,0
2018-07-10,-599,-599,-599,-599,1175,-1733,0,0
2018-07-11,-846,-846,-846,-846,1175,-1733,0,0
2018-07-12,555,555,555,555,1175,-1733,0,0
2018-07-13,-279,-279,-279,-279,1175,-1733,0,0
2018-07-16,-620,-620,-620,-620,1175,-1733,0,0
2018-07-17,347,347,347,347,1175,-1733,0,0
2018-07-18,346,346,346,346,1175,-1733,0,0
2018-07-19,240,240,240,240,1175,-1733,0,0
2018-07-20,-87,-87,-87,-87,1175,-1733,0,0
2018-07-23,-28,-28,-28,-28,1175,-1733,0,0
2018-07-24,-1123,-1123,-1123,-1123,1175,-1733,0,0
2018-07-25,330,330,330,330,1175,-1733,0,0
2018-07-26,286,286,286,286,1175,-1733,0,0
2018-07-27,-1546,-1546,-1546,-1546,1175,-1123,0,0
2018-07-30,-859,-859,-859,-859,1175,-1546,0,0
2018-07-31,815,815,815,815,1175,-1546,0,0
2018-08-01,-61,-61,-61,-61,1175,-1546,0,0
2018-08-02,546,546,546,546,1175,-1546,0,0
2018-08-03,-613,-613,-613,-613,1175,-1546,0,0
2018-08-06,709,709,709,709,815,-1546,0,0
2018-08-07,396,396,396,396,815,-1546,0,0
2018-08-08,144,144,144,144,815,-1546,0,0
2018-08-09,84,84,84,84,815,-1546,0,0
2018-08-10,-622,-622,-622,-622,815,-1546,0,0
2018-08-13,-861,-861,-861,-861,815,-1546,0,0
2018-08-14,766,766,766,766,815,-1546,0,0
2018-08-15,-1469,-1469,-1469,-1469,815,-1546,0,0
2018-08-16,1164,1164,1164,1164,815,-1546,0,0
2018-08-17,395,395,395,395,1164,-1546,0,0
2018-08-20,651,651,651,651,1164,-1546,0,0
2018-08-21,1111,1111,1111,1111,1164,-1546,0,0
2018-08-22,630,630,630,630,1164,-1546,0,0
2018-08-23,-523,-523,-523,-523,1164,-1546,0,0
2018-08-24,658,658,658,658,1164,-1546,0,0
2018-08-27,475,475,475,475,1164,-1469,0,0
2018-08-28,-63,-63,-63,-63,1164,-1469,0,0
2018-08-29,705,705,705,705,1164,-1469,0,0
2018-08-30,-349,-349,-349,-349,1164,-1469,0,0
2018-08-31,609,609,609,609,1164,-1469,0,0
2018-09-04,-415,-415,-415,-415,1164,-1469,0,0
2018-09-05,-716,-716,-716,-716,1164,-1469,0,0
2018-09-06,-949,-949,-949,-949,1164,-1469,0,0
2018-09-07,-202,-202,-202,-202,1164,-1469,0,0
2018-09-10,152,152,152,152,1164,-1469,0,0
2018-09-11,-232,-232,-232,-232,1164,-1469,0,0
2018-09-12,-181,-181,-181,-181,1164,-1469,0,0
2018-09-13,94,94,94,94,1164,-1469,0,0
2018-09-14,253,253,253,253,1164,-949,0,0
2018-09-17,-1066,-1066,-1066,-1066,1111,-949,0,0
2018-09-18,499,499,499,499,1111,-1066,0,0
2018-09-19,-265,-265,-265,-265,1111,-1066,0,0
2018-09-20,1368,1368,1368,1368,705,-1066,0,0
2018-09-21,-268,-268,-268,-268,1368,-1066,0,0
2018-09-24,-598,-598,-598,-598,1368,-1066,0,0
2018-09-25,17,17,17,17,1368,-1066,0,0
2018-09-26,-792,-792,-792,-792,1368,-1066,0,0
2018-09-27,62,62,62,62,1368,-1066,0,0
2018-09-28,201,201,201,201,1368,-1066,0,0
2018-10-01,-940,-940,-940,-940,1368,-1066,0,0
2018-10-02,-1025,-1025,-1025,-1025,1368,-1066,0,0
2018-10-03,762,762,762,762,1368,-1066,0,0
2018-10-04,-1661,-1661,-1661,-1661,1368,-1066,0,0
2018-10-05,-1015,-1015,-1015,-1015,1368,-1661,0,0
2018-10-08,-583,-583,-583,-583,1368,-1661,0,0
2018-10-09,-547,-547,-547,-547,1368,-1661,0,0
2018-10-10,-2254,-2254,-2254,-2254,1368,-1661,0,0
2018-10-11,-1361,-1361,-1361,-1361,1368,-2254,0,0
2018-10-12,671,671,671,671,1368,-2254,0,0
2018-10-15,148,148,148,148,1368,-2254,0,0
2018-10-16,1836,1836,1836,1836,1368,-2254,0,0
2018-10-17,-407,-407,-407,-407,1836,-2254,0,0
2018-10-18,-1526,-1526,-1526,-1526,1836,-2254,0,0
2018-10-19,-1147,-1147,-1147,-1147,1836,-2254,0,0
2018-10-22,-440,-440,-440,-440,1836,-2254,0,0
2018-10-23,-1067,-1067,-1067,-1067,1836,-2254,0,0
2018-10-24,-2061,-2061,-2061,-2061,1836,-2254,0,0
2018-10-25,1173,1173,1173,1173,1836,-2254,0,0
2018-10-26,-970,-970,-970,-970,1836,-2254,0,0
2018-10-29,-552,-552,-552,-552,1836,-2254,0,0
2018-10-30,1013,1013,1013,1013,1836,-2254,0,0
2018-10-31,659,659,659,659,1836,-2254,0,0
2018-11-01,1565,1565,1565,1565,1836,-2254,0,0
2018-11-02,162,162,162,162,1836,-2254,0,0
2018-11-05,-130,-130,-130,-130,1836,-2254,0,0
2018-11-06,717,717,717,717,1836,-2254,0,0
2018-11-07,1155,1155,1155,1155,1836,-2254,0,0
2018-11-08,-181,-181,-181,-181,1836,-2061,0,0
2018-11-09,-1530,-1530,-1530,-1530,1836,-2061,0,0
2018-11-12,-1663,-1663,-1663,-1663,1836,-2061,0,0
2018-11-13,13,13,13,13,1836,-2061,0,0
2018-11-14,-1047,-1047,-1047,-1047,1565,-2061,0,0
2018-11-15,1116,1116,1116,1116,1565,-2061,0,0
2018-11-16,-60,-60,-60,-60,1565,-2061,0,0
2018-11-19,-1452,-1452,-1452,-1452,1565,-2061,0,0
2018-11-20,-1576,-1576,-1576,-1576,1565,-2061,0,0
2018-11-21,1478,1478,1478,1478,1565,-2061,0,0
2018-11-23,269,269,269,269,1565,-1663,0,0
2018-11-26,579,579,579,579,1565,-1663,0,0
2018-11-27,-859,-859,-859,-859,1565,-1663,0,0
2018-11-28,1686,1686,1686,1686,1565,-1663,0,0
2018-11-29,-196,-196,-196,-196,1686,-1663,0,0
2018-11-30,271,271,271,271,1686,-1663,0,0
2018-12-03,978,978,978,978,1686,-1663,0,0
2018-12-04,-2172,-2172,-2172,-2172,1686,-1663,0,0
2018-12-06,-672,-672,-672,-672,1686,-2172,0,0
2018-12-07,-1347,-1347,-1347,-1347,1686,-2172,0,0
2018-12-10,-484,-484,-484,-484,1686,-2172,0,0
2018-12-11,-393,-393,-393,-393,1686,-2172,0,0
2018-12-12,1091,1091,1091,1091,1686,-2172,0,0
2018-12-13,-1446,-1446,-1446,-1446,1686,-2172,0,0
2018-12-14,-1538,-1538,-1538,-1538,1686,-2172,0,0
2018-12-17,-1872,-1872,-1872,-1872,1686,-2172,0,0
2018-12-18,-641,-641,-641,-641,1686,-2172,0,0
2018-12-19,-1416,-1416,-1416,-1416,1686,-2172,0,0
2018-12-20,-1624,-1624,-1624,-1624,1686,-2172,0,0
2018-12-21,-1742,-1742,-1742,-1742,1686,-2172,0,0
2018-12-24,-1410,-1410,-1410,-1410,1686,-2172,0,0
2018-12-26,1707,1707,1707,1707,1686,-2172,0,0
2018-12-27,95,95,95,95,1707,-2172,0,0
2018-12-28,1175,1175,1175,1175,1707,-2172,0,0
2018-12-31,906,906,906,906,1707,-2172,0,0
2019-01-02,1184,1184,1184,1184,1707,-2172,0,0
2019-01-03,-1186,-1186,-1186,-1186,1707,-2172,0,0
2019-01-04,2253,2253,2253,2253,1707,-2172,0,0
2019-01-07,1564,1564,1564,1564,2253,-1872,0,0
2019-01-08,1040,1040,1040,1040,2253,-1872,0,0
2019-01-09,948,948,948,948,2253,-1872,0,0
2019-01-10,168,168,168,168,2253,-1872,0,0
2019-01-11,352,352,352,352,2253,-1872,0,0
2019-01-14,-1196,-1196,-1196,-1196,2253,-1872,0,0
2019-01-15,1100,1100,1100,1100,2253,-1872,0,0
2019-01-16,728,728,728,728,2253,-1872,0,0
2019-01-17,805,805,805,805,2253,-1742,0,0
2019-01-18,1200,1200,1200,1200,2253,-1742,0,0
2019-01-22,-1590,-1590,-1590,-1590,2253,-1742,0,0
2019-01-23,-18,-18,-18,-18,2253,-1742,0,0
2019-01-24,766,766,766,766,2253,-1590,0,0
2019-01-25,1259,1259,1259,1259,2253,-1590,0,0
2019-01-28,-775,-775,-775,-775,2253,-1590,0,0
2019-01-29,-323,-323,-323,-323,2253,-1590,0,0
2019-01-30,1234,1234,1234,1234,2253,-1590,0,0
2019-01-31,823,823,823,823,2253,-1590,0,0
2019-02-01,418,418,418,418,2253,-1590,0,0
2019-02-04,1199,1199,1199,1199,2253,-1590,0,0
2019-02-05,354,354,354,354,1564,-1590,0,0
2019-02-06,-54,-54,-54,-54,1259,-1590,0,0
2019-02-07,-1032,-1032,-1032,-1032,1259,-1590,0,0
2019-02-08,-16,-16,-16,-16,1259,-1590,0,0
2019-02-11,700,700,700,700,1259,-1590,0,0
2019-02-12,1444,1444,1444,1444,1259,-1590,0,0
2019-02-13,426,426,426,426,1444,-1590,0,0
2019-02-14,16,16,16,16,1444,-1590,0,0
2019-02-15,1314,1314,1314,1314,1444,-1590,0,0
2019-02-19,756,756,756,756,1444,-1590,0,0
2019-02-20,281,281,281,281,1444,-1590,0,0
2019-02-21,-480,-480,-480,-480,1444,-1032,0,0
2019-02-22,1159,1159,1159,1159,1444,-1032,0,0
2019-02-25,231,231,231,231,1444,-1032,0,0
2019-02-26,-752,-752,-752,-752,1444,-1032,0,0
2019-02-27,190,190,190,190,1444,-1032,0,0
2019-02-28,-437,-437,-437,-437,1444,-1032,0,0
2019-03-01,914,914,914,914,1444,-1032,0,0
2019-03-04,-685,-685,-685,-685,1444,-1032,0,0
2019-03-05,-505,-505,-505,-505,1444,-1032,0,0
2019-03-06,-1751,-1751,-1751,-1751,1444,-1032,0,0
2019-03-07,-1061,-1061,-1061,-1061,1444,-1751,0,0
2019-03-08,-261,-261,-261,-261,1444,-1751,0,0
2019-03-11,1639,1639,1639,1639,1444,-1751,0,0
2019-03-12,110,110,110,110,1639,-1751,0,0
2019-03-13,717,717,717,717,1639,-1751,0,0
2019-03-14,-395,-395,-395,-395,1639,-1751,0,0
2019-03-15,630,630,630,630,1639,-1751,0,0
2019-03-18,729,729,729,729,1639,-1751,0,0
2019-03-19,-347,-347,-347,-347,1639,-1751,0,0
2019-03-20,-639,-639,-639,-639,1639,-1751,0,0
2019-03-21,485,485,485,485,1639,-1751,0,0
2019-03-22,-1983,-1983,-1983,-1983,1639,-1751,0,0
2019-03-25,167,167,167,167,1639,-1983,0,0
2019-03-26,1015,1015,1015,1015,1639,-1983,0,0
2019-03-27,-453,-453,-453,-453,1639,-1983,0,0
2019-03-28,818,818,818,818,1639,-1983,0,0
2019-03-29,468,468,468,468,1639,-1983,0,0
2019-04-01,1122,1122,1122,1122,1639,-1983,0,0
2019-04-02,66,66,66,66,1639,-1983,0,0
2019-04-03,566,566,566,566,1639,-1983,0,0
2019-04-04,330,330,330,330,1639,-1983,0,0
2019-04-05,1278,1278,1278,1278,1639,-1983,0,0
2019-04-08,-141,-141,-141,-141,1639,-1983,0,0
2019-04-09,-1370,-1370,-1370,-1370,1278,-1983,0,0
2019-04-10,1118,1118,1118,1118,1278,-1983,0,0
2019-04-11,-245,-245,-245,-245,1278,-1983,0,0
2019-04-12,399,399,399,399,1278,-1983,0,0
2019-04-15,-624,-624,-624,-624,1278,-1983,0,0
2019-04-16,380,380,380,380,1278,-1983,0,0
2019-04-17,-915,-915,-915,-915,1278,-1983,0,0
2019-04-18,-38,-38,-38,-38,1278,-1983,0,0
2019-04-22,-410,-410,-410,-410,1278,-1983,0,0
2019-04-23,1308,1308,1308,1308,1278,-1370,0,0
2019-04-24,-146,-146,-146,-146,1308,-1370,0,0
2019-04-25,-515,-515,-515,-515,1308,-1370,0,0
2019-04-26,1021,1021,1021,1021,1308,-1370,0,0
2019-04-29,638,638,638,638,1308,-1370,0,0
2019-04-30,-478,-478,-478,-478,1308,-1370,0,0
2019-05-01,-1061,-1061,-1061,-1061,1308,-1370,0,0
2019-05-02,96,96,96,96,1308,-1370,0,0
2019-05-03,1654,1654,1654,1654,1308,-1370,0,0
2019-05-06,-349,-349,-349,-349,1654,-1370,0,0
2019-05-07,-1516,-1516,-1516,-1516,1654,-1370,0,0
2019-05-08,-321,-321,-321,-321,1654,-1516,0,0
2019-05-09,-560,-560,-560,-560,1654,-1516,0,0
2019-05-10,292,292,292,292,1654,-1516,0,0
2019-05-13,-2042,-2042,-2042,-2042,1654,-1516,0,0
2019-05-14,1446,1446,1446,1446,1654,-2042,0,0
2019-05-15,416,416,416,416,1654,-2042,0,0
2019-05-16,582,582,582,582,1654,-2042,0,0
2019-05-17,-1284,-1284,-1284,-1284,1654,-2042,0,0
2019-05-20,-833,-833,-833,-833,1654,-2042,0,0
2019-05-21,1175,1175,1175,1175,1654,-2042,0,0
2019-05-22,-936,-936,-936,-936,1654,-2042,0,0
2019-05-23,-1729,-1729,-1729,-1729,1654,-2042,0,0
2019-05-24,872,872,872,872,1654,-2042,0,0
2019-05-28,-742,-742,-742,-742,1654,-2042,0,0
2019-05-29,-1092,-1092,-1092,-1092,1654,-2042,0,0
2019-05-30,-8,-8,-8,-8,1654,-2042,0,0
2019-05-31,-1547,-1547,-1547,-1547,1654,-2042,0,0
2019-06-03,268,268,268,268,1654,-2042,0,0
2019-06-04,1516,1516,1516,1516,1446,-2042,0,0
2019-06-05,-389,-389,-389,-389,1516,-2042,0,0
2019-06-06,-512,-512,-512,-512,1516,-2042,0,0
2019-06-07,957,957,957,957,1516,-2042,0,0
2019-06-10,816,816,816,816,1516,-2042,0,0
2019-06-11,-184,-184,-184,-184,1516,-2042,0,0
2019-06-12,-53,-53,-53,-53,1516,-1729,0,0
2019-06-13,1053,1053,1053,1053,1516,-1729,0,0
2019-06-14,-809,-809,-809,-809,1516,-1729,0,0
2019-06-17,283,283,283,283,1516,-1729,0,0
2019-06-18,1278,1278,1278,1278,1516,-1729,0,0
2019-06-19,548,548,548,548,1516,-1729,0,0
2019-06-20,551,551,551,551,1516,-1729,0,0
2019-06-21,-682,-682,-682,-682,1516,-1729,0,0
2019-06-24,-1139,-1139,-1139,-1139,1516,-1547,0,0
2019-06-25,-769,-769,-769,-769,1516,-1547,0,0
2019-06-26,-29,-29,-29,-29,1516,-1547,0,0
2019-06-27,1497,1497,1497,1497,1516,-1547,0,0
2019-06-28,1444,1444,1444,1444,1516,-1547,0,0
2019-07-01,611,611,611,611,1516,-1139,0,0
2019-07-02,-397,-397,-397,-397,1516,-1139,0,0
2019-07-03,950,950,950,950,1497,-1139,0,0
2019-07-05,255,255,255,255,1497,-1139,0,0
2019-07-08,-1209,-1209,-1209,-1209,1497,-1139,0,0
2019-07-09,154,154,154,154,1497,-1209,0,0
2019-07-10,337,337,337,337,1497,-1209,0,0
2019-07-11,-366,-366,-366,-366,1497,-1209,0,0
2019-07-12,560,560,560,560,1497,-1209,0,0
2019-07-15,-30,-30,-30,-30,1497,-1209,0,0
2019-07-16,-262,-262,-262,-262,1497,-1209,0,0
2019-07-17,-883,-883,-883,-883,1497,-1209,0,0
2019-07-18,439,439,439,439,1497,-1209,0,0
2019-07-19,-587,-587,-587,-587,1497,-1209,0,0
2019-07-22,-127,-127,-127,-127,1497,-1209,0,0
2019-07-23,367,367,367,367,1497,-1209,0,0
2019-07-24,1296,1296,1296,1296,1497,-1209,0,0
2019-07-25,-1271,-1271,-1271,-1271,1497,-1209,0,0
2019-07-26,1175,1175,1175,1175,1497,-1271,0,0
2019-07-29,-675,-675,-675,-675,1444,-1271,0,0
2019-07-30,693,693,693,693,1296,-1271,0,0
2019-07-31,-1003,-1003,-1003,-1003,1296,-1271,0,0
2019-08-01,-1123,-1123,-1123,-1123,1296,-1271,0,0
2019-08-02,-1053,-1053,-1053,-1053,1296,-1271,0,0
2019-08-05,-2296,-2296,-2296,-2296,1296,-1271,0,0
2019-08-06,909,909,909,909,1296,-2296,0,0
2019-08-07,-22,-22,-22,-22,1296,-2296,0,0
2019-08-08,1351,1351,1351,1351,1296,-2296,0,0
2019-08-09,-982,-982,-982,-982,1351,-2296,0,0
2019-08-12,-1009,-1009,-1009,-1009,1351,-2296,0,0
2019-08-13,1152,1152,1152,1152,1351,-2296,0,0
2019-08-14,-2037,-2037,-2037,-2037,1351,-2296,0,0
2019-08-15,-494,-494,-494,-494,1351,-2296,0,0
2019-08-16,1754,1754,1754,1754,1351,-2296,0,0
2019-08-19,1328,1328,1328,1328,1754,-2296,0,0
2019-08-20,-825,-825,-825,-825,1754,-2296,0,0
2019-08-21,1142,1142,1142,1142,1754,-2296,0,0
2019-08-22,-595,-595,-595,-595,1754,-2296,0,0
2019-08-23,-2072,-2072,-2072,-2072,1754,-2296,0,0
2019-08-26,958,958,958,958,1754,-2296,0,0
2019-08-27,-1313,-1313,-1313,-1313,1754,-2296,0,0
2019-08-28,1137,1137,1137,1137,1754,-2296,0,0
2019-08-29,1363,1363,1363,1363,1754,-2296,0,0
2019-08-30,98,98,98,98,1754,-2296,0,0
2019-09-03,-1292,-1292,-1292,-1292,1754,-2296,0,0
2019-09-04,1071,1071,1071,1071,1754,-2072,0,0
2019-09-05,1415,1415,1415,1415,1754,-2072,0,0
2019-09-06,-201,-201,-201,-201,1754,-2072,0,0
2019-09-09,655,655,655,655,1754,-2072,0,0
2019-09-10,886,886,886,886,1754,-2072,0,0
2019-09-11,1512,1512,1512,1512,1754,-2072,0,0
2019-09-12,258,258,258,258,1754,-2072,0,0
2019-09-13,339,339,339,339,1754,-2072,0,0
2019-09-16,128,128,128,128,1754,-2072,0,0
2019-09-17,-326,-326,-326,-326,1512,-2072,0,0
2019-09-18,-550,-550,-550,-550,1512,-2072,0,0
2019-09-19,-250,-250,-250,-250,1512,-2072,0,0
2019-09-20,-36,-36,-36,-36,1512,-2072,0,0
2019-09-23,-300,-300,-300,-300,1512,-2072,0,0
2019-09-24,-1729,-1729,-1729,-1729,1512,-1313,0,0
2019-09-25,552,552,552,552,1512,-1729,0,0
2019-09-26,-1084,-1084,-1084,-1084,1512,-1729,0,0
2019-09-27,-893,-893,-893,-893,1512,-1729,0,0
2019-09-30,370,370,370,370,1512,-1729,0,0
2019-10-01,-1530,-1530,-1530,-1530,1512,-1729,0,0
2019-10-02,-1432,-1432,-1432,-1432,1512,-1729,0,0
2019-10-03,696,696,696,696,1512,-1729,0,0
2019-10-04,1054,1054,1054,1054,1512,-1729,0,0
2019-10-07,-447,-447,-447,-447,1512,-1729,0,0
2019-10-08,-1732,-1732,-1732,-1732,1512,-1729,0,0
2019-10-09,639,639,639,639,1512,-1732,0,0
2019-10-10,424,424,424,424,1054,-1732,0,0
2019-10-11,1557,1557,1557,1557,1054,-1732,0,0
2019-10-14,-572,-572,-572,-572,1557,-1732,0,0
2019-10-15,1334,1334,1334,1334,1557,-1732,0,0
2019-10-16,136,136,136,136,1557,-1732,0,0
2019-10-17,902,902,902,902,1557,-1732,0,0
2019-10-18,-408,-408,-408,-408,1557,-1732,0,0
2019-10-21,1029,1029,1029,1029,1557,-1732,0,0
2019-10-22,-142,-142,-142,-142,1557,-1732,0,0
2019-10-23,300,300,300,300,1557,-1732,0,0
2019-10-24,-247,-247,-247,-247,1557,-1732,0,0
2019-10-25,704,704,704,704,1557,-1732,0,0
2019-10-28,826,826,826,826,1557,-1732,0,0
2019-10-29,15,15,15,15,1557,-1732,0,0
2019-10-30,83,83,83,83,1557,-1732,0,0
2019-10-31,-807,-807,-807,-807,1557,-1732,0,0
2019-11-01,1643,1643,1643,1643,1557,-1732,0,0
2019-11-04,656,656,656,656,1643,-1732,0,0
2019-11-05,156,156,156,156,1643,-1732,0,0
2019-11-06,-787,-787,-787,-787,1643,-807,0,0
2019-11-07,40,40,40,40,1643,-807,0,0
2019-11-08,286,286,286,286,1643,-807,0,0
2019-11-11,-233,-233,-233,-233,1643,-807,0,0
2019-11-12,41,41,41,41,1643,-807,0,0
2019-11-13,-566,-566,-566,-566,1643,-807,0,0
2019-11-14,-183,-183,-183,-183,1643,-807,0,0
2019-11-15,638,638,638,638,1643,-807,0,0
2019-11-18,-349,-349,-349,-349,1643,-807,0,0
2019-11-19,551,551,551,551,1643,-807,0,0
2019-11-20,-666,-666,-666,-666,1643,-807,0,0
2019-11-21,-431,-431,-431,-431,1643,-807,0,0
2019-11-22,492,492,492,492,1643,-807,0,0
2019-11-25,1672,1672,1672,1672,1643,-807,0,0
2019-11-26,-72,-72,-72,-72,1672,-807,0,0
2019-11-27,989,989,989,989,1672,-807,0,0
2019-11-29,-429,-429,-429,-429,1672,-807,0,0
2019-12-02,-1292,-1292,-1292,-1292,1672,-787,0,0
2019-12-03,-755,-755,-755,-755,1672,-1292,0,0
2019-12-04,754,754,754,754,1672,-1292,0,0
2019-12-05,-54,-54,-54,-54,1672,-1292,0,0
2019-12-06,1310,1310,1310,1310,1672,-1292,0,0
2019-12-09,-398,-398,-398,-398,1672,-1292,0,0
2019-12-10,144,144,144,144,1672,-1292,0,0
2019-12-11,369,369,369,369,1672,-1292,0,0
2019-12-12,835,835,835,835,1672,-1292,0,0
2019-12-13,-1,-1,-1,-1,1672,-1292,0,0
2019-12-16,832,832,832,832,1672,-1292,0,0
2019-12-17,373,373,373,373,1672,-1292,0,0
2019-12-18,66,66,66,66,1672,-1292,0,0
2019-12-19,544,544,544,544,1672,-1292,0,0
2019-12-20,495,495,495,495,1672,-1292,0,0
2019-12-23,143,143,143,143,1672,-1292,0,0
2019-12-24,640,640,640,640,1672,-1292,0,0
2019-12-26,324,324,324,324,1310,-1292,0,0
2019-12-27,-686,-686,-686,-686,1310,-1292,0,0
2019-12-30,-503,-503,-503,-503,1310,-1292,0,0
2019-12-31,753,753,753,753,1310,-1292,0,0
2020-01-02,572,572,572,572,1310,-755,0,0
2020-01-03,-874,-874,-874,-874,1310,-686,0,0
2020-01-06,194,194,194,194,1310,-874,0,0
2020-01-07,-226,-226,-226,-226,1310,-874,0,0
2020-01-08,554,554,554,554,835,-874,0,0
2020-01-09,571,571,571,571,835,-874,0,0
2020-01-10,-335,-335,-335,-335,835,-874,0,0
2020-01-13,882,882,882,882,835,-874,0,0
2020-01-14,34,34,34,34,882,-874,0,0
2020-01-15,395,395,395,395,882,-874,0,0
2020-01-16,1576,1576,1576,1576,882,-874,0,0
2020-01-17,-344,-344,-344,-344,1576,-874,0,0
2020-01-21,-681,-681,-681,-681,1576,-874,0,0
2020-01-22,-32,-32,-32,-32,1576,-874,0,0
2020-01-23,-336,-336,-336,-336,1576,-874,0,0
2020-01-24,-1475,-1475,-1475,-1475,1576,-874,0,0
2020-01-27,-1646,-1646,-1646,-1646,1576,-1475,0,0
2020-01-28,1147,1147,1147,1147,1576,-1646,0,0
2020-01-29,-716,-716,-716,-716,1576,-1646,0,0
2020-01-30,-556,-556,-556,-556,1576,-1646,0,0
2020-01-31,-1664,-1664,-1664,-1664,1576,-1646,0,0
2020-02-03,942,942,942,942,1576,-1664,0,0
2020-02-04,1282,1282,1282,1282,1576,-1664,0,0
2020-02-05,1210,1210,1210,1210,1576,-1664,0,0
2020-02-06,-233,-233,-233,-233,1576,-1664,0,0
2020-02-07,-1217,-1217,-1217,-1217,1576,-1664,0,0
2020-02-10,712,712,712,712,1576,-1664,0,0
2020-02-11,762,762,762,762,1576,-1664,0,0
2020-02-12,656,656,656,656,1576,-1664,0,0
2020-02-13,150,150,150,150,1576,-1664,0,0
2020-02-14,-283,-283,-283,-283,1576,-1664,0,0
2020-02-18,-282,-282,-282,-282,1282,-1664,0,0
2020-02-19,650,650,650,650,1282,-1664,0,0
2020-02-20,281,281,281,281,1282,-1664,0,0
2020-02-21,-1138,-1138,-1138,-1138,1282,-1664,0,0
2020-02-24,-2320,-2320,-2320,-2320,1282,-1664,0,0
2020-02-25,-2264,-2264,-2264,-2264,1282,-2320,0,0
2020-02-26,-854,-854,-854,-854,1282,-2320,0,0
2020-02-27,-2231,-2231,-2231,-2231,1282,-2320,0,0
2020-02-28,-816,-816,-816,-816,1282,-2320,0,0
2020-03-02,1419,1419,1419,1419,1282,-2320,0,0
2020-03-03,-1227,-1227,-1227,-1227,1419,-2320,0,0
2020-03-04,1782,1782,1782,1782,1419,-2320,0,0
2020-03-05,-2057,-2057,-2057,-2057,1782,-2320,0,0
2020-03-06,-1824,-1824,-1824,-1824,1782,-2320,0,0
2020-03-09,-2944,-2944,-2944,-2944,1782,-2320,0,0
2020-03-10,1101,1101,1101,1101,1782,-2944,0,0
2020-03-11,-2507,-2507,-2507,-2507,1782,-2944,0,0
2020-03-12,-2989,-2989,-2989,-2989,1782,-2944,0,0
2020-03-13,1600,1600,1600,1600,1782,-2989,0,0
2020-03-16,-2754,-2754,-2754,-2754,1782,-2989,0,0
2020-03-17,1114,1114,1114,1114,1782,-2989,0,0
2020-03-18,-2654,-2654,-2654,-2654,1782,-2989,0,0
2020-03-19,1701,1701,1701,1701,1782,-2989,0,0
2020-03-20,-653,-653,-653,-653,1782,-2989,0,0
2020-03-23,-679,-679,-679,-679,1782,-2989,0,0
2020-03-24,2375,2375,2375,2375,1782,-2989,0,0
2020-03-25,1062,1062,1062,1062,2375,-2989,0,0
2020-03-26,2169,2169,2169,2169,2375,-2989,0,0
2020-03-27,-1619,-1619,-1619,-1619,2375,-2989,0,0
2020-03-30,828,828,828,828,2375,-2989,0,0
2020-03-31,-25,-25,-25,-25,2375,-2989,0,0
2020-04-01,-2345,-2345,-2345,-2345,2375,-2989,0,0
2020-04-02,414,414,414,414,2375,-2989,0,0
2020-04-03,-1346,-1346,-1346,-1346,2375,-2989,0,0
2020-04-06,2199,2199,2199,2199,2375,-2989,0,0
2020-04-07,394,394,394,394,2375,-2989,0,0
2020-04-08,2185,2185,2185,2185,2375,-2989,0,0
2020-04-09,1795,1795,1795,1795,2375,-2989,0,0
2020-04-13,-686,-686,-686,-686,2375,-2754,0,0
2020-04-14,1361,1361,1361,1361,2375,-2754,0,0
2020-04-15,-1716,-1716,-1716,-1716,2375,-2654,0,0
2020-04-16,-189,-189,-189,-189,2375,-2654,0,0
2020-04-17,1945,1945,1945,1945,2375,-2345,0,0
2020-04-20,-731,-731,-731,-731,2375,-2345,0,0
2020-04-21,-1558,-1558,-1558,-1558,2375,-2345,0,0
2020-04-22,1120,1120,1120,1120,2375,-2345,0,0
2020-04-23,660,660,660,660,2199,-2345,0,0
2020-04-24,974,974,974,974,2199,-2345,0,0
2020-04-27,1886,1886,1886,1886,2199,-2345,0,0
2020-04-28,569,569,569,569,2199,-2345,0,0
2020-04-29,2050,2050,2050,2050,2199,-2345,0,0
2020-04-30,-1455,-1455,-1455,-1455,2199,-2345,0,0
2020-05-01,-2070,-2070,-2070,-2070,2199,-1716,0,0
2020-05-04,202,202,202,202,2199,-2070,0,0
2020-05-05,259,259,259,259,2199,-2070,0,0
2020-05-06,-534,-534,-534,-534,2185,-2070,0,0
2020-05-07,1255,1255,1255,1255,2185,-2070,0,0
2020-05-08,1678,1678,1678,1678,2050,-2070,0,0
2020-05-11,-347,-347,-347,-347,2050,-2070,0,0
2020-05-12,-1389,-1389,-1389,-1389,2050,-2070,0,0
2020-05-13,-1961,-1961,-1961,-1961,2050,-2070,0,0
2020-05-14,-3,-3,-3,-3,2050,-2070,0,0
2020-05-15,750,750,750,750,2050,-2070,0,0
2020-05-18,2081,2081,2081,2081,2050,-2070,0,0
2020-05-19,-823,-823,-823,-823,2081,-2070,0,0
2020-05-20,1845,1845,1845,1845,2081,-2070,0,0
2020-05-21,-525,-525,-525,-525,2081,-2070,0,0
2020-05-22,498,498,498,498,2081,-2070,0,0
2020-05-26,1357,1357,1357,1357,2081,-2070,0,0
2020-05-27,1130,1130,1130,1130,2081,-2070,0,0
2020-05-28,-990,-990,-990,-990,2081,-2070,0,0
2020-05-29,110,110,110,110,2081,-2070,0,0
2020-06-01,664,664,664,664,2081,-2070,0,0
2020-06-02,778,778,778,778,2081,-1961,0,0
2020-06-03,1194,1194,1194,1194,2081,-1961,0,0
2020-06-04,135,135,135,135,2081,-1961,0,0
2020-06-05,1675,1675,1675,1675,2081,-1961,0,0
2020-06-08,1587,1587,1587,1587,2081,-1961,0,0
2020-06-09,-987,-987,-987,-987,2081,-1961,0,0
2020-06-10,-939,-939,-939,-939,2081,-1961,0,0
2020-06-11,-2866,-2866,-2866,-2866,2081,-1961,0,0
2020-06-12,1646,1646,1646,1646,2081,-2866,0,0
2020-06-15,1479,1479,1479,1479,2081,-2866,0,0
2020-06-16,1612,1612,1612,1612,2081,-2866,0,0
2020-06-17,-792,-792,-792,-792,1845,-2866,0,0
2020-06-18,-45,-45,-45,-45,1845,-2866,0,0
2020-06-19,-266,-266,-266,-266,1675,-2866,0,0
2020-06-22,382,382,382,382,1675,-2866,0,0
2020-06-23,276,276,276,276,1675,-2866,0,0
2020-06-24,-2118,-2118,-2118,-2118,1675,-2866,0,0
2020-06-25,1181,1181,1181,1181,1675,-2866,0,0
2020-06-26,-1837,-1837,-1837,-1837,1675,-2866,0,0
2020-06-29,1118,1118,1118,1118,1675,-2866,0,0
2020-06-30,1141,1141,1141,1141,1675,-2866,0,0
2020-07-01,-331,-331,-331,-331,1675,-2866,0,0
2020-07-02,476,476,476,476,1675,-2866,0,0
2020-07-06,1015,1015,1015,1015,1675,-2866,0,0
2020-07-07,-1526,-1526,-1526,-1526,1646,-2866,0,0
2020-07-08,497,497,497,497,1646,-2866,0,0
2020-07-09,-1098,-1098,-1098,-1098,1646,-2866,0,0
2020-07-10,808,808,808,808,1646,-2866,0,0
2020-07-13,-1250,-1250,-1250,-1250,1646,-2118,0,0
2020-07-14,798,798,798,798,1612,-2118,0,0
2020-07-15,1948,1948,1948,1948,1612,-2118,0,0
2020-07-16,-587,-587,-587,-587,1948,-2118,0,0
2020-07-17,593,593,593,593,1948,-2118,0,0
2020-07-20,166,166,166,166,1948,-2118,0,0
2020-07-21,859,859,859,859,1948,-2118,0,0
2020-07-22,-315,-315,-315,-315,1948,-2118,0,0
2020-07-23,-700,-700,-700,-700,1948,-2118,0,0
2020-07-24,-1456,-1456,-1456,-1456,1948,-1837,0,0
2020-07-27,556,556,556,556,1948,-1837,0,0
2020-07-28,-1041,-1041,-1041,-1041,1948,-1526,0,0
2020-07-29,1099,1099,1099,1099,1948,-1526,0,0
2020-07-30,-357,-357,-357,-357,1948,-1526,0,0
2020-07-31,-975,-975,-975,-975,1948,-1526,0,0
2020-08-03,1362,1362,1362,1362,1948,-1526,0,0
2020-08-04,615,615,615,615,1948,-1526,0,0
2020-08-05,1036,1036,1036,1036,1948,-1456,0,0
2020-08-06,-312,-312,-312,-312,1948,-1456,0,0
2020-08-07,554,554,554,554,1948,-1456,0,0
2020-08-10,711,711,711,711,1948,-1456,0,0
2020-08-11,-646,-646,-646,-646,1948,-1456,0,0
2020-08-12,390,390,390,390,1948,-1456,0,0
2020-08-13,-322,-322,-322,-322,1362,-1456,0,0
2020-08-14,-207,-207,-207,-207,1362,-1456,0,0
2020-08-17,395,395,395,395,1362,-1456,0,0
2020-08-18,-830,-830,-830,-830,1362,-1456,0,0
2020-08-19,-249,-249,-249,-249,1362,-1456,0,0
2020-08-20,-696,-696,-696,-696,1362,-1456,0,0
2020-08-21,-1072,-1072,-1072,-1072,1362,-1456,0,0
2020-08-24,367,367,367,367,1362,-1072,0,0
2020-08-25,625,625,625,625,1362,-1072,0,0
2020-08-26,-500,-500,-500,-500,1362,-1072,0,0
2020-08-27,-204,-204,-204,-204,1362,-1072,0,0
2020-08-28,1025,1025,1025,1025,1362,-1072,0,0
2020-08-31,-881,-881,-881,-881,1362,-1072,0,0
2020-09-01,250,250,250,250,1036,-1072,0,0
2020-09-02,615,615,615,615,1036,-1072,0,0
2020-09-03,-1709,-1709,-1709,-1709,1025,-1072,0,0
2020-09-04,-741,-741,-741,-741,1025,-1709,0,0
2020-09-08,-1139,-1139,-1139,-1139,1025,-1709,0,0
2020-09-09,1203,1203,1203,1203,1025,-1709,0,0
2020-09-10,-998,-998,-998,-998,1203,-1709,0,0
2020-09-11,-488,-488,-488,-488,1203,-1709,0,0
2020-09-14,1873,1873,1873,1873,1203,-1709,0,0
2020-09-15,298,298,298,298,1873,-1709,0,0
2020-09-16,677,677,677,677,1873,-1709,0,0
2020-09-17,-388,-388,-388,-388,1873,-1709,0,0
2020-09-18,-77,-77,-77,-77,1873,-1709,0,0
2020-09-21,-1996,-1996,-1996,-1996,1873,-1709,0,0
2020-09-22,26,26,26,26,1873,-1996,0,0
2020-09-23,-2219,-2219,-2219,-2219,1873,-1996,0,0
2020-09-24,-534,-534,-534,-534,1873,-2219,0,0
2020-09-25,1453,1453,1453,1453,1873,-2219,0,0
2020-09-28,1708,1708,1708,1708,1873,-2219,0,0
2020-09-29,-153,-153,-153,-153,1873,-2219,0,0
2020-09-30,-107,-107,-107,-107,1873,-2219,0,0
2020-10-01,1049,1049,1049,1049,1873,-2219,0,0
2020-10-02,-149,-149,-149,-149,1873,-2219,0,0
2020-10-05,1692,1692,1692,1692,1873,-2219,0,0
2020-10-06,-640,-640,-640,-640,1873,-2219,0,0
2020-10-07,1722,1722,1722,1722,1873,-2219,0,0
2020-10-08,1183,1183,1183,1183,1873,-2219,0,0
2020-10-09,489,489,489,489,1873,-2219,0,0
2020-10-12,638,638,638,638,1873,-2219,0,0
2020-10-13,-699,-699,-699,-699,1722,-2219,0,0
2020-10-14,-1061,-1061,-1061,-1061,1722,-2219,0,0
2020-10-15,312,312,312,312,1722,-2219,0,0
2020-10-16,-157,-157,-157,-157,1722,-2219,0,0
2020-10-19,-1171,-1171,-1171,-1171,1722,-2219,0,0
2020-10-20,261,261,261,261,1722,-2219,0,0
2020-10-21,-819,-819,-819,-819,1722,-2219,0,0
2020-10-22,922,922,922,922,1722,-1171,0,0
2020-10-23,793,793,793,793,1722,-1171,0,0
2020-10-26,-2107,-2107,-2107,-2107,1722,-1171,0,0
2020-10-27,-800,-800,-800,-800,1722,-2107,0,0
2020-10-28,-2447,-2447,-2447,-2447,1722,-2107,0,0
2020-10-29,988,988,988,988,1722,-2447,0,0
2020-10-30,-1451,-1451,-1451,-1451,1722,-2447,0,0
2020-11-02,1153,1153,1153,1153,1722,-2447,0,0
2020-11-03,1979,1979,1979,1979,1722,-2447,0,0
2020-11-04,248,248,248,248,1979,-2447,0,0
2020-11-05,1774,1774,1774,1774,1979,-2447,0,0
2020-11-06,-752,-752,-752,-752,1979,-2447,0,0
2020-11-09,1135,1135,1135,1135,1979,-2447,0,0
2020-11-10,684,684,684,684,1979,-2447,0,0
2020-11-11,448,448,448,448,1979,-2447,0,0
2020-11-12,-1172,-1172,-1172,-1172,1979,-2447,0,0
2020-11-13,1667,1667,1667,1667,1979,-2447,0,0
2020-11-16,1402,1402,1402,1402,1979,-2447,0,0
2020-11-17,108,108,108,108,1979,-2447,0,0
2020-11-18,-769,-769,-769,-769,1979,-2447,0,0
2020-11-19,983,983,983,983,1979,-2447,0,0
2020-11-20,170,170,170,170,1979,-2447,0,0
2020-11-23,1124,1124,1124,1124,1979,-2447,0,0
2020-11-24,1268,1268,1268,1268,1979,-2447,0,0
2020-11-25,-39,-39,-39,-39,1979,-2447,0,0
2020-11-27,1052,1052,1052,1052,1979,-1451,0,0
2020-11-30,-918,-918,-918,-918,1979,-1451,0,0
2020-12-01,579,579,579,579,1979,-1172,0,0
2020-12-02,346,346,346,346,1979,-1172,0,0
2020-12-03,764,764,764,764,1774,-1172,0,0
2020-12-04,1721,1721,1721,1721,1774,-1172,0,0
2020-12-07,-161,-161,-161,-161,1721,-1172,0,0
2020-12-08,996,996,996,996,1721,-1172,0,0
2020-12-09,-1058,-1058,-1058,-1058,1721,-1172,0,0
2020-12-10,835,835,835,835,1721,-1172,0,0
2020-12-11,-671,-671,-671,-671,1721,-1172,0,0
2020-12-14,-1,-1,-1,-1,1721,-1058,0,0
2020-12-15,1454,1454,1454,1454,1721,-1058,0,0
2020-12-16,-124,-124,-124,-124,1721,-1058,0,0
2020-12-17,1298,1298,1298,1298,1721,-1058,0,0
2020-12-18,-301,-301,-301,-301,1721,-1058,0,0
2020-12-21,-416,-416,-416,-416,1721,-1058,0,0
2020-12-22,346,346,346,346,1721,-1058,0,0
2020-12-23,971,971,971,971,1721,-1058,0,0
2020-12-24,-87,-87,-87,-87,1721,-1058,0,0
2020-12-28,167,167,167,167,1721,-1058,0,0
2020-12-29,-1567,-1567,-1567,-1567,1721,-1058,0,0
2020-12-30,1423,1423,1423,1423,1721,-1567,0,0
2020-12-31,-278,-278,-278,-278,1721,-1567,0,0
2021-01-04,-544,-544,-544,-544,1721,-1567,0,0
2021-01-05,1534,1534,1534,1534,1721,-1567,0,0
2021-01-06,881,881,881,881,1534,-1567,0,0
2021-01-07,1814,1814,1814,1814,1534,-1567,0,0
2021-01-08,198,198,198,198,1814,-1567,0,0
2021-01-11,-345,-345,-345,-345,1814,-1567,0,0
2021-01-12,1428,1428,1428,1428,1814,-1567,0,0
2021-01-13,-304,-304,-304,-304,1814,-1567,0,0
2021-01-14,1634,1634,1634,1634,1814,-1567,0,0
2021-01-15,-1408,-1408,-1408,-1408,1814,-1567,0,0
2021-01-19,1295,1295,1295,1295,1814,-1567,0,0
2021-01-20,469,469,469,469,1814,-1567,0,0
2021-01-21,-401,-401,-401,-401,1814,-1567,0,0
2021-01-22,806,806,806,806,1814,-1567,0,0
2021-01-25,-181,-181,-181,-181,1814,-1567,0,0
2021-01-26,-976,-976,-976,-976,1814,-1567,0,0
2021-01-27,-2470,-2470,-2470,-2470,1814,-1567,0,0
2021-01-28,399,399,399,399,1814,-2470,0,0
2021-01-29,-1381,-1381,-1381,-1381,1814,-2470,0,0
2021-02-01,1995,1995,1995,1995,1814,-2470,0,0
2021-02-02,1763,1763,1763,1763,1995,-2470,0,0
2021-02-03,956,956,956,956,1995,-2470,0,0
2021-02-04,1771,1771,1771,1771,1995,-2470,0,0
2021-02-05,1250,1250,1250,1250,1995,-2470,0,0
2021-02-08,2146,2146,2146,2146,1995,-2470,0,0
2021-02-09,740,740,740,740,2146,-2470,0,0
2021-02-10,-377,-377,-377,-377,2146,-2470,0,0
2021-02-11,-393,-393,-393,-393,2146,-2470,0,0
2021-02-12,513,513,513,513,2146,-2470,0,0
2021-02-16,245,245,245,245,2146,-2470,0,0
2021-02-17,-733,-733,-733,-733,2146,-2470,0,0
2021-02-18,-1666,-1666,-1666,-1666,2146,-2470,0,0
2021-02-19,1477,1477,1477,1477,2146,-2470,0,0
2021-02-22,-844,-844,-844,-844,2146,-2470,0,0
2021-02-23,-1509,-1509,-1509,-1509,2146,-2470,0,0
2021-02-24,1575,1575,1575,1575,2146,-2470,0,0
2021-02-25,-2735,-2735,-2735,-2735,2146,-2470,0,0
2021-02-26,-1243,-1243,-1243,-1243,2146,-2735,0,0
2021-03-01,2361,2361,2361,2361,2146,-2735,0,0
2021-03-02,-1696,-1696,-1696,-1696,2361,-2735,0,0
2021-03-03,-1114,-1114,-1114,-1114,2361,-2735,0,0
2021-03-04,-2597,-2597,-2597,-2597,2361,-2735,0,0
2021-03-05,1531,1531,1531,1531,2361,-2735,0,0
2021-03-08,89,89,89,89,2361,-2735,0,0
2021-03-09,1718,1718,1718,1718,2361,-2735,0,0
2021-03-10,1171,1171,1171,1171,2361,-2735,0,0
2021-03-11,2144,2144,2144,2144,2361,-2735,0,0
2021-03-12,431,431,431,431,2361,-2735,0,0
2021-03-15,561,561,561,561,2361,-2735,0,0
2021-03-16,-1560,-1560,-1560,-1560,2361,-2735,0,0
2021-03-17,819,819,819,819,2361,-2735,0,0
2021-03-18,-1962,-1962,-1962,-1962,2361,-2735,0,0
2021-03-19,952,952,952,952,2361,-2735,0,0
2021-03-22,-571,-571,-571,-571,2361,-2735,0,0
2021-03-23,-2742,-2742,-2742,-2742,2361,-2735,0,0
2021-03-24,-1997,-1997,-1997,-1997,2361,-2742,0,0
2021-03-25,1205,1205,1205,1205,2361,-2742,0,0
2021-03-26,1015,1015,1015,1015,2361,-2742,0,0
2021-03-29,-1930,-1930,-1930,-1930,2361,-2742,0,0
2021-03-30,816,816,816,816,2144,-2742,0,0
2021-03-31,899,899,899,899,2144,-2742,0,0
2021-04-01,2041,2041,2041,2041,2144,-2742,0,0
2021-04-05,746,746,746,746,2144,-2742,0,0
2021-04-06,-110,-110,-110,-110,2144,-2742,0,0
2021-04-07,-1406,-1406,-1406,-1406,2144,-2742,0,0
2021-04-08,1404,1404,1404,1404,2144,-2742,0,0
2021-04-09,-398,-398,-398,-398,2144,-2742,0,0
2021-04-12,-1168,-1168,-1168,-1168,2041,-2742,0,0
2021-04-13,-324,-324,-324,-324,2041,-2742,0,0
2021-04-14,453,453,453,453,2041,-2742,0,0
2021-04-15,-73,-73,-73,-73,2041,-2742,0,0
2021-04-16,-385,-385,-385,-385,2041,-2742,0,0
2021-04-19,-1660,-1660,-1660,-1660,2041,-2742,0,0
2021-04-20,-2072,-2072,-2072,-2072,2041,-2742,0,0
2021-04-21,2197,2197,2197,2197,2041,-2742,0,0
2021-04-22,-17,-17,-17,-17,2197,-2072,0,0
2021-04-23,1909,1909,1909,1909,2197,-2072,0,0
2021-04-26,1389,1389,1389,1389,2197,-2072,0,0
2021-04-27,-316,-316,-316,-316,2197,-2072,0,0
2021-04-28,455,455,455,455,2197,-2072,0,0
2021-04-29,-366,-366,-366,-366,2197,-2072,0,0
2021-04-30,-1261,-1261,-1261,-1261,2197,-2072,0,0
2021-05-03,320,320,320,320,2197,-2072,0,0
2021-05-04,-1459,-1459,-1459,-1459,2197,-2072,0,0
2021-05-05,-480,-480,-480,-480,2197,-2072,0,0
2021-05-06,-658,-658,-658,-658,2197,-2072,0,0
2021-05-07,1273,1273,1273,1273,2197,-2072,0,0
2021-05-10,-2021,-2021,-2021,-2021,2197,-2072,0,0
2021-05-11,-803,-803,-803,-803,2197,-2072,0,0
2021-05-12,-1907,-1907,-1907,-1907,2197,-2072,0,0
2021-05-13,85,85,85,85,2197,-2072,0,0
2021-05-14,2413,2413,2413,2413,2197,-2072,0,0
2021-05-17,217,217,217,217,2413,-2072,0,0
2021-05-18,72,72,72,72,2413,-2072,0,0
2021-05-19,-881,-881,-881,-881,2413,-2021,0,0
2021-05-20,1469,1469,1469,1469,2413,-2021,0,0
2021-05-21,640,640,640,640,2413,-2021,0,0
2021-05-24,48,48,48,48,2413,-2021,0,0
2021-05-25,-1154,-1154,-1154,-1154,2413,-2021,0,0
2021-05-26,1966,1966,1966,1966,2413,-2021,0,0
2021-05-27,1342,1342,1342,1342,2413,-2021,0,0
2021-05-28,255,255,255,255,2413,-2021,0,0
2021-06-01,1284,1284,1284,1284,2413,-2021,0,0
2021-06-02,36,36,36,36,2413,-2021,0,0
2021-06-03,-401,-401,-401,-401,2413,-2021,0,0
2021-06-04,721,721,721,721,2413,-2021,0,0
2021-06-07,1292,1292,1292,1292,2413,-2021,0,0
2021-06-08,929,929,929,929,2413,-2021,0,0
2021-06-09,-222,-222,-222,-222,2413,-1907,0,0
2021-06-10,186,186,186,186,2413,-1907,0,0
2021-06-11,1041,1041,1041,1041,2413,-1154,0,0
2021-06-14,-202,-202,-202,-202,2413,-1154,0,0
2021-06-15,-994,-994,-994,-994,1966,-1154,0,0
2021-06-16,-346,-346,-346,-346,1966,-1154,0,0
2021-06-17,-563,-563,-563,-563,1966,-1154,0,0
2021-06-18,-1485,-1485,-1485,-1485,1966,-1154,0,0
2021-06-21,563,563,563,563,1966,-1485,0,0
2021-06-22,208,208,208,208,1966,-1485,0,0
2021-06-23,681,681,681,681,1966,-1485,0,0
2021-06-24,1692,1692,1692,1692,1966,-1485,0,0
2021-06-25,476,476,476,476,1692,-1485,0,0
2021-06-28,-287,-287,-287,-287,1692,-1485,0,0
2021-06-29,-886,-886,-886,-886,1692,-1485,0,0
2021-06-30,-212,-212,-212,-212,1692,-1485,0,0
2021-07-01,247,247,247,247,1692,-1485,0,0
2021-07-02,-875,-875,-875,-875,1692,-1485,0,0
2021-07-06,-1451,-1451,-1451,-1451,1692,-1485,0,0
2021-07-07,-1255,-1255,-1255,-1255,1692,-1485,0,0
2021-07-08,-1131,-1131,-1131,-1131,1692,-1485,0,0
2021-07-09,2212,2212,2212,2212,1692,-1485,0,0
2021-07-12,297,297,297,297,2212,-1485,0,0
2021-07-13,-2127,-2127,-2127,-2127,2212,-1485,0,0
2021-07-14,-1563,-1563,-1563,-1563,2212,-2127,0,0
2021-07-15,-760,-760,-760,-760,2212,-2127,0,0
2021-07-16,-1589,-1589,-1589,-1589,2212,-2127,0,0
2021-07-19,-1690,-1690,-1690,-1690,2212,-2127,0,0
2021-07-20,2136,2136,2136,2136,2212,-2127,0,0
2021-07-21,2120,2120,2120,2120,2212,-2127,0,0
2021-07-22,-1230,-1230,-1230,-1230,2212,-2127,0,0
2021-07-23,-116,-116,-116,-116,2212,-2127,0,0
2021-07-26,-478,-478,-478,-478,2212,-2127,0,0
2021-07-27,-1851,-1851,-1851,-1851,2212,-2127,0,0
2021-07-28,1926,1926,1926,1926,2212,-2127,0,0
2021-07-29,257,257,257,257,2212,-2127,0,0
2021-07-30,-936,-936,-936,-936,2212,-2127,0,0
2021-08-02,65,65,65,65,2212,-2127,0,0
2021-08-03,-116,-116,-116,-116,2212,-2127,0,0
2021-08-04,-1164,-1164,-1164,-1164,2212,-2127,0,0
2021-08-05,1666,1666,1666,1666,2212,-2127,0,0
2021-08-06,196,196,196,196,2212,-2127,0,0
2021-08-09,-211,-211,-211,-211,2136,-2127,0,0
2021-08-10,-178,-178,-178,-178,2136,-2127,0,0
2021-08-11,369,369,369,369,2136,-1851,0,0
2021-08-12,-788,-788,-788,-788,2136,-1851,0,0
2021-08-13,-1189,-1189,-1189,-1189,2136,-1851,0,0
2021-08-16,-1566,-1566,-1566,-1566,2136,-1851,0,0
2021-08-17,-1777,-1777,-1777,-1777,2136,-1851,0,0
2021-08-18,-874,-874,-874,-874,2120,-1851,0,0
2021-08-19,-1782,-1782,-1782,-1782,1926,-1851,0,0
2021-08-20,1583,1583,1583,1583,1926,-1851,0,0
2021-08-23,2059,2059,2059,2059,1926,-1851,0,0
2021-08-24,1241,1241,1241,1241,2059,-1851,0,0
2021-08-25,602,602,602,602,2059,-1782,0,0
2021-08-26,-1101,-1101,-1101,-1101,2059,-1782,0,0
2021-08-27,2188,2188,2188,2188,2059,-1782,0,0
2021-08-30,-380,-380,-380,-380,2188,-1782,0,0
2021-08-31,1004,1004,1004,1004,2188,-1782,0,0
2021-09-01,685,685,685,685,2188,-1782,0,0
2021-09-02,1136,1136,1136,1136,2188,-1782,0,0
2021-09-03,-716,-716,-716,-716,2188,-1782,0,0
2021-09-07,-1033,-1033,-1033,-1033,2188,-1782,0,0
2021-09-08,-1514,-1514,-1514,-1514,2188,-1782,0,0
2021-09-09,291,291,291,291,2188,-1782,0,0
2021-09-10,-1369,-1369,-1369,-1369,2188,-1782,0,0
2021-09-13,72,72,72,72,2188,-1782,0,0
2021-09-14,-1714,-1714,-1714,-1714,2188,-1782,0,0
2021-09-15,1168,1168,1168,1168,2188,-1782,0,0
2021-09-16,158,158,158,158,2188,-1782,0,0
2021-09-17,184,184,184,184,2188,-1782,0,0
2021-09-20,-2424,-2424,-2424,-2424,2188,-1714,0,0
2021-09-21,419,419,419,419,2188,-2424,0,0
2021-09-22,1618,1618,1618,1618,2188,-2424,0,0
2021-09-23,1868,1868,1868,1868,2188,-2424,0,0
2021-09-24,-590,-590,-590,-590,2188,-2424,0,0
2021-09-27,975,975,975,975,2188,-2424,0,0
2021-09-28,-2097,-2097,-2097,-2097,1868,-2424,0,0
2021-09-29,-490,-490,-490,-490,1868,-2424,0,0
2021-09-30,-173,-173,-173,-173,1868,-2424,0,0
2021-10-01,1047,1047,1047,1047,1868,-2424,0,0
2021-10-04,-1520,-1520,-1520,-1520,1868,-2424,0,0
2021-10-05,656,656,656,656,1868,-2424,0,0
2021-10-06,-917,-917,-917,-917,1868,-2424,0,0
2021-10-07,1686,1686,1686,1686,1868,-2424,0,0
2021-10-08,-722,-722,-722,-722,1868,-2424,0,0
2021-10-11,-977,-977,-977,-977,1868,-2424,0,0
2021-10-12,703,703,703,703,1868,-2424,0,0
2021-10-13,651,651,651,651,1868,-2424,0,0
2021-10-14,1322,1322,1322,1322,1868,-2424,0,0
2021-10-15,-598,-598,-598,-598,1868,-2424,0,0
2021-10-18,-399,-399,-399,-399,1868,-2424,0,0
2021-10-19,917,917,917,917,1868,-2097,0,0
2021-10-20,650,650,650,650,1868,-2097,0,0
2021-10-21,-115,-115,-115,-115,1868,-2097,0,0
2021-10-22,-521,-521,-521,-521,1686,-2097,0,0
2021-10-25,1215,1215,1215,1215,1686,-2097,0,0
2021-10-26,-368,-368,-368,-368,1686,-2097,0,0
2021-10-27,-1720,-1720,-1720,-1720,1686,-1520,0,0
2021-10-28,1698,1698,1698,1698,1686,-1720,0,0
2021-10-29,93,93,93,93,1698,-1720,0,0
2021-11-01,2149,2149,2149,2149,1698,-1720,0,0
2021-11-02,31,31,31,31,2149,-1720,0,0
2021-11-03,1487,1487,1487,1487,2149,-1720,0,0
2021-11-04,-404,-404,-404,-404,2149,-1720,0,0
2021-11-05,314,314,314,314,2149,-1720,0,0
2021-11-08,444,444,444,444,2149,-1720,0,0
2021-11-09,-956,-956,-956,-956,2149,-1720,0,0
2021-11-10,-1670,-1670,-1670,-1670,2149,-1720,0,0
2021-11-11,927,927,927,927,2149,-1720,0,0
2021-11-12,311,311,311,311,2149,-1720,0,0
2021-11-15,-426,-426,-426,-426,2149,-1720,0,0
2021-11-16,-404,-404,-404,-404,2149,-1720,0,0
2021-11-17,-1647,-1647,-1647,-1647,2149,-1720,0,0
2021-11-18,-1549,-1549,-1549,-1549,2149,-1720,0,0
2021-11-19,-1128,-1128,-1128,-1128,2149,-1720,0,0
2021-11-22,-1305,-1305,-1305,-1305,2149,-1720,0,0
2021-11-23,-750,-750,-750,-750,2149,-1720,0,0
2021-11-24,916,916,916,916,2149,-1720,0,0
2021-11-26,-2440,-2440,-2440,-2440,2149,-1670,0,0
2021-11-29,-623,-623,-623,-623,2149,-2440,0,0
2021-11-30,-1525,-1525,-1525,-1525,2149,-2440,0,0
2021-12-01,-2277,-2277,-2277,-2277,1487,-2440,0,0
2021-12-02,1216,1216,1216,1216,1487,-2440,0,0
2021-12-03,-2305,-2305,-2305,-2305,1216,-2440,0,0
2021-12-06,1280,1280,1280,1280,1216,-2440,0,0
2021-12-07,2231,2231,2231,2231,1280,-2440,0,0
2021-12-08,1451,1451,1451,1451,2231,-2440,0,0
2021-12-09,-2287,-2287,-2287,-2287,2231,-2440,0,0
2021-12-10,-817,-817,-817,-817,2231,-2440,0,0
2021-12-13,-1862,-1862,-1862,-1862,2231,-2440,0,0
2021-12-14,-1968,-1968,-1968,-1968,2231,-2440,0,0
2021-12-15,1175,1175,1175,1175,2231,-2440,0,0
2021-12-16,-1288,-1288,-1288,-1288,2231,-2440,0,0
2021-12-17,454,454,454,454,2231,-2440,0,0
2021-12-20,-1945,-1945,-1945,-1945,2231,-2440,0,0
2021-12-21,2195,2195,2195,2195,2231,-2440,0,0
2021-12-22,896,896,896,896,2231,-2440,0,0
2021-12-23,1760,1760,1760,1760,2231,-2440,0,0
2021-12-27,90,90,90,90,2231,-2440,0,0
2021-12-28,-1373,-1373,-1373,-1373,2231,-2305,0,0
2021-12-29,-781,-781,-781,-781,2231,-2305,0,0
2021-12-30,851,851,851,851,2231,-2305,0,0
2021-12-31,-409,-409,-409,-409,2231,-2305,0,0
2022-01-03,1850,1850,1850,1850,2231,-2305,0,0
2022-01-04,-740,-740,-740,-740,2231,-2287,0,0
2022-01-05,-2464,-2464,-2464,-2464,2231,-2287,0,0
2022-01-06,-122,-122,-122,-122,2195,-2464,0,0
2022-01-07,-554,-554,-554,-554,2195,-2464,0,0
2022-01-10,-1330,-1330,-1330,-1330,2195,-2464,0,0
2022-01-11,1625,1625,1625,1625,2195,-2464,0,0
2022-01-12,-737,-737,-737,-737,2195,-2464,0,0
2022-01-13,-1449,-1449,-1449,-1449,2195,-2464,0,0
2022-01-14,-402,-402,-402,-402,2195,-2464,0,0
2022-01-18,-2739,-2739,-2739,-2739,2195,-2464,0,0
2022-01-19,-1401,-1401,-1401,-1401,2195,-2739,0,0
2022-01-20,-2114,-2114,-2114,-2114,2195,-2739,0,0
2022-01-21,-2688,-2688,-2688,-2688,1850,-2739,0,0
2022-01-24,499,499,499,499,1850,-2739,0,0
2022-01-25,-620,-620,-620,-620,1850,-2739,0,0
2022-01-26,-1503,-1503,-1503,-1503,1850,-2739,0,0
2022-01-27,-2542,-2542,-2542,-2542,1850,-2739,0,0
2022-01-28,1301,1301,1301,1301,1850,-2739,0,0
2022-01-31,2759,2759,2759,2759,1850,-2739,0,0
2022-02-01,2130,2130,2130,2130,2759,-2739,0,0
2022-02-02,-1373,-1373,-1373,-1373,2759,-2739,0,0
2022-02-03,-2136,-2136,-2136,-2136,2759,-2739,0,0
2022-02-04,1097,1097,1097,1097,2759,-2739,0,0
2022-02-07,797,797,797,797,2759,-2739,0,0
2022-02-08,1055,1055,1055,1055,2759,-2739,0,0
2022-02-09,1618,1618,1618,1618,2759,-2739,0,0
2022-02-10,-1344,-1344,-1344,-1344,2759,-2739,0,0
2022-02-11,-1516,-1516,-1516,-1516,2759,-2739,0,0
2022-02-14,-1532,-1532,-1532,-1532,2759,-2739,0,0
2022-02-15,2363,2363,2363,2363,2759,-2739,0,0
2022-02-16,246,246,246,246,2759,-2688,0,0
2022-02-17,-2222,-2222,-2222,-2222,2759,-2688,0,0
2022-02-18,-1313,-1313,-1313,-1313,2759,-2688,0,0
2022-02-22,-1890,-1890,-1890,-1890,2759,-2542,0,0
2022-02-23,-2025,-2025,-2025,-2025,2759,-2542,0,0
2022-02-24,771,771,771,771,2759,-2542,0,0
2022-02-25,1799,1799,1799,1799,2759,-2542,0,0
2022-02-28,20,20,20,20,2759,-2222,0,0
2022-03-01,-915,-915,-915,-915,2759,-2222,0,0
2022-03-02,1142,1142,1142,1142,2363,-2222,0,0
2022-03-03,-1205,-1205,-1205,-1205,2363,-2222,0,0
2022-03-04,-1717,-1717,-1717,-1717,2363,-2222,0,0
2022-03-07,-1572,-1572,-1572,-1572,2363,-2222,0,0
2022-03-08,-76,-76,-76,-76,2363,-2222,0,0
2022-03-09,2199,2199,2199,2199,2363,-2222,0,0
2022-03-10,-875,-875,-875,-875,2363,-2222,0,0
2022-03-11,-1716,-1716,-1716,-1716,2363,-2222,0,0
2022-03-14,-2039,-2039,-2039,-2039,2363,-2222,0,0
2022-03-15,900,900,900,900,2363,-2222,0,0
2022-03-16,2197,2197,2197,2197,2363,-2222,0,0
2022-03-17,2107,2107,2107,2107,2199,-2222,0,0
2022-03-18,1542,1542,1542,1542,2199,-2222,0,0
2022-03-21,-986,-986,-986,-986,2199,-2039,0,0
2022-03-22,1670,1670,1670,1670,2199,-2039,0,0
2022-03-23,-1225,-1225,-1225,-1225,2199,-2039,0,0
2022-03-24,1315,1315,1315,1315,2199,-2039,0,0
2022-03-25,-648,-648,-648,-648,2199,-2039,0,0
2022-03-28,-201,-201,-201,-201,2199,-2039,0,0
2022-03-29,1955,1955,1955,1955,2199,-2039,0,0
2022-03-30,-1255,-1255,-1255,-1255,2199,-2039,0,0
2022-03-31,-990,-990,-990,-990,2199,-2039,0,0
2022-04-01,815,815,815,815,2199,-2039,0,0
2022-04-04,1080,1080,1080,1080,2199,-2039,0,0
2022-04-05,-1857,-1857,-1857,-1857,2199,-2039,0,0
2022-04-06,-1507,-1507,-1507,-1507,2199,-2039,0,0
2022-04-07,-714,-714,-714,-714,2197,-2039,0,0
2022-04-08,-939,-939,-939,-939,2197,-2039,0,0
2022-04-11,-1369,-1369,-1369,-1369,2197,-2039,0,0
2022-04-12,-573,-573,-573,-573,2197,-1857,0,0
2022-04-13,2021,2021,2021,2021,2197,-1857,0,0
2022-04-14,-1439,-1439,-1439,-1439,2107,-1857,0,0
2022-04-18,-1489,-1489,-1489,-1489,2021,-1857,0,0
2022-04-19,1671,1671,1671,1671,2021,-1857,0,0
2022-04-20,136,136,136,136,2021,-1857,0,0
2022-04-21,-2270,-2270,-2270,-2270,2021,-1857,0,0
2022-04-22,-1955,-1955,-1955,-1955,2021,-2270,0,0
2022-04-25,327,327,327,327,2021,-2270,0,0
2022-04-26,-2376,-2376,-2376,-2376,2021,-2270,0,0
2022-04-27,-704,-704,-704,-704,2021,-2376,0,0
2022-04-28,850,850,850,850,2021,-2376,0,0
2022-04-29,-1662,-1662,-1662,-1662,2021,-2376,0,0
2022-05-02,353,353,353,353,2021,-2376,0,0
2022-05-03,438,438,438,438,2021,-2376,0,0
2022-05-04,1683,1683,1683,1683,2021,-2376,0,0
2022-05-05,-2252,-2252,-2252,-2252,2021,-2376,0,0
2022-05-06,-1628,-1628,-1628,-1628,2021,-2376,0,0
2022-05-09,-2503,-2503,-2503,-2503,2021,-2376,0,0
2022-05-10,-942,-942,-942,-942,2021,-2503,0,0
2022-05-11,-2320,-2320,-2320,-2320,2021,-2503,0,0
2022-05-12,261,261,261,261,2021,-2503,0,0
2022-05-13,1733,1733,1733,1733,1683,-2503,0,0
2022-05-16,-518,-518,-518,-518,1733,-2503,0,0
2022-05-17,2022,2022,2022,2022,1733,-2503,0,0
2022-05-18,-1943,-1943,-1943,-1943,2022,-2503,0,0
2022-05-19,441,441,441,441,2022,-2503,0,0
2022-05-20,-98,-98,-98,-98,2022,-2503,0,0
2022-05-23,680,680,680,680,2022,-2503,0,0
2022-05-24,-1549,-1549,-1549,-1549,2022,-2503,0,0
2022-05-25,1542,1542,1542,1542,2022,-2503,0,0
2022-05-26,1995,1995,1995,1995,2022,-2503,0,0
2022-05-27,2589,2589,2589,2589,2022,-2503,0,0
2022-05-31,-560,-560,-560,-560,2589,-2503,0,0
2022-06-01,-1042,-1042,-1042,-1042,2589,-2503,0,0
2022-06-02,1934,1934,1934,1934,2589,-2503,0,0
2022-06-03,-943,-943,-943,-943,2589,-2503,0,0
2022-06-06,-58,-58,-58,-58,2589,-2503,0,0
2022-06-07,936,936,936,936,2589,-2503,0,0
2022-06-08,-390,-390,-390,-390,2589,-2320,0,0
2022-06-09,-2102,-2102,-2102,-2102,2589,-2320,0,0
2022-06-10,-2095,-2095,-2095,-2095,2589,-2102,0,0
2022-06-13,-2789,-2789,-2789,-2789,2589,-2102,0,0
2022-06-14,-632,-632,-632,-632,2589,-2789,0,0
2022-06-15,1515,1515,1515,1515,2589,-2789,0,0
2022-06-16,-2033,-2033,-2033,-2033,2589,-2789,0,0
2022-06-17,1029,1029,1029,1029,2589,-2789,0,0
2022-06-21,1430,1430,1430,1430,2589,-2789,0,0
2022-06-22,-267,-267,-267,-267,2589,-2789,0,0
2022-06-23,874,874,874,874,2589,-2789,0,0
2022-06-24,981,981,981,981,2589,-2789,0,0
2022-06-27,42,42,42,42,2589,-2789,0,0
2022-06-28,-1704,-1704,-1704,-1704,2589,-2789,0,0
2022-06-29,-1123,-1123,-1123,-1123,1934,-2789,0,0
2022-06-30,-501,-501,-501,-501,1934,-2789,0,0
2022-07-01,932,932,932,932,1934,-2789,0,0
2022-07-05,518,518,518,518,1515,-2789,0,0
2022-07-06,-711,-711,-711,-711,1515,-2789,0,0
2022-07-07,1916,1916,1916,1916,1515,-2789,0,0
2022-07-08,479,479,479,479,1916,-2789,0,0
2022-07-11,-1917,-1917,-1917,-1917,1916,-2789,0,0
2022-07-12,-403,-403,-403,-403,1916,-2789,0,0
2022-07-13,-278,-278,-278,-278,1916,-2789,0,0
2022-07-14,-1304,-1304,-1304,-1304,1916,-2033,0,0
2022-07-15,1495,1495,1495,1495,1916,-2033,0,0
2022-07-18,-109,-109,-109,-109,1916,-2033,0,0
2022-07-19,2098,2098,2098,2098,1916,-1917,0,0
2022-07-20,1361,1361,1361,1361,2098,-1917,0,0
2022-07-21,699,699,699,699,2098,-1917,0,0
2022-07-22,-1618,-1618,-1618,-1618,2098,-1917,0,0
2022-07-25,-55,-55,-55,-55,2098,-1917,0,0
2022-07-26,-1002,-1002,-1002,-1002,2098,-1917,0,0
2022-07-27,1779,1779,1779,1779,2098,-1917,0,0
2022-07-28,907,907,907,907,2098,-1917,0,0
2022-07-29,613,613,613,613,2098,-1917,0,0
2022-08-01,-176,-176,-176,-176,2098,-1917,0,0
2022-08-02,210,210,210,210,2098,-1917,0,0
2022-08-03,1632,1632,1632,1632,2098,-1917,0,0
2022-08-04,783,783,783,783,2098,-1917,0,0
2022-08-05,365,365,365,365,2098,-1917,0,0
2022-08-08,943,943,943,943,2098,-1917,0,0
2022-08-09,-1721,-1721,-1721,-1721,2098,-1618,0,0
2022-08-10,2102,2102,2102,2102,2098,-1721,0,0
2022-08-11,391,391,391,391,2102,-1721,0,0
2022-08-12,1770,1770,1770,1770,2102,-1721,0,0
2022-08-15,483,483,483,483,2102,-1721,0,0
2022-08-16,-488,-488,-488,-488,2102,-1721,0,0
2022-08-17,-1990,-1990,-1990,-1990,2102,-1721,0,0
2022-08-18,259,259,259,259,2102,-1990,0,0
2022-08-19,-2215,-2215,-2215,-2215,2102,-1990,0,0
2022-08-22,-2178,-2178,-2178,-2178,2102,-2215,0,0
2022-08-23,-105,-105,-105,-105,2102,-2215,0,0
2022-08-24,670,670,670,670,2102,-2215,0,0
2022-08-25,1332,1332,1332,1332,2102,-2215,0,0
2022-08-26,-2473,-2473,-2473,-2473,2102,-2215,0,0
2022-08-29,-1517,-1517,-1517,-1517,2102,-2473,0,0
2022-08-30,-1397,-1397,-1397,-1397,2102,-2473,0,0
2022-08-31,-703,-703,-703,-703,2102,-2473,0,0
2022-09-01,-1064,-1064,-1064,-1064,2102,-2473,0,0
2022-09-02,-917,-917,-917,-917,2102,-2473,0,0
2022-09-06,-1386,-1386,-1386,-1386,2102,-2473,0,0
2022-09-07,1582,1582,1582,1582,2102,-2473,0,0
2022-09-08,624,624,624,624,2102,-2473,0,0
2022-09-09,1612,1612,1612,1612,1770,-2473,0,0
2022-09-12,925,925,925,925,1770,-2473,0,0
2022-09-13,-1940,-1940,-1940,-1940,1612,-2473,0,0
2022-09-14,-187,-187,-187,-187,1612,-2473,0,0
2022-09-15,-611,-611,-611,-611,1612,-2473,0,0
2022-09-16,-1429,-1429,-1429,-1429,1612,-2473,0,0
2022-09-19,-479,-479,-479,-479,1612,-2473,0,0
2022-09-20,-1846,-1846,-1846,-1846,1612,-2473,0,0
2022-09-21,-1991,-1991,-1991,-1991,1612,-2473,0,0
2022-09-22,-2508,-2508,-2508,-2508,1612,-2473,0,0
2022-09-23,-1907,-1907,-1907,-1907,1612,-2508,0,0
2022-09-26,-1742,-1742,-1742,-1742,1612,-2508,0,0
2022-09-27,-158,-158,-158,-158,1612,-2508,0,0
2022-09-28,2055,2055,2055,2055,1612,-2508,0,0
2022-09-29,-1900,-1900,-1900,-1900,2055,-2508,0,0
2022-09-30,-604,-604,-604,-604,2055,-2508,0,0
2022-10-03,1557,1557,1557,1557,2055,-2508,0,0
2022-10-04,2083,2083,2083,2083,2055,-2508,0,0
2022-10-05,-1181,-1181,-1181,-1181,2083,-2508,0,0
2022-10-06,-808,-808,-808,-808,2083,-2508,0,0
2022-10-07,-2313,-2313,-2313,-2313,2083,-2508,0,0
2022-10-10,-1193,-1193,-1193,-1193,2083,-2508,0,0
2022-10-11,-917,-917,-917,-917,2083,-2508,0,0
2022-10-12,-359,-359,-359,-359,2083,-2508,0,0
2022-10-13,1273,1273,1273,1273,2083,-2508,0,0
2022-10-14,-1765,-1765,-1765,-1765,2083,-2508,0,0
2022-10-17,1749,1749,1749,1749,2083,-2508,0,0
2022-10-18,1258,1258,1258,1258,2083,-2508,0,0
2022-10-19,-2107,-2107,-2107,-2107,2083,-2508,0,0
2022-10-20,-857,-857,-857,-857,2083,-2508,0,0
2022-10-21,1240,1240,1240,1240,2083,-2313,0,0
2022-10-24,-58,-58,-58,-58,2083,-2313,0,0
2022-10-25,2391,2391,2391,2391,2083,-2313,0,0
2022-10-26,592,592,592,592,2391,-2313,0,0
2022-10-27,-439,-439,-439,-439,2391,-2313,0,0
2022-10-28,1565,1565,1565,1565,2391,-2313,0,0
2022-10-31,-597,-597,-597,-597,2391,-2313,0,0
2022-11-01,314,314,314,314,2391,-2313,0,0
2022-11-02,-2252,-2252,-2252,-2252,2391,-2313,0,0
2022-11-03,-814,-814,-814,-814,2391,-2313,0,0
2022-11-04,691,691,691,691,2391,-2313,0,0
2022-11-07,431,431,431,431,2391,-2252,0,0
2022-11-08,172,172,172,172,2391,-2252,0,0
2022-11-09,-2293,-2293,-2293,-2293,2391,-2252,0,0
2022-11-10,2767,2767,2767,2767,2391,-2293,0,0
2022-11-11,1498,1498,1498,1498,2767,-2293,0,0
2022-11-14,-1020,-1020,-1020,-1020,2767,-2293,0,0
2022-11-15,1425,1425,1425,1425,2767,-2293,0,0
2022-11-16,-1667,-1667,-1667,-1667,2767,-2293,0,0
2022-11-17,-1106,-1106,-1106,-1106,2767,-2293,0,0
2022-11-18,288,288,288,288,2767,-2293,0,0
2022-11-21,-1043,-1043,-1043,-1043,2767,-2293,0,0
2022-11-22,914,914,914,914,2767,-2293,0,0
2022-11-23,1132,1132,1132,1132,2767,-2293,0,0
2022-11-25,721,721,721,721,2767,-2293,0,0
2022-11-28,-2134,-2134,-2134,-2134,2767,-2293,0,0
2022-11-29,-99,-99,-99,-99,2767,-2293,0,0
2022-11-30,2421,2421,2421,2421,2767,-2293,0,0
2022-12-01,302,302,302,302,2767,-2293,0,0
2022-12-02,580,580,580,580,2767,-2293,0,0
2022-12-05,-2227,-2227,-2227,-2227,2767,-2293,0,0
2022-12-06,-1800,-1800,-1800,-1800,2767,-2293,0,0
2022-12-07,-777,-777,-777,-777,2767,-2293,0,0
2022-12-08,658,658,658,658,2767,-2293,0,0
2022-12-09,-1203,-1203,-1203,-1203,2767,-2227,0,0
2022-12-12,654,654,654,654,2421,-2227,0,0
2022-12-13,761,761,761,761,2421,-2227,0,0
2022-12-14,-779,-779,-779,-779,2421,-2227,0,0
2022-12-15,-2118,-2118,-2118,-2118,2421,-2227,0,0
2022-12-16,-1084,-1084,-1084,-1084,2421,-2227,0,0
2022-12-19,-2141,-2141,-2141,-2141,2421,-2227,0,0
2022-12-20,42,42,42,42,2421,-2227,0,0
2022-12-21,1555,1555,1555,1555,2421,-2227,0,0
2022-12-22,-1619,-1619,-1619,-1619,2421,-2227,0,0
2022-12-23,229,229,229,229,2421,-2227,0,0
2022-12-27,-1504,-1504,-1504,-1504,2421,-2227,0,0
2022-12-28,-1549,-1549,-1549,-1549,2421,-2227,0,0
2022-12-29,2838,2838,2838,2838,2421,-2227,0,0
2022-12-30,-164,-164,-164,-164,2838,-2227,0,0
2023-01-03,390,390,390,390,2838,-2227,0,0
2023-01-04,1984,1984,1984,1984,2838,-2227,0,0
2023-01-05,-912,-912,-912,-912,2838,-2141,0,0
2023-01-06,2054,2054,2054,2054,2838,-2141,0,0
2023-01-09,854,854,854,854,2838,-2141,0,0
2023-01-10,1729,1729,1729,1729,2838,-2141,0,0
2023-01-11,1608,1608,1608,1608,2838,-2141,0,0
2023-01-12,1942,1942,1942,1942,2838,-2141,0,0
2023-01-13,1129,1129,1129,1129,2838,-2141,0,0
2023-01-17,83,83,83,83,2838,-2141,0,0
2023-01-18,-1692,-1692,-1692,-1692,2838,-2141,0,0
2023-01-19,-1058,-1058,-1058,-1058,2838,-2141,0,0
2023-01-20,1918,1918,1918,1918,2838,-1692,0,0
2023-01-23,1231,1231,1231,1231,2838,-1692,0,0
2023-01-24,-404,-404,-404,-404,2838,-1692,0,0
2023-01-25,190,190,190,190,2838,-1692,0,0
2023-01-26,824,824,824,824,2838,-1692,0,0
2023-01-27,621,621,621,621,2838,-1692,0,0
2023-01-30,-1810,-1810,-1810,-1810,2838,-1692,0,0
2023-01-31,2345,2345,2345,2345,2054,-1810,0,0
2023-02-01,1616,1616,1616,1616,2345,-1810,0,0
2023-02-02,1914,1914,1914,1914,2345,-1810,0,0
2023-02-03,-1174,-1174,-1174,-1174,2345,-1810,0,0
2023-02-06,-1408,-1408,-1408,-1408,2345,-1810,0,0
2023-02-07,708,708,708,708,2345,-1810,0,0
2023-02-08,-1801,-1801,-1801,-1801,2345,-1810,0,0
2023-02-09,-1720,-1720,-1720,-1720,2345,-1810,0,0
2023-02-10,-577,-577,-577,-577,2345,-1810,0,0
2023-02-13,1047,1047,1047,1047,2345,-1810,0,0
2023-02-14,-347,-347,-347,-347,2345,-1810,0,0
2023-02-15,1065,1065,1065,1065,2345,-1810,0,0
2023-02-16,-1542,-1542,-1542,-1542,2345,-1810,0,0
2023-02-17,176,176,176,176,2345,-1810,0,0
2023-02-21,-2808,-2808,-2808,-2808,2345,-1810,0,0
2023-02-22,-70,-70,-70,-70,2345,-2808,0,0
2023-02-23,601,601,601,601,2345,-2808,0,0
2023-02-24,-2207,-2207,-2207,-2207,2345,-2808,0,0
2023-02-27,604,604,604,604,2345,-2808,0,0
2023-02-28,-22,-22,-22,-22,2345,-2808,0,0
2023-03-01,-466,-466,-466,-466,2345,-2808,0,0
2023-03-02,246,246,246,246,1914,-2808,0,0
2023-03-03,1815,1815,1815,1815,1914,-2808,0,0
2023-03-06,-1389,-1389,-1389,-1389,1815,-2808,0,0
2023-03-07,-1762,-1762,-1762,-1762,1815,-2808,0,0
2023-03-08,-117,-117,-117,-117,1815,-2808,0,0
2023-03-09,-2600,-2600,-2600,-2600,1815,-2808,0,0
2023-03-10,-2786,-2786,-2786,-2786,1815,-2808,0,0
2023-03-13,-1100,-1100,-1100,-1100,1815,-2808,0,0
2023-03-14,1439,1439,1439,1439,1815,-2808,0,0
2023-03-15,-1741,-1741,-1741,-1741,1815,-2808,0,0
2023-03-16,1385,1385,1385,1385,1815,-2808,0,0
2023-03-17,-2059,-2059,-2059,-2059,1815,-2808,0,0
2023-03-20,-65,-65,-65,-65,1815,-2808,0,0
2023-03-21,2011,2011,2011,2011,1815,-2808,0,0
2023-03-22,-1915,-1915,-1915,-1915,2011,-2786,0,0
2023-03-23,-209,-209,-209,-209,2011,-2786,0,0
2023-03-24,646,646,646,646,2011,-2786,0,0
2023-03-27,699,699,699,699,2011,-2786,0,0
2023-03-28,-637,-637,-637,-637,2011,-2786,0,0
2023-03-29,1507,1507,1507,1507,2011,-2786,0,0
2023-03-30,352,352,352,352,2011,-2786,0,0
2023-03-31,1864,1864,1864,1864,2011,-2786,0,0
2023-04-03,-194,-194,-194,-194,2011,-2786,0,0
2023-04-04,-1827,-1827,-1827,-1827,2011,-2786,0,0
2023-04-05,-1432,-1432,-1432,-1432,2011,-2786,0,0
2023-04-06,508,508,508,508,2011,-2786,0,0
2023-04-10,647,647,647,647,2011,-2786,0,0
2023-04-11,760,760,760,760,2011,-2059,0,0
2023-04-12,-1040,-1040,-1040,-1040,2011,-2059,0,0
2023-04-13,1987,1987,1987,1987,2011,-2059,0,0
2023-04-14,-1435,-1435,-1435,-1435,2011,-2059,0,0
2023-04-17,941,941,941,941,2011,-2059,0,0
2023-04-18,-563,-563,-563,-563,2011,-1915,0,0
2023-04-19,-220,-220,-220,-220,2011,-1915,0,0
2023-04-20,-1199,-1199,-1199,-1199,1987,-1915,0,0
2023-04-21,-325,-325,-325,-325,1987,-1827,0,0
2023-04-24,-856,-856,-856,-856,1987,-1827,0,0
2023-04-25,-2479,-2479,-2479,-2479,1987,-1827,0,0
2023-04-26,-814,-814,-814,-814,1987,-2479,0,0
2023-04-27,1210,1210,1210,1210,1987,-2479,0,0
2023-04-28,1217,1217,1217,1217,1987,-2479,0,0
2023-05-01,-297,-297,-297,-297,1987,-2479,0,0
2023-05-02,-1904,-1904,-1904,-1904,1987,-2479,0,0
2023-05-03,-176,-176,-176,-176,1987,-2479,0,0
2023-05-04,-869,-869,-869,-869,1987,-2479,0,0
2023-05-05,2048,2048,2048,2048,1987,-2479,0,0
2023-05-08,-166,-166,-166,-166,2048,-2479,0,0
2023-05-09,-656,-656,-656,-656,2048,-2479,0,0
2023-05-10,672,672,672,672,2048,-2479,0,0
2023-05-11,-1269,-1269,-1269,-1269,2048,-2479,0,0
2023-05-12,-851,-851,-851,-851,2048,-2479,0,0
2023-05-15,1274,1274,1274,1274,2048,-2479,0,0
2023-05-16,-1766,-1766,-1766,-1766,2048,-2479,0,0
2023-05-17,1891,1891,1891,1891,2048,-2479,0,0
2023-05-18,220,220,220,220,2048,-2479,0,0
2023-05-19,-397,-397,-397,-397,2048,-2479,0,0
2023-05-22,1146,1146,1146,1146,2048,-2479,0,0
2023-05-23,-560,-560,-560,-560,2048,-2479,0,0
2023-05-24,-1575,-1575,-1575,-1575,2048,-1904,0,0
2023-05-25,-1631,-1631,-1631,-1631,2048,-1904,0,0
2023-05-26,1231,1231,1231,1231,2048,-1904,0,0
2023-05-30,-423,-423,-423,-423,2048,-1904,0,0
2023-05-31,-885,-885,-885,-885,2048,-1904,0,0
2023-06-01,1521,1521,1521,1521,2048,-1766,0,0
2023-06-02,2107,2107,2107,2107,2048,-1766,0,0
2023-06-05,-1014,-1014,-1014,-1014,2107,-1766,0,0
2023-06-06,1859,1859,1859,1859,2107,-1766,0,0
2023-06-07,390,390,390,390,2107,-1766,0,0
2023-06-08,121,121,121,121,2107,-1766,0,0
2023-06-09,-1298,-1298,-1298,-1298,2107,-1766,0,0
2023-06-12,815,815,815,815,2107,-1766,0,0
2023-06-13,1338,1338,1338,1338,2107,-1766,0,0
2023-06-14,-1032,-1032,-1032,-1032,2107,-1766,0,0
2023-06-15,1426,1426,1426,1426,2107,-1631,0,0
2023-06-16,-899,-899,-899,-899,2107,-1631,0,0
2023-06-20,-1223,-1223,-1223,-1223,2107,-1631,0,0
2023-06-21,-704,-704,-704,-704,2107,-1631,0,0
2023-06-22,-1101,-1101,-1101,-1101,2107,-1631,0,0
2023-06-23,-1476,-1476,-1476,-1476,2107,-1631,0,0
2023-06-26,-213,-213,-213,-213,2107,-1631,0,0
2023-06-27,870,870,870,870,2107,-1476,0,0
2023-06-28,190,190,190,190,2107,-1476,0,0
2023-06-29,851,851,851,851,2107,-1476,0,0
2023-06-30,791,791,791,791,2107,-1476,0,0
2023-07-03,907,907,907,907,2107,-1476,0,0
2023-07-05,-1304,-1304,-1304,-1304,1859,-1476,0,0
2023-07-06,-2306,-2306,-2306,-2306,1859,-1476,0,0
2023-07-07,1324,1324,1324,1324,1426,-2306,0,0
2023-07-10,1467,1467,1467,1467,1426,-2306,0,0
2023-07-11,1219,1219,1219,1219,1467,-2306,0,0
2023-07-12,1278,1278,1278,1278,1467,-2306,0,0
2023-07-13,1328,1328,1328,1328,1467,-2306,0,0
2023-07-14,-1732,-1732,-1732,-1732,1467,-2306,0,0
2023-07-17,1065,1065,1065,1065,1467,-2306,0,0
2023-07-18,925,925,925,925,1467,-2306,0,0
2023-07-19,535,535,535,535,1467,-2306,0,0
2023-07-20,-1325,-1325,-1325,-1325,1467,-2306,0,0
2023-07-21,-336,-336,-336,-336,1467,-2306,0,0
2023-07-24,-180,-180,-180,-180,1467,-2306,0,0
2023-07-25,-454,-454,-454,-454,1467,-2306,0,0
2023-07-26,972,972,972,972,1467,-2306,0,0
2023-07-27,-1925,-1925,-1925,-1925,1467,-2306,0,0
2023-07-28,1965,1965,1965,1965,1467,-2306,0,0
2023-07-31,1086,1086,1086,1086,1965,-2306,0,0
2023-08-01,-1063,-1063,-1063,-1063,1965,-2306,0,0
2023-08-02,-1814,-1814,-1814,-1814,1965,-2306,0,0
2023-08-03,-502,-502,-502,-502,1965,-2306,0,0
2023-08-04,-388,-388,-388,-388,1965,-1925,0,0
2023-08-07,-176,-176,-176,-176,1965,-1925,0,0
2023-08-08,-920,-920,-920,-920,1965,-1925,0,0
2023-08-09,-1094,-1094,-1094,-1094,1965,-1925,0,0
2023-08-10,-253,-253,-253,-253,1965,-1925,0,0
2023-08-11,-533,-533,-533,-533,1965,-1925,0,0
2023-08-14,-740,-740,-740,-740,1965,-1925,0,0
2023-08-15,-1927,-1927,-1927,-1927,1965,-1925,0,0
2023-08-16,-1843,-1843,-1843,-1843,1965,-1927,0,0
2023-08-17,-1571,-1571,-1571,-1571,1965,-1927,0,0
2023-08-18,298,298,298,298,1965,-1927,0,0
2023-08-21,-256,-256,-256,-256,1965,-1927,0,0
2023-08-22,-734,-734,-734,-734,1965,-1927,0,0
2023-08-23,1463,1463,1463,1463,1965,-1927,0,0
2023-08-24,-1807,-1807,-1807,-1807,1965,-1927,0,0
2023-08-25,261,261,261,261,1965,-1927,0,0
2023-08-28,905,905,905,905,1463,-1927,0,0
2023-08-29,1782,1782,1782,1782,1463,-1927,0,0
2023-08-30,341,341,341,341,1782,-1927,0,0
2023-08-31,-483,-483,-483,-483,1782,-1927,0,0
2023-09-01,1100,1100,1100,1100,1782,-1927,0,0
2023-09-05,-1679,-1679,-1679,-1679,1782,-1927,0,0
2023-09-06,-1398,-1398,-1398,-1398,1782,-1927,0,0
2023-09-07,-1345,-1345,-1345,-1345,1782,-1927,0,0
2023-09-08,-411,-411,-411,-411,1782,-1927,0,0
2023-09-11,171,171,171,171,1782,-1927,0,0
2023-09-12,-414,-414,-414,-414,1782,-1927,0,0
2023-09-13,-1023,-1023,-1023,-1023,1782,-1927,0,0
2023-09-14,1458,1458,1458,1458,1782,-1843,0,0
2023-09-15,-1300,-1300,-1300,-1300,1782,-1807,0,0
2023-09-18,-1131,-1131,-1131,-1131,1782,-1807,0,0
2023-09-19,-808,-808,-808,-808,1782,-1807,0,0
2023-09-20,-1398,-1398,-1398,-1398,1782,-1807,0,0
2023-09-21,-1961,-1961,-1961,-1961,1782,-1807,0,0
2023-09-22,-579,-579,-579,-579,1782,-1961,0,0
2023-09-25,-325,-325,-325,-325,1782,-1961,0,0
2023-09-26,-1595,-1595,-1595,-1595,1782,-1961,0,0
2023-09-27,322,322,322,322,1782,-1961,0,0
2023-09-28,855,855,855,855,1458,-1961,0,0
2023-09-29,160,160,160,160,1458,-1961,0,0
2023-10-02,-1725,-1725,-1725,-1725,1458,-1961,0,0
2023-10-03,-2436,-2436,-2436,-2436,1458,-1961,0,0
2023-10-04,476,476,476,476,1458,-2436,0,0
2023-10-05,-63,-63,-63,-63,1458,-2436,0,0
2023-10-06,1046,1046,1046,1046,1458,-2436,0,0
2023-10-09,-214,-214,-214,-214,1458,-2436,0,0
2023-10-10,1446,1446,1446,1446,1458,-2436,0,0
2023-10-11,-310,-310,-310,-310,1458,-2436,0,0
2023-10-12,-1953,-1953,-1953,-1953,1458,-2436,0,0
2023-10-13,-1088,-1088,-1088,-1088,1446,-2436,0,0
2023-10-16,1281,1281,1281,1281,1446,-2436,0,0
2023-10-17,630,630,630,630,1446,-2436,0,0
2023-10-18,-2178,-2178,-2178,-2178,1446,-2436,0,0
2023-10-19,-2188,-2188,-2188,-2188,1446,-2436,0,0
2023-10-20,-1548,-1548,-1548,-1548,1446,-2436,0,0
2023-10-23,-1389,-1389,-1389,-1389,1446,-2436,0,0
2023-10-24,978,978,978,978,1446,-2436,0,0
2023-10-25,-1755,-1755,-1755,-1755,1446,-2436,0,0
2023-10-26,-329,-329,-329,-329,1446,-2436,0,0
2023-10-27,-1549,-1549,-1549,-1549,1446,-2436,0,0
2023-10-30,1036,1036,1036,1036,1446,-2436,0,0
2023-10-31,907,907,907,907,1446,-2436,0,0
2023-11-01,287,287,287,287,1446,-2188,0,0
2023-11-02,2230,2230,2230,2230,1446,-2188,0,0
2023-11-03,2378,2378,2378,2378,2230,-2188,0,0
2023-11-06,-1171,-1171,-1171,-1171,2378,-2188,0,0
2023-11-07,-187,-187,-187,-187,2378,-2188,0,0
2023-11-08,-914,-914,-914,-914,2378,-2188,0,0
2023-11-09,-1981,-1981,-1981,-1981,2378,-2188,0,0
2023-11-10,715,715,715,715,2378,-2188,0,0
2023-11-13,85,85,85,85,2378,-2188,0,0
2023-11-14,2284,2284,2284,2284,2378,-2188,0,0
2023-11-15,497,497,497,497,2378,-2188,0,0
2023-11-16,-1310,-1310,-1310,-1310,2378,-2188,0,0
2023-11-17,1456,1456,1456,1456,2378,-1981,0,0
2023-11-20,928,928,928,928,2378,-1981,0,0
2023-11-21,-1691,-1691,-1691,-1691,2378,-1981,0,0
2023-11-22,994,994,994,994,2378,-1981,0,0
2023-11-24,1525,1525,1525,1525,2378,-1981,0,0
2023-11-27,-1059,-1059,-1059,-1059,2378,-1981,0,0
2023-11-28,-145,-145,-145,-145,2378,-1981,0,0
2023-11-29,822,822,822,822,2378,-1981,0,0
2023-11-30,62,62,62,62,2378,-1981,0,0
2023-12-01,2212,2212,2212,2212,2378,-1981,0,0
2023-12-04,362,362,362,362,2378,-1981,0,0
2023-12-05,-1372,-1372,-1372,-1372,2284,-1981,0,0
2023-12-06,-134,-134,-134,-134,2284,-1981,0,0
2023-12-07,969,969,969,969,2284,-1981,0,0
2023-12-08,491,491,491,491,2284,-1981,0,0
2023-12-11,-469,-469,-469,-469,2284,-1691,0,0
2023-12-12,-523,-523,-523,-523,2284,-1691,0,0
2023-12-13,2229,2229,2229,2229,2284,-1691,0,0
2023-12-14,1714,1714,1714,1714,2229,-1691,0,0
2023-12-15,-811,-811,-811,-811,2229,-1691,0,0
2023-12-18,-342,-342,-342,-342,2229,-1691,0,0
2023-12-19,2022,2022,2022,2022,2229,-1691,0,0
2023-12-20,-1701,-1701,-1701,-1701,2229,-1691,0,0
2023-12-21,1978,1978,1978,1978,2229,-1701,0,0
2023-12-22,1268,1268,1268,1268,2229,-1701,0,0
2023-12-26,1520,1520,1520,1520,2229,-1701,0,0
2023-12-27,717,717,717,717,2229,-1701,0,0
2023-12-28,-187,-187,-187,-187,2229,-1701,0,0
2023-12-29,-1846,-1846,-1846,-1846,2229,-1701,0,0
2024-01-02,-533,-533,-533,-533,2229,-1846,0,0
2024-01-03,-1954,-1954,-1954,-1954,2229,-1846,0,0
2024-01-04,-175,-175,-175,-175,2229,-1954,0,0
2024-01-05,-596,-596,-596,-596,2229,-1954,0,0
2024-01-08,1695,1695,1695,1695,2229,-1954,0,0
2024-01-09,-1186,-1186,-1186,-1186,2229,-1954,0,0
2024-01-10,-23,-23,-23,-23,2229,-1954,0,0
2024-01-11,-1234,-1234,-1234,-1234,2229,-1954,0,0
2024-01-12,-165,-165,-165,-165,2229,-1954,0,0
2024-01-16,-1932,-1932,-1932,-1932,2022,-1954,0,0
2024-01-17,-1480,-1480,-1480,-1480,2022,-1954,0,0
2024-01-18,141,141,141,141,2022,-1954,0,0
2024-01-19,1014,1014,1014,1014,2022,-1954,0,0
2024-01-22,1595,1595,1595,1595,1978,-1954,0,0
2024-01-23,-79,-79,-79,-79,1978,-1954,0,0
2024-01-24,-507,-507,-507,-507,1695,-1954,0,0
2024-01-25,754,754,754,754,1695,-1954,0,0
2024-01-26,175,175,175,175,1695,-1954,0,0
2024-01-29,1613,1613,1613,1613,1695,-1954,0,0
2024-01-30,-1225,-1225,-1225,-1225,1695,-1954,0,0
2024-01-31,-1975,-1975,-1975,-1975,1695,-1954,0,0
2024-02-01,1324,1324,1324,1324,1695,-1975,0,0
2024-02-02,-1066,-1066,-1066,-1066,1695,-1975,0,0
2024-02-05,-1939,-1939,-1939,-1939,1695,-1975,0,0
2024-02-06,1201,1201,1201,1201,1695,-1975,0,0
2024-02-07,-658,-658,-658,-658,1613,-1975,0,0
2024-02-08,950,950,950,950,1613,-1975,0,0
2024-02-09,1619,1619,1619,1619,1613,-1975,0,0
2024-02-12,1301,1301,1301,1301,1619,-1975,0,0
2024-02-13,-2744,-2744,-2744,-2744,1619,-1975,0,0
2024-02-14,2326,2326,2326,2326,1619,-2744,0,0
2024-02-15,1766,1766,1766,1766,2326,-2744,0,0
2024-02-16,-1023,-1023,-1023,-1023,2326,-2744,0,0
2024-02-20,-1108,-1108,-1108,-1108,2326,-2744,0,0
2024-02-21,-1089,-1089,-1089,-1089,2326,-2744,0,0
2024-02-22,317,317,317,317,2326,-2744,0,0
2024-02-23,515,515,515,515,2326,-2744,0,0
2024-02-26,348,348,348,348,2326,-2744,0,0
2024-02-27,828,828,828,828,2326,-2744,0,0
2024-02-28,-1076,-1076,-1076,-1076,2326,-2744,0,0
2024-02-29,852,852,852,852,2326,-2744,0,0
2024-03-01,969,969,969,969,2326,-2744,0,0
2024-03-04,-769,-769,-769,-769,2326,-2744,0,0
2024-03-05,-1156,-1156,-1156,-1156,2326,-2744,0,0
2024-03-06,872,872,872,872,2326,-2744,0,0
2024-03-07,863,863,863,863,2326,-2744,0,0
2024-03-08,-61,-61,-61,-61,2326,-2744,0,0
2024-03-11,-822,-822,-822,-822,2326,-2744,0,0
2024-03-12,-300,-300,-300,-300,2326,-2744,0,0
2024-03-13,-35,-35,-35,-35,2326,-2744,0,0
2024-03-14,-2086,-2086,-2086,-2086,2326,-1156,0,0
2024-03-15,232,232,232,232,1766,-2086,0,0
2024-03-18,-455,-455,-455,-455,969,-2086,0,0
2024-03-19,647,647,647,647,969,-2086,0,0
2024-03-20,2050,2050,2050,2050,969,-2086,0,0
2024-03-21,664,664,664,664,2050,-2086,0,0
2024-03-22,-1098,-1098,-1098,-1098,2050,-2086,0,0
2024-03-25,-627,-627,-627,-627,2050,-2086,0,0
2024-03-26,-632,-632,-632,-632,2050,-2086,0,0
2024-03-27,1902,1902,1902,1902,2050,-2086,0,0
2024-03-28,671,671,671,671,2050,-2086,0,0
2024-04-01,-1008,-1008,-1008,-1008,2050,-2086,0,0
2024-04-02,-1875,-1875,-1875,-1875,2050,-2086,0,0
2024-04-03,421,421,421,421,2050,-2086,0,0
2024-04-04,-997,-997,-997,-997,2050,-2086,0,0
2024-04-05,257,257,257,257,2050,-2086,0,0
2024-04-08,532,532,532,532,2050,-2086,0,0
2024-04-09,569,569,569,569,2050,-2086,0,0
2024-04-10,-2319,-2319,-2319,-2319,2050,-2086,0,0
2024-04-11,478,478,478,478,2050,-2319,0,0
2024-04-12,-2297,-2297,-2297,-2297,2050,-2319,0,0
2024-04-15,-2393,-2393,-2393,-2393,2050,-2319,0,0
2024-04-16,-1118,-1118,-1118,-1118,2050,-2393,0,0
2024-04-17,-971,-971,-971,-971,2050,-2393,0,0
2024-04-18,-285,-285,-285,-285,2050,-2393,0,0
2024-04-19,116,116,116,116,1902,-2393,0,0
2024-04-22,1142,1142,1142,1142,1902,-2393,0,0
2024-04-23,1908,1908,1908,1908,1902,-2393,0,0
2024-04-24,-553,-553,-553,-553,1908,-2393,0,0
2024-04-25,-1195,-1195,-1195,-1195,1908,-2393,0,0
2024-04-26,1108,1108,1108,1108,1908,-2393,0,0
2024-04-29,1045,1045,1045,1045,1908,-2393,0,0
2024-04-30,-1834,-1834,-1834,-1834,1908,-2393,0,0
2024-05-01,665,665,665,665,1908,-2393,0,0
2024-05-02,1605,1605,1605,1605,1908,-2393,0,0
2024-05-03,1351,1351,1351,1351,1908,-2393,0,0
2024-05-06,1131,1131,1131,1131,1908,-2393,0,0
2024-05-07,-139,-139,-139,-139,1908,-2393,0,0
2024-05-08,-377,-377,-377,-377,1908,-2393,0,0
2024-05-09,970,970,970,970,1908,-2393,0,0
2024-05-10,-953,-953,-953,-953,1908,-2393,0,0
2024-05-13,325,325,325,325,1908,-2393,0,0
2024-05-14,1301,1301,1301,1301,1908,-1834,0,0
2024-05-15,880,880,880,880,1908,-1834,0,0
2024-05-16,-229,-229,-229,-229,1908,-1834,0,0
2024-05-17,-185,-185,-185,-185,1908,-1834,0,0
2024-05-20,73,73,73,73,1908,-1834,0,0
2024-05-21,-662,-662,-662,-662,1908,-1834,0,0
2024-05-22,-808,-808,-808,-808,1605,-1834,0,0
2024-05-23,-2322,-2322,-2322,-2322,1605,-1834,0,0
2024-05-24,1330,1330,1330,1330,1605,-2322,0,0
2024-05-28,-652,-652,-652,-652,1605,-2322,0,0
2024-05-29,-2002,-2002,-2002,-2002,1605,-2322,0,0
2024-05-30,710,710,710,710,1605,-2322,0,0
2024-05-31,831,831,831,831,1605,-2322,0,0
2024-06-03,22,22,22,22,1351,-2322,0,0
2024-06-04,-1238,-1238,-1238,-1238,1330,-2322,0,0
2024-06-05,1230,1230,1230,1230,1330,-2322,0,0
2024-06-06,-759,-759,-759,-759,1330,-2322,0,0
2024-06-07,-1827,-1827,-1827,-1827,1330,-2322,0,0
2024-06-10,-24,-24,-24,-24,1330,-2322,0,0
2024-06-11,-326,-326,-326,-326,1330,-2322,0,0
2024-06-12,1134,1134,1134,1134,1330,-2322,0,0
2024-06-13,-1279,-1279,-1279,-1279,1330,-2322,0,0
2024-06-14,-1771,-1771,-1771,-1771,1330,-2322,0,0
2024-06-17,-1722,-1722,-1722,-1722,1330,-2322,0,0
2024-06-18,-551,-551,-551,-551,1330,-2322,0,0
2024-06-20,-549,-549,-549,-549,1330,-2322,0,0
2024-06-21,93,93,93,93,1330,-2322,0,0
2024-06-24,410,410,410,410,1330,-2322,0,0
2024-06-25,-963,-963,-963,-963,1330,-2002,0,0
2024-06-26,-306,-306,-306,-306,1230,-2002,0,0
2024-06-27,1101,1101,1101,1101,1230,-2002,0,0
2024-06-28,337,337,337,337,1230,-1827,0,0
2024-07-01,-937,-937,-937,-937,1230,-1827,0,0
2024-07-02,93,93,93,93,1230,-1827,0,0
2024-07-03,661,661,661,661,1230,-1827,0,0
2024-07-05,-100,-100,-100,-100,1230,-1827,0,0
2024-07-08,495,495,495,495,1134,-1827,0,0
2024-07-09,-472,-472,-472,-472,1134,-1827,0,0
2024-07-10,1181,1181,1181,1181,1134,-1771,0,0
2024-07-11,2169,2169,2169,2169,1181,-1771,0,0
2024-07-12,1852,1852,1852,1852,2169,-1771,0,0
2024-07-15,878,878,878,878,2169,-1771,0,0
2024-07-16,2319,2319,2319,2319,2169,-1771,0,0
2024-07-17,-1012,-1012,-1012,-1012,2319,-1722,0,0
2024-07-18,-2338,-2338,-2338,-2338,2319,-1012,0,0
2024-07-19,-1261,-1261,-1261,-1261,2319,-2338,0,0
2024-07-22,1744,1744,1744,1744,2319,-2338,0,0
2024-07-23,396,396,396,396,2319,-2338,0,0
2024-07-24,-2091,-2091,-2091,-2091,2319,-2338,0,0
2024-07-25,713,713,713,713,2319,-2338,0,0
2024-07-26,1914,1914,1914,1914,2319,-2338,0,0
2024-07-29,-1296,-1296,-1296,-1296,2319,-2338,0,0
2024-07-30,-439,-439,-439,-439,2319,-2338,0,0
2024-07-31,1015,1015,1015,1015,2319,-2338,0,0
2024-08-01,-2177,-2177,-2177,-2177,2319,-2338,0,0
2024-08-02,-2698,-2698,-2698,-2698,2319,-2338,0,0
2024-08-05,-2999,-2999,-2999,-2999,2319,-2698,0,0
2024-08-06,1232,1232,1232,1232,2319,-2999,0,0
2024-08-07,-1385,-1385,-1385,-1385,2319,-2999,0,0
2024-08-08,1888,1888,1888,1888,2319,-2999,0,0
2024-08-09,-215,-215,-215,-215,2319,-2999,0,0
2024-08-12,-851,-851,-851,-851,2319,-2999,0,0
2024-08-13,1916,1916,1916,1916,2319,-2999,0,0
2024-08-14,-606,-606,-606,-606,1916,-2999,0,0
2024-08-15,1891,1891,1891,1891,1916,-2999,0,0
2024-08-16,892,892,892,892,1916,-2999,0,0
2024-08-19,1863,1863,1863,1863,1916,-2999,0,0
2024-08-20,-1161,-1161,-1161,-1161,1916,-2999,0,0
2024-08-21,1705,1705,1705,1705,1916,-2999,0,0
2024-08-22,-1485,-1485,-1485,-1485,1916,-2999,0,0
2024-08-23,2418,2418,2418,2418,1916,-2999,0,0
2024-08-26,-380,-380,-380,-380,2418,-2999,0,0
2024-08-27,-775,-775,-775,-775,2418,-2999,0,0
2024-08-28,-1626,-1626,-1626,-1626,2418,-2999,0,0
2024-08-29,969,969,969,969,2418,-2999,0,0
2024-08-30,884,884,884,884,2418,-2999,0,0
2024-09-03,-2319,-2319,-2319,-2319,2418,-2999,0,0
2024-09-04,-381,-381,-381,-381,2418,-2319,0,0
2024-09-05,-513,-513,-513,-513,2418,-2319,0,0
2024-09-06,-2003,-2003,-2003,-2003,2418,-2319,0,0
2024-09-09,893,893,893,893,2418,-2319,0,0
2024-09-10,119,119,119,119,2418,-2319,0,0
2024-09-11,289,289,289,289,2418,-2319,0,0
2024-09-12,1066,1066,1066,1066,2418,-2319,0,0
2024-09-13,2253,2253,2253,2253,2418,-2319,0,0
2024-09-16,304,304,304,304,2418,-2319,0,0
2024-09-17,538,538,538,538,2418,-2319,0,0
2024-09-18,-522,-522,-522,-522,2418,-2319,0,0
2024-09-19,2092,2092,2092,2092,2418,-2319,0,0
2024-09-20,-1273,-1273,-1273,-1273,2418,-2319,0,0
2024-09-23,-609,-609,-609,-609,2418,-2319,0,0
2024-09-24,444,444,444,444,2253,-2319,0,0
2024-09-25,-1413,-1413,-1413,-1413,2253,-2319,0,0
2024-09-26,1210,1210,1210,1210,2253,-2319,0,0
2024-09-27,891,891,891,891,2253,-2319,0,0
2024-09-30,-82,-82,-82,-82,2253,-2319,0,0
2024-10-01,-1650,-1650,-1650,-1650,2253,-2319,0,0
2024-10-02,-180,-180,-180,-180,2253,-2003,0,0
2024-10-03,-1407,-1407,-1407,-1407,2253,-2003,0,0
2024-10-04,1637,1637,1637,1637,2253,-2003,0,0
2024-10-07,-1609,-1609,-1609,-1609,2253,-1650,0,0
2024-10-08,-198,-198,-198,-198,2253,-1650,0,0
2024-10-09,75,75,75,75,2253,-1650,0,0
2024-10-10,-806,-806,-806,-806,2253,-1650,0,0
2024-10-11,1897,1897,1897,1897,2253,-1650,0,0
2024-10-14,597,597,597,597,2092,-1650,0,0
2024-10-15,-14,-14,-14,-14,2092,-1650,0,0
2024-10-16,1951,1951,1951,1951,2092,-1650,0,0
2024-10-17,-442,-442,-442,-442,2092,-1650,0,0
2024-10-18,689,689,689,689,1951,-1650,0,0
2024-10-21,-1598,-1598,-1598,-1598,1951,-1650,0,0
2024-10-22,-390,-390,-390,-390,1951,-1650,0,0
2024-10-23,-1783,-1783,-1783,-1783,1951,-1650,0,0
2024-10-24,148,148,148,148,1951,-1783,0,0
2024-10-25,-342,-342,-342,-342,1951,-1783,0,0
2024-10-28,1512,1512,1512,1512,1951,-1783,0,0
2024-10-29,-304,-304,-304,-304,1951,-1783,0,0
2024-10-30,-829,-829,-829,-829,1951,-1783,0,0
2024-10-31,-1962,-1962,-1962,-1962,1951,-1783,0,0
2024-11-01,357,357,357,357,1951,-1962,0,0
2024-11-04,78,78,78,78,1951,-1962,0,0
2024-11-05,1821,1821,1821,1821,1951,-1962,0,0
2024-11-06,1191,1191,1191,1191,1951,-1962,0,0
2024-11-07,309,309,309,309,1951,-1962,0,0
2024-11-08,506,506,506,506,1951,-1962,0,0
2024-11-11,604,604,604,604,1951,-1962,0,0
2024-11-12,-1609,-1609,-1609,-1609,1951,-1962,0,0
2024-11-13,-1274,-1274,-1274,-1274,1951,-1962,0,0
2024-11-14,-1500,-1500,-1500,-1500,1821,-1962,0,0
2024-11-15,-1739,-1739,-1739,-1739,1821,-1962,0,0
2024-11-18,-53,-53,-53,-53,1821,-1962,0,0
2024-11-19,549,549,549,549,1821,-1962,0,0
2024-11-20,-143,-143,-143,-143,1821,-1962,0,0
2024-11-21,1373,1373,1373,1373,1821,-1962,0,0
2024-11-22,1678,1678,1678,1678,1821,-1962,0,0
2024-11-25,1528,1528,1528,1528,1821,-1962,0,0
2024-11-26,-766,-766,-766,-766,1821,-1962,0,0
2024-11-27,431,431,431,431,1821,-1962,0,0
2024-11-29,1372,1372,1372,1372,1821,-1962,0,0
2024-12-02,195,195,195,195,1821,-1739,0,0
2024-12-03,-1014,-1014,-1014,-1014,1821,-1739,0,0
2024-12-04,542,542,542,542,1821,-1739,0,0
2024-12-05,-1331,-1331,-1331,-1331,1678,-1739,0,0
2024-12-06,947,947,947,947,1678,-1739,0,0
2024-12-09,-194,-194,-194,-194,1678,-1739,0,0
2024-12-10,-923,-923,-923,-923,1678,-1739,0,0
2024-12-11,210,210,210,210,1678,-1739,0,0
2024-12-12,-1867,-1867,-1867,-1867,1678,-1739,0,0
2024-12-13,-1239,-1239,-1239,-1239,1678,-1867,0,0
2024-12-16,76,76,76,76,1678,-1867,0,0
2024-12-17,-1246,-1246,-1246,-1246,1678,-1867,0,0
2024-12-18,-2968,-2968,-2968,-2968,1678,-1867,0,0
2024-12-19,-629,-629,-629,-629,1678,-2968,0,0
2024-12-20,1489,1489,1489,1489,1678,-2968,0,0
2024-12-23,-242,-242,-242,-242,1678,-2968,0,0
2024-12-24,1545,1545,1545,1545,1528,-2968,0,0
2024-12-26,1525,1525,1525,1525,1545,-2968,0,0
2024-12-27,-1856,-1856,-1856,-1856,1545,-2968,0,0
2024-12-30,-1190,-1190,-1190,-1190,1545,-2968,0,0
2024-12-31,-397,-397,-397,-397,1545,-2968,0,0
2025-01-02,524,524,524,524,1545,-2968,0,0
2025-01-03,2064,2064,2064,2064,1545,-2968,0,0
2025-01-06,190,190,190,190,2064,-2968,0,0
2025-01-07,-1496,-1496,-1496,-1496,2064,-2968,0,0
2025-01-08,-1334,-1334,-1334,-1334,2064,-2968,0,0
2025-01-10,-2255,-2255,-2255,-2255,2064,-2968,0,0
2025-01-13,-635,-635,-635,-635,2064,-2968,0,0
2025-01-14,770,770,770,770,2064,-2968,0,0
2025-01-15,2329,2329,2329,2329,2064,-2968,0,0
2025-01-16,122,122,122,122,2329,-2968,0,0
2025-01-17,1083,1083,1083,1083,2329,-2968,0,0
2025-01-21,1772,1772,1772,1772,2329,-2968,0,0
2025-01-22,-807,-807,-807,-807,2329,-2255,0,0
2025-01-23,713,713,713,713,2329,-2255,0,0
2025-01-24,87,87,87,87,2329,-2255,0,0
2025-01-27,-756,-756,-756,-756,2329,-2255,0,0
2025-01-28,-10,-10,-10,-10,2329,-2255,0,0
2025-01-29,-639,-639,-639,-639,2329,-2255,0,0
2025-01-30,1378,1378,1378,1378,2329,-2255,0,0
2025-01-31,-1275,-1275,-1275,-1275,2329,-2255,0,0
2025-02-03,-1556,-1556,-1556,-1556,2329,-2255,0,0
2025-02-04,1502,1502,1502,1502,2329,-2255,0,0
2025-02-05,1409,1409,1409,1409,2329,-2255,0,0
2025-02-06,-322,-322,-322,-322,2329,-2255,0,0
2025-02-07,-1815,-1815,-1815,-1815,2329,-2255,0,0
2025-02-10,448,448,448,448,2329,-2255,0,0
2025-02-11,-751,-751,-751,-751,2329,-1815,0,0
2025-02-12,-675,-675,-675,-675,2329,-1815,0,0
2025-02-13,1878,1878,1878,1878,2329,-1815,0,0
2025-02-14,383,383,383,383,1878,-1815,0,0
2025-02-18,169,169,169,169,1878,-1815,0,0
2025-02-19,-431,-431,-431,-431,1878,-1815,0,0
2025-02-20,-1094,-1094,-1094,-1094,1878,-1815,0,0
2025-02-21,-2099,-2099,-2099,-2099,1878,-1815,0,0
2025-02-24,-1279,-1279,-1279,-1279,1878,-2099,0,0
2025-02-25,-973,-973,-973,-973,1878,-2099,0,0
2025-02-26,637,637,637,637,1878,-2099,0,0
2025-02-27,-1930,-1930,-1930,-1930,1878,-2099,0,0
2025-02-28,1001,1001,1001,1001,1878,-2099,0,0
2025-03-03,-2468,-2468,-2468,-2468,1878,-2099,0,0
2025-03-04,-880,-880,-880,-880,1878,-2468,0,0
2025-03-05,1492,1492,1492,1492,1878,-2468,0,0
2025-03-06,-1481,-1481,-1481,-1481,1878,-2468,0,0
2025-03-07,465,465,465,465,1878,-2468,0,0
2025-03-10,-2767,-2767,-2767,-2767,1878,-2468,0,0
2025-03-11,-163,-163,-163,-163,1878,-2767,0,0
2025-03-12,758,758,758,758,1878,-2767,0,0
2025-03-13,-1905,-1905,-1905,-1905,1878,-2767,0,0
2025-03-14,2103,2103,2103,2103,1878,-2767,0,0
2025-03-17,1732,1732,1732,1732,2103,-2767,0,0
2025-03-18,-1274,-1274,-1274,-1274,2103,-2767,0,0
2025-03-19,1682,1682,1682,1682,2103,-2767,0,0
2025-03-20,-1059,-1059,-1059,-1059,2103,-2767,0,0
2025-03-21,-623,-623,-623,-623,2103,-2767,0,0
2025-03-24,1532,1532,1532,1532,2103,-2767,0,0
2025-03-25,-965,-965,-965,-965,2103,-2767,0,0
2025-03-26,-1639,-1639,-1639,-1639,2103,-2767,0,0
2025-03-27,-299,-299,-299,-299,2103,-2767,0,0
2025-03-28,-2642,-2642,-2642,-2642,2103,-2767,0,0
2025-03-31,-1099,-1099,-1099,-1099,2103,-2767,0,0
2025-04-01,150,150,150,150,2103,-2767,0,0
2025-04-02,91,91,91,91,2103,-2767,0,0
2025-04-03,-2984,-2984,-2984,-2984,2103,-2767,0,0
2025-04-04,-2965,-2965,-2965,-2965,2103,-2984,0,0
2025-04-07,-1375,-1375,-1375,-1375,2103,-2984,0,0
2025-04-08,-2390,-2390,-2390,-2390,2103,-2984,0,0
2025-04-09,2954,2954,2954,2954,2103,-2984,0,0
2025-04-10,-2667,-2667,-2667,-2667,2954,-2984,0,0
2025-04-11,1461,1461,1461,1461,2954,-2984,0,0
2025-04-14,1908,1908,1908,1908,2954,-2984,0,0
2025-04-15,242,242,242,242,2954,-2984,0,0
2025-04-16,-1395,-1395,-1395,-1395,2954,-2984,0,0
2025-04-17,1457,1457,1457,1457,2954,-2984,0,0
2025-04-21,-1929,-1929,-1929,-1929,2954,-2984,0,0
2025-04-22,2745,2745,2745,2745,2954,-2984,0,0
2025-04-23,2073,2073,2073,2073,2954,-2984,0,0
2025-04-24,2350,2350,2350,2350,2954,-2984,0,0
2025-04-25,373,373,373,373,2954,-2984,0,0
2025-04-28,449,449,449,449,2954,-2984,0,0
2025-04-29,826,826,826,826,2954,-2984,0,0
2025-04-30,-430,-430,-430,-430,2954,-2984,0,0
2025-05-01,359,359,359,359,2954,-2984,0,0
2025-05-02,2031,2031,2031,2031,2954,-2984,0,0
2025-05-05,-1309,-1309,-1309,-1309,2954,-2965,0,0
2025-05-06,-1109,-1109,-1109,-1109,2954,-2667,0,0
2025-05-07,370,370,370,370,2954,-2667,0,0
2025-05-08,1471,1471,1471,1471,2954,-2667,0,0
2025-05-09,-186,-186,-186,-186,2745,-2667,0,0
2025-05-12,2069,2069,2069,2069,2745,-1929,0,0
2025-05-13,687,687,687,687,2745,-1929,0,0
2025-05-14,-1211,-1211,-1211,-1211,2745,-1929,0,0
2025-05-15,640,640,640,640,2745,-1929,0,0
2025-05-16,956,956,956,956,2745,-1929,0,0
2025-05-19,10,10,10,10,2745,-1929,0,0
2025-05-20,-117,-117,-117,-117,2745,-1309,0,0
2025-05-21,-2663,-2663,-2663,-2663,2350,-1309,0,0
2025-05-22,116,116,116,116,2350,-2663,0,0
2025-05-23,-860,-860,-860,-860,2069,-2663,0,0
2025-05-27,1900,1900,1900,1900,2069,-2663,0,0
2025-05-28,-1367,-1367,-1367,-1367,2069,-2663,0,0
2025-05-29,834,834,834,834,2069,-2663,0,0
2025-05-30,-917,-917,-917,-917,2069,-2663,0,0
2025-06-02,321,321,321,321,2069,-2663,0,0
2025-06-03,1474,1474,1474,1474,2069,-2663,0,0
2025-06-04,409,409,409,409,2069,-2663,0,0
2025-06-05,-827,-827,-827,-827,2069,-2663,0,0
2025-06-06,1843,1843,1843,1843,2069,-2663,0,0
2025-06-09,1032,1032,1032,1032,2069,-2663,0,0
2025-06-10,892,892,892,892,2069,-2663,0,0
2025-06-11,-616,-616,-616,-616,1900,-2663,0,0
2025-06-12,-335,-335,-335,-335,1900,-2663,0,0
2025-06-13,-2657,-2657,-2657,-2657,1900,-2663,0,0
2025-06-16,1416,1416,1416,1416,1900,-2663,0,0
2025-06-17,-1745,-1745,-1745,-1745,1900,-2663,0,0
2025-06-18,796,796,796,796,1900,-2663,0,0
2025-06-20,-684,-684,-684,-684,1900,-2663,0,0
2025-06-23,760,760,760,760,1900,-2657,0,0
2025-06-24,2307,2307,2307,2307,1900,-2657,0,0
2025-06-25,-1217,-1217,-1217,-1217,2307,-2657,0,0
2025-06-26,1658,1658,1658,1658,2307,-2657,0,0
2025-06-27,-140,-140,-140,-140,2307,-2657,0,0
2025-06-30,764,764,764,764,2307,-2657,0,0
2025-07-01,459,459,459,459,2307,-2657,0,0
2025-07-02,1521,1521,1521,1521,2307,-2657,0,0
2025-07-03,1478,1478,1478,1478,2307,-2657,0,0
2025-07-07,-2039,-2039,-2039,-2039,2307,-2657,0,0
2025-07-08,1118,1118,1118,1118,2307,-2657,0,0
2025-07-09,1264,1264,1264,1264,2307,-2657,0,0
2025-07-10,692,692,692,692,2307,-2657,0,0
2025-07-11,-2013,-2013,-2013,-2013,2307,-2657,0,0
2025-07-14,717,717,717,717,2307,-2657,0,0
2025-07-15,-2084,-2084,-2084,-2084,2307,-2657,0,0
2025-07-16,1465,1465,1465,1465,2307,-2084,0,0
2025-07-17,1683,1683,1683,1683,2307,-2084,0,0
2025-07-18,-700,-700,-700,-700,2307,-2084,0,0
2025-07-21,519,519,519,519,2307,-2084,0,0
2025-07-22,1073,1073,1073,1073,2307,-2084,0,0
2025-07-23,1707,1707,1707,1707,2307,-2084,0,0
2025-07-24,-1403,-1403,-1403,-1403,1707,-2084,0,0
2025-07-25,28,28,28,28,1707,-2084,0,0
2025-07-28,-882,-882,-882,-882,1707,-2084,0,0
2025-07-29,-1489,-1489,-1489,-1489,1707,-2084,0,0
2025-07-30,-1395,-1395,-1395,-1395,1707,-2084,0,0
2025-07-31,-1325,-1325,-1325,-1325,1707,-2084,0,0
2025-08-01,-2068,-2068,-2068,-2068,1707,-2084,0,0
2025-08-04,2313,2313,2313,2313,1707,-2084,0,0
2025-08-05,-115,-115,-115,-115,2313,-2084,0,0
2025-08-06,-173,-173,-173,-173,2313,-2084,0,0
2025-08-07,-544,-544,-544,-544,2313,-2084,0,0
2025-08-08,272,272,272,272,2313,-2084,0,0
2025-08-11,-416,-416,-416,-416,2313,-2084,0,0
2025-08-12,2050,2050,2050,2050,2313,-2084,0,0
2025-08-13,1948,1948,1948,1948,2313,-2068,0,0
2025-08-14,-1549,-1549,-1549,-1549,2313,-2068,0,0
2025-08-15,-680,-680,-680,-680,2313,-2068,0,0
2025-08-18,566,566,566,566,2313,-2068,0,0
2025-08-19,-1243,-1243,-1243,-1243,2313,-2068,0,0
2025-08-20,-215,-215,-215,-215,2313,-2068,0,0
2025-08-21,-285,-285,-285,-285,2313,-2068,0,0
2025-08-22,2983,2983,2983,2983,2313,-2068,0,0
2025-08-25,-1639,-1639,-1639,-1639,2983,-2068,0,0
2025-08-26,877,877,877,877,2983,-2068,0,0
2025-08-27,369,369,369,369,2983,-2068,0,0
2025-08-28,311,311,311,311,2983,-2068,0,0
2025-08-29,-1010,-1010,-1010,-1010,2983,-2068,0,0
2025-09-02,-1395,-1395,-1395,-1395,2983,-1639,0,0
2025-09-03,-178,-178,-178,-178,2983,-1639,0,0
2025-09-04,783,783,783,783,2983,-1639,0,0
2025-09-05,711,711,711,711,2983,-1639,0,0
2025-09-08,680,680,680,680,2983,-1639,0,0
2025-09-09,-258,-258,-258,-258,2983,-1639,0,0
2025-09-10,-423,-423,-423,-423,2983,-1639,0,0
2025-09-11,2227,2227,2227,2227,2983,-1639,0,0
2025-09-12,-1226,-1226,-1226,-1226,2983,-1639,0,0
2025-09-15,416,416,416,416,2983,-1639,0,0
2025-09-16,57,57,57,57,2983,-1639,0,0
2025-09-17,-107,-107,-107,-107,2983,-1639,0,0
2025-09-18,1946,1946,1946,1946,2983,-1639,0,0
2025-09-19,-743,-743,-743,-743,2983,-1639,0,0
2025-09-22,618,618,618,618,2983,-1639,0,0
2025-09-23,-967,-967,-967,-967,2227,-1639,0,0
2025-09-24,-564,-564,-564,-564,2227,-1395,0,0
2025-09-25,-2253,-2253,-2253,-2253,2227,-1395,0,0
2025-09-26,1202,1202,1202,1202,2227,-2253,0,0
2025-09-29,434,434,434,434,2227,-2253,0,0
2025-09-30,-170,-170,-170,-170,2227,-2253,0,0
2025-10-01,574,574,574,574,2227,-2253,0,0
2025-10-02,712,712,712,712,2227,-2253,0,0
2025-10-03,938,938,938,938,2227,-2253,0,0
2025-10-06,532,532,532,532,2227,-2253,0,0
2025-10-07,-1512,-1512,-1512,-1512,2227,-2253,0,0
2025-10-08,1342,1342,1342,1342,2227,-2253,0,0
2025-10-09,-1197,-1197,-1197,-1197,2227,-2253,0,0
2025-10-10,-3190,-3190,-3190,-3190,1946,-2253,0,0
2025-10-13,2107,2107,2107,2107,1946,-3190,0,0
2025-10-14,1078,1078,1078,1078,2107,-3190,0,0
2025-10-15,794,794,794,794,2107,-3190,0,0
2025-10-16,-1851,-1851,-1851,-1851,2107,-3190,0,0
2025-10-17,-719,-719,-719,-719,2107,-3190,0,0
2025-10-20,2533,2533,2533,2533,2107,-3190,0,0
2025-10-21,-366,-366,-366,-366,2533,-3190,0,0
2025-10-22,-1907,-1907,-1907,-1907,2533,-3190,0,0
2025-10-23,1412,1412,1412,1412,2533,-3190,0,0
2025-10-24,1580,1580,1580,1580,2533,-3190,0,0
2025-10-27,404,404,404,404,2533,-3190,0,0
2025-10-28,-937,-937,-937,-937,2533,-3190,0,0
2025-10-29,-1848,-1848,-1848,-1848,2533,-3190,0,0
2025-10-30,-1411,-1411,-1411,-1411,2533,-3190,0,0
2025-10-31,775,775,775,775,2533,-3190,0,0
2025-11-03,-1074,-1074,-1074,-1074,2533,-3190,0,0
2025-11-04,-2333,-2333,-2333,-2333,2533,-3190,0,0
2025-11-05,1318,1318,1318,1318,2533,-3190,0,0
2025-11-06,-2075,-2075,-2075,-2075,2533,-3190,0,0
2025-11-07,399,399,399,399,2533,-3190,0,0
2025-11-10,1514,1514,1514,1514,2533,-2333,0,0
2025-11-11,485,485,485,485,2533,-2333,0,0
2025-11-12,-187,-187,-187,-187,2533,-2333,0,0
2025-11-13,-2668,-2668,-2668,-2668,2533,-2333,0,0
2025-11-14,-675,-675,-675,-675,2533,-2668,0,0
2025-11-17,-2223,-2223,-2223,-2223,2533,-2668,0,0
2025-11-18,-13,-13,-13,-13,1580,-2668,0,0
2025-11-19,-799,-799,-799,-799,1580,-2668,0,0
2025-11-20,-2349,-2349,-2349,-2349,1580,-2668,0,0
2025-11-21,2115,2115,2115,2115,1580,-2668,0,0
2025-11-24,1730,1730,1730,1730,2115,-2668,0,0
2025-11-25,2092,2092,2092,2092,2115,-2668,0,0
2025-11-26,1549,1549,1549,1549,2115,-2668,0,0
2025-11-28,1355,1355,1355,1355,2115,-2668,0,0
2025-12-01,-1832,-1832,-1832,-1832,2115,-2668,0,0
2025-12-02,-156,-156,-156,-156,2115,-2668,0,0
2025-12-03,2111,2111,2111,2111,2115,-2668,0,0
2025-12-04,757,757,757,757,2115,-2668,0,0
2025-12-05,-463,-463,-463,-463,2115,-2668,0,0
2025-12-08,-455,-455,-455,-455,2115,-2668,0,0
2025-12-09,516,516,516,516,2115,-2668,0,0
2025-12-10,1365,1365,1365,1365,2115,-2668,0,0
2025-12-11,595,595,595,595,2115,-2668,0,0
2025-12-12,-1736,-1736,-1736,-1736,2115,-2668,0,0
2025-12-15,-1257,-1257,-1257,-1257,2115,-2349,0,0
2025-12-16,-434,-434,-434,-434,2115,-2349,0,0
2025-12-17,-1652,-1652,-1652,-1652,2115,-2349,0,0
2025-12-18,1082,1082,1082,1082,2115,-2349,0,0
2025-12-19,901,901,901,901,2115,-2349,0,0
2025-12-22,1047,1047,1047,1047,2115,-1832,0,0
2025-12-23,-1068,-1068,-1068,-1068,2111,-1832,0,0
2025-12-24,961,961,961,961,2111,-1832,0,0
2025-12-26,-558,-558,-558,-558,2111,-1832,0,0
2025-12-29,-1885,-1885,-1885,-1885,2111,-1832,0,0
2025-12-30,-1113,-1113,-1113,-1113,2111,-1885,0,0
2025-12-31,-1618,-1618,-1618,-1618,2111,-1885,0,0
2026-01-02,1127,1127,1127,1127,2111,-1885,0,0
2026-01-05,2004,2004,2004,2004,1365,-1885,0,0
2026-01-06,1126,1126,1126,1126,2004,-1885,0,0
2026-01-07,-368,-368,-368,-368,2004,-1885,0,0
2026-01-08,576,576,576,576,2004,-1885,0,0
2026-01-09,388,388,388,388,2004,-1885,0,0
2026-01-12,427,427,427,427,2004,-1885,0,0
2026-01-13,-547,-547,-547,-547,2004,-1885,0,0
2026-01-14,649,649,649,649,2004,-1885,0,0
2026-01-15,571,571,571,571,2004,-1885,0,0
2026-01-16,-639,-639,-639,-639,2004,-1885,0,0
2026-01-20,-2136,-2136,-2136,-2136,2004,-1885,0,0
2026-01-21,1955,1955,1955,1955,2004,-2136,0,0
2026-01-22,1697,1697,1697,1697,2004,-2136,0,0
2026-01-23,-1028,-1028,-1028,-1028,2004,-2136,0,0
2026-01-26,-207,-207,-207,-207,2004,-2136,0,0
2026-01-27,657,657,657,657,2004,-2136,0,0
2026-01-28,-1321,-1321,-1321,-1321,2004,-2136,0,0
2026-01-29,-588,-588,-588,-588,2004,-2136,0,0
2026-01-30,-1564,-1564,-1564,-1564,2004,-2136,0,0
2026-02-02,723,723,723,723,2004,-2136,0,0
2026-02-03,-711,-711,-711,-711,2004,-2136,0,0
2026-02-04,-1134,-1134,-1134,-1134,1955,-2136,0,0
2026-02-05,-2611,-2611,-2611,-2611,1955,-2136,0,0
2026-02-06,2826,2826,2826,2826,1955,-2611,0,0
2026-02-09,859,859,859,859,2826,-2611,0,0
2026-02-10,-161,-161,-161,-161,2826,-2611,0,0
2026-02-11,-1078,-1078,-1078,-1078,2826,-2611,0,0
2026-02-12,-2133,-2133,-2133,-2133,2826,-2611,0,0
2026-02-13,1512,1512,1512,1512,2826,-2611,0,0
2026-02-17,-145,-145,-145,-145,2826,-2611,0,0
2026-02-18,792,792,792,792,2826,-2611,0,0
2026-02-19,-93,-93,-93,-93,2826,-2611,0,0
2026-02-20,317,317,317,317,2826,-2611,0,0
2026-02-23,-1742,-1742,-1742,-1742,2826,-2611,0,0
2026-02-24,1656,1656,1656,1656,2826,-2611,0,0
2026-02-25,1520,1520,1520,1520,2826,-2611,0,0
2026-02-26,171,171,171,171,2826,-2611,0,0
2026-02-27,-1524,-1524,-1524,-1524,2826,-2611,0,0
2026-03-02,8,8,8,8,2826,-2611,0,0
2026-03-03,-2143,-2143,-2143,-2143,2826,-2611,0,0
2026-03-04,1793,1793,1793,1793,2826,-2611,0,0
2026-03-05,-2026,-2026,-2026,-2026,2826,-2611,0,0
2026-03-06,-1825,-1825,-1825,-1825,2826,-2611,0,0
2026-03-09,615,615,615,615,2826,-2143,0,0
2026-03-10,-14,-14,-14,-14,1793,-2143,0,0
2026-03-11,-647,-647,-647,-647,1793,-2143,0,0
2026-03-12,-2478,-2478,-2478,-2478,1793,-2143,0,0
2026-03-13,-1241,-1241,-1241,-1241,1793,-2478,0,0
2026-03-16,1646,1646,1646,1646,1793,-2478,0,0
2026-03-17,860,860,860,860,1793,-2478,0,0
2026-03-18,-2716,-2716,-2716,-2716,1793,-2478,0,0
2026-03-19,-247,-247,-247,-247,1793,-2716,0,0
2026-03-20,-2293,-2293,-2293,-2293,1793,-2716,0,0
2026-03-23,2271,2271,2271,2271,1793,-2716,0,0
2026-03-24,-763,-763,-763,-763,2271,-2716,0,0
2026-03-25,1651,1651,1651,1651,2271,-2716,0,0
2026-03-26,-1782,-1782,-1782,-1782,2271,-2716,0,0
2026-03-27,-2727,-2727,-2727,-2727,2271,-2716,0,0
2026-03-30,-717,-717,-717,-717,2271,-2727,0,0
2026-03-31,2833,2833,2833,2833,2271,-2727,0,0
2026-04-01,1486,1486,1486,1486,2833,-2727,0,0
2026-04-02,697,697,697,697,2833,-2727,0,0
2026-04-06,1058,1058,1058,1058,2833,-2727,0,0
2026-04-07,-224,-224,-224,-224,2833,-2727,0,0
2026-04-08,2469,2469,2469,2469,2833,-2727,0,0
2026-04-09,571,571,571,571,2833,-2727,0,0
2026-04-10,-814,-814,-814,-814,2833,-2727,0,0
2026-04-13,2137,2137,2137,2137,2833,-2727,0,0
2026-04-14,1703,1703,1703,1703,2833,-2727,0,0
2026-04-15,892,892,892,892,2833,-2727,0,0
2026-04-16,217,217,217,217,2833,-2727,0,0
2026-04-17,2334,2334,2334,2334,2833,-2727,0,0
2026-04-20,157,157,157,157,2833,-2727,0,0
2026-04-21,-1926,-1926,-1926,-1926,2833,-2727,0,0
2026-04-22,1210,1210,1210,1210,2833,-2727,0,0
2026-04-23,-1522,-1522,-1522,-1522,2833,-2727,0,0
2026-04-24,690,690,690,690,2833,-2727,0,0
2026-04-27,-304,-304,-304,-304,2833,-2727,0,0
2026-04-28,-1188,-1188,-1188,-1188,2833,-1926,0,0
2026-04-29,-1801,-1801,-1801,-1801,2833,-1926,0,0
2026-04-30,2282,2282,2282,2282,2469,-1926,0,0
2026-05-01,1094,1094,1094,1094,2469,-1926,0,0
2026-05-04,-890,-890,-890,-890,2469,-1926,0,0
2026-05-05,1130,1130,1130,1130,2469,-1926,0,0
2026-05-06,1342,1342,1342,1342,2469,-1926,0,0
2026-05-07,-1286,-1286,-1286,-1286,2334,-1926,0,0
2026-05-08,690,690,690,690,2334,-1926,0,0
2026-05-11,-588,-588,-588,-588,2334,-1926,0,0
2026-05-12,-1429,-1429,-1429,-1429,2334,-1926,0,0
2026-05-13,-205,-205,-205,-205,2334,-1926,0,0
2026-05-14,739,739,739,739,2334,-1926,0,0
2026-05-15,-2508,-2508,-2508,-2508,2334,-1926,0,0
2026-05-18,-322,-322,-322,-322,2282,-2508,0,0
2026-05-19,-1633,-1633,-1633,-1633,2282,-2508,0,0
2026-05-20,2394,2394,2394,2394,2282,-2508,0,0
2026-05-21,1172,1172,1172,1172,2394,-2508,0,0
2026-05-22,628,628,628,628,2394,-2508,0,0
2026-05-26,1321,1321,1321,1321,2394,-2508,0,0
2026-05-27,-11,-11,-11,-11,2394,-2508,0,0
2026-05-28,1378,1378,1378,1378,2394,-2508,0,0
2026-05-29,-158,-158,-158,-158,2394,-2508,0,0
2026-06-01,-13,-13,-13,-13,2394,-2508,0,0
2026-06-02,-232,-232,-232,-232,2394,-2508,0,0
2026-06-03,-2166,-2166,-2166,-2166,2394,-2508,0,0
2026-06-04,1383,1383,1383,1383,2394,-2508,0,0
2026-06-05,-2636,-2636,-2636,-2636,2394,-2508,0,0
2026-06-08,524,524,524,524,2394,-2636,0,0
2026-06-09,109,109,109,109,2394,-2636,0,0
2026-06-10,-1230,-1230,-1230,-1230,2394,-2636,0,0
2026-06-11,2154,2154,2154,2154,2394,-2636,0,0
2026-06-12,548,548,548,548,2394,-2636,0,0
2026-06-15,1134,1134,1134,1134,2394,-2636,0,0
2026-06-16,-926,-926,-926,-926,2394,-2636,0,0
2026-06-17,-1135,-1135,-1135,-1135,2394,-2636,0,0
2026-06-18,1302,1302,1302,1302,2394,-2636,0,0
2026-06-22,-696,-696,-696,-696,2154,-2636,0,0
2026-06-23,-491,-491,-491,-491,2154,-2636,0,0
2026-06-24,-41,-41,-41,-41,2154,-2636,0,0
2026-06-25,-145,-145,-145,-145,2154,-2636,0,0
2026-06-26,1263,1263,1263,1263,2154,-2636,0,0
2026-06-29,1079,1079,1079,1079,2154,-2636,0,0
2026-06-30,323,323,323,323,2154,-2636,0,0
2026-07-01,382,382,382,382,2154,-2636,0,0
2026-07-02,-243,-243,-243,-243,2154,-2636,0,0
2026-07-06,1097,1097,1097,1097,2154,-2636,0,0
2026-07-07,-1738,-1738,-1738,-1738,2154,-2636,0,0
2026-07-08,-1603,-1603,-1603,-1603,2154,-1738,0,0
2026-07-09,1746,1746,1746,1746,2154,-1738,0,0
2026-07-10,-223,-223,-223,-223,2154,-1738,0,0
2026-07-13,-1646,-1646,-1646,-1646,2154,-1738,0,0
2026-07-14,525,525,525,525,1746,-1738,0,0
2026-07-15,630,630,630,630,1746,-1738,0,0
2026-07-16,-1145,-1145,-1145,-1145,1746,-1738,0,0
2026-07-17,-1383,-1383,-1383,-1383,1746,-1738,0,0
2026-07-20,-1419,-1419,-1419,-1419,1746,-1738,0,0
2026-07-21,1188,1188,1188,1188,1746,-1738,0,0
2026-07-22,-1446,-1446,-1446,-1446,1746,-1738,0,0
2026-07-23,-2003,-2003,-2003,-2003,1746,-1738,0,0
2026-07-24,-569,-569,-569,-569,1746,-2003,0,0
2026-07-27,1158,1158,1158,1158,1746,-2003,0,0
2026-07-28,-21,-21,-21,-21,1746,-2003,0,0
2026-07-29,-2111,-2111,-2111,-2111,1746,-2003,0,0
2026-07-30,1392,1392,1392,1392,1746,-2111,0,0
2026-07-31,-592,-592,-592,-592,1746,-2111,0,0
2026-08-03,2390,2390,2390,2390,1746,-2111,0,0
2026-08-04,2267,2267,2267,2267,2390,-2111,0,0
2026-08-05,-819,-819,-819,-819,2390,-2111,0,0
2026-08-06,-790,-790,-790,-790,2390,-2111,0,0
2026-08-07,1663,1663,1663,1663,2390,-2111,0,0
2026-08-10,-820,-820,-820,-820,2390,-2111,0,0
2026-08-11,553,553,553,553,2390,-2111,0,0
2026-08-12,742,742,742,742,2390,-2111,0,0
2026-08-13,998,998,998,998,2390,-2111,0,0
2026-08-14,-73,-73,-73,-73,2390,-2111,0,0
2026-08-17,-1125,-1125,-1125,-1125,2390,-2111,0,0
2026-08-18,-1259,-1259,-1259,-1259,2390,-2111,0,0
2026-08-19,857,857,857,857,2390,-2111,0,0
2026-08-20,-1444,-1444,-1444,-1444,2390,-2111,0,0
2026-08-21,1366,1366,1366,1366,2390,-2111,0,0
2026-08-24,-1006,-1006,-1006,-1006,2390,-2111,0,0
2026-08-25,1301,1301,1301,1301,2390,-2111,0,0
2026-08-26,-556,-556,-556,-556,2390,-2111,0,0
2026-08-27,295,295,295,295,2390,-1444,0,0
2026-08-28,-1807,-1807,-1807,-1807,2390,-1444,0,0
2026-08-31,-1015,-1015,-1015,-1015,2390,-1807,0,0
2026-09-01,-2317,-2317,-2317,-2317,2267,-1807,0,0
2026-09-02,1523,1523,1523,1523,1663,-2317,0,0
2026-09-03,1179,1179,1179,1179,1663,-2317,0,0
2026-09-04,202,202,202,202,1663,-2317,0,0
2026-09-08,-1248,-1248,-1248,-1248,1523,-2317,0,0
2026-09-09,-2348,-2348,-2348,-2348,1523,-2317,0,0
2026-09-10,-2027,-2027,-2027,-2027,1523,-2348,0,0
2026-09-11,873,873,873,873,1523,-2348,0,0
2026-09-14,-601,-601,-601,-601,1523,-2348,0,0
2026-09-15,-1947,-1947,-1947,-1947,1523,-2348,0,0
2026-09-16,-958,-958,-958,-958,1523,-2348,0,0
2026-09-17,1981,1981,1981,1981,1523,-2348,0,0
2026-09-18,-753,-753,-753,-753,1981,-2348,0,0
2026-09-21,1194,1194,1194,1194,1981,-2348,0,0
2026-09-22,745,745,745,745,1981,-2348,0,0
2026-09-23,-2632,-2632,-2632,-2632,1981,-2348,0,0
2026-09-24,-881,-881,-881,-881,1981,-2632,0,0
2026-09-25,298,298,298,298,1981,-2632,0,0