time,open,high,low,close,Prior DC20 upper,Prior DC20 lower,Long signal,Short signal
1993-11-01,121,121,121,121,,,0,0
1993-11-02,-243,-243,-243,-243,,,0,0
1993-11-03,-959,-959,-959,-959,,,0,0
1993-11-04,-1177,-1177,-1177,-1177,,,0,0
1993-11-05,-399,-399,-399,-399,,,0,0
1993-11-08,259,259,259,259,,,0,0
1993-11-09,295,295,295,295,,,0,0
1993-11-10,333,333,333,333,,,0,0
1993-11-11,-181,-181,-181,-181,,,0,0
1993-11-12,344,344,344,344,,,0,0
1993-11-15,-429,-429,-429,-429,,,0,0
1993-11-16,72,72,72,72,,,0,0
1993-11-17,-531,-531,-531,-531,,,0,0
1993-11-18,-481,-481,-481,-481,,,0,0
1993-11-19,-538,-538,-538,-538,,,0,0
1993-11-22,-1216,-1216,-1216,-1216,,,0,0
1993-11-23,264,264,264,264,,,0,0
1993-11-24,416,416,416,416,,,0,0
1993-11-26,447,447,447,447,,,0,0
1993-11-29,-14,-14,-14,-14,,,0,0
1993-11-30,-105,-105,-105,-105,447,-1216,0,0
1993-12-01,511,511,511,511,447,-1216,0,0
1993-12-02,322,322,322,322,511,-1216,0,0
1993-12-03,376,376,376,376,511,-1216,0,0
1993-12-06,353,353,353,353,511,-1216,0,0
1993-12-07,54,54,54,54,511,-1216,0,0
1993-12-08,64,64,64,64,511,-1216,0,0
1993-12-09,-268,-268,-268,-268,511,-1216,0,0
1993-12-10,-131,-131,-131,-131,511,-1216,0,0
1993-12-13,-65,-65,-65,-65,511,-1216,0,0
1993-12-14,-680,-680,-680,-680,511,-1216,0,0
1993-12-15,-277,-277,-277,-277,511,-1216,0,0
1993-12-16,191,191,191,191,511,-1216,0,0
1993-12-17,787,787,787,787,511,-1216,0,0
1993-12-20,-135,-135,-135,-135,787,-1216,0,0
1993-12-21,-335,-335,-335,-335,787,-1216,0,0
1993-12-22,198,198,198,198,787,-680,0,0
1993-12-23,422,422,422,422,787,-680,0,0
1993-12-27,518,518,518,518,787,-680,0,0
1993-12-28,392,392,392,392,787,-680,0,0
1993-12-29,311,311,311,311,787,-680,0,0
1993-12-30,-102,-102,-102,-102,787,-680,0,0
1993-12-31,300,300,300,300,787,-680,0,0
1994-01-03,-416,-416,-416,-416,787,-680,0,0
1994-01-04,286,286,286,286,787,-680,0,0
1994-01-05,197,197,197,197,787,-680,0,0
1994-01-06,22,22,22,22,787,-680,0,0
1994-01-07,425,425,425,425,787,-680,0,0
1994-01-10,474,474,474,474,787,-680,0,0
1994-01-11,-141,-141,-141,-141,787,-680,0,0
1994-01-12,190,190,190,190,787,-680,0,0
1994-01-13,-206,-206,-206,-206,787,-416,0,0
1994-01-14,374,374,374,374,787,-416,0,0
1994-01-17,-77,-77,-77,-77,787,-416,0,0
1994-01-18,318,318,318,318,518,-416,0,0
1994-01-19,161,161,161,161,518,-416,0,0
1994-01-20,150,150,150,150,518,-416,0,0
1994-01-21,-106,-106,-106,-106,518,-416,0,0
1994-01-24,-272,-272,-272,-272,518,-416,0,0
1994-01-25,-319,-319,-319,-319,474,-416,0,0
1994-01-26,284,284,284,284,474,-416,0,0
1994-01-27,545,545,545,545,474,-416,0,0
1994-01-28,554,554,554,554,545,-416,0,0
1994-01-31,663,663,663,663,554,-416,0,0
1994-02-01,-187,-187,-187,-187,663,-319,0,0
1994-02-02,428,428,428,428,663,-319,0,0
1994-02-03,-272,-272,-272,-272,663,-319,0,0
1994-02-04,-1721,-1721,-1721,-1721,663,-319,0,0
1994-02-07,-134,-134,-134,-134,663,-1721,0,0
1994-02-08,210,210,210,210,663,-1721,0,0
1994-02-09,439,439,439,439,663,-1721,0,0
1994-02-10,-500,-500,-500,-500,663,-1721,0,0
1994-02-11,-413,-413,-413,-413,663,-1721,0,0
1994-02-14,105,105,105,105,663,-1721,0,0
1994-02-15,316,316,316,316,663,-1721,0,0
1994-02-16,218,218,218,218,663,-1721,0,0
1994-02-17,-369,-369,-369,-369,663,-1721,0,0
1994-02-18,-705,-705,-705,-705,663,-1721,0,0
1994-02-22,136,136,136,136,663,-1721,0,0
1994-02-23,-229,-229,-229,-229,663,-1721,0,0
1994-02-24,-1353,-1353,-1353,-1353,663,-1721,0,0
1994-02-25,206,206,206,206,663,-1721,0,0
1994-02-28,730,730,730,730,663,-1721,0,0
1994-03-01,-733,-733,-733,-733,730,-1721,0,0
1994-03-02,-616,-616,-616,-616,730,-1721,0,0
1994-03-03,-240,-240,-240,-240,730,-1721,0,0
1994-03-04,450,450,450,450,730,-1721,0,0
1994-03-07,681,681,681,681,730,-1721,0,0
1994-03-08,-230,-230,-230,-230,730,-1353,0,0
1994-03-09,-64,-64,-64,-64,730,-1353,0,0
1994-03-10,-798,-798,-798,-798,730,-1353,0,0
1994-03-11,175,175,175,175,730,-1353,0,0
1994-03-14,210,210,210,210,730,-1353,0,0
1994-03-15,138,138,138,138,730,-1353,0,0
1994-03-16,543,543,543,543,730,-1353,0,0
1994-03-17,134,134,134,134,730,-1353,0,0
1994-03-18,-20,-20,-20,-20,730,-1353,0,0
1994-03-21,-953,-953,-953,-953,730,-1353,0,0
1994-03-22,264,264,264,264,730,-1353,0,0
1994-03-23,214,214,214,214,730,-1353,0,0
1994-03-24,-1219,-1219,-1219,-1219,730,-1353,0,0
1994-03-25,-338,-338,-338,-338,730,-1219,0,0
1994-03-28,-915,-915,-915,-915,730,-1219,0,0
1994-03-29,-1754,-1754,-1754,-1754,681,-1219,0,0
1994-03-30,-1684,-1684,-1684,-1684,681,-1754,0,0
1994-03-31,-780,-780,-780,-780,681,-1754,0,0
1994-04-04,-1745,-1745,-1745,-1745,681,-1754,0,0
1994-04-05,1837,1837,1837,1837,681,-1754,0,0
1994-04-06,312,312,312,312,1837,-1754,0,0
1994-04-07,609,609,609,609,1837,-1754,0,0
1994-04-08,-606,-606,-606,-606,1837,-1754,0,0
1994-04-11,146,146,146,146,1837,-1754,0,0
1994-04-12,-386,-386,-386,-386,1837,-1754,0,0
1994-04-13,-809,-809,-809,-809,1837,-1754,0,0
1994-04-14,-292,-292,-292,-292,1837,-1754,0,0
1994-04-15,-79,-79,-79,-79,1837,-1754,0,0
1994-04-18,-1014,-1014,-1014,-1014,1837,-1754,0,0
1994-04-19,-742,-742,-742,-742,1837,-1754,0,0
1994-04-20,-582,-582,-582,-582,1837,-1754,0,0
1994-04-21,869,869,869,869,1837,-1754,0,0
1994-04-22,352,352,352,352,1837,-1754,0,0
1994-04-25,885,885,885,885,1837,-1754,0,0
1994-04-26,355,355,355,355,1837,-1754,0,0
1994-04-28,-339,-339,-339,-339,1837,-1754,0,0
1994-04-29,442,442,442,442,1837,-1745,0,0
1994-05-02,289,289,289,289,1837,-1745,0,0
1994-05-03,-119,-119,-119,-119,1837,-1745,0,0
1994-05-04,-295,-295,-295,-295,1837,-1014,0,0
1994-05-05,-68,-68,-68,-68,885,-1014,0,0
1994-05-06,-1155,-1155,-1155,-1155,885,-1014,0,0
1994-05-09,-1247,-1247,-1247,-1247,885,-1155,0,0
1994-05-10,440,440,440,440,885,-1247,0,0
1994-05-11,-878,-878,-878,-878,885,-1247,0,0
1994-05-12,230,230,230,230,885,-1247,0,0
1994-05-13,-58,-58,-58,-58,885,-1247,0,0
1994-05-16,-203,-203,-203,-203,885,-1247,0,0
1994-05-17,517,517,517,517,885,-1247,0,0
1994-05-18,950,950,950,950,885,-1247,0,0
1994-05-19,432,432,432,432,950,-1247,0,0
1994-05-20,-119,-119,-119,-119,950,-1247,0,0
1994-05-23,-320,-320,-320,-320,950,-1247,0,0
1994-05-24,335,335,335,335,950,-1247,0,0
1994-05-25,82,82,82,82,950,-1247,0,0
1994-05-26,268,268,268,268,950,-1247,0,0
1994-05-27,215,215,215,215,950,-1247,0,0
1994-05-31,-232,-232,-232,-232,950,-1247,0,0
1994-06-01,243,243,243,243,950,-1247,0,0
1994-06-02,430,430,430,430,950,-1247,0,0
1994-06-03,555,555,555,555,950,-1247,0,0
1994-06-06,456,456,456,456,950,-1247,0,0
1994-06-07,-288,-288,-288,-288,950,-1247,0,0
1994-06-08,-220,-220,-220,-220,950,-878,0,0
1994-06-09,-93,-93,-93,-93,950,-878,0,0
1994-06-10,311,311,311,311,950,-320,0,0
1994-06-13,29,29,29,29,950,-320,0,0
1994-06-14,473,473,473,473,950,-320,0,0
1994-06-15,-218,-218,-218,-218,950,-320,0,0
1994-06-16,204,204,204,204,950,-320,0,0
1994-06-17,-660,-660,-660,-660,555,-320,0,0
1994-06-20,-1253,-1253,-1253,-1253,555,-660,0,0
1994-06-21,-1221,-1221,-1221,-1221,555,-1253,0,0
1994-06-22,404,404,404,404,555,-1253,0,0
1994-06-23,-704,-704,-704,-704,555,-1253,0,0
1994-06-24,-1513,-1513,-1513,-1513,555,-1253,0,0
1994-06-27,54,54,54,54,555,-1513,0,0
1994-06-28,-568,-568,-568,-568,555,-1513,0,0
1994-06-29,366,366,366,366,555,-1513,0,0
1994-06-30,-324,-324,-324,-324,555,-1513,0,0
1994-07-01,472,472,472,472,555,-1513,0,0
1994-07-05,61,61,61,61,473,-1513,0,0
1994-07-06,-58,-58,-58,-58,473,-1513,0,0
1994-07-07,405,405,405,405,473,-1513,0,0
1994-07-08,-206,-206,-206,-206,473,-1513,0,0
1994-07-11,-142,-142,-142,-142,473,-1513,0,0
1994-07-12,62,62,62,62,473,-1513,0,0
1994-07-13,243,243,243,243,473,-1513,0,0
1994-07-14,1108,1108,1108,1108,472,-1513,0,0
1994-07-15,327,327,327,327,1108,-1513,0,0
1994-07-18,112,112,112,112,1108,-1513,0,0
1994-07-19,-129,-129,-129,-129,1108,-1513,0,0
1994-07-20,-645,-645,-645,-645,1108,-1513,0,0
1994-07-21,-144,-144,-144,-144,1108,-1513,0,0
1994-07-22,121,121,121,121,1108,-1513,0,0
1994-07-25,27,27,27,27,1108,-1513,0,0
1994-07-26,-230,-230,-230,-230,1108,-645,0,0
1994-07-27,-375,-375,-375,-375,1108,-645,0,0
1994-07-28,80,80,80,80,1108,-645,0,0
1994-07-29,1015,1015,1015,1015,1108,-645,0,0
1994-08-01,606,606,606,606,1108,-645,0,0
1994-08-02,362,362,362,362,1108,-645,0,0
1994-08-03,96,96,96,96,1108,-645,0,0
1994-08-04,-276,-276,-276,-276,1108,-645,0,0
1994-08-05,-547,-547,-547,-547,1108,-645,0,0
1994-08-08,207,207,207,207,1108,-645,0,0
1994-08-09,-171,-171,-171,-171,1108,-645,0,0
1994-08-10,245,245,245,245,1108,-645,0,0
1994-08-11,-621,-621,-621,-621,1108,-645,0,0
1994-08-12,391,391,391,391,1015,-645,0,0
1994-08-15,24,24,24,24,1015,-645,0,0
1994-08-16,356,356,356,356,1015,-645,0,0
1994-08-17,227,227,227,227,1015,-645,0,0
1994-08-18,-409,-409,-409,-409,1015,-621,0,0
1994-08-19,240,240,240,240,1015,-621,0,0
1994-08-22,-316,-316,-316,-316,1015,-621,0,0
1994-08-23,581,581,581,581,1015,-621,0,0
1994-08-24,565,565,565,565,1015,-621,0,0
1994-08-25,-65,-65,-65,-65,1015,-621,0,0
1994-08-26,809,809,809,809,1015,-621,0,0
1994-08-29,334,334,334,334,809,-621,0,0
1994-08-30,416,416,416,416,809,-621,0,0
1994-08-31,271,271,271,271,809,-621,0,0
1994-09-01,-469,-469,-469,-469,809,-621,0,0
1994-09-02,-113,-113,-113,-113,809,-621,0,0
1994-09-06,-186,-186,-186,-186,809,-621,0,0
1994-09-07,-78,-78,-78,-78,809,-621,0,0
1994-09-08,482,482,482,482,809,-621,0,0
1994-09-09,-1051,-1051,-1051,-1051,809,-621,0,0
1994-09-12,-669,-669,-669,-669,809,-1051,0,0
1994-09-13,144,144,144,144,809,-1051,0,0
1994-09-14,50,50,50,50,809,-1051,0,0
1994-09-15,904,904,904,904,809,-1051,0,0
1994-09-16,-679,-679,-679,-679,904,-1051,0,0
1994-09-19,-248,-248,-248,-248,904,-1051,0,0
1994-09-20,-1320,-1320,-1320,-1320,904,-1051,0,0
1994-09-21,-944,-944,-944,-944,904,-1320,0,0
1994-09-22,-148,-148,-148,-148,904,-1320,0,0
1994-09-23,-383,-383,-383,-383,904,-1320,0,0
1994-09-26,-171,-171,-171,-171,904,-1320,0,0
1994-09-27,-159,-159,-159,-159,904,-1320,0,0
1994-09-28,595,595,595,595,904,-1320,0,0
1994-09-29,-388,-388,-388,-388,904,-1320,0,0
1994-09-30,453,453,453,453,904,-1320,0,0
1994-10-03,-510,-510,-510,-510,904,-1320,0,0
1994-10-04,-1194,-1194,-1194,-1194,904,-1320,0,0
1994-10-05,-1218,-1218,-1218,-1218,904,-1320,0,0
1994-10-06,-136,-136,-136,-136,904,-1320,0,0
1994-10-07,299,299,299,299,904,-1320,0,0
1994-10-10,683,683,683,683,904,-1320,0,0
1994-10-11,892,892,892,892,904,-1320,0,0
1994-10-12,-95,-95,-95,-95,904,-1320,0,0
1994-10-13,447,447,447,447,904,-1320,0,0
1994-10-14,-32,-32,-32,-32,892,-1320,0,0
1994-10-17,-72,-72,-72,-72,892,-1320,0,0
1994-10-18,-408,-408,-408,-408,892,-1320,0,0
1994-10-19,104,104,104,104,892,-1218,0,0
1994-10-20,-821,-821,-821,-821,892,-1218,0,0
1994-10-21,-430,-430,-430,-430,892,-1218,0,0
1994-10-24,-839,-839,-839,-839,892,-1218,0,0
1994-10-25,-609,-609,-609,-609,892,-1218,0,0
1994-10-26,-219,-219,-219,-219,892,-1218,0,0
1994-10-27,324,324,324,324,892,-1218,0,0
1994-10-28,1045,1045,1045,1045,892,-1218,0,0
1994-10-31,-113,-113,-113,-113,1045,-1218,0,0
1994-11-01,-992,-992,-992,-992,1045,-1218,0,0
1994-11-02,-332,-332,-332,-332,1045,-1218,0,0
1994-11-03,39,39,39,39,1045,-992,0,0
1994-11-04,-800,-800,-800,-800,1045,-992,0,0
1994-11-07,-556,-556,-556,-556,1045,-992,0,0
1994-11-08,57,57,57,57,1045,-992,0,0
1994-11-09,-170,-170,-170,-170,1045,-992,0,0
1994-11-10,-552,-552,-552,-552,1045,-992,0,0
1994-11-11,-909,-909,-909,-909,1045,-992,0,0
1994-11-14,243,243,243,243,1045,-992,0,0
1994-11-15,24,24,24,24,1045,-992,0,0
1994-11-16,-160,-160,-160,-160,1045,-992,0,0
1994-11-17,-708,-708,-708,-708,1045,-992,0,0
1994-11-18,-621,-621,-621,-621,1045,-992,0,0
1994-11-21,-682,-682,-682,-682,1045,-992,0,0
1994-11-22,-1410,-1410,-1410,-1410,1045,-992,0,0
1994-11-23,-95,-95,-95,-95,1045,-1410,0,0
1994-11-25,936,936,936,936,1045,-1410,0,0
1994-11-28,69,69,69,69,1045,-1410,0,0
1994-11-29,80,80,80,80,936,-1410,0,0
1994-11-30,252,252,252,252,936,-1410,0,0
1994-12-01,-861,-861,-861,-861,936,-1410,0,0
1994-12-02,513,513,513,513,936,-1410,0,0
1994-12-05,122,122,122,122,936,-1410,0,0
1994-12-06,-339,-339,-339,-339,936,-1410,0,0
1994-12-07,-857,-857,-857,-857,936,-1410,0,0
1994-12-08,-1272,-1272,-1272,-1272,936,-1410,0,0
1994-12-09,-360,-360,-360,-360,936,-1410,0,0
1994-12-12,-11,-11,-11,-11,936,-1410,0,0
1994-12-13,229,229,229,229,936,-1410,0,0
1994-12-14,794,794,794,794,936,-1410,0,0
1994-12-15,684,684,684,684,936,-1410,0,0
1994-12-16,426,426,426,426,936,-1410,0,0
1994-12-19,-330,-330,-330,-330,936,-1410,0,0
1994-12-20,1,1,1,1,936,-1410,0,0
1994-12-21,592,592,592,592,936,-1410,0,0
1994-12-22,-101,-101,-101,-101,936,-1272,0,0
1994-12-23,274,274,274,274,936,-1272,0,0
1994-12-27,183,183,183,183,794,-1272,0,0
1994-12-28,-456,-456,-456,-456,794,-1272,0,0
1994-12-29,78,78,78,78,794,-1272,0,0
1994-12-30,358,358,358,358,794,-1272,0,0
1995-01-03,-16,-16,-16,-16,794,-1272,0,0
1995-01-04,465,465,465,465,794,-1272,0,0
1995-01-05,80,80,80,80,794,-1272,0,0
1995-01-06,237,237,237,237,794,-1272,0,0
1995-01-09,177,177,177,177,794,-1272,0,0
1995-01-11,-128,-128,-128,-128,794,-456,0,0
1995-01-12,71,71,71,71,794,-456,0,0
1995-01-13,1022,1022,1022,1022,794,-456,0,0
1995-01-16,649,649,649,649,1022,-456,0,0
1995-01-17,355,355,355,355,1022,-456,0,0
1995-01-18,-110,-110,-110,-110,1022,-456,0,0
1995-01-19,-675,-675,-675,-675,1022,-456,0,0
1995-01-20,-728,-728,-728,-728,1022,-675,0,0
1995-01-23,-573,-573,-573,-573,1022,-728,0,0
1995-01-24,329,329,329,329,1022,-728,0,0
1995-01-25,245,245,245,245,1022,-728,0,0
1995-01-26,96,96,96,96,1022,-728,0,0
1995-01-27,327,327,327,327,1022,-728,0,0
1995-01-30,-567,-567,-567,-567,1022,-728,0,0
1995-01-31,371,371,371,371,1022,-728,0,0
1995-02-01,343,343,343,343,1022,-728,0,0
1995-02-02,394,394,394,394,1022,-728,0,0
1995-02-03,1329,1329,1329,1329,1022,-728,0,0
1995-02-06,493,493,493,493,1329,-728,0,0
1995-02-07,275,275,275,275,1329,-728,0,0
1995-02-08,80,80,80,80,1329,-728,0,0
1995-02-09,60,60,60,60,1329,-728,0,0
1995-02-10,299,299,299,299,1329,-728,0,0
1995-02-13,54,54,54,54,1329,-728,0,0
1995-02-14,-37,-37,-37,-37,1329,-728,0,0
1995-02-15,710,710,710,710,1329,-728,0,0
1995-02-16,-448,-448,-448,-448,1329,-728,0,0
1995-02-17,-327,-327,-327,-327,1329,-728,0,0
1995-02-21,-105,-105,-105,-105,1329,-573,0,0
1995-02-22,297,297,297,297,1329,-567,0,0
1995-02-23,679,679,679,679,1329,-567,0,0
1995-02-24,77,77,77,77,1329,-567,0,0
1995-02-27,-976,-976,-976,-976,1329,-567,0,0
1995-02-28,913,913,913,913,1329,-976,0,0
1995-03-01,-244,-244,-244,-244,1329,-976,0,0
1995-03-02,-201,-201,-201,-201,1329,-976,0,0
1995-03-03,-193,-193,-193,-193,1329,-976,0,0
1995-03-06,-668,-668,-668,-668,1329,-976,0,0
1995-03-07,-1072,-1072,-1072,-1072,913,-976,0,0
1995-03-08,73,73,73,73,913,-1072,0,0
1995-03-09,-39,-39,-39,-39,913,-1072,0,0
1995-03-10,937,937,937,937,913,-1072,0,0
1995-03-13,-3,-3,-3,-3,937,-1072,0,0
1995-03-14,680,680,680,680,937,-1072,0,0
1995-03-15,-137,-137,-137,-137,937,-1072,0,0
1995-03-16,619,619,619,619,937,-1072,0,0
1995-03-17,-424,-424,-424,-424,937,-1072,0,0
1995-03-20,-32,-32,-32,-32,937,-1072,0,0
1995-03-21,-236,-236,-236,-236,937,-1072,0,0
1995-03-22,-152,-152,-152,-152,937,-1072,0,0
1995-03-23,34,34,34,34,937,-1072,0,0
1995-03-24,968,968,968,968,937,-1072,0,0
1995-03-27,535,535,535,535,968,-1072,0,0
1995-03-28,14,14,14,14,968,-1072,0,0
1995-03-29,15,15,15,15,968,-1072,0,0
1995-03-30,485,485,485,485,968,-1072,0,0
1995-03-31,-238,-238,-238,-238,968,-1072,0,0
1995-04-03,49,49,49,49,968,-1072,0,0
1995-04-04,591,591,591,591,968,-1072,0,0
1995-04-05,209,209,209,209,968,-424,0,0
1995-04-06,138,138,138,138,968,-424,0,0
1995-04-07,-161,-161,-161,-161,968,-424,0,0
1995-04-10,52,52,52,52,968,-424,0,0
1995-04-11,-57,-57,-57,-57,968,-424,0,0
1995-04-12,187,187,187,187,968,-424,0,0
1995-04-13,366,366,366,366,968,-424,0,0
1995-04-17,4,4,4,4,968,-424,0,0
1995-04-18,-279,-279,-279,-279,968,-238,0,0
1995-04-19,-285,-285,-285,-285,968,-279,0,0
1995-04-20,154,154,154,154,968,-285,0,0
1995-04-21,475,475,475,475,968,-285,0,0
1995-04-24,503,503,503,503,968,-285,0,0
1995-04-25,90,90,90,90,591,-285,0,0
1995-04-26,85,85,85,85,591,-285,0,0
1995-04-27,38,38,38,38,591,-285,0,0
1995-04-28,131,131,131,131,591,-285,0,0
1995-05-01,-125,-125,-125,-125,591,-285,0,0
1995-05-02,132,132,132,132,591,-285,0,0
1995-05-03,750,750,750,750,591,-285,0,0
1995-05-04,54,54,54,54,750,-285,0,0
1995-05-05,175,175,175,175,750,-285,0,0
1995-05-08,710,710,710,710,750,-285,0,0
1995-05-09,340,340,340,340,750,-285,0,0
1995-05-10,193,193,193,193,750,-285,0,0
1995-05-11,26,26,26,26,750,-285,0,0
1995-05-12,239,239,239,239,750,-285,0,0
1995-05-15,471,471,471,471,750,-285,0,0
1995-05-16,489,489,489,489,750,-285,0,0
1995-05-17,-298,-298,-298,-298,750,-285,0,0
1995-05-18,-1228,-1228,-1228,-1228,750,-298,0,0
1995-05-19,-433,-433,-433,-433,750,-1228,0,0
1995-05-22,463,463,463,463,750,-1228,0,0
1995-05-23,633,633,633,633,750,-1228,0,0
1995-05-24,173,173,173,173,750,-1228,0,0
1995-05-25,-125,-125,-125,-125,750,-1228,0,0
1995-05-26,-507,-507,-507,-507,750,-1228,0,0
1995-05-30,193,193,193,193,750,-1228,0,0
1995-05-31,877,877,877,877,750,-1228,0,0
1995-06-01,332,332,332,332,877,-1228,0,0
1995-06-02,553,553,553,553,877,-1228,0,0
1995-06-05,832,832,832,832,877,-1228,0,0
1995-06-06,35,35,35,35,877,-1228,0,0
1995-06-07,-449,-449,-449,-449,877,-1228,0,0
1995-06-08,-120,-120,-120,-120,877,-1228,0,0
1995-06-09,-962,-962,-962,-962,877,-1228,0,0
1995-06-12,320,320,320,320,877,-1228,0,0
1995-06-13,858,858,858,858,877,-1228,0,0
1995-06-14,-72,-72,-72,-72,877,-1228,0,0
1995-06-15,197,197,197,197,877,-1228,0,0
1995-06-16,4,4,4,4,877,-1228,0,0
1995-06-19,393,393,393,393,877,-962,0,0
1995-06-20,-167,-167,-167,-167,877,-962,0,0
1995-06-21,111,111,111,111,877,-962,0,0
1995-06-22,791,791,791,791,877,-962,0,0
1995-06-23,-441,-441,-441,-441,877,-962,0,0
1995-06-26,-928,-928,-928,-928,877,-962,0,0
1995-06-27,-75,-75,-75,-75,877,-962,0,0
1995-06-28,251,251,251,251,877,-962,0,0
1995-06-29,-148,-148,-148,-148,858,-962,0,0
1995-06-30,823,823,823,823,858,-962,0,0
1995-07-03,318,318,318,318,858,-962,0,0
1995-07-05,342,342,342,342,858,-962,0,0
1995-07-06,1005,1005,1005,1005,858,-962,0,0
1995-07-07,882,882,882,882,1005,-962,0,0
1995-07-10,399,399,399,399,1005,-962,0,0
1995-07-11,-287,-287,-287,-287,1005,-928,0,0
1995-07-12,666,666,666,666,1005,-928,0,0
1995-07-13,-186,-186,-186,-186,1005,-928,0,0
1995-07-14,-400,-400,-400,-400,1005,-928,0,0
1995-07-17,124,124,124,124,1005,-928,0,0
1995-07-18,-799,-799,-799,-799,1005,-928,0,0
1995-07-19,-1798,-1798,-1798,-1798,1005,-928,0,0
1995-07-20,616,616,616,616,1005,-1798,0,0
1995-07-21,151,151,151,151,1005,-1798,0,0
1995-07-24,628,628,628,628,1005,-1798,0,0
1995-07-25,403,403,403,403,1005,-1798,0,0
1995-07-26,221,221,221,221,1005,-1798,0,0
1995-07-27,650,650,650,650,1005,-1798,0,0
1995-07-28,-42,-42,-42,-42,1005,-1798,0,0
1995-07-31,100,100,100,100,1005,-1798,0,0
1995-08-01,-321,-321,-321,-321,1005,-1798,0,0
1995-08-02,358,358,358,358,1005,-1798,0,0
1995-08-03,-317,-317,-317,-317,1005,-1798,0,0
1995-08-04,139,139,139,139,882,-1798,0,0
1995-08-07,237,237,237,237,666,-1798,0,0
1995-08-08,-141,-141,-141,-141,666,-1798,0,0
1995-08-09,-130,-130,-130,-130,666,-1798,0,0
1995-08-10,-181,-181,-181,-181,650,-1798,0,0
1995-08-11,-519,-519,-519,-519,650,-1798,0,0
1995-08-14,305,305,305,305,650,-1798,0,0
1995-08-15,-159,-159,-159,-159,650,-1798,0,0
1995-08-16,490,490,490,490,650,-1798,0,0
1995-08-17,60,60,60,60,650,-519,0,0
1995-08-18,211,211,211,211,650,-519,0,0
1995-08-21,408,408,408,408,650,-519,0,0
1995-08-22,-129,-129,-129,-129,650,-519,0,0
1995-08-23,-424,-424,-424,-424,650,-519,0,0
1995-08-24,-23,-23,-23,-23,650,-519,0,0
1995-08-25,428,428,428,428,490,-519,0,0
1995-08-28,41,41,41,41,490,-519,0,0
1995-08-29,-172,-172,-172,-172,490,-519,0,0
1995-08-30,277,277,277,277,490,-519,0,0
1995-08-31,438,438,438,438,490,-519,0,0
1995-09-01,493,493,493,493,490,-519,0,0
1995-09-05,708,708,708,708,493,-519,0,0
1995-09-06,397,397,397,397,708,-519,0,0
1995-09-07,121,121,121,121,708,-519,0,0
1995-09-08,595,595,595,595,708,-519,0,0
1995-09-11,99,99,99,99,708,-519,0,0
1995-09-12,513,513,513,513,708,-424,0,0
1995-09-13,105,105,105,105,708,-424,0,0
1995-09-14,358,358,358,358,708,-424,0,0
1995-09-15,-33,-33,-33,-33,708,-424,0,0
1995-09-18,-561,-561,-561,-561,708,-424,0,0
1995-09-19,15,15,15,15,708,-561,0,0
1995-09-20,171,171,171,171,708,-561,0,0
1995-09-21,-607,-607,-607,-607,708,-561,0,0
1995-09-22,-738,-738,-738,-738,708,-607,0,0
1995-09-25,-444,-444,-444,-444,708,-738,0,0
1995-09-26,-72,-72,-72,-72,708,-738,0,0
1995-09-27,-627,-627,-627,-627,708,-738,0,0
1995-09-28,661,661,661,661,708,-738,0,0
1995-09-29,687,687,687,687,708,-738,0,0
1995-10-02,-411,-411,-411,-411,708,-738,0,0
1995-10-03,-401,-401,-401,-401,708,-738,0,0
1995-10-04,-501,-501,-501,-501,687,-738,0,0
1995-10-05,77,77,77,77,687,-738,0,0
1995-10-06,204,204,204,204,687,-738,0,0
1995-10-09,-1018,-1018,-1018,-1018,687,-738,0,0
1995-10-10,-613,-613,-613,-613,687,-1018,0,0
1995-10-11,637,637,637,637,687,-1018,0,0
1995-10-12,660,660,660,660,687,-1018,0,0
1995-10-13,744,744,744,744,687,-1018,0,0
1995-10-16,-149,-149,-149,-149,744,-1018,0,0
1995-10-17,5,5,5,5,744,-1018,0,0
1995-10-18,85,85,85,85,744,-1018,0,0
1995-10-19,-91,-91,-91,-91,744,-1018,0,0
1995-10-20,-411,-411,-411,-411,744,-1018,0,0
1995-10-23,-765,-765,-765,-765,744,-1018,0,0
1995-10-24,-55,-55,-55,-55,744,-1018,0,0
1995-10-25,-720,-720,-720,-720,744,-1018,0,0
1995-10-26,-1063,-1063,-1063,-1063,744,-1018,0,0
1995-10-27,61,61,61,61,744,-1063,0,0
1995-10-30,289,289,289,289,744,-1063,0,0
1995-10-31,-61,-61,-61,-61,744,-1063,0,0
1995-11-01,381,381,381,381,744,-1063,0,0
1995-11-02,869,869,869,869,744,-1063,0,0
1995-11-03,350,350,350,350,869,-1063,0,0
1995-11-06,-91,-91,-91,-91,869,-1063,0,0
1995-11-07,-213,-213,-213,-213,869,-1063,0,0
1995-11-08,445,445,445,445,869,-1063,0,0
1995-11-09,107,107,107,107,869,-1063,0,0
1995-11-10,-271,-271,-271,-271,869,-1063,0,0
1995-11-13,-226,-226,-226,-226,869,-1063,0,0
1995-11-14,-406,-406,-406,-406,869,-1063,0,0
1995-11-15,134,134,134,134,869,-1063,0,0
1995-11-16,726,726,726,726,869,-1063,0,0
1995-11-17,437,437,437,437,869,-1063,0,0
1995-11-20,-227,-227,-227,-227,869,-1063,0,0
1995-11-21,201,201,201,201,869,-1063,0,0
1995-11-22,98,98,98,98,869,-1063,0,0
1995-11-24,367,367,367,367,869,-1063,0,0
1995-11-27,234,234,234,234,869,-406,0,0
1995-11-28,202,202,202,202,869,-406,0,0
1995-11-29,399,399,399,399,869,-406,0,0
1995-11-30,342,342,342,342,869,-406,0,0
1995-12-01,490,490,490,490,869,-406,0,0
1995-12-04,877,877,877,877,726,-406,0,0
1995-12-05,431,431,431,431,877,-406,0,0
1995-12-06,179,179,179,179,877,-406,0,0
1995-12-07,-686,-686,-686,-686,877,-406,0,0
1995-12-08,-20,-20,-20,-20,877,-686,0,0
1995-12-11,74,74,74,74,877,-686,0,0
1995-12-12,-385,-385,-385,-385,877,-686,0,0
1995-12-13,473,473,473,473,877,-686,0,0
1995-12-14,-234,-234,-234,-234,877,-686,0,0
1995-12-15,-139,-139,-139,-139,877,-686,0,0
1995-12-18,-1536,-1536,-1536,-1536,877,-686,0,0
1995-12-19,612,612,612,612,877,-1536,0,0
1995-12-20,500,500,500,500,877,-1536,0,0
1995-12-21,463,463,463,463,877,-1536,0,0
1995-12-22,415,415,415,415,877,-1536,0,0
1995-12-26,238,238,238,238,877,-1536,0,0
1995-12-27,343,343,343,343,877,-1536,0,0
1995-12-28,161,161,161,161,877,-1536,0,0
1995-12-29,713,713,713,713,877,-1536,0,0
1996-01-02,674,674,674,674,877,-1536,0,0
1996-01-03,589,589,589,589,877,-1536,0,0
1996-01-04,-598,-598,-598,-598,713,-1536,0,0
1996-01-05,-26,-26,-26,-26,713,-1536,0,0
1996-01-08,357,357,357,357,713,-1536,0,0
1996-01-09,-714,-714,-714,-714,713,-1536,0,0
1996-01-10,-1437,-1437,-1437,-1437,713,-1536,0,0
1996-01-11,520,520,520,520,713,-1536,0,0
1996-01-12,-104,-104,-104,-104,713,-1536,0,0
1996-01-15,-373,-373,-373,-373,713,-1536,0,0
1996-01-16,484,484,484,484,713,-1536,0,0
1996-01-17,102,102,102,102,713,-1536,0,0
1996-01-18,401,401,401,401,713,-1437,0,0
1996-01-19,279,279,279,279,713,-1437,0,0
1996-01-22,109,109,109,109,713,-1437,0,0
1996-01-23,-63,-63,-63,-63,713,-1437,0,0
1996-01-24,583,583,583,583,713,-1437,0,0
1996-01-25,-225,-225,-225,-225,713,-1437,0,0
1996-01-26,221,221,221,221,713,-1437,0,0
1996-01-29,355,355,355,355,713,-1437,0,0
1996-01-30,899,899,899,899,674,-1437,0,0
1996-01-31,745,745,745,745,899,-1437,0,0
1996-02-01,372,372,372,372,899,-1437,0,0
1996-02-02,-197,-197,-197,-197,899,-1437,0,0
1996-02-05,144,144,144,144,899,-1437,0,0
1996-02-06,436,436,436,436,899,-1437,0,0
1996-02-07,78,78,78,78,899,-1437,0,0
1996-02-08,383,383,383,383,899,-373,0,0
1996-02-09,97,97,97,97,899,-373,0,0
1996-02-12,400,400,400,400,899,-373,0,0
1996-02-13,-136,-136,-136,-136,899,-225,0,0
1996-02-14,17,17,17,17,899,-225,0,0
1996-02-15,-116,-116,-116,-116,899,-225,0,0
1996-02-16,-202,-202,-202,-202,899,-225,0,0
1996-02-20,-1424,-1424,-1424,-1424,899,-225,0,0
1996-02-21,707,707,707,707,899,-1424,0,0
1996-02-22,1086,1086,1086,1086,899,-1424,0,0
1996-02-23,-170,-170,-170,-170,1086,-1424,0,0
1996-02-26,-808,-808,-808,-808,1086,-1424,0,0
1996-02-27,-326,-326,-326,-326,1086,-1424,0,0
1996-02-28,111,111,111,111,1086,-1424,0,0
1996-02-29,-574,-574,-574,-574,1086,-1424,0,0
1996-03-01,530,530,530,530,1086,-1424,0,0
1996-03-04,854,854,854,854,1086,-1424,0,0
1996-03-05,97,97,97,97,1086,-1424,0,0
1996-03-06,-47,-47,-47,-47,1086,-1424,0,0
1996-03-07,-22,-22,-22,-22,1086,-1424,0,0
1996-03-08,-2474,-2474,-2474,-2474,1086,-1424,0,0
1996-03-11,681,681,681,681,1086,-2474,0,0
1996-03-12,-548,-548,-548,-548,1086,-2474,0,0
1996-03-13,652,652,652,652,1086,-2474,0,0
1996-03-14,520,520,520,520,1086,-2474,0,0
1996-03-15,-138,-138,-138,-138,1086,-2474,0,0
1996-03-18,989,989,989,989,1086,-2474,0,0
1996-03-19,205,205,205,205,1086,-2474,0,0
1996-03-20,-49,-49,-49,-49,1086,-2474,0,0
1996-03-21,103,103,103,103,1086,-2474,0,0
1996-03-22,362,362,362,362,989,-2474,0,0
1996-03-25,-17,-17,-17,-17,989,-2474,0,0
1996-03-26,119,119,119,119,989,-2474,0,0
1996-03-27,-229,-229,-229,-229,989,-2474,0,0
1996-03-28,-219,-219,-219,-219,989,-2474,0,0
1996-03-29,278,278,278,278,989,-2474,0,0
1996-04-01,540,540,540,540,989,-2474,0,0
1996-04-02,165,165,165,165,989,-2474,0,0
1996-04-03,-108,-108,-108,-108,989,-2474,0,0
1996-04-04,-135,-135,-135,-135,989,-2474,0,0
1996-04-08,-2046,-2046,-2046,-2046,989,-2474,0,0
1996-04-09,429,429,429,429,989,-2046,0,0
1996-04-10,-747,-747,-747,-747,989,-2046,0,0
1996-04-11,-657,-657,-657,-657,989,-2046,0,0
1996-04-12,787,787,787,787,989,-2046,0,0
1996-04-15,886,886,886,886,989,-2046,0,0
1996-04-16,302,302,302,302,989,-2046,0,0
1996-04-17,-346,-346,-346,-346,886,-2046,0,0
1996-04-18,293,293,293,293,886,-2046,0,0
1996-04-19,475,475,475,475,886,-2046,0,0
1996-04-22,550,550,550,550,886,-2046,0,0
1996-04-23,279,279,279,279,886,-2046,0,0
1996-04-24,-37,-37,-37,-37,886,-2046,0,0
1996-04-25,242,242,242,242,886,-2046,0,0
1996-04-26,428,428,428,428,886,-2046,0,0
1996-04-29,-163,-163,-163,-163,886,-2046,0,0
1996-04-30,-24,-24,-24,-24,886,-2046,0,0
1996-05-01,257,257,257,257,886,-2046,0,0
1996-05-02,-1452,-1452,-1452,-1452,886,-2046,0,0
1996-05-03,-85,-85,-85,-85,886,-2046,0,0
1996-05-06,-237,-237,-237,-237,886,-2046,0,0
1996-05-07,-314,-314,-314,-314,886,-1452,0,0
1996-05-08,59,59,59,59,886,-1452,0,0
1996-05-09,344,344,344,344,886,-1452,0,0
1996-05-10,995,995,995,995,886,-1452,0,0
1996-05-13,968,968,968,968,995,-1452,0,0
1996-05-14,687,687,687,687,995,-1452,0,0
1996-05-15,73,73,73,73,995,-1452,0,0
1996-05-16,-222,-222,-222,-222,995,-1452,0,0
1996-05-17,600,600,600,600,995,-1452,0,0
1996-05-20,284,284,284,284,995,-1452,0,0
1996-05-21,-49,-49,-49,-49,995,-1452,0,0
1996-05-22,272,272,272,272,995,-1452,0,0
1996-05-23,-352,-352,-352,-352,995,-1452,0,0
1996-05-24,102,102,102,102,995,-1452,0,0
1996-05-28,-761,-761,-761,-761,995,-1452,0,0
1996-05-29,-683,-683,-683,-683,995,-1452,0,0
1996-05-30,365,365,365,365,995,-1452,0,0
1996-05-31,-185,-185,-185,-185,995,-1452,0,0
1996-06-03,-316,-316,-316,-316,995,-761,0,0
1996-06-04,539,539,539,539,995,-761,0,0
1996-06-05,451,451,451,451,995,-761,0,0
1996-06-06,-370,-370,-370,-370,995,-761,0,0
1996-06-07,-1147,-1147,-1147,-1147,995,-761,0,0
1996-06-10,-123,-123,-123,-123,995,-1147,0,0
1996-06-11,-83,-83,-83,-83,968,-1147,0,0
1996-06-12,-86,-86,-86,-86,687,-1147,0,0
1996-06-13,-400,-400,-400,-400,600,-1147,0,0
1996-06-14,-318,-318,-318,-318,600,-1147,0,0
1996-06-17,-121,-121,-121,-121,600,-1147,0,0
1996-06-18,-146,-146,-146,-146,539,-1147,0,0
1996-06-19,-405,-405,-405,-405,539,-1147,0,0
1996-06-20,-584,-584,-584,-584,539,-1147,0,0
1996-06-21,332,332,332,332,539,-1147,0,0
1996-06-24,329,329,329,329,539,-1147,0,0
1996-06-25,-212,-212,-212,-212,539,-1147,0,0
1996-06-26,-555,-555,-555,-555,539,-1147,0,0
1996-06-27,287,287,287,287,539,-1147,0,0
1996-06-28,1083,1083,1083,1083,539,-1147,0,0
1996-07-01,353,353,353,353,1083,-1147,0,0
1996-07-02,111,111,111,111,1083,-1147,0,0
1996-07-03,-102,-102,-102,-102,1083,-1147,0,0
1996-07-05,-1789,-1789,-1789,-1789,1083,-1147,0,0
1996-07-08,-979,-979,-979,-979,1083,-1789,0,0
1996-07-09,340,340,340,340,1083,-1789,0,0
1996-07-10,-366,-366,-366,-366,1083,-1789,0,0
1996-07-11,-1489,-1489,-1489,-1489,1083,-1789,0,0
1996-07-12,27,27,27,27,1083,-1789,0,0
1996-07-15,-1709,-1709,-1709,-1709,1083,-1789,0,0
1996-07-16,-1183,-1183,-1183,-1183,1083,-1789,0,0
1996-07-17,1047,1047,1047,1047,1083,-1789,0,0
1996-07-18,1221,1221,1221,1221,1083,-1789,0,0
1996-07-19,-414,-414,-414,-414,1221,-1789,0,0
1996-07-22,-1121,-1121,-1121,-1121,1221,-1789,0,0
1996-07-23,-987,-987,-987,-987,1221,-1789,0,0
1996-07-24,-1136,-1136,-1136,-1136,1221,-1789,0,0
1996-07-25,735,735,735,735,1221,-1789,0,0
1996-07-26,751,751,751,751,1221,-1789,0,0
1996-07-29,-560,-560,-560,-560,1221,-1789,0,0
1996-07-30,363,363,363,363,1221,-1789,0,0
1996-07-31,676,676,676,676,1221,-1789,0,0
1996-08-01,1435,1435,1435,1435,1221,-1789,0,0
1996-08-02,1566,1566,1566,1566,1435,-1789,0,0
1996-08-05,-49,-49,-49,-49,1566,-1709,0,0
1996-08-06,118,118,118,118,1566,-1709,0,0
1996-08-07,434,434,434,434,1566,-1709,0,0
1996-08-08,3,3,3,3,1566,-1709,0,0
1996-08-09,214,214,214,214,1566,-1709,0,0
1996-08-12,209,209,209,209,1566,-1709,0,0
1996-08-13,-654,-654,-654,-654,1566,-1183,0,0
1996-08-14,556,556,556,556,1566,-1136,0,0
1996-08-15,245,245,245,245,1566,-1136,0,0
1996-08-16,800,800,800,800,1566,-1136,0,0
1996-08-19,202,202,202,202,1566,-1136,0,0
1996-08-20,176,176,176,176,1566,-1136,0,0
1996-08-21,-177,-177,-177,-177,1566,-1136,0,0
1996-08-22,635,635,635,635,1566,-654,0,0
1996-08-23,-272,-272,-272,-272,1566,-654,0,0
1996-08-26,-460,-460,-460,-460,1566,-654,0,0
1996-08-27,540,540,540,540,1566,-654,0,0
1996-08-28,286,286,286,286,1566,-654,0,0
1996-08-29,-885,-885,-885,-885,1566,-654,0,0
1996-08-30,-628,-628,-628,-628,1566,-885,0,0
1996-09-03,-368,-368,-368,-368,800,-885,0,0
1996-09-04,432,432,432,432,800,-885,0,0
1996-09-05,-841,-841,-841,-841,800,-885,0,0
1996-09-06,947,947,947,947,800,-885,0,0
1996-09-09,681,681,681,681,947,-885,0,0
1996-09-10,22,22,22,22,947,-885,0,0
1996-09-11,216,216,216,216,947,-885,0,0
1996-09-12,606,606,606,606,947,-885,0,0
1996-09-13,994,994,994,994,947,-885,0,0
1996-09-16,414,414,414,414,994,-885,0,0
1996-09-17,-463,-463,-463,-463,994,-885,0,0
1996-09-18,-366,-366,-366,-366,994,-885,0,0
1996-09-19,-152,-152,-152,-152,994,-885,0,0
1996-09-20,520,520,520,520,994,-885,0,0
1996-09-23,-587,-587,-587,-587,994,-885,0,0
1996-09-24,157,157,157,157,994,-885,0,0
1996-09-25,234,234,234,234,994,-885,0,0
1996-09-26,399,399,399,399,994,-885,0,0
1996-09-27,260,260,260,260,994,-885,0,0
1996-09-30,287,287,287,287,994,-841,0,0
1996-10-01,212,212,212,212,994,-841,0,0
1996-10-02,880,880,880,880,994,-841,0,0
1996-10-03,-133,-133,-133,-133,994,-841,0,0
1996-10-04,1077,1077,1077,1077,994,-587,0,0
1996-10-07,-85,-85,-85,-85,1077,-587,0,0
1996-10-08,-361,-361,-361,-361,1077,-587,0,0
1996-10-09,-592,-592,-592,-592,1077,-587,0,0
1996-10-10,-168,-168,-168,-168,1077,-592,0,0
1996-10-11,622,622,622,622,1077,-592,0,0
1996-10-14,111,111,111,111,1077,-592,0,0
1996-10-15,-222,-222,-222,-222,1077,-592,0,0
1996-10-16,-66,-66,-66,-66,1077,-592,0,0
1996-10-17,466,466,466,466,1077,-592,0,0
1996-10-18,287,287,287,287,1077,-592,0,0
1996-10-21,-238,-238,-238,-238,1077,-592,0,0
1996-10-22,-626,-626,-626,-626,1077,-592,0,0
1996-10-23,-205,-205,-205,-205,1077,-626,0,0
1996-10-24,-118,-118,-118,-118,1077,-626,0,0
1996-10-25,10,10,10,10,1077,-626,0,0
1996-10-28,-640,-640,-640,-640,1077,-626,0,0
1996-10-29,129,129,129,129,1077,-640,0,0
1996-10-30,22,22,22,22,1077,-640,0,0
1996-10-31,511,511,511,511,1077,-640,0,0
1996-11-01,-62,-62,-62,-62,1077,-640,0,0
1996-11-04,262,262,262,262,622,-640,0,0
1996-11-05,529,529,529,529,622,-640,0,0
1996-11-06,943,943,943,943,622,-640,0,0
1996-11-07,336,336,336,336,943,-640,0,0
1996-11-08,231,231,231,231,943,-640,0,0
1996-11-11,388,388,388,388,943,-640,0,0
1996-11-12,237,237,237,237,943,-640,0,0
1996-11-13,176,176,176,176,943,-640,0,0
1996-11-14,506,506,506,506,943,-640,0,0
1996-11-15,72,72,72,72,943,-640,0,0
1996-11-18,-45,-45,-45,-45,943,-640,0,0
1996-11-19,396,396,396,396,943,-640,0,0
1996-11-20,315,315,315,315,943,-640,0,0
1996-11-21,-9,-9,-9,-9,943,-640,0,0
1996-11-22,569,569,569,569,943,-640,0,0
1996-11-25,751,751,751,751,943,-640,0,0
1996-11-26,-224,-224,-224,-224,943,-62,0,0
1996-11-27,207,207,207,207,943,-224,0,0
1996-11-29,371,371,371,371,943,-224,0,0
1996-12-02,44,44,44,44,943,-224,0,0
1996-12-03,76,76,76,76,943,-224,0,0
1996-12-04,-379,-379,-379,-379,943,-224,0,0
1996-12-05,-55,-55,-55,-55,943,-379,0,0
1996-12-06,-1508,-1508,-1508,-1508,751,-379,0,0
1996-12-09,1314,1314,1314,1314,751,-1508,0,0
1996-12-10,255,255,255,255,1314,-1508,0,0
1996-12-11,-1628,-1628,-1628,-1628,1314,-1508,0,0
1996-12-12,-733,-733,-733,-733,1314,-1628,0,0
1996-12-13,-398,-398,-398,-398,1314,-1628,0,0
1996-12-16,-786,-786,-786,-786,1314,-1628,0,0
1996-12-17,-11,-11,-11,-11,1314,-1628,0,0
1996-12-18,659,659,659,659,1314,-1628,0,0
1996-12-19,1066,1066,1066,1066,1314,-1628,0,0
1996-12-20,644,644,644,644,1314,-1628,0,0
1996-12-23,-263,-263,-263,-263,1314,-1628,0,0
1996-12-24,369,369,369,369,1314,-1628,0,0
1996-12-26,762,762,762,762,1314,-1628,0,0
1996-12-27,660,660,660,660,1314,-1628,0,0
1996-12-30,296,296,296,296,1314,-1628,0,0
1996-12-31,63,63,63,63,1314,-1628,0,0
1997-01-02,-1089,-1089,-1089,-1089,1314,-1628,0,0
1997-01-03,1125,1125,1125,1125,1314,-1628,0,0
1997-01-06,295,295,295,295,1314,-1628,0,0
1997-01-07,452,452,452,452,1314,-1628,0,0
1997-01-08,-37,-37,-37,-37,1314,-1628,0,0
1997-01-09,675,675,675,675,1125,-1628,0,0
1997-01-10,38,38,38,38,1125,-1628,0,0
1997-01-13,196,196,196,196,1125,-1089,0,0
1997-01-14,994,994,994,994,1125,-1089,0,0
1997-01-15,-4,-4,-4,-4,1125,-1089,0,0
1997-01-16,169,169,169,169,1125,-1089,0,0
1997-01-17,567,567,567,567,1125,-1089,0,0
1997-01-20,22,22,22,22,1125,-1089,0,0
1997-01-21,64,64,64,64,1125,-1089,0,0
1997-01-22,-106,-106,-106,-106,1125,-1089,0,0
1997-01-23,-302,-302,-302,-302,1125,-1089,0,0
1997-01-24,-875,-875,-875,-875,1125,-1089,0,0
1997-01-27,-802,-802,-802,-802,1125,-1089,0,0
1997-01-28,370,370,370,370,1125,-1089,0,0
1997-01-29,80,80,80,80,1125,-1089,0,0
1997-01-30,630,630,630,630,1125,-1089,0,0
1997-01-31,300,300,300,300,1125,-875,0,0
1997-02-03,253,253,253,253,994,-875,0,0
1997-02-04,-120,-120,-120,-120,994,-875,0,0
1997-02-05,-670,-670,-670,-670,994,-875,0,0
1997-02-06,8,8,8,8,994,-875,0,0
1997-02-07,699,699,699,699,994,-875,0,0
1997-02-10,-176,-176,-176,-176,994,-875,0,0
1997-02-11,114,114,114,114,994,-875,0,0
1997-02-12,1022,1022,1022,1022,699,-875,0,0
1997-02-13,888,888,888,888,1022,-875,0,0
1997-02-14,126,126,126,126,1022,-875,0,0
1997-02-18,476,476,476,476,1022,-875,0,0
1997-02-19,8,8,8,8,1022,-875,0,0
1997-02-20,-835,-835,-835,-835,1022,-875,0,0
1997-02-21,156,156,156,156,1022,-875,0,0
1997-02-24,446,446,446,446,1022,-875,0,0
1997-02-25,280,280,280,280,1022,-835,0,0
1997-02-26,-1034,-1034,-1034,-1034,1022,-835,0,0
1997-02-27,-707,-707,-707,-707,1022,-1034,0,0
1997-02-28,-386,-386,-386,-386,1022,-1034,0,0
1997-03-03,22,22,22,22,1022,-1034,0,0
1997-03-04,294,294,294,294,1022,-1034,0,0
1997-03-05,659,659,659,659,1022,-1034,0,0
1997-03-06,59,59,59,59,1022,-1034,0,0
1997-03-07,761,761,761,761,1022,-1034,0,0
1997-03-10,776,776,776,776,1022,-1034,0,0
1997-03-11,125,125,125,125,1022,-1034,0,0
1997-03-12,-641,-641,-641,-641,1022,-1034,0,0
1997-03-13,-1567,-1567,-1567,-1567,1022,-1034,0,0
1997-03-14,378,378,378,378,888,-1567,0,0
1997-03-17,-801,-801,-801,-801,776,-1567,0,0
1997-03-18,-810,-810,-810,-810,776,-1567,0,0
1997-03-19,-573,-573,-573,-573,776,-1567,0,0
1997-03-20,-609,-609,-609,-609,776,-1567,0,0
1997-03-21,76,76,76,76,776,-1567,0,0
1997-03-24,-123,-123,-123,-123,776,-1567,0,0
1997-03-25,133,133,133,133,776,-1567,0,0
1997-03-26,131,131,131,131,776,-1567,0,0
1997-03-27,-1389,-1389,-1389,-1389,776,-1567,0,0
1997-03-31,-1578,-1578,-1578,-1578,776,-1567,0,0
1997-04-01,-189,-189,-189,-189,776,-1578,0,0
1997-04-02,-896,-896,-896,-896,776,-1578,0,0
1997-04-03,-662,-662,-662,-662,776,-1578,0,0
1997-04-04,364,364,364,364,776,-1578,0,0
1997-04-07,939,939,939,939,776,-1578,0,0
1997-04-08,234,234,234,234,939,-1578,0,0
1997-04-09,33,33,33,33,939,-1578,0,0
1997-04-10,-230,-230,-230,-230,939,-1578,0,0
1997-04-11,-1912,-1912,-1912,-1912,939,-1578,0,0
1997-04-14,-398,-398,-398,-398,939,-1912,0,0
1997-04-15,1096,1096,1096,1096,939,-1912,0,0
1997-04-16,390,390,390,390,1096,-1912,0,0
1997-04-17,75,75,75,75,1096,-1912,0,0
1997-04-18,565,565,565,565,1096,-1912,0,0
1997-04-21,-744,-744,-744,-744,1096,-1912,0,0
1997-04-22,565,565,565,565,1096,-1912,0,0
1997-04-23,-210,-210,-210,-210,1096,-1912,0,0
1997-04-24,-106,-106,-106,-106,1096,-1912,0,0
1997-04-25,-886,-886,-886,-886,1096,-1912,0,0
1997-04-28,262,262,262,262,1096,-1912,0,0
1997-04-29,1565,1565,1565,1565,1096,-1912,0,0
1997-04-30,665,665,665,665,1565,-1912,0,0
1997-05-01,413,413,413,413,1565,-1912,0,0
1997-05-02,1636,1636,1636,1636,1565,-1912,0,0
1997-05-05,1292,1292,1292,1292,1636,-1912,0,0
1997-05-06,-12,-12,-12,-12,1636,-1912,0,0
1997-05-07,-829,-829,-829,-829,1636,-1912,0,0
1997-05-08,331,331,331,331,1636,-1912,0,0
1997-05-09,576,576,576,576,1636,-1912,0,0
1997-05-12,1043,1043,1043,1043,1636,-886,0,0
1997-05-13,-173,-173,-173,-173,1636,-886,0,0
1997-05-14,477,477,477,477,1636,-886,0,0
1997-05-15,114,114,114,114,1636,-886,0,0
1997-05-16,-479,-479,-479,-479,1636,-886,0,0
1997-05-19,332,332,332,332,1636,-886,0,0
1997-05-20,378,378,378,378,1636,-886,0,0
1997-05-21,319,319,319,319,1636,-886,0,0
1997-05-22,98,98,98,98,1636,-886,0,0
1997-05-23,1242,1242,1242,1242,1636,-886,0,0
1997-05-27,-63,-63,-63,-63,1636,-829,0,0
1997-05-28,133,133,133,133,1636,-829,0,0
1997-05-29,394,394,394,394,1636,-829,0,0
1997-05-30,669,669,669,669,1636,-829,0,0
1997-06-02,541,541,541,541,1636,-829,0,0
1997-06-03,464,464,464,464,1292,-829,0,0
1997-06-04,-187,-187,-187,-187,1242,-829,0,0
1997-06-05,522,522,522,522,1242,-829,0,0
1997-06-06,1030,1030,1030,1030,1242,-479,0,0
1997-06-09,344,344,344,344,1242,-479,0,0
1997-06-10,239,239,239,239,1242,-479,0,0
1997-06-11,461,461,461,461,1242,-479,0,0
1997-06-12,1187,1187,1187,1187,1242,-479,0,0
1997-06-13,931,931,931,931,1242,-479,0,0
1997-06-16,-38,-38,-38,-38,1242,-479,0,0
1997-06-17,-1,-1,-1,-1,1242,-187,0,0
1997-06-18,-95,-95,-95,-95,1242,-187,0,0
1997-06-19,912,912,912,912,1242,-187,0,0
1997-06-20,-337,-337,-337,-337,1242,-187,0,0
1997-06-23,-977,-977,-977,-977,1242,-337,0,0
1997-06-24,802,802,802,802,1187,-977,0,0
1997-06-25,-256,-256,-256,-256,1187,-977,0,0
1997-06-26,-121,-121,-121,-121,1187,-977,0,0
1997-06-27,850,850,850,850,1187,-977,0,0
1997-06-30,225,225,225,225,1187,-977,0,0
1997-07-01,554,554,554,554,1187,-977,0,0
1997-07-02,902,902,902,902,1187,-977,0,0
1997-07-03,1195,1195,1195,1195,1187,-977,0,0
1997-07-07,58,58,58,58,1195,-977,0,0
1997-07-08,553,553,553,553,1195,-977,0,0
1997-07-09,-580,-580,-580,-580,1195,-977,0,0
1997-07-10,732,732,732,732,1195,-977,0,0
1997-07-11,630,630,630,630,1195,-977,0,0
1997-07-14,113,113,113,113,1195,-977,0,0
1997-07-15,179,179,179,179,1195,-977,0,0
1997-07-16,1062,1062,1062,1062,1195,-977,0,0
1997-07-17,-283,-283,-283,-283,1195,-977,0,0
1997-07-18,-1162,-1162,-1162,-1162,1195,-977,0,0
1997-07-21,-980,-980,-980,-980,1195,-1162,0,0
1997-07-22,1252,1252,1252,1252,1195,-1162,0,0
1997-07-23,566,566,566,566,1252,-1162,0,0
1997-07-24,-64,-64,-64,-64,1252,-1162,0,0
1997-07-25,5,5,5,5,1252,-1162,0,0
1997-07-28,21,21,21,21,1252,-1162,0,0
1997-07-29,562,562,562,562,1252,-1162,0,0
1997-07-30,1248,1248,1248,1248,1252,-1162,0,0
1997-07-31,590,590,590,590,1252,-1162,0,0
1997-08-01,-779,-779,-779,-779,1252,-1162,0,0
1997-08-04,117,117,117,117,1252,-1162,0,0
1997-08-05,375,375,375,375,1252,-1162,0,0
1997-08-06,877,877,877,877,1252,-1162,0,0
1997-08-07,-344,-344,-344,-344,1252,-1162,0,0
1997-08-08,-1937,-1937,-1937,-1937,1252,-1162,0,0
1997-08-11,-103,-103,-103,-103,1252,-1937,0,0
1997-08-12,-340,-340,-340,-340,1252,-1937,0,0
1997-08-13,-103,-103,-103,-103,1252,-1937,0,0
1997-08-14,289,289,289,289,1252,-1937,0,0
1997-08-15,-1419,-1419,-1419,-1419,1252,-1937,0,0
1997-08-18,-55,-55,-55,-55,1252,-1937,0,0
1997-08-19,1230,1230,1230,1230,1252,-1937,0,0
1997-08-20,1053,1053,1053,1053,1248,-1937,0,0
1997-08-21,-1028,-1028,-1028,-1028,1248,-1937,0,0
1997-08-22,-901,-901,-901,-901,1248,-1937,0,0
1997-08-25,368,368,368,368,1248,-1937,0,0
1997-08-26,-198,-198,-198,-198,1248,-1937,0,0
1997-08-27,451,451,451,451,1248,-1937,0,0
1997-08-28,-147,-147,-147,-147,1230,-1937,0,0
1997-08-29,-153,-153,-153,-153,1230,-1937,0,0
1997-09-02,1426,1426,1426,1426,1230,-1937,0,0
1997-09-03,599,599,599,599,1426,-1937,0,0
1997-09-04,186,186,186,186,1426,-1937,0,0
1997-09-05,484,484,484,484,1426,-1937,0,0
1997-09-08,708,708,708,708,1426,-1937,0,0
1997-09-09,369,369,369,369,1426,-1419,0,0
1997-09-10,-730,-730,-730,-730,1426,-1419,0,0
1997-09-11,-673,-673,-673,-673,1426,-1419,0,0
1997-09-12,1305,1305,1305,1305,1426,-1419,0,0
1997-09-15,253,253,253,253,1426,-1419,0,0
1997-09-16,1472,1472,1472,1472,1426,-1028,0,0
1997-09-17,70,70,70,70,1472,-1028,0,0
1997-09-18,544,544,544,544,1472,-1028,0,0
1997-09-19,-73,-73,-73,-73,1472,-1028,0,0
1997-09-22,513,513,513,513,1472,-901,0,0
1997-09-23,-245,-245,-245,-245,1472,-730,0,0
1997-09-24,-11,-11,-11,-11,1472,-730,0,0
1997-09-25,-122,-122,-122,-122,1472,-730,0,0
1997-09-26,688,688,688,688,1472,-730,0,0
1997-09-29,434,434,434,434,1472,-730,0,0
1997-09-30,371,371,371,371,1472,-730,0,0
1997-10-01,915,915,915,915,1472,-730,0,0
1997-10-02,462,462,462,462,1472,-730,0,0
1997-10-03,742,742,742,742,1472,-730,0,0
1997-10-06,712,712,712,712,1472,-730,0,0
1997-10-07,351,351,351,351,1472,-730,0,0
1997-10-08,-933,-933,-933,-933,1472,-730,0,0
1997-10-09,-547,-547,-547,-547,1472,-933,0,0
1997-10-10,-229,-229,-229,-229,1472,-933,0,0
1997-10-13,207,207,207,207,1472,-933,0,0
1997-10-14,32,32,32,32,1472,-933,0,0
1997-10-15,-464,-464,-464,-464,915,-933,0,0
1997-10-16,-753,-753,-753,-753,915,-933,0,0
1997-10-17,-1716,-1716,-1716,-1716,915,-933,0,0
1997-10-20,890,890,890,890,915,-1716,0,0
1997-10-21,1023,1023,1023,1023,915,-1716,0,0
1997-10-22,-428,-428,-428,-428,1023,-1716,0,0
1997-10-23,-1833,-1833,-1833,-1833,1023,-1716,0,0
1997-10-24,-163,-163,-163,-163,1023,-1833,0,0
1997-10-27,-2805,-2805,-2805,-2805,1023,-1833,0,0
1997-10-28,493,493,493,493,1023,-2805,0,0
1997-10-29,903,903,903,903,1023,-2805,0,0
1997-10-30,-1371,-1371,-1371,-1371,1023,-2805,0,0
1997-10-31,1197,1197,1197,1197,1023,-2805,0,0
1997-11-03,1717,1717,1717,1717,1197,-2805,0,0
1997-11-04,152,152,152,152,1717,-2805,0,0
1997-11-05,491,491,491,491,1717,-2805,0,0
1997-11-06,-443,-443,-443,-443,1717,-2805,0,0
1997-11-07,-1855,-1855,-1855,-1855,1717,-2805,0,0
1997-11-10,28,28,28,28,1717,-2805,0,0
1997-11-11,-150,-150,-150,-150,1717,-2805,0,0
1997-11-12,-1716,-1716,-1716,-1716,1717,-2805,0,0
1997-11-13,-64,-64,-64,-64,1717,-2805,0,0
1997-11-14,957,957,957,957,1717,-2805,0,0
1997-11-17,1574,1574,1574,1574,1717,-2805,0,0
1997-11-18,-576,-576,-576,-576,1717,-2805,0,0
1997-11-19,115,115,115,115,1717,-2805,0,0
1997-11-20,1135,1135,1135,1135,1717,-2805,0,0
1997-11-21,285,285,285,285,1717,-2805,0,0
1997-11-24,-1419,-1419,-1419,-1419,1717,-2805,0,0
1997-11-25,176,176,176,176,1717,-1855,0,0
1997-11-26,473,473,473,473,1717,-1855,0,0
1997-11-28,670,670,670,670,1717,-1855,0,0
1997-12-01,1034,1034,1034,1034,1717,-1855,0,0
1997-12-02,296,296,296,296,1717,-1855,0,0
1997-12-03,395,395,395,395,1574,-1855,0,0
1997-12-04,219,219,219,219,1574,-1855,0,0
1997-12-05,542,542,542,542,1574,-1855,0,0
1997-12-08,247,247,247,247,1574,-1855,0,0
1997-12-09,-632,-632,-632,-632,1574,-1716,0,0
1997-12-10,-968,-968,-968,-968,1574,-1716,0,0
1997-12-11,-1497,-1497,-1497,-1497,1574,-1716,0,0
1997-12-12,39,39,39,39,1574,-1497,0,0
1997-12-15,229,229,229,229,1574,-1497,0,0
1997-12-16,492,492,492,492,1574,-1497,0,0
1997-12-17,349,349,349,349,1135,-1497,0,0
1997-12-18,-851,-851,-851,-851,1135,-1497,0,0
1997-12-19,-994,-994,-994,-994,1135,-1497,0,0
1997-12-22,372,372,372,372,1034,-1497,0,0
1997-12-23,-191,-191,-191,-191,1034,-1497,0,0
1997-12-24,-178,-178,-178,-178,1034,-1497,0,0
1997-12-26,250,250,250,250,1034,-1497,0,0
1997-12-29,1278,1278,1278,1278,1034,-1497,0,0
1997-12-30,1413,1413,1413,1413,1278,-1497,0,0
1997-12-31,738,738,738,738,1413,-1497,0,0
1998-01-02,126,126,126,126,1413,-1497,0,0
1998-01-05,242,242,242,242,1413,-1497,0,0
1998-01-06,-958,-958,-958,-958,1413,-1497,0,0
1998-01-07,-587,-587,-587,-587,1413,-1497,0,0
1998-01-08,-772,-772,-772,-772,1413,-1497,0,0
1998-01-09,-1987,-1987,-1987,-1987,1413,-1497,0,0
1998-01-12,-367,-367,-367,-367,1413,-1987,0,0
1998-01-13,1272,1272,1272,1272,1413,-1987,0,0
1998-01-14,797,797,797,797,1413,-1987,0,0
1998-01-15,-258,-258,-258,-258,1413,-1987,0,0
1998-01-16,1279,1279,1279,1279,1413,-1987,0,0
1998-01-20,979,979,979,979,1413,-1987,0,0
1998-01-21,-657,-657,-657,-657,1413,-1987,0,0
1998-01-22,-718,-718,-718,-718,1413,-1987,0,0
1998-01-23,-769,-769,-769,-769,1413,-1987,0,0
1998-01-26,-232,-232,-232,-232,1413,-1987,0,0
1998-01-27,551,551,551,551,1413,-1987,0,0
1998-01-28,871,871,871,871,1413,-1987,0,0
1998-01-29,771,771,771,771,1413,-1987,0,0
1998-01-30,-25,-25,-25,-25,1279,-1987,0,0
1998-02-02,1103,1103,1103,1103,1279,-1987,0,0
1998-02-03,562,562,562,562,1279,-1987,0,0
1998-02-04,315,315,315,315,1279,-1987,0,0
1998-02-05,388,388,388,388,1279,-1987,0,0
1998-02-06,610,610,610,610,1279,-1987,0,0
1998-02-09,-18,-18,-18,-18,1279,-1987,0,0
1998-02-10,828,828,828,828,1279,-769,0,0
1998-02-11,174,174,174,174,1279,-769,0,0
1998-02-12,16,16,16,16,1279,-769,0,0
1998-02-13,-137,-137,-137,-137,1279,-769,0,0
1998-02-17,171,171,171,171,1279,-769,0,0
1998-02-18,499,499,499,499,1103,-769,0,0
1998-02-19,-300,-300,-300,-300,1103,-769,0,0
1998-02-20,188,188,188,188,1103,-769,0,0
1998-02-23,130,130,130,130,1103,-769,0,0
1998-02-24,-580,-580,-580,-580,1103,-300,0,0
1998-02-25,1056,1056,1056,1056,1103,-580,0,0
1998-02-26,620,620,620,620,1103,-580,0,0
1998-02-27,207,207,207,207,1103,-580,0,0
1998-03-02,415,415,415,415,1103,-580,0,0
1998-03-03,187,187,187,187,1103,-580,0,0
1998-03-04,-507,-507,-507,-507,1056,-580,0,0
1998-03-05,-1300,-1300,-1300,-1300,1056,-580,0,0
1998-03-06,1444,1444,1444,1444,1056,-1300,0,0
1998-03-09,-200,-200,-200,-200,1444,-1300,0,0
1998-03-10,891,891,891,891,1444,-1300,0,0
1998-03-11,539,539,539,539,1444,-1300,0,0
1998-03-12,116,116,116,116,1444,-1300,0,0
1998-03-13,112,112,112,112,1444,-1300,0,0
1998-03-16,632,632,632,632,1444,-1300,0,0
1998-03-17,-35,-35,-35,-35,1444,-1300,0,0
1998-03-18,181,181,181,181,1444,-1300,0,0
1998-03-19,407,407,407,407,1444,-1300,0,0
1998-03-20,426,426,426,426,1444,-1300,0,0
1998-03-23,-234,-234,-234,-234,1444,-1300,0,0
1998-03-24,543,543,543,543,1444,-1300,0,0
1998-03-25,-143,-143,-143,-143,1444,-1300,0,0
1998-03-26,-15,-15,-15,-15,1444,-1300,0,0
1998-03-27,-283,-283,-283,-283,1444,-1300,0,0
1998-03-30,-505,-505,-505,-505,1444,-1300,0,0
1998-03-31,901,901,901,901,1444,-1300,0,0
1998-04-01,502,502,502,502,1444,-1300,0,0
1998-04-02,565,565,565,565,1444,-1300,0,0
1998-04-03,95,95,95,95,1444,-505,0,0
1998-04-06,-409,-409,-409,-409,901,-505,0,0
1998-04-07,-1211,-1211,-1211,-1211,901,-505,0,0
1998-04-08,-412,-412,-412,-412,901,-1211,0,0
1998-04-09,769,769,769,769,901,-1211,0,0
1998-04-13,-425,-425,-425,-425,901,-1211,0,0
1998-04-14,796,796,796,796,901,-1211,0,0
1998-04-15,159,159,159,159,901,-1211,0,0
1998-04-16,-993,-993,-993,-993,901,-1211,0,0
1998-04-17,584,584,584,584,901,-1211,0,0
1998-04-20,-200,-200,-200,-200,901,-1211,0,0
1998-04-21,200,200,200,200,901,-1211,0,0
1998-04-22,-144,-144,-144,-144,901,-1211,0,0
1998-04-23,-1304,-1304,-1304,-1304,901,-1211,0,0
1998-04-24,-1178,-1178,-1178,-1178,901,-1304,0,0
1998-04-27,-2531,-2531,-2531,-2531,901,-1304,0,0
1998-04-28,665,665,665,665,901,-2531,0,0
1998-04-29,901,901,901,901,901,-2531,0,0
1998-04-30,1614,1614,1614,1614,901,-2531,0,0
1998-05-01,700,700,700,700,1614,-2531,0,0
1998-05-04,113,113,113,113,1614,-2531,0,0
1998-05-05,-669,-669,-669,-669,1614,-2531,0,0
1998-05-06,-697,-697,-697,-697,1614,-2531,0,0
1998-05-07,-905,-905,-905,-905,1614,-2531,0,0
1998-05-08,684,684,684,684,1614,-2531,0,0
1998-05-11,-374,-374,-374,-374,1614,-2531,0,0
1998-05-12,-177,-177,-177,-177,1614,-2531,0,0
1998-05-13,-112,-112,-112,-112,1614,-2531,0,0
1998-05-14,-462,-462,-462,-462,1614,-2531,0,0
1998-05-15,-599,-599,-599,-599,1614,-2531,0,0
1998-05-18,-1118,-1118,-1118,-1118,1614,-2531,0,0
1998-05-19,419,419,419,419,1614,-2531,0,0
1998-05-20,24,24,24,24,1614,-2531,0,0
1998-05-21,-235,-235,-235,-235,1614,-2531,0,0
1998-05-22,-740,-740,-740,-740,1614,-2531,0,0
1998-05-26,-1365,-1365,-1365,-1365,1614,-2531,0,0
1998-05-27,-1321,-1321,-1321,-1321,1614,-1365,0,0
1998-05-28,877,877,877,877,1614,-1365,0,0
1998-05-29,474,474,474,474,1614,-1365,0,0
1998-06-01,-632,-632,-632,-632,877,-1365,0,0
1998-06-02,-41,-41,-41,-41,877,-1365,0,0
1998-06-03,-171,-171,-171,-171,877,-1365,0,0
1998-06-04,387,387,387,387,877,-1365,0,0
1998-06-05,888,888,888,888,877,-1365,0,0
1998-06-08,372,372,372,372,888,-1365,0,0
1998-06-09,-364,-364,-364,-364,888,-1365,0,0
1998-06-10,-1044,-1044,-1044,-1044,888,-1365,0,0
1998-06-11,-1422,-1422,-1422,-1422,888,-1365,0,0
1998-06-12,-786,-786,-786,-786,888,-1422,0,0
1998-06-15,-1640,-1640,-1640,-1640,888,-1422,0,0
1998-06-16,722,722,722,722,888,-1640,0,0
1998-06-17,1284,1284,1284,1284,888,-1640,0,0
1998-06-18,-804,-804,-804,-804,1284,-1640,0,0
1998-06-19,-606,-606,-606,-606,1284,-1640,0,0
1998-06-22,105,105,105,105,1284,-1640,0,0
1998-06-23,634,634,634,634,1284,-1640,0,0
1998-06-24,470,470,470,470,1284,-1640,0,0
1998-06-25,-183,-183,-183,-183,1284,-1640,0,0
1998-06-26,261,261,261,261,1284,-1640,0,0
1998-06-29,667,667,667,667,1284,-1640,0,0
1998-06-30,427,427,427,427,1284,-1640,0,0
1998-07-01,1140,1140,1140,1140,1284,-1640,0,0
1998-07-02,123,123,123,123,1284,-1640,0,0
1998-07-06,448,448,448,448,1284,-1640,0,0
1998-07-07,95,95,95,95,1284,-1640,0,0
1998-07-08,519,519,519,519,1284,-1640,0,0
1998-07-09,-499,-499,-499,-499,1284,-1640,0,0
1998-07-10,-273,-273,-273,-273,1284,-1640,0,0
1998-07-13,-363,-363,-363,-363,1284,-1640,0,0
1998-07-14,583,583,583,583,1284,-1640,0,0
1998-07-15,-110,-110,-110,-110,1284,-804,0,0
1998-07-16,525,525,525,525,1284,-804,0,0
1998-07-17,-167,-167,-167,-167,1140,-804,0,0
1998-07-20,-483,-483,-483,-483,1140,-606,0,0
1998-07-21,-1170,-1170,-1170,-1170,1140,-499,0,0
1998-07-22,-856,-856,-856,-856,1140,-1170,0,0
1998-07-23,-1730,-1730,-1730,-1730,1140,-1170,0,0
1998-07-24,-690,-690,-690,-690,1140,-1730,0,0
1998-07-27,-1130,-1130,-1130,-1130,1140,-1730,0,0
1998-07-28,-1337,-1337,-1337,-1337,1140,-1730,0,0
1998-07-29,-290,-290,-290,-290,1140,-1730,0,0
1998-07-30,897,897,897,897,1140,-1730,0,0
1998-07-31,-1447,-1447,-1447,-1447,897,-1730,0,0
1998-08-03,-1153,-1153,-1153,-1153,897,-1730,0,0
1998-08-04,-2112,-2112,-2112,-2112,897,-1730,0,0
1998-08-05,-571,-571,-571,-571,897,-2112,0,0
1998-08-06,419,419,419,419,897,-2112,0,0
1998-08-07,1018,1018,1018,1018,897,-2112,0,0
1998-08-10,-1010,-1010,-1010,-1010,1018,-2112,0,0
1998-08-11,-2043,-2043,-2043,-2043,1018,-2112,0,0
1998-08-12,1326,1326,1326,1326,1018,-2112,0,0
1998-08-13,-775,-775,-775,-775,1326,-2112,0,0
1998-08-14,-343,-343,-343,-343,1326,-2112,0,0
1998-08-17,166,166,166,166,1326,-2112,0,0
1998-08-18,1161,1161,1161,1161,1326,-2112,0,0
1998-08-19,-521,-521,-521,-521,1326,-2112,0,0
1998-08-20,-803,-803,-803,-803,1326,-2112,0,0
1998-08-21,-1513,-1513,-1513,-1513,1326,-2112,0,0
1998-08-24,-230,-230,-230,-230,1326,-2112,0,0
1998-08-25,-300,-300,-300,-300,1326,-2112,0,0
1998-08-26,-1624,-1624,-1624,-1624,1326,-2112,0,0
1998-08-27,-2497,-2497,-2497,-2497,1326,-2112,0,0
1998-08-28,-1295,-1295,-1295,-1295,1326,-2497,0,0
1998-08-31,-2472,-2472,-2472,-2472,1326,-2497,0,0
1998-09-01,796,796,796,796,1326,-2497,0,0
1998-09-02,624,624,624,624,1326,-2497,0,0
1998-09-03,-1091,-1091,-1091,-1091,1326,-2497,0,0
1998-09-04,-31,-31,-31,-31,1326,-2497,0,0
1998-09-08,1900,1900,1900,1900,1326,-2497,0,0
1998-09-09,-1229,-1229,-1229,-1229,1900,-2497,0,0
1998-09-10,-1562,-1562,-1562,-1562,1900,-2497,0,0
1998-09-11,1064,1064,1064,1064,1900,-2497,0,0
1998-09-14,1125,1125,1125,1125,1900,-2497,0,0
1998-09-15,441,441,441,441,1900,-2497,0,0
1998-09-16,638,638,638,638,1900,-2497,0,0
1998-09-17,-1401,-1401,-1401,-1401,1900,-2497,0,0
1998-09-18,821,821,821,821,1900,-2497,0,0
1998-09-21,-480,-480,-480,-480,1900,-2497,0,0
1998-09-22,780,780,780,780,1900,-2497,0,0
1998-09-23,1577,1577,1577,1577,1900,-2497,0,0
1998-09-24,-949,-949,-949,-949,1900,-2497,0,0
1998-09-25,-165,-165,-165,-165,1900,-2497,0,0
1998-09-28,499,499,499,499,1900,-2472,0,0
1998-09-29,-10,-10,-10,-10,1900,-2472,0,0
1998-09-30,-733,-733,-733,-733,1900,-1562,0,0
1998-10-01,-1615,-1615,-1615,-1615,1900,-1562,0,0
1998-10-02,436,436,436,436,1900,-1615,0,0
1998-10-05,-1620,-1620,-1620,-1620,1900,-1615,0,0
1998-10-06,-359,-359,-359,-359,1900,-1620,0,0
1998-10-07,-1124,-1124,-1124,-1124,1577,-1620,0,0
1998-10-08,-2036,-2036,-2036,-2036,1577,-1620,0,0
1998-10-09,645,645,645,645,1577,-2036,0,0
1998-10-12,1141,1141,1141,1141,1577,-2036,0,0
1998-10-13,-469,-469,-469,-469,1577,-2036,0,0
1998-10-14,676,676,676,676,1577,-2036,0,0
1998-10-15,1785,1785,1785,1785,1577,-2036,0,0
1998-10-16,1077,1077,1077,1077,1785,-2036,0,0
1998-10-19,892,892,892,892,1785,-2036,0,0
1998-10-20,1127,1127,1127,1127,1785,-2036,0,0
1998-10-21,97,97,97,97,1785,-2036,0,0
1998-10-22,624,624,624,624,1785,-2036,0,0
1998-10-23,-417,-417,-417,-417,1785,-2036,0,0
1998-10-26,457,457,457,457,1785,-2036,0,0
1998-10-27,-138,-138,-138,-138,1785,-2036,0,0
1998-10-28,-79,-79,-79,-79,1785,-2036,0,0
1998-10-29,713,713,713,713,1785,-2036,0,0
1998-10-30,1335,1335,1335,1335,1785,-2036,0,0
1998-11-02,1483,1483,1483,1483,1785,-2036,0,0
1998-11-03,167,167,167,167,1785,-2036,0,0
1998-11-04,1035,1035,1035,1035,1785,-2036,0,0
1998-11-05,598,598,598,598,1785,-2036,0,0
1998-11-06,379,379,379,379,1785,-469,0,0
1998-11-09,-827,-827,-827,-827,1785,-469,0,0
1998-11-10,-545,-545,-545,-545,1785,-827,0,0
1998-11-11,-582,-582,-582,-582,1785,-827,0,0
1998-11-12,-331,-331,-331,-331,1785,-827,0,0
1998-11-13,-22,-22,-22,-22,1483,-827,0,0
1998-11-16,260,260,260,260,1483,-827,0,0
1998-11-17,-15,-15,-15,-15,1483,-827,0,0
1998-11-18,-31,-31,-31,-31,1483,-827,0,0
1998-11-19,447,447,447,447,1483,-827,0,0
1998-11-20,510,510,510,510,1483,-827,0,0
1998-11-23,623,623,623,623,1483,-827,0,0
1998-11-24,-198,-198,-198,-198,1483,-827,0,0
1998-11-25,150,150,150,150,1483,-827,0,0
1998-11-27,287,287,287,287,1483,-827,0,0
1998-11-30,-941,-941,-941,-941,1483,-827,0,0
1998-12-01,-102,-102,-102,-102,1483,-941,0,0
1998-12-02,-389,-389,-389,-389,1035,-941,0,0
1998-12-03,-757,-757,-757,-757,1035,-941,0,0
1998-12-04,926,926,926,926,623,-941,0,0
1998-12-07,394,394,394,394,926,-941,0,0
1998-12-08,-514,-514,-514,-514,926,-941,0,0
1998-12-09,-106,-106,-106,-106,926,-941,0,0
1998-12-10,-1175,-1175,-1175,-1175,926,-941,0,0
1998-12-11,-616,-616,-616,-616,926,-1175,0,0
1998-12-14,-1452,-1452,-1452,-1452,926,-1175,0,0
1998-12-15,123,123,123,123,926,-1452,0,0
1998-12-16,-61,-61,-61,-61,926,-1452,0,0
1998-12-17,453,453,453,453,926,-1452,0,0
1998-12-18,162,162,162,162,926,-1452,0,0
1998-12-21,379,379,379,379,926,-1452,0,0
1998-12-22,-466,-466,-466,-466,926,-1452,0,0
1998-12-23,831,831,831,831,926,-1452,0,0
1998-12-24,157,157,157,157,926,-1452,0,0
1998-12-28,-248,-248,-248,-248,926,-1452,0,0
1998-12-29,529,529,529,529,926,-1452,0,0
1998-12-30,213,213,213,213,926,-1452,0,0
1998-12-31,1518,1518,1518,1518,926,-1452,0,0
1999-01-04,296,296,296,296,1518,-1452,0,0
1999-01-05,384,384,384,384,1518,-1452,0,0
1999-01-06,889,889,889,889,1518,-1452,0,0
1999-01-07,-812,-812,-812,-812,1518,-1452,0,0
1999-01-08,11,11,11,11,1518,-1452,0,0
1999-01-11,-852,-852,-852,-852,1518,-1452,0,0
1999-01-12,-1278,-1278,-1278,-1278,1518,-1452,0,0
1999-01-13,-1093,-1093,-1093,-1093,1518,-1452,0,0
1999-01-14,-1258,-1258,-1258,-1258,1518,-1278,0,0
1999-01-15,1304,1304,1304,1304,1518,-1278,0,0
1999-01-19,33,33,33,33,1518,-1278,0,0
1999-01-20,-109,-109,-109,-109,1518,-1278,0,0
1999-01-21,-824,-824,-824,-824,1518,-1278,0,0
1999-01-22,-570,-570,-570,-570,1518,-1278,0,0
1999-01-25,-92,-92,-92,-92,1518,-1278,0,0
1999-01-26,123,123,123,123,1518,-1278,0,0
1999-01-27,-881,-881,-881,-881,1518,-1278,0,0
1999-01-28,107,107,107,107,1518,-1278,0,0
1999-01-29,373,373,373,373,1518,-1278,0,0
1999-02-01,-279,-279,-279,-279,1518,-1278,0,0
1999-02-02,-796,-796,-796,-796,1304,-1278,0,0
1999-02-03,254,254,254,254,1304,-1278,0,0
1999-02-04,-839,-839,-839,-839,1304,-1278,0,0
1999-02-05,-613,-613,-613,-613,1304,-1278,0,0
1999-02-08,-192,-192,-192,-192,1304,-1278,0,0
1999-02-09,-1013,-1013,-1013,-1013,1304,-1278,0,0
1999-02-10,-678,-678,-678,-678,1304,-1278,0,0
1999-02-11,585,585,585,585,1304,-1258,0,0
1999-02-12,-1398,-1398,-1398,-1398,1304,-1258,0,0
1999-02-16,-9,-9,-9,-9,1304,-1398,0,0
1999-02-17,-836,-836,-836,-836,585,-1398,0,0
1999-02-18,511,511,511,511,585,-1398,0,0
1999-02-19,-99,-99,-99,-99,585,-1398,0,0
1999-02-22,899,899,899,899,585,-1398,0,0
1999-02-23,-451,-451,-451,-451,899,-1398,0,0
1999-02-24,-559,-559,-559,-559,899,-1398,0,0
1999-02-25,-904,-904,-904,-904,899,-1398,0,0
1999-02-26,-44,-44,-44,-44,899,-1398,0,0
1999-03-01,-187,-187,-187,-187,899,-1398,0,0
1999-03-02,-122,-122,-122,-122,899,-1398,0,0
1999-03-03,-332,-332,-332,-332,899,-1398,0,0
1999-03-04,527,527,527,527,899,-1398,0,0
1999-03-05,1152,1152,1152,1152,899,-1398,0,0
1999-03-08,-259,-259,-259,-259,1152,-1398,0,0
1999-03-09,-307,-307,-307,-307,1152,-1398,0,0
1999-03-10,324,324,324,324,1152,-1398,0,0
1999-03-11,492,492,492,492,1152,-1398,0,0
1999-03-12,-154,-154,-154,-154,1152,-1398,0,0
1999-03-15,116,116,116,116,1152,-1398,0,0
1999-03-16,-364,-364,-364,-364,1152,-904,0,0
1999-03-17,-247,-247,-247,-247,1152,-904,0,0
1999-03-18,186,186,186,186,1152,-904,0,0
1999-03-19,-644,-644,-644,-644,1152,-904,0,0
1999-03-22,-503,-503,-503,-503,1152,-904,0,0
1999-03-23,-1679,-1679,-1679,-1679,1152,-904,0,0
1999-03-24,86,86,86,86,1152,-1679,0,0
1999-03-25,849,849,849,849,1152,-1679,0,0
1999-03-26,-259,-259,-259,-259,1152,-1679,0,0
1999-03-29,698,698,698,698,1152,-1679,0,0
1999-03-30,-432,-432,-432,-432,1152,-1679,0,0
1999-03-31,-230,-230,-230,-230,1152,-1679,0,0
1999-04-01,64,64,64,64,1152,-1679,0,0
1999-04-05,377,377,377,377,1152,-1679,0,0
1999-04-06,-605,-605,-605,-605,849,-1679,0,0
1999-04-07,-211,-211,-211,-211,849,-1679,0,0
1999-04-08,460,460,460,460,849,-1679,0,0
1999-04-09,444,444,444,444,849,-1679,0,0
1999-04-12,369,369,369,369,849,-1679,0,0
1999-04-13,82,82,82,82,849,-1679,0,0
1999-04-14,481,481,481,481,849,-1679,0,0
1999-04-15,486,486,486,486,849,-1679,0,0
1999-04-16,1038,1038,1038,1038,849,-1679,0,0
1999-04-19,743,743,743,743,1038,-1679,0,0
1999-04-20,-258,-258,-258,-258,1038,-1679,0,0
1999-04-21,840,840,840,840,1038,-1679,0,0
1999-04-22,398,398,398,398,1038,-605,0,0
1999-04-23,145,145,145,145,1038,-605,0,0
1999-04-26,-212,-212,-212,-212,1038,-605,0,0
1999-04-27,517,517,517,517,1038,-605,0,0
1999-04-28,474,474,474,474,1038,-605,0,0
1999-04-29,342,342,342,342,1038,-605,0,0
1999-04-30,-317,-317,-317,-317,1038,-605,0,0
1999-05-03,1012,1012,1012,1012,1038,-605,0,0
1999-05-04,-205,-205,-205,-205,1038,-605,0,0
1999-05-05,121,121,121,121,1038,-317,0,0
1999-05-06,13,13,13,13,1038,-317,0,0
1999-05-07,326,326,326,326,1038,-317,0,0
1999-05-10,487,487,487,487,1038,-317,0,0
1999-05-11,395,395,395,395,1038,-317,0,0
1999-05-12,-254,-254,-254,-254,1038,-317,0,0
1999-05-13,641,641,641,641,1038,-317,0,0
1999-05-14,-1729,-1729,-1729,-1729,1038,-317,0,0
1999-05-17,-919,-919,-919,-919,1012,-1729,0,0
1999-05-18,-240,-240,-240,-240,1012,-1729,0,0
1999-05-19,492,492,492,492,1012,-1729,0,0
1999-05-20,539,539,539,539,1012,-1729,0,0
1999-05-21,262,262,262,262,1012,-1729,0,0
1999-05-24,-1093,-1093,-1093,-1093,1012,-1729,0,0
1999-05-25,-841,-841,-841,-841,1012,-1729,0,0
1999-05-26,-30,-30,-30,-30,1012,-1729,0,0
1999-05-27,-885,-885,-885,-885,1012,-1729,0,0
1999-05-28,989,989,989,989,1012,-1729,0,0
1999-06-01,-162,-162,-162,-162,1012,-1729,0,0
1999-06-02,-271,-271,-271,-271,989,-1729,0,0
1999-06-03,299,299,299,299,989,-1729,0,0
1999-06-04,735,735,735,735,989,-1729,0,0
1999-06-07,492,492,492,492,989,-1729,0,0
1999-06-08,-652,-652,-652,-652,989,-1729,0,0
1999-06-09,-163,-163,-163,-163,989,-1729,0,0
1999-06-10,-917,-917,-917,-917,989,-1729,0,0
1999-06-11,-394,-394,-394,-394,989,-1729,0,0
1999-06-14,-382,-382,-382,-382,989,-1729,0,0
1999-06-15,294,294,294,294,989,-1093,0,0
1999-06-16,946,946,946,946,989,-1093,0,0
1999-06-17,655,655,655,655,989,-1093,0,0
1999-06-18,160,160,160,160,989,-1093,0,0
1999-06-21,179,179,179,179,989,-1093,0,0
1999-06-22,-382,-382,-382,-382,989,-1093,0,0
1999-06-23,-501,-501,-501,-501,989,-917,0,0
1999-06-24,-1035,-1035,-1035,-1035,989,-917,0,0
1999-06-25,51,51,51,51,989,-1035,0,0
1999-06-28,699,699,699,699,989,-1035,0,0
1999-06-29,758,758,758,758,946,-1035,0,0
1999-06-30,777,777,777,777,946,-1035,0,0
1999-07-01,311,311,311,311,946,-1035,0,0
1999-07-02,472,472,472,472,946,-1035,0,0
1999-07-06,-148,-148,-148,-148,946,-1035,0,0
1999-07-07,-384,-384,-384,-384,946,-1035,0,0
1999-07-08,-369,-369,-369,-369,946,-1035,0,0
1999-07-09,661,661,661,661,946,-1035,0,0
1999-07-12,-235,-235,-235,-235,946,-1035,0,0
1999-07-13,-434,-434,-434,-434,946,-1035,0,0
1999-07-14,133,133,133,133,946,-1035,0,0
1999-07-15,743,743,743,743,946,-1035,0,0
1999-07-16,-7,-7,-7,-7,777,-1035,0,0
1999-07-19,-528,-528,-528,-528,777,-1035,0,0
1999-07-20,-1159,-1159,-1159,-1159,777,-1035,0,0
1999-07-21,116,116,116,116,777,-1159,0,0
1999-07-22,-705,-705,-705,-705,777,-1159,0,0
1999-07-23,-948,-948,-948,-948,777,-1159,0,0
1999-07-26,-1064,-1064,-1064,-1064,777,-1159,0,0
1999-07-27,270,270,270,270,777,-1159,0,0
1999-07-28,-228,-228,-228,-228,777,-1159,0,0
1999-07-29,-1433,-1433,-1433,-1433,777,-1159,0,0
1999-07-30,77,77,77,77,743,-1433,0,0
1999-08-02,-538,-538,-538,-538,743,-1433,0,0
1999-08-03,-738,-738,-738,-738,743,-1433,0,0
1999-08-04,-1001,-1001,-1001,-1001,743,-1433,0,0
1999-08-05,-598,-598,-598,-598,743,-1433,0,0
1999-08-06,-991,-991,-991,-991,743,-1433,0,0
1999-08-09,-607,-607,-607,-607,743,-1433,0,0
1999-08-10,-1504,-1504,-1504,-1504,743,-1433,0,0
1999-08-11,734,734,734,734,743,-1504,0,0
1999-08-12,-23,-23,-23,-23,743,-1504,0,0
1999-08-13,869,869,869,869,734,-1504,0,0
1999-08-16,-133,-133,-133,-133,869,-1504,0,0
1999-08-17,695,695,695,695,869,-1504,0,0
1999-08-18,-604,-604,-604,-604,869,-1504,0,0
1999-08-19,-261,-261,-261,-261,869,-1504,0,0
1999-08-20,510,510,510,510,869,-1504,0,0
1999-08-23,453,453,453,453,869,-1504,0,0
1999-08-24,-409,-409,-409,-409,869,-1504,0,0
1999-08-25,178,178,178,178,869,-1504,0,0
1999-08-26,-599,-599,-599,-599,869,-1504,0,0
1999-08-27,-638,-638,-638,-638,869,-1504,0,0
1999-08-30,-1280,-1280,-1280,-1280,869,-1504,0,0
1999-08-31,-339,-339,-339,-339,869,-1504,0,0
1999-09-01,427,427,427,427,869,-1504,0,0
1999-09-02,-1204,-1204,-1204,-1204,869,-1504,0,0
1999-09-03,1582,1582,1582,1582,869,-1504,0,0
1999-09-07,-311,-311,-311,-311,1582,-1504,0,0
1999-09-08,-588,-588,-588,-588,1582,-1504,0,0
1999-09-09,8,8,8,8,1582,-1280,0,0
1999-09-10,279,279,279,279,1582,-1280,0,0
1999-09-13,-533,-533,-533,-533,1582,-1280,0,0
1999-09-14,-1286,-1286,-1286,-1286,1582,-1280,0,0
1999-09-15,-571,-571,-571,-571,1582,-1286,0,0
1999-09-16,-1147,-1147,-1147,-1147,1582,-1286,0,0
1999-09-17,413,413,413,413,1582,-1286,0,0
1999-09-20,-560,-560,-560,-560,1582,-1286,0,0
1999-09-21,-1667,-1667,-1667,-1667,1582,-1286,0,0
1999-09-22,-463,-463,-463,-463,1582,-1667,0,0
1999-09-23,-1283,-1283,-1283,-1283,1582,-1667,0,0
1999-09-24,-652,-652,-652,-652,1582,-1667,0,0
1999-09-27,510,510,510,510,1582,-1667,0,0
1999-09-28,-769,-769,-769,-769,1582,-1667,0,0
1999-09-29,145,145,145,145,1582,-1667,0,0
1999-09-30,738,738,738,738,1582,-1667,0,0
1999-10-01,-540,-540,-540,-540,1582,-1667,0,0
1999-10-04,506,506,506,506,1582,-1667,0,0
1999-10-05,-547,-547,-547,-547,738,-1667,0,0
1999-10-06,486,486,486,486,738,-1667,0,0
1999-10-07,-471,-471,-471,-471,738,-1667,0,0
1999-10-08,-104,-104,-104,-104,738,-1667,0,0
1999-10-11,-171,-171,-171,-171,738,-1667,0,0
1999-10-12,-1300,-1300,-1300,-1300,738,-1667,0,0
1999-10-13,-1217,-1217,-1217,-1217,738,-1667,0,0
1999-10-14,-684,-684,-684,-684,738,-1667,0,0
1999-10-15,-1718,-1718,-1718,-1718,738,-1667,0,0
1999-10-18,-842,-842,-842,-842,738,-1718,0,0
1999-10-19,228,228,228,228,738,-1718,0,0
1999-10-20,244,244,244,244,738,-1718,0,0
1999-10-21,-726,-726,-726,-726,738,-1718,0,0
1999-10-22,873,873,873,873,738,-1718,0,0
1999-10-25,-646,-646,-646,-646,873,-1718,0,0
1999-10-26,-691,-691,-691,-691,873,-1718,0,0
1999-10-27,428,428,428,428,873,-1718,0,0
1999-10-28,1283,1283,1283,1283,873,-1718,0,0
1999-10-29,1204,1204,1204,1204,1283,-1718,0,0
1999-11-01,15,15,15,15,1283,-1718,0,0
1999-11-02,307,307,307,307,1283,-1718,0,0
1999-11-03,286,286,286,286,1283,-1718,0,0
1999-11-04,116,116,116,116,1283,-1718,0,0
1999-11-05,450,450,450,450,1283,-1718,0,0
1999-11-08,-345,-345,-345,-345,1283,-1718,0,0
1999-11-09,-406,-406,-406,-406,1283,-1718,0,0
1999-11-10,-221,-221,-221,-221,1283,-1718,0,0
1999-11-11,-455,-455,-455,-455,1283,-1718,0,0
1999-11-12,344,344,344,344,1283,-1718,0,0
1999-11-15,43,43,43,43,1283,-842,0,0
1999-11-16,537,537,537,537,1283,-726,0,0
1999-11-17,-689,-689,-689,-689,1283,-726,0,0
1999-11-18,-43,-43,-43,-43,1283,-726,0,0
1999-11-19,-759,-759,-759,-759,1283,-691,0,0
1999-11-22,-1286,-1286,-1286,-1286,1283,-759,0,0
1999-11-23,-1317,-1317,-1317,-1317,1283,-1286,0,0
1999-11-24,-246,-246,-246,-246,1283,-1317,0,0
1999-11-26,3,3,3,3,1283,-1317,0,0
1999-11-29,-1269,-1269,-1269,-1269,1204,-1317,0,0
1999-11-30,-57,-57,-57,-57,537,-1317,0,0
1999-12-01,-376,-376,-376,-376,537,-1317,0,0
1999-12-02,28,28,28,28,537,-1317,0,0
1999-12-03,571,571,571,571,537,-1317,0,0
1999-12-06,-853,-853,-853,-853,571,-1317,0,0
1999-12-07,-968,-968,-968,-968,571,-1317,0,0
1999-12-08,-839,-839,-839,-839,571,-1317,0,0
1999-12-09,-633,-633,-633,-633,571,-1317,0,0
1999-12-10,72,72,72,72,571,-1317,0,0
1999-12-13,-617,-617,-617,-617,571,-1317,0,0
1999-12-14,-1044,-1044,-1044,-1044,571,-1317,0,0
1999-12-15,-322,-322,-322,-322,571,-1317,0,0
1999-12-16,-180,-180,-180,-180,571,-1317,0,0
1999-12-17,374,374,374,374,571,-1317,0,0
1999-12-20,-526,-526,-526,-526,571,-1317,0,0
1999-12-21,2,2,2,2,571,-1317,0,0
1999-12-22,-302,-302,-302,-302,571,-1317,0,0
1999-12-23,766,766,766,766,571,-1269,0,0
1999-12-27,-457,-457,-457,-457,766,-1269,0,0
1999-12-28,35,35,35,35,766,-1269,0,0
1999-12-29,807,807,807,807,766,-1044,0,0
1999-12-30,408,408,408,408,807,-1044,0,0
1999-12-31,966,966,966,966,807,-1044,0,0
2000-01-03,-1061,-1061,-1061,-1061,966,-1044,0,0
2000-01-04,-1327,-1327,-1327,-1327,966,-1061,0,0
2000-01-05,465,465,465,465,966,-1327,0,0
2000-01-06,770,770,770,770,966,-1327,0,0
2000-01-07,1339,1339,1339,1339,966,-1327,0,0
2000-01-10,390,390,390,390,1339,-1327,0,0
2000-01-11,-1115,-1115,-1115,-1115,1339,-1327,0,0
2000-01-12,-404,-404,-404,-404,1339,-1327,0,0
2000-01-13,698,698,698,698,1339,-1327,0,0
2000-01-14,260,260,260,260,1339,-1327,0,0
2000-01-18,-498,-498,-498,-498,1339,-1327,0,0
2000-01-19,-111,-111,-111,-111,1339,-1327,0,0
2000-01-20,-697,-697,-697,-697,1339,-1327,0,0
2000-01-21,-472,-472,-472,-472,1339,-1327,0,0
2000-01-24,-986,-986,-986,-986,1339,-1327,0,0
2000-01-25,-583,-583,-583,-583,1339,-1327,0,0
2000-01-26,342,342,342,342,1339,-1327,0,0
2000-01-27,-127,-127,-127,-127,1339,-1327,0,0
2000-01-28,-1116,-1116,-1116,-1116,1339,-1327,0,0
2000-01-31,-161,-161,-161,-161,1339,-1327,0,0
2000-02-01,293,293,293,293,1339,-1327,0,0
2000-02-02,304,304,304,304,1339,-1327,0,0
2000-02-03,941,941,941,941,1339,-1116,0,0
2000-02-04,-160,-160,-160,-160,1339,-1116,0,0
2000-02-07,-594,-594,-594,-594,1339,-1116,0,0
2000-02-08,81,81,81,81,941,-1116,0,0
2000-02-09,-993,-993,-993,-993,941,-1116,0,0
2000-02-10,-622,-622,-622,-622,941,-1116,0,0
2000-02-11,-893,-893,-893,-893,941,-1116,0,0
2000-02-14,-193,-193,-193,-193,941,-1116,0,0
2000-02-15,8,8,8,8,941,-1116,0,0
2000-02-16,-464,-464,-464,-464,941,-1116,0,0
2000-02-17,-213,-213,-213,-213,941,-1116,0,0
2000-02-18,-1572,-1572,-1572,-1572,941,-1116,0,0
2000-02-22,-328,-328,-328,-328,941,-1572,0,0
2000-02-23,-514,-514,-514,-514,941,-1572,0,0
2000-02-24,-984,-984,-984,-984,941,-1572,0,0
2000-02-25,-672,-672,-672,-672,941,-1572,0,0
2000-02-28,-57,-57,-57,-57,941,-1572,0,0
2000-02-29,615,615,615,615,941,-1572,0,0
2000-03-01,48,48,48,48,941,-1572,0,0
2000-03-02,-426,-426,-426,-426,941,-1572,0,0
2000-03-03,402,402,402,402,941,-1572,0,0
2000-03-06,-851,-851,-851,-851,615,-1572,0,0
2000-03-07,-1087,-1087,-1087,-1087,615,-1572,0,0
2000-03-08,-187,-187,-187,-187,615,-1572,0,0
2000-03-09,326,326,326,326,615,-1572,0,0
2000-03-10,-498,-498,-498,-498,615,-1572,0,0
2000-03-13,-715,-715,-715,-715,615,-1572,0,0
2000-03-14,-393,-393,-393,-393,615,-1572,0,0
2000-03-15,789,789,789,789,615,-1572,0,0
2000-03-16,1716,1716,1716,1716,789,-1572,0,0
2000-03-17,-213,-213,-213,-213,1716,-1572,0,0
2000-03-20,-204,-204,-204,-204,1716,-1572,0,0
2000-03-21,518,518,518,518,1716,-1087,0,0
2000-03-22,248,248,248,248,1716,-1087,0,0
2000-03-23,676,676,676,676,1716,-1087,0,0
2000-03-24,-114,-114,-114,-114,1716,-1087,0,0
2000-03-27,-412,-412,-412,-412,1716,-1087,0,0
2000-03-28,-304,-304,-304,-304,1716,-1087,0,0
2000-03-29,251,251,251,251,1716,-1087,0,0
2000-03-30,110,110,110,110,1716,-1087,0,0
2000-03-31,1028,1028,1028,1028,1716,-1087,0,0
2000-04-03,8,8,8,8,1716,-1087,0,0
2000-04-04,-1065,-1065,-1065,-1065,1716,-1087,0,0
2000-04-05,296,296,296,296,1716,-1065,0,0
2000-04-06,643,643,643,643,1716,-1065,0,0
2000-04-07,13,13,13,13,1716,-1065,0,0
2000-04-10,-154,-154,-154,-154,1716,-1065,0,0
2000-04-11,32,32,32,32,1716,-1065,0,0
2000-04-12,99,99,99,99,1716,-1065,0,0
2000-04-13,-441,-441,-441,-441,1716,-1065,0,0
2000-04-14,-2264,-2264,-2264,-2264,1028,-1065,0,0
2000-04-17,-488,-488,-488,-488,1028,-2264,0,0
2000-04-18,878,878,878,878,1028,-2264,0,0
2000-04-19,-51,-51,-51,-51,1028,-2264,0,0
2000-04-20,403,403,403,403,1028,-2264,0,0
2000-04-24,-373,-373,-373,-373,1028,-2264,0,0
2000-04-25,1274,1274,1274,1274,1028,-2264,0,0
2000-04-26,-161,-161,-161,-161,1274,-2264,0,0
2000-04-27,-395,-395,-395,-395,1274,-2264,0,0
2000-04-28,415,415,415,415,1274,-2264,0,0
2000-05-01,814,814,814,814,1274,-2264,0,0
2000-05-02,-468,-468,-468,-468,1274,-2264,0,0
2000-05-03,-1334,-1334,-1334,-1334,1274,-2264,0,0
2000-05-04,176,176,176,176,1274,-2264,0,0
2000-05-05,311,311,311,311,1274,-2264,0,0
2000-05-08,-513,-513,-513,-513,1274,-2264,0,0
2000-05-09,-346,-346,-346,-346,1274,-2264,0,0
2000-05-10,-1249,-1249,-1249,-1249,1274,-2264,0,0
2000-05-11,955,955,955,955,1274,-2264,0,0
2000-05-12,240,240,240,240,1274,-2264,0,0
2000-05-15,555,555,555,555,1274,-2264,0,0
2000-05-16,345,345,345,345,1274,-1334,0,0
2000-05-17,-871,-871,-871,-871,1274,-1334,0,0
2000-05-18,-322,-322,-322,-322,1274,-1334,0,0
2000-05-19,-998,-998,-998,-998,1274,-1334,0,0
2000-05-22,-631,-631,-631,-631,1274,-1334,0,0
2000-05-23,-167,-167,-167,-167,1274,-1334,0,0
2000-05-24,-96,-96,-96,-96,955,-1334,0,0
2000-05-25,-307,-307,-307,-307,955,-1334,0,0
2000-05-26,117,117,117,117,955,-1334,0,0
2000-05-30,1070,1070,1070,1070,955,-1334,0,0
2000-05-31,391,391,391,391,1070,-1334,0,0
2000-06-01,1111,1111,1111,1111,1070,-1334,0,0
2000-06-02,1326,1326,1326,1326,1111,-1249,0,0
2000-06-05,-314,-314,-314,-314,1326,-1249,0,0
2000-06-06,98,98,98,98,1326,-1249,0,0
2000-06-07,175,175,175,175,1326,-1249,0,0
2000-06-08,-286,-286,-286,-286,1326,-1249,0,0
2000-06-09,501,501,501,501,1326,-998,0,0
2000-06-12,-134,-134,-134,-134,1326,-998,0,0
2000-06-13,469,469,469,469,1326,-998,0,0
2000-06-14,353,353,353,353,1326,-998,0,0
2000-06-15,-108,-108,-108,-108,1326,-998,0,0
2000-06-16,-288,-288,-288,-288,1326,-998,0,0
2000-06-19,-42,-42,-42,-42,1326,-998,0,0
2000-06-20,-359,-359,-359,-359,1326,-631,0,0
2000-06-21,-377,-377,-377,-377,1326,-359,0,0
2000-06-22,-830,-830,-830,-830,1326,-377,0,0
2000-06-23,-418,-418,-418,-418,1326,-830,0,0
2000-06-26,149,149,149,149,1326,-830,0,0
2000-06-27,362,362,362,362,1326,-830,0,0
2000-06-28,658,658,658,658,1326,-830,0,0
2000-06-29,-19,-19,-19,-19,1326,-830,0,0
2000-06-30,10,10,10,10,1326,-830,0,0
2000-07-03,1142,1142,1142,1142,658,-830,0,0
2000-07-05,38,38,38,38,1142,-830,0,0
2000-07-06,331,331,331,331,1142,-830,0,0
2000-07-07,767,767,767,767,1142,-830,0,0
2000-07-10,321,321,321,321,1142,-830,0,0
2000-07-11,266,266,266,266,1142,-830,0,0
2000-07-12,511,511,511,511,1142,-830,0,0
2000-07-13,-18,-18,-18,-18,1142,-830,0,0
2000-07-14,269,269,269,269,1142,-830,0,0
2000-07-17,-276,-276,-276,-276,1142,-830,0,0
2000-07-18,-519,-519,-519,-519,1142,-830,0,0
2000-07-19,-495,-495,-495,-495,1142,-830,0,0
2000-07-20,455,455,455,455,1142,-830,0,0
2000-07-21,-677,-677,-677,-677,1142,-830,0,0
2000-07-24,-684,-684,-684,-684,1142,-677,0,0
2000-07-25,11,11,11,11,1142,-684,0,0
2000-07-26,-182,-182,-182,-182,1142,-684,0,0
2000-07-27,-51,-51,-51,-51,1142,-684,0,0
2000-07-28,-972,-972,-972,-972,1142,-684,0,0
2000-07-31,464,464,464,464,1142,-972,0,0
2000-08-01,428,428,428,428,1142,-972,0,0
2000-08-02,246,246,246,246,767,-972,0,0
2000-08-03,-235,-235,-235,-235,767,-972,0,0
2000-08-04,536,536,536,536,767,-972,0,0
2000-08-07,599,599,599,599,536,-972,0,0
2000-08-08,314,314,314,314,599,-972,0,0
2000-08-09,18,18,18,18,599,-972,0,0
2000-08-10,-87,-87,-87,-87,599,-972,0,0
2000-08-11,1142,1142,1142,1142,599,-972,0,0
2000-08-14,652,652,652,652,1142,-972,0,0
2000-08-15,-486,-486,-486,-486,1142,-972,0,0
2000-08-16,213,213,213,213,1142,-972,0,0
2000-08-17,288,288,288,288,1142,-972,0,0
2000-08-18,-431,-431,-431,-431,1142,-972,0,0
2000-08-21,-256,-256,-256,-256,1142,-972,0,0
2000-08-22,64,64,64,64,1142,-972,0,0
2000-08-23,-214,-214,-214,-214,1142,-972,0,0
2000-08-24,-14,-14,-14,-14,1142,-972,0,0
2000-08-25,80,80,80,80,1142,-972,0,0
2000-08-28,-35,-35,-35,-35,1142,-486,0,0
2000-08-29,-192,-192,-192,-192,1142,-486,0,0
2000-08-30,-104,-104,-104,-104,1142,-486,0,0
2000-08-31,605,605,605,605,1142,-486,0,0
2000-09-01,391,391,391,391,1142,-486,0,0
2000-09-05,-147,-147,-147,-147,1142,-486,0,0
2000-09-06,362,362,362,362,1142,-486,0,0
2000-09-07,166,166,166,166,1142,-486,0,0
2000-09-08,-216,-216,-216,-216,1142,-486,0,0
2000-09-11,185,185,185,185,1142,-486,0,0
2000-09-12,-42,-42,-42,-42,652,-486,0,0
2000-09-13,-90,-90,-90,-90,605,-486,0,0
2000-09-14,-7,-7,-7,-7,605,-431,0,0
2000-09-15,-718,-718,-718,-718,605,-431,0,0
2000-09-18,-1522,-1522,-1522,-1522,605,-718,0,0
2000-09-19,-129,-129,-129,-129,605,-1522,0,0
2000-09-20,-501,-501,-501,-501,605,-1522,0,0
2000-09-21,-717,-717,-717,-717,605,-1522,0,0
2000-09-22,-156,-156,-156,-156,605,-1522,0,0
2000-09-25,-313,-313,-313,-313,605,-1522,0,0
2000-09-26,-349,-349,-349,-349,605,-1522,0,0
2000-09-27,172,172,172,172,605,-1522,0,0
2000-09-28,946,946,946,946,605,-1522,0,0
2000-09-29,21,21,21,21,946,-1522,0,0
2000-10-02,-381,-381,-381,-381,946,-1522,0,0
2000-10-03,-224,-224,-224,-224,946,-1522,0,0
2000-10-04,-300,-300,-300,-300,946,-1522,0,0
2000-10-05,-290,-290,-290,-290,946,-1522,0,0
2000-10-06,-1193,-1193,-1193,-1193,946,-1522,0,0
2000-10-09,-368,-368,-368,-368,946,-1522,0,0
2000-10-10,-564,-564,-564,-564,946,-1522,0,0
2000-10-11,-1116,-1116,-1116,-1116,946,-1522,0,0
2000-10-12,-1384,-1384,-1384,-1384,946,-1522,0,0
2000-10-13,358,358,358,358,946,-1522,0,0
2000-10-16,-113,-113,-113,-113,946,-1522,0,0
2000-10-17,-1310,-1310,-1310,-1310,946,-1384,0,0
2000-10-18,-971,-971,-971,-971,946,-1384,0,0
2000-10-19,1023,1023,1023,1023,946,-1384,0,0
2000-10-20,319,319,319,319,1023,-1384,0,0
2000-10-23,-294,-294,-294,-294,1023,-1384,0,0
2000-10-24,275,275,275,275,1023,-1384,0,0
2000-10-25,-924,-924,-924,-924,1023,-1384,0,0
2000-10-26,58,58,58,58,1023,-1384,0,0
2000-10-27,690,690,690,690,1023,-1384,0,0
2000-10-30,836,836,836,836,1023,-1384,0,0
2000-10-31,1140,1140,1140,1140,1023,-1384,0,0
2000-11-01,-102,-102,-102,-102,1140,-1384,0,0
2000-11-02,646,646,646,646,1140,-1384,0,0
2000-11-03,-129,-129,-129,-129,1140,-1384,0,0
2000-11-06,36,36,36,36,1140,-1384,0,0
2000-11-07,98,98,98,98,1140,-1384,0,0
2000-11-08,-176,-176,-176,-176,1140,-1384,0,0
2000-11-09,-644,-644,-644,-644,1140,-1384,0,0
2000-11-10,-1031,-1031,-1031,-1031,1140,-1310,0,0
2000-11-13,-636,-636,-636,-636,1140,-1310,0,0
2000-11-14,866,866,866,866,1140,-1310,0,0
2000-11-15,469,469,469,469,1140,-1031,0,0
2000-11-16,-488,-488,-488,-488,1140,-1031,0,0
2000-11-17,162,162,162,162,1140,-1031,0,0
2000-11-20,-882,-882,-882,-882,1140,-1031,0,0
2000-11-21,-100,-100,-100,-100,1140,-1031,0,0
2000-11-22,-888,-888,-888,-888,1140,-1031,0,0
2000-11-24,1009,1009,1009,1009,1140,-1031,0,0
2000-11-27,263,263,263,263,1140,-1031,0,0
2000-11-28,-546,-546,-546,-546,1140,-1031,0,0
2000-11-29,69,69,69,69,1140,-1031,0,0
2000-11-30,-887,-887,-887,-887,1009,-1031,0,0
2000-12-01,911,911,911,911,1009,-1031,0,0
2000-12-04,-20,-20,-20,-20,1009,-1031,0,0
2000-12-05,1235,1235,1235,1235,1009,-1031,0,0
2000-12-06,-495,-495,-495,-495,1235,-1031,0,0
2000-12-07,54,54,54,54,1235,-1031,0,0
2000-12-08,1260,1260,1260,1260,1235,-1031,0,0
2000-12-11,489,489,489,489,1260,-1031,0,0
2000-12-12,-319,-319,-319,-319,1260,-888,0,0
2000-12-13,-115,-115,-115,-115,1260,-888,0,0
2000-12-14,-512,-512,-512,-512,1260,-888,0,0
2000-12-15,-295,-295,-295,-295,1260,-888,0,0
2000-12-18,796,796,796,796,1260,-888,0,0
2000-12-19,31,31,31,31,1260,-888,0,0
2000-12-20,-947,-947,-947,-947,1260,-888,0,0
2000-12-21,449,449,449,449,1260,-947,0,0
2000-12-22,1144,1144,1144,1144,1260,-947,0,0
2000-12-26,593,593,593,593,1260,-947,0,0
2000-12-27,1263,1263,1263,1263,1260,-947,0,0
2000-12-28,1264,1264,1264,1264,1263,-947,0,0
2000-12-29,-33,-33,-33,-33,1264,-947,0,0
2001-01-02,-379,-379,-379,-379,1264,-947,0,0
2001-01-03,1516,1516,1516,1516,1264,-947,0,0
2001-01-04,235,235,235,235,1516,-947,0,0
2001-01-05,-444,-444,-444,-444,1516,-947,0,0
2001-01-08,278,278,278,278,1516,-947,0,0
2001-01-09,337,337,337,337,1516,-947,0,0
2001-01-10,806,806,806,806,1516,-947,0,0
2001-01-11,380,380,380,380,1516,-947,0,0
2001-01-12,54,54,54,54,1516,-947,0,0
2001-01-16,541,541,541,541,1516,-947,0,0
2001-01-17,257,257,257,257,1516,-947,0,0
2001-01-18,340,340,340,340,1516,-947,0,0
2001-01-19,-353,-353,-353,-353,1516,-947,0,0
2001-01-22,370,370,370,370,1516,-947,0,0
2001-01-23,1091,1091,1091,1091,1516,-444,0,0
2001-01-24,25,25,25,25,1516,-444,0,0
2001-01-25,357,357,357,357,1516,-444,0,0
2001-01-26,-75,-75,-75,-75,1516,-444,0,0
2001-01-29,798,798,798,798,1516,-444,0,0
2001-01-30,619,619,619,619,1516,-444,0,0
2001-01-31,394,394,394,394,1516,-444,0,0
2001-02-01,353,353,353,353,1516,-444,0,0
2001-02-02,-335,-335,-335,-335,1091,-444,0,0
2001-02-05,177,177,177,177,1091,-444,0,0
2001-02-06,261,261,261,261,1091,-353,0,0
2001-02-07,159,159,159,159,1091,-353,0,0
2001-02-08,-229,-229,-229,-229,1091,-353,0,0
2001-02-09,-281,-281,-281,-281,1091,-353,0,0
2001-02-12,807,807,807,807,1091,-353,0,0
2001-02-13,-13,-13,-13,-13,1091,-353,0,0
2001-02-14,-375,-375,-375,-375,1091,-353,0,0
2001-02-15,273,273,273,273,1091,-375,0,0
2001-02-16,-775,-775,-775,-775,1091,-375,0,0
2001-02-20,-443,-443,-443,-443,1091,-775,0,0
2001-02-21,-949,-949,-949,-949,1091,-775,0,0
2001-02-22,-778,-778,-778,-778,807,-949,0,0
2001-02-23,-427,-427,-427,-427,807,-949,0,0
2001-02-26,1337,1337,1337,1337,807,-949,0,0
2001-02-27,-201,-201,-201,-201,1337,-949,0,0
2001-02-28,-296,-296,-296,-296,1337,-949,0,0
2001-03-01,-100,-100,-100,-100,1337,-949,0,0
2001-03-02,800,800,800,800,1337,-949,0,0
2001-03-05,249,249,249,249,1337,-949,0,0
2001-03-06,661,661,661,661,1337,-949,0,0
2001-03-07,761,761,761,761,1337,-949,0,0
2001-03-08,293,293,293,293,1337,-949,0,0
2001-03-09,-903,-903,-903,-903,1337,-949,0,0
2001-03-12,-1736,-1736,-1736,-1736,1337,-949,0,0
2001-03-13,-356,-356,-356,-356,1337,-1736,0,0
2001-03-14,-1654,-1654,-1654,-1654,1337,-1736,0,0
2001-03-15,174,174,174,174,1337,-1736,0,0
2001-03-16,-1096,-1096,-1096,-1096,1337,-1736,0,0
2001-03-19,855,855,855,855,1337,-1736,0,0
2001-03-20,-464,-464,-464,-464,1337,-1736,0,0
2001-03-21,-1351,-1351,-1351,-1351,1337,-1736,0,0
2001-03-22,-1565,-1565,-1565,-1565,1337,-1736,0,0
2001-03-23,936,936,936,936,1337,-1736,0,0
2001-03-26,918,918,918,918,1337,-1736,0,0
2001-03-27,814,814,814,814,936,-1736,0,0
2001-03-28,-1255,-1255,-1255,-1255,936,-1736,0,0
2001-03-29,-97,-97,-97,-97,936,-1736,0,0
2001-03-30,1131,1131,1131,1131,936,-1736,0,0
2001-04-02,-702,-702,-702,-702,1131,-1736,0,0
2001-04-03,-1614,-1614,-1614,-1614,1131,-1736,0,0
2001-04-04,-2,-2,-2,-2,1131,-1736,0,0
2001-04-05,1556,1556,1556,1556,1131,-1736,0,0
2001-04-06,-1247,-1247,-1247,-1247,1556,-1736,0,0
2001-04-09,830,830,830,830,1556,-1736,0,0
2001-04-10,1099,1099,1099,1099,1556,-1654,0,0
2001-04-11,-757,-757,-757,-757,1556,-1654,0,0
2001-04-12,694,694,694,694,1556,-1614,0,0
2001-04-16,-450,-450,-450,-450,1556,-1614,0,0
2001-04-17,694,694,694,694,1556,-1614,0,0
2001-04-18,989,989,989,989,1556,-1614,0,0
2001-04-19,198,198,198,198,1556,-1614,0,0
2001-04-20,-674,-674,-674,-674,1556,-1614,0,0
2001-04-23,-583,-583,-583,-583,1556,-1614,0,0
2001-04-24,41,41,41,41,1556,-1614,0,0
2001-04-25,1077,1077,1077,1077,1556,-1614,0,0
2001-04-26,788,788,788,788,1556,-1614,0,0
2001-04-27,994,994,994,994,1556,-1614,0,0
2001-04-30,361,361,361,361,1556,-1614,0,0
2001-05-01,681,681,681,681,1556,-1614,0,0
2001-05-02,52,52,52,52,1556,-1614,0,0
2001-05-03,-609,-609,-609,-609,1556,-1247,0,0
2001-05-04,1070,1070,1070,1070,1556,-1247,0,0
2001-05-07,-223,-223,-223,-223,1099,-1247,0,0
2001-05-08,163,163,163,163,1099,-757,0,0
2001-05-09,181,181,181,181,1099,-757,0,0
2001-05-10,631,631,631,631,1077,-757,0,0
2001-05-11,-511,-511,-511,-511,1077,-674,0,0
2001-05-14,182,182,182,182,1077,-674,0,0
2001-05-15,739,739,739,739,1077,-674,0,0
2001-05-16,1036,1036,1036,1036,1077,-674,0,0
2001-05-17,686,686,686,686,1077,-674,0,0
2001-05-18,240,240,240,240,1077,-674,0,0
2001-05-21,1035,1035,1035,1035,1077,-609,0,0
2001-05-22,-122,-122,-122,-122,1077,-609,0,0
2001-05-23,-1003,-1003,-1003,-1003,1077,-609,0,0
2001-05-24,122,122,122,122,1070,-1003,0,0
2001-05-25,-267,-267,-267,-267,1070,-1003,0,0
2001-05-29,-269,-269,-269,-269,1070,-1003,0,0
2001-05-30,-923,-923,-923,-923,1070,-1003,0,0
2001-05-31,586,586,586,586,1070,-1003,0,0
2001-06-01,574,574,574,574,1070,-1003,0,0
2001-06-04,882,882,882,882,1070,-1003,0,0
2001-06-05,890,890,890,890,1036,-1003,0,0
2001-06-06,-641,-641,-641,-641,1036,-1003,0,0
2001-06-07,84,84,84,84,1036,-1003,0,0
2001-06-08,-417,-417,-417,-417,1036,-1003,0,0
2001-06-11,-574,-574,-574,-574,1036,-1003,0,0
2001-06-12,52,52,52,52,1036,-1003,0,0
2001-06-13,-424,-424,-424,-424,1036,-1003,0,0
2001-06-14,-1223,-1223,-1223,-1223,1036,-1003,0,0
2001-06-15,-151,-151,-151,-151,1035,-1223,0,0
2001-06-18,-499,-499,-499,-499,1035,-1223,0,0
2001-06-19,-47,-47,-47,-47,1035,-1223,0,0
2001-06-20,545,545,545,545,890,-1223,0,0
2001-06-21,386,386,386,386,890,-1223,0,0
2001-06-22,-571,-571,-571,-571,890,-1223,0,0
2001-06-25,-482,-482,-482,-482,890,-1223,0,0
2001-06-26,477,477,477,477,890,-1223,0,0
2001-06-27,255,255,255,255,890,-1223,0,0
2001-06-28,789,789,789,789,890,-1223,0,0
2001-06-29,802,802,802,802,890,-1223,0,0
2001-07-02,107,107,107,107,890,-1223,0,0
2001-07-03,185,185,185,185,890,-1223,0,0
2001-07-05,-326,-326,-326,-326,802,-1223,0,0
2001-07-06,-1043,-1043,-1043,-1043,802,-1223,0,0
2001-07-09,108,108,108,108,802,-1223,0,0
2001-07-10,-648,-648,-648,-648,802,-1223,0,0
2001-07-11,-402,-402,-402,-402,802,-1223,0,0
2001-07-12,773,773,773,773,802,-1223,0,0
2001-07-13,481,481,481,481,802,-1223,0,0
2001-07-16,-698,-698,-698,-698,802,-1043,0,0
2001-07-17,640,640,640,640,802,-1043,0,0
2001-07-18,-445,-445,-445,-445,802,-1043,0,0
2001-07-19,500,500,500,500,802,-1043,0,0
2001-07-20,59,59,59,59,802,-1043,0,0
2001-07-23,-740,-740,-740,-740,802,-1043,0,0
2001-07-24,-1167,-1167,-1167,-1167,802,-1043,0,0
2001-07-25,715,715,715,715,802,-1167,0,0
2001-07-26,738,738,738,738,802,-1167,0,0
2001-07-27,288,288,288,288,802,-1167,0,0
2001-07-30,188,188,188,188,802,-1167,0,0
2001-07-31,663,663,663,663,773,-1167,0,0
2001-08-01,495,495,495,495,773,-1167,0,0
2001-08-02,488,488,488,488,773,-1167,0,0
2001-08-03,-131,-131,-131,-131,773,-1167,0,0
2001-08-06,-675,-675,-675,-675,773,-1167,0,0
2001-08-07,316,316,316,316,773,-1167,0,0
2001-08-08,-721,-721,-721,-721,773,-1167,0,0
2001-08-09,352,352,352,352,773,-1167,0,0
2001-08-10,743,743,743,743,738,-1167,0,0
2001-08-13,91,91,91,91,743,-1167,0,0
2001-08-14,680,680,680,680,743,-1167,0,0
2001-08-15,180,180,180,180,743,-1167,0,0
2001-08-16,297,297,297,297,743,-1167,0,0
2001-08-17,-781,-781,-781,-781,743,-1167,0,0
2001-08-20,426,426,426,426,743,-1167,0,0
2001-08-21,-409,-409,-409,-409,743,-1167,0,0
2001-08-22,581,581,581,581,743,-781,0,0
2001-08-23,-276,-276,-276,-276,743,-781,0,0
2001-08-24,819,819,819,819,743,-781,0,0
2001-08-27,-397,-397,-397,-397,819,-781,0,0
2001-08-28,-659,-659,-659,-659,819,-781,0,0
2001-08-29,-382,-382,-382,-382,819,-781,0,0
2001-08-30,-969,-969,-969,-969,819,-781,0,0
2001-08-31,330,330,330,330,819,-969,0,0
2001-09-04,148,148,148,148,819,-969,0,0
2001-09-05,-671,-671,-671,-671,819,-969,0,0
2001-09-06,-1131,-1131,-1131,-1131,819,-969,0,0
2001-09-07,-1283,-1283,-1283,-1283,819,-1131,0,0
2001-09-10,-833,-833,-833,-833,819,-1283,0,0
2001-09-17,-2361,-2361,-2361,-2361,819,-1283,0,0
2001-09-18,-703,-703,-703,-703,819,-2361,0,0
2001-09-19,-1689,-1689,-1689,-1689,819,-2361,0,0
2001-09-20,-2089,-2089,-2089,-2089,819,-2361,0,0
2001-09-21,-1625,-1625,-1625,-1625,819,-2361,0,0
2001-09-24,1597,1597,1597,1597,819,-2361,0,0
2001-09-25,596,596,596,596,1597,-2361,0,0
2001-09-26,-504,-504,-504,-504,1597,-2361,0,0
2001-09-27,686,686,686,686,1597,-2361,0,0
2001-09-28,1808,1808,1808,1808,1597,-2361,0,0
2001-10-01,-575,-575,-575,-575,1808,-2361,0,0
2001-10-02,1020,1020,1020,1020,1808,-2361,0,0
2001-10-03,1094,1094,1094,1094,1808,-2361,0,0
2001-10-04,470,470,470,470,1808,-2361,0,0
2001-10-05,29,29,29,29,1808,-2361,0,0
2001-10-08,-719,-719,-719,-719,1808,-2361,0,0
2001-10-09,-117,-117,-117,-117,1808,-2361,0,0
2001-10-10,1339,1339,1339,1339,1808,-2361,0,0
2001-10-11,730,730,730,730,1808,-2361,0,0
2001-10-12,-643,-643,-643,-643,1808,-2361,0,0
2001-10-15,-23,-23,-23,-23,1808,-2361,0,0
2001-10-16,819,819,819,819,1808,-2089,0,0
2001-10-17,-829,-829,-829,-829,1808,-2089,0,0
2001-10-18,-887,-887,-887,-887,1808,-2089,0,0
2001-10-19,310,310,310,310,1808,-1625,0,0
2001-10-22,568,568,568,568,1808,-887,0,0
2001-10-23,-71,-71,-71,-71,1808,-887,0,0
2001-10-24,-378,-378,-378,-378,1808,-887,0,0
2001-10-25,716,716,716,716,1808,-887,0,0
2001-10-26,576,576,576,576,1808,-887,0,0
2001-10-29,-1044,-1044,-1044,-1044,1339,-887,0,0
2001-10-30,-1216,-1216,-1216,-1216,1339,-1044,0,0
2001-10-31,761,761,761,761,1339,-1216,0,0
2001-11-01,1345,1345,1345,1345,1339,-1216,0,0
2001-11-02,59,59,59,59,1345,-1216,0,0
2001-11-05,970,970,970,970,1345,-1216,0,0
2001-11-06,999,999,999,999,1345,-1216,0,0
2001-11-07,70,70,70,70,1345,-1216,0,0
2001-11-08,252,252,252,252,1345,-1216,0,0
2001-11-09,117,117,117,117,1345,-1216,0,0
2001-11-12,-70,-70,-70,-70,1345,-1216,0,0
2001-11-13,1291,1291,1291,1291,1345,-1216,0,0
2001-11-14,652,652,652,652,1345,-1216,0,0
2001-11-15,-150,-150,-150,-150,1345,-1216,0,0
2001-11-16,260,260,260,260,1345,-1216,0,0
2001-11-19,784,784,784,784,1345,-1216,0,0
2001-11-20,-227,-227,-227,-227,1345,-1216,0,0
2001-11-21,-556,-556,-556,-556,1345,-1216,0,0
2001-11-23,1414,1414,1414,1414,1345,-1216,0,0
2001-11-26,157,157,157,157,1414,-1216,0,0
2001-11-27,-336,-336,-336,-336,1414,-1216,0,0
2001-11-28,-1005,-1005,-1005,-1005,1414,-1216,0,0
2001-11-29,820,820,820,820,1414,-1005,0,0
2001-11-30,-28,-28,-28,-28,1414,-1005,0,0
2001-12-03,-601,-601,-601,-601,1414,-1005,0,0
2001-12-04,1258,1258,1258,1258,1414,-1005,0,0
2001-12-05,962,962,962,962,1414,-1005,0,0
2001-12-06,9,9,9,9,1414,-1005,0,0
2001-12-07,-279,-279,-279,-279,1414,-1005,0,0
2001-12-10,-1190,-1190,-1190,-1190,1414,-1005,0,0
2001-12-11,-13,-13,-13,-13,1414,-1190,0,0
2001-12-12,-110,-110,-110,-110,1414,-1190,0,0
2001-12-13,-989,-989,-989,-989,1414,-1190,0,0
2001-12-14,419,419,419,419,1414,-1190,0,0
2001-12-17,412,412,412,412,1414,-1190,0,0
2001-12-18,816,816,816,816,1414,-1190,0,0
2001-12-19,-115,-115,-115,-115,1414,-1190,0,0
2001-12-20,-607,-607,-607,-607,1414,-1190,0,0
2001-12-21,963,963,963,963,1414,-1190,0,0
2001-12-24,543,543,543,543,1258,-1190,0,0
2001-12-26,983,983,983,983,1258,-1190,0,0
2001-12-27,999,999,999,999,1258,-1190,0,0
2001-12-28,856,856,856,856,1258,-1190,0,0
2001-12-31,49,49,49,49,1258,-1190,0,0
2002-01-02,104,104,104,104,1258,-1190,0,0
2002-01-03,1050,1050,1050,1050,1258,-1190,0,0
2002-01-04,830,830,830,830,1050,-1190,0,0
2002-01-07,-211,-211,-211,-211,1050,-1190,0,0
2002-01-08,113,113,113,113,1050,-1190,0,0
2002-01-09,-71,-71,-71,-71,1050,-1190,0,0
2002-01-10,-29,-29,-29,-29,1050,-989,0,0
2002-01-11,-528,-528,-528,-528,1050,-989,0,0
2002-01-14,-647,-647,-647,-647,1050,-989,0,0
2002-01-15,587,587,587,587,1050,-647,0,0
2002-01-16,-869,-869,-869,-869,1050,-647,0,0
2002-01-17,777,777,777,777,1050,-869,0,0
2002-01-18,-635,-635,-635,-635,1050,-869,0,0
2002-01-22,-388,-388,-388,-388,1050,-869,0,0
2002-01-23,804,804,804,804,1050,-869,0,0
2002-01-24,347,347,347,347,1050,-869,0,0
2002-01-25,103,103,103,103,1050,-869,0,0
2002-01-28,201,201,201,201,1050,-869,0,0
2002-01-29,-1224,-1224,-1224,-1224,1050,-869,0,0
2002-01-30,679,679,679,679,1050,-1224,0,0
2002-01-31,1096,1096,1096,1096,1050,-1224,0,0
2002-02-01,-229,-229,-229,-229,1096,-1224,0,0
2002-02-04,-1256,-1256,-1256,-1256,1096,-1224,0,0
2002-02-05,1134,1134,1134,1134,1096,-1256,0,0
2002-02-06,-802,-802,-802,-802,1134,-1256,0,0
2002-02-07,-278,-278,-278,-278,1134,-1256,0,0
2002-02-08,1031,1031,1031,1031,1134,-1256,0,0
2002-02-11,1096,1096,1096,1096,1134,-1256,0,0
2002-02-12,-34,-34,-34,-34,1134,-1256,0,0
2002-02-13,836,836,836,836,1134,-1256,0,0
2002-02-14,-162,-162,-162,-162,1134,-1256,0,0
2002-02-15,19,19,19,19,1134,-1256,0,0
2002-02-19,-1106,-1106,-1106,-1106,1134,-1256,0,0
2002-02-20,673,673,673,673,1134,-1256,0,0
2002-02-21,-548,-548,-548,-548,1134,-1256,0,0
2002-02-22,803,803,803,803,1134,-1256,0,0
2002-02-25,747,747,747,747,1134,-1256,0,0
2002-02-26,489,489,489,489,1134,-1256,0,0
2002-02-27,694,694,694,694,1134,-1256,0,0
2002-02-28,202,202,202,202,1134,-1256,0,0
2002-03-01,1289,1289,1289,1289,1134,-1256,0,0
2002-03-04,1298,1298,1298,1298,1289,-1256,0,0
2002-03-05,37,37,37,37,1298,-1256,0,0
2002-03-06,1435,1435,1435,1435,1298,-1106,0,0
2002-03-07,34,34,34,34,1435,-1106,0,0
2002-03-08,177,177,177,177,1435,-1106,0,0
2002-03-11,72,72,72,72,1435,-1106,0,0
2002-03-12,-58,-58,-58,-58,1435,-1106,0,0
2002-03-13,-376,-376,-376,-376,1435,-1106,0,0
2002-03-14,357,357,357,357,1435,-1106,0,0
2002-03-15,587,587,587,587,1435,-1106,0,0
2002-03-18,365,365,365,365,1435,-1106,0,0
2002-03-19,280,280,280,280,1435,-1106,0,0
2002-03-20,-1131,-1131,-1131,-1131,1435,-548,0,0
2002-03-21,171,171,171,171,1435,-1131,0,0
2002-03-22,-482,-482,-482,-482,1435,-1131,0,0
2002-03-25,-1242,-1242,-1242,-1242,1435,-1131,0,0
2002-03-26,741,741,741,741,1435,-1242,0,0
2002-03-27,1070,1070,1070,1070,1435,-1242,0,0
2002-03-28,331,331,331,331,1435,-1242,0,0
2002-04-01,-254,-254,-254,-254,1435,-1242,0,0
2002-04-02,-153,-153,-153,-153,1435,-1242,0,0
2002-04-03,-825,-825,-825,-825,1435,-1242,0,0
2002-04-04,331,331,331,331,1435,-1242,0,0
2002-04-05,606,606,606,606,1070,-1242,0,0
2002-04-08,496,496,496,496,1070,-1242,0,0
2002-04-09,361,361,361,361,1070,-1242,0,0
2002-04-10,1331,1331,1331,1331,1070,-1242,0,0
2002-04-11,-1015,-1015,-1015,-1015,1331,-1242,0,0
2002-04-12,1017,1017,1017,1017,1331,-1242,0,0
2002-04-15,-377,-377,-377,-377,1331,-1242,0,0
2002-04-16,1320,1320,1320,1320,1331,-1242,0,0
2002-04-17,183,183,183,183,1331,-1242,0,0
2002-04-18,-24,-24,-24,-24,1331,-1242,0,0
2002-04-19,351,351,351,351,1331,-1242,0,0
2002-04-22,-775,-775,-775,-775,1331,-1242,0,0
2002-04-23,-29,-29,-29,-29,1331,-1242,0,0
2002-04-24,-139,-139,-139,-139,1331,-1015,0,0
2002-04-25,137,137,137,137,1331,-1015,0,0
2002-04-26,-632,-632,-632,-632,1331,-1015,0,0
2002-04-29,-336,-336,-336,-336,1331,-1015,0,0
2002-04-30,1287,1287,1287,1287,1331,-1015,0,0
2002-05-01,700,700,700,700,1331,-1015,0,0
2002-05-02,536,536,536,536,1331,-1015,0,0
2002-05-03,141,141,141,141,1331,-1015,0,0
2002-05-06,-1068,-1068,-1068,-1068,1331,-1015,0,0
2002-05-07,-377,-377,-377,-377,1331,-1068,0,0
2002-05-08,820,820,820,820,1331,-1068,0,0
2002-05-09,-935,-935,-935,-935,1320,-1068,0,0
2002-05-10,-852,-852,-852,-852,1320,-1068,0,0
2002-05-13,617,617,617,617,1320,-1068,0,0
2002-05-14,1242,1242,1242,1242,1320,-1068,0,0
2002-05-15,130,130,130,130,1287,-1068,0,0
2002-05-16,-313,-313,-313,-313,1287,-1068,0,0
2002-05-17,313,313,313,313,1287,-1068,0,0
2002-05-20,-758,-758,-758,-758,1287,-1068,0,0
2002-05-21,-878,-878,-878,-878,1287,-1068,0,0
2002-05-22,67,67,67,67,1287,-1068,0,0
2002-05-23,851,851,851,851,1287,-1068,0,0
2002-05-24,-658,-658,-658,-658,1287,-1068,0,0
2002-05-28,-403,-403,-403,-403,1287,-1068,0,0
2002-05-29,-365,-365,-365,-365,1287,-1068,0,0
2002-05-30,-187,-187,-187,-187,1242,-1068,0,0
2002-05-31,692,692,692,692,1242,-1068,0,0
2002-06-03,-1443,-1443,-1443,-1443,1242,-1068,0,0
2002-06-04,-368,-368,-368,-368,1242,-1443,0,0
2002-06-05,362,362,362,362,1242,-1443,0,0
2002-06-06,-1171,-1171,-1171,-1171,1242,-1443,0,0
2002-06-07,434,434,434,434,1242,-1443,0,0
2002-06-10,90,90,90,90,1242,-1443,0,0
2002-06-11,-844,-844,-844,-844,1242,-1443,0,0
2002-06-12,25,25,25,25,1242,-1443,0,0
2002-06-13,-731,-731,-731,-731,851,-1443,0,0
2002-06-14,-285,-285,-285,-285,851,-1443,0,0
2002-06-17,1556,1556,1556,1556,851,-1443,0,0
2002-06-18,113,113,113,113,1556,-1443,0,0
2002-06-19,-804,-804,-804,-804,1556,-1443,0,0
2002-06-20,-292,-292,-292,-292,1556,-1443,0,0
2002-06-21,-403,-403,-403,-403,1556,-1443,0,0
2002-06-24,-552,-552,-552,-552,1556,-1443,0,0
2002-06-25,-364,-364,-364,-364,1556,-1443,0,0
2002-06-26,-542,-542,-542,-542,1556,-1443,0,0
2002-06-27,846,846,846,846,1556,-1443,0,0
2002-06-28,1059,1059,1059,1059,1556,-1443,0,0
2002-07-01,-964,-964,-964,-964,1556,-1443,0,0
2002-07-02,-1664,-1664,-1664,-1664,1556,-1171,0,0
2002-07-03,-735,-735,-735,-735,1556,-1664,0,0
2002-07-05,1914,1914,1914,1914,1556,-1664,0,0
2002-07-08,-565,-565,-565,-565,1914,-1664,0,0
2002-07-09,-700,-700,-700,-700,1914,-1664,0,0
2002-07-10,-1629,-1629,-1629,-1629,1914,-1664,0,0
2002-07-11,-667,-667,-667,-667,1914,-1664,0,0
2002-07-12,-616,-616,-616,-616,1914,-1664,0,0
2002-07-15,-1431,-1431,-1431,-1431,1914,-1664,0,0
2002-07-16,-624,-624,-624,-624,1914,-1664,0,0
2002-07-17,413,413,413,413,1914,-1664,0,0
2002-07-18,-1153,-1153,-1153,-1153,1914,-1664,0,0
2002-07-19,-1713,-1713,-1713,-1713,1914,-1664,0,0
2002-07-22,-1988,-1988,-1988,-1988,1914,-1713,0,0
2002-07-23,-2160,-2160,-2160,-2160,1914,-1988,0,0
2002-07-24,667,667,667,667,1914,-2160,0,0
2002-07-25,456,456,456,456,1914,-2160,0,0
2002-07-26,713,713,713,713,1914,-2160,0,0
2002-07-29,2086,2086,2086,2086,1914,-2160,0,0
2002-07-30,294,294,294,294,2086,-2160,0,0
2002-07-31,104,104,104,104,2086,-2160,0,0
2002-08-01,-693,-693,-693,-693,2086,-2160,0,0
2002-08-02,-1485,-1485,-1485,-1485,2086,-2160,0,0
2002-08-05,-1684,-1684,-1684,-1684,2086,-2160,0,0
2002-08-06,1555,1555,1555,1555,2086,-2160,0,0
2002-08-07,926,926,926,926,2086,-2160,0,0
2002-08-08,1229,1229,1229,1229,2086,-2160,0,0
2002-08-09,323,323,323,323,2086,-2160,0,0
2002-08-12,-230,-230,-230,-230,2086,-2160,0,0
2002-08-13,-1091,-1091,-1091,-1091,2086,-2160,0,0
2002-08-14,1449,1449,1449,1449,2086,-2160,0,0
2002-08-15,771,771,771,771,2086,-2160,0,0
2002-08-16,416,416,416,416,2086,-2160,0,0
2002-08-19,1153,1153,1153,1153,2086,-2160,0,0
2002-08-20,-637,-637,-637,-637,2086,-2160,0,0
2002-08-21,1318,1318,1318,1318,2086,-1684,0,0
2002-08-22,913,913,913,913,2086,-1684,0,0
2002-08-23,-1069,-1069,-1069,-1069,2086,-1684,0,0
2002-08-26,1311,1311,1311,1311,2086,-1684,0,0
2002-08-27,-627,-627,-627,-627,1555,-1684,0,0
2002-08-28,-1101,-1101,-1101,-1101,1555,-1684,0,0
2002-08-29,445,445,445,445,1555,-1684,0,0
2002-08-30,436,436,436,436,1555,-1684,0,0
2002-09-03,-1749,-1749,-1749,-1749,1555,-1684,0,0
2002-09-04,1282,1282,1282,1282,1555,-1749,0,0
2002-09-05,-1002,-1002,-1002,-1002,1449,-1749,0,0
2002-09-06,1413,1413,1413,1413,1449,-1749,0,0
2002-09-09,458,458,458,458,1449,-1749,0,0
2002-09-10,419,419,419,419,1449,-1749,0,0
2002-09-11,345,345,345,345,1449,-1749,0,0
2002-09-12,-1435,-1435,-1435,-1435,1449,-1749,0,0
2002-09-13,380,380,380,380,1413,-1749,0,0
2002-09-16,-331,-331,-331,-331,1413,-1749,0,0
2002-09-17,-1281,-1281,-1281,-1281,1413,-1749,0,0
2002-09-18,-685,-685,-685,-685,1413,-1749,0,0
2002-09-19,-1737,-1737,-1737,-1737,1413,-1749,0,0
2002-09-20,145,145,145,145,1413,-1749,0,0
2002-09-23,-1390,-1390,-1390,-1390,1413,-1749,0,0
2002-09-24,-1269,-1269,-1269,-1269,1413,-1749,0,0
2002-09-25,1527,1527,1527,1527,1413,-1749,0,0
2002-09-26,1573,1573,1573,1573,1527,-1749,0,0
2002-09-27,-1350,-1350,-1350,-1350,1573,-1749,0,0
2002-09-30,-328,-328,-328,-328,1573,-1749,0,0
2002-10-01,1215,1215,1215,1215,1573,-1749,0,0
2002-10-02,-1145,-1145,-1145,-1145,1573,-1737,0,0
2002-10-03,-493,-493,-493,-493,1573,-1737,0,0
2002-10-04,-1569,-1569,-1569,-1569,1573,-1737,0,0
2002-10-07,-1757,-1757,-1757,-1757,1573,-1737,0,0
2002-10-08,-188,-188,-188,-188,1573,-1757,0,0
2002-10-09,-2341,-2341,-2341,-2341,1573,-1757,0,0
2002-10-10,755,755,755,755,1573,-2341,0,0
2002-10-11,1816,1816,1816,1816,1573,-2341,0,0
2002-10-14,66,66,66,66,1816,-2341,0,0
2002-10-15,1596,1596,1596,1596,1816,-2341,0,0
2002-10-16,-1565,-1565,-1565,-1565,1816,-2341,0,0
2002-10-17,1247,1247,1247,1247,1816,-2341,0,0
2002-10-18,-89,-89,-89,-89,1816,-2341,0,0
2002-10-21,702,702,702,702,1816,-2341,0,0
2002-10-22,-1134,-1134,-1134,-1134,1816,-2341,0,0
2002-10-23,773,773,773,773,1816,-2341,0,0
2002-10-24,-348,-348,-348,-348,1816,-2341,0,0
2002-10-25,1172,1172,1172,1172,1816,-2341,0,0
2002-10-28,-416,-416,-416,-416,1816,-2341,0,0
2002-10-29,-438,-438,-438,-438,1816,-2341,0,0
2002-10-30,939,939,939,939,1816,-2341,0,0
2002-10-31,378,378,378,378,1816,-2341,0,0
2002-11-01,1393,1393,1393,1393,1816,-2341,0,0
2002-11-04,559,559,559,559,1816,-2341,0,0
2002-11-05,168,168,168,168,1816,-2341,0,0
2002-11-06,1106,1106,1106,1106,1816,-2341,0,0
2002-11-07,-981,-981,-981,-981,1816,-1565,0,0
2002-11-08,-582,-582,-582,-582,1816,-1565,0,0
2002-11-11,-1390,-1390,-1390,-1390,1596,-1565,0,0
2002-11-12,728,728,728,728,1596,-1565,0,0
2002-11-13,-126,-126,-126,-126,1393,-1565,0,0
2002-11-14,1477,1477,1477,1477,1393,-1390,0,0
2002-11-15,601,601,601,601,1477,-1390,0,0
2002-11-18,-424,-424,-424,-424,1477,-1390,0,0
2002-11-19,-369,-369,-369,-369,1477,-1390,0,0
2002-11-20,1250,1250,1250,1250,1477,-1390,0,0
2002-11-21,1192,1192,1192,1192,1477,-1390,0,0
2002-11-22,188,188,188,188,1477,-1390,0,0
2002-11-25,487,487,487,487,1477,-1390,0,0
2002-11-26,-868,-868,-868,-868,1477,-1390,0,0
2002-11-27,1890,1890,1890,1890,1477,-1390,0,0
2002-11-29,20,20,20,20,1890,-1390,0,0
2002-12-02,386,386,386,386,1890,-1390,0,0
2002-12-03,-737,-737,-737,-737,1890,-1390,0,0
2002-12-04,-116,-116,-116,-116,1890,-1390,0,0
2002-12-05,-582,-582,-582,-582,1890,-1390,0,0
2002-12-06,711,711,711,711,1890,-1390,0,0
2002-12-09,-1432,-1432,-1432,-1432,1890,-1390,0,0
2002-12-10,1175,1175,1175,1175,1890,-1432,0,0
2002-12-11,340,340,340,340,1890,-1432,0,0
2002-12-12,219,219,219,219,1890,-1432,0,0
2002-12-13,-1020,-1020,-1020,-1020,1890,-1432,0,0
2002-12-16,1313,1313,1313,1313,1890,-1432,0,0
2002-12-17,-687,-687,-687,-687,1890,-1432,0,0
2002-12-18,-1035,-1035,-1035,-1035,1890,-1432,0,0
2002-12-19,-259,-259,-259,-259,1890,-1432,0,0
2002-12-20,1058,1058,1058,1058,1890,-1432,0,0
2002-12-23,189,189,189,189,1890,-1432,0,0
2002-12-24,-115,-115,-115,-115,1890,-1432,0,0
2002-12-26,578,578,578,578,1890,-1432,0,0
2002-12-27,-1128,-1128,-1128,-1128,1890,-1432,0,0
2002-12-30,419,419,419,419,1313,-1432,0,0
2002-12-31,868,868,868,868,1313,-1432,0,0
2003-01-02,1804,1804,1804,1804,1313,-1432,0,0
2003-01-03,265,265,265,265,1804,-1432,0,0
2003-01-06,1636,1636,1636,1636,1804,-1432,0,0
2003-01-07,-704,-704,-704,-704,1804,-1432,0,0
2003-01-08,-816,-816,-816,-816,1804,-1432,0,0
2003-01-09,1360,1360,1360,1360,1804,-1128,0,0
2003-01-10,102,102,102,102,1804,-1128,0,0
2003-01-13,89,89,89,89,1804,-1128,0,0
2003-01-14,688,688,688,688,1804,-1128,0,0
2003-01-15,-699,-699,-699,-699,1804,-1128,0,0
2003-01-16,226,226,226,226,1804,-1128,0,0
2003-01-17,-1040,-1040,-1040,-1040,1804,-1128,0,0
2003-01-21,-1252,-1252,-1252,-1252,1804,-1128,0,0
2003-01-22,-912,-912,-912,-912,1804,-1252,0,0
2003-01-23,801,801,801,801,1804,-1252,0,0
2003-01-24,-1586,-1586,-1586,-1586,1804,-1252,0,0
2003-01-27,-1843,-1843,-1843,-1843,1804,-1586,0,0
2003-01-28,908,908,908,908,1804,-1843,0,0
2003-01-29,453,453,453,453,1804,-1843,0,0
2003-01-30,-1085,-1085,-1085,-1085,1804,-1843,0,0
2003-01-31,1396,1396,1396,1396,1804,-1843,0,0
2003-02-03,215,215,215,215,1636,-1843,0,0
2003-02-04,-516,-516,-516,-516,1636,-1843,0,0
2003-02-05,-395,-395,-395,-395,1396,-1843,0,0
2003-02-06,-887,-887,-887,-887,1396,-1843,0,0
2003-02-07,-1115,-1115,-1115,-1115,1396,-1843,0,0
2003-02-10,441,441,441,441,1396,-1843,0,0
2003-02-11,-589,-589,-589,-589,1396,-1843,0,0
2003-02-12,-1210,-1210,-1210,-1210,1396,-1843,0,0
2003-02-13,-580,-580,-580,-580,1396,-1843,0,0
2003-02-14,882,882,882,882,1396,-1843,0,0
2003-02-18,1434,1434,1434,1434,1396,-1843,0,0
2003-02-19,-749,-749,-749,-749,1434,-1843,0,0
2003-02-20,-202,-202,-202,-202,1434,-1843,0,0
2003-02-21,1307,1307,1307,1307,1434,-1843,0,0
2003-02-24,-1171,-1171,-1171,-1171,1434,-1843,0,0
2003-02-25,536,536,536,536,1434,-1843,0,0
2003-02-26,-676,-676,-676,-676,1434,-1210,0,0
2003-02-27,1112,1112,1112,1112,1434,-1210,0,0
2003-02-28,614,614,614,614,1434,-1210,0,0
2003-03-03,-8,-8,-8,-8,1434,-1210,0,0
2003-03-04,-930,-930,-930,-930,1434,-1210,0,0
2003-03-05,266,266,266,266,1434,-1210,0,0
2003-03-06,-784,-784,-784,-784,1434,-1210,0,0
2003-03-07,332,332,332,332,1434,-1210,0,0
2003-03-10,-1658,-1658,-1658,-1658,1434,-1210,0,0
2003-03-11,-533,-533,-533,-533,1434,-1658,0,0
2003-03-12,-506,-506,-506,-506,1434,-1658,0,0
2003-03-13,1487,1487,1487,1487,1434,-1658,0,0
2003-03-14,337,337,337,337,1487,-1658,0,0
2003-03-17,1487,1487,1487,1487,1487,-1658,0,0
2003-03-18,285,285,285,285,1487,-1658,0,0
2003-03-19,268,268,268,268,1487,-1658,0,0
2003-03-20,523,523,523,523,1487,-1658,0,0
2003-03-21,1265,1265,1265,1265,1487,-1658,0,0
2003-03-24,-1839,-1839,-1839,-1839,1487,-1658,0,0
2003-03-25,1460,1460,1460,1460,1487,-1839,0,0
2003-03-26,-398,-398,-398,-398,1487,-1839,0,0
2003-03-27,332,332,332,332,1487,-1839,0,0
2003-03-28,294,294,294,294,1487,-1839,0,0
2003-03-31,-575,-575,-575,-575,1487,-1839,0,0
2003-04-01,1208,1208,1208,1208,1487,-1839,0,0
2003-04-02,1440,1440,1440,1440,1487,-1839,0,0
2003-04-03,-322,-322,-322,-322,1487,-1839,0,0
2003-04-04,320,320,320,320,1487,-1839,0,0
2003-04-07,738,738,738,738,1487,-1839,0,0
2003-04-08,-343,-343,-343,-343,1487,-1839,0,0
2003-04-09,-343,-343,-343,-343,1487,-1839,0,0
2003-04-10,529,529,529,529,1487,-1839,0,0
2003-04-11,5,5,5,5,1487,-1839,0,0
2003-04-14,1529,1529,1529,1529,1487,-1839,0,0
2003-04-15,1010,1010,1010,1010,1529,-1839,0,0
2003-04-16,-281,-281,-281,-281,1529,-1839,0,0
2003-04-17,1563,1563,1563,1563,1529,-1839,0,0
2003-04-21,382,382,382,382,1563,-1839,0,0
2003-04-22,1594,1594,1594,1594,1563,-1839,0,0
2003-04-23,757,757,757,757,1594,-575,0,0
2003-04-24,-555,-555,-555,-555,1594,-575,0,0
2003-04-25,-759,-759,-759,-759,1594,-575,0,0
2003-04-28,1677,1677,1677,1677,1594,-759,0,0
2003-04-29,476,476,476,476,1677,-759,0,0
2003-04-30,636,636,636,636,1677,-759,0,0
2003-05-01,137,137,137,137,1677,-759,0,0
2003-05-02,1731,1731,1731,1731,1677,-759,0,0
2003-05-05,450,450,450,450,1731,-759,0,0
2003-05-06,1111,1111,1111,1111,1731,-759,0,0
2003-05-07,-200,-200,-200,-200,1731,-759,0,0
2003-05-08,-327,-327,-327,-327,1731,-759,0,0
2003-05-09,1563,1563,1563,1563,1731,-759,0,0
2003-05-12,1318,1318,1318,1318,1731,-759,0,0
2003-05-13,-41,-41,-41,-41,1731,-759,0,0
2003-05-14,-62,-62,-62,-62,1731,-759,0,0
2003-05-15,790,790,790,790,1731,-759,0,0
2003-05-16,72,72,72,72,1731,-759,0,0
2003-05-19,-1348,-1348,-1348,-1348,1731,-759,0,0
2003-05-20,413,413,413,413,1731,-1348,0,0
2003-05-21,647,647,647,647,1731,-1348,0,0
2003-05-22,1065,1065,1065,1065,1731,-1348,0,0
2003-05-23,1048,1048,1048,1048,1731,-1348,0,0
2003-05-27,1332,1332,1332,1332,1731,-1348,0,0
2003-05-28,393,393,393,393,1731,-1348,0,0
2003-05-29,209,209,209,209,1731,-1348,0,0
2003-05-30,1778,1778,1778,1778,1731,-1348,0,0
2003-06-02,960,960,960,960,1778,-1348,0,0
2003-06-03,311,311,311,311,1778,-1348,0,0
2003-06-04,1715,1715,1715,1715,1778,-1348,0,0
2003-06-05,816,816,816,816,1778,-1348,0,0
2003-06-06,-7,-7,-7,-7,1778,-1348,0,0
2003-06-09,-1151,-1151,-1151,-1151,1778,-1348,0,0
2003-06-10,1346,1346,1346,1346,1778,-1348,0,0
2003-06-11,1431,1431,1431,1431,1778,-1348,0,0
2003-06-12,579,579,579,579,1778,-1348,0,0
2003-06-13,-936,-936,-936,-936,1778,-1348,0,0
2003-06-16,1495,1495,1495,1495,1778,-1348,0,0
2003-06-17,-231,-231,-231,-231,1778,-1348,0,0
2003-06-18,-728,-728,-728,-728,1778,-1151,0,0
2003-06-19,-1071,-1071,-1071,-1071,1778,-1151,0,0
2003-06-20,-78,-78,-78,-78,1778,-1151,0,0
2003-06-23,-1667,-1667,-1667,-1667,1778,-1151,0,0
2003-06-24,193,193,193,193,1778,-1667,0,0
2003-06-25,281,281,281,281,1778,-1667,0,0
2003-06-26,820,820,820,820,1778,-1667,0,0
2003-06-27,-165,-165,-165,-165,1778,-1667,0,0
2003-06-30,123,123,123,123,1715,-1667,0,0
2003-07-01,674,674,674,674,1715,-1667,0,0
2003-07-02,1772,1772,1772,1772,1715,-1667,0,0
2003-07-03,-648,-648,-648,-648,1772,-1667,0,0
2003-07-07,1172,1172,1172,1172,1772,-1667,0,0
2003-07-08,429,429,429,429,1772,-1667,0,0
2003-07-09,-257,-257,-257,-257,1772,-1667,0,0
2003-07-10,-1332,-1332,-1332,-1332,1772,-1667,0,0
2003-07-11,1170,1170,1170,1170,1772,-1667,0,0
2003-07-14,663,663,663,663,1772,-1667,0,0
2003-07-15,-1096,-1096,-1096,-1096,1772,-1667,0,0
2003-07-16,-1199,-1199,-1199,-1199,1772,-1667,0,0
2003-07-17,-1721,-1721,-1721,-1721,1772,-1667,0,0
2003-07-18,1133,1133,1133,1133,1772,-1721,0,0
2003-07-21,-1575,-1575,-1575,-1575,1772,-1721,0,0
2003-07-22,472,472,472,472,1772,-1721,0,0
2003-07-23,189,189,189,189,1772,-1721,0,0
2003-07-24,-109,-109,-109,-109,1772,-1721,0,0
2003-07-25,992,992,992,992,1772,-1721,0,0
2003-07-28,-251,-251,-251,-251,1772,-1721,0,0
2003-07-29,-792,-792,-792,-792,1772,-1721,0,0
2003-07-30,-165,-165,-165,-165,1772,-1721,0,0
2003-07-31,-174,-174,-174,-174,1772,-1721,0,0
2003-08-01,-1396,-1396,-1396,-1396,1172,-1721,0,0
2003-08-04,-919,-919,-919,-919,1172,-1721,0,0
2003-08-05,-1189,-1189,-1189,-1189,1170,-1721,0,0
2003-08-06,15,15,15,15,1170,-1721,0,0
2003-08-07,787,787,787,787,1170,-1721,0,0
2003-08-08,841,841,841,841,1170,-1721,0,0
2003-08-11,637,637,637,637,1133,-1721,0,0
2003-08-12,1317,1317,1317,1317,1133,-1721,0,0
2003-08-13,-420,-420,-420,-420,1317,-1721,0,0
2003-08-14,726,726,726,726,1317,-1721,0,0
2003-08-15,305,305,305,305,1317,-1575,0,0
2003-08-18,1101,1101,1101,1101,1317,-1575,0,0
2003-08-19,973,973,973,973,1317,-1396,0,0
2003-08-20,274,274,274,274,1317,-1396,0,0
2003-08-21,866,866,866,866,1317,-1396,0,0
2003-08-22,-1205,-1205,-1205,-1205,1317,-1396,0,0
2003-08-25,-570,-570,-570,-570,1317,-1396,0,0
2003-08-26,371,371,371,371,1317,-1396,0,0
2003-08-27,721,721,721,721,1317,-1396,0,0
2003-08-28,1254,1254,1254,1254,1317,-1396,0,0
2003-08-29,1058,1058,1058,1058,1317,-1396,0,0
2003-09-02,1446,1446,1446,1446,1317,-1205,0,0
2003-09-03,816,816,816,816,1446,-1205,0,0
2003-09-04,399,399,399,399,1446,-1205,0,0
2003-09-05,-318,-318,-318,-318,1446,-1205,0,0
2003-09-08,1351,1351,1351,1351,1446,-1205,0,0
2003-09-09,-743,-743,-743,-743,1446,-1205,0,0
2003-09-10,-1077,-1077,-1077,-1077,1446,-1205,0,0
2003-09-11,1011,1011,1011,1011,1446,-1205,0,0
2003-09-12,613,613,613,613,1446,-1205,0,0
2003-09-15,-316,-316,-316,-316,1446,-1205,0,0
2003-09-16,1422,1422,1422,1422,1446,-1205,0,0
2003-09-17,-123,-123,-123,-123,1446,-1205,0,0
2003-09-18,1029,1029,1029,1029,1446,-1205,0,0
2003-09-19,331,331,331,331,1446,-1205,0,0
2003-09-22,-1444,-1444,-1444,-1444,1446,-1205,0,0
2003-09-23,823,823,823,823,1446,-1444,0,0
2003-09-24,-1061,-1061,-1061,-1061,1446,-1444,0,0
2003-09-25,-1002,-1002,-1002,-1002,1446,-1444,0,0
2003-09-26,-800,-800,-800,-800,1446,-1444,0,0
2003-09-29,1281,1281,1281,1281,1446,-1444,0,0
2003-09-30,-35,-35,-35,-35,1446,-1444,0,0
2003-10-01,2070,2070,2070,2070,1422,-1444,0,0
2003-10-02,668,668,668,668,2070,-1444,0,0
2003-10-03,1055,1055,1055,1055,2070,-1444,0,0
2003-10-06,967,967,967,967,2070,-1444,0,0
2003-10-07,672,672,672,672,2070,-1444,0,0
2003-10-08,-261,-261,-261,-261,2070,-1444,0,0
2003-10-09,789,789,789,789,2070,-1444,0,0
2003-10-10,306,306,306,306,2070,-1444,0,0
2003-10-13,1390,1390,1390,1390,2070,-1444,0,0
2003-10-14,476,476,476,476,2070,-1444,0,0
2003-10-15,-740,-740,-740,-740,2070,-1444,0,0
2003-10-16,564,564,564,564,2070,-1444,0,0
2003-10-17,-1173,-1173,-1173,-1173,2070,-1444,0,0
2003-10-20,372,372,372,372,2070,-1444,0,0
2003-10-21,376,376,376,376,2070,-1173,0,0
2003-10-22,-1230,-1230,-1230,-1230,2070,-1173,0,0
2003-10-23,-125,-125,-125,-125,2070,-1230,0,0
2003-10-24,-463,-463,-463,-463,2070,-1230,0,0
2003-10-27,1120,1120,1120,1120,2070,-1230,0,0
2003-10-28,1195,1195,1195,1195,2070,-1230,0,0
2003-10-29,886,886,886,886,2070,-1230,0,0
2003-10-30,13,13,13,13,1390,-1230,0,0
2003-10-31,363,363,363,363,1390,-1230,0,0
2003-11-03,1271,1271,1271,1271,1390,-1230,0,0
2003-11-04,170,170,170,170,1390,-1230,0,0
2003-11-05,50,50,50,50,1390,-1230,0,0
2003-11-06,543,543,543,543,1390,-1230,0,0
2003-11-07,310,310,310,310,1390,-1230,0,0
2003-11-10,-948,-948,-948,-948,1390,-1230,0,0
2003-11-11,-602,-602,-602,-602,1271,-1230,0,0
2003-11-12,1754,1754,1754,1754,1271,-1230,0,0
2003-11-13,469,469,469,469,1754,-1230,0,0
2003-11-14,-534,-534,-534,-534,1754,-1230,0,0
2003-11-17,-1300,-1300,-1300,-1300,1754,-1230,0,0
2003-11-18,-531,-531,-531,-531,1754,-1300,0,0
2003-11-19,614,614,614,614,1754,-1300,0,0
2003-11-20,-731,-731,-731,-731,1754,-1300,0,0
2003-11-21,627,627,627,627,1754,-1300,0,0
2003-11-24,1614,1614,1614,1614,1754,-1300,0,0
2003-11-25,1192,1192,1192,1192,1754,-1300,0,0
2003-11-26,1073,1073,1073,1073,1754,-1300,0,0
2003-11-28,622,622,622,622,1754,-1300,0,0
2003-12-01,1535,1535,1535,1535,1754,-1300,0,0
2003-12-02,-12,-12,-12,-12,1754,-1300,0,0
2003-12-03,-244,-244,-244,-244,1754,-1300,0,0
2003-12-04,-9,-9,-9,-9,1754,-1300,0,0
2003-12-05,-335,-335,-335,-335,1754,-1300,0,0
2003-12-08,1069,1069,1069,1069,1754,-1300,0,0
2003-12-09,-687,-687,-687,-687,1754,-1300,0,0
2003-12-10,-748,-748,-748,-748,1754,-1300,0,0
2003-12-11,1683,1683,1683,1683,1754,-1300,0,0
2003-12-12,952,952,952,952,1683,-1300,0,0
2003-12-15,-733,-733,-733,-733,1683,-1300,0,0
2003-12-16,587,587,587,587,1683,-1300,0,0
2003-12-17,622,622,622,622,1683,-748,0,0
2003-12-18,1582,1582,1582,1582,1683,-748,0,0
2003-12-19,121,121,121,121,1683,-748,0,0
2003-12-22,818,818,818,818,1683,-748,0,0
2003-12-23,850,850,850,850,1683,-748,0,0
2003-12-24,112,112,112,112,1683,-748,0,0
2003-12-26,868,868,868,868,1683,-748,0,0
2003-12-29,1718,1718,1718,1718,1683,-748,0,0
2003-12-30,559,559,559,559,1718,-748,0,0
2003-12-31,-137,-137,-137,-137,1718,-748,0,0
2004-01-02,233,233,233,233,1718,-748,0,0
2004-01-05,1150,1150,1150,1150,1718,-748,0,0
2004-01-06,130,130,130,130,1718,-748,0,0
2004-01-07,249,249,249,249,1718,-748,0,0
2004-01-08,749,749,749,749,1718,-748,0,0
2004-01-09,-25,-25,-25,-25,1718,-748,0,0
2004-01-12,849,849,849,849,1718,-733,0,0
2004-01-13,-44,-44,-44,-44,1718,-733,0,0
2004-01-14,1086,1086,1086,1086,1718,-733,0,0
2004-01-15,-30,-30,-30,-30,1718,-137,0,0
2004-01-16,501,501,501,501,1718,-137,0,0
2004-01-20,793,793,793,793,1718,-137,0,0
2004-01-21,804,804,804,804,1718,-137,0,0
2004-01-22,148,148,148,148,1718,-137,0,0
2004-01-23,165,165,165,165,1718,-137,0,0
2004-01-26,397,397,397,397,1718,-137,0,0
2004-01-27,-445,-445,-445,-445,1718,-137,0,0
2004-01-28,-1467,-1467,-1467,-1467,1718,-445,0,0
2004-01-29,-889,-889,-889,-889,1150,-1467,0,0
2004-01-30,163,163,163,163,1150,-1467,0,0
2004-02-02,250,250,250,250,1150,-1467,0,0
2004-02-03,88,88,88,88,1150,-1467,0,0
2004-02-04,-1477,-1477,-1477,-1477,1086,-1467,0,0
2004-02-05,206,206,206,206,1086,-1477,0,0
2004-02-06,1970,1970,1970,1970,1086,-1477,0,0
2004-02-09,389,389,389,389,1970,-1477,0,0
2004-02-10,1025,1025,1025,1025,1970,-1477,0,0
2004-02-11,1280,1280,1280,1280,1970,-1477,0,0
2004-02-12,-492,-492,-492,-492,1970,-1477,0,0
2004-02-13,-738,-738,-738,-738,1970,-1477,0,0
2004-02-17,1514,1514,1514,1514,1970,-1477,0,0
2004-02-18,-713,-713,-713,-713,1970,-1477,0,0
2004-02-19,-853,-853,-853,-853,1970,-1477,0,0
2004-02-20,-919,-919,-919,-919,1970,-1477,0,0
2004-02-23,-910,-910,-910,-910,1970,-1477,0,0
2004-02-24,16,16,16,16,1970,-1477,0,0
2004-02-25,1080,1080,1080,1080,1970,-1477,0,0
2004-02-26,852,852,852,852,1970,-1477,0,0
2004-02-27,1067,1067,1067,1067,1970,-1477,0,0
2004-03-01,1712,1712,1712,1712,1970,-1477,0,0
2004-03-02,-388,-388,-388,-388,1970,-1477,0,0
2004-03-03,-57,-57,-57,-57,1970,-1477,0,0
2004-03-04,782,782,782,782,1970,-1477,0,0
2004-03-05,1142,1142,1142,1142,1970,-919,0,0
2004-03-08,-501,-501,-501,-501,1970,-919,0,0
2004-03-09,-833,-833,-833,-833,1712,-919,0,0
2004-03-10,-1627,-1627,-1627,-1627,1712,-919,0,0
2004-03-11,-1515,-1515,-1515,-1515,1712,-1627,0,0
2004-03-12,1539,1539,1539,1539,1712,-1627,0,0
2004-03-15,-1562,-1562,-1562,-1562,1712,-1627,0,0
2004-03-16,557,557,557,557,1712,-1627,0,0
2004-03-17,1769,1769,1769,1769,1712,-1627,0,0
2004-03-18,-355,-355,-355,-355,1769,-1627,0,0
2004-03-19,-733,-733,-733,-733,1769,-1627,0,0
2004-03-22,-1778,-1778,-1778,-1778,1769,-1627,0,0
2004-03-23,456,456,456,456,1769,-1778,0,0
2004-03-24,-959,-959,-959,-959,1769,-1778,0,0
2004-03-25,1432,1432,1432,1432,1769,-1778,0,0
2004-03-26,293,293,293,293,1769,-1778,0,0
2004-03-29,1504,1504,1504,1504,1769,-1778,0,0
2004-03-30,1068,1068,1068,1068,1769,-1778,0,0
2004-03-31,754,754,754,754,1769,-1778,0,0
2004-04-01,1056,1056,1056,1056,1769,-1778,0,0
2004-04-02,160,160,160,160,1769,-1778,0,0
2004-04-05,-306,-306,-306,-306,1769,-1778,0,0
2004-04-06,-889,-889,-889,-889,1769,-1778,0,0
2004-04-07,-61,-61,-61,-61,1769,-1778,0,0
2004-04-08,-832,-832,-832,-832,1769,-1778,0,0
2004-04-12,35,35,35,35,1769,-1778,0,0
2004-04-13,-2503,-2503,-2503,-2503,1769,-1778,0,0
2004-04-14,-1877,-1877,-1877,-1877,1769,-2503,0,0
2004-04-15,-94,-94,-94,-94,1769,-2503,0,0
2004-04-16,1507,1507,1507,1507,1504,-2503,0,0
2004-04-19,-34,-34,-34,-34,1507,-2503,0,0
2004-04-20,-1769,-1769,-1769,-1769,1507,-2503,0,0
2004-04-21,-229,-229,-229,-229,1507,-2503,0,0
2004-04-22,1626,1626,1626,1626,1507,-2503,0,0
2004-04-23,-1018,-1018,-1018,-1018,1626,-2503,0,0
2004-04-26,-857,-857,-857,-857,1626,-2503,0,0
2004-04-27,368,368,368,368,1626,-2503,0,0
2004-04-28,-1738,-1738,-1738,-1738,1626,-2503,0,0
2004-04-29,-1568,-1568,-1568,-1568,1626,-2503,0,0
2004-04-30,-537,-537,-537,-537,1626,-2503,0,0
2004-05-03,653,653,653,653,1626,-2503,0,0
2004-05-04,485,485,485,485,1626,-2503,0,0
2004-05-05,-28,-28,-28,-28,1626,-2503,0,0
2004-05-06,-2085,-2085,-2085,-2085,1626,-2503,0,0
2004-05-07,-2895,-2895,-2895,-2895,1626,-2503,0,0
2004-05-10,-2746,-2746,-2746,-2746,1626,-2895,0,0
2004-05-11,2049,2049,2049,2049,1626,-2895,0,0
2004-05-12,142,142,142,142,2049,-2895,0,0
2004-05-13,-202,-202,-202,-202,2049,-2895,0,0
2004-05-14,442,442,442,442,2049,-2895,0,0
2004-05-17,-1243,-1243,-1243,-1243,2049,-2895,0,0
2004-05-18,1483,1483,1483,1483,2049,-2895,0,0
2004-05-19,272,272,272,272,2049,-2895,0,0
2004-05-20,552,552,552,552,2049,-2895,0,0
2004-05-21,1091,1091,1091,1091,2049,-2895,0,0
2004-05-24,1461,1461,1461,1461,2049,-2895,0,0
2004-05-25,2230,2230,2230,2230,2049,-2895,0,0
2004-05-26,896,896,896,896,2230,-2895,0,0
2004-05-27,1285,1285,1285,1285,2230,-2895,0,0
2004-05-28,514,514,514,514,2230,-2895,0,0
2004-06-01,103,103,103,103,2230,-2895,0,0
2004-06-02,665,665,665,665,2230,-2895,0,0
2004-06-03,-1516,-1516,-1516,-1516,2230,-2895,0,0
2004-06-04,1028,1028,1028,1028,2230,-2895,0,0
2004-06-07,1920,1920,1920,1920,2230,-2895,0,0
2004-06-08,-225,-225,-225,-225,2230,-2746,0,0
2004-06-09,-1619,-1619,-1619,-1619,2230,-1516,0,0
2004-06-10,369,369,369,369,2230,-1619,0,0
2004-06-14,-2256,-2256,-2256,-2256,2230,-1619,0,0
2004-06-15,1838,1838,1838,1838,2230,-2256,0,0
2004-06-16,271,271,271,271,2230,-2256,0,0
2004-06-17,516,516,516,516,2230,-2256,0,0
2004-06-18,380,380,380,380,2230,-2256,0,0
2004-06-21,-147,-147,-147,-147,2230,-2256,0,0
2004-06-22,254,254,254,254,2230,-2256,0,0
2004-06-23,1262,1262,1262,1262,2230,-2256,0,0
2004-06-24,99,99,99,99,2230,-2256,0,0
2004-06-25,311,311,311,311,1920,-2256,0,0
2004-06-28,-282,-282,-282,-282,1920,-2256,0,0
2004-06-29,118,118,118,118,1920,-2256,0,0
2004-06-30,1558,1558,1558,1558,1920,-2256,0,0
2004-07-01,-458,-458,-458,-458,1920,-2256,0,0
2004-07-02,978,978,978,978,1920,-2256,0,0
2004-07-06,-730,-730,-730,-730,1920,-2256,0,0
2004-07-07,843,843,843,843,1920,-2256,0,0
2004-07-08,-1002,-1002,-1002,-1002,1838,-2256,0,0
2004-07-09,855,855,855,855,1838,-2256,0,0
2004-07-12,429,429,429,429,1838,-2256,0,0
2004-07-13,146,146,146,146,1838,-2256,0,0
2004-07-14,-124,-124,-124,-124,1838,-1002,0,0
2004-07-15,266,266,266,266,1558,-1002,0,0
2004-07-16,186,186,186,186,1558,-1002,0,0
2004-07-19,206,206,206,206,1558,-1002,0,0
2004-07-20,601,601,601,601,1558,-1002,0,0
2004-07-21,-1847,-1847,-1847,-1847,1558,-1002,0,0
2004-07-22,-683,-683,-683,-683,1558,-1847,0,0
2004-07-23,-1103,-1103,-1103,-1103,1558,-1847,0,0
2004-07-26,-1135,-1135,-1135,-1135,1558,-1847,0,0
2004-07-27,839,839,839,839,1558,-1847,0,0
2004-07-28,36,36,36,36,1558,-1847,0,0
2004-07-29,1346,1346,1346,1346,1558,-1847,0,0
2004-07-30,858,858,858,858,1346,-1847,0,0
2004-08-02,663,663,663,663,1346,-1847,0,0
2004-08-03,-355,-355,-355,-355,1346,-1847,0,0
2004-08-04,-58,-58,-58,-58,1346,-1847,0,0
2004-08-05,-1481,-1481,-1481,-1481,1346,-1847,0,0
2004-08-06,-738,-738,-738,-738,1346,-1847,0,0
2004-08-09,-205,-205,-205,-205,1346,-1847,0,0
2004-08-10,1549,1549,1549,1549,1346,-1847,0,0
2004-08-11,-411,-411,-411,-411,1549,-1847,0,0
2004-08-12,-1332,-1332,-1332,-1332,1549,-1847,0,0
2004-08-13,543,543,543,543,1549,-1847,0,0
2004-08-16,1824,1824,1824,1824,1549,-1847,0,0
2004-08-17,612,612,612,612,1824,-1847,0,0
2004-08-18,1818,1818,1818,1818,1824,-1847,0,0
2004-08-19,-361,-361,-361,-361,1824,-1481,0,0
2004-08-20,1661,1661,1661,1661,1824,-1481,0,0
2004-08-23,-852,-852,-852,-852,1824,-1481,0,0
2004-08-24,380,380,380,380,1824,-1481,0,0
2004-08-25,1284,1284,1284,1284,1824,-1481,0,0
2004-08-26,350,350,350,350,1824,-1481,0,0
2004-08-27,1158,1158,1158,1158,1824,-1481,0,0
2004-08-30,-765,-765,-765,-765,1824,-1481,0,0
2004-08-31,1318,1318,1318,1318,1824,-1481,0,0
2004-09-01,794,794,794,794,1824,-1481,0,0
2004-09-02,1417,1417,1417,1417,1824,-1481,0,0
2004-09-03,-536,-536,-536,-536,1824,-1332,0,0
2004-09-07,1544,1544,1544,1544,1824,-1332,0,0
2004-09-08,-580,-580,-580,-580,1824,-1332,0,0
2004-09-09,705,705,705,705,1824,-1332,0,0
2004-09-10,756,756,756,756,1824,-1332,0,0
2004-09-13,689,689,689,689,1824,-852,0,0
2004-09-14,-85,-85,-85,-85,1824,-852,0,0
2004-09-15,-604,-604,-604,-604,1818,-852,0,0
2004-09-16,1622,1622,1622,1622,1818,-852,0,0
2004-09-17,179,179,179,179,1661,-852,0,0
2004-09-20,-626,-626,-626,-626,1661,-852,0,0
2004-09-21,1351,1351,1351,1351,1622,-852,0,0
2004-09-22,-1320,-1320,-1320,-1320,1622,-765,0,0
2004-09-23,-301,-301,-301,-301,1622,-1320,0,0
2004-09-24,358,358,358,358,1622,-1320,0,0
2004-09-27,-891,-891,-891,-891,1622,-1320,0,0
2004-09-28,1006,1006,1006,1006,1622,-1320,0,0
2004-09-29,302,302,302,302,1622,-1320,0,0
2004-09-30,640,640,640,640,1622,-1320,0,0
2004-10-01,1570,1570,1570,1570,1622,-1320,0,0
2004-10-04,541,541,541,541,1622,-1320,0,0
2004-10-05,-37,-37,-37,-37,1622,-1320,0,0
2004-10-06,1181,1181,1181,1181,1622,-1320,0,0
2004-10-07,-1460,-1460,-1460,-1460,1622,-1320,0,0
2004-10-08,-79,-79,-79,-79,1622,-1460,0,0
2004-10-11,195,195,195,195,1622,-1460,0,0
2004-10-12,-167,-167,-167,-167,1622,-1460,0,0
2004-10-13,-1125,-1125,-1125,-1125,1622,-1460,0,0
2004-10-14,-566,-566,-566,-566,1622,-1460,0,0
2004-10-15,1167,1167,1167,1167,1570,-1460,0,0
2004-10-18,278,278,278,278,1570,-1460,0,0
2004-10-19,-951,-951,-951,-951,1570,-1460,0,0
2004-10-20,246,246,246,246,1570,-1460,0,0
2004-10-21,1144,1144,1144,1144,1570,-1460,0,0
2004-10-22,-883,-883,-883,-883,1570,-1460,0,0
2004-10-25,172,172,172,172,1570,-1460,0,0
2004-10-26,1341,1341,1341,1341,1570,-1460,0,0
2004-10-27,1219,1219,1219,1219,1570,-1460,0,0
2004-10-28,135,135,135,135,1570,-1460,0,0
2004-10-29,540,540,540,540,1570,-1460,0,0
2004-11-01,530,530,530,530,1341,-1460,0,0
2004-11-02,249,249,249,249,1341,-1460,0,0
2004-11-03,1691,1691,1691,1691,1341,-1460,0,0
2004-11-04,1783,1783,1783,1783,1691,-1460,0,0
2004-11-05,-37,-37,-37,-37,1783,-1125,0,0
2004-11-08,-835,-835,-835,-835,1783,-1125,0,0
2004-11-09,423,423,423,423,1783,-1125,0,0
2004-11-10,582,582,582,582,1783,-1125,0,0
2004-11-11,1499,1499,1499,1499,1783,-951,0,0
2004-11-12,1573,1573,1573,1573,1783,-951,0,0
2004-11-15,343,343,343,343,1783,-951,0,0
2004-11-16,-747,-747,-747,-747,1783,-951,0,0
2004-11-17,1237,1237,1237,1237,1783,-883,0,0
2004-11-18,-1,-1,-1,-1,1783,-883,0,0
2004-11-19,-1400,-1400,-1400,-1400,1783,-883,0,0
2004-11-22,1216,1216,1216,1216,1783,-1400,0,0
2004-11-23,696,696,696,696,1783,-1400,0,0
2004-11-24,1436,1436,1436,1436,1783,-1400,0,0
2004-11-26,512,512,512,512,1783,-1400,0,0
2004-11-29,-538,-538,-538,-538,1783,-1400,0,0
2004-11-30,-506,-506,-506,-506,1783,-1400,0,0
2004-12-01,1310,1310,1310,1310,1783,-1400,0,0
2004-12-02,-812,-812,-812,-812,1783,-1400,0,0
2004-12-03,834,834,834,834,1783,-1400,0,0
2004-12-06,-476,-476,-476,-476,1573,-1400,0,0
2004-12-07,-1694,-1694,-1694,-1694,1573,-1400,0,0
2004-12-08,568,568,568,568,1573,-1694,0,0
2004-12-09,259,259,259,259,1573,-1694,0,0
2004-12-10,363,363,363,363,1573,-1694,0,0
2004-12-13,926,926,926,926,1573,-1694,0,0
2004-12-14,711,711,711,711,1436,-1694,0,0
2004-12-15,1197,1197,1197,1197,1436,-1694,0,0
2004-12-16,-995,-995,-995,-995,1436,-1694,0,0
2004-12-17,-3,-3,-3,-3,1436,-1694,0,0
2004-12-20,-55,-55,-55,-55,1436,-1694,0,0
2004-12-21,1464,1464,1464,1464,1436,-1694,0,0
2004-12-22,580,580,580,580,1464,-1694,0,0
2004-12-23,431,431,431,431,1464,-1694,0,0
2004-12-27,-707,-707,-707,-707,1464,-1694,0,0
2004-12-28,1538,1538,1538,1538,1464,-1694,0,0
2004-12-29,458,458,458,458,1538,-1694,0,0
2004-12-30,598,598,598,598,1538,-1694,0,0
2004-12-31,288,288,288,288,1538,-1694,0,0
2005-01-03,-1461,-1461,-1461,-1461,1538,-1694,0,0
2005-01-04,-1668,-1668,-1668,-1668,1538,-1694,0,0
2005-01-05,-1467,-1467,-1467,-1467,1538,-1694,0,0
2005-01-06,490,490,490,490,1538,-1668,0,0
2005-01-07,-499,-499,-499,-499,1538,-1668,0,0
2005-01-10,817,817,817,817,1538,-1668,0,0
2005-01-11,-885,-885,-885,-885,1538,-1668,0,0
2005-01-12,495,495,495,495,1538,-1668,0,0
2005-01-13,-250,-250,-250,-250,1538,-1668,0,0
2005-01-14,1168,1168,1168,1168,1538,-1668,0,0
2005-01-18,1186,1186,1186,1186,1538,-1668,0,0
2005-01-19,-711,-711,-711,-711,1538,-1668,0,0
2005-01-20,-1157,-1157,-1157,-1157,1538,-1668,0,0
2005-01-21,-132,-132,-132,-132,1538,-1668,0,0
2005-01-24,-714,-714,-714,-714,1538,-1668,0,0
2005-01-25,59,59,59,59,1538,-1668,0,0
2005-01-26,1378,1378,1378,1378,1538,-1668,0,0
2005-01-27,447,447,447,447,1378,-1668,0,0
2005-01-28,-232,-232,-232,-232,1378,-1668,0,0
2005-01-31,1771,1771,1771,1771,1378,-1668,0,0
2005-02-01,1203,1203,1203,1203,1771,-1668,0,0
2005-02-02,841,841,841,841,1771,-1668,0,0
2005-02-03,-227,-227,-227,-227,1771,-1467,0,0
2005-02-04,1739,1739,1739,1739,1771,-1157,0,0
2005-02-07,99,99,99,99,1771,-1157,0,0
2005-02-08,342,342,342,342,1771,-1157,0,0
2005-02-09,-1036,-1036,-1036,-1036,1771,-1157,0,0
2005-02-10,272,272,272,272,1771,-1157,0,0
2005-02-11,1057,1057,1057,1057,1771,-1157,0,0
2005-02-14,335,335,335,335,1771,-1157,0,0
2005-02-15,218,218,218,218,1771,-1157,0,0
2005-02-16,97,97,97,97,1771,-1157,0,0
2005-02-17,-1096,-1096,-1096,-1096,1771,-1157,0,0
2005-02-18,-934,-934,-934,-934,1771,-1096,0,0
2005-02-22,-1875,-1875,-1875,-1875,1771,-1096,0,0
2005-02-23,863,863,863,863,1771,-1875,0,0
2005-02-24,1129,1129,1129,1129,1771,-1875,0,0
2005-02-25,1697,1697,1697,1697,1771,-1875,0,0
2005-02-28,-721,-721,-721,-721,1771,-1875,0,0
2005-03-01,914,914,914,914,1771,-1875,0,0
2005-03-02,-272,-272,-272,-272,1739,-1875,0,0
2005-03-03,196,196,196,196,1739,-1875,0,0
2005-03-04,1690,1690,1690,1690,1739,-1875,0,0
2005-03-07,235,235,235,235,1739,-1875,0,0
2005-03-08,-952,-952,-952,-952,1697,-1875,0,0
2005-03-09,-2018,-2018,-2018,-2018,1697,-1875,0,0
2005-03-10,-555,-555,-555,-555,1697,-2018,0,0
2005-03-11,-832,-832,-832,-832,1697,-2018,0,0
2005-03-14,142,142,142,142,1697,-2018,0,0
2005-03-15,-1102,-1102,-1102,-1102,1697,-2018,0,0
2005-03-16,-1498,-1498,-1498,-1498,1697,-2018,0,0
2005-03-17,536,536,536,536,1697,-2018,0,0
2005-03-18,-822,-822,-822,-822,1697,-2018,0,0
2005-03-21,-1334,-1334,-1334,-1334,1697,-2018,0,0
2005-03-22,-1449,-1449,-1449,-1449,1697,-2018,0,0
2005-03-23,-1871,-1871,-1871,-1871,1697,-2018,0,0
2005-03-24,605,605,605,605,1697,-2018,0,0
2005-03-28,-493,-493,-493,-493,1697,-2018,0,0
2005-03-29,-1311,-1311,-1311,-1311,1690,-2018,0,0
2005-03-30,1675,1675,1675,1675,1690,-2018,0,0
2005-03-31,746,746,746,746,1690,-2018,0,0
2005-04-01,-71,-71,-71,-71,1690,-2018,0,0
2005-04-04,98,98,98,98,1690,-2018,0,0
2005-04-05,427,427,427,427,1675,-2018,0,0
2005-04-06,568,568,568,568,1675,-2018,0,0
2005-04-07,865,865,865,865,1675,-2018,0,0
2005-04-08,-1412,-1412,-1412,-1412,1675,-1871,0,0
2005-04-11,-416,-416,-416,-416,1675,-1871,0,0
2005-04-12,898,898,898,898,1675,-1871,0,0
2005-04-13,-1300,-1300,-1300,-1300,1675,-1871,0,0
2005-04-14,-1824,-1824,-1824,-1824,1675,-1871,0,0
2005-04-15,-1703,-1703,-1703,-1703,1675,-1871,0,0
2005-04-18,577,577,577,577,1675,-1871,0,0
2005-04-19,1700,1700,1700,1700,1675,-1871,0,0
2005-04-20,-1652,-1652,-1652,-1652,1700,-1871,0,0
2005-04-21,1554,1554,1554,1554,1700,-1871,0,0
2005-04-22,-667,-667,-667,-667,1700,-1824,0,0
2005-04-25,1366,1366,1366,1366,1700,-1824,0,0
2005-04-26,-1164,-1164,-1164,-1164,1700,-1824,0,0
2005-04-27,217,217,217,217,1700,-1824,0,0
2005-04-28,-1237,-1237,-1237,-1237,1700,-1824,0,0
2005-04-29,1110,1110,1110,1110,1700,-1824,0,0
2005-05-02,973,973,973,973,1700,-1824,0,0
2005-05-03,-75,-75,-75,-75,1700,-1824,0,0
2005-05-04,1765,1765,1765,1765,1700,-1824,0,0
2005-05-05,192,192,192,192,1765,-1824,0,0
2005-05-06,-126,-126,-126,-126,1765,-1824,0,0
2005-05-09,1191,1191,1191,1191,1765,-1824,0,0
2005-05-10,-1186,-1186,-1186,-1186,1765,-1824,0,0
2005-05-11,382,382,382,382,1765,-1824,0,0
2005-05-12,-1452,-1452,-1452,-1452,1765,-1824,0,0
2005-05-13,-1143,-1143,-1143,-1143,1765,-1703,0,0
2005-05-16,1423,1423,1423,1423,1765,-1652,0,0
2005-05-17,838,838,838,838,1765,-1652,0,0
2005-05-18,1804,1804,1804,1804,1765,-1652,0,0
2005-05-19,838,838,838,838,1804,-1452,0,0
2005-05-20,-314,-314,-314,-314,1804,-1452,0,0
2005-05-23,966,966,966,966,1804,-1452,0,0
2005-05-24,-51,-51,-51,-51,1804,-1452,0,0
2005-05-25,-1150,-1150,-1150,-1150,1804,-1452,0,0
2005-05-26,1369,1369,1369,1369,1804,-1452,0,0
2005-05-27,1193,1193,1193,1193,1804,-1452,0,0
2005-05-31,62,62,62,62,1804,-1452,0,0
2005-06-01,1548,1548,1548,1548,1804,-1452,0,0
2005-06-02,719,719,719,719,1804,-1452,0,0
2005-06-03,-420,-420,-420,-420,1804,-1452,0,0
2005-06-06,639,639,639,639,1804,-1452,0,0
2005-06-07,448,448,448,448,1804,-1452,0,0
2005-06-08,-412,-412,-412,-412,1804,-1452,0,0
2005-06-09,540,540,540,540,1804,-1452,0,0
2005-06-10,-43,-43,-43,-43,1804,-1452,0,0
2005-06-13,586,586,586,586,1804,-1150,0,0
2005-06-14,876,876,876,876,1804,-1150,0,0
2005-06-15,640,640,640,640,1804,-1150,0,0
2005-06-16,1177,1177,1177,1177,1804,-1150,0,0
2005-06-17,793,793,793,793,1548,-1150,0,0
2005-06-20,-634,-634,-634,-634,1548,-1150,0,0
2005-06-21,-166,-166,-166,-166,1548,-1150,0,0
2005-06-22,568,568,568,568,1548,-1150,0,0
2005-06-23,-1163,-1163,-1163,-1163,1548,-1150,0,0
2005-06-24,-739,-739,-739,-739,1548,-1163,0,0
2005-06-27,-41,-41,-41,-41,1548,-1163,0,0
2005-06-28,1441,1441,1441,1441,1548,-1163,0,0
2005-06-29,479,479,479,479,1548,-1163,0,0
2005-06-30,-191,-191,-191,-191,1441,-1163,0,0
2005-07-01,890,890,890,890,1441,-1163,0,0
2005-07-05,1005,1005,1005,1005,1441,-1163,0,0
2005-07-06,-480,-480,-480,-480,1441,-1163,0,0
2005-07-07,313,313,313,313,1441,-1163,0,0
2005-07-08,1697,1697,1697,1697,1441,-1163,0,0
2005-07-11,1408,1408,1408,1408,1697,-1163,0,0
2005-07-12,461,461,461,461,1697,-1163,0,0
2005-07-13,-318,-318,-318,-318,1697,-1163,0,0
2005-07-14,-300,-300,-300,-300,1697,-1163,0,0
2005-07-15,63,63,63,63,1697,-1163,0,0
2005-07-18,-747,-747,-747,-747,1697,-1163,0,0
2005-07-19,1275,1275,1275,1275,1697,-1163,0,0
2005-07-20,1267,1267,1267,1267,1697,-1163,0,0
2005-07-21,-1211,-1211,-1211,-1211,1697,-1163,0,0
2005-07-22,1157,1157,1157,1157,1697,-1211,0,0
2005-07-25,-863,-863,-863,-863,1697,-1211,0,0
2005-07-26,550,550,550,550,1697,-1211,0,0
2005-07-27,587,587,587,587,1697,-1211,0,0
2005-07-28,1551,1551,1551,1551,1697,-1211,0,0
2005-07-29,-606,-606,-606,-606,1697,-1211,0,0
2005-08-01,322,322,322,322,1697,-1211,0,0
2005-08-02,1085,1085,1085,1085,1697,-1211,0,0
2005-08-03,-179,-179,-179,-179,1697,-1211,0,0
2005-08-04,-1114,-1114,-1114,-1114,1697,-1211,0,0
2005-08-05,-1797,-1797,-1797,-1797,1697,-1211,0,0
2005-08-08,-839,-839,-839,-839,1551,-1797,0,0
2005-08-09,491,491,491,491,1551,-1797,0,0
2005-08-10,507,507,507,507,1551,-1797,0,0
2005-08-11,1212,1212,1212,1212,1551,-1797,0,0
2005-08-12,-752,-752,-752,-752,1551,-1797,0,0
2005-08-15,534,534,534,534,1551,-1797,0,0
2005-08-16,-1355,-1355,-1355,-1355,1551,-1797,0,0
2005-08-17,-265,-265,-265,-265,1551,-1797,0,0
2005-08-18,-743,-743,-743,-743,1551,-1797,0,0
2005-08-19,359,359,359,359,1551,-1797,0,0
2005-08-22,843,843,843,843,1551,-1797,0,0
2005-08-23,-396,-396,-396,-396,1551,-1797,0,0
2005-08-24,-347,-347,-347,-347,1551,-1797,0,0
2005-08-25,595,595,595,595,1551,-1797,0,0
2005-08-26,-1286,-1286,-1286,-1286,1212,-1797,0,0
2005-08-29,849,849,849,849,1212,-1797,0,0
2005-08-30,-424,-424,-424,-424,1212,-1797,0,0
2005-08-31,1753,1753,1753,1753,1212,-1797,0,0
2005-09-01,711,711,711,711,1753,-1797,0,0
2005-09-02,-307,-307,-307,-307,1753,-1797,0,0
2005-09-06,1510,1510,1510,1510,1753,-1355,0,0
2005-09-07,195,195,195,195,1753,-1355,0,0
2005-09-08,-769,-769,-769,-769,1753,-1355,0,0
2005-09-09,1296,1296,1296,1296,1753,-1355,0,0
2005-09-12,-183,-183,-183,-183,1753,-1355,0,0
2005-09-13,-1348,-1348,-1348,-1348,1753,-1355,0,0
2005-09-14,-835,-835,-835,-835,1753,-1355,0,0
2005-09-15,-159,-159,-159,-159,1753,-1348,0,0
2005-09-16,591,591,591,591,1753,-1348,0,0
2005-09-19,-1143,-1143,-1143,-1143,1753,-1348,0,0
2005-09-20,-1226,-1226,-1226,-1226,1753,-1348,0,0
2005-09-21,-1097,-1097,-1097,-1097,1753,-1348,0,0
2005-09-22,-394,-394,-394,-394,1753,-1348,0,0
2005-09-23,112,112,112,112,1753,-1348,0,0
2005-09-26,358,358,358,358,1753,-1348,0,0
2005-09-27,-502,-502,-502,-502,1753,-1348,0,0
2005-09-28,60,60,60,60,1753,-1348,0,0
2005-09-29,1259,1259,1259,1259,1753,-1348,0,0
2005-09-30,734,734,734,734,1510,-1348,0,0
2005-10-03,342,342,342,342,1510,-1348,0,0
2005-10-04,-1068,-1068,-1068,-1068,1510,-1348,0,0
2005-10-05,-2061,-2061,-2061,-2061,1296,-1348,0,0
2005-10-06,-1141,-1141,-1141,-1141,1296,-2061,0,0
2005-10-07,688,688,688,688,1296,-2061,0,0
2005-10-10,-1360,-1360,-1360,-1360,1259,-2061,0,0
2005-10-11,-806,-806,-806,-806,1259,-2061,0,0
2005-10-12,-1955,-1955,-1955,-1955,1259,-2061,0,0
2005-10-13,-1003,-1003,-1003,-1003,1259,-2061,0,0
2005-10-14,1190,1190,1190,1190,1259,-2061,0,0
2005-10-17,269,269,269,269,1259,-2061,0,0
2005-10-18,-1423,-1423,-1423,-1423,1259,-2061,0,0
2005-10-19,949,949,949,949,1259,-2061,0,0
2005-10-20,-1638,-1638,-1638,-1638,1259,-2061,0,0
2005-10-21,1054,1054,1054,1054,1259,-2061,0,0
2005-10-24,1730,1730,1730,1730,1259,-2061,0,0
2005-10-25,-700,-700,-700,-700,1730,-2061,0,0
2005-10-26,-1128,-1128,-1128,-1128,1730,-2061,0,0
2005-10-27,-1523,-1523,-1523,-1523,1730,-2061,0,0
2005-10-28,1491,1491,1491,1491,1730,-2061,0,0
2005-10-31,1694,1694,1694,1694,1730,-2061,0,0
2005-11-01,-196,-196,-196,-196,1730,-2061,0,0
2005-11-02,1560,1560,1560,1560,1730,-2061,0,0
2005-11-03,61,61,61,61,1730,-1955,0,0
2005-11-04,-215,-215,-215,-215,1730,-1955,0,0
2005-11-07,370,370,370,370,1730,-1955,0,0
2005-11-08,-756,-756,-756,-756,1730,-1955,0,0
2005-11-09,299,299,299,299,1730,-1955,0,0
2005-11-10,564,564,564,564,1730,-1638,0,0
2005-11-11,426,426,426,426,1730,-1638,0,0
2005-11-14,-819,-819,-819,-819,1730,-1638,0,0
2005-11-15,-1163,-1163,-1163,-1163,1730,-1638,0,0
2005-11-16,-159,-159,-159,-159,1730,-1638,0,0
2005-11-17,1601,1601,1601,1601,1730,-1638,0,0
2005-11-18,625,625,625,625,1730,-1523,0,0
2005-11-21,796,796,796,796,1730,-1523,0,0
2005-11-22,584,584,584,584,1694,-1523,0,0
2005-11-23,636,636,636,636,1694,-1523,0,0
2005-11-25,605,605,605,605,1694,-1523,0,0
2005-11-28,-1077,-1077,-1077,-1077,1694,-1163,0,0
2005-11-29,589,589,589,589,1694,-1163,0,0
2005-11-30,-85,-85,-85,-85,1601,-1163,0,0
2005-12-01,1806,1806,1806,1806,1601,-1163,0,0
2005-12-02,178,178,178,178,1806,-1163,0,0
2005-12-05,-641,-641,-641,-641,1806,-1163,0,0
2005-12-06,341,341,341,341,1806,-1163,0,0
2005-12-07,-936,-936,-936,-936,1806,-1163,0,0
2005-12-08,343,343,343,343,1806,-1163,0,0
2005-12-09,721,721,721,721,1806,-1163,0,0
2005-12-12,221,221,221,221,1806,-1163,0,0
2005-12-13,272,272,272,272,1806,-1163,0,0
2005-12-14,720,720,720,720,1806,-1163,0,0
2005-12-15,-919,-919,-919,-919,1806,-1077,0,0
2005-12-16,-116,-116,-116,-116,1806,-1077,0,0
2005-12-19,-1493,-1493,-1493,-1493,1806,-1077,0,0
2005-12-20,-26,-26,-26,-26,1806,-1493,0,0
2005-12-21,877,877,877,877,1806,-1493,0,0
2005-12-22,780,780,780,780,1806,-1493,0,0
2005-12-23,858,858,858,858,1806,-1493,0,0
2005-12-27,-1304,-1304,-1304,-1304,1806,-1493,0,0
2005-12-28,829,829,829,829,1806,-1493,0,0
2005-12-29,-75,-75,-75,-75,1806,-1493,0,0
2005-12-30,-615,-615,-615,-615,1806,-1493,0,0
2006-01-03,1727,1727,1727,1727,877,-1493,0,0
2006-01-04,1483,1483,1483,1483,1727,-1493,0,0
2006-01-05,332,332,332,332,1727,-1493,0,0
2006-01-06,1664,1664,1664,1664,1727,-1493,0,0
2006-01-09,1130,1130,1130,1130,1727,-1493,0,0
2006-01-10,315,315,315,315,1727,-1493,0,0
2006-01-11,305,305,305,305,1727,-1493,0,0
2006-01-12,-941,-941,-941,-941,1727,-1493,0,0
2006-01-13,339,339,339,339,1727,-1493,0,0
2006-01-17,-999,-999,-999,-999,1727,-1493,0,0
2006-01-18,-301,-301,-301,-301,1727,-1493,0,0
2006-01-19,1389,1389,1389,1389,1727,-1493,0,0
2006-01-20,-1373,-1373,-1373,-1373,1727,-1304,0,0
2006-01-23,925,925,925,925,1727,-1373,0,0
2006-01-24,1190,1190,1190,1190,1727,-1373,0,0
2006-01-25,-282,-282,-282,-282,1727,-1373,0,0
2006-01-26,982,982,982,982,1727,-1373,0,0
2006-01-27,917,917,917,917,1727,-1373,0,0
2006-01-30,-139,-139,-139,-139,1727,-1373,0,0
2006-01-31,256,256,256,256,1727,-1373,0,0
2006-02-01,346,346,346,346,1727,-1373,0,0
2006-02-02,-1329,-1329,-1329,-1329,1664,-1373,0,0
2006-02-03,-693,-693,-693,-693,1664,-1373,0,0
2006-02-06,653,653,653,653,1664,-1373,0,0
2006-02-07,-1150,-1150,-1150,-1150,1389,-1373,0,0
2006-02-08,521,521,521,521,1389,-1373,0,0
2006-02-09,109,109,109,109,1389,-1373,0,0
2006-02-10,107,107,107,107,1389,-1373,0,0
2006-02-13,-958,-958,-958,-958,1389,-1373,0,0
2006-02-14,1166,1166,1166,1166,1389,-1373,0,0
2006-02-15,881,881,881,881,1389,-1373,0,0
2006-02-16,1344,1344,1344,1344,1389,-1373,0,0
2006-02-17,427,427,427,427,1344,-1373,0,0
2006-02-21,-233,-233,-233,-233,1344,-1329,0,0
2006-02-22,1177,1177,1177,1177,1344,-1329,0,0
2006-02-23,-456,-456,-456,-456,1344,-1329,0,0
2006-02-24,631,631,631,631,1344,-1329,0,0
2006-02-27,498,498,498,498,1344,-1329,0,0
2006-02-28,-1259,-1259,-1259,-1259,1344,-1329,0,0
2006-03-01,1393,1393,1393,1393,1344,-1329,0,0
2006-03-02,-365,-365,-365,-365,1393,-1329,0,0
2006-03-03,-587,-587,-587,-587,1393,-1329,0,0
2006-03-06,-1312,-1312,-1312,-1312,1393,-1259,0,0
2006-03-07,-1519,-1519,-1519,-1519,1393,-1312,0,0
2006-03-08,-49,-49,-49,-49,1393,-1519,0,0
2006-03-09,-338,-338,-338,-338,1393,-1519,0,0
2006-03-10,1399,1399,1399,1399,1393,-1519,0,0
2006-03-13,410,410,410,410,1399,-1519,0,0
2006-03-14,1535,1535,1535,1535,1399,-1519,0,0
2006-03-15,992,992,992,992,1535,-1519,0,0
2006-03-16,1025,1025,1025,1025,1535,-1519,0,0
2006-03-17,359,359,359,359,1535,-1519,0,0
2006-03-20,-408,-408,-408,-408,1535,-1519,0,0
2006-03-21,-1482,-1482,-1482,-1482,1535,-1519,0,0
2006-03-22,1224,1224,1224,1224,1535,-1519,0,0
2006-03-23,-79,-79,-79,-79,1535,-1519,0,0
2006-03-24,652,652,652,652,1535,-1519,0,0
2006-03-27,-439,-439,-439,-439,1535,-1519,0,0
2006-03-28,-959,-959,-959,-959,1535,-1519,0,0
2006-03-29,1534,1534,1534,1534,1535,-1519,0,0
2006-03-30,-445,-445,-445,-445,1535,-1519,0,0
2006-03-31,149,149,149,149,1535,-1519,0,0
2006-04-03,-116,-116,-116,-116,1535,-1519,0,0
2006-04-04,544,544,544,544,1535,-1519,0,0
2006-04-05,729,729,729,729,1535,-1482,0,0
2006-04-06,-473,-473,-473,-473,1535,-1482,0,0
2006-04-07,-2034,-2034,-2034,-2034,1535,-1482,0,0
2006-04-10,-498,-498,-498,-498,1535,-2034,0,0
2006-04-11,-1556,-1556,-1556,-1556,1535,-2034,0,0
2006-04-12,145,145,145,145,1534,-2034,0,0
2006-04-13,-304,-304,-304,-304,1534,-2034,0,0
2006-04-17,-365,-365,-365,-365,1534,-2034,0,0
2006-04-18,1907,1907,1907,1907,1534,-2034,0,0
2006-04-19,777,777,777,777,1907,-2034,0,0
2006-04-20,-168,-168,-168,-168,1907,-2034,0,0
2006-04-21,221,221,221,221,1907,-2034,0,0
2006-04-24,-671,-671,-671,-671,1907,-2034,0,0
2006-04-25,-842,-842,-842,-842,1907,-2034,0,0
2006-04-26,318,318,318,318,1907,-2034,0,0
2006-04-27,36,36,36,36,1907,-2034,0,0
2006-04-28,666,666,666,666,1907,-2034,0,0
2006-05-01,-367,-367,-367,-367,1907,-2034,0,0
2006-05-02,901,901,901,901,1907,-2034,0,0
2006-05-03,-503,-503,-503,-503,1907,-2034,0,0
2006-05-04,845,845,845,845,1907,-2034,0,0
2006-05-05,1602,1602,1602,1602,1907,-2034,0,0
2006-05-08,61,61,61,61,1907,-2034,0,0
2006-05-09,-26,-26,-26,-26,1907,-1556,0,0
2006-05-10,-339,-339,-339,-339,1907,-1556,0,0
2006-05-11,-1946,-1946,-1946,-1946,1907,-842,0,0
2006-05-12,-1949,-1949,-1949,-1949,1907,-1946,0,0
2006-05-15,-493,-493,-493,-493,1907,-1949,0,0
2006-05-16,129,129,129,129,1907,-1949,0,0
2006-05-17,-2159,-2159,-2159,-2159,1602,-1949,0,0
2006-05-18,-798,-798,-798,-798,1602,-2159,0,0
2006-05-19,557,557,557,557,1602,-2159,0,0
2006-05-22,-1106,-1106,-1106,-1106,1602,-2159,0,0
2006-05-23,-314,-314,-314,-314,1602,-2159,0,0
2006-05-24,-542,-542,-542,-542,1602,-2159,0,0
2006-05-25,1788,1788,1788,1788,1602,-2159,0,0
2006-05-26,1396,1396,1396,1396,1788,-2159,0,0
2006-05-30,-1793,-1793,-1793,-1793,1788,-2159,0,0
2006-05-31,1608,1608,1608,1608,1788,-2159,0,0
2006-06-01,1833,1833,1833,1833,1788,-2159,0,0
2006-06-02,1085,1085,1085,1085,1833,-2159,0,0
2006-06-05,-1898,-1898,-1898,-1898,1833,-2159,0,0
2006-06-06,-959,-959,-959,-959,1833,-2159,0,0
2006-06-07,-678,-678,-678,-678,1833,-2159,0,0
2006-06-08,-470,-470,-470,-470,1833,-2159,0,0
2006-06-09,-249,-249,-249,-249,1833,-2159,0,0
2006-06-12,-1868,-1868,-1868,-1868,1833,-2159,0,0
2006-06-13,-1782,-1782,-1782,-1782,1833,-2159,0,0
2006-06-14,197,197,197,197,1833,-2159,0,0
2006-06-15,2055,2055,2055,2055,1833,-2159,0,0
2006-06-16,-929,-929,-929,-929,2055,-1898,0,0
2006-06-19,-1562,-1562,-1562,-1562,2055,-1898,0,0
2006-06-20,-398,-398,-398,-398,2055,-1898,0,0
2006-06-21,1595,1595,1595,1595,2055,-1898,0,0
2006-06-22,-990,-990,-990,-990,2055,-1898,0,0
2006-06-23,-46,-46,-46,-46,2055,-1898,0,0
2006-06-26,829,829,829,829,2055,-1898,0,0
2006-06-27,-1456,-1456,-1456,-1456,2055,-1898,0,0
2006-06-28,715,715,715,715,2055,-1898,0,0
2006-06-29,2293,2293,2293,2293,2055,-1898,0,0
2006-06-30,1253,1253,1253,1253,2293,-1898,0,0
2006-07-03,1587,1587,1587,1587,2293,-1898,0,0
2006-07-05,-1502,-1502,-1502,-1502,2293,-1868,0,0
2006-07-06,788,788,788,788,2293,-1868,0,0
2006-07-07,-806,-806,-806,-806,2293,-1868,0,0
2006-07-10,748,748,748,748,2293,-1868,0,0
2006-07-11,835,835,835,835,2293,-1868,0,0
2006-07-12,-1266,-1266,-1266,-1266,2293,-1782,0,0
2006-07-13,-1746,-1746,-1746,-1746,2293,-1562,0,0
2006-07-14,-1149,-1149,-1149,-1149,2293,-1746,0,0
2006-07-17,-558,-558,-558,-558,2293,-1746,0,0
2006-07-18,260,260,260,260,2293,-1746,0,0
2006-07-19,2417,2417,2417,2417,2293,-1746,0,0
2006-07-20,-1185,-1185,-1185,-1185,2417,-1746,0,0
2006-07-21,-1082,-1082,-1082,-1082,2417,-1746,0,0
2006-07-24,2116,2116,2116,2116,2417,-1746,0,0
2006-07-25,1160,1160,1160,1160,2417,-1746,0,0
2006-07-26,336,336,336,336,2417,-1746,0,0
2006-07-27,-452,-452,-452,-452,2417,-1746,0,0
2006-07-28,2008,2008,2008,2008,2417,-1746,0,0
2006-07-31,-10,-10,-10,-10,2417,-1746,0,0
2006-08-01,-744,-744,-744,-744,2417,-1746,0,0
2006-08-02,1258,1258,1258,1258,2417,-1746,0,0
2006-08-03,678,678,678,678,2417,-1746,0,0
2006-08-04,423,423,423,423,2417,-1746,0,0
2006-08-07,-773,-773,-773,-773,2417,-1746,0,0
2006-08-08,-623,-623,-623,-623,2417,-1746,0,0
2006-08-09,-530,-530,-530,-530,2417,-1746,0,0
2006-08-10,670,670,670,670,2417,-1746,0,0
2006-08-11,-1056,-1056,-1056,-1056,2417,-1185,0,0
2006-08-14,315,315,315,315,2417,-1185,0,0
2006-08-15,2288,2288,2288,2288,2417,-1185,0,0
2006-08-16,1742,1742,1742,1742,2417,-1185,0,0
2006-08-17,255,255,255,255,2288,-1185,0,0
2006-08-18,504,504,504,504,2288,-1082,0,0
2006-08-21,-557,-557,-557,-557,2288,-1056,0,0
2006-08-22,549,549,549,549,2288,-1056,0,0
2006-08-23,-1248,-1248,-1248,-1248,2288,-1056,0,0
2006-08-24,266,266,266,266,2288,-1248,0,0
2006-08-25,130,130,130,130,2288,-1248,0,0
2006-08-28,1329,1329,1329,1329,2288,-1248,0,0
2006-08-29,1178,1178,1178,1178,2288,-1248,0,0
2006-08-30,882,882,882,882,2288,-1248,0,0
2006-08-31,637,637,637,637,2288,-1248,0,0
2006-09-01,1034,1034,1034,1034,2288,-1248,0,0
2006-09-05,520,520,520,520,2288,-1248,0,0
2006-09-06,-1969,-1969,-1969,-1969,2288,-1248,0,0
2006-09-07,-1088,-1088,-1088,-1088,2288,-1969,0,0
2006-09-08,770,770,770,770,2288,-1969,0,0
2006-09-11,-327,-327,-327,-327,2288,-1969,0,0
2006-09-12,1702,1702,1702,1702,2288,-1969,0,0
2006-09-13,1211,1211,1211,1211,2288,-1969,0,0
2006-09-14,-630,-630,-630,-630,1742,-1969,0,0
2006-09-15,597,597,597,597,1702,-1969,0,0
2006-09-18,-54,-54,-54,-54,1702,-1969,0,0
2006-09-19,-443,-443,-443,-443,1702,-1969,0,0
2006-09-20,1034,1034,1034,1034,1702,-1969,0,0
2006-09-21,-590,-590,-590,-590,1702,-1969,0,0
2006-09-22,-783,-783,-783,-783,1702,-1969,0,0
2006-09-25,1214,1214,1214,1214,1702,-1969,0,0
2006-09-26,982,982,982,982,1702,-1969,0,0
2006-09-27,787,787,787,787,1702,-1969,0,0
2006-09-28,213,213,213,213,1702,-1969,0,0
2006-09-29,-610,-610,-610,-610,1702,-1969,0,0
2006-10-02,-320,-320,-320,-320,1702,-1969,0,0
2006-10-03,135,135,135,135,1702,-1969,0,0
2006-10-04,1885,1885,1885,1885,1702,-1969,0,0
2006-10-05,1178,1178,1178,1178,1885,-1088,0,0
2006-10-06,-902,-902,-902,-902,1885,-783,0,0
2006-10-09,732,732,732,732,1885,-902,0,0
2006-10-10,308,308,308,308,1885,-902,0,0
2006-10-11,-617,-617,-617,-617,1885,-902,0,0
2006-10-12,1912,1912,1912,1912,1885,-902,0,0
2006-10-13,582,582,582,582,1912,-902,0,0
2006-10-16,1260,1260,1260,1260,1912,-902,0,0
2006-10-17,-783,-783,-783,-783,1912,-902,0,0
2006-10-18,414,414,414,414,1912,-902,0,0
2006-10-19,745,745,745,745,1912,-902,0,0
2006-10-20,-290,-290,-290,-290,1912,-902,0,0
2006-10-23,539,539,539,539,1912,-902,0,0
2006-10-24,368,368,368,368,1912,-902,0,0
2006-10-25,1163,1163,1163,1163,1912,-902,0,0
2006-10-26,1247,1247,1247,1247,1912,-902,0,0
2006-10-27,-1024,-1024,-1024,-1024,1912,-902,0,0
2006-10-30,241,241,241,241,1912,-1024,0,0
2006-10-31,74,74,74,74,1912,-1024,0,0
2006-11-01,-1016,-1016,-1016,-1016,1912,-1024,0,0
2006-11-02,-361,-361,-361,-361,1912,-1024,0,0
2006-11-03,-262,-262,-262,-262,1912,-1024,0,0
2006-11-06,1701,1701,1701,1701,1912,-1024,0,0
2006-11-07,440,440,440,440,1912,-1024,0,0
2006-11-08,858,858,858,858,1912,-1024,0,0
2006-11-09,-569,-569,-569,-569,1912,-1024,0,0
2006-11-10,1065,1065,1065,1065,1701,-1024,0,0
2006-11-13,313,313,313,313,1701,-1024,0,0
2006-11-14,1586,1586,1586,1586,1701,-1024,0,0
2006-11-15,804,804,804,804,1701,-1024,0,0
2006-11-16,260,260,260,260,1701,-1024,0,0
2006-11-17,-199,-199,-199,-199,1701,-1024,0,0
2006-11-20,67,67,67,67,1701,-1024,0,0
2006-11-21,742,742,742,742,1701,-1024,0,0
2006-11-22,733,733,733,733,1701,-1024,0,0
2006-11-24,260,260,260,260,1701,-1024,0,0
2006-11-27,-2101,-2101,-2101,-2101,1701,-1024,0,0
2006-11-28,976,976,976,976,1701,-2101,0,0
2006-11-29,1963,1963,1963,1963,1701,-2101,0,0
2006-11-30,936,936,936,936,1963,-2101,0,0
2006-12-01,-248,-248,-248,-248,1963,-2101,0,0
2006-12-04,1766,1766,1766,1766,1963,-2101,0,0
2006-12-05,870,870,870,870,1963,-2101,0,0
2006-12-06,-330,-330,-330,-330,1963,-2101,0,0
2006-12-07,-610,-610,-610,-610,1963,-2101,0,0
2006-12-08,-43,-43,-43,-43,1963,-2101,0,0
2006-12-11,627,627,627,627,1963,-2101,0,0
2006-12-12,-428,-428,-428,-428,1963,-2101,0,0
2006-12-13,101,101,101,101,1963,-2101,0,0
2006-12-14,905,905,905,905,1963,-2101,0,0
2006-12-15,-215,-215,-215,-215,1963,-2101,0,0
2006-12-18,-1027,-1027,-1027,-1027,1963,-2101,0,0
2006-12-19,284,284,284,284,1963,-2101,0,0
2006-12-20,371,371,371,371,1963,-2101,0,0
2006-12-21,-560,-560,-560,-560,1963,-2101,0,0
2006-12-22,-712,-712,-712,-712,1963,-2101,0,0
2006-12-26,1286,1286,1286,1286,1963,-2101,0,0
2006-12-27,1835,1835,1835,1835,1963,-1027,0,0
2006-12-28,-417,-417,-417,-417,1963,-1027,0,0
2006-12-29,-753,-753,-753,-753,1835,-1027,0,0
2007-01-03,175,175,175,175,1835,-1027,0,0
2007-01-04,-36,-36,-36,-36,1835,-1027,0,0
2007-01-05,-1653,-1653,-1653,-1653,1835,-1027,0,0
2007-01-08,596,596,596,596,1835,-1653,0,0
2007-01-09,425,425,425,425,1835,-1653,0,0
2007-01-10,5,5,5,5,1835,-1653,0,0
2007-01-11,1310,1310,1310,1310,1835,-1653,0,0
2007-01-12,1102,1102,1102,1102,1835,-1653,0,0
2007-01-16,-3,-3,-3,-3,1835,-1653,0,0
2007-01-17,214,214,214,214,1835,-1653,0,0
2007-01-18,-712,-712,-712,-712,1835,-1653,0,0
2007-01-19,1300,1300,1300,1300,1835,-1653,0,0
2007-01-22,-889,-889,-889,-889,1835,-1653,0,0
2007-01-23,1037,1037,1037,1037,1835,-1653,0,0
2007-01-24,1295,1295,1295,1295,1835,-1653,0,0
2007-01-25,-1753,-1753,-1753,-1753,1835,-1653,0,0
2007-01-26,518,518,518,518,1835,-1753,0,0
2007-01-29,333,333,333,333,1835,-1753,0,0
2007-01-30,1361,1361,1361,1361,1310,-1753,0,0
2007-01-31,1154,1154,1154,1154,1361,-1753,0,0
2007-02-01,1547,1547,1547,1547,1361,-1753,0,0
2007-02-02,532,532,532,532,1547,-1753,0,0
2007-02-05,-313,-313,-313,-313,1547,-1753,0,0
2007-02-06,921,921,921,921,1547,-1753,0,0
2007-02-07,544,544,544,544,1547,-1753,0,0
2007-02-08,-124,-124,-124,-124,1547,-1753,0,0
2007-02-09,-1302,-1302,-1302,-1302,1547,-1753,0,0
2007-02-12,-716,-716,-716,-716,1547,-1753,0,0
2007-02-13,1471,1471,1471,1471,1547,-1753,0,0
2007-02-14,1117,1117,1117,1117,1547,-1753,0,0
2007-02-15,599,599,599,599,1547,-1753,0,0
2007-02-16,2,2,2,2,1547,-1753,0,0
2007-02-20,769,769,769,769,1547,-1753,0,0
2007-02-21,-249,-249,-249,-249,1547,-1753,0,0
2007-02-22,-234,-234,-234,-234,1547,-1753,0,0
2007-02-23,-107,-107,-107,-107,1547,-1753,0,0
2007-02-26,1,1,1,1,1547,-1302,0,0
2007-02-27,-2460,-2460,-2460,-2460,1547,-1302,0,0
2007-02-28,907,907,907,907,1547,-2460,0,0
2007-03-01,-698,-698,-698,-698,1547,-2460,0,0
2007-03-02,-1690,-1690,-1690,-1690,1547,-2460,0,0
2007-03-05,-2169,-2169,-2169,-2169,1471,-2460,0,0
2007-03-06,2189,2189,2189,2189,1471,-2460,0,0
2007-03-07,19,19,19,19,2189,-2460,0,0
2007-03-08,1673,1673,1673,1673,2189,-2460,0,0
2007-03-09,629,629,629,629,2189,-2460,0,0
2007-03-12,1012,1012,1012,1012,2189,-2460,0,0
2007-03-13,-2185,-2185,-2185,-2185,2189,-2460,0,0
2007-03-14,704,704,704,704,2189,-2460,0,0
2007-03-15,1417,1417,1417,1417,2189,-2460,0,0
2007-03-16,-800,-800,-800,-800,2189,-2460,0,0
2007-03-19,1683,1683,1683,1683,2189,-2460,0,0
2007-03-20,1415,1415,1415,1415,2189,-2460,0,0
2007-03-21,2136,2136,2136,2136,2189,-2460,0,0
2007-03-22,77,77,77,77,2189,-2460,0,0
2007-03-23,471,471,471,471,2189,-2460,0,0
2007-03-26,-79,-79,-79,-79,2189,-2460,0,0
2007-03-27,-1255,-1255,-1255,-1255,2189,-2460,0,0
2007-03-28,-1001,-1001,-1001,-1001,2189,-2185,0,0
2007-03-29,812,812,812,812,2189,-2185,0,0
2007-03-30,346,346,346,346,2189,-2185,0,0
2007-04-02,842,842,842,842,2189,-2185,0,0
2007-04-03,1558,1558,1558,1558,2189,-2185,0,0
2007-04-04,333,333,333,333,2136,-2185,0,0
2007-04-05,758,758,758,758,2136,-2185,0,0
2007-04-09,-67,-67,-67,-67,2136,-2185,0,0
2007-04-10,796,796,796,796,2136,-2185,0,0
2007-04-11,-1181,-1181,-1181,-1181,2136,-2185,0,0
2007-04-12,1086,1086,1086,1086,2136,-1255,0,0
2007-04-13,674,674,674,674,2136,-1255,0,0
2007-04-16,1483,1483,1483,1483,2136,-1255,0,0
2007-04-17,-88,-88,-88,-88,2136,-1255,0,0
2007-04-18,-410,-410,-410,-410,2136,-1255,0,0
2007-04-19,-924,-924,-924,-924,2136,-1255,0,0
2007-04-20,1850,1850,1850,1850,1558,-1255,0,0
2007-04-23,-146,-146,-146,-146,1850,-1255,0,0
2007-04-24,-388,-388,-388,-388,1850,-1255,0,0
2007-04-25,1383,1383,1383,1383,1850,-1255,0,0
2007-04-26,-253,-253,-253,-253,1850,-1181,0,0
2007-04-27,-438,-438,-438,-438,1850,-1181,0,0
2007-04-30,-1514,-1514,-1514,-1514,1850,-1181,0,0
2007-05-01,304,304,304,304,1850,-1514,0,0
2007-05-02,1640,1640,1640,1640,1850,-1514,0,0
2007-05-03,510,510,510,510,1850,-1514,0,0
2007-05-04,624,624,624,624,1850,-1514,0,0
2007-05-07,341,341,341,341,1850,-1514,0,0
2007-05-08,-618,-618,-618,-618,1850,-1514,0,0
2007-05-09,897,897,897,897,1850,-1514,0,0
2007-05-10,-1835,-1835,-1835,-1835,1850,-1514,0,0
2007-05-11,1774,1774,1774,1774,1850,-1835,0,0
2007-05-14,-961,-961,-961,-961,1850,-1835,0,0
2007-05-15,-767,-767,-767,-767,1850,-1835,0,0
2007-05-16,845,845,845,845,1850,-1835,0,0
2007-05-17,-732,-732,-732,-732,1850,-1835,0,0
2007-05-18,834,834,834,834,1850,-1835,0,0
2007-05-21,626,626,626,626,1774,-1835,0,0
2007-05-22,261,261,261,261,1774,-1835,0,0
2007-05-23,-551,-551,-551,-551,1774,-1835,0,0
2007-05-24,-2074,-2074,-2074,-2074,1774,-1835,0,0
2007-05-25,1304,1304,1304,1304,1774,-2074,0,0
2007-05-29,885,885,885,885,1774,-2074,0,0
2007-05-30,1271,1271,1271,1271,1774,-2074,0,0
2007-05-31,589,589,589,589,1774,-2074,0,0
2007-06-01,1112,1112,1112,1112,1774,-2074,0,0
2007-06-04,556,556,556,556,1774,-2074,0,0
2007-06-05,-1618,-1618,-1618,-1618,1774,-2074,0,0
2007-06-06,-2013,-2013,-2013,-2013,1774,-2074,0,0
2007-06-07,-2779,-2779,-2779,-2779,1774,-2074,0,0
2007-06-08,1318,1318,1318,1318,1774,-2779,0,0
2007-06-11,15,15,15,15,1774,-2779,0,0
2007-06-12,-2409,-2409,-2409,-2409,1318,-2779,0,0
2007-06-13,2057,2057,2057,2057,1318,-2779,0,0
2007-06-14,994,994,994,994,2057,-2779,0,0
2007-06-15,1900,1900,1900,1900,2057,-2779,0,0
2007-06-18,-164,-164,-164,-164,2057,-2779,0,0
2007-06-19,581,581,581,581,2057,-2779,0,0
2007-06-20,-1846,-1846,-1846,-1846,2057,-2779,0,0
2007-06-21,319,319,319,319,2057,-2779,0,0
2007-06-22,-1573,-1573,-1573,-1573,2057,-2779,0,0
2007-06-25,-1267,-1267,-1267,-1267,2057,-2779,0,0
2007-06-26,-891,-891,-891,-891,2057,-2779,0,0
2007-06-27,1639,1639,1639,1639,2057,-2779,0,0
2007-06-28,503,503,503,503,2057,-2779,0,0
2007-06-29,112,112,112,112,2057,-2779,0,0
2007-07-02,1958,1958,1958,1958,2057,-2779,0,0
2007-07-03,819,819,819,819,2057,-2779,0,0
2007-07-05,-289,-289,-289,-289,2057,-2779,0,0
2007-07-06,686,686,686,686,2057,-2779,0,0
2007-07-09,235,235,235,235,2057,-2409,0,0
2007-07-10,-1777,-1777,-1777,-1777,2057,-2409,0,0
2007-07-11,293,293,293,293,2057,-2409,0,0
2007-07-12,1522,1522,1522,1522,2057,-1846,0,0
2007-07-13,174,174,174,174,1958,-1846,0,0
2007-07-16,-1162,-1162,-1162,-1162,1958,-1846,0,0
2007-07-17,-517,-517,-517,-517,1958,-1846,0,0
2007-07-18,-902,-902,-902,-902,1958,-1846,0,0
2007-07-19,831,831,831,831,1958,-1846,0,0
2007-07-20,-1769,-1769,-1769,-1769,1958,-1777,0,0
2007-07-23,-101,-101,-101,-101,1958,-1777,0,0
2007-07-24,-2648,-2648,-2648,-2648,1958,-1777,0,0
2007-07-25,-649,-649,-649,-649,1958,-2648,0,0
2007-07-26,-2723,-2723,-2723,-2723,1958,-2648,0,0
2007-07-27,-1242,-1242,-1242,-1242,1958,-2723,0,0
2007-07-30,899,899,899,899,1958,-2723,0,0
2007-07-31,-505,-505,-505,-505,1958,-2723,0,0
2007-08-01,-508,-508,-508,-508,1522,-2723,0,0
2007-08-02,1033,1033,1033,1033,1522,-2723,0,0
2007-08-03,-2233,-2233,-2233,-2233,1522,-2723,0,0
2007-08-06,230,230,230,230,1522,-2723,0,0
2007-08-07,473,473,473,473,1522,-2723,0,0
2007-08-08,1421,1421,1421,1421,1522,-2723,0,0
2007-08-09,-1921,-1921,-1921,-1921,1522,-2723,0,0
2007-08-10,-779,-779,-779,-779,1421,-2723,0,0
2007-08-13,-94,-94,-94,-94,1421,-2723,0,0
2007-08-14,-2484,-2484,-2484,-2484,1421,-2723,0,0
2007-08-15,-2247,-2247,-2247,-2247,1421,-2723,0,0
2007-08-16,-779,-779,-779,-779,1421,-2723,0,0
2007-08-17,2525,2525,2525,2525,1421,-2723,0,0
2007-08-20,676,676,676,676,2525,-2723,0,0
2007-08-21,706,706,706,706,2525,-2723,0,0
2007-08-22,2026,2026,2026,2026,2525,-2723,0,0
2007-08-23,29,29,29,29,2525,-2723,0,0
2007-08-24,1850,1850,1850,1850,2525,-2484,0,0
2007-08-27,-1390,-1390,-1390,-1390,2525,-2484,0,0
2007-08-28,-2439,-2439,-2439,-2439,2525,-2484,0,0
2007-08-29,2382,2382,2382,2382,2525,-2484,0,0
2007-08-30,-649,-649,-649,-649,2525,-2484,0,0
2007-08-31,2384,2384,2384,2384,2525,-2484,0,0
2007-09-04,1331,1331,1331,1331,2525,-2484,0,0
2007-09-05,-1473,-1473,-1473,-1473,2525,-2484,0,0
2007-09-06,835,835,835,835,2525,-2484,0,0
2007-09-07,-1804,-1804,-1804,-1804,2525,-2484,0,0
2007-09-10,-748,-748,-748,-748,2525,-2484,0,0
2007-09-11,1511,1511,1511,1511,2525,-2484,0,0
2007-09-12,-411,-411,-411,-411,2525,-2484,0,0
2007-09-13,563,563,563,563,2525,-2439,0,0
2007-09-14,304,304,304,304,2525,-2439,0,0
2007-09-17,-1202,-1202,-1202,-1202,2525,-2439,0,0
2007-09-18,2668,2668,2668,2668,2384,-2439,0,0
2007-09-19,1005,1005,1005,1005,2668,-2439,0,0
2007-09-20,-1353,-1353,-1353,-1353,2668,-2439,0,0
2007-09-21,814,814,814,814,2668,-2439,0,0
2007-09-24,-726,-726,-726,-726,2668,-2439,0,0
2007-09-25,-590,-590,-590,-590,2668,-2439,0,0
2007-09-26,988,988,988,988,2668,-2439,0,0
2007-09-27,1124,1124,1124,1124,2668,-1804,0,0
2007-09-28,-372,-372,-372,-372,2668,-1804,0,0
2007-10-01,1714,1714,1714,1714,2668,-1804,0,0
2007-10-02,519,519,519,519,2668,-1804,0,0
2007-10-03,-829,-829,-829,-829,2668,-1804,0,0
2007-10-04,797,797,797,797,2668,-1804,0,0
2007-10-05,1692,1692,1692,1692,2668,-1804,0,0
2007-10-08,-992,-992,-992,-992,2668,-1353,0,0
2007-10-09,1286,1286,1286,1286,2668,-1353,0,0
2007-10-10,-151,-151,-151,-151,2668,-1353,0,0
2007-10-11,-785,-785,-785,-785,2668,-1353,0,0
2007-10-12,737,737,737,737,2668,-1353,0,0
2007-10-15,-1451,-1451,-1451,-1451,2668,-1353,0,0
2007-10-16,-1416,-1416,-1416,-1416,2668,-1451,0,0
2007-10-17,107,107,107,107,1714,-1451,0,0
2007-10-18,-33,-33,-33,-33,1714,-1451,0,0
2007-10-19,-2250,-2250,-2250,-2250,1714,-1451,0,0
2007-10-22,321,321,321,321,1714,-2250,0,0
2007-10-23,1143,1143,1143,1143,1714,-2250,0,0
2007-10-24,-804,-804,-804,-804,1714,-2250,0,0
2007-10-25,-76,-76,-76,-76,1714,-2250,0,0
2007-10-26,1543,1543,1543,1543,1714,-2250,0,0
2007-10-29,533,533,533,533,1714,-2250,0,0
2007-10-30,-808,-808,-808,-808,1692,-2250,0,0
2007-10-31,1525,1525,1525,1525,1692,-2250,0,0
2007-11-01,-2398,-2398,-2398,-2398,1692,-2250,0,0
2007-11-02,-202,-202,-202,-202,1692,-2398,0,0
2007-11-05,-1698,-1698,-1698,-1698,1543,-2398,0,0
2007-11-06,935,935,935,935,1543,-2398,0,0
2007-11-07,-2694,-2694,-2694,-2694,1543,-2398,0,0
2007-11-08,-141,-141,-141,-141,1543,-2694,0,0
2007-11-09,-1507,-1507,-1507,-1507,1543,-2694,0,0
2007-11-12,-1107,-1107,-1107,-1107,1543,-2694,0,0
2007-11-13,2113,2113,2113,2113,1543,-2694,0,0
2007-11-14,-727,-727,-727,-727,2113,-2694,0,0
2007-11-15,-1830,-1830,-1830,-1830,2113,-2694,0,0
2007-11-16,-347,-347,-347,-347,2113,-2694,0,0
2007-11-19,-2180,-2180,-2180,-2180,2113,-2694,0,0
2007-11-20,-34,-34,-34,-34,2113,-2694,0,0
2007-11-21,-1500,-1500,-1500,-1500,2113,-2694,0,0
2007-11-23,2089,2089,2089,2089,2113,-2694,0,0
2007-11-26,-1723,-1723,-1723,-1723,2113,-2694,0,0
2007-11-27,1138,1138,1138,1138,2113,-2694,0,0
2007-11-28,2442,2442,2442,2442,2113,-2694,0,0
2007-11-29,-307,-307,-307,-307,2442,-2694,0,0
2007-11-30,1375,1375,1375,1375,2442,-2694,0,0
2007-12-03,-577,-577,-577,-577,2442,-2694,0,0
2007-12-04,-937,-937,-937,-937,2442,-2694,0,0
2007-12-05,1595,1595,1595,1595,2442,-2694,0,0
2007-12-06,1855,1855,1855,1855,2442,-2694,0,0
2007-12-07,58,58,58,58,2442,-2180,0,0
2007-12-10,882,882,882,882,2442,-2180,0,0
2007-12-11,-2162,-2162,-2162,-2162,2442,-2180,0,0
2007-12-12,375,375,375,375,2442,-2180,0,0
2007-12-13,-1035,-1035,-1035,-1035,2442,-2180,0,0
2007-12-14,-1808,-1808,-1808,-1808,2442,-2180,0,0
2007-12-17,-2019,-2019,-2019,-2019,2442,-2180,0,0
2007-12-18,737,737,737,737,2442,-2180,0,0
2007-12-19,-423,-423,-423,-423,2442,-2162,0,0
2007-12-20,328,328,328,328,2442,-2162,0,0
2007-12-21,1501,1501,1501,1501,2442,-2162,0,0
2007-12-24,1694,1694,1694,1694,2442,-2162,0,0
2007-12-26,-35,-35,-35,-35,2442,-2162,0,0
2007-12-27,-1786,-1786,-1786,-1786,2442,-2162,0,0
2007-12-28,47,47,47,47,1855,-2162,0,0
2007-12-31,-164,-164,-164,-164,1855,-2162,0,0
2008-01-02,-479,-479,-479,-479,1855,-2162,0,0
2008-01-03,204,204,204,204,1855,-2162,0,0
2008-01-04,-1712,-1712,-1712,-1712,1855,-2162,0,0
2008-01-07,404,404,404,404,1855,-2162,0,0
2008-01-08,-971,-971,-971,-971,1694,-2162,0,0
2008-01-09,578,578,578,578,1694,-2162,0,0
2008-01-10,1068,1068,1068,1068,1694,-2162,0,0
2008-01-11,-971,-971,-971,-971,1694,-2019,0,0
2008-01-14,1098,1098,1098,1098,1694,-2019,0,0
2008-01-15,-1521,-1521,-1521,-1521,1694,-2019,0,0
2008-01-16,31,31,31,31,1694,-2019,0,0
2008-01-17,-2232,-2232,-2232,-2232,1694,-1786,0,0
2008-01-18,-900,-900,-900,-900,1694,-2232,0,0
2008-01-22,-451,-451,-451,-451,1694,-2232,0,0
2008-01-23,1508,1508,1508,1508,1694,-2232,0,0
2008-01-24,801,801,801,801,1694,-2232,0,0
2008-01-25,-438,-438,-438,-438,1508,-2232,0,0
2008-01-28,1780,1780,1780,1780,1508,-2232,0,0
2008-01-29,1066,1066,1066,1066,1780,-2232,0,0
2008-01-30,-470,-470,-470,-470,1780,-2232,0,0
2008-01-31,1605,1605,1605,1605,1780,-2232,0,0
2008-02-01,1817,1817,1817,1817,1780,-2232,0,0
2008-02-04,-599,-599,-599,-599,1817,-2232,0,0
2008-02-05,-1945,-1945,-1945,-1945,1817,-2232,0,0
2008-02-06,-793,-793,-793,-793,1817,-2232,0,0
2008-02-07,875,875,875,875,1817,-2232,0,0
2008-02-08,-605,-605,-605,-605,1817,-2232,0,0
2008-02-11,169,169,169,169,1817,-2232,0,0
2008-02-12,805,805,805,805,1817,-2232,0,0
2008-02-13,990,990,990,990,1817,-2232,0,0
2008-02-14,-1782,-1782,-1782,-1782,1817,-2232,0,0
2008-02-15,-396,-396,-396,-396,1817,-2232,0,0
2008-02-19,376,376,376,376,1817,-1945,0,0
2008-02-20,782,782,782,782,1817,-1945,0,0
2008-02-21,-1482,-1482,-1482,-1482,1817,-1945,0,0
2008-02-22,565,565,565,565,1817,-1945,0,0
2008-02-25,1638,1638,1638,1638,1817,-1945,0,0
2008-02-26,1176,1176,1176,1176,1817,-1945,0,0
2008-02-27,-298,-298,-298,-298,1817,-1945,0,0
2008-02-28,-1194,-1194,-1194,-1194,1817,-1945,0,0
2008-02-29,-2273,-2273,-2273,-2273,1817,-1945,0,0
2008-03-03,-244,-244,-244,-244,1817,-2273,0,0
2008-03-04,-1076,-1076,-1076,-1076,1638,-2273,0,0
2008-03-05,607,607,607,607,1638,-2273,0,0
2008-03-06,-2440,-2440,-2440,-2440,1638,-2273,0,0
2008-03-07,-855,-855,-855,-855,1638,-2440,0,0
2008-03-10,-2174,-2174,-2174,-2174,1638,-2440,0,0
2008-03-11,2104,2104,2104,2104,1638,-2440,0,0
2008-03-12,-795,-795,-795,-795,2104,-2440,0,0
2008-03-13,476,476,476,476,2104,-2440,0,0
2008-03-14,-2145,-2145,-2145,-2145,2104,-2440,0,0
2008-03-17,-2091,-2091,-2091,-2091,2104,-2440,0,0
2008-03-18,2515,2515,2515,2515,2104,-2440,0,0
2008-03-19,-1301,-1301,-1301,-1301,2515,-2440,0,0
2008-03-20,1512,1512,1512,1512,2515,-2440,0,0
2008-03-24,1968,1968,1968,1968,2515,-2440,0,0
2008-03-25,967,967,967,967,2515,-2440,0,0
2008-03-26,-504,-504,-504,-504,2515,-2440,0,0
2008-03-27,-792,-792,-792,-792,2515,-2440,0,0
2008-03-28,-1027,-1027,-1027,-1027,2515,-2440,0,0
2008-03-31,748,748,748,748,2515,-2440,0,0
2008-04-01,2174,2174,2174,2174,2515,-2440,0,0
2008-04-02,591,591,591,591,2515,-2440,0,0
2008-04-03,522,522,522,522,2515,-2440,0,0
2008-04-04,320,320,320,320,2515,-2440,0,0
2008-04-07,353,353,353,353,2515,-2174,0,0
2008-04-08,-503,-503,-503,-503,2515,-2174,0,0
2008-04-09,-1333,-1333,-1333,-1333,2515,-2145,0,0
2008-04-10,788,788,788,788,2515,-2145,0,0
2008-04-11,-1896,-1896,-1896,-1896,2515,-2145,0,0
2008-04-14,-602,-602,-602,-602,2515,-2145,0,0
2008-04-15,593,593,593,593,2515,-2091,0,0
2008-04-16,2072,2072,2072,2072,2515,-1896,0,0
2008-04-17,33,33,33,33,2174,-1896,0,0
2008-04-18,1739,1739,1739,1739,2174,-1896,0,0
2008-04-21,-403,-403,-403,-403,2174,-1896,0,0
2008-04-22,-1366,-1366,-1366,-1366,2174,-1896,0,0
2008-04-23,169,169,169,169,2174,-1896,0,0
2008-04-24,846,846,846,846,2174,-1896,0,0
2008-04-25,758,758,758,758,2174,-1896,0,0
2008-04-28,478,478,478,478,2174,-1896,0,0
2008-04-29,-484,-484,-484,-484,2174,-1896,0,0
2008-04-30,180,180,180,180,2072,-1896,0,0
2008-05-01,1285,1285,1285,1285,2072,-1896,0,0
2008-05-02,436,436,436,436,2072,-1896,0,0
2008-05-05,-447,-447,-447,-447,2072,-1896,0,0
2008-05-06,769,769,769,769,2072,-1896,0,0
2008-05-07,-1369,-1369,-1369,-1369,2072,-1896,0,0
2008-05-08,504,504,504,504,2072,-1896,0,0
2008-05-09,-215,-215,-215,-215,2072,-1896,0,0
2008-05-12,1350,1350,1350,1350,2072,-1369,0,0
2008-05-13,215,215,215,215,2072,-1369,0,0
2008-05-14,594,594,594,594,2072,-1369,0,0
2008-05-15,1282,1282,1282,1282,1739,-1369,0,0
2008-05-16,165,165,165,165,1739,-1369,0,0
2008-05-19,-154,-154,-154,-154,1350,-1369,0,0
2008-05-20,-923,-923,-923,-923,1350,-1369,0,0
2008-05-21,-1300,-1300,-1300,-1300,1350,-1369,0,0
2008-05-22,311,311,311,311,1350,-1369,0,0
2008-05-23,-1396,-1396,-1396,-1396,1350,-1369,0,0
2008-05-27,842,842,842,842,1350,-1396,0,0
2008-05-28,413,413,413,413,1350,-1396,0,0
2008-05-29,757,757,757,757,1350,-1396,0,0
2008-05-30,356,356,356,356,1350,-1396,0,0
2008-06-02,-1165,-1165,-1165,-1165,1350,-1396,0,0
2008-06-03,-590,-590,-590,-590,1350,-1396,0,0
2008-06-04,-292,-292,-292,-292,1350,-1396,0,0
2008-06-05,1839,1839,1839,1839,1350,-1396,0,0
2008-06-06,-2014,-2014,-2014,-2014,1839,-1396,0,0
2008-06-09,-894,-894,-894,-894,1839,-2014,0,0
2008-06-10,-993,-993,-993,-993,1839,-2014,0,0
2008-06-11,-1993,-1993,-1993,-1993,1839,-2014,0,0
2008-06-12,123,123,123,123,1839,-2014,0,0
2008-06-13,1417,1417,1417,1417,1839,-2014,0,0
2008-06-16,648,648,648,648,1839,-2014,0,0
2008-06-17,-562,-562,-562,-562,1839,-2014,0,0
2008-06-18,-1397,-1397,-1397,-1397,1839,-2014,0,0
2008-06-19,7,7,7,7,1839,-2014,0,0
2008-06-20,-2004,-2004,-2004,-2004,1839,-2014,0,0
2008-06-23,-1060,-1060,-1060,-1060,1839,-2014,0,0
2008-06-24,-1205,-1205,-1205,-1205,1839,-2014,0,0
2008-06-25,1226,1226,1226,1226,1839,-2014,0,0
2008-06-26,-2222,-2222,-2222,-2222,1839,-2014,0,0
2008-06-27,-814,-814,-814,-814,1839,-2222,0,0
2008-06-30,-635,-635,-635,-635,1839,-2222,0,0
2008-07-01,-502,-502,-502,-502,1839,-2222,0,0
2008-07-02,-1516,-1516,-1516,-1516,1839,-2222,0,0
2008-07-03,-943,-943,-943,-943,1839,-2222,0,0
2008-07-07,-1284,-1284,-1284,-1284,1417,-2222,0,0
2008-07-08,1117,1117,1117,1117,1417,-2222,0,0
2008-07-09,-1023,-1023,-1023,-1023,1417,-2222,0,0
2008-07-10,109,109,109,109,1417,-2222,0,0
2008-07-11,-1109,-1109,-1109,-1109,1417,-2222,0,0
2008-07-14,-1589,-1589,-1589,-1589,1417,-2222,0,0
2008-07-15,-1577,-1577,-1577,-1577,1226,-2222,0,0
2008-07-16,1658,1658,1658,1658,1226,-2222,0,0
2008-07-17,1524,1524,1524,1524,1658,-2222,0,0
2008-07-18,229,229,229,229,1658,-2222,0,0
2008-07-21,919,919,919,919,1658,-2222,0,0
2008-07-22,1304,1304,1304,1304,1658,-2222,0,0
2008-07-23,781,781,781,781,1658,-2222,0,0
2008-07-24,-1953,-1953,-1953,-1953,1658,-2222,0,0
2008-07-25,419,419,419,419,1658,-2222,0,0
2008-07-28,-1431,-1431,-1431,-1431,1658,-1953,0,0
2008-07-29,1770,1770,1770,1770,1658,-1953,0,0
2008-07-30,1055,1055,1055,1055,1770,-1953,0,0
2008-07-31,-700,-700,-700,-700,1770,-1953,0,0
2008-08-01,7,7,7,7,1770,-1953,0,0
2008-08-04,-1007,-1007,-1007,-1007,1770,-1953,0,0
2008-08-05,1626,1626,1626,1626,1770,-1953,0,0
2008-08-06,329,329,329,329,1770,-1953,0,0
2008-08-07,-1644,-1644,-1644,-1644,1770,-1953,0,0
2008-08-08,1601,1601,1601,1601,1770,-1953,0,0
2008-08-11,788,788,788,788,1770,-1953,0,0
2008-08-12,-1000,-1000,-1000,-1000,1770,-1953,0,0
2008-08-13,-426,-426,-426,-426,1770,-1953,0,0
2008-08-14,891,891,891,891,1770,-1953,0,0
2008-08-15,182,182,182,182,1770,-1953,0,0
2008-08-18,-1336,-1336,-1336,-1336,1770,-1953,0,0
2008-08-19,-1418,-1418,-1418,-1418,1770,-1953,0,0
2008-08-20,194,194,194,194,1770,-1953,0,0
2008-08-21,-384,-384,-384,-384,1770,-1953,0,0
2008-08-22,1358,1358,1358,1358,1770,-1644,0,0
2008-08-25,-1714,-1714,-1714,-1714,1770,-1644,0,0
2008-08-26,823,823,823,823,1770,-1714,0,0
2008-08-27,1648,1648,1648,1648,1626,-1714,0,0
2008-08-28,1841,1841,1841,1841,1648,-1714,0,0
2008-08-29,-793,-793,-793,-793,1841,-1714,0,0
2008-09-02,272,272,272,272,1841,-1714,0,0
2008-09-03,122,122,122,122,1841,-1714,0,0
2008-09-04,-2048,-2048,-2048,-2048,1841,-1714,0,0
2008-09-05,65,65,65,65,1841,-2048,0,0
2008-09-08,923,923,923,923,1841,-2048,0,0
2008-09-09,-2407,-2407,-2407,-2407,1841,-2048,0,0
2008-09-10,279,279,279,279,1841,-2407,0,0
2008-09-11,-357,-357,-357,-357,1841,-2407,0,0
2008-09-12,395,395,395,395,1841,-2407,0,0
2008-09-15,-2894,-2894,-2894,-2894,1841,-2407,0,0
2008-09-16,-286,-286,-286,-286,1841,-2894,0,0
2008-09-17,-2767,-2767,-2767,-2767,1841,-2894,0,0
2008-09-18,1596,1596,1596,1596,1841,-2894,0,0
2008-09-19,2448,2448,2448,2448,1841,-2894,0,0
2008-09-22,-2004,-2004,-2004,-2004,2448,-2894,0,0
2008-09-23,-1392,-1392,-1392,-1392,2448,-2894,0,0
2008-09-24,-602,-602,-602,-602,2448,-2894,0,0
2008-09-25,1385,1385,1385,1385,2448,-2894,0,0
2008-09-26,-1055,-1055,-1055,-1055,2448,-2894,0,0
2008-09-29,-2912,-2912,-2912,-2912,2448,-2894,0,0
2008-09-30,1945,1945,1945,1945,2448,-2912,0,0
2008-10-01,-25,-25,-25,-25,2448,-2912,0,0
2008-10-02,-2151,-2151,-2151,-2151,2448,-2912,0,0
2008-10-03,-959,-959,-959,-959,2448,-2912,0,0
2008-10-06,-2754,-2754,-2754,-2754,2448,-2912,0,0
2008-10-07,-2432,-2432,-2432,-2432,2448,-2912,0,0
2008-10-08,-1698,-1698,-1698,-1698,2448,-2912,0,0
2008-10-09,-2709,-2709,-2709,-2709,2448,-2912,0,0
2008-10-10,-969,-969,-969,-969,2448,-2912,0,0
2008-10-13,2866,2866,2866,2866,2448,-2912,0,0
2008-10-14,274,274,274,274,2866,-2912,0,0
2008-10-15,-2500,-2500,-2500,-2500,2866,-2912,0,0
2008-10-16,1240,1240,1240,1240,2866,-2912,0,0
2008-10-17,363,363,363,363,2866,-2912,0,0
2008-10-20,2168,2168,2168,2168,2866,-2912,0,0
2008-10-21,-1244,-1244,-1244,-1244,2866,-2912,0,0
2008-10-22,-2197,-2197,-2197,-2197,2866,-2912,0,0
2008-10-23,-761,-761,-761,-761,2866,-2912,0,0
2008-10-24,-1986,-1986,-1986,-1986,2866,-2912,0,0
2008-10-27,-1796,-1796,-1796,-1796,2866,-2912,0,0
2008-10-28,1878,1878,1878,1878,2866,-2754,0,0
2008-10-29,810,810,810,810,2866,-2754,0,0
2008-10-30,1947,1947,1947,1947,2866,-2754,0,0
2008-10-31,1431,1431,1431,1431,2866,-2754,0,0
2008-11-03,405,405,405,405,2866,-2754,0,0
2008-11-04,1796,1796,1796,1796,2866,-2709,0,0
2008-11-05,-1879,-1879,-1879,-1879,2866,-2709,0,0
2008-11-06,-2041,-2041,-2041,-2041,2866,-2709,0,0
2008-11-07,1188,1188,1188,1188,2866,-2500,0,0
2008-11-10,-1109,-1109,-1109,-1109,2866,-2500,0,0
2008-11-11,-1922,-1922,-1922,-1922,2168,-2500,0,0
2008-11-12,-2630,-2630,-2630,-2630,2168,-2500,0,0
2008-11-13,1511,1511,1511,1511,2168,-2630,0,0
2008-11-14,-1819,-1819,-1819,-1819,2168,-2630,0,0
2008-11-17,-1653,-1653,-1653,-1653,2168,-2630,0,0
2008-11-18,-822,-822,-822,-822,1947,-2630,0,0
2008-11-19,-2808,-2808,-2808,-2808,1947,-2630,0,0
2008-11-20,-2756,-2756,-2756,-2756,1947,-2808,0,0
2008-11-21,860,860,860,860,1947,-2808,0,0
2008-11-24,2468,2468,2468,2468,1947,-2808,0,0
2008-11-25,1141,1141,1141,1141,2468,-2808,0,0
2008-11-26,2208,2208,2208,2208,2468,-2808,0,0
2008-11-28,1104,1104,1104,1104,2468,-2808,0,0
2008-12-01,-2446,-2446,-2446,-2446,2468,-2808,0,0
2008-12-02,1655,1655,1655,1655,2468,-2808,0,0
2008-12-03,1035,1035,1035,1035,2468,-2808,0,0
2008-12-04,-1480,-1480,-1480,-1480,2468,-2808,0,0
2008-12-05,1275,1275,1275,1275,2468,-2808,0,0
2008-12-08,1787,1787,1787,1787,2468,-2808,0,0
2008-12-09,-1148,-1148,-1148,-1148,2468,-2808,0,0
2008-12-10,1219,1219,1219,1219,2468,-2808,0,0
2008-12-11,-1726,-1726,-1726,-1726,2468,-2808,0,0
2008-12-12,687,687,687,687,2468,-2808,0,0
2008-12-15,-1486,-1486,-1486,-1486,2468,-2808,0,0
2008-12-16,2206,2206,2206,2206,2468,-2808,0,0
2008-12-17,536,536,536,536,2468,-2808,0,0
2008-12-18,-492,-492,-492,-492,2468,-2808,0,0
2008-12-19,802,802,802,802,2468,-2756,0,0
2008-12-22,-1162,-1162,-1162,-1162,2468,-2446,0,0
2008-12-23,-689,-689,-689,-689,2468,-2446,0,0
2008-12-24,568,568,568,568,2208,-2446,0,0
2008-12-26,1506,1506,1506,1506,2208,-2446,0,0
2008-12-29,-805,-805,-805,-805,2206,-2446,0,0
2008-12-30,1956,1956,1956,1956,2206,-2446,0,0
2008-12-31,2161,2161,2161,2161,2206,-1726,0,0
2009-01-02,2072,2072,2072,2072,2206,-1726,0,0
2009-01-05,1056,1056,1056,1056,2206,-1726,0,0
2009-01-06,1771,1771,1771,1771,2206,-1726,0,0
2009-01-07,-1866,-1866,-1866,-1866,2206,-1726,0,0
2009-01-08,729,729,729,729,2206,-1866,0,0
2009-01-09,-1261,-1261,-1261,-1261,2206,-1866,0,0
2009-01-12,-1626,-1626,-1626,-1626,2206,-1866,0,0
2009-01-13,219,219,219,219,2206,-1866,0,0
2009-01-14,-2479,-2479,-2479,-2479,2206,-1866,0,0
2009-01-15,248,248,248,248,2206,-2479,0,0
2009-01-16,980,980,980,980,2161,-2479,0,0
2009-01-20,-2462,-2462,-2462,-2462,2161,-2479,0,0
2009-01-21,1825,1825,1825,1825,2161,-2479,0,0
2009-01-22,-1714,-1714,-1714,-1714,2161,-2479,0,0
2009-01-23,282,282,282,282,2161,-2479,0,0
2009-01-26,911,911,911,911,2161,-2479,0,0
2009-01-27,1130,1130,1130,1130,2161,-2479,0,0
2009-01-28,2263,2263,2263,2263,2161,-2479,0,0
2009-01-29,-2038,-2038,-2038,-2038,2263,-2479,0,0
2009-01-30,-1433,-1433,-1433,-1433,2263,-2479,0,0
2009-02-02,-279,-279,-279,-279,2263,-2479,0,0
2009-02-03,677,677,677,677,2263,-2479,0,0
2009-02-04,-402,-402,-402,-402,2263,-2479,0,0
2009-02-05,864,864,864,864,2263,-2479,0,0
2009-02-06,2014,2014,2014,2014,2263,-2479,0,0
2009-02-09,270,270,270,270,2263,-2479,0,0
2009-02-10,-2149,-2149,-2149,-2149,2263,-2479,0,0
2009-02-11,571,571,571,571,2263,-2479,0,0
2009-02-12,-191,-191,-191,-191,2263,-2479,0,0
2009-02-13,-688,-688,-688,-688,2263,-2462,0,0
2009-02-17,-2675,-2675,-2675,-2675,2263,-2462,0,0
2009-02-18,-1311,-1311,-1311,-1311,2263,-2675,0,0
2009-02-19,-1357,-1357,-1357,-1357,2263,-2675,0,0
2009-02-20,-1573,-1573,-1573,-1573,2263,-2675,0,0
2009-02-23,-2277,-2277,-2277,-2277,2263,-2675,0,0
2009-02-24,2220,2220,2220,2220,2263,-2675,0,0
2009-02-25,-667,-667,-667,-667,2263,-2675,0,0
2009-02-26,-270,-270,-270,-270,2263,-2675,0,0
2009-02-27,-1045,-1045,-1045,-1045,2220,-2675,0,0
2009-03-02,-2747,-2747,-2747,-2747,2220,-2675,0,0
2009-03-03,-1111,-1111,-1111,-1111,2220,-2747,0,0
2009-03-04,1851,1851,1851,1851,2220,-2747,0,0
2009-03-05,-2648,-2648,-2648,-2648,2220,-2747,0,0
2009-03-06,-796,-796,-796,-796,2220,-2747,0,0
2009-03-09,-1325,-1325,-1325,-1325,2220,-2747,0,0
2009-03-10,2694,2694,2694,2694,2220,-2747,0,0
2009-03-11,554,554,554,554,2694,-2747,0,0
2009-03-12,2584,2584,2584,2584,2694,-2747,0,0
2009-03-13,859,859,859,859,2694,-2747,0,0
2009-03-16,470,470,470,470,2694,-2747,0,0
2009-03-17,1780,1780,1780,1780,2694,-2747,0,0
2009-03-18,1907,1907,1907,1907,2694,-2747,0,0
2009-03-19,-29,-29,-29,-29,2694,-2747,0,0
2009-03-20,-1547,-1547,-1547,-1547,2694,-2747,0,0
2009-03-23,2598,2598,2598,2598,2694,-2747,0,0
2009-03-24,-1227,-1227,-1227,-1227,2694,-2747,0,0
2009-03-25,1213,1213,1213,1213,2694,-2747,0,0
2009-03-26,1819,1819,1819,1819,2694,-2747,0,0
2009-03-27,-1591,-1591,-1591,-1591,2694,-2747,0,0
2009-03-30,-2386,-2386,-2386,-2386,2694,-2747,0,0
2009-03-31,1561,1561,1561,1561,2694,-2648,0,0
2009-04-01,1617,1617,1617,1617,2694,-2648,0,0
2009-04-02,2324,2324,2324,2324,2694,-2648,0,0
2009-04-03,1139,1139,1139,1139,2694,-2386,0,0
2009-04-06,-1172,-1172,-1172,-1172,2694,-2386,0,0
2009-04-07,-1721,-1721,-1721,-1721,2694,-2386,0,0
2009-04-08,1485,1485,1485,1485,2598,-2386,0,0
2009-04-09,2377,2377,2377,2377,2598,-2386,0,0
2009-04-13,527,527,527,527,2598,-2386,0,0
2009-04-14,-1186,-1186,-1186,-1186,2598,-2386,0,0
2009-04-15,1286,1286,1286,1286,2598,-2386,0,0
2009-04-16,1808,1808,1808,1808,2598,-2386,0,0
2009-04-17,1057,1057,1057,1057,2598,-2386,0,0
2009-04-20,-2498,-2498,-2498,-2498,2598,-2386,0,0
2009-04-21,1775,1775,1775,1775,2598,-2498,0,0
2009-04-22,216,216,216,216,2377,-2498,0,0
2009-04-23,668,668,668,668,2377,-2498,0,0
2009-04-24,1631,1631,1631,1631,2377,-2498,0,0
2009-04-27,-1103,-1103,-1103,-1103,2377,-2498,0,0
2009-04-28,167,167,167,167,2377,-2498,0,0
2009-04-29,2070,2070,2070,2070,2377,-2498,0,0
2009-04-30,296,296,296,296,2377,-2498,0,0
2009-05-01,796,796,796,796,2377,-2498,0,0
2009-05-04,2163,2163,2163,2163,2377,-2498,0,0
2009-05-05,-316,-316,-316,-316,2377,-2498,0,0
2009-05-06,1268,1268,1268,1268,2377,-2498,0,0
2009-05-07,-970,-970,-970,-970,2377,-2498,0,0
2009-05-08,2213,2213,2213,2213,2377,-2498,0,0
2009-05-11,-1315,-1315,-1315,-1315,2213,-2498,0,0
2009-05-12,-472,-472,-472,-472,2213,-2498,0,0
2009-05-13,-2402,-2402,-2402,-2402,2213,-2498,0,0
2009-05-14,1325,1325,1325,1325,2213,-2498,0,0
2009-05-15,-833,-833,-833,-833,2213,-2498,0,0
2009-05-18,2362,2362,2362,2362,2213,-2498,0,0
2009-05-19,591,591,591,591,2362,-2402,0,0
2009-05-20,129,129,129,129,2362,-2402,0,0
2009-05-21,-1399,-1399,-1399,-1399,2362,-2402,0,0
2009-05-22,67,67,67,67,2362,-2402,0,0
2009-05-26,2014,2014,2014,2014,2362,-2402,0,0
2009-05-27,-1195,-1195,-1195,-1195,2362,-2402,0,0
2009-05-28,956,956,956,956,2362,-2402,0,0
2009-05-29,1450,1450,1450,1450,2362,-2402,0,0
2009-06-01,1946,1946,1946,1946,2362,-2402,0,0
2009-06-02,573,573,573,573,2362,-2402,0,0
2009-06-03,-1340,-1340,-1340,-1340,2362,-2402,0,0
2009-06-04,1668,1668,1668,1668,2362,-2402,0,0
2009-06-05,-81,-81,-81,-81,2362,-2402,0,0
2009-06-08,-775,-775,-775,-775,2362,-2402,0,0
2009-06-09,626,626,626,626,2362,-2402,0,0
2009-06-10,-270,-270,-270,-270,2362,-2402,0,0
2009-06-11,693,693,693,693,2362,-2402,0,0
2009-06-12,-254,-254,-254,-254,2362,-1399,0,0
2009-06-15,-2142,-2142,-2142,-2142,2362,-1399,0,0
2009-06-16,-1310,-1310,-1310,-1310,2362,-2142,0,0
2009-06-17,-466,-466,-466,-466,2014,-2142,0,0
2009-06-18,484,484,484,484,2014,-2142,0,0
2009-06-19,747,747,747,747,2014,-2142,0,0
2009-06-22,-2363,-2363,-2363,-2363,2014,-2142,0,0
2009-06-23,-159,-159,-159,-159,2014,-2363,0,0
2009-06-24,1345,1345,1345,1345,1946,-2363,0,0
2009-06-25,1892,1892,1892,1892,1946,-2363,0,0
2009-06-26,660,660,660,660,1946,-2363,0,0
2009-06-29,673,673,673,673,1946,-2363,0,0
2009-06-30,-410,-410,-410,-410,1892,-2363,0,0
2009-07-01,1447,1447,1447,1447,1892,-2363,0,0
2009-07-02,-1841,-1841,-1841,-1841,1892,-2363,0,0
2009-07-06,-537,-537,-537,-537,1892,-2363,0,0
2009-07-07,-1691,-1691,-1691,-1691,1892,-2363,0,0
2009-07-08,-954,-954,-954,-954,1892,-2363,0,0
2009-07-09,633,633,633,633,1892,-2363,0,0
2009-07-10,-90,-90,-90,-90,1892,-2363,0,0
2009-07-13,2038,2038,2038,2038,1892,-2363,0,0
2009-07-14,1243,1243,1243,1243,2038,-2363,0,0
2009-07-15,2484,2484,2484,2484,2038,-2363,0,0
2009-07-16,1243,1243,1243,1243,2484,-2363,0,0
2009-07-17,-25,-25,-25,-25,2484,-2363,0,0
2009-07-20,1613,1613,1613,1613,2484,-2363,0,0
2009-07-21,233,233,233,233,2484,-2363,0,0
2009-07-22,402,402,402,402,2484,-1841,0,0
2009-07-23,2071,2071,2071,2071,2484,-1841,0,0
2009-07-24,832,832,832,832,2484,-1841,0,0
2009-07-27,874,874,874,874,2484,-1841,0,0
2009-07-28,-110,-110,-110,-110,2484,-1841,0,0
2009-07-29,-652,-652,-652,-652,2484,-1841,0,0
2009-07-30,1769,1769,1769,1769,2484,-1841,0,0
2009-07-31,740,740,740,740,2484,-1841,0,0
2009-08-03,2015,2015,2015,2015,2484,-1691,0,0
2009-08-04,689,689,689,689,2484,-1691,0,0
2009-08-05,-252,-252,-252,-252,2484,-954,0,0
2009-08-06,-726,-726,-726,-726,2484,-652,0,0
2009-08-07,1662,1662,1662,1662,2484,-726,0,0
2009-08-10,-148,-148,-148,-148,2484,-726,0,0
2009-08-11,-1445,-1445,-1445,-1445,2484,-726,0,0
2009-08-12,1417,1417,1417,1417,2484,-1445,0,0
2009-08-13,958,958,958,958,2071,-1445,0,0
2009-08-14,-1301,-1301,-1301,-1301,2071,-1445,0,0
2009-08-17,-2398,-2398,-2398,-2398,2071,-1445,0,0
2009-08-18,1799,1799,1799,1799,2071,-2398,0,0
2009-08-19,706,706,706,706,2071,-2398,0,0
2009-08-20,1412,1412,1412,1412,2071,-2398,0,0
2009-08-21,1882,1882,1882,1882,2015,-2398,0,0
2009-08-24,75,75,75,75,2015,-2398,0,0
2009-08-25,647,647,647,647,2015,-2398,0,0
2009-08-26,-124,-124,-124,-124,2015,-2398,0,0
2009-08-27,242,242,242,242,2015,-2398,0,0
2009-08-28,23,23,23,23,2015,-2398,0,0
2009-08-31,-1401,-1401,-1401,-1401,2015,-2398,0,0
2009-09-01,-2029,-2029,-2029,-2029,1882,-2398,0,0
2009-09-02,-675,-675,-675,-675,1882,-2398,0,0
2009-09-03,1641,1641,1641,1641,1882,-2398,0,0
2009-09-04,1866,1866,1866,1866,1882,-2398,0,0
2009-09-08,1536,1536,1536,1536,1882,-2398,0,0
2009-09-09,1345,1345,1345,1345,1882,-2398,0,0
2009-09-10,1584,1584,1584,1584,1882,-2398,0,0
2009-09-11,340,340,340,340,1882,-2398,0,0
2009-09-14,1038,1038,1038,1038,1882,-2398,0,0
2009-09-15,1246,1246,1246,1246,1882,-2398,0,0
2009-09-16,2027,2027,2027,2027,1882,-2029,0,0
2009-09-17,-361,-361,-361,-361,2027,-2029,0,0
2009-09-18,505,505,505,505,2027,-2029,0,0
2009-09-21,-998,-998,-998,-998,2027,-2029,0,0
2009-09-22,1292,1292,1292,1292,2027,-2029,0,0
2009-09-23,-888,-888,-888,-888,2027,-2029,0,0
2009-09-24,-1594,-1594,-1594,-1594,2027,-2029,0,0
2009-09-25,-269,-269,-269,-269,2027,-2029,0,0
2009-09-28,1817,1817,1817,1817,2027,-2029,0,0
2009-09-29,-115,-115,-115,-115,2027,-2029,0,0
2009-09-30,-506,-506,-506,-506,2027,-2029,0,0
2009-10-01,-2016,-2016,-2016,-2016,2027,-1594,0,0
2009-10-02,-1029,-1029,-1029,-1029,2027,-2016,0,0
2009-10-05,2016,2016,2016,2016,2027,-2016,0,0
2009-10-06,1798,1798,1798,1798,2027,-2016,0,0
2009-10-07,179,179,179,179,2027,-2016,0,0
2009-10-08,1380,1380,1380,1380,2027,-2016,0,0
2009-10-09,619,619,619,619,2027,-2016,0,0
2009-10-12,296,296,296,296,2027,-2016,0,0
2009-10-13,-419,-419,-419,-419,2027,-2016,0,0
2009-10-14,1506,1506,1506,1506,2027,-2016,0,0
2009-10-15,14,14,14,14,2016,-2016,0,0
2009-10-16,-925,-925,-925,-925,2016,-2016,0,0
2009-10-19,1434,1434,1434,1434,2016,-2016,0,0
2009-10-20,-954,-954,-954,-954,2016,-2016,0,0
2009-10-21,-1039,-1039,-1039,-1039,2016,-2016,0,0
2009-10-22,1057,1057,1057,1057,2016,-2016,0,0
2009-10-23,-1556,-1556,-1556,-1556,2016,-2016,0,0
2009-10-26,-1604,-1604,-1604,-1604,2016,-2016,0,0
2009-10-27,-927,-927,-927,-927,2016,-2016,0,0
2009-10-28,-2454,-2454,-2454,-2454,2016,-2016,0,0
2009-10-29,1952,1952,1952,1952,2016,-2454,0,0
2009-10-30,-2248,-2248,-2248,-2248,2016,-2454,0,0
2009-11-02,212,212,212,212,2016,-2454,0,0
2009-11-03,663,663,663,663,1952,-2454,0,0
2009-11-04,222,222,222,222,1952,-2454,0,0
2009-11-05,1955,1955,1955,1955,1952,-2454,0,0
2009-11-06,92,92,92,92,1955,-2454,0,0
2009-11-09,2051,2051,2051,2051,1955,-2454,0,0
2009-11-10,-465,-465,-465,-465,2051,-2454,0,0
2009-11-11,755,755,755,755,2051,-2454,0,0
2009-11-12,-1767,-1767,-1767,-1767,2051,-2454,0,0
2009-11-13,1412,1412,1412,1412,2051,-2454,0,0
2009-11-16,1908,1908,1908,1908,2051,-2454,0,0
2009-11-17,-303,-303,-303,-303,2051,-2454,0,0
2009-11-18,-260,-260,-260,-260,2051,-2454,0,0
2009-11-19,-1917,-1917,-1917,-1917,2051,-2454,0,0
2009-11-20,-453,-453,-453,-453,2051,-2454,0,0
2009-11-23,1659,1659,1659,1659,2051,-2454,0,0
2009-11-24,-237,-237,-237,-237,2051,-2454,0,0
2009-11-25,958,958,958,958,2051,-2454,0,0
2009-11-27,-2103,-2103,-2103,-2103,2051,-2248,0,0
2009-11-30,473,473,473,473,2051,-2248,0,0
2009-12-01,1815,1815,1815,1815,2051,-2103,0,0
2009-12-02,945,945,945,945,2051,-2103,0,0
2009-12-03,-887,-887,-887,-887,2051,-2103,0,0
2009-12-04,1299,1299,1299,1299,2051,-2103,0,0
2009-12-07,294,294,294,294,2051,-2103,0,0
2009-12-08,-1158,-1158,-1158,-1158,2051,-2103,0,0
2009-12-09,300,300,300,300,1908,-2103,0,0
2009-12-10,629,629,629,629,1908,-2103,0,0
2009-12-11,984,984,984,984,1908,-2103,0,0
2009-12-14,1484,1484,1484,1484,1908,-2103,0,0
2009-12-15,-599,-599,-599,-599,1908,-2103,0,0
2009-12-16,903,903,903,903,1815,-2103,0,0
2009-12-17,-1370,-1370,-1370,-1370,1815,-2103,0,0
2009-12-18,534,534,534,534,1815,-2103,0,0
2009-12-21,1339,1339,1339,1339,1815,-2103,0,0
2009-12-22,774,774,774,774,1815,-2103,0,0
2009-12-23,1295,1295,1295,1295,1815,-2103,0,0
2009-12-24,1413,1413,1413,1413,1815,-2103,0,0
2009-12-28,74,74,74,74,1815,-2103,0,0
2009-12-29,-54,-54,-54,-54,1815,-1370,0,0
2009-12-30,-254,-254,-254,-254,1815,-1370,0,0
2009-12-31,-1033,-1033,-1033,-1033,1484,-1370,0,0
2010-01-04,1866,1866,1866,1866,1484,-1370,0,0
2010-01-05,645,645,645,645,1866,-1370,0,0
2010-01-06,602,602,602,602,1866,-1370,0,0
2010-01-07,689,689,689,689,1866,-1370,0,0
2010-01-08,669,669,669,669,1866,-1370,0,0
2010-01-11,591,591,591,591,1866,-1370,0,0
2010-01-12,-1329,-1329,-1329,-1329,1866,-1370,0,0
2010-01-13,1436,1436,1436,1436,1866,-1370,0,0
2010-01-14,430,430,430,430,1866,-1370,0,0
2010-01-15,-1175,-1175,-1175,-1175,1866,-1370,0,0
2010-01-19,1707,1707,1707,1707,1866,-1370,0,0
2010-01-20,-1465,-1465,-1465,-1465,1866,-1329,0,0
2010-01-21,-1747,-1747,-1747,-1747,1866,-1465,0,0
2010-01-22,-1961,-1961,-1961,-1961,1866,-1747,0,0
2010-01-25,463,463,463,463,1866,-1961,0,0
2010-01-26,-854,-854,-854,-854,1866,-1961,0,0
2010-01-27,-3,-3,-3,-3,1866,-1961,0,0
2010-01-28,-1427,-1427,-1427,-1427,1866,-1961,0,0
2010-01-29,-1112,-1112,-1112,-1112,1866,-1961,0,0
2010-02-01,1761,1761,1761,1761,1866,-1961,0,0
2010-02-02,1647,1647,1647,1647,1866,-1961,0,0
2010-02-03,-693,-693,-693,-693,1761,-1961,0,0
2010-02-04,-2567,-2567,-2567,-2567,1761,-1961,0,0
2010-02-05,-430,-430,-430,-430,1761,-2567,0,0
2010-02-08,-880,-880,-880,-880,1761,-2567,0,0
2010-02-09,1726,1726,1726,1726,1761,-2567,0,0
2010-02-10,-10,-10,-10,-10,1761,-2567,0,0
2010-02-11,1632,1632,1632,1632,1761,-2567,0,0
2010-02-12,218,218,218,218,1761,-2567,0,0
2010-02-16,2014,2014,2014,2014,1761,-2567,0,0
2010-02-17,1067,1067,1067,1067,2014,-2567,0,0
2010-02-18,1175,1175,1175,1175,2014,-2567,0,0
2010-02-19,561,561,561,561,2014,-2567,0,0
2010-02-22,-22,-22,-22,-22,2014,-2567,0,0
2010-02-23,-1180,-1180,-1180,-1180,2014,-2567,0,0
2010-02-24,1394,1394,1394,1394,2014,-2567,0,0
2010-02-25,7,7,7,7,2014,-2567,0,0
2010-02-26,577,577,577,577,2014,-2567,0,0
2010-03-01,1797,1797,1797,1797,2014,-2567,0,0
2010-03-02,1234,1234,1234,1234,2014,-2567,0,0
2010-03-03,273,273,273,273,2014,-2567,0,0
2010-03-04,524,524,524,524,2014,-2567,0,0
2010-03-05,2103,2103,2103,2103,2014,-2567,0,0
2010-03-08,538,538,538,538,2103,-1180,0,0
2010-03-09,426,426,426,426,2103,-1180,0,0
2010-03-10,1056,1056,1056,1056,2103,-1180,0,0
2010-03-11,577,577,577,577,2103,-1180,0,0
2010-03-12,284,284,284,284,2103,-1180,0,0
2010-03-15,-530,-530,-530,-530,2103,-1180,0,0
2010-03-16,1397,1397,1397,1397,2103,-1180,0,0
2010-03-17,1271,1271,1271,1271,2103,-1180,0,0
2010-03-18,-452,-452,-452,-452,2103,-1180,0,0
2010-03-19,-1239,-1239,-1239,-1239,2103,-1180,0,0
2010-03-22,987,987,987,987,2103,-1239,0,0
2010-03-23,1373,1373,1373,1373,2103,-1239,0,0
2010-03-24,-978,-978,-978,-978,2103,-1239,0,0
2010-03-25,-525,-525,-525,-525,2103,-1239,0,0
2010-03-26,42,42,42,42,2103,-1239,0,0
2010-03-29,1143,1143,1143,1143,2103,-1239,0,0
2010-03-30,90,90,90,90,2103,-1239,0,0
2010-03-31,-607,-607,-607,-607,2103,-1239,0,0
2010-04-01,1474,1474,1474,1474,2103,-1239,0,0
2010-04-05,1526,1526,1526,1526,2103,-1239,0,0
2010-04-06,400,400,400,400,1526,-1239,0,0
2010-04-07,-820,-820,-820,-820,1526,-1239,0,0
2010-04-08,120,120,120,120,1526,-1239,0,0
2010-04-09,1084,1084,1084,1084,1526,-1239,0,0
2010-04-12,439,439,439,439,1526,-1239,0,0
2010-04-13,-150,-150,-150,-150,1526,-1239,0,0
2010-04-14,1647,1647,1647,1647,1526,-1239,0,0
2010-04-15,-102,-102,-102,-102,1647,-1239,0,0
2010-04-16,-1910,-1910,-1910,-1910,1647,-1239,0,0
2010-04-19,-360,-360,-360,-360,1647,-1910,0,0
2010-04-20,1930,1930,1930,1930,1647,-1910,0,0
2010-04-21,437,437,437,437,1930,-1910,0,0
2010-04-22,964,964,964,964,1930,-1910,0,0
2010-04-23,1290,1290,1290,1290,1930,-1910,0,0
2010-04-26,-189,-189,-189,-189,1930,-1910,0,0
2010-04-27,-2113,-2113,-2113,-2113,1930,-1910,0,0
2010-04-28,454,454,454,454,1930,-2113,0,0
2010-04-29,1545,1545,1545,1545,1930,-2113,0,0
2010-04-30,-1556,-1556,-1556,-1556,1930,-2113,0,0
2010-05-03,1640,1640,1640,1640,1930,-2113,0,0
2010-05-04,-2227,-2227,-2227,-2227,1930,-2113,0,0
2010-05-05,-1847,-1847,-1847,-1847,1930,-2227,0,0
2010-05-06,-2856,-2856,-2856,-2856,1930,-2227,0,0
2010-05-07,-1350,-1350,-1350,-1350,1930,-2856,0,0
2010-05-10,2841,2841,2841,2841,1930,-2856,0,0
2010-05-11,331,331,331,331,2841,-2856,0,0
2010-05-12,1905,1905,1905,1905,2841,-2856,0,0
2010-05-13,-924,-924,-924,-924,2841,-2856,0,0
2010-05-14,-2349,-2349,-2349,-2349,2841,-2856,0,0
2010-05-17,-601,-601,-601,-601,2841,-2856,0,0
2010-05-18,-1693,-1693,-1693,-1693,2841,-2856,0,0
2010-05-19,-1832,-1832,-1832,-1832,2841,-2856,0,0
2010-05-20,-2854,-2854,-2854,-2854,2841,-2856,0,0
2010-05-21,1603,1603,1603,1603,2841,-2856,0,0
2010-05-24,-736,-736,-736,-736,2841,-2856,0,0
2010-05-25,-841,-841,-841,-841,2841,-2856,0,0
2010-05-26,623,623,623,623,2841,-2856,0,0
2010-05-27,2614,2614,2614,2614,2841,-2856,0,0
2010-05-28,-1113,-1113,-1113,-1113,2841,-2856,0,0
2010-06-01,-1775,-1775,-1775,-1775,2841,-2856,0,0
2010-06-02,2121,2121,2121,2121,2841,-2856,0,0
2010-06-03,830,830,830,830,2841,-2856,0,0
2010-06-04,-2517,-2517,-2517,-2517,2841,-2856,0,0
2010-06-07,-1430,-1430,-1430,-1430,2841,-2854,0,0
2010-06-08,579,579,579,579,2841,-2854,0,0
2010-06-09,24,24,24,24,2614,-2854,0,0
2010-06-10,2250,2250,2250,2250,2614,-2854,0,0
2010-06-11,1114,1114,1114,1114,2614,-2854,0,0
2010-06-14,672,672,672,672,2614,-2854,0,0
2010-06-15,2168,2168,2168,2168,2614,-2854,0,0
2010-06-16,-599,-599,-599,-599,2614,-2854,0,0
2010-06-17,-52,-52,-52,-52,2614,-2854,0,0
2010-06-18,339,339,339,339,2614,-2854,0,0
2010-06-21,-554,-554,-554,-554,2614,-2517,0,0
2010-06-22,-1849,-1849,-1849,-1849,2614,-2517,0,0
2010-06-23,-197,-197,-197,-197,2614,-2517,0,0
2010-06-24,-1657,-1657,-1657,-1657,2614,-2517,0,0
2010-06-25,1383,1383,1383,1383,2614,-2517,0,0
2010-06-28,-349,-349,-349,-349,2250,-2517,0,0
2010-06-29,-2619,-2619,-2619,-2619,2250,-2517,0,0
2010-06-30,-805,-805,-805,-805,2250,-2619,0,0
2010-07-01,-683,-683,-683,-683,2250,-2619,0,0
2010-07-02,-620,-620,-620,-620,2250,-2619,0,0
2010-07-06,-42,-42,-42,-42,2250,-2619,0,0
2010-07-07,2202,2202,2202,2202,2250,-2619,0,0
2010-07-08,1588,1588,1588,1588,2250,-2619,0,0
2010-07-09,1760,1760,1760,1760,2250,-2619,0,0
2010-07-12,-868,-868,-868,-868,2202,-2619,0,0
2010-07-13,2022,2022,2022,2022,2202,-2619,0,0
2010-07-14,-332,-332,-332,-332,2202,-2619,0,0
2010-07-15,-95,-95,-95,-95,2202,-2619,0,0
2010-07-16,-1825,-1825,-1825,-1825,2202,-2619,0,0
2010-07-19,922,922,922,922,2202,-2619,0,0
2010-07-20,1913,1913,1913,1913,2202,-2619,0,0
2010-07-21,-1123,-1123,-1123,-1123,2202,-2619,0,0
2010-07-22,2271,2271,2271,2271,2202,-2619,0,0
2010-07-23,1838,1838,1838,1838,2271,-2619,0,0
2010-07-26,1877,1877,1877,1877,2271,-2619,0,0
2010-07-27,-364,-364,-364,-364,2271,-2619,0,0
2010-07-28,-1134,-1134,-1134,-1134,2271,-2619,0,0
2010-07-29,134,134,134,134,2271,-1825,0,0
2010-07-30,134,134,134,134,2271,-1825,0,0
2010-08-02,2140,2140,2140,2140,2271,-1825,0,0
2010-08-03,-656,-656,-656,-656,2271,-1825,0,0
2010-08-04,1419,1419,1419,1419,2271,-1825,0,0
2010-08-05,-462,-462,-462,-462,2271,-1825,0,0
2010-08-06,-240,-240,-240,-240,2271,-1825,0,0
2010-08-09,1364,1364,1364,1364,2271,-1825,0,0
2010-08-10,-1441,-1441,-1441,-1441,2271,-1825,0,0
2010-08-11,-2376,-2376,-2376,-2376,2271,-1825,0,0
2010-08-12,-510,-510,-510,-510,2271,-2376,0,0
2010-08-13,-287,-287,-287,-287,2271,-2376,0,0
2010-08-16,786,786,786,786,2271,-2376,0,0
2010-08-17,1741,1741,1741,1741,2271,-2376,0,0
2010-08-18,461,461,461,461,2271,-2376,0,0
2010-08-19,-1924,-1924,-1924,-1924,2271,-2376,0,0
2010-08-20,-515,-515,-515,-515,2140,-2376,0,0
2010-08-23,-797,-797,-797,-797,2140,-2376,0,0
2010-08-24,-1571,-1571,-1571,-1571,2140,-2376,0,0
2010-08-25,642,642,642,642,2140,-2376,0,0
2010-08-26,-873,-873,-873,-873,2140,-2376,0,0
2010-08-27,2113,2113,2113,2113,2140,-2376,0,0
2010-08-30,-1728,-1728,-1728,-1728,2140,-2376,0,0
2010-08-31,327,327,327,327,2113,-2376,0,0
2010-09-01,2206,2206,2206,2206,2113,-2376,0,0
2010-09-02,1208,1208,1208,1208,2206,-2376,0,0
2010-09-03,1695,1695,1695,1695,2206,-2376,0,0
2010-09-07,-1420,-1420,-1420,-1420,2206,-2376,0,0
2010-09-08,1114,1114,1114,1114,2206,-2376,0,0
2010-09-09,694,694,694,694,2206,-2376,0,0
2010-09-10,801,801,801,801,2206,-1924,0,0
2010-09-13,1253,1253,1253,1253,2206,-1924,0,0
2010-09-14,-252,-252,-252,-252,2206,-1924,0,0
2010-09-15,139,139,139,139,2206,-1924,0,0
2010-09-16,-520,-520,-520,-520,2206,-1924,0,0
2010-09-17,553,553,553,553,2206,-1924,0,0
2010-09-20,1909,1909,1909,1909,2206,-1728,0,0
2010-09-21,-875,-875,-875,-875,2206,-1728,0,0
2010-09-22,-793,-793,-793,-793,2206,-1728,0,0
2010-09-23,-1212,-1212,-1212,-1212,2206,-1728,0,0
2010-09-24,1981,1981,1981,1981,2206,-1728,0,0
2010-09-27,-493,-493,-493,-493,2206,-1728,0,0
2010-09-28,1048,1048,1048,1048,2206,-1728,0,0
2010-09-29,287,287,287,287,2206,-1420,0,0
2010-09-30,64,64,64,64,2206,-1420,0,0
2010-10-01,1073,1073,1073,1073,1981,-1420,0,0
2010-10-04,-1354,-1354,-1354,-1354,1981,-1420,0,0
2010-10-05,1902,1902,1902,1902,1981,-1420,0,0
2010-10-06,-248,-248,-248,-248,1981,-1354,0,0
2010-10-07,-253,-253,-253,-253,1981,-1354,0,0
2010-10-08,1468,1468,1468,1468,1981,-1354,0,0
2010-10-11,323,323,323,323,1981,-1354,0,0
2010-10-12,337,337,337,337,1981,-1354,0,0
2010-10-13,1297,1297,1297,1297,1981,-1354,0,0
2010-10-14,-583,-583,-583,-583,1981,-1354,0,0
2010-10-15,-638,-638,-638,-638,1981,-1354,0,0
2010-10-18,980,980,980,980,1981,-1354,0,0
2010-10-19,-1982,-1982,-1982,-1982,1981,-1354,0,0
2010-10-20,1471,1471,1471,1471,1981,-1982,0,0
2010-10-21,-67,-67,-67,-67,1981,-1982,0,0
2010-10-22,591,591,591,591,1981,-1982,0,0
2010-10-25,593,593,593,593,1902,-1982,0,0
2010-10-26,-240,-240,-240,-240,1902,-1982,0,0
2010-10-27,-966,-966,-966,-966,1902,-1982,0,0
2010-10-28,4,4,4,4,1902,-1982,0,0
2010-10-29,569,569,569,569,1902,-1982,0,0
2010-11-01,129,129,129,129,1902,-1982,0,0
2010-11-02,1436,1436,1436,1436,1902,-1982,0,0
2010-11-03,410,410,410,410,1471,-1982,0,0
2010-11-04,2033,2033,2033,2033,1471,-1982,0,0
2010-11-05,507,507,507,507,2033,-1982,0,0
2010-11-08,-274,-274,-274,-274,2033,-1982,0,0
2010-11-09,-1533,-1533,-1533,-1533,2033,-1982,0,0
2010-11-10,467,467,467,467,2033,-1982,0,0
2010-11-11,-864,-864,-864,-864,2033,-1982,0,0
2010-11-12,-1985,-1985,-1985,-1985,2033,-1982,0,0
2010-11-15,-202,-202,-202,-202,2033,-1985,0,0
2010-11-16,-2249,-2249,-2249,-2249,2033,-1985,0,0
2010-11-17,531,531,531,531,2033,-2249,0,0
2010-11-18,1870,1870,1870,1870,2033,-2249,0,0
2010-11-19,521,521,521,521,2033,-2249,0,0
2010-11-22,58,58,58,58,2033,-2249,0,0
2010-11-23,-1693,-1693,-1693,-1693,2033,-2249,0,0
2010-11-24,1989,1989,1989,1989,2033,-2249,0,0
2010-11-26,-1084,-1084,-1084,-1084,2033,-2249,0,0
2010-11-29,-524,-524,-524,-524,2033,-2249,0,0
2010-11-30,-964,-964,-964,-964,2033,-2249,0,0
2010-12-01,1657,1657,1657,1657,2033,-2249,0,0
2010-12-02,1262,1262,1262,1262,2033,-2249,0,0
2010-12-03,722,722,722,722,2033,-2249,0,0
2010-12-06,-49,-49,-49,-49,1989,-2249,0,0
2010-12-07,12,12,12,12,1989,-2249,0,0
2010-12-08,-730,-730,-730,-730,1989,-2249,0,0
2010-12-09,310,310,310,310,1989,-2249,0,0
2010-12-10,804,804,804,804,1989,-2249,0,0
2010-12-13,-452,-452,-452,-452,1989,-2249,0,0
2010-12-14,-393,-393,-393,-393,1989,-2249,0,0
2010-12-15,-1013,-1013,-1013,-1013,1989,-2249,0,0
2010-12-16,1031,1031,1031,1031,1989,-1693,0,0
2010-12-17,334,334,334,334,1989,-1693,0,0
2010-12-20,-50,-50,-50,-50,1989,-1693,0,0
2010-12-21,1045,1045,1045,1045,1989,-1693,0,0
2010-12-22,650,650,650,650,1989,-1693,0,0
2010-12-23,-128,-128,-128,-128,1989,-1084,0,0
2010-12-27,318,318,318,318,1657,-1084,0,0
2010-12-28,-147,-147,-147,-147,1657,-1013,0,0
2010-12-29,520,520,520,520,1657,-1013,0,0
2010-12-30,-7,-7,-7,-7,1657,-1013,0,0
2010-12-31,242,242,242,242,1262,-1013,0,0
2011-01-03,1464,1464,1464,1464,1045,-1013,0,0
2011-01-04,-797,-797,-797,-797,1464,-1013,0,0
2011-01-05,607,607,607,607,1464,-1013,0,0
2011-01-06,-671,-671,-671,-671,1464,-1013,0,0
2011-01-07,-366,-366,-366,-366,1464,-1013,0,0
2011-01-10,73,73,73,73,1464,-1013,0,0
2011-01-11,506,506,506,506,1464,-1013,0,0
2011-01-12,1079,1079,1079,1079,1464,-1013,0,0
2011-01-13,-282,-282,-282,-282,1464,-1013,0,0
2011-01-14,452,452,452,452,1464,-797,0,0
2011-01-18,235,235,235,235,1464,-797,0,0
2011-01-19,-1714,-1714,-1714,-1714,1464,-797,0,0
2011-01-20,-735,-735,-735,-735,1464,-1714,0,0
2011-01-21,137,137,137,137,1464,-1714,0,0
2011-01-24,1214,1214,1214,1214,1464,-1714,0,0
2011-01-25,215,215,215,215,1464,-1714,0,0
2011-01-26,1137,1137,1137,1137,1464,-1714,0,0
2011-01-27,299,299,299,299,1464,-1714,0,0
2011-01-28,-2093,-2093,-2093,-2093,1464,-1714,0,0
2011-01-31,1135,1135,1135,1135,1464,-2093,0,0
2011-02-01,1943,1943,1943,1943,1464,-2093,0,0
2011-02-02,-213,-213,-213,-213,1943,-2093,0,0
2011-02-03,217,217,217,217,1943,-2093,0,0
2011-02-04,-33,-33,-33,-33,1943,-2093,0,0
2011-02-07,1158,1158,1158,1158,1943,-2093,0,0
2011-02-08,814,814,814,814,1943,-2093,0,0
2011-02-09,-773,-773,-773,-773,1943,-2093,0,0
2011-02-10,99,99,99,99,1943,-2093,0,0
2011-02-11,1264,1264,1264,1264,1943,-2093,0,0
2011-02-14,313,313,313,313,1943,-2093,0,0
2011-02-15,-705,-705,-705,-705,1943,-2093,0,0
2011-02-16,1375,1375,1375,1375,1943,-2093,0,0
2011-02-17,729,729,729,729,1943,-2093,0,0
2011-02-18,449,449,449,449,1943,-2093,0,0
2011-02-22,-2380,-2380,-2380,-2380,1943,-2093,0,0
2011-02-23,-934,-934,-934,-934,1943,-2380,0,0
2011-02-24,116,116,116,116,1943,-2380,0,0
2011-02-25,1764,1764,1764,1764,1943,-2380,0,0
2011-02-28,1066,1066,1066,1066,1943,-2380,0,0
2011-03-01,-1621,-1621,-1621,-1621,1943,-2380,0,0
2011-03-02,772,772,772,772,1943,-2380,0,0
2011-03-03,1903,1903,1903,1903,1764,-2380,0,0
2011-03-04,-918,-918,-918,-918,1903,-2380,0,0
2011-03-07,-1627,-1627,-1627,-1627,1903,-2380,0,0
2011-03-08,1526,1526,1526,1526,1903,-2380,0,0
2011-03-09,-223,-223,-223,-223,1903,-2380,0,0
2011-03-10,-2130,-2130,-2130,-2130,1903,-2380,0,0
2011-03-11,570,570,570,570,1903,-2380,0,0
2011-03-14,-1106,-1106,-1106,-1106,1903,-2380,0,0
2011-03-15,-1743,-1743,-1743,-1743,1903,-2380,0,0
2011-03-16,-1705,-1705,-1705,-1705,1903,-2380,0,0
2011-03-17,1380,1380,1380,1380,1903,-2380,0,0
2011-03-18,1310,1310,1310,1310,1903,-2380,0,0
2011-03-21,1906,1906,1906,1906,1903,-2380,0,0
2011-03-22,-499,-499,-499,-499,1906,-2380,0,0
2011-03-23,297,297,297,297,1906,-2130,0,0
2011-03-24,927,927,927,927,1906,-2130,0,0
2011-03-25,943,943,943,943,1906,-2130,0,0
2011-03-28,-580,-580,-580,-580,1906,-2130,0,0
2011-03-29,995,995,995,995,1906,-2130,0,0
2011-03-30,1294,1294,1294,1294,1906,-2130,0,0
2011-03-31,515,515,515,515,1906,-2130,0,0
2011-04-01,1128,1128,1128,1128,1906,-2130,0,0
2011-04-04,244,244,244,244,1906,-2130,0,0
2011-04-05,320,320,320,320,1906,-2130,0,0
2011-04-06,380,380,380,380,1906,-2130,0,0
2011-04-07,-816,-816,-816,-816,1906,-2130,0,0
2011-04-08,-973,-973,-973,-973,1906,-1743,0,0
2011-04-11,-1195,-1195,-1195,-1195,1906,-1743,0,0
2011-04-12,-1507,-1507,-1507,-1507,1906,-1743,0,0
2011-04-13,-218,-218,-218,-218,1906,-1705,0,0
2011-04-14,211,211,211,211,1906,-1507,0,0
2011-04-15,1100,1100,1100,1100,1906,-1507,0,0
2011-04-18,-1882,-1882,-1882,-1882,1906,-1507,0,0
2011-04-19,949,949,949,949,1294,-1882,0,0
2011-04-20,1975,1975,1975,1975,1294,-1882,0,0
2011-04-21,947,947,947,947,1975,-1882,0,0
2011-04-25,-266,-266,-266,-266,1975,-1882,0,0
2011-04-26,1352,1352,1352,1352,1975,-1882,0,0
2011-04-27,776,776,776,776,1975,-1882,0,0
2011-04-28,671,671,671,671,1975,-1882,0,0
2011-04-29,909,909,909,909,1975,-1882,0,0
2011-05-02,-543,-543,-543,-543,1975,-1882,0,0
2011-05-03,-926,-926,-926,-926,1975,-1882,0,0
2011-05-04,-1175,-1175,-1175,-1175,1975,-1882,0,0
2011-05-05,-742,-742,-742,-742,1975,-1882,0,0
2011-05-06,975,975,975,975,1975,-1882,0,0
2011-05-09,1172,1172,1172,1172,1975,-1882,0,0
2011-05-10,1822,1822,1822,1822,1975,-1882,0,0
2011-05-11,-1628,-1628,-1628,-1628,1975,-1882,0,0
2011-05-12,701,701,701,701,1975,-1882,0,0
2011-05-13,-1348,-1348,-1348,-1348,1975,-1882,0,0
2011-05-16,-1073,-1073,-1073,-1073,1975,-1882,0,0
2011-05-17,-511,-511,-511,-511,1975,-1882,0,0
2011-05-18,1604,1604,1604,1604,1975,-1628,0,0
2011-05-19,526,526,526,526,1975,-1628,0,0
2011-05-20,-995,-995,-995,-995,1822,-1628,0,0
2011-05-23,-1783,-1783,-1783,-1783,1822,-1628,0,0
2011-05-24,-251,-251,-251,-251,1822,-1783,0,0
2011-05-25,931,931,931,931,1822,-1783,0,0
2011-05-26,1232,1232,1232,1232,1822,-1783,0,0
2011-05-27,1324,1324,1324,1324,1822,-1783,0,0
2011-05-31,1569,1569,1569,1569,1822,-1783,0,0
2011-06-01,-1974,-1974,-1974,-1974,1822,-1783,0,0
2011-06-02,-197,-197,-197,-197,1822,-1974,0,0
2011-06-03,-1306,-1306,-1306,-1306,1822,-1974,0,0
2011-06-06,-1802,-1802,-1802,-1802,1822,-1974,0,0
2011-06-07,373,373,373,373,1822,-1974,0,0
2011-06-08,-1498,-1498,-1498,-1498,1822,-1974,0,0
2011-06-09,788,788,788,788,1604,-1974,0,0
2011-06-10,-1917,-1917,-1917,-1917,1604,-1974,0,0
2011-06-13,-831,-831,-831,-831,1604,-1974,0,0
2011-06-14,1976,1976,1976,1976,1604,-1974,0,0
2011-06-15,-2137,-2137,-2137,-2137,1976,-1974,0,0
2011-06-16,-355,-355,-355,-355,1976,-2137,0,0
2011-06-17,776,776,776,776,1976,-2137,0,0
2011-06-20,1064,1064,1064,1064,1976,-2137,0,0
2011-06-21,2110,2110,2110,2110,1976,-2137,0,0
2011-06-22,-543,-543,-543,-543,2110,-2137,0,0
2011-06-23,-485,-485,-485,-485,2110,-2137,0,0
2011-06-24,-846,-846,-846,-846,2110,-2137,0,0
2011-06-27,1075,1075,1075,1075,2110,-2137,0,0
2011-06-28,1629,1629,1629,1629,2110,-2137,0,0
2011-06-29,1100,1100,1100,1100,2110,-2137,0,0
2011-06-30,1390,1390,1390,1390,2110,-2137,0,0
2011-07-01,1935,1935,1935,1935,2110,-2137,0,0
2011-07-05,-49,-49,-49,-49,2110,-2137,0,0
2011-07-06,348,348,348,348,2110,-2137,0,0
2011-07-07,1656,1656,1656,1656,2110,-2137,0,0
2011-07-08,-1206,-1206,-1206,-1206,2110,-2137,0,0
2011-07-11,-2170,-2170,-2170,-2170,2110,-2137,0,0
2011-07-12,-510,-510,-510,-510,2110,-2170,0,0
2011-07-13,711,711,711,711,2110,-2170,0,0
2011-07-14,-1632,-1632,-1632,-1632,2110,-2170,0,0
2011-07-15,643,643,643,643,2110,-2170,0,0
2011-07-18,-2152,-2152,-2152,-2152,2110,-2170,0,0
2011-07-19,1738,1738,1738,1738,2110,-2170,0,0
2011-07-20,277,277,277,277,2110,-2170,0,0
2011-07-21,1840,1840,1840,1840,1935,-2170,0,0
2011-07-22,-146,-146,-146,-146,1935,-2170,0,0
2011-07-25,-1852,-1852,-1852,-1852,1935,-2170,0,0
2011-07-26,-980,-980,-980,-980,1935,-2170,0,0
2011-07-27,-2607,-2607,-2607,-2607,1935,-2170,0,0
2011-07-28,-768,-768,-768,-768,1935,-2607,0,0
2011-07-29,-1031,-1031,-1031,-1031,1935,-2607,0,0
2011-08-01,184,184,184,184,1935,-2607,0,0
2011-08-02,-1751,-1751,-1751,-1751,1840,-2607,0,0
2011-08-03,390,390,390,390,1840,-2607,0,0
2011-08-04,-2820,-2820,-2820,-2820,1840,-2607,0,0
2011-08-05,-1510,-1510,-1510,-1510,1840,-2820,0,0
2011-08-08,-3071,-3071,-3071,-3071,1840,-2820,0,0
2011-08-09,2628,2628,2628,2628,1840,-3071,0,0
2011-08-10,-1500,-1500,-1500,-1500,2628,-3071,0,0
2011-08-11,2434,2434,2434,2434,2628,-3071,0,0
2011-08-12,820,820,820,820,2628,-3071,0,0
2011-08-15,2531,2531,2531,2531,2628,-3071,0,0
2011-08-16,-1532,-1532,-1532,-1532,2628,-3071,0,0
2011-08-17,527,527,527,527,2628,-3071,0,0
2011-08-18,-2742,-2742,-2742,-2742,2628,-3071,0,0
2011-08-19,-1575,-1575,-1575,-1575,2628,-3071,0,0
2011-08-22,-380,-380,-380,-380,2628,-3071,0,0
2011-08-23,2108,2108,2108,2108,2628,-3071,0,0
2011-08-24,1167,1167,1167,1167,2628,-3071,0,0
2011-08-25,-1585,-1585,-1585,-1585,2628,-3071,0,0
2011-08-26,2026,2026,2026,2026,2628,-3071,0,0
2011-08-29,2480,2480,2480,2480,2628,-3071,0,0
2011-08-30,738,738,738,738,2628,-3071,0,0
2011-08-31,887,887,887,887,2628,-3071,0,0
2011-09-01,-1467,-1467,-1467,-1467,2628,-3071,0,0
2011-09-02,-2158,-2158,-2158,-2158,2628,-3071,0,0
2011-09-06,-1403,-1403,-1403,-1403,2628,-3071,0,0
2011-09-07,2387,2387,2387,2387,2628,-2742,0,0
2011-09-08,-1732,-1732,-1732,-1732,2531,-2742,0,0
2011-09-09,-2127,-2127,-2127,-2127,2531,-2742,0,0
2011-09-12,-230,-230,-230,-230,2531,-2742,0,0
2011-09-13,1215,1215,1215,1215,2531,-2742,0,0
2011-09-14,1390,1390,1390,1390,2480,-2742,0,0
2011-09-15,1553,1553,1553,1553,2480,-2742,0,0
2011-09-16,47,47,47,47,2480,-2742,0,0
2011-09-19,-1647,-1647,-1647,-1647,2480,-2158,0,0
2011-09-20,-838,-838,-838,-838,2480,-2158,0,0
2011-09-21,-2204,-2204,-2204,-2204,2480,-2158,0,0
2011-09-22,-2398,-2398,-2398,-2398,2480,-2204,0,0
2011-09-23,803,803,803,803,2480,-2398,0,0
2011-09-26,1390,1390,1390,1390,2480,-2398,0,0
2011-09-27,1931,1931,1931,1931,2480,-2398,0,0
2011-09-28,-2229,-2229,-2229,-2229,2387,-2398,0,0
2011-09-29,1282,1282,1282,1282,2387,-2398,0,0
2011-09-30,-1842,-1842,-1842,-1842,2387,-2398,0,0
2011-10-03,-2514,-2514,-2514,-2514,2387,-2398,0,0
2011-10-04,631,631,631,631,2387,-2514,0,0
2011-10-05,1385,1385,1385,1385,2387,-2514,0,0
2011-10-06,2124,2124,2124,2124,1931,-2514,0,0
2011-10-07,-1287,-1287,-1287,-1287,2124,-2514,0,0
2011-10-10,2532,2532,2532,2532,2124,-2514,0,0
2011-10-11,314,314,314,314,2532,-2514,0,0
2011-10-12,1596,1596,1596,1596,2532,-2514,0,0
2011-10-13,-691,-691,-691,-691,2532,-2514,0,0
2011-10-14,2034,2034,2034,2034,2532,-2514,0,0
2011-10-17,-1884,-1884,-1884,-1884,2532,-2514,0,0
2011-10-18,2071,2071,2071,2071,2532,-2514,0,0
2011-10-19,-1383,-1383,-1383,-1383,2532,-2514,0,0
2011-10-20,-1106,-1106,-1106,-1106,2532,-2514,0,0
2011-10-21,2236,2236,2236,2236,2532,-2514,0,0
2011-10-24,1987,1987,1987,1987,2532,-2514,0,0
2011-10-25,-1979,-1979,-1979,-1979,2532,-2514,0,0
2011-10-26,1832,1832,1832,1832,2532,-2514,0,0
2011-10-27,2296,2296,2296,2296,2532,-2514,0,0
2011-10-28,-66,-66,-66,-66,2532,-2514,0,0
2011-10-31,-1910,-1910,-1910,-1910,2532,-2514,0,0
2011-11-01,-2155,-2155,-2155,-2155,2532,-1979,0,0
2011-11-02,1975,1975,1975,1975,2532,-2155,0,0
2011-11-03,1668,1668,1668,1668,2532,-2155,0,0
2011-11-04,-643,-643,-643,-643,2532,-2155,0,0
2011-11-07,305,305,305,305,2532,-2155,0,0
2011-11-08,1396,1396,1396,1396,2296,-2155,0,0
2011-11-09,-2524,-2524,-2524,-2524,2296,-2155,0,0
2011-11-10,954,954,954,954,2296,-2524,0,0
2011-11-11,2175,2175,2175,2175,2296,-2524,0,0
2011-11-14,-1631,-1631,-1631,-1631,2296,-2524,0,0
2011-11-15,782,782,782,782,2296,-2524,0,0
2011-11-16,-1619,-1619,-1619,-1619,2296,-2524,0,0
2011-11-17,-1899,-1899,-1899,-1899,2296,-2524,0,0
2011-11-18,374,374,374,374,2296,-2524,0,0
2011-11-21,-2168,-2168,-2168,-2168,2296,-2524,0,0
2011-11-22,-731,-731,-731,-731,2296,-2524,0,0
2011-11-23,-2336,-2336,-2336,-2336,2296,-2524,0,0
2011-11-25,-383,-383,-383,-383,2296,-2524,0,0
2011-11-28,2030,2030,2030,2030,2175,-2524,0,0
2011-11-29,-210,-210,-210,-210,2175,-2524,0,0
2011-11-30,2317,2317,2317,2317,2175,-2524,0,0
2011-12-01,-626,-626,-626,-626,2317,-2524,0,0
2011-12-02,623,623,623,623,2317,-2524,0,0
2011-12-05,1675,1675,1675,1675,2317,-2524,0,0
2011-12-06,5,5,5,5,2317,-2524,0,0
2011-12-07,155,155,155,155,2317,-2524,0,0
2011-12-08,-2221,-2221,-2221,-2221,2317,-2524,0,0
2011-12-09,2132,2132,2132,2132,2317,-2336,0,0
2011-12-12,-1904,-1904,-1904,-1904,2317,-2336,0,0
2011-12-13,-1669,-1669,-1669,-1669,2317,-2336,0,0
2011-12-14,-1396,-1396,-1396,-1396,2317,-2336,0,0
2011-12-15,721,721,721,721,2317,-2336,0,0
2011-12-16,683,683,683,683,2317,-2336,0,0
2011-12-19,-1761,-1761,-1761,-1761,2317,-2336,0,0
2011-12-20,2296,2296,2296,2296,2317,-2336,0,0
2011-12-21,641,641,641,641,2317,-2336,0,0
2011-12-22,1514,1514,1514,1514,2317,-2336,0,0
2011-12-23,1140,1140,1140,1140,2317,-2221,0,0
2011-12-27,27,27,27,27,2317,-2221,0,0
2011-12-28,-1764,-1764,-1764,-1764,2317,-2221,0,0
2011-12-29,1707,1707,1707,1707,2317,-2221,0,0
2011-12-30,-159,-159,-159,-159,2296,-2221,0,0
2012-01-03,1647,1647,1647,1647,2296,-2221,0,0
2012-01-04,-77,-77,-77,-77,2296,-2221,0,0
2012-01-05,647,647,647,647,2296,-2221,0,0
2012-01-06,-217,-217,-217,-217,2296,-2221,0,0
2012-01-09,814,814,814,814,2296,-2221,0,0
2012-01-10,1632,1632,1632,1632,2296,-1904,0,0
2012-01-11,110,110,110,110,2296,-1904,0,0
2012-01-12,615,615,615,615,2296,-1764,0,0
2012-01-13,-925,-925,-925,-925,2296,-1764,0,0
2012-01-17,662,662,662,662,2296,-1764,0,0
2012-01-18,1732,1732,1732,1732,2296,-1764,0,0
2012-01-19,907,907,907,907,2296,-1764,0,0
2012-01-20,469,469,469,469,2296,-1764,0,0
2012-01-23,486,486,486,486,1732,-1764,0,0
2012-01-24,239,239,239,239,1732,-1764,0,0
2012-01-25,1553,1553,1553,1553,1732,-1764,0,0
2012-01-26,-85,-85,-85,-85,1732,-1764,0,0
2012-01-27,834,834,834,834,1732,-1764,0,0
2012-01-30,-804,-804,-804,-804,1732,-925,0,0
2012-01-31,515,515,515,515,1732,-925,0,0
2012-02-01,1924,1924,1924,1924,1732,-925,0,0
2012-02-02,379,379,379,379,1924,-925,0,0
2012-02-03,1685,1685,1685,1685,1924,-925,0,0
2012-02-06,-539,-539,-539,-539,1924,-925,0,0
2012-02-07,382,382,382,382,1924,-925,0,0
2012-02-08,444,444,444,444,1924,-925,0,0
2012-02-09,-24,-24,-24,-24,1924,-925,0,0
2012-02-10,-1613,-1613,-1613,-1613,1924,-925,0,0
2012-02-13,1630,1630,1630,1630,1924,-1613,0,0
2012-02-14,-837,-837,-837,-837,1924,-1613,0,0
2012-02-15,-564,-564,-564,-564,1924,-1613,0,0
2012-02-16,1499,1499,1499,1499,1924,-1613,0,0
2012-02-17,394,394,394,394,1924,-1613,0,0
2012-02-21,-10,-10,-10,-10,1924,-1613,0,0
2012-02-22,-681,-681,-681,-681,1924,-1613,0,0
2012-02-23,1301,1301,1301,1301,1924,-1613,0,0
2012-02-24,259,259,259,259,1924,-1613,0,0
2012-02-27,-57,-57,-57,-57,1924,-1613,0,0
2012-02-28,-41,-41,-41,-41,1924,-1613,0,0
2012-02-29,-975,-975,-975,-975,1924,-1613,0,0
2012-03-01,977,977,977,977,1924,-1613,0,0
2012-03-02,-1024,-1024,-1024,-1024,1685,-1613,0,0
2012-03-05,-597,-597,-597,-597,1685,-1613,0,0
2012-03-06,-2509,-2509,-2509,-2509,1630,-1613,0,0
2012-03-07,1669,1669,1669,1669,1630,-2509,0,0
2012-03-08,1705,1705,1705,1705,1669,-2509,0,0
2012-03-09,1197,1197,1197,1197,1705,-2509,0,0
2012-03-12,-438,-438,-438,-438,1705,-2509,0,0
2012-03-13,1934,1934,1934,1934,1705,-2509,0,0
2012-03-14,-1483,-1483,-1483,-1483,1934,-2509,0,0
2012-03-15,533,533,533,533,1934,-2509,0,0
2012-03-16,-314,-314,-314,-314,1934,-2509,0,0
2012-03-19,775,775,775,775,1934,-2509,0,0
2012-03-20,-1021,-1021,-1021,-1021,1934,-2509,0,0
2012-03-21,-101,-101,-101,-101,1934,-2509,0,0
2012-03-22,-1508,-1508,-1508,-1508,1934,-2509,0,0
2012-03-23,1263,1263,1263,1263,1934,-2509,0,0
2012-03-26,1559,1559,1559,1559,1934,-2509,0,0
2012-03-27,-517,-517,-517,-517,1934,-2509,0,0
2012-03-28,-998,-998,-998,-998,1934,-2509,0,0
2012-03-29,-665,-665,-665,-665,1934,-2509,0,0
2012-03-30,466,466,466,466,1934,-2509,0,0
2012-04-02,1500,1500,1500,1500,1934,-2509,0,0
2012-04-03,-909,-909,-909,-909,1934,-2509,0,0
2012-04-04,-1842,-1842,-1842,-1842,1934,-1508,0,0
2012-04-05,-415,-415,-415,-415,1934,-1842,0,0
2012-04-09,-1747,-1747,-1747,-1747,1934,-1842,0,0
2012-04-10,-2158,-2158,-2158,-2158,1934,-1842,0,0
2012-04-11,1573,1573,1573,1573,1934,-2158,0,0
2012-04-12,1847,1847,1847,1847,1573,-2158,0,0
2012-04-13,-1582,-1582,-1582,-1582,1847,-2158,0,0
2012-04-16,399,399,399,399,1847,-2158,0,0
2012-04-17,1609,1609,1609,1609,1847,-2158,0,0
2012-04-18,-1045,-1045,-1045,-1045,1847,-2158,0,0
2012-04-19,-578,-578,-578,-578,1847,-2158,0,0
2012-04-20,933,933,933,933,1847,-2158,0,0
2012-04-23,-1443,-1443,-1443,-1443,1847,-2158,0,0
2012-04-24,1059,1059,1059,1059,1847,-2158,0,0
2012-04-25,1659,1659,1659,1659,1847,-2158,0,0
2012-04-26,1087,1087,1087,1087,1847,-2158,0,0
2012-04-27,1036,1036,1036,1036,1847,-2158,0,0
2012-04-30,-690,-690,-690,-690,1847,-2158,0,0
2012-05-01,911,911,911,911,1847,-2158,0,0
2012-05-02,-397,-397,-397,-397,1847,-2158,0,0
2012-05-03,-1220,-1220,-1220,-1220,1847,-2158,0,0
2012-05-04,-1591,-1591,-1591,-1591,1847,-2158,0,0
2012-05-07,235,235,235,235,1847,-2158,0,0
2012-05-08,-668,-668,-668,-668,1847,-2158,0,0
2012-05-09,-1135,-1135,-1135,-1135,1847,-1591,0,0
2012-05-10,784,784,784,784,1847,-1591,0,0
2012-05-11,-603,-603,-603,-603,1659,-1591,0,0
2012-05-14,-2158,-2158,-2158,-2158,1659,-1591,0,0
2012-05-15,-933,-933,-933,-933,1659,-2158,0,0
2012-05-16,-1056,-1056,-1056,-1056,1659,-2158,0,0
2012-05-17,-2278,-2278,-2278,-2278,1659,-2158,0,0
2012-05-18,-1598,-1598,-1598,-1598,1659,-2278,0,0
2012-05-21,2169,2169,2169,2169,1659,-2278,0,0
2012-05-22,103,103,103,103,2169,-2278,0,0
2012-05-23,618,618,618,618,2169,-2278,0,0
2012-05-24,499,499,499,499,2169,-2278,0,0
2012-05-25,114,114,114,114,2169,-2278,0,0
2012-05-29,1786,1786,1786,1786,2169,-2278,0,0
2012-05-30,-2282,-2282,-2282,-2282,2169,-2278,0,0
2012-05-31,-160,-160,-160,-160,2169,-2282,0,0
2012-06-01,-2260,-2260,-2260,-2260,2169,-2282,0,0
2012-06-04,-488,-488,-488,-488,2169,-2282,0,0
2012-06-05,1441,1441,1441,1441,2169,-2282,0,0
2012-06-06,2360,2360,2360,2360,2169,-2282,0,0
2012-06-07,-241,-241,-241,-241,2360,-2282,0,0
2012-06-08,1236,1236,1236,1236,2360,-2282,0,0
2012-06-11,-1838,-1838,-1838,-1838,2360,-2282,0,0
2012-06-12,1723,1723,1723,1723,2360,-2282,0,0
2012-06-13,-1160,-1160,-1160,-1160,2360,-2282,0,0
2012-06-14,1312,1312,1312,1312,2360,-2282,0,0
2012-06-15,1187,1187,1187,1187,2360,-2282,0,0
2012-06-18,532,532,532,532,2360,-2282,0,0
2012-06-19,2109,2109,2109,2109,2360,-2282,0,0
2012-06-20,-17,-17,-17,-17,2360,-2282,0,0
2012-06-21,-1976,-1976,-1976,-1976,2360,-2282,0,0
2012-06-22,1158,1158,1158,1158,2360,-2282,0,0
2012-06-25,-1693,-1693,-1693,-1693,2360,-2282,0,0
2012-06-26,841,841,841,841,2360,-2282,0,0
2012-06-27,1757,1757,1757,1757,2360,-2282,0,0
2012-06-28,374,374,374,374,2360,-2260,0,0
2012-06-29,2334,2334,2334,2334,2360,-2260,0,0
2012-07-02,1254,1254,1254,1254,2360,-1976,0,0
2012-07-03,1791,1791,1791,1791,2360,-1976,0,0
2012-07-05,-384,-384,-384,-384,2360,-1976,0,0
2012-07-06,-1089,-1089,-1089,-1089,2334,-1976,0,0
2012-07-09,-374,-374,-374,-374,2334,-1976,0,0
2012-07-10,-1000,-1000,-1000,-1000,2334,-1976,0,0
2012-07-11,119,119,119,119,2334,-1976,0,0
2012-07-12,-817,-817,-817,-817,2334,-1976,0,0
2012-07-13,2074,2074,2074,2074,2334,-1976,0,0
2012-07-16,-311,-311,-311,-311,2334,-1976,0,0
2012-07-17,1043,1043,1043,1043,2334,-1976,0,0
2012-07-18,760,760,760,760,2334,-1976,0,0
2012-07-19,100,100,100,100,2334,-1976,0,0
2012-07-20,-1030,-1030,-1030,-1030,2334,-1976,0,0
2012-07-23,-1632,-1632,-1632,-1632,2334,-1693,0,0
2012-07-24,-1517,-1517,-1517,-1517,2334,-1693,0,0
2012-07-25,233,233,233,233,2334,-1632,0,0
2012-07-26,1424,1424,1424,1424,2334,-1632,0,0
2012-07-27,2076,2076,2076,2076,2334,-1632,0,0
2012-07-30,-87,-87,-87,-87,2334,-1632,0,0
2012-07-31,-545,-545,-545,-545,2076,-1632,0,0
2012-08-01,-740,-740,-740,-740,2076,-1632,0,0
2012-08-02,-750,-750,-750,-750,2076,-1632,0,0
2012-08-03,2021,2021,2021,2021,2076,-1632,0,0
2012-08-06,768,768,768,768,2076,-1632,0,0
2012-08-07,884,884,884,884,2076,-1632,0,0
2012-08-08,79,79,79,79,2076,-1632,0,0
2012-08-09,295,295,295,295,2076,-1632,0,0
2012-08-10,243,243,243,243,2076,-1632,0,0
2012-08-13,-775,-775,-775,-775,2076,-1632,0,0
2012-08-14,-38,-38,-38,-38,2076,-1632,0,0
2012-08-15,786,786,786,786,2076,-1632,0,0
2012-08-16,1338,1338,1338,1338,2076,-1632,0,0
2012-08-17,706,706,706,706,2076,-1632,0,0
2012-08-20,-349,-349,-349,-349,2076,-1632,0,0
2012-08-21,-339,-339,-339,-339,2076,-1517,0,0
2012-08-22,-655,-655,-655,-655,2076,-775,0,0
2012-08-23,-1171,-1171,-1171,-1171,2076,-775,0,0
2012-08-24,852,852,852,852,2076,-1171,0,0
2012-08-27,-149,-149,-149,-149,2021,-1171,0,0
2012-08-28,379,379,379,379,2021,-1171,0,0
2012-08-29,613,613,613,613,2021,-1171,0,0
2012-08-30,-1300,-1300,-1300,-1300,2021,-1171,0,0
2012-08-31,1195,1195,1195,1195,2021,-1300,0,0
2012-09-04,544,544,544,544,1338,-1300,0,0
2012-09-05,-146,-146,-146,-146,1338,-1300,0,0
2012-09-06,1790,1790,1790,1790,1338,-1300,0,0
2012-09-07,1095,1095,1095,1095,1790,-1300,0,0
2012-09-10,-608,-608,-608,-608,1790,-1300,0,0
2012-09-11,1054,1054,1054,1054,1790,-1300,0,0
2012-09-12,922,922,922,922,1790,-1300,0,0
2012-09-13,1759,1759,1759,1759,1790,-1300,0,0
2012-09-14,1156,1156,1156,1156,1790,-1300,0,0
2012-09-17,-1153,-1153,-1153,-1153,1790,-1300,0,0
2012-09-18,-346,-346,-346,-346,1790,-1300,0,0
2012-09-19,482,482,482,482,1790,-1300,0,0
2012-09-20,-639,-639,-639,-639,1790,-1300,0,0
2012-09-21,519,519,519,519,1790,-1300,0,0
2012-09-24,-586,-586,-586,-586,1790,-1300,0,0
2012-09-25,-1433,-1433,-1433,-1433,1790,-1300,0,0
2012-09-26,-594,-594,-594,-594,1790,-1433,0,0
2012-09-27,1537,1537,1537,1537,1790,-1433,0,0
2012-09-28,-675,-675,-675,-675,1790,-1433,0,0
2012-10-01,720,720,720,720,1790,-1433,0,0
2012-10-02,183,183,183,183,1790,-1433,0,0
2012-10-03,-13,-13,-13,-13,1790,-1433,0,0
2012-10-04,1401,1401,1401,1401,1790,-1433,0,0
2012-10-05,412,412,412,412,1759,-1433,0,0
2012-10-08,-610,-610,-610,-610,1759,-1433,0,0
2012-10-09,-1654,-1654,-1654,-1654,1759,-1433,0,0
2012-10-10,-746,-746,-746,-746,1759,-1654,0,0
2012-10-11,967,967,967,967,1759,-1654,0,0
2012-10-12,-822,-822,-822,-822,1537,-1654,0,0
2012-10-15,1017,1017,1017,1017,1537,-1654,0,0
2012-10-16,1545,1545,1545,1545,1537,-1654,0,0
2012-10-17,1152,1152,1152,1152,1545,-1654,0,0
2012-10-18,-64,-64,-64,-64,1545,-1654,0,0
2012-10-19,-1708,-1708,-1708,-1708,1545,-1654,0,0
2012-10-22,-93,-93,-93,-93,1545,-1708,0,0
2012-10-23,-1430,-1430,-1430,-1430,1545,-1708,0,0
2012-10-24,-338,-338,-338,-338,1545,-1708,0,0
2012-10-25,610,610,610,610,1545,-1708,0,0
2012-10-26,-548,-548,-548,-548,1545,-1708,0,0
2012-10-31,487,487,487,487,1545,-1708,0,0
2012-11-01,1638,1638,1638,1638,1545,-1708,0,0
2012-11-02,-1215,-1215,-1215,-1215,1638,-1708,0,0
2012-11-05,90,90,90,90,1638,-1708,0,0
2012-11-06,1266,1266,1266,1266,1638,-1708,0,0
2012-11-07,-1993,-1993,-1993,-1993,1638,-1708,0,0
2012-11-08,-1413,-1413,-1413,-1413,1638,-1993,0,0
2012-11-09,-131,-131,-131,-131,1638,-1993,0,0
2012-11-12,-130,-130,-130,-130,1638,-1993,0,0
2012-11-13,-1101,-1101,-1101,-1101,1638,-1993,0,0
2012-11-14,-2452,-2452,-2452,-2452,1638,-1993,0,0
2012-11-15,-1094,-1094,-1094,-1094,1638,-2452,0,0
2012-11-16,1481,1481,1481,1481,1638,-2452,0,0
2012-11-19,2356,2356,2356,2356,1638,-2452,0,0
2012-11-20,335,335,335,335,2356,-2452,0,0
2012-11-21,1047,1047,1047,1047,2356,-2452,0,0
2012-11-23,1962,1962,1962,1962,2356,-2452,0,0
2012-11-26,-416,-416,-416,-416,2356,-2452,0,0
2012-11-27,-372,-372,-372,-372,2356,-2452,0,0
2012-11-28,1141,1141,1141,1141,2356,-2452,0,0
2012-11-29,1327,1327,1327,1327,2356,-2452,0,0
2012-11-30,299,299,299,299,2356,-2452,0,0
2012-12-03,-628,-628,-628,-628,2356,-2452,0,0
2012-12-04,-100,-100,-100,-100,2356,-2452,0,0
2012-12-05,147,147,147,147,2356,-2452,0,0
2012-12-06,152,152,152,152,2356,-2452,0,0
2012-12-07,291,291,291,291,2356,-2452,0,0
2012-12-10,321,321,321,321,2356,-2452,0,0
2012-12-11,1077,1077,1077,1077,2356,-2452,0,0
2012-12-12,-86,-86,-86,-86,2356,-2452,0,0
2012-12-13,-1209,-1209,-1209,-1209,2356,-2452,0,0
2012-12-14,-223,-223,-223,-223,2356,-1209,0,0
2012-12-17,1035,1035,1035,1035,2356,-1209,0,0
2012-12-18,1481,1481,1481,1481,2356,-1209,0,0
2012-12-19,-29,-29,-29,-29,1962,-1209,0,0
2012-12-20,1104,1104,1104,1104,1962,-1209,0,0
2012-12-21,-1089,-1089,-1089,-1089,1962,-1209,0,0
2012-12-24,-570,-570,-570,-570,1481,-1209,0,0
2012-12-26,-904,-904,-904,-904,1481,-1209,0,0
2012-12-27,-315,-315,-315,-315,1481,-1209,0,0
2012-12-28,-1132,-1132,-1132,-1132,1481,-1209,0,0
2012-12-31,2222,2222,2222,2222,1481,-1209,0,0
2013-01-02,2560,2560,2560,2560,2222,-1209,0,0
2013-01-03,365,365,365,365,2560,-1209,0,0
2013-01-04,1611,1611,1611,1611,2560,-1209,0,0
2013-01-07,-279,-279,-279,-279,2560,-1209,0,0
2013-01-08,-17,-17,-17,-17,2560,-1209,0,0
2013-01-09,1104,1104,1104,1104,2560,-1209,0,0
2013-01-10,892,892,892,892,2560,-1209,0,0
2013-01-11,167,167,167,167,2560,-1209,0,0
2013-01-14,-7,-7,-7,-7,2560,-1209,0,0
2013-01-15,463,463,463,463,2560,-1132,0,0
2013-01-16,-262,-262,-262,-262,2560,-1132,0,0
2013-01-17,1566,1566,1566,1566,2560,-1132,0,0
2013-01-18,929,929,929,929,2560,-1132,0,0
2013-01-22,1168,1168,1168,1168,2560,-1132,0,0
2013-01-23,-130,-130,-130,-130,2560,-1132,0,0
2013-01-24,364,364,364,364,2560,-1132,0,0
2013-01-25,658,658,658,658,2560,-1132,0,0
2013-01-28,-410,-410,-410,-410,2560,-1132,0,0
2013-01-29,497,497,497,497,2560,-1132,0,0
2013-01-30,-979,-979,-979,-979,2560,-410,0,0
2013-01-31,136,136,136,136,2560,-979,0,0
2013-02-01,1652,1652,1652,1652,1611,-979,0,0
2013-02-04,-1753,-1753,-1753,-1753,1652,-979,0,0
2013-02-05,1389,1389,1389,1389,1652,-1753,0,0
2013-02-06,550,550,550,550,1652,-1753,0,0
2013-02-07,-423,-423,-423,-423,1652,-1753,0,0
2013-02-08,1058,1058,1058,1058,1652,-1753,0,0
2013-02-11,-296,-296,-296,-296,1652,-1753,0,0
2013-02-12,881,881,881,881,1652,-1753,0,0
2013-02-13,514,514,514,514,1652,-1753,0,0
2013-02-14,9,9,9,9,1652,-1753,0,0
2013-02-15,-100,-100,-100,-100,1652,-1753,0,0
2013-02-19,1154,1154,1154,1154,1652,-1753,0,0
2013-02-20,-1612,-1612,-1612,-1612,1652,-1753,0,0
2013-02-21,-1224,-1224,-1224,-1224,1652,-1753,0,0
2013-02-22,1513,1513,1513,1513,1652,-1753,0,0
2013-02-25,-1726,-1726,-1726,-1726,1652,-1753,0,0
2013-02-26,982,982,982,982,1652,-1753,0,0
2013-02-27,1609,1609,1609,1609,1652,-1753,0,0
2013-02-28,83,83,83,83,1652,-1753,0,0
2013-03-01,354,354,354,354,1652,-1753,0,0
2013-03-04,354,354,354,354,1652,-1753,0,0
2013-03-05,1462,1462,1462,1462,1609,-1753,0,0
2013-03-06,337,337,337,337,1609,-1726,0,0
2013-03-07,481,481,481,481,1609,-1726,0,0
2013-03-08,1040,1040,1040,1040,1609,-1726,0,0
2013-03-11,223,223,223,223,1609,-1726,0,0
2013-03-12,-533,-533,-533,-533,1609,-1726,0,0
2013-03-13,389,389,389,389,1609,-1726,0,0
2013-03-14,1020,1020,1020,1020,1609,-1726,0,0
2013-03-15,-203,-203,-203,-203,1609,-1726,0,0
2013-03-18,-698,-698,-698,-698,1609,-1726,0,0
2013-03-19,-456,-456,-456,-456,1609,-1726,0,0
2013-03-20,1508,1508,1508,1508,1609,-1726,0,0
2013-03-21,-907,-907,-907,-907,1609,-1726,0,0
2013-03-22,794,794,794,794,1609,-1726,0,0
2013-03-25,-567,-567,-567,-567,1609,-1726,0,0
2013-03-26,1141,1141,1141,1141,1609,-907,0,0
2013-03-27,181,181,181,181,1609,-907,0,0
2013-03-28,734,734,734,734,1508,-907,0,0
2013-04-01,-1173,-1173,-1173,-1173,1508,-907,0,0
2013-04-02,-111,-111,-111,-111,1508,-1173,0,0
2013-04-03,-1709,-1709,-1709,-1709,1508,-1173,0,0
2013-04-04,730,730,730,730,1508,-1709,0,0
2013-04-05,-131,-131,-131,-131,1508,-1709,0,0
2013-04-08,1136,1136,1136,1136,1508,-1709,0,0
2013-04-09,488,488,488,488,1508,-1709,0,0
2013-04-10,1562,1562,1562,1562,1508,-1709,0,0
2013-04-11,672,672,672,672,1562,-1709,0,0
2013-04-12,-616,-616,-616,-616,1562,-1709,0,0
2013-04-15,-2325,-2325,-2325,-2325,1562,-1709,0,0
2013-04-16,1962,1962,1962,1962,1562,-2325,0,0
2013-04-17,-1688,-1688,-1688,-1688,1962,-2325,0,0
2013-04-18,-333,-333,-333,-333,1962,-2325,0,0
2013-04-19,1372,1372,1372,1372,1962,-2325,0,0
2013-04-22,479,479,479,479,1962,-2325,0,0
2013-04-23,1817,1817,1817,1817,1962,-2325,0,0
2013-04-24,954,954,954,954,1962,-2325,0,0
2013-04-25,906,906,906,906,1962,-2325,0,0
2013-04-26,-539,-539,-539,-539,1962,-2325,0,0
2013-04-29,1424,1424,1424,1424,1962,-2325,0,0
2013-04-30,1007,1007,1007,1007,1962,-2325,0,0
2013-05-01,-1341,-1341,-1341,-1341,1962,-2325,0,0
2013-05-02,1578,1578,1578,1578,1962,-2325,0,0
2013-05-03,1397,1397,1397,1397,1962,-2325,0,0
2013-05-06,636,636,636,636,1962,-2325,0,0
2013-05-07,1563,1563,1563,1563,1962,-2325,0,0
2013-05-08,949,949,949,949,1962,-2325,0,0
2013-05-09,-861,-861,-861,-861,1962,-2325,0,0
2013-05-10,800,800,800,800,1962,-2325,0,0
2013-05-13,-641,-641,-641,-641,1962,-2325,0,0
2013-05-14,1053,1053,1053,1053,1962,-1688,0,0
2013-05-15,282,282,282,282,1817,-1688,0,0
2013-05-16,-636,-636,-636,-636,1817,-1341,0,0
2013-05-17,1371,1371,1371,1371,1817,-1341,0,0
2013-05-20,425,425,425,425,1817,-1341,0,0
2013-05-21,256,256,256,256,1817,-1341,0,0
2013-05-22,-1723,-1723,-1723,-1723,1578,-1341,0,0
2013-05-23,-502,-502,-502,-502,1578,-1723,0,0
2013-05-24,-309,-309,-309,-309,1578,-1723,0,0
2013-05-28,498,498,498,498,1578,-1723,0,0
2013-05-29,-1841,-1841,-1841,-1841,1578,-1723,0,0
2013-05-30,575,575,575,575,1578,-1841,0,0
2013-05-31,-2128,-2128,-2128,-2128,1578,-1841,0,0
2013-06-03,-310,-310,-310,-310,1563,-2128,0,0
2013-06-04,-816,-816,-816,-816,1563,-2128,0,0
2013-06-05,-1915,-1915,-1915,-1915,1563,-2128,0,0
2013-06-06,1701,1701,1701,1701,1371,-2128,0,0
2013-06-07,1164,1164,1164,1164,1701,-2128,0,0
2013-06-10,-346,-346,-346,-346,1701,-2128,0,0
2013-06-11,-2297,-2297,-2297,-2297,1701,-2128,0,0
2013-06-12,-1926,-1926,-1926,-1926,1701,-2297,0,0
2013-06-13,2149,2149,2149,2149,1701,-2297,0,0
2013-06-14,-243,-243,-243,-243,2149,-2297,0,0
2013-06-17,1028,1028,1028,1028,2149,-2297,0,0
2013-06-18,1093,1093,1093,1093,2149,-2297,0,0
2013-06-19,-2140,-2140,-2140,-2140,2149,-2297,0,0
2013-06-20,-2846,-2846,-2846,-2846,2149,-2297,0,0
2013-06-21,18,18,18,18,2149,-2846,0,0
2013-06-24,-2318,-2318,-2318,-2318,2149,-2846,0,0
2013-06-25,1887,1887,1887,1887,2149,-2846,0,0
2013-06-26,1605,1605,1605,1605,2149,-2846,0,0
2013-06-27,2139,2139,2139,2139,2149,-2846,0,0
2013-06-28,53,53,53,53,2149,-2846,0,0
2013-07-01,1308,1308,1308,1308,2149,-2846,0,0
2013-07-02,-660,-660,-660,-660,2149,-2846,0,0
2013-07-03,-645,-645,-645,-645,2149,-2846,0,0
2013-07-05,420,420,420,420,2149,-2846,0,0
2013-07-08,525,525,525,525,2149,-2846,0,0
2013-07-09,1463,1463,1463,1463,2149,-2846,0,0
2013-07-10,206,206,206,206,2149,-2846,0,0
2013-07-11,2273,2273,2273,2273,2149,-2846,0,0
2013-07-12,28,28,28,28,2273,-2846,0,0
2013-07-15,763,763,763,763,2273,-2846,0,0
2013-07-16,-898,-898,-898,-898,2273,-2846,0,0
2013-07-17,936,936,936,936,2273,-2846,0,0
2013-07-18,1115,1115,1115,1115,2273,-2846,0,0
2013-07-19,74,74,74,74,2273,-2846,0,0
2013-07-22,437,437,437,437,2273,-2318,0,0
2013-07-23,413,413,413,413,2273,-2318,0,0
2013-07-24,-1561,-1561,-1561,-1561,2273,-898,0,0
2013-07-25,416,416,416,416,2273,-1561,0,0
2013-07-26,-153,-153,-153,-153,2273,-1561,0,0
2013-07-29,-1198,-1198,-1198,-1198,2273,-1561,0,0
2013-07-30,72,72,72,72,2273,-1561,0,0
2013-07-31,106,106,106,106,2273,-1561,0,0
2013-08-01,757,757,757,757,2273,-1561,0,0
2013-08-02,58,58,58,58,2273,-1561,0,0
2013-08-05,-530,-530,-530,-530,2273,-1561,0,0
2013-08-06,-1508,-1508,-1508,-1508,2273,-1561,0,0
2013-08-07,-1197,-1197,-1197,-1197,2273,-1561,0,0
2013-08-08,930,930,930,930,2273,-1561,0,0
2013-08-09,-80,-80,-80,-80,1115,-1561,0,0
2013-08-12,245,245,245,245,1115,-1561,0,0
2013-08-13,-560,-560,-560,-560,1115,-1561,0,0
2013-08-14,-1070,-1070,-1070,-1070,1115,-1561,0,0
2013-08-15,-2182,-2182,-2182,-2182,1115,-1561,0,0
2013-08-16,-923,-923,-923,-923,930,-2182,0,0
2013-08-19,-1922,-1922,-1922,-1922,930,-2182,0,0
2013-08-20,1641,1641,1641,1641,930,-2182,0,0
2013-08-21,-1372,-1372,-1372,-1372,1641,-2182,0,0
2013-08-22,2096,2096,2096,2096,1641,-2182,0,0
2013-08-23,1082,1082,1082,1082,2096,-2182,0,0
2013-08-26,-536,-536,-536,-536,2096,-2182,0,0
2013-08-27,-1858,-1858,-1858,-1858,2096,-2182,0,0
2013-08-28,343,343,343,343,2096,-2182,0,0
2013-08-29,876,876,876,876,2096,-2182,0,0
2013-08-30,-1237,-1237,-1237,-1237,2096,-2182,0,0
2013-09-03,275,275,275,275,2096,-2182,0,0
2013-09-04,1291,1291,1291,1291,2096,-2182,0,0
2013-09-05,-156,-156,-156,-156,2096,-2182,0,0
2013-09-06,460,460,460,460,2096,-2182,0,0
2013-09-09,1810,1810,1810,1810,2096,-2182,0,0
2013-09-10,984,984,984,984,2096,-2182,0,0
2013-09-11,310,310,310,310,2096,-2182,0,0
2013-09-12,-1086,-1086,-1086,-1086,2096,-2182,0,0
2013-09-13,709,709,709,709,2096,-2182,0,0
2013-09-16,1100,1100,1100,1100,2096,-1922,0,0
2013-09-17,1032,1032,1032,1032,2096,-1922,0,0
2013-09-18,2201,2201,2201,2201,2096,-1858,0,0
2013-09-19,-506,-506,-506,-506,2201,-1858,0,0
2013-09-20,-1332,-1332,-1332,-1332,2201,-1858,0,0
2013-09-23,-452,-452,-452,-452,2201,-1858,0,0
2013-09-24,284,284,284,284,2201,-1858,0,0
2013-09-25,58,58,58,58,2201,-1858,0,0
2013-09-26,779,779,779,779,2201,-1332,0,0
2013-09-27,-1029,-1029,-1029,-1029,2201,-1332,0,0
2013-09-30,-616,-616,-616,-616,2201,-1332,0,0
2013-10-01,1345,1345,1345,1345,2201,-1332,0,0
2013-10-02,-348,-348,-348,-348,2201,-1332,0,0
2013-10-03,-1736,-1736,-1736,-1736,2201,-1332,0,0
2013-10-04,988,988,988,988,2201,-1736,0,0
2013-10-07,-1750,-1750,-1750,-1750,2201,-1736,0,0
2013-10-08,-1855,-1855,-1855,-1855,2201,-1750,0,0
2013-10-09,-85,-85,-85,-85,2201,-1855,0,0
2013-10-10,2174,2174,2174,2174,2201,-1855,0,0
2013-10-11,1466,1466,1466,1466,2201,-1855,0,0
2013-10-14,486,486,486,486,2201,-1855,0,0
2013-10-15,-1660,-1660,-1660,-1660,2201,-1855,0,0
2013-10-16,1800,1800,1800,1800,2201,-1855,0,0
2013-10-17,2048,2048,2048,2048,2174,-1855,0,0
2013-10-18,1309,1309,1309,1309,2174,-1855,0,0
2013-10-21,-65,-65,-65,-65,2174,-1855,0,0
2013-10-22,1408,1408,1408,1408,2174,-1855,0,0
2013-10-23,-283,-283,-283,-283,2174,-1855,0,0
2013-10-24,475,475,475,475,2174,-1855,0,0
2013-10-25,492,492,492,492,2174,-1855,0,0
2013-10-28,-271,-271,-271,-271,2174,-1855,0,0
2013-10-29,720,720,720,720,2174,-1855,0,0
2013-10-30,-1253,-1253,-1253,-1253,2174,-1855,0,0
2013-10-31,-632,-632,-632,-632,2174,-1855,0,0
2013-11-01,-307,-307,-307,-307,2174,-1855,0,0
2013-11-04,1049,1049,1049,1049,2174,-1855,0,0
2013-11-05,-1087,-1087,-1087,-1087,2174,-1855,0,0
2013-11-06,188,188,188,188,2174,-1660,0,0
2013-11-07,-1703,-1703,-1703,-1703,2174,-1660,0,0
2013-11-08,455,455,455,455,2048,-1703,0,0
2013-11-11,123,123,123,123,2048,-1703,0,0
2013-11-12,-811,-811,-811,-811,2048,-1703,0,0
2013-11-13,1112,1112,1112,1112,2048,-1703,0,0
2013-11-14,989,989,989,989,2048,-1703,0,0
2013-11-15,938,938,938,938,1408,-1703,0,0
2013-11-18,-650,-650,-650,-650,1408,-1703,0,0
2013-11-19,-1163,-1163,-1163,-1163,1408,-1703,0,0
2013-11-20,-1006,-1006,-1006,-1006,1112,-1703,0,0
2013-11-21,1490,1490,1490,1490,1112,-1703,0,0
2013-11-22,684,684,684,684,1490,-1703,0,0
2013-11-25,-324,-324,-324,-324,1490,-1703,0,0
2013-11-26,380,380,380,380,1490,-1703,0,0
2013-11-27,759,759,759,759,1490,-1703,0,0
2013-11-29,336,336,336,336,1490,-1703,0,0
2013-12-02,-1323,-1323,-1323,-1323,1490,-1703,0,0
2013-12-03,-698,-698,-698,-698,1490,-1703,0,0
2013-12-04,-747,-747,-747,-747,1490,-1703,0,0
2013-12-05,-952,-952,-952,-952,1490,-1703,0,0
2013-12-06,1340,1340,1340,1340,1490,-1703,0,0
2013-12-09,15,15,15,15,1490,-1323,0,0
2013-12-10,-600,-600,-600,-600,1490,-1323,0,0
2013-12-11,-1874,-1874,-1874,-1874,1490,-1323,0,0
2013-12-12,-483,-483,-483,-483,1490,-1874,0,0
2013-12-13,440,440,440,440,1490,-1874,0,0
2013-12-16,1040,1040,1040,1040,1490,-1874,0,0
2013-12-17,-233,-233,-233,-233,1490,-1874,0,0
2013-12-18,1787,1787,1787,1787,1490,-1874,0,0
2013-12-19,-444,-444,-444,-444,1787,-1874,0,0
2013-12-20,1588,1588,1588,1588,1787,-1874,0,0
2013-12-23,1293,1293,1293,1293,1787,-1874,0,0
2013-12-24,1021,1021,1021,1021,1787,-1874,0,0
2013-12-26,219,219,219,219,1787,-1874,0,0
2013-12-27,136,136,136,136,1787,-1874,0,0
2013-12-30,-89,-89,-89,-89,1787,-1874,0,0
2013-12-31,941,941,941,941,1787,-1874,0,0
2014-01-02,-1044,-1044,-1044,-1044,1787,-1874,0,0
2014-01-03,877,877,877,877,1787,-1874,0,0
2014-01-06,-236,-236,-236,-236,1787,-1874,0,0
2014-01-07,1030,1030,1030,1030,1787,-1874,0,0
2014-01-08,-398,-398,-398,-398,1787,-1874,0,0
2014-01-09,194,194,194,194,1787,-1874,0,0
2014-01-10,1333,1333,1333,1333,1787,-1874,0,0
2014-01-13,-1313,-1313,-1313,-1313,1787,-1044,0,0
2014-01-14,1262,1262,1262,1262,1787,-1313,0,0
2014-01-15,912,912,912,912,1787,-1313,0,0
2014-01-16,496,496,496,496,1787,-1313,0,0
2014-01-17,-555,-555,-555,-555,1787,-1313,0,0
2014-01-21,960,960,960,960,1588,-1313,0,0
2014-01-22,900,900,900,900,1588,-1313,0,0
2014-01-23,-1051,-1051,-1051,-1051,1333,-1313,0,0
2014-01-24,-2258,-2258,-2258,-2258,1333,-1313,0,0
2014-01-27,-1483,-1483,-1483,-1483,1333,-2258,0,0
2014-01-28,1515,1515,1515,1515,1333,-2258,0,0
2014-01-29,-1652,-1652,-1652,-1652,1515,-2258,0,0
2014-01-30,1629,1629,1629,1629,1515,-2258,0,0
2014-01-31,-768,-768,-768,-768,1629,-2258,0,0
2014-02-03,-2184,-2184,-2184,-2184,1629,-2258,0,0
2014-02-04,1107,1107,1107,1107,1629,-2258,0,0
2014-02-05,-545,-545,-545,-545,1629,-2258,0,0
2014-02-06,1585,1585,1585,1585,1629,-2258,0,0
2014-02-07,1701,1701,1701,1701,1629,-2258,0,0
2014-02-10,562,562,562,562,1701,-2258,0,0
2014-02-11,1722,1722,1722,1722,1701,-2258,0,0
2014-02-12,412,412,412,412,1722,-2258,0,0
2014-02-13,1469,1469,1469,1469,1722,-2258,0,0
2014-02-14,1034,1034,1034,1034,1722,-2258,0,0
2014-02-18,1025,1025,1025,1025,1722,-2258,0,0
2014-02-19,-889,-889,-889,-889,1722,-2258,0,0
2014-02-20,949,949,949,949,1722,-2258,0,0
2014-02-21,420,420,420,420,1722,-2258,0,0
2014-02-24,744,744,744,744,1722,-2258,0,0
2014-02-25,-255,-255,-255,-255,1722,-2184,0,0
2014-02-26,677,677,677,677,1722,-2184,0,0
2014-02-27,1067,1067,1067,1067,1722,-2184,0,0
2014-02-28,637,637,637,637,1722,-2184,0,0
2014-03-03,-1000,-1000,-1000,-1000,1722,-2184,0,0
2014-03-04,2068,2068,2068,2068,1722,-2184,0,0
2014-03-05,-83,-83,-83,-83,2068,-1000,0,0
2014-03-06,400,400,400,400,2068,-1000,0,0
2014-03-07,-503,-503,-503,-503,2068,-1000,0,0
2014-03-10,-401,-401,-401,-401,2068,-1000,0,0
2014-03-11,-1056,-1056,-1056,-1056,2068,-1000,0,0
2014-03-12,477,477,477,477,2068,-1056,0,0
2014-03-13,-1110,-1110,-1110,-1110,2068,-1056,0,0
2014-03-14,472,472,472,472,2068,-1110,0,0
2014-03-17,1386,1386,1386,1386,2068,-1110,0,0
2014-03-18,1662,1662,1662,1662,2068,-1110,0,0
2014-03-19,-1551,-1551,-1551,-1551,2068,-1110,0,0
2014-03-20,-75,-75,-75,-75,2068,-1551,0,0
2014-03-21,512,512,512,512,2068,-1551,0,0
2014-03-24,-780,-780,-780,-780,2068,-1551,0,0
2014-03-25,556,556,556,556,2068,-1551,0,0
2014-03-26,-1016,-1016,-1016,-1016,2068,-1551,0,0
2014-03-27,217,217,217,217,2068,-1551,0,0
2014-03-28,1318,1318,1318,1318,2068,-1551,0,0
2014-03-31,1618,1618,1618,1618,2068,-1551,0,0
2014-04-01,1351,1351,1351,1351,2068,-1551,0,0
2014-04-02,452,452,452,452,1662,-1551,0,0
2014-04-03,-539,-539,-539,-539,1662,-1551,0,0
2014-04-04,-956,-956,-956,-956,1662,-1551,0,0
2014-04-07,-1404,-1404,-1404,-1404,1662,-1551,0,0
2014-04-08,1122,1122,1122,1122,1662,-1551,0,0
2014-04-09,1435,1435,1435,1435,1662,-1551,0,0
2014-04-10,-1745,-1745,-1745,-1745,1662,-1551,0,0
2014-04-11,-1352,-1352,-1352,-1352,1662,-1745,0,0
2014-04-14,988,988,988,988,1662,-1745,0,0
2014-04-15,679,679,679,679,1662,-1745,0,0
2014-04-16,1806,1806,1806,1806,1618,-1745,0,0
2014-04-17,518,518,518,518,1806,-1745,0,0
2014-04-21,737,737,737,737,1806,-1745,0,0
2014-04-22,1436,1436,1436,1436,1806,-1745,0,0
2014-04-23,-75,-75,-75,-75,1806,-1745,0,0
2014-04-24,78,78,78,78,1806,-1745,0,0
2014-04-25,-1007,-1007,-1007,-1007,1806,-1745,0,0
2014-04-28,140,140,140,140,1806,-1745,0,0
2014-04-29,609,609,609,609,1806,-1745,0,0
2014-04-30,1029,1029,1029,1029,1806,-1745,0,0
2014-05-01,437,437,437,437,1806,-1745,0,0
2014-05-02,432,432,432,432,1806,-1745,0,0
2014-05-05,-42,-42,-42,-42,1806,-1745,0,0
2014-05-06,-1124,-1124,-1124,-1124,1806,-1745,0,0
2014-05-07,915,915,915,915,1806,-1745,0,0
2014-05-08,-503,-503,-503,-503,1806,-1745,0,0
2014-05-09,345,345,345,345,1806,-1745,0,0
2014-05-12,1803,1803,1803,1803,1806,-1352,0,0
2014-05-13,-337,-337,-337,-337,1806,-1124,0,0
2014-05-14,-730,-730,-730,-730,1806,-1124,0,0
2014-05-15,-1202,-1202,-1202,-1202,1806,-1124,0,0
2014-05-16,1050,1050,1050,1050,1803,-1202,0,0
2014-05-19,912,912,912,912,1803,-1202,0,0
2014-05-20,-1268,-1268,-1268,-1268,1803,-1202,0,0
2014-05-21,936,936,936,936,1803,-1268,0,0
2014-05-22,910,910,910,910,1803,-1268,0,0
2014-05-23,1154,1154,1154,1154,1803,-1268,0,0
2014-05-27,1145,1145,1145,1145,1803,-1268,0,0
2014-05-28,125,125,125,125,1803,-1268,0,0
2014-05-29,1043,1043,1043,1043,1803,-1268,0,0
2014-05-30,46,46,46,46,1803,-1268,0,0
2014-06-02,-150,-150,-150,-150,1803,-1268,0,0
2014-06-03,-726,-726,-726,-726,1803,-1268,0,0
2014-06-04,118,118,118,118,1803,-1268,0,0
2014-06-05,1740,1740,1740,1740,1803,-1268,0,0
2014-06-06,1473,1473,1473,1473,1803,-1268,0,0
2014-06-09,699,699,699,699,1803,-1268,0,0
2014-06-10,-462,-462,-462,-462,1803,-1268,0,0
2014-06-11,-748,-748,-748,-748,1740,-1268,0,0
2014-06-12,-531,-531,-531,-531,1740,-1268,0,0
2014-06-13,450,450,450,450,1740,-1268,0,0
2014-06-16,61,61,61,61,1740,-1268,0,0
2014-06-17,770,770,770,770,1740,-1268,0,0
2014-06-18,1430,1430,1430,1430,1740,-1268,0,0
2014-06-19,419,419,419,419,1740,-748,0,0
2014-06-20,448,448,448,448,1740,-748,0,0
2014-06-23,-23,-23,-23,-23,1740,-748,0,0
2014-06-24,-778,-778,-778,-778,1740,-748,0,0
2014-06-25,1180,1180,1180,1180,1740,-778,0,0
2014-06-26,147,147,147,147,1740,-778,0,0
2014-06-27,1013,1013,1013,1013,1740,-778,0,0
2014-06-30,621,621,621,621,1740,-778,0,0
2014-07-01,1069,1069,1069,1069,1740,-778,0,0
2014-07-02,-806,-806,-806,-806,1740,-778,0,0
2014-07-03,473,473,473,473,1740,-806,0,0
2014-07-07,-1215,-1215,-1215,-1215,1473,-806,0,0
2014-07-08,-664,-664,-664,-664,1430,-1215,0,0
2014-07-09,481,481,481,481,1430,-1215,0,0
2014-07-10,-1186,-1186,-1186,-1186,1430,-1215,0,0
2014-07-11,291,291,291,291,1430,-1215,0,0
2014-07-14,880,880,880,880,1430,-1215,0,0
2014-07-15,-949,-949,-949,-949,1430,-1215,0,0
2014-07-16,315,315,315,315,1430,-1215,0,0
2014-07-17,-1927,-1927,-1927,-1927,1430,-1215,0,0
2014-07-18,1972,1972,1972,1972,1180,-1927,0,0
2014-07-21,-803,-803,-803,-803,1972,-1927,0,0
2014-07-22,1140,1140,1140,1140,1972,-1927,0,0
2014-07-23,480,480,480,480,1972,-1927,0,0
2014-07-24,-184,-184,-184,-184,1972,-1927,0,0
2014-07-25,-1001,-1001,-1001,-1001,1972,-1927,0,0
2014-07-28,-397,-397,-397,-397,1972,-1927,0,0
2014-07-29,-637,-637,-637,-637,1972,-1927,0,0
2014-07-30,-682,-682,-682,-682,1972,-1927,0,0
2014-07-31,-2575,-2575,-2575,-2575,1972,-1927,0,0
2014-08-01,-791,-791,-791,-791,1972,-2575,0,0
2014-08-04,716,716,716,716,1972,-2575,0,0
2014-08-05,-1340,-1340,-1340,-1340,1972,-2575,0,0
2014-08-06,585,585,585,585,1972,-2575,0,0
2014-08-07,-245,-245,-245,-245,1972,-2575,0,0
2014-08-08,1588,1588,1588,1588,1972,-2575,0,0
2014-08-11,1448,1448,1448,1448,1972,-2575,0,0
2014-08-12,-543,-543,-543,-543,1972,-2575,0,0
2014-08-13,1533,1533,1533,1533,1972,-2575,0,0
2014-08-14,1071,1071,1071,1071,1972,-2575,0,0
2014-08-15,-64,-64,-64,-64,1972,-2575,0,0
2014-08-18,1786,1786,1786,1786,1588,-2575,0,0
2014-08-19,875,875,875,875,1786,-2575,0,0
2014-08-20,82,82,82,82,1786,-2575,0,0
2014-08-21,627,627,627,627,1786,-2575,0,0
2014-08-22,-759,-759,-759,-759,1786,-2575,0,0
2014-08-25,701,701,701,701,1786,-2575,0,0
2014-08-26,984,984,984,984,1786,-2575,0,0
2014-08-27,400,400,400,400,1786,-2575,0,0
2014-08-28,-481,-481,-481,-481,1786,-2575,0,0
2014-08-29,1246,1246,1246,1246,1786,-1340,0,0
2014-09-02,-108,-108,-108,-108,1786,-1340,0,0
2014-09-03,-271,-271,-271,-271,1786,-1340,0,0
2014-09-04,-1033,-1033,-1033,-1033,1786,-759,0,0
2014-09-05,773,773,773,773,1786,-1033,0,0
2014-09-08,-729,-729,-729,-729,1786,-1033,0,0
2014-09-09,-1646,-1646,-1646,-1646,1786,-1033,0,0
2014-09-10,210,210,210,210,1786,-1646,0,0
2014-09-11,389,389,389,389,1786,-1646,0,0
2014-09-12,-1829,-1829,-1829,-1829,1786,-1646,0,0
2014-09-15,-995,-995,-995,-995,1786,-1829,0,0
2014-09-16,860,860,860,860,1786,-1829,0,0
2014-09-17,79,79,79,79,1246,-1829,0,0
2014-09-18,653,653,653,653,1246,-1829,0,0
2014-09-19,-630,-630,-630,-630,1246,-1829,0,0
2014-09-22,-2055,-2055,-2055,-2055,1246,-1829,0,0
2014-09-23,-1295,-1295,-1295,-1295,1246,-2055,0,0
2014-09-24,553,553,553,553,1246,-2055,0,0
2014-09-25,-2041,-2041,-2041,-2041,1246,-2055,0,0
2014-09-26,1412,1412,1412,1412,1246,-2055,0,0
2014-09-29,-544,-544,-544,-544,1412,-2055,0,0
2014-09-30,-800,-800,-800,-800,1412,-2055,0,0
2014-10-01,-1582,-1582,-1582,-1582,1412,-2055,0,0
2014-10-02,220,220,220,220,1412,-2055,0,0
2014-10-03,1096,1096,1096,1096,1412,-2055,0,0
2014-10-06,-11,-11,-11,-11,1412,-2055,0,0
2014-10-07,-1725,-1725,-1725,-1725,1412,-2055,0,0
2014-10-08,1887,1887,1887,1887,1412,-2055,0,0
2014-10-09,-2385,-2385,-2385,-2385,1887,-2055,0,0
2014-10-10,-1782,-1782,-1782,-1782,1887,-2385,0,0
2014-10-13,-1112,-1112,-1112,-1112,1887,-2385,0,0
2014-10-14,676,676,676,676,1887,-2385,0,0
2014-10-15,-213,-213,-213,-213,1887,-2385,0,0
2014-10-16,1304,1304,1304,1304,1887,-2385,0,0
2014-10-17,981,981,981,981,1887,-2385,0,0
2014-10-20,1480,1480,1480,1480,1887,-2385,0,0
2014-10-21,2056,2056,2056,2056,1887,-2385,0,0
2014-10-22,-1198,-1198,-1198,-1198,2056,-2385,0,0
2014-10-23,1713,1713,1713,1713,2056,-2385,0,0
2014-10-24,754,754,754,754,2056,-2385,0,0
2014-10-27,-438,-438,-438,-438,2056,-2385,0,0
2014-10-28,2105,2105,2105,2105,2056,-2385,0,0
2014-10-29,-438,-438,-438,-438,2105,-2385,0,0
2014-10-30,843,843,843,843,2105,-2385,0,0
2014-10-31,1665,1665,1665,1665,2105,-2385,0,0
2014-11-03,-46,-46,-46,-46,2105,-2385,0,0
2014-11-04,-606,-606,-606,-606,2105,-2385,0,0
2014-11-05,543,543,543,543,2105,-2385,0,0
2014-11-06,406,406,406,406,2105,-2385,0,0
2014-11-07,701,701,701,701,2105,-1782,0,0
2014-11-10,436,436,436,436,2105,-1198,0,0
2014-11-11,95,95,95,95,2105,-1198,0,0
2014-11-12,250,250,250,250,2105,-1198,0,0
2014-11-13,-901,-901,-901,-901,2105,-1198,0,0
2014-11-14,161,161,161,161,2105,-1198,0,0
2014-11-17,-354,-354,-354,-354,2105,-1198,0,0
2014-11-18,651,651,651,651,2105,-1198,0,0
2014-11-19,-739,-739,-739,-739,2105,-1198,0,0
2014-11-20,981,981,981,981,2105,-901,0,0
2014-11-21,1003,1003,1003,1003,2105,-901,0,0
2014-11-24,771,771,771,771,2105,-901,0,0
2014-11-25,225,225,225,225,2105,-901,0,0
2014-11-26,746,746,746,746,1665,-901,0,0
2014-11-28,-709,-709,-709,-709,1665,-901,0,0
2014-12-01,-1731,-1731,-1731,-1731,1665,-901,0,0
2014-12-02,1013,1013,1013,1013,1003,-1731,0,0
2014-12-03,951,951,951,951,1013,-1731,0,0
2014-12-04,-852,-852,-852,-852,1013,-1731,0,0
2014-12-05,149,149,149,149,1013,-1731,0,0
2014-12-08,-1277,-1277,-1277,-1277,1013,-1731,0,0
2014-12-09,645,645,645,645,1013,-1731,0,0
2014-12-10,-2024,-2024,-2024,-2024,1013,-1731,0,0
2014-12-11,486,486,486,486,1013,-2024,0,0
2014-12-12,-1850,-1850,-1850,-1850,1013,-2024,0,0
2014-12-15,-1623,-1623,-1623,-1623,1013,-2024,0,0
2014-12-16,-518,-518,-518,-518,1013,-2024,0,0
2014-12-17,2433,2433,2433,2433,1013,-2024,0,0
2014-12-18,1961,1961,1961,1961,2433,-2024,0,0
2014-12-19,914,914,914,914,2433,-2024,0,0
2014-12-22,540,540,540,540,2433,-2024,0,0
2014-12-23,922,922,922,922,2433,-2024,0,0
2014-12-24,-93,-93,-93,-93,2433,-2024,0,0
2014-12-26,1036,1036,1036,1036,2433,-2024,0,0
2014-12-29,511,511,511,511,2433,-2024,0,0
2014-12-30,-537,-537,-537,-537,2433,-2024,0,0
2014-12-31,-906,-906,-906,-906,2433,-2024,0,0
2015-01-02,326,326,326,326,2433,-2024,0,0
2015-01-05,-1711,-1711,-1711,-1711,2433,-2024,0,0
2015-01-06,-1078,-1078,-1078,-1078,2433,-2024,0,0
2015-01-07,1645,1645,1645,1645,2433,-2024,0,0
2015-01-08,1705,1705,1705,1705,2433,-2024,0,0
2015-01-09,-783,-783,-783,-783,2433,-2024,0,0
2015-01-12,-776,-776,-776,-776,2433,-1850,0,0
2015-01-13,-181,-181,-181,-181,2433,-1850,0,0
2015-01-14,-659,-659,-659,-659,2433,-1711,0,0
2015-01-15,-904,-904,-904,-904,2433,-1711,0,0
2015-01-16,1964,1964,1964,1964,2433,-1711,0,0
2015-01-20,-685,-685,-685,-685,1964,-1711,0,0
2015-01-21,847,847,847,847,1964,-1711,0,0
2015-01-22,1784,1784,1784,1784,1964,-1711,0,0
2015-01-23,-341,-341,-341,-341,1964,-1711,0,0
2015-01-26,1184,1184,1184,1184,1964,-1711,0,0
2015-01-27,-411,-411,-411,-411,1964,-1711,0,0
2015-01-28,-1484,-1484,-1484,-1484,1964,-1711,0,0
2015-01-29,1100,1100,1100,1100,1964,-1711,0,0
2015-01-30,-1127,-1127,-1127,-1127,1964,-1711,0,0
2015-02-02,1456,1456,1456,1456,1964,-1711,0,0
2015-02-03,1883,1883,1883,1883,1964,-1711,0,0
2015-02-04,-918,-918,-918,-918,1964,-1484,0,0
2015-02-05,1621,1621,1621,1621,1964,-1484,0,0
2015-02-06,-817,-817,-817,-817,1964,-1484,0,0
2015-02-09,-578,-578,-578,-578,1964,-1484,0,0
2015-02-10,414,414,414,414,1964,-1484,0,0
2015-02-11,-293,-293,-293,-293,1964,-1484,0,0
2015-02-12,1742,1742,1742,1742,1964,-1484,0,0
2015-02-13,768,768,768,768,1964,-1484,0,0
2015-02-17,-430,-430,-430,-430,1964,-1484,0,0
2015-02-18,267,267,267,267,1883,-1484,0,0
2015-02-19,-121,-121,-121,-121,1883,-1484,0,0
2015-02-20,1105,1105,1105,1105,1883,-1484,0,0
2015-02-23,-22,-22,-22,-22,1883,-1484,0,0
2015-02-24,741,741,741,741,1883,-1484,0,0
2015-02-25,324,324,324,324,1883,-1484,0,0
2015-02-26,-275,-275,-275,-275,1883,-1484,0,0
2015-02-27,75,75,75,75,1883,-1127,0,0
2015-03-02,643,643,643,643,1883,-1127,0,0
2015-03-03,-564,-564,-564,-564,1883,-918,0,0
2015-03-04,-711,-711,-711,-711,1883,-918,0,0
2015-03-05,298,298,298,298,1742,-918,0,0
2015-03-06,-2248,-2248,-2248,-2248,1742,-817,0,0
2015-03-09,177,177,177,177,1742,-2248,0,0
2015-03-10,-1436,-1436,-1436,-1436,1742,-2248,0,0
2015-03-11,487,487,487,487,1742,-2248,0,0
2015-03-12,1441,1441,1441,1441,1742,-2248,0,0
2015-03-13,-1204,-1204,-1204,-1204,1742,-2248,0,0
2015-03-16,901,901,901,901,1441,-2248,0,0
2015-03-17,-159,-159,-159,-159,1441,-2248,0,0
2015-03-18,1990,1990,1990,1990,1441,-2248,0,0
2015-03-19,-908,-908,-908,-908,1990,-2248,0,0
2015-03-20,1834,1834,1834,1834,1990,-2248,0,0
2015-03-23,497,497,497,497,1990,-2248,0,0
2015-03-24,-386,-386,-386,-386,1990,-2248,0,0
2015-03-25,-1451,-1451,-1451,-1451,1990,-2248,0,0
2015-03-26,-638,-638,-638,-638,1990,-2248,0,0
2015-03-27,642,642,642,642,1990,-2248,0,0
2015-03-30,1494,1494,1494,1494,1990,-2248,0,0
2015-03-31,-543,-543,-543,-543,1990,-2248,0,0
2015-04-01,190,190,190,190,1990,-2248,0,0
2015-04-02,838,838,838,838,1990,-2248,0,0
2015-04-06,1399,1399,1399,1399,1990,-2248,0,0
2015-04-07,-351,-351,-351,-351,1990,-1451,0,0
2015-04-08,694,694,694,694,1990,-1451,0,0
2015-04-09,-13,-13,-13,-13,1990,-1451,0,0
2015-04-10,564,564,564,564,1990,-1451,0,0
2015-04-13,-743,-743,-743,-743,1990,-1451,0,0
2015-04-14,776,776,776,776,1990,-1451,0,0
2015-04-15,1033,1033,1033,1033,1990,-1451,0,0
2015-04-16,-362,-362,-362,-362,1990,-1451,0,0
2015-04-17,-1872,-1872,-1872,-1872,1834,-1451,0,0
2015-04-20,1257,1257,1257,1257,1834,-1872,0,0
2015-04-21,6,6,6,6,1494,-1872,0,0
2015-04-22,512,512,512,512,1494,-1872,0,0
2015-04-23,1070,1070,1070,1070,1494,-1872,0,0
2015-04-24,54,54,54,54,1494,-1872,0,0
2015-04-27,-778,-778,-778,-778,1494,-1872,0,0
2015-04-28,795,795,795,795,1494,-1872,0,0
2015-04-29,-1020,-1020,-1020,-1020,1399,-1872,0,0
2015-04-30,-1677,-1677,-1677,-1677,1399,-1872,0,0
2015-05-01,665,665,665,665,1399,-1872,0,0
2015-05-04,494,494,494,494,1399,-1872,0,0
2015-05-05,-1846,-1846,-1846,-1846,1257,-1872,0,0
2015-05-06,-1091,-1091,-1091,-1091,1257,-1872,0,0
2015-05-07,485,485,485,485,1257,-1872,0,0
2015-05-08,1886,1886,1886,1886,1257,-1872,0,0
2015-05-11,-898,-898,-898,-898,1886,-1872,0,0
2015-05-12,-317,-317,-317,-317,1886,-1872,0,0
2015-05-13,306,306,306,306,1886,-1872,0,0
2015-05-14,1597,1597,1597,1597,1886,-1872,0,0
2015-05-15,434,434,434,434,1886,-1872,0,0
2015-05-18,415,415,415,415,1886,-1846,0,0
2015-05-19,-600,-600,-600,-600,1886,-1846,0,0
2015-05-20,134,134,134,134,1886,-1846,0,0
2015-05-21,340,340,340,340,1886,-1846,0,0
2015-05-22,-830,-830,-830,-830,1886,-1846,0,0
2015-05-26,-1777,-1777,-1777,-1777,1886,-1846,0,0
2015-05-27,1439,1439,1439,1439,1886,-1846,0,0
2015-05-28,-467,-467,-467,-467,1886,-1846,0,0
2015-05-29,-1154,-1154,-1154,-1154,1886,-1846,0,0
2015-06-01,209,209,209,209,1886,-1846,0,0
2015-06-02,272,272,272,272,1886,-1846,0,0
2015-06-03,64,64,64,64,1886,-1846,0,0
2015-06-04,-1712,-1712,-1712,-1712,1886,-1777,0,0
2015-06-05,-208,-208,-208,-208,1886,-1777,0,0
2015-06-08,-1263,-1263,-1263,-1263,1886,-1777,0,0
2015-06-09,-891,-891,-891,-891,1597,-1777,0,0
2015-06-10,1389,1389,1389,1389,1597,-1777,0,0
2015-06-11,665,665,665,665,1597,-1777,0,0
2015-06-12,-873,-873,-873,-873,1597,-1777,0,0
2015-06-15,-892,-892,-892,-892,1439,-1777,0,0
2015-06-16,853,853,853,853,1439,-1777,0,0
2015-06-17,142,142,142,142,1439,-1777,0,0
2015-06-18,1059,1059,1059,1059,1439,-1777,0,0
2015-06-19,-537,-537,-537,-537,1439,-1777,0,0
2015-06-22,620,620,620,620,1439,-1777,0,0
2015-06-23,506,506,506,506,1439,-1777,0,0
2015-06-24,-1295,-1295,-1295,-1295,1439,-1712,0,0
2015-06-25,-871,-871,-871,-871,1389,-1712,0,0
2015-06-26,-426,-426,-426,-426,1389,-1712,0,0
2015-06-29,-2592,-2592,-2592,-2592,1389,-1712,0,0
2015-06-30,676,676,676,676,1389,-2592,0,0
2015-07-01,736,736,736,736,1389,-2592,0,0
2015-07-02,30,30,30,30,1389,-2592,0,0
2015-07-06,-818,-818,-818,-818,1389,-2592,0,0
2015-07-07,595,595,595,595,1389,-2592,0,0
2015-07-08,-2032,-2032,-2032,-2032,1389,-2592,0,0
2015-07-09,479,479,479,479,1389,-2592,0,0
2015-07-10,1848,1848,1848,1848,1059,-2592,0,0
2015-07-13,1437,1437,1437,1437,1848,-2592,0,0
2015-07-14,855,855,855,855,1848,-2592,0,0
2015-07-15,-613,-613,-613,-613,1848,-2592,0,0
2015-07-16,1199,1199,1199,1199,1848,-2592,0,0
2015-07-17,-933,-933,-933,-933,1848,-2592,0,0
2015-07-20,-1113,-1113,-1113,-1113,1848,-2592,0,0
2015-07-21,-632,-632,-632,-632,1848,-2592,0,0
2015-07-22,-498,-498,-498,-498,1848,-2592,0,0
2015-07-23,-1151,-1151,-1151,-1151,1848,-2592,0,0
2015-07-24,-1436,-1436,-1436,-1436,1848,-2592,0,0
2015-07-27,-1442,-1442,-1442,-1442,1848,-2592,0,0
2015-07-28,1441,1441,1441,1441,1848,-2592,0,0
2015-07-29,1409,1409,1409,1409,1848,-2032,0,0
2015-07-30,63,63,63,63,1848,-2032,0,0
2015-07-31,808,808,808,808,1848,-2032,0,0
2015-08-03,-637,-637,-637,-637,1848,-2032,0,0
2015-08-04,-304,-304,-304,-304,1848,-2032,0,0
2015-08-05,-16,-16,-16,-16,1848,-2032,0,0
2015-08-06,-600,-600,-600,-600,1848,-1442,0,0
2015-08-07,-554,-554,-554,-554,1848,-1442,0,0
2015-08-10,1631,1631,1631,1631,1441,-1442,0,0
2015-08-11,-802,-802,-802,-802,1631,-1442,0,0
2015-08-12,-40,-40,-40,-40,1631,-1442,0,0
2015-08-13,-626,-626,-626,-626,1631,-1442,0,0
2015-08-14,1121,1121,1121,1121,1631,-1442,0,0
2015-08-17,684,684,684,684,1631,-1442,0,0
2015-08-18,-911,-911,-911,-911,1631,-1442,0,0
2015-08-19,-1536,-1536,-1536,-1536,1631,-1442,0,0
2015-08-20,-2178,-2178,-2178,-2178,1631,-1536,0,0
2015-08-21,-2239,-2239,-2239,-2239,1631,-2178,0,0
2015-08-24,-2943,-2943,-2943,-2943,1631,-2239,0,0
2015-08-25,-360,-360,-360,-360,1631,-2943,0,0
2015-08-26,1840,1840,1840,1840,1631,-2943,0,0
2015-08-27,2502,2502,2502,2502,1840,-2943,0,0
2015-08-28,971,971,971,971,2502,-2943,0,0
2015-08-31,-382,-382,-382,-382,2502,-2943,0,0
2015-09-01,-2284,-2284,-2284,-2284,2502,-2943,0,0
2015-09-02,1492,1492,1492,1492,2502,-2943,0,0
2015-09-03,908,908,908,908,2502,-2943,0,0
2015-09-04,-1616,-1616,-1616,-1616,2502,-2943,0,0
2015-09-08,1801,1801,1801,1801,2502,-2943,0,0
2015-09-09,-1569,-1569,-1569,-1569,2502,-2943,0,0
2015-09-10,237,237,237,237,2502,-2943,0,0
2015-09-11,184,184,184,184,2502,-2943,0,0
2015-09-14,-1068,-1068,-1068,-1068,2502,-2943,0,0
2015-09-15,1215,1215,1215,1215,2502,-2943,0,0
2015-09-16,1671,1671,1671,1671,2502,-2943,0,0
2015-09-17,679,679,679,679,2502,-2943,0,0
2015-09-18,-1217,-1217,-1217,-1217,2502,-2943,0,0
2015-09-21,602,602,602,602,2502,-2943,0,0
2015-09-22,-1850,-1850,-1850,-1850,2502,-2943,0,0
2015-09-23,-545,-545,-545,-545,2502,-2284,0,0
2015-09-24,-611,-611,-611,-611,2502,-2284,0,0
2015-09-25,-114,-114,-114,-114,2502,-2284,0,0
2015-09-28,-2488,-2488,-2488,-2488,1801,-2284,0,0
2015-09-29,-384,-384,-384,-384,1801,-2488,0,0
2015-09-30,1595,1595,1595,1595,1801,-2488,0,0
2015-10-01,-44,-44,-44,-44,1801,-2488,0,0
2015-10-02,1596,1596,1596,1596,1801,-2488,0,0
2015-10-05,2370,2370,2370,2370,1801,-2488,0,0
2015-10-06,336,336,336,336,2370,-2488,0,0
2015-10-07,1729,1729,1729,1729,2370,-2488,0,0
2015-10-08,1721,1721,1721,1721,2370,-2488,0,0
2015-10-09,420,420,420,420,2370,-2488,0,0
2015-10-12,142,142,142,142,2370,-2488,0,0
2015-10-13,-1383,-1383,-1383,-1383,2370,-2488,0,0
2015-10-14,-578,-578,-578,-578,2370,-2488,0,0
2015-10-15,1945,1945,1945,1945,2370,-2488,0,0
2015-10-16,615,615,615,615,2370,-2488,0,0
2015-10-19,-234,-234,-234,-234,2370,-2488,0,0
2015-10-20,714,714,714,714,2370,-2488,0,0
2015-10-21,-1297,-1297,-1297,-1297,2370,-2488,0,0
2015-10-22,1528,1528,1528,1528,2370,-2488,0,0
2015-10-23,573,573,573,573,2370,-2488,0,0
2015-10-26,-748,-748,-748,-748,2370,-2488,0,0
2015-10-27,-1486,-1486,-1486,-1486,2370,-1383,0,0
2015-10-28,1771,1771,1771,1771,2370,-1486,0,0
2015-10-29,-664,-664,-664,-664,2370,-1486,0,0
2015-10-30,257,257,257,257,2370,-1486,0,0
2015-11-02,1965,1965,1965,1965,2370,-1486,0,0
2015-11-03,526,526,526,526,1965,-1486,0,0
2015-11-04,-620,-620,-620,-620,1965,-1486,0,0
2015-11-05,-84,-84,-84,-84,1965,-1486,0,0
2015-11-06,-729,-729,-729,-729,1965,-1486,0,0
2015-11-09,-1836,-1836,-1836,-1836,1965,-1486,0,0
2015-11-10,418,418,418,418,1965,-1836,0,0
2015-11-11,-434,-434,-434,-434,1965,-1836,0,0
2015-11-12,-1954,-1954,-1954,-1954,1965,-1836,0,0
2015-11-13,-750,-750,-750,-750,1965,-1954,0,0
2015-11-16,1398,1398,1398,1398,1965,-1954,0,0
2015-11-17,-807,-807,-807,-807,1965,-1954,0,0
2015-11-18,1679,1679,1679,1679,1965,-1954,0,0
2015-11-19,110,110,110,110,1965,-1954,0,0
2015-11-20,576,576,576,576,1965,-1954,0,0
2015-11-23,124,124,124,124,1965,-1954,0,0
2015-11-24,721,721,721,721,1965,-1954,0,0
2015-11-25,663,663,663,663,1965,-1954,0,0
2015-11-27,683,683,683,683,1965,-1954,0,0
2015-11-30,-408,-408,-408,-408,1965,-1954,0,0
2015-12-01,1305,1305,1305,1305,1965,-1954,0,0
2015-12-02,-1780,-1780,-1780,-1780,1679,-1954,0,0
2015-12-03,-1939,-1939,-1939,-1939,1679,-1954,0,0
2015-12-04,947,947,947,947,1679,-1954,0,0
2015-12-07,-1869,-1869,-1869,-1869,1679,-1954,0,0
2015-12-08,-1068,-1068,-1068,-1068,1679,-1954,0,0
2015-12-09,-652,-652,-652,-652,1679,-1954,0,0
2015-12-10,-44,-44,-44,-44,1679,-1954,0,0
2015-12-11,-2351,-2351,-2351,-2351,1679,-1954,0,0
2015-12-14,-1514,-1514,-1514,-1514,1679,-2351,0,0
2015-12-15,1807,1807,1807,1807,1679,-2351,0,0
2015-12-16,2022,2022,2022,2022,1807,-2351,0,0
2015-12-17,-959,-959,-959,-959,2022,-2351,0,0
2015-12-18,-938,-938,-938,-938,2022,-2351,0,0
2015-12-21,971,971,971,971,2022,-2351,0,0
2015-12-22,1616,1616,1616,1616,2022,-2351,0,0
2015-12-23,2248,2248,2248,2248,2022,-2351,0,0
2015-12-24,306,306,306,306,2248,-2351,0,0
2015-12-28,-733,-733,-733,-733,2248,-2351,0,0
2015-12-29,1484,1484,1484,1484,2248,-2351,0,0
2015-12-30,-1270,-1270,-1270,-1270,2248,-2351,0,0
2015-12-31,-715,-715,-715,-715,2248,-2351,0,0
2016-01-04,-1132,-1132,-1132,-1132,2248,-2351,0,0
2016-01-05,536,536,536,536,2248,-2351,0,0
2016-01-06,-1518,-1518,-1518,-1518,2248,-2351,0,0
2016-01-07,-2278,-2278,-2278,-2278,2248,-2351,0,0
2016-01-08,-1103,-1103,-1103,-1103,2248,-2351,0,0
2016-01-11,-949,-949,-949,-949,2248,-2351,0,0
2016-01-12,-128,-128,-128,-128,2248,-2351,0,0
2016-01-13,-2385,-2385,-2385,-2385,2248,-2278,0,0
2016-01-14,1066,1066,1066,1066,2248,-2385,0,0
2016-01-15,-2072,-2072,-2072,-2072,2248,-2385,0,0
2016-01-19,-1065,-1065,-1065,-1065,2248,-2385,0,0
2016-01-20,-1381,-1381,-1381,-1381,2248,-2385,0,0
2016-01-21,928,928,928,928,2248,-2385,0,0
2016-01-22,2483,2483,2483,2483,2248,-2385,0,0
2016-01-25,-2173,-2173,-2173,-2173,2483,-2385,0,0
2016-01-26,2098,2098,2098,2098,2483,-2385,0,0
2016-01-27,-746,-746,-746,-746,2483,-2385,0,0
2016-01-28,1015,1015,1015,1015,2483,-2385,0,0
2016-01-29,2454,2454,2454,2454,2483,-2385,0,0
2016-02-01,-48,-48,-48,-48,2483,-2385,0,0
2016-02-02,-1882,-1882,-1882,-1882,2483,-2385,0,0
2016-02-03,827,827,827,827,2483,-2385,0,0
2016-02-04,864,864,864,864,2483,-2385,0,0
2016-02-05,-1608,-1608,-1608,-1608,2483,-2385,0,0
2016-02-08,-1853,-1853,-1853,-1853,2483,-2385,0,0
2016-02-09,-1216,-1216,-1216,-1216,2483,-2385,0,0
2016-02-10,223,223,223,223,2483,-2385,0,0
2016-02-11,-1981,-1981,-1981,-1981,2483,-2385,0,0
2016-02-12,1835,1835,1835,1835,2483,-2173,0,0
2016-02-16,1957,1957,1957,1957,2483,-2173,0,0
2016-02-17,2056,2056,2056,2056,2483,-2173,0,0
2016-02-18,82,82,82,82,2483,-2173,0,0
2016-02-19,-60,-60,-60,-60,2483,-2173,0,0
2016-02-22,1724,1724,1724,1724,2483,-2173,0,0
2016-02-23,-1079,-1079,-1079,-1079,2454,-2173,0,0
2016-02-24,871,871,871,871,2454,-1981,0,0
2016-02-25,1500,1500,1500,1500,2454,-1981,0,0
2016-02-26,734,734,734,734,2454,-1981,0,0
2016-02-29,152,152,152,152,2454,-1981,0,0
2016-03-01,2016,2016,2016,2016,2056,-1981,0,0
2016-03-02,1040,1040,1040,1040,2056,-1981,0,0
2016-03-03,1590,1590,1590,1590,2056,-1981,0,0
2016-03-04,916,916,916,916,2056,-1981,0,0
2016-03-07,994,994,994,994,2056,-1981,0,0
2016-03-08,-1575,-1575,-1575,-1575,2056,-1981,0,0
2016-03-09,1214,1214,1214,1214,2056,-1981,0,0
2016-03-10,-424,-424,-424,-424,2056,-1981,0,0
2016-03-11,2061,2061,2061,2061,2056,-1981,0,0
2016-03-14,-366,-366,-366,-366,2061,-1575,0,0
2016-03-15,-1471,-1471,-1471,-1471,2061,-1575,0,0
2016-03-16,1882,1882,1882,1882,2061,-1575,0,0
2016-03-17,1905,1905,1905,1905,2061,-1575,0,0
2016-03-18,678,678,678,678,2061,-1575,0,0
2016-03-21,25,25,25,25,2061,-1575,0,0
2016-03-22,-202,-202,-202,-202,2061,-1575,0,0
2016-03-23,-1481,-1481,-1481,-1481,2061,-1575,0,0
2016-03-24,73,73,73,73,2061,-1575,0,0
2016-03-28,454,454,454,454,2061,-1575,0,0
2016-03-29,1855,1855,1855,1855,2061,-1575,0,0
2016-03-30,774,774,774,774,2061,-1575,0,0
2016-03-31,315,315,315,315,2061,-1575,0,0
2016-04-01,-128,-128,-128,-128,2061,-1575,0,0
2016-04-04,-1429,-1429,-1429,-1429,2061,-1575,0,0
2016-04-05,-1244,-1244,-1244,-1244,2061,-1575,0,0
2016-04-06,1552,1552,1552,1552,2061,-1575,0,0
2016-04-07,-1654,-1654,-1654,-1654,2061,-1481,0,0
2016-04-08,1582,1582,1582,1582,2061,-1654,0,0
2016-04-11,572,572,572,572,2061,-1654,0,0
2016-04-12,1808,1808,1808,1808,1905,-1654,0,0
2016-04-13,1677,1677,1677,1677,1905,-1654,0,0
2016-04-14,-326,-326,-326,-326,1905,-1654,0,0
2016-04-15,216,216,216,216,1905,-1654,0,0
2016-04-18,1411,1411,1411,1411,1855,-1654,0,0
2016-04-19,1224,1224,1224,1224,1855,-1654,0,0
2016-04-20,415,415,415,415,1855,-1654,0,0
2016-04-21,-816,-816,-816,-816,1855,-1654,0,0
2016-04-22,1267,1267,1267,1267,1855,-1654,0,0
2016-04-25,-1023,-1023,-1023,-1023,1855,-1654,0,0
2016-04-26,1649,1649,1649,1649,1855,-1654,0,0
2016-04-27,1243,1243,1243,1243,1808,-1654,0,0
2016-04-28,-907,-907,-907,-907,1808,-1654,0,0
2016-04-29,-453,-453,-453,-453,1808,-1654,0,0
2016-05-02,800,800,800,800,1808,-1654,0,0
2016-05-03,-1546,-1546,-1546,-1546,1808,-1654,0,0
2016-05-04,-617,-617,-617,-617,1808,-1654,0,0
2016-05-05,-131,-131,-131,-131,1808,-1654,0,0
2016-05-06,886,886,886,886,1808,-1546,0,0
2016-05-09,-188,-188,-188,-188,1808,-1546,0,0
2016-05-10,1610,1610,1610,1610,1808,-1546,0,0
2016-05-11,-790,-790,-790,-790,1677,-1546,0,0
2016-05-12,-82,-82,-82,-82,1649,-1546,0,0
2016-05-13,-1026,-1026,-1026,-1026,1649,-1546,0,0
2016-05-16,1623,1623,1623,1623,1649,-1546,0,0
2016-05-17,-858,-858,-858,-858,1649,-1546,0,0
2016-05-18,-933,-933,-933,-933,1649,-1546,0,0
2016-05-19,-1310,-1310,-1310,-1310,1649,-1546,0,0
2016-05-20,1862,1862,1862,1862,1649,-1546,0,0
2016-05-23,-34,-34,-34,-34,1862,-1546,0,0
2016-05-24,1622,1622,1622,1622,1862,-1546,0,0
2016-05-25,1111,1111,1111,1111,1862,-1546,0,0
2016-05-26,97,97,97,97,1862,-1546,0,0
2016-05-27,1056,1056,1056,1056,1862,-1546,0,0
2016-05-31,255,255,255,255,1862,-1546,0,0
2016-06-01,979,979,979,979,1862,-1546,0,0
2016-06-02,928,928,928,928,1862,-1310,0,0
2016-06-03,273,273,273,273,1862,-1310,0,0
2016-06-06,1190,1190,1190,1190,1862,-1310,0,0
2016-06-07,769,769,769,769,1862,-1310,0,0
2016-06-08,1065,1065,1065,1065,1862,-1310,0,0
2016-06-09,-711,-711,-711,-711,1862,-1310,0,0
2016-06-10,-1871,-1871,-1871,-1871,1862,-1310,0,0
2016-06-13,-1554,-1554,-1554,-1554,1862,-1871,0,0
2016-06-14,-948,-948,-948,-948,1862,-1871,0,0
2016-06-15,659,659,659,659,1862,-1871,0,0
2016-06-16,-65,-65,-65,-65,1862,-1871,0,0
2016-06-17,677,677,677,677,1862,-1871,0,0
2016-06-20,1684,1684,1684,1684,1862,-1871,0,0
2016-06-21,392,392,392,392,1684,-1871,0,0
2016-06-22,-530,-530,-530,-530,1684,-1871,0,0
2016-06-23,2036,2036,2036,2036,1684,-1871,0,0
2016-06-24,-2138,-2138,-2138,-2138,2036,-1871,0,0
2016-06-27,-1910,-1910,-1910,-1910,2036,-2138,0,0
2016-06-28,2208,2208,2208,2208,2036,-2138,0,0
2016-06-29,2210,2210,2210,2210,2208,-2138,0,0
2016-06-30,1807,1807,1807,1807,2210,-2138,0,0
2016-07-01,819,819,819,819,2210,-2138,0,0
2016-07-05,-1426,-1426,-1426,-1426,2210,-2138,0,0
2016-07-06,855,855,855,855,2210,-2138,0,0
2016-07-07,281,281,281,281,2210,-2138,0,0
2016-07-08,2369,2369,2369,2369,2210,-2138,0,0
2016-07-11,1131,1131,1131,1131,2369,-2138,0,0
2016-07-12,1244,1244,1244,1244,2369,-2138,0,0
2016-07-13,-215,-215,-215,-215,2369,-2138,0,0
2016-07-14,439,439,439,439,2369,-2138,0,0
2016-07-15,274,274,274,274,2369,-2138,0,0
2016-07-18,782,782,782,782,2369,-2138,0,0
2016-07-19,-522,-522,-522,-522,2369,-2138,0,0
2016-07-20,1069,1069,1069,1069,2369,-2138,0,0
2016-07-21,-469,-469,-469,-469,2369,-2138,0,0
2016-07-22,992,992,992,992,2369,-2138,0,0
2016-07-25,-757,-757,-757,-757,2369,-2138,0,0
2016-07-26,675,675,675,675,2369,-1910,0,0
2016-07-27,-193,-193,-193,-193,2369,-1426,0,0
2016-07-28,98,98,98,98,2369,-1426,0,0
2016-07-29,759,759,759,759,2369,-1426,0,0
2016-08-01,-538,-538,-538,-538,2369,-1426,0,0
2016-08-02,-1628,-1628,-1628,-1628,2369,-1426,0,0
2016-08-03,1043,1043,1043,1043,2369,-1628,0,0
2016-08-04,392,392,392,392,2369,-1628,0,0
2016-08-05,1336,1336,1336,1336,2369,-1628,0,0
2016-08-08,441,441,441,441,1336,-1628,0,0
2016-08-09,188,188,188,188,1336,-1628,0,0
2016-08-10,-329,-329,-329,-329,1336,-1628,0,0
2016-08-11,722,722,722,722,1336,-1628,0,0
2016-08-12,-77,-77,-77,-77,1336,-1628,0,0
2016-08-15,930,930,930,930,1336,-1628,0,0
2016-08-16,-1101,-1101,-1101,-1101,1336,-1628,0,0
2016-08-17,134,134,134,134,1336,-1628,0,0
2016-08-18,1213,1213,1213,1213,1336,-1628,0,0
2016-08-19,-565,-565,-565,-565,1336,-1628,0,0
2016-08-22,27,27,27,27,1336,-1628,0,0
2016-08-23,1079,1079,1079,1079,1336,-1628,0,0
2016-08-24,-1221,-1221,-1221,-1221,1336,-1628,0,0
2016-08-25,346,346,346,346,1336,-1628,0,0
2016-08-26,-575,-575,-575,-575,1336,-1628,0,0
2016-08-29,1318,1318,1318,1318,1336,-1628,0,0
2016-08-30,-59,-59,-59,-59,1336,-1628,0,0
2016-08-31,-764,-764,-764,-764,1336,-1221,0,0
2016-09-01,-138,-138,-138,-138,1336,-1221,0,0
2016-09-02,1836,1836,1836,1836,1336,-1221,0,0
2016-09-06,532,532,532,532,1836,-1221,0,0
2016-09-07,758,758,758,758,1836,-1221,0,0
2016-09-08,-268,-268,-268,-268,1836,-1221,0,0
2016-09-09,-2776,-2776,-2776,-2776,1836,-1221,0,0
2016-09-12,1316,1316,1316,1316,1836,-2776,0,0
2016-09-13,-2396,-2396,-2396,-2396,1836,-2776,0,0
2016-09-14,-146,-146,-146,-146,1836,-2776,0,0
2016-09-15,1543,1543,1543,1543,1836,-2776,0,0
2016-09-16,-860,-860,-860,-860,1836,-2776,0,0
2016-09-19,1115,1115,1115,1115,1836,-2776,0,0
2016-09-20,-372,-372,-372,-372,1836,-2776,0,0
2016-09-21,2184,2184,2184,2184,1836,-2776,0,0
2016-09-22,1983,1983,1983,1983,2184,-2776,0,0
2016-09-23,-1076,-1076,-1076,-1076,2184,-2776,0,0
2016-09-26,-1315,-1315,-1315,-1315,2184,-2776,0,0
2016-09-27,518,518,518,518,2184,-2776,0,0
2016-09-28,1546,1546,1546,1546,2184,-2776,0,0
2016-09-29,-1752,-1752,-1752,-1752,2184,-2776,0,0
2016-09-30,1242,1242,1242,1242,2184,-2776,0,0
2016-10-03,-482,-482,-482,-482,2184,-2776,0,0
2016-10-04,-1308,-1308,-1308,-1308,2184,-2776,0,0
2016-10-05,642,642,642,642,2184,-2776,0,0
2016-10-06,-335,-335,-335,-335,2184,-2776,0,0
2016-10-07,-1141,-1141,-1141,-1141,2184,-2776,0,0
2016-10-10,1281,1281,1281,1281,2184,-2396,0,0
2016-10-11,-2225,-2225,-2225,-2225,2184,-2396,0,0
2016-10-12,138,138,138,138,2184,-2225,0,0
2016-10-13,-1011,-1011,-1011,-1011,2184,-2225,0,0
2016-10-14,47,47,47,47,2184,-2225,0,0
2016-10-17,-584,-584,-584,-584,2184,-2225,0,0
2016-10-18,1577,1577,1577,1577,2184,-2225,0,0
2016-10-19,1225,1225,1225,1225,2184,-2225,0,0
2016-10-20,-447,-447,-447,-447,1983,-2225,0,0
2016-10-21,63,63,63,63,1577,-2225,0,0
2016-10-24,619,619,619,619,1577,-2225,0,0
2016-10-25,-612,-612,-612,-612,1577,-2225,0,0
2016-10-26,-860,-860,-860,-860,1577,-2225,0,0
2016-10-27,-1314,-1314,-1314,-1314,1577,-2225,0,0
2016-10-28,-583,-583,-583,-583,1577,-2225,0,0
2016-10-31,67,67,67,67,1577,-2225,0,0
2016-11-01,-1541,-1541,-1541,-1541,1577,-2225,0,0
2016-11-02,-1551,-1551,-1551,-1551,1577,-2225,0,0
2016-11-03,-612,-612,-612,-612,1577,-2225,0,0
2016-11-04,87,87,87,87,1577,-2225,0,0
2016-11-07,1933,1933,1933,1933,1577,-2225,0,0
2016-11-08,412,412,412,412,1933,-2225,0,0
2016-11-09,334,334,334,334,1933,-1551,0,0
2016-11-10,-201,-201,-201,-201,1933,-1551,0,0
2016-11-11,233,233,233,233,1933,-1551,0,0
2016-11-14,151,151,151,151,1933,-1551,0,0
2016-11-15,1363,1363,1363,1363,1933,-1551,0,0
2016-11-16,161,161,161,161,1933,-1551,0,0
2016-11-17,156,156,156,156,1933,-1551,0,0
2016-11-18,-135,-135,-135,-135,1933,-1551,0,0
2016-11-21,1478,1478,1478,1478,1933,-1551,0,0
2016-11-22,1217,1217,1217,1217,1933,-1551,0,0
2016-11-23,33,33,33,33,1933,-1551,0,0
2016-11-25,850,850,850,850,1933,-1551,0,0
2016-11-28,-975,-975,-975,-975,1933,-1551,0,0
2016-11-29,-90,-90,-90,-90,1933,-1551,0,0
2016-11-30,-621,-621,-621,-621,1933,-1551,0,0
2016-12-01,-747,-747,-747,-747,1933,-1551,0,0
2016-12-02,287,287,287,287,1933,-975,0,0
2016-12-05,1302,1302,1302,1302,1933,-975,0,0
2016-12-06,1247,1247,1247,1247,1933,-975,0,0
2016-12-07,1610,1610,1610,1610,1478,-975,0,0
2016-12-08,750,750,750,750,1610,-975,0,0
2016-12-09,17,17,17,17,1610,-975,0,0
2016-12-12,-863,-863,-863,-863,1610,-975,0,0
2016-12-13,544,544,544,544,1610,-975,0,0
2016-12-14,-1819,-1819,-1819,-1819,1610,-975,0,0
2016-12-15,390,390,390,390,1610,-1819,0,0
2016-12-16,350,350,350,350,1610,-1819,0,0
2016-12-19,758,758,758,758,1610,-1819,0,0
2016-12-20,889,889,889,889,1610,-1819,0,0
2016-12-21,-174,-174,-174,-174,1610,-1819,0,0
2016-12-22,-450,-450,-450,-450,1610,-1819,0,0
2016-12-23,563,563,563,563,1610,-1819,0,0
2016-12-27,685,685,685,685,1610,-1819,0,0
2016-12-28,-1371,-1371,-1371,-1371,1610,-1819,0,0
2016-12-29,503,503,503,503,1610,-1819,0,0
2016-12-30,-301,-301,-301,-301,1610,-1819,0,0
2017-01-03,1594,1594,1594,1594,1610,-1819,0,0
2017-01-04,2145,2145,2145,2145,1610,-1819,0,0
2017-01-05,-346,-346,-346,-346,2145,-1819,0,0
2017-01-06,-148,-148,-148,-148,2145,-1819,0,0
2017-01-09,-821,-821,-821,-821,2145,-1819,0,0
2017-01-10,810,810,810,810,2145,-1819,0,0
2017-01-11,1110,1110,1110,1110,2145,-1819,0,0
2017-01-12,-618,-618,-618,-618,2145,-1819,0,0
2017-01-13,753,753,753,753,2145,-1819,0,0
2017-01-17,-288,-288,-288,-288,2145,-1371,0,0
2017-01-18,211,211,211,211,2145,-1371,0,0
2017-01-19,-1464,-1464,-1464,-1464,2145,-1371,0,0
2017-01-20,801,801,801,801,2145,-1464,0,0
2017-01-23,260,260,260,260,2145,-1464,0,0
2017-01-24,1427,1427,1427,1427,2145,-1464,0,0
2017-01-25,864,864,864,864,2145,-1464,0,0
2017-01-26,-120,-120,-120,-120,2145,-1464,0,0
2017-01-27,-429,-429,-429,-429,2145,-1464,0,0
2017-01-30,-1192,-1192,-1192,-1192,2145,-1464,0,0
2017-01-31,800,800,800,800,2145,-1464,0,0
2017-02-01,-119,-119,-119,-119,2145,-1464,0,0
2017-02-02,306,306,306,306,2145,-1464,0,0
2017-02-03,1713,1713,1713,1713,1427,-1464,0,0
2017-02-06,-694,-694,-694,-694,1713,-1464,0,0
2017-02-07,-264,-264,-264,-264,1713,-1464,0,0
2017-02-08,375,375,375,375,1713,-1464,0,0
2017-02-09,921,921,921,921,1713,-1464,0,0
2017-02-10,1308,1308,1308,1308,1713,-1464,0,0
2017-02-13,603,603,603,603,1713,-1464,0,0
2017-02-14,137,137,137,137,1713,-1464,0,0
2017-02-15,533,533,533,533,1713,-1464,0,0
2017-02-16,-415,-415,-415,-415,1713,-1464,0,0
2017-02-17,-167,-167,-167,-167,1713,-1192,0,0
2017-02-21,1303,1303,1303,1303,1713,-1192,0,0
2017-02-22,-334,-334,-334,-334,1713,-1192,0,0
2017-02-23,211,211,211,211,1713,-1192,0,0
2017-02-24,141,141,141,141,1713,-1192,0,0
2017-02-27,637,637,637,637,1713,-1192,0,0
2017-02-28,-828,-828,-828,-828,1713,-1192,0,0
2017-03-01,1040,1040,1040,1040,1713,-828,0,0
2017-03-02,-1402,-1402,-1402,-1402,1713,-828,0,0
2017-03-03,78,78,78,78,1713,-1402,0,0
2017-03-06,-1178,-1178,-1178,-1178,1713,-1402,0,0
2017-03-07,-1158,-1158,-1158,-1158,1308,-1402,0,0
2017-03-08,-1371,-1371,-1371,-1371,1308,-1402,0,0
2017-03-09,-1220,-1220,-1220,-1220,1308,-1402,0,0
2017-03-10,1003,1003,1003,1003,1308,-1402,0,0
2017-03-13,620,620,620,620,1308,-1402,0,0
2017-03-14,-958,-958,-958,-958,1303,-1402,0,0
2017-03-15,2254,2254,2254,2254,1303,-1402,0,0
2017-03-16,375,375,375,375,2254,-1402,0,0
2017-03-17,612,612,612,612,2254,-1402,0,0
2017-03-20,-473,-473,-473,-473,2254,-1402,0,0
2017-03-21,-1753,-1753,-1753,-1753,2254,-1402,0,0
2017-03-22,242,242,242,242,2254,-1753,0,0
2017-03-23,882,882,882,882,2254,-1753,0,0
2017-03-24,107,107,107,107,2254,-1753,0,0
2017-03-27,-2,-2,-2,-2,2254,-1753,0,0
2017-03-28,1438,1438,1438,1438,2254,-1753,0,0
2017-03-29,903,903,903,903,2254,-1753,0,0
2017-03-30,646,646,646,646,2254,-1753,0,0
2017-03-31,573,573,573,573,2254,-1753,0,0
2017-04-03,-355,-355,-355,-355,2254,-1753,0,0
2017-04-04,4,4,4,4,2254,-1753,0,0
2017-04-05,-926,-926,-926,-926,2254,-1753,0,0
2017-04-06,1539,1539,1539,1539,2254,-1753,0,0
2017-04-07,-146,-146,-146,-146,2254,-1753,0,0
2017-04-10,1046,1046,1046,1046,2254,-1753,0,0
2017-04-11,707,707,707,707,2254,-1753,0,0
2017-04-12,-1067,-1067,-1067,-1067,2254,-1753,0,0
2017-04-13,-1266,-1266,-1266,-1266,1539,-1753,0,0
2017-04-17,1441,1441,1441,1441,1539,-1753,0,0
2017-04-18,-142,-142,-142,-142,1539,-1753,0,0
2017-04-19,-168,-168,-168,-168,1539,-1753,0,0
2017-04-20,1246,1246,1246,1246,1539,-1266,0,0
2017-04-21,-235,-235,-235,-235,1539,-1266,0,0
2017-04-24,1251,1251,1251,1251,1539,-1266,0,0
2017-04-25,1052,1052,1052,1052,1539,-1266,0,0
2017-04-26,459,459,459,459,1539,-1266,0,0
2017-04-27,-46,-46,-46,-46,1539,-1266,0,0
2017-04-28,-662,-662,-662,-662,1539,-1266,0,0
2017-05-01,391,391,391,391,1539,-1266,0,0
2017-05-02,9,9,9,9,1539,-1266,0,0
2017-05-03,-566,-566,-566,-566,1539,-1266,0,0
2017-05-04,-826,-826,-826,-826,1539,-1266,0,0
2017-05-05,1314,1314,1314,1314,1539,-1266,0,0
2017-05-08,-290,-290,-290,-290,1441,-1266,0,0
2017-05-09,-387,-387,-387,-387,1441,-1266,0,0
2017-05-10,896,896,896,896,1441,-1266,0,0
2017-05-11,-657,-657,-657,-657,1441,-1266,0,0
2017-05-12,-393,-393,-393,-393,1441,-1266,0,0
2017-05-15,1489,1489,1489,1489,1441,-826,0,0
2017-05-16,-303,-303,-303,-303,1489,-826,0,0
2017-05-17,-1763,-1763,-1763,-1763,1489,-826,0,0
2017-05-18,45,45,45,45,1489,-1763,0,0
2017-05-19,1521,1521,1521,1521,1489,-1763,0,0
2017-05-22,1080,1080,1080,1080,1521,-1763,0,0
2017-05-23,568,568,568,568,1521,-1763,0,0
2017-05-24,385,385,385,385,1521,-1763,0,0
2017-05-25,125,125,125,125,1521,-1763,0,0
2017-05-26,190,190,190,190,1521,-1763,0,0
2017-05-30,-691,-691,-691,-691,1521,-1763,0,0
2017-05-31,8,8,8,8,1521,-1763,0,0
2017-06-01,1902,1902,1902,1902,1521,-1763,0,0
2017-06-02,529,529,529,529,1902,-1763,0,0
2017-06-05,-732,-732,-732,-732,1902,-1763,0,0
2017-06-06,-266,-266,-266,-266,1902,-1763,0,0
2017-06-07,-132,-132,-132,-132,1902,-1763,0,0
2017-06-08,433,433,433,433,1902,-1763,0,0
2017-06-09,720,720,720,720,1902,-1763,0,0
2017-06-12,58,58,58,58,1902,-1763,0,0
2017-06-13,1180,1180,1180,1180,1902,-1763,0,0
2017-06-14,-185,-185,-185,-185,1902,-1763,0,0
2017-06-15,-713,-713,-713,-713,1902,-1763,0,0
2017-06-16,437,437,437,437,1902,-732,0,0
2017-06-19,802,802,802,802,1902,-732,0,0
2017-06-20,-1230,-1230,-1230,-1230,1902,-732,0,0
2017-06-21,-873,-873,-873,-873,1902,-1230,0,0
2017-06-22,532,532,532,532,1902,-1230,0,0
2017-06-23,1079,1079,1079,1079,1902,-1230,0,0
2017-06-26,880,880,880,880,1902,-1230,0,0
2017-06-27,-892,-892,-892,-892,1902,-1230,0,0
2017-06-28,1542,1542,1542,1542,1902,-1230,0,0
2017-06-29,-1187,-1187,-1187,-1187,1902,-1230,0,0
2017-06-30,673,673,673,673,1542,-1230,0,0
2017-07-03,1230,1230,1230,1230,1542,-1230,0,0
2017-07-05,-631,-631,-631,-631,1542,-1230,0,0
2017-07-06,-1813,-1813,-1813,-1813,1542,-1230,0,0
2017-07-07,1112,1112,1112,1112,1542,-1813,0,0
2017-07-10,51,51,51,51,1542,-1813,0,0
2017-07-11,117,117,117,117,1542,-1813,0,0
2017-07-12,1578,1578,1578,1578,1542,-1813,0,0
2017-07-13,181,181,181,181,1578,-1813,0,0
2017-07-14,1292,1292,1292,1292,1578,-1813,0,0
2017-07-17,355,355,355,355,1578,-1813,0,0
2017-07-18,-79,-79,-79,-79,1578,-1813,0,0
2017-07-19,1462,1462,1462,1462,1578,-1813,0,0
2017-07-20,31,31,31,31,1578,-1813,0,0
2017-07-21,-74,-74,-74,-74,1578,-1813,0,0
2017-07-24,-331,-331,-331,-331,1578,-1813,0,0
2017-07-25,692,692,692,692,1578,-1813,0,0
2017-07-26,9,9,9,9,1578,-1813,0,0
2017-07-27,-330,-330,-330,-330,1578,-1813,0,0
2017-07-28,237,237,237,237,1578,-1813,0,0
2017-07-31,181,181,181,181,1578,-1813,0,0
2017-08-01,630,630,630,630,1578,-1813,0,0
2017-08-02,-587,-587,-587,-587,1578,-1813,0,0
2017-08-03,-464,-464,-464,-464,1578,-1813,0,0
2017-08-04,400,400,400,400,1578,-587,0,0
2017-08-07,-113,-113,-113,-113,1578,-587,0,0
2017-08-08,-783,-783,-783,-783,1578,-587,0,0
2017-08-09,-1157,-1157,-1157,-1157,1578,-783,0,0
2017-08-10,-2215,-2215,-2215,-2215,1462,-1157,0,0
2017-08-11,188,188,188,188,1462,-2215,0,0
2017-08-14,1603,1603,1603,1603,1462,-2215,0,0
2017-08-15,-788,-788,-788,-788,1603,-2215,0,0
2017-08-16,662,662,662,662,1603,-2215,0,0
2017-08-17,-1912,-1912,-1912,-1912,1603,-2215,0,0
2017-08-18,153,153,153,153,1603,-2215,0,0
2017-08-21,7,7,7,7,1603,-2215,0,0
2017-08-22,1274,1274,1274,1274,1603,-2215,0,0
2017-08-23,167,167,167,167,1603,-2215,0,0
2017-08-24,41,41,41,41,1603,-2215,0,0
2017-08-25,985,985,985,985,1603,-2215,0,0
2017-08-28,-160,-160,-160,-160,1603,-2215,0,0
2017-08-29,-88,-88,-88,-88,1603,-2215,0,0
2017-08-30,731,731,731,731,1603,-2215,0,0
2017-08-31,1375,1375,1375,1375,1603,-2215,0,0
2017-09-01,1164,1164,1164,1164,1603,-2215,0,0
2017-09-05,-1178,-1178,-1178,-1178,1603,-2215,0,0
2017-09-06,730,730,730,730,1603,-2215,0,0
2017-09-07,108,108,108,108,1603,-2215,0,0
2017-09-08,-169,-169,-169,-169,1603,-2215,0,0
2017-09-11,1692,1692,1692,1692,1603,-1912,0,0
2017-09-12,799,799,799,799,1692,-1912,0,0
2017-09-13,147,147,147,147,1692,-1912,0,0
2017-09-14,273,273,273,273,1692,-1912,0,0
2017-09-15,794,794,794,794,1692,-1912,0,0
2017-09-18,444,444,444,444,1692,-1178,0,0
2017-09-19,148,148,148,148,1692,-1178,0,0
2017-09-20,329,329,329,329,1692,-1178,0,0
2017-09-21,-383,-383,-383,-383,1692,-1178,0,0
2017-09-22,869,869,869,869,1692,-1178,0,0
2017-09-25,375,375,375,375,1692,-1178,0,0
2017-09-26,363,363,363,363,1692,-1178,0,0
2017-09-27,364,364,364,364,1692,-1178,0,0
2017-09-28,551,551,551,551,1692,-1178,0,0
2017-09-29,636,636,636,636,1692,-1178,0,0
2017-10-02,865,865,865,865,1692,-1178,0,0
2017-10-03,376,376,376,376,1692,-1178,0,0
2017-10-04,-62,-62,-62,-62,1692,-383,0,0
2017-10-05,635,635,635,635,1692,-383,0,0
2017-10-06,-788,-788,-788,-788,1692,-383,0,0
2017-10-09,-354,-354,-354,-354,1692,-788,0,0
2017-10-10,860,860,860,860,869,-788,0,0
2017-10-11,541,541,541,541,869,-788,0,0
2017-10-12,245,245,245,245,869,-788,0,0
2017-10-13,577,577,577,577,869,-788,0,0
2017-10-16,-11,-11,-11,-11,869,-788,0,0
2017-10-17,-409,-409,-409,-409,869,-788,0,0
2017-10-18,128,128,128,128,869,-788,0,0
2017-10-19,75,75,75,75,869,-788,0,0
2017-10-20,639,639,639,639,869,-788,0,0
2017-10-23,-920,-920,-920,-920,865,-788,0,0
2017-10-24,215,215,215,215,865,-920,0,0
2017-10-25,-1445,-1445,-1445,-1445,865,-920,0,0
2017-10-26,106,106,106,106,865,-1445,0,0
2017-10-27,641,641,641,641,865,-1445,0,0
2017-10-30,-654,-654,-654,-654,865,-1445,0,0
2017-10-31,734,734,734,734,860,-1445,0,0
2017-11-01,227,227,227,227,860,-1445,0,0
2017-11-02,-32,-32,-32,-32,860,-1445,0,0
2017-11-03,-94,-94,-94,-94,860,-1445,0,0
2017-11-06,455,455,455,455,860,-1445,0,0
2017-11-07,-436,-436,-436,-436,860,-1445,0,0
2017-11-08,75,75,75,75,734,-1445,0,0
2017-11-09,-720,-720,-720,-720,734,-1445,0,0
2017-11-10,-315,-315,-315,-315,734,-1445,0,0
2017-11-13,-356,-356,-356,-356,734,-1445,0,0
2017-11-14,-460,-460,-460,-460,734,-1445,0,0
2017-11-15,-796,-796,-796,-796,734,-1445,0,0
2017-11-16,1476,1476,1476,1476,734,-1445,0,0
2017-11-17,871,871,871,871,1476,-1445,0,0
2017-11-20,592,592,592,592,1476,-1445,0,0
2017-11-21,1075,1075,1075,1075,1476,-1445,0,0
2017-11-22,413,413,413,413,1476,-1445,0,0
2017-11-24,622,622,622,622,1476,-796,0,0
2017-11-27,-700,-700,-700,-700,1476,-796,0,0
2017-11-28,1107,1107,1107,1107,1476,-796,0,0
2017-11-29,8,8,8,8,1476,-796,0,0
2017-11-30,554,554,554,554,1476,-796,0,0
2017-12-01,94,94,94,94,1476,-796,0,0
2017-12-04,43,43,43,43,1476,-796,0,0
2017-12-05,-825,-825,-825,-825,1476,-796,0,0
2017-12-06,-431,-431,-431,-431,1476,-825,0,0
2017-12-07,749,749,749,749,1476,-825,0,0
2017-12-08,616,616,616,616,1476,-825,0,0
2017-12-11,254,254,254,254,1476,-825,0,0
2017-12-12,-238,-238,-238,-238,1476,-825,0,0
2017-12-13,373,373,373,373,1476,-825,0,0
2017-12-14,-779,-779,-779,-779,1476,-825,0,0
2017-12-15,1176,1176,1176,1176,1476,-825,0,0
2017-12-18,1239,1239,1239,1239,1176,-825,0,0
2017-12-19,-836,-836,-836,-836,1239,-825,0,0
2017-12-20,-1,-1,-1,-1,1239,-836,0,0
2017-12-21,650,650,650,650,1239,-836,0,0
2017-12-22,63,63,63,63,1239,-836,0,0
2017-12-26,332,332,332,332,1239,-836,0,0
2017-12-27,338,338,338,338,1239,-836,0,0
2017-12-28,936,936,936,936,1239,-836,0,0
2017-12-29,-515,-515,-515,-515,1239,-836,0,0
2018-01-02,728,728,728,728,1239,-836,0,0
2018-01-03,557,557,557,557,1239,-836,0,0
2018-01-04,526,526,526,526,1239,-836,0,0
2018-01-05,584,584,584,584,1239,-836,0,0
2018-01-08,479,479,479,479,1239,-836,0,0
2018-01-09,-489,-489,-489,-489,1239,-836,0,0
2018-01-10,-636,-636,-636,-636,1239,-836,0,0
2018-01-11,1694,1694,1694,1694,1239,-836,0,0
2018-01-12,301,301,301,301,1694,-836,0,0
2018-01-16,-988,-988,-988,-988,1694,-836,0,0
2018-01-17,883,883,883,883,1694,-988,0,0
2018-01-18,-1306,-1306,-1306,-1306,1694,-988,0,0
2018-01-19,951,951,951,951,1694,-1306,0,0
2018-01-22,807,807,807,807,1694,-1306,0,0
2018-01-23,726,726,726,726,1694,-1306,0,0
2018-01-24,-361,-361,-361,-361,1694,-1306,0,0
2018-01-25,-255,-255,-255,-255,1694,-1306,0,0
2018-01-26,266,266,266,266,1694,-1306,0,0
2018-01-29,-1925,-1925,-1925,-1925,1694,-1306,0,0
2018-01-30,-1817,-1817,-1817,-1817,1694,-1925,0,0
2018-01-31,173,173,173,173,1694,-1925,0,0
2018-02-01,-329,-329,-329,-329,1694,-1925,0,0
2018-02-02,-2443,-2443,-2443,-2443,1694,-1925,0,0
2018-02-05,-2431,-2431,-2431,-2431,1694,-2443,0,0
2018-02-06,1296,1296,1296,1296,1694,-2443,0,0
2018-02-07,169,169,169,169,1694,-2443,0,0
2018-02-08,-2363,-2363,-2363,-2363,1694,-2443,0,0
2018-02-09,545,545,545,545,1694,-2443,0,0
2018-02-12,1403,1403,1403,1403,1296,-2443,0,0
2018-02-13,395,395,395,395,1403,-2443,0,0
2018-02-14,1173,1173,1173,1173,1403,-2443,0,0
2018-02-15,1144,1144,1144,1144,1403,-2443,0,0
2018-02-16,571,571,571,571,1403,-2443,0,0
2018-02-20,-948,-948,-948,-948,1403,-2443,0,0
2018-02-21,-256,-256,-256,-256,1403,-2443,0,0
2018-02-22,119,119,119,119,1403,-2443,0,0
2018-02-23,1892,1892,1892,1892,1403,-2443,0,0
2018-02-26,1024,1024,1024,1024,1892,-2443,0,0
2018-02-27,-1606,-1606,-1606,-1606,1892,-2443,0,0
2018-02-28,-1271,-1271,-1271,-1271,1892,-2443,0,0
2018-03-01,-568,-568,-568,-568,1892,-2443,0,0
2018-03-02,331,331,331,331,1892,-2443,0,0
2018-03-05,1389,1389,1389,1389,1892,-2443,0,0
2018-03-06,1105,1105,1105,1105,1892,-2431,0,0
2018-03-07,186,186,186,186,1892,-2363,0,0
2018-03-08,468,468,468,468,1892,-2363,0,0
2018-03-09,1373,1373,1373,1373,1892,-2363,0,0
2018-03-12,312,312,312,312,1892,-1606,0,0
2018-03-13,-546,-546,-546,-546,1892,-1606,0,0
2018-03-14,-434,-434,-434,-434,1892,-1606,0,0
2018-03-15,-728,-728,-728,-728,1892,-1606,0,0
2018-03-16,1049,1049,1049,1049,1892,-1606,0,0
2018-03-19,-1675,-1675,-1675,-1675,1892,-1606,0,0
2018-03-20,-382,-382,-382,-382,1892,-1675,0,0
2018-03-21,460,460,460,460,1892,-1675,0,0
2018-03-22,-1897,-1897,-1897,-1897,1892,-1675,0,0
2018-03-23,-1772,-1772,-1772,-1772,1892,-1897,0,0
2018-03-26,1591,1591,1591,1591,1389,-1897,0,0
2018-03-27,-1076,-1076,-1076,-1076,1591,-1897,0,0
2018-03-28,134,134,134,134,1591,-1897,0,0
2018-03-29,1665,1665,1665,1665,1591,-1897,0,0
2018-04-02,-1795,-1795,-1795,-1795,1665,-1897,0,0
2018-04-03,1461,1461,1461,1461,1665,-1897,0,0
2018-04-04,1097,1097,1097,1097,1665,-1897,0,0
2018-04-05,1353,1353,1353,1353,1665,-1897,0,0
2018-04-06,-1686,-1686,-1686,-1686,1665,-1897,0,0
2018-04-09,-113,-113,-113,-113,1665,-1897,0,0
2018-04-10,1559,1559,1559,1559,1665,-1897,0,0
2018-04-11,52,52,52,52,1665,-1897,0,0
2018-04-12,275,275,275,275,1665,-1897,0,0
2018-04-13,-382,-382,-382,-382,1665,-1897,0,0
2018-04-16,1326,1326,1326,1326,1665,-1897,0,0
2018-04-17,1356,1356,1356,1356,1665,-1897,0,0
2018-04-18,335,335,335,335,1665,-1897,0,0
2018-04-19,-1099,-1099,-1099,-1099,1665,-1897,0,0
2018-04-20,-960,-960,-960,-960,1665,-1897,0,0
2018-04-23,-276,-276,-276,-276,1665,-1795,0,0
2018-04-24,-818,-818,-818,-818,1665,-1795,0,0
2018-04-25,-393,-393,-393,-393,1665,-1795,0,0
2018-04-26,1006,1006,1006,1006,1665,-1795,0,0
2018-04-27,462,462,462,462,1665,-1795,0,0
2018-04-30,-758,-758,-758,-758,1559,-1795,0,0
2018-05-01,196,196,196,196,1559,-1686,0,0
2018-05-02,-112,-112,-112,-112,1559,-1686,0,0
2018-05-03,-513,-513,-513,-513,1559,-1686,0,0
2018-05-04,1485,1485,1485,1485,1559,-1686,0,0
2018-05-07,743,743,743,743,1559,-1099,0,0
2018-05-08,49,49,49,49,1559,-1099,0,0
2018-05-09,748,748,748,748,1485,-1099,0,0
2018-05-10,1281,1281,1281,1281,1485,-1099,0,0
2018-05-11,344,344,344,344,1485,-1099,0,0
2018-05-14,-198,-198,-198,-198,1485,-1099,0,0
2018-05-15,-760,-760,-760,-760,1485,-1099,0,0
2018-05-16,900,900,900,900,1485,-1099,0,0
2018-05-17,245,245,245,245,1485,-1099,0,0
2018-05-18,88,88,88,88,1485,-960,0,0
2018-05-21,1201,1201,1201,1201,1485,-818,0,0
2018-05-22,-590,-590,-590,-590,1485,-818,0,0
2018-05-23,124,124,124,124,1485,-760,0,0
2018-05-24,25,25,25,25,1485,-760,0,0
2018-05-25,-171,-171,-171,-171,1485,-760,0,0
2018-05-29,-467,-467,-467,-467,1485,-760,0,0
2018-05-30,1826,1826,1826,1826,1485,-760,0,0
2018-05-31,-808,-808,-808,-808,1826,-760,0,0
2018-06-01,1271,1271,1271,1271,1826,-808,0,0
2018-06-04,895,895,895,895,1826,-808,0,0
2018-06-05,559,559,559,559,1826,-808,0,0
2018-06-06,877,877,877,877,1826,-808,0,0
2018-06-07,274,274,274,274,1826,-808,0,0
2018-06-08,510,510,510,510,1826,-808,0,0
2018-06-11,283,283,283,283,1826,-808,0,0
2018-06-12,14,14,14,14,1826,-808,0,0
2018-06-13,-953,-953,-953,-953,1826,-808,0,0
2018-06-14,397,397,397,397,1826,-953,0,0
2018-06-15,-150,-150,-150,-150,1826,-953,0,0
2018-06-18,394,394,394,394,1826,-953,0,0
2018-06-19,-422,-422,-422,-422,1826,-953,0,0
2018-06-20,611,611,611,611,1826,-953,0,0
2018-06-21,-1105,-1105,-1105,-1105,1826,-953,0,0
2018-06-22,980,980,980,980,1826,-1105,0,0
2018-06-25,-1520,-1520,-1520,-1520,1826,-1105,0,0
2018-06-26,597,597,597,597,1826,-1520,0,0
2018-06-27,-1243,-1243,-1243,-1243,1826,-1520,0,0
2018-06-28,637,637,637,637,1271,-1520,0,0
2018-06-29,473,473,473,473,1271,-1520,0,0
2018-07-02,293,293,293,293,980,-1520,0,0
2018-07-03,800,800,800,800,980,-1520,0,0
2018-07-05,1416,1416,1416,1416,980,-1520,0,0
2018-07-06,1403,1403,1403,1403,1416,-1520,0,0
2018-07-09,790,790,790,790,1416,-1520,0,0
2018-07-10,90,90,90,90,1416,-1520,0,0
2018-07-11,-1309,-1309,-1309,-1309,1416,-1520,0,0
2018-07-12,694,694,694,694,1416,-1520,0,0
2018-07-13,-39,-39,-39,-39,1416,-1520,0,0
2018-07-16,-929,-929,-929,-929,1416,-1520,0,0
2018-07-17,492,492,492,492,1416,-1520,0,0
2018-07-18,278,278,278,278,1416,-1520,0,0
2018-07-19,588,588,588,588,1416,-1520,0,0
2018-07-20,-193,-193,-193,-193,1416,-1520,0,0
2018-07-23,-421,-421,-421,-421,1416,-1520,0,0
2018-07-24,-223,-223,-223,-223,1416,-1520,0,0
2018-07-25,734,734,734,734,1416,-1309,0,0
2018-07-26,504,504,504,504,1416,-1309,0,0
2018-07-27,-1023,-1023,-1023,-1023,1416,-1309,0,0
2018-07-30,-206,-206,-206,-206,1416,-1309,0,0
2018-07-31,1012,1012,1012,1012,1416,-1309,0,0
2018-08-01,-717,-717,-717,-717,1416,-1309,0,0
2018-08-02,541,541,541,541,1416,-1309,0,0
2018-08-03,496,496,496,496,1403,-1309,0,0
2018-08-06,573,573,573,573,1012,-1309,0,0
2018-08-07,183,183,183,183,1012,-1309,0,0
2018-08-08,-197,-197,-197,-197,1012,-1309,0,0
2018-08-09,38,38,38,38,1012,-1023,0,0
2018-08-10,-910,-910,-910,-910,1012,-1023,0,0
2018-08-13,-873,-873,-873,-873,1012,-1023,0,0
2018-08-14,1294,1294,1294,1294,1012,-1023,0,0
2018-08-15,-1023,-1023,-1023,-1023,1294,-1023,0,0
2018-08-16,1399,1399,1399,1399,1294,-1023,0,0
2018-08-17,1148,1148,1148,1148,1399,-1023,0,0
2018-08-20,1131,1131,1131,1131,1399,-1023,0,0
2018-08-21,834,834,834,834,1399,-1023,0,0
2018-08-22,111,111,111,111,1399,-1023,0,0
2018-08-23,-898,-898,-898,-898,1399,-1023,0,0
2018-08-24,1134,1134,1134,1134,1399,-1023,0,0
2018-08-27,719,719,719,719,1399,-1023,0,0
2018-08-28,-161,-161,-161,-161,1399,-1023,0,0
2018-08-29,548,548,548,548,1399,-1023,0,0
2018-08-30,-790,-790,-790,-790,1399,-1023,0,0
2018-08-31,243,243,243,243,1399,-1023,0,0
2018-09-04,-841,-841,-841,-841,1399,-1023,0,0
2018-09-05,-330,-330,-330,-330,1399,-1023,0,0
2018-09-06,-555,-555,-555,-555,1399,-1023,0,0
2018-09-07,-1001,-1001,-1001,-1001,1399,-1023,0,0
2018-09-10,698,698,698,698,1399,-1023,0,0
2018-09-11,94,94,94,94,1399,-1023,0,0
2018-09-12,323,323,323,323,1399,-1023,0,0
2018-09-13,398,398,398,398,1399,-1023,0,0
2018-09-14,64,64,64,64,1399,-1001,0,0
2018-09-17,-607,-607,-607,-607,1148,-1001,0,0
2018-09-18,312,312,312,312,1134,-1001,0,0
2018-09-19,-354,-354,-354,-354,1134,-1001,0,0
2018-09-20,1012,1012,1012,1012,1134,-1001,0,0
2018-09-21,10,10,10,10,1134,-1001,0,0
2018-09-24,-1007,-1007,-1007,-1007,1134,-1001,0,0
2018-09-25,-333,-333,-333,-333,1012,-1007,0,0
2018-09-26,-763,-763,-763,-763,1012,-1007,0,0
2018-09-27,335,335,335,335,1012,-1007,0,0
2018-09-28,336,336,336,336,1012,-1007,0,0
2018-10-01,-528,-528,-528,-528,1012,-1007,0,0
2018-10-02,-682,-682,-682,-682,1012,-1007,0,0
2018-10-03,-38,-38,-38,-38,1012,-1007,0,0
2018-10-04,-1820,-1820,-1820,-1820,1012,-1007,0,0
2018-10-05,-997,-997,-997,-997,1012,-1820,0,0
2018-10-08,23,23,23,23,1012,-1820,0,0
2018-10-09,-135,-135,-135,-135,1012,-1820,0,0
2018-10-10,-2320,-2320,-2320,-2320,1012,-1820,0,0
2018-10-11,-1712,-1712,-1712,-1712,1012,-2320,0,0
2018-10-12,431,431,431,431,1012,-2320,0,0
2018-10-15,580,580,580,580,1012,-2320,0,0
2018-10-16,2019,2019,2019,2019,1012,-2320,0,0
2018-10-17,-756,-756,-756,-756,2019,-2320,0,0
2018-10-18,-1572,-1572,-1572,-1572,2019,-2320,0,0
2018-10-19,-81,-81,-81,-81,2019,-2320,0,0
2018-10-22,-575,-575,-575,-575,2019,-2320,0,0
2018-10-23,-1207,-1207,-1207,-1207,2019,-2320,0,0
2018-10-24,-1675,-1675,-1675,-1675,2019,-2320,0,0
2018-10-25,1331,1331,1331,1331,2019,-2320,0,0
2018-10-26,-1329,-1329,-1329,-1329,2019,-2320,0,0
2018-10-29,-445,-445,-445,-445,2019,-2320,0,0
2018-10-30,1184,1184,1184,1184,2019,-2320,0,0
2018-10-31,632,632,632,632,2019,-2320,0,0
2018-11-01,1545,1545,1545,1545,2019,-2320,0,0
2018-11-02,-397,-397,-397,-397,2019,-2320,0,0
2018-11-05,848,848,848,848,2019,-2320,0,0
2018-11-06,712,712,712,712,2019,-2320,0,0
2018-11-07,1537,1537,1537,1537,2019,-2320,0,0
2018-11-08,-155,-155,-155,-155,2019,-1712,0,0
2018-11-09,-1075,-1075,-1075,-1075,2019,-1675,0,0
2018-11-12,-1353,-1353,-1353,-1353,2019,-1675,0,0
2018-11-13,-91,-91,-91,-91,2019,-1675,0,0
2018-11-14,-650,-650,-650,-650,1545,-1675,0,0
2018-11-15,406,406,406,406,1545,-1675,0,0
2018-11-16,107,107,107,107,1545,-1675,0,0
2018-11-19,-1386,-1386,-1386,-1386,1545,-1675,0,0
2018-11-20,-2094,-2094,-2094,-2094,1545,-1675,0,0
2018-11-21,1383,1383,1383,1383,1545,-2094,0,0
2018-11-23,-326,-326,-326,-326,1545,-2094,0,0
2018-11-26,835,835,835,835,1545,-2094,0,0
2018-11-27,-675,-675,-675,-675,1545,-2094,0,0
2018-11-28,1765,1765,1765,1765,1545,-2094,0,0
2018-11-29,-161,-161,-161,-161,1765,-2094,0,0
2018-11-30,255,255,255,255,1765,-2094,0,0
2018-12-03,1364,1364,1364,1364,1765,-2094,0,0
2018-12-04,-1923,-1923,-1923,-1923,1765,-2094,0,0
2018-12-06,-585,-585,-585,-585,1765,-2094,0,0
2018-12-07,-1062,-1062,-1062,-1062,1765,-2094,0,0
2018-12-10,-966,-966,-966,-966,1765,-2094,0,0
2018-12-11,-310,-310,-310,-310,1765,-2094,0,0
2018-12-12,882,882,882,882,1765,-2094,0,0
2018-12-13,-832,-832,-832,-832,1765,-2094,0,0
2018-12-14,-1622,-1622,-1622,-1622,1765,-2094,0,0
2018-12-17,-2168,-2168,-2168,-2168,1765,-2094,0,0
2018-12-18,-276,-276,-276,-276,1765,-2168,0,0
2018-12-19,-1331,-1331,-1331,-1331,1765,-2168,0,0
2018-12-20,-1763,-1763,-1763,-1763,1765,-2168,0,0
2018-12-21,-1660,-1660,-1660,-1660,1765,-2168,0,0
2018-12-24,-1645,-1645,-1645,-1645,1765,-2168,0,0
2018-12-26,2190,2190,2190,2190,1765,-2168,0,0
2018-12-27,352,352,352,352,2190,-2168,0,0
2018-12-28,849,849,849,849,2190,-2168,0,0
2018-12-31,1271,1271,1271,1271,2190,-2168,0,0
2019-01-02,1210,1210,1210,1210,2190,-2168,0,0
2019-01-03,-457,-457,-457,-457,2190,-2168,0,0
2019-01-04,2399,2399,2399,2399,2190,-2168,0,0
2019-01-07,1729,1729,1729,1729,2399,-2168,0,0
2019-01-08,1654,1654,1654,1654,2399,-2168,0,0
2019-01-09,1019,1019,1019,1019,2399,-2168,0,0
2019-01-10,634,634,634,634,2399,-2168,0,0
2019-01-11,405,405,405,405,2399,-2168,0,0
2019-01-14,-736,-736,-736,-736,2399,-2168,0,0
2019-01-15,824,824,824,824,2399,-2168,0,0
2019-01-16,695,695,695,695,2399,-2168,0,0
2019-01-17,1209,1209,1209,1209,2399,-1763,0,0
2019-01-18,1382,1382,1382,1382,2399,-1763,0,0
2019-01-22,-1552,-1552,-1552,-1552,2399,-1763,0,0
2019-01-23,-32,-32,-32,-32,2399,-1660,0,0
2019-01-24,1042,1042,1042,1042,2399,-1645,0,0
2019-01-25,1543,1543,1543,1543,2399,-1552,0,0
2019-01-28,-259,-259,-259,-259,2399,-1552,0,0
2019-01-29,338,338,338,338,2399,-1552,0,0
2019-01-30,1738,1738,1738,1738,2399,-1552,0,0
2019-01-31,1091,1091,1091,1091,2399,-1552,0,0
2019-02-01,441,441,441,441,2399,-1552,0,0
2019-02-04,1071,1071,1071,1071,2399,-1552,0,0
2019-02-05,715,715,715,715,1738,-1552,0,0
2019-02-06,-573,-573,-573,-573,1738,-1552,0,0
2019-02-07,-1068,-1068,-1068,-1068,1738,-1552,0,0
2019-02-08,-93,-93,-93,-93,1738,-1552,0,0
2019-02-11,901,901,901,901,1738,-1552,0,0
2019-02-12,1460,1460,1460,1460,1738,-1552,0,0
2019-02-13,891,891,891,891,1738,-1552,0,0
2019-02-14,208,208,208,208,1738,-1552,0,0
2019-02-15,1560,1560,1560,1560,1738,-1552,0,0
2019-02-19,764,764,764,764,1738,-1552,0,0
2019-02-20,621,621,621,621,1738,-1552,0,0
2019-02-21,-642,-642,-642,-642,1738,-1068,0,0
2019-02-22,1261,1261,1261,1261,1738,-1068,0,0
2019-02-25,-37,-37,-37,-37,1738,-1068,0,0
2019-02-26,-494,-494,-494,-494,1738,-1068,0,0
2019-02-27,122,122,122,122,1738,-1068,0,0
2019-02-28,-206,-206,-206,-206,1738,-1068,0,0
2019-03-01,883,883,883,883,1560,-1068,0,0
2019-03-04,-318,-318,-318,-318,1560,-1068,0,0
2019-03-05,-113,-113,-113,-113,1560,-1068,0,0
2019-03-06,-1388,-1388,-1388,-1388,1560,-1068,0,0
2019-03-07,-1119,-1119,-1119,-1119,1560,-1388,0,0
2019-03-08,-250,-250,-250,-250,1560,-1388,0,0
2019-03-11,1687,1687,1687,1687,1560,-1388,0,0
2019-03-12,518,518,518,518,1687,-1388,0,0
2019-03-13,1071,1071,1071,1071,1687,-1388,0,0
2019-03-14,-275,-275,-275,-275,1687,-1388,0,0
2019-03-15,472,472,472,472,1687,-1388,0,0
2019-03-18,1020,1020,1020,1020,1687,-1388,0,0
2019-03-19,-558,-558,-558,-558,1687,-1388,0,0
2019-03-20,-274,-274,-274,-274,1687,-1388,0,0
2019-03-21,1287,1287,1287,1287,1687,-1388,0,0
2019-03-22,-1717,-1717,-1717,-1717,1687,-1388,0,0
2019-03-25,133,133,133,133,1687,-1717,0,0
2019-03-26,1344,1344,1344,1344,1687,-1717,0,0
2019-03-27,-205,-205,-205,-205,1687,-1717,0,0
2019-03-28,964,964,964,964,1687,-1717,0,0
2019-03-29,582,582,582,582,1687,-1717,0,0
2019-04-01,1528,1528,1528,1528,1687,-1717,0,0
2019-04-02,-205,-205,-205,-205,1687,-1717,0,0
2019-04-03,498,498,498,498,1687,-1717,0,0
2019-04-04,873,873,873,873,1687,-1717,0,0
2019-04-05,1285,1285,1285,1285,1687,-1717,0,0
2019-04-08,71,71,71,71,1687,-1717,0,0
2019-04-09,-1433,-1433,-1433,-1433,1528,-1717,0,0
2019-04-10,1333,1333,1333,1333,1528,-1717,0,0
2019-04-11,224,224,224,224,1528,-1717,0,0
2019-04-12,797,797,797,797,1528,-1717,0,0
2019-04-15,-167,-167,-167,-167,1528,-1717,0,0
2019-04-16,253,253,253,253,1528,-1717,0,0
2019-04-17,-494,-494,-494,-494,1528,-1717,0,0
2019-04-18,-82,-82,-82,-82,1528,-1717,0,0
2019-04-22,-484,-484,-484,-484,1528,-1717,0,0
2019-04-23,1457,1457,1457,1457,1528,-1433,0,0
2019-04-24,41,41,41,41,1528,-1433,0,0
2019-04-25,-839,-839,-839,-839,1528,-1433,0,0
2019-04-26,961,961,961,961,1528,-1433,0,0
2019-04-29,601,601,601,601,1528,-1433,0,0
2019-04-30,292,292,292,292,1528,-1433,0,0
2019-05-01,-759,-759,-759,-759,1457,-1433,0,0
2019-05-02,-227,-227,-227,-227,1457,-1433,0,0
2019-05-03,1596,1596,1596,1596,1457,-1433,0,0
2019-05-06,-439,-439,-439,-439,1596,-1433,0,0
2019-05-07,-1770,-1770,-1770,-1770,1596,-1433,0,0
2019-05-08,-208,-208,-208,-208,1596,-1770,0,0
2019-05-09,-345,-345,-345,-345,1596,-1770,0,0
2019-05-10,912,912,912,912,1596,-1770,0,0
2019-05-13,-1914,-1914,-1914,-1914,1596,-1770,0,0
2019-05-14,1472,1472,1472,1472,1596,-1914,0,0
2019-05-15,958,958,958,958,1596,-1914,0,0
2019-05-16,1061,1061,1061,1061,1596,-1914,0,0
2019-05-17,-1332,-1332,-1332,-1332,1596,-1914,0,0
2019-05-20,-941,-941,-941,-941,1596,-1914,0,0
2019-05-21,1644,1644,1644,1644,1596,-1914,0,0
2019-05-22,-718,-718,-718,-718,1644,-1914,0,0
2019-05-23,-1539,-1539,-1539,-1539,1644,-1914,0,0
2019-05-24,1011,1011,1011,1011,1644,-1914,0,0
2019-05-28,-911,-911,-911,-911,1644,-1914,0,0
2019-05-29,-926,-926,-926,-926,1644,-1914,0,0
2019-05-30,149,149,149,149,1644,-1914,0,0
2019-05-31,-1062,-1062,-1062,-1062,1644,-1914,0,0
2019-06-03,846,846,846,846,1644,-1914,0,0
2019-06-04,1837,1837,1837,1837,1644,-1914,0,0
2019-06-05,13,13,13,13,1837,-1914,0,0
2019-06-06,450,450,450,450,1837,-1914,0,0
2019-06-07,1385,1385,1385,1385,1837,-1914,0,0
2019-06-10,645,645,645,645,1837,-1914,0,0
2019-06-11,27,27,27,27,1837,-1914,0,0
2019-06-12,-227,-227,-227,-227,1837,-1539,0,0
2019-06-13,1286,1286,1286,1286,1837,-1539,0,0
2019-06-14,-538,-538,-538,-538,1837,-1539,0,0
2019-06-17,245,245,245,245,1837,-1539,0,0
2019-06-18,1277,1277,1277,1277,1837,-1539,0,0
2019-06-19,562,562,562,562,1837,-1539,0,0
2019-06-20,1309,1309,1309,1309,1837,-1539,0,0
2019-06-21,-732,-732,-732,-732,1837,-1539,0,0
2019-06-24,-661,-661,-661,-661,1837,-1062,0,0
2019-06-25,-932,-932,-932,-932,1837,-1062,0,0
2019-06-26,193,193,193,193,1837,-1062,0,0
2019-06-27,1267,1267,1267,1267,1837,-1062,0,0
2019-06-28,1320,1320,1320,1320,1837,-1062,0,0
2019-07-01,509,509,509,509,1837,-932,0,0
2019-07-02,268,268,268,268,1837,-932,0,0
2019-07-03,1318,1318,1318,1318,1385,-932,0,0
2019-07-05,-37,-37,-37,-37,1385,-932,0,0
2019-07-08,-751,-751,-751,-751,1385,-932,0,0
2019-07-09,111,111,111,111,1320,-932,0,0
2019-07-10,721,721,721,721,1320,-932,0,0
2019-07-11,21,21,21,21,1320,-932,0,0
2019-07-12,895,895,895,895,1320,-932,0,0
2019-07-15,-47,-47,-47,-47,1320,-932,0,0
2019-07-16,135,135,135,135,1320,-932,0,0
2019-07-17,-734,-734,-734,-734,1320,-932,0,0
2019-07-18,277,277,277,277,1320,-932,0,0
2019-07-19,-377,-377,-377,-377,1320,-932,0,0
2019-07-22,-129,-129,-129,-129,1320,-932,0,0
2019-07-23,945,945,945,945,1320,-932,0,0
2019-07-24,1327,1327,1327,1327,1320,-932,0,0
2019-07-25,-1306,-1306,-1306,-1306,1327,-751,0,0
2019-07-26,1049,1049,1049,1049,1327,-1306,0,0
2019-07-29,55,55,55,55,1327,-1306,0,0
2019-07-30,558,558,558,558,1327,-1306,0,0
2019-07-31,-777,-777,-777,-777,1327,-1306,0,0
2019-08-01,-928,-928,-928,-928,1327,-1306,0,0
2019-08-02,-568,-568,-568,-568,1327,-1306,0,0
2019-08-05,-2269,-2269,-2269,-2269,1327,-1306,0,0
2019-08-06,1068,1068,1068,1068,1327,-2269,0,0
2019-08-07,-197,-197,-197,-197,1327,-2269,0,0
2019-08-08,1860,1860,1860,1860,1327,-2269,0,0
2019-08-09,-903,-903,-903,-903,1860,-2269,0,0
2019-08-12,-1152,-1152,-1152,-1152,1860,-2269,0,0
2019-08-13,1232,1232,1232,1232,1860,-2269,0,0
2019-08-14,-1935,-1935,-1935,-1935,1860,-2269,0,0
2019-08-15,150,150,150,150,1860,-2269,0,0
2019-08-16,1661,1661,1661,1661,1860,-2269,0,0
2019-08-19,1439,1439,1439,1439,1860,-2269,0,0
2019-08-20,-629,-629,-629,-629,1860,-2269,0,0
2019-08-21,1165,1165,1165,1165,1860,-2269,0,0
2019-08-22,-213,-213,-213,-213,1860,-2269,0,0
2019-08-23,-1899,-1899,-1899,-1899,1860,-2269,0,0
2019-08-26,895,895,895,895,1860,-2269,0,0
2019-08-27,-922,-922,-922,-922,1860,-2269,0,0
2019-08-28,1178,1178,1178,1178,1860,-2269,0,0
2019-08-29,1582,1582,1582,1582,1860,-2269,0,0
2019-08-30,374,374,374,374,1860,-2269,0,0
2019-09-03,-624,-624,-624,-624,1860,-2269,0,0
2019-09-04,1770,1770,1770,1770,1860,-1935,0,0
2019-09-05,956,956,956,956,1860,-1935,0,0
2019-09-06,404,404,404,404,1860,-1935,0,0
2019-09-09,676,676,676,676,1770,-1935,0,0
2019-09-10,450,450,450,450,1770,-1935,0,0
2019-09-11,1127,1127,1127,1127,1770,-1935,0,0
2019-09-12,44,44,44,44,1770,-1935,0,0
2019-09-13,-286,-286,-286,-286,1770,-1899,0,0
2019-09-16,258,258,258,258,1770,-1899,0,0
2019-09-17,219,219,219,219,1770,-1899,0,0
2019-09-18,-143,-143,-143,-143,1770,-1899,0,0
2019-09-19,150,150,150,150,1770,-1899,0,0
2019-09-20,96,96,96,96,1770,-1899,0,0
2019-09-23,291,291,291,291,1770,-1899,0,0
2019-09-24,-1056,-1056,-1056,-1056,1770,-922,0,0
2019-09-25,815,815,815,815,1770,-1056,0,0
2019-09-26,-385,-385,-385,-385,1770,-1056,0,0
2019-09-27,-203,-203,-203,-203,1770,-1056,0,0
2019-09-30,414,414,414,414,1770,-1056,0,0
2019-10-01,-1259,-1259,-1259,-1259,1770,-1056,0,0
2019-10-02,-1548,-1548,-1548,-1548,1770,-1259,0,0
2019-10-03,788,788,788,788,1127,-1548,0,0
2019-10-04,1375,1375,1375,1375,1127,-1548,0,0
2019-10-07,-663,-663,-663,-663,1375,-1548,0,0
2019-10-08,-1240,-1240,-1240,-1240,1375,-1548,0,0
2019-10-09,830,830,830,830,1375,-1548,0,0
2019-10-10,683,683,683,683,1375,-1548,0,0
2019-10-11,1446,1446,1446,1446,1375,-1548,0,0
2019-10-14,-294,-294,-294,-294,1446,-1548,0,0
2019-10-15,831,831,831,831,1446,-1548,0,0
2019-10-16,134,134,134,134,1446,-1548,0,0
2019-10-17,902,902,902,902,1446,-1548,0,0
2019-10-18,-79,-79,-79,-79,1446,-1548,0,0
2019-10-21,937,937,937,937,1446,-1548,0,0
2019-10-22,502,502,502,502,1446,-1548,0,0
2019-10-23,816,816,816,816,1446,-1548,0,0
2019-10-24,-223,-223,-223,-223,1446,-1548,0,0
2019-10-25,387,387,387,387,1446,-1548,0,0
2019-10-28,256,256,256,256,1446,-1548,0,0
2019-10-29,154,154,154,154,1446,-1548,0,0
2019-10-30,187,187,187,187,1446,-1548,0,0
2019-10-31,-682,-682,-682,-682,1446,-1240,0,0
2019-11-01,1340,1340,1340,1340,1446,-1240,0,0
2019-11-04,686,686,686,686,1446,-1240,0,0
2019-11-05,-230,-230,-230,-230,1446,-1240,0,0
2019-11-06,-290,-290,-290,-290,1446,-682,0,0
2019-11-07,-269,-269,-269,-269,1446,-682,0,0
2019-11-08,132,132,132,132,1446,-682,0,0
2019-11-11,-321,-321,-321,-321,1340,-682,0,0
2019-11-12,-102,-102,-102,-102,1340,-682,0,0
2019-11-13,-212,-212,-212,-212,1340,-682,0,0
2019-11-14,427,427,427,427,1340,-682,0,0
2019-11-15,722,722,722,722,1340,-682,0,0
2019-11-18,-397,-397,-397,-397,1340,-682,0,0
2019-11-19,-156,-156,-156,-156,1340,-682,0,0
2019-11-20,-314,-314,-314,-314,1340,-682,0,0
2019-11-21,-587,-587,-587,-587,1340,-682,0,0
2019-11-22,553,553,553,553,1340,-682,0,0
2019-11-25,1336,1336,1336,1336,1340,-682,0,0
2019-11-26,265,265,265,265,1340,-682,0,0
2019-11-27,698,698,698,698,1340,-682,0,0
2019-11-29,-865,-865,-865,-865,1340,-682,0,0
2019-12-02,-1288,-1288,-1288,-1288,1340,-865,0,0
2019-12-03,-630,-630,-630,-630,1336,-1288,0,0
2019-12-04,1076,1076,1076,1076,1336,-1288,0,0
2019-12-05,225,225,225,225,1336,-1288,0,0
2019-12-06,1377,1377,1377,1377,1336,-1288,0,0
2019-12-09,103,103,103,103,1377,-1288,0,0
2019-12-10,74,74,74,74,1377,-1288,0,0
2019-12-11,794,794,794,794,1377,-1288,0,0
2019-12-12,688,688,688,688,1377,-1288,0,0
2019-12-13,149,149,149,149,1377,-1288,0,0
2019-12-16,1112,1112,1112,1112,1377,-1288,0,0
2019-12-17,732,732,732,732,1377,-1288,0,0
2019-12-18,673,673,673,673,1377,-1288,0,0
2019-12-19,581,581,581,581,1377,-1288,0,0
2019-12-20,536,536,536,536,1377,-1288,0,0
2019-12-23,297,297,297,297,1377,-1288,0,0
2019-12-24,386,386,386,386,1377,-1288,0,0
2019-12-26,654,654,654,654,1377,-1288,0,0
2019-12-27,-167,-167,-167,-167,1377,-1288,0,0
2019-12-30,-370,-370,-370,-370,1377,-1288,0,0
2019-12-31,857,857,857,857,1377,-1288,0,0
2020-01-02,635,635,635,635,1377,-630,0,0
2020-01-03,-154,-154,-154,-154,1377,-370,0,0
2020-01-06,206,206,206,206,1377,-370,0,0
2020-01-07,-366,-366,-366,-366,1377,-370,0,0
2020-01-08,470,470,470,470,1112,-370,0,0
2020-01-09,337,337,337,337,1112,-370,0,0
2020-01-10,-163,-163,-163,-163,1112,-370,0,0
2020-01-13,1161,1161,1161,1161,1112,-370,0,0
2020-01-14,429,429,429,429,1161,-370,0,0
2020-01-15,316,316,316,316,1161,-370,0,0
2020-01-16,1152,1152,1152,1152,1161,-370,0,0
2020-01-17,67,67,67,67,1161,-370,0,0
2020-01-21,-600,-600,-600,-600,1161,-370,0,0
2020-01-22,-13,-13,-13,-13,1161,-600,0,0
2020-01-23,23,23,23,23,1161,-600,0,0
2020-01-24,-1157,-1157,-1157,-1157,1161,-600,0,0
2020-01-27,-1637,-1637,-1637,-1637,1161,-1157,0,0
2020-01-28,1100,1100,1100,1100,1161,-1637,0,0
2020-01-29,4,4,4,4,1161,-1637,0,0
2020-01-30,144,144,144,144,1161,-1637,0,0
2020-01-31,-1641,-1641,-1641,-1641,1161,-1637,0,0
2020-02-03,867,867,867,867,1161,-1641,0,0
2020-02-04,1236,1236,1236,1236,1161,-1641,0,0
2020-02-05,1535,1535,1535,1535,1236,-1641,0,0
2020-02-06,-143,-143,-143,-143,1535,-1641,0,0
2020-02-07,-820,-820,-820,-820,1535,-1641,0,0
2020-02-10,501,501,501,501,1535,-1641,0,0
2020-02-11,1081,1081,1081,1081,1535,-1641,0,0
2020-02-12,597,597,597,597,1535,-1641,0,0
2020-02-13,-23,-23,-23,-23,1535,-1641,0,0
2020-02-14,108,108,108,108,1535,-1641,0,0
2020-02-18,-495,-495,-495,-495,1535,-1641,0,0
2020-02-19,201,201,201,201,1535,-1641,0,0
2020-02-20,676,676,676,676,1535,-1641,0,0
2020-02-21,-1147,-1147,-1147,-1147,1535,-1641,0,0
2020-02-24,-2326,-2326,-2326,-2326,1535,-1641,0,0
2020-02-25,-2260,-2260,-2260,-2260,1535,-2326,0,0
2020-02-26,-921,-921,-921,-921,1535,-2326,0,0
2020-02-27,-2192,-2192,-2192,-2192,1535,-2326,0,0
2020-02-28,-1246,-1246,-1246,-1246,1535,-2326,0,0
2020-03-02,1656,1656,1656,1656,1535,-2326,0,0
2020-03-03,-818,-818,-818,-818,1656,-2326,0,0
2020-03-04,2003,2003,2003,2003,1656,-2326,0,0
2020-03-05,-2183,-2183,-2183,-2183,2003,-2326,0,0
2020-03-06,-1739,-1739,-1739,-1739,2003,-2326,0,0
2020-03-09,-2763,-2763,-2763,-2763,2003,-2326,0,0
2020-03-10,1499,1499,1499,1499,2003,-2763,0,0
2020-03-11,-2470,-2470,-2470,-2470,2003,-2763,0,0
2020-03-12,-2701,-2701,-2701,-2701,2003,-2763,0,0
2020-03-13,2186,2186,2186,2186,2003,-2763,0,0
2020-03-16,-2682,-2682,-2682,-2682,2186,-2763,0,0
2020-03-17,527,527,527,527,2186,-2763,0,0
2020-03-18,-2554,-2554,-2554,-2554,2186,-2763,0,0
2020-03-19,1572,1572,1572,1572,2186,-2763,0,0
2020-03-20,-329,-329,-329,-329,2186,-2763,0,0
2020-03-23,-1572,-1572,-1572,-1572,2186,-2763,0,0
2020-03-24,2433,2433,2433,2433,2186,-2763,0,0
2020-03-25,1786,1786,1786,1786,2433,-2763,0,0
2020-03-26,2180,2180,2180,2180,2433,-2763,0,0
2020-03-27,-1648,-1648,-1648,-1648,2433,-2763,0,0
2020-03-30,581,581,581,581,2433,-2763,0,0
2020-03-31,-314,-314,-314,-314,2433,-2763,0,0
2020-04-01,-2531,-2531,-2531,-2531,2433,-2763,0,0
2020-04-02,519,519,519,519,2433,-2763,0,0
2020-04-03,-1667,-1667,-1667,-1667,2433,-2763,0,0
2020-04-06,2359,2359,2359,2359,2433,-2763,0,0
2020-04-07,1277,1277,1277,1277,2433,-2701,0,0
2020-04-08,2276,2276,2276,2276,2433,-2701,0,0
2020-04-09,2116,2116,2116,2116,2433,-2701,0,0
2020-04-13,-1375,-1375,-1375,-1375,2433,-2682,0,0
2020-04-14,1484,1484,1484,1484,2433,-2682,0,0
2020-04-15,-1944,-1944,-1944,-1944,2433,-2554,0,0
2020-04-16,-722,-722,-722,-722,2433,-2554,0,0
2020-04-17,2060,2060,2060,2060,2433,-2531,0,0
2020-04-20,-1563,-1563,-1563,-1563,2433,-2531,0,0
2020-04-21,-1709,-1709,-1709,-1709,2433,-2531,0,0
2020-04-22,1173,1173,1173,1173,2433,-2531,0,0
2020-04-23,680,680,680,680,2359,-2531,0,0
2020-04-24,714,714,714,714,2359,-2531,0,0
2020-04-27,1650,1650,1650,1650,2359,-2531,0,0
2020-04-28,1265,1265,1265,1265,2359,-2531,0,0
2020-04-29,2233,2233,2233,2233,2359,-2531,0,0
2020-04-30,-1248,-1248,-1248,-1248,2359,-2531,0,0
2020-05-01,-2030,-2030,-2030,-2030,2359,-1944,0,0
2020-05-04,-166,-166,-166,-166,2359,-2030,0,0
2020-05-05,352,352,352,352,2359,-2030,0,0
2020-05-06,-1092,-1092,-1092,-1092,2276,-2030,0,0
2020-05-07,1332,1332,1332,1332,2276,-2030,0,0
2020-05-08,1989,1989,1989,1989,2233,-2030,0,0
2020-05-11,-849,-849,-849,-849,2233,-2030,0,0
2020-05-12,-1486,-1486,-1486,-1486,2233,-2030,0,0
2020-05-13,-2279,-2279,-2279,-2279,2233,-2030,0,0
2020-05-14,293,293,293,293,2233,-2279,0,0
2020-05-15,401,401,401,401,2233,-2279,0,0
2020-05-18,2294,2294,2294,2294,2233,-2279,0,0
2020-05-19,-642,-642,-642,-642,2294,-2279,0,0
2020-05-20,1723,1723,1723,1723,2294,-2279,0,0
2020-05-21,126,126,126,126,2294,-2279,0,0
2020-05-22,394,394,394,394,2294,-2279,0,0
2020-05-26,1994,1994,1994,1994,2294,-2279,0,0
2020-05-27,1824,1824,1824,1824,2294,-2279,0,0
2020-05-28,-445,-445,-445,-445,2294,-2279,0,0
2020-05-29,-32,-32,-32,-32,2294,-2279,0,0
2020-06-01,1503,1503,1503,1503,2294,-2279,0,0
2020-06-02,1405,1405,1405,1405,2294,-2279,0,0
2020-06-03,1789,1789,1789,1789,2294,-2279,0,0
2020-06-04,307,307,307,307,2294,-2279,0,0
2020-06-05,2011,2011,2011,2011,2294,-2279,0,0
2020-06-08,1835,1835,1835,1835,2294,-2279,0,0
2020-06-09,-1633,-1633,-1633,-1633,2294,-2279,0,0
2020-06-10,-1302,-1302,-1302,-1302,2294,-2279,0,0
2020-06-11,-2797,-2797,-2797,-2797,2294,-2279,0,0
2020-06-12,1655,1655,1655,1655,2294,-2797,0,0
2020-06-15,973,973,973,973,2294,-2797,0,0
2020-06-16,1823,1823,1823,1823,2294,-2797,0,0
2020-06-17,-960,-960,-960,-960,2011,-2797,0,0
2020-06-18,-332,-332,-332,-332,2011,-2797,0,0
2020-06-19,-849,-849,-849,-849,2011,-2797,0,0
2020-06-22,145,145,145,145,2011,-2797,0,0
2020-06-23,430,430,430,430,2011,-2797,0,0
2020-06-24,-2231,-2231,-2231,-2231,2011,-2797,0,0
2020-06-25,839,839,839,839,2011,-2797,0,0
2020-06-26,-1760,-1760,-1760,-1760,2011,-2797,0,0
2020-06-29,1516,1516,1516,1516,2011,-2797,0,0
2020-06-30,865,865,865,865,2011,-2797,0,0
2020-07-01,99,99,99,99,2011,-2797,0,0
2020-07-02,712,712,712,712,2011,-2797,0,0
2020-07-06,1160,1160,1160,1160,2011,-2797,0,0
2020-07-07,-1524,-1524,-1524,-1524,1835,-2797,0,0
2020-07-08,525,525,525,525,1823,-2797,0,0
2020-07-09,-1355,-1355,-1355,-1355,1823,-2797,0,0
2020-07-10,1528,1528,1528,1528,1823,-2797,0,0
2020-07-13,-822,-822,-822,-822,1823,-2231,0,0
2020-07-14,889,889,889,889,1823,-2231,0,0
2020-07-15,1996,1996,1996,1996,1823,-2231,0,0
2020-07-16,-213,-213,-213,-213,1996,-2231,0,0
2020-07-17,307,307,307,307,1996,-2231,0,0
2020-07-20,-387,-387,-387,-387,1996,-2231,0,0
2020-07-21,1555,1555,1555,1555,1996,-2231,0,0
2020-07-22,538,538,538,538,1996,-2231,0,0
2020-07-23,-97,-97,-97,-97,1996,-2231,0,0
2020-07-24,-927,-927,-927,-927,1996,-1760,0,0
2020-07-27,573,573,573,573,1996,-1760,0,0
2020-07-28,-229,-229,-229,-229,1996,-1524,0,0
2020-07-29,1813,1813,1813,1813,1996,-1524,0,0
2020-07-30,-907,-907,-907,-907,1996,-1524,0,0
2020-07-31,-419,-419,-419,-419,1996,-1524,0,0
2020-08-03,788,788,788,788,1996,-1524,0,0
2020-08-04,845,845,845,845,1996,-1524,0,0
2020-08-05,1118,1118,1118,1118,1996,-1355,0,0
2020-08-06,-21,-21,-21,-21,1996,-1355,0,0
2020-08-07,833,833,833,833,1996,-927,0,0
2020-08-10,1326,1326,1326,1326,1996,-927,0,0
2020-08-11,-19,-19,-19,-19,1996,-927,0,0
2020-08-12,770,770,770,770,1996,-927,0,0
2020-08-13,-530,-530,-530,-530,1813,-927,0,0
2020-08-14,30,30,30,30,1813,-927,0,0
2020-08-17,77,77,77,77,1813,-927,0,0
2020-08-18,-631,-631,-631,-631,1813,-927,0,0
2020-08-19,-547,-547,-547,-547,1813,-927,0,0
2020-08-20,-558,-558,-558,-558,1813,-927,0,0
2020-08-21,-922,-922,-922,-922,1813,-927,0,0
2020-08-24,1333,1333,1333,1333,1813,-922,0,0
2020-08-25,-87,-87,-87,-87,1813,-922,0,0
2020-08-26,-652,-652,-652,-652,1813,-922,0,0
2020-08-27,361,361,361,361,1333,-922,0,0
2020-08-28,1130,1130,1130,1130,1333,-922,0,0
2020-08-31,-1136,-1136,-1136,-1136,1333,-922,0,0
2020-09-01,790,790,790,790,1333,-1136,0,0
2020-09-02,922,922,922,922,1333,-1136,0,0
2020-09-03,-1757,-1757,-1757,-1757,1333,-1136,0,0
2020-09-04,-617,-617,-617,-617,1333,-1757,0,0
2020-09-08,-1673,-1673,-1673,-1673,1333,-1757,0,0
2020-09-09,1426,1426,1426,1426,1333,-1757,0,0
2020-09-10,-973,-973,-973,-973,1426,-1757,0,0
2020-09-11,-130,-130,-130,-130,1426,-1757,0,0
2020-09-14,1844,1844,1844,1844,1426,-1757,0,0
2020-09-15,274,274,274,274,1844,-1757,0,0
2020-09-16,688,688,688,688,1844,-1757,0,0
2020-09-17,-666,-666,-666,-666,1844,-1757,0,0
2020-09-18,-898,-898,-898,-898,1844,-1757,0,0
2020-09-21,-2117,-2117,-2117,-2117,1844,-1757,0,0
2020-09-22,379,379,379,379,1844,-2117,0,0
2020-09-23,-2360,-2360,-2360,-2360,1844,-2117,0,0
2020-09-24,-64,-64,-64,-64,1844,-2360,0,0
2020-09-25,1290,1290,1290,1290,1844,-2360,0,0
2020-09-28,2062,2062,2062,2062,1844,-2360,0,0
2020-09-29,-753,-753,-753,-753,2062,-2360,0,0
2020-09-30,136,136,136,136,2062,-2360,0,0
2020-10-01,1104,1104,1104,1104,2062,-2360,0,0
2020-10-02,730,730,730,730,2062,-2360,0,0
2020-10-05,1497,1497,1497,1497,2062,-2360,0,0
2020-10-06,-676,-676,-676,-676,2062,-2360,0,0
2020-10-07,1342,1342,1342,1342,2062,-2360,0,0
2020-10-08,1521,1521,1521,1521,2062,-2360,0,0
2020-10-09,68,68,68,68,2062,-2360,0,0
2020-10-12,657,657,657,657,2062,-2360,0,0
2020-10-13,-998,-998,-998,-998,2062,-2360,0,0
2020-10-14,-669,-669,-669,-669,2062,-2360,0,0
2020-10-15,404,404,404,404,2062,-2360,0,0
2020-10-16,-576,-576,-576,-576,2062,-2360,0,0
2020-10-19,-1360,-1360,-1360,-1360,2062,-2360,0,0
2020-10-20,1049,1049,1049,1049,2062,-2360,0,0
2020-10-21,-932,-932,-932,-932,2062,-2360,0,0
2020-10-22,1153,1153,1153,1153,2062,-1360,0,0
2020-10-23,779,779,779,779,2062,-1360,0,0
2020-10-26,-2240,-2240,-2240,-2240,2062,-1360,0,0
2020-10-27,-1143,-1143,-1143,-1143,1521,-2240,0,0
2020-10-28,-2509,-2509,-2509,-2509,1521,-2240,0,0
2020-10-29,969,969,969,969,1521,-2509,0,0
2020-10-30,-636,-636,-636,-636,1521,-2509,0,0
2020-11-02,1440,1440,1440,1440,1521,-2509,0,0
2020-11-03,1801,1801,1801,1801,1521,-2509,0,0
2020-11-04,275,275,275,275,1801,-2509,0,0
2020-11-05,1825,1825,1825,1825,1801,-2509,0,0
2020-11-06,-717,-717,-717,-717,1825,-2509,0,0
2020-11-09,1707,1707,1707,1707,1825,-2509,0,0
2020-11-10,984,984,984,984,1825,-2509,0,0
2020-11-11,52,52,52,52,1825,-2509,0,0
2020-11-12,-1510,-1510,-1510,-1510,1825,-2509,0,0
2020-11-13,1981,1981,1981,1981,1825,-2509,0,0
2020-11-16,1959,1959,1959,1959,1981,-2509,0,0
2020-11-17,411,411,411,411,1981,-2509,0,0
2020-11-18,-739,-739,-739,-739,1981,-2509,0,0
2020-11-19,860,860,860,860,1981,-2509,0,0
2020-11-20,-182,-182,-182,-182,1981,-2509,0,0
2020-11-23,1637,1637,1637,1637,1981,-2509,0,0
2020-11-24,1603,1603,1603,1603,1981,-2509,0,0
2020-11-25,-423,-423,-423,-423,1981,-2509,0,0
2020-11-27,357,357,357,357,1981,-1510,0,0
2020-11-30,-1166,-1166,-1166,-1166,1981,-1510,0,0
2020-12-01,1240,1240,1240,1240,1981,-1510,0,0
2020-12-02,637,637,637,637,1981,-1510,0,0
2020-12-03,948,948,948,948,1981,-1510,0,0
2020-12-04,1761,1761,1761,1761,1981,-1510,0,0
2020-12-07,-439,-439,-439,-439,1981,-1510,0,0
2020-12-08,866,866,866,866,1981,-1510,0,0
2020-12-09,39,39,39,39,1981,-1510,0,0
2020-12-10,212,212,212,212,1981,-1510,0,0
2020-12-11,-516,-516,-516,-516,1981,-1510,0,0
2020-12-14,-680,-680,-680,-680,1981,-1166,0,0
2020-12-15,1581,1581,1581,1581,1959,-1166,0,0
2020-12-16,-233,-233,-233,-233,1761,-1166,0,0
2020-12-17,1042,1042,1042,1042,1761,-1166,0,0
2020-12-18,-398,-398,-398,-398,1761,-1166,0,0
2020-12-21,-755,-755,-755,-755,1761,-1166,0,0
2020-12-22,-460,-460,-460,-460,1761,-1166,0,0
2020-12-23,1118,1118,1118,1118,1761,-1166,0,0
2020-12-24,692,692,692,692,1761,-1166,0,0
2020-12-28,171,171,171,171,1761,-1166,0,0
2020-12-29,-949,-949,-949,-949,1761,-1166,0,0
2020-12-30,1150,1150,1150,1150,1761,-949,0,0
2020-12-31,574,574,574,574,1761,-949,0,0
2021-01-04,-1277,-1277,-1277,-1277,1761,-949,0,0
2021-01-05,1421,1421,1421,1421,1761,-1277,0,0
2021-01-06,825,825,825,825,1581,-1277,0,0
2021-01-07,715,715,715,715,1581,-1277,0,0
2021-01-08,134,134,134,134,1581,-1277,0,0
2021-01-11,-645,-645,-645,-645,1581,-1277,0,0
2021-01-12,1035,1035,1035,1035,1581,-1277,0,0
2021-01-13,184,184,184,184,1581,-1277,0,0
2021-01-14,1224,1224,1224,1224,1581,-1277,0,0
2021-01-15,-1121,-1121,-1121,-1121,1421,-1277,0,0
2021-01-19,797,797,797,797,1421,-1277,0,0
2021-01-20,868,868,868,868,1421,-1277,0,0
2021-01-21,-676,-676,-676,-676,1421,-1277,0,0
2021-01-22,253,253,253,253,1421,-1277,0,0
2021-01-25,-528,-528,-528,-528,1421,-1277,0,0
2021-01-26,-586,-586,-586,-586,1421,-1277,0,0
2021-01-27,-2059,-2059,-2059,-2059,1421,-1277,0,0
2021-01-28,1188,1188,1188,1188,1421,-2059,0,0
2021-01-29,-1338,-1338,-1338,-1338,1421,-2059,0,0
2021-02-01,1786,1786,1786,1786,1421,-2059,0,0
2021-02-02,1657,1657,1657,1657,1786,-2059,0,0
2021-02-03,505,505,505,505,1786,-2059,0,0
2021-02-04,1465,1465,1465,1465,1786,-2059,0,0
2021-02-05,1082,1082,1082,1082,1786,-2059,0,0
2021-02-08,1455,1455,1455,1455,1786,-2059,0,0
2021-02-09,507,507,507,507,1786,-2059,0,0
2021-02-10,45,45,45,45,1786,-2059,0,0
2021-02-11,-249,-249,-249,-249,1786,-2059,0,0
2021-02-12,339,339,339,339,1786,-2059,0,0
2021-02-16,-225,-225,-225,-225,1786,-2059,0,0
2021-02-17,-414,-414,-414,-414,1786,-2059,0,0
2021-02-18,-1112,-1112,-1112,-1112,1786,-2059,0,0
2021-02-19,1070,1070,1070,1070,1786,-2059,0,0
2021-02-22,-165,-165,-165,-165,1786,-2059,0,0
2021-02-23,-755,-755,-755,-755,1786,-2059,0,0
2021-02-24,1070,1070,1070,1070,1786,-2059,0,0
2021-02-25,-2367,-2367,-2367,-2367,1786,-2059,0,0
2021-02-26,-473,-473,-473,-473,1786,-2367,0,0
2021-03-01,1914,1914,1914,1914,1786,-2367,0,0
2021-03-02,-475,-475,-475,-475,1914,-2367,0,0
2021-03-03,-155,-155,-155,-155,1914,-2367,0,0
2021-03-04,-1725,-1725,-1725,-1725,1914,-2367,0,0
2021-03-05,1762,1762,1762,1762,1914,-2367,0,0
2021-03-08,651,651,651,651,1914,-2367,0,0
2021-03-09,688,688,688,688,1914,-2367,0,0
2021-03-10,1529,1529,1529,1529,1914,-2367,0,0
2021-03-11,1511,1511,1511,1511,1914,-2367,0,0
2021-03-12,417,417,417,417,1914,-2367,0,0
2021-03-15,813,813,813,813,1914,-2367,0,0
2021-03-16,-988,-988,-988,-988,1914,-2367,0,0
2021-03-17,382,382,382,382,1914,-2367,0,0
2021-03-18,-1877,-1877,-1877,-1877,1914,-2367,0,0
2021-03-19,332,332,332,332,1914,-2367,0,0
2021-03-22,-330,-330,-330,-330,1914,-2367,0,0
2021-03-23,-1722,-1722,-1722,-1722,1914,-2367,0,0
2021-03-24,-444,-444,-444,-444,1914,-2367,0,0
2021-03-25,949,949,949,949,1914,-2367,0,0
2021-03-26,1765,1765,1765,1765,1914,-1877,0,0
2021-03-29,-1101,-1101,-1101,-1101,1914,-1877,0,0
2021-03-30,857,857,857,857,1765,-1877,0,0
2021-03-31,341,341,341,341,1765,-1877,0,0
2021-04-01,1965,1965,1965,1965,1765,-1877,0,0
2021-04-05,824,824,824,824,1965,-1877,0,0
2021-04-06,695,695,695,695,1965,-1877,0,0
2021-04-07,-400,-400,-400,-400,1965,-1877,0,0
2021-04-08,848,848,848,848,1965,-1877,0,0
2021-04-09,319,319,319,319,1965,-1877,0,0
2021-04-12,34,34,34,34,1965,-1877,0,0
2021-04-13,-82,-82,-82,-82,1965,-1877,0,0
2021-04-14,579,579,579,579,1965,-1877,0,0
2021-04-15,887,887,887,887,1965,-1877,0,0
2021-04-16,402,402,402,402,1965,-1877,0,0
2021-04-19,-1059,-1059,-1059,-1059,1965,-1722,0,0
2021-04-20,-1531,-1531,-1531,-1531,1965,-1722,0,0
2021-04-21,1835,1835,1835,1835,1965,-1722,0,0
2021-04-22,-682,-682,-682,-682,1965,-1531,0,0
2021-04-23,1815,1815,1815,1815,1965,-1531,0,0
2021-04-26,807,807,807,807,1965,-1531,0,0
2021-04-27,-4,-4,-4,-4,1965,-1531,0,0
2021-04-28,581,581,581,581,1965,-1531,0,0
2021-04-29,119,119,119,119,1965,-1531,0,0
2021-04-30,-1106,-1106,-1106,-1106,1965,-1531,0,0
2021-05-03,1208,1208,1208,1208,1835,-1531,0,0
2021-05-04,-435,-435,-435,-435,1835,-1531,0,0
2021-05-05,176,176,176,176,1835,-1531,0,0
2021-05-06,355,355,355,355,1835,-1531,0,0
2021-05-07,1606,1606,1606,1606,1835,-1531,0,0
2021-05-10,-1162,-1162,-1162,-1162,1835,-1531,0,0
2021-05-11,-1514,-1514,-1514,-1514,1835,-1531,0,0
2021-05-12,-2364,-2364,-2364,-2364,1835,-1531,0,0
2021-05-13,1103,1103,1103,1103,1835,-2364,0,0
2021-05-14,2034,2034,2034,2034,1835,-2364,0,0
2021-05-17,205,205,205,205,2034,-2364,0,0
2021-05-18,-235,-235,-235,-235,2034,-2364,0,0
2021-05-19,-983,-983,-983,-983,2034,-2364,0,0
2021-05-20,1104,1104,1104,1104,2034,-2364,0,0
2021-05-21,592,592,592,592,2034,-2364,0,0
2021-05-24,990,990,990,990,2034,-2364,0,0
2021-05-25,-783,-783,-783,-783,2034,-2364,0,0
2021-05-26,1157,1157,1157,1157,2034,-2364,0,0
2021-05-27,846,846,846,846,2034,-2364,0,0
2021-05-28,648,648,648,648,2034,-2364,0,0
2021-06-01,1498,1498,1498,1498,2034,-2364,0,0
2021-06-02,338,338,338,338,2034,-2364,0,0
2021-06-03,-435,-435,-435,-435,2034,-2364,0,0
2021-06-04,876,876,876,876,2034,-2364,0,0
2021-06-07,416,416,416,416,2034,-2364,0,0
2021-06-08,870,870,870,870,2034,-2364,0,0
2021-06-09,-200,-200,-200,-200,2034,-2364,0,0
2021-06-10,201,201,201,201,2034,-2364,0,0
2021-06-11,1034,1034,1034,1034,2034,-983,0,0
2021-06-14,-257,-257,-257,-257,2034,-983,0,0
2021-06-15,-173,-173,-173,-173,1498,-983,0,0
2021-06-16,-729,-729,-729,-729,1498,-983,0,0
2021-06-17,-946,-946,-946,-946,1498,-983,0,0
2021-06-18,-1560,-1560,-1560,-1560,1498,-946,0,0
2021-06-21,1582,1582,1582,1582,1498,-1560,0,0
2021-06-22,289,289,289,289,1582,-1560,0,0
2021-06-23,171,171,171,171,1582,-1560,0,0
2021-06-24,1249,1249,1249,1249,1582,-1560,0,0
2021-06-25,301,301,301,301,1582,-1560,0,0
2021-06-28,-539,-539,-539,-539,1582,-1560,0,0
2021-06-29,-271,-271,-271,-271,1582,-1560,0,0
2021-06-30,495,495,495,495,1582,-1560,0,0
2021-07-01,932,932,932,932,1582,-1560,0,0
2021-07-02,66,66,66,66,1582,-1560,0,0
2021-07-06,-923,-923,-923,-923,1582,-1560,0,0
2021-07-07,-120,-120,-120,-120,1582,-1560,0,0
2021-07-08,-1654,-1654,-1654,-1654,1582,-1560,0,0
2021-07-09,1890,1890,1890,1890,1582,-1654,0,0
2021-07-12,531,531,531,531,1890,-1654,0,0
2021-07-13,-1575,-1575,-1575,-1575,1890,-1654,0,0
2021-07-14,-525,-525,-525,-525,1890,-1654,0,0
2021-07-15,-729,-729,-729,-729,1890,-1654,0,0
2021-07-16,-1349,-1349,-1349,-1349,1890,-1654,0,0
2021-07-19,-2290,-2290,-2290,-2290,1890,-1654,0,0
2021-07-20,2123,2123,2123,2123,1890,-2290,0,0
2021-07-21,1557,1557,1557,1557,2123,-2290,0,0
2021-07-22,-1201,-1201,-1201,-1201,2123,-2290,0,0
2021-07-23,814,814,814,814,2123,-2290,0,0
2021-07-26,408,408,408,408,2123,-2290,0,0
2021-07-27,-917,-917,-917,-917,2123,-2290,0,0
2021-07-28,779,779,779,779,2123,-2290,0,0
2021-07-29,1237,1237,1237,1237,2123,-2290,0,0
2021-07-30,-439,-439,-439,-439,2123,-2290,0,0
2021-08-02,-200,-200,-200,-200,2123,-2290,0,0
2021-08-03,685,685,685,685,2123,-2290,0,0
2021-08-04,-1084,-1084,-1084,-1084,2123,-2290,0,0
2021-08-05,1120,1120,1120,1120,2123,-2290,0,0
2021-08-06,608,608,608,608,2123,-2290,0,0
2021-08-09,-784,-784,-784,-784,2123,-2290,0,0
2021-08-10,254,254,254,254,2123,-2290,0,0
2021-08-11,1116,1116,1116,1116,2123,-2290,0,0
2021-08-12,-275,-275,-275,-275,2123,-2290,0,0
2021-08-13,-138,-138,-138,-138,2123,-2290,0,0
2021-08-16,-957,-957,-957,-957,2123,-2290,0,0
2021-08-17,-1463,-1463,-1463,-1463,2123,-1201,0,0
2021-08-18,-1369,-1369,-1369,-1369,1557,-1463,0,0
2021-08-19,-1311,-1311,-1311,-1311,1237,-1463,0,0
2021-08-20,1386,1386,1386,1386,1237,-1463,0,0
2021-08-23,1223,1223,1223,1223,1386,-1463,0,0
2021-08-24,1174,1174,1174,1174,1386,-1463,0,0
2021-08-25,558,558,558,558,1386,-1463,0,0
2021-08-26,-1574,-1574,-1574,-1574,1386,-1463,0,0
2021-08-27,2163,2163,2163,2163,1386,-1574,0,0
2021-08-30,-458,-458,-458,-458,2163,-1574,0,0
2021-08-31,354,354,354,354,2163,-1574,0,0
2021-09-01,842,842,842,842,2163,-1574,0,0
2021-09-02,950,950,950,950,2163,-1574,0,0
2021-09-03,-535,-535,-535,-535,2163,-1574,0,0
2021-09-07,-1257,-1257,-1257,-1257,2163,-1574,0,0
2021-09-08,-754,-754,-754,-754,2163,-1574,0,0
2021-09-09,-44,-44,-44,-44,2163,-1574,0,0
2021-09-10,-838,-838,-838,-838,2163,-1574,0,0
2021-09-13,772,772,772,772,2163,-1574,0,0
2021-09-14,-1228,-1228,-1228,-1228,2163,-1574,0,0
2021-09-15,1263,1263,1263,1263,2163,-1574,0,0
2021-09-16,-268,-268,-268,-268,2163,-1574,0,0
2021-09-17,-868,-868,-868,-868,2163,-1574,0,0
2021-09-20,-2184,-2184,-2184,-2184,2163,-1574,0,0
2021-09-21,288,288,288,288,2163,-2184,0,0
2021-09-22,1960,1960,1960,1960,2163,-2184,0,0
2021-09-23,952,952,952,952,2163,-2184,0,0
2021-09-24,-620,-620,-620,-620,2163,-2184,0,0
2021-09-27,563,563,563,563,2163,-2184,0,0
2021-09-28,-1945,-1945,-1945,-1945,1960,-2184,0,0
2021-09-29,544,544,544,544,1960,-2184,0,0
2021-09-30,-882,-882,-882,-882,1960,-2184,0,0
2021-10-01,1263,1263,1263,1263,1960,-2184,0,0
2021-10-04,-933,-933,-933,-933,1960,-2184,0,0
2021-10-05,486,486,486,486,1960,-2184,0,0
2021-10-06,-213,-213,-213,-213,1960,-2184,0,0
2021-10-07,1241,1241,1241,1241,1960,-2184,0,0
2021-10-08,-315,-315,-315,-315,1960,-2184,0,0
2021-10-11,-426,-426,-426,-426,1960,-2184,0,0
2021-10-12,651,651,651,651,1960,-2184,0,0
2021-10-13,761,761,761,761,1960,-2184,0,0
2021-10-14,1760,1760,1760,1760,1960,-2184,0,0
2021-10-15,-92,-92,-92,-92,1960,-2184,0,0
2021-10-18,-95,-95,-95,-95,1960,-2184,0,0
2021-10-19,458,458,458,458,1960,-1945,0,0
2021-10-20,1173,1173,1173,1173,1960,-1945,0,0
2021-10-21,-188,-188,-188,-188,1760,-1945,0,0
2021-10-22,28,28,28,28,1760,-1945,0,0
2021-10-25,858,858,858,858,1760,-1945,0,0
2021-10-26,-294,-294,-294,-294,1760,-1945,0,0
2021-10-27,-1412,-1412,-1412,-1412,1760,-933,0,0
2021-10-28,1214,1214,1214,1214,1760,-1412,0,0
2021-10-29,-76,-76,-76,-76,1760,-1412,0,0
2021-11-01,1624,1624,1624,1624,1760,-1412,0,0
2021-11-02,-242,-242,-242,-242,1760,-1412,0,0
2021-11-03,1074,1074,1074,1074,1760,-1412,0,0
2021-11-04,-355,-355,-355,-355,1760,-1412,0,0
2021-11-05,1021,1021,1021,1021,1760,-1412,0,0
2021-11-08,316,316,316,316,1760,-1412,0,0
2021-11-09,-205,-205,-205,-205,1760,-1412,0,0
2021-11-10,-1205,-1205,-1205,-1205,1760,-1412,0,0
2021-11-11,475,475,475,475,1760,-1412,0,0
2021-11-12,201,201,201,201,1624,-1412,0,0
2021-11-15,-272,-272,-272,-272,1624,-1412,0,0
2021-11-16,-294,-294,-294,-294,1624,-1412,0,0
2021-11-17,-1105,-1105,-1105,-1105,1624,-1412,0,0
2021-11-18,-1005,-1005,-1005,-1005,1624,-1412,0,0
2021-11-19,-1013,-1013,-1013,-1013,1624,-1412,0,0
2021-11-22,-355,-355,-355,-355,1624,-1412,0,0
2021-11-23,-252,-252,-252,-252,1624,-1412,0,0
2021-11-24,337,337,337,337,1624,-1412,0,0
2021-11-26,-2316,-2316,-2316,-2316,1624,-1205,0,0
2021-11-29,274,274,274,274,1624,-2316,0,0
2021-11-30,-1957,-1957,-1957,-1957,1624,-2316,0,0
2021-12-01,-1453,-1453,-1453,-1453,1074,-2316,0,0
2021-12-02,1598,1598,1598,1598,1074,-2316,0,0
2021-12-03,-1495,-1495,-1495,-1495,1598,-2316,0,0
2021-12-06,1586,1586,1586,1586,1598,-2316,0,0
2021-12-07,1903,1903,1903,1903,1598,-2316,0,0
2021-12-08,762,762,762,762,1903,-2316,0,0
2021-12-09,-1657,-1657,-1657,-1657,1903,-2316,0,0
2021-12-10,-182,-182,-182,-182,1903,-2316,0,0
2021-12-13,-1269,-1269,-1269,-1269,1903,-2316,0,0
2021-12-14,-1362,-1362,-1362,-1362,1903,-2316,0,0
2021-12-15,996,996,996,996,1903,-2316,0,0
2021-12-16,-281,-281,-281,-281,1903,-2316,0,0
2021-12-17,-523,-523,-523,-523,1903,-2316,0,0
2021-12-20,-1998,-1998,-1998,-1998,1903,-2316,0,0
2021-12-21,2099,2099,2099,2099,1903,-2316,0,0
2021-12-22,1599,1599,1599,1599,2099,-2316,0,0
2021-12-23,1163,1163,1163,1163,2099,-2316,0,0
2021-12-27,1136,1136,1136,1136,2099,-2316,0,0
2021-12-28,-184,-184,-184,-184,2099,-1998,0,0
2021-12-29,355,355,355,355,2099,-1998,0,0
2021-12-30,399,399,399,399,2099,-1998,0,0
2021-12-31,657,657,657,657,2099,-1998,0,0
2022-01-03,510,510,510,510,2099,-1998,0,0
2022-01-04,56,56,56,56,2099,-1998,0,0
2022-01-05,-2099,-2099,-2099,-2099,2099,-1998,0,0
2022-01-06,370,370,370,370,2099,-2099,0,0
2022-01-07,77,77,77,77,2099,-2099,0,0
2022-01-10,-877,-877,-877,-877,2099,-2099,0,0
2022-01-11,1543,1543,1543,1543,2099,-2099,0,0
2022-01-12,84,84,84,84,2099,-2099,0,0
2022-01-13,-212,-212,-212,-212,2099,-2099,0,0
2022-01-14,-662,-662,-662,-662,2099,-2099,0,0
2022-01-18,-2302,-2302,-2302,-2302,2099,-2099,0,0
2022-01-19,-1276,-1276,-1276,-1276,2099,-2302,0,0
2022-01-20,-1613,-1613,-1613,-1613,2099,-2302,0,0
2022-01-21,-1966,-1966,-1966,-1966,1599,-2302,0,0
2022-01-24,-343,-343,-343,-343,1543,-2302,0,0
2022-01-25,-585,-585,-585,-585,1543,-2302,0,0
2022-01-26,-1239,-1239,-1239,-1239,1543,-2302,0,0
2022-01-27,-1477,-1477,-1477,-1477,1543,-2302,0,0
2022-01-28,1175,1175,1175,1175,1543,-2302,0,0
2022-01-31,2052,2052,2052,2052,1543,-2302,0,0
2022-02-01,1541,1541,1541,1541,2052,-2302,0,0
2022-02-02,-403,-403,-403,-403,2052,-2302,0,0
2022-02-03,-2062,-2062,-2062,-2062,2052,-2302,0,0
2022-02-04,-315,-315,-315,-315,2052,-2302,0,0
2022-02-07,167,167,167,167,2052,-2302,0,0
2022-02-08,650,650,650,650,2052,-2302,0,0
2022-02-09,1418,1418,1418,1418,2052,-2302,0,0
2022-02-10,-1642,-1642,-1642,-1642,2052,-2302,0,0
2022-02-11,-1339,-1339,-1339,-1339,2052,-2302,0,0
2022-02-14,-1408,-1408,-1408,-1408,2052,-2302,0,0
2022-02-15,1729,1729,1729,1729,2052,-2302,0,0
2022-02-16,888,888,888,888,2052,-2062,0,0
2022-02-17,-1557,-1557,-1557,-1557,2052,-2062,0,0
2022-02-18,-753,-753,-753,-753,2052,-2062,0,0
2022-02-22,-1824,-1824,-1824,-1824,2052,-2062,0,0
2022-02-23,-1581,-1581,-1581,-1581,2052,-2062,0,0
2022-02-24,477,477,477,477,2052,-2062,0,0
2022-02-25,2045,2045,2045,2045,2052,-2062,0,0
2022-02-28,-141,-141,-141,-141,2052,-2062,0,0
2022-03-01,-580,-580,-580,-580,2052,-2062,0,0
2022-03-02,1389,1389,1389,1389,2045,-2062,0,0
2022-03-03,-493,-493,-493,-493,2045,-2062,0,0
2022-03-04,-1183,-1183,-1183,-1183,2045,-2062,0,0
2022-03-07,-1896,-1896,-1896,-1896,2045,-1824,0,0
2022-03-08,23,23,23,23,2045,-1896,0,0
2022-03-09,1541,1541,1541,1541,2045,-1896,0,0
2022-03-10,-543,-543,-543,-543,2045,-1896,0,0
2022-03-11,-1540,-1540,-1540,-1540,2045,-1896,0,0
2022-03-14,-1557,-1557,-1557,-1557,2045,-1896,0,0
2022-03-15,1234,1234,1234,1234,2045,-1896,0,0
2022-03-16,1902,1902,1902,1902,2045,-1896,0,0
2022-03-17,1858,1858,1858,1858,2045,-1896,0,0
2022-03-18,1088,1088,1088,1088,2045,-1896,0,0
2022-03-21,-677,-677,-677,-677,2045,-1896,0,0
2022-03-22,709,709,709,709,2045,-1896,0,0
2022-03-23,-1010,-1010,-1010,-1010,2045,-1896,0,0
2022-03-24,957,957,957,957,2045,-1896,0,0
2022-03-25,-1,-1,-1,-1,2045,-1896,0,0
2022-03-28,-1,-1,-1,-1,1902,-1896,0,0
2022-03-29,2020,2020,2020,2020,1902,-1896,0,0
2022-03-30,-472,-472,-472,-472,2020,-1896,0,0
2022-03-31,-660,-660,-660,-660,2020,-1896,0,0
2022-04-01,964,964,964,964,2020,-1896,0,0
2022-04-04,336,336,336,336,2020,-1896,0,0
2022-04-05,-2021,-2021,-2021,-2021,2020,-1557,0,0
2022-04-06,-1396,-1396,-1396,-1396,2020,-2021,0,0
2022-04-07,-169,-169,-169,-169,2020,-2021,0,0
2022-04-08,-416,-416,-416,-416,2020,-2021,0,0
2022-04-11,-1281,-1281,-1281,-1281,2020,-2021,0,0
2022-04-12,-6,-6,-6,-6,2020,-2021,0,0
2022-04-13,1511,1511,1511,1511,2020,-2021,0,0
2022-04-14,-896,-896,-896,-896,2020,-2021,0,0
2022-04-18,-842,-842,-842,-842,2020,-2021,0,0
2022-04-19,1119,1119,1119,1119,2020,-2021,0,0
2022-04-20,913,913,913,913,2020,-2021,0,0
2022-04-21,-2008,-2008,-2008,-2008,2020,-2021,0,0
2022-04-22,-2235,-2235,-2235,-2235,2020,-2021,0,0
2022-04-25,-60,-60,-60,-60,2020,-2235,0,0
2022-04-26,-2143,-2143,-2143,-2143,2020,-2235,0,0
2022-04-27,-518,-518,-518,-518,2020,-2235,0,0
2022-04-28,1696,1696,1696,1696,1511,-2235,0,0
2022-04-29,-1869,-1869,-1869,-1869,1696,-2235,0,0
2022-05-02,-451,-451,-451,-451,1696,-2235,0,0
2022-05-03,777,777,777,777,1696,-2235,0,0
2022-05-04,1948,1948,1948,1948,1696,-2235,0,0
2022-05-05,-2395,-2395,-2395,-2395,1948,-2235,0,0
2022-05-06,-1222,-1222,-1222,-1222,1948,-2395,0,0
2022-05-09,-2389,-2389,-2389,-2389,1948,-2395,0,0
2022-05-10,-477,-477,-477,-477,1948,-2395,0,0
2022-05-11,-1350,-1350,-1350,-1350,1948,-2395,0,0
2022-05-12,64,64,64,64,1948,-2395,0,0
2022-05-13,1841,1841,1841,1841,1948,-2395,0,0
2022-05-16,48,48,48,48,1948,-2395,0,0
2022-05-17,1501,1501,1501,1501,1948,-2395,0,0
2022-05-18,-2110,-2110,-2110,-2110,1948,-2395,0,0
2022-05-19,114,114,114,114,1948,-2395,0,0
2022-05-20,-208,-208,-208,-208,1948,-2395,0,0
2022-05-23,1174,1174,1174,1174,1948,-2395,0,0
2022-05-24,-336,-336,-336,-336,1948,-2395,0,0
2022-05-25,1765,1765,1765,1765,1948,-2395,0,0
2022-05-26,2059,2059,2059,2059,1948,-2395,0,0
2022-05-27,2265,2265,2265,2265,2059,-2395,0,0
2022-05-31,-937,-937,-937,-937,2265,-2395,0,0
2022-06-01,-643,-643,-643,-643,2265,-2395,0,0
2022-06-02,1636,1636,1636,1636,2265,-2395,0,0
2022-06-03,-1386,-1386,-1386,-1386,2265,-2395,0,0
2022-06-06,313,313,313,313,2265,-2389,0,0
2022-06-07,1226,1226,1226,1226,2265,-2389,0,0
2022-06-08,-1527,-1527,-1527,-1527,2265,-2110,0,0
2022-06-09,-2200,-2200,-2200,-2200,2265,-2110,0,0
2022-06-10,-2123,-2123,-2123,-2123,2265,-2200,0,0
2022-06-13,-2750,-2750,-2750,-2750,2265,-2200,0,0
2022-06-14,-756,-756,-756,-756,2265,-2750,0,0
2022-06-15,1408,1408,1408,1408,2265,-2750,0,0
2022-06-16,-2394,-2394,-2394,-2394,2265,-2750,0,0
2022-06-17,640,640,640,640,2265,-2750,0,0
2022-06-21,1369,1369,1369,1369,2265,-2750,0,0
2022-06-22,-193,-193,-193,-193,2265,-2750,0,0
2022-06-23,619,619,619,619,2265,-2750,0,0
2022-06-24,1925,1925,1925,1925,2265,-2750,0,0
2022-06-27,289,289,289,289,2265,-2750,0,0
2022-06-28,-1227,-1227,-1227,-1227,2265,-2750,0,0
2022-06-29,-923,-923,-923,-923,1925,-2750,0,0
2022-06-30,-632,-632,-632,-632,1925,-2750,0,0
2022-07-01,1594,1594,1594,1594,1925,-2750,0,0
2022-07-05,-256,-256,-256,-256,1925,-2750,0,0
2022-07-06,-773,-773,-773,-773,1925,-2750,0,0
2022-07-07,1654,1654,1654,1654,1925,-2750,0,0
2022-07-08,-172,-172,-172,-172,1925,-2750,0,0
2022-07-11,-1188,-1188,-1188,-1188,1925,-2750,0,0
2022-07-12,-369,-369,-369,-369,1925,-2750,0,0
2022-07-13,-346,-346,-346,-346,1925,-2750,0,0
2022-07-14,-1451,-1451,-1451,-1451,1925,-2394,0,0
2022-07-15,2026,2026,2026,2026,1925,-2394,0,0
2022-07-18,148,148,148,148,2026,-2394,0,0
2022-07-19,2042,2042,2042,2042,2026,-1451,0,0
2022-07-20,1130,1130,1130,1130,2042,-1451,0,0
2022-07-21,728,728,728,728,2042,-1451,0,0
2022-07-22,-563,-563,-563,-563,2042,-1451,0,0
2022-07-25,598,598,598,598,2042,-1451,0,0
2022-07-26,-681,-681,-681,-681,2042,-1451,0,0
2022-07-27,2036,2036,2036,2036,2042,-1451,0,0
2022-07-28,1616,1616,1616,1616,2042,-1451,0,0
2022-07-29,1341,1341,1341,1341,2042,-1451,0,0
2022-08-01,245,245,245,245,2042,-1451,0,0
2022-08-02,-271,-271,-271,-271,2042,-1451,0,0
2022-08-03,1235,1235,1235,1235,2042,-1451,0,0
2022-08-04,-151,-151,-151,-151,2042,-1451,0,0
2022-08-05,-186,-186,-186,-186,2042,-1451,0,0
2022-08-08,1036,1036,1036,1036,2042,-1451,0,0
2022-08-09,-954,-954,-954,-954,2042,-1451,0,0
2022-08-10,2186,2186,2186,2186,2042,-1451,0,0
2022-08-11,510,510,510,510,2186,-1451,0,0
2022-08-12,1872,1872,1872,1872,2186,-954,0,0
2022-08-15,7,7,7,7,2186,-954,0,0
2022-08-16,230,230,230,230,2186,-954,0,0
2022-08-17,-1865,-1865,-1865,-1865,2186,-954,0,0
2022-08-18,521,521,521,521,2186,-1865,0,0
2022-08-19,-2196,-2196,-2196,-2196,2186,-1865,0,0
2022-08-22,-2059,-2059,-2059,-2059,2186,-2196,0,0
2022-08-23,-125,-125,-125,-125,2186,-2196,0,0
2022-08-24,767,767,767,767,2186,-2196,0,0
2022-08-25,1813,1813,1813,1813,2186,-2196,0,0
2022-08-26,-2228,-2228,-2228,-2228,2186,-2196,0,0
2022-08-29,-1007,-1007,-1007,-1007,2186,-2228,0,0
2022-08-30,-1787,-1787,-1787,-1787,2186,-2228,0,0
2022-08-31,-1176,-1176,-1176,-1176,2186,-2228,0,0
2022-09-01,-1315,-1315,-1315,-1315,2186,-2228,0,0
2022-09-02,-473,-473,-473,-473,2186,-2228,0,0
2022-09-06,-1128,-1128,-1128,-1128,2186,-2228,0,0
2022-09-07,1569,1569,1569,1569,2186,-2228,0,0
2022-09-08,308,308,308,308,2186,-2228,0,0
2022-09-09,2073,2073,2073,2073,1872,-2228,0,0
2022-09-12,1591,1591,1591,1591,2073,-2228,0,0
2022-09-13,-2360,-2360,-2360,-2360,2073,-2228,0,0
2022-09-14,125,125,125,125,2073,-2360,0,0
2022-09-15,-1331,-1331,-1331,-1331,2073,-2360,0,0
2022-09-16,-1370,-1370,-1370,-1370,2073,-2360,0,0
2022-09-19,453,453,453,453,2073,-2360,0,0
2022-09-20,-2042,-2042,-2042,-2042,2073,-2360,0,0
2022-09-21,-1344,-1344,-1344,-1344,2073,-2360,0,0
2022-09-22,-2017,-2017,-2017,-2017,2073,-2360,0,0
2022-09-23,-2292,-2292,-2292,-2292,2073,-2360,0,0
2022-09-26,-2046,-2046,-2046,-2046,2073,-2360,0,0
2022-09-27,-49,-49,-49,-49,2073,-2360,0,0
2022-09-28,2286,2286,2286,2286,2073,-2360,0,0
2022-09-29,-2011,-2011,-2011,-2011,2286,-2360,0,0
2022-09-30,-408,-408,-408,-408,2286,-2360,0,0
2022-10-03,2079,2079,2079,2079,2286,-2360,0,0
2022-10-04,2253,2253,2253,2253,2286,-2360,0,0
2022-10-05,-1192,-1192,-1192,-1192,2286,-2360,0,0
2022-10-06,-1122,-1122,-1122,-1122,2286,-2360,0,0
2022-10-07,-2111,-2111,-2111,-2111,2286,-2360,0,0
2022-10-10,-1063,-1063,-1063,-1063,2286,-2360,0,0
2022-10-11,-484,-484,-484,-484,2286,-2360,0,0
2022-10-12,-765,-765,-765,-765,2286,-2292,0,0
2022-10-13,1187,1187,1187,1187,2286,-2292,0,0
2022-10-14,-1811,-1811,-1811,-1811,2286,-2292,0,0
2022-10-17,1940,1940,1940,1940,2286,-2292,0,0
2022-10-18,1256,1256,1256,1256,2286,-2292,0,0
2022-10-19,-1622,-1622,-1622,-1622,2286,-2292,0,0
2022-10-20,-1155,-1155,-1155,-1155,2286,-2292,0,0
2022-10-21,1207,1207,1207,1207,2286,-2292,0,0
2022-10-24,443,443,443,443,2286,-2111,0,0
2022-10-25,2164,2164,2164,2164,2286,-2111,0,0
2022-10-26,595,595,595,595,2286,-2111,0,0
2022-10-27,257,257,257,257,2253,-2111,0,0
2022-10-28,1619,1619,1619,1619,2253,-2111,0,0
2022-10-31,-224,-224,-224,-224,2253,-2111,0,0
2022-11-01,581,581,581,581,2253,-2111,0,0
2022-11-02,-1760,-1760,-1760,-1760,2164,-2111,0,0
2022-11-03,-604,-604,-604,-604,2164,-2111,0,0
2022-11-04,1260,1260,1260,1260,2164,-2111,0,0
2022-11-07,822,822,822,822,2164,-1811,0,0
2022-11-08,651,651,651,651,2164,-1811,0,0
2022-11-09,-1893,-1893,-1893,-1893,2164,-1811,0,0
2022-11-10,2428,2428,2428,2428,2164,-1893,0,0
2022-11-11,905,905,905,905,2428,-1893,0,0
2022-11-14,-1310,-1310,-1310,-1310,2428,-1893,0,0
2022-11-15,1526,1526,1526,1526,2428,-1893,0,0
2022-11-16,-914,-914,-914,-914,2428,-1893,0,0
2022-11-17,-869,-869,-869,-869,2428,-1893,0,0
2022-11-18,578,578,578,578,2428,-1893,0,0
2022-11-21,-204,-204,-204,-204,2428,-1893,0,0
2022-11-22,1494,1494,1494,1494,2428,-1893,0,0
2022-11-23,675,675,675,675,2428,-1893,0,0
2022-11-25,793,793,793,793,2428,-1893,0,0
2022-11-28,-1745,-1745,-1745,-1745,2428,-1893,0,0
2022-11-29,416,416,416,416,2428,-1893,0,0
2022-11-30,2171,2171,2171,2171,2428,-1893,0,0
2022-12-01,310,310,310,310,2428,-1893,0,0
2022-12-02,251,251,251,251,2428,-1893,0,0
2022-12-05,-2112,-2112,-2112,-2112,2428,-1893,0,0
2022-12-06,-1279,-1279,-1279,-1279,2428,-2112,0,0
2022-12-07,-96,-96,-96,-96,2428,-2112,0,0
2022-12-08,309,309,309,309,2428,-2112,0,0
2022-12-09,-1316,-1316,-1316,-1316,2428,-2112,0,0
2022-12-12,823,823,823,823,2171,-2112,0,0
2022-12-13,1143,1143,1143,1143,2171,-2112,0,0
2022-12-14,-505,-505,-505,-505,2171,-2112,0,0
2022-12-15,-1874,-1874,-1874,-1874,2171,-2112,0,0
2022-12-16,-1071,-1071,-1071,-1071,2171,-2112,0,0
2022-12-19,-1243,-1243,-1243,-1243,2171,-2112,0,0
2022-12-20,141,141,141,141,2171,-2112,0,0
2022-12-21,1566,1566,1566,1566,2171,-2112,0,0
2022-12-22,-1660,-1660,-1660,-1660,2171,-2112,0,0
2022-12-23,1030,1030,1030,1030,2171,-2112,0,0
2022-12-27,-409,-409,-409,-409,2171,-2112,0,0
2022-12-28,-1672,-1672,-1672,-1672,2171,-2112,0,0
2022-12-29,2101,2101,2101,2101,2171,-2112,0,0
2022-12-30,-304,-304,-304,-304,2101,-2112,0,0
2023-01-03,649,649,649,649,2101,-2112,0,0
2023-01-04,1832,1832,1832,1832,2101,-2112,0,0
2023-01-05,-526,-526,-526,-526,2101,-1874,0,0
2023-01-06,2198,2198,2198,2198,2101,-1874,0,0
2023-01-09,644,644,644,644,2198,-1874,0,0
2023-01-10,1291,1291,1291,1291,2198,-1874,0,0
2023-01-11,1641,1641,1641,1641,2198,-1874,0,0
2023-01-12,1597,1597,1597,1597,2198,-1874,0,0
2023-01-13,740,740,740,740,2198,-1874,0,0
2023-01-17,236,236,236,236,2198,-1874,0,0
2023-01-18,-961,-961,-961,-961,2198,-1672,0,0
2023-01-19,-504,-504,-504,-504,2198,-1672,0,0
2023-01-20,1771,1771,1771,1771,2198,-1672,0,0
2023-01-23,1367,1367,1367,1367,2198,-1672,0,0
2023-01-24,-104,-104,-104,-104,2198,-1672,0,0
2023-01-25,278,278,278,278,2198,-1672,0,0
2023-01-26,1149,1149,1149,1149,2198,-1672,0,0
2023-01-27,506,506,506,506,2198,-1672,0,0
2023-01-30,-1114,-1114,-1114,-1114,2198,-961,0,0
2023-01-31,2069,2069,2069,2069,2198,-1114,0,0
2023-02-01,1397,1397,1397,1397,2198,-1114,0,0
2023-02-02,1266,1266,1266,1266,2198,-1114,0,0
2023-02-03,-1375,-1375,-1375,-1375,2198,-1114,0,0
2023-02-06,-1555,-1555,-1555,-1555,2198,-1375,0,0
2023-02-07,761,761,761,761,2069,-1555,0,0
2023-02-08,-1012,-1012,-1012,-1012,2069,-1555,0,0
2023-02-09,-1474,-1474,-1474,-1474,2069,-1555,0,0
2023-02-10,139,139,139,139,2069,-1555,0,0
2023-02-13,1541,1541,1541,1541,2069,-1555,0,0
2023-02-14,-34,-34,-34,-34,2069,-1555,0,0
2023-02-15,483,483,483,483,2069,-1555,0,0
2023-02-16,-1436,-1436,-1436,-1436,2069,-1555,0,0
2023-02-17,-343,-343,-343,-343,2069,-1555,0,0
2023-02-21,-2282,-2282,-2282,-2282,2069,-1555,0,0
2023-02-22,244,244,244,244,2069,-2282,0,0
2023-02-23,984,984,984,984,2069,-2282,0,0
2023-02-24,-1267,-1267,-1267,-1267,2069,-2282,0,0
2023-02-27,508,508,508,508,2069,-2282,0,0
2023-02-28,-155,-155,-155,-155,2069,-2282,0,0
2023-03-01,-369,-369,-369,-369,2069,-2282,0,0
2023-03-02,245,245,245,245,1541,-2282,0,0
2023-03-03,1820,1820,1820,1820,1541,-2282,0,0
2023-03-06,-877,-877,-877,-877,1820,-2282,0,0
2023-03-07,-1758,-1758,-1758,-1758,1820,-2282,0,0
2023-03-08,133,133,133,133,1820,-2282,0,0
2023-03-09,-2214,-2214,-2214,-2214,1820,-2282,0,0
2023-03-10,-2090,-2090,-2090,-2090,1820,-2282,0,0
2023-03-13,-1357,-1357,-1357,-1357,1820,-2282,0,0
2023-03-14,1438,1438,1438,1438,1820,-2282,0,0
2023-03-15,-1500,-1500,-1500,-1500,1820,-2282,0,0
2023-03-16,1468,1468,1468,1468,1820,-2282,0,0
2023-03-17,-1868,-1868,-1868,-1868,1820,-2282,0,0
2023-03-20,534,534,534,534,1820,-2282,0,0
2023-03-21,1589,1589,1589,1589,1820,-2282,0,0
2023-03-22,-1450,-1450,-1450,-1450,1820,-2214,0,0
2023-03-23,-831,-831,-831,-831,1820,-2214,0,0
2023-03-24,711,711,711,711,1820,-2214,0,0
2023-03-27,1407,1407,1407,1407,1820,-2214,0,0
2023-03-28,578,578,578,578,1820,-2214,0,0
2023-03-29,1704,1704,1704,1704,1820,-2214,0,0
2023-03-30,1163,1163,1163,1163,1820,-2214,0,0
2023-03-31,1862,1862,1862,1862,1820,-2214,0,0
2023-04-03,90,90,90,90,1862,-2214,0,0
2023-04-04,-1149,-1149,-1149,-1149,1862,-2214,0,0
2023-04-05,-745,-745,-745,-745,1862,-2214,0,0
2023-04-06,312,312,312,312,1862,-2214,0,0
2023-04-10,822,822,822,822,1862,-2090,0,0
2023-04-11,1381,1381,1381,1381,1862,-1868,0,0
2023-04-12,-267,-267,-267,-267,1862,-1868,0,0
2023-04-13,1210,1210,1210,1210,1862,-1868,0,0
2023-04-14,-879,-879,-879,-879,1862,-1868,0,0
2023-04-17,613,613,613,613,1862,-1868,0,0
2023-04-18,-261,-261,-261,-261,1862,-1450,0,0
2023-04-19,-208,-208,-208,-208,1862,-1450,0,0
2023-04-20,-751,-751,-751,-751,1862,-1450,0,0
2023-04-21,-280,-280,-280,-280,1862,-1149,0,0
2023-04-24,266,266,266,266,1862,-1149,0,0
2023-04-25,-2008,-2008,-2008,-2008,1862,-1149,0,0
2023-04-26,-939,-939,-939,-939,1862,-2008,0,0
2023-04-27,1645,1645,1645,1645,1862,-2008,0,0
2023-04-28,1352,1352,1352,1352,1862,-2008,0,0
2023-05-01,-566,-566,-566,-566,1862,-2008,0,0
2023-05-02,-1700,-1700,-1700,-1700,1645,-2008,0,0
2023-05-03,-788,-788,-788,-788,1645,-2008,0,0
2023-05-04,-1193,-1193,-1193,-1193,1645,-2008,0,0
2023-05-05,2065,2065,2065,2065,1645,-2008,0,0
2023-05-08,-215,-215,-215,-215,2065,-2008,0,0
2023-05-09,-556,-556,-556,-556,2065,-2008,0,0
2023-05-10,451,451,451,451,2065,-2008,0,0
2023-05-11,-1077,-1077,-1077,-1077,2065,-2008,0,0
2023-05-12,-343,-343,-343,-343,2065,-2008,0,0
2023-05-15,957,957,957,957,2065,-2008,0,0
2023-05-16,-1773,-1773,-1773,-1773,2065,-2008,0,0
2023-05-17,1543,1543,1543,1543,2065,-2008,0,0
2023-05-18,496,496,496,496,2065,-2008,0,0
2023-05-19,-658,-658,-658,-658,2065,-2008,0,0
2023-05-22,558,558,558,558,2065,-2008,0,0
2023-05-23,-657,-657,-657,-657,2065,-2008,0,0
2023-05-24,-1529,-1529,-1529,-1529,2065,-1773,0,0
2023-05-25,-919,-919,-919,-919,2065,-1773,0,0
2023-05-26,1100,1100,1100,1100,2065,-1773,0,0
2023-05-30,-168,-168,-168,-168,2065,-1773,0,0
2023-05-31,-363,-363,-363,-363,2065,-1773,0,0
2023-06-01,1284,1284,1284,1284,2065,-1773,0,0
2023-06-02,1997,1997,1997,1997,2065,-1773,0,0
2023-06-05,-852,-852,-852,-852,2065,-1773,0,0
2023-06-06,1643,1643,1643,1643,1997,-1773,0,0
2023-06-07,792,792,792,792,1997,-1773,0,0
2023-06-08,-83,-83,-83,-83,1997,-1773,0,0
2023-06-09,-711,-711,-711,-711,1997,-1773,0,0
2023-06-12,48,48,48,48,1997,-1773,0,0
2023-06-13,1115,1115,1115,1115,1997,-1773,0,0
2023-06-14,-630,-630,-630,-630,1997,-1773,0,0
2023-06-15,1390,1390,1390,1390,1997,-1529,0,0
2023-06-16,-693,-693,-693,-693,1997,-1529,0,0
2023-06-20,-1062,-1062,-1062,-1062,1997,-1529,0,0
2023-06-21,33,33,33,33,1997,-1529,0,0
2023-06-22,-924,-924,-924,-924,1997,-1529,0,0
2023-06-23,-1096,-1096,-1096,-1096,1997,-1529,0,0
2023-06-26,864,864,864,864,1997,-1096,0,0
2023-06-27,1261,1261,1261,1261,1997,-1096,0,0
2023-06-28,306,306,306,306,1997,-1096,0,0
2023-06-29,1009,1009,1009,1009,1997,-1096,0,0
2023-06-30,1175,1175,1175,1175,1997,-1096,0,0
2023-07-03,1094,1094,1094,1094,1997,-1096,0,0
2023-07-05,-1193,-1193,-1193,-1193,1643,-1096,0,0
2023-07-06,-2030,-2030,-2030,-2030,1643,-1193,0,0
2023-07-07,1230,1230,1230,1230,1390,-2030,0,0
2023-07-10,1108,1108,1108,1108,1390,-2030,0,0
2023-07-11,1525,1525,1525,1525,1390,-2030,0,0
2023-07-12,1297,1297,1297,1297,1525,-2030,0,0
2023-07-13,1201,1201,1201,1201,1525,-2030,0,0
2023-07-14,-1464,-1464,-1464,-1464,1525,-2030,0,0
2023-07-17,404,404,404,404,1525,-2030,0,0
2023-07-18,1223,1223,1223,1223,1525,-2030,0,0
2023-07-19,876,876,876,876,1525,-2030,0,0
2023-07-20,-495,-495,-495,-495,1525,-2030,0,0
2023-07-21,-40,-40,-40,-40,1525,-2030,0,0
2023-07-24,684,684,684,684,1525,-2030,0,0
2023-07-25,61,61,61,61,1525,-2030,0,0
2023-07-26,791,791,791,791,1525,-2030,0,0
2023-07-27,-1573,-1573,-1573,-1573,1525,-2030,0,0
2023-07-28,1199,1199,1199,1199,1525,-2030,0,0
2023-07-31,1334,1334,1334,1334,1525,-2030,0,0
2023-08-01,-959,-959,-959,-959,1525,-2030,0,0
2023-08-02,-1621,-1621,-1621,-1621,1525,-2030,0,0
2023-08-03,-697,-697,-697,-697,1525,-2030,0,0
2023-08-04,232,232,232,232,1525,-1621,0,0
2023-08-07,776,776,776,776,1525,-1621,0,0
2023-08-08,-705,-705,-705,-705,1525,-1621,0,0
2023-08-09,-320,-320,-320,-320,1334,-1621,0,0
2023-08-10,-339,-339,-339,-339,1334,-1621,0,0
2023-08-11,92,92,92,92,1334,-1621,0,0
2023-08-14,-546,-546,-546,-546,1334,-1621,0,0
2023-08-15,-1963,-1963,-1963,-1963,1334,-1621,0,0
2023-08-16,-1397,-1397,-1397,-1397,1334,-1963,0,0
2023-08-17,-1173,-1173,-1173,-1173,1334,-1963,0,0
2023-08-18,360,360,360,360,1334,-1963,0,0
2023-08-21,-677,-677,-677,-677,1334,-1963,0,0
2023-08-22,-420,-420,-420,-420,1334,-1963,0,0
2023-08-23,1610,1610,1610,1610,1334,-1963,0,0
2023-08-24,-1475,-1475,-1475,-1475,1610,-1963,0,0
2023-08-25,463,463,463,463,1610,-1963,0,0
2023-08-28,1319,1319,1319,1319,1610,-1963,0,0
2023-08-29,1838,1838,1838,1838,1610,-1963,0,0
2023-08-30,563,563,563,563,1838,-1963,0,0
2023-08-31,-127,-127,-127,-127,1838,-1963,0,0
2023-09-01,749,749,749,749,1838,-1963,0,0
2023-09-05,-1688,-1688,-1688,-1688,1838,-1963,0,0
2023-09-06,-724,-724,-724,-724,1838,-1963,0,0
2023-09-07,-842,-842,-842,-842,1838,-1963,0,0
2023-09-08,139,139,139,139,1838,-1963,0,0
2023-09-11,230,230,230,230,1838,-1963,0,0
2023-09-12,-193,-193,-193,-193,1838,-1963,0,0
2023-09-13,-636,-636,-636,-636,1838,-1963,0,0
2023-09-14,1617,1617,1617,1617,1838,-1688,0,0
2023-09-15,-917,-917,-917,-917,1838,-1688,0,0
2023-09-18,-283,-283,-283,-283,1838,-1688,0,0
2023-09-19,-507,-507,-507,-507,1838,-1688,0,0
2023-09-20,-589,-589,-589,-589,1838,-1688,0,0
2023-09-21,-2030,-2030,-2030,-2030,1838,-1688,0,0
2023-09-22,-160,-160,-160,-160,1838,-2030,0,0
2023-09-25,-161,-161,-161,-161,1838,-2030,0,0
2023-09-26,-2016,-2016,-2016,-2016,1838,-2030,0,0
2023-09-27,190,190,190,190,1838,-2030,0,0
2023-09-28,1058,1058,1058,1058,1617,-2030,0,0
2023-09-29,-285,-285,-285,-285,1617,-2030,0,0
2023-10-02,-1766,-1766,-1766,-1766,1617,-2030,0,0
2023-10-03,-1951,-1951,-1951,-1951,1617,-2030,0,0
2023-10-04,581,581,581,581,1617,-2030,0,0
2023-10-05,-293,-293,-293,-293,1617,-2030,0,0
2023-10-06,769,769,769,769,1617,-2030,0,0
2023-10-09,1036,1036,1036,1036,1617,-2030,0,0
2023-10-10,1284,1284,1284,1284,1617,-2030,0,0
2023-10-11,639,639,639,639,1617,-2030,0,0
2023-10-12,-1879,-1879,-1879,-1879,1617,-2030,0,0
2023-10-13,-676,-676,-676,-676,1284,-2030,0,0
2023-10-16,1286,1286,1286,1286,1284,-2030,0,0
2023-10-17,486,486,486,486,1286,-2030,0,0
2023-10-18,-1877,-1877,-1877,-1877,1286,-2030,0,0
2023-10-19,-1708,-1708,-1708,-1708,1286,-2030,0,0
2023-10-20,-1258,-1258,-1258,-1258,1286,-2016,0,0
2023-10-23,-1052,-1052,-1052,-1052,1286,-2016,0,0
2023-10-24,1077,1077,1077,1077,1286,-2016,0,0
2023-10-25,-1523,-1523,-1523,-1523,1286,-1951,0,0
2023-10-26,126,126,126,126,1286,-1951,0,0
2023-10-27,-1391,-1391,-1391,-1391,1286,-1951,0,0
2023-10-30,1030,1030,1030,1030,1286,-1951,0,0
2023-10-31,1180,1180,1180,1180,1286,-1951,0,0
2023-11-01,963,963,963,963,1286,-1879,0,0
2023-11-02,2174,2174,2174,2174,1286,-1879,0,0
2023-11-03,1908,1908,1908,1908,2174,-1879,0,0
2023-11-06,-1227,-1227,-1227,-1227,2174,-1879,0,0
2023-11-07,-429,-429,-429,-429,2174,-1879,0,0
2023-11-08,-419,-419,-419,-419,2174,-1879,0,0
2023-11-09,-1369,-1369,-1369,-1369,2174,-1879,0,0
2023-11-10,1275,1275,1275,1275,2174,-1877,0,0
2023-11-13,-75,-75,-75,-75,2174,-1877,0,0
2023-11-14,2313,2313,2313,2313,2174,-1877,0,0
2023-11-15,240,240,240,240,2313,-1877,0,0
2023-11-16,-671,-671,-671,-671,2313,-1708,0,0
2023-11-17,1125,1125,1125,1125,2313,-1523,0,0
2023-11-20,698,698,698,698,2313,-1523,0,0
2023-11-21,-938,-938,-938,-938,2313,-1523,0,0
2023-11-22,736,736,736,736,2313,-1523,0,0
2023-11-24,1232,1232,1232,1232,2313,-1391,0,0
2023-11-27,-458,-458,-458,-458,2313,-1391,0,0
2023-11-28,26,26,26,26,2313,-1369,0,0
2023-11-29,864,864,864,864,2313,-1369,0,0
2023-11-30,721,721,721,721,2313,-1369,0,0
2023-12-01,1982,1982,1982,1982,2313,-1369,0,0
2023-12-04,-21,-21,-21,-21,2313,-1369,0,0
2023-12-05,-1102,-1102,-1102,-1102,2313,-1369,0,0
2023-12-06,-88,-88,-88,-88,2313,-1369,0,0
2023-12-07,956,956,956,956,2313,-1369,0,0
2023-12-08,360,360,360,360,2313,-1369,0,0
2023-12-11,15,15,15,15,2313,-1102,0,0
2023-12-12,-227,-227,-227,-227,2313,-1102,0,0
2023-12-13,2206,2206,2206,2206,2313,-1102,0,0
2023-12-14,1659,1659,1659,1659,2206,-1102,0,0
2023-12-15,-960,-960,-960,-960,2206,-1102,0,0
2023-12-18,-46,-46,-46,-46,2206,-1102,0,0
2023-12-19,1734,1734,1734,1734,2206,-1102,0,0
2023-12-20,-1522,-1522,-1522,-1522,2206,-1102,0,0
2023-12-21,1679,1679,1679,1679,2206,-1522,0,0
2023-12-22,886,886,886,886,2206,-1522,0,0
2023-12-26,1328,1328,1328,1328,2206,-1522,0,0
2023-12-27,566,566,566,566,2206,-1522,0,0
2023-12-28,-182,-182,-182,-182,2206,-1522,0,0
2023-12-29,-1211,-1211,-1211,-1211,2206,-1522,0,0
2024-01-02,-147,-147,-147,-147,2206,-1522,0,0
2024-01-03,-1212,-1212,-1212,-1212,2206,-1522,0,0
2024-01-04,-90,-90,-90,-90,2206,-1522,0,0
2024-01-05,171,171,171,171,2206,-1522,0,0
2024-01-08,1432,1432,1432,1432,2206,-1522,0,0
2024-01-09,-1078,-1078,-1078,-1078,2206,-1522,0,0
2024-01-10,370,370,370,370,2206,-1522,0,0
2024-01-11,-434,-434,-434,-434,2206,-1522,0,0
2024-01-12,290,290,290,290,2206,-1522,0,0
2024-01-16,-1524,-1524,-1524,-1524,1734,-1522,0,0
2024-01-17,-1360,-1360,-1360,-1360,1734,-1524,0,0
2024-01-18,313,313,313,313,1734,-1524,0,0
2024-01-19,1042,1042,1042,1042,1734,-1524,0,0
2024-01-22,1435,1435,1435,1435,1679,-1524,0,0
2024-01-23,-155,-155,-155,-155,1679,-1524,0,0
2024-01-24,-326,-326,-326,-326,1435,-1524,0,0
2024-01-25,1542,1542,1542,1542,1435,-1524,0,0
2024-01-26,416,416,416,416,1542,-1524,0,0
2024-01-29,1267,1267,1267,1267,1542,-1524,0,0
2024-01-30,-102,-102,-102,-102,1542,-1524,0,0
2024-01-31,-1512,-1512,-1512,-1512,1542,-1524,0,0
2024-02-01,1576,1576,1576,1576,1542,-1524,0,0
2024-02-02,-988,-988,-988,-988,1576,-1524,0,0
2024-02-05,-1796,-1796,-1796,-1796,1576,-1524,0,0
2024-02-06,1191,1191,1191,1191,1576,-1796,0,0
2024-02-07,42,42,42,42,1576,-1796,0,0
2024-02-08,578,578,578,578,1576,-1796,0,0
2024-02-09,937,937,937,937,1576,-1796,0,0
2024-02-12,1509,1509,1509,1509,1576,-1796,0,0
2024-02-13,-2293,-2293,-2293,-2293,1576,-1796,0,0
2024-02-14,1683,1683,1683,1683,1576,-2293,0,0
2024-02-15,1814,1814,1814,1814,1683,-2293,0,0
2024-02-16,-953,-953,-953,-953,1814,-2293,0,0
2024-02-20,-554,-554,-554,-554,1814,-2293,0,0
2024-02-21,34,34,34,34,1814,-2293,0,0
2024-02-22,648,648,648,648,1814,-2293,0,0
2024-02-23,668,668,668,668,1814,-2293,0,0
2024-02-26,-553,-553,-553,-553,1814,-2293,0,0
2024-02-27,409,409,409,409,1814,-2293,0,0
2024-02-28,-256,-256,-256,-256,1814,-2293,0,0
2024-02-29,1069,1069,1069,1069,1814,-2293,0,0
2024-03-01,692,692,692,692,1814,-2293,0,0
2024-03-04,-401,-401,-401,-401,1814,-2293,0,0
2024-03-05,-405,-405,-405,-405,1814,-2293,0,0
2024-03-06,1109,1109,1109,1109,1814,-2293,0,0
2024-03-07,1159,1159,1159,1159,1814,-2293,0,0
2024-03-08,293,293,293,293,1814,-2293,0,0
2024-03-11,-21,-21,-21,-21,1814,-2293,0,0
2024-03-12,281,281,281,281,1814,-2293,0,0
2024-03-13,530,530,530,530,1814,-2293,0,0
2024-03-14,-1575,-1575,-1575,-1575,1814,-953,0,0
2024-03-15,316,316,316,316,1814,-1575,0,0
2024-03-18,56,56,56,56,1159,-1575,0,0
2024-03-19,1047,1047,1047,1047,1159,-1575,0,0
2024-03-20,1542,1542,1542,1542,1159,-1575,0,0
2024-03-21,995,995,995,995,1542,-1575,0,0
2024-03-22,-885,-885,-885,-885,1542,-1575,0,0
2024-03-25,-491,-491,-491,-491,1542,-1575,0,0
2024-03-26,-288,-288,-288,-288,1542,-1575,0,0
2024-03-27,1785,1785,1785,1785,1542,-1575,0,0
2024-03-28,675,675,675,675,1785,-1575,0,0
2024-04-01,-836,-836,-836,-836,1785,-1575,0,0
2024-04-02,-1382,-1382,-1382,-1382,1785,-1575,0,0
2024-04-03,494,494,494,494,1785,-1575,0,0
2024-04-04,-838,-838,-838,-838,1785,-1575,0,0
2024-04-05,476,476,476,476,1785,-1575,0,0
2024-04-08,525,525,525,525,1785,-1575,0,0
2024-04-09,459,459,459,459,1785,-1575,0,0
2024-04-10,-1937,-1937,-1937,-1937,1785,-1575,0,0
2024-04-11,38,38,38,38,1785,-1937,0,0
2024-04-12,-1863,-1863,-1863,-1863,1785,-1937,0,0
2024-04-15,-1891,-1891,-1891,-1891,1785,-1937,0,0
2024-04-16,-815,-815,-815,-815,1785,-1937,0,0
2024-04-17,-76,-76,-76,-76,1785,-1937,0,0
2024-04-18,-74,-74,-74,-74,1785,-1937,0,0
2024-04-19,980,980,980,980,1785,-1937,0,0
2024-04-22,1302,1302,1302,1302,1785,-1937,0,0
2024-04-23,1777,1777,1777,1777,1785,-1937,0,0
2024-04-24,-354,-354,-354,-354,1785,-1937,0,0
2024-04-25,-1127,-1127,-1127,-1127,1785,-1937,0,0
2024-04-26,865,865,865,865,1777,-1937,0,0
2024-04-29,1145,1145,1145,1145,1777,-1937,0,0
2024-04-30,-1794,-1794,-1794,-1794,1777,-1937,0,0
2024-05-01,592,592,592,592,1777,-1937,0,0
2024-05-02,1542,1542,1542,1542,1777,-1937,0,0
2024-05-03,1376,1376,1376,1376,1777,-1937,0,0
2024-05-06,1511,1511,1511,1511,1777,-1937,0,0
2024-05-07,328,328,328,328,1777,-1937,0,0
2024-05-08,-286,-286,-286,-286,1777,-1937,0,0
2024-05-09,1180,1180,1180,1180,1777,-1891,0,0
2024-05-10,-190,-190,-190,-190,1777,-1891,0,0
2024-05-13,118,118,118,118,1777,-1891,0,0
2024-05-14,920,920,920,920,1777,-1794,0,0
2024-05-15,1125,1125,1125,1125,1777,-1794,0,0
2024-05-16,-248,-248,-248,-248,1777,-1794,0,0
2024-05-17,192,192,192,192,1777,-1794,0,0
2024-05-20,50,50,50,50,1777,-1794,0,0
2024-05-21,-108,-108,-108,-108,1777,-1794,0,0
2024-05-22,-1171,-1171,-1171,-1171,1542,-1794,0,0
2024-05-23,-1877,-1877,-1877,-1877,1542,-1794,0,0
2024-05-24,1292,1292,1292,1292,1542,-1877,0,0
2024-05-28,-824,-824,-824,-824,1542,-1877,0,0
2024-05-29,-1869,-1869,-1869,-1869,1542,-1877,0,0
2024-05-30,1423,1423,1423,1423,1542,-1877,0,0
2024-05-31,1522,1522,1522,1522,1542,-1877,0,0
2024-06-03,-166,-166,-166,-166,1522,-1877,0,0
2024-06-04,-632,-632,-632,-632,1522,-1877,0,0
2024-06-05,899,899,899,899,1522,-1877,0,0
2024-06-06,-153,-153,-153,-153,1522,-1877,0,0
2024-06-07,-1281,-1281,-1281,-1281,1522,-1877,0,0
2024-06-10,-24,-24,-24,-24,1522,-1877,0,0
2024-06-11,-705,-705,-705,-705,1522,-1877,0,0
2024-06-12,1108,1108,1108,1108,1522,-1877,0,0
2024-06-13,-744,-744,-744,-744,1522,-1877,0,0
2024-06-14,-1277,-1277,-1277,-1277,1522,-1877,0,0
2024-06-17,519,519,519,519,1522,-1877,0,0
2024-06-18,400,400,400,400,1522,-1877,0,0
2024-06-20,-124,-124,-124,-124,1522,-1877,0,0
2024-06-21,104,104,104,104,1522,-1877,0,0
2024-06-24,1015,1015,1015,1015,1522,-1877,0,0
2024-06-25,-750,-750,-750,-750,1522,-1869,0,0
2024-06-26,-302,-302,-302,-302,1522,-1869,0,0
2024-06-27,568,568,568,568,1522,-1869,0,0
2024-06-28,462,462,462,462,1522,-1281,0,0
2024-07-01,-948,-948,-948,-948,1522,-1281,0,0
2024-07-02,860,860,860,860,1108,-1281,0,0
2024-07-03,1026,1026,1026,1026,1108,-1281,0,0
2024-07-05,-296,-296,-296,-296,1108,-1281,0,0
2024-07-08,170,170,170,170,1108,-1281,0,0
2024-07-09,-711,-711,-711,-711,1108,-1281,0,0
2024-07-10,1378,1378,1378,1378,1108,-1277,0,0
2024-07-11,1923,1923,1923,1923,1378,-1277,0,0
2024-07-12,1424,1424,1424,1424,1923,-1277,0,0
2024-07-15,415,415,415,415,1923,-1277,0,0
2024-07-16,1669,1669,1669,1669,1923,-1277,0,0
2024-07-17,-474,-474,-474,-474,1923,-948,0,0
2024-07-18,-1523,-1523,-1523,-1523,1923,-948,0,0
2024-07-19,-718,-718,-718,-718,1923,-1523,0,0
2024-07-22,1308,1308,1308,1308,1923,-1523,0,0
2024-07-23,107,107,107,107,1923,-1523,0,0
2024-07-24,-1792,-1792,-1792,-1792,1923,-1523,0,0
2024-07-25,875,875,875,875,1923,-1792,0,0
2024-07-26,1696,1696,1696,1696,1923,-1792,0,0
2024-07-29,-477,-477,-477,-477,1923,-1792,0,0
2024-07-30,669,669,669,669,1923,-1792,0,0
2024-07-31,682,682,682,682,1923,-1792,0,0
2024-08-01,-901,-901,-901,-901,1923,-1792,0,0
2024-08-02,-1375,-1375,-1375,-1375,1923,-1792,0,0
2024-08-05,-2310,-2310,-2310,-2310,1923,-1792,0,0
2024-08-06,1323,1323,1323,1323,1923,-2310,0,0
2024-08-07,-473,-473,-473,-473,1923,-2310,0,0
2024-08-08,1638,1638,1638,1638,1923,-2310,0,0
2024-08-09,105,105,105,105,1696,-2310,0,0
2024-08-12,-865,-865,-865,-865,1696,-2310,0,0
2024-08-13,1701,1701,1701,1701,1696,-2310,0,0
2024-08-14,398,398,398,398,1701,-2310,0,0
2024-08-15,1457,1457,1457,1457,1701,-2310,0,0
2024-08-16,815,815,815,815,1701,-2310,0,0
2024-08-19,1432,1432,1432,1432,1701,-2310,0,0
2024-08-20,-842,-842,-842,-842,1701,-2310,0,0
2024-08-21,1393,1393,1393,1393,1701,-2310,0,0
2024-08-22,-873,-873,-873,-873,1701,-2310,0,0
2024-08-23,2143,2143,2143,2143,1701,-2310,0,0
2024-08-26,238,238,238,238,2143,-2310,0,0
2024-08-27,-396,-396,-396,-396,2143,-2310,0,0
2024-08-28,-698,-698,-698,-698,2143,-2310,0,0
2024-08-29,1007,1007,1007,1007,2143,-2310,0,0
2024-08-30,821,821,821,821,2143,-2310,0,0
2024-09-03,-1220,-1220,-1220,-1220,2143,-2310,0,0
2024-09-04,91,91,91,91,2143,-1220,0,0
2024-09-05,-316,-316,-316,-316,2143,-1220,0,0
2024-09-06,-1478,-1478,-1478,-1478,2143,-1220,0,0
2024-09-09,855,855,855,855,2143,-1478,0,0
2024-09-10,121,121,121,121,2143,-1478,0,0
2024-09-11,467,467,467,467,2143,-1478,0,0
2024-09-12,1476,1476,1476,1476,2143,-1478,0,0
2024-09-13,1911,1911,1911,1911,2143,-1478,0,0
2024-09-16,1138,1138,1138,1138,2143,-1478,0,0
2024-09-17,620,620,620,620,2143,-1478,0,0
2024-09-18,-205,-205,-205,-205,2143,-1478,0,0
2024-09-19,1630,1630,1630,1630,2143,-1478,0,0
2024-09-20,-784,-784,-784,-784,2143,-1478,0,0
2024-09-23,348,348,348,348,2143,-1478,0,0
2024-09-24,609,609,609,609,1911,-1478,0,0
2024-09-25,-1107,-1107,-1107,-1107,1911,-1478,0,0
2024-09-26,686,686,686,686,1911,-1478,0,0
2024-09-27,768,768,768,768,1911,-1478,0,0
2024-09-30,181,181,181,181,1911,-1478,0,0
2024-10-01,-417,-417,-417,-417,1911,-1478,0,0
2024-10-02,-174,-174,-174,-174,1911,-1478,0,0
2024-10-03,-814,-814,-814,-814,1911,-1478,0,0
2024-10-04,717,717,717,717,1911,-1478,0,0
2024-10-07,-1296,-1296,-1296,-1296,1911,-1107,0,0
2024-10-08,110,110,110,110,1911,-1296,0,0
2024-10-09,392,392,392,392,1911,-1296,0,0
2024-10-10,-485,-485,-485,-485,1911,-1296,0,0
2024-10-11,1611,1611,1611,1611,1911,-1296,0,0
2024-10-14,491,491,491,491,1630,-1296,0,0
2024-10-15,7,7,7,7,1630,-1296,0,0
2024-10-16,1466,1466,1466,1466,1630,-1296,0,0
2024-10-17,-241,-241,-241,-241,1630,-1296,0,0
2024-10-18,241,241,241,241,1611,-1296,0,0
2024-10-21,-1582,-1582,-1582,-1582,1611,-1296,0,0
2024-10-22,-358,-358,-358,-358,1611,-1582,0,0
2024-10-23,-1309,-1309,-1309,-1309,1611,-1582,0,0
2024-10-24,245,245,245,245,1611,-1582,0,0
2024-10-25,-714,-714,-714,-714,1611,-1582,0,0
2024-10-28,850,850,850,850,1611,-1582,0,0
2024-10-29,-940,-940,-940,-940,1611,-1582,0,0
2024-10-30,91,91,91,91,1611,-1582,0,0
2024-10-31,-1074,-1074,-1074,-1074,1611,-1582,0,0
2024-11-01,-239,-239,-239,-239,1611,-1582,0,0
2024-11-04,520,520,520,520,1611,-1582,0,0
2024-11-05,1693,1693,1693,1693,1611,-1582,0,0
2024-11-06,564,564,564,564,1693,-1582,0,0
2024-11-07,599,599,599,599,1693,-1582,0,0
2024-11-08,676,676,676,676,1693,-1582,0,0
2024-11-11,299,299,299,299,1693,-1582,0,0
2024-11-12,-1639,-1639,-1639,-1639,1693,-1582,0,0
2024-11-13,-531,-531,-531,-531,1693,-1639,0,0
2024-11-14,-664,-664,-664,-664,1693,-1639,0,0
2024-11-15,-778,-778,-778,-778,1693,-1639,0,0
2024-11-18,407,407,407,407,1693,-1639,0,0
2024-11-19,-96,-96,-96,-96,1693,-1639,0,0
2024-11-20,-220,-220,-220,-220,1693,-1639,0,0
2024-11-21,1569,1569,1569,1569,1693,-1639,0,0
2024-11-22,1352,1352,1352,1352,1693,-1639,0,0
2024-11-25,1313,1313,1313,1313,1693,-1639,0,0
2024-11-26,-789,-789,-789,-789,1693,-1639,0,0
2024-11-27,550,550,550,550,1693,-1639,0,0
2024-11-29,900,900,900,900,1693,-1639,0,0
2024-12-02,-320,-320,-320,-320,1693,-1639,0,0
2024-12-03,-503,-503,-503,-503,1693,-1639,0,0
2024-12-04,52,52,52,52,1693,-1639,0,0
2024-12-05,-498,-498,-498,-498,1569,-1639,0,0
2024-12-06,-317,-317,-317,-317,1569,-1639,0,0
2024-12-09,-221,-221,-221,-221,1569,-1639,0,0
2024-12-10,-620,-620,-620,-620,1569,-1639,0,0
2024-12-11,172,172,172,172,1569,-1639,0,0
2024-12-12,-1297,-1297,-1297,-1297,1569,-789,0,0
2024-12-13,-979,-979,-979,-979,1569,-1297,0,0
2024-12-16,-550,-550,-550,-550,1569,-1297,0,0
2024-12-17,-1217,-1217,-1217,-1217,1569,-1297,0,0
2024-12-18,-2305,-2305,-2305,-2305,1569,-1297,0,0
2024-12-19,-877,-877,-877,-877,1569,-2305,0,0
2024-12-20,1274,1274,1274,1274,1569,-2305,0,0
2024-12-23,23,23,23,23,1352,-2305,0,0
2024-12-24,1364,1364,1364,1364,1313,-2305,0,0
2024-12-26,557,557,557,557,1364,-2305,0,0
2024-12-27,-1695,-1695,-1695,-1695,1364,-2305,0,0
2024-12-30,-798,-798,-798,-798,1364,-2305,0,0
2024-12-31,735,735,735,735,1364,-2305,0,0
2025-01-02,306,306,306,306,1364,-2305,0,0
2025-01-03,1417,1417,1417,1417,1364,-2305,0,0
2025-01-06,-408,-408,-408,-408,1417,-2305,0,0
2025-01-07,-922,-922,-922,-922,1417,-2305,0,0
2025-01-08,-329,-329,-329,-329,1417,-2305,0,0
2025-01-10,-1667,-1667,-1667,-1667,1417,-2305,0,0
2025-01-13,265,265,265,265,1417,-2305,0,0
2025-01-14,1378,1378,1378,1378,1417,-2305,0,0
2025-01-15,1901,1901,1901,1901,1417,-2305,0,0
2025-01-16,693,693,693,693,1901,-2305,0,0
2025-01-17,643,643,643,643,1901,-2305,0,0
2025-01-21,1670,1670,1670,1670,1901,-2305,0,0
2025-01-22,-910,-910,-910,-910,1901,-1695,0,0
2025-01-23,345,345,345,345,1901,-1695,0,0
2025-01-24,334,334,334,334,1901,-1695,0,0
2025-01-27,365,365,365,365,1901,-1695,0,0
2025-01-28,-329,-329,-329,-329,1901,-1695,0,0
2025-01-29,-720,-720,-720,-720,1901,-1695,0,0
2025-01-30,1523,1523,1523,1523,1901,-1667,0,0
2025-01-31,-1205,-1205,-1205,-1205,1901,-1667,0,0
2025-02-03,-981,-981,-981,-981,1901,-1667,0,0
2025-02-04,1100,1100,1100,1100,1901,-1667,0,0
2025-02-05,1137,1137,1137,1137,1901,-1667,0,0
2025-02-06,-97,-97,-97,-97,1901,-1667,0,0
2025-02-07,-1280,-1280,-1280,-1280,1901,-1667,0,0
2025-02-10,573,573,573,573,1901,-1667,0,0
2025-02-11,39,39,39,39,1901,-1280,0,0
2025-02-12,-1117,-1117,-1117,-1117,1901,-1280,0,0
2025-02-13,1568,1568,1568,1568,1901,-1280,0,0
2025-02-14,321,321,321,321,1670,-1280,0,0
2025-02-18,458,458,458,458,1670,-1280,0,0
2025-02-19,-389,-389,-389,-389,1670,-1280,0,0
2025-02-20,-366,-366,-366,-366,1568,-1280,0,0
2025-02-21,-1270,-1270,-1270,-1270,1568,-1280,0,0
2025-02-24,-270,-270,-270,-270,1568,-1280,0,0
2025-02-25,447,447,447,447,1568,-1280,0,0
2025-02-26,-30,-30,-30,-30,1568,-1280,0,0
2025-02-27,-953,-953,-953,-953,1568,-1280,0,0
2025-02-28,1015,1015,1015,1015,1568,-1280,0,0
2025-03-03,-1011,-1011,-1011,-1011,1568,-1280,0,0
2025-03-04,-1422,-1422,-1422,-1422,1568,-1280,0,0
2025-03-05,875,875,875,875,1568,-1422,0,0
2025-03-06,-1139,-1139,-1139,-1139,1568,-1422,0,0
2025-03-07,365,365,365,365,1568,-1422,0,0
2025-03-10,-1547,-1547,-1547,-1547,1568,-1422,0,0
2025-03-11,-473,-473,-473,-473,1568,-1547,0,0
2025-03-12,254,254,254,254,1568,-1547,0,0
2025-03-13,-1180,-1180,-1180,-1180,1568,-1547,0,0
2025-03-14,1750,1750,1750,1750,1568,-1547,0,0
2025-03-17,1653,1653,1653,1653,1750,-1547,0,0
2025-03-18,-719,-719,-719,-719,1750,-1547,0,0
2025-03-19,1116,1116,1116,1116,1750,-1547,0,0
2025-03-20,-447,-447,-447,-447,1750,-1547,0,0
2025-03-21,-737,-737,-737,-737,1750,-1547,0,0
2025-03-24,1298,1298,1298,1298,1750,-1547,0,0
2025-03-25,-344,-344,-344,-344,1750,-1547,0,0
2025-03-26,-790,-790,-790,-790,1750,-1547,0,0
2025-03-27,-425,-425,-425,-425,1750,-1547,0,0
2025-03-28,-1548,-1548,-1548,-1548,1750,-1547,0,0
2025-03-31,35,35,35,35,1750,-1548,0,0
2025-04-01,694,694,694,694,1750,-1548,0,0
2025-04-02,1063,1063,1063,1063,1750,-1548,0,0
2025-04-03,-1935,-1935,-1935,-1935,1750,-1548,0,0
2025-04-04,-2124,-2124,-2124,-2124,1750,-1935,0,0
2025-04-07,-1490,-1490,-1490,-1490,1750,-2124,0,0
2025-04-08,-1358,-1358,-1358,-1358,1750,-2124,0,0
2025-04-09,2322,2322,2322,2322,1750,-2124,0,0
2025-04-10,-2046,-2046,-2046,-2046,2322,-2124,0,0
2025-04-11,1081,1081,1081,1081,2322,-2124,0,0
2025-04-14,1592,1592,1592,1592,2322,-2124,0,0
2025-04-15,278,278,278,278,2322,-2124,0,0
2025-04-16,-658,-658,-658,-658,2322,-2124,0,0
2025-04-17,1364,1364,1364,1364,2322,-2124,0,0
2025-04-21,-1881,-1881,-1881,-1881,2322,-2124,0,0
2025-04-22,2167,2167,2167,2167,2322,-2124,0,0
2025-04-23,1275,1275,1275,1275,2322,-2124,0,0
2025-04-24,1800,1800,1800,1800,2322,-2124,0,0
2025-04-25,175,175,175,175,2322,-2124,0,0
2025-04-28,674,674,674,674,2322,-2124,0,0
2025-04-29,794,794,794,794,2322,-2124,0,0
2025-04-30,-305,-305,-305,-305,2322,-2124,0,0
2025-05-01,293,293,293,293,2322,-2124,0,0
2025-05-02,1650,1650,1650,1650,2322,-2124,0,0
2025-05-05,-919,-919,-919,-919,2322,-2124,0,0
2025-05-06,-398,-398,-398,-398,2322,-2046,0,0
2025-05-07,611,611,611,611,2322,-2046,0,0
2025-05-08,811,811,811,811,2322,-2046,0,0
2025-05-09,345,345,345,345,2167,-2046,0,0
2025-05-12,1360,1360,1360,1360,2167,-1881,0,0
2025-05-13,579,579,579,579,2167,-1881,0,0
2025-05-14,-919,-919,-919,-919,2167,-1881,0,0
2025-05-15,795,795,795,795,2167,-1881,0,0
2025-05-16,1101,1101,1101,1101,2167,-1881,0,0
2025-05-19,-348,-348,-348,-348,2167,-1881,0,0
2025-05-20,-536,-536,-536,-536,2167,-919,0,0
2025-05-21,-2162,-2162,-2162,-2162,1800,-919,0,0
2025-05-22,-163,-163,-163,-163,1800,-2162,0,0
2025-05-23,-277,-277,-277,-277,1650,-2162,0,0
2025-05-27,1964,1964,1964,1964,1650,-2162,0,0
2025-05-28,-1356,-1356,-1356,-1356,1964,-2162,0,0
2025-05-29,973,973,973,973,1964,-2162,0,0
2025-05-30,-300,-300,-300,-300,1964,-2162,0,0
2025-06-02,-204,-204,-204,-204,1964,-2162,0,0
2025-06-03,998,998,998,998,1964,-2162,0,0
2025-06-04,7,7,7,7,1964,-2162,0,0
2025-06-05,-3,-3,-3,-3,1964,-2162,0,0
2025-06-06,935,935,935,935,1964,-2162,0,0
2025-06-09,734,734,734,734,1964,-2162,0,0
2025-06-10,777,777,777,777,1964,-2162,0,0
2025-06-11,-188,-188,-188,-188,1964,-2162,0,0
2025-06-12,361,361,361,361,1964,-2162,0,0
2025-06-13,-1633,-1633,-1633,-1633,1964,-2162,0,0
2025-06-16,776,776,776,776,1964,-2162,0,0
2025-06-17,-990,-990,-990,-990,1964,-2162,0,0
2025-06-18,272,272,272,272,1964,-2162,0,0
2025-06-20,-49,-49,-49,-49,1964,-2162,0,0
2025-06-23,907,907,907,907,1964,-1633,0,0
2025-06-24,1254,1254,1254,1254,1964,-1633,0,0
2025-06-25,-1143,-1143,-1143,-1143,1964,-1633,0,0
2025-06-26,1688,1688,1688,1688,1254,-1633,0,0
2025-06-27,268,268,268,268,1688,-1633,0,0
2025-06-30,337,337,337,337,1688,-1633,0,0
2025-07-01,1306,1306,1306,1306,1688,-1633,0,0
2025-07-02,1252,1252,1252,1252,1688,-1633,0,0
2025-07-03,1024,1024,1024,1024,1688,-1633,0,0
2025-07-07,-1584,-1584,-1584,-1584,1688,-1633,0,0
2025-07-08,674,674,674,674,1688,-1633,0,0
2025-07-09,781,781,781,781,1688,-1633,0,0
2025-07-10,969,969,969,969,1688,-1633,0,0
2025-07-11,-1144,-1144,-1144,-1144,1688,-1633,0,0
2025-07-14,94,94,94,94,1688,-1633,0,0
2025-07-15,-1648,-1648,-1648,-1648,1688,-1633,0,0
2025-07-16,564,564,564,564,1688,-1648,0,0
2025-07-17,901,901,901,901,1688,-1648,0,0
2025-07-18,-522,-522,-522,-522,1688,-1648,0,0
2025-07-21,-98,-98,-98,-98,1688,-1648,0,0
2025-07-22,1053,1053,1053,1053,1688,-1648,0,0
2025-07-23,948,948,948,948,1688,-1648,0,0
2025-07-24,-843,-843,-843,-843,1688,-1648,0,0
2025-07-25,565,565,565,565,1688,-1648,0,0
2025-07-28,-868,-868,-868,-868,1306,-1648,0,0
2025-07-29,4,4,4,4,1306,-1648,0,0
2025-07-30,-979,-979,-979,-979,1306,-1648,0,0
2025-07-31,-502,-502,-502,-502,1252,-1648,0,0
2025-08-01,-1001,-1001,-1001,-1001,1053,-1648,0,0
2025-08-04,1753,1753,1753,1753,1053,-1648,0,0
2025-08-05,356,356,356,356,1753,-1648,0,0
2025-08-06,-155,-155,-155,-155,1753,-1648,0,0
2025-08-07,-156,-156,-156,-156,1753,-1648,0,0
2025-08-08,241,241,241,241,1753,-1648,0,0
2025-08-11,-299,-299,-299,-299,1753,-1648,0,0
2025-08-12,1643,1643,1643,1643,1753,-1648,0,0
2025-08-13,1592,1592,1592,1592,1753,-1001,0,0
2025-08-14,-1280,-1280,-1280,-1280,1753,-1001,0,0
2025-08-15,-436,-436,-436,-436,1753,-1280,0,0
2025-08-18,316,316,316,316,1753,-1280,0,0
2025-08-19,328,328,328,328,1753,-1280,0,0
2025-08-20,-119,-119,-119,-119,1753,-1280,0,0
2025-08-21,-359,-359,-359,-359,1753,-1280,0,0
2025-08-22,2167,2167,2167,2167,1753,-1280,0,0
2025-08-25,-984,-984,-984,-984,2167,-1280,0,0
2025-08-26,126,126,126,126,2167,-1280,0,0
2025-08-27,546,546,546,546,2167,-1280,0,0
2025-08-28,78,78,78,78,2167,-1280,0,0
2025-08-29,-82,-82,-82,-82,2167,-1280,0,0
2025-09-02,-945,-945,-945,-945,2167,-1280,0,0
2025-09-03,169,169,169,169,2167,-1280,0,0
2025-09-04,1277,1277,1277,1277,2167,-1280,0,0
2025-09-05,741,741,741,741,2167,-1280,0,0
2025-09-08,304,304,304,304,2167,-1280,0,0
2025-09-09,-574,-574,-574,-574,2167,-1280,0,0
2025-09-10,90,90,90,90,2167,-1280,0,0
2025-09-11,1664,1664,1664,1664,2167,-1280,0,0
2025-09-12,-872,-872,-872,-872,2167,-1280,0,0
2025-09-15,335,335,335,335,2167,-984,0,0
2025-09-16,-225,-225,-225,-225,2167,-984,0,0
2025-09-17,7,7,7,7,2167,-984,0,0
2025-09-18,793,793,793,793,2167,-984,0,0
2025-09-19,-829,-829,-829,-829,2167,-984,0,0
2025-09-22,-6,-6,-6,-6,2167,-984,0,0
2025-09-23,-211,-211,-211,-211,1664,-984,0,0
2025-09-24,-748,-748,-748,-748,1664,-945,0,0
2025-09-25,-1236,-1236,-1236,-1236,1664,-945,0,0
2025-09-26,1017,1017,1017,1017,1664,-1236,0,0
2025-09-29,-52,-52,-52,-52,1664,-1236,0,0
2025-09-30,135,135,135,135,1664,-1236,0,0
2025-10-01,461,461,461,461,1664,-1236,0,0
2025-10-02,-88,-88,-88,-88,1664,-1236,0,0
2025-10-03,554,554,554,554,1664,-1236,0,0
2025-10-06,-208,-208,-208,-208,1664,-1236,0,0
2025-10-07,-971,-971,-971,-971,1664,-1236,0,0
2025-10-08,478,478,478,478,1664,-1236,0,0
2025-10-09,-1378,-1378,-1378,-1378,1664,-1236,0,0
2025-10-10,-1883,-1883,-1883,-1883,1017,-1378,0,0
2025-10-13,1529,1529,1529,1529,1017,-1883,0,0
2025-10-14,873,873,873,873,1529,-1883,0,0
2025-10-15,624,624,624,624,1529,-1883,0,0
2025-10-16,-1204,-1204,-1204,-1204,1529,-1883,0,0
2025-10-17,-19,-19,-19,-19,1529,-1883,0,0
2025-10-20,1668,1668,1668,1668,1529,-1883,0,0
2025-10-21,346,346,346,346,1668,-1883,0,0
2025-10-22,-449,-449,-449,-449,1668,-1883,0,0
2025-10-23,705,705,705,705,1668,-1883,0,0
2025-10-24,691,691,691,691,1668,-1883,0,0
2025-10-27,360,360,360,360,1668,-1883,0,0
2025-10-28,-747,-747,-747,-747,1668,-1883,0,0
2025-10-29,-1111,-1111,-1111,-1111,1668,-1883,0,0
2025-10-30,-878,-878,-878,-878,1668,-1883,0,0
2025-10-31,411,411,411,411,1668,-1883,0,0
2025-11-03,-372,-372,-372,-372,1668,-1883,0,0
2025-11-04,-990,-990,-990,-990,1668,-1883,0,0
2025-11-05,979,979,979,979,1668,-1883,0,0
2025-11-06,-822,-822,-822,-822,1668,-1883,0,0
2025-11-07,511,511,511,511,1668,-1883,0,0
2025-11-10,895,895,895,895,1668,-1204,0,0
2025-11-11,770,770,770,770,1668,-1204,0,0
2025-11-12,-78,-78,-78,-78,1668,-1204,0,0
2025-11-13,-1557,-1557,-1557,-1557,1668,-1204,0,0
2025-11-14,-349,-349,-349,-349,1668,-1557,0,0
2025-11-17,-1776,-1776,-1776,-1776,1668,-1557,0,0
2025-11-18,106,106,106,106,979,-1776,0,0
2025-11-19,-710,-710,-710,-710,979,-1776,0,0
2025-11-20,-1483,-1483,-1483,-1483,979,-1776,0,0
2025-11-21,1581,1581,1581,1581,979,-1776,0,0
2025-11-24,669,669,669,669,1581,-1776,0,0
2025-11-25,1655,1655,1655,1655,1581,-1776,0,0
2025-11-26,1084,1084,1084,1084,1655,-1776,0,0
2025-11-28,797,797,797,797,1655,-1776,0,0
2025-12-01,-732,-732,-732,-732,1655,-1776,0,0
2025-12-02,-288,-288,-288,-288,1655,-1776,0,0
2025-12-03,1113,1113,1113,1113,1655,-1776,0,0
2025-12-04,-127,-127,-127,-127,1655,-1776,0,0
2025-12-05,-197,-197,-197,-197,1655,-1776,0,0
2025-12-08,-819,-819,-819,-819,1655,-1776,0,0
2025-12-09,221,221,221,221,1655,-1776,0,0
2025-12-10,1049,1049,1049,1049,1655,-1776,0,0
2025-12-11,919,919,919,919,1655,-1776,0,0
2025-12-12,-931,-931,-931,-931,1655,-1776,0,0
2025-12-15,3,3,3,3,1655,-1776,0,0
2025-12-16,-581,-581,-581,-581,1655,-1776,0,0
2025-12-17,-339,-339,-339,-339,1655,-1483,0,0
2025-12-18,647,647,647,647,1655,-1483,0,0
2025-12-19,48,48,48,48,1655,-1483,0,0
2025-12-22,677,677,677,677,1655,-931,0,0
2025-12-23,-485,-485,-485,-485,1655,-931,0,0
2025-12-24,877,877,877,877,1655,-931,0,0
2025-12-26,73,73,73,73,1113,-931,0,0
2025-12-29,-689,-689,-689,-689,1113,-931,0,0
2025-12-30,-117,-117,-117,-117,1113,-931,0,0
2025-12-31,-1270,-1270,-1270,-1270,1113,-931,0,0
2026-01-02,933,933,933,933,1113,-1270,0,0
2026-01-05,984,984,984,984,1049,-1270,0,0
2026-01-06,745,745,745,745,1049,-1270,0,0
2026-01-07,-724,-724,-724,-724,1049,-1270,0,0
2026-01-08,1025,1025,1025,1025,1049,-1270,0,0
2026-01-09,728,728,728,728,1049,-1270,0,0
2026-01-12,380,380,380,380,1025,-1270,0,0
2026-01-13,167,167,167,167,1025,-1270,0,0
2026-01-14,773,773,773,773,1025,-1270,0,0
2026-01-15,922,922,922,922,1025,-1270,0,0
2026-01-16,-362,-362,-362,-362,1025,-1270,0,0
2026-01-20,-1519,-1519,-1519,-1519,1025,-1270,0,0
2026-01-21,1509,1509,1509,1509,1025,-1519,0,0
2026-01-22,634,634,634,634,1509,-1519,0,0
2026-01-23,-551,-551,-551,-551,1509,-1519,0,0
2026-01-26,3,3,3,3,1509,-1519,0,0
2026-01-27,281,281,281,281,1509,-1519,0,0
2026-01-28,-586,-586,-586,-586,1509,-1519,0,0
2026-01-29,404,404,404,404,1509,-1519,0,0
2026-01-30,-386,-386,-386,-386,1509,-1519,0,0
2026-02-02,429,429,429,429,1509,-1519,0,0
2026-02-03,205,205,205,205,1509,-1519,0,0
2026-02-04,364,364,364,364,1509,-1519,0,0
2026-02-05,-908,-908,-908,-908,1509,-1519,0,0
2026-02-06,1592,1592,1592,1592,1509,-1519,0,0
2026-02-09,440,440,440,440,1592,-1519,0,0
2026-02-10,626,626,626,626,1592,-1519,0,0
2026-02-11,155,155,155,155,1592,-1519,0,0
2026-02-12,-1033,-1033,-1033,-1033,1592,-1519,0,0
2026-02-13,1208,1208,1208,1208,1592,-1519,0,0
2026-02-17,138,138,138,138,1592,-1519,0,0
2026-02-18,301,301,301,301,1592,-1519,0,0
2026-02-19,-101,-101,-101,-101,1592,-1033,0,0
2026-02-20,509,509,509,509,1592,-1033,0,0
2026-02-23,-1279,-1279,-1279,-1279,1592,-1033,0,0
2026-02-24,748,748,748,748,1592,-1279,0,0
2026-02-25,434,434,434,434,1592,-1279,0,0
2026-02-26,578,578,578,578,1592,-1279,0,0
2026-02-27,-515,-515,-515,-515,1592,-1279,0,0
2026-03-02,292,292,292,292,1592,-1279,0,0
2026-03-03,-1458,-1458,-1458,-1458,1592,-1279,0,0
2026-03-04,719,719,719,719,1592,-1458,0,0
2026-03-05,-1264,-1264,-1264,-1264,1592,-1458,0,0
2026-03-06,-1469,-1469,-1469,-1469,1592,-1458,0,0
2026-03-09,-321,-321,-321,-321,1592,-1469,0,0
2026-03-10,-148,-148,-148,-148,1208,-1469,0,0
2026-03-11,-684,-684,-684,-684,1208,-1469,0,0
2026-03-12,-1586,-1586,-1586,-1586,1208,-1469,0,0
2026-03-13,-694,-694,-694,-694,1208,-1586,0,0
2026-03-16,1015,1015,1015,1015,1208,-1586,0,0
2026-03-17,937,937,937,937,1015,-1586,0,0
2026-03-18,-1642,-1642,-1642,-1642,1015,-1586,0,0
2026-03-19,-422,-422,-422,-422,1015,-1642,0,0
2026-03-20,-1903,-1903,-1903,-1903,1015,-1642,0,0
2026-03-23,1665,1665,1665,1665,1015,-1903,0,0
2026-03-24,-99,-99,-99,-99,1665,-1903,0,0
2026-03-25,1049,1049,1049,1049,1665,-1903,0,0
2026-03-26,-1191,-1191,-1191,-1191,1665,-1903,0,0
2026-03-27,-1506,-1506,-1506,-1506,1665,-1903,0,0
2026-03-30,-95,-95,-95,-95,1665,-1903,0,0
2026-03-31,1451,1451,1451,1451,1665,-1903,0,0
2026-04-01,795,795,795,795,1665,-1903,0,0
2026-04-02,413,413,413,413,1665,-1903,0,0
2026-04-06,687,687,687,687,1665,-1903,0,0
2026-04-07,-77,-77,-77,-77,1665,-1903,0,0
2026-04-08,1725,1725,1725,1725,1665,-1903,0,0
2026-04-09,691,691,691,691,1725,-1903,0,0
2026-04-10,-302,-302,-302,-302,1725,-1903,0,0
2026-04-13,1095,1095,1095,1095,1725,-1903,0,0
2026-04-14,900,900,900,900,1725,-1903,0,0
2026-04-15,238,238,238,238,1725,-1903,0,0
2026-04-16,-24,-24,-24,-24,1725,-1903,0,0
2026-04-17,1498,1498,1498,1498,1725,-1903,0,0
2026-04-20,159,159,159,159,1725,-1903,0,0
2026-04-21,-1244,-1244,-1244,-1244,1725,-1506,0,0
2026-04-22,240,240,240,240,1725,-1506,0,0
2026-04-23,-257,-257,-257,-257,1725,-1506,0,0
2026-04-24,244,244,244,244,1725,-1506,0,0
2026-04-27,128,128,128,128,1725,-1506,0,0
2026-04-28,-372,-372,-372,-372,1725,-1244,0,0
2026-04-29,-1126,-1126,-1126,-1126,1725,-1244,0,0
2026-04-30,1585,1585,1585,1585,1725,-1244,0,0
2026-05-01,-61,-61,-61,-61,1725,-1244,0,0
2026-05-04,-1177,-1177,-1177,-1177,1725,-1244,0,0
2026-05-05,992,992,992,992,1725,-1244,0,0
2026-05-06,888,888,888,888,1725,-1244,0,0
2026-05-07,-705,-705,-705,-705,1585,-1244,0,0
2026-05-08,443,443,443,443,1585,-1244,0,0
2026-05-11,-580,-580,-580,-580,1585,-1244,0,0
2026-05-12,-661,-661,-661,-661,1585,-1244,0,0
2026-05-13,-652,-652,-652,-652,1585,-1244,0,0
2026-05-14,534,534,534,534,1585,-1244,0,0
2026-05-15,-1556,-1556,-1556,-1556,1585,-1244,0,0
2026-05-18,440,440,440,440,1585,-1556,0,0
2026-05-19,-1132,-1132,-1132,-1132,1585,-1556,0,0
2026-05-20,1394,1394,1394,1394,1585,-1556,0,0
2026-05-21,183,183,183,183,1585,-1556,0,0
2026-05-22,398,398,398,398,1585,-1556,0,0
2026-05-26,915,915,915,915,1585,-1556,0,0
2026-05-27,128,128,128,128,1585,-1556,0,0
2026-05-28,417,417,417,417,1585,-1556,0,0
2026-05-29,-508,-508,-508,-508,1585,-1556,0,0
2026-06-01,-152,-152,-152,-152,1394,-1556,0,0
2026-06-02,215,215,215,215,1394,-1556,0,0
2026-06-03,-1413,-1413,-1413,-1413,1394,-1556,0,0
2026-06-04,1056,1056,1056,1056,1394,-1556,0,0
2026-06-05,-1096,-1096,-1096,-1096,1394,-1556,0,0
2026-06-08,-126,-126,-126,-126,1394,-1556,0,0
2026-06-09,676,676,676,676,1394,-1556,0,0
2026-06-10,-571,-571,-571,-571,1394,-1556,0,0
2026-06-11,1174,1174,1174,1174,1394,-1556,0,0
2026-06-12,808,808,808,808,1394,-1556,0,0
2026-06-15,286,286,286,286,1394,-1556,0,0
2026-06-16,30,30,30,30,1394,-1413,0,0
2026-06-17,-1290,-1290,-1290,-1290,1394,-1413,0,0
2026-06-18,741,741,741,741,1394,-1413,0,0
2026-06-22,-530,-530,-530,-530,1174,-1413,0,0
2026-06-23,53,53,53,53,1174,-1413,0,0
2026-06-24,189,189,189,189,1174,-1413,0,0
2026-06-25,307,307,307,307,1174,-1413,0,0
2026-06-26,758,758,758,758,1174,-1413,0,0
2026-06-29,272,272,272,272,1174,-1413,0,0
2026-06-30,-172,-172,-172,-172,1174,-1413,0,0
2026-07-01,332,332,332,332,1174,-1413,0,0
2026-07-02,551,551,551,551,1174,-1413,0,0
2026-07-06,403,403,403,403,1174,-1290,0,0
2026-07-07,-485,-485,-485,-485,1174,-1290,0,0
2026-07-08,-1079,-1079,-1079,-1079,1174,-1290,0,0
2026-07-09,626,626,626,626,1174,-1290,0,0
2026-07-10,409,409,409,409,1174,-1290,0,0
2026-07-13,-325,-325,-325,-325,1174,-1290,0,0
2026-07-14,480,480,480,480,808,-1290,0,0
2026-07-15,564,564,564,564,758,-1290,0,0
2026-07-16,255,255,255,255,758,-1290,0,0
2026-07-17,-853,-853,-853,-853,758,-1290,0,0
2026-07-20,-698,-698,-698,-698,758,-1079,0,0
2026-07-21,235,235,235,235,758,-1079,0,0
2026-07-22,-350,-350,-350,-350,758,-1079,0,0
2026-07-23,-1237,-1237,-1237,-1237,758,-1079,0,0
2026-07-24,497,497,497,497,758,-1237,0,0
2026-07-27,702,702,702,702,758,-1237,0,0
2026-07-28,658,658,658,658,702,-1237,0,0
2026-07-29,-1041,-1041,-1041,-1041,702,-1237,0,0
2026-07-30,352,352,352,352,702,-1237,0,0
2026-07-31,-162,-162,-162,-162,702,-1237,0,0
2026-08-03,1027,1027,1027,1027,702,-1237,0,0
2026-08-04,882,882,882,882,1027,-1237,0,0
2026-08-05,-489,-489,-489,-489,1027,-1237,0,0
2026-08-06,-629,-629,-629,-629,1027,-1237,0,0
2026-08-07,828,828,828,828,1027,-1237,0,0
2026-08-10,-575,-575,-575,-575,1027,-1237,0,0
2026-08-11,69,69,69,69,1027,-1237,0,0
2026-08-12,219,219,219,219,1027,-1237,0,0
2026-08-13,762,762,762,762,1027,-1237,0,0
2026-08-14,132,132,132,132,1027,-1237,0,0
2026-08-17,-1036,-1036,-1036,-1036,1027,-1237,0,0
2026-08-18,-883,-883,-883,-883,1027,-1237,0,0
2026-08-19,728,728,728,728,1027,-1237,0,0
2026-08-20,-876,-876,-876,-876,1027,-1237,0,0
2026-08-21,561,561,561,561,1027,-1041,0,0
2026-08-24,-15,-15,-15,-15,1027,-1041,0,0
2026-08-25,394,394,394,394,1027,-1041,0,0
2026-08-26,-241,-241,-241,-241,1027,-1041,0,0
2026-08-27,-325,-325,-325,-325,1027,-1036,0,0
2026-08-28,-454,-454,-454,-454,1027,-1036,0,0
2026-08-31,-796,-796,-796,-796,1027,-1036,0,0
2026-09-01,-1142,-1142,-1142,-1142,882,-1036,0,0
2026-09-02,649,649,649,649,828,-1142,0,0
2026-09-03,525,525,525,525,828,-1142,0,0
2026-09-04,-84,-84,-84,-84,828,-1142,0,0
2026-09-08,-842,-842,-842,-842,762,-1142,0,0
2026-09-09,-1412,-1412,-1412,-1412,762,-1142,0,0
2026-09-10,-1277,-1277,-1277,-1277,762,-1412,0,0
2026-09-11,569,569,569,569,762,-1412,0,0
2026-09-14,-571,-571,-571,-571,728,-1412,0,0
2026-09-15,-943,-943,-943,-943,728,-1412,0,0
2026-09-16,-568,-568,-568,-568,728,-1412,0,0
2026-09-17,797,797,797,797,728,-1412,0,0
2026-09-18,-896,-896,-896,-896,797,-1412,0,0
2026-09-21,242,242,242,242,797,-1412,0,0
2026-09-22,-128,-128,-128,-128,797,-1412,0,0
2026-09-23,-1634,-1634,-1634,-1634,797,-1412,0,0
2026-09-24,-877,-877,-877,-877,797,-1634,0,0
2026-09-25,228,228,228,228,797,-1634,0,0