time,open,high,low,close,Prior DC20 upper,Prior DC20 lower,Long signal,Short signal
2006-10-17,0.586,1.036,0.586,0.904,,,0,0
2006-10-18,3,3,0.957,0.974,,,0,0
2006-10-19,0.657,1.006,0.657,0.762,,,0,0
2006-10-20,0.58,0.849,0.454,0.801,,,0,0
2006-10-23,0.58,0.922,0.454,0.752,,,0,0
2006-10-24,0.58,1.355,0.454,1.159,,,0,0
2006-10-25,0.698,0.866,0.683,0.841,,,0,0
2006-10-26,0.661,1.012,0.6,0.789,,,0,0
2006-10-27,0.709,1.12,0.684,1.032,,,0,0
2006-10-30,0.888,0.915,0.773,0.818,,,0,0
2006-10-31,1,1.122,0.605,0.968,,,0,0
2006-11-01,0.584,0.913,0.584,0.913,,,0,0
2006-11-02,0.584,1.138,0.046,0.913,,,0,0
2006-11-03,0.976,1.139,0.045,0.933,,,0,0
2006-11-06,0.976,1.139,0.038,0.755,,,0,0
2006-11-07,0.976,1.139,0.038,0.785,,,0,0
2006-11-08,0.976,1.139,0.019,0.771,,,0,0
2006-11-09,0.976,1.139,0.019,0.839,,,0,0
2006-11-13,0.976,1.146,0.011,0.791,,,0,0
2006-11-14,0.976,1.146,0.011,0.812,,,0,0
2006-11-15,0.976,2.176,0.011,0.829,3,0.011,0,0
2006-11-16,0.667,0.886,0.278,0.779,3,0.011,0,0
2006-11-17,0.667,0.886,0.056,0.807,2.176,0.011,0,0
2006-11-20,0.667,1.001,0.049,0.872,2.176,0.011,0,0
2006-11-21,0.667,1.479,0.049,1.046,2.176,0.011,0,0
2006-11-22,0.667,1.479,0.049,0.885,2.176,0.011,0,0
2006-11-24,0.983,1.249,0.767,1.06,2.176,0.011,0,0
2006-11-27,0.857,1.29,0.594,1.275,2.176,0.011,0,0
2006-11-28,0.575,1.03,0.575,0.93,2.176,0.011,0,0
2006-11-29,0.484,0.941,0.458,0.669,2.176,0.011,0,0
2006-11-30,0.855,0.855,0.474,0.768,2.176,0.011,0,0
2006-12-01,0.377,0.952,0.37,0.912,2.176,0.011,0,0
2006-12-04,0.737,0.884,0.678,0.878,2.176,0.011,0,0
2006-12-05,0.577,0.84,0.521,0.761,2.176,0.011,0,0
2006-12-06,0.577,0.934,0.468,0.851,2.176,0.011,0,0
2006-12-07,0.528,0.908,0.508,0.874,2.176,0.011,0,0
2006-12-08,0.486,0.88,0.478,0.78,2.176,0.011,0,0
2006-12-11,0.691,0.842,0.519,0.725,2.176,0.011,0,0
2006-12-12,0.645,3.813,0.63,0.966,2.176,0.011,0,0
2006-12-13,0.796,1.041,0.503,0.893,3.813,0.011,0,0
2006-12-14,0.712,0.906,0.562,0.641,3.813,0.011,0,0
2006-12-15,0.461,0.744,0.461,0.744,3.813,0.049,0,0
2006-12-18,0.692,1.22,0.655,1.132,3.813,0.049,0,0
2006-12-19,0.825,1.009,0.642,0.958,3.813,0.049,0,0
2006-12-20,2,2,0.73,0.848,3.813,0.049,0,0
2006-12-21,0.872,1.024,0.591,0.79,3.813,0.049,0,0
2006-12-22,0.859,1.368,0.747,1.101,3.813,0.37,0,0
2006-12-26,0.419,0.846,0.419,0.846,3.813,0.37,0,0
2006-12-27,0.808,0.834,0.68,0.772,3.813,0.37,0,0
2006-12-28,0.575,0.934,0.569,0.906,3.813,0.37,0,0
2006-12-29,0.575,1.148,0.519,0.881,3.813,0.37,0,0
2007-01-03,0.741,0.851,0.6,0.85,3.813,0.37,0,0
2007-01-04,0.48,0.989,0.48,0.835,3.813,0.419,0,0
2007-01-05,0.559,1.007,0.559,0.901,3.813,0.419,0,0
2007-01-08,0.5,0.879,0.333,0.867,3.813,0.419,0,0
2007-01-09,0.711,0.83,0.587,0.781,3.813,0.333,0,0
2007-01-10,0.806,1,0.774,0.812,3.813,0.333,0,0
2007-01-11,0.706,0.721,0.424,0.72,3.813,0.333,0,0
2007-01-12,0.708,0.751,0.708,0.751,3.813,0.333,0,0
2007-01-16,0.597,1.114,0.585,0.914,2,0.333,0,0
2007-01-17,1.725,1.725,0.788,0.873,2,0.333,0,0
2007-01-18,0.894,0.987,0.686,0.908,2,0.333,0,0
2007-01-19,0.866,0.943,0.671,0.831,2,0.333,0,0
2007-01-22,0.524,0.976,0.524,0.969,2,0.333,0,0
2007-01-23,0.68,1.07,0.643,0.917,2,0.333,0,0
2007-01-24,0.704,1.073,0.588,0.841,1.725,0.333,0,0
2007-01-25,0.65,1.273,0.579,1.203,1.725,0.333,0,0
2007-01-26,0.667,1.025,0.434,0.961,1.725,0.333,0,0
2007-01-29,0.671,1.51,0.587,0.992,1.725,0.333,0,0
2007-01-30,0.668,1.101,0.587,0.936,1.725,0.333,0,0
2007-01-31,0.632,0.797,0.498,0.792,1.725,0.333,0,0
2007-02-01,0.639,0.851,0.622,0.851,1.725,0.333,0,0
2007-02-02,0.564,1.059,0.528,0.971,1.725,0.333,0,0
2007-02-05,0.547,1.118,0.498,0.823,1.725,0.333,0,0
2007-02-06,0.515,0.966,0.508,0.859,1.725,0.333,0,0
2007-02-07,0.787,0.908,0.49,0.908,1.725,0.424,0,0
2007-02-08,0.787,0.985,0.49,0.844,1.725,0.424,0,0
2007-02-09,0.572,1.036,0.525,0.942,1.725,0.424,0,0
2007-02-12,0.884,1.284,0.753,1.18,1.725,0.434,0,0
2007-02-13,0.73,1.018,0.656,0.967,1.725,0.434,0,0
2007-02-14,3.281,3.281,0.972,0.978,1.725,0.434,0,0
2007-02-15,0.644,0.921,0.555,0.758,3.281,0.434,0,0
2007-02-16,0.884,1.087,0.772,0.845,3.281,0.434,0,0
2007-02-20,0.64,1.227,0.604,0.956,3.281,0.434,0,0
2007-02-21,0.983,1.276,0.872,1.126,3.281,0.434,0,0
2007-02-22,0.7,1.261,0.618,1.033,3.281,0.434,0,0
2007-02-23,0.75,1.446,0.677,1.427,3.281,0.434,0,0
2007-02-26,0.769,1.037,0.357,1.019,3.281,0.434,0,0
2007-02-27,0.769,1.95,0.039,1.703,3.281,0.357,0,0
2007-02-28,0.769,1.95,0.039,1.083,3.281,0.039,0,0
2007-03-01,1.288,1.593,1.175,1.417,3.281,0.039,0,0
2007-03-02,0.941,1.409,0.849,1.3,3.281,0.039,0,0
2007-03-05,0.941,1.409,0.849,1.3,3.281,0.039,0,0
2007-03-06,0.941,1.409,0.849,1.3,3.281,0.039,0,0
2007-03-07,0.941,1.409,0.849,1.3,3.281,0.039,0,0
2007-03-08,0.941,1.409,0.849,1.3,3.281,0.039,0,0
2007-03-09,0.901,1.231,0.884,1.159,3.281,0.039,0,0
2007-03-12,0.901,1.276,0.704,1.055,3.281,0.039,0,0
2007-03-13,0.907,1.446,0.907,1.446,3.281,0.039,0,0
2007-03-14,0.907,1.935,0.907,1.656,3.281,0.039,0,0
2007-03-15,0.617,1.221,0.617,1.126,3.281,0.039,0,0
2007-03-16,0.791,1.259,0.666,1.225,1.95,0.039,0,0
2007-03-19,0.452,0.856,0.452,0.816,1.95,0.039,0,0
2007-03-20,0.653,1.244,0.577,0.934,1.95,0.039,0,0
2007-03-21,2.911,2.911,1.12,1.124,1.95,0.039,0,0
2007-03-22,0.492,0.943,0.492,0.937,2.911,0.039,0,0
2007-03-23,0.671,0.97,0.636,0.925,2.911,0.039,0,0
2007-03-26,0.668,1.151,0.591,0.986,2.911,0.039,0,0
2007-03-27,0.487,1.115,0.487,0.974,2.911,0.039,0,0
2007-03-28,0.828,1.445,0.828,1.373,2.911,0.039,0,0
2007-03-29,0.614,1.341,0.614,1.168,2.911,0.452,0,0
2007-03-30,0.669,1.214,0.669,1.207,2.911,0.452,0,0
2007-04-02,0.669,1.214,0.622,0.826,2.911,0.452,0,0
2007-04-03,0.633,1.127,0.544,1.127,2.911,0.452,0,0
2007-04-04,0.657,1.098,0.593,1.038,2.911,0.452,0,0
2007-04-05,0.784,1.025,0.569,0.77,2.911,0.452,0,0
2007-04-09,0.549,0.801,0.54,0.776,2.911,0.452,0,0
2007-04-10,0.647,1.205,0.603,1.113,2.911,0.452,0,0
2007-04-11,2.134,2.134,0.64,0.989,2.911,0.452,0,0
2007-04-12,0.719,1.091,0.719,1.023,2.911,0.452,0,0
2007-04-13,0.76,1.003,0.613,0.956,2.911,0.452,0,0
2007-04-16,0.645,0.907,0.565,0.803,2.911,0.452,0,0
2007-04-17,0.645,0.907,0.337,0.897,2.911,0.452,0,0
2007-04-18,2.15,2.15,0.771,0.803,2.911,0.337,0,0
2007-04-19,0.682,1.161,0.682,0.938,2.911,0.337,0,0
2007-04-20,0.682,0.978,0.635,0.746,2.15,0.337,0,0
2007-04-23,0.507,0.919,0.48,0.919,2.15,0.337,0,0
2007-04-24,0.893,1.265,0.578,1.203,2.15,0.337,0,0
2007-04-25,0.537,0.983,0.537,0.812,2.15,0.337,0,0
2007-04-26,0.586,1.008,0.586,0.83,2.15,0.337,0,0
2007-04-27,0.586,1.083,0.586,1.01,2.15,0.337,0,0
2007-04-30,0.599,0.985,0.573,0.954,2.15,0.337,0,0
2007-05-01,0.599,1.171,0.504,1.157,2.15,0.337,0,0
2007-05-02,0.65,0.813,0.587,0.813,2.15,0.337,0,0
2007-05-03,0.2,1.281,0.2,0.867,2.15,0.337,0,0
2007-05-04,0.642,1.337,0.582,0.831,2.15,0.2,0,0
2007-05-07,0.588,0.866,0.517,0.696,2.15,0.2,0,0
2007-05-08,0.441,1.18,0.441,0.997,2.15,0.2,0,0
2007-05-09,0.441,1.18,0.441,0.738,2.15,0.2,0,0
2007-05-10,0.604,1.265,0.604,1.103,2.15,0.2,0,0
2007-05-11,0.861,0.996,0.679,0.943,2.15,0.2,0,0
2007-05-14,0.781,0.905,0.497,0.869,2.15,0.2,0,0
2007-05-15,0.781,0.905,0.497,0.869,2.15,0.2,0,0
2007-05-16,0.781,0.905,0.497,0.869,2.15,0.2,0,0
2007-05-17,0.916,0.916,0.662,0.79,1.337,0.2,0,0
2007-05-18,0.781,0.905,0.497,0.869,1.337,0.2,0,0
2007-05-21,0.781,0.905,0.497,0.869,1.337,0.2,0,0
2007-05-22,0.688,1.338,0.659,1.21,1.337,0.2,0,0
2007-05-23,0.781,0.905,0.497,0.869,1.338,0.2,0,0
2007-05-24,0.781,0.905,0.497,0.869,1.338,0.2,0,0
2007-05-25,0.781,0.905,0.497,0.869,1.338,0.2,0,0
2007-05-29,0.744,0.954,0.708,0.913,1.338,0.2,0,0
2007-05-30,0.838,1.15,0.781,0.932,1.338,0.2,0,0
2007-05-31,0.52,0.934,0.442,0.93,1.338,0.2,0,0
2007-06-01,0.658,0.898,0.658,0.895,1.338,0.2,0,0
2007-06-04,0.628,0.927,0.583,0.9,1.338,0.441,0,0
2007-06-05,0.701,1.039,0.701,0.947,1.338,0.441,0,0
2007-06-06,0.753,1.658,0.733,1.127,1.338,0.441,0,0
2007-06-07,0.631,1.277,0.619,1.245,1.658,0.441,0,0
2007-06-08,0.983,1.426,0.983,1.119,1.658,0.442,0,0
2007-06-11,0.656,1.409,0.644,1.077,1.658,0.442,0,0
2007-06-12,0.871,1.404,0.818,1.104,1.658,0.442,0,0
2007-06-13,0.878,1.518,0.878,0.957,1.658,0.442,0,0
2007-06-14,0.706,0.849,0.617,0.792,1.658,0.442,0,0
2007-06-15,0.593,1.22,0.593,1.041,1.658,0.442,0,0
2007-06-18,0.657,1.107,0.657,0.92,1.658,0.442,0,0
2007-06-19,0.488,0.916,0.476,0.916,1.658,0.442,0,0
2007-06-20,1.547,1.547,0.901,1.053,1.658,0.442,0,0
2007-06-21,0.669,1.31,0.652,0.986,1.658,0.442,0,0
2007-06-22,0.767,1.174,0.749,1.037,1.658,0.442,0,0
2007-06-25,0.839,1.235,0.722,1.117,1.658,0.442,0,0
2007-06-26,0.79,1.213,0.636,1.114,1.658,0.442,0,0
2007-06-27,1.007,1.442,0.844,0.844,1.658,0.442,0,0
2007-06-28,1.232,1.232,0.786,0.883,1.658,0.442,0,0
2007-06-29,0.813,1.057,0.685,1.022,1.658,0.476,0,0
2007-07-02,0.599,1.136,0.558,0.849,1.658,0.476,0,0
2007-07-03,0.452,1.058,0.427,0.906,1.658,0.476,0,0
2007-07-05,0.604,0.937,0.556,0.903,1.658,0.427,0,0
2007-07-06,0.588,0.908,0.53,0.875,1.547,0.427,0,0
2007-07-09,0.668,0.842,0.609,0.806,1.547,0.427,0,0
2007-07-10,0.627,1.192,0.597,1.011,1.547,0.427,0,0
2007-07-11,0.645,1.442,0.645,0.899,1.547,0.427,0,0
2007-07-12,0.576,0.77,0.576,0.764,1.547,0.427,0,0
2007-07-13,0.521,1.234,0.521,0.942,1.547,0.427,0,0
2007-07-16,0.523,0.852,0.485,0.826,1.547,0.427,0,0
2007-07-17,0.477,0.94,0.477,0.931,1.547,0.427,0,0
2007-07-18,1.722,1.727,1.097,1.097,1.547,0.427,0,0
2007-07-19,0.595,0.887,0.595,0.796,1.727,0.427,0,0
2007-07-20,0.557,1.407,0.557,1.23,1.727,0.427,0,0
2007-07-23,0.447,0.812,0.447,0.812,1.727,0.427,0,0
2007-07-24,1.281,1.488,1.015,1.488,1.727,0.427,0,0
2007-07-25,0.591,1.091,0.591,1.048,1.727,0.427,0,0
2007-07-26,1.069,1.681,1.059,1.518,1.727,0.427,0,0
2007-07-27,0.926,1.379,0.926,1.379,1.727,0.427,0,0
2007-07-30,1.197,1.197,0.845,1.163,1.727,0.427,0,0
2007-07-31,0.624,1.274,0.555,1.273,1.727,0.427,0,0
2007-08-01,0.619,1.403,0.619,1.347,1.727,0.427,0,0
2007-08-02,0.785,1.145,0.785,1.11,1.727,0.447,0,0
2007-08-03,1.21,1.888,1.027,1.462,1.727,0.447,0,0
2007-08-06,1.145,1.487,1.111,1.266,1.888,0.447,0,0
2007-08-07,0.793,1.447,0.562,1.044,1.888,0.447,0,0
2007-08-08,0.63,1.232,0.614,1.008,1.888,0.447,0,0
2007-08-09,1.082,1.491,0.936,1.158,1.888,0.447,0,0
2007-08-10,1.243,1.512,1.08,1.099,1.888,0.447,0,0
2007-08-13,0.857,1.205,0.848,1.013,1.888,0.447,0,0
2007-08-14,0.632,1.413,0.587,1.413,1.888,0.447,0,0
2007-08-15,0.984,1.914,0.984,1.493,1.888,0.447,0,0
2007-08-16,1.309,1.93,1.309,1.527,1.914,0.447,0,0
2007-08-17,0.577,1.235,0.489,1.232,1.93,0.447,0,0
2007-08-20,0.695,0.94,0.681,0.918,1.93,0.447,0,0
2007-08-21,0.897,1.035,0.734,0.914,1.93,0.489,0,0
2007-08-22,3.274,3.274,1.081,1.092,1.93,0.489,0,0
2007-08-23,0.704,1.189,0.704,1.153,3.274,0.489,0,0
2007-08-24,2.119,2.119,1.067,1.068,3.274,0.489,0,0
2007-08-27,0.629,0.977,0.57,0.977,3.274,0.489,0,0
2007-08-28,1.085,2.177,0.99,1.299,3.274,0.489,0,0
2007-08-29,0.904,1.016,0.812,0.958,3.274,0.489,0,0
2007-08-30,1.016,1.055,0.745,0.93,3.274,0.489,0,0
2007-08-31,0.729,1.061,0.686,1.059,3.274,0.489,0,0
2007-09-04,0.773,1.038,0.7,1.026,3.274,0.489,0,0
2007-09-05,0.941,1.289,0.909,1.149,3.274,0.489,0,0
2007-09-06,0.873,1.031,0.775,0.883,3.274,0.489,0,0
2007-09-07,1.015,1.184,0.948,1.184,3.274,0.489,0,0
2007-09-10,0.962,1.475,0.801,1.159,3.274,0.489,0,0
2007-09-11,0.744,1.227,0.741,1.059,3.274,0.489,0,0
2007-09-12,0.723,1.014,0.678,0.859,3.274,0.489,0,0
2007-09-13,0.889,1.112,0.793,1.043,3.274,0.489,0,0
2007-09-14,1.215,1.276,0.911,1.103,3.274,0.489,0,0
2007-09-17,0.785,1.054,0.701,1.038,3.274,0.489,0,0
2007-09-18,0.859,1.38,0.831,1.037,3.274,0.57,0,0
2007-09-19,2.029,2.029,0.854,0.977,3.274,0.57,0,0
2007-09-20,0.627,1.247,0.627,1.009,3.274,0.57,0,0
2007-09-21,0.692,1.117,0.692,0.858,2.177,0.57,0,0
2007-09-24,0.55,0.917,0.524,0.809,2.177,0.57,0,0
2007-09-25,0.781,1.258,0.781,1.144,2.177,0.524,0,0
2007-09-26,0.592,0.964,0.567,0.874,2.177,0.524,0,0
2007-09-27,0.527,0.851,0.463,0.851,2.029,0.524,0,0
2007-09-28,0.743,1.18,0.717,1.091,2.029,0.463,0,0
2007-10-01,0.665,0.881,0.575,0.88,2.029,0.463,0,0
2007-10-02,0.726,1.015,0.709,1.001,2.029,0.463,0,0
2007-10-03,0.861,0.861,0.665,0.825,2.029,0.463,0,0
2007-10-04,0.623,0.984,0.58,0.735,2.029,0.463,0,0
2007-10-05,0.844,0.911,0.737,0.776,2.029,0.463,0,0
2007-10-08,0.648,0.887,0.639,0.808,2.029,0.463,0,0
2007-10-09,0.493,0.809,0.487,0.809,2.029,0.463,0,0
2007-10-10,0.561,0.908,0.561,0.9,2.029,0.463,0,0
2007-10-11,0.48,0.907,0.461,0.907,2.029,0.463,0,0
2007-10-12,0.677,0.782,0.566,0.77,2.029,0.461,0,0
2007-10-15,0.433,0.833,0.433,0.802,2.029,0.461,0,0
2007-10-16,1.007,1.231,0.849,0.944,2.029,0.433,0,0
2007-10-17,1.945,1.945,0.902,0.943,2.029,0.433,0,0
2007-10-18,0.803,1.003,0.728,0.791,1.945,0.433,0,0
2007-10-19,0.761,1.163,0.761,1.161,1.945,0.433,0,0
2007-10-22,0.859,1.072,0.859,1.013,1.945,0.433,0,0
2007-10-23,0.533,1.081,0.533,0.973,1.945,0.433,0,0
2007-10-24,0.674,1.062,0.654,0.992,1.945,0.433,0,0
2007-10-25,0.648,1.118,0.647,1.095,1.945,0.433,0,0
2007-10-26,0.812,0.854,0.514,0.823,1.945,0.433,0,0
2007-10-29,0.404,0.922,0.393,0.922,1.945,0.433,0,0
2007-10-30,0.689,1.17,0.662,1.149,1.945,0.393,0,0
2007-10-31,0.597,0.901,0.597,0.806,1.945,0.393,0,0
2007-11-01,0.964,1.653,0.882,0.971,1.945,0.393,0,0
2007-11-02,0.689,1.392,0.689,1.16,1.945,0.393,0,0
2007-11-05,0.667,1.089,0.648,1.031,1.945,0.393,0,0
2007-11-06,0.663,0.998,0.631,0.987,1.945,0.393,0,0
2007-11-07,0.641,1.094,0.641,1.064,1.945,0.393,0,0
2007-11-08,0.672,1.272,0.647,1.244,1.945,0.393,0,0
2007-11-09,0.82,1.253,0.807,1.087,1.945,0.393,0,0
2007-11-12,0.782,1.078,0.782,0.932,1.945,0.393,0,0
2007-11-13,0.786,1.27,0.769,1.21,1.945,0.393,0,0
2007-11-14,0.756,0.973,0.691,0.919,1.945,0.393,0,0
2007-11-15,0.937,1.346,0.937,1.311,1.653,0.393,0,0
2007-11-16,0.99,1.533,0.935,1.273,1.653,0.393,0,0
2007-11-19,0.562,1.18,0.562,1.133,1.653,0.393,0,0
2007-11-20,0.801,1.495,0.801,1.125,1.653,0.393,0,0
2007-11-21,2.588,2.588,1.176,1.219,1.653,0.393,0,0
2007-11-23,0.562,0.925,0.557,0.889,2.588,0.393,0,0
2007-11-26,0.641,0.988,0.63,0.988,2.588,0.393,0,0
2007-11-27,0.538,1.247,0.538,0.829,2.588,0.393,0,0
2007-11-28,0.864,1,0.837,0.899,2.588,0.538,0,0
2007-11-29,0.472,0.901,0.472,0.882,2.588,0.538,0,0
2007-11-30,0.747,1.099,0.584,1.082,2.588,0.472,0,0
2007-12-03,0.76,1.053,0.76,0.811,2.588,0.472,0,0
2007-12-04,0.756,1.093,0.61,1.073,2.588,0.472,0,0
2007-12-05,0.829,0.897,0.773,0.894,2.588,0.472,0,0
2007-12-06,0.678,1.038,0.614,0.886,2.588,0.472,0,0
2007-12-07,0.554,1.218,0.554,0.996,2.588,0.472,0,0
2007-12-10,0.618,0.989,0.582,0.955,2.588,0.472,0,0
2007-12-11,0.658,1.111,0.65,1.111,2.588,0.472,0,0
2007-12-12,0.731,1.086,0.731,0.973,2.588,0.472,0,0
2007-12-13,0.678,1.222,0.629,1.068,2.588,0.472,0,0
2007-12-14,0.918,1.226,0.841,1.047,2.588,0.472,0,0
2007-12-17,0.59,1.129,0.59,1.128,2.588,0.472,0,0
2007-12-18,0.738,1.478,0.695,1.022,2.588,0.472,0,0
2007-12-19,1.869,1.869,1.115,1.152,2.588,0.472,0,0
2007-12-20,0.643,1.063,0.602,0.676,2.588,0.472,0,0
2007-12-21,0.748,1.11,0.559,0.574,1.869,0.472,0,0
2007-12-24,0.523,0.9,0.508,0.9,1.869,0.472,0,0
2007-12-26,0.744,1.088,0.68,1.013,1.869,0.472,0,0
2007-12-27,0.77,1.104,0.643,0.973,1.869,0.472,0,0
2007-12-28,0.4,1.052,0.4,0.922,1.869,0.472,0,0
2007-12-31,0.618,1.068,0.526,1.068,1.869,0.4,0,0
2008-01-02,0.782,1.36,0.596,1.165,1.869,0.4,0,0
2008-01-03,0.577,1.278,0.577,0.911,1.869,0.4,0,0
2008-01-04,1.361,1.848,1.066,1.126,1.869,0.4,0,0
2008-01-07,0.673,1.129,0.659,1.044,1.869,0.4,0,0
2008-01-08,0.532,1.371,0.525,1.37,1.869,0.4,0,0
2008-01-09,0.806,1.293,0.806,1.18,1.869,0.4,0,0
2008-01-10,0.939,1.276,0.939,1.001,1.869,0.4,0,0
2008-01-11,0.662,1.222,0.662,0.932,1.869,0.4,0,0
2008-01-14,0.66,0.969,0.527,0.968,1.869,0.4,0,0
2008-01-15,0.812,1.287,0.787,1.241,1.869,0.4,0,0
2008-01-16,2.065,2.065,1.187,1.195,1.869,0.4,0,0
2008-01-17,1.049,1.553,1.049,1.552,2.065,0.4,0,0
2008-01-18,1.02,1.379,1.02,1.348,2.065,0.4,0,0
2008-01-22,1.491,1.668,1.178,1.23,2.065,0.4,0,0
2008-01-23,1.045,1.322,0.836,1.139,2.065,0.4,0,0
2008-01-24,0.784,1.007,0.784,0.882,2.065,0.4,0,0
2008-01-25,0.529,1.066,0.503,1.063,2.065,0.4,0,0
2008-01-28,0.776,0.949,0.764,0.92,2.065,0.4,0,0
2008-01-29,0.637,1.045,0.636,0.906,2.065,0.4,0,0
2008-01-30,0.709,0.882,0.635,0.821,2.065,0.503,0,0
2008-01-31,0.973,1.222,0.936,0.949,2.065,0.503,0,0
2008-02-01,0.632,0.924,0.631,0.824,2.065,0.503,0,0
2008-02-04,0.672,1.167,0.672,0.963,2.065,0.503,0,0
2008-02-05,0.958,1.164,0.858,1.148,2.065,0.503,0,0
2008-02-06,0.704,1.069,0.667,1.069,2.065,0.503,0,0
2008-02-07,0.959,1.259,0.943,1.151,2.065,0.503,0,0
2008-02-08,0.858,1.463,0.829,1.151,2.065,0.503,0,0
2008-02-11,0.841,1.031,0.749,0.976,2.065,0.503,0,0
2008-02-12,0.949,1.158,0.837,1.14,2.065,0.503,0,0
2008-02-13,0.811,1.094,0.778,0.981,2.065,0.503,0,0
2008-02-14,0.756,1.016,0.657,1.007,2.065,0.503,0,0
2008-02-15,0.947,1.492,0.947,1.161,1.668,0.503,0,0
2008-02-19,1.749,1.749,0.895,1.011,1.668,0.503,0,0
2008-02-20,0.763,1.121,0.719,0.864,1.749,0.503,0,0
2008-02-21,0.701,0.964,0.656,0.964,1.749,0.503,0,0
2008-02-22,0.858,1.341,0.858,1.157,1.749,0.503,0,0
2008-02-25,0.561,0.975,0.561,0.944,1.749,0.503,0,0
2008-02-26,0.915,1.109,0.79,1.059,1.749,0.561,0,0
2008-02-27,0.781,1.279,0.781,1.103,1.749,0.561,0,0
2008-02-28,0.971,1.402,0.953,1.242,1.749,0.561,0,0
2008-02-29,1.214,1.498,1.183,1.265,1.749,0.561,0,0
2008-03-03,0.935,1.817,0.935,1.246,1.749,0.561,0,0
2008-03-04,0.89,1.416,0.89,1.187,1.817,0.561,0,0
2008-03-05,0.874,1.464,0.796,1.15,1.817,0.561,0,0
2008-03-06,0.964,1.306,0.873,1.272,1.817,0.561,0,0
2008-03-07,0.913,1.495,0.87,1.256,1.817,0.561,0,0
2008-03-10,0.96,1.49,0.96,1.48,1.817,0.561,0,0
2008-03-11,0.736,1.276,0.736,1.111,1.817,0.561,0,0
2008-03-12,0.741,1.423,0.741,1.112,1.817,0.561,0,0
2008-03-13,0.909,1.515,0.909,1.225,1.817,0.561,0,0
2008-03-14,0.973,1.222,0.936,0.949,1.817,0.561,0,0
2008-03-17,1.287,1.731,1.287,1.487,1.817,0.561,0,0
2008-03-18,1.007,1.011,0.987,1.003,1.817,0.561,0,0
2008-03-19,1.185,1.237,0.906,1.23,1.817,0.561,0,0
2008-03-20,0.994,1.329,0.994,1.103,1.817,0.561,0,0
2008-03-24,0.59,1.026,0.59,0.818,1.817,0.561,0,0
2008-03-25,0.722,1.056,0.722,0.964,1.817,0.561,0,0
2008-03-26,0.661,1.345,0.661,1.03,1.817,0.59,0,0
2008-03-27,0.6,1.099,0.6,1.09,1.817,0.59,0,0
2008-03-28,0.681,1.27,0.636,1.147,1.817,0.59,0,0
2008-03-31,0.87,1.12,0.851,1.027,1.817,0.59,0,0
2008-04-01,0.714,1.061,0.697,0.896,1.817,0.59,0,0
2008-04-02,0.881,1.219,0.867,1.056,1.731,0.59,0,0
2008-04-03,0.89,1.071,0.89,1.054,1.731,0.59,0,0
2008-04-04,0.886,1.479,0.838,1.204,1.731,0.59,0,0
2008-04-07,0.716,1.003,0.716,0.968,1.731,0.59,0,0
2008-04-08,1.003,1.326,0.963,1.135,1.731,0.59,0,0
2008-04-09,0.883,1.239,0.788,1.171,1.731,0.59,0,0
2008-04-10,0.745,1.199,0.729,0.973,1.731,0.59,0,0
2008-04-11,1.097,1.382,1.034,1.293,1.731,0.59,0,0
2008-04-14,0.988,1.285,0.978,1.013,1.731,0.59,0,0
2008-04-15,1.155,1.209,0.984,1.062,1.731,0.59,0,0
2008-04-16,1.392,1.392,0.883,0.924,1.479,0.59,0,0
2008-04-17,0.934,1.017,0.879,0.929,1.479,0.59,0,0
2008-04-18,0.698,0.827,0.683,0.827,1.479,0.59,0,0
2008-04-21,0.778,1.023,0.752,0.95,1.479,0.59,0,0
2008-04-22,0.946,1.083,0.801,1.065,1.479,0.6,0,0
2008-04-23,0.598,0.944,0.598,0.944,1.479,0.6,0,0
2008-04-24,0.705,0.983,0.702,0.914,1.479,0.598,0,0
2008-04-25,0.753,0.956,0.67,0.894,1.479,0.598,0,0
2008-04-28,0.708,0.987,0.693,0.974,1.479,0.598,0,0
2008-04-29,0.622,1.454,0.622,1.093,1.479,0.598,0,0
2008-04-30,0.819,0.939,0.704,0.939,1.479,0.598,0,0
2008-05-01,0.804,1.302,0.717,0.921,1.479,0.598,0,0
2008-05-02,0.721,0.967,0.721,0.9,1.479,0.598,0,0
2008-05-05,0.602,0.92,0.565,0.914,1.454,0.598,0,0
2008-05-06,0.689,0.934,0.689,0.817,1.454,0.565,0,0
2008-05-07,0.617,1.029,0.617,1.029,1.454,0.565,0,0
2008-05-08,0.718,1.004,0.645,0.886,1.454,0.565,0,0
2008-05-09,0.88,1.056,0.841,0.921,1.454,0.565,0,0
2008-05-12,0.721,0.886,0.602,0.868,1.454,0.565,0,0
2008-05-13,0.591,0.836,0.591,0.786,1.454,0.565,0,0
2008-05-14,0.813,0.862,0.67,0.809,1.454,0.565,0,0
2008-05-15,0.664,0.795,0.61,0.777,1.454,0.565,0,0
2008-05-16,0.674,1.017,0.674,0.864,1.454,0.565,0,0
2008-05-19,0.612,0.883,0.44,0.883,1.454,0.565,0,0
2008-05-20,0.957,1.323,0.91,1.097,1.454,0.44,0,0
2008-05-21,1.547,1.547,1.168,1.181,1.454,0.44,0,0
2008-05-22,0.787,1.116,0.724,0.977,1.547,0.44,0,0
2008-05-23,0.821,1.102,0.769,1.061,1.547,0.44,0,0
2008-05-27,0.937,0.986,0.822,0.947,1.547,0.44,0,0
2008-05-28,0.69,0.887,0.666,0.826,1.547,0.44,0,0
2008-05-29,0.835,1.335,0.786,0.865,1.547,0.44,0,0
2008-05-30,0.5,0.953,0.5,0.85,1.547,0.44,0,0
2008-06-02,0.739,1.161,0.739,1.078,1.547,0.44,0,0
2008-06-03,0.592,1.475,0.592,1.142,1.547,0.44,0,0
2008-06-04,1.17,1.17,0.886,1.088,1.547,0.44,0,0
2008-06-05,0.636,0.997,0.614,0.997,1.547,0.44,0,0
2008-06-06,0.803,1.154,0.803,1.154,1.547,0.44,0,0
2008-06-09,0.886,0.947,0.596,0.942,1.547,0.44,0,0
2008-06-10,0.694,1.063,0.694,0.953,1.547,0.44,0,0
2008-06-11,0.839,1.262,0.804,1.138,1.547,0.44,0,0
2008-06-12,0.835,0.991,0.835,0.962,1.547,0.44,0,0
2008-06-13,0.707,0.956,0.707,0.916,1.547,0.44,0,0
2008-06-16,0.803,0.976,0.642,0.969,1.547,0.44,0,0
2008-06-17,0.758,1.056,0.744,1.004,1.547,0.44,0,0
2008-06-18,1.27,1.27,1.025,1.117,1.547,0.5,0,0
2008-06-19,0.743,1.172,0.743,0.984,1.547,0.5,0,0
2008-06-20,1.075,1.333,1.011,1.333,1.475,0.5,0,0
2008-06-23,0.656,0.867,0.649,0.866,1.475,0.5,0,0
2008-06-24,0.746,1.137,0.648,0.991,1.475,0.5,0,0
2008-06-25,0.707,0.882,0.618,0.86,1.475,0.5,0,0
2008-06-26,0.986,1.312,0.965,1.171,1.475,0.5,0,0
2008-06-27,0.891,1.187,0.891,1.133,1.475,0.5,0,0
2008-06-30,0.866,1.106,0.81,1.106,1.475,0.592,0,0
2008-07-01,1.237,1.742,1.004,1.011,1.475,0.592,0,0
2008-07-02,0.605,1.087,0.599,1.087,1.742,0.596,0,0
2008-07-03,0.935,1.358,0.847,1.235,1.742,0.596,0,0
2008-07-07,0.861,1.276,0.861,1.215,1.742,0.596,0,0
2008-07-08,1.105,1.288,1.006,1.014,1.742,0.596,0,0
2008-07-09,0.939,1.021,0.859,1.01,1.742,0.599,0,0
2008-07-10,0.977,1.326,0.947,1.067,1.742,0.599,0,0
2008-07-11,1.042,1.277,1.037,1.15,1.742,0.599,0,0
2008-07-14,0.601,1.157,0.601,1.152,1.742,0.599,0,0
2008-07-15,0.871,1.255,0.822,1.163,1.742,0.599,0,0
2008-07-16,1.387,1.387,0.896,0.93,1.742,0.599,0,0
2008-07-17,0.647,0.915,0.602,0.872,1.742,0.599,0,0
2008-07-18,0.721,0.932,0.721,0.914,1.742,0.599,0,0
2008-07-21,0.684,0.956,0.616,0.881,1.742,0.599,0,0
2008-07-22,0.799,0.946,0.79,0.912,1.742,0.599,0,0
2008-07-23,0.528,0.91,0.528,0.904,1.742,0.599,0,0
2008-07-24,0.709,1.069,0.652,1.052,1.742,0.528,0,0
2008-07-25,0.905,1.035,0.795,0.827,1.742,0.528,0,0
2008-07-28,0.883,1.087,0.793,1.081,1.742,0.528,0,0
2008-07-29,0.727,1.015,0.727,0.863,1.742,0.528,0,0
2008-07-30,0.604,0.916,0.604,0.874,1.742,0.528,0,0
2008-07-31,0.703,0.988,0.703,0.958,1.387,0.528,0,0
2008-08-01,0.739,1.277,0.698,0.996,1.387,0.528,0,0
2008-08-04,0.687,1.084,0.687,0.988,1.387,0.528,0,0
2008-08-05,0.496,0.813,0.496,0.763,1.387,0.528,0,0
2008-08-06,0.756,1.066,0.708,0.949,1.387,0.496,0,0
2008-08-07,0.931,1.218,0.931,1.051,1.387,0.496,0,0
2008-08-08,0.866,1.302,0.866,0.922,1.387,0.496,0,0
2008-08-11,0.637,0.946,0.602,0.862,1.387,0.496,0,0
2008-08-12,0.757,1.394,0.757,1.05,1.387,0.496,0,0
2008-08-13,0.78,1.134,0.78,1.041,1.394,0.496,0,0
2008-08-14,0.744,0.854,0.352,0.854,1.394,0.496,0,0
2008-08-15,0.722,1.109,0.68,1.002,1.394,0.352,0,0
2008-08-18,0.636,1.061,0.636,1.059,1.394,0.352,0,0
2008-08-19,1.132,1.187,0.762,1.124,1.394,0.352,0,0
2008-08-20,1.498,1.498,0.967,0.979,1.394,0.352,0,0
2008-08-21,0.698,0.997,0.668,0.967,1.498,0.352,0,0
2008-08-22,0.823,0.984,0.795,0.887,1.498,0.352,0,0
2008-08-25,1.045,1.233,0.939,1.131,1.498,0.352,0,0
2008-08-26,0.812,1.087,0.812,0.97,1.498,0.352,0,0
2008-08-27,0.664,0.834,0.664,0.831,1.498,0.352,0,0
2008-08-28,0.713,0.919,0.699,0.821,1.498,0.352,0,0
2008-08-29,0.9,1.019,0.832,1.001,1.498,0.352,0,0
2008-09-02,0.72,1.002,0.637,0.969,1.498,0.352,0,0
2008-09-03,0.685,1.166,0.685,0.862,1.498,0.352,0,0
2008-09-04,0.835,1.083,0.755,1.079,1.498,0.352,0,0
2008-09-05,0.843,1.183,0.804,0.996,1.498,0.352,0,0
2008-09-08,0.708,1.044,0.708,0.898,1.498,0.352,0,0
2008-09-09,0.955,1.133,0.77,1.117,1.498,0.352,0,0
2008-09-10,0.936,1.158,0.905,1.099,1.498,0.352,0,0
2008-09-11,1.105,1.567,1.005,1.009,1.498,0.352,0,0
2008-09-12,1.066,1.066,0.868,1.011,1.567,0.352,0,0
2008-09-15,1.222,1.724,1.222,1.474,1.567,0.636,0,0
2008-09-16,1.353,1.938,1.301,1.318,1.724,0.636,0,0
2008-09-17,1.678,1.678,1.428,1.432,1.938,0.637,0,0
2008-09-18,1.047,1.495,1.047,1.196,1.938,0.637,0,0
2008-09-19,0.38,0.823,0.372,0.822,1.938,0.637,0,0
2008-09-22,0.646,0.969,0.501,0.969,1.938,0.372,0,0
2008-09-23,0.924,1.374,0.867,1.039,1.938,0.372,0,0
2008-09-24,0.766,1.111,0.766,1.058,1.938,0.372,0,0
2008-09-25,0.774,0.936,0.541,0.798,1.938,0.372,0,0
2008-09-26,1.074,1.453,1.024,1.024,1.938,0.372,0,0
2008-09-29,1.249,1.456,0.938,1.402,1.938,0.372,0,0
2008-09-30,1.191,1.68,1.015,1.3,1.938,0.372,0,0
2008-10-01,0.766,1.15,0.736,0.986,1.938,0.372,0,0
2008-10-02,0.747,1.405,0.747,1.375,1.938,0.372,0,0
2008-10-03,0.779,1.121,0.728,1.121,1.938,0.372,0,0
2008-10-06,0.832,1.538,0.832,1.518,1.938,0.372,0,0
2008-10-07,0.766,1.114,0.757,1.102,1.938,0.372,0,0
2008-10-08,1.351,2.117,1.178,1.187,1.938,0.372,0,0
2008-10-09,0.678,1.354,0.678,1.353,2.117,0.372,0,0
2008-10-10,1.55,2.036,1.225,1.227,2.117,0.372,0,0
2008-10-13,0.81,1.1,0.78,0.888,2.117,0.372,0,0
2008-10-14,0.582,0.875,0.496,0.864,2.117,0.372,0,0
2008-10-15,0.829,1.413,0.8,1.115,2.117,0.372,0,0
2008-10-16,1.173,1.281,1.056,1.157,2.117,0.372,0,0
2008-10-17,0.955,1.349,0.955,0.98,2.117,0.372,0,0
2008-10-20,0.582,1.018,0.582,0.823,2.117,0.496,0,0
2008-10-21,0.67,0.955,0.65,0.884,2.117,0.496,0,0
2008-10-22,3.52,3.663,1.195,1.221,2.117,0.496,0,0
2008-10-23,0.799,1.253,0.799,1.242,3.663,0.496,0,0
2008-10-24,1.316,1.782,1.198,1.236,3.663,0.496,0,0
2008-10-27,0.694,1.209,0.61,1.152,3.663,0.496,0,0
2008-10-28,0.525,1.502,0.525,0.984,3.663,0.496,0,0
2008-10-29,0.824,1.01,0.762,0.793,3.663,0.496,0,0
2008-10-30,0.452,0.813,0.452,0.796,3.663,0.496,0,0
2008-10-31,0.893,1.286,0.857,0.96,3.663,0.452,0,0
2008-11-03,0.602,1.022,0.563,0.964,3.663,0.452,0,0
2008-11-04,0.833,1.062,0.833,1.005,3.663,0.452,0,0
2008-11-05,0.784,0.959,0.743,0.936,3.663,0.452,0,0
2008-11-06,0.933,1.473,0.932,1.334,3.663,0.452,0,0
2008-11-07,1.086,1.257,0.953,0.969,3.663,0.452,0,0
2008-11-10,1.071,1.136,0.936,1.109,3.663,0.452,0,0
2008-11-11,1.013,1.488,0.996,1.178,3.663,0.452,0,0
2008-11-13,0.734,1.207,0.696,0.989,3.663,0.452,0,0
2008-11-17,1.063,1.243,0.9,0.949,3.663,0.452,0,0
2008-11-18,1.169,1.169,0.93,1.086,3.663,0.452,0,0
2008-11-19,3.305,3.305,1.344,1.413,3.663,0.452,0,0
2008-11-20,1.064,1.8,1.064,1.326,3.663,0.452,0,0
2008-11-21,0.691,1.277,0.666,1.134,3.663,0.452,0,0
2008-11-24,0.588,0.919,0.588,0.754,3.305,0.452,0,0
2008-11-25,0.5,0.79,0.5,0.79,3.305,0.452,0,0
2008-11-26,0.554,0.965,0.554,0.746,3.305,0.452,0,0
2008-11-28,0.635,0.985,0.635,0.887,3.305,0.452,0,0
2008-12-01,0.915,1.036,0.826,1.001,3.305,0.452,0,0
2008-12-02,0.704,0.984,0.674,0.939,3.305,0.452,0,0
2008-12-03,1.223,1.305,0.978,1.03,3.305,0.5,0,0
2008-12-04,0.834,1.065,0.834,0.937,3.305,0.5,0,0
2008-12-05,0.621,1.092,0.621,0.919,3.305,0.5,0,0
2008-12-08,0.792,0.884,0.7,0.861,3.305,0.5,0,0
2008-12-09,0.572,0.94,0.572,0.839,3.305,0.5,0,0
2008-12-10,0.806,0.963,0.674,0.948,3.305,0.5,0,0
2008-12-11,0.852,0.99,0.771,0.982,3.305,0.5,0,0
2008-12-12,1.146,1.146,0.936,1.045,3.305,0.5,0,0
2008-12-15,0.803,1.061,0.757,1.049,3.305,0.5,0,0
2008-12-16,0.815,1.056,0.8,0.91,3.305,0.5,0,0
2008-12-17,1.763,1.763,0.828,0.836,3.305,0.5,0,0
2008-12-18,0.818,0.903,0.709,0.901,3.305,0.5,0,0
2008-12-19,0.875,0.881,0.688,0.816,1.8,0.5,0,0
2008-12-22,0.839,0.923,0.611,0.754,1.763,0.5,0,0
2008-12-23,0.596,0.792,0.398,0.778,1.763,0.5,0,0
2008-12-24,0.666,0.832,0.665,0.804,1.763,0.398,0,0
2008-12-26,0.584,0.901,0.584,0.781,1.763,0.398,0,0
2008-12-29,0.632,0.954,0.587,0.938,1.763,0.398,0,0
2008-12-30,0.67,0.963,0.67,0.826,1.763,0.398,0,0
2008-12-31,0.902,1.01,0.782,0.812,1.763,0.398,0,0
2009-01-02,0.627,1.038,0.627,0.954,1.763,0.398,0,0
2009-01-05,0.845,1.319,0.817,0.836,1.763,0.398,0,0
2009-01-06,0.633,0.804,0.616,0.802,1.763,0.398,0,0
2009-01-07,0.915,1.14,0.856,1.14,1.763,0.398,0,0
2009-01-08,1.197,1.323,1,1.079,1.763,0.398,0,0
2009-01-09,0.772,1.07,0.772,1.033,1.763,0.398,0,0
2009-01-12,0.873,1.189,0.85,1.158,1.763,0.398,0,0
2009-01-13,1.217,1.254,0.826,0.915,1.763,0.398,0,0
2009-01-14,0.892,1.347,0.865,1.15,1.763,0.398,0,0
2009-01-15,1.248,1.33,0.885,1.174,1.763,0.398,0,0
2009-01-16,0.711,1.046,0.711,0.967,1.763,0.398,0,0
2009-01-20,0.618,1.006,0.618,0.957,1.347,0.398,0,0
2009-01-21,1.519,1.519,0.93,0.93,1.347,0.398,0,0
2009-01-22,0.765,1.117,0.709,0.875,1.519,0.398,0,0
2009-01-23,0.909,0.949,0.685,0.767,1.519,0.398,0,0
2009-01-26,0.769,0.782,0.587,0.775,1.519,0.584,0,0
2009-01-27,0.716,0.821,0.653,0.778,1.519,0.584,0,0
2009-01-28,0.529,0.783,0.529,0.775,1.519,0.587,0,0
2009-01-29,0.848,1.071,0.819,0.955,1.519,0.529,0,0
2009-01-30,0.927,1.295,0.854,1.024,1.519,0.529,0,0
2009-02-02,0.771,1.044,0.698,0.821,1.519,0.529,0,0
2009-02-03,0.701,1.072,0.701,0.796,1.519,0.529,0,0
2009-02-04,0.817,1.166,0.817,0.903,1.519,0.529,0,0
2009-02-05,0.706,1.134,0.693,0.751,1.519,0.529,0,0
2009-02-06,0.529,0.775,0.47,0.712,1.519,0.529,0,0
2009-02-09,0.547,0.689,0.547,0.665,1.519,0.47,0,0
2009-02-10,0.496,0.914,0.496,0.879,1.519,0.47,0,0
2009-02-11,0.768,0.936,0.76,0.927,1.519,0.47,0,0
2009-02-12,0.751,1.043,0.751,0.903,1.519,0.47,0,0
2009-02-13,0.621,0.948,0.621,0.89,1.519,0.47,0,0
2009-02-17,0.867,1.212,0.83,1.034,1.519,0.47,0,0
2009-02-18,1.896,1.896,1.173,1.184,1.519,0.47,0,0
2009-02-19,0.815,1.145,0.793,1.145,1.896,0.47,0,0
2009-02-20,1.234,1.307,1.002,1.061,1.896,0.47,0,0
2009-02-23,0.815,1.01,0.74,0.955,1.896,0.47,0,0
2009-02-24,0.931,1.311,0.776,0.786,1.896,0.47,0,0
2009-02-25,0.765,1.11,0.709,0.845,1.896,0.47,0,0
2009-02-26,0.527,0.7,0.49,0.683,1.896,0.47,0,0
2009-02-27,0.866,0.975,0.729,0.975,1.896,0.47,0,0
2009-03-02,0.796,1.173,0.726,1.065,1.896,0.47,0,0
2009-03-03,0.691,1.037,0.619,0.949,1.896,0.47,0,0
2009-03-04,0.977,1.14,0.732,0.955,1.896,0.47,0,0
2009-03-05,0.638,1.073,0.638,1.019,1.896,0.47,0,0
2009-03-06,0.889,0.911,0.602,0.873,1.896,0.47,0,0
2009-03-09,0.688,0.993,0.62,0.736,1.896,0.47,0,0
2009-03-10,0.567,0.826,0.545,0.729,1.896,0.49,0,0
2009-03-11,0.57,0.756,0.57,0.751,1.896,0.49,0,0
2009-03-12,0.821,1.122,0.702,0.705,1.896,0.49,0,0
2009-03-13,0.516,0.722,0.494,0.713,1.896,0.49,0,0
2009-03-16,0.726,0.913,0.675,0.801,1.896,0.49,0,0
2009-03-17,0.804,1.106,0.772,0.777,1.896,0.49,0,0
2009-03-18,1.157,1.157,0.633,0.646,1.896,0.49,0,0
2009-03-19,0.357,0.789,0.357,0.77,1.311,0.49,0,0
2009-03-20,0.889,0.946,0.716,0.895,1.311,0.357,0,0
2009-03-23,0.448,0.745,0.437,0.7,1.311,0.357,0,0
2009-03-24,0.732,0.911,0.673,0.76,1.311,0.357,0,0
2009-03-25,0.664,0.865,0.484,0.858,1.173,0.357,0,0
2009-03-26,0.631,1.247,0.631,0.913,1.173,0.357,0,0
2009-03-27,0.699,0.918,0.533,0.918,1.247,0.357,0,0
2009-03-30,0.815,1.195,0.765,1.136,1.247,0.357,0,0
2009-03-31,0.608,0.897,0.608,0.813,1.247,0.357,0,0
2009-04-01,0.991,1.032,0.779,0.907,1.247,0.357,0,0
2009-04-02,0.512,0.714,0.512,0.69,1.247,0.357,0,0
2009-04-03,0.736,0.829,0.726,0.828,1.247,0.357,0,0
2009-04-06,0.656,1.01,0.639,0.958,1.247,0.357,0,0
2009-04-07,0.818,1.063,0.689,0.965,1.247,0.357,0,0
2009-04-08,0.639,0.849,0.632,0.849,1.247,0.357,0,0
2009-04-09,0.575,0.936,0.5,0.808,1.247,0.357,0,0
2009-04-13,0.659,0.721,0.59,0.667,1.247,0.357,0,0
2009-04-14,0.65,0.765,0.546,0.765,1.247,0.357,0,0
2009-04-15,2.325,2.325,0.919,0.928,1.247,0.357,0,0
2009-04-16,0.424,0.791,0.424,0.755,2.325,0.357,0,0
2009-04-17,0.62,0.783,0.589,0.717,2.325,0.357,0,0
2009-04-20,0.769,0.93,0.664,0.919,2.325,0.424,0,0
2009-04-21,0.658,0.839,0.658,0.838,2.325,0.424,0,0
2009-04-22,0.778,0.878,0.59,0.78,2.325,0.424,0,0
2009-04-23,0.781,0.986,0.742,0.907,2.325,0.424,0,0
2009-04-24,0.814,1.039,0.79,0.835,2.325,0.424,0,0
2009-04-27,0.803,0.846,0.749,0.814,2.325,0.424,0,0
2009-04-28,0.847,0.935,0.812,0.87,2.325,0.424,0,0
2009-04-29,0.843,0.874,0.645,0.751,2.325,0.424,0,0
2009-04-30,0.666,0.915,0.617,0.915,2.325,0.424,0,0
2009-05-01,0.718,0.914,0.678,0.821,2.325,0.424,0,0
2009-05-04,0.595,0.748,0.595,0.737,2.325,0.424,0,0
2009-05-05,0.697,0.712,0.572,0.663,2.325,0.424,0,0
2009-05-06,1.135,1.135,0.754,0.762,2.325,0.424,0,0
2009-05-07,0.41,0.814,0.41,0.814,2.325,0.424,0,0
2009-05-08,0.569,0.949,0.56,0.869,2.325,0.41,0,0
2009-05-11,0.526,0.87,0.526,0.854,2.325,0.41,0,0
2009-05-12,0.654,0.961,0.588,0.859,2.325,0.41,0,0
2009-05-13,0.801,0.899,0.784,0.891,2.325,0.41,0,0
2009-05-14,0.861,0.983,0.813,0.879,1.135,0.41,0,0
2009-05-15,0.734,0.811,0.668,0.8,1.135,0.41,0,0
2009-05-18,0.573,0.801,0.573,0.776,1.135,0.41,0,0
2009-05-19,0.65,0.822,0.636,0.821,1.135,0.41,0,0
2009-05-20,1.408,1.408,0.711,0.862,1.135,0.41,0,0
2009-05-21,0.854,1.15,0.854,0.979,1.408,0.41,0,0
2009-05-22,0.542,0.807,0.542,0.807,1.408,0.41,0,0
2009-05-26,0.808,0.848,0.659,0.722,1.408,0.41,0,0
2009-05-27,0.581,0.88,0.581,0.861,1.408,0.41,0,0
2009-05-28,0.952,0.977,0.673,0.756,1.408,0.41,0,0
2009-05-29,0.703,0.791,0.641,0.771,1.408,0.41,0,0
2009-06-01,0.594,0.775,0.519,0.774,1.408,0.41,0,0
2009-06-02,0.711,0.844,0.552,0.826,1.408,0.41,0,0
2009-06-03,0.742,1.134,0.742,0.965,1.408,0.41,0,0
2009-06-04,0.553,0.944,0.509,0.882,1.408,0.41,0,0
2009-06-05,0.523,0.808,0.523,0.808,1.408,0.41,0,0
2009-06-08,0.95,1.083,0.845,0.94,1.408,0.509,0,0
2009-06-09,0.694,0.876,0.694,0.864,1.408,0.509,0,0
2009-06-10,0.583,0.901,0.583,0.864,1.408,0.509,0,0
2009-06-11,0.676,0.853,0.638,0.769,1.408,0.509,0,0
2009-06-12,0.603,0.873,0.589,0.862,1.408,0.509,0,0
2009-06-15,0.693,1.047,0.693,0.81,1.408,0.509,0,0
2009-06-16,0.581,1.023,0.579,1.015,1.408,0.509,0,0
2009-06-17,1.976,1.976,1.129,1.135,1.408,0.509,0,0
2009-06-18,0.939,1.19,0.787,0.934,1.976,0.509,0,0
2009-06-19,0.747,1.303,0.747,0.86,1.976,0.509,0,0
2009-06-22,1.011,1.115,0.915,0.936,1.976,0.509,0,0
2009-06-23,0.837,1.195,0.837,0.997,1.976,0.509,0,0
2009-06-24,0.777,0.879,0.65,0.85,1.976,0.509,0,0
2009-06-25,1.053,1.059,0.82,0.898,1.976,0.509,0,0
2009-06-26,0.829,1.1,0.787,0.814,1.976,0.509,0,0
2009-06-29,0.905,0.91,0.688,0.782,1.976,0.509,0,0
2009-06-30,0.606,1.195,0.606,1.082,1.976,0.509,0,0
2009-07-01,0.592,0.84,0.568,0.8,1.976,0.509,0,0
2009-07-02,0.973,1.194,0.973,1.055,1.976,0.509,0,0
2009-07-06,0.935,0.96,0.78,0.862,1.976,0.523,0,0
2009-07-07,0.859,1.177,0.859,1.016,1.976,0.568,0,0
2009-07-08,0.6,1.358,0.6,1.027,1.976,0.568,0,0
2009-07-09,1.116,1.116,0.889,1.069,1.976,0.568,0,0
2009-07-10,0.596,1.112,0.596,1.082,1.976,0.568,0,0
2009-07-13,0.601,0.858,0.601,0.834,1.976,0.568,0,0
2009-07-14,0.701,0.852,0.438,0.83,1.976,0.568,0,0
2009-07-15,0.759,0.837,0.656,0.781,1.976,0.438,0,0
2009-07-16,0.723,0.857,0.71,0.762,1.976,0.438,0,0
2009-07-17,0.606,0.743,0.565,0.739,1.358,0.438,0,0
2009-07-20,0.45,0.701,0.394,0.701,1.358,0.438,0,0
2009-07-21,0.59,0.928,0.571,0.794,1.358,0.394,0,0
2009-07-22,2.665,2.665,0.967,0.989,1.358,0.394,0,0
2009-07-23,0.793,1.239,0.748,0.874,2.665,0.394,0,0
2009-07-24,0.902,1.04,0.779,0.93,2.665,0.394,0,0
2009-07-27,0.595,0.9,0.595,0.792,2.665,0.394,0,0
2009-07-28,1.203,1.203,0.653,0.812,2.665,0.394,0,0
2009-07-29,0.666,0.972,0.666,0.932,2.665,0.394,0,0
2009-07-30,0.519,0.733,0.485,0.668,2.665,0.394,0,0
2009-07-31,0.755,0.844,0.687,0.842,2.665,0.394,0,0
2009-08-03,0.481,0.763,0.477,0.763,2.665,0.394,0,0
2009-08-04,0.748,0.83,0.7,0.815,2.665,0.394,0,0
2009-08-05,0.577,0.765,0.577,0.74,2.665,0.394,0,0
2009-08-06,0.473,1.02,0.47,0.915,2.665,0.394,0,0
2009-08-07,0.503,0.893,0.503,0.729,2.665,0.394,0,0
2009-08-10,0.584,0.787,0.584,0.754,2.665,0.394,0,0
2009-08-11,0.57,0.779,0.532,0.77,2.665,0.394,0,0
2009-08-12,0.786,0.975,0.749,0.932,2.665,0.394,0,0
2009-08-13,0.527,0.872,0.518,0.777,2.665,0.394,0,0
2009-08-14,0.547,1.252,0.547,0.951,2.665,0.394,0,0
2009-08-17,1.028,1.252,0.976,0.994,2.665,0.394,0,0
2009-08-18,0.731,1.055,0.712,0.935,2.665,0.47,0,0
2009-08-19,1.862,1.862,0.948,0.972,2.665,0.47,0,0
2009-08-20,0.698,0.771,0.671,0.717,1.862,0.47,0,0
2009-08-21,0.523,0.645,0.523,0.593,1.862,0.47,0,0
2009-08-24,0.496,0.732,0.482,0.732,1.862,0.47,0,0
2009-08-25,0.432,0.81,0.432,0.808,1.862,0.47,0,0
2009-08-26,0.902,1.549,0.871,1.052,1.862,0.432,0,0
2009-08-27,0.589,0.989,0.577,0.816,1.862,0.432,0,0
2009-08-28,0.428,0.772,0.412,0.755,1.862,0.432,0,0
2009-08-31,0.697,0.892,0.633,0.891,1.862,0.412,0,0
2009-09-01,0.582,0.944,0.548,0.932,1.862,0.412,0,0
2009-09-02,0.914,1.212,0.775,0.919,1.862,0.412,0,0
2009-09-03,0.64,1.052,0.61,0.924,1.862,0.412,0,0
2009-09-04,0.812,0.914,0.72,0.893,1.862,0.412,0,0
2009-09-08,0.748,0.836,0.611,0.798,1.862,0.412,0,0
2009-09-09,0.602,0.934,0.546,0.855,1.862,0.412,0,0
2009-09-10,0.557,1.151,0.557,0.906,1.862,0.412,0,0
2009-09-11,0.459,0.92,0.459,0.884,1.862,0.412,0,0
2009-09-14,0.488,0.855,0.481,0.805,1.862,0.412,0,0
2009-09-15,0.593,0.851,0.593,0.757,1.862,0.412,0,0
2009-09-16,1.049,1.049,0.65,0.665,1.862,0.412,0,0
2009-09-17,0.598,1.002,0.598,0.785,1.862,0.412,0,0
2009-09-18,1.195,1.195,0.84,0.856,1.549,0.412,0,0
2009-09-21,0.843,0.878,0.638,0.753,1.549,0.412,0,0
2009-09-22,0.533,0.818,0.533,0.76,1.549,0.412,0,0
2009-09-23,0.965,0.965,0.716,0.9,1.549,0.412,0,0
2009-09-24,0.772,1,0.758,0.987,1.549,0.412,0,0
2009-09-25,0.615,0.977,0.603,0.962,1.212,0.412,0,0
2009-09-28,0.731,1.032,0.731,1.004,1.212,0.412,0,0
2009-09-29,0.621,0.861,0.575,0.86,1.212,0.459,0,0
2009-09-30,0.736,1.203,0.736,1.119,1.212,0.459,0,0
2009-10-01,0.87,1.06,0.716,0.963,1.212,0.459,0,0
2009-10-02,0.965,1.245,0.939,1.114,1.203,0.459,0,0
2009-10-05,0.696,0.818,0.696,0.801,1.245,0.459,0,0
2009-10-06,0.604,0.774,0.584,0.77,1.245,0.459,0,0
2009-10-07,0.659,0.958,0.659,0.779,1.245,0.459,0,0
2009-10-08,0.495,0.756,0.495,0.725,1.245,0.459,0,0
2009-10-09,0.611,0.806,0.611,0.791,1.245,0.459,0,0
2009-10-12,0.528,1.154,0.525,0.823,1.245,0.481,0,0
2009-10-13,0.538,0.818,0.487,0.803,1.245,0.495,0,0
2009-10-14,0.47,0.742,0.448,0.69,1.245,0.487,0,0
2009-10-15,0.479,0.742,0.471,0.689,1.245,0.448,0,0
2009-10-16,0.614,0.801,0.614,0.765,1.245,0.448,0,0
2009-10-19,0.665,0.907,0.629,0.907,1.245,0.448,0,0
2009-10-20,0.49,1.119,0.49,0.911,1.245,0.448,0,0
2009-10-21,1.634,1.634,0.865,0.943,1.245,0.448,0,0
2009-10-22,0.687,0.969,0.634,0.804,1.634,0.448,0,0
2009-10-23,0.538,0.858,0.511,0.856,1.634,0.448,0,0
2009-10-26,0.544,0.899,0.544,0.882,1.634,0.448,0,0
2009-10-27,0.622,1.013,0.622,1.013,1.634,0.448,0,0
2009-10-28,0.977,1.392,0.963,1.107,1.634,0.448,0,0
2009-10-29,0.717,0.903,0.717,0.842,1.634,0.448,0,0
2009-10-30,0.766,1.213,0.578,1.21,1.634,0.448,0,0
2009-11-02,0.757,1.049,0.693,1.036,1.634,0.448,0,0
2009-11-03,0.801,1.076,0.694,0.937,1.634,0.448,0,0
2009-11-04,0.544,0.976,0.544,0.815,1.634,0.448,0,0
2009-11-05,0.747,0.995,0.706,0.866,1.634,0.448,0,0
2009-11-06,1.043,1.267,0.978,1.022,1.634,0.448,0,0
2009-11-09,0.571,1.043,0.562,0.872,1.634,0.448,0,0
2009-11-10,0.59,0.873,0.571,0.837,1.634,0.448,0,0
2009-11-11,0.788,0.944,0.655,0.904,1.634,0.448,0,0
2009-11-12,0.539,1.355,0.537,0.85,1.634,0.471,0,0
2009-11-13,0.668,1.038,0.66,1.008,1.634,0.49,0,0
2009-11-16,0.587,0.96,0.587,0.837,1.634,0.49,0,0
2009-11-17,0.672,0.893,0.567,0.881,1.634,0.49,0,0
2009-11-18,1.56,1.56,0.832,0.845,1.634,0.511,0,0
2009-11-19,0.813,1.176,0.813,0.998,1.56,0.511,0,0
2009-11-20,0.796,1.038,0.76,0.916,1.56,0.511,0,0
2009-11-23,0.347,0.667,0.347,0.667,1.56,0.537,0,0
2009-11-24,0.859,1.347,0.694,0.879,1.56,0.347,0,0
2009-11-25,0.702,0.881,0.492,0.855,1.56,0.347,0,0
2009-11-27,1.177,1.177,0.864,1.052,1.56,0.347,0,0
2009-11-30,0.847,1.115,0.779,1.036,1.56,0.347,0,0
2009-12-01,0.666,1.018,0.579,0.855,1.56,0.347,0,0
2009-12-02,0.711,0.946,0.6,0.889,1.56,0.347,0,0
2009-12-03,0.56,0.835,0.56,0.677,1.56,0.347,0,0
2009-12-04,0.773,0.921,0.726,0.848,1.56,0.347,0,0
2009-12-07,0.685,0.917,0.611,0.897,1.56,0.347,0,0
2009-12-08,0.861,0.987,0.808,0.902,1.56,0.347,0,0
2009-12-09,0.741,1.339,0.741,0.961,1.56,0.347,0,0
2009-12-10,0.749,1.103,0.729,0.911,1.56,0.347,0,0
2009-12-11,0.775,1.253,0.756,0.894,1.56,0.347,0,0
2009-12-14,0.719,1.022,0.719,0.894,1.56,0.347,0,0
2009-12-15,0.939,0.972,0.632,0.757,1.56,0.347,0,0
2009-12-16,2.108,2.108,0.871,0.894,1.56,0.347,0,0
2009-12-17,2.274,2.274,0.74,0.907,2.108,0.347,0,0
2009-12-18,0.652,1.045,0.652,0.98,2.274,0.347,0,0
2009-12-21,0.497,0.744,0.497,0.603,2.274,0.347,0,0
2009-12-22,0.622,0.901,0.565,0.582,2.274,0.347,0,0
2009-12-23,0.577,0.954,0.541,0.821,2.274,0.492,0,0
2009-12-24,0.664,0.744,0.601,0.712,2.274,0.492,0,0
2009-12-28,0.566,0.809,0.519,0.788,2.274,0.497,0,0
2009-12-29,0.434,1.044,0.434,0.906,2.274,0.497,0,0
2009-12-30,0.663,0.813,0.459,0.771,2.274,0.434,0,0
2009-12-31,0.834,0.968,0.797,0.915,2.274,0.434,0,0
2010-01-04,0.723,0.748,0.581,0.693,2.274,0.434,0,0
2010-01-05,0.448,0.744,0.448,0.719,2.274,0.434,0,0
2010-01-06,0.591,0.727,0.506,0.701,2.274,0.434,0,0
2010-01-07,0.69,0.815,0.532,0.713,2.274,0.434,0,0
2010-01-08,0.63,0.746,0.584,0.648,2.274,0.434,0,0
2010-01-11,0.497,0.691,0.468,0.68,2.274,0.434,0,0
2010-01-12,0.816,0.839,0.699,0.799,2.274,0.434,0,0
2010-01-13,0.759,0.87,0.681,0.805,2.274,0.434,0,0
2010-01-14,0.569,0.771,0.508,0.754,2.274,0.434,0,0
2010-01-15,0.586,0.856,0.578,0.825,2.274,0.434,0,0
2010-01-19,0.765,0.771,0.47,0.732,2.274,0.434,0,0
2010-01-20,1.847,1.847,0.892,0.926,1.045,0.434,0,0
2010-01-21,0.635,0.934,0.635,0.933,1.847,0.434,0,0
2010-01-22,0.966,1.224,0.878,1.079,1.847,0.434,0,0
2010-01-25,0.827,0.99,0.827,0.987,1.847,0.434,0,0
2010-01-26,0.838,0.932,0.793,0.854,1.847,0.434,0,0
2010-01-27,0.967,1.41,0.94,0.947,1.847,0.434,0,0
2010-01-28,0.593,0.85,0.593,0.802,1.847,0.434,0,0
2010-01-29,0.569,1.006,0.563,1.005,1.847,0.448,0,0
2010-02-01,1.894,3.698,1.894,3.053,1.847,0.448,0,0
2010-02-02,2.233,2.753,2.031,2.752,3.698,0.448,0,0
2010-02-03,2.239,2.639,2.122,2.407,3.698,0.448,0,0
2010-02-04,1.815,2.476,1.747,2.476,3.698,0.468,0,0
2010-02-05,3.121,3.192,2.221,2.872,3.698,0.468,0,0
2010-02-08,1.59,3.318,1.59,2.675,3.698,0.468,0,0
2010-02-09,1.972,2.717,1.471,2.625,3.698,0.468,0,0
2010-02-10,3.171,3.171,2.332,2.427,3.698,0.47,0,0
2010-02-11,1.359,3.733,1.359,2.781,3.698,0.47,0,0
2010-02-12,2.157,2.839,2.149,2.532,3.733,0.47,0,0
2010-02-16,2.277,3.252,2.243,3.148,3.733,0.47,0,0
2010-02-17,2.161,2.905,2.073,2.905,3.733,0.47,0,0
2010-02-18,0.837,1.111,0.629,0.788,3.733,0.563,0,0
2010-02-19,0.775,0.945,0.669,0.844,3.733,0.563,0,0
2010-02-22,0.509,0.946,0.509,0.829,3.733,0.563,0,0
2010-02-23,0.917,1.377,0.828,1.049,3.733,0.509,0,0
2010-02-24,0.539,1.041,0.537,0.827,3.733,0.509,0,0
2010-02-25,1.556,1.556,1.027,1.033,3.733,0.509,0,0
2010-02-26,0.763,1.019,0.706,0.867,3.733,0.509,0,0
2010-03-01,0.656,1.029,0.656,0.941,3.733,0.509,0,0
2010-03-02,0.775,0.864,0.653,0.778,3.733,0.509,0,0
2010-03-03,0.844,1.043,0.65,0.874,3.733,0.509,0,0
2010-03-04,0.574,1.525,0.327,1.006,3.733,0.509,0,0
2010-03-05,0.861,1.006,0.673,0.826,3.733,0.327,0,0
2010-03-08,0.57,0.994,0.57,0.922,3.733,0.327,0,0
2010-03-09,0.731,0.968,0.648,0.678,3.733,0.327,0,0
2010-03-10,0.605,0.806,0.566,0.805,3.733,0.327,0,0
2010-03-11,0.648,1.014,0.592,0.923,3.733,0.327,0,0
2010-03-12,0.438,0.879,0.412,0.865,3.733,0.327,0,0
2010-03-15,0.711,0.846,0.627,0.799,3.252,0.327,0,0
2010-03-16,0.611,0.98,0.555,0.754,3.252,0.327,0,0
2010-03-17,2.758,2.758,0.851,0.86,2.905,0.327,0,0
2010-03-18,0.433,0.83,0.409,0.765,2.758,0.327,0,0
2010-03-19,0.662,0.98,0.662,0.974,2.758,0.327,0,0
2010-03-22,0.662,0.928,0.662,0.913,2.758,0.327,0,0
2010-03-23,0.552,0.766,0.548,0.751,2.758,0.327,0,0
2010-03-24,0.788,0.923,0.701,0.923,2.758,0.327,0,0
2010-03-25,0.398,0.864,0.398,0.864,2.758,0.327,0,0
2010-03-26,0.514,0.923,0.498,0.923,2.758,0.327,0,0
2010-03-29,0.9,0.9,0.65,0.844,2.758,0.327,0,0
2010-03-30,0.484,0.927,0.484,0.859,2.758,0.327,0,0
2010-03-31,0.695,0.892,0.684,0.815,2.758,0.327,0,0
2010-04-01,0.578,1.012,0.552,0.906,2.758,0.327,0,0
2010-04-05,0.982,0.982,0.602,0.794,2.758,0.398,0,0
2010-04-06,0.642,0.895,0.633,0.762,2.758,0.398,0,0
2010-04-07,0.716,0.967,0.607,0.909,2.758,0.398,0,0
2010-04-08,0.69,0.905,0.69,0.786,2.758,0.398,0,0
2010-04-09,0.653,0.804,0.565,0.711,2.758,0.398,0,0
2010-04-12,0.541,0.719,0.479,0.679,2.758,0.398,0,0
2010-04-13,0.548,0.771,0.548,0.723,2.758,0.398,0,0
2010-04-14,0.413,0.658,0.413,0.558,2.758,0.398,0,0
2010-04-15,0.363,0.86,0.363,0.716,2.758,0.398,0,0
2010-04-16,0.648,0.898,0.572,0.855,1.012,0.363,0,0
2010-04-19,0.709,0.928,0.638,0.907,1.012,0.363,0,0
2010-04-20,0.666,1.079,0.666,0.914,1.012,0.363,0,0
2010-04-21,1.534,1.534,0.85,0.908,1.079,0.363,0,0
2010-04-22,0.691,0.937,0.646,0.758,1.534,0.363,0,0
2010-04-23,0.666,0.712,0.517,0.707,1.534,0.363,0,0
2010-04-26,0.458,0.675,0.455,0.666,1.534,0.363,0,0
2010-04-27,0.686,0.904,0.613,0.888,1.534,0.363,0,0
2010-04-28,0.618,0.887,0.616,0.829,1.534,0.363,0,0
2010-04-29,0.648,0.752,0.555,0.724,1.534,0.363,0,0
2010-04-30,0.716,1.206,0.676,1.055,1.534,0.363,0,0
2010-05-03,0.602,0.837,0.582,0.782,1.534,0.363,0,0
2010-05-04,0.875,1.128,0.87,0.985,1.534,0.363,0,0
2010-05-05,0.829,1.481,0.829,1.146,1.534,0.363,0,0
2010-05-06,1.077,1.154,0.814,1.023,1.534,0.363,0,0
2010-05-07,1.183,1.415,1.15,1.221,1.534,0.363,0,0
2010-05-10,0.578,1.064,0.578,1.022,1.534,0.363,0,0
2010-05-11,0.702,1.294,0.702,1.086,1.534,0.363,0,0
2010-05-12,0.57,0.883,0.549,0.868,1.534,0.363,0,0
2010-05-13,0.655,0.863,0.563,0.861,1.534,0.363,0,0
2010-05-14,0.952,1.246,0.617,1.109,1.534,0.455,0,0
2010-05-17,0.86,1.053,0.762,1.017,1.534,0.455,0,0
2010-05-18,0.851,1.05,0.813,1.015,1.534,0.455,0,0
2010-05-19,4.296,4.296,1.368,1.368,1.534,0.455,0,0
2010-05-20,1.239,1.653,1.154,1.53,4.296,0.455,0,0
2010-05-21,1.217,1.382,1.046,1.314,4.296,0.455,0,0
2010-05-24,0.744,1,0.665,0.936,4.296,0.455,0,0
2010-05-25,0.923,1.372,0.902,1.14,4.296,0.549,0,0
2010-05-26,0.689,1.177,0.685,1.048,4.296,0.549,0,0
2010-05-27,0.732,1.173,0.633,1.04,4.296,0.549,0,0
2010-05-28,0.682,3.589,0.669,1.213,4.296,0.549,0,0
2010-06-01,0.827,0.952,0.774,0.897,4.296,0.549,0,0
2010-06-02,0.889,0.977,0.66,0.894,4.296,0.549,0,0
2010-06-03,0.718,1.294,0.718,1.083,4.296,0.549,0,0
2010-06-04,0.864,1.078,0.498,0.967,4.296,0.549,0,0
2010-06-07,0.887,1.66,0.887,0.962,4.296,0.498,0,0
2010-06-08,0.796,1.165,0.796,1.155,4.296,0.498,0,0
2010-06-09,0.694,1.102,0.694,1.056,4.296,0.498,0,0
2010-06-10,1.133,1.133,0.944,1,4.296,0.498,0,0
2010-06-11,0.895,1.232,0.895,1.077,4.296,0.498,0,0
2010-06-14,0.976,1.222,0.749,1.098,4.296,0.498,0,0
2010-06-15,0.72,1.017,0.72,0.859,4.296,0.498,0,0
2010-06-16,3.421,3.421,0.946,0.95,4.296,0.498,0,0
2010-06-17,0.634,0.907,0.634,0.898,4.296,0.498,0,0
2010-06-18,0.911,1.033,0.846,0.878,3.589,0.498,0,0
2010-06-21,0.567,1.015,0.555,0.929,3.589,0.498,0,0
2010-06-22,0.808,1.225,0.726,1.037,3.589,0.498,0,0
2010-06-23,0.685,1.12,0.664,1.088,3.589,0.498,0,0
2010-06-24,2.052,2.199,1.18,1.19,3.589,0.498,0,0
2010-06-25,0.888,0.975,0.704,0.893,3.589,0.498,0,0
2010-06-28,0.712,0.872,0.641,0.785,3.589,0.498,0,0
2010-06-29,0.774,1.247,0.755,1.099,3.421,0.498,0,0
2010-06-30,0.886,1.076,0.775,1.068,3.421,0.498,0,0
2010-07-01,0.861,1.416,0.76,1.25,3.421,0.498,0,0
2010-07-02,0.746,1.054,0.696,0.904,3.421,0.498,0,0
2010-07-06,0.617,1.311,0.617,1.131,3.421,0.555,0,0
2010-07-07,0.609,0.922,0.609,0.87,3.421,0.555,0,0
2010-07-08,0.933,0.933,0.73,0.807,3.421,0.555,0,0
2010-07-09,0.707,1.03,0.707,0.858,3.421,0.555,0,0
2010-07-12,0.458,1.027,0.458,1.007,3.421,0.555,0,0
2010-07-13,0.637,0.929,0.637,0.829,3.421,0.458,0,0
2010-07-14,0.604,1.066,0.604,0.932,3.421,0.458,0,0
2010-07-15,0.556,0.944,0.556,0.877,3.421,0.458,0,0
2010-07-16,0.514,1.219,0.514,1.098,2.199,0.458,0,0
2010-07-19,0.518,0.721,0.507,0.721,2.199,0.458,0,0
2010-07-20,0.842,0.901,0.743,0.888,2.199,0.458,0,0
2010-07-21,2.437,2.437,0.962,1.01,2.199,0.458,0,0
2010-07-22,0.566,1.122,0.521,0.816,2.437,0.458,0,0
2010-07-23,0.795,1.017,0.616,0.838,2.437,0.458,0,0
2010-07-26,0.727,1.09,0.627,0.987,2.437,0.458,0,0
2010-07-27,0.684,0.918,0.639,0.828,2.437,0.458,0,0
2010-07-28,0.739,0.977,0.441,0.963,2.437,0.458,0,0
2010-07-29,0.624,1.08,0.624,0.984,2.437,0.441,0,0
2010-07-30,0.774,0.87,0.595,0.807,2.437,0.441,0,0
2010-08-02,0.648,1.104,0.648,0.931,2.437,0.441,0,0
2010-08-03,0.617,0.881,0.617,0.852,2.437,0.441,0,0
2010-08-04,0.685,0.866,0.488,0.822,2.437,0.441,0,0
2010-08-05,0.579,0.952,0.518,0.952,2.437,0.441,0,0
2010-08-06,1.081,1.081,0.786,0.929,2.437,0.441,0,0
2010-08-09,0.633,0.942,0.633,0.81,2.437,0.441,0,0
2010-08-10,1.034,1.154,0.889,0.996,2.437,0.441,0,0
2010-08-11,1.007,1.101,0.93,1.069,2.437,0.441,0,0
2010-08-12,0.718,1.065,0.718,0.996,2.437,0.441,0,0
2010-08-13,0.733,1.079,0.649,1.002,2.437,0.441,0,0
2010-08-16,0.807,1.066,0.807,0.916,2.437,0.441,0,0
2010-08-17,0.728,1.042,0.728,0.997,2.437,0.441,0,0
2010-08-18,2.273,2.273,1.051,1.202,2.437,0.441,0,0
2010-08-19,0.755,1.039,0.682,0.974,2.273,0.441,0,0
2010-08-20,0.802,1.171,0.698,1.043,2.273,0.441,0,0
2010-08-23,0.419,0.922,0.419,0.71,2.273,0.441,0,0
2010-08-24,0.925,1.262,0.86,0.952,2.273,0.419,0,0
2010-08-25,0.773,1.374,0.773,1.021,2.273,0.419,0,0
2010-08-26,0.878,0.952,0.766,0.883,2.273,0.419,0,0
2010-08-27,0.94,1.164,0.789,0.803,2.273,0.419,0,0
2010-08-30,1.009,1.169,0.644,0.983,2.273,0.419,0,0
2010-08-31,0.805,1.114,0.736,0.917,2.273,0.419,0,0
2010-09-01,0.626,0.948,0.626,0.816,2.273,0.419,0,0
2010-09-02,0.608,0.952,0.587,0.901,2.273,0.419,0,0
2010-09-03,0.672,1.012,0.551,0.967,2.273,0.419,0,0
2010-09-07,0.814,1.45,0.689,1.332,2.273,0.419,0,0
2010-09-08,0.95,3.298,0.849,0.942,2.273,0.419,0,0
2010-09-09,0.753,1.217,0.753,1.065,3.298,0.419,0,0
2010-09-10,0.912,1.26,0.773,1.253,3.298,0.419,0,0
2010-09-13,0.863,0.922,0.736,0.832,3.298,0.419,0,0
2010-09-14,0.581,0.94,0.519,0.901,3.298,0.419,0,0
2010-09-15,2.529,2.529,0.883,0.93,3.298,0.419,0,0
2010-09-16,0.686,0.825,0.631,0.823,3.298,0.419,0,0
2010-09-17,0.891,1.084,0.771,0.893,3.298,0.419,0,0
2010-09-20,0.706,1.128,0.675,0.798,3.298,0.419,0,0
2010-09-21,1.197,1.197,0.8,0.984,3.298,0.419,0,0
2010-09-22,0.752,0.944,0.563,0.944,3.298,0.519,0,0
2010-09-23,0.983,1.648,0.858,0.935,3.298,0.519,0,0
2010-09-24,0.616,0.875,0.58,0.843,3.298,0.519,0,0
2010-09-27,0.48,0.848,0.469,0.843,3.298,0.519,0,0
2010-09-28,0.592,1.023,0.586,1.02,3.298,0.469,0,0
2010-09-29,0.789,0.856,0.724,0.784,3.298,0.469,0,0
2010-09-30,0.556,0.94,0.532,0.839,3.298,0.469,0,0
2010-10-01,0.676,0.855,0.54,0.817,3.298,0.469,0,0
2010-10-04,0.681,0.862,0.607,0.806,3.298,0.469,0,0
2010-10-05,0.393,1.047,0.393,0.894,3.298,0.469,0,0
2010-10-06,0.744,0.862,0.653,0.842,3.298,0.393,0,0
2010-10-07,0.708,1.2,0.708,1.074,2.529,0.393,0,0
2010-10-08,0.685,1.304,0.659,0.855,2.529,0.393,0,0
2010-10-11,0.526,0.83,0.517,0.828,2.529,0.393,0,0
2010-10-12,0.911,3.01,0.911,1.152,2.529,0.393,0,0
2010-10-13,0.441,0.778,0.441,0.73,3.01,0.393,0,0
2010-10-14,0.743,0.954,0.646,0.825,3.01,0.393,0,0
2010-10-15,0.685,0.861,0.685,0.712,3.01,0.393,0,0
2010-10-18,0.794,0.927,0.697,0.852,3.01,0.393,0,0
2010-10-19,0.824,1.157,0.824,0.918,3.01,0.393,0,0
2010-10-20,2.047,2.047,1.021,1.025,3.01,0.393,0,0
2010-10-21,0.95,1.013,0.797,0.96,3.01,0.393,0,0
2010-10-22,0.806,0.988,0.806,0.869,3.01,0.393,0,0
2010-10-25,0.678,0.961,0.597,0.914,3.01,0.393,0,0
2010-10-26,0.813,1.005,0.793,0.915,3.01,0.393,0,0
2010-10-27,0.488,0.861,0.488,0.86,3.01,0.393,0,0
2010-10-28,0.566,0.879,0.566,0.872,3.01,0.393,0,0
2010-10-29,0.756,1.037,0.695,0.899,3.01,0.393,0,0
2010-11-01,0.608,0.971,0.608,0.87,3.01,0.393,0,0
2010-11-02,0.507,0.809,0.507,0.798,3.01,0.393,0,0
2010-11-03,0.593,0.914,0.537,0.903,3.01,0.441,0,0
2010-11-04,0.559,0.933,0.559,0.75,3.01,0.441,0,0
2010-11-05,0.52,0.706,0.453,0.686,3.01,0.441,0,0
2010-11-08,0.547,0.767,0.525,0.702,3.01,0.441,0,0
2010-11-09,0.475,0.841,0.475,0.84,3.01,0.441,0,0
2010-11-10,0.684,0.725,0.569,0.709,2.047,0.441,0,0
2010-11-11,0.985,1.023,0.709,0.767,2.047,0.453,0,0
2010-11-12,0.678,1.032,0.639,1.032,2.047,0.453,0,0
2010-11-15,0.54,0.939,0.54,0.793,2.047,0.453,0,0
2010-11-16,0.745,1.022,0.741,0.955,2.047,0.453,0,0
2010-11-17,1.744,1.744,0.807,0.912,2.047,0.453,0,0
2010-11-18,0.636,0.952,0.636,0.831,1.744,0.453,0,0
2010-11-19,0.537,0.811,0.537,0.664,1.744,0.453,0,0
2010-11-22,0.771,0.843,0.61,0.793,1.744,0.453,0,0
2010-11-23,0.765,1.096,0.749,0.946,1.744,0.453,0,0
2010-11-24,0.586,1.2,0.569,1.056,1.744,0.453,0,0
2010-11-26,0.782,0.909,0.554,0.852,1.744,0.453,0,0
2010-11-29,0.727,1.193,0.659,0.982,1.744,0.453,0,0
2010-11-30,0.948,1.159,0.718,0.893,1.744,0.453,0,0
2010-12-01,0.398,0.828,0.398,0.806,1.744,0.453,0,0
2010-12-02,0.485,0.8,0.482,0.704,1.744,0.398,0,0
2010-12-03,0.605,0.785,0.605,0.785,1.744,0.398,0,0
2010-12-06,0.621,0.752,0.61,0.723,1.744,0.398,0,0
2010-12-07,0.399,0.786,0.399,0.756,1.744,0.398,0,0
2010-12-08,0.476,0.795,0.454,0.741,1.744,0.398,0,0
2010-12-09,0.519,0.709,0.297,0.709,1.744,0.398,0,0
2010-12-10,0.561,0.82,0.502,0.766,1.744,0.297,0,0
2010-12-13,0.258,0.653,0.258,0.653,1.744,0.297,0,0
2010-12-14,0.557,1.19,0.463,0.903,1.744,0.258,0,0
2010-12-15,0.759,0.759,0.485,0.678,1.744,0.258,0,0
2010-12-16,0.697,0.868,0.573,0.867,1.744,0.258,0,0
2010-12-17,0.581,0.854,0.581,0.777,1.2,0.258,0,0
2010-12-20,0.616,0.907,0.616,0.751,1.2,0.258,0,0
2010-12-21,0.675,0.786,0.542,0.735,1.2,0.258,0,0
2010-12-22,2.301,2.301,0.823,0.832,1.2,0.258,0,0
2010-12-23,0.624,0.988,0.609,0.866,2.301,0.258,0,0
2010-12-27,0.749,0.954,0.681,0.778,2.301,0.258,0,0
2010-12-28,0.626,0.801,0.564,0.787,2.301,0.258,0,0
2010-12-29,0.653,0.971,0.635,0.782,2.301,0.258,0,0
2010-12-30,0.493,0.717,0.101,0.716,2.301,0.258,0,0
2010-12-31,0.724,1.868,0.724,0.989,2.301,0.101,0,0
2011-01-03,0.445,0.796,0.445,0.651,2.301,0.101,0,0
2011-01-04,0.397,0.654,0.334,0.647,2.301,0.101,0,0
2011-01-05,0.637,0.863,0.624,0.705,2.301,0.101,0,0
2011-01-06,0.589,0.822,0.554,0.746,2.301,0.101,0,0
2011-01-07,0.705,1.123,0.56,0.908,2.301,0.101,0,0
2011-01-10,0.737,0.811,0.65,0.785,2.301,0.101,0,0
2011-01-11,0.562,0.858,0.562,0.839,2.301,0.101,0,0
2011-01-12,0.665,0.911,0.579,0.822,2.301,0.101,0,0
2011-01-13,0.415,0.743,0.415,0.722,2.301,0.101,0,0
2011-01-14,0.656,0.731,0.549,0.574,2.301,0.101,0,0
2011-01-18,0.482,0.741,0.482,0.734,2.301,0.101,0,0
2011-01-19,2.32,2.32,0.789,0.835,2.301,0.101,0,0
2011-01-20,0.736,0.986,0.736,0.935,2.32,0.101,0,0
2011-01-21,0.513,0.796,0.502,0.794,2.32,0.101,0,0
2011-01-24,0.575,0.809,0.561,0.756,2.32,0.101,0,0
2011-01-25,0.68,1.035,0.68,0.954,2.32,0.101,0,0
2011-01-26,0.551,0.997,0.542,0.918,2.32,0.101,0,0
2011-01-27,0.803,1.246,0.677,1.029,2.32,0.101,0,0
2011-01-28,0.548,1.09,0.548,1.08,2.32,0.101,0,0
2011-01-31,0.732,1.097,0.713,1.009,2.32,0.334,0,0
2011-02-01,0.531,1.127,0.531,0.8,2.32,0.334,0,0
2011-02-02,1.19,1.19,0.618,0.746,2.32,0.334,0,0
2011-02-03,0.459,0.88,0.459,0.867,2.32,0.415,0,0
2011-02-04,0.504,0.977,0.501,0.868,2.32,0.415,0,0
2011-02-07,0.612,0.82,0.612,0.82,2.32,0.415,0,0
2011-02-08,0.6,0.856,0.6,0.839,2.32,0.415,0,0
2011-02-09,0.561,0.875,0.546,0.873,2.32,0.415,0,0
2011-02-10,0.843,0.921,0.594,0.774,2.32,0.415,0,0
2011-02-11,0.618,0.958,0.613,0.823,2.32,0.415,0,0
2011-02-14,0.703,0.908,0.627,0.874,2.32,0.459,0,0
2011-02-15,0.519,2.891,0.519,0.843,2.32,0.459,0,0
2011-02-16,2.197,2.197,0.901,0.926,2.891,0.459,0,0
2011-02-17,0.522,0.724,0.522,0.722,2.891,0.459,0,0
2011-02-18,0.564,1.003,0.534,0.92,2.891,0.459,0,0
2011-02-22,0.792,1.081,0.771,0.98,2.891,0.459,0,0
2011-02-23,0.992,1.21,0.764,0.96,2.891,0.459,0,0
2011-02-24,0.762,1.002,0.71,0.985,2.891,0.459,0,0
2011-02-25,0.571,0.865,0.571,0.827,2.891,0.459,0,0
2011-02-28,0.676,0.863,0.667,0.838,2.891,0.459,0,0
2011-03-01,0.707,1.041,0.707,0.931,2.891,0.459,0,0
2011-03-02,0.655,0.904,0.645,0.79,2.891,0.459,0,0
2011-03-03,0.665,1.021,0.665,0.865,2.891,0.459,0,0
2011-03-04,0.851,0.851,0.657,0.789,2.891,0.459,0,0
2011-03-07,0.586,0.903,0.586,0.896,2.891,0.501,0,0
2011-03-08,0.849,0.947,0.723,0.888,2.891,0.519,0,0
2011-03-09,0.572,0.86,0.572,0.86,2.891,0.519,0,0
2011-03-10,0.807,1.179,0.807,1.055,2.891,0.519,0,0
2011-03-11,1.995,1.995,1.065,1.07,2.891,0.519,0,0
2011-03-14,0.652,0.966,0.65,0.95,2.891,0.519,0,0
2011-03-15,1.178,1.37,0.859,1.067,2.891,0.519,0,0
2011-03-16,3.08,3.08,1.157,1.183,2.891,0.519,0,0
2011-03-17,0.984,1.109,0.766,1.077,3.08,0.522,0,0
2011-03-18,0.769,1.019,0.74,1.017,3.08,0.522,0,0
2011-03-21,0.445,0.797,0.445,0.759,3.08,0.534,0,0
2011-03-22,0.589,0.792,0.5,0.761,3.08,0.445,0,0
2011-03-23,0.757,1.042,0.683,0.853,3.08,0.445,0,0
2011-03-24,0.514,0.945,0.514,0.89,3.08,0.445,0,0
2011-03-25,0.652,1.231,0.652,0.842,3.08,0.445,0,0
2011-03-28,0.587,0.847,0.538,0.822,3.08,0.445,0,0
2011-03-29,0.615,0.805,0.615,0.754,3.08,0.445,0,0
2011-03-30,0.587,0.804,0.488,0.754,3.08,0.445,0,0
2011-03-31,0.603,0.874,0.569,0.874,3.08,0.445,0,0
2011-04-01,0.862,1.123,0.796,0.894,3.08,0.445,0,0
2011-04-04,0.587,1.068,0.576,1.059,3.08,0.445,0,0
2011-04-05,1.24,1.24,0.689,0.818,3.08,0.445,0,0
2011-04-06,0.574,0.724,0.521,0.709,3.08,0.445,0,0
2011-04-07,0.588,1.087,0.574,0.892,3.08,0.445,0,0
2011-04-08,0.709,0.868,0.55,0.868,3.08,0.445,0,0
2011-04-11,0.824,0.962,0.68,0.952,3.08,0.445,0,0
2011-04-12,0.916,1.316,0.856,1.129,3.08,0.445,0,0
2011-04-13,0.698,1.176,0.653,0.84,3.08,0.445,0,0
2011-04-14,0.776,1.43,0.759,0.967,1.316,0.445,0,0
2011-04-15,0.587,1.057,0.587,0.928,1.43,0.445,0,0
2011-04-18,0.957,0.964,0.773,0.864,1.43,0.445,0,0
2011-04-19,0.512,0.909,0.512,0.901,1.43,0.488,0,0
2011-04-20,1.557,1.557,0.881,0.974,1.43,0.488,0,0
2011-04-21,0.478,1.139,0.478,0.93,1.557,0.488,0,0
2011-04-25,0.558,0.798,0.542,0.745,1.557,0.478,0,0
2011-04-26,0.623,0.871,0.576,0.87,1.557,0.478,0,0
2011-04-27,0.748,0.951,0.745,0.874,1.557,0.478,0,0
2011-04-28,0.518,0.983,0.518,0.829,1.557,0.478,0,0
2011-04-29,0.549,0.928,0.491,0.923,1.557,0.478,0,0
2011-05-02,0.674,0.86,0.592,0.859,1.557,0.478,0,0
2011-05-03,0.887,0.92,0.776,0.902,1.557,0.478,0,0
2011-05-04,0.954,1.096,0.805,1.013,1.557,0.478,0,0
2011-05-05,0.911,1.069,0.837,1.058,1.557,0.478,0,0
2011-05-06,0.882,0.977,0.812,0.977,1.557,0.478,0,0
2011-05-09,0.787,0.944,0.768,0.784,1.557,0.478,0,0
2011-05-10,0.715,0.874,0.584,0.798,1.557,0.478,0,0
2011-05-11,0.754,0.957,0.675,0.956,1.557,0.478,0,0
2011-05-12,0.833,0.898,0.716,0.836,1.557,0.478,0,0
2011-05-13,0.874,1.091,0.812,0.936,1.557,0.478,0,0
2011-05-16,0.856,0.958,0.704,0.955,1.557,0.478,0,0
2011-05-17,0.972,1.761,0.856,1.146,1.557,0.478,0,0
2011-05-18,2.015,2.015,0.9,0.96,1.761,0.478,0,0
2011-05-19,0.651,1.223,0.619,0.969,2.015,0.478,0,0
2011-05-20,1.138,1.138,0.972,1.038,2.015,0.478,0,0
2011-05-23,0.944,1.174,0.913,1.061,2.015,0.491,0,0
2011-05-24,0.556,0.806,0.556,0.805,2.015,0.491,0,0
2011-05-25,0.67,0.74,0.588,0.728,2.015,0.491,0,0
2011-05-26,0.559,1.127,0.559,0.919,2.015,0.491,0,0
2011-05-27,0.67,0.826,0.547,0.701,2.015,0.491,0,0
2011-05-31,0.588,1.064,0.529,0.776,2.015,0.547,0,0
2011-06-01,0.77,1.225,0.764,1.147,2.015,0.529,0,0
2011-06-02,0.729,1.165,0.729,1.066,2.015,0.529,0,0
2011-06-03,0.845,1.414,0.811,1.238,2.015,0.529,0,0
2011-06-06,0.763,1.209,0.64,1.114,2.015,0.529,0,0
2011-06-07,0.721,1.361,0.721,1.077,2.015,0.529,0,0
2011-06-08,0.884,1.188,0.861,1.188,2.015,0.529,0,0
2011-06-09,0.872,1.195,0.784,1.055,2.015,0.529,0,0
2011-06-10,1.037,1.265,1.023,1.181,2.015,0.529,0,0
2011-06-13,0.85,1.579,0.824,1.071,2.015,0.529,0,0
2011-06-14,0.564,1.129,0.564,1.029,2.015,0.529,0,0
2011-06-15,2.333,2.333,1.273,1.358,2.015,0.529,0,0
2011-06-16,0.878,1.645,0.878,1.122,2.333,0.529,0,0
2011-06-17,0.927,1.212,0.927,1.19,2.333,0.529,0,0
2011-06-20,0.577,1.041,0.571,0.88,2.333,0.529,0,0
2011-06-21,0.752,1.047,0.752,0.947,2.333,0.529,0,0
2011-06-22,0.764,1.336,0.735,0.839,2.333,0.529,0,0
2011-06-23,1.245,1.325,1.03,1.034,2.333,0.529,0,0
2011-06-24,0.878,1.341,0.801,1.069,2.333,0.529,0,0
2011-06-27,0.775,0.95,0.737,0.844,2.333,0.529,0,0
2011-06-28,0.561,0.965,0.561,0.912,2.333,0.529,0,0
2011-06-29,0.755,1.018,0.734,1.016,2.333,0.561,0,0
2011-06-30,0.907,1.119,0.872,0.922,2.333,0.561,0,0
2011-07-01,0.903,1.019,0.73,0.87,2.333,0.561,0,0
2011-07-05,0.725,1.326,0.674,1.119,2.333,0.561,0,0
2011-07-06,0.908,1.458,0.908,1.032,2.333,0.561,0,0
2011-07-07,0.686,0.851,0.59,0.848,2.333,0.561,0,0
2011-07-08,0.781,1.044,0.769,1.018,2.333,0.561,0,0
2011-07-11,0.911,1.35,0.911,1.17,2.333,0.561,0,0
2011-07-12,0.992,1.267,0.938,1.1,2.333,0.561,0,0
2011-07-13,1.007,1.189,0.825,1.002,2.333,0.561,0,0
2011-07-14,0.897,1.071,0.751,1.07,2.333,0.561,0,0
2011-07-15,0.695,1.129,0.644,1.076,1.645,0.561,0,0
2011-07-18,0.688,0.959,0.636,0.958,1.458,0.561,0,0
2011-07-19,0.59,0.736,0.59,0.673,1.458,0.561,0,0
2011-07-20,1.607,1.607,0.789,0.794,1.458,0.561,0,0
2011-07-21,0.769,0.907,0.69,0.757,1.607,0.561,0,0
2011-07-22,0.688,0.964,0.675,0.835,1.607,0.561,0,0
2011-07-25,0.872,1.289,0.869,0.931,1.607,0.561,0,0
2011-07-26,0.681,0.798,0.655,0.798,1.607,0.561,0,0
2011-07-27,0.897,1.202,0.884,1.123,1.607,0.561,0,0
2011-07-28,1.055,1.149,0.9,0.926,1.607,0.59,0,0
2011-07-29,0.935,1.34,0.935,1.196,1.607,0.59,0,0
2011-08-01,0.846,1.163,0.808,1.148,1.607,0.59,0,0
2011-08-02,0.728,1.492,0.728,1.163,1.607,0.59,0,0
2011-08-03,1.011,1.485,1.011,1.309,1.607,0.59,0,0
2011-08-04,0.878,1.461,0.878,1.303,1.607,0.59,0,0
2011-08-05,1.479,1.89,1.213,1.216,1.607,0.59,0,0
2011-08-08,1.198,1.57,1.187,1.355,1.89,0.59,0,0
2011-08-09,1.679,1.935,1.283,1.431,1.89,0.59,0,0
2011-08-10,0.956,1.222,0.923,1.222,1.935,0.59,0,0
2011-08-11,0.873,1.247,0.873,1.032,1.935,0.59,0,0
2011-08-12,1.108,1.206,0.985,1.093,1.935,0.59,0,0
2011-08-15,0.875,1.182,0.808,1.134,1.935,0.59,0,0
2011-08-16,1.051,1.222,0.889,1.044,1.935,0.59,0,0
2011-08-17,2.903,2.903,1.356,1.368,1.935,0.655,0,0
2011-08-18,1.442,1.851,1.414,1.486,2.903,0.655,0,0
2011-08-19,1.289,1.689,1.269,1.332,2.903,0.655,0,0
2011-08-22,0.656,1.098,0.656,1.098,2.903,0.655,0,0
2011-08-23,1.826,1.863,0.979,1.043,2.903,0.655,0,0
2011-08-24,0.995,1.352,0.973,1.215,2.903,0.656,0,0
2011-08-25,1.008,1.697,1.008,1.287,2.903,0.656,0,0
2011-08-26,1.103,1.401,1.015,1.18,2.903,0.656,0,0
2011-08-29,0.889,0.992,0.83,0.992,2.903,0.656,0,0
2011-08-30,0.944,1.142,0.869,1.141,2.903,0.656,0,0
2011-08-31,1.218,1.918,1.107,1.217,2.903,0.656,0,0
2011-09-01,1.163,1.241,0.894,1.08,2.903,0.656,0,0
2011-09-02,1.54,1.54,1.041,1.437,2.903,0.656,0,0
2011-09-06,0.914,1.386,0.904,1.274,2.903,0.656,0,0
2011-09-07,0.969,1.102,0.849,0.895,2.903,0.656,0,0
2011-09-08,0.88,1.158,0.854,1.135,2.903,0.656,0,0
2011-09-09,1.292,1.586,1.292,1.335,2.903,0.656,0,0
2011-09-12,1.61,2.145,1.247,1.248,2.903,0.656,0,0
2011-09-13,1.032,1.59,1.001,1.187,2.903,0.656,0,0
2011-09-14,0.998,1.129,0.712,1.053,2.903,0.656,0,0
2011-09-15,1.208,1.351,0.97,1.015,2.903,0.656,0,0
2011-09-16,1.421,1.421,0.92,1.019,2.145,0.656,0,0
2011-09-19,1.056,1.241,0.94,0.994,2.145,0.656,0,0
2011-09-20,0.98,1.616,0.98,1.129,2.145,0.656,0,0
2011-09-21,2.178,2.228,1.242,1.292,2.145,0.712,0,0
2011-09-22,1.324,1.324,1.084,1.274,2.228,0.712,0,0
2011-09-23,0.888,1.188,0.862,1.149,2.228,0.712,0,0
2011-09-26,0.876,1.103,0.873,1.028,2.228,0.712,0,0
2011-09-27,0.971,1.141,0.971,1.129,2.228,0.712,0,0
2011-09-28,1.102,1.463,1.102,1.462,2.228,0.712,0,0
2011-09-29,1.228,1.361,1.139,1.187,2.228,0.712,0,0
2011-09-30,1.105,1.692,1.025,1.255,2.228,0.712,0,0
2011-10-03,1.059,1.368,1.059,1.288,2.228,0.712,0,0
2011-10-04,1.395,1.579,1.164,1.201,2.228,0.712,0,0
2011-10-05,0.843,1.182,0.843,1.097,2.228,0.712,0,0
2011-10-06,1.236,1.385,1.084,1.265,2.228,0.712,0,0
2011-10-07,0.959,1.166,0.879,1.157,2.228,0.712,0,0
2011-10-10,1.012,1.651,1.012,1.21,2.228,0.712,0,0
2011-10-11,0.852,1.736,0.82,1.413,2.228,0.712,0,0
2011-10-12,0.841,1.305,0.841,1.295,2.228,0.712,0,0
2011-10-13,1.017,1.243,0.953,1.05,2.228,0.82,0,0
2011-10-14,1.162,1.275,0.971,0.99,2.228,0.82,0,0
2011-10-17,1.199,1.249,1.008,1.175,2.228,0.82,0,0
2011-10-18,1.015,1.077,0.856,1.023,2.228,0.82,0,0
2011-10-19,2.132,2.132,1.106,1.113,2.228,0.82,0,0
2011-10-20,1.897,1.897,1.287,1.381,2.132,0.82,0,0
2011-10-21,0.778,0.944,0.778,0.863,2.132,0.82,0,0
2011-10-24,0.712,0.994,0.606,0.957,2.132,0.778,0,0
2011-10-25,0.958,1.04,0.792,1.04,2.132,0.606,0,0
2011-10-26,0.904,1.188,0.904,1.012,2.132,0.606,0,0
2011-10-27,0.906,1.062,0.895,0.912,2.132,0.606,0,0
2011-10-28,1.631,1.631,0.985,1.006,2.132,0.606,0,0
2011-10-31,0.938,1.283,0.938,1.275,2.132,0.606,0,0
2011-11-01,1.409,1.531,1.3,1.354,2.132,0.606,0,0
2011-11-02,1.108,1.192,0.979,1.171,2.132,0.606,0,0
2011-11-03,0.808,1.222,0.743,1.07,2.132,0.606,0,0
2011-11-04,0.983,1.173,0.912,1.129,2.132,0.606,0,0
2011-11-07,0.76,1.058,0.674,1.009,2.132,0.606,0,0
2011-11-08,0.533,1.644,0.507,1.231,2.132,0.606,0,0
2011-11-09,1.332,1.348,1.101,1.34,2.132,0.507,0,0
2011-11-10,1.172,1.318,1.076,1.16,2.132,0.507,0,0
2011-11-11,0.974,1.095,0.926,0.926,2.132,0.507,0,0
2011-11-14,1.088,1.344,1.088,1.133,2.132,0.507,0,0
2011-11-15,0.831,1.276,0.831,1.099,2.132,0.507,0,0
2011-11-16,3.267,3.312,1.368,1.388,2.132,0.507,0,0
2011-11-17,1,1.301,1,1.297,3.312,0.507,0,0
2011-11-18,0.954,1.05,0.396,0.893,3.312,0.507,0,0
2011-11-21,0.903,1.173,0.903,1.083,3.312,0.396,0,0
2011-11-22,0.911,1.053,0.731,1.053,3.312,0.396,0,0
2011-11-23,1.09,1.555,1.023,1.287,3.312,0.396,0,0
2011-11-25,1.045,1.322,1.045,1.318,3.312,0.396,0,0
2011-11-28,0.687,1.011,0.643,0.891,3.312,0.396,0,0
2011-11-29,0.849,1.142,0.834,0.974,3.312,0.396,0,0
2011-11-30,1.318,1.517,0.887,0.907,3.312,0.396,0,0
2011-12-01,0.942,1,0.741,0.938,3.312,0.396,0,0
2011-12-02,1.204,1.363,0.807,0.983,3.312,0.396,0,0
2011-12-05,0.834,1.206,0.815,0.973,3.312,0.396,0,0
2011-12-06,0.817,0.851,0.47,0.851,3.312,0.396,0,0
2011-12-07,0.803,0.962,0.691,0.894,3.312,0.396,0,0
2011-12-08,1.01,1.103,0.903,0.965,3.312,0.396,0,0
2011-12-09,0.72,1.527,0.656,1.199,3.312,0.396,0,0
2011-12-12,0.867,1.031,0.79,0.893,3.312,0.396,0,0
2011-12-13,1.283,1.401,1.032,1.167,3.312,0.396,0,0
2011-12-14,0.974,1.101,0.96,1.097,3.312,0.396,0,0
2011-12-15,1.124,1.263,1.107,1.262,3.312,0.396,0,0
2011-12-16,0.861,1.266,0.845,1.152,1.555,0.396,0,0
2011-12-19,0.68,0.92,0.68,0.868,1.555,0.396,0,0
2011-12-20,0.73,0.883,0.716,0.809,1.555,0.47,0,0
2011-12-21,2.29,2.29,1.071,1.071,1.555,0.47,0,0
2011-12-22,0.703,1.016,0.686,0.991,2.29,0.47,0,0
2011-12-23,1.109,1.151,0.855,0.865,2.29,0.47,0,0
2011-12-27,1.057,1.119,0.876,1.009,2.29,0.47,0,0
2011-12-28,0.517,1.023,0.517,0.95,2.29,0.47,0,0
2011-12-29,0.787,1.123,0.738,1.095,2.29,0.47,0,0
2011-12-30,0.844,0.869,0.708,0.869,2.29,0.47,0,0
2012-01-03,0.6,0.806,0.6,0.764,2.29,0.47,0,0
2012-01-04,0.944,0.963,0.826,0.956,2.29,0.47,0,0
2012-01-05,0.839,0.886,0.73,0.829,2.29,0.47,0,0
2012-01-06,0.871,1.054,0.734,0.963,2.29,0.517,0,0
2012-01-09,0.74,0.936,0.686,0.927,2.29,0.517,0,0
2012-01-10,0.525,0.849,0.525,0.81,2.29,0.517,0,0
2012-01-11,0.905,1.008,0.788,0.791,2.29,0.517,0,0
2012-01-12,0.782,0.908,0.715,0.846,2.29,0.517,0,0
2012-01-13,0.897,0.943,0.557,0.735,2.29,0.517,0,0
2012-01-17,0.766,0.847,0.721,0.839,2.29,0.517,0,0
2012-01-18,2.183,2.183,0.829,0.829,2.29,0.517,0,0
2012-01-19,0.602,0.732,0.554,0.697,2.29,0.517,0,0
2012-01-20,0.618,1.009,0.618,0.796,2.29,0.517,0,0
2012-01-23,0.668,1.103,0.668,1.1,2.29,0.517,0,0
2012-01-24,1.16,1.397,0.964,1.051,2.183,0.517,0,0
2012-01-25,0.859,0.955,0.679,0.772,2.183,0.517,0,0
2012-01-26,0.765,0.978,0.744,0.977,2.183,0.517,0,0
2012-01-27,0.792,1.045,0.789,0.877,2.183,0.517,0,0
2012-01-30,0.83,1.026,0.794,0.918,2.183,0.525,0,0
2012-01-31,0.742,0.931,0.716,0.876,2.183,0.525,0,0
2012-02-01,0.668,0.996,0.662,0.836,2.183,0.525,0,0
2012-02-02,0.706,0.902,0.694,0.881,2.183,0.525,0,0
2012-02-03,0.754,0.773,0.576,0.773,2.183,0.525,0,0
2012-02-06,0.858,0.944,0.8,0.844,2.183,0.525,0,0
2012-02-07,0.698,0.906,0.698,0.724,2.183,0.525,0,0
2012-02-08,0.7,0.866,0.691,0.825,2.183,0.525,0,0
2012-02-09,0.737,0.91,0.702,0.871,2.183,0.554,0,0
2012-02-10,0.79,1.113,0.79,1.103,2.183,0.554,0,0
2012-02-13,1.022,1.23,0.852,0.882,2.183,0.554,0,0
2012-02-14,0.692,1.036,0.682,0.983,2.183,0.554,0,0
2012-02-15,1.712,1.712,1.041,1.098,2.183,0.554,0,0
2012-02-16,0.836,1.024,0.836,0.877,1.712,0.554,0,0
2012-02-17,0.634,0.836,0.501,0.752,1.712,0.576,0,0
2012-02-21,0.673,1.067,0.668,0.866,1.712,0.501,0,0
2012-02-22,0.973,1.006,0.719,0.894,1.712,0.501,0,0
2012-02-23,0.908,1.105,0.87,0.983,1.712,0.501,0,0
2012-02-24,1.158,1.247,0.982,1.089,1.712,0.501,0,0
2012-02-27,0.92,0.966,0.842,0.9,1.712,0.501,0,0
2012-02-28,0.869,0.916,0.766,0.782,1.712,0.501,0,0
2012-02-29,0.814,1.064,0.81,1.058,1.712,0.501,0,0
2012-03-01,1.468,1.468,0.912,1.013,1.712,0.501,0,0
2012-03-02,0.773,0.968,0.764,0.95,1.712,0.501,0,0
2012-03-05,0.869,1.076,0.869,0.933,1.712,0.501,0,0
2012-03-06,1.065,1.073,0.983,1.054,1.712,0.501,0,0
2012-03-07,0.871,1.115,0.842,0.987,1.712,0.501,0,0
2012-03-08,0.822,0.968,0.766,0.941,1.712,0.501,0,0
2012-03-09,0.823,0.947,0.823,0.899,1.712,0.501,0,0
2012-03-12,1.001,1.099,0.9,1.097,1.712,0.501,0,0
2012-03-13,0.848,1.064,0.844,0.858,1.712,0.501,0,0
2012-03-14,0.831,0.84,0.716,0.825,1.712,0.501,0,0
2012-03-15,0.499,0.721,0.499,0.702,1.712,0.501,0,0
2012-03-16,0.555,0.781,0.51,0.781,1.468,0.499,0,0
2012-03-19,0.549,0.854,0.515,0.854,1.468,0.499,0,0
2012-03-20,0.778,0.931,0.676,0.863,1.468,0.499,0,0
2012-03-21,1.468,1.468,0.973,0.978,1.468,0.499,0,0
2012-03-22,0.852,1.179,0.851,1.111,1.468,0.499,0,0
2012-03-23,0.628,1.069,0.628,1.053,1.468,0.499,0,0
2012-03-26,0.648,1.067,0.648,1.062,1.468,0.499,0,0
2012-03-27,0.975,0.988,0.718,0.985,1.468,0.499,0,0
2012-03-28,0.685,1.089,0.65,1.024,1.468,0.499,0,0
2012-03-29,0.79,1.113,0.79,1.045,1.468,0.499,0,0
2012-03-30,0.833,1.043,0.833,0.967,1.468,0.499,0,0
2012-04-02,0.77,0.836,0.669,0.836,1.468,0.499,0,0
2012-04-03,0.667,0.957,0.667,0.957,1.468,0.499,0,0
2012-04-04,1.001,1.062,0.887,0.988,1.468,0.499,0,0
2012-04-05,0.978,1.042,0.899,0.947,1.468,0.499,0,0
2012-04-09,0.757,1.02,0.757,1.02,1.468,0.499,0,0
2012-04-10,0.702,1.022,0.702,0.995,1.468,0.499,0,0
2012-04-11,0.976,1.502,0.962,1.093,1.468,0.499,0,0
2012-04-12,0.803,1.132,0.769,0.865,1.502,0.499,0,0
2012-04-13,0.88,1.174,0.847,0.961,1.502,0.499,0,0
2012-04-16,0.857,1.155,0.842,1.01,1.502,0.51,0,0
2012-04-17,0.954,0.954,0.841,0.861,1.502,0.515,0,0
2012-04-18,1.066,1.206,0.928,0.991,1.502,0.628,0,0
2012-04-19,0.667,1.054,0.663,0.999,1.502,0.628,0,0
2012-04-20,0.78,0.882,0.708,0.882,1.502,0.628,0,0
2012-04-23,0.725,0.844,0.718,0.819,1.502,0.628,0,0
2012-04-24,0.739,1.03,0.739,0.907,1.502,0.648,0,0
2012-04-25,0.844,0.882,0.723,0.753,1.502,0.65,0,0
2012-04-26,0.66,0.832,0.576,0.83,1.502,0.65,0,0
2012-04-27,0.817,1.035,0.817,0.846,1.502,0.576,0,0
2012-04-30,0.85,0.953,0.755,0.886,1.502,0.576,0,0
2012-05-01,0.683,1.049,0.667,0.906,1.502,0.576,0,0
2012-05-02,0.84,1.156,0.799,1,1.502,0.576,0,0
2012-05-03,1.058,1.085,0.899,0.95,1.502,0.576,0,0
2012-05-04,1.093,1.122,0.967,1.065,1.502,0.576,0,0
2012-05-07,0.926,1.123,0.873,0.9,1.502,0.576,0,0
2012-05-08,0.953,1.302,0.924,1.132,1.502,0.576,0,0
2012-05-09,1.168,1.426,0.981,0.999,1.502,0.576,0,0
2012-05-10,0.829,1.084,0.829,1.084,1.426,0.576,0,0
2012-05-11,1.41,1.454,1.158,1.243,1.426,0.576,0,0
2012-05-14,1.19,1.494,1.176,1.266,1.454,0.576,0,0
2012-05-15,1.119,1.184,0.938,1.17,1.494,0.576,0,0
2012-05-16,2.033,2.033,1.235,1.239,1.494,0.576,0,0
2012-05-17,1.113,1.514,1.088,1.453,2.033,0.576,0,0
2012-05-18,1.684,1.774,1.307,1.34,2.033,0.576,0,0
2012-05-21,0.822,1.053,0.822,0.922,2.033,0.576,0,0
2012-05-22,0.891,1.039,0.843,1.008,2.033,0.576,0,0
2012-05-23,1.252,1.268,0.968,0.976,2.033,0.576,0,0
2012-05-24,0.568,1.022,0.554,0.967,2.033,0.576,0,0
2012-05-25,0.897,1.112,0.71,1.111,2.033,0.554,0,0
2012-05-29,0.811,1.172,0.81,0.967,2.033,0.554,0,0
2012-05-30,1.037,1.379,0.939,1.245,2.033,0.554,0,0
2012-05-31,0.98,1.074,0.888,1.074,2.033,0.554,0,0
2012-06-01,1.381,1.416,1.142,1.373,2.033,0.554,0,0
2012-06-04,0.899,1.326,0.899,0.977,2.033,0.554,0,0
2012-06-05,0.577,1.05,0.429,1.019,2.033,0.554,0,0
2012-06-06,1.07,1.274,0.93,1.177,2.033,0.429,0,0
2012-06-07,0.934,1.074,0.904,0.982,2.033,0.429,0,0
2012-06-08,0.971,1.186,0.931,0.962,2.033,0.429,0,0
2012-06-11,0.739,0.949,0.71,0.941,2.033,0.429,0,0
2012-06-12,1.574,1.574,1.035,1.142,2.033,0.429,0,0
2012-06-13,1.088,1.589,1.079,1.282,2.033,0.429,0,0
2012-06-14,1.22,1.652,1.025,1.037,2.033,0.429,0,0
2012-06-15,0.883,1.145,0.828,1.02,1.774,0.429,0,0
2012-06-18,0.801,1.123,0.797,1.004,1.774,0.429,0,0
2012-06-19,0.842,1.096,0.816,1.08,1.652,0.429,0,0
2012-06-20,1.881,1.881,0.88,0.937,1.652,0.429,0,0
2012-06-21,0.907,1.221,0.907,1.123,1.881,0.429,0,0
2012-06-22,1.165,1.415,0.989,0.991,1.881,0.429,0,0
2012-06-25,1.109,1.244,1.072,1.153,1.881,0.429,0,0
2012-06-26,0.851,1.165,0.851,1.002,1.881,0.429,0,0
2012-06-27,0.901,1.002,0.818,0.923,1.881,0.429,0,0
2012-06-28,0.945,1.111,0.9,0.981,1.881,0.429,0,0
2012-06-29,0.897,0.992,0.881,0.895,1.881,0.429,0,0
2012-07-02,0.948,1.08,0.879,1.042,1.881,0.429,0,0
2012-07-03,0.788,1.002,0.788,0.914,1.881,0.429,0,0
2012-07-05,0.944,0.985,0.835,0.865,1.881,0.71,0,0
2012-07-06,0.991,1.205,0.991,1.086,1.881,0.71,0,0
2012-07-09,0.851,1.116,0.851,0.995,1.881,0.71,0,0
2012-07-10,0.668,1.102,0.63,1.096,1.881,0.71,0,0
2012-07-11,0.939,1.051,0.886,0.96,1.881,0.63,0,0
2012-07-12,1.044,1.136,0.977,0.977,1.881,0.63,0,0
2012-07-13,1.091,1.091,0.909,1.003,1.881,0.63,0,0
2012-07-16,0.734,1.058,0.734,0.931,1.881,0.63,0,0
2012-07-17,0.733,0.87,0.72,0.843,1.881,0.63,0,0
2012-07-18,1.153,1.153,0.818,0.855,1.881,0.63,0,0
2012-07-19,0.717,0.906,0.647,0.863,1.881,0.63,0,0
2012-07-20,0.857,1.044,0.838,1.005,1.415,0.63,0,0
2012-07-23,1.347,1.347,0.839,0.845,1.415,0.63,0,0
2012-07-24,0.859,1.055,0.799,0.878,1.347,0.63,0,0
2012-07-25,0.756,1.283,0.756,0.933,1.347,0.63,0,0
2012-07-26,0.667,0.976,0.635,0.976,1.347,0.63,0,0
2012-07-27,0.924,0.953,0.833,0.89,1.347,0.63,0,0
2012-07-30,0.724,0.813,0.674,0.783,1.347,0.63,0,0
2012-07-31,0.78,0.843,0.698,0.815,1.347,0.63,0,0
2012-08-01,1.198,1.274,0.938,0.947,1.347,0.63,0,0
2012-08-02,0.798,0.953,0.787,0.928,1.347,0.63,0,0
2012-08-03,1.03,1.223,0.824,0.828,1.347,0.63,0,0
2012-08-06,0.869,0.952,0.766,0.796,1.347,0.63,0,0
2012-08-07,0.649,0.891,0.649,0.811,1.347,0.63,0,0
2012-08-08,0.931,1.051,0.749,0.801,1.347,0.635,0,0
2012-08-09,0.827,1.023,0.811,0.862,1.347,0.635,0,0
2012-08-10,0.995,1.079,0.91,0.992,1.347,0.635,0,0
2012-08-13,0.87,0.999,0.709,0.805,1.347,0.635,0,0
2012-08-14,0.988,1.06,0.822,0.824,1.347,0.635,0,0
2012-08-15,0.922,0.922,0.698,0.75,1.347,0.635,0,0
2012-08-16,0.847,0.936,0.666,0.843,1.347,0.635,0,0
2012-08-17,0.661,0.835,0.651,0.753,1.347,0.635,0,0
2012-08-20,0.881,1.355,0.881,0.995,1.347,0.635,0,0
2012-08-21,0.612,0.899,0.6,0.899,1.355,0.635,0,0
2012-08-22,1.261,1.261,0.802,0.974,1.355,0.6,0,0
2012-08-23,0.715,0.927,0.655,0.925,1.355,0.6,0,0
2012-08-24,0.874,1.01,0.834,0.852,1.355,0.6,0,0
2012-08-27,0.778,1.002,0.762,0.87,1.355,0.6,0,0
2012-08-28,0.935,0.936,0.838,0.843,1.355,0.6,0,0
2012-08-29,1.045,1.328,0.955,1.028,1.355,0.6,0,0
2012-08-30,1.07,1.312,1.029,1.062,1.355,0.6,0,0
2012-08-31,0.99,0.998,0.828,0.913,1.355,0.6,0,0
2012-09-04,0.889,0.984,0.784,0.892,1.355,0.6,0,0
2012-09-05,1.387,1.387,0.87,0.917,1.355,0.6,0,0
2012-09-06,1.065,1.065,0.815,0.859,1.387,0.6,0,0
2012-09-07,0.654,0.762,0.611,0.742,1.387,0.6,0,0
2012-09-10,0.633,0.867,0.633,0.791,1.387,0.6,0,0
2012-09-11,0.629,0.787,0.613,0.785,1.387,0.6,0,0
2012-09-12,0.578,0.747,0.566,0.747,1.387,0.6,0,0
2012-09-13,0.654,0.879,0.625,0.772,1.387,0.566,0,0
2012-09-14,0.625,0.691,0.537,0.691,1.387,0.566,0,0
2012-09-17,0.683,0.871,0.635,0.855,1.387,0.537,0,0
2012-09-18,0.73,1.02,0.715,0.788,1.387,0.537,0,0
2012-09-19,1.234,1.234,0.682,0.682,1.387,0.537,0,0
2012-09-20,0.894,0.988,0.833,0.854,1.387,0.537,0,0
2012-09-21,0.607,0.81,0.578,0.802,1.387,0.537,0,0
2012-09-24,0.806,0.868,0.725,0.795,1.387,0.537,0,0
2012-09-25,0.929,1.12,0.846,0.929,1.387,0.537,0,0
2012-09-26,0.893,1.154,0.852,0.891,1.387,0.537,0,0
2012-09-27,0.702,0.92,0.702,0.818,1.387,0.537,0,0
2012-09-28,0.708,1.058,0.708,0.995,1.387,0.537,0,0
2012-10-01,0.741,0.901,0.664,0.871,1.387,0.537,0,0
2012-10-02,0.797,0.929,0.576,0.735,1.387,0.537,0,0
2012-10-03,0.99,1.277,0.924,0.925,1.387,0.537,0,0
2012-10-04,0.78,0.906,0.722,0.807,1.277,0.537,0,0
2012-10-05,0.94,0.998,0.832,0.937,1.277,0.537,0,0
2012-10-08,1.1,1.132,0.811,0.849,1.277,0.537,0,0
2012-10-09,1.2,1.243,0.984,1,1.277,0.537,0,0
2012-10-10,0.748,1.006,0.707,1.003,1.277,0.537,0,0
2012-10-11,0.891,0.956,0.823,0.895,1.277,0.537,0,0
2012-10-12,0.766,1.116,0.753,1.047,1.277,0.537,0,0
2012-10-15,0.832,0.893,0.746,0.771,1.277,0.576,0,0
2012-10-16,0.884,0.998,0.771,0.806,1.277,0.576,0,0
2012-10-17,1.596,1.596,0.754,0.786,1.277,0.576,0,0
2012-10-18,0.846,1.009,0.806,0.878,1.596,0.576,0,0
2012-10-19,0.981,1.193,0.869,1.117,1.596,0.576,0,0
2012-10-22,1.034,1.201,0.933,0.943,1.596,0.576,0,0
2012-10-23,1.149,1.275,1.008,1.058,1.596,0.576,0,0
2012-10-24,0.941,0.979,0.825,0.906,1.596,0.576,0,0
2012-10-25,1.012,1.03,0.587,0.845,1.596,0.576,0,0
2012-10-26,1.127,1.127,0.956,0.996,1.596,0.576,0,0
2012-10-31,1.086,1.094,0.775,0.856,1.596,0.576,0,0
2012-11-01,1.159,1.186,0.896,0.948,1.596,0.576,0,0
2012-11-02,0.852,1.031,0.81,0.917,1.596,0.587,0,0
2012-11-05,0.88,0.951,0.715,0.813,1.596,0.587,0,0
2012-11-06,0.835,1.042,0.744,0.96,1.596,0.587,0,0
2012-11-07,0.802,1.247,0.802,1.207,1.596,0.587,0,0
2012-11-08,1.054,1.135,0.829,1.134,1.596,0.587,0,0
2012-11-09,1.237,1.305,1.126,1.164,1.596,0.587,0,0
2012-11-12,1.174,1.174,0.88,0.988,1.596,0.587,0,0
2012-11-13,0.922,0.949,0.724,0.814,1.596,0.587,0,0
2012-11-14,0.882,1.131,0.813,1.13,1.596,0.587,0,0
2012-11-15,1.216,1.279,1.134,1.238,1.596,0.587,0,0
2012-11-16,1.203,1.505,1.025,1.032,1.596,0.587,0,0
2012-11-19,0.762,0.802,0.671,0.747,1.505,0.587,0,0
2012-11-20,0.989,1.167,0.843,1.102,1.505,0.587,0,0
2012-11-21,1.237,1.237,0.773,0.865,1.505,0.587,0,0
2012-11-23,1.031,1.031,0.745,0.888,1.505,0.587,0,0
2012-11-26,0.923,0.923,0.603,0.629,1.505,0.587,0,0
2012-11-27,0.828,0.966,0.766,0.848,1.505,0.587,0,0
2012-11-28,1.179,1.179,0.826,0.834,1.505,0.603,0,0
2012-11-29,0.689,1.036,0.635,1.01,1.505,0.603,0,0
2012-11-30,1.046,1.227,0.913,1.167,1.505,0.603,0,0
2012-12-03,0.698,0.817,0.519,0.817,1.505,0.603,0,0
2012-12-04,0.849,1.278,0.758,1.041,1.505,0.519,0,0
2012-12-05,0.688,0.973,0.688,0.862,1.505,0.519,0,0
2012-12-06,0.938,1.074,0.899,0.921,1.505,0.519,0,0
2012-12-07,0.917,0.917,0.639,0.799,1.505,0.519,0,0
2012-12-10,0.722,0.966,0.554,0.902,1.505,0.519,0,0
2012-12-11,1.122,1.122,0.738,0.842,1.505,0.519,0,0
2012-12-12,0.837,1.324,0.824,0.886,1.505,0.519,0,0
2012-12-13,0.564,0.876,0.564,0.845,1.505,0.519,0,0
2012-12-14,0.969,1.025,0.698,0.888,1.505,0.519,0,0
2012-12-17,0.646,0.825,0.631,0.708,1.505,0.519,0,0
2012-12-18,0.833,0.985,0.78,0.855,1.324,0.519,0,0
2012-12-19,1.333,1.333,0.913,0.968,1.324,0.519,0,0
2012-12-20,0.523,0.861,0.523,0.855,1.333,0.519,0,0
2012-12-21,1.041,1.145,1.012,1.05,1.333,0.519,0,0
2012-12-24,0.954,1.215,0.784,0.971,1.333,0.519,0,0
2012-12-26,0.737,0.994,0.737,0.962,1.333,0.519,0,0
2012-12-27,1.234,1.371,0.937,1.06,1.333,0.519,0,0
2012-12-28,0.948,1.445,0.939,1.094,1.371,0.519,0,0
2012-12-31,1.23,1.23,0.97,1.024,1.445,0.519,0,0
2013-01-02,0.882,1.123,0.799,0.973,1.445,0.519,0,0
2013-01-03,0.671,0.86,0.613,0.839,1.445,0.523,0,0
2013-01-04,0.826,1.056,0.782,0.822,1.445,0.523,0,0
2013-01-07,0.787,1.072,0.652,0.891,1.445,0.523,0,0
2013-01-08,0.808,1.041,0.808,0.953,1.445,0.523,0,0
2013-01-09,0.958,1.179,0.818,0.854,1.445,0.523,0,0
2013-01-10,0.699,0.832,0.667,0.785,1.445,0.523,0,0
2013-01-11,1.187,1.187,0.589,0.725,1.445,0.523,0,0
2013-01-14,0.787,1.018,0.787,0.828,1.445,0.523,0,0
2013-01-15,1.064,1.095,0.944,1.033,1.445,0.523,0,0
2013-01-16,1.697,1.697,0.793,0.873,1.445,0.523,0,0
2013-01-17,0.99,0.99,0.674,0.787,1.697,0.523,0,0
2013-01-18,0.789,0.814,0.626,0.745,1.697,0.523,0,0
2013-01-22,0.798,1.168,0.798,0.946,1.697,0.523,0,0
2013-01-23,0.958,1.099,0.824,0.893,1.697,0.589,0,0
2013-01-24,0.662,0.884,0.662,0.877,1.697,0.589,0,0
2013-01-25,0.88,1.038,0.848,0.876,1.697,0.589,0,0
2013-01-28,1.016,1.078,0.824,0.969,1.697,0.589,0,0
2013-01-29,0.962,1.086,0.933,0.966,1.697,0.589,0,0
2013-01-30,0.734,1.052,0.712,0.947,1.697,0.589,0,0
2013-01-31,0.84,1.105,0.75,0.91,1.697,0.589,0,0
2013-02-01,1.039,1.055,0.801,0.898,1.697,0.589,0,0
2013-02-04,0.803,1.156,0.694,1.104,1.697,0.589,0,0
2013-02-05,0.908,1.488,0.86,0.947,1.697,0.589,0,0
2013-02-06,0.979,1.066,0.793,0.975,1.697,0.589,0,0
2013-02-07,0.961,1.088,0.872,1.029,1.697,0.589,0,0
2013-02-08,0.767,0.942,0.563,0.904,1.697,0.589,0,0
2013-02-11,0.673,1.159,0.647,1.076,1.697,0.563,0,0
2013-02-12,0.992,1.133,0.898,0.92,1.697,0.563,0,0
2013-02-13,1.249,1.249,0.721,0.916,1.697,0.563,0,0
2013-02-14,0.775,0.989,0.665,0.832,1.697,0.563,0,0
2013-02-15,0.91,0.971,0.829,0.885,1.488,0.563,0,0
2013-02-19,0.835,1.096,0.794,0.993,1.488,0.563,0,0
2013-02-20,1.356,1.408,1.03,1.144,1.488,0.563,0,0
2013-02-21,0.895,1.136,0.895,1.105,1.488,0.563,0,0
2013-02-22,0.809,1.065,0.77,0.904,1.488,0.563,0,0
2013-02-25,1.104,1.196,0.898,1.168,1.488,0.563,0,0
2013-02-26,0.807,1.145,0.807,1.098,1.488,0.563,0,0
2013-02-27,1.206,1.321,0.917,0.988,1.488,0.563,0,0
2013-02-28,0.865,0.977,0.837,0.977,1.488,0.563,0,0
2013-03-01,1.195,1.364,1.143,1.167,1.488,0.563,0,0
2013-03-04,0.907,1.171,0.808,1.121,1.488,0.563,0,0
2013-03-05,1.523,1.614,1.094,1.118,1.488,0.563,0,0
2013-03-06,0.716,0.882,0.676,0.711,1.614,0.563,0,0
2013-03-07,0.834,0.865,0.599,0.829,1.614,0.563,0,0
2013-03-08,0.941,1.172,0.893,0.921,1.614,0.563,0,0
2013-03-11,0.793,1.017,0.718,0.934,1.614,0.563,0,0
2013-03-12,1.025,1.08,0.778,1.08,1.614,0.599,0,0
2013-03-13,0.817,0.82,0.713,0.786,1.614,0.599,0,0
2013-03-14,0.825,0.927,0.648,0.733,1.614,0.599,0,0
2013-03-15,0.758,0.939,0.701,0.849,1.614,0.599,0,0
2013-03-18,1.118,1.371,0.833,0.908,1.614,0.599,0,0
2013-03-19,0.96,1.174,0.916,0.969,1.614,0.599,0,0
2013-03-20,1.584,1.584,0.715,0.746,1.614,0.599,0,0
2013-03-21,1.032,1.057,0.819,0.86,1.614,0.599,0,0
2013-03-22,1.048,1.069,0.757,0.915,1.614,0.599,0,0
2013-03-25,0.878,0.936,0.486,0.892,1.614,0.599,0,0
2013-03-26,0.712,0.899,0.645,0.793,1.614,0.486,0,0
2013-03-27,1.011,1.011,0.749,0.92,1.614,0.486,0,0
2013-03-28,1.221,1.221,0.836,0.896,1.614,0.486,0,0
2013-04-01,0.823,1.054,0.79,1.005,1.614,0.486,0,0
2013-04-02,0.967,1.124,0.771,0.866,1.614,0.486,0,0
2013-04-03,1.387,1.395,0.996,1.063,1.614,0.486,0,0
2013-04-04,0.959,1.103,0.801,1.091,1.584,0.486,0,0
2013-04-05,1.149,1.315,1.001,1.001,1.584,0.486,0,0
2013-04-08,1.106,1.245,0.896,0.905,1.584,0.486,0,0
2013-04-09,0.918,1.063,0.673,0.673,1.584,0.486,0,0
2013-04-10,1.189,1.189,0.799,0.856,1.584,0.486,0,0
2013-04-11,0.956,1.041,0.84,0.879,1.584,0.486,0,0
2013-04-12,0.991,1.444,0.968,1.154,1.584,0.486,0,0
2013-04-15,0.924,1.178,0.917,1.089,1.584,0.486,0,0
2013-04-16,1.063,1.227,0.854,0.881,1.584,0.486,0,0
2013-04-17,1.641,1.641,1.044,1.191,1.584,0.486,0,0
2013-04-18,1.152,1.306,1.056,1.176,1.641,0.486,0,0
2013-04-19,1.154,1.171,1.049,1.099,1.641,0.486,0,0
2013-04-22,1.121,1.424,1.006,1.037,1.641,0.486,0,0
2013-04-23,0.588,0.898,0.588,0.897,1.641,0.486,0,0
2013-04-24,0.934,1.082,0.773,0.788,1.641,0.588,0,0
2013-04-25,0.934,3.449,0.751,0.969,1.641,0.588,0,0
2013-04-26,1.077,1.141,0.782,0.897,3.449,0.588,0,0
2013-04-29,0.746,1.082,0.742,0.904,3.449,0.588,0,0
2013-04-30,0.756,0.886,0.572,0.885,3.449,0.588,0,0
2013-05-01,1.283,1.294,0.932,1.053,3.449,0.572,0,0
2013-05-02,0.475,0.981,0.475,0.911,3.449,0.572,0,0
2013-05-03,0.83,0.907,0.711,0.901,3.449,0.475,0,0
2013-05-06,0.633,0.863,0.633,0.776,3.449,0.475,0,0
2013-05-07,0.685,0.898,0.685,0.886,3.449,0.475,0,0
2013-05-08,1.021,1.039,0.818,0.875,3.449,0.475,0,0
2013-05-09,0.841,1.16,0.803,0.999,3.449,0.475,0,0
2013-05-10,1.022,1.087,0.638,0.752,3.449,0.475,0,0
2013-05-13,0.727,0.889,0.727,0.884,3.449,0.475,0,0
2013-05-14,0.664,0.874,0.618,0.814,3.449,0.475,0,0
2013-05-15,0.663,0.883,0.658,0.784,3.449,0.475,0,0
2013-05-16,1.147,1.158,0.873,0.988,3.449,0.475,0,0
2013-05-17,0.704,0.846,0.619,0.813,3.449,0.475,0,0
2013-05-20,0.667,0.798,0.58,0.797,3.449,0.475,0,0
2013-05-21,1.156,1.156,0.752,0.924,3.449,0.475,0,0
2013-05-22,1.106,1.169,0.752,1.034,3.449,0.475,0,0
2013-05-23,1.286,1.286,0.953,1.012,3.449,0.475,0,0
2013-05-24,0.886,1.286,0.876,1.266,1.294,0.475,0,0
2013-05-28,0.666,1.129,0.647,0.977,1.294,0.475,0,0
2013-05-29,0.746,0.861,0.611,0.859,1.294,0.475,0,0
2013-05-30,0.7,0.88,0.68,0.866,1.294,0.475,0,0
2013-05-31,0.908,1.2,0.882,1.199,1.286,0.475,0,0
2013-06-03,0.781,0.925,0.714,0.919,1.286,0.58,0,0
2013-06-04,0.886,1.18,0.855,1.158,1.286,0.58,0,0
2013-06-05,1.253,1.253,0.931,1.181,1.286,0.58,0,0
2013-06-06,1.545,1.545,1.154,1.216,1.286,0.58,0,0
2013-06-07,0.883,1.195,0.814,1.127,1.545,0.58,0,0
2013-06-10,0.912,1.155,0.811,1.08,1.545,0.58,0,0
2013-06-11,0.995,1.053,0.794,1.037,1.545,0.58,0,0
2013-06-12,1.093,1.609,0.967,1.196,1.545,0.58,0,0
2013-06-13,0.917,1.09,0.886,0.982,1.609,0.58,0,0
2013-06-14,0.835,1.246,0.797,1.188,1.609,0.58,0,0
2013-06-17,0.85,1.118,0.789,0.958,1.609,0.58,0,0
2013-06-18,1.073,1.073,0.77,0.861,1.609,0.58,0,0
2013-06-19,1.222,1.222,0.726,1.106,1.609,0.611,0,0
2013-06-20,1.624,1.67,1.175,1.39,1.609,0.611,0,0
2013-06-21,1.252,1.419,1.162,1.169,1.67,0.611,0,0
2013-06-24,0.998,1.106,0.882,1.012,1.67,0.611,0,0
2013-06-25,1.108,1.379,1.068,1.074,1.67,0.611,0,0
2013-06-26,0.912,1.079,0.686,0.854,1.67,0.611,0,0
2013-06-27,0.864,1.025,0.801,1.019,1.67,0.68,0,0
2013-06-28,0.842,1.134,0.839,0.966,1.67,0.686,0,0
2013-07-01,0.817,0.952,0.781,0.912,1.67,0.686,0,0
2013-07-02,0.737,1.099,0.737,1.043,1.67,0.686,0,0
2013-07-03,0.875,1.146,0.797,1.138,1.67,0.686,0,0
2013-07-05,1.05,1.105,0.926,0.967,1.67,0.686,0,0
2013-07-08,1.265,1.357,0.964,1.046,1.67,0.686,0,0
2013-07-09,0.944,1.168,0.93,1.016,1.67,0.686,0,0
2013-07-10,0.92,1.349,0.888,1.033,1.67,0.686,0,0
2013-07-11,1.014,1.223,1,1.015,1.67,0.686,0,0
2013-07-12,0.895,1.129,0.622,0.895,1.67,0.686,0,0
2013-07-15,0.956,1.007,0.768,0.831,1.67,0.622,0,0
2013-07-16,0.992,1.087,0.876,0.98,1.67,0.622,0,0
2013-07-17,1.773,1.773,0.92,0.922,1.67,0.622,0,0
2013-07-18,0.849,0.986,0.707,0.741,1.773,0.622,0,0
2013-07-19,1.045,1.045,0.752,0.794,1.773,0.622,0,0
2013-07-22,0.807,1.063,0.78,0.935,1.773,0.622,0,0
2013-07-23,0.665,0.96,0.665,0.931,1.773,0.622,0,0
2013-07-24,0.868,0.997,0.821,0.963,1.773,0.622,0,0
2013-07-25,0.838,0.984,0.821,0.96,1.773,0.622,0,0
2013-07-26,0.838,2.665,0.643,0.989,1.773,0.622,0,0
2013-07-29,0.664,0.947,0.664,0.841,2.665,0.622,0,0
2013-07-30,0.696,0.815,0.623,0.783,2.665,0.622,0,0
2013-07-31,0.763,0.894,0.73,0.883,2.665,0.622,0,0
2013-08-01,0.716,0.942,0.699,0.846,2.665,0.622,0,0
2013-08-02,0.997,0.997,0.875,0.876,2.665,0.622,0,0
2013-08-05,0.957,1.009,0.838,0.852,2.665,0.622,0,0
2013-08-06,1.326,1.408,0.725,0.897,2.665,0.622,0,0
2013-08-07,1.667,1.667,0.962,0.962,2.665,0.622,0,0
2013-08-08,0.818,0.818,0.703,0.766,2.665,0.622,0,0
2013-08-09,0.998,1.049,0.885,0.906,2.665,0.622,0,0
2013-08-12,0.759,0.8,0.616,0.766,2.665,0.623,0,0
2013-08-13,0.718,0.787,0.63,0.769,2.665,0.616,0,0
2013-08-14,0.711,0.849,0.667,0.796,2.665,0.616,0,0
2013-08-15,1.339,1.35,0.941,0.963,2.665,0.616,0,0
2013-08-16,0.857,0.976,0.767,0.938,2.665,0.616,0,0
2013-08-19,0.903,0.958,0.835,0.927,2.665,0.616,0,0
2013-08-20,0.908,1.08,0.806,0.897,2.665,0.616,0,0
2013-08-21,1.68,1.713,0.881,0.975,2.665,0.616,0,0
2013-08-22,0.612,0.827,0.59,0.824,2.665,0.616,0,0
2013-08-23,0.785,0.91,0.717,0.811,2.665,0.59,0,0
2013-08-26,0.639,1.032,0.639,0.899,1.713,0.59,0,0
2013-08-27,1.164,1.164,0.884,1.026,1.713,0.59,0,0
2013-08-28,0.723,0.833,0.706,0.808,1.713,0.59,0,0
2013-08-29,0.972,1.289,0.9,0.959,1.713,0.59,0,0
2013-08-30,1.002,1.142,0.873,1.123,1.713,0.59,0,0
2013-09-03,0.708,0.826,0.683,0.751,1.713,0.59,0,0
2013-09-04,0.838,0.849,0.723,0.768,1.713,0.59,0,0
2013-09-05,0.904,0.908,0.748,0.817,1.713,0.59,0,0
2013-09-06,0.911,1.057,0.853,0.866,1.713,0.59,0,0
2013-09-09,0.537,0.684,0.473,0.652,1.713,0.59,0,0
2013-09-10,0.815,0.838,0.707,0.764,1.713,0.473,0,0
2013-09-11,0.812,1.006,0.759,0.919,1.713,0.473,0,0
2013-09-12,0.804,0.885,0.775,0.86,1.713,0.473,0,0
2013-09-13,0.927,0.948,0.725,0.768,1.713,0.473,0,0
2013-09-16,0.948,1.003,0.849,0.912,1.713,0.473,0,0
2013-09-17,1.067,1.067,0.72,0.798,1.713,0.473,0,0
2013-09-18,1.198,1.198,0.731,0.84,1.713,0.473,0,0
2013-09-19,0.683,0.958,0.64,0.765,1.713,0.473,0,0
2013-09-20,1.38,1.38,0.911,1.053,1.289,0.473,0,0
2013-09-23,0.764,0.999,0.749,0.999,1.38,0.473,0,0
2013-09-24,0.783,0.876,0.705,0.875,1.38,0.473,0,0
2013-09-25,0.8,1.018,0.736,0.965,1.38,0.473,0,0
2013-09-26,0.759,0.759,0.426,0.704,1.38,0.473,0,0
2013-09-27,0.782,0.972,0.726,0.942,1.38,0.426,0,0
2013-09-30,1.115,1.171,0.893,1.108,1.38,0.426,0,0
2013-10-01,0.978,1.098,0.726,0.854,1.38,0.426,0,0
2013-10-02,0.712,0.936,0.649,0.774,1.38,0.426,0,0
2013-10-03,0.847,1.137,0.817,0.983,1.38,0.426,0,0
2013-10-04,1.024,1.155,0.809,0.872,1.38,0.426,0,0
2013-10-07,1.022,1.052,0.842,0.918,1.38,0.426,0,0
2013-10-08,0.716,0.972,0.711,0.971,1.38,0.426,0,0
2013-10-09,0.957,1.541,0.925,1.304,1.38,0.426,0,0
2013-10-10,0.929,1.202,0.902,0.932,1.541,0.426,0,0
2013-10-11,0.998,1.018,0.81,0.957,1.541,0.426,0,0
2013-10-14,1.005,1.086,0.843,0.902,1.541,0.426,0,0
2013-10-15,1.53,1.53,0.957,0.992,1.541,0.426,0,0
2013-10-16,1.768,1.903,0.932,0.934,1.541,0.426,0,0
2013-10-17,0.775,1.084,0.775,0.875,1.903,0.426,0,0
2013-10-18,0.555,0.701,0.469,0.698,1.903,0.426,0,0
2013-10-21,0.907,0.912,0.762,0.801,1.903,0.426,0,0
2013-10-22,0.955,0.955,0.726,0.838,1.903,0.426,0,0
2013-10-23,1.014,1.04,0.836,0.865,1.903,0.426,0,0
2013-10-24,0.755,0.911,0.729,0.816,1.903,0.426,0,0
2013-10-25,0.676,0.942,0.676,0.932,1.903,0.469,0,0
2013-10-28,0.769,0.818,0.696,0.779,1.903,0.469,0,0
2013-10-29,0.834,1.017,0.661,0.74,1.903,0.469,0,0
2013-10-30,0.918,1.003,0.737,0.982,1.903,0.469,0,0
2013-10-31,0.835,0.904,0.782,0.904,1.903,0.469,0,0
2013-11-01,0.762,0.968,0.732,0.917,1.903,0.469,0,0
2013-11-04,0.551,0.785,0.551,0.762,1.903,0.469,0,0
2013-11-05,0.766,1.15,0.753,0.781,1.903,0.469,0,0
2013-11-06,0.926,1.001,0.83,0.909,1.903,0.469,0,0
2013-11-07,0.615,0.964,0.563,0.918,1.903,0.469,0,0
2013-11-08,1.01,1.115,0.823,0.863,1.903,0.469,0,0
2013-11-11,1.017,1.017,0.796,0.821,1.903,0.469,0,0
2013-11-12,0.957,0.957,0.631,0.858,1.903,0.469,0,0
2013-11-13,0.851,0.851,0.658,0.827,1.903,0.469,0,0
2013-11-14,0.767,0.854,0.676,0.832,1.15,0.469,0,0
2013-11-15,0.709,0.879,0.693,0.747,1.15,0.469,0,0
2013-11-18,0.868,0.946,0.673,0.791,1.15,0.551,0,0
2013-11-19,1.095,1.095,0.493,0.817,1.15,0.551,0,0
2013-11-20,1.564,1.564,0.948,0.96,1.15,0.493,0,0
2013-11-21,0.811,0.885,0.709,0.787,1.564,0.493,0,0
2013-11-22,0.735,0.961,0.698,0.941,1.564,0.493,0,0
2013-11-25,0.766,0.869,0.729,0.771,1.564,0.493,0,0
2013-11-26,1.021,1.024,0.717,0.738,1.564,0.493,0,0
2013-11-27,0.797,0.867,0.692,0.807,1.564,0.493,0,0
2013-11-29,0.697,0.827,0.682,0.807,1.564,0.493,0,0
2013-12-02,0.657,0.755,0.442,0.751,1.564,0.493,0,0
2013-12-03,0.948,0.948,0.7,0.869,1.564,0.442,0,0
2013-12-04,0.932,0.988,0.79,0.893,1.564,0.442,0,0
2013-12-05,0.506,0.788,0.506,0.773,1.564,0.442,0,0
2013-12-06,0.918,0.918,0.784,0.869,1.564,0.442,0,0
2013-12-09,0.763,0.983,0.634,0.937,1.564,0.442,0,0
2013-12-10,0.644,0.912,0.644,0.758,1.564,0.442,0,0
2013-12-11,0.539,1.025,0.493,0.948,1.564,0.442,0,0
2013-12-12,0.992,0.992,0.676,0.703,1.564,0.442,0,0
2013-12-13,0.777,1.02,0.777,0.852,1.564,0.442,0,0
2013-12-16,0.768,0.837,0.683,0.8,1.564,0.442,0,0
2013-12-17,0.86,1.09,0.845,0.876,1.564,0.442,0,0
2013-12-18,1.437,1.484,0.809,0.856,1.564,0.442,0,0
2013-12-19,0.579,0.748,0.54,0.747,1.564,0.442,0,0
2013-12-20,0.686,0.798,0.546,0.798,1.484,0.442,0,0
2013-12-23,0.649,0.66,0.556,0.626,1.484,0.442,0,0
2013-12-24,0.841,0.841,0.534,0.599,1.484,0.442,0,0
2013-12-26,0.805,0.809,0.546,0.654,1.484,0.442,0,0
2013-12-27,0.629,0.762,0.56,0.727,1.484,0.442,0,0
2013-12-30,0.866,0.866,0.661,0.792,1.484,0.442,0,0
2013-12-31,0.64,0.771,0.628,0.662,1.484,0.442,0,0
2014-01-02,0.654,0.92,0.654,0.821,1.484,0.493,0,0
2014-01-03,0.741,0.922,0.621,0.906,1.484,0.493,0,0
2014-01-06,0.704,0.758,0.631,0.695,1.484,0.493,0,0
2014-01-07,0.773,0.826,0.685,0.704,1.484,0.493,0,0
2014-01-08,0.544,0.759,0.544,0.715,1.484,0.493,0,0
2014-01-09,0.592,0.767,0.532,0.725,1.484,0.493,0,0
2014-01-10,1.055,1.055,0.731,0.765,1.484,0.493,0,0
2014-01-13,0.773,0.831,0.612,0.724,1.484,0.532,0,0
2014-01-14,0.826,0.865,0.6,0.677,1.484,0.532,0,0
2014-01-15,0.589,0.839,0.576,0.749,1.484,0.532,0,0
2014-01-16,1.073,1.073,0.762,0.781,1.484,0.532,0,0
2014-01-17,0.745,0.78,0.653,0.76,1.484,0.532,0,0
2014-01-21,0.683,0.767,0.64,0.76,1.073,0.532,0,0
2014-01-22,1.739,1.769,0.8,0.818,1.073,0.532,0,0
2014-01-23,1.024,1.024,0.789,0.879,1.769,0.532,0,0
2014-01-24,0.999,1.071,0.872,0.918,1.769,0.532,0,0
2014-01-27,1.257,1.257,0.853,0.872,1.769,0.532,0,0
2014-01-28,0.685,0.838,0.685,0.802,1.769,0.532,0,0
2014-01-29,0.954,1.075,0.881,0.967,1.769,0.532,0,0
2014-01-30,0.616,0.866,0.614,0.833,1.769,0.532,0,0
2014-01-31,0.879,0.924,0.688,0.855,1.769,0.532,0,0
2014-02-03,0.881,0.928,0.746,0.803,1.769,0.532,0,0
2014-02-04,1.867,1.867,0.991,0.996,1.769,0.532,0,0
2014-02-05,1.004,1.091,0.89,0.977,1.867,0.532,0,0
2014-02-06,0.737,0.919,0.468,0.919,1.867,0.532,0,0
2014-02-07,0.875,0.998,0.708,0.821,1.867,0.468,0,0
2014-02-10,0.795,0.949,0.779,0.942,1.867,0.468,0,0
2014-02-11,0.561,1.046,0.549,0.835,1.867,0.468,0,0
2014-02-12,0.819,0.951,0.757,0.851,1.867,0.468,0,0
2014-02-13,1.004,1.045,0.766,0.798,1.867,0.468,0,0
2014-02-14,0.685,0.845,0.623,0.83,1.867,0.468,0,0
2014-02-18,0.929,0.96,0.707,0.765,1.867,0.468,0,0
2014-02-19,1.942,1.942,0.866,0.902,1.867,0.468,0,0
2014-02-20,0.931,1.051,0.818,0.867,1.942,0.468,0,0
2014-02-21,0.523,0.735,0.522,0.735,1.942,0.468,0,0
2014-02-24,0.937,1.097,0.762,0.783,1.942,0.468,0,0
2014-02-25,0.885,0.962,0.741,0.83,1.942,0.468,0,0
2014-02-26,1.79,1.79,0.802,0.854,1.942,0.468,0,0
2014-02-27,1.429,1.442,0.878,0.889,1.942,0.468,0,0
2014-02-28,0.896,0.963,0.705,0.823,1.942,0.468,0,0
2014-03-03,0.794,0.94,0.794,0.899,1.942,0.468,0,0
2014-03-04,0.751,0.892,0.734,0.805,1.942,0.468,0,0
2014-03-05,0.78,0.824,0.7,0.774,1.942,0.468,0,0
2014-03-06,0.667,0.906,0.653,0.827,1.942,0.468,0,0
2014-03-07,0.785,0.949,0.781,0.824,1.942,0.468,0,0
2014-03-10,0.979,1.112,0.833,0.833,1.942,0.522,0,0
2014-03-11,0.907,0.907,0.675,0.814,1.942,0.522,0,0
2014-03-12,1.142,1.178,0.882,0.956,1.942,0.522,0,0
2014-03-13,0.729,1.051,0.693,1.039,1.942,0.522,0,0
2014-03-14,0.725,0.926,0.648,0.79,1.942,0.522,0,0
2014-03-17,0.782,0.871,0.73,0.842,1.942,0.522,0,0
2014-03-18,1.622,1.622,0.715,0.745,1.942,0.522,0,0
2014-03-19,0.959,0.962,0.636,0.824,1.942,0.522,0,0
2014-03-20,0.886,1.003,0.75,0.764,1.79,0.522,0,0
2014-03-21,1.111,1.111,0.794,0.92,1.79,0.522,0,0
2014-03-24,1.075,1.075,0.96,1.002,1.79,0.636,0,0
2014-03-25,0.619,0.758,0.619,0.758,1.79,0.636,0,0
2014-03-26,0.842,1.033,0.744,1.018,1.79,0.619,0,0
2014-03-27,1.345,1.406,0.833,0.841,1.622,0.619,0,0
2014-03-28,0.729,0.989,0.729,0.959,1.622,0.619,0,0
2014-03-31,1.205,1.312,0.907,0.964,1.622,0.619,0,0
2014-04-01,0.671,1.038,0.614,0.993,1.622,0.619,0,0
2014-04-02,0.952,0.952,0.612,0.662,1.622,0.614,0,0
2014-04-03,0.739,0.925,0.739,0.878,1.622,0.612,0,0
2014-04-04,0.91,1.034,0.807,0.946,1.622,0.612,0,0
2014-04-07,0.952,1.08,0.92,0.972,1.622,0.612,0,0
2014-04-08,0.755,0.956,0.755,0.917,1.622,0.612,0,0
2014-04-09,0.576,1.009,0.453,0.612,1.622,0.612,0,0
2014-04-10,0.661,1.032,0.617,1.032,1.622,0.453,0,0
2014-04-11,1.733,1.733,1.147,1.147,1.622,0.453,0,0
2014-04-14,0.768,1.064,0.427,0.751,1.733,0.453,0,0
2014-04-15,0.791,1.033,0.77,0.931,1.733,0.427,0,0
2014-04-16,1.462,1.462,0.89,0.908,1.733,0.427,0,0
2014-04-17,1.01,1.3,0.806,0.85,1.733,0.427,0,0
2014-04-21,0.665,0.784,0.642,0.762,1.733,0.427,0,0
2014-04-22,0.827,0.925,0.663,0.736,1.733,0.427,0,0
2014-04-23,0.816,1.032,0.778,1.01,1.733,0.427,0,0
2014-04-24,0.849,0.897,0.729,0.794,1.733,0.427,0,0
2014-04-25,1.073,1.298,1.053,1.171,1.733,0.427,0,0
2014-04-28,0.859,0.924,0.807,0.904,1.733,0.427,0,0
2014-04-29,0.874,0.96,0.813,0.898,1.733,0.427,0,0
2014-04-30,0.88,0.896,0.686,0.768,1.733,0.427,0,0
2014-05-01,0.978,1.078,0.69,0.822,1.733,0.427,0,0
2014-05-02,1.016,1.09,0.886,0.954,1.733,0.427,0,0
2014-05-05,1.144,1.144,0.853,0.875,1.733,0.427,0,0
2014-05-06,0.667,0.96,0.667,0.894,1.733,0.427,0,0
2014-05-07,0.915,1.08,0.794,0.866,1.733,0.427,0,0
2014-05-08,1.031,1.158,0.802,0.942,1.733,0.427,0,0
2014-05-09,0.961,1.043,0.853,0.94,1.733,0.427,0,0
2014-05-12,0.991,1.075,0.62,0.645,1.733,0.427,0,0
2014-05-13,0.738,0.9,0.737,0.882,1.462,0.427,0,0
2014-05-14,0.941,1.092,0.834,1.083,1.462,0.62,0,0
2014-05-15,1.364,1.41,0.974,1.011,1.462,0.62,0,0
2014-05-16,0.755,1.013,0.701,0.879,1.41,0.62,0,0
2014-05-19,0.666,0.86,0.622,0.818,1.41,0.62,0,0
2014-05-20,0.689,0.948,0.665,0.926,1.41,0.62,0,0
2014-05-21,1.986,2.03,0.845,0.878,1.41,0.62,0,0
2014-05-22,0.857,0.935,0.699,0.869,2.03,0.62,0,0
2014-05-23,0.904,0.912,0.624,0.759,2.03,0.62,0,0
2014-05-27,0.702,0.774,0.672,0.738,2.03,0.62,0,0
2014-05-28,0.987,1.028,0.843,0.902,2.03,0.62,0,0
2014-05-29,0.657,0.736,0.556,0.723,2.03,0.62,0,0
2014-05-30,0.496,0.931,0.496,0.888,2.03,0.556,0,0
2014-06-02,0.753,1.14,0.583,0.73,2.03,0.496,0,0
2014-06-03,0.871,0.974,0.655,0.952,2.03,0.496,0,0
2014-06-04,1.06,1.102,0.63,0.751,2.03,0.496,0,0
2014-06-05,0.796,0.888,0.702,0.747,2.03,0.496,0,0
2014-06-06,0.784,1.057,0.784,0.918,2.03,0.496,0,0
2014-06-09,0.53,0.852,0.53,0.832,2.03,0.496,0,0
2014-06-10,0.793,0.821,0.641,0.701,2.03,0.496,0,0
2014-06-11,0.761,0.925,0.676,0.736,2.03,0.496,0,0
2014-06-12,0.583,0.835,0.583,0.801,2.03,0.496,0,0
2014-06-13,0.86,0.86,0.658,0.765,2.03,0.496,0,0
2014-06-16,0.629,0.714,0.595,0.712,2.03,0.496,0,0
2014-06-17,0.842,0.926,0.631,0.816,2.03,0.496,0,0
2014-06-18,1.768,1.768,0.698,0.767,2.03,0.496,0,0
2014-06-19,0.631,0.736,0.491,0.679,2.03,0.496,0,0
2014-06-20,0.467,0.922,0.467,0.864,1.768,0.491,0,0
2014-06-23,0.861,1.007,0.752,0.819,1.768,0.467,0,0
2014-06-24,0.678,0.855,0.576,0.849,1.768,0.467,0,0
2014-06-25,0.978,0.978,0.775,0.866,1.768,0.467,0,0
2014-06-26,1.128,1.128,0.807,0.927,1.768,0.467,0,0
2014-06-27,1.177,1.177,0.781,0.841,1.768,0.467,0,0
2014-06-30,0.716,0.87,0.648,0.852,1.768,0.467,0,0
2014-07-01,0.874,1.085,0.812,0.915,1.768,0.467,0,0
2014-07-02,0.864,0.929,0.75,0.883,1.768,0.467,0,0
2014-07-03,0.893,1.1,0.871,1.022,1.768,0.467,0,0
2014-07-07,1.197,1.201,0.901,1.004,1.768,0.467,0,0
2014-07-08,1.283,1.321,0.866,0.896,1.768,0.467,0,0
2014-07-09,0.816,0.928,0.725,0.839,1.768,0.467,0,0
2014-07-10,1.167,1.181,1.041,1.063,1.768,0.467,0,0
2014-07-11,0.702,0.897,0.667,0.897,1.768,0.467,0,0
2014-07-14,0.801,1.045,0.793,0.881,1.768,0.467,0,0
2014-07-15,0.835,0.954,0.79,0.814,1.768,0.467,0,0
2014-07-16,1.447,1.447,0.806,0.806,1.768,0.467,0,0
2014-07-17,0.92,1,0.732,0.999,1.768,0.467,0,0
2014-07-18,1.348,1.496,0.902,0.947,1.447,0.467,0,0
2014-07-21,0.933,1.3,0.874,0.9,1.496,0.467,0,0
2014-07-22,0.715,0.921,0.715,0.92,1.496,0.576,0,0
2014-07-23,0.647,0.77,0.64,0.765,1.496,0.576,0,0
2014-07-24,0.697,0.983,0.655,0.909,1.496,0.64,0,0
2014-07-25,0.795,0.959,0.792,0.954,1.496,0.64,0,0
2014-07-28,1.063,1.224,0.814,0.913,1.496,0.64,0,0
2014-07-29,0.742,0.879,0.7,0.857,1.496,0.64,0,0
2014-07-30,0.61,1.077,0.61,0.963,1.496,0.64,0,0
2014-07-31,0.994,1.005,0.667,0.99,1.496,0.61,0,0
2014-08-01,1.042,1.256,0.933,1.249,1.496,0.61,0,0
2014-08-04,0.852,1.505,0.802,1.163,1.496,0.61,0,0
2014-08-05,0.856,1.432,0.856,1.181,1.505,0.61,0,0
2014-08-06,0.849,1.237,0.797,1.135,1.505,0.61,0,0
2014-08-07,0.991,1.139,0.913,1.001,1.505,0.61,0,0
2014-08-08,1.091,1.263,1.024,1.089,1.505,0.61,0,0
2014-08-11,0.563,0.78,0.563,0.74,1.505,0.61,0,0
2014-08-12,0.666,1.141,0.666,1.086,1.505,0.563,0,0
2014-08-13,1.115,1.246,0.816,0.942,1.505,0.563,0,0
2014-08-14,0.942,1.033,0.845,0.929,1.505,0.563,0,0
2014-08-15,0.946,1.015,0.742,1.015,1.505,0.563,0,0
2014-08-18,0.709,0.937,0.709,0.879,1.505,0.563,0,0
2014-08-19,0.952,1.12,0.799,0.906,1.505,0.563,0,0
2014-08-20,1.148,1.148,0.831,0.866,1.505,0.563,0,0
2014-08-21,0.743,0.854,0.67,0.727,1.505,0.563,0,0
2014-08-22,0.851,1.123,0.823,0.935,1.505,0.563,0,0
2014-08-25,0.83,0.913,0.76,0.899,1.505,0.563,0,0
2014-08-26,0.638,0.804,0.587,0.804,1.505,0.563,0,0
2014-08-27,1.406,1.848,0.882,0.883,1.505,0.563,0,0
2014-08-28,1.296,1.632,1.053,1.304,1.848,0.563,0,0
2014-08-29,0.911,1.147,0.879,0.965,1.848,0.563,0,0
2014-09-02,0.893,0.918,0.729,0.823,1.848,0.563,0,0
2014-09-03,0.725,1.066,0.717,0.992,1.848,0.563,0,0
2014-09-04,0.679,0.977,0.516,0.974,1.848,0.563,0,0
2014-09-05,1.166,1.166,0.9,1.023,1.848,0.516,0,0
2014-09-08,0.755,0.904,0.74,0.875,1.848,0.516,0,0
2014-09-09,0.883,0.904,0.756,0.889,1.848,0.516,0,0
2014-09-10,0.673,1.016,0.673,0.947,1.848,0.516,0,0
2014-09-11,0.894,1.015,0.772,1.015,1.848,0.516,0,0
2014-09-12,0.761,0.889,0.61,0.889,1.848,0.516,0,0
2014-09-15,0.752,0.876,0.702,0.865,1.848,0.516,0,0
2014-09-16,0.644,0.894,0.568,0.893,1.848,0.516,0,0
2014-09-17,1.368,1.368,0.956,0.963,1.848,0.516,0,0
2014-09-18,0.809,1.113,0.808,0.916,1.848,0.516,0,0
2014-09-19,0.533,0.857,0.533,0.857,1.848,0.516,0,0
2014-09-22,1.006,1.128,0.97,1.05,1.848,0.516,0,0
2014-09-23,1.148,1.232,0.96,1.011,1.848,0.516,0,0
2014-09-24,0.962,1.002,0.664,0.879,1.848,0.516,0,0
2014-09-25,1.08,1.155,0.997,1.154,1.848,0.516,0,0
2014-09-26,1.34,1.367,0.764,1.128,1.632,0.516,0,0
2014-09-29,0.782,1.167,0.708,1.099,1.368,0.516,0,0
2014-09-30,0.986,1.218,0.928,1.13,1.368,0.516,0,0
2014-10-01,1.137,1.486,1.126,1.294,1.368,0.516,0,0
2014-10-02,0.824,1.061,0.799,1.015,1.486,0.516,0,0
2014-10-03,1.313,1.313,0.902,0.923,1.486,0.533,0,0
2014-10-06,0.746,1.061,0.733,0.985,1.486,0.533,0,0
2014-10-07,0.875,1.001,0.736,0.992,1.486,0.533,0,0
2014-10-08,1.134,1.134,0.905,0.995,1.486,0.533,0,0
2014-10-09,1.011,1.193,0.85,0.974,1.486,0.533,0,0
2014-10-10,1.325,1.548,1.197,1.198,1.486,0.533,0,0
2014-10-13,1.212,2.017,1.212,1.523,1.548,0.533,0,0
2014-10-14,1.285,1.285,0.96,1.048,2.017,0.533,0,0
2014-10-15,1.323,1.352,1.153,1.308,2.017,0.533,0,0
2014-10-16,0.953,1.037,0.785,1.008,2.017,0.533,0,0
2014-10-17,1.076,1.275,1.037,1.235,2.017,0.533,0,0
2014-10-20,0.941,1.043,0.745,0.882,2.017,0.664,0,0
2014-10-21,0.941,1.043,0.697,1.023,2.017,0.664,0,0
2014-10-22,0.941,1.145,0.697,1.139,2.017,0.664,0,0
2014-10-23,0.993,1.014,0.76,0.825,2.017,0.697,0,0
2014-10-24,0.912,1.064,0.823,0.897,2.017,0.697,0,0
2014-10-27,1.394,1.478,0.902,0.938,2.017,0.697,0,0
2014-10-28,1.394,1.478,0.723,0.996,2.017,0.697,0,0
2014-10-29,1.394,1.478,0.723,1.032,2.017,0.697,0,0
2014-10-30,0.947,1.116,0.89,0.991,2.017,0.697,0,0
2014-10-31,0.835,0.86,0.671,0.771,2.017,0.697,0,0
2014-11-03,0.835,0.958,0.671,0.837,2.017,0.671,0,0
2014-11-04,0.835,0.958,0.671,0.886,2.017,0.671,0,0
2014-11-05,0.835,0.958,0.671,0.889,2.017,0.671,0,0
2014-11-06,0.925,1.08,0.811,0.906,2.017,0.671,0,0
2014-11-07,0.929,1.56,0.811,0.97,2.017,0.671,0,0
2014-11-10,0.851,1.081,0.851,1.05,2.017,0.671,0,0
2014-11-11,0.747,1.038,0.71,0.989,1.56,0.671,0,0
2014-11-12,0.693,0.828,0.64,0.808,1.56,0.671,0,0
2014-11-13,0.693,1.037,0.64,0.95,1.56,0.64,0,0
2014-11-14,0.894,1.122,0.869,0.924,1.56,0.64,0,0
2014-11-17,0.753,0.919,0.733,0.846,1.56,0.64,0,0
2014-11-18,0.84,1.131,0.739,0.881,1.56,0.64,0,0
2014-11-19,0.84,1.233,0.739,0.932,1.56,0.64,0,0
2014-11-20,0.889,0.969,0.807,0.965,1.56,0.64,0,0
2014-11-21,0.889,0.969,0.583,0.822,1.56,0.64,0,0
2014-11-24,0.889,0.969,0.583,0.788,1.56,0.583,0,0
2014-11-25,0.704,1.162,0.694,0.981,1.56,0.583,0,0
2014-11-26,0.748,0.897,0.661,0.844,1.56,0.583,0,0
2014-11-28,1.055,1.169,1.01,1.088,1.56,0.583,0,0
2014-12-01,1.055,1.169,0.91,0.989,1.56,0.583,0,0
2014-12-02,0.951,1.51,0.928,1.134,1.56,0.583,0,0
2014-12-03,0.951,1.51,0.677,0.775,1.56,0.583,0,0
2014-12-04,0.732,1.233,0.732,1.058,1.56,0.583,0,0
2014-12-05,0.732,1.233,0.72,1.037,1.56,0.583,0,0
2014-12-08,0.732,1.233,0.72,1.052,1.56,0.583,0,0
2014-12-09,0.732,1.233,0.72,1.056,1.51,0.583,0,0
2014-12-10,1.352,1.393,0.818,0.961,1.51,0.583,0,0
2014-12-11,1.352,1.393,0.818,0.997,1.51,0.583,0,0
2014-12-12,0.974,1.217,0.827,1.127,1.51,0.583,0,0
2014-12-15,0.974,1.217,0.793,1.052,1.51,0.583,0,0
2014-12-16,0.974,1.217,0.793,0.979,1.51,0.583,0,0
2014-12-17,2.31,2.31,1.235,1.235,1.51,0.583,0,0
2014-12-18,0.649,0.87,0.636,0.779,2.31,0.583,0,0
2014-12-19,0.649,1.026,0.636,0.967,2.31,0.583,0,0
2014-12-22,0.842,0.872,0.691,0.752,2.31,0.583,0,0
2014-12-23,0.651,0.855,0.65,0.855,2.31,0.583,0,0
2014-12-24,0.666,1.01,0.666,0.889,2.31,0.636,0,0
2014-12-26,0.753,0.85,0.679,0.726,2.31,0.636,0,0
2014-12-29,0.825,0.862,0.68,0.858,2.31,0.636,0,0
2014-12-30,0.694,1.023,0.652,0.996,2.31,0.636,0,0
2014-12-31,1.1,1.125,0.884,0.946,2.31,0.636,0,0
2015-01-02,1.148,1.255,1.004,1.216,2.31,0.636,0,0
2015-01-05,0.887,1.228,0.883,1.228,2.31,0.636,0,0
2015-01-06,0.864,1.235,0.864,1.115,2.31,0.636,0,0
2015-01-07,1.146,1.164,0.81,0.968,2.31,0.636,0,0
2015-01-08,1.146,1.164,0.688,0.856,2.31,0.636,0,0
2015-01-09,0.795,0.992,0.782,0.992,2.31,0.636,0,0
2015-01-12,0.795,1.147,0.782,1.058,2.31,0.636,0,0
2015-01-13,0.851,0.922,0.759,0.896,2.31,0.636,0,0
2015-01-14,1.012,1.29,0.981,1.162,2.31,0.636,0,0
2015-01-15,0.922,1.115,0.838,1.048,2.31,0.636,0,0
2015-01-16,0.922,1.115,0.838,0.955,2.31,0.636,0,0
2015-01-20,0.581,0.806,0.581,0.806,1.29,0.636,0,0
2015-01-21,1.714,1.717,1.013,1.071,1.29,0.581,0,0
2015-01-22,1.006,1.153,0.905,0.981,1.717,0.581,0,0
2015-01-23,1.018,1.534,1.018,1.279,1.717,0.581,0,0
2015-01-26,1.231,1.27,0.887,0.903,1.717,0.581,0,0
2015-01-27,1.231,1.499,0.887,1.082,1.717,0.581,0,0
2015-01-28,0.787,0.977,0.772,0.971,1.717,0.581,0,0
2015-01-29,0.787,1.337,0.772,1.159,1.717,0.581,0,0
2015-01-30,0.97,1.144,0.914,1.144,1.717,0.581,0,0
2015-02-02,0.948,1.091,0.907,1.053,1.717,0.581,0,0
2015-02-03,0.948,1.091,0.889,0.965,1.717,0.581,0,0
2015-02-04,0.948,1.091,0.786,0.951,1.717,0.581,0,0
2015-02-05,0.904,0.962,0.824,0.959,1.717,0.581,0,0
2015-02-06,0.923,1.061,0.845,1.017,1.717,0.581,0,0
2015-02-09,1.072,1.168,0.971,1.066,1.717,0.581,0,0
2015-02-10,0.642,0.992,0.642,0.966,1.717,0.581,0,0
2015-02-11,0.597,1.082,0.592,0.969,1.717,0.581,0,0
2015-02-12,0.724,0.886,0.716,0.871,1.717,0.581,0,0
2015-02-13,0.739,1.039,0.714,0.969,1.717,0.581,0,0
2015-02-17,1.655,1.777,0.923,0.955,1.717,0.581,0,0
2015-02-18,1.403,1.407,0.895,0.956,1.777,0.581,0,0
2015-02-19,0.661,0.943,0.654,0.89,1.777,0.592,0,0
2015-02-20,0.987,0.987,0.726,0.799,1.777,0.592,0,0
2015-02-23,0.798,1.004,0.774,0.871,1.777,0.592,0,0
2015-02-24,0.756,1.197,0.68,1.005,1.777,0.592,0,0
2015-02-25,0.756,1.197,0.68,1.006,1.777,0.592,0,0
2015-02-26,0.856,1.138,0.856,1.023,1.777,0.592,0,0
2015-02-27,0.924,1.1,0.915,1.019,1.777,0.592,0,0
2015-03-02,0.99,1.122,0.857,1.018,1.777,0.592,0,0
2015-03-03,0.763,0.985,0.607,0.985,1.777,0.592,0,0
2015-03-04,0.996,0.996,0.848,0.914,1.777,0.592,0,0
2015-03-05,0.926,0.939,0.745,0.935,1.777,0.592,0,0
2015-03-06,0.771,1.295,0.771,1.28,1.777,0.592,0,0
2015-03-09,1.091,1.339,1.045,1.118,1.777,0.592,0,0
2015-03-10,1.382,1.432,1.058,1.094,1.777,0.592,0,0
2015-03-11,1.382,1.49,1.023,1.107,1.777,0.592,0,0
2015-03-12,1.069,1.14,0.969,1.053,1.777,0.592,0,0
2015-03-13,1.101,1.215,1.04,1.204,1.777,0.607,0,0
2015-03-16,1.387,1.387,0.958,1.02,1.777,0.607,0,0
2015-03-17,0.895,1.13,0.859,0.952,1.777,0.607,0,0
2015-03-18,2.244,2.244,0.964,0.979,1.49,0.607,0,0
2015-03-19,2.244,2.244,0.813,0.888,2.244,0.607,0,0
2015-03-20,2.244,2.244,0.722,0.807,2.244,0.607,0,0
2015-03-23,0.652,0.884,0.652,0.884,2.244,0.607,0,0
2015-03-24,1.04,1.226,0.968,1.039,2.244,0.607,0,0
2015-03-25,0.717,1.084,0.717,1.083,2.244,0.607,0,0
2015-03-26,1.514,1.514,1.017,1.025,2.244,0.607,0,0
2015-03-27,0.921,1.221,0.88,1.078,2.244,0.607,0,0
2015-03-30,0.921,1.221,0.704,0.935,2.244,0.607,0,0
2015-03-31,0.921,1.221,0.704,1.075,2.244,0.607,0,0
2015-04-01,1.179,1.273,0.958,1.137,2.244,0.652,0,0
2015-04-02,0.966,1.172,0.825,1.12,2.244,0.652,0,0
2015-04-06,0.967,1,0.807,0.873,2.244,0.652,0,0
2015-04-07,0.845,1.196,0.845,1.001,2.244,0.652,0,0
2015-04-08,0.658,1.074,0.658,0.953,2.244,0.652,0,0
2015-04-09,0.754,1.056,0.751,1.038,2.244,0.652,0,0
2015-04-10,0.754,1.243,0.747,0.852,2.244,0.652,0,0
2015-04-13,0.657,0.92,0.645,0.903,2.244,0.652,0,0
2015-04-14,0.854,1.162,0.854,1.095,2.244,0.645,0,0
2015-04-15,1.395,1.395,0.766,0.784,2.244,0.645,0,0
2015-04-16,0.985,1.034,0.818,0.867,2.244,0.645,0,0
2015-04-17,0.836,1.146,0.831,1.123,2.244,0.645,0,0
2015-04-20,0.7,0.853,0.627,0.786,2.244,0.645,0,0
2015-04-21,0.855,1.024,0.848,0.905,1.514,0.627,0,0
2015-04-22,0.784,1.027,0.765,0.945,1.514,0.627,0,0
2015-04-23,0.768,1.048,0.743,1.028,1.514,0.627,0,0
2015-04-24,0.785,0.884,0.744,0.762,1.514,0.627,0,0
2015-04-27,0.437,0.913,0.437,0.876,1.395,0.627,0,0
2015-04-28,0.666,1.039,0.666,0.908,1.395,0.437,0,0
2015-04-29,0.666,1.039,0.648,0.943,1.395,0.437,0,0
2015-04-30,0.735,1.133,0.735,1.059,1.395,0.437,0,0
2015-05-01,0.898,1.166,0.891,0.967,1.395,0.437,0,0
2015-05-04,1.085,1.205,0.873,0.95,1.395,0.437,0,0
2015-05-05,0.726,1.24,0.693,1.24,1.395,0.437,0,0
2015-05-06,1.099,1.32,0.995,1.01,1.395,0.437,0,0
2015-05-07,0.698,0.971,0.698,0.944,1.395,0.437,0,0
2015-05-08,0.699,1.02,0.699,0.856,1.395,0.437,0,0
2015-05-11,0.846,0.922,0.402,0.561,1.395,0.437,0,0
2015-05-12,0.897,1.16,0.897,1.063,1.395,0.402,0,0
2015-05-13,0.768,0.87,0.724,0.865,1.395,0.402,0,0
2015-05-14,1.126,1.177,0.773,0.793,1.32,0.402,0,0
2015-05-15,1.126,1.177,0.773,0.831,1.32,0.402,0,0
2015-05-18,0.83,1.522,0.83,0.972,1.32,0.402,0,0
2015-05-19,1.018,1.151,1,1.027,1.522,0.402,0,0
2015-05-20,1.065,1.065,0.775,0.849,1.522,0.402,0,0
2015-05-21,0.722,0.974,0.709,0.929,1.522,0.402,0,0
2015-05-22,0.858,0.893,0.536,0.884,1.522,0.402,0,0
2015-05-26,1.091,1.275,1.058,1.137,1.522,0.402,0,0
2015-05-27,1.401,1.432,0.929,1.067,1.522,0.402,0,0
2015-05-28,0.865,1.111,0.864,1.056,1.522,0.402,0,0
2015-05-29,0.963,1.128,0.891,1.044,1.522,0.402,0,0
2015-06-01,0.627,0.852,0.618,0.775,1.522,0.402,0,0
2015-06-02,0.733,1.037,0.668,0.982,1.522,0.402,0,0
2015-06-03,0.644,0.843,0.644,0.804,1.522,0.402,0,0
2015-06-04,0.815,1.534,0.815,1.216,1.522,0.402,0,0
2015-06-05,0.819,1.033,0.804,1.019,1.534,0.402,0,0
2015-06-08,0.954,1.051,0.887,0.946,1.534,0.402,0,0
2015-06-09,0.795,1.07,0.755,0.931,1.534,0.402,0,0
2015-06-10,0.642,1.024,0.553,0.64,1.534,0.536,0,0
2015-06-11,0.641,0.937,0.622,0.917,1.534,0.536,0,0
2015-06-12,0.94,1.095,0.94,1.032,1.534,0.536,0,0
2015-06-15,0.774,1,0.774,0.957,1.534,0.536,0,0
2015-06-16,0.798,0.993,0.739,0.82,1.534,0.536,0,0
2015-06-17,1.35,1.35,0.875,0.878,1.534,0.536,0,0
2015-06-18,0.859,0.885,0.785,0.787,1.534,0.536,0,0
2015-06-19,0.927,1.161,0.766,0.954,1.534,0.536,0,0
2015-06-22,0.806,0.97,0.806,0.851,1.534,0.536,0,0
2015-06-23,0.951,1.054,0.796,0.943,1.534,0.553,0,0
2015-06-24,0.782,1.171,0.782,0.934,1.534,0.553,0,0
2015-06-25,0.798,0.935,0.758,0.935,1.534,0.553,0,0
2015-06-26,1.056,1.238,0.907,0.921,1.534,0.553,0,0
2015-06-29,1.047,1.43,0.953,1.391,1.534,0.553,0,0
2015-06-30,0.855,1.322,0.855,1.132,1.534,0.553,0,0
2015-07-01,0.812,1.055,0.667,1.055,1.534,0.553,0,0
2015-07-02,0.857,1.166,0.793,1.101,1.534,0.553,0,0
2015-07-06,0.818,1.094,0.818,1.061,1.43,0.553,0,0
2015-07-07,1,1.301,1,1.089,1.43,0.553,0,0
2015-07-08,1.393,1.393,1.122,1.368,1.43,0.553,0,0
2015-07-09,0.646,1.137,0.646,1.068,1.43,0.553,0,0
2015-07-10,0.632,1.019,0.632,0.991,1.43,0.622,0,0
2015-07-13,0.624,1.037,0.624,1.002,1.43,0.632,0,0
2015-07-14,0.693,0.947,0.642,0.889,1.43,0.624,0,0
2015-07-15,0.896,0.958,0.799,0.928,1.43,0.624,0,0
2015-07-16,0.929,0.929,0.742,0.821,1.43,0.624,0,0
2015-07-17,0.626,0.796,0.626,0.796,1.43,0.624,0,0
2015-07-20,0.786,0.848,0.754,0.797,1.43,0.624,0,0
2015-07-21,0.837,1.069,0.621,0.893,1.43,0.624,0,0
2015-07-22,1.276,1.276,0.934,0.97,1.43,0.621,0,0
2015-07-23,0.546,0.863,0.513,0.855,1.43,0.621,0,0
2015-07-24,0.764,1.403,0.758,1.401,1.43,0.513,0,0
2015-07-27,1.278,1.454,1.239,1.275,1.43,0.513,0,0
2015-07-28,1.202,1.202,0.946,0.95,1.454,0.513,0,0
2015-07-29,0.708,0.882,0.708,0.815,1.454,0.513,0,0
2015-07-30,0.672,0.727,0.465,0.709,1.454,0.513,0,0
2015-07-31,0.791,1.018,0.772,1.018,1.454,0.465,0,0
2015-08-03,1.102,1.266,0.937,1.066,1.454,0.465,0,0
2015-08-04,0.698,1.151,0.698,0.981,1.454,0.465,0,0
2015-08-05,0.827,0.977,0.827,0.977,1.454,0.465,0,0
2015-08-06,1.044,1.467,1.002,1.296,1.454,0.465,0,0
2015-08-07,0.722,1.174,0.722,1.168,1.467,0.465,0,0
2015-08-10,0.858,1.034,0.781,0.986,1.467,0.465,0,0
2015-08-11,1.046,1.189,0.919,1.167,1.467,0.465,0,0
2015-08-12,1.121,1.397,1.087,1.108,1.467,0.465,0,0
2015-08-13,0.872,1.137,0.872,1.059,1.467,0.465,0,0
2015-08-14,1.271,1.574,1.084,1.084,1.467,0.465,0,0
2015-08-17,0.917,1.036,0.873,0.904,1.574,0.465,0,0
2015-08-18,1.422,1.422,0.888,1.014,1.574,0.465,0,0
2015-08-19,1.719,1.719,1.104,1.135,1.574,0.465,0,0
2015-08-20,0.666,1.308,0.645,1.307,1.719,0.465,0,0
2015-08-21,1.938,1.976,1.608,1.633,1.719,0.465,0,0
2015-08-24,1.502,1.966,1.502,1.662,1.976,0.465,0,0
2015-08-25,1.181,1.427,1.181,1.318,1.976,0.465,0,0
2015-08-26,1.573,1.834,1.377,1.378,1.976,0.465,0,0
2015-08-27,0.743,1.112,0.735,1.11,1.976,0.465,0,0
2015-08-28,0.939,1.201,0.939,1.174,1.976,0.645,0,0
2015-08-31,1.668,1.704,1.255,1.3,1.976,0.645,0,0
2015-09-01,1.11,1.463,1.052,1.257,1.976,0.645,0,0
2015-09-02,0.832,1.353,0.832,1.195,1.976,0.645,0,0
2015-09-03,1.099,1.17,0.998,1.055,1.976,0.645,0,0
2015-09-04,1.148,1.585,1.148,1.419,1.976,0.645,0,0
2015-09-08,0.882,1.142,0.882,1.02,1.976,0.645,0,0
2015-09-09,0.636,0.933,0.636,0.933,1.976,0.645,0,0
2015-09-10,0.812,1.436,0.796,1.105,1.976,0.636,0,0
2015-09-11,0.927,1.504,0.927,1.16,1.976,0.636,0,0
2015-09-14,0.873,1.119,0.839,1.11,1.976,0.636,0,0
2015-09-15,1.201,1.201,0.929,0.997,1.976,0.636,0,0
2015-09-16,2.591,2.591,1.12,1.13,1.976,0.636,0,0
2015-09-17,1.044,1.044,0.703,0.92,2.591,0.636,0,0
2015-09-18,1.341,1.377,1.098,1.153,2.591,0.636,0,0
2015-09-21,0.708,1.437,0.708,0.999,2.591,0.636,0,0
2015-09-22,1.201,1.312,1.043,1.167,2.591,0.636,0,0
2015-09-23,0.827,1.049,0.808,1.048,2.591,0.636,0,0
2015-09-24,1.423,1.43,0.806,1.03,2.591,0.636,0,0
2015-09-25,1.142,1.313,0.8,1.298,2.591,0.636,0,0
2015-09-28,1.131,1.499,1.078,1.435,2.591,0.636,0,0
2015-09-29,1.429,1.727,1.265,1.361,2.591,0.636,0,0
2015-09-30,1.406,1.486,0.659,0.843,2.591,0.636,0,0
2015-10-01,1.334,1.334,0.933,0.976,2.591,0.636,0,0
2015-10-02,1.053,1.372,1.005,1.093,2.591,0.636,0,0
2015-10-05,0.774,1.036,0.763,1.008,2.591,0.636,0,0
2015-10-06,0.942,1.034,0.768,0.911,2.591,0.636,0,0
2015-10-07,1.017,1.497,1.017,1.078,2.591,0.636,0,0
2015-10-08,0.819,1.029,0.819,0.925,2.591,0.659,0,0
2015-10-09,1.223,1.223,0.801,0.878,2.591,0.659,0,0
2015-10-12,0.856,1.185,0.805,0.934,2.591,0.659,0,0
2015-10-13,1.224,1.252,0.809,0.895,2.591,0.659,0,0
2015-10-14,1.229,1.256,0.636,0.958,2.591,0.659,0,0
2015-10-15,0.862,1.184,0.819,1.104,1.727,0.636,0,0
2015-10-16,0.819,1.231,0.782,0.87,1.727,0.636,0,0
2015-10-19,0.805,0.966,0.782,0.876,1.727,0.636,0,0
2015-10-20,1.126,1.368,0.964,0.965,1.727,0.636,0,0
2015-10-21,0.849,1.004,0.805,0.933,1.727,0.636,0,0
2015-10-22,1.116,1.26,0.883,0.892,1.727,0.636,0,0
2015-10-23,0.797,0.875,0.741,0.763,1.727,0.636,0,0
2015-10-26,0.94,1.065,0.855,0.944,1.727,0.636,0,0
2015-10-27,1.226,1.395,0.901,0.935,1.727,0.636,0,0
2015-10-28,1.028,1.028,0.665,0.749,1.497,0.636,0,0
2015-10-29,0.708,1.026,0.692,0.832,1.497,0.636,0,0
2015-10-30,0.856,0.918,0.781,0.917,1.497,0.636,0,0
2015-11-02,0.898,0.898,0.705,0.87,1.497,0.636,0,0
2015-11-03,0.907,0.953,0.825,0.942,1.497,0.636,0,0
2015-11-04,0.907,1.02,0.501,0.981,1.497,0.636,0,0
2015-11-05,1.727,1.727,0.957,1.002,1.395,0.501,0,0
2015-11-06,0.75,1.049,0.75,1.024,1.727,0.501,0,0
2015-11-09,0.651,1.288,0.643,1.094,1.727,0.501,0,0
2015-11-10,0.865,1.171,0.865,1.004,1.727,0.501,0,0
2015-11-11,1.033,1.035,0.768,0.852,1.727,0.501,0,0
2015-11-12,0.977,1.214,0.972,1.191,1.727,0.501,0,0
2015-11-13,0.977,1.214,0.782,1.136,1.727,0.501,0,0
2015-11-16,0.977,1.214,0.782,0.842,1.727,0.501,0,0
2015-11-17,0.977,1.214,0.644,0.866,1.727,0.501,0,0
2015-11-18,1.986,1.986,0.923,1,1.727,0.501,0,0
2015-11-19,0.792,1.011,0.736,0.931,1.986,0.501,0,0
2015-11-20,1.416,1.416,0.927,0.93,1.986,0.501,0,0
2015-11-23,0.936,1.04,0.834,0.984,1.986,0.501,0,0
2015-11-24,0.827,1.409,0.827,1.022,1.986,0.501,0,0
2015-11-25,0.815,1.112,0.815,1.011,1.986,0.501,0,0
2015-11-27,1.213,1.502,1.052,1.07,1.986,0.501,0,0
2015-11-30,0.85,1.231,0.781,1.128,1.986,0.501,0,0
2015-12-01,0.812,1.05,0.475,1.05,1.986,0.501,0,0
2015-12-02,1.096,1.373,0.918,1.022,1.986,0.475,0,0
2015-12-03,0.921,1.126,0.726,1.094,1.986,0.475,0,0
2015-12-04,0.679,0.912,0.679,0.882,1.986,0.475,0,0
2015-12-07,0.941,1.15,0.875,0.999,1.986,0.475,0,0
2015-12-08,0.995,1.309,0.995,1.078,1.986,0.475,0,0
2015-12-09,0.864,1.516,0.825,0.918,1.986,0.475,0,0
2015-12-10,1.685,1.706,1.197,1.238,1.986,0.475,0,0
2015-12-11,1.685,1.706,0.921,1.072,1.986,0.475,0,0
2015-12-14,1.685,1.706,0.921,1.033,1.986,0.475,0,0
2015-12-15,1.685,1.706,0.763,0.819,1.986,0.475,0,0
2015-12-16,1.685,1.706,0.659,0.739,1.986,0.475,0,0
2015-12-17,1.685,1.706,0.659,0.981,1.986,0.475,0,0
2015-12-18,1.685,1.706,0.659,0.969,1.706,0.475,0,0
2015-12-21,1.058,1.134,0.599,0.824,1.706,0.475,0,0
2015-12-22,0.713,0.947,0.655,0.905,1.706,0.475,0,0
2015-12-23,0.484,0.816,0.484,0.816,1.706,0.475,0,0
2015-12-24,1.573,1.573,0.797,0.915,1.706,0.475,0,0
2015-12-28,0.76,1.096,0.76,1.047,1.706,0.475,0,0
2015-12-29,0.606,0.859,0.606,0.805,1.706,0.475,0,0
2015-12-30,0.989,1.055,0.807,0.979,1.706,0.475,0,0
2015-12-31,1.139,1.263,0.976,1.019,1.706,0.484,0,0
2016-01-04,1.074,1.236,1.032,1.07,1.706,0.484,0,0
2016-01-05,1.055,1.055,0.902,1.001,1.706,0.484,0,0
2016-01-06,0.832,1.024,0.81,1.022,1.706,0.484,0,0
2016-01-07,1.162,1.589,1.153,1.384,1.706,0.484,0,0
2016-01-08,0.985,1.334,0.985,1.32,1.706,0.484,0,0
2016-01-11,1.061,1.099,0.7,1.063,1.706,0.484,0,0
2016-01-12,0.632,1.035,0.615,1.008,1.706,0.484,0,0
2016-01-13,1.032,1.185,0.868,1.184,1.706,0.484,0,0
2016-01-14,1.336,1.39,0.983,1.002,1.706,0.484,0,0
2016-01-15,0.997,1.578,0.982,1.513,1.706,0.484,0,0
2016-01-19,0.81,1.017,0.762,0.88,1.706,0.484,0,0
2016-01-20,1.919,1.919,0.863,1.169,1.706,0.484,0,0
2016-01-21,0.645,1.17,0.641,1.091,1.919,0.484,0,0
2016-01-22,0.913,1.112,0.913,1.1,1.919,0.484,0,0
2016-01-25,1.22,1.22,0.912,1.032,1.919,0.484,0,0
2016-01-26,1.035,1.124,0.849,0.896,1.919,0.606,0,0
2016-01-27,0.62,0.983,0.62,0.939,1.919,0.606,0,0
2016-01-28,0.917,0.963,0.716,0.857,1.919,0.606,0,0
2016-01-29,0.681,0.905,0.666,0.905,1.919,0.615,0,0
2016-02-01,0.902,1.118,0.816,1.022,1.919,0.615,0,0
2016-02-02,1.566,2.065,0.981,1.014,1.919,0.615,0,0
2016-02-03,1.137,1.151,0.783,0.825,2.065,0.615,0,0
2016-02-04,1.043,1.167,0.742,0.916,2.065,0.615,0,0
2016-02-05,1.001,1.098,0.86,0.956,2.065,0.615,0,0
2016-02-08,1.034,1.156,1.021,1.138,2.065,0.615,0,0
2016-02-09,0.834,1.017,0.834,0.897,2.065,0.615,0,0
2016-02-10,2.137,2.15,1.023,1.06,2.065,0.615,0,0
2016-02-11,1.229,1.233,0.905,0.947,2.15,0.62,0,0
2016-02-12,0.662,0.902,0.651,0.896,2.15,0.62,0,0
2016-02-16,0.71,0.945,0.694,0.94,2.15,0.62,0,0
2016-02-17,2.013,2.013,1.078,1.093,2.15,0.62,0,0
2016-02-18,0.957,1.116,0.938,1.043,2.15,0.62,0,0
2016-02-19,1.2,1.3,0.922,1.03,2.15,0.62,0,0
2016-02-22,0.715,1.102,0.713,0.912,2.15,0.62,0,0
2016-02-23,1.214,1.226,1.048,1.097,2.15,0.62,0,0
2016-02-24,1.014,1.155,0.962,1.029,2.15,0.62,0,0
2016-02-25,0.927,0.955,0.755,0.904,2.15,0.62,0,0
2016-02-26,1.049,1.175,0.96,0.988,2.15,0.651,0,0
2016-02-29,0.948,1.395,0.942,1.191,2.15,0.651,0,0
2016-03-01,1.167,1.253,0.801,0.876,2.15,0.651,0,0
2016-03-02,1.153,1.208,0.643,0.777,2.15,0.651,0,0
2016-03-03,1.33,1.347,0.699,0.757,2.15,0.643,0,0
2016-03-04,0.843,1.135,0.772,0.836,2.15,0.643,0,0
2016-03-07,0.983,1.07,0.712,0.831,2.15,0.643,0,0
2016-03-08,1.207,1.207,0.664,0.963,2.15,0.643,0,0
2016-03-09,0.828,1.106,0.73,0.909,2.15,0.643,0,0
2016-03-10,1.032,1.156,0.972,0.983,2.15,0.643,0,0
2016-03-11,1.133,1.219,0.911,1.014,2.013,0.643,0,0
2016-03-14,1.281,1.368,0.913,0.914,2.013,0.643,0,0
2016-03-15,0.979,1.109,0.826,0.901,2.013,0.643,0,0
2016-03-16,2.386,2.386,0.891,0.891,2.013,0.643,0,0
2016-03-17,0.985,1.02,0.635,0.675,2.386,0.643,0,0
2016-03-18,0.602,0.778,0.519,0.769,2.386,0.635,0,0
2016-03-21,0.894,1.267,0.809,0.872,2.386,0.519,0,0
2016-03-22,0.984,1.144,0.873,1.06,2.386,0.519,0,0
2016-03-23,1.46,1.537,0.888,1.027,2.386,0.519,0,0
2016-03-24,1.241,1.241,0.963,1.051,2.386,0.519,0,0
2016-03-28,0.932,0.932,0.372,0.74,2.386,0.519,0,0
2016-03-29,0.948,1.788,0.9,0.969,2.386,0.372,0,0
2016-03-30,1.085,1.175,0.785,1.123,2.386,0.372,0,0
2016-03-31,0.89,1.151,0.719,1.151,2.386,0.372,0,0
2016-04-01,1.204,1.238,0.904,0.941,2.386,0.372,0,0
2016-04-04,0.676,1.09,0.676,0.956,2.386,0.372,0,0
2016-04-05,1.029,1.237,0.917,1.123,2.386,0.372,0,0
2016-04-06,0.661,1.052,0.661,0.976,2.386,0.372,0,0
2016-04-07,0.972,1.091,0.853,1.008,2.386,0.372,0,0
2016-04-08,1.122,1.231,0.883,0.982,2.386,0.372,0,0
2016-04-11,0.887,0.99,0.727,0.851,2.386,0.372,0,0
2016-04-12,0.687,0.953,0.687,0.914,2.386,0.372,0,0
2016-04-13,0.594,0.647,0.545,0.604,2.386,0.372,0,0
2016-04-14,0.37,0.899,0.37,0.873,2.386,0.372,0,0
2016-04-15,0.726,0.81,0.642,0.782,1.788,0.37,0,0
2016-04-18,1.131,1.167,0.847,0.97,1.788,0.37,0,0
2016-04-19,0.566,0.729,0.465,0.616,1.788,0.37,0,0
2016-04-20,1.343,1.343,0.642,0.856,1.788,0.37,0,0
2016-04-21,1.153,1.222,0.934,1.145,1.788,0.37,0,0
2016-04-22,0.83,1.018,0.824,0.946,1.788,0.37,0,0
2016-04-25,0.755,1.126,0.614,0.752,1.788,0.37,0,0
2016-04-26,0.593,0.847,0.593,0.799,1.788,0.37,0,0
2016-04-27,0.817,1.012,0.695,1.012,1.343,0.37,0,0
2016-04-28,0.861,1.032,0.844,0.996,1.343,0.37,0,0
2016-04-29,1.105,1.405,1.064,1.163,1.343,0.37,0,0
2016-05-02,1.056,1.155,0.873,1.078,1.405,0.37,0,0
2016-05-03,0.659,1.126,0.636,1.073,1.405,0.37,0,0
2016-05-04,0.874,1.086,0.83,1.085,1.405,0.37,0,0
2016-05-05,0.785,1.183,0.785,1.183,1.405,0.37,0,0
2016-05-06,1.25,1.381,1.076,1.18,1.405,0.37,0,0
2016-05-09,1.023,1.311,1.012,1.144,1.405,0.37,0,0
2016-05-10,1.432,1.521,1.06,1.061,1.405,0.37,0,0
2016-05-11,1.192,1.27,0.876,0.903,1.521,0.37,0,0
2016-05-12,0.847,1.299,0.75,1.26,1.521,0.37,0,0
2016-05-13,0.876,1.152,0.762,1.149,1.521,0.465,0,0
2016-05-16,0.692,0.821,0.636,0.763,1.521,0.465,0,0
2016-05-17,0.974,1.192,0.783,1.191,1.521,0.465,0,0
2016-05-18,1.864,1.864,0.981,1.013,1.521,0.593,0,0
2016-05-19,0.968,1.558,0.906,1.348,1.864,0.593,0,0
2016-05-20,1.159,1.611,0.999,1.021,1.864,0.593,0,0
2016-05-23,0.834,0.997,0.834,0.98,1.864,0.593,0,0
2016-05-24,0.64,0.98,0.64,0.965,1.864,0.593,0,0
2016-05-25,0.883,1.019,0.732,0.972,1.864,0.636,0,0
2016-05-26,0.634,1.008,0.508,0.924,1.864,0.636,0,0
2016-05-27,0.987,0.987,0.745,0.872,1.864,0.508,0,0
2016-05-31,0.831,1,0.778,0.916,1.864,0.508,0,0
2016-06-01,1.267,1.404,1.02,1.027,1.864,0.508,0,0
2016-06-02,0.826,1.032,0.796,0.912,1.864,0.508,0,0
2016-06-03,0.813,0.895,0.752,0.844,1.864,0.508,0,0
2016-06-06,0.674,0.794,0.535,0.72,1.864,0.508,0,0
2016-06-07,1.109,1.124,0.775,0.845,1.864,0.508,0,0
2016-06-08,0.595,0.851,0.558,0.84,1.864,0.508,0,0
2016-06-09,0.948,0.997,0.798,0.92,1.864,0.508,0,0
2016-06-10,1.361,1.375,0.995,1.084,1.864,0.508,0,0
2016-06-13,1.621,1.621,0.835,0.902,1.864,0.508,0,0
2016-06-14,0.725,1.024,0.634,1.008,1.864,0.508,0,0
2016-06-15,1.773,1.901,1.108,1.154,1.864,0.508,0,0
2016-06-16,1.2,1.603,1.167,1.377,1.901,0.508,0,0
2016-06-17,0.948,1.225,0.92,1.096,1.901,0.508,0,0
2016-06-20,1.024,1.084,0.918,0.973,1.901,0.508,0,0
2016-06-21,0.671,1.193,0.663,0.948,1.901,0.508,0,0
2016-06-22,1.044,1.184,0.798,1.007,1.901,0.508,0,0
2016-06-23,0.937,1.408,0.929,1.255,1.901,0.508,0,0
2016-06-24,1.137,1.247,0.991,1.217,1.901,0.508,0,0
2016-06-27,1.279,1.346,1.208,1.274,1.901,0.535,0,0
2016-06-28,0.825,1.197,0.819,1.137,1.901,0.535,0,0
2016-06-29,1.266,1.328,1.098,1.144,1.901,0.535,0,0
2016-06-30,2.053,2.056,1.192,1.24,1.901,0.535,0,0
2016-07-01,1.533,1.569,0.896,0.901,2.056,0.535,0,0
2016-07-05,1.065,1.259,0.88,1.207,2.056,0.535,0,0
2016-07-06,0.808,1.233,0.761,1.002,2.056,0.558,0,0
2016-07-07,0.872,1.047,0.79,0.859,2.056,0.558,0,0
2016-07-08,1.322,1.376,0.723,0.734,2.056,0.634,0,0
2016-07-11,0.829,0.829,0.686,0.756,2.056,0.634,0,0
2016-07-12,0.658,0.774,0.563,0.771,2.056,0.634,0,0
2016-07-13,0.769,1.068,0.745,0.886,2.056,0.563,0,0
2016-07-14,0.419,0.614,0.285,0.612,2.056,0.563,0,0
2016-07-15,0.823,0.869,0.709,0.825,2.056,0.285,0,0
2016-07-18,0.96,0.96,0.722,0.903,2.056,0.285,0,0
2016-07-19,1.059,1.122,0.886,0.912,2.056,0.285,0,0
2016-07-20,1.944,1.955,0.774,0.796,2.056,0.285,0,0
2016-07-21,0.85,1.009,0.839,0.939,2.056,0.285,0,0
2016-07-22,0.949,1.045,0.705,0.797,2.056,0.285,0,0
2016-07-25,0.994,1.24,0.88,0.903,2.056,0.285,0,0
2016-07-26,0.828,1.194,0.812,0.915,2.056,0.285,0,0
2016-07-27,0.828,1.194,0.727,0.9,2.056,0.285,0,0
2016-07-28,0.866,1.072,0.866,0.894,2.056,0.285,0,0
2016-07-29,0.866,1.344,0.866,1.197,2.056,0.285,0,0
2016-08-01,0.866,1.367,0.848,1.347,1.955,0.285,0,0
2016-08-02,0.866,1.571,0.848,1.136,1.955,0.285,0,0
2016-08-03,0.671,0.932,0.671,0.921,1.955,0.285,0,0
2016-08-04,0.946,1.007,0.834,0.917,1.955,0.285,0,0
2016-08-05,0.799,1.018,0.764,0.916,1.955,0.285,0,0
2016-08-08,0.997,1.82,0.963,0.966,1.955,0.285,0,0
2016-08-09,1.969,1.969,0.775,0.9,1.955,0.285,0,0
2016-08-10,0.851,0.896,0.773,0.859,1.969,0.285,0,0
2016-08-11,0.848,1.022,0.843,0.931,1.969,0.285,0,0
2016-08-12,0.715,0.771,0.589,0.759,1.969,0.671,0,0
2016-08-15,0.734,0.817,0.634,0.77,1.969,0.589,0,0
2016-08-16,0.886,1.029,0.862,1.021,1.969,0.589,0,0
2016-08-17,1.424,1.437,0.863,0.881,1.969,0.589,0,0
2016-08-18,1.374,1.67,0.817,0.84,1.969,0.589,0,0
2016-08-19,0.803,0.868,0.663,0.821,1.969,0.589,0,0
2016-08-22,0.944,1.167,0.916,0.916,1.969,0.589,0,0
2016-08-23,0.786,0.849,0.559,0.837,1.969,0.589,0,0
2016-08-24,1.095,1.095,0.606,0.903,1.969,0.559,0,0
2016-08-25,1.241,1.301,1.022,1.113,1.969,0.559,0,0
2016-08-26,0.927,1.056,0.922,1.032,1.969,0.559,0,0
2016-08-29,0.816,0.942,0.752,0.9,1.969,0.559,0,0
2016-08-30,0.955,1.11,0.852,0.95,1.969,0.559,0,0
2016-08-31,1.134,1.407,1.035,1.169,1.969,0.559,0,0
2016-09-01,1.006,1.163,0.921,0.975,1.969,0.559,0,0
2016-09-02,0.965,1.087,0.894,0.939,1.969,0.559,0,0
2016-09-06,1.189,1.212,0.793,0.857,1.969,0.559,0,0
2016-09-07,0.962,1.04,0.788,0.853,1.969,0.559,0,0
2016-09-08,0.97,1.22,0.914,0.94,1.67,0.559,0,0
2016-09-09,1.124,1.174,0.999,1.167,1.67,0.559,0,0
2016-09-12,0.971,1.044,0.888,0.997,1.67,0.559,0,0
2016-09-13,1.003,1.095,0.886,0.964,1.67,0.559,0,0
2016-09-14,0.734,1.117,0.717,1.088,1.67,0.559,0,0
2016-09-15,0.999,0.999,0.755,0.838,1.67,0.559,0,0
2016-09-16,1.224,1.224,0.963,0.978,1.67,0.559,0,0
2016-09-19,0.619,0.776,0.569,0.775,1.407,0.559,0,0
2016-09-20,1.057,1.113,0.746,0.964,1.407,0.559,0,0
2016-09-21,1.507,1.507,0.939,0.982,1.407,0.559,0,0
2016-09-22,0.734,0.933,0.706,0.932,1.507,0.569,0,0
2016-09-23,0.91,1.012,0.711,1.012,1.507,0.569,0,0
2016-09-26,1.174,1.32,1.107,1.143,1.507,0.569,0,0
2016-09-27,1.057,1.238,0.936,0.971,1.507,0.569,0,0
2016-09-28,0.73,0.91,0.723,0.885,1.507,0.569,0,0
2016-09-29,0.996,1.073,0.805,1.02,1.507,0.569,0,0
2016-09-30,1.058,1.125,0.953,0.999,1.507,0.569,0,0
2016-10-03,0.961,1.135,0.717,1.029,1.507,0.569,0,0
2016-10-04,0.822,1.147,0.782,0.88,1.507,0.569,0,0
2016-10-05,0.426,0.771,0.361,0.759,1.507,0.569,0,0
2016-10-06,1.103,1.114,0.846,0.98,1.507,0.361,0,0
2016-10-07,1.202,1.346,1.1,1.155,1.507,0.361,0,0
2016-10-10,1.202,1.518,0.834,0.913,1.507,0.361,0,0
2016-10-11,1.202,1.518,0.834,1.101,1.518,0.361,0,0
2016-10-12,1.202,1.518,0.807,0.98,1.518,0.361,0,0
2016-10-13,1.075,1.535,0.96,0.966,1.518,0.361,0,0
2016-10-14,1.075,1.535,0.661,0.924,1.535,0.361,0,0
2016-10-17,1.075,1.535,0.661,0.943,1.535,0.361,0,0
2016-10-18,1.075,1.535,0.661,0.964,1.535,0.361,0,0
2016-10-19,1.075,1.651,0.661,0.937,1.535,0.361,0,0
2016-10-20,1.075,1.651,0.661,0.972,1.651,0.361,0,0
2016-10-21,1.075,1.651,0.633,0.943,1.651,0.361,0,0
2016-10-24,1.075,1.651,0.633,0.905,1.651,0.361,0,0
2016-10-25,1.075,1.651,0.633,0.943,1.651,0.361,0,0
2016-10-26,1.075,1.651,0.633,0.89,1.651,0.361,0,0
2016-10-27,1.075,1.651,0.633,0.82,1.651,0.361,0,0
2016-10-28,1.075,1.651,0.633,1.104,1.651,0.361,0,0
2016-10-31,1.075,1.651,0.633,1.033,1.651,0.361,0,0
2016-11-01,1.075,1.651,0.633,1.414,1.651,0.361,0,0
2016-11-02,1.075,1.651,0.633,1.285,1.651,0.361,0,0
2016-11-03,1.075,1.651,0.633,1.171,1.651,0.633,0,0
2016-11-04,1.075,1.651,0.633,1.351,1.651,0.633,0,0
2016-11-07,1.075,1.868,0.633,1.197,1.651,0.633,0,0
2016-11-08,1.075,1.868,0.633,1.459,1.868,0.633,0,0
2016-11-09,1.075,1.868,0.633,1.057,1.868,0.633,0,0
2016-11-10,1.075,1.868,0.528,0.876,1.868,0.633,0,0
2016-11-11,1.075,1.868,0.528,1.051,1.868,0.528,0,0
2016-11-14,1.075,1.868,0.528,0.907,1.868,0.528,0,0
2016-11-15,1.075,1.868,0.528,0.918,1.868,0.528,0,0
2016-11-16,1.075,1.868,0.528,1.026,1.868,0.528,0,0
2016-11-17,1.075,1.868,0.528,0.871,1.868,0.528,0,0
2016-11-18,1.075,1.868,0.528,0.944,1.868,0.528,0,0
2016-11-21,0.997,0.997,0.738,0.835,1.868,0.528,0,0
2016-11-22,1.333,1.333,0.927,0.989,1.868,0.528,0,0
2016-11-23,1.137,1.256,0.924,0.955,1.868,0.528,0,0
2016-11-25,0.88,0.88,0.558,0.774,1.868,0.528,0,0
2016-11-28,0.533,0.923,0.533,0.923,1.868,0.528,0,0
2016-11-29,0.781,1.047,0.778,0.962,1.868,0.528,0,0
2016-11-30,0.624,0.921,0.624,0.901,1.868,0.528,0,0
2016-12-01,0.906,1.097,0.876,0.949,1.868,0.528,0,0
2016-12-02,0.802,0.988,0.743,0.923,1.868,0.528,0,0
2016-12-05,0.675,0.867,0.65,0.866,1.868,0.528,0,0
2016-12-06,0.915,1.067,0.818,0.828,1.868,0.528,0,0
2016-12-07,1.106,1.126,0.688,0.842,1.868,0.528,0,0
2016-12-08,0.549,0.752,0.541,0.752,1.868,0.528,0,0
2016-12-09,0.662,0.886,0.566,0.814,1.868,0.528,0,0
2016-12-12,0.688,0.824,0.634,0.797,1.868,0.528,0,0
2016-12-13,0.805,0.805,0.391,0.605,1.868,0.528,0,0
2016-12-14,0.752,0.912,0.659,0.898,1.868,0.391,0,0
2016-12-15,0.751,0.908,0.736,0.854,1.868,0.391,0,0
2016-12-16,0.726,0.915,0.507,0.91,1.868,0.391,0,0
2016-12-19,1.176,1.228,0.823,1.171,1.868,0.391,0,0
2016-12-20,0.812,0.95,0.615,0.939,1.333,0.391,0,0
2016-12-21,1.587,1.587,0.726,0.92,1.333,0.391,0,0
2016-12-22,0.955,1.007,0.686,0.893,1.587,0.391,0,0
2016-12-23,0.656,0.873,0.656,0.864,1.587,0.391,0,0
2016-12-27,0.756,1.06,0.71,1.02,1.587,0.391,0,0
2016-12-28,1.672,1.672,0.73,0.911,1.587,0.391,0,0
2016-12-29,1.227,1.227,0.882,0.944,1.672,0.391,0,0
2016-12-30,1.083,1.174,0.943,1.088,1.672,0.391,0,0
2017-01-03,0.82,0.995,0.75,0.978,1.672,0.391,0,0
2017-01-04,0.95,0.98,0.826,0.875,1.672,0.391,0,0
2017-01-05,0.681,1.21,0.628,1.153,1.672,0.391,0,0
2017-01-06,0.681,1.218,0.628,0.972,1.672,0.391,0,0
2017-01-09,1.042,1.313,0.953,1,1.672,0.391,0,0
2017-01-10,0.501,0.935,0.456,0.888,1.672,0.391,0,0
2017-01-11,1.028,1.099,0.617,0.845,1.672,0.391,0,0
2017-01-12,0.991,1.378,0.965,1.072,1.672,0.391,0,0
2017-01-13,0.991,1.378,0.645,0.919,1.672,0.456,0,0
2017-01-17,0.991,1.378,0.645,0.955,1.672,0.456,0,0
2017-01-18,1.629,1.629,1.019,1.077,1.672,0.456,0,0
2017-01-19,1.629,1.629,0.652,0.942,1.672,0.456,0,0
2017-01-20,1.408,1.464,0.949,1.007,1.672,0.456,0,0
2017-01-23,1.408,1.464,0.818,0.948,1.672,0.456,0,0
2017-01-24,1.408,1.464,0.621,0.757,1.672,0.456,0,0
2017-01-25,1.408,1.464,0.46,0.72,1.672,0.456,0,0
2017-01-26,1.408,1.464,0.46,0.871,1.672,0.456,0,0
2017-01-27,1.408,1.464,0.46,1.002,1.672,0.456,0,0
2017-01-30,1.086,1.419,1.059,1.087,1.629,0.456,0,0
2017-01-31,1.009,1.282,1.009,1.025,1.629,0.456,0,0
2017-02-01,1.008,1.419,0.716,0.915,1.629,0.456,0,0
2017-02-02,0.946,1.064,0.861,0.861,1.629,0.456,0,0
2017-02-03,1.132,1.142,0.761,0.764,1.629,0.456,0,0
2017-02-06,1.015,1.097,0.836,1.047,1.629,0.456,0,0
2017-02-07,0.675,1.284,0.666,1.101,1.629,0.456,0,0
2017-02-08,1.078,1.244,0.908,0.974,1.629,0.456,0,0
2017-02-09,0.926,0.964,0.712,0.934,1.629,0.46,0,0
2017-02-10,0.777,0.994,0.712,0.984,1.629,0.46,0,0
2017-02-13,0.585,0.676,0.569,0.664,1.629,0.46,0,0
2017-02-14,0.545,0.731,0.545,0.702,1.629,0.46,0,0
2017-02-15,1.709,1.709,0.803,0.837,1.629,0.46,0,0
2017-02-16,0.477,0.916,0.477,0.888,1.709,0.46,0,0
2017-02-17,1.156,1.313,0.934,0.936,1.709,0.46,0,0
2017-02-21,0.674,0.832,0.615,0.82,1.709,0.46,0,0
2017-02-22,0.831,1.069,0.814,0.89,1.709,0.46,0,0
2017-02-23,0.849,0.985,0.794,0.835,1.709,0.46,0,0
2017-02-24,0.708,0.836,0.527,0.829,1.709,0.46,0,0
2017-02-27,0.464,0.831,0.464,0.828,1.709,0.46,0,0
2017-02-28,0.951,1.21,0.876,1.193,1.709,0.464,0,0
2017-03-01,0.727,0.887,0.628,0.868,1.709,0.464,0,0
2017-03-02,0.951,1.043,0.859,1.024,1.709,0.464,0,0
2017-03-03,0.641,0.954,0.641,0.945,1.709,0.464,0,0
2017-03-06,0.985,1.067,0.738,0.901,1.709,0.464,0,0
2017-03-07,0.905,0.959,0.709,0.837,1.709,0.464,0,0
2017-03-08,0.83,1.09,0.83,0.977,1.709,0.464,0,0
2017-03-09,1.16,1.198,0.946,1.122,1.709,0.464,0,0
2017-03-10,0.619,0.955,0.567,0.884,1.709,0.464,0,0
2017-03-13,0.789,0.946,0.775,0.946,1.709,0.464,0,0
2017-03-14,0.999,1.267,0.9,0.929,1.709,0.464,0,0
2017-03-15,0.739,1.039,0.699,0.714,1.709,0.464,0,0
2017-03-16,0.911,1.022,0.786,0.909,1.709,0.464,0,0
2017-03-17,1.162,1.282,0.923,0.961,1.313,0.464,0,0
2017-03-20,1.116,1.286,0.996,1.059,1.313,0.464,0,0
2017-03-21,1.116,1.286,0.753,1.007,1.286,0.464,0,0
2017-03-22,1.116,1.286,0.753,0.987,1.286,0.464,0,0
2017-03-23,1.116,1.286,0.753,1.147,1.286,0.464,0,0
2017-03-24,1.116,1.399,0.753,1.216,1.286,0.464,0,0
2017-03-27,1.116,3.162,0.753,1.092,1.399,0.464,0,0
2017-03-28,1.116,3.162,0.727,0.872,3.162,0.567,0,0
2017-03-29,1.162,3.162,0.693,0.829,3.162,0.567,0,0
2017-03-30,1.116,3.162,0.542,0.936,3.162,0.567,0,0
2017-03-31,1.116,3.162,0.542,1.189,3.162,0.542,0,0
2017-04-03,1.116,3.162,0.542,0.986,3.162,0.542,0,0
2017-04-04,1.116,3.162,0.542,1.12,3.162,0.542,0,0
2017-04-05,1.116,3.162,0.542,0.919,3.162,0.542,0,0
2017-04-06,1.116,3.162,0.542,0.899,3.162,0.542,0,0
2017-04-07,1.162,3.162,0.542,0.955,3.162,0.542,0,0
2017-04-10,1.116,3.162,0.512,1.048,3.162,0.542,0,0
2017-04-11,1.116,3.162,0.512,0.911,3.162,0.512,0,0
2017-04-12,1.116,3.162,0.512,0.953,3.162,0.512,0,0
2017-04-13,1.116,3.162,0.494,0.974,3.162,0.512,0,0
2017-04-17,1.162,3.162,0.494,0.851,3.162,0.494,0,0
2017-04-18,1.162,3.162,0.494,0.647,3.162,0.494,0,0
2017-04-19,1.162,3.162,0.494,0.743,3.162,0.494,0,0
2017-04-20,1.162,3.162,0.494,0.905,3.162,0.494,0,0
2017-04-21,1.162,3.162,0.494,1.046,3.162,0.494,0,0
2017-04-24,1.162,3.162,0.494,1.051,3.162,0.494,0,0
2017-04-25,1.116,3.162,0.494,0.832,3.162,0.494,0,0
2017-04-26,1.116,3.162,0.494,0.786,3.162,0.494,0,0
2017-04-27,1.116,3.162,0.494,0.923,3.162,0.494,0,0
2017-04-28,1.116,3.162,0.494,0.961,3.162,0.494,0,0
2017-05-01,1.116,3.162,0.494,0.847,3.162,0.494,0,0
2017-05-02,1.116,3.162,0.494,0.747,3.162,0.494,0,0
2017-05-03,1.116,3.162,0.494,1.037,3.162,0.494,0,0
2017-05-04,1.162,3.162,0.494,0.91,3.162,0.494,0,0
2017-05-05,1.162,3.162,0.494,1.006,3.162,0.494,0,0
2017-05-08,1.162,3.162,0.494,0.851,3.162,0.494,0,0
2017-05-09,1.162,3.162,0.494,0.741,3.162,0.494,0,0
2017-05-10,1.162,3.162,0.494,0.937,3.162,0.494,0,0
2017-05-11,1.162,3.162,0.494,0.912,3.162,0.494,0,0
2017-05-12,1.162,3.162,0.494,0.847,3.162,0.494,0,0
2017-05-15,1.162,3.162,0.494,0.748,3.162,0.494,0,0
2017-05-16,1.162,3.162,0.494,0.791,3.162,0.494,0,0
2017-05-17,1.162,3.162,0.494,1.095,3.162,0.494,0,0
2017-05-18,1.162,3.162,0.494,1.131,3.162,0.494,0,0
2017-05-19,0.494,2.087,0.494,0.995,3.162,0.494,0,0
2017-05-22,0.699,0.857,0.59,0.857,3.162,0.494,0,0
2017-05-23,0.926,0.935,0.723,0.899,3.162,0.494,0,0
2017-05-24,0.541,0.943,0.541,0.933,3.162,0.494,0,0
2017-05-25,0.932,0.932,0.791,0.857,3.162,0.494,0,0
2017-05-26,0.849,1.042,0.815,0.908,3.162,0.494,0,0
2017-05-30,0.758,1.092,0.677,0.935,3.162,0.494,0,0
2017-05-31,0.838,1.371,0.838,1.012,3.162,0.494,0,0
2017-06-01,0.851,1.095,0.819,1.001,3.162,0.494,0,0
2017-06-02,0.712,0.822,0.666,0.822,3.162,0.494,0,0
2017-06-05,0.803,0.849,0.652,0.738,3.162,0.494,0,0
2017-06-06,0.928,1.11,0.555,0.771,3.162,0.494,0,0
2017-06-07,0.835,0.927,0.648,0.899,3.162,0.494,0,0
2017-06-08,0.479,0.701,0.307,0.701,3.162,0.494,0,0
2017-06-09,0.847,1.063,0.812,1.06,3.162,0.307,0,0
2017-06-12,0.75,0.966,0.739,0.966,3.162,0.307,0,0
2017-06-13,0.792,0.97,0.718,0.969,3.162,0.307,0,0
2017-06-14,0.793,0.939,0.748,0.837,3.162,0.307,0,0
2017-06-15,0.902,1.146,0.777,0.979,3.162,0.307,0,0
2017-06-16,0.979,1.093,0.82,1.093,3.162,0.307,0,0
2017-06-19,0.692,0.888,0.652,0.804,2.087,0.307,0,0
2017-06-20,0.692,0.987,0.601,0.833,1.371,0.307,0,0
2017-06-21,0.692,1.54,0.601,0.892,1.371,0.307,0,0
2017-06-22,0.922,0.939,0.743,0.805,1.54,0.307,0,0
2017-06-23,0.767,0.975,0.739,0.964,1.54,0.307,0,0
2017-06-26,0.767,0.975,0.582,0.799,1.54,0.307,0,0
2017-06-27,0.767,0.975,0.582,0.772,1.54,0.307,0,0
2017-06-28,0.767,1.001,0.582,0.946,1.54,0.307,0,0
2017-06-29,0.767,1.001,0.526,0.983,1.54,0.307,0,0
2017-06-30,0.767,1.126,0.526,1.124,1.54,0.307,0,0
2017-07-03,0.767,1.126,0.526,0.96,1.54,0.307,0,0
2017-07-05,0.767,1.126,0.526,0.923,1.54,0.307,0,0
2017-07-06,0.767,1.26,0.526,1.073,1.54,0.307,0,0
2017-07-07,0.767,1.26,0.526,0.923,1.54,0.307,0,0
2017-07-10,0.458,0.918,0.458,0.916,1.54,0.526,0,0
2017-07-11,0.458,1.441,0.458,1.064,1.54,0.458,0,0
2017-07-12,0.458,1.441,0.458,0.707,1.54,0.458,0,0
2017-07-13,0.458,1.441,0.458,0.873,1.54,0.458,0,0
2017-07-14,0.458,1.441,0.458,0.835,1.54,0.458,0,0
2017-07-17,0.458,1.441,0.458,0.991,1.54,0.458,0,0
2017-07-18,0.458,1.441,0.458,0.868,1.54,0.458,0,0
2017-07-19,0.458,1.441,0.458,0.775,1.54,0.458,0,0
2017-07-20,0.458,1.441,0.458,0.743,1.54,0.458,0,0
2017-07-21,0.458,1.441,0.458,0.747,1.441,0.458,0,0
2017-07-24,0.458,1.441,0.458,0.823,1.441,0.458,0,0
2017-07-25,0.458,1.441,0.458,0.801,1.441,0.458,0,0
2017-07-26,0.786,0.788,0.492,0.738,1.441,0.458,0,0
2017-07-27,0.791,0.909,0.647,0.904,1.441,0.458,0,0
2017-07-28,0.974,1.069,0.707,0.83,1.441,0.458,0,0
2017-07-31,0.999,1.065,0.874,0.918,1.441,0.458,0,0
2017-08-01,0.757,0.884,0.704,0.883,1.441,0.458,0,0
2017-08-02,0.942,1.099,0.738,0.923,1.441,0.458,0,0
2017-08-03,0.847,1.065,0.804,1.008,1.441,0.458,0,0
2017-08-04,0.943,1.014,0.852,1.002,1.441,0.458,0,0
2017-08-07,0.915,1.082,0.806,0.894,1.441,0.458,0,0
2017-08-08,1.184,1.25,0.725,0.927,1.441,0.458,0,0
2017-08-09,1.028,1.194,0.957,1.02,1.441,0.458,0,0
2017-08-10,1.298,1.303,0.813,0.934,1.441,0.458,0,0
2017-08-11,0.946,0.996,0.837,0.973,1.441,0.458,0,0
2017-08-14,0.697,0.844,0.603,0.844,1.441,0.458,0,0
2017-08-15,0.886,1.043,0.886,0.947,1.441,0.458,0,0
2017-08-16,2.667,2.667,0.961,0.965,1.441,0.458,0,0
2017-08-17,0.879,1.076,0.569,1.07,2.667,0.458,0,0
2017-08-18,1.021,1.124,0.836,1.111,2.667,0.458,0,0
2017-08-21,0.999,1.041,0.897,0.988,2.667,0.458,0,0
2017-08-22,0.999,1.139,0.896,1.023,2.667,0.458,0,0
2017-08-23,0.879,1.098,0.805,0.941,2.667,0.492,0,0
2017-08-24,0.972,1.168,0.762,1.09,2.667,0.569,0,0
2017-08-25,0.888,1.011,0.871,1.001,2.667,0.569,0,0
2017-08-28,1.037,1.179,0.87,0.927,2.667,0.569,0,0
2017-08-29,1.017,1.059,0.571,0.772,2.667,0.569,0,0
2017-08-30,0.572,0.834,0.383,0.834,2.667,0.569,0,0
2017-08-31,1.065,1.335,0.949,1.057,2.667,0.383,0,0
2017-09-01,0.871,0.874,0.639,0.835,2.667,0.383,0,0
2017-09-05,1.287,1.315,1.04,1.168,2.667,0.383,0,0
2017-09-06,0.851,0.978,0.735,0.946,2.667,0.383,0,0
2017-09-07,0.937,1.202,0.868,1.13,2.667,0.383,0,0
2017-09-08,0.912,1.083,0.671,1.082,2.667,0.383,0,0
2017-09-11,0.912,1.162,0.671,0.932,2.667,0.383,0,0
2017-09-12,0.912,1.162,0.671,0.841,2.667,0.383,0,0
2017-09-13,0.957,0.973,0.714,0.812,2.667,0.383,0,0
2017-09-14,0.957,0.973,0.706,0.792,2.667,0.383,0,0
2017-09-15,1.12,1.12,0.798,1.081,1.335,0.383,0,0
2017-09-18,1.12,1.157,0.798,0.913,1.335,0.383,0,0
2017-09-19,1.12,1.157,0.749,0.763,1.335,0.383,0,0
2017-09-20,1.12,2.01,0.749,0.882,1.335,0.383,0,0
2017-09-21,1.12,2.01,0.749,0.84,2.01,0.383,0,0
2017-09-22,1.12,2.01,0.608,0.98,2.01,0.383,0,0
2017-09-25,1.12,2.01,0.399,0.704,2.01,0.383,0,0
2017-09-26,1.12,2.01,0.399,0.939,2.01,0.383,0,0
2017-09-27,1.12,2.01,0.399,0.831,2.01,0.383,0,0
2017-09-28,1.12,2.01,0.399,0.725,2.01,0.383,0,0
2017-09-29,1.12,2.01,0.399,1.066,2.01,0.399,0,0
2017-10-02,1.12,2.01,0.399,0.932,2.01,0.399,0,0
2017-10-03,1.12,2.01,0.399,0.717,2.01,0.399,0,0
2017-10-04,1.12,2.01,0.399,0.832,2.01,0.399,0,0
2017-10-05,1.12,2.01,0.399,0.84,2.01,0.399,0,0
2017-10-06,1.12,2.01,0.399,0.874,2.01,0.399,0,0
2017-10-09,1.12,2.01,0.399,0.977,2.01,0.399,0,0
2017-10-10,1.12,2.01,0.399,0.729,2.01,0.399,0,0
2017-10-11,1.12,2.01,0.399,0.898,2.01,0.399,0,0
2017-10-12,1.12,2.01,0.399,1.05,2.01,0.399,0,0
2017-10-13,1.12,2.01,0.399,0.857,2.01,0.399,0,0
2017-10-16,1.12,2.01,0.399,1.168,2.01,0.399,0,0
2017-10-17,1.12,2.01,0.399,0.835,2.01,0.399,0,0
2017-10-18,1.12,2.01,0.399,0.946,2.01,0.399,0,0
2017-10-19,1.12,2.01,0.399,0.976,2.01,0.399,0,0
2017-10-20,1.12,2.01,0.399,0.813,2.01,0.399,0,0
2017-10-23,1.12,2.01,0.399,0.984,2.01,0.399,0,0
2017-10-24,1.12,2.01,0.399,0.785,2.01,0.399,0,0
2017-10-25,1.12,2.01,0.399,1.16,2.01,0.399,0,0
2017-10-26,1.12,2.01,0.399,0.873,2.01,0.399,0,0
2017-10-27,1.12,2.01,0.399,0.883,2.01,0.399,0,0
2017-10-30,1.12,2.01,0.399,0.94,2.01,0.399,0,0
2017-10-31,1.12,2.01,0.399,0.87,2.01,0.399,0,0
2017-11-01,1.12,2.01,0.399,0.946,2.01,0.399,0,0
2017-11-02,1.12,2.01,0.399,0.866,2.01,0.399,0,0
2017-11-03,1.12,2.01,0.399,0.936,2.01,0.399,0,0
2017-11-06,1.12,2.01,0.399,0.918,2.01,0.399,0,0
2017-11-07,1.12,2.01,0.399,1.023,2.01,0.399,0,0
2017-11-08,1.12,2.01,0.399,0.972,2.01,0.399,0,0
2017-11-09,1.12,2.01,0.399,1.097,2.01,0.399,0,0
2017-11-10,1.12,2.01,0.399,1.18,2.01,0.399,0,0
2017-11-13,1.12,2.01,0.399,0.899,2.01,0.399,0,0
2017-11-14,1.12,2.01,0.399,0.899,2.01,0.399,0,0
2017-11-15,1.561,1.561,0.984,1.043,2.01,0.399,0,0
2017-11-16,0.876,0.995,0.793,0.954,2.01,0.399,0,0
2017-11-17,0.687,0.968,0.663,0.787,2.01,0.399,0,0
2017-11-20,0.777,0.956,0.777,0.92,2.01,0.399,0,0
2017-11-21,0.803,0.854,0.693,0.848,2.01,0.399,0,0
2017-11-22,0.726,0.932,0.562,0.932,2.01,0.399,0,0
2017-11-24,0.895,0.956,0.794,0.865,2.01,0.399,0,0
2017-11-27,0.758,0.935,0.695,0.721,2.01,0.399,0,0
2017-11-28,0.867,0.87,0.357,0.677,2.01,0.399,0,0
2017-11-29,0.577,0.715,0.577,0.712,2.01,0.357,0,0
2017-11-30,0.747,0.853,0.633,0.853,2.01,0.357,0,0
2017-12-01,0.491,0.832,0.491,0.778,2.01,0.357,0,0
2017-12-04,0.746,0.839,0.596,0.839,2.01,0.357,0,0
2017-12-05,0.768,0.885,0.684,0.827,2.01,0.357,0,0
2017-12-06,1.064,1.227,0.732,0.815,2.01,0.357,0,0
2017-12-07,0.627,0.902,0.621,0.839,2.01,0.357,0,0
2017-12-08,0.627,1.298,0.621,0.938,2.01,0.357,0,0
2017-12-11,0.891,0.917,0.717,0.815,2.01,0.357,0,0
2017-12-12,0.891,0.942,0.657,0.855,2.01,0.357,0,0
2017-12-13,0.804,0.887,0.561,0.754,2.01,0.357,0,0
2017-12-14,0.664,0.801,0.576,0.799,1.561,0.357,0,0
2017-12-15,0.789,1.369,0.789,0.965,1.298,0.357,0,0
2017-12-18,0.828,0.828,0.569,0.69,1.369,0.357,0,0
2017-12-19,0.828,0.892,0.569,0.873,1.369,0.357,0,0
2017-12-20,0.828,1.55,0.569,0.807,1.369,0.357,0,0
2017-12-21,0.828,1.55,0.569,0.844,1.55,0.357,0,0
2017-12-22,0.828,1.55,0.569,0.95,1.55,0.357,0,0
2017-12-26,0.828,1.55,0.569,0.991,1.55,0.357,0,0
2017-12-27,0.828,1.55,0.569,0.952,1.55,0.357,0,0
2017-12-28,0.828,1.55,0.569,1.132,1.55,0.491,0,0
2017-12-29,0.828,1.55,0.569,1.109,1.55,0.491,0,0
2018-01-02,0.828,1.55,0.569,0.875,1.55,0.491,0,0
2018-01-03,0.828,1.55,0.569,0.854,1.55,0.561,0,0
2018-01-04,0.828,1.55,0.569,0.825,1.55,0.561,0,0
2018-01-05,0.828,1.55,0.569,0.916,1.55,0.561,0,0
2018-01-08,0.828,1.55,0.454,0.647,1.55,0.561,0,0
2018-01-09,0.828,1.55,0.454,0.805,1.55,0.454,0,0
2018-01-10,0.828,1.55,0.454,0.717,1.55,0.454,0,0
2018-01-11,0.828,1.55,0.454,0.715,1.55,0.454,0,0
2018-01-12,0.828,1.55,0.427,0.738,1.55,0.454,0,0
2018-01-16,0.828,1.55,0.427,0.697,1.55,0.427,0,0
2018-01-17,0.828,1.749,0.427,0.795,1.55,0.427,0,0
2018-01-18,0.828,1.749,0.427,0.837,1.749,0.427,0,0
2018-01-19,0.828,1.749,0.427,0.882,1.749,0.427,0,0
2018-01-22,0.828,1.749,0.427,0.894,1.749,0.427,0,0
2018-01-23,0.828,1.749,0.427,0.65,1.749,0.427,0,0
2018-01-24,0.828,1.749,0.427,0.845,1.749,0.427,0,0
2018-01-25,0.828,1.749,0.427,0.801,1.749,0.427,0,0
2018-01-26,0.828,1.749,0.427,0.79,1.749,0.427,0,0
2018-01-29,0.828,1.749,0.427,0.745,1.749,0.427,0,0
2018-01-30,0.828,1.749,0.427,0.95,1.749,0.427,0,0
2018-01-31,0.828,1.749,0.427,0.9,1.749,0.427,0,0
2018-02-01,0.828,1.749,0.427,0.906,1.749,0.427,0,0
2018-02-02,0.828,1.749,0.427,0.898,1.749,0.427,0,0
2018-02-05,0.828,1.749,0.427,0.917,1.749,0.427,0,0
2018-02-06,0.828,2.209,0.427,0.988,1.749,0.427,0,0
2018-02-07,0.828,2.209,0.427,0.906,2.209,0.427,0,0
2018-02-08,0.828,2.209,0.427,1.136,2.209,0.427,0,0
2018-02-09,0.828,2.209,0.427,1.313,2.209,0.427,0,0
2018-02-12,0.828,2.209,0.427,0.944,2.209,0.427,0,0
2018-02-13,0.828,2.209,0.427,0.959,2.209,0.427,0,0
2018-02-14,0.828,2.209,0.427,1.168,2.209,0.427,0,0
2018-02-15,0.828,2.209,0.427,0.921,2.209,0.427,0,0
2018-02-16,0.828,2.209,0.427,0.919,2.209,0.427,0,0
2018-02-20,0.828,2.209,0.427,0.858,2.209,0.427,0,0
2018-02-21,0.828,2.209,0.427,1.061,2.209,0.427,0,0
2018-02-22,0.828,2.209,0.427,1.125,2.209,0.427,0,0
2018-02-23,0.828,2.209,0.427,1.005,2.209,0.427,0,0
2018-02-26,0.828,2.209,0.427,0.927,2.209,0.427,0,0
2018-02-27,0.828,2.209,0.427,1.042,2.209,0.427,0,0
2018-02-28,0.828,2.209,0.427,1.081,2.209,0.427,0,0
2018-03-01,0.828,2.209,0.427,1.283,2.209,0.427,0,0
2018-03-02,0.828,2.209,0.427,1.159,2.209,0.427,0,0
2018-03-05,0.828,2.209,0.427,0.997,2.209,0.427,0,0
2018-03-06,0.828,2.209,0.427,0.928,2.209,0.427,0,0
2018-03-07,0.828,2.209,0.427,1.047,2.209,0.427,0,0
2018-03-08,0.828,2.209,0.427,0.9,2.209,0.427,0,0
2018-03-09,0.828,2.209,0.427,0.812,2.209,0.427,0,0
2018-03-12,0.712,0.953,0.634,0.875,2.209,0.427,0,0
2018-03-13,0.53,0.888,0.53,0.873,2.209,0.427,0,0
2018-03-14,1.111,1.118,0.855,1.053,2.209,0.427,0,0
2018-03-15,0.753,0.918,0.698,0.898,2.209,0.427,0,0
2018-03-16,0.935,1.002,0.616,0.949,2.209,0.427,0,0
2018-03-19,0.753,1.174,0.746,1.025,2.209,0.427,0,0
2018-03-20,1.204,1.261,0.823,0.833,2.209,0.427,0,0
2018-03-21,1.752,1.752,1.051,1.162,2.209,0.427,0,0
2018-03-22,1.287,1.362,1.083,1.221,2.209,0.427,0,0
2018-03-23,1.287,1.538,1.056,1.535,2.209,0.427,0,0
2018-03-26,1.287,1.538,1.02,1.179,2.209,0.427,0,0
2018-03-27,0.818,1.076,0.801,1.066,2.209,0.427,0,0
2018-03-28,0.818,1.472,0.801,1.345,2.209,0.427,0,0
2018-03-29,0.721,1.073,0.721,0.95,2.209,0.427,0,0
2018-04-02,0.721,1.366,0.721,1.276,2.209,0.427,0,0
2018-04-03,0.721,1.414,0.721,1.043,2.209,0.427,0,0
2018-04-04,1.328,2.22,0.976,0.979,2.209,0.427,0,0
2018-04-05,0.798,0.851,0.605,0.851,2.22,0.427,0,0
2018-04-06,0.798,1.03,0.605,1.028,2.22,0.427,0,0
2018-04-09,0.798,1.307,0.605,0.983,2.22,0.427,0,0
2018-04-10,0.692,0.869,0.692,0.85,2.22,0.53,0,0
2018-04-11,0.692,1.026,0.666,1.026,2.22,0.53,0,0
2018-04-12,0.692,1.103,0.666,0.994,2.22,0.605,0,0
2018-04-13,0.692,1.271,0.666,0.986,2.22,0.605,0,0
2018-04-16,0.692,1.373,0.666,0.939,2.22,0.605,0,0
2018-04-17,0.692,1.373,0.666,0.961,2.22,0.605,0,0
2018-04-18,0.692,1.731,0.666,0.963,2.22,0.605,0,0
2018-04-19,0.692,1.731,0.666,0.979,2.22,0.605,0,0
2018-04-20,0.692,1.731,0.666,0.979,2.22,0.605,0,0
2018-04-23,0.692,1.731,0.666,0.931,2.22,0.605,0,0
2018-04-24,0.692,1.731,0.666,1.042,2.22,0.605,0,0
2018-04-25,0.692,1.731,0.666,0.962,2.22,0.605,0,0
2018-04-26,0.692,1.731,0.66,0.825,2.22,0.605,0,0
2018-04-27,0.692,1.731,0.66,0.884,2.22,0.605,0,0
2018-04-30,0.692,1.731,0.66,0.921,2.22,0.605,0,0
2018-05-01,0.692,1.731,0.66,1.112,2.22,0.605,0,0
2018-05-02,0.692,1.731,0.66,0.927,2.22,0.605,0,0
2018-05-03,0.692,1.731,0.66,1.024,1.731,0.605,0,0
2018-05-04,0.692,1.731,0.66,0.959,1.731,0.605,0,0
2018-05-07,0.692,1.731,0.564,0.933,1.731,0.605,0,0
2018-05-08,0.692,1.731,0.564,0.831,1.731,0.564,0,0
2018-05-09,0.692,1.731,0.564,0.838,1.731,0.564,0,0
2018-05-10,0.692,1.731,0.564,0.811,1.731,0.564,0,0
2018-05-11,0.692,1.731,0.564,0.982,1.731,0.564,0,0
2018-05-14,0.692,1.731,0.564,0.877,1.731,0.564,0,0
2018-05-15,0.692,1.731,0.564,1.114,1.731,0.564,0,0
2018-05-16,0.692,1.731,0.564,0.889,1.731,0.564,0,0
2018-05-17,0.692,1.731,0.564,0.835,1.731,0.564,0,0
2018-05-18,0.692,1.731,0.564,1.015,1.731,0.564,0,0
2018-05-21,0.692,1.731,0.564,0.823,1.731,0.564,0,0
2018-05-22,0.692,1.731,0.564,0.83,1.731,0.564,0,0
2018-05-23,0.692,1.731,0.564,0.99,1.731,0.564,0,0
2018-05-24,0.692,1.731,0.564,0.871,1.731,0.564,0,0
2018-05-25,0.692,1.731,0.564,0.916,1.731,0.564,0,0
2018-05-29,1.002,1.102,0.906,1.089,1.731,0.564,0,0
2018-05-30,1.089,1.13,0.922,0.987,1.731,0.564,0,0
2018-05-31,0.822,1.181,0.772,1.129,1.731,0.564,0,0
2018-06-01,0.652,0.859,0.632,0.857,1.731,0.564,0,0
2018-06-04,0.671,0.814,0.663,0.814,1.731,0.564,0,0
2018-06-05,0.67,0.834,0.651,0.771,1.731,0.564,0,0
2018-06-06,0.732,0.974,0.732,0.824,1.731,0.564,0,0
2018-06-07,0.757,0.932,0.698,0.916,1.731,0.564,0,0
2018-06-08,0.966,1.279,0.911,0.945,1.731,0.564,0,0
2018-06-11,0.712,0.755,0.647,0.738,1.731,0.564,0,0
2018-06-12,0.449,0.719,0.428,0.712,1.731,0.564,0,0
2018-06-13,0.779,0.779,0.577,0.742,1.731,0.428,0,0
2018-06-14,1.048,1.048,0.75,0.933,1.731,0.428,0,0
2018-06-15,0.769,0.977,0.753,0.928,1.731,0.428,0,0
2018-06-18,0.86,1.084,0.86,1.025,1.731,0.428,0,0
2018-06-19,0.901,0.941,0.826,0.835,1.731,0.428,0,0
2018-06-20,1.7,1.71,0.856,0.894,1.731,0.428,0,0
2018-06-21,0.861,1.032,0.818,1.027,1.731,0.428,0,0
2018-06-22,0.861,1.032,0.657,0.858,1.731,0.428,0,0
2018-06-25,1.183,1.259,1.059,1.104,1.731,0.428,0,0
2018-06-26,1.183,1.259,0.702,0.913,1.71,0.428,0,0
2018-06-27,1.183,1.259,0.702,1.083,1.71,0.428,0,0
2018-06-28,1.287,1.914,1.287,1.322,1.71,0.428,0,0
2018-06-29,1.085,1.321,1.03,1.239,1.914,0.428,0,0
2018-07-02,1.085,1.321,0.963,1.058,1.914,0.428,0,0
2018-07-03,1.085,1.321,0.963,1.072,1.914,0.428,0,0
2018-07-05,0.877,1.088,0.872,0.923,1.914,0.428,0,0
2018-07-06,0.877,1.219,0.857,1,1.914,0.428,0,0
2018-07-09,0.877,1.22,0.839,0.92,1.914,0.428,0,0
2018-07-10,0.877,1.22,0.832,0.985,1.914,0.428,0,0
2018-07-11,0.877,1.22,0.677,1.022,1.914,0.428,0,0
2018-07-12,0.877,1.22,0.677,0.919,1.914,0.577,0,0
2018-07-13,0.877,1.22,0.677,0.983,1.914,0.657,0,0
2018-07-16,0.877,1.235,0.677,0.995,1.914,0.657,0,0
2018-07-17,0.877,1.235,0.677,0.949,1.914,0.657,0,0
2018-07-18,0.877,1.235,0.677,0.851,1.914,0.657,0,0
2018-07-19,0.877,1.235,0.677,0.902,1.914,0.657,0,0
2018-07-20,0.877,1.235,0.677,0.979,1.914,0.657,0,0
2018-07-23,0.877,1.235,0.677,0.852,1.914,0.657,0,0
2018-07-24,0.877,1.235,0.636,0.915,1.914,0.677,0,0
2018-07-25,0.877,1.235,0.636,0.821,1.914,0.636,0,0
2018-07-26,0.877,1.235,0.578,0.741,1.914,0.636,0,0
2018-07-27,0.877,1.235,0.578,1.052,1.914,0.578,0,0
2018-07-30,0.877,1.235,0.578,1.116,1.321,0.578,0,0
2018-07-31,0.877,1.235,0.578,1.003,1.321,0.578,0,0
2018-08-01,0.877,1.235,0.578,1.017,1.321,0.578,0,0
2018-08-02,0.877,1.462,0.578,0.967,1.235,0.578,0,0
2018-08-03,0.877,1.462,0.578,0.903,1.462,0.578,0,0
2018-08-06,0.877,1.462,0.578,0.902,1.462,0.578,0,0
2018-08-07,0.877,1.462,0.52,0.92,1.462,0.578,0,0
2018-08-08,0.877,1.462,0.52,0.947,1.462,0.52,0,0
2018-08-09,0.877,1.462,0.52,0.851,1.462,0.52,0,0
2018-08-10,0.877,1.462,0.52,1.204,1.462,0.52,0,0
2018-08-13,0.877,1.462,0.52,1.085,1.462,0.52,0,0
2018-08-14,0.877,1.462,0.52,0.91,1.462,0.52,0,0
2018-08-15,0.877,1.475,0.52,1.166,1.462,0.52,0,0
2018-08-16,0.877,1.475,0.52,0.941,1.475,0.52,0,0
2018-08-17,0.877,1.475,0.52,1.025,1.475,0.52,0,0
2018-08-20,0.877,1.475,0.52,0.796,1.475,0.52,0,0
2018-08-21,0.877,1.475,0.52,0.812,1.475,0.52,0,0
2018-08-22,0.571,1.476,0.52,0.956,1.475,0.52,0,0
2018-08-23,0.571,1.476,0.52,1.031,1.476,0.52,0,0
2018-08-24,0.571,1.476,0.52,0.925,1.476,0.52,0,0
2018-08-27,0.571,1.476,0.52,0.738,1.476,0.52,0,0
2018-08-28,0.571,1.476,0.52,0.81,1.476,0.52,0,0
2018-08-29,0.571,1.476,0.52,0.848,1.476,0.52,0,0
2018-08-30,0.571,1.476,0.52,0.822,1.476,0.52,0,0
2018-08-31,0.571,1.476,0.52,1.027,1.476,0.52,0,0
2018-09-04,0.571,1.476,0.52,0.852,1.476,0.52,0,0
2018-09-05,0.571,1.476,0.52,0.99,1.476,0.52,0,0
2018-09-06,0.571,1.476,0.52,1.055,1.476,0.52,0,0
2018-09-07,0.571,1.476,0.52,1.174,1.476,0.52,0,0
2018-09-10,0.571,1.476,0.52,1.158,1.476,0.52,0,0
2018-09-11,0.571,1.476,0.52,0.876,1.476,0.52,0,0
2018-09-12,0.571,1.476,0.52,0.822,1.476,0.52,0,0
2018-09-13,0.571,1.476,0.511,0.837,1.476,0.52,0,0
2018-09-14,0.571,1.476,0.496,0.828,1.476,0.511,0,0
2018-09-17,0.571,1.476,0.496,0.929,1.476,0.496,0,0
2018-09-18,0.571,1.476,0.496,0.829,1.476,0.496,0,0
2018-09-19,0.571,1.527,0.496,0.95,1.476,0.496,0,0
2018-09-20,0.571,1.527,0.476,0.891,1.527,0.496,0,0
2018-09-21,0.571,1.527,0.476,0.975,1.527,0.476,0,0
2018-09-24,0.848,0.978,0.694,0.978,1.527,0.476,0,0
2018-09-25,0.848,1.104,0.694,0.883,1.527,0.476,0,0
2018-09-26,0.848,1.104,0.694,0.874,1.527,0.476,0,0
2018-09-27,0.941,1.073,0.827,0.94,1.527,0.476,0,0
2018-09-28,0.941,1.083,0.76,1.067,1.527,0.476,0,0
2018-10-01,0.895,1.015,0.859,1.015,1.527,0.476,0,0
2018-10-02,0.895,1.015,0.751,0.799,1.527,0.476,0,0
2018-10-03,0.895,1.015,0.7,0.861,1.527,0.476,0,0
2018-10-04,0.895,1.14,0.7,1.066,1.527,0.476,0,0
2018-10-05,0.895,1.193,0.7,1.181,1.527,0.476,0,0
2018-10-08,0.895,1.379,0.7,1.175,1.527,0.476,0,0
2018-10-09,0.895,1.379,0.7,0.944,1.527,0.476,0,0
2018-10-10,0.895,1.379,0.7,1.216,1.527,0.476,0,0
2018-10-11,0.895,1.379,0.7,1.184,1.527,0.476,0,0
2018-10-12,0.895,1.379,0.7,1.161,1.527,0.476,0,0
2018-10-15,0.895,1.379,0.7,0.956,1.527,0.476,0,0
2018-10-16,0.895,1.379,0.7,1.032,1.527,0.476,0,0
2018-10-17,0.895,2.155,0.7,1.166,1.527,0.476,0,0
2018-10-18,0.895,2.155,0.7,1.287,2.155,0.476,0,0
2018-10-19,0.779,2.157,0.476,1.14,2.155,0.476,0,0
2018-10-22,0.779,2.157,0.476,1.068,2.157,0.476,0,0
2018-10-23,0.728,1.12,0.728,1.037,2.157,0.476,0,0
2018-10-24,0.7,1.292,0.7,1.29,2.157,0.476,0,0
2018-10-25,1.836,1.836,1.008,1.04,2.157,0.476,0,0
2018-10-26,1.071,1.363,0.85,1.316,2.157,0.476,0,0
2018-10-29,0.894,1.27,0.81,1.268,2.157,0.476,0,0
2018-10-30,1.135,1.414,1.084,1.176,2.157,0.476,0,0
2018-10-31,0.915,1.399,0.915,1.122,2.157,0.476,0,0
2018-11-01,0.894,0.971,0.717,0.846,2.157,0.476,0,0
2018-11-02,0.749,0.947,0.749,0.936,2.157,0.476,0,0
2018-11-05,0.905,1.045,0.847,1.02,2.157,0.476,0,0
2018-11-06,0.953,1.377,0.953,1.121,2.157,0.476,0,0
2018-11-07,0.904,1.11,0.848,0.971,2.157,0.476,0,0
2018-11-08,1.127,1.127,0.884,0.972,2.157,0.476,0,0
2018-11-09,1.187,1.235,1.004,1.11,2.157,0.476,0,0
2018-11-12,1.343,1.482,1.061,1.196,2.157,0.476,0,0
2018-11-13,0.713,1.073,0.682,0.99,2.157,0.476,0,0
2018-11-14,1.107,1.276,0.87,1.228,2.157,0.476,0,0
2018-11-15,1.21,1.51,0.85,0.856,2.157,0.476,0,0
2018-11-16,0.879,1.064,0.845,0.943,2.157,0.476,0,0
2018-11-19,0.931,1.008,0.826,0.978,2.157,0.476,0,0
2018-11-20,1.228,1.234,0.851,0.931,1.836,0.682,0,0
2018-11-21,1.657,1.657,1.023,1.091,1.836,0.682,0,0
2018-11-23,1.062,1.444,1.062,1.118,1.836,0.682,0,0
2018-11-26,0.95,1.145,0.863,0.967,1.657,0.682,0,0
2018-11-27,1.281,1.281,0.857,0.922,1.657,0.682,0,0
2018-11-28,1.13,1.146,0.827,0.845,1.657,0.682,0,0
2018-11-29,1.503,1.503,0.892,0.892,1.657,0.682,0,0
2018-11-30,0.881,0.883,0.702,0.762,1.657,0.682,0,0
2018-12-03,0.727,0.796,0.632,0.778,1.657,0.682,0,0
2018-12-04,0.744,0.946,0.592,0.946,1.657,0.632,0,0
2018-12-05,0.946,0.946,0.946,0.946,1.657,0.592,0,0
2018-12-06,1.448,1.556,1.082,1.084,1.657,0.592,0,0
2018-12-07,0.989,1.36,0.948,1.168,1.657,0.592,0,0
2018-12-10,1.031,1.431,1.031,1.074,1.657,0.592,0,0
2018-12-11,0.894,1.095,0.824,0.975,1.657,0.592,0,0
2018-12-12,1.145,1.293,0.886,1.004,1.657,0.592,0,0
2018-12-13,1.62,2.026,1.118,1.153,1.657,0.592,0,0
2018-12-14,1.069,1.204,0.991,1.139,2.026,0.592,0,0
2018-12-17,1.192,1.492,1.099,1.371,2.026,0.592,0,0
2018-12-18,0.868,1.516,0.716,1.095,2.026,0.592,0,0
2018-12-19,1.467,1.467,0.861,1.279,2.026,0.592,0,0
2018-12-20,1.212,1.919,1.212,1.825,2.026,0.592,0,0
2018-12-21,1.644,1.668,1.152,1.449,2.026,0.592,0,0
2018-12-24,1.75,1.839,1.259,1.323,2.026,0.592,0,0
2018-12-26,1.423,1.47,1.071,1.083,2.026,0.592,0,0
2018-12-27,0.839,0.992,0.823,0.96,2.026,0.592,0,0
2018-12-28,0.911,0.924,0.718,0.777,2.026,0.592,0,0
2018-12-31,1.049,1.137,0.925,0.987,2.026,0.592,0,0
2019-01-02,1.508,1.666,1.007,1.037,2.026,0.592,0,0
2019-01-03,0.875,1.443,0.808,1.315,2.026,0.592,0,0
2019-01-04,0.934,1.199,0.883,0.919,2.026,0.716,0,0
2019-01-07,0.924,1.046,0.837,0.873,2.026,0.716,0,0
2019-01-08,0.887,1.013,0.845,0.972,2.026,0.716,0,0
2019-01-09,0.83,1.011,0.824,0.936,2.026,0.716,0,0
2019-01-10,1.567,1.567,1.111,1.138,2.026,0.716,0,0
2019-01-11,1.036,1.174,0.869,1.073,2.026,0.716,0,0
2019-01-14,1.215,1.272,0.934,1.05,2.026,0.716,0,0
2019-01-15,0.933,1.067,0.916,1.033,1.919,0.716,0,0
2019-01-16,1.639,1.639,1.061,1.081,1.919,0.716,0,0
2019-01-17,1.501,1.501,0.813,0.815,1.919,0.716,0,0
2019-01-18,0.948,0.948,0.67,0.846,1.919,0.718,0,0
2019-01-22,1.046,1.046,0.779,0.938,1.919,0.67,0,0
2019-01-23,1.304,1.331,1,1.175,1.839,0.67,0,0
2019-01-24,1.115,1.115,0.851,0.984,1.839,0.67,0,0
2019-01-25,0.648,0.776,0.597,0.75,1.666,0.67,0,0
2019-01-28,1.187,1.187,0.993,0.996,1.666,0.597,0,0
2019-01-29,0.782,0.996,0.763,0.898,1.666,0.597,0,0
2019-01-30,0.995,1.097,0.882,0.89,1.666,0.597,0,0
2019-01-31,1.006,1.006,0.705,0.843,1.666,0.597,0,0
2019-02-01,0.876,1.138,0.798,1.138,1.639,0.597,0,0
2019-02-04,0.708,0.842,0.641,0.842,1.639,0.597,0,0
2019-02-05,0.76,0.886,0.691,0.829,1.639,0.597,0,0
2019-02-06,0.902,1.057,0.832,0.972,1.639,0.597,0,0
2019-02-07,1.35,1.35,0.958,0.985,1.639,0.597,0,0
2019-02-08,1.042,1.261,1.003,1.035,1.639,0.597,0,0
2019-02-11,1.023,1.023,0.783,0.873,1.639,0.597,0,0
2019-02-12,0.729,0.795,0.558,0.782,1.639,0.597,0,0
2019-02-13,1.566,1.566,0.9,1.011,1.639,0.558,0,0
2019-02-14,1.483,1.523,0.863,0.919,1.639,0.558,0,0
2019-02-15,0.567,0.826,0.501,0.793,1.566,0.558,0,0
2019-02-19,0.871,0.979,0.762,0.842,1.566,0.501,0,0
2019-02-20,0.62,0.822,0.578,0.795,1.566,0.501,0,0
2019-02-21,0.986,0.993,0.864,0.93,1.566,0.501,0,0
2019-02-22,0.692,0.807,0.578,0.779,1.566,0.501,0,0
2019-02-25,0.72,0.786,0.636,0.786,1.566,0.501,0,0
2019-02-26,0.85,0.893,0.694,0.839,1.566,0.501,0,0
2019-02-27,0.729,0.949,0.702,0.942,1.566,0.501,0,0
2019-02-28,0.852,0.984,0.773,0.966,1.566,0.501,0,0
2019-03-01,0.827,0.909,0.747,0.904,1.566,0.501,0,0
2019-03-04,0.698,1.007,0.698,1.007,1.566,0.501,0,0
2019-03-05,0.876,1.023,0.798,0.89,1.566,0.501,0,0
2019-03-06,0.77,1.094,0.734,1.08,1.566,0.501,0,0
2019-03-07,1.274,1.297,0.995,1.119,1.566,0.501,0,0
2019-03-08,1.02,1.126,0.814,0.982,1.566,0.501,0,0
2019-03-11,0.744,0.884,0.711,0.829,1.566,0.501,0,0
2019-03-12,0.671,1.023,0.635,1.004,1.566,0.501,0,0
2019-03-13,0.684,0.942,0.559,0.859,1.566,0.501,0,0
2019-03-14,0.947,1.031,0.816,0.907,1.566,0.501,0,0
2019-03-15,0.653,0.852,0.603,0.852,1.523,0.501,0,0
2019-03-18,0.64,0.898,0.64,0.817,1.297,0.501,0,0
2019-03-19,1.214,1.214,0.733,0.953,1.297,0.559,0,0
2019-03-20,0.657,0.96,0.657,0.91,1.297,0.559,0,0
2019-03-21,0.637,0.767,0.54,0.764,1.297,0.559,0,0
2019-03-22,0.73,0.928,0.73,0.9,1.297,0.54,0,0
2019-03-25,0.939,1.084,0.743,0.881,1.297,0.54,0,0
2019-03-26,0.981,1.013,0.873,0.886,1.297,0.54,0,0
2019-03-27,1.178,1.228,1.04,1.056,1.297,0.54,0,0
2019-03-28,1.07,1.088,0.799,0.87,1.297,0.54,0,0
2019-03-29,0.887,0.941,0.778,0.892,1.297,0.54,0,0
2019-04-01,0.65,0.848,0.586,0.848,1.297,0.54,0,0
2019-04-02,0.786,0.97,0.736,0.838,1.297,0.54,0,0
2019-04-03,0.773,0.875,0.634,0.874,1.297,0.54,0,0
2019-04-04,0.739,0.894,0.719,0.814,1.297,0.54,0,0
2019-04-05,0.872,0.944,0.787,0.835,1.228,0.54,0,0
2019-04-08,0.839,0.871,0.61,0.778,1.228,0.54,0,0
2019-04-09,0.88,0.916,0.734,0.888,1.228,0.54,0,0
2019-04-10,0.961,1.037,0.805,0.925,1.228,0.54,0,0
2019-04-11,1.828,2.042,0.993,0.997,1.228,0.54,0,0
2019-04-12,0.566,0.771,0.531,0.75,2.042,0.54,0,0
2019-04-15,0.699,1.003,0.699,0.936,2.042,0.531,0,0
2019-04-16,0.665,1.152,0.665,0.93,2.042,0.531,0,0
2019-04-17,1.122,1.122,0.777,0.828,2.042,0.531,0,0
2019-04-18,1.001,1.222,0.863,0.901,2.042,0.531,0,0
2019-04-22,0.693,0.901,0.692,0.876,2.042,0.531,0,0
2019-04-23,0.789,0.836,0.732,0.813,2.042,0.531,0,0
2019-04-24,0.791,0.913,0.741,0.892,2.042,0.531,0,0
2019-04-25,0.825,0.99,0.81,0.857,2.042,0.531,0,0
2019-04-26,0.883,0.97,0.791,0.878,2.042,0.531,0,0
2019-04-29,0.879,0.898,0.811,0.88,2.042,0.531,0,0
2019-04-30,0.767,1.477,0.759,1.057,2.042,0.531,0,0
2019-05-01,0.798,0.96,0.762,0.948,2.042,0.531,0,0
2019-05-02,0.649,0.954,0.622,0.93,2.042,0.531,0,0
2019-05-03,0.79,0.892,0.726,0.783,2.042,0.531,0,0
2019-05-06,0.816,1.089,0.702,1.069,2.042,0.531,0,0
2019-05-07,1.135,1.169,0.9,0.909,2.042,0.531,0,0
2019-05-08,1.386,1.386,0.992,1.237,2.042,0.531,0,0
2019-05-09,1.457,1.675,1.257,1.276,2.042,0.531,0,0
2019-05-10,1.253,1.398,1.098,1.262,2.042,0.531,0,0
2019-05-13,1.463,1.463,0.865,1.1,1.675,0.531,0,0
2019-05-14,0.871,1.072,0.853,1.017,1.675,0.622,0,0
2019-05-15,1.501,1.666,1.177,1.195,1.675,0.622,0,0
2019-05-16,1.273,1.273,0.988,1.028,1.675,0.622,0,0
2019-05-17,1.084,1.162,0.93,1.105,1.675,0.622,0,0
2019-05-20,1.08,1.122,0.851,0.877,1.675,0.622,0,0
2019-05-21,0.936,1.045,0.789,1.002,1.675,0.622,0,0
2019-05-22,1.336,1.336,0.953,0.979,1.675,0.622,0,0
2019-05-23,1.241,1.291,1.044,1.216,1.675,0.622,0,0
2019-05-24,0.953,1.147,0.946,1.001,1.675,0.622,0,0
2019-05-28,1.07,1.116,0.894,1.114,1.675,0.622,0,0
2019-05-29,1.392,1.525,1.189,1.434,1.675,0.622,0,0
2019-05-30,1.03,1.406,1,1.108,1.675,0.622,0,0
2019-05-31,1.448,1.639,1.144,1.188,1.675,0.622,0,0
2019-06-03,1.019,1.323,1.019,1.165,1.675,0.702,0,0
2019-06-04,0.844,1.027,0.79,0.958,1.675,0.702,0,0
2019-06-05,0.795,1.042,0.795,1.016,1.675,0.789,0,0
2019-06-06,0.927,1.038,0.818,0.853,1.675,0.789,0,0
2019-06-07,0.711,0.871,0.708,0.849,1.675,0.789,0,0
2019-06-10,0.646,0.868,0.616,0.794,1.666,0.708,0,0
2019-06-11,0.688,1.017,0.562,0.972,1.666,0.616,0,0
2019-06-12,1.209,1.209,0.828,1.02,1.666,0.562,0,0
2019-06-13,0.789,0.905,0.632,0.904,1.666,0.562,0,0
2019-06-14,0.93,1.013,0.824,0.987,1.639,0.562,0,0
2019-06-17,0.816,1.017,0.775,1.017,1.639,0.562,0,0
2019-06-18,0.883,0.988,0.872,0.94,1.639,0.562,0,0
2019-06-19,1.756,1.756,0.853,0.876,1.639,0.562,0,0
2019-06-20,1.084,1.084,0.734,0.775,1.756,0.562,0,0
2019-06-21,0.667,0.829,0.577,0.812,1.756,0.562,0,0
2019-06-24,0.784,1.02,0.584,0.803,1.756,0.562,0,0
2019-06-25,0.554,0.993,0.554,0.99,1.756,0.562,0,0
2019-06-26,1.007,1.128,0.906,0.948,1.756,0.554,0,0
2019-06-27,1.062,1.062,0.783,0.887,1.756,0.554,0,0
2019-06-28,0.679,0.897,0.679,0.862,1.756,0.554,0,0
2019-07-01,0.731,0.955,0.717,0.912,1.756,0.554,0,0
2019-07-02,0.948,0.95,0.615,0.887,1.756,0.554,0,0
2019-07-03,0.751,0.87,0.665,0.803,1.756,0.554,0,0
2019-07-05,0.915,1.077,0.901,0.924,1.756,0.554,0,0
2019-07-08,1.183,1.327,0.969,0.976,1.756,0.554,0,0
2019-07-09,1.104,1.173,0.826,0.951,1.756,0.554,0,0
2019-07-10,0.722,0.947,0.623,0.906,1.756,0.554,0,0
2019-07-11,0.701,0.922,0.701,0.885,1.756,0.554,0,0
2019-07-12,0.999,0.999,0.765,0.915,1.756,0.554,0,0
2019-07-15,0.844,1.122,0.821,0.988,1.756,0.554,0,0
2019-07-16,0.935,1.13,0.797,0.957,1.756,0.554,0,0
2019-07-17,1.35,1.35,0.951,1.013,1.756,0.554,0,0
2019-07-18,0.852,0.982,0.806,0.947,1.756,0.554,0,0
2019-07-19,1.018,1.144,0.956,1.104,1.35,0.554,0,0
2019-07-22,0.91,1.002,0.855,1.002,1.35,0.554,0,0
2019-07-23,0.924,1.147,0.571,0.749,1.35,0.554,0,0
2019-07-24,0.84,0.867,0.621,0.742,1.35,0.554,0,0
2019-07-25,0.791,0.883,0.644,0.766,1.35,0.571,0,0
2019-07-26,0.61,0.809,0.399,0.809,1.35,0.571,0,0
2019-07-29,0.784,0.955,0.698,0.817,1.35,0.399,0,0
2019-07-30,0.862,1.078,0.817,1.03,1.35,0.399,0,0
2019-07-31,0.969,1.055,0.859,1.003,1.35,0.399,0,0
2019-08-01,1.154,1.154,0.826,1.063,1.35,0.399,0,0
2019-08-02,1.137,1.246,0.838,1.124,1.35,0.399,0,0
2019-08-05,1.884,1.884,0.952,1.238,1.35,0.399,0,0
2019-08-06,0.902,1.189,0.902,1.118,1.884,0.399,0,0
2019-08-07,1.4,1.429,1.118,1.269,1.884,0.399,0,0
2019-08-08,0.866,1.391,0.866,1.062,1.884,0.399,0,0
2019-08-09,1.223,1.223,0.971,0.997,1.884,0.399,0,0
2019-08-12,1.214,1.376,1.094,1.168,1.884,0.399,0,0
2019-08-13,0.877,0.993,0.75,0.929,1.884,0.399,0,0
2019-08-14,1.36,1.36,1.04,1.277,1.884,0.399,0,0
2019-08-15,1.616,1.782,1.155,1.184,1.884,0.399,0,0
2019-08-16,1.542,1.542,1.076,1.103,1.884,0.399,0,0
2019-08-19,0.887,0.998,0.846,0.95,1.884,0.399,0,0
2019-08-20,0.905,1.259,0.838,0.863,1.884,0.399,0,0
2019-08-21,1.673,1.904,1.082,1.329,1.884,0.399,0,0
2019-08-22,0.607,0.987,0.607,0.966,1.904,0.399,0,0
2019-08-23,0.993,1.205,0.947,1.19,1.904,0.399,0,0
2019-08-26,1.033,1.107,0.987,1.106,1.904,0.607,0,0
2019-08-27,0.612,1.022,0.612,0.962,1.904,0.607,0,0
2019-08-28,1.109,1.495,1.079,1.213,1.904,0.607,0,0
2019-08-29,1.128,1.135,0.955,1.013,1.904,0.607,0,0
2019-08-30,1.189,1.332,1.074,1.253,1.904,0.607,0,0
2019-09-03,1.209,1.336,1.116,1.14,1.904,0.607,0,0
2019-09-04,0.935,1.026,0.791,1.026,1.904,0.607,0,0
2019-09-05,0.814,0.836,0.759,0.832,1.904,0.607,0,0
2019-09-06,0.966,0.966,0.761,0.947,1.904,0.607,0,0
2019-09-09,1.128,1.198,0.913,0.995,1.904,0.607,0,0
2019-09-10,1.011,1.031,0.828,0.847,1.904,0.607,0,0
2019-09-11,0.663,0.784,0.608,0.783,1.904,0.607,0,0
2019-09-12,0.667,0.844,0.566,0.843,1.904,0.607,0,0
2019-09-13,0.898,1.11,0.767,0.931,1.904,0.566,0,0
2019-09-16,0.825,1.348,0.804,1.232,1.904,0.566,0,0
2019-09-17,0.621,0.882,0.621,0.852,1.904,0.566,0,0
2019-09-18,1.81,1.81,0.938,1.056,1.904,0.566,0,0
2019-09-19,1.145,1.431,1.108,1.133,1.904,0.566,0,0
2019-09-20,1.031,1.116,0.897,1.08,1.81,0.566,0,0
2019-09-23,0.977,1.1,0.911,1.059,1.81,0.566,0,0
2019-09-24,1.058,1.223,0.991,1.154,1.81,0.566,0,0
2019-09-25,1.123,1.284,1.064,1.078,1.81,0.566,0,0
2019-09-26,0.843,1.169,0.749,1.04,1.81,0.566,0,0
2019-09-27,1.148,1.148,0.904,1.068,1.81,0.566,0,0
2019-09-30,1.085,1.18,0.952,1.179,1.81,0.566,0,0
2019-10-01,0.718,1.128,0.718,1.093,1.81,0.566,0,0
2019-10-02,1.622,1.642,1.182,1.294,1.81,0.566,0,0
2019-10-03,1.218,1.623,1.055,1.391,1.81,0.566,0,0
2019-10-04,1.018,1.087,0.885,1.068,1.81,0.566,0,0
2019-10-07,1.468,1.521,0.879,1.081,1.81,0.566,0,0
2019-10-08,0.794,1.118,0.794,0.987,1.81,0.566,0,0
2019-10-09,1.104,1.207,0.964,1.082,1.81,0.566,0,0
2019-10-10,1.357,1.469,0.885,1.003,1.81,0.566,0,0
2019-10-11,0.779,0.987,0.779,0.953,1.81,0.621,0,0
2019-10-14,0.847,1.299,0.831,1.182,1.81,0.621,0,0
2019-10-15,1.577,1.577,0.955,1.027,1.81,0.621,0,0
2019-10-16,1.256,1.256,0.758,0.933,1.81,0.718,0,0
2019-10-17,0.837,1.018,0.724,0.916,1.642,0.718,0,0
2019-10-18,1.108,1.139,0.953,0.982,1.642,0.718,0,0
2019-10-21,0.739,1.018,0.739,0.95,1.642,0.718,0,0
2019-10-22,0.93,0.958,0.805,0.958,1.642,0.718,0,0
2019-10-23,0.934,0.956,0.784,0.895,1.642,0.718,0,0
2019-10-24,0.718,0.876,0.679,0.781,1.642,0.718,0,0
2019-10-25,0.892,0.977,0.775,0.843,1.642,0.679,0,0
2019-10-28,0.689,0.823,0.646,0.818,1.642,0.679,0,0
2019-10-29,0.986,0.992,0.771,0.881,1.642,0.646,0,0
2019-10-30,0.881,1.122,0.851,1.033,1.642,0.646,0,0
2019-10-31,1.207,1.277,0.822,1.132,1.623,0.646,0,0
2019-11-01,0.763,0.832,0.662,0.739,1.577,0.646,0,0
2019-11-04,0.522,0.714,0.476,0.655,1.577,0.646,0,0
2019-11-05,0.633,0.888,0.564,0.863,1.577,0.476,0,0
2019-11-06,0.811,0.978,0.704,0.96,1.577,0.476,0,0
2019-11-07,0.611,0.672,0.58,0.659,1.577,0.476,0,0
2019-11-08,0.847,1.051,0.847,0.946,1.577,0.476,0,0
2019-11-11,0.952,0.952,0.698,0.929,1.577,0.476,0,0
2019-11-12,0.704,0.912,0.602,0.882,1.577,0.476,0,0
2019-11-13,0.848,1.1,0.775,1.03,1.277,0.476,0,0
2019-11-14,0.845,0.893,0.618,0.822,1.277,0.476,0,0
2019-11-15,0.668,0.848,0.639,0.826,1.277,0.476,0,0
2019-11-18,0.975,1.034,0.738,0.841,1.277,0.476,0,0
2019-11-19,0.683,1.132,0.683,1.08,1.277,0.476,0,0
2019-11-20,1.511,1.511,0.855,1.025,1.277,0.476,0,0
2019-11-21,1.344,1.546,1.069,1.195,1.511,0.476,0,0
2019-11-22,1.109,1.163,0.879,0.966,1.546,0.476,0,0
2019-11-25,0.754,1.072,0.754,0.946,1.546,0.476,0,0
2019-11-26,0.447,1.27,0.447,1.052,1.546,0.476,0,0
2019-11-27,0.734,0.971,0.647,0.971,1.546,0.447,0,0
2019-11-29,0.98,1.067,0.872,0.982,1.546,0.447,0,0
2019-12-02,1.129,1.129,0.955,1,1.546,0.447,0,0
2019-12-03,1.215,1.416,1.129,1.134,1.546,0.447,0,0
2019-12-04,0.757,1.011,0.753,1.01,1.546,0.447,0,0
2019-12-05,0.875,1.133,0.723,1.103,1.546,0.447,0,0
2019-12-06,0.964,0.985,0.772,0.888,1.546,0.447,0,0
2019-12-09,0.849,1.046,0.737,1.046,1.546,0.447,0,0
2019-12-10,0.821,1.204,0.8,0.912,1.546,0.447,0,0
2019-12-11,0.927,1.08,0.837,0.999,1.546,0.447,0,0
2019-12-12,0.926,0.943,0.701,0.712,1.546,0.447,0,0
2019-12-13,0.945,1.121,0.721,1.112,1.546,0.447,0,0
2019-12-16,1.63,1.63,0.848,0.886,1.546,0.447,0,0
2019-12-17,0.645,0.665,0.515,0.655,1.63,0.447,0,0
2019-12-18,1.186,1.412,0.945,1.028,1.63,0.447,0,0
2019-12-19,0.638,0.865,0.59,0.787,1.63,0.447,0,0
2019-12-20,0.604,0.905,0.596,0.793,1.63,0.447,0,0
2019-12-23,0.534,0.809,0.525,0.799,1.63,0.447,0,0
2019-12-24,0.627,0.825,0.627,0.813,1.63,0.447,0,0
2019-12-26,0.626,0.906,0.626,0.788,1.63,0.447,0,0
2019-12-27,0.843,0.907,0.767,0.87,1.63,0.515,0,0
2019-12-30,0.938,1.375,0.87,0.897,1.63,0.515,0,0
2019-12-31,0.956,1.171,0.938,0.984,1.63,0.515,0,0
2020-01-02,0.683,0.847,0.647,0.804,1.63,0.515,0,0
2020-01-03,0.814,0.898,0.777,0.873,1.63,0.515,0,0
2020-01-06,0.963,1.065,0.802,0.841,1.63,0.515,0,0
2020-01-07,0.776,0.944,0.618,0.836,1.63,0.515,0,0
2020-01-08,0.567,1.111,0.557,0.774,1.63,0.515,0,0
2020-01-09,0.6,0.667,0.422,0.667,1.63,0.515,0,0
2020-01-10,0.806,0.877,0.645,0.877,1.63,0.422,0,0
2020-01-13,0.74,0.773,0.662,0.772,1.63,0.422,0,0
2020-01-14,0.698,0.767,0.621,0.764,1.63,0.422,0,0
2020-01-15,0.673,0.763,0.608,0.763,1.63,0.422,0,0
2020-01-16,0.844,0.844,0.623,0.689,1.412,0.422,0,0
2020-01-17,0.652,0.709,0.482,0.672,1.412,0.422,0,0
2020-01-21,0.766,0.912,0.698,0.835,1.375,0.422,0,0
2020-01-22,0.874,0.887,0.675,0.852,1.375,0.422,0,0
2020-01-23,1.036,1.036,0.706,0.768,1.375,0.422,0,0
2020-01-24,0.643,1.101,0.621,1.101,1.375,0.422,0,0
2020-01-27,1.117,1.264,0.998,1.027,1.375,0.422,0,0
2020-01-28,0.538,0.817,0.538,0.796,1.375,0.422,0,0
2020-01-29,0.758,0.856,0.596,0.854,1.375,0.422,0,0
2020-01-30,0.922,1.042,0.837,0.866,1.264,0.422,0,0
2020-01-31,0.864,1.164,0.85,1.097,1.264,0.422,0,0
2020-02-03,0.738,0.908,0.654,0.729,1.264,0.422,0,0
2020-02-04,0.647,0.831,0.647,0.831,1.264,0.422,0,0
2020-02-05,0.743,0.969,0.709,0.966,1.264,0.422,0,0
2020-02-06,0.774,0.877,0.619,0.723,1.264,0.422,0,0
2020-02-07,0.888,1.022,0.878,0.977,1.264,0.422,0,0
2020-02-10,0.702,0.863,0.689,0.861,1.264,0.482,0,0
2020-02-11,0.556,0.751,0.46,0.748,1.264,0.482,0,0
2020-02-12,0.488,0.72,0.418,0.717,1.264,0.46,0,0
2020-02-13,0.872,0.884,0.736,0.816,1.264,0.418,0,0
2020-02-14,0.785,0.837,0.663,0.836,1.264,0.418,0,0
2020-02-18,0.724,0.796,0.452,0.795,1.264,0.418,0,0
2020-02-19,1.153,1.153,0.748,0.831,1.264,0.418,0,0
2020-02-20,0.51,0.848,0.445,0.848,1.264,0.418,0,0
2020-02-21,0.822,1.103,0.822,1.102,1.264,0.418,0,0
2020-02-24,1.393,1.483,0.988,1.093,1.264,0.418,0,0
2020-02-25,0.833,1.404,0.833,1.347,1.483,0.418,0,0
2020-02-26,1.202,1.267,1.093,1.253,1.483,0.418,0,0
2020-02-27,1.284,1.433,1.235,1.348,1.483,0.418,0,0
2020-02-28,1.36,1.412,1.265,1.276,1.483,0.418,0,0
2020-03-02,1.348,1.421,1.19,1.288,1.483,0.418,0,0
2020-03-03,0.869,1.035,0.75,0.811,1.483,0.418,0,0
2020-03-04,0.827,2.102,0.808,1.259,1.483,0.418,0,0
2020-03-05,0.737,0.94,0.72,0.876,2.102,0.418,0,0
2020-03-06,1.015,1.241,1.015,1.206,2.102,0.418,0,0
2020-03-09,0.934,2.471,0.934,1.836,2.102,0.418,0,0
2020-03-10,0.925,1.208,0.898,1.207,2.471,0.418,0,0
2020-03-11,1.525,1.647,0.901,1.361,2.471,0.418,0,0
2020-03-12,1.498,1.845,1.32,1.457,2.471,0.418,0,0
2020-03-13,1.537,1.537,1.087,1.272,2.471,0.445,0,0
2020-03-16,1.064,1.524,1.064,1.275,2.471,0.445,0,0
2020-03-17,0.986,1.056,0.81,1.015,2.471,0.445,0,0
2020-03-18,1.238,3.149,1.238,1.335,2.471,0.445,0,0
2020-03-19,1.098,1.25,1.098,1.117,3.149,0.445,0,0
2020-03-20,1.091,1.321,0.967,1.229,3.149,0.72,0,0
2020-03-23,1.154,1.245,0.932,1.114,3.149,0.72,0,0
2020-03-24,1.035,1.044,0.834,0.887,3.149,0.72,0,0
2020-03-25,0.804,0.959,0.721,0.953,3.149,0.72,0,0
2020-03-26,0.939,1.014,0.781,0.978,3.149,0.72,0,0
2020-03-27,1.023,1.083,0.959,1.076,3.149,0.72,0,0
2020-03-30,0.836,1.15,0.828,1.1,3.149,0.72,0,0
2020-03-31,1.413,1.419,1.146,1.166,3.149,0.72,0,0
2020-04-01,1.171,1.222,1.125,1.203,3.149,0.72,0,0
2020-04-02,2.087,2.087,1.208,1.211,3.149,0.72,0,0
2020-04-03,0.769,1.096,0.658,1.096,3.149,0.721,0,0
2020-04-06,0.92,0.977,0.872,0.972,3.149,0.658,0,0
2020-04-07,0.642,0.958,0.63,0.957,3.149,0.658,0,0
2020-04-08,1.128,1.128,0.974,1.042,3.149,0.63,0,0
2020-04-09,0.799,1.022,0.77,0.995,3.149,0.63,0,0
2020-04-13,0.921,0.972,0.84,0.921,3.149,0.63,0,0
2020-04-14,0.73,1.034,0.709,0.996,3.149,0.63,0,0
2020-04-15,0.895,1.035,0.791,0.997,3.149,0.63,0,0
2020-04-16,0.816,1.006,0.803,0.9,3.149,0.63,0,0
2020-04-17,0.892,0.949,0.721,0.915,2.087,0.63,0,0
2020-04-20,0.778,0.936,0.755,0.936,2.087,0.63,0,0
2020-04-21,0.862,1.192,0.823,1.101,2.087,0.63,0,0
2020-04-22,0.714,1.087,0.713,0.915,2.087,0.63,0,0
2020-04-23,0.853,0.879,0.733,0.877,2.087,0.63,0,0
2020-04-24,0.885,1.096,0.873,1.018,2.087,0.63,0,0
2020-04-27,0.855,1.061,0.821,1.057,2.087,0.63,0,0
2020-04-28,0.926,0.998,0.893,0.971,2.087,0.63,0,0
2020-04-29,0.898,1.035,0.868,1.035,2.087,0.63,0,0
2020-04-30,0.791,1.019,0.791,0.975,2.087,0.63,0,0
2020-05-01,1.057,1.19,1.057,1.176,2.087,0.63,0,0
2020-05-04,1.033,1.042,0.932,0.968,1.192,0.63,0,0
2020-05-05,0.85,0.979,0.835,0.9,1.192,0.63,0,0
2020-05-06,0.739,0.889,0.739,0.871,1.192,0.63,0,0
2020-05-07,0.575,0.83,0.575,0.829,1.192,0.709,0,0
2020-05-08,0.861,0.888,0.765,0.864,1.192,0.575,0,0
2020-05-11,0.773,0.86,0.729,0.86,1.192,0.575,0,0
2020-05-12,0.876,1.004,0.809,0.879,1.192,0.575,0,0
2020-05-13,0.858,1.21,0.854,1.181,1.192,0.575,0,0
2020-05-14,1.06,1.152,0.919,0.95,1.21,0.575,0,0
2020-05-15,0.773,0.808,0.564,0.808,1.21,0.575,0,0
2020-05-18,0.644,0.725,0.644,0.725,1.21,0.564,0,0
2020-05-19,0.471,0.742,0.461,0.72,1.21,0.564,0,0
2020-05-20,0.681,0.814,0.642,0.813,1.21,0.461,0,0
2020-05-21,0.566,0.861,0.552,0.859,1.21,0.461,0,0
2020-05-22,0.79,0.925,0.774,0.839,1.21,0.461,0,0
2020-05-26,0.613,0.812,0.553,0.812,1.21,0.461,0,0
2020-05-27,0.688,0.911,0.681,0.863,1.21,0.461,0,0
2020-05-28,0.639,0.858,0.639,0.857,1.21,0.461,0,0
2020-05-29,0.816,0.989,0.789,0.938,1.21,0.461,0,0
2020-06-01,0.889,0.889,0.741,0.841,1.21,0.461,0,0
2020-06-02,0.627,0.808,0.615,0.808,1.21,0.461,0,0
2020-06-03,0.658,0.694,0.635,0.693,1.21,0.461,0,0
2020-06-04,0.604,0.756,0.604,0.742,1.21,0.461,0,0
2020-06-05,0.492,0.659,0.491,0.655,1.21,0.461,0,0
2020-06-08,0.474,0.605,0.474,0.604,1.21,0.461,0,0
2020-06-09,0.547,0.697,0.545,0.697,1.21,0.461,0,0
2020-06-10,0.63,0.755,0.618,0.701,1.21,0.461,0,0
2020-06-11,0.836,1.034,0.773,1.007,1.21,0.461,0,0
2020-06-12,0.663,1.025,0.662,0.974,1.152,0.461,0,0
2020-06-15,0.906,0.937,0.816,0.881,1.034,0.461,0,0
2020-06-16,0.583,0.797,0.568,0.767,1.034,0.461,0,0
2020-06-17,0.809,0.836,0.638,0.771,1.034,0.461,0,0
2020-06-18,0.802,0.875,0.745,0.874,1.034,0.474,0,0
2020-06-19,0.69,0.936,0.69,0.93,1.034,0.474,0,0
2020-06-22,0.624,0.804,0.623,0.802,1.034,0.474,0,0
2020-06-23,0.657,0.784,0.648,0.783,1.034,0.474,0,0
2020-06-24,0.736,0.997,0.721,0.997,1.034,0.474,0,0
2020-06-25,0.809,0.963,0.782,0.894,1.034,0.474,0,0
2020-06-26,0.792,1.07,0.792,1.07,1.034,0.474,0,0
2020-06-29,0.957,1.121,0.952,0.968,1.07,0.474,0,0
2020-06-30,0.828,0.883,0.766,0.883,1.121,0.474,0,0
2020-07-01,0.808,0.843,0.726,0.842,1.121,0.474,0,0
2020-07-02,0.729,0.875,0.723,0.875,1.121,0.474,0,0
2020-07-06,0.629,0.737,0.595,0.737,1.121,0.474,0,0
2020-07-07,0.585,0.905,0.54,0.84,1.121,0.474,0,0
2020-07-08,0.523,0.786,0.523,0.772,1.121,0.54,0,0
2020-07-09,0.501,0.782,0.501,0.782,1.121,0.523,0,0
2020-07-10,0.632,0.848,0.63,0.833,1.121,0.501,0,0
2020-07-13,0.549,0.775,0.539,0.775,1.121,0.501,0,0
2020-07-14,1.232,1.232,0.838,0.849,1.121,0.501,0,0
2020-07-15,0.537,0.624,0.51,0.624,1.232,0.501,0,0
2020-07-16,0.56,0.717,0.56,0.717,1.232,0.501,0,0
2020-07-17,0.566,0.771,0.562,0.746,1.232,0.501,0,0
2020-07-20,0.571,0.792,0.551,0.783,1.232,0.501,0,0
2020-07-21,0.503,0.711,0.488,0.711,1.232,0.501,0,0
2020-07-22,0.696,0.78,0.625,0.755,1.232,0.488,0,0
2020-07-23,0.512,0.774,0.512,0.774,1.232,0.488,0,0
2020-07-24,0.852,0.934,0.805,0.908,1.232,0.488,0,0
2020-07-27,0.449,0.637,0.446,0.637,1.232,0.488,0,0
2020-07-28,0.493,0.832,0.47,0.831,1.232,0.446,0,0
2020-07-29,0.622,0.733,0.622,0.731,1.232,0.446,0,0
2020-07-30,0.603,0.776,0.592,0.767,1.232,0.446,0,0
2020-07-31,0.722,0.838,0.684,0.823,1.232,0.446,0,0
2020-08-03,0.605,0.674,0.575,0.674,1.232,0.446,0,0
2020-08-04,0.482,0.76,0.482,0.744,1.232,0.446,0,0
2020-08-05,0.513,0.833,0.508,0.681,1.232,0.446,0,0
2020-08-06,0.491,0.61,0.478,0.61,1.232,0.446,0,0
2020-08-07,0.629,0.73,0.503,0.73,1.232,0.446,0,0
2020-08-10,0.48,0.668,0.48,0.667,1.232,0.446,0,0
2020-08-11,0.413,0.705,0.412,0.705,1.232,0.446,0,0
2020-08-12,0.656,0.775,0.644,0.775,0.934,0.412,0,0
2020-08-13,0.614,0.69,0.473,0.687,0.934,0.412,0,0
2020-08-14,0.617,0.781,0.593,0.78,0.934,0.412,0,0
2020-08-17,0.653,0.751,0.59,0.75,0.934,0.412,0,0
2020-08-18,0.494,0.714,0.486,0.714,0.934,0.412,0,0
2020-08-19,0.726,0.762,0.598,0.761,0.934,0.412,0,0
2020-08-20,0.815,0.815,0.721,0.751,0.934,0.412,0,0
2020-08-21,0.651,0.717,0.575,0.717,0.934,0.412,0,0
2020-08-24,0.541,0.769,0.536,0.767,0.838,0.412,0,0
2020-08-25,0.396,0.623,0.395,0.623,0.838,0.412,0,0
2020-08-26,0.539,0.654,0.539,0.648,0.838,0.395,0,0
2020-08-27,0.571,0.628,0.488,0.628,0.838,0.395,0,0
2020-08-28,0.494,0.716,0.468,0.716,0.838,0.395,0,0
2020-08-31,1.058,1.058,0.73,0.791,0.833,0.395,0,0
2020-09-01,0.558,0.658,0.541,0.621,1.058,0.395,0,0
2020-09-02,0.64,0.759,0.521,0.742,1.058,0.395,0,0
2020-09-03,0.66,1.04,0.555,0.951,1.058,0.395,0,0
2020-09-04,0.84,1.117,0.756,1.033,1.058,0.395,0,0
2020-09-08,0.814,0.923,0.796,0.895,1.117,0.395,0,0
2020-09-09,0.747,0.854,0.741,0.838,1.117,0.395,0,0
2020-09-10,0.726,0.821,0.6,0.821,1.117,0.395,0,0
2020-09-11,0.948,1.005,0.757,1.005,1.117,0.395,0,0
2020-09-14,0.775,0.828,0.729,0.827,1.117,0.395,0,0
2020-09-15,0.603,0.741,0.596,0.697,1.117,0.395,0,0
2020-09-16,0.977,0.977,0.718,0.802,1.117,0.395,0,0
2020-09-17,0.915,0.962,0.861,0.956,1.117,0.395,0,0
2020-09-18,0.738,0.969,0.732,0.942,1.117,0.395,0,0
2020-09-21,0.876,1.057,0.867,0.968,1.117,0.395,0,0
2020-09-22,0.576,0.878,0.576,0.874,1.117,0.395,0,0
2020-09-23,0.611,0.898,0.581,0.897,1.117,0.395,0,0
2020-09-24,1.058,1.099,0.955,1.01,1.117,0.468,0,0
2020-09-25,0.742,0.906,0.563,0.882,1.117,0.468,0,0
2020-09-28,0.581,0.781,0.581,0.781,1.117,0.468,0,0
2020-09-29,0.544,0.814,0.544,0.801,1.117,0.521,0,0
2020-09-30,0.707,0.83,0.701,0.828,1.117,0.521,0,0
2020-10-01,0.66,0.906,0.66,0.788,1.117,0.521,0,0
2020-10-02,0.758,0.901,0.718,0.901,1.117,0.544,0,0
2020-10-05,0.616,0.799,0.616,0.79,1.117,0.544,0,0
2020-10-06,0.647,0.847,0.563,0.847,1.099,0.544,0,0
2020-10-07,0.663,0.795,0.659,0.764,1.099,0.544,0,0
2020-10-08,0.82,0.898,0.733,0.801,1.099,0.544,0,0
2020-10-09,0.774,0.88,0.742,0.858,1.099,0.544,0,0
2020-10-12,0.635,0.729,0.63,0.655,1.099,0.544,0,0
2020-10-13,0.429,0.763,0.429,0.761,1.099,0.544,0,0
2020-10-14,0.509,0.711,0.509,0.71,1.099,0.429,0,0
2020-10-15,0.732,0.826,0.708,0.764,1.099,0.429,0,0
2020-10-16,0.64,1.129,0.64,0.878,1.099,0.429,0,0
2020-10-19,0.543,0.818,0.521,0.818,1.129,0.429,0,0
2020-10-20,0.635,0.801,0.615,0.801,1.129,0.429,0,0
2020-10-21,1.229,1.229,0.866,0.892,1.129,0.429,0,0
2020-10-22,0.637,0.907,0.637,0.808,1.229,0.429,0,0
2020-10-23,0.615,0.842,0.542,0.842,1.229,0.429,0,0
2020-10-26,0.798,1.112,0.763,1.112,1.229,0.429,0,0
2020-10-27,0.651,0.947,0.63,0.797,1.229,0.429,0,0
2020-10-28,1.013,1.182,1,1.118,1.229,0.429,0,0
2020-10-29,1.021,1.068,0.866,0.91,1.229,0.429,0,0
2020-10-30,0.717,1.086,0.717,1.034,1.229,0.429,0,0
2020-11-02,0.601,0.988,0.596,0.986,1.229,0.429,0,0
2020-11-03,0.916,1.132,0.731,1.044,1.229,0.429,0,0
2020-11-04,0.729,0.996,0.719,0.982,1.229,0.429,0,0
2020-11-05,0.756,0.876,0.742,0.801,1.229,0.429,0,0
2020-11-06,0.672,0.864,0.59,0.863,1.229,0.429,0,0
2020-11-09,0.509,0.749,0.484,0.749,1.229,0.429,0,0
2020-11-10,0.65,0.848,0.65,0.845,1.229,0.429,0,0
2020-11-11,0.752,1.099,0.707,1.022,1.229,0.484,0,0
2020-11-12,0.64,0.984,0.64,0.934,1.229,0.484,0,0
2020-11-13,0.785,0.806,0.685,0.804,1.229,0.484,0,0
2020-11-16,0.51,0.735,0.494,0.733,1.229,0.484,0,0
2020-11-17,0.758,0.914,0.676,0.87,1.229,0.484,0,0
2020-11-18,0.668,0.757,0.622,0.735,1.229,0.484,0,0
2020-11-19,0.715,0.752,0.62,0.751,1.182,0.484,0,0
2020-11-20,0.551,0.727,0.551,0.724,1.182,0.484,0,0
2020-11-23,0.58,0.671,0.58,0.67,1.182,0.484,0,0
2020-11-24,0.565,0.647,0.514,0.647,1.182,0.484,0,0
2020-11-25,0.502,0.718,0.492,0.718,1.182,0.484,0,0
2020-11-27,0.535,0.743,0.535,0.743,1.132,0.484,0,0
2020-11-30,0.502,0.803,0.49,0.802,1.132,0.484,0,0
2020-12-01,0.458,0.654,0.458,0.653,1.132,0.484,0,0
2020-12-02,0.529,0.685,0.434,0.684,1.132,0.458,0,0
2020-12-03,0.513,0.731,0.503,0.656,1.099,0.434,0,0
2020-12-04,0.744,0.789,0.63,0.686,1.099,0.434,0,0
2020-12-07,0.539,0.652,0.492,0.652,1.099,0.434,0,0
2020-12-08,0.61,0.655,0.528,0.655,1.099,0.434,0,0
2020-12-09,0.779,0.856,0.664,0.847,1.099,0.434,0,0
2020-12-10,0.75,0.828,0.625,0.708,1.099,0.434,0,0
2020-12-11,0.642,0.985,0.632,0.975,0.984,0.434,0,0
2020-12-14,0.467,0.815,0.455,0.814,0.985,0.434,0,0
2020-12-15,0.457,0.936,0.451,0.919,0.985,0.434,0,0
2020-12-16,0.874,0.874,0.712,0.785,0.985,0.434,0,0
2020-12-17,0.609,0.726,0.56,0.692,0.985,0.434,0,0
2020-12-18,0.78,0.784,0.681,0.762,0.985,0.434,0,0
2020-12-21,0.714,0.847,0.689,0.784,0.985,0.434,0,0
2020-12-22,0.479,0.609,0.475,0.607,0.985,0.434,0,0
2020-12-23,0.69,0.829,0.666,0.795,0.985,0.434,0,0
2020-12-24,0.645,0.818,0.643,0.818,0.985,0.434,0,0
2020-12-28,0.606,0.719,0.554,0.718,0.985,0.434,0,0
2020-12-29,0.539,0.799,0.536,0.783,0.985,0.434,0,0
2020-12-30,0.698,0.825,0.684,0.819,0.985,0.434,0,0
2020-12-31,0.745,0.967,0.703,0.857,0.985,0.434,0,0
2021-01-04,0.691,0.905,0.626,0.87,0.985,0.451,0,0
2021-01-05,0.651,0.719,0.564,0.716,0.985,0.451,0,0
2021-01-06,0.666,0.809,0.626,0.784,0.985,0.451,0,0
2021-01-07,0.649,0.686,0.574,0.679,0.985,0.451,0,0
2021-01-08,0.686,0.734,0.578,0.734,0.985,0.451,0,0
2021-01-11,0.736,0.797,0.689,0.797,0.985,0.451,0,0
2021-01-12,0.584,0.701,0.564,0.695,0.985,0.451,0,0
2021-01-13,0.462,0.955,0.445,0.859,0.967,0.451,0,0
2021-01-14,0.417,0.922,0.417,0.665,0.967,0.445,0,0
2021-01-15,0.51,0.824,0.504,0.824,0.967,0.417,0,0
2021-01-19,0.667,0.714,0.607,0.714,0.967,0.417,0,0
2021-01-20,0.729,0.797,0.687,0.713,0.967,0.417,0,0
2021-01-21,0.518,0.747,0.515,0.747,0.967,0.417,0,0
2021-01-22,0.588,0.632,0.548,0.632,0.967,0.417,0,0
2021-01-25,0.547,0.729,0.54,0.728,0.967,0.417,0,0
2021-01-26,0.578,0.726,0.574,0.715,0.967,0.417,0,0
2021-01-27,0.757,0.757,0.633,0.736,0.967,0.417,0,0
2021-01-28,0.51,0.763,0.51,0.763,0.967,0.417,0,0
2021-01-29,0.734,0.938,0.726,0.937,0.967,0.417,0,0
2021-02-01,0.494,0.815,0.494,0.772,0.967,0.417,0,0
2021-02-02,0.586,0.785,0.581,0.785,0.955,0.417,0,0
2021-02-03,0.684,0.868,0.623,0.855,0.955,0.417,0,0
2021-02-04,0.73,0.756,0.617,0.732,0.955,0.417,0,0
2021-02-05,0.625,0.755,0.609,0.755,0.955,0.417,0,0
2021-02-08,0.637,0.695,0.619,0.695,0.955,0.417,0,0
2021-02-09,0.504,0.672,0.504,0.668,0.955,0.417,0,0
2021-02-10,0.505,0.798,0.499,0.758,0.955,0.417,0,0
2021-02-11,0.462,0.734,0.462,0.734,0.955,0.417,0,0
2021-02-12,0.568,0.945,0.566,0.824,0.938,0.417,0,0
2021-02-16,0.584,0.784,0.563,0.779,0.945,0.462,0,0
2021-02-17,0.636,0.74,0.601,0.718,0.945,0.462,0,0
2021-02-18,0.657,0.921,0.647,0.827,0.945,0.462,0,0
2021-02-19,0.681,0.767,0.626,0.767,0.945,0.462,0,0
2021-02-22,0.552,0.688,0.509,0.686,0.945,0.462,0,0
2021-02-23,0.671,0.795,0.647,0.755,0.945,0.462,0,0
2021-02-24,0.763,0.776,0.611,0.696,0.945,0.462,0,0
2021-02-25,0.442,0.81,0.434,0.81,0.945,0.462,0,0
2021-02-26,0.777,1.057,0.777,0.931,0.945,0.434,0,0
2021-03-01,0.715,1.072,0.688,0.969,1.057,0.434,0,0
2021-03-02,0.621,0.853,0.616,0.774,1.072,0.434,0,0
2021-03-03,0.738,0.831,0.67,0.828,1.072,0.434,0,0
2021-03-04,0.607,0.899,0.607,0.899,1.072,0.434,0,0
2021-03-05,1.104,1.111,0.925,0.964,1.072,0.434,0,0
2021-03-08,0.647,0.788,0.606,0.788,1.111,0.434,0,0
2021-03-09,0.734,0.996,0.683,0.934,1.111,0.434,0,0
2021-03-10,0.702,0.738,0.601,0.729,1.111,0.434,0,0
2021-03-11,0.771,0.774,0.651,0.737,1.111,0.434,0,0
2021-03-12,0.706,0.789,0.706,0.774,1.111,0.434,0,0
2021-03-15,0.573,0.761,0.492,0.761,1.111,0.434,0,0
2021-03-16,0.698,1.044,0.698,0.894,1.111,0.434,0,0
2021-03-17,0.804,0.806,0.726,0.736,1.111,0.434,0,0
2021-03-18,0.659,0.75,0.566,0.75,1.111,0.434,0,0
2021-03-19,0.789,0.877,0.787,0.853,1.111,0.434,0,0
2021-03-22,0.537,0.745,0.534,0.744,1.111,0.434,0,0
2021-03-23,0.493,0.833,0.488,0.821,1.111,0.434,0,0
2021-03-24,0.668,0.895,0.641,0.889,1.111,0.434,0,0
2021-03-25,0.854,0.959,0.79,0.881,1.111,0.434,0,0
2021-03-26,0.778,0.92,0.76,0.889,1.111,0.488,0,0
2021-03-29,0.654,0.899,0.654,0.86,1.111,0.488,0,0
2021-03-30,0.786,1.005,0.74,0.775,1.111,0.488,0,0
2021-03-31,0.611,0.784,0.609,0.746,1.111,0.488,0,0
2021-04-01,0.578,0.719,0.575,0.715,1.111,0.488,0,0
2021-04-05,0.604,0.694,0.573,0.694,1.111,0.488,0,0
2021-04-06,0.56,0.674,0.464,0.674,1.044,0.488,0,0
2021-04-07,0.636,0.838,0.63,0.804,1.044,0.464,0,0
2021-04-08,0.748,0.811,0.532,0.722,1.044,0.464,0,0
2021-04-09,0.726,0.806,0.691,0.75,1.044,0.464,0,0
2021-04-12,0.659,0.736,0.595,0.736,1.044,0.464,0,0
2021-04-13,0.601,0.722,0.601,0.686,1.044,0.464,0,0
2021-04-14,0.59,0.794,0.569,0.788,1.044,0.464,0,0
2021-04-15,0.5,0.773,0.5,0.766,1.005,0.464,0,0
2021-04-16,0.649,0.802,0.639,0.797,1.005,0.464,0,0
2021-04-19,0.644,0.897,0.618,0.884,1.005,0.464,0,0
2021-04-20,0.752,0.84,0.646,0.799,1.005,0.464,0,0
2021-04-21,0.901,0.909,0.691,0.714,1.005,0.464,0,0
2021-04-22,0.482,0.802,0.479,0.801,1.005,0.464,0,0
2021-04-23,0.94,0.987,0.746,0.799,1.005,0.464,0,0
2021-04-26,0.661,0.685,0.548,0.657,1.005,0.464,0,0
2021-04-27,0.447,0.691,0.447,0.683,1.005,0.464,0,0
2021-04-28,0.566,0.817,0.53,0.815,1.005,0.447,0,0
2021-04-29,0.581,0.739,0.57,0.712,0.987,0.447,0,0
2021-04-30,0.922,0.977,0.84,0.957,0.987,0.447,0,0
2021-05-03,0.725,0.857,0.704,0.761,0.987,0.447,0,0
2021-05-04,0.869,0.91,0.799,0.862,0.987,0.447,0,0
2021-05-05,0.708,0.887,0.688,0.886,0.987,0.447,0,0
2021-05-06,0.697,0.956,0.697,0.877,0.987,0.447,0,0
2021-05-07,0.849,0.863,0.743,0.859,0.987,0.447,0,0
2021-05-10,0.753,0.907,0.668,0.906,0.987,0.447,0,0
2021-05-11,0.755,1.034,0.651,0.99,0.987,0.447,0,0
2021-05-12,1.045,1.061,0.895,1.004,1.034,0.447,0,0
2021-05-13,0.813,1.022,0.81,1.001,1.061,0.447,0,0
2021-05-14,0.853,0.935,0.818,0.904,1.061,0.447,0,0
2021-05-17,0.73,0.923,0.713,0.923,1.061,0.447,0,0
2021-05-18,0.7,0.854,0.7,0.854,1.061,0.447,0,0
2021-05-19,1.298,1.317,1.047,1.072,1.061,0.447,0,0
2021-05-20,0.798,0.848,0.723,0.848,1.317,0.447,0,0
2021-05-21,0.725,0.895,0.703,0.856,1.317,0.447,0,0
2021-05-24,0.782,0.831,0.72,0.82,1.317,0.447,0,0
2021-05-25,0.74,0.831,0.715,0.831,1.317,0.447,0,0
2021-05-26,0.745,0.819,0.651,0.76,1.317,0.53,0,0
2021-05-27,0.524,0.715,0.524,0.715,1.317,0.57,0,0
2021-05-28,0.602,0.757,0.602,0.74,1.317,0.524,0,0
2021-06-01,0.599,0.664,0.583,0.661,1.317,0.524,0,0
2021-06-02,0.586,0.803,0.586,0.696,1.317,0.524,0,0
2021-06-03,0.531,0.679,0.531,0.672,1.317,0.524,0,0
2021-06-04,0.674,0.894,0.576,0.854,1.317,0.524,0,0
2021-06-07,0.687,0.76,0.619,0.69,1.317,0.524,0,0
2021-06-08,0.456,0.658,0.451,0.658,1.317,0.524,0,0
2021-06-09,0.539,0.659,0.526,0.659,1.317,0.451,0,0
2021-06-10,0.959,0.967,0.708,0.79,1.317,0.451,0,0
2021-06-11,0.885,1.04,0.792,0.848,1.317,0.451,0,0
2021-06-14,0.633,0.758,0.624,0.72,1.317,0.451,0,0
2021-06-15,0.585,0.743,0.585,0.723,1.317,0.451,0,0
2021-06-16,0.816,0.986,0.766,0.986,1.317,0.451,0,0
2021-06-17,0.557,0.865,0.557,0.852,1.317,0.451,0,0
2021-06-18,0.843,0.953,0.817,0.937,1.04,0.451,0,0
2021-06-21,0.752,0.83,0.704,0.829,1.04,0.451,0,0
2021-06-22,0.647,0.802,0.62,0.789,1.04,0.451,0,0
2021-06-23,0.506,0.701,0.506,0.701,1.04,0.451,0,0
2021-06-24,0.529,0.711,0.527,0.682,1.04,0.451,0,0
2021-06-25,0.47,0.731,0.463,0.731,1.04,0.451,0,0
2021-06-28,0.53,0.756,0.529,0.756,1.04,0.451,0,0
2021-06-29,0.547,0.672,0.52,0.672,1.04,0.451,0,0
2021-06-30,0.609,0.785,0.593,0.749,1.04,0.451,0,0
2021-07-01,0.453,0.657,0.36,0.656,1.04,0.451,0,0
2021-07-02,0.68,0.787,0.648,0.787,1.04,0.36,0,0
2021-07-06,0.749,0.909,0.743,0.894,1.04,0.36,0,0
2021-07-07,0.8,0.897,0.743,0.843,1.04,0.36,0,0
2021-07-08,0.928,1.046,0.808,0.862,1.04,0.36,0,0
2021-07-09,0.73,0.916,0.717,0.877,1.046,0.36,0,0
2021-07-12,0.586,0.893,0.586,0.893,1.046,0.36,0,0
2021-07-13,0.742,0.823,0.529,0.823,1.046,0.36,0,0
2021-07-14,0.756,0.826,0.716,0.813,1.046,0.36,0,0
2021-07-15,0.789,0.9,0.743,0.899,1.046,0.36,0,0
2021-07-16,0.901,1.038,0.858,1.037,1.046,0.36,0,0
2021-07-19,1.112,1.197,0.937,1.023,1.046,0.36,0,0
2021-07-20,0.676514,0.781798,0.571073,0.780063,1.197,0.36,0,0
2021-07-21,0.840214,0.872696,0.743893,0.872696,1.197,0.36,0,0
2021-07-22,0.61996,0.89026,0.61996,0.89026,1.197,0.36,0,0
2021-07-23,0.789709,0.920575,0.789709,0.900917,1.197,0.36,0,0
2021-07-26,0.820416,0.951695,0.787007,0.872318,1.197,0.36,0,0
2021-07-27,0.857658,1.097777,0.855302,1.002057,1.197,0.36,0,0
2021-07-28,0.73533,0.806022,0.661979,0.806022,1.197,0.36,0,0
2021-07-29,0.545773,0.697616,0.521551,0.697569,1.197,0.36,0,0
2021-07-30,0.783708,0.801689,0.655993,0.801689,1.197,0.36,0,0
2021-08-02,0.687942,0.906855,0.663758,0.906763,1.197,0.521551,0,0
2021-08-03,0.657667,0.777512,0.644521,0.768411,1.197,0.521551,0,0
2021-08-04,0.770185,0.84542,0.694024,0.84542,1.197,0.521551,0,0
2021-08-05,0.634128,0.833759,0.602494,0.833701,1.197,0.521551,0,0
2021-08-06,0.700424,0.950853,0.694574,0.949834,1.197,0.521551,0,0
2021-08-09,0.783185,0.874379,0.783185,0.874379,1.197,0.521551,0,0
2021-08-10,0.514569,0.74228,0.514569,0.731499,1.197,0.521551,0,0
2021-08-11,0.740017,0.991177,0.711636,0.98595,1.197,0.514569,0,0
2021-08-12,0.647144,0.932259,0.647144,0.893063,1.197,0.514569,0,0
2021-08-13,0.811899,0.951846,0.802585,0.939122,1.197,0.514569,0,0
2021-08-16,0.77532,0.894265,0.77532,0.878084,1.197,0.514569,0,0
2021-08-17,0.883909,0.987769,0.811146,0.930615,1.097777,0.514569,0,0
2021-08-18,1.164879,1.164879,0.858375,0.9216,1.097777,0.514569,0,0
2021-08-19,0.86505,1.084811,0.826633,1.041906,1.164879,0.514569,0,0
2021-08-20,0.925285,0.966677,0.801638,0.965586,1.164879,0.514569,0,0
2021-08-23,0.634963,0.830782,0.606347,0.829866,1.164879,0.514569,0,0
2021-08-24,0.435413,0.703431,0.435413,0.690913,1.164879,0.514569,0,0
2021-08-25,0.597096,0.811754,0.595573,0.811665,1.164879,0.435413,0,0
2021-08-26,0.764749,0.889931,0.715479,0.866944,1.164879,0.435413,0,0
2021-08-27,0.77492,0.961895,0.753661,0.877554,1.164879,0.435413,0,0
2021-08-30,0.670996,0.814512,0.651426,0.786084,1.164879,0.435413,0,0
2021-08-31,0.774912,0.951044,0.762915,0.90207,1.164879,0.435413,0,0
2021-09-01,0.71279,0.823266,0.698329,0.823266,1.164879,0.435413,0,0
2021-09-02,0.662199,0.696468,0.608467,0.687635,1.164879,0.435413,0,0
2021-09-03,0.836859,0.894185,0.776752,0.894155,1.164879,0.435413,0,0
2021-09-07,0.643252,0.892035,0.643252,0.887781,1.164879,0.435413,0,0
2021-09-08,0.742166,0.881159,0.690548,0.872542,1.164879,0.435413,0,0
2021-09-09,0.735273,0.869107,0.702081,0.821151,1.164879,0.435413,0,0
2021-09-10,0.833589,1.013568,0.824915,1.013563,1.164879,0.435413,0,0
2021-09-13,0.821536,0.939652,0.783346,0.939652,1.164879,0.435413,0,0
2021-09-14,0.640179,0.966284,0.640179,0.910036,1.164879,0.435413,0,0
2021-09-15,0.815174,0.921362,0.781729,0.856711,1.164879,0.435413,0,0
2021-09-16,0.568292,0.856449,0.567571,0.856449,1.164879,0.435413,0,0
2021-09-17,0.709629,0.977728,0.709629,0.972684,1.084811,0.435413,0,0
2021-09-20,1.106301,1.18472,1.049668,1.129003,1.013568,0.435413,0,0
2021-09-21,0.837176,0.951159,0.772614,0.898645,1.18472,0.435413,0,0
2021-09-22,0.945938,0.985885,0.877595,0.985712,1.18472,0.435413,0,0
2021-09-23,0.781994,0.845147,0.758196,0.791045,1.18472,0.567571,0,0
2021-09-24,0.74271,1.007454,0.74271,1.00694,1.18472,0.567571,0,0
2021-09-27,0.788356,0.834995,0.758339,0.82107,1.18472,0.567571,0,0
2021-09-28,0.907759,1.187796,0.866798,1.115381,1.18472,0.567571,0,0
2021-09-29,0.869057,1.03954,0.839013,0.943898,1.187796,0.567571,0,0
2021-09-30,0.936197,1.158702,0.892197,1.096754,1.187796,0.567571,0,0
2021-10-01,0.884517,1.024304,0.884517,0.943627,1.187796,0.567571,0,0
2021-10-04,0.863389,0.985875,0.811637,0.984129,1.187796,0.567571,0,0
2021-10-05,0.754232,0.856879,0.679988,0.856879,1.187796,0.567571,0,0
2021-10-06,0.786073,1.093469,0.779993,1.02264,1.187796,0.567571,0,0
2021-10-07,0.817053,0.96667,0.812484,0.966667,1.187796,0.567571,0,0
2021-10-08,0.91309,1.134946,0.887071,1.071082,1.187796,0.567571,0,0
2021-10-11,0.713563,0.993578,0.713563,0.993578,1.187796,0.567571,0,0
2021-10-12,0.731445,0.987299,0.729062,0.816393,1.187796,0.567571,0,0
2021-10-13,0.780585,0.904589,0.775744,0.903078,1.187796,0.567571,0,0
2021-10-14,0.826965,0.892779,0.78478,0.829848,1.187796,0.567571,0,0
2021-10-15,0.994067,1.031094,0.841032,0.904551,1.187796,0.679988,0,0
2021-10-18,0.698128,0.835679,0.698128,0.834082,1.187796,0.679988,0,0
2021-10-19,0.654399,0.782528,0.61516,0.776251,1.187796,0.679988,0,0
2021-10-20,0.679003,0.787274,0.663928,0.787274,1.187796,0.61516,0,0
2021-10-21,0.527349,0.760018,0.516928,0.752007,1.187796,0.61516,0,0
2021-10-22,0.780331,0.865379,0.7307,0.865128,1.187796,0.516928,0,0
2021-10-25,0.771652,0.771652,0.633844,0.715448,1.187796,0.516928,0,0
2021-10-26,0.570225,0.849326,0.564186,0.845128,1.187796,0.516928,0,0
2021-10-27,0.628585,0.859675,0.610371,0.859621,1.158702,0.516928,0,0
2021-10-28,0.826141,0.826141,0.62892,0.665764,1.158702,0.516928,0,0
2021-10-29,0.548057,0.891869,0.548057,0.888693,1.134946,0.516928,0,0
2021-11-01,0.76229,0.797972,0.728371,0.792604,1.134946,0.516928,0,0
2021-11-02,0.561237,0.723179,0.544551,0.723179,1.134946,0.516928,0,0
2021-11-03,0.515974,0.699395,0.465198,0.699395,1.134946,0.516928,0,0
2021-11-04,0.593919,0.719678,0.562061,0.695117,1.134946,0.465198,0,0
2021-11-05,0.482569,0.788632,0.480566,0.788632,1.134946,0.465198,0,0
2021-11-08,0.542798,0.66304,0.542798,0.663039,1.031094,0.465198,0,0
2021-11-09,0.413241,0.741018,0.413241,0.741018,1.031094,0.465198,0,0
2021-11-10,0.597343,0.873621,0.597343,0.873621,1.031094,0.413241,0,0
2021-11-11,0.693247,0.81997,0.674669,0.741115,1.031094,0.413241,0,0
2021-11-12,0.692979,0.76225,0.656583,0.760093,1.031094,0.413241,0,0
2021-11-15,0.617079,0.801542,0.617079,0.801542,0.891869,0.413241,0,0
2021-11-16,0.511977,0.800271,0.511181,0.799428,0.891869,0.413241,0,0
2021-11-17,0.769764,0.817659,0.679022,0.815681,0.891869,0.413241,0,0
2021-11-18,0.539143,0.691263,0.505087,0.691263,0.891869,0.413241,0,0
2021-11-19,0.603259,0.8232,0.578527,0.8232,0.891869,0.413241,0,0
2021-11-22,0.685704,0.809559,0.621485,0.808936,0.891869,0.413241,0,0
2021-11-23,0.67292,0.894884,0.613588,0.831342,0.891869,0.413241,0,0
2021-11-24,0.830135,0.977261,0.819079,0.904667,0.894884,0.413241,0,0
2021-11-26,0.951243,1.092885,0.898576,0.925471,0.977261,0.413241,0,0
2021-11-29,0.775486,0.904392,0.775205,0.88264,1.092885,0.413241,0,0
2021-11-30,0.693145,0.955713,0.661363,0.955713,1.092885,0.413241,0,0
2021-12-01,0.765436,1.001613,0.740663,1.001277,1.092885,0.413241,0,0
2021-12-02,1.105442,1.117985,0.985523,1.099488,1.092885,0.413241,0,0
2021-12-03,1.084294,1.196371,0.938153,1.186708,1.117985,0.413241,0,0
2021-12-06,0.984367,1.027214,0.644724,1.021889,1.196371,0.413241,0,0
2021-12-07,0.869977,1.053688,0.82653,0.957331,1.196371,0.413241,0,0
2021-12-08,0.805584,0.930977,0.659339,0.930945,1.196371,0.413241,0,0
2021-12-09,0.624103,0.91048,0.624103,0.91048,1.196371,0.505087,0,0
2021-12-10,0.811968,1.104244,0.811968,1.104241,1.196371,0.505087,0,0
2021-12-13,0.960881,0.998478,0.832457,0.998478,1.196371,0.505087,0,0
2021-12-14,0.826466,1.002631,0.808824,0.98149,1.196371,0.505087,0,0
2021-12-15,0.962639,1.062985,0.914288,0.927814,1.196371,0.505087,0,0
2021-12-16,0.671549,0.878369,0.592779,0.878358,1.196371,0.505087,0,0
2021-12-17,0.977263,1.06343,0.840257,0.915362,1.196371,0.505087,0,0
2021-12-20,0.743813,0.887649,0.697769,0.884324,1.196371,0.578527,0,0
2021-12-21,0.898224,0.91069,0.759672,0.868249,1.196371,0.592779,0,0
2021-12-22,0.927132,0.927132,0.728453,0.827477,1.196371,0.592779,0,0
2021-12-23,0.622509,0.80468,0.621438,0.799508,1.196371,0.592779,0,0
2021-12-27,0.595962,0.796437,0.595607,0.796437,1.196371,0.592779,0,0
2021-12-28,0.582835,0.743843,0.542778,0.743549,1.196371,0.592779,0,0
2021-12-29,0.740254,0.977628,0.694175,0.927534,1.196371,0.542778,0,0
2021-12-30,0.706022,0.917731,0.621345,0.845318,1.196371,0.542778,0,0
2021-12-31,0.603025,0.824374,0.603025,0.824008,1.196371,0.542778,0,0
2022-01-03,0.568946,0.788581,0.568946,0.764047,1.196371,0.542778,0,0
2022-01-04,0.577772,0.850028,0.575015,0.803808,1.104244,0.542778,0,0
2022-01-05,0.669806,1.060414,0.620957,1.060322,1.104244,0.542778,0,0
2022-01-06,0.759053,1.072757,0.759053,0.975224,1.104244,0.542778,0,0
2022-01-07,0.830627,0.957923,0.767134,0.957923,1.104244,0.542778,0,0
2022-01-10,0.976563,1.1478,0.915041,1.003012,1.104244,0.542778,0,0
2022-01-11,0.730712,0.802397,0.670868,0.767972,1.1478,0.542778,0,0
2022-01-12,0.752186,0.838188,0.709266,0.834623,1.1478,0.542778,0,0
2022-01-13,0.613948,0.953484,0.613948,0.952203,1.1478,0.542778,0,0
2022-01-14,1.086194,1.10882,0.993834,1.108552,1.1478,0.542778,0,0
2022-01-18,1.01396,1.170374,1.003108,1.024674,1.1478,0.542778,0,0
2022-01-19,1.001671,1.013465,0.850033,0.923131,1.170374,0.542778,0,0
2022-01-20,0.846165,0.991896,0.702601,0.991653,1.170374,0.542778,0,0
2022-01-21,1.16258,1.356696,1.121351,1.311586,1.170374,0.542778,0,0
2022-01-24,1.374515,1.458775,1.15002,1.2177,1.356696,0.542778,0,0
2022-01-25,0.844706,1.085736,0.825808,0.889324,1.458775,0.542778,0,0
2022-01-26,1.311912,1.311912,0.904184,1.023565,1.458775,0.542778,0,0
2022-01-27,1.081576,1.090116,0.969224,1.086145,1.458775,0.568946,0,0
2022-01-28,1.03075,1.118804,1.012727,1.028532,1.458775,0.568946,0,0
2022-01-31,0.790415,1.064815,0.781081,1.064777,1.458775,0.568946,0,0
2022-02-01,0.792455,0.952347,0.792455,0.949561,1.458775,0.568946,0,0
2022-02-02,1.081921,1.082127,0.940956,0.98263,1.458775,0.575015,0,0
2022-02-03,0.944432,1.145159,0.926707,1.095731,1.458775,0.613948,0,0
2022-02-04,0.935438,1.000376,0.871393,0.952951,1.458775,0.613948,0,0
2022-02-07,0.700534,0.973269,0.700534,0.966463,1.458775,0.613948,0,0
2022-02-08,0.895982,1.007633,0.836315,0.998076,1.458775,0.613948,0,0
2022-02-09,0.831915,0.955256,0.809333,0.917267,1.458775,0.613948,0,0
2022-02-10,0.833562,0.886343,0.730331,0.886304,1.458775,0.613948,0,0
2022-02-11,0.782203,1.155477,0.782203,1.155468,1.458775,0.613948,0,0
2022-02-14,0.948723,1.132831,0.915658,1.124263,1.458775,0.700534,0,0
2022-02-15,0.959729,1.399198,0.906972,0.91376,1.458775,0.700534,0,0
2022-02-16,0.879478,1.038396,0.841574,0.973235,1.458775,0.700534,0,0
2022-02-17,1.07779,1.090458,1.012186,1.053129,1.458775,0.700534,0,0
2022-02-18,1.171196,1.193193,1.077039,1.173453,1.458775,0.700534,0,0
2022-02-22,1.011897,1.082975,0.990563,1.033922,1.458775,0.700534,0,0
2022-02-23,0.784925,0.955977,0.781993,0.954227,1.399198,0.700534,0,0
2022-02-24,1.118928,1.118928,0.952088,1.027177,1.399198,0.700534,0,0
2022-02-25,0.887725,1.018475,0.880893,0.986843,1.399198,0.700534,0,0
2022-02-28,0.973335,0.973335,0.873264,0.948985,1.399198,0.700534,0,0
2022-03-01,0.968935,1.080854,0.889785,0.896783,1.399198,0.700534,0,0
2022-03-02,0.795819,0.985157,0.755223,0.939229,1.399198,0.700534,0,0
2022-03-03,1.215627,1.215627,0.901773,0.936022,1.399198,0.700534,0,0
2022-03-04,0.966312,1.04734,0.877596,0.953816,1.399198,0.700534,0,0
2022-03-07,0.820466,0.946099,0.820466,0.935295,1.399198,0.700534,0,0
2022-03-08,0.812325,1.067489,0.795382,0.960965,1.399198,0.700534,0,0
2022-03-09,0.810251,1.147362,0.765691,1.143313,1.399198,0.730331,0,0
2022-03-10,0.711113,0.947168,0.669005,0.947165,1.399198,0.730331,0,0
2022-03-11,0.977549,1.070141,0.794892,1.070105,1.399198,0.669005,0,0
2022-03-14,0.971262,1.024432,0.839345,1.023905,1.399198,0.669005,0,0
2022-03-15,1.1049,1.1049,0.950517,1.073911,1.399198,0.669005,0,0
2022-03-16,0.871664,1.02283,0.833083,1.022815,1.399198,0.669005,0,0
2022-03-17,0.885992,0.962181,0.767431,0.91171,1.215627,0.669005,0,0
2022-03-18,0.768651,0.835846,0.752017,0.805088,1.215627,0.669005,0,0
2022-03-21,0.694771,0.868805,0.694771,0.868795,1.215627,0.669005,0,0
2022-03-22,0.964182,1.014939,0.90574,0.94209,1.215627,0.669005,0,0
2022-03-23,0.998241,1.035368,0.748758,0.861234,1.215627,0.669005,0,0
2022-03-24,0.651071,0.848503,0.64288,0.832706,1.215627,0.669005,0,0
2022-03-25,0.692213,0.900217,0.678734,0.863927,1.215627,0.64288,0,0
2022-03-28,0.645767,0.965412,0.641632,0.912151,1.215627,0.64288,0,0
2022-03-29,0.710534,1.215076,0.686524,0.938333,1.215627,0.641632,0,0
2022-03-30,0.77937,0.868714,0.717738,0.868714,1.215627,0.641632,0,0
2022-03-31,0.789457,1.022118,0.754333,1.022118,1.215627,0.641632,0,0
2022-04-01,0.842573,1.029284,0.80462,1.028663,1.215076,0.641632,0,0
2022-04-04,0.59922,0.843819,0.59922,0.843819,1.215076,0.641632,0,0
2022-04-05,0.547508,0.955428,0.472037,0.955425,1.215076,0.59922,0,0
2022-04-06,1.033617,1.065361,0.870819,0.938557,1.215076,0.472037,0,0
2022-04-07,0.658567,0.97451,0.658567,0.911803,1.215076,0.472037,0,0
2022-04-08,0.830944,0.984278,0.771593,0.984271,1.215076,0.472037,0,0
2022-04-11,0.946387,1.094478,0.925269,1.041036,1.215076,0.472037,0,0
2022-04-12,0.686585,0.949494,0.686585,0.949494,1.215076,0.472037,0,0
2022-04-13,0.821583,0.935103,0.816324,0.914988,1.215076,0.472037,0,0
2022-04-14,0.758049,0.94071,0.736486,0.940482,1.215076,0.472037,0,0
2022-04-18,0.819467,1.064717,0.777477,1.009954,1.215076,0.472037,0,0
2022-04-19,0.829727,0.975954,0.754797,0.962596,1.215076,0.472037,0,0
2022-04-20,0.981798,1.033076,0.906467,0.945639,1.215076,0.472037,0,0
2022-04-21,0.732039,1.123155,0.71757,1.122652,1.215076,0.472037,0,0
2022-04-22,0.957713,1.302356,0.952683,1.302276,1.215076,0.472037,0,0
2022-04-25,1.135189,1.221418,1.053385,1.161203,1.302356,0.472037,0,0
2022-04-26,0.716048,1.079686,0.716048,1.079493,1.302356,0.472037,0,0
2022-04-27,1.266209,1.274957,1.08484,1.166514,1.302356,0.472037,0,0
2022-04-28,1.046641,1.302114,1.046641,1.158531,1.302356,0.472037,0,0
2022-04-29,0.988198,1.344558,0.988198,1.340422,1.302356,0.472037,0,0
2022-05-02,1.005837,1.300008,1.005837,1.250543,1.344558,0.472037,0,0
2022-05-03,1.13991,1.27836,1.017814,1.051691,1.344558,0.472037,0,0
2022-05-04,0.835602,1.070528,0.788156,1.057923,1.344558,0.472037,0,0
2022-05-05,0.917561,1.138004,0.911322,1.136034,1.344558,0.658567,0,0
2022-05-06,1.090867,1.157475,1.069461,1.156034,1.344558,0.658567,0,0
2022-05-09,1.018652,1.291837,1.018652,1.291795,1.344558,0.686585,0,0
2022-05-10,0.942909,1.110919,0.913288,1.004465,1.344558,0.686585,0,0
2022-05-11,1.147005,1.163352,0.95658,1.163352,1.344558,0.686585,0,0
2022-05-12,1.342057,1.355049,1.10628,1.262049,1.344558,0.716048,0,0
2022-05-13,0.924641,0.996363,0.884808,0.994826,1.355049,0.716048,0,0
2022-05-16,0.817319,0.991873,0.817319,0.947213,1.355049,0.716048,0,0
2022-05-17,1.002741,1.069158,0.944561,1.030224,1.355049,0.716048,0,0
2022-05-18,1.081327,1.19463,1.036824,1.19463,1.355049,0.716048,0,0
2022-05-19,1.174685,1.227182,1.151122,1.220769,1.355049,0.716048,0,0
2022-05-20,0.888137,1.276841,0.876192,1.228321,1.355049,0.716048,0,0
2022-05-23,0.910165,1.034823,0.878117,1.013418,1.355049,0.716048,0,0
2022-05-24,1.06144,1.11276,0.988216,1.014205,1.355049,0.716048,0,0
2022-05-25,0.789991,0.968118,0.789991,0.904893,1.355049,0.788156,0,0
2022-05-26,0.846187,0.953467,0.814933,0.953467,1.355049,0.788156,0,0
2022-05-27,0.752834,0.958829,0.740947,0.905817,1.355049,0.788156,0,0
2022-05-31,0.831266,0.989332,0.813132,0.97837,1.355049,0.740947,0,0
2022-06-01,0.790638,1.063524,0.790638,1.056377,1.355049,0.740947,0,0
2022-06-02,0.905272,0.982287,0.880006,0.931818,1.355049,0.740947,0,0
2022-06-03,1.003946,1.073133,0.965538,1.056205,1.355049,0.740947,0,0
2022-06-06,0.741376,1.044902,0.741376,1.044734,1.355049,0.740947,0,0
2022-06-07,1.121112,1.139312,0.961789,0.9975,1.355049,0.740947,0,0
2022-06-08,0.923429,0.93134,0.791458,0.93134,1.355049,0.740947,0,0
2022-06-09,0.83149,1.074425,0.827304,1.074425,1.355049,0.740947,0,0
2022-06-10,1.347512,1.406357,1.279756,1.315023,1.355049,0.740947,0,0
2022-06-13,1.097452,1.339684,1.044348,1.337551,1.406357,0.740947,0,0
2022-06-14,1.14297,1.144897,1.012468,1.144892,1.406357,0.740947,0,0
2022-06-15,1.270695,1.289032,0.999453,1.036425,1.406357,0.740947,0,0
2022-06-16,1.125,1.267464,1.115863,1.267075,1.406357,0.740947,0,0
2022-06-17,1.048643,1.181328,0.767801,1.178619,1.406357,0.740947,0,0
2022-06-21,0.747111,0.898907,0.713324,0.88662,1.406357,0.740947,0,0
2022-06-22,1.002684,1.043586,0.932349,1.043586,1.406357,0.713324,0,0
2022-06-23,0.804086,0.944608,0.804086,0.939499,1.406357,0.713324,0,0
2022-06-24,0.777466,0.858017,0.708274,0.857912,1.406357,0.713324,0,0
2022-06-27,0.88477,0.962258,0.80411,0.961751,1.406357,0.708274,0,0
2022-06-28,0.817988,1.006665,0.691776,1.001964,1.406357,0.708274,0,0
2022-06-29,0.967869,1.296804,0.900931,1.243567,1.406357,0.691776,0,0
2022-06-30,1.166916,1.183679,0.789901,0.944329,1.406357,0.691776,0,0
2022-07-01,0.836816,0.968834,0.79628,0.967653,1.406357,0.691776,0,0
2022-07-05,1.118509,1.118509,0.871941,0.910365,1.406357,0.691776,0,0
2022-07-06,0.840643,0.873835,0.559824,0.871156,1.406357,0.691776,0,0
2022-07-07,0.642245,0.852226,0.642245,0.819799,1.406357,0.559824,0,0
2022-07-08,0.786803,0.956538,0.786803,0.956538,1.406357,0.559824,0,0
2022-07-11,1.110629,1.110629,0.68977,0.934237,1.406357,0.559824,0,0
2022-07-12,0.770623,0.982507,0.754463,0.977271,1.406357,0.559824,0,0
2022-07-13,1.024804,1.056991,0.908734,1.047223,1.339684,0.559824,0,0
2022-07-14,1.224832,1.326289,0.854931,0.939351,1.296804,0.559824,0,0
2022-07-15,0.903949,1.083416,0.896601,0.913081,1.326289,0.559824,0,0
2022-07-18,0.650571,1.038585,0.642861,1.038585,1.326289,0.559824,0,0
2022-07-19,0.891931,1.013182,0.860557,0.958227,1.326289,0.559824,0,0
2022-07-20,1.173586,1.173586,0.903232,0.966403,1.326289,0.559824,0,0
2022-07-21,0.685072,0.972964,0.685072,0.956309,1.326289,0.559824,0,0
2022-07-22,0.998241,1.080198,0.934057,1.079979,1.326289,0.559824,0,0
2022-07-25,0.80868,1.027739,0.80868,1.027739,1.326289,0.559824,0,0
2022-07-26,1.00638,1.016865,0.912972,1.005844,1.326289,0.559824,0,0
2022-07-27,0.848374,1.052519,0.848374,1.052475,1.326289,0.559824,0,0
2022-07-28,0.971742,1.058905,0.908244,0.949895,1.326289,0.559824,0,0
2022-07-29,0.86749,1.047577,0.841688,0.993899,1.326289,0.559824,0,0
2022-08-01,0.825371,1.026405,0.788813,1.026394,1.326289,0.559824,0,0
2022-08-02,0.769501,1.014759,0.757596,1.008329,1.326289,0.559824,0,0
2022-08-03,0.683795,0.894772,0.683795,0.894271,1.326289,0.559824,0,0
2022-08-04,0.78911,0.871816,0.769261,0.86285,1.326289,0.642245,0,0
2022-08-05,0.848159,0.918891,0.818845,0.877529,1.326289,0.642861,0,0
2022-08-08,0.669228,0.999658,0.669228,0.999029,1.326289,0.642861,0,0
2022-08-09,0.908781,1.107471,0.90673,0.939841,1.326289,0.642861,0,0
2022-08-10,0.918843,1.005621,0.877104,0.97157,1.326289,0.642861,0,0
2022-08-11,0.644912,0.933468,0.594719,0.932457,1.326289,0.642861,0,0
2022-08-12,0.855302,1.037099,0.838378,0.959452,1.173586,0.594719,0,0
2022-08-15,0.72717,0.917991,0.72717,0.914515,1.173586,0.594719,0,0
2022-08-16,0.899889,1.018918,0.816974,0.846666,1.173586,0.594719,0,0
2022-08-17,0.942087,0.978899,0.843601,0.907331,1.173586,0.594719,0,0
2022-08-18,0.77867,0.920954,0.770355,0.92093,1.107471,0.594719,0,0
2022-08-19,1.122126,1.122126,1.004842,1.035246,1.107471,0.594719,0,0
2022-08-22,0.988478,1.138289,0.934683,1.135785,1.122126,0.594719,0,0
2022-08-23,1.484689,1.484689,0.959869,0.978115,1.138289,0.594719,0,0
2022-08-24,0.776197,0.905284,0.770183,0.905222,1.484689,0.594719,0,0
2022-08-25,0.716885,0.915045,0.716885,0.897817,1.484689,0.594719,0,0
2022-08-26,0.897498,1.093893,0.714911,1.093741,1.484689,0.594719,0,0
2022-08-29,1.01628,1.392675,1.001787,1.240688,1.484689,0.594719,0,0
2022-08-30,0.968937,1.241295,0.91092,1.21222,1.484689,0.594719,0,0
2022-08-31,1.073812,1.133579,0.936656,1.114831,1.484689,0.594719,0,0
2022-09-01,1.053413,1.11784,0.963784,1.030931,1.484689,0.594719,0,0
2022-09-02,0.928138,1.138021,0.914388,1.137126,1.484689,0.594719,0,0
2022-09-06,1.169739,1.297228,1.0926,1.145298,1.484689,0.594719,0,0
2022-09-07,0.772088,1.013948,0.772088,0.998237,1.484689,0.594719,0,0
2022-09-08,1.01554,1.01554,0.858867,0.965536,1.484689,0.594719,0,0
2022-09-09,0.873022,0.957518,0.844609,0.957469,1.484689,0.594719,0,0
2022-09-12,0.790892,1.098813,0.767501,1.098636,1.484689,0.714911,0,0
2022-09-13,1.174768,1.182909,1.00822,1.151874,1.484689,0.714911,0,0
2022-09-14,1.245689,1.253315,1.010965,1.091945,1.484689,0.714911,0,0
2022-09-15,0.964239,1.099213,0.929095,1.099213,1.484689,0.714911,0,0
2022-09-16,1.531478,1.601929,1.169444,1.213081,1.484689,0.714911,0,0
2022-09-19,0.91726,1.017815,0.887855,0.932571,1.601929,0.714911,0,0
2022-09-20,1.058239,1.058239,0.813305,0.967581,1.601929,0.714911,0,0
2022-09-21,0.954518,1.054302,0.89162,1.053379,1.601929,0.714911,0,0
2022-09-22,1.184104,1.230019,1.003136,1.151892,1.601929,0.714911,0,0
2022-09-23,1.272164,1.421291,1.272164,1.358593,1.601929,0.714911,0,0
2022-09-26,0.762869,1.141837,0.755307,0.965897,1.601929,0.714911,0,0
2022-09-27,1.031044,1.150339,0.829478,1.149623,1.601929,0.755307,0,0
2022-09-28,1.048009,1.25422,1.048009,1.111787,1.601929,0.755307,0,0
2022-09-29,1.043787,1.191939,0.996811,1.126654,1.601929,0.755307,0,0
2022-09-30,1.055212,1.155567,0.967497,1.122325,1.601929,0.755307,0,0
2022-10-03,0.907395,1.029067,0.882939,0.961469,1.601929,0.755307,0,0
2022-10-04,0.884745,0.995461,0.749007,0.995241,1.601929,0.755307,0,0
2022-10-05,1.15653,1.15653,0.866183,0.885208,1.601929,0.749007,0,0
2022-10-06,0.772506,0.971425,0.75272,0.900546,1.601929,0.749007,0,0
2022-10-07,1.033228,1.081748,0.936631,1.03925,1.601929,0.749007,0,0
2022-10-10,0.69929,1.061324,0.638349,1.061192,1.601929,0.749007,0,0
2022-10-11,1.209639,1.209639,0.843713,0.965057,1.601929,0.638349,0,0
2022-10-12,1.110629,1.110629,0.936869,1.023544,1.601929,0.638349,0,0
2022-10-13,1.145651,1.145651,0.832562,0.900184,1.601929,0.638349,0,0
2022-10-14,0.761877,0.941185,0.710146,0.924018,1.601929,0.638349,0,0
2022-10-17,0.947624,1.029512,0.901389,1.003032,1.421291,0.638349,0,0
2022-10-18,0.862532,0.963572,0.86071,0.963572,1.421291,0.638349,0,0
2022-10-19,0.893562,1.0216,0.79134,1.019801,1.421291,0.638349,0,0
2022-10-20,0.986827,1.062982,0.925307,1.052028,1.421291,0.638349,0,0
2022-10-21,0.939919,0.977977,0.88371,0.955209,1.421291,0.638349,0,0
2022-10-24,0.939382,0.992251,0.897145,0.976365,1.25422,0.638349,0,0
2022-10-25,0.71651,0.902623,0.71651,0.902623,1.25422,0.638349,0,0
2022-10-26,0.99099,0.99099,0.767812,0.947394,1.25422,0.638349,0,0
2022-10-27,0.946101,1.115395,0.939202,1.064594,1.209639,0.638349,0,0
2022-10-28,0.81016,1.012392,0.81016,0.933374,1.209639,0.638349,0,0
2022-10-31,0.76743,0.942611,0.736382,0.942611,1.209639,0.638349,0,0
2022-11-01,0.710767,0.958485,0.710767,0.958451,1.209639,0.638349,0,0
2022-11-02,1.055465,1.185396,0.849939,1.185396,1.209639,0.638349,0,0
2022-11-03,1.263987,1.298093,1.022976,1.066313,1.209639,0.638349,0,0
2022-11-04,0.968869,1.021436,0.876391,1.021274,1.298093,0.638349,0,0
2022-11-07,0.930184,1.004634,0.848864,0.886401,1.298093,0.638349,0,0
2022-11-08,0.926976,1.203201,0.788994,1.161546,1.298093,0.710146,0,0
2022-11-09,0.974202,1.020674,0.790604,1.019081,1.298093,0.710146,0,0
2022-11-10,0.957124,0.959585,0.858057,0.872901,1.298093,0.710146,0,0
2022-11-11,0.81739,0.909805,0.737119,0.758851,1.298093,0.710146,0,0
2022-11-14,0.941461,0.97332,0.853507,0.893587,1.298093,0.710767,0,0
2022-11-15,0.830098,0.836524,0.648553,0.836524,1.298093,0.710767,0,0
2022-11-16,0.9589,1.225852,0.86226,1.219748,1.298093,0.648553,0,0
2022-11-17,1.065887,1.104192,0.89035,0.971005,1.298093,0.648553,0,0
2022-11-18,0.973256,0.981902,0.814578,0.897215,1.298093,0.648553,0,0
2022-11-21,0.872089,0.896547,0.768546,0.867188,1.298093,0.648553,0,0
2022-11-22,1.046017,1.247832,0.727511,1.246301,1.298093,0.648553,0,0
2022-11-23,1.6626,1.6626,0.90441,1.072131,1.298093,0.648553,0,0
2022-11-25,0.918487,0.952113,0.799278,0.931707,1.6626,0.648553,0,0
2022-11-28,0.801121,1.047135,0.801121,1.047135,1.6626,0.648553,0,0
2022-11-29,1.070578,1.070578,0.878195,1.050714,1.6626,0.648553,0,0
2022-11-30,0.887819,1.518935,0.845978,1.214608,1.6626,0.648553,0,0
2022-12-01,0.818939,0.976946,0.763403,0.963297,1.6626,0.648553,0,0
2022-12-02,0.928801,0.980622,0.836579,0.8435,1.6626,0.648553,0,0
2022-12-05,0.837837,0.963969,0.823868,0.943842,1.6626,0.648553,0,0
2022-12-06,0.996444,1.065781,0.954792,1.055177,1.6626,0.648553,0,0
2022-12-07,0.939814,1.272999,0.868585,1.23144,1.6626,0.648553,0,0
2022-12-08,0.880738,0.924616,0.764356,0.916878,1.6626,0.648553,0,0
2022-12-09,0.897431,1.185721,0.87119,1.185714,1.6626,0.648553,0,0
2022-12-12,1.210753,1.210753,0.945874,1.040645,1.6626,0.648553,0,0
2022-12-13,0.972466,0.972466,0.845005,0.931142,1.6626,0.648553,0,0
2022-12-14,0.888743,1.427578,0.860857,1.269649,1.6626,0.648553,0,0
2022-12-15,1.191555,1.312871,1.151724,1.172343,1.6626,0.727511,0,0
2022-12-16,1.141048,1.539189,1.024604,1.336018,1.6626,0.727511,0,0
2022-12-19,1.001328,1.049056,0.922953,1.043451,1.6626,0.727511,0,0
2022-12-20,1.151579,1.248245,0.924228,0.987731,1.6626,0.727511,0,0
2022-12-21,0.970872,1.646022,0.872893,1.51336,1.6626,0.727511,0,0
2022-12-22,0.986027,1.329418,0.902879,1.260438,1.6626,0.763403,0,0
2022-12-23,1.102145,1.113269,0.956868,1.005906,1.646022,0.763403,0,0
2022-12-27,1.049069,1.069331,0.961718,1.002034,1.646022,0.763403,0,0
2022-12-28,0.960224,2.122731,0.960224,1.94683,1.646022,0.763403,0,0
2022-12-29,0.80133,1.32336,0.80133,1.264811,2.122731,0.763403,0,0
2022-12-30,1.068372,1.195133,1.068372,1.195133,2.122731,0.763403,0,0
2023-01-03,0.850519,1.124896,0.850519,0.967643,2.122731,0.764356,0,0
2023-01-04,0.90296,1.197463,0.876774,1.122486,2.122731,0.764356,0,0
2023-01-05,1.416752,1.447674,0.998144,1.026607,2.122731,0.764356,0,0
2023-01-06,0.852892,1.116541,0.819136,1.003685,2.122731,0.764356,0,0
2023-01-09,0.845928,0.906624,0.823677,0.880887,2.122731,0.764356,0,0
2023-01-10,0.81675,1.05432,0.800851,0.981592,2.122731,0.80133,0,0
2023-01-11,0.797939,0.967892,0.778186,0.95721,2.122731,0.800851,0,0
2023-01-12,0.96883,1.001174,0.892679,0.969741,2.122731,0.778186,0,0
2023-01-13,1.037941,1.045636,0.843096,0.953276,2.122731,0.778186,0,0
2023-01-17,0.846327,0.997983,0.81557,0.9976,2.122731,0.778186,0,0
2023-01-18,2.0213,2.189854,1.219047,1.233103,2.122731,0.778186,0,0
2023-01-19,1.131447,1.14662,0.977813,1.000981,2.189854,0.778186,0,0
2023-01-20,0.821267,0.911607,0.803333,0.880832,2.189854,0.778186,0,0
2023-01-23,0.693514,0.901115,0.644697,0.901112,2.189854,0.778186,0,0
2023-01-24,1.060374,1.060374,0.898285,1.031789,2.189854,0.644697,0,0
2023-01-25,1.150921,1.263966,0.961656,0.991541,2.189854,0.644697,0,0
2023-01-26,0.819826,0.885279,0.721187,0.885279,2.189854,0.644697,0,0
2023-01-27,0.825496,0.909629,0.805466,0.836993,2.189854,0.644697,0,0
2023-01-30,0.854319,0.907433,0.800948,0.907433,2.189854,0.644697,0,0
2023-01-31,0.915635,0.940565,0.836017,0.91905,2.189854,0.644697,0,0
2023-02-01,0.89207,0.933057,0.826297,0.905806,2.189854,0.644697,0,0
2023-02-02,0.752215,0.844528,0.717977,0.793719,2.189854,0.644697,0,0
2023-02-03,0.870919,0.910697,0.774218,0.910697,2.189854,0.644697,0,0
2023-02-06,0.770953,0.839445,0.510215,0.839445,2.189854,0.644697,0,0
2023-02-07,0.814709,0.917387,0.812033,0.913931,2.189854,0.510215,0,0
2023-02-08,0.770606,0.906925,0.760668,0.905612,2.189854,0.510215,0,0
2023-02-09,0.745985,0.865728,0.714154,0.865728,2.189854,0.510215,0,0
2023-02-10,1.056466,1.056466,0.884686,1.054937,2.189854,0.510215,0,0
2023-02-13,0.914273,0.976399,0.76057,0.946522,2.189854,0.510215,0,0
2023-02-14,0.965235,1.093887,0.932828,0.967542,2.189854,0.510215,0,0
2023-02-15,1.144129,1.144129,0.763724,0.927997,2.189854,0.510215,0,0
2023-02-16,0.965601,1.010741,0.807759,0.888857,1.263966,0.510215,0,0
2023-02-17,0.973608,1.13215,0.973608,1.084142,1.263966,0.510215,0,0
2023-02-21,1.01531,1.115361,0.985889,1.048809,1.263966,0.510215,0,0
2023-02-22,0.978124,1.14213,0.914466,1.140476,1.263966,0.510215,0,0
2023-02-23,1.007373,1.063201,0.919857,1.026227,1.263966,0.510215,0,0
2023-02-24,1.113422,1.220101,1.093453,1.113948,1.144129,0.510215,0,0
2023-02-27,0.970465,1.086865,0.948078,1.037416,1.220101,0.510215,0,0
2023-02-28,0.879711,1.015807,0.855264,1.015598,1.220101,0.510215,0,0
2023-03-01,0.942174,1.205377,0.894112,1.13519,1.220101,0.510215,0,0
2023-03-02,1.028766,1.084958,0.953039,1.084958,1.220101,0.510215,0,0
2023-03-03,0.513169,0.918975,0.513169,0.918975,1.220101,0.510215,0,0
2023-03-06,0.973139,0.987684,0.869319,0.98759,1.220101,0.510215,0,0
2023-03-07,1.039283,1.070044,0.704307,0.850619,1.220101,0.510215,0,0
2023-03-08,0.95547,1.057228,0.927542,0.992929,1.220101,0.513169,0,0
2023-03-09,0.816531,1.034285,0.767722,1.033849,1.220101,0.513169,0,0
2023-03-10,1.367022,1.415974,1.076388,1.250801,1.220101,0.513169,0,0
2023-03-13,1.206901,1.206901,0.990939,1.049149,1.415974,0.513169,0,0
2023-03-14,0.870182,1.080773,0.808538,1.08051,1.415974,0.513169,0,0
2023-03-15,1.073888,1.120177,0.913298,1.003577,1.415974,0.513169,0,0
2023-03-16,0.937355,0.994919,0.895597,0.992448,1.415974,0.513169,0,0
2023-03-17,0.973139,1.419576,0.704837,1.020059,1.415974,0.513169,0,0
2023-03-20,0.973139,1.419576,0.704837,0.835373,1.419576,0.513169,0,0
2023-03-21,0.973139,1.419576,0.704837,1.031576,1.419576,0.513169,0,0
2023-03-22,0.973139,1.419576,0.704837,0.920669,1.419576,0.513169,0,0
2023-03-23,0.973139,1.419576,0.704837,1.133158,1.419576,0.513169,0,0
2023-03-24,1.108822,1.185051,1.059087,1.09615,1.419576,0.513169,0,0
2023-03-27,1.108822,1.185051,0.86971,0.935109,1.419576,0.513169,0,0
2023-03-28,1.108822,1.185051,0.853757,1.079421,1.419576,0.513169,0,0
2023-03-29,0.791222,0.995876,0.791222,0.991795,1.419576,0.513169,0,0
2023-03-30,0.876663,0.97711,0.795909,0.94164,1.419576,0.513169,0,0
2023-03-31,0.843143,1.045263,0.843143,1.040098,1.419576,0.513169,0,0
2023-04-03,0.912173,0.941478,0.753545,0.941478,1.419576,0.704307,0,0
2023-04-04,0.967215,1.120632,0.876921,1.116227,1.419576,0.704307,0,0
2023-04-05,1.029407,1.043229,0.930937,0.99273,1.419576,0.704837,0,0
2023-04-06,1.174666,1.174666,0.93127,1.013339,1.419576,0.704837,0,0
2023-04-10,0.934551,1.052034,0.757165,1.052034,1.419576,0.704837,0,0
2023-04-11,0.835729,1.029517,0.800002,1.028854,1.419576,0.704837,0,0
2023-04-12,0.856096,1.002655,0.819551,1.002606,1.419576,0.704837,0,0
2023-04-13,0.760565,0.917298,0.604881,0.917298,1.419576,0.704837,0,0
2023-04-14,0.789144,0.915419,0.772395,0.915419,1.419576,0.604881,0,0
2023-04-17,0.798355,1.054505,0.798355,1.043238,1.419576,0.604881,0,0
2023-04-18,0.894347,0.935354,0.836782,0.922767,1.419576,0.604881,0,0
2023-04-19,1.152333,1.17593,0.872054,1.025763,1.419576,0.604881,0,0
2023-04-20,1.027372,1.027372,0.857798,1.001374,1.419576,0.604881,0,0
2023-04-21,1.08063,1.08063,0.853485,0.941382,1.419576,0.604881,0,0
2023-04-24,0.856691,0.979841,0.844707,0.947916,1.185051,0.604881,0,0
2023-04-25,0.970753,1.06619,0.931186,1.011898,1.185051,0.604881,0,0
2023-04-26,0.829648,1.066601,0.817725,1.066123,1.185051,0.604881,0,0
2023-04-27,0.945313,1.010944,0.929923,1.000125,1.17593,0.604881,0,0
2023-04-28,0.887801,0.988757,0.837649,0.986208,1.17593,0.604881,0,0
2023-05-01,0.872929,0.981845,0.773857,0.980661,1.17593,0.604881,0,0
2023-05-02,0.877105,1.060933,0.779082,1.030056,1.17593,0.604881,0,0
2023-05-03,0.773498,1.135438,0.762801,1.135361,1.17593,0.604881,0,0
2023-05-04,1.130453,1.139145,0.735062,0.906373,1.17593,0.604881,0,0
2023-05-05,0.831569,0.982944,0.778275,0.971189,1.17593,0.604881,0,0
2023-05-08,0.833538,1.063417,0.833423,1.063411,1.17593,0.604881,0,0
2023-05-09,0.948189,0.988874,0.779286,0.9247,1.17593,0.604881,0,0
2023-05-10,0.896882,0.965531,0.816937,0.965531,1.17593,0.604881,0,0
2023-05-11,0.889604,0.985595,0.860163,0.908924,1.17593,0.604881,0,0
2023-05-12,0.822557,0.985813,0.822557,0.935092,1.17593,0.735062,0,0
2023-05-15,1.055382,1.055382,0.911415,0.960905,1.17593,0.735062,0,0
2023-05-16,0.809401,1.00924,0.809401,0.938936,1.17593,0.735062,0,0
2023-05-17,1.221925,1.221925,0.849843,0.988533,1.17593,0.735062,0,0
2023-05-18,0.758325,0.871622,0.537283,0.828166,1.221925,0.735062,0,0
2023-05-19,0.704628,0.937845,0.701322,0.937845,1.221925,0.537283,0,0
2023-05-22,0.887527,0.939761,0.659101,0.83419,1.221925,0.537283,0,0
2023-05-23,0.825737,1.008631,0.793926,1.00863,1.221925,0.537283,0,0
2023-05-24,1.019207,1.074171,0.960696,1.06269,1.221925,0.537283,0,0
2023-05-25,0.630188,0.898315,0.630188,0.898152,1.221925,0.537283,0,0
2023-05-26,0.688112,0.885379,0.688112,0.885379,1.221925,0.537283,0,0
2023-05-30,0.816894,0.894068,0.751014,0.894068,1.221925,0.537283,0,0
2023-05-31,0.782969,1.04467,0.77437,1.042069,1.221925,0.537283,0,0
2023-06-01,0.850236,0.884183,0.653969,0.882887,1.221925,0.537283,0,0
2023-06-02,0.720327,0.793573,0.646386,0.760418,1.221925,0.537283,0,0
2023-06-05,0.64098,0.976804,0.638917,0.976804,1.221925,0.537283,0,0
2023-06-06,0.963382,0.96554,0.825519,0.942357,1.221925,0.537283,0,0
2023-06-07,0.595996,0.908318,0.595996,0.908281,1.221925,0.537283,0,0
2023-06-08,0.823009,0.885724,0.625649,0.885715,1.221925,0.537283,0,0
2023-06-09,0.621858,0.865225,0.621858,0.865225,1.221925,0.537283,0,0
2023-06-12,0.80265,0.894996,0.774579,0.89462,1.221925,0.537283,0,0
2023-06-13,0.713476,0.806937,0.697199,0.806854,1.221925,0.537283,0,0
2023-06-14,0.640559,1.019413,0.597229,1.016093,1.221925,0.537283,0,0
2023-06-15,0.762677,0.898135,0.707443,0.898135,1.221925,0.537283,0,0
2023-06-16,0.787788,0.937616,0.771162,0.866976,1.074171,0.537283,0,0
2023-06-20,0.861882,0.932613,0.744812,0.880114,1.074171,0.595996,0,0
2023-06-21,1.249534,1.249534,0.847601,0.910108,1.074171,0.595996,0,0
2023-06-22,0.934999,0.934999,0.691778,0.821451,1.249534,0.595996,0,0
2023-06-23,0.926289,0.942097,0.810646,0.87952,1.249534,0.595996,0,0
2023-06-26,0.695971,0.891837,0.695971,0.889494,1.249534,0.595996,0,0
2023-06-27,0.759374,0.932862,0.705151,0.932498,1.249534,0.595996,0,0
2023-06-28,0.787607,0.837941,0.69003,0.837938,1.249534,0.595996,0,0
2023-06-29,0.631169,0.865183,0.631126,0.865183,1.249534,0.595996,0,0
2023-06-30,0.667796,0.898124,0.654006,0.898124,1.249534,0.595996,0,0
2023-07-03,0.670368,0.841966,0.665058,0.839634,1.249534,0.595996,0,0
2023-07-05,0.78493,0.95278,0.764628,0.952587,1.249534,0.595996,0,0
2023-07-06,0.820369,0.896661,0.80393,0.896215,1.249534,0.595996,0,0
2023-07-07,0.547984,0.840727,0.547357,0.840726,1.249534,0.595996,0,0
2023-07-10,0.749967,0.880339,0.667645,0.880339,1.249534,0.547357,0,0
2023-07-11,0.739161,0.822476,0.634615,0.728603,1.249534,0.547357,0,0
2023-07-12,0.75035,0.867881,0.653765,0.862292,1.249534,0.547357,0,0
2023-07-13,0.634063,0.83495,0.634063,0.83495,1.249534,0.547357,0,0
2023-07-14,0.716752,0.868753,0.71064,0.868696,1.249534,0.547357,0,0
2023-07-17,0.670338,0.856602,0.597055,0.856602,1.249534,0.547357,0,0
2023-07-18,0.868605,0.868605,0.701107,0.802751,1.249534,0.547357,0,0
2023-07-19,0.950585,0.97555,0.772739,0.828364,1.249534,0.547357,0,0
2023-07-20,0.738848,0.87263,0.720423,0.87263,1.249534,0.547357,0,0
2023-07-21,0.573041,0.89045,0.571082,0.890425,0.97555,0.547357,0,0
2023-07-24,0.788338,0.874216,0.677558,0.874181,0.97555,0.547357,0,0
2023-07-25,0.687809,0.882237,0.66298,0.870739,0.97555,0.547357,0,0
2023-07-26,0.768279,0.969814,0.759372,0.96325,0.97555,0.547357,0,0
2023-07-27,0.77914,0.960144,0.77914,0.959948,0.97555,0.547357,0,0
2023-07-28,0.803069,0.88348,0.777038,0.882316,0.97555,0.547357,0,0
2023-07-31,0.705392,0.914672,0.694493,0.914559,0.97555,0.547357,0,0
2023-08-01,0.759982,0.842541,0.676789,0.837704,0.97555,0.547357,0,0
2023-08-02,1.041852,1.053866,0.885139,0.972221,0.97555,0.547357,0,0
2023-08-03,1.05255,1.05255,0.797916,0.883814,1.053866,0.547357,0,0
2023-08-04,0.833739,1.023108,0.820698,1.02303,1.053866,0.547357,0,0
2023-08-07,0.935681,1.033588,0.903189,1.032714,1.053866,0.571082,0,0
2023-08-08,1.040321,1.069368,0.987599,1.011428,1.053866,0.571082,0,0
2023-08-09,0.804413,0.986904,0.764173,0.978118,1.069368,0.571082,0,0
2023-08-10,0.90538,1.081244,0.885146,1.060908,1.069368,0.571082,0,0
2023-08-11,0.994015,1.024915,0.884872,1.023998,1.081244,0.571082,0,0
2023-08-14,0.8695,1.014552,0.8695,0.97427,1.081244,0.571082,0,0
2023-08-15,1.13157,1.139227,0.964634,1.05489,1.081244,0.571082,0,0
2023-08-16,1.006709,1.278887,0.95306,1.278559,1.139227,0.571082,0,0
2023-08-17,1.055953,1.136244,0.887717,1.132097,1.278887,0.571082,0,0
2023-08-18,0.978238,1.19545,0.915084,1.181437,1.278887,0.571082,0,0
2023-08-21,0.911541,0.987168,0.870931,0.949676,1.278887,0.66298,0,0
2023-08-22,0.931429,1.092886,0.929935,0.954012,1.278887,0.66298,0,0
2023-08-23,0.829488,1.185194,0.829488,1.169531,1.278887,0.676789,0,0
2023-08-24,1.079427,1.118682,0.968667,1.118682,1.278887,0.676789,0,0
2023-08-25,0.938569,1.084508,0.907957,1.08149,1.278887,0.676789,0,0
2023-08-28,0.915694,1.092337,0.895223,1.085103,1.278887,0.676789,0,0
2023-08-29,0.891254,0.965674,0.816895,0.96398,1.278887,0.676789,0,0
2023-08-30,0.76744,1.106672,0.742057,1.102809,1.278887,0.764173,0,0
2023-08-31,0.786333,0.967022,0.680976,0.967022,1.278887,0.742057,0,0
2023-09-01,0.940621,1.055696,0.869642,1.055696,1.278887,0.680976,0,0
2023-09-05,0.990353,1.063934,0.886609,1.061598,1.278887,0.680976,0,0
2023-09-06,1.001765,1.247204,0.935163,1.247081,1.278887,0.680976,0,0
2023-09-07,1.039641,1.226782,1.011793,1.108912,1.278887,0.680976,0,0
2023-09-08,0.915296,1.093166,0.874285,1.083044,1.278887,0.680976,0,0
2023-09-11,0.849051,1.070835,0.849051,1.045954,1.278887,0.680976,0,0
2023-09-12,0.701813,0.962362,0.701813,0.952939,1.278887,0.680976,0,0
2023-09-13,0.945423,1.291336,0.80036,1.287597,1.278887,0.680976,0,0
2023-09-14,1.094332,1.15164,0.950472,1.132025,1.291336,0.680976,0,0
2023-09-15,1.013246,1.030532,0.889515,0.973159,1.291336,0.680976,0,0
2023-09-18,0.95214,1.110279,0.908018,1.110015,1.291336,0.680976,0,0
2023-09-19,0.973214,0.997314,0.78476,0.913788,1.291336,0.680976,0,0
2023-09-20,1.16532,1.16532,0.893219,1.078299,1.291336,0.680976,0,0
2023-09-21,1.185651,1.185651,0.970951,1.157358,1.291336,0.680976,0,0
2023-09-22,1.132158,1.171281,1.001458,1.168875,1.291336,0.680976,0,0
2023-09-25,0.964497,1.124396,0.958403,1.102275,1.291336,0.680976,0,0
2023-09-26,1.038812,1.138454,0.983982,1.138454,1.291336,0.680976,0,0
2023-09-27,1.18931,1.29257,1.018397,1.291546,1.291336,0.680976,0,0
2023-09-28,1.332833,1.332833,0.860012,0.995153,1.29257,0.680976,0,0
2023-09-29,0.958368,1.066393,0.89684,1.065592,1.332833,0.680976,0,0
2023-10-02,0.8883,1.103565,0.879165,1.098458,1.332833,0.701813,0,0
2023-10-03,0.917131,1.150519,0.88968,1.13615,1.332833,0.701813,0,0
2023-10-04,0.943726,1.714339,0.943726,1.639093,1.332833,0.701813,0,0
2023-10-05,1.326356,1.433858,1.164612,1.302057,1.714339,0.701813,0,0
2023-10-06,0.940613,1.041031,0.909546,0.9763,1.714339,0.701813,0,0
2023-10-09,0.879539,1.094627,0.879539,1.094627,1.714339,0.701813,0,0
2023-10-10,0.86905,0.983622,0.824877,0.979849,1.714339,0.701813,0,0
2023-10-11,0.976234,1.264706,0.856236,1.261383,1.714339,0.78476,0,0
2023-10-12,1.099276,1.16483,0.88989,1.116046,1.714339,0.78476,0,0
2023-10-13,0.886585,1.077054,0.843319,1.077054,1.714339,0.78476,0,0
2023-10-16,0.831353,1.080148,0.831353,1.080148,1.714339,0.78476,0,0
2023-10-17,0.954192,1.053594,0.888919,1.051685,1.714339,0.78476,0,0
2023-10-18,1.224137,1.247918,0.995081,1.020828,1.714339,0.824877,0,0
2023-10-19,1.148953,1.16377,0.987523,1.090066,1.714339,0.824877,0,0
2023-10-20,0.980664,1.092079,0.938194,1.091988,1.714339,0.824877,0,0
2023-10-23,0.772772,0.928017,0.772772,0.927474,1.714339,0.824877,0,0
2023-10-24,0.85831,0.932331,0.779495,0.930157,1.714339,0.772772,0,0
2023-10-25,1.01694,1.284878,0.907105,1.284268,1.714339,0.772772,0,0
2023-10-26,0.919555,1.13701,0.919555,1.13701,1.714339,0.772772,0,0
2023-10-27,0.854255,1.216152,0.845736,1.167733,1.714339,0.772772,0,0
2023-10-30,0.865728,1.090096,0.816407,1.090084,1.714339,0.772772,0,0
2023-10-31,1.153987,1.153987,0.882176,1.100433,1.714339,0.772772,0,0
2023-11-01,1.04065,1.052836,0.852274,0.992336,1.714339,0.772772,0,0
2023-11-02,0.798642,0.98758,0.771638,0.987154,1.433858,0.772772,0,0
2023-11-03,0.762958,0.918333,0.736899,0.917348,1.284878,0.771638,0,0
2023-11-06,1.100723,1.160684,1.023852,1.127167,1.284878,0.736899,0,0
2023-11-07,0.883226,1.043386,0.883226,0.978466,1.284878,0.736899,0,0
2023-11-08,0.780357,1.192989,0.730494,1.192924,1.284878,0.736899,0,0
2023-11-09,1.098787,1.159612,0.953233,1.124711,1.284878,0.730494,0,0
2023-11-10,0.911479,1.070649,0.911479,1.070491,1.284878,0.730494,0,0
2023-11-13,1.025999,1.18064,1.000316,1.170411,1.284878,0.730494,0,0
2023-11-14,0.827327,0.966185,0.765099,0.966185,1.284878,0.730494,0,0
2023-11-15,0.576925,0.868079,0.576925,0.867787,1.284878,0.730494,0,0
2023-11-16,0.92779,0.978149,0.818264,0.977192,1.284878,0.576925,0,0
2023-11-17,0.768831,0.950507,0.768831,0.883126,1.284878,0.576925,0,0
2023-11-20,0.735577,1.043724,0.735577,1.004065,1.284878,0.576925,0,0
2023-11-21,1.009263,1.151077,0.877456,1.072725,1.284878,0.576925,0,0
2023-11-22,0.759561,0.944263,0.733674,0.944263,1.284878,0.576925,0,0
2023-11-24,0.955964,1.137505,0.934311,1.119656,1.216152,0.576925,0,0
2023-11-27,1.046395,1.12129,0.95966,1.12074,1.216152,0.576925,0,0
2023-11-28,1.048749,1.072241,0.912976,0.978049,1.192989,0.576925,0,0
2023-11-29,0.707106,0.839427,0.674703,0.795662,1.192989,0.576925,0,0
2023-11-30,0.963066,0.978805,0.724498,0.902012,1.192989,0.576925,0,0
2023-12-01,0.847348,0.912767,0.777137,0.851411,1.192989,0.576925,0,0
2023-12-04,0.853952,0.853952,0.756378,0.838012,1.192989,0.576925,0,0
2023-12-05,0.680237,0.907989,0.672287,0.907989,1.192989,0.576925,0,0
2023-12-06,0.915633,0.915633,0.728811,0.878083,1.192989,0.576925,0,0
2023-12-07,0.918529,1.043009,0.918529,0.962934,1.192989,0.576925,0,0
2023-12-08,0.840759,0.91396,0.806993,0.91396,1.18064,0.576925,0,0
2023-12-11,0.880456,0.988238,0.877335,0.933231,1.18064,0.576925,0,0
2023-12-12,0.997322,1.011576,0.918377,1.000552,1.18064,0.576925,0,0
2023-12-13,1.027438,1.206167,0.796575,1.011796,1.151077,0.576925,0,0
2023-12-14,0.727008,0.844636,0.678539,0.843808,1.206167,0.576925,0,0
2023-12-15,0.887422,0.934311,0.753628,0.794317,1.206167,0.672287,0,0
2023-12-18,0.833514,1.024499,0.789709,1.024499,1.206167,0.672287,0,0
2023-12-19,0.974522,0.977304,0.845413,0.876505,1.206167,0.672287,0,0
2023-12-20,0.934697,0.959126,0.710311,0.927492,1.206167,0.672287,0,0
2023-12-21,0.822262,0.969569,0.807494,0.948855,1.206167,0.672287,0,0
2023-12-22,0.706684,0.87973,0.705068,0.878658,1.206167,0.672287,0,0
2023-12-26,0.746994,0.917441,0.734655,0.917441,1.206167,0.672287,0,0
2023-12-27,0.471711,1.10221,0.471711,1.08933,1.206167,0.672287,0,0
2023-12-28,0.734114,0.934681,0.684616,0.890631,1.206167,0.471711,0,0
2023-12-29,0.719891,0.977273,0.661867,0.976953,1.206167,0.471711,0,0
2024-01-02,0.988464,0.988464,0.854287,0.906934,1.206167,0.471711,0,0
2024-01-03,1.308942,1.308942,1.011052,1.05052,1.206167,0.471711,0,0
2024-01-04,0.8829,0.955006,0.865084,0.955006,1.308942,0.471711,0,0
2024-01-05,1.037073,1.614036,0.951896,1.205637,1.308942,0.471711,0,0
2024-01-08,0.767435,0.869941,0.721629,0.850602,1.614036,0.471711,0,0
2024-01-09,1.007265,1.139886,0.891257,0.928019,1.614036,0.471711,0,0
2024-01-10,0.704236,1.281003,0.631768,1.280995,1.614036,0.471711,0,0
2024-01-11,0.922788,1.037455,0.922788,1.037453,1.614036,0.471711,0,0
2024-01-12,1.01312,1.064946,0.790254,0.886315,1.614036,0.471711,0,0
2024-01-16,1.195817,1.224382,0.899311,1.023731,1.614036,0.471711,0,0
2024-01-17,1.504306,1.504306,0.919993,1.007147,1.614036,0.471711,0,0
2024-01-18,0.967804,1.003436,0.929942,0.94225,1.614036,0.471711,0,0
2024-01-19,0.898133,0.96944,0.824249,0.914154,1.614036,0.471711,0,0
2024-01-22,0.916103,0.931084,0.833277,0.860062,1.614036,0.471711,0,0
2024-01-23,0.743207,1.390293,0.687284,0.913623,1.614036,0.471711,0,0
2024-01-24,0.87203,0.974547,0.783773,0.97444,1.614036,0.471711,0,0
2024-01-25,0.92526,0.983913,0.800755,0.944596,1.614036,0.471711,0,0
2024-01-26,0.847156,0.898578,0.660598,0.898076,1.614036,0.471711,0,0
2024-01-29,0.846543,0.960602,0.844103,0.940026,1.614036,0.631768,0,0
2024-01-30,0.787388,0.931933,0.755941,0.903634,1.614036,0.631768,0,0
2024-01-31,0.886018,0.918836,0.815638,0.918836,1.614036,0.631768,0,0
2024-02-01,1.148117,1.153512,0.995337,1.015877,1.614036,0.631768,0,0
2024-02-02,0.877734,1.068571,0.853925,1.068446,1.614036,0.631768,0,0
2024-02-05,0.893066,0.983972,0.866373,0.916857,1.614036,0.631768,0,0
2024-02-06,0.717784,0.817502,0.717784,0.782505,1.504306,0.631768,0,0
2024-02-07,0.99183,1.00558,0.748639,0.983076,1.504306,0.631768,0,0
2024-02-08,0.802963,0.861383,0.721661,0.846455,1.504306,0.631768,0,0
2024-02-09,0.912295,0.9224,0.721736,0.838261,1.504306,0.660598,0,0
2024-02-12,0.918716,1.640523,0.806712,1.037027,1.504306,0.660598,0,0
2024-02-13,1.030124,1.030124,0.835956,0.889248,1.640523,0.660598,0,0
2024-02-14,1.376583,1.376583,0.897762,0.937097,1.640523,0.660598,0,0
2024-02-15,0.861045,1.203995,0.736685,0.901403,1.640523,0.660598,0,0
2024-02-16,0.922907,0.98187,0.890592,0.98187,1.640523,0.660598,0,0
2024-02-20,0.929154,0.974095,0.891112,0.973786,1.640523,0.660598,0,0
2024-02-21,1.186173,1.186173,0.983316,1.091223,1.640523,0.660598,0,0
2024-02-22,0.99901,0.99901,0.915639,0.941813,1.640523,0.660598,0,0
2024-02-23,0.829307,0.957136,0.796015,0.957136,1.640523,0.660598,0,0
2024-02-26,0.965402,1.007367,0.86539,1.007367,1.640523,0.660598,0,0
2024-02-27,0.956965,1.020632,0.923207,0.964351,1.640523,0.717784,0,0
2024-02-28,0.797953,0.886805,0.70199,0.873995,1.640523,0.717784,0,0
2024-02-29,0.957385,1.004154,0.925649,0.933109,1.640523,0.70199,0,0
2024-03-01,0.879389,0.979812,0.805029,0.979812,1.640523,0.70199,0,0
2024-03-04,0.903449,0.954675,0.811809,0.866952,1.640523,0.70199,0,0
2024-03-05,0.971707,1.148019,0.967417,1.05744,1.640523,0.70199,0,0
2024-03-06,0.800537,1.06575,0.781868,1.06575,1.640523,0.70199,0,0
2024-03-07,1.031664,1.031664,0.899727,0.978358,1.640523,0.70199,0,0
2024-03-08,0.900139,0.931636,0.770086,0.931636,1.640523,0.70199,0,0
2024-03-11,1.024233,1.171967,0.981034,1.061938,1.640523,0.70199,0,0
2024-03-12,1.150068,1.224929,1.016078,1.06654,1.640523,0.70199,0,0
2024-03-13,0.971475,0.973065,0.699287,0.861655,1.376583,0.70199,0,0
2024-03-14,0.939854,1.009434,0.832647,0.948196,1.376583,0.699287,0,0
2024-03-15,0.983335,0.987422,0.758952,0.815492,1.224929,0.699287,0,0
2024-03-18,0.910336,0.967468,0.894458,0.91083,1.224929,0.699287,0,0
2024-03-19,1.000107,1.058824,0.974556,1.043572,1.224929,0.699287,0,0
2024-03-20,1.125753,1.125753,0.762326,0.990219,1.224929,0.699287,0,0
2024-03-21,0.90697,0.990454,0.894999,0.987414,1.224929,0.699287,0,0
2024-03-22,1.012628,1.639937,0.966734,1.306371,1.224929,0.699287,0,0
2024-03-25,0.811657,1.045787,0.788421,1.044985,1.639937,0.699287,0,0
2024-03-26,0.797142,1.001688,0.769072,0.998701,1.639937,0.699287,0,0
2024-03-27,0.912436,1.0684,0.902685,1.026814,1.639937,0.699287,0,0
2024-03-28,1.061921,1.478572,0.885483,1.237667,1.639937,0.699287,0,0
2024-04-01,0.85823,0.950913,0.819041,0.940151,1.639937,0.699287,0,0
2024-04-02,1.059152,1.059223,0.904772,0.955712,1.639937,0.699287,0,0
2024-04-03,0.93174,1.079162,0.912346,1.078364,1.639937,0.699287,0,0
2024-04-04,0.802375,1.030861,0.77088,1.029938,1.639937,0.699287,0,0
2024-04-05,1.015683,1.23178,0.984139,1.217112,1.639937,0.699287,0,0
2024-04-08,0.841883,1.009473,0.827249,1.007092,1.639937,0.699287,0,0
2024-04-09,0.977673,1.060114,0.813032,1.058971,1.639937,0.699287,0,0
2024-04-10,1.044846,1.156245,0.942855,1.035373,1.639937,0.699287,0,0
2024-04-11,0.995065,1.024319,0.928195,1.002263,1.639937,0.699287,0,0
2024-04-12,0.889605,0.894155,0.735033,0.859538,1.639937,0.758952,0,0
2024-04-15,0.932895,0.94735,0.688676,0.9392,1.639937,0.735033,0,0
2024-04-16,0.464329,0.839874,0.464329,0.82652,1.639937,0.688676,0,0
2024-04-17,0.904282,1.286587,0.872089,1.286414,1.639937,0.464329,0,0
2024-04-18,1.000526,1.057095,0.917482,1.04554,1.639937,0.464329,0,0
2024-04-19,1.074882,1.135152,0.971895,1.095437,1.639937,0.464329,0,0
2024-04-22,1.196256,1.196256,0.934115,0.949683,1.639937,0.464329,0,0
2024-04-23,0.896849,1.033193,0.805501,1.03294,1.478572,0.464329,0,0
2024-04-24,0.893429,1.023388,0.864378,0.943957,1.478572,0.464329,0,0
2024-04-25,0.97507,0.990778,0.881316,0.925591,1.478572,0.464329,0,0
2024-04-26,0.884522,1.013474,0.812834,1.013474,1.478572,0.464329,0,0
2024-04-29,0.887377,0.949404,0.818887,0.941589,1.286587,0.464329,0,0
2024-04-30,0.899528,0.949395,0.877053,0.94557,1.286587,0.464329,0,0
2024-05-01,1.027574,1.074401,0.915969,1.067785,1.286587,0.464329,0,0
2024-05-02,0.89781,1.063359,0.894053,1.006484,1.286587,0.464329,0,0
2024-05-03,0.875293,0.955315,0.78245,0.955183,1.286587,0.464329,0,0
2024-05-06,0.786061,2.492142,0.786061,1.313925,1.286587,0.464329,0,0
2024-05-07,0.780805,1.03323,0.780805,0.999771,2.492142,0.464329,0,0
2024-05-08,1.009591,1.009591,0.849384,0.969986,2.492142,0.464329,0,0
2024-05-09,1.006968,1.034964,0.794319,0.875094,2.492142,0.464329,0,0
2024-05-10,0.79693,0.928714,0.736778,0.928714,2.492142,0.464329,0,0
2024-05-13,0.923069,1.061536,0.778628,0.930826,2.492142,0.464329,0,0
2024-05-14,0.746716,0.913413,0.699755,0.90315,2.492142,0.464329,0,0
2024-05-15,0.907492,1.242633,0.84011,0.870414,2.492142,0.699755,0,0
2024-05-16,0.805595,0.875447,0.689665,0.839019,2.492142,0.699755,0,0
2024-05-17,0.865008,0.91692,0.777842,0.840061,2.492142,0.689665,0,0
2024-05-20,0.808521,1.263612,0.725781,1.047695,2.492142,0.689665,0,0
2024-05-21,0.903381,0.971882,0.796659,0.819992,2.492142,0.689665,0,0
2024-05-22,1.154195,1.154195,0.739782,0.817373,2.492142,0.689665,0,0
2024-05-23,0.893155,0.951524,0.790654,0.896164,2.492142,0.689665,0,0
2024-05-24,1.015333,1.015333,0.904002,1.004437,2.492142,0.689665,0,0
2024-05-28,0.800346,0.894389,0.743679,0.894375,2.492142,0.689665,0,0
2024-05-29,0.949237,0.994907,0.873703,0.994782,2.492142,0.689665,0,0
2024-05-30,0.919544,1.01347,0.837611,1.011362,2.492142,0.689665,0,0
2024-05-31,0.996273,1.009901,0.852222,0.944289,2.492142,0.689665,0,0
2024-06-03,0.744621,0.889073,0.638812,0.882012,2.492142,0.689665,0,0
2024-06-04,0.891858,1.027543,0.87673,0.955795,2.492142,0.638812,0,0
2024-06-05,1.005989,1.063149,0.841826,0.952927,1.263612,0.638812,0,0
2024-06-06,3.129197,3.129197,0.966466,0.982143,1.263612,0.638812,0,0
2024-06-07,0.754308,0.85913,0.706047,0.85913,3.129197,0.638812,0,0
2024-06-10,1.103612,1.103612,0.863973,0.919376,3.129197,0.638812,0,0
2024-06-11,0.977758,0.986682,0.847807,0.875011,3.129197,0.638812,0,0
2024-06-12,0.755604,0.818866,0.698179,0.818866,3.129197,0.638812,0,0
2024-06-13,0.842269,1.031439,0.842269,1.022643,3.129197,0.638812,0,0
2024-06-14,0.932838,1.065827,0.831891,0.916596,3.129197,0.638812,0,0
2024-06-17,0.932838,1.083537,0.779705,0.896604,3.129197,0.638812,0,0
2024-06-18,1.013597,1.076328,0.801637,0.847186,3.129197,0.638812,0,0
2024-06-20,0.68954,0.914717,0.68954,0.914717,3.129197,0.638812,0,0
2024-06-21,0.997055,0.997055,0.830641,0.868336,3.129197,0.638812,0,0
2024-06-24,0.942735,0.996177,0.895428,0.967835,3.129197,0.638812,0,0
2024-06-25,1.011271,1.067835,0.87088,0.901529,3.129197,0.638812,0,0
2024-06-26,0.80484,0.80484,0.69405,0.742922,3.129197,0.638812,0,0
2024-06-27,0.744172,0.825777,0.685019,0.825564,3.129197,0.638812,0,0
2024-06-28,0.636733,0.901847,0.610919,0.900958,3.129197,0.638812,0,0
2024-07-01,0.891182,0.947663,0.80195,0.938774,3.129197,0.610919,0,0
2024-07-02,0.760798,0.949978,0.760265,0.933371,3.129197,0.610919,0,0
2024-07-03,0.64861,0.834959,0.622928,0.834959,3.129197,0.610919,0,0
2024-07-05,0.808399,0.893156,0.772734,0.892308,3.129197,0.610919,0,0
2024-07-08,0.743865,0.814221,0.683926,0.795424,3.129197,0.610919,0,0
2024-07-09,0.760872,0.897252,0.752041,0.890225,1.103612,0.610919,0,0
2024-07-10,0.826158,0.869301,0.763782,0.850317,1.103612,0.610919,0,0
2024-07-11,0.74316,0.821279,0.680984,0.820969,1.083537,0.610919,0,0
2024-07-12,0.726681,0.885215,0.726681,0.830084,1.083537,0.610919,0,0
2024-07-15,0.626417,0.899473,0.626417,0.853104,1.083537,0.610919,0,0
2024-07-16,0.69541,0.866977,0.69541,0.786763,1.083537,0.610919,0,0
2024-07-17,0.86199,0.885017,0.773237,0.830812,1.083537,0.610919,0,0
2024-07-18,0.714956,0.922122,0.666862,0.922122,1.076328,0.610919,0,0
2024-07-19,0.853591,0.854529,0.739706,0.830795,1.067835,0.610919,0,0
2024-07-22,0.717799,0.91307,0.696664,0.894444,1.067835,0.610919,0,0
2024-07-23,0.719991,0.961487,0.713627,0.961137,1.067835,0.610919,0,0
2024-07-24,1.271301,1.271301,0.951894,1.027021,1.067835,0.610919,0,0
2024-07-25,1.049589,1.105852,0.886538,0.978821,1.271301,0.610919,0,0
2024-07-26,0.824483,1.052265,0.818366,1.051218,1.271301,0.610919,0,0
2024-07-29,0.815201,0.974447,0.769139,0.905299,1.271301,0.610919,0,0
2024-07-30,0.99236,1.096314,0.973645,1.043607,1.271301,0.622928,0,0
2024-07-31,0.785904,0.99668,0.651123,0.991827,1.271301,0.622928,0,0
2024-08-01,0.787593,0.966573,0.758862,0.931338,1.271301,0.622928,0,0
2024-08-02,1.18571,1.486356,1.114083,1.162825,1.271301,0.626417,0,0
2024-08-05,1.413682,1.415903,1.210298,1.296817,1.486356,0.626417,0,0
2024-08-06,1.172839,1.172839,1.02885,1.116467,1.486356,0.626417,0,0
2024-08-07,1.107853,1.107853,0.762465,1.084922,1.486356,0.626417,0,0
2024-08-08,0.876468,1.185072,0.876468,1.184686,1.486356,0.626417,0,0
2024-08-09,0.870426,0.970376,0.843402,0.968705,1.486356,0.626417,0,0
2024-08-12,0.97197,1.061499,0.88115,1.026438,1.486356,0.626417,0,0
2024-08-13,0.879496,1.015585,0.841471,0.963773,1.486356,0.651123,0,0
2024-08-14,0.711191,0.88885,0.692994,0.888721,1.486356,0.651123,0,0
2024-08-15,0.917479,1.002859,0.815069,0.963906,1.486356,0.651123,0,0
2024-08-16,0.856841,0.930995,0.707608,0.921295,1.486356,0.651123,0,0
2024-08-19,0.689938,0.755655,0.661494,0.755652,1.486356,0.651123,0,0
2024-08-20,0.662112,0.934273,0.642957,0.815259,1.486356,0.651123,0,0
2024-08-21,0.942495,0.942495,0.757702,0.861815,1.486356,0.642957,0,0
2024-08-22,0.715912,0.9208,0.715912,0.9208,1.486356,0.642957,0,0
2024-08-23,0.903417,1.429057,0.836881,1.084525,1.486356,0.642957,0,0
2024-08-26,0.810833,1.075063,0.767663,0.919196,1.486356,0.642957,0,0
2024-08-27,0.996917,1.142646,0.918444,0.986014,1.486356,0.642957,0,0
2024-08-28,0.839821,0.931243,0.807634,0.899743,1.486356,0.642957,0,0
2024-08-29,0.79172,0.947996,0.772571,0.939068,1.486356,0.642957,0,0
2024-08-30,0.694087,0.852094,0.679329,0.733782,1.486356,0.642957,0,0
2024-09-03,0.9665,1.052145,0.780794,0.802363,1.429057,0.642957,0,0
2024-09-04,0.949662,1.129666,0.926218,1.002274,1.429057,0.642957,0,0
2024-09-05,0.867541,0.883078,0.563075,0.857042,1.429057,0.642957,0,0
2024-09-06,1.034572,1.175355,1.034572,1.152531,1.429057,0.563075,0,0
2024-09-09,0.914571,1.135519,0.883736,1.120052,1.429057,0.563075,0,0
2024-09-10,0.871051,1.016294,0.834945,0.92131,1.429057,0.563075,0,0
2024-09-11,0.917654,0.953072,0.764782,0.863277,1.429057,0.563075,0,0
2024-09-12,0.843056,0.944946,0.794877,0.94353,1.429057,0.563075,0,0
2024-09-13,0.681263,0.966136,0.675792,0.924513,1.429057,0.563075,0,0
2024-09-16,0.874585,0.893888,0.797648,0.809698,1.429057,0.563075,0,0
2024-09-17,0.960456,0.960456,0.768772,0.791772,1.429057,0.563075,0,0
2024-09-18,1.405411,1.60901,0.921494,0.966208,1.429057,0.563075,0,0
2024-09-19,1.445956,1.445956,0.91487,1.02445,1.60901,0.563075,0,0
2024-09-20,1.0954,1.426347,0.879654,0.887235,1.60901,0.563075,0,0
2024-09-23,0.712834,0.880408,0.693527,0.854325,1.60901,0.563075,0,0
2024-09-24,0.675783,0.917345,0.675783,0.907144,1.60901,0.563075,0,0
2024-09-25,0.765706,0.820012,0.66345,0.765133,1.60901,0.563075,0,0
2024-09-26,0.838677,0.860228,0.742731,0.785491,1.60901,0.563075,0,0
2024-09-27,0.883663,0.910328,0.730323,0.764513,1.60901,0.563075,0,0
2024-09-30,0.749344,0.925431,0.748156,0.925431,1.60901,0.563075,0,0
2024-10-01,1.084123,1.084123,0.792798,0.875425,1.60901,0.563075,0,0
2024-10-02,1.028321,1.034387,0.902921,1.005858,1.60901,0.563075,0,0
2024-10-03,1.08945,1.125712,0.670692,0.853351,1.60901,0.563075,0,0
2024-10-04,1.116763,1.116763,0.886503,1.027181,1.60901,0.66345,0,0
2024-10-07,0.869591,0.899436,0.772353,0.797099,1.60901,0.66345,0,0
2024-10-08,0.770648,0.931818,0.76442,0.921624,1.60901,0.66345,0,0
2024-10-09,0.907528,0.973783,0.730086,0.972878,1.60901,0.66345,0,0
2024-10-10,0.88858,0.910024,0.744787,0.860054,1.60901,0.66345,0,0
2024-10-11,0.826348,0.92948,0.747211,0.925615,1.60901,0.66345,0,0
2024-10-14,0.756149,0.838879,0.682778,0.831279,1.60901,0.66345,0,0
2024-10-15,0.888219,0.93306,0.791812,0.90284,1.60901,0.66345,0,0
2024-10-16,1.213357,1.213357,0.775022,0.891385,1.60901,0.66345,0,0
2024-10-17,0.788708,0.990727,0.758855,0.990727,1.445956,0.66345,0,0
2024-10-18,0.723484,0.911087,0.723484,0.845466,1.426347,0.66345,0,0
2024-10-21,0.879969,0.933841,0.780308,0.928591,1.213357,0.66345,0,0
2024-10-22,1.147769,1.215837,0.987027,0.987886,1.213357,0.66345,0,0
2024-10-23,0.936431,1.031111,0.897952,0.923863,1.215837,0.66345,0,0
2024-10-24,0.790718,0.865308,0.740183,0.865093,1.215837,0.670692,0,0
2024-10-25,0.845781,0.958366,0.773462,0.896424,1.215837,0.670692,0,0
2024-10-28,0.791296,2.122326,0.782067,1.054566,1.215837,0.670692,0,0
2024-10-29,0.924992,0.94957,0.826532,0.887206,2.122326,0.670692,0,0
2024-10-30,0.945546,0.964552,0.855179,0.928016,2.122326,0.670692,0,0
2024-10-31,0.870266,1.032399,0.760604,1.002297,2.122326,0.670692,0,0
2024-11-01,0.955635,1.168372,0.902178,1.168372,2.122326,0.682778,0,0
2024-11-04,1.064596,1.394774,0.973055,1.275704,2.122326,0.682778,0,0
2024-11-05,1.050948,1.050948,0.797585,0.989583,2.122326,0.682778,0,0
2024-11-06,0.803092,0.847912,0.693521,0.847803,2.122326,0.682778,0,0
2024-11-07,1.019374,1.163844,0.7846,0.828264,2.122326,0.682778,0,0
2024-11-08,0.798186,0.865997,0.762968,0.825901,2.122326,0.682778,0,0
2024-11-11,0.74545,0.798083,0.629823,0.747476,2.122326,0.682778,0,0
2024-11-12,0.668783,0.84147,0.668783,0.840951,2.122326,0.629823,0,0
2024-11-13,0.724742,0.883264,0.724742,0.828668,2.122326,0.629823,0,0
2024-11-14,0.736756,0.908766,0.734711,0.907382,2.122326,0.629823,0,0
2024-11-15,0.963347,1.01631,0.884106,0.939129,2.122326,0.629823,0,0
2024-11-18,0.851529,0.914088,0.791087,0.839293,2.122326,0.629823,0,0
2024-11-19,0.862645,1.002556,0.829125,0.864729,2.122326,0.629823,0,0
2024-11-20,0.727944,0.810987,0.720161,0.810697,2.122326,0.629823,0,0
2024-11-21,0.832074,0.832074,0.764733,0.798973,2.122326,0.629823,0,0
2024-11-22,0.717108,0.929215,0.700155,0.88618,2.122326,0.629823,0,0
2024-11-25,0.722164,0.78752,0.712004,0.758272,2.122326,0.629823,0,0
2024-11-26,0.787062,0.872381,0.753519,0.816504,1.394774,0.629823,0,0
2024-11-27,0.831229,0.863597,0.785388,0.863597,1.394774,0.629823,0,0
2024-11-29,0.833669,0.880183,0.789518,0.880183,1.394774,0.629823,0,0
2024-12-02,0.843638,0.928579,0.69112,0.858389,1.394774,0.629823,0,0
2024-12-03,0.868001,0.887249,0.769549,0.827175,1.394774,0.629823,0,0
2024-12-04,1.106773,1.106773,0.791715,0.798222,1.163844,0.629823,0,0
2024-12-05,0.587349,0.816916,0.587349,0.816906,1.163844,0.629823,0,0
2024-12-06,0.75948,0.866829,0.583402,0.856792,1.163844,0.587349,0,0
2024-12-09,0.705553,0.944621,0.675442,0.763497,1.106773,0.583402,0,0
2024-12-10,0.869675,0.930325,0.758639,0.849423,1.106773,0.583402,0,0
2024-12-11,0.819349,0.819349,0.74256,0.795933,1.106773,0.583402,0,0
2024-12-12,0.751737,0.882559,0.662667,0.882559,1.106773,0.583402,0,0
2024-12-13,0.685185,0.901757,0.653327,0.85745,1.106773,0.583402,0,0
2024-12-16,0.840279,0.929056,0.81118,0.887895,1.106773,0.583402,0,0
2024-12-17,0.899398,0.914949,0.73601,0.813762,1.106773,0.583402,0,0
2024-12-18,0.910338,0.923185,0.665947,0.847198,1.106773,0.583402,0,0
2024-12-19,1.123298,1.123298,0.962145,1.065324,1.106773,0.583402,0,0
2024-12-20,1.200498,1.219285,0.977151,1.00123,1.123298,0.583402,0,0
2024-12-23,0.77672,1.155772,0.77412,0.91896,1.219285,0.583402,0,0
2024-12-24,2.034343,2.034343,0.955512,0.963687,1.219285,0.583402,0,0
2024-12-26,0.756029,0.909368,0.74095,0.7873,2.034343,0.583402,0,0
2024-12-27,0.888469,0.892358,0.833101,0.873192,2.034343,0.583402,0,0
2024-12-30,1.253834,1.288687,0.89081,0.932233,2.034343,0.583402,0,0
2024-12-31,0.739342,0.808082,0.725867,0.808082,2.034343,0.583402,0,0
2025-01-02,0.847637,1.054988,0.773443,1.05471,2.034343,0.583402,0,0
2025-01-03,0.684275,0.866459,0.531682,0.847195,2.034343,0.583402,0,0
2025-01-06,0.663705,0.928985,0.625259,0.82603,2.034343,0.531682,0,0
2025-01-07,0.748512,0.930644,0.671022,0.78145,2.034343,0.531682,0,0
2025-01-08,1.056696,1.075198,0.92718,0.964747,2.034343,0.531682,0,0
2025-01-10,1.158609,1.158609,0.928621,1.00327,2.034343,0.531682,0,0
2025-01-13,1.023363,1.167172,0.950774,1.002523,2.034343,0.531682,0,0
2025-01-14,0.920188,0.920188,0.780156,0.811238,2.034343,0.531682,0,0
2025-01-15,0.933127,0.991243,0.796993,0.844931,2.034343,0.531682,0,0
2025-01-16,0.666196,0.890912,0.666196,0.890847,2.034343,0.531682,0,0
2025-01-17,0.658598,0.697701,0.569533,0.697701,2.034343,0.531682,0,0
2025-01-21,0.634717,0.82283,0.634436,0.763741,2.034343,0.531682,0,0
2025-01-22,1.00563,1.00563,0.651772,0.765854,2.034343,0.531682,0,0
2025-01-23,0.762315,0.858643,0.713831,0.780026,2.034343,0.531682,0,0
2025-01-24,0.661107,0.767083,0.658664,0.766898,2.034343,0.531682,0,0
2025-01-27,1.067682,1.082794,0.87955,0.911164,2.034343,0.531682,0,0
2025-01-28,0.844683,0.89962,0.737472,0.745892,1.288687,0.531682,0,0
2025-01-29,1.035676,1.035676,0.711332,0.73111,1.288687,0.531682,0,0
2025-01-30,0.805579,0.807068,0.554728,0.698627,1.288687,0.531682,0,0
2025-01-31,0.864913,0.879968,0.68023,0.879963,1.167172,0.531682,0,0
2025-02-03,0.999273,1.028187,0.908928,0.946128,1.167172,0.531682,0,0
2025-02-04,0.860422,0.912922,0.788419,0.844076,1.167172,0.531682,0,0
2025-02-05,0.737887,0.818812,0.711131,0.802711,1.167172,0.554728,0,0
2025-02-06,0.733357,0.791733,0.662558,0.78823,1.167172,0.554728,0,0
2025-02-07,0.806758,0.820442,0.743676,0.797328,1.167172,0.554728,0,0
2025-02-10,0.868186,0.868186,0.717539,0.781988,1.167172,0.554728,0,0
2025-02-11,0.994581,1.007489,0.795437,0.835176,1.167172,0.554728,0,0
2025-02-12,0.83049,0.904139,0.823056,0.85851,1.082794,0.554728,0,0
2025-02-13,0.787581,0.938679,0.757392,0.937753,1.082794,0.554728,0,0
2025-02-14,0.669264,0.724245,0.619331,0.716363,1.082794,0.554728,0,0
2025-02-18,0.692532,0.760762,0.637185,0.758292,1.082794,0.554728,0,0
2025-02-19,1.248279,1.248279,0.862892,0.905242,1.082794,0.554728,0,0
2025-02-20,0.793817,0.793817,0.720671,0.778416,1.248279,0.554728,0,0
2025-02-21,0.778053,0.895241,0.728475,0.89464,1.248279,0.554728,0,0
2025-02-24,1.008712,1.087745,0.975466,1.002856,1.248279,0.554728,0,0
2025-02-25,1.052371,1.052371,0.922885,0.940266,1.248279,0.554728,0,0
2025-02-26,0.883562,0.952666,0.757846,0.919714,1.248279,0.554728,0,0
2025-02-27,0.840376,0.91908,0.682533,0.8308,1.248279,0.554728,0,0
2025-02-28,1.03079,1.03079,0.76949,0.931133,1.248279,0.554728,0,0
2025-03-03,0.855233,0.946864,0.811077,0.945213,1.248279,0.619331,0,0
2025-03-04,1.140948,1.153185,0.89865,0.9172,1.248279,0.619331,0,0
2025-03-05,0.89373,0.918989,0.599477,0.754867,1.248279,0.619331,0,0
2025-03-06,1.15562,1.15562,0.874267,0.956356,1.248279,0.599477,0,0
2025-03-07,1.02844,1.02844,0.858597,0.916376,1.248279,0.599477,0,0
2025-03-10,0.955631,0.976261,0.814884,0.923035,1.248279,0.599477,0,0
2025-03-11,0.648622,0.952878,0.648622,0.921142,1.248279,0.599477,0,0
2025-03-12,0.627761,0.976012,0.62612,0.909281,1.248279,0.599477,0,0
2025-03-13,0.881808,1.089024,0.818807,1.047987,1.248279,0.599477,0,0
2025-03-14,0.829339,0.994937,0.798563,0.970747,1.248279,0.599477,0,0
2025-03-17,0.836958,1.158813,0.81809,0.892869,1.248279,0.599477,0,0
2025-03-18,1.261272,1.261272,0.759815,0.780897,1.248279,0.599477,0,0
2025-03-19,0.811604,0.873345,0.725611,0.871925,1.261272,0.599477,0,0
2025-03-20,0.949076,0.963306,0.82333,0.883871,1.261272,0.599477,0,0
2025-03-21,0.887413,0.903473,0.811807,0.852754,1.261272,0.599477,0,0
2025-03-24,0.781172,0.805927,0.687226,0.791078,1.261272,0.599477,0,0
2025-03-25,0.790073,0.817313,0.633554,0.789281,1.261272,0.599477,0,0
2025-03-26,0.85645,0.988074,0.795238,0.962519,1.261272,0.599477,0,0
2025-03-27,1.285659,1.285659,0.904953,0.981028,1.261272,0.599477,0,0
2025-03-28,0.910523,1.136089,0.910523,1.020843,1.285659,0.599477,0,0
2025-03-31,1.134261,1.160845,0.94045,0.972268,1.285659,0.599477,0,0
2025-04-01,0.74118,0.91207,0.718723,0.909846,1.285659,0.599477,0,0
2025-04-02,0.967206,1.029017,0.856037,0.962027,1.285659,0.599477,0,0
2025-04-03,1.15864,1.2758,1.062489,1.161061,1.285659,0.62612,0,0
2025-04-04,1.304209,1.608534,1.202853,1.202853,1.285659,0.62612,0,0
2025-04-07,1.418925,1.418925,1.092867,1.255124,1.608534,0.62612,0,0
2025-04-08,1.001701,1.231416,0.988977,1.231342,1.608534,0.62612,0,0
2025-04-09,1.206742,1.206742,0.998484,1.065166,1.608534,0.62612,0,0
2025-04-10,0.860959,1.38217,0.860959,1.18274,1.608534,0.633554,0,0
2025-04-11,1.376329,1.376329,0.708832,0.78,1.608534,0.633554,0,0
2025-04-14,1.428875,1.428875,1.00963,1.030723,1.608534,0.633554,0,0
2025-04-15,0.886625,1.055516,0.764161,1.029212,1.608534,0.633554,0,0
2025-04-16,1.130537,1.139483,0.906436,1.03378,1.608534,0.633554,0,0
2025-04-17,0.921825,1.161639,0.900042,0.918281,1.608534,0.633554,0,0
2025-04-21,0.930367,1.054719,0.89185,1.026463,1.608534,0.633554,0,0
2025-04-22,0.996643,0.996643,0.803255,0.865327,1.608534,0.633554,0,0
2025-04-23,0.707125,0.912415,0.69822,0.907374,1.608534,0.633554,0,0
2025-04-24,0.840643,1.028807,0.819781,1.019312,1.608534,0.69822,0,0
2025-04-25,0.736501,0.819324,0.665162,0.813324,1.608534,0.69822,0,0
2025-04-28,0.74962,0.905429,0.747792,0.849822,1.608534,0.665162,0,0
2025-04-29,0.796814,1.009451,0.759904,0.885285,1.608534,0.665162,0,0
2025-04-30,0.935907,0.959918,0.764655,0.821861,1.608534,0.665162,0,0
2025-05-01,0.906136,0.906136,0.779618,0.839617,1.608534,0.665162,0,0
2025-05-02,0.779677,0.850047,0.758169,0.846309,1.608534,0.665162,0,0
2025-05-05,0.893153,0.990972,0.830095,0.923813,1.608534,0.665162,0,0
2025-05-06,0.917317,0.970105,0.835363,0.916979,1.428875,0.665162,0,0
2025-05-07,0.84432,0.855488,0.605903,0.802566,1.428875,0.665162,0,0
2025-05-08,0.820303,0.888837,0.734436,0.818534,1.428875,0.605903,0,0
2025-05-09,0.688546,0.756468,0.678615,0.754564,1.428875,0.605903,0,0
2025-05-12,0.786312,0.855162,0.725401,0.855162,1.428875,0.605903,0,0
2025-05-13,0.900874,0.912849,0.716548,0.772624,1.428875,0.605903,0,0
2025-05-14,0.599347,0.715918,0.599347,0.697244,1.161639,0.605903,0,0
2025-05-15,0.761181,0.829799,0.654208,0.694588,1.161639,0.599347,0,0
2025-05-16,0.726257,0.736466,0.656919,0.705218,1.161639,0.599347,0,0
2025-05-19,0.80157,1.008361,0.801406,0.907781,1.054719,0.599347,0,0
2025-05-20,0.750337,0.81669,0.691807,0.770741,1.028807,0.599347,0,0
2025-05-21,1.035416,1.035416,0.759876,0.895265,1.028807,0.599347,0,0
2025-05-22,0.821179,0.945228,0.761885,0.94262,1.035416,0.599347,0,0
2025-05-23,1.015844,1.022227,0.877211,0.953171,1.035416,0.599347,0,0
2025-05-27,0.716749,0.886156,0.707406,0.881727,1.035416,0.599347,0,0
2025-05-28,0.712091,0.875108,0.712091,0.804004,1.035416,0.599347,0,0
2025-05-29,0.781792,0.797548,0.623528,0.757995,1.035416,0.599347,0,0
2025-05-30,1.066891,1.06802,0.852025,0.858436,1.035416,0.599347,0,0
2025-06-02,0.658307,0.846045,0.658127,0.845075,1.06802,0.599347,0,0
2025-06-03,0.792604,1.107924,0.759019,0.934932,1.06802,0.599347,0,0
2025-06-04,0.794182,0.878563,0.78463,0.842807,1.107924,0.599347,0,0
2025-06-05,0.802134,0.848999,0.724445,0.836926,1.107924,0.599347,0,0
2025-06-06,0.846103,0.870012,0.787423,0.869308,1.107924,0.599347,0,0
2025-06-09,0.688181,0.842786,0.618241,0.842786,1.107924,0.599347,0,0
2025-06-10,0.776954,0.882018,0.76094,0.854895,1.107924,0.599347,0,0
2025-06-11,0.822631,0.826925,0.63362,0.785032,1.107924,0.599347,0,0
2025-06-12,0.828596,0.865518,0.758374,0.864472,1.107924,0.599347,0,0
2025-06-13,0.770866,0.892544,0.763448,0.891514,1.107924,0.618241,0,0
2025-06-16,0.856376,1.414993,0.856376,0.904143,1.107924,0.618241,0,0
2025-06-17,0.861665,0.955064,0.849953,0.940982,1.414993,0.618241,0,0
2025-06-18,1.204679,1.204679,0.88322,1.06749,1.414993,0.618241,0,0
2025-06-20,0.789754,0.890336,0.789754,0.890277,1.414993,0.618241,0,0
2025-06-23,0.811001,1.000024,0.799729,0.98867,1.414993,0.618241,0,0
2025-06-24,0.756752,1.102456,0.753491,0.893565,1.414993,0.618241,0,0
2025-06-25,0.582002,0.811981,0.582002,0.811981,1.414993,0.618241,0,0
2025-06-26,0.739616,0.842807,0.722755,0.754041,1.414993,0.582002,0,0
2025-06-27,0.707979,0.79048,0.607238,0.749779,1.414993,0.582002,0,0
2025-06-30,0.698235,0.887545,0.692833,0.813904,1.414993,0.582002,0,0
2025-07-01,0.863741,1.019905,0.806819,0.857782,1.414993,0.582002,0,0
2025-07-02,0.706438,0.823674,0.701959,0.823674,1.414993,0.582002,0,0
2025-07-03,0.727525,0.772388,0.723331,0.770809,1.414993,0.582002,0,0
2025-07-07,0.812828,0.917001,0.78813,0.916781,1.414993,0.582002,0,0
2025-07-08,0.76964,0.931342,0.675406,0.860985,1.414993,0.582002,0,0
2025-07-09,0.780129,1.257795,0.751838,0.879443,1.414993,0.582002,0,0
2025-07-10,0.722337,0.81114,0.711957,0.752958,1.414993,0.582002,0,0
2025-07-11,0.847917,0.847917,0.775284,0.834719,1.414993,0.582002,0,0
2025-07-14,0.824707,0.848084,0.76057,0.847399,1.414993,0.582002,0,0
2025-07-15,0.810781,1.007159,0.751494,0.807484,1.414993,0.582002,0,0
2025-07-16,0.967824,0.967824,0.748898,0.852107,1.414993,0.582002,0,0
2025-07-17,0.678048,0.841531,0.619198,0.841507,1.257795,0.582002,0,0
2025-07-18,0.714031,0.764464,0.633685,0.752988,1.257795,0.582002,0,0
2025-07-21,0.641659,0.894493,0.598261,0.894493,1.257795,0.582002,0,0
2025-07-22,0.787733,1.003226,0.787733,0.877794,1.257795,0.582002,0,0
2025-07-23,0.744168,0.856256,0.698805,0.806948,1.257795,0.582002,0,0
2025-07-24,0.913663,0.913663,0.789294,0.890193,1.257795,0.582002,0,0
2025-07-25,0.808923,0.86631,0.744429,0.86631,1.257795,0.598261,0,0
2025-07-28,0.793351,0.851012,0.774898,0.846528,1.257795,0.598261,0,0
2025-07-29,0.846934,1.020195,0.81048,0.941994,1.257795,0.598261,0,0
2025-07-30,0.495322,0.90545,0.495322,0.90545,1.257795,0.598261,0,0
2025-07-31,0.876614,1.086999,0.843122,1.037823,1.257795,0.495322,0,0
2025-08-01,1.006289,1.076271,0.88485,0.91342,1.257795,0.495322,0,0
2025-08-04,0.730433,0.911447,0.730433,0.906554,1.257795,0.495322,0,0
2025-08-05,0.908545,0.973825,0.808476,0.857146,1.257795,0.495322,0,0
2025-08-06,0.785807,0.882149,0.747609,0.879984,1.257795,0.495322,0,0
2025-08-07,0.671881,0.779621,0.670604,0.775722,1.086999,0.495322,0,0
2025-08-08,0.713668,0.828258,0.684484,0.828223,1.086999,0.495322,0,0
2025-08-11,0.641553,0.839428,0.632963,0.839428,1.086999,0.495322,0,0
2025-08-12,0.85074,1.000275,0.85074,0.943371,1.086999,0.495322,0,0
2025-08-13,0.650829,0.743143,0.617265,0.739453,1.086999,0.495322,0,0
2025-08-14,0.775727,0.906363,0.707521,0.901045,1.086999,0.495322,0,0
2025-08-15,0.843283,0.854078,0.708912,0.75235,1.086999,0.495322,0,0
2025-08-18,0.806463,0.850371,0.756708,0.805606,1.086999,0.495322,0,0
2025-08-19,1.088664,1.088664,0.877153,0.912602,1.086999,0.495322,0,0
2025-08-20,1.118828,1.131504,0.863044,0.874407,1.088664,0.495322,0,0
2025-08-21,0.972219,1.041796,0.919932,0.942375,1.131504,0.495322,0,0
2025-08-22,0.738629,1.073956,0.699418,0.835376,1.131504,0.495322,0,0
2025-08-25,0.783319,0.869362,0.78084,0.866494,1.131504,0.495322,0,0
2025-08-26,0.85515,0.910353,0.807099,0.885781,1.131504,0.495322,0,0
2025-08-27,0.818693,0.860401,0.710517,0.746293,1.131504,0.495322,0,0
2025-08-28,0.924648,0.924648,0.771027,0.877542,1.131504,0.617265,0,0
2025-08-29,0.831739,0.831739,0.6983,0.765247,1.131504,0.617265,0,0
2025-09-02,0.987262,0.987262,0.844467,0.920983,1.131504,0.617265,0,0
2025-09-03,0.881646,0.910119,0.793761,0.857683,1.131504,0.617265,0,0
2025-09-04,0.899704,1.004104,0.864024,0.943864,1.131504,0.617265,0,0
2025-09-05,0.898373,0.938002,0.684037,0.723133,1.131504,0.617265,0,0
2025-09-08,0.794134,0.86561,0.640564,0.797877,1.131504,0.617265,0,0
2025-09-09,0.917654,1.054853,0.845353,0.847528,1.131504,0.617265,0,0
2025-09-10,0.780335,0.802697,0.594001,0.80269,1.131504,0.617265,0,0
2025-09-11,0.967142,0.969491,0.778524,0.847666,1.131504,0.594001,0,0
2025-09-12,0.851816,0.875889,0.75804,0.803254,1.131504,0.594001,0,0
2025-09-15,0.87156,0.922248,0.819726,0.869177,1.131504,0.594001,0,0
2025-09-16,0.880066,0.959046,0.719984,0.761622,1.131504,0.594001,0,0
2025-09-17,1.043215,1.129976,0.79747,1.071995,1.131504,0.594001,0,0
2025-09-18,0.794615,0.829618,0.729733,0.775068,1.131504,0.594001,0,0
2025-09-19,0.848723,0.848723,0.655768,0.749347,1.129976,0.594001,0,0
2025-09-22,0.845805,0.845805,0.736998,0.824829,1.129976,0.594001,0,0
2025-09-23,0.649219,0.894683,0.649219,0.894652,1.129976,0.594001,0,0
2025-09-24,0.899311,0.904464,0.788144,0.857659,1.129976,0.594001,0,0
2025-09-25,1.064689,1.064689,0.879251,0.895558,1.129976,0.594001,0,0
2025-09-26,0.697057,0.775249,0.697057,0.775063,1.129976,0.594001,0,0
2025-09-29,0.573361,0.777123,0.566899,0.777123,1.129976,0.594001,0,0
2025-09-30,0.977067,1.083399,0.828707,0.879007,1.129976,0.566899,0,0
2025-10-01,0.728366,0.780331,0.697419,0.773521,1.129976,0.566899,0,0
2025-10-02,1.017479,1.017479,0.767059,0.792543,1.129976,0.566899,0,0
2025-10-03,0.701361,0.792181,0.66629,0.791281,1.129976,0.566899,0,0
2025-10-06,0.724129,0.734007,0.650705,0.731745,1.129976,0.566899,0,0
2025-10-07,0.628088,0.985564,0.594717,0.904519,1.129976,0.566899,0,0
2025-10-08,0.8113,0.8113,0.725892,0.751026,1.129976,0.566899,0,0
2025-10-09,0.781852,0.851508,0.777496,0.803462,1.129976,0.566899,0,0
2025-10-10,0.593136,0.960577,0.593136,0.958276,1.129976,0.566899,0,0
2025-10-13,0.548789,0.79679,0.548789,0.796745,1.129976,0.566899,0,0
2025-10-14,0.918238,0.918238,0.78746,0.877649,1.129976,0.548789,0,0
2025-10-15,0.643429,0.785407,0.605864,0.785407,1.129976,0.548789,0,0
2025-10-16,0.697245,0.906196,0.68731,0.906184,1.083399,0.548789,0,0
2025-10-17,0.79212,0.900417,0.751026,0.894634,1.083399,0.548789,0,0
2025-10-20,0.715611,0.866181,0.700031,0.86123,1.083399,0.548789,0,0
2025-10-21,1.015452,1.043716,0.824889,0.881436,1.083399,0.548789,0,0
2025-10-22,1.015474,1.016065,0.666487,0.828307,1.083399,0.548789,0,0
2025-10-23,0.668009,0.855864,0.649105,0.855864,1.083399,0.548789,0,0
2025-10-24,0.748345,0.829839,0.688397,0.827957,1.083399,0.548789,0,0
2025-10-27,0.730128,0.786007,0.674856,0.78522,1.083399,0.548789,0,0
2025-10-28,0.632002,0.778219,0.632002,0.764049,1.083399,0.548789,0,0
2025-10-29,0.568185,0.811956,0.568063,0.811684,1.043716,0.548789,0,0
2025-10-30,0.75785,0.807201,0.665317,0.807201,1.043716,0.548789,0,0
2025-10-31,0.71814,0.794519,0.706947,0.786879,1.043716,0.548789,0,0
2025-11-03,0.755171,0.908049,0.710695,0.908041,1.043716,0.548789,0,0
2025-11-04,0.891327,0.908418,0.730053,0.823823,1.043716,0.548789,0,0
2025-11-05,0.853946,0.853946,0.728779,0.839496,1.043716,0.548789,0,0
2025-11-06,0.942919,0.945799,0.843667,0.892366,1.043716,0.548789,0,0
2025-11-07,0.985312,1.021098,0.899525,0.984714,1.043716,0.548789,0,0
2025-11-10,0.769212,0.869096,0.739309,0.833148,1.043716,0.548789,0,0
2025-11-11,0.995507,0.995507,0.636494,0.838069,1.043716,0.568063,0,0
2025-11-12,0.765717,0.823325,0.735914,0.79011,1.043716,0.568063,0,0
2025-11-13,0.863573,0.863573,0.77486,0.815151,1.043716,0.568063,0,0
2025-11-14,0.897317,0.922952,0.837624,0.905353,1.043716,0.568063,0,0
2025-11-17,0.889729,0.962969,0.864909,0.961108,1.043716,0.568063,0,0
2025-11-18,0.890514,0.925815,0.842773,0.912279,1.043716,0.568063,0,0
2025-11-19,0.800504,1.002178,0.800504,0.953841,1.021098,0.568063,0,0
2025-11-20,0.907924,1.205833,0.844414,1.010852,1.021098,0.568063,0,0
2025-11-21,0.910379,0.956962,0.817825,0.854806,1.205833,0.568063,0,0
2025-11-24,0.674586,0.882654,0.669865,0.881892,1.205833,0.568063,0,0
2025-11-25,1.051309,1.051309,0.85967,0.940885,1.205833,0.568063,0,0
2025-11-26,0.780773,0.844615,0.744522,0.843977,1.205833,0.568063,0,0
2025-11-28,0.542365,0.669603,0.542365,0.669603,1.205833,0.636494,0,0
2025-12-01,0.898935,0.915782,0.82761,0.906261,1.205833,0.542365,0,0
2025-12-02,0.837137,0.88711,0.754506,0.780156,1.205833,0.542365,0,0
2025-12-03,0.852737,0.863702,0.765019,0.852954,1.205833,0.542365,0,0
2025-12-04,0.764926,0.817264,0.747193,0.80684,1.205833,0.542365,0,0
2025-12-05,0.823295,0.855255,0.724476,0.764333,1.205833,0.542365,0,0
2025-12-08,0.934349,0.948241,0.773757,0.842743,1.205833,0.542365,0,0
2025-12-09,0.932168,0.934146,0.832702,0.861306,1.205833,0.542365,0,0
2025-12-10,0.924297,0.949114,0.734786,0.879142,1.205833,0.542365,0,0
2025-12-11,0.852716,0.942528,0.786168,0.82701,1.205833,0.542365,0,0
2025-12-12,0.809153,0.908204,0.734014,0.892113,1.205833,0.542365,0,0
2025-12-15,0.852935,0.901701,0.802763,0.891096,1.205833,0.542365,0,0
2025-12-16,1.109708,1.109708,0.85309,0.936624,1.205833,0.542365,0,0
2025-12-17,1.206125,1.206125,0.85134,0.94698,1.205833,0.542365,0,0
2025-12-18,0.769819,0.847281,0.657832,0.847281,1.206125,0.542365,0,0
2025-12-19,0.718711,0.853262,0.715771,0.853235,1.206125,0.542365,0,0
2025-12-22,0.759087,0.892562,0.712091,0.892562,1.206125,0.542365,0,0
2025-12-23,1.005586,1.005586,0.805556,0.817928,1.206125,0.542365,0,0
2025-12-24,0.80457,0.848989,0.779172,0.808636,1.206125,0.542365,0,0
2025-12-26,0.706983,0.844616,0.706983,0.844616,1.206125,0.542365,0,0
2025-12-29,0.794035,0.864537,0.775746,0.842394,1.206125,0.542365,0,0
2025-12-30,1.040494,1.077282,0.781235,0.831294,1.206125,0.657832,0,0
2025-12-31,1.063512,1.096372,0.860092,1.086987,1.206125,0.657832,0,0
2026-01-02,0.827792,0.8642,0.753537,0.826231,1.206125,0.657832,0,0
2026-01-05,0.720236,0.847596,0.718853,0.844022,1.206125,0.657832,0,0
2026-01-06,0.750682,0.887621,0.742555,0.879862,1.206125,0.657832,0,0
2026-01-07,0.640581,0.884693,0.63874,0.884693,1.206125,0.657832,0,0
2026-01-08,0.795442,0.829378,0.705975,0.828865,1.206125,0.63874,0,0
2026-01-09,0.640348,0.759806,0.636718,0.755989,1.206125,0.63874,0,0
2026-01-12,0.79258,0.924309,0.752333,0.923603,1.206125,0.636718,0,0
2026-01-13,0.899916,0.950657,0.803739,0.879236,1.206125,0.636718,0,0
2026-01-14,0.727554,0.886562,0.694876,0.882863,1.206125,0.636718,0,0
2026-01-15,0.713705,0.893424,0.713705,0.885224,1.206125,0.636718,0,0
2026-01-16,0.713847,0.797484,0.694751,0.756705,1.206125,0.636718,0,0
2026-01-20,0.719497,0.866484,0.719497,0.866472,1.096372,0.636718,0,0
2026-01-21,0.987867,0.987867,0.691523,0.807774,1.096372,0.636718,0,0
2026-01-22,0.614738,0.823253,0.614738,0.761562,1.096372,0.636718,0,0
2026-01-23,0.831364,0.885561,0.719887,0.879916,1.096372,0.614738,0,0
2026-01-26,0.723001,0.913496,0.717732,0.912595,1.096372,0.614738,0,0
2026-01-27,0.719172,0.845391,0.690634,0.773723,1.096372,0.614738,0,0
2026-01-28,0.642306,0.851523,0.641765,0.738609,1.096372,0.614738,0,0
2026-01-29,0.806568,0.890265,0.799858,0.837261,1.096372,0.614738,0,0
2026-01-30,0.967521,0.971907,0.824354,0.850426,1.096372,0.614738,0,0
2026-02-02,0.954716,0.99975,0.779725,0.867521,0.987867,0.614738,0,0
2026-02-03,0.937475,0.937475,0.814412,0.902303,0.99975,0.614738,0,0
2026-02-04,0.808238,1.220617,0.756985,0.927922,0.99975,0.614738,0,0
2026-02-05,0.866879,0.955687,0.844335,0.940136,1.220617,0.614738,0,0
2026-02-06,0.736619,0.881501,0.736619,0.862195,1.220617,0.614738,0,0
2026-02-09,1.010854,1.010854,0.750018,0.834934,1.220617,0.614738,0,0
2026-02-10,1.013864,1.040463,0.856689,0.958132,1.220617,0.614738,0,0
2026-02-11,0.747042,0.958913,0.69854,0.923591,1.220617,0.614738,0,0
2026-02-12,0.846981,1.045957,0.846981,0.945411,1.220617,0.614738,0,0
2026-02-13,0.927726,0.927726,0.754328,0.893288,1.220617,0.614738,0,0
2026-02-17,0.887477,0.931167,0.743095,0.931141,1.220617,0.614738,0,0
2026-02-18,0.892026,0.950284,0.732818,0.913073,1.220617,0.614738,0,0
2026-02-19,0.94611,0.952036,0.790705,0.934913,1.220617,0.614738,0,0
2026-02-20,0.818395,0.91587,0.734141,0.908934,1.220617,0.614738,0,0
2026-02-23,0.940582,0.970398,0.844664,0.887885,1.220617,0.641765,0,0
2026-02-24,0.744003,0.871013,0.744003,0.847662,1.220617,0.641765,0,0
2026-02-25,0.690339,0.778837,0.673454,0.778773,1.220617,0.641765,0,0
2026-02-26,1.015309,1.015309,0.841594,0.843384,1.220617,0.641765,0,0
2026-02-27,0.990673,0.990673,0.803229,0.853495,1.220617,0.673454,0,0
2026-03-02,0.95474,0.95474,0.766892,0.889106,1.220617,0.673454,0,0
2026-03-03,1.023513,1.036176,0.895934,0.959857,1.220617,0.673454,0,0
2026-03-04,0.857626,0.866122,0.757518,0.866122,1.220617,0.673454,0,0
2026-03-05,0.831953,0.909185,0.700685,0.907637,1.220617,0.673454,0,0
2026-03-06,0.991985,1.026879,0.846304,0.963862,1.045957,0.673454,0,0
2026-03-09,1.100685,1.208443,0.936746,0.952088,1.045957,0.673454,0,0
2026-03-10,0.897954,1.036275,0.793716,0.906799,1.208443,0.673454,0,0
2026-03-11,0.764218,0.944585,0.764218,0.933696,1.208443,0.673454,0,0
2026-03-12,1.095761,1.143374,0.886152,0.903714,1.208443,0.673454,0,0
2026-03-13,0.865969,0.908931,0.812845,0.908931,1.208443,0.673454,0,0
2026-03-16,0.929151,0.997016,0.879025,0.994719,1.208443,0.673454,0,0
2026-03-17,0.83523,1.014921,0.834437,1.010053,1.208443,0.673454,0,0
2026-03-18,1.26456,1.26456,0.939143,1.060061,1.208443,0.673454,0,0
2026-03-19,0.93479,0.942541,0.765702,0.891052,1.26456,0.673454,0,0
2026-03-20,0.967432,1.099719,0.904974,0.997714,1.26456,0.673454,0,0
2026-03-23,0.782063,0.94057,0.771433,0.940561,1.26456,0.673454,0,0
2026-03-24,1.031887,1.031887,0.784015,0.896014,1.26456,0.673454,0,0
2026-03-25,0.835525,0.91232,0.767572,0.911516,1.26456,0.673454,0,0
2026-03-26,0.995121,1.002845,0.891392,1.001707,1.26456,0.700685,0,0
2026-03-27,0.932006,1.025056,0.790958,0.994458,1.26456,0.700685,0,0
2026-03-30,1.175937,1.178453,1.005749,1.032413,1.26456,0.700685,0,0
2026-03-31,1.133003,1.133003,0.978627,0.984877,1.26456,0.700685,0,0
2026-04-01,1.037315,1.070702,0.91309,0.972636,1.26456,0.700685,0,0
2026-04-02,1.129109,1.129109,0.931847,1.039255,1.26456,0.700685,0,0
2026-04-06,0.919363,0.962987,0.871861,0.962981,1.26456,0.764218,0,0
2026-04-07,1.174483,1.217758,0.928423,0.941462,1.26456,0.764218,0,0
2026-04-08,1.06002,1.09093,0.968405,0.988058,1.26456,0.764218,0,0
2026-04-09,1.92131,1.92131,0.901317,0.916828,1.26456,0.764218,0,0
2026-04-10,0.77326,0.833488,0.745167,0.810181,1.92131,0.765702,0,0
2026-04-13,1.048004,1.048004,0.824535,0.841034,1.92131,0.745167,0,0
2026-04-14,0.687308,0.7272,0.559805,0.671229,1.92131,0.745167,0,0
2026-04-15,0.831278,0.913349,0.74774,0.749535,1.92131,0.559805,0,0
2026-04-16,0.806734,0.807441,0.561749,0.709783,1.92131,0.559805,0,0
2026-04-17,0.652863,0.731327,0.578883,0.669899,1.92131,0.559805,0,0
2026-04-20,0.943661,0.996285,0.890558,0.892794,1.92131,0.559805,0,0
2026-04-21,0.797973,0.961251,0.739343,0.943296,1.92131,0.559805,0,0
2026-04-22,0.725405,0.819989,0.692352,0.812322,1.92131,0.559805,0,0
2026-04-23,0.743032,0.909169,0.686797,0.909109,1.92131,0.559805,0,0
2026-04-24,0.73103,0.799128,0.713283,0.786988,1.92131,0.559805,0,0
2026-04-27,0.818925,0.890032,0.809902,0.824489,1.92131,0.559805,0,0
2026-04-28,0.890485,0.94745,0.84227,0.856006,1.92131,0.559805,0,0
2026-04-29,0.853545,0.919798,0.778079,0.873461,1.92131,0.559805,0,0
2026-04-30,0.906942,0.907046,0.79035,0.794829,1.92131,0.559805,0,0
2026-05-01,0.684977,0.760857,0.673375,0.759854,1.92131,0.559805,0,0
2026-05-04,0.727927,0.851256,0.652644,0.850872,1.92131,0.559805,0,0
2026-05-05,0.738036,0.906887,0.727568,0.804281,1.92131,0.559805,0,0
2026-05-06,0.625828,0.677761,0.597871,0.629442,1.92131,0.559805,0,0
2026-05-07,0.621155,0.788582,0.621155,0.788582,1.92131,0.559805,0,0
2026-05-08,0.700534,0.761275,0.676139,0.761275,1.048004,0.559805,0,0
2026-05-11,0.707556,0.77998,0.596457,0.779823,1.048004,0.559805,0,0
2026-05-12,0.795275,0.985018,0.795275,0.858518,0.996285,0.559805,0,0
2026-05-13,0.691237,0.816212,0.652069,0.696094,0.996285,0.561749,0,0
2026-05-14,0.636898,0.758439,0.612917,0.70227,0.996285,0.561749,0,0
2026-05-15,0.918409,0.943276,0.796958,0.924232,0.996285,0.578883,0,0
2026-05-18,0.910401,0.911084,0.76145,0.800215,0.996285,0.596457,0,0
2026-05-19,0.989686,1.045865,0.75799,0.835013,0.985018,0.596457,0,0
2026-05-20,0.782037,0.817194,0.632664,0.710951,1.045865,0.596457,0,0
2026-05-21,0.72502,1.087795,0.720865,0.838623,1.045865,0.596457,0,0
2026-05-22,0.727513,0.856739,0.721039,0.856739,1.087795,0.596457,0,0
2026-05-26,0.819944,0.841042,0.750984,0.799716,1.087795,0.596457,0,0
2026-05-27,0.823078,0.847461,0.728666,0.804863,1.087795,0.596457,0,0
2026-05-28,0.814065,0.842387,0.736,0.765787,1.087795,0.596457,0,0
2026-05-29,0.656721,0.670144,0.488024,0.659756,1.087795,0.596457,0,0
2026-06-01,0.677294,0.743795,0.657514,0.737616,1.087795,0.488024,0,0
2026-06-02,0.792806,0.792806,0.6893,0.730054,1.087795,0.488024,0,0
2026-06-03,0.834088,0.846767,0.747835,0.799912,1.087795,0.488024,0,0
2026-06-04,0.740436,0.901038,0.740436,0.812728,1.087795,0.488024,0,0
2026-06-05,0.928764,1.010389,0.85962,0.966826,1.087795,0.488024,0,0
2026-06-08,1.048452,1.048452,0.837747,0.92806,1.087795,0.488024,0,0
2026-06-09,0.873436,0.993689,0.808237,0.956077,1.087795,0.488024,0,0
2026-06-10,0.737287,0.92762,0.694879,0.927189,1.087795,0.488024,0,0
2026-06-11,0.934463,0.934463,0.82472,0.850343,1.087795,0.488024,0,0
2026-06-12,0.777001,0.795637,0.714378,0.763699,1.087795,0.488024,0,0
2026-06-15,0.845158,0.923988,0.823211,0.878013,1.087795,0.488024,0,0
2026-06-16,0.779938,0.976794,0.760783,0.827193,1.087795,0.488024,0,0
2026-06-17,0.848793,0.895408,0.746152,0.895408,1.087795,0.488024,0,0
2026-06-18,0.882131,0.944736,0.829236,0.941819,1.087795,0.488024,0,0
2026-06-22,0.65577,0.884427,0.65577,0.884151,1.087795,0.488024,0,0
2026-06-23,0.890735,0.930024,0.724291,0.930024,1.048452,0.488024,0,0
2026-06-24,0.881554,0.983352,0.808881,0.980835,1.048452,0.488024,0,0
2026-06-25,1.030253,1.030253,0.926032,0.978461,1.048452,0.488024,0,0
2026-06-26,0.96565,1.163183,0.815673,1.030094,1.048452,0.488024,0,0
2026-06-29,0.818226,0.939508,0.804051,0.939508,1.163183,0.488024,0,0
2026-06-30,0.774338,0.927995,0.770741,0.856813,1.163183,0.65577,0,0
2026-07-01,0.835503,0.835503,0.723858,0.78164,1.163183,0.65577,0,0
2026-07-02,0.600727,0.776016,0.590516,0.775707,1.163183,0.65577,0,0
2026-07-06,0.796324,0.800678,0.691093,0.799284,1.163183,0.590516,0,0
2026-07-07,0.886217,1.013618,0.802053,0.867684,1.163183,0.590516,0,0
2026-07-08,0.867057,0.971884,0.857968,0.897996,1.163183,0.590516,0,0
2026-07-09,0.758525,0.844993,0.723319,0.844975,1.163183,0.590516,0,0
2026-07-10,0.7586,0.806654,0.646297,0.805893,1.163183,0.590516,0,0
2026-07-13,0.77493,0.906478,0.76391,0.904668,1.163183,0.590516,0,0
2026-07-14,0.712431,0.874414,0.702093,0.867296,1.163183,0.590516,0,0
2026-07-15,0.80851,0.867477,0.806182,0.845953,1.163183,0.590516,0,0
2026-07-16,0.957015,0.967148,0.843705,0.886644,1.163183,0.590516,0,0
2026-07-17,0.929955,0.94264,0.820162,0.942624,1.163183,0.590516,0,0
2026-07-20,0.981644,1.038458,0.888744,0.925935,1.163183,0.590516,0,0
2026-07-21,0.972456,1.014428,0.839191,0.896565,1.163183,0.590516,0,0
2026-07-22,0.93087,0.942367,0.811617,0.942253,1.163183,0.590516,0,0
2026-07-23,0.779899,0.904379,0.749384,0.871755,1.163183,0.590516,0,0
2026-07-24,0.878714,0.977338,0.836104,0.977338,1.163183,0.590516,0,0
2026-07-27,0.907738,1.012565,0.901185,0.909495,1.163183,0.590516,0,0
2026-07-28,1.145409,1.145409,0.930614,0.934058,1.038458,0.590516,0,0
2026-07-29,1.08836,1.110763,0.926933,0.983785,1.145409,0.590516,0,0
2026-07-30,0.910452,0.919594,0.770736,0.887118,1.145409,0.590516,0,0
2026-07-31,0.904819,0.990109,0.904819,0.945327,1.145409,0.590516,0,0
2026-08-03,0.752438,0.780924,0.730739,0.780871,1.145409,0.646297,0,0
2026-08-04,0.654501,0.701132,0.632064,0.69636,1.145409,0.646297,0,0
2026-08-05,0.736519,0.844092,0.664846,0.843803,1.145409,0.632064,0,0
2026-08-06,0.9309,0.9309,0.775617,0.863224,1.145409,0.632064,0,0
2026-08-07,0.710845,0.855553,0.697152,0.768972,1.145409,0.632064,0,0
2026-08-10,0.772117,0.864808,0.768862,0.864808,1.145409,0.632064,0,0
2026-08-11,0.768939,0.882352,0.68816,0.799309,1.145409,0.632064,0,0
2026-08-12,0.770687,0.832168,0.742311,0.806703,1.145409,0.632064,0,0
2026-08-13,0.7574,0.777018,0.681619,0.775705,1.145409,0.632064,0,0
2026-08-14,0.70668,0.886109,0.696596,0.81999,1.145409,0.632064,0,0
2026-08-17,0.921682,0.921682,0.700217,0.913327,1.145409,0.632064,0,0
2026-08-18,1.130408,1.171687,0.96995,0.980911,1.145409,0.632064,0,0
2026-08-19,0.895786,0.922956,0.76649,0.80267,1.171687,0.632064,0,0
2026-08-20,0.688659,0.842672,0.688659,0.842425,1.171687,0.632064,0,0
2026-08-21,0.825915,0.825915,0.587287,0.732012,1.171687,0.632064,0,0
2026-08-24,0.917404,0.920969,0.799497,0.89753,1.171687,0.587287,0,0
2026-08-25,0.644273,0.904656,0.635428,0.825668,1.171687,0.587287,0,0
2026-08-26,0.902922,0.902922,0.783223,0.832152,1.171687,0.587287,0,0
2026-08-27,0.742392,0.832886,0.64758,0.753557,1.171687,0.587287,0,0
2026-08-28,0.595223,0.850457,0.595223,0.850446,1.171687,0.587287,0,0
2026-08-31,0.890388,0.90993,0.816684,0.828956,1.171687,0.587287,0,0
2026-09-01,0.961711,0.981274,0.797687,0.980324,1.171687,0.587287,0,0
2026-09-02,0.863416,0.918016,0.750887,0.801719,1.171687,0.587287,0,0
2026-09-03,0.689917,0.791365,0.686585,0.790417,1.171687,0.587287,0,0
2026-09-04,0.741473,0.827354,0.679268,0.790411,1.171687,0.587287,0,0
2026-09-08,1.020626,1.025411,0.788679,0.824156,1.171687,0.587287,0,0
2026-09-09,0.719698,0.830681,0.719698,0.818343,1.171687,0.587287,0,0
2026-09-10,0.929367,0.975162,0.821988,0.827752,1.171687,0.587287,0,0
2026-09-11,0.682947,0.873879,0.682578,0.873879,1.171687,0.587287,0,0
2026-09-14,0.826012,0.89122,0.704352,0.89122,1.171687,0.587287,0,0
2026-09-15,0.976526,0.99796,0.845556,0.877755,1.171687,0.587287,0,0
2026-09-16,0.998238,0.998238,0.730338,0.958625,1.171687,0.587287,0,0
2026-09-17,1.075741,1.075741,0.853889,0.901581,1.025411,0.587287,0,0
2026-09-18,0.69343,0.88982,0.690775,0.804415,1.075741,0.587287,0,0
2026-09-21,0.693716,0.738022,0.654353,0.731688,1.075741,0.587287,0,0
2026-09-22,0.746625,0.883346,0.724235,0.769209,1.075741,0.595223,0,0
2026-09-23,0.692692,0.939136,0.692692,0.891849,1.075741,0.595223,0,0
2026-09-24,0.918529,0.918529,0.772309,0.803003,1.075741,0.595223,0,0
2026-09-25,0.598499,0.801125,0.598499,0.756082,1.075741,0.595223,0,0