date,value,open,high,low,close,volume,source
2003-05-01,25.495,25.25,25.5875,25.1675,25.495,157200,yahoo
2003-05-02,25.97,25.4675,25.97,25.4675,25.97,61200,yahoo
2003-05-05,26.025,26.02,26.1375,25.935,26.025,140000,yahoo
2003-05-06,26.2325,26.05,26.3525,26.05,26.2325,30000,yahoo
2003-05-07,26.13,26.075,26.3175,26.0,26.13,20800,yahoo
2003-05-08,25.8475,25.89,26.02,25.8375,25.8475,92800,yahoo
2003-05-09,26.2125,26.05,26.2725,25.935,26.2125,28800,yahoo
2003-05-12,26.7,26.25,26.72,26.2125,26.7,36800,yahoo
2003-05-13,26.6375,26.625,26.7625,26.555,26.6375,16800,yahoo
2003-05-14,26.7,26.68,26.7,26.575,26.7,35600,yahoo
2003-05-15,26.9775,26.9,26.9775,26.7575,26.9775,41600,yahoo
2003-05-16,27.025,26.9175,27.025,26.7425,27.025,44800,yahoo
2003-05-19,26.3225,26.9125,26.9125,26.3225,26.3225,38800,yahoo
2003-05-20,26.29,26.4625,26.495,26.0825,26.29,224400,yahoo
2003-05-21,26.395,26.225,26.395,26.1125,26.395,617600,yahoo
2003-05-22,26.77,26.4625,26.81,26.4625,26.77,17200,yahoo
2003-05-23,26.92,26.725,26.93,26.695,26.92,124800,yahoo
2003-05-27,27.5,26.85,27.5025,26.85,27.5,28800,yahoo
2003-05-28,27.5725,27.57,27.6775,27.445,27.5725,136000,yahoo
2003-05-29,27.475,27.6325,27.8225,27.42,27.475,92000,yahoo
2003-05-30,28.0125,27.675,28.0125,27.67,28.0125,19600,yahoo
2003-06-02,28.1675,28.275,28.485,28.1675,28.1675,49200,yahoo
2003-06-03,28.1575,28.1125,28.2375,28.0325,28.1575,129200,yahoo
2003-06-04,28.7475,28.1625,28.7575,28.1625,28.7475,144400,yahoo
2003-06-05,28.95,28.5725,28.95,28.5725,28.95,31200,yahoo
2003-06-06,28.8,29.2375,29.545,28.8,28.8,57200,yahoo
2003-06-09,28.3325,28.6,28.64,28.2875,28.3325,104000,yahoo
2003-06-10,28.5375,28.55,28.575,28.3675,28.5375,70400,yahoo
2003-06-11,29.0275,28.5,29.0275,28.5,29.0275,88800,yahoo
2003-06-12,29.1475,29.2125,29.2125,28.9525,29.1475,54400,yahoo
2003-06-13,28.7,29.1375,29.1375,28.615,28.7,155600,yahoo
2003-06-16,29.28,28.875,29.28,28.82,29.28,63200,yahoo
2003-06-17,29.3325,29.3625,29.3625,29.15,29.3325,34800,yahoo
2003-06-18,29.195,29.2,29.3625,29.0875,29.195,29200,yahoo
2003-06-19,28.815,29.275,29.3375,28.805,28.815,62400,yahoo
2003-06-20,28.7875,28.95,29.125,28.7775,28.7875,78000,yahoo
2003-06-23,28.3825,28.4375,28.4375,28.25,28.3825,32000,yahoo
2003-06-24,28.3,28.3,28.4,28.1125,28.3,109200,yahoo
2003-06-25,28.15,28.3875,28.52,28.15,28.15,36800,yahoo
2003-06-26,28.3925,28.1375,28.4375,28.1175,28.3925,70000,yahoo
2003-06-27,28.235,28.5025,28.5125,28.225,28.235,22400,yahoo
2003-06-30,28.255,28.4625,28.4625,28.1625,28.255,53600,yahoo
2003-07-01,28.35,28.1625,28.375,27.8175,28.35,62400,yahoo
2003-07-02,28.71,28.375,28.71,28.375,28.71,117600,yahoo
2003-07-03,28.5525,28.5725,28.76,28.395,28.5525,25200,yahoo
2003-07-07,29.0325,28.875,29.095,28.875,29.0325,47600,yahoo
2003-07-08,29.3025,29.05,29.3025,28.9625,29.3025,48800,yahoo
2003-07-09,29.32,29.1875,29.3775,29.13,29.32,21600,yahoo
2003-07-10,28.7725,29.0625,29.0625,28.645,28.7725,24800,yahoo
2003-07-11,28.9475,28.9125,29.0375,28.87,28.9475,17200,yahoo
2003-07-14,29.37,29.28,29.4525,29.2525,29.37,28800,yahoo
2003-07-15,29.0,29.3125,29.3125,28.9675,29.0,98000,yahoo
2003-07-16,28.7475,29.0875,29.0875,28.655,28.7475,27200,yahoo
2003-07-17,28.325,28.6425,28.6425,28.325,28.325,14800,yahoo
2003-07-18,28.71,28.3875,28.7475,28.3875,28.71,22800,yahoo
2003-07-21,28.335,28.4075,28.4075,28.325,28.335,70800,yahoo
2003-07-22,28.69,28.325,28.7,28.325,28.69,26800,yahoo
2003-07-23,28.455,28.725,28.725,28.455,28.455,22400,yahoo
2003-07-24,28.575,28.9125,29.0075,28.575,28.575,16400,yahoo
2003-07-25,29.0125,28.7125,29.0125,28.69,29.0125,10000,yahoo
2003-07-28,29.07,29.15,29.15,29.0325,29.07,15200,yahoo
2003-07-29,28.85,29.085,29.085,28.715,28.85,14800,yahoo
2003-07-30,28.79,28.8275,28.9425,28.79,28.79,24800,yahoo
2003-07-31,28.92,28.9125,29.29,28.9125,28.92,126000,yahoo
2003-08-01,28.735,28.6925,28.765,28.62,28.735,48000,yahoo
2003-08-04,28.685,28.6975,28.755,28.325,28.685,39600,yahoo
2003-08-05,28.165,28.6625,28.6625,28.165,28.165,42400,yahoo
2003-08-06,28.2375,28.1125,28.365,28.045,28.2375,24800,yahoo
2003-08-07,28.335,28.2,28.37,28.1975,28.335,25600,yahoo
2003-08-08,28.44,28.4575,28.4825,28.355,28.44,62800,yahoo
2003-08-11,28.555,28.56,28.6575,28.37,28.555,16400,yahoo
2003-08-12,28.8275,28.555,28.8475,28.555,28.8275,64400,yahoo
2003-08-13,28.775,28.9875,28.9875,28.7625,28.775,48400,yahoo
2003-08-14,29.0775,28.91,29.1,28.8625,29.0775,34400,yahoo
2003-08-15,29.14,29.14,29.14,29.14,29.14,4400,yahoo
2003-08-18,29.475,29.2,29.475,29.2,29.475,74800,yahoo
2003-08-19,29.66,29.55,29.66,29.425,29.66,67200,yahoo
2003-08-20,29.6725,29.525,29.7475,29.5,29.6725,50800,yahoo
2003-08-21,29.9175,29.8325,30.0075,29.7375,29.9175,121200,yahoo
2003-08-22,29.5875,30.15,30.155,29.5875,29.5875,108400,yahoo
2003-08-25,29.53,29.55,29.55,29.4275,29.53,42400,yahoo
2003-08-26,29.6425,29.5,29.6425,29.205,29.6425,18000,yahoo
2003-08-27,29.7375,29.575,29.7375,29.575,29.7375,14400,yahoo
2003-08-28,29.9925,29.8,29.9925,29.5925,29.9925,9200,yahoo
2003-08-29,30.1675,29.825,30.235,29.825,30.1675,125200,yahoo
2003-09-02,30.61,30.3625,30.63,30.1775,30.61,55600,yahoo
2003-09-03,30.6875,30.625,30.8125,30.625,30.6875,279600,yahoo
2003-09-04,30.7125,30.675,30.745,30.57,30.7125,18800,yahoo
2003-09-05,30.59,30.565,30.7525,30.475,30.59,37600,yahoo
2003-09-08,30.8375,30.645,30.855,30.645,30.8375,34400,yahoo
2003-09-09,30.57,30.7875,30.7875,30.5375,30.57,35600,yahoo
2003-09-10,30.025,30.335,30.3675,30.0075,30.025,160000,yahoo
2003-09-11,30.2325,30.1875,30.325,30.065,30.2325,106800,yahoo
2003-09-12,30.3175,30.17,30.3575,29.9675,30.3175,293600,yahoo
2003-09-15,30.2325,30.3625,30.3625,29.925,30.2325,420800,yahoo
2003-09-16,30.6625,30.365,30.6625,30.3325,30.6625,65600,yahoo
2003-09-17,30.6,30.675,30.725,30.5875,30.6,76000,yahoo
2003-09-18,30.9625,30.6125,30.99,30.565,30.9625,99200,yahoo
2003-09-19,30.8025,30.75,30.8375,30.655,30.8025,77200,yahoo
2003-09-22,30.385,30.375,30.47,30.3,30.385,30800,yahoo
2003-09-23,30.6075,30.42,30.6075,30.42,30.6075,29200,yahoo
2003-09-24,30.105,30.6075,30.6075,30.075,30.105,84800,yahoo
2003-09-25,29.77,30.125,30.125,29.77,29.77,156000,yahoo
2003-09-26,29.53,29.65,29.675,29.5,29.53,41600,yahoo
2003-09-29,29.71,29.625,29.715,29.4825,29.71,20000,yahoo
2003-09-30,29.5725,29.695,29.695,29.34,29.5725,32000,yahoo
2003-10-01,30.095,29.65,30.095,29.65,30.095,10800,yahoo
2003-10-02,30.25,30.26,30.2675,30.1325,30.25,21600,yahoo
2003-10-03,30.605,30.7625,30.895,30.595,30.605,181200,yahoo
2003-10-06,30.7925,30.7175,30.825,30.63,30.7925,52400,yahoo
2003-10-07,30.9425,30.65,30.9425,30.57,30.9425,35200,yahoo
2003-10-08,30.8575,30.9625,30.99,30.7925,30.8575,64000,yahoo
2003-10-09,31.05,31.2,31.3425,30.9725,31.05,73200,yahoo
2003-10-10,31.025,31.1,31.1175,30.9725,31.025,88800,yahoo
2003-10-13,31.3375,31.2275,31.4275,31.2275,31.3375,82800,yahoo
2003-10-14,31.45,31.2875,31.455,31.22,31.45,89200,yahoo
2003-10-15,31.3575,31.575,31.5875,31.2725,31.3575,54400,yahoo
2003-10-16,31.4075,31.2625,31.5125,31.2625,31.4075,77200,yahoo
2003-10-17,31.035,31.2925,31.2925,31.0,31.035,124000,yahoo
2003-10-20,31.15,31.1125,31.15,30.9825,31.15,58800,yahoo
2003-10-21,31.2075,31.2,31.285,31.1375,31.2075,76000,yahoo
2003-10-22,30.75,30.95,30.9525,30.72,30.75,93200,yahoo
2003-10-23,30.775,30.6125,30.8375,30.5425,30.775,88400,yahoo
2003-10-24,30.625,30.5875,30.6475,30.375,30.625,201600,yahoo
2003-10-27,30.825,30.9125,31.0,30.825,30.825,63200,yahoo
2003-10-28,31.3375,31.0375,31.3375,31.0,31.3375,79600,yahoo
2003-10-29,31.4575,31.2875,31.475,31.28,31.4575,65200,yahoo
2003-10-30,31.6125,31.675,31.675,31.4,31.6125,378400,yahoo
2003-10-31,31.62,31.6625,31.7,31.53,31.62,76400,yahoo
2003-11-03,31.89,31.7825,31.9575,31.6875,31.89,90000,yahoo
2003-11-04,31.75,31.8325,31.9275,31.7325,31.75,149600,yahoo
2003-11-05,31.795,31.65,31.8225,31.56,31.795,66800,yahoo
2003-11-06,31.9875,31.825,31.9875,31.6725,31.9875,158000,yahoo
2003-11-07,31.935,32.0875,32.175,31.93,31.935,217200,yahoo
2003-11-10,31.605,31.905,31.905,31.605,31.605,40800,yahoo
2003-11-11,31.5975,31.66,31.66,31.5025,31.5975,125200,yahoo
2003-11-12,32.04,31.6875,32.04,31.6875,32.04,88800,yahoo
2003-11-13,32.1125,32.025,32.1125,31.9275,32.1125,53200,yahoo
2003-11-14,31.7875,32.145,32.2625,31.75,31.7875,70000,yahoo
2003-11-17,31.4825,31.7375,31.75,31.275,31.4825,182400,yahoo
2003-11-18,31.165,31.5825,31.665,31.165,31.165,102000,yahoo
2003-11-19,31.3525,31.2,31.3525,31.18,31.3525,30800,yahoo
2003-11-20,31.1375,31.15,31.4825,31.1075,31.1375,90000,yahoo
2003-11-21,31.2725,31.275,31.305,31.11,31.2725,76400,yahoo
2003-11-24,31.8625,31.525,31.8625,31.525,31.8625,88000,yahoo
2003-11-25,32.065,31.8625,32.16,31.845,32.065,134000,yahoo
2003-11-26,32.2075,32.145,32.21,31.92,32.2075,82000,yahoo
2003-11-28,32.2875,32.2625,32.33,32.2375,32.2875,71200,yahoo
2003-12-01,32.67,32.375,32.68,32.375,32.67,73200,yahoo
2003-12-02,32.55,32.65,32.69,32.5425,32.55,134800,yahoo
2003-12-03,32.5125,32.7375,32.7925,32.5075,32.5125,94400,yahoo
2003-12-04,32.49,32.5625,32.585,32.355,32.49,46800,yahoo
2003-12-05,32.2625,32.4375,32.5075,32.25,32.2625,44400,yahoo
2003-12-08,32.5,32.35,32.5,32.2575,32.5,54000,yahoo
2003-12-09,32.21,32.5625,32.5625,32.1875,32.21,35600,yahoo
2003-12-10,31.96,32.25,32.25,31.8925,31.96,39200,yahoo
2003-12-11,32.525,32.0875,32.58,32.0875,32.525,42800,yahoo
2003-12-12,32.65,32.4875,32.66,32.4,32.65,33600,yahoo
2003-12-15,32.3875,33.025,33.025,32.3875,32.3875,233600,yahoo
2003-12-16,32.495,32.4625,32.5425,32.2525,32.495,52800,yahoo
2003-12-17,32.5925,32.5,32.5925,32.405,32.5925,53200,yahoo
2003-12-18,33.07,32.6675,33.1075,32.6675,33.07,40400,yahoo
2003-12-19,33.0075,33.0625,33.0625,32.86,33.0075,77200,yahoo
2003-12-22,33.1425,32.925,33.1425,32.925,33.1425,22400,yahoo
2003-12-23,33.36,33.2375,33.36,33.2275,33.36,126000,yahoo
2003-12-24,33.2975,33.325,33.345,33.24,33.2975,70400,yahoo
2003-12-26,33.3775,33.3875,33.46,33.365,33.3775,25200,yahoo
2003-12-29,33.775,33.545,33.775,33.4875,33.775,70800,yahoo
2003-12-30,33.82,33.8125,33.82,33.7125,33.82,85600,yahoo
2003-12-31,33.8625,33.875,33.905,33.7225,33.8625,90800,yahoo
2004-01-02,33.7025,34.0,34.02,33.6125,33.7025,61600,yahoo
2004-01-05,34.125,33.7375,34.125,33.7375,34.125,105200,yahoo
2004-01-06,34.195,34.1,34.225,34.025,34.195,138000,yahoo
2004-01-07,34.215,34.17,34.235,33.95,34.215,97600,yahoo
2004-01-08,34.475,34.425,34.475,34.28,34.475,47600,yahoo
2004-01-09,34.2925,34.27,34.585,34.225,34.2925,80000,yahoo
2004-01-12,34.5,34.375,34.5,34.265,34.5,32800,yahoo
2004-01-13,34.31,34.56,34.56,34.15,34.31,50000,yahoo
2004-01-14,34.62,34.4625,34.6325,34.4375,34.62,139600,yahoo
2004-01-15,34.715,34.705,34.84,34.445,34.715,95600,yahoo
2004-01-16,35.0375,34.915,35.0375,34.86,35.0375,81200,yahoo
2004-01-20,35.1075,35.15,35.17,34.935,35.1075,64400,yahoo
2004-01-21,35.2575,35.0875,35.3425,34.93,35.2575,137600,yahoo
2004-01-22,35.1225,35.4,35.405,35.1225,35.1225,87600,yahoo
2004-01-23,35.0375,35.175,35.3,34.9375,35.0375,58000,yahoo
2004-01-26,35.35,35.075,35.35,34.97,35.35,28000,yahoo
2004-01-27,35.0775,35.3,35.37,35.0675,35.0775,106000,yahoo
2004-01-28,34.6125,35.225,35.225,34.5375,34.6125,175600,yahoo
2004-01-29,34.62,34.74,34.7875,34.2325,34.62,82400,yahoo
2004-01-30,34.665,34.6375,34.69,34.495,34.665,26800,yahoo
2004-02-02,34.7025,34.725,34.9375,34.5225,34.7025,114000,yahoo
2004-02-03,34.7125,34.6875,34.78,34.6375,34.7125,22800,yahoo
2004-02-04,34.3425,34.525,34.53,34.255,34.3425,196400,yahoo
2004-02-05,34.435,34.35,34.5275,34.3225,34.435,61200,yahoo
2004-02-06,34.9575,34.585,34.965,34.495,34.9575,64000,yahoo
2004-02-09,34.9875,35.0625,35.125,34.9625,34.9875,271600,yahoo
2004-02-10,35.1425,34.9875,35.175,34.9875,35.1425,32800,yahoo
2004-02-11,35.5675,35.175,35.6,35.0875,35.5675,254800,yahoo
2004-02-12,35.4625,35.5625,35.635,35.4625,35.4625,261600,yahoo
2004-02-13,35.225,35.505,35.505,35.115,35.225,93200,yahoo
2004-02-17,35.6175,35.5,35.665,35.465,35.6175,133600,yahoo
2004-02-18,35.4925,35.65,35.65,35.42,35.4925,54000,yahoo
2004-02-19,35.2725,35.725,35.725,35.2725,35.2725,51600,yahoo
2004-02-20,35.1225,35.4,35.4,34.925,35.1225,144400,yahoo
2004-02-23,34.9,35.2375,35.2375,34.82,34.9,59200,yahoo
2004-02-24,34.8075,34.875,34.9725,34.675,34.8075,178000,yahoo
2004-02-25,35.0575,34.9125,35.0775,34.82,35.0575,90000,yahoo
2004-02-26,35.205,35.025,35.225,34.895,35.205,92800,yahoo
2004-02-27,35.325,35.2,35.46,35.165,35.325,127200,yahoo
2004-03-01,35.7675,35.5,35.7925,35.4725,35.7675,80000,yahoo
2004-03-02,35.625,35.75,35.785,35.5825,35.625,72000,yahoo
2004-03-03,35.64,35.575,35.66,35.3575,35.64,22800,yahoo
2004-03-04,35.775,35.6875,35.775,35.575,35.775,66000,yahoo
2004-03-05,35.91,35.6625,36.04,35.6225,35.91,55600,yahoo
2004-03-08,35.5,35.925,35.935,35.5,35.5,92800,yahoo
2004-03-09,35.2125,35.5375,35.5375,35.1125,35.2125,56400,yahoo
2004-03-10,34.6675,35.23,35.23,34.5625,34.6675,164400,yahoo
2004-03-11,34.09,34.375,34.6975,34.0625,34.09,352800,yahoo
2004-03-12,34.6,34.2875,34.6025,34.28,34.6,113600,yahoo
2004-03-15,34.0625,34.475,34.5,34.0625,34.0625,182000,yahoo
2004-03-16,34.2325,34.275,34.35,33.96,34.2325,129600,yahoo
2004-03-17,34.7625,34.4975,34.82,34.4625,34.7625,81200,yahoo
2004-03-18,34.75,34.7125,34.775,34.3825,34.75,157600,yahoo
2004-03-19,34.35,34.6625,34.6625,34.35,34.35,60800,yahoo
2004-03-22,33.795,34.2375,34.2375,33.665,33.795,217200,yahoo
2004-03-23,33.7975,33.9875,34.0325,33.6975,33.7975,214000,yahoo
2004-03-24,33.705,33.8375,33.905,33.5875,33.705,90000,yahoo
2004-03-25,34.275,33.95,34.3375,33.885,34.275,88800,yahoo
2004-03-26,34.345,34.275,34.465,34.2725,34.345,30000,yahoo
2004-03-29,34.68,34.5375,34.8075,34.5375,34.68,111200,yahoo
2004-03-30,34.945,34.68,34.9825,34.68,34.945,133200,yahoo
2004-03-31,35.0,34.94,35.1075,34.81,35.0,81600,yahoo
2004-04-01,35.215,35.1,35.2975,35.0775,35.215,79600,yahoo
2004-04-02,35.6125,35.675,35.675,35.4025,35.6125,536000,yahoo
2004-04-05,35.82,35.6,35.82,35.55,35.82,108400,yahoo
2004-04-06,35.7475,35.6625,35.7475,35.6075,35.7475,52400,yahoo
2004-04-07,35.5625,35.6875,35.71,35.425,35.5625,56400,yahoo
2004-04-08,35.525,35.8125,35.82,35.4025,35.525,33200,yahoo
2004-04-12,35.64,35.55,35.7525,35.55,35.64,35200,yahoo
2004-04-13,35.095,35.7,35.71,35.025,35.095,30000,yahoo
2004-04-14,34.875,34.9125,35.145,34.84,34.875,43200,yahoo
2004-04-15,34.9475,35.05,35.1825,34.75,34.9475,30400,yahoo
2004-04-16,35.175,35.05,35.19,34.875,35.175,38800,yahoo
2004-04-19,35.175,35.15,35.1775,34.96,35.175,36400,yahoo
2004-04-20,34.66,35.2375,35.315,34.66,34.66,90800,yahoo
2004-04-21,34.875,34.625,34.9025,34.5575,34.875,128400,yahoo
2004-04-22,35.535,34.875,35.58,34.875,35.535,92000,yahoo
2004-04-23,35.445,35.525,35.525,35.2425,35.445,64400,yahoo
2004-04-26,35.21,35.525,35.5975,35.2,35.21,104400,yahoo
2004-04-27,35.265,35.325,35.61,35.265,35.265,25600,yahoo
2004-04-28,34.7375,35.125,35.125,34.725,34.7375,98000,yahoo
2004-04-29,34.3375,34.6975,34.85,34.1375,34.3375,307600,yahoo
2004-04-30,34.175,34.3875,34.4775,34.0775,34.175,62800,yahoo
2004-05-03,34.4,34.15,34.44,34.1375,34.4,59600,yahoo
2004-05-04,34.5,34.45,34.7525,34.33,34.5,68800,yahoo
2004-05-05,34.6025,34.4875,34.6675,34.4875,34.6025,53200,yahoo
2004-05-06,34.2625,34.4375,34.4375,34.0675,34.2625,124400,yahoo
2004-05-07,33.6525,34.25,34.3,33.645,33.6525,338800,yahoo
2004-05-10,33.15,33.325,33.405,32.96,33.15,351600,yahoo
2004-05-11,33.525,33.4175,33.55,33.375,33.525,423600,yahoo
2004-05-12,33.54,33.4,33.5575,32.9075,33.54,192800,yahoo
2004-05-13,33.665,33.5625,33.7875,33.43,33.665,101200,yahoo
2004-05-14,33.5825,33.625,33.7675,33.3475,33.5825,178000,yahoo
2004-05-17,33.16,33.135,33.305,33.0025,33.16,81200,yahoo
2004-05-18,33.4825,33.475,33.505,33.38,33.4825,44800,yahoo
2004-05-19,33.415,33.7625,33.9925,33.4075,33.415,306800,yahoo
2004-05-20,33.4625,33.375,33.5075,33.335,33.4625,32800,yahoo
2004-05-21,33.54,33.6125,33.735,33.4825,33.54,100400,yahoo
2004-05-24,33.8125,33.875,33.93,33.6425,33.8125,96400,yahoo
2004-05-25,34.42,33.64,34.42,33.6275,34.42,218800,yahoo
2004-05-26,34.4875,34.375,34.5425,34.32,34.4875,362400,yahoo
2004-05-27,34.655,34.7,34.8275,34.515,34.655,404000,yahoo
2004-05-28,34.7725,34.625,34.775,34.6075,34.7725,106000,yahoo
2004-06-01,34.7325,34.65,34.8,34.5475,34.7325,114000,yahoo
2004-06-02,34.85,34.8975,34.935,34.6625,34.85,154800,yahoo
2004-06-03,34.5,34.7125,34.7625,34.5,34.5,81200,yahoo
2004-06-04,34.715,34.775,34.875,34.6575,34.715,177200,yahoo
2004-06-07,35.375,34.9675,35.375,34.915,35.375,265200,yahoo
2004-06-08,35.36,35.3125,35.39,35.175,35.36,262800,yahoo
2004-06-09,34.985,35.325,35.34,34.9825,34.985,251600,yahoo
2004-06-10,35.135,35.1625,35.2025,35.06,35.135,128800,yahoo
2004-06-14,34.725,35.0125,35.015,34.645,34.725,189200,yahoo
2004-06-15,35.0175,35.0125,35.1725,34.9225,35.0175,91600,yahoo
2004-06-16,35.0925,35.05,35.1275,34.9625,35.0925,111200,yahoo
2004-06-17,35.0625,35.03,35.0775,34.865,35.0625,120800,yahoo
2004-06-18,35.065,34.925,35.1925,34.925,35.065,60400,yahoo
2004-06-21,34.9625,35.1125,35.1675,34.925,34.9625,82000,yahoo
2004-06-22,35.1625,34.9625,35.205,34.845,35.1625,103200,yahoo
2004-06-23,35.5925,35.225,35.6225,35.16,35.5925,74800,yahoo
2004-06-24,35.5075,35.5575,35.7,35.31,35.5075,168000,yahoo
2004-06-25,35.5375,35.5575,35.7125,35.45,35.5375,81600,yahoo
2004-06-28,35.405,35.71,35.725,35.25,35.405,390400,yahoo
2004-06-29,35.495,35.4375,35.5425,35.3825,35.495,333600,yahoo
2004-06-30,35.7375,35.6,35.7725,35.44,35.7375,417600,yahoo
2004-07-01,35.25,35.725,35.7575,35.115,35.25,104400,yahoo
2004-07-02,35.13,35.225,35.225,35.015,35.13,85200,yahoo
2004-07-06,34.73,34.975,34.975,34.67,34.73,291600,yahoo
2004-07-07,34.785,34.825,34.875,34.7125,34.785,140800,yahoo
2004-07-08,34.4075,34.675,34.715,34.4,34.4075,177200,yahoo
2004-07-09,34.515,34.6,34.6,34.4575,34.515,72000,yahoo
2004-07-12,34.475,34.525,34.5675,34.275,34.475,110800,yahoo
2004-07-13,34.53,34.575,34.575,34.465,34.53,107200,yahoo
2004-07-14,34.395,34.2875,34.7,34.2875,34.395,85200,yahoo
2004-07-15,34.4825,34.5,34.6175,34.4125,34.4825,56400,yahoo
2004-07-16,34.2175,34.5825,34.5825,34.2175,34.2175,120000,yahoo
2004-07-19,34.2,34.275,34.335,34.05,34.2,203600,yahoo
2004-07-20,34.5,34.225,34.5,34.17,34.5,243200,yahoo
2004-07-21,33.965,34.6625,34.705,33.9625,33.965,182800,yahoo
2004-07-22,33.925,33.8875,34.0275,33.5375,33.925,413200,yahoo
2004-07-23,33.63,33.7925,33.7925,33.5375,33.63,98400,yahoo
2004-07-26,33.4675,33.65,33.76,33.295,33.4675,107600,yahoo
2004-07-27,33.77,33.45,33.815,33.43,33.77,84400,yahoo
2004-07-28,33.73,33.7125,33.8425,33.33,33.73,202800,yahoo
2004-07-29,34.05,33.83,34.115,33.83,34.05,153200,yahoo
2004-07-30,34.1025,34.0,34.155,33.97,34.1025,124800,yahoo
2004-08-02,34.235,33.975,34.2525,33.94,34.235,121600,yahoo
2004-08-03,33.9125,34.1775,34.1775,33.89,33.9125,128800,yahoo
2004-08-04,33.845,33.75,33.94,33.6025,33.845,151200,yahoo
2004-08-05,33.2325,33.8,33.8,33.2325,33.2325,92800,yahoo
2004-08-06,32.635,32.795,32.9725,32.6225,32.635,364400,yahoo
2004-08-09,32.815,32.8,32.8625,32.6975,32.815,166800,yahoo
2004-08-10,33.19,32.95,33.2,32.8825,33.19,160400,yahoo
2004-08-11,33.07,32.95,33.1225,32.8325,33.07,136000,yahoo
2004-08-12,32.7,32.9625,32.9875,32.665,32.7,283600,yahoo
2004-08-13,32.65,32.8,32.8,32.59,32.65,82800,yahoo
2004-08-16,33.2625,32.825,33.2625,32.825,33.2625,108400,yahoo
2004-08-17,33.35,33.4375,33.5525,33.33,33.35,84000,yahoo
2004-08-18,33.7675,33.3,33.78,33.3,33.7675,217600,yahoo
2004-08-19,33.6425,33.7675,33.7675,33.5225,33.6425,154800,yahoo
2004-08-20,33.9775,33.71,33.99,33.66,33.9775,160400,yahoo
2004-08-23,33.8125,34.0425,34.0425,33.8125,33.8125,114400,yahoo
2004-08-24,33.8125,34.0125,34.0125,33.72,33.8125,101200,yahoo
2004-08-25,34.1625,33.825,34.1625,33.7375,34.1625,220000,yahoo
2004-08-26,34.125,34.1125,34.1375,34.0675,34.125,62800,yahoo
2004-08-27,34.1875,34.135,34.25,34.135,34.1875,63200,yahoo
2004-08-30,33.9325,34.1675,34.1675,33.9325,33.9325,124800,yahoo
2004-08-31,34.0675,34.0275,34.0675,33.805,34.0675,94000,yahoo
2004-09-01,34.1825,34.175,34.28,33.9975,34.1825,37200,yahoo
2004-09-02,34.6275,34.2,34.6275,34.2,34.6275,42400,yahoo
2004-09-03,34.43,34.55,34.66,34.43,34.43,56400,yahoo
2004-09-07,34.7175,34.725,34.8125,34.5875,34.7175,348400,yahoo
2004-09-08,34.515,34.7,34.7325,34.48,34.515,101600,yahoo
2004-09-09,34.6125,34.645,34.72,34.4225,34.6125,310400,yahoo
2004-09-10,34.8625,34.55,34.8675,34.475,34.8625,46400,yahoo
2004-09-13,34.9175,34.9325,35.07,34.885,34.9175,438400,yahoo
2004-09-14,34.995,35.025,35.025,34.8625,34.995,161200,yahoo
2004-09-15,34.745,34.95,34.95,34.71,34.745,78800,yahoo
2004-09-16,34.945,34.7875,34.9825,34.7875,34.945,134400,yahoo
2004-09-17,34.9825,34.9875,35.075,34.8725,34.9825,271200,yahoo
2004-09-20,34.87,34.8875,34.9825,34.8,34.87,95200,yahoo
2004-09-21,35.1,34.925,35.175,34.89,35.1,208800,yahoo
2004-09-22,34.6625,34.925,34.925,34.65,34.6625,142000,yahoo
2004-09-23,34.5625,34.5375,34.64,34.495,34.5625,183200,yahoo
2004-09-24,34.555,34.575,34.69,34.54,34.555,153200,yahoo
2004-09-27,34.325,34.37,34.48,34.3025,34.325,86800,yahoo
2004-09-28,34.5175,34.325,34.5525,34.2325,34.5175,129600,yahoo
2004-09-29,34.6625,34.5025,34.6625,34.485,34.6625,271200,yahoo
2004-09-30,34.855,34.7,34.875,34.66,34.855,220400,yahoo
2004-10-01,35.4275,35.0325,35.4375,35.025,35.4275,340400,yahoo
2004-10-04,35.6,35.6875,35.7725,35.58,35.6,186400,yahoo
2004-10-05,35.54,35.6,35.6375,35.4525,35.54,252000,yahoo
2004-10-06,35.77,35.51,35.78,35.4625,35.77,224400,yahoo
2004-10-07,35.435,35.75,35.75,35.435,35.435,101600,yahoo
2004-10-08,35.1175,35.33,35.42,35.025,35.1175,186800,yahoo
2004-10-11,35.0925,35.225,35.225,35.075,35.0925,131600,yahoo
2004-10-12,35.0075,34.875,35.045,34.7825,35.0075,152000,yahoo
2004-10-13,34.7225,35.1375,35.1375,34.605,34.7225,80800,yahoo
2004-10-14,34.4675,34.7375,34.7425,34.395,34.4675,105200,yahoo
2004-10-15,34.5975,34.5875,34.795,34.4225,34.5975,86800,yahoo
2004-10-18,34.7175,34.575,34.7625,34.43,34.7175,92000,yahoo
2004-10-19,34.42,34.8375,34.9325,34.42,34.42,228800,yahoo
2004-10-20,34.4575,34.34,34.4575,34.115,34.4575,85200,yahoo
2004-10-21,34.7325,34.4725,34.78,34.4525,34.7325,53200,yahoo
2004-10-22,34.46,34.7875,34.825,34.4525,34.46,124800,yahoo
2004-10-25,34.505,34.4375,34.55,34.3125,34.505,94800,yahoo
2004-10-26,35.0025,34.575,35.0025,34.5125,35.0025,220800,yahoo
2004-10-27,35.5175,34.98,35.5275,34.9475,35.5175,288000,yahoo
2004-10-28,35.495,35.5,35.6375,35.3475,35.495,280400,yahoo
2004-10-29,35.6825,35.65,35.73,35.48,35.6825,89600,yahoo
2004-11-01,35.73,35.7,35.7925,35.6175,35.73,218800,yahoo
2004-11-02,35.6875,35.815,36.0625,35.6775,35.6875,391600,yahoo
2004-11-03,36.1025,36.3125,36.3125,35.965,36.1025,1280800,yahoo
2004-11-04,36.74,36.175,36.7475,36.125,36.74,987600,yahoo
2004-11-05,36.995,36.925,37.125,36.825,36.995,974400,yahoo
2004-11-08,36.925,37.0,37.03,36.85,36.925,306800,yahoo
2004-11-09,36.95,36.9375,37.05,36.87,36.95,219200,yahoo
2004-11-10,36.975,36.925,37.105,36.905,36.975,398800,yahoo
2004-11-11,37.34,37.0625,37.37,37.02,37.34,352400,yahoo
2004-11-12,37.655,37.375,37.6575,37.22,37.655,253200,yahoo
2004-11-15,37.6925,37.6,37.755,37.5575,37.6925,267600,yahoo
2004-11-16,37.475,37.65,37.65,37.44,37.475,238000,yahoo
2004-11-17,37.7025,37.8,37.955,37.6325,37.7025,277200,yahoo
2004-11-18,37.82,37.725,37.825,37.6425,37.82,181600,yahoo
2004-11-19,37.3725,37.7875,37.79,37.3525,37.3725,162800,yahoo
2004-11-22,37.6375,37.3125,37.64,37.2575,37.6375,238000,yahoo
2004-11-23,37.6775,37.6125,37.7525,37.4775,37.6775,242000,yahoo
2004-11-24,37.96,37.9125,37.96,37.7675,37.96,245200,yahoo
2004-11-26,38.045,38.0125,38.125,37.99,38.045,86000,yahoo
2004-11-29,37.8475,38.1875,38.1875,37.655,37.8475,294000,yahoo
2004-11-30,37.75,37.875,37.895,37.7225,37.75,258400,yahoo
2004-12-01,38.27,37.9175,38.27,37.8875,38.27,317600,yahoo
2004-12-02,38.1975,38.2475,38.35,38.0775,38.1975,252000,yahoo
2004-12-03,38.25,38.2775,38.42,38.125,38.25,515200,yahoo
2004-12-06,38.23,38.25,38.28,38.0,38.23,193200,yahoo
2004-12-07,37.75,38.25,38.25,37.75,37.75,161600,yahoo
2004-12-08,37.84,37.8125,37.9025,37.6625,37.84,290000,yahoo
2004-12-09,38.04,37.675,38.0625,37.495,38.04,247600,yahoo
2004-12-10,38.0775,37.9775,38.1875,37.9425,38.0775,466400,yahoo
2004-12-13,38.39,38.325,38.39,38.145,38.39,285200,yahoo
2004-12-14,38.6375,38.5,38.6675,38.4125,38.6375,316000,yahoo
2004-12-15,38.7825,38.665,38.7925,38.56,38.7825,234000,yahoo
2004-12-16,38.5875,38.7375,38.8175,38.455,38.5875,269200,yahoo
2004-12-17,38.4,38.475,38.485,38.14,38.4,346800,yahoo
2004-12-20,38.3,38.5125,38.6175,38.245,38.3,151200,yahoo
2004-12-21,38.665,38.4,38.6725,38.3675,38.665,194000,yahoo
2004-12-22,38.8,38.7,38.8325,38.6875,38.8,146800,yahoo
2004-12-23,38.82,38.8475,38.87,38.76,38.82,170000,yahoo
2004-12-27,38.6,38.925,38.925,38.5825,38.6,176800,yahoo
2004-12-28,38.92,38.7175,38.92,38.7175,38.92,228800,yahoo
2004-12-29,38.98,38.9125,39.0,38.89,38.98,132800,yahoo
2004-12-30,39.055,39.0375,39.11,39.0075,39.055,321600,yahoo
2004-12-31,39.04,39.075,39.2275,39.03,39.04,322000,yahoo
2005-01-03,38.5,39.2,39.2,38.485,38.5,247200,yahoo
2005-01-04,37.9625,38.65,38.65,37.8425,37.9625,376000,yahoo
2005-01-05,37.67,37.925,38.04,37.67,37.67,206400,yahoo
2005-01-06,37.7825,37.7875,37.91,37.635,37.7825,274800,yahoo
2005-01-07,37.6825,37.8925,37.8925,37.555,37.6825,277200,yahoo
2005-01-10,37.7575,37.6825,37.995,37.68,37.7575,134400,yahoo
2005-01-11,37.5625,37.75,37.75,37.475,37.5625,257600,yahoo
2005-01-12,37.75,37.6,37.75,37.3025,37.75,619600,yahoo
2005-01-13,37.4925,37.745,37.8075,37.455,37.4925,215200,yahoo
2005-01-14,37.8175,37.3875,37.825,37.3875,37.8175,221200,yahoo
2005-01-18,38.185,37.755,38.185,37.6625,38.185,242800,yahoo
2005-01-19,37.85,38.1975,38.1975,37.835,37.85,220800,yahoo
2005-01-20,37.5575,37.675,37.77,37.52,37.5575,249600,yahoo
2005-01-21,37.34,37.6,37.6525,37.33,37.34,177600,yahoo
2005-01-24,37.125,37.355,37.45,37.0975,37.125,353600,yahoo
2005-01-25,37.175,37.4,37.455,37.155,37.175,270400,yahoo
2005-01-26,37.4475,37.3625,37.4975,37.215,37.4475,244800,yahoo
2005-01-27,37.5675,37.3625,37.6425,37.3525,37.5675,152800,yahoo
2005-01-28,37.4175,37.6,37.6,37.2425,37.4175,173600,yahoo
2005-01-31,37.8375,37.725,37.84,37.64,37.8375,158400,yahoo
2005-02-01,38.1175,37.9,38.1275,37.835,38.1175,277600,yahoo
2005-02-02,38.27,38.065,38.305,38.065,38.27,283200,yahoo
2005-02-03,38.1875,38.1875,38.1875,38.0125,38.1875,131200,yahoo
2005-02-04,38.64,38.1875,38.645,38.1875,38.64,235600,yahoo
2005-02-07,38.57,38.575,38.7175,38.5175,38.57,187600,yahoo
2005-02-08,38.525,38.55,38.68,38.4975,38.525,205600,yahoo
2005-02-09,38.1775,38.6,38.6175,38.1575,38.1775,179600,yahoo
2005-02-10,38.3275,38.3,38.34,38.145,38.3275,126800,yahoo
2005-02-11,38.735,38.34,38.7675,38.2,38.735,218400,yahoo
2005-02-14,38.6975,38.7,38.715,38.615,38.6975,101600,yahoo
2005-02-15,38.8425,38.725,38.9525,38.705,38.8425,131600,yahoo
2005-02-16,38.8275,38.75,38.9175,38.655,38.8275,88800,yahoo
2005-02-17,38.555,38.825,38.86,38.5525,38.555,105200,yahoo
2005-02-18,38.5525,38.505,38.6075,38.4825,38.5525,104000,yahoo
2005-02-22,37.92,38.5375,38.5525,37.92,37.92,512400,yahoo
2005-02-23,38.1275,38.05,38.1925,37.975,38.1275,226400,yahoo
2005-02-24,38.45,38.175,38.475,38.0275,38.45,199600,yahoo
2005-02-25,38.8525,38.5125,38.885,38.4375,38.8525,245200,yahoo
2005-02-28,38.6425,38.825,38.855,38.4075,38.6425,124800,yahoo
2005-03-01,38.91,38.7625,38.945,38.7625,38.91,174800,yahoo
2005-03-02,38.855,38.6875,39.0625,38.65,38.855,195200,yahoo
2005-03-03,38.93,39.0275,39.075,38.6875,38.93,218000,yahoo
2005-03-04,39.3275,39.105,39.39,39.065,39.3275,356800,yahoo
2005-03-07,39.45,39.31,39.585,39.31,39.45,253200,yahoo
2005-03-08,39.2375,39.52,39.52,39.215,39.2375,71200,yahoo
2005-03-09,38.8225,39.185,39.2125,38.8225,38.8225,162000,yahoo
2005-03-10,38.8,38.875,38.9125,38.5925,38.8,183200,yahoo
2005-03-11,38.68,38.8375,39.0475,38.5,38.68,400400,yahoo
2005-03-14,38.9,38.8,38.9075,38.7225,38.9,180400,yahoo
2005-03-15,38.64,38.95,39.0375,38.635,38.64,390800,yahoo
2005-03-16,38.25,38.525,38.525,38.1875,38.25,478800,yahoo
2005-03-17,38.365,38.27,38.4575,38.1925,38.365,340800,yahoo
2005-03-18,38.185,38.3075,38.31,38.0125,38.185,219600,yahoo
2005-03-21,38.1275,38.1925,38.1925,37.9375,38.1275,335600,yahoo
2005-03-22,37.765,38.18,38.345,37.7625,37.765,244800,yahoo
2005-03-23,37.7625,37.7,37.8625,37.65,37.7625,324400,yahoo
2005-03-24,37.7875,37.8825,38.01,37.7875,37.7875,325600,yahoo
2005-03-28,37.82,37.935,37.99,37.8,37.82,365600,yahoo
2005-03-29,37.4075,37.73,37.9225,37.36,37.4075,762800,yahoo
2005-03-30,37.9675,37.585,37.9675,37.5475,37.9675,203600,yahoo
2005-03-31,38.0275,37.985,38.1075,37.95,38.0275,429200,yahoo
2005-04-01,37.9,38.2,38.38,37.7375,37.9,209200,yahoo
2005-04-04,37.9,37.8375,37.9875,37.6525,37.9,177200,yahoo
2005-04-05,38.05,37.9625,38.1,37.925,38.05,162400,yahoo
2005-04-06,38.105,38.15,38.3025,38.0675,38.105,336800,yahoo
2005-04-07,38.365,38.1775,38.375,38.125,38.365,164800,yahoo
2005-04-08,38.07,38.425,38.425,38.055,38.07,104000,yahoo
2005-04-11,38.05,38.125,38.125,37.9275,38.05,122400,yahoo
2005-04-12,38.245,38.0125,38.315,37.665,38.245,238400,yahoo
2005-04-13,37.705,38.15,38.15,37.6225,37.705,217600,yahoo
2005-04-14,37.15,37.72,37.72,37.15,37.15,339200,yahoo
2005-04-15,36.4,36.9,37.03,36.355,36.4,807600,yahoo
2005-04-18,36.575,36.4,36.685,36.3275,36.575,1053200,yahoo
2005-04-19,36.9375,36.85,36.9775,36.5375,36.9375,674800,yahoo
2005-04-20,36.4375,36.975,36.9975,36.3675,36.4375,636800,yahoo
2005-04-21,37.1325,36.6625,37.1375,36.645,37.1325,286000,yahoo
2005-04-22,36.775,37.065,37.08,36.5425,36.775,211200,yahoo
2005-04-25,37.17,37.0325,37.2,37.0,37.17,205200,yahoo
2005-04-26,36.8125,37.13,37.29,36.8125,36.8125,142000,yahoo
2005-04-27,36.89,36.725,37.0,36.47,36.89,211200,yahoo
2005-04-28,36.43,36.8375,36.84,36.43,36.43,210400,yahoo
2005-04-29,36.8125,36.6875,36.855,36.2725,36.8125,275600,yahoo
2005-05-02,37.0175,36.985,37.095,36.8075,37.0175,278800,yahoo
2005-05-03,37.0275,37.0,37.25,36.875,37.0275,305200,yahoo
2005-05-04,37.5325,37.2,37.58,37.115,37.5325,356800,yahoo
2005-05-05,37.4575,37.5825,37.6775,37.3,37.4575,467200,yahoo
2005-05-06,37.525,37.6575,37.6575,37.43,37.525,450800,yahoo
2005-05-09,37.7625,37.5,37.7625,37.46,37.7625,596800,yahoo
2005-05-10,37.35,37.55,37.5775,37.255,37.35,286800,yahoo
2005-05-11,37.5,37.44,37.53,37.08,37.5,120000,yahoo
2005-05-12,37.125,37.535,37.6375,37.0375,37.125,234000,yahoo
2005-05-13,36.925,37.065,37.23,36.6125,36.925,425200,yahoo
2005-05-16,37.3325,36.975,37.3325,36.975,37.3325,209600,yahoo
2005-05-17,37.6175,37.225,37.6425,37.1525,37.6175,128000,yahoo
2005-05-18,38.13,37.8825,38.1825,37.81,38.13,444400,yahoo
2005-05-19,38.285,38.1375,38.2975,38.0625,38.285,397200,yahoo
2005-05-20,38.34,38.2475,38.345,38.17,38.34,189200,yahoo
2005-05-23,38.49,38.4,38.5975,38.3325,38.49,644000,yahoo
2005-05-24,38.42,38.4125,38.48,38.3,38.42,198400,yahoo
2005-05-25,38.29,38.3625,38.3625,38.165,38.29,87200,yahoo
2005-05-26,38.565,38.43,38.6075,38.29,38.565,229600,yahoo
2005-05-27,38.6475,38.55,38.67,38.5375,38.6475,149200,yahoo
2005-05-31,38.4675,38.625,38.6975,38.4675,38.4675,117200,yahoo
2005-06-01,38.8575,38.5025,38.98,38.5,38.8575,171600,yahoo
2005-06-02,38.9675,38.785,38.98,38.75,38.9675,102400,yahoo
2005-06-03,38.775,38.925,39.0,38.685,38.775,276800,yahoo
2005-06-06,38.7875,38.775,38.8275,38.625,38.7875,220800,yahoo
2005-06-07,38.83,38.9,39.21,38.8225,38.83,246400,yahoo
2005-06-08,38.73,38.8925,38.9825,38.6875,38.73,292000,yahoo
2005-06-09,38.9625,38.7,38.97,38.605,38.9625,262400,yahoo
2005-06-10,38.915,38.9875,39.0575,38.7525,38.915,346400,yahoo
2005-06-13,39.0575,38.875,39.2,38.785,39.0575,235200,yahoo
2005-06-14,39.2125,39.0575,39.3275,39.0575,39.2125,126000,yahoo
2005-06-15,39.315,39.37,39.37,39.045,39.315,293600,yahoo
2005-06-16,39.515,39.29,39.515,39.29,39.515,352000,yahoo
2005-06-17,39.58,39.65,39.6575,39.455,39.58,238800,yahoo
2005-06-20,39.5,39.4375,39.6025,39.3225,39.5,211200,yahoo
2005-06-21,39.485,39.55,39.5875,39.415,39.485,154400,yahoo
2005-06-22,39.52,39.65,39.705,39.42,39.52,646800,yahoo
2005-06-23,39.09,39.52,39.615,39.09,39.09,247600,yahoo
2005-06-24,38.76,39.0375,39.055,38.74,38.76,525200,yahoo
2005-06-27,38.765,38.715,38.8125,38.655,38.765,1785200,yahoo
2005-06-28,39.195,38.825,39.2,38.825,39.195,517600,yahoo
2005-06-29,39.15,39.2025,39.255,39.095,39.15,255200,yahoo
2005-06-30,38.965,39.2575,39.315,38.95,38.965,176000,yahoo
2005-07-01,39.0875,39.1,39.17,39.03,39.0875,116000,yahoo
2005-07-05,39.4925,39.025,39.51,39.025,39.4925,174400,yahoo
2005-07-06,39.2175,39.4125,39.51,39.19,39.2175,176000,yahoo
2005-07-07,39.3275,38.875,39.3275,38.7925,39.3275,294000,yahoo
2005-07-08,39.82,39.325,39.8275,39.325,39.82,256400,yahoo
2005-07-11,40.1,39.9,40.1175,39.88,40.1,290000,yahoo
2005-07-12,40.175,40.15,40.2775,39.9675,40.175,316800,yahoo
2005-07-13,40.2,40.2125,40.235,40.09,40.2,104800,yahoo
2005-07-14,40.3,40.4625,40.6125,40.2075,40.3,221200,yahoo
2005-07-15,40.3375,40.3225,40.3725,40.1825,40.3375,117600,yahoo
2005-07-18,40.3025,40.2325,40.3275,40.2125,40.3025,180000,yahoo
2005-07-19,40.56,40.4725,40.5925,40.35,40.56,214800,yahoo
2005-07-20,40.8025,40.475,40.89,40.3625,40.8025,283600,yahoo
2005-07-21,40.45,40.7875,40.7875,40.4225,40.45,371600,yahoo
2005-07-22,40.7975,40.6125,40.7975,40.5,40.7975,160400,yahoo
2005-07-25,40.575,40.825,40.9175,40.56,40.575,264000,yahoo
2005-07-26,40.7275,40.6875,40.81,40.64,40.7275,140400,yahoo
2005-07-27,40.9125,40.8625,40.9125,40.6875,40.9125,304000,yahoo
2005-07-28,41.1775,41.025,41.2,40.8775,41.1775,329600,yahoo
2005-07-29,40.955,41.175,41.26,40.935,40.955,319600,yahoo
2005-08-01,40.9575,41.05,41.0775,40.89,40.9575,312400,yahoo
2005-08-02,41.1625,41.025,41.2325,41.0175,41.1625,179200,yahoo
2005-08-03,41.2075,41.14,41.26,41.09,41.2075,193200,yahoo
2005-08-04,40.875,41.0625,41.075,40.865,40.875,1064800,yahoo
2005-08-05,40.5,40.785,40.785,40.425,40.5,280400,yahoo
2005-08-08,40.34,40.575,40.6925,40.325,40.34,384800,yahoo
2005-08-09,40.58,40.575,40.625,40.47,40.58,469600,yahoo
2005-08-10,40.5625,40.7775,40.975,40.4675,40.5625,437200,yahoo
2005-08-11,40.745,40.5825,40.8275,40.555,40.745,321600,yahoo
2005-08-12,40.615,40.7,40.7375,40.435,40.615,560400,yahoo
2005-08-15,40.8875,40.625,40.8875,40.4875,40.8875,230400,yahoo
2005-08-16,40.245,40.7375,40.7375,40.2225,40.245,369200,yahoo
2005-08-17,40.3125,40.25,40.43,40.1675,40.3125,387600,yahoo
2005-08-18,40.16,40.15,40.32,40.0875,40.16,163600,yahoo
2005-08-19,40.3,40.325,40.4125,40.27,40.3,120400,yahoo
2005-08-22,40.3275,40.425,40.59,40.1925,40.3275,150000,yahoo
2005-08-23,40.245,40.41,40.41,40.1075,40.245,383200,yahoo
2005-08-24,40.025,40.2225,40.4925,40.025,40.025,227600,yahoo
2005-08-25,40.1775,40.1475,40.23,40.0675,40.1775,265600,yahoo
2005-08-26,39.9625,40.13,40.1775,39.87,39.9625,227600,yahoo
2005-08-29,40.25,39.9175,40.25,39.75,40.25,249600,yahoo
2005-08-30,39.9275,40.0525,40.0575,39.7725,39.9275,207200,yahoo
2005-08-31,40.5975,40.095,40.5975,39.9125,40.5975,395200,yahoo
2005-09-01,40.5,40.525,40.6925,40.3525,40.5,364000,yahoo
2005-09-02,40.3975,40.625,40.625,40.375,40.3975,194800,yahoo
2005-09-06,40.8725,40.65,40.8725,40.5525,40.8725,152400,yahoo
2005-09-07,40.9875,40.85,40.995,40.7875,40.9875,262400,yahoo
2005-09-08,40.7725,40.85,40.9625,40.765,40.7725,83200,yahoo
2005-09-09,41.2125,40.9125,41.2125,40.895,41.2125,155200,yahoo
2005-09-12,41.2375,41.1525,41.28,41.1525,41.2375,317200,yahoo
2005-09-13,40.96,41.105,41.2275,40.96,40.96,106800,yahoo
2005-09-14,40.855,41.05,41.05,40.7575,40.855,246800,yahoo
2005-09-15,40.7425,40.94,40.94,40.665,40.7425,213600,yahoo
2005-09-16,40.9325,40.85,40.9325,40.665,40.9325,364000,yahoo
2005-09-19,40.61,40.8,40.8,40.5,40.61,235200,yahoo
2005-09-20,40.2425,40.705,40.7475,40.195,40.2425,352400,yahoo
2005-09-21,39.7275,40.0375,40.0725,39.7275,39.7275,321600,yahoo
2005-09-22,39.8875,39.7025,39.9525,39.55,39.8875,913600,yahoo
2005-09-23,40.0275,39.85,40.175,39.79,40.0275,736000,yahoo
2005-09-26,40.0825,40.3,40.3225,39.955,40.0825,260800,yahoo
2005-09-27,40.11,40.0875,40.22,39.925,40.11,274000,yahoo
2005-09-28,40.185,40.3075,40.3375,40.0475,40.185,188800,yahoo
2005-09-29,40.5,40.075,40.5375,39.9675,40.5,686800,yahoo
2005-09-30,40.6925,40.56,40.74,40.5075,40.6925,203600,yahoo
2005-10-03,40.725,40.7,40.8725,40.625,40.725,241200,yahoo
2005-10-04,40.255,40.7875,40.8625,40.255,40.255,674800,yahoo
2005-10-05,39.55,40.2125,40.2125,39.55,39.55,433200,yahoo
2005-10-06,39.34,39.575,39.7325,39.0075,39.34,575200,yahoo
2005-10-07,39.4875,39.505,39.55,39.37,39.4875,443200,yahoo
2005-10-10,39.02,39.425,39.4275,39.0025,39.02,292400,yahoo
2005-10-11,38.8225,39.2125,39.215,38.7675,38.8225,247200,yahoo
2005-10-12,38.425,38.8275,39.0,38.375,38.425,1147200,yahoo
2005-10-13,38.4475,38.425,38.535,38.19,38.4475,744000,yahoo
2005-10-14,38.8825,38.7275,38.89,38.45,38.8825,968400,yahoo
2005-10-17,39.015,39.025,39.055,38.8175,39.015,706800,yahoo
2005-10-18,38.5975,38.87,38.9075,38.595,38.5975,1834800,yahoo
2005-10-19,39.1475,38.35,39.1475,38.25,39.1475,956000,yahoo
2005-10-20,38.5975,39.165,39.2875,38.4775,38.5975,692400,yahoo
2005-10-21,38.7775,38.9,38.94,38.575,38.7775,454000,yahoo
2005-10-24,39.425,38.9,39.425,38.9,39.425,683200,yahoo
2005-10-25,39.2775,39.4,39.5025,39.0575,39.2775,727200,yahoo
2005-10-26,39.125,39.3,39.53,39.1,39.125,526400,yahoo
2005-10-27,38.605,39.14,39.14,38.595,38.605,331600,yahoo
2005-10-28,39.2125,38.775,39.22,38.66,39.2125,426400,yahoo
2005-10-31,39.6025,39.4625,39.82,39.4625,39.6025,474000,yahoo
2005-11-01,39.56,39.7125,39.7325,39.505,39.56,317600,yahoo
2005-11-02,40.0825,39.575,40.0825,39.575,40.0825,1056000,yahoo
2005-11-03,40.185,40.3575,40.415,40.1125,40.185,452000,yahoo
2005-11-04,40.21,40.3,40.3375,40.05,40.21,672400,yahoo
2005-11-07,40.31,40.375,40.3975,40.185,40.31,575200,yahoo
2005-11-08,40.1675,40.175,40.1925,40.0475,40.1675,788400,yahoo
2005-11-09,40.2225,40.15,40.38,40.045,40.2225,244800,yahoo
2005-11-10,40.575,40.2375,40.6225,40.0225,40.575,494400,yahoo
2005-11-11,40.675,40.5925,40.695,40.545,40.675,403600,yahoo
2005-11-14,40.6525,40.725,40.7775,40.585,40.6525,290400,yahoo
2005-11-15,40.4625,40.625,40.7475,40.4025,40.4625,564800,yahoo
2005-11-16,40.565,40.6,40.6,40.4175,40.565,362000,yahoo
2005-11-17,41.0725,40.7,41.0725,40.6875,41.0725,223600,yahoo
2005-11-18,41.175,41.175,41.2675,40.9725,41.175,280000,yahoo
2005-11-21,41.4225,41.225,41.44,41.15,41.4225,264000,yahoo
2005-11-22,41.615,41.3625,41.64,41.3075,41.615,251200,yahoo
2005-11-23,41.7775,41.64,41.935,41.6,41.7775,495200,yahoo
2005-11-25,41.8125,41.75,41.8425,41.7275,41.8125,171600,yahoo
2005-11-28,41.465,41.825,41.8625,41.4525,41.465,363200,yahoo
2005-11-29,41.59,41.5375,41.7775,41.5375,41.59,320800,yahoo
2005-11-30,41.405,41.525,41.6575,41.38,41.405,185200,yahoo
2005-12-01,42.0275,41.68,42.0275,41.64,42.0275,261600,yahoo
2005-12-02,42.075,41.975,42.09,41.915,42.075,341600,yahoo
2005-12-05,41.9125,42.0,42.0,41.7325,41.9125,142000,yahoo
2005-12-06,41.9675,42.105,42.255,41.965,41.9675,171200,yahoo
2005-12-07,41.75,42.0125,42.0125,41.65,41.75,285600,yahoo
2005-12-08,41.785,41.8,42.0225,41.625,41.785,241200,yahoo
2005-12-09,41.965,41.85,42.085,41.77,41.965,132000,yahoo
2005-12-12,42.0375,42.175,42.185,41.8475,42.0375,299600,yahoo
2005-12-13,42.2475,42.0,42.3525,41.9675,42.2475,220400,yahoo
2005-12-14,42.4225,42.2625,42.5225,42.2375,42.4225,262400,yahoo
2005-12-15,42.295,42.49,42.495,42.17,42.295,184000,yahoo
2005-12-16,42.105,42.275,42.315,42.075,42.105,219200,yahoo
2005-12-19,41.7075,42.17,42.17,41.6975,41.7075,224800,yahoo
2005-12-20,41.735,41.6875,41.8625,41.605,41.735,356000,yahoo
2005-12-21,41.9125,41.93,42.09,41.8125,41.9125,477200,yahoo
2005-12-22,42.125,41.95,42.125,41.92,42.125,582800,yahoo
2005-12-23,42.1725,42.1725,42.2025,42.09,42.1725,374400,yahoo
2005-12-27,41.77,42.2875,42.295,41.7675,41.77,418000,yahoo
2005-12-28,41.92,41.875,41.9425,41.7875,41.92,167600,yahoo
2005-12-29,41.75,41.9725,41.9725,41.75,41.75,274400,yahoo
2005-12-30,41.4825,41.7,41.7,41.4675,41.4825,482400,yahoo
2006-01-03,42.195,41.77,42.195,41.3625,42.195,696400,yahoo
2006-01-04,42.4375,42.1425,42.4725,42.14,42.4375,538400,yahoo
2006-01-05,42.4375,42.3875,42.5425,42.3225,42.4375,1370800,yahoo
2006-01-06,42.855,42.8,42.93,42.5275,42.855,505200,yahoo
2006-01-09,43.1475,42.9475,43.1675,42.8875,43.1475,624800,yahoo
2006-01-10,43.1575,42.975,43.1575,42.875,43.1575,297200,yahoo
2006-01-11,43.25,43.2175,43.275,43.0925,43.25,351600,yahoo
2006-01-12,42.99,43.25,43.25,42.9625,42.99,450400,yahoo
2006-01-13,43.03,43.025,43.08,42.8925,43.03,194400,yahoo
2006-01-17,42.82,42.9125,42.9125,42.7,42.82,274800,yahoo
2006-01-18,42.78,42.65,42.895,42.6075,42.78,510400,yahoo
2006-01-19,43.12,42.95,43.2125,42.895,43.12,509200,yahoo
2006-01-20,42.4375,43.175,43.175,42.41,42.4375,644000,yahoo
2006-01-23,42.55,42.575,42.6825,42.455,42.55,304400,yahoo
2006-01-24,42.8125,42.725,42.9375,42.6775,42.8125,269600,yahoo
2006-01-25,42.825,42.9725,42.975,42.5875,42.825,321200,yahoo
2006-01-26,43.1325,43.0725,43.1325,42.915,43.1325,478400,yahoo
2006-01-27,43.39,43.245,43.535,43.1375,43.39,897200,yahoo
2006-01-30,43.415,43.4475,43.5125,43.375,43.415,209200,yahoo
2006-01-31,43.1525,43.32,43.4025,43.125,43.1525,290800,yahoo
2006-02-01,43.345,43.245,43.3475,43.1225,43.345,407200,yahoo
2006-02-02,42.9675,43.325,43.325,42.84,42.9675,832400,yahoo
2006-02-03,42.645,42.75,42.9375,42.595,42.645,604000,yahoo
2006-02-06,42.88,42.8275,42.895,42.69,42.88,203200,yahoo
2006-02-07,42.5175,42.7975,42.86,42.4325,42.5175,1179200,yahoo
2006-02-08,42.7775,42.56,42.8025,42.4625,42.7775,309200,yahoo
2006-02-09,42.7175,42.8675,43.05,42.665,42.7175,248800,yahoo
2006-02-10,42.735,42.685,42.845,42.415,42.735,495600,yahoo
2006-02-13,42.6,42.7,42.7025,42.475,42.6,551600,yahoo
2006-02-14,42.99,42.615,43.1,42.49,42.99,309200,yahoo
2006-02-15,43.23,43.025,43.23,42.91,43.23,414400,yahoo
2006-02-16,43.5375,43.3325,43.5375,43.25,43.5375,300400,yahoo
2006-02-17,43.5,43.4625,43.6225,43.455,43.5,327200,yahoo
2006-02-21,43.3775,43.6225,43.685,43.31,43.3775,249600,yahoo
2006-02-22,43.6575,43.4,43.7825,43.4,43.6575,341200,yahoo
2006-02-23,43.615,43.66,43.8175,43.5425,43.615,368000,yahoo
2006-02-24,43.66,43.6,43.7175,43.4875,43.66,241600,yahoo
2006-02-27,43.8275,43.775,43.9075,43.7275,43.8275,341200,yahoo
2006-02-28,43.2975,43.645,43.6625,43.2325,43.2975,638400,yahoo
2006-03-01,43.715,43.4625,43.755,43.365,43.715,662000,yahoo
2006-03-02,43.7,43.605,43.715,43.455,43.7,258000,yahoo
2006-03-03,43.59,43.51,43.9025,43.475,43.59,456400,yahoo
2006-03-06,43.1725,43.575,43.575,43.105,43.1725,331200,yahoo
2006-03-07,43.01,43.025,43.1,42.835,43.01,275200,yahoo
2006-03-08,43.0225,42.8125,43.1275,42.695,43.0225,1773200,yahoo
2006-03-09,42.925,43.1675,43.3025,42.8875,42.925,1158400,yahoo
2006-03-10,43.275,42.9,43.3275,42.875,43.275,420800,yahoo
2006-03-13,43.375,43.3825,43.515,43.3125,43.375,279600,yahoo
2006-03-14,43.85,43.35,43.8825,43.35,43.85,312400,yahoo
2006-03-15,44.1425,43.97,44.1925,43.85,44.1425,379200,yahoo
2006-03-16,44.2975,44.255,44.455,44.19,44.2975,403600,yahoo
2006-03-17,44.275,44.325,44.3325,44.1575,44.275,596000,yahoo
2006-03-20,44.1275,44.35,44.35,44.07,44.1275,180800,yahoo
2006-03-21,43.7775,44.0625,44.3225,43.7775,43.7775,202000,yahoo
2006-03-22,44.0675,43.835,44.1125,43.7875,44.0675,235600,yahoo
2006-03-23,44.085,44.0475,44.085,43.88,44.085,238400,yahoo
2006-03-24,44.135,44.0575,44.205,43.9325,44.135,135200,yahoo
2006-03-27,44.11,44.055,44.1475,44.0,44.11,149200,yahoo
2006-03-28,43.8975,44.075,44.2425,43.82,43.8975,224800,yahoo
2006-03-29,44.2875,44.0075,44.35,43.92,44.2875,246800,yahoo
2006-03-30,44.1175,44.375,44.5375,44.075,44.1175,264000,yahoo
2006-03-31,44.1,44.25,44.25,43.9775,44.1,284400,yahoo
2006-04-03,44.06,44.175,44.4475,44.0,44.06,297200,yahoo
2006-04-04,44.3,44.0575,44.3625,43.9125,44.3,222800,yahoo
2006-04-05,44.4825,44.435,44.5925,44.29,44.4825,258800,yahoo
2006-04-06,44.4975,44.5,44.5525,44.28,44.4975,172000,yahoo
2006-04-07,44.0925,44.55,44.67,44.02,44.0925,270400,yahoo
2006-04-10,44.0675,44.1,44.155,43.89,44.0675,125200,yahoo
2006-04-11,43.55,44.02,44.0725,43.4625,43.55,243200,yahoo
2006-04-12,43.6625,43.655,43.7475,43.525,43.6625,269200,yahoo
2006-04-13,43.7525,43.6025,43.795,43.46,43.7525,336000,yahoo
2006-04-17,43.6225,43.8175,43.845,43.4425,43.6225,208000,yahoo
2006-04-18,44.4425,43.67,44.4875,43.67,44.4425,169200,yahoo
2006-04-19,44.6475,44.5925,44.6475,44.345,44.6475,174800,yahoo
2006-04-20,44.635,44.6125,44.865,44.44,44.635,383600,yahoo
2006-04-21,44.525,44.855,44.855,44.4225,44.525,240800,yahoo
2006-04-24,44.4925,44.4275,44.5275,44.2825,44.4925,120000,yahoo
2006-04-25,44.315,44.525,44.5625,44.2,44.315,373600,yahoo
2006-04-26,44.43,44.5225,44.6075,44.305,44.43,322800,yahoo
2006-04-27,44.44,44.08,44.69,44.02,44.44,576700,yahoo
2006-04-28,44.48,44.44,44.64,44.39,44.48,216600,yahoo
2006-05-01,44.25,44.6,44.7,44.23,44.25,312800,yahoo
2006-05-02,44.51,44.49,44.56,44.29,44.51,251100,yahoo
2006-05-03,44.41,44.51,44.56,44.3,44.41,412200,yahoo
2006-05-04,44.62,44.63,44.72,44.55,44.62,307700,yahoo
2006-05-05,45.08,44.92,45.14,44.84,45.08,258200,yahoo
2006-05-08,45.14,45.15,45.21,45.08,45.14,337300,yahoo
2006-05-09,45.12,45.13,45.14,45.02,45.12,277000,yahoo
2006-05-10,45.09,45.07,45.19,44.9,45.09,281800,yahoo
2006-05-11,44.42,44.97,44.97,44.4,44.42,400600,yahoo
2006-05-12,43.9,44.2,44.4,43.9,43.9,718300,yahoo
2006-05-15,43.91,43.71,43.98,43.56,43.91,509600,yahoo
2006-05-16,43.7,44.07,44.07,43.61,43.7,296900,yahoo
2006-05-17,43.01,43.55,43.65,42.95,43.01,602700,yahoo
2006-05-18,42.74,43.32,43.32,42.73,42.74,1699300,yahoo
2006-05-19,43.02,42.8,43.2,42.55,43.02,540800,yahoo
2006-05-22,42.75,42.7,42.99,42.4,42.75,359700,yahoo
2006-05-23,42.5,43.1,43.21,42.5,42.5,212000,yahoo
2006-05-24,42.62,42.25,42.85,42.03,42.62,301200,yahoo
2006-05-25,43.08,42.93,43.08,42.75,43.08,405100,yahoo
2006-05-26,43.37,43.27,43.4,43.1,43.37,889400,yahoo
2006-05-30,42.62,43.29,43.29,42.62,42.62,187900,yahoo
2006-05-31,43.16,42.94,43.17,42.8,43.16,177400,yahoo
2006-06-01,43.66,43.21,43.71,43.16,43.66,363200,yahoo
2006-06-02,43.71,43.92,43.92,43.47,43.71,366700,yahoo
2006-06-05,42.99,43.52,43.6,42.87,42.99,237000,yahoo
2006-06-06,42.73,42.9,42.9,42.47,42.73,358400,yahoo
2006-06-07,42.48,42.83,43.08,42.48,42.48,298600,yahoo
2006-06-08,42.43,42.32,42.62,41.5,42.43,569500,yahoo
2006-06-09,42.42,42.67,42.8,42.35,42.42,940600,yahoo
2006-06-12,41.74,42.43,42.5,41.73,41.74,421800,yahoo
2006-06-13,41.26,41.6,42.01,41.21,41.26,713600,yahoo
2006-06-14,41.46,41.05,41.58,41.01,41.46,631900,yahoo
2006-06-15,42.52,41.7,42.59,41.57,42.52,231000,yahoo
2006-06-16,42.0,42.38,42.39,42.0,42.0,162200,yahoo
2006-06-19,41.7,42.37,42.37,41.7,41.7,198000,yahoo
2006-06-20,41.69,41.85,42.03,41.66,41.69,109500,yahoo
2006-06-21,42.2,41.86,42.4,41.82,42.2,237500,yahoo
2006-06-22,41.94,42.08,42.14,41.81,41.94,84900,yahoo
2006-06-23,42.05,41.92,42.29,41.88,42.05,239300,yahoo
2006-06-26,42.2,42.08,42.21,41.98,42.2,118600,yahoo
2006-06-27,41.79,42.24,42.25,41.69,41.79,185100,yahoo
2006-06-28,41.9,41.9,41.93,41.59,41.9,103700,yahoo
2006-06-29,42.95,42.16,42.95,42.1,42.95,390900,yahoo
2006-06-30,42.91,43.1,43.1,42.81,42.91,1070600,yahoo
2006-07-03,43.2,43.2,43.2,42.94,43.2,326600,yahoo
2006-07-05,42.77,42.8,42.91,42.58,42.77,268800,yahoo
2006-07-06,42.78,42.95,42.98,42.66,42.78,1035600,yahoo
2006-07-07,42.53,42.72,42.82,42.36,42.53,335000,yahoo
2006-07-10,42.44,42.63,42.73,42.35,42.44,219300,yahoo
2006-07-11,42.66,42.43,42.68,42.17,42.66,300400,yahoo
2006-07-12,42.28,42.69,42.71,42.1,42.28,282200,yahoo
2006-07-13,41.58,41.9,42.04,41.52,41.58,309000,yahoo
2006-07-14,41.22,41.4,41.48,40.94,41.22,858900,yahoo
2006-07-17,41.19,41.14,41.44,41.08,41.19,274100,yahoo
2006-07-18,41.18,41.41,41.42,40.76,41.18,384700,yahoo
2006-07-19,41.9,41.32,42.06,41.32,41.9,279500,yahoo
2006-07-20,41.47,42.15,42.15,41.46,41.47,515300,yahoo
2006-07-21,41.02,41.5,41.5,40.97,41.02,1344700,yahoo
2006-07-24,41.76,41.18,41.8,41.18,41.76,289600,yahoo
2006-07-25,41.97,41.8,42.2,41.65,41.97,263000,yahoo
2006-07-26,42.1,42.05,42.24,41.82,42.1,206600,yahoo
2006-07-27,41.85,42.4,42.4,41.7,41.85,383600,yahoo
2006-07-28,42.28,41.8,42.35,41.8,42.28,2793600,yahoo
2006-07-31,42.34,42.2,42.34,42.11,42.34,1982800,yahoo
2006-08-01,42.07,42.05,42.08,41.84,42.07,1930100,yahoo
2006-08-02,42.31,42.14,42.49,42.14,42.31,271200,yahoo
2006-08-03,42.52,42.01,42.62,42.01,42.52,442000,yahoo
2006-08-04,42.43,42.87,43.04,42.28,42.43,155900,yahoo
2006-08-07,42.3,42.4,42.45,42.23,42.3,278900,yahoo
2006-08-08,42.11,42.35,42.61,42.04,42.11,398700,yahoo
2006-08-09,41.81,42.52,42.52,41.8,41.81,274800,yahoo
2006-08-10,42.09,41.72,42.17,41.72,42.09,270400,yahoo
2006-08-11,41.87,41.96,42.09,41.79,41.87,83400,yahoo
2006-08-14,41.97,42.08,42.38,41.94,41.97,235300,yahoo
2006-08-15,42.63,42.32,42.69,42.3,42.63,126200,yahoo
2006-08-16,43.12,42.77,43.2,42.77,43.12,280200,yahoo
2006-08-17,43.29,43.06,43.42,43.03,43.29,357000,yahoo
2006-08-18,43.33,43.34,43.37,43.07,43.33,164600,yahoo
2006-08-21,43.13,43.1,43.19,43.02,43.13,100500,yahoo
2006-08-22,43.17,43.1,43.3,43.01,43.17,305100,yahoo
2006-08-23,42.9,43.18,43.25,42.78,42.9,211100,yahoo
2006-08-24,42.82,42.9,43.05,42.75,42.82,90600,yahoo
2006-08-25,42.87,42.84,43.01,42.8,42.87,95800,yahoo
2006-08-28,43.16,42.87,43.28,42.86,43.16,108000,yahoo
2006-08-29,43.36,43.24,43.39,42.98,43.36,450700,yahoo
2006-08-30,43.43,43.35,43.46,43.31,43.43,180800,yahoo
2006-08-31,43.5,43.35,43.54,43.35,43.5,348700,yahoo
2006-09-01,43.68,43.55,43.74,43.5,43.68,173500,yahoo
2006-09-05,43.75,43.69,43.8,43.61,43.75,241600,yahoo
2006-09-06,43.24,43.48,43.54,43.24,43.24,180800,yahoo
2006-09-07,43.04,43.05,43.36,42.96,43.04,329300,yahoo
2006-09-08,43.32,43.2,43.36,43.1,43.32,87700,yahoo
2006-09-11,43.38,43.08,43.51,43.03,43.38,378600,yahoo
2006-09-12,43.97,43.38,43.99,43.38,43.97,465600,yahoo
2006-09-13,44.18,43.97,44.25,43.94,44.18,161100,yahoo
2006-09-14,44.08,44.1,44.18,43.96,44.08,213800,yahoo
2006-09-15,44.13,44.33,44.33,44.03,44.13,337300,yahoo
2006-09-18,44.11,44.15,44.28,44.04,44.11,278700,yahoo
2006-09-19,44.03,44.11,44.15,43.77,44.03,311800,yahoo
2006-09-20,44.25,44.26,44.37,44.14,44.25,275000,yahoo
2006-09-21,43.93,44.33,44.36,43.85,43.93,378300,yahoo
2006-09-22,43.83,43.98,43.98,43.66,43.83,479900,yahoo
2006-09-25,44.25,43.85,44.32,43.67,44.25,321800,yahoo
2006-09-26,44.54,44.09,44.54,44.09,44.54,164900,yahoo
2006-09-27,44.55,44.44,44.65,44.42,44.55,194900,yahoo
2006-09-28,44.59,44.58,44.65,44.37,44.59,272700,yahoo
2006-09-29,44.42,44.6,44.65,44.42,44.42,208600,yahoo
2006-10-02,44.36,44.5,44.58,44.24,44.36,165600,yahoo
2006-10-03,44.25,44.3,44.48,44.08,44.25,242000,yahoo
2006-10-04,44.85,44.24,44.9,44.2,44.85,192300,yahoo
2006-10-05,45.09,44.96,45.12,44.82,45.09,240600,yahoo
2006-10-06,44.95,45.0,45.0,44.75,44.95,303400,yahoo
2006-10-09,45.03,44.85,45.14,44.81,45.03,217400,yahoo
2006-10-10,45.14,45.07,45.23,45.02,45.14,223100,yahoo
2006-10-11,45.09,44.98,45.23,44.86,45.09,585300,yahoo
2006-10-12,45.54,45.16,45.57,45.16,45.54,232800,yahoo
2006-10-13,45.64,45.52,45.71,45.43,45.64,226800,yahoo
2006-10-16,45.81,45.69,45.92,45.67,45.81,275200,yahoo
2006-10-17,45.66,45.75,45.75,45.4,45.66,328000,yahoo
2006-10-18,45.64,45.98,45.98,45.47,45.64,219100,yahoo
2006-10-19,45.7,45.58,45.71,45.45,45.7,231200,yahoo
2006-10-20,45.51,45.74,45.74,45.4,45.51,128900,yahoo
2006-10-23,45.84,45.5,45.86,45.39,45.84,113800,yahoo
2006-10-24,45.96,45.76,45.96,45.68,45.96,304100,yahoo
2006-10-25,46.06,45.9,46.1,45.85,46.06,160000,yahoo
2006-10-26,46.26,46.21,46.35,45.95,46.26,320200,yahoo
2006-10-27,45.97,46.09,46.3,45.9,45.97,133000,yahoo
2006-10-30,46.1,45.9,46.15,45.84,46.1,340000,yahoo
2006-10-31,46.09,46.22,46.22,45.87,46.09,315600,yahoo
2006-11-01,45.7,46.21,46.25,45.63,45.7,160400,yahoo
2006-11-02,45.7,45.54,45.7,45.47,45.7,82400,yahoo
2006-11-03,45.58,45.88,45.9,45.39,45.58,238400,yahoo
2006-11-06,46.04,45.79,46.15,45.71,46.04,313800,yahoo
2006-11-07,46.18,46.08,46.38,46.06,46.18,422800,yahoo
2006-11-08,46.34,46.1,46.43,45.97,46.34,391700,yahoo
2006-11-09,46.14,46.4,46.49,46.09,46.14,227500,yahoo
2006-11-10,46.3,46.11,46.3,46.07,46.3,206200,yahoo
2006-11-13,46.46,46.21,46.53,46.2,46.46,304100,yahoo
2006-11-14,46.76,46.52,46.81,46.3,46.76,237200,yahoo
2006-11-15,47.03,46.79,47.12,46.79,47.03,270600,yahoo
2006-11-16,47.11,47.16,47.2,47.02,47.11,511300,yahoo
2006-11-17,47.09,47.0,47.09,46.86,47.09,208200,yahoo
2006-11-20,47.04,47.08,47.16,46.97,47.04,1258400,yahoo
2006-11-21,47.3,47.07,47.3,47.05,47.3,684700,yahoo
2006-11-22,47.4,47.28,47.41,47.2,47.4,161300,yahoo
2006-11-24,47.31,47.18,47.39,47.15,47.31,68400,yahoo
2006-11-27,46.54,47.1,47.21,46.5,46.54,275000,yahoo
2006-11-28,46.63,46.3,46.66,46.3,46.63,186600,yahoo
2006-11-29,47.1,46.82,47.15,46.8,47.1,329700,yahoo
2006-11-30,47.24,47.18,47.38,46.91,47.24,172800,yahoo
2006-12-01,47.05,47.34,47.34,46.7,47.05,129500,yahoo
2006-12-04,47.58,47.2,47.69,47.2,47.58,372800,yahoo
2006-12-05,47.73,47.68,47.83,47.57,47.73,456600,yahoo
2006-12-06,47.8,47.71,47.89,47.67,47.8,151400,yahoo
2006-12-07,47.56,47.94,47.97,47.56,47.56,91800,yahoo
2006-12-08,47.63,47.58,47.8,47.4,47.63,219300,yahoo
2006-12-11,47.65,47.7,47.79,47.55,47.65,156900,yahoo
2006-12-12,47.58,47.73,47.73,47.35,47.58,401700,yahoo
2006-12-13,47.66,47.78,47.78,47.53,47.66,82600,yahoo
2006-12-14,48.01,47.72,48.07,47.71,48.01,220800,yahoo
2006-12-15,47.8,48.05,48.11,47.72,47.8,179600,yahoo
2006-12-18,47.53,47.88,47.9,47.44,47.53,133100,yahoo
2006-12-19,47.59,47.22,47.66,47.2,47.59,174800,yahoo
2006-12-20,47.62,47.65,47.77,47.57,47.62,154200,yahoo
2006-12-21,47.37,47.56,47.68,47.31,47.37,338400,yahoo
2006-12-22,47.14,47.51,47.51,47.11,47.14,147700,yahoo
2006-12-26,47.36,47.22,47.4,47.2,47.36,328700,yahoo
2006-12-27,47.66,47.47,47.73,47.47,47.66,294900,yahoo
2006-12-28,47.52,47.75,47.75,47.52,47.52,230700,yahoo
2006-12-29,47.34,47.52,47.68,47.32,47.34,479400,yahoo
2007-01-03,47.32,47.58,47.79,47.04,47.32,458900,yahoo
2007-01-04,47.39,47.27,47.48,47.04,47.39,323100,yahoo
2007-01-05,47.07,47.23,47.23,46.94,47.07,291500,yahoo
2007-01-08,47.17,47.01,47.23,46.89,47.17,279000,yahoo
2007-01-09,47.23,47.25,47.3,46.97,47.23,354500,yahoo
2007-01-10,47.37,47.1,47.42,46.97,47.37,249600,yahoo
2007-01-11,47.69,47.4,47.84,47.4,47.69,1222500,yahoo
2007-01-12,47.91,47.66,47.94,47.66,47.91,376500,yahoo
2007-01-16,47.95,47.98,48.04,47.86,47.95,328600,yahoo
2007-01-17,47.94,47.89,48.09,47.86,47.94,166900,yahoo
2007-01-18,47.65,47.91,48.01,47.65,47.65,211800,yahoo
2007-01-19,47.97,47.76,47.97,47.72,47.97,240700,yahoo
2007-01-22,47.7,47.93,47.93,47.63,47.7,549500,yahoo
2007-01-23,47.97,47.73,48.1,47.69,47.97,111300,yahoo
2007-01-24,48.33,48.09,48.33,48.02,48.33,193700,yahoo
2007-01-25,47.83,48.35,48.35,47.77,47.83,145500,yahoo
2007-01-26,47.85,47.92,47.94,47.65,47.85,181100,yahoo
2007-01-29,47.88,47.9,48.05,47.76,47.88,340000,yahoo
2007-01-30,48.17,47.97,48.25,47.88,48.17,383600,yahoo
2007-01-31,48.48,48.1,48.65,47.99,48.48,196400,yahoo
2007-02-01,48.83,48.8,48.87,48.62,48.83,234300,yahoo
2007-02-02,48.96,48.92,49.06,48.85,48.96,320400,yahoo
2007-02-05,48.96,48.92,49.02,48.83,48.96,299200,yahoo
2007-02-06,49.06,49.1,49.1,48.87,49.06,470800,yahoo
2007-02-07,49.21,49.15,49.31,49.08,49.21,314900,yahoo
2007-02-08,49.54,49.25,49.54,49.07,49.54,328800,yahoo
2007-02-09,48.92,49.5,49.5,48.71,48.92,258900,yahoo
2007-02-12,48.72,48.95,48.95,48.46,48.72,285600,yahoo
2007-02-13,49.11,48.75,49.12,48.75,49.11,154400,yahoo
2007-02-14,49.55,49.3,49.61,49.21,49.55,295700,yahoo
2007-02-15,49.67,49.6,49.74,49.49,49.67,528100,yahoo
2007-02-16,49.65,49.63,49.69,49.51,49.65,283200,yahoo
2007-02-20,49.87,49.64,49.94,49.44,49.87,342700,yahoo
2007-02-21,49.93,49.69,49.95,49.66,49.93,437900,yahoo
2007-02-22,49.9,50.04,50.1,49.69,49.9,272800,yahoo
2007-02-23,49.85,49.93,49.99,49.65,49.85,287500,yahoo
2007-02-26,49.78,50.09,50.09,49.56,49.78,1148000,yahoo
2007-02-27,47.9,49.12,49.2,47.65,47.9,562300,yahoo
2007-02-28,48.25,48.21,48.69,47.9,48.25,604800,yahoo
2007-03-01,48.1,47.2,48.41,46.7,48.1,922900,yahoo
2007-03-02,47.42,47.9,48.06,47.39,47.42,785400,yahoo
2007-03-05,46.92,47.02,47.48,46.83,46.92,891900,yahoo
2007-03-06,47.59,47.32,47.74,47.0,47.59,307500,yahoo
2007-03-07,47.63,47.63,47.87,47.5,47.63,163600,yahoo
2007-03-08,48.04,47.87,48.2,47.84,48.04,235800,yahoo
2007-03-09,48.11,48.31,48.34,47.87,48.11,262800,yahoo
2007-03-12,48.23,48.07,48.33,47.98,48.23,193300,yahoo
2007-03-13,47.27,47.94,48.13,47.23,47.27,202300,yahoo
2007-03-14,47.52,47.34,47.59,46.71,47.52,440600,yahoo
2007-03-15,47.81,47.68,47.87,47.51,47.81,134000,yahoo
2007-03-16,47.53,47.74,47.87,47.43,47.53,177000,yahoo
2007-03-19,48.08,47.75,48.1,47.72,48.08,197900,yahoo
2007-03-20,48.3,48.05,48.33,48.0,48.3,302900,yahoo
2007-03-21,49.02,48.36,49.25,48.23,49.02,349200,yahoo
2007-03-22,49.05,49.16,49.17,48.9,49.05,318200,yahoo
2007-03-23,49.15,49.0,49.25,49.0,49.15,212700,yahoo
2007-03-26,49.15,49.15,49.18,48.68,49.15,407200,yahoo
2007-03-27,48.84,49.01,49.01,48.7,48.84,237600,yahoo
2007-03-28,48.45,48.71,48.74,48.33,48.45,351600,yahoo
2007-03-29,48.56,48.75,48.86,48.25,48.56,326400,yahoo
2007-03-30,48.55,48.65,48.89,48.22,48.55,362000,yahoo
2007-04-02,48.78,48.58,48.82,48.49,48.78,128600,yahoo
2007-04-03,49.25,49.04,49.33,48.99,49.25,392500,yahoo
2007-04-04,49.24,49.18,49.5,49.0,49.24,711600,yahoo
2007-04-05,49.42,49.2,49.43,49.15,49.42,319600,yahoo
2007-04-09,49.49,49.46,49.75,49.36,49.49,382100,yahoo
2007-04-10,49.55,49.51,49.59,49.4,49.55,260600,yahoo
2007-04-11,49.24,49.55,49.55,49.17,49.24,313300,yahoo
2007-04-12,49.58,49.25,49.58,49.03,49.58,290900,yahoo
2007-04-13,49.72,49.59,49.72,49.41,49.72,353200,yahoo
2007-04-16,50.23,49.93,50.27,49.93,50.23,336000,yahoo
2007-04-17,50.29,50.24,50.44,50.17,50.29,355500,yahoo
2007-04-18,50.42,50.19,50.51,50.11,50.42,478200,yahoo
2007-04-19,50.37,50.03,50.44,50.01,50.37,403200,yahoo
2007-04-20,50.69,50.77,50.77,50.5,50.69,317400,yahoo
2007-04-23,50.77,50.82,50.92,50.69,50.77,288100,yahoo
2007-04-24,50.77,50.84,50.94,50.5,50.77,210600,yahoo
2007-04-25,51.28,51.15,51.35,50.87,51.28,210200,yahoo
2007-04-26,51.33,51.27,51.4,51.15,51.33,240800,yahoo
2007-04-27,51.22,51.19,51.3,51.0,51.22,262700,yahoo
2007-04-30,50.69,51.2,51.23,50.65,50.69,331900,yahoo
2007-05-01,50.8,50.75,50.85,50.33,50.8,304400,yahoo
2007-05-02,51.2,50.9,51.3,50.9,51.2,212900,yahoo
2007-05-03,51.4,51.33,51.42,51.18,51.4,285300,yahoo
2007-05-04,51.44,51.54,51.63,51.32,51.44,134300,yahoo
2007-05-07,51.53,51.5,51.7,51.5,51.53,265800,yahoo
2007-05-08,51.5,51.34,51.51,51.22,51.5,142400,yahoo
2007-05-09,51.72,51.42,51.82,51.39,51.72,110700,yahoo
2007-05-10,51.1,51.59,51.62,51.01,51.1,192500,yahoo
2007-05-11,51.46,51.28,51.49,51.16,51.46,314400,yahoo
2007-05-14,51.33,51.59,51.68,51.23,51.33,1636000,yahoo
2007-05-15,51.26,51.5,51.71,51.22,51.26,1514400,yahoo
2007-05-16,51.57,51.44,51.57,51.17,51.57,2479900,yahoo
2007-05-17,51.61,51.57,51.68,51.4,51.61,325700,yahoo
2007-05-18,51.87,51.66,51.89,51.59,51.87,231900,yahoo
2007-05-21,51.99,51.88,52.17,51.84,51.99,1982600,yahoo
2007-05-22,51.95,52.03,52.15,51.88,51.95,1780500,yahoo
2007-05-23,51.9,52.14,52.29,51.89,51.9,494500,yahoo
2007-05-24,51.32,51.79,52.14,51.22,51.32,315400,yahoo
2007-05-25,51.58,51.44,51.67,51.4,51.58,182500,yahoo
2007-05-29,51.73,51.75,51.88,51.52,51.73,192300,yahoo
2007-05-30,52.15,51.57,52.16,51.47,52.15,493300,yahoo
2007-05-31,52.33,52.37,52.42,52.16,52.33,286100,yahoo
2007-06-01,52.54,52.59,52.71,52.41,52.54,672400,yahoo
2007-06-04,52.67,52.51,52.74,52.42,52.67,567500,yahoo
2007-06-05,52.4,52.56,52.57,52.22,52.4,196800,yahoo
2007-06-06,51.9,52.17,52.17,51.76,51.9,259300,yahoo
2007-06-07,50.82,51.67,51.81,50.82,50.82,404900,yahoo
2007-06-08,51.51,50.85,51.51,50.75,51.51,221300,yahoo
2007-06-11,51.52,51.48,51.75,51.34,51.52,170300,yahoo
2007-06-12,50.95,51.28,51.6,50.95,50.95,229300,yahoo
2007-06-13,51.79,50.15,51.79,50.15,51.79,364100,yahoo
2007-06-14,51.97,51.84,52.17,51.84,51.97,412200,yahoo
2007-06-15,52.0,52.31,52.4,52.0,52.0,297200,yahoo
2007-06-18,52.09,52.24,52.24,52.01,52.09,286200,yahoo
2007-06-19,52.16,52.03,52.17,51.87,52.16,173000,yahoo
2007-06-20,51.52,52.23,52.24,51.47,51.52,221800,yahoo
2007-06-21,51.79,51.43,51.82,51.16,51.79,362300,yahoo
2007-06-22,51.4,51.62,51.72,51.15,51.4,471200,yahoo
2007-06-25,50.9,51.34,51.54,50.86,50.9,267300,yahoo
2007-06-26,50.82,51.17,51.21,50.61,50.82,306000,yahoo
2007-06-27,51.21,50.49,51.32,50.49,51.21,351100,yahoo
2007-06-28,51.3,51.23,51.61,51.23,51.3,596200,yahoo
2007-06-29,51.2,51.45,51.68,50.91,51.2,221400,yahoo
2007-07-02,51.76,51.45,51.76,51.36,51.76,707100,yahoo
2007-07-03,51.84,51.9,51.97,51.75,51.84,441200,yahoo
2007-07-05,51.97,51.99,52.04,51.73,51.97,683000,yahoo
2007-07-06,52.21,51.85,52.27,51.79,52.21,385300,yahoo
2007-07-09,52.18,52.27,52.3,52.06,52.18,354700,yahoo
2007-07-10,51.46,51.91,51.97,51.41,51.46,257100,yahoo
2007-07-11,51.6,51.34,51.66,51.27,51.6,2440400,yahoo
2007-07-12,52.47,51.89,52.47,51.89,52.47,426300,yahoo
2007-07-13,52.6,52.47,52.74,52.37,52.6,509100,yahoo
2007-07-16,52.39,52.62,52.7,52.39,52.39,1130900,yahoo
2007-07-17,52.46,52.44,52.63,52.37,52.46,881300,yahoo
2007-07-18,52.37,52.29,52.41,51.93,52.37,305400,yahoo
2007-07-19,52.65,52.58,52.67,52.47,52.65,1429200,yahoo
2007-07-20,51.94,52.55,52.55,51.79,51.94,1867900,yahoo
2007-07-23,52.0,52.16,52.29,51.98,52.0,544700,yahoo
2007-07-24,51.08,51.69,51.95,50.84,51.08,2560500,yahoo
2007-07-25,50.99,51.21,51.35,50.55,50.99,887600,yahoo
2007-07-26,49.64,50.31,50.48,49.08,49.64,999500,yahoo
2007-07-27,48.71,49.54,49.87,48.71,48.71,730400,yahoo
2007-07-30,49.45,49.07,49.6,48.72,49.45,4678400,yahoo
2007-07-31,48.89,49.81,49.98,48.88,48.89,1998800,yahoo
2007-08-01,49.08,49.0,53.54,48.22,49.08,3387600,yahoo
2007-08-02,49.4,49.21,49.5,49.0,49.4,1334500,yahoo
2007-08-03,48.02,49.3,49.41,47.76,48.02,1724500,yahoo
2007-08-06,48.83,48.28,48.92,47.58,48.83,2308400,yahoo
2007-08-07,49.1,48.66,49.54,48.43,49.1,260200,yahoo
2007-08-08,49.75,49.6,50.09,49.17,49.75,2019000,yahoo
2007-08-09,48.51,48.82,49.5,48.48,48.51,1964400,yahoo
2007-08-10,48.51,47.83,48.75,47.53,48.51,1909900,yahoo
2007-08-13,48.64,49.07,49.07,48.59,48.64,768200,yahoo
2007-08-14,47.54,48.7,48.7,47.53,47.54,1023200,yahoo
2007-08-15,46.83,47.45,48.06,46.29,46.83,1327300,yahoo
2007-08-16,46.93,46.27,47.06,45.23,46.93,1761500,yahoo
2007-08-17,48.07,48.81,50.0,47.09,48.07,2117000,yahoo
2007-08-20,48.05,48.09,48.21,47.54,48.05,599800,yahoo
2007-08-21,48.05,47.9,48.42,47.84,48.05,888000,yahoo
2007-08-22,48.82,48.51,48.85,48.4,48.82,380000,yahoo
2007-08-23,48.7,49.16,49.2,48.41,48.7,725600,yahoo
2007-08-24,49.32,48.69,49.33,48.6,49.32,607700,yahoo
2007-08-27,48.57,49.17,49.17,48.57,48.57,349000,yahoo
2007-08-28,47.67,48.4,48.41,47.5,47.67,738200,yahoo
2007-08-29,48.58,47.8,48.6,47.7,48.58,372000,yahoo
2007-08-30,48.37,48.2,48.72,48.15,48.37,437800,yahoo
2007-08-31,48.93,48.89,49.18,48.61,48.93,965900,yahoo
2007-09-04,49.58,48.94,49.68,48.77,49.58,516700,yahoo
2007-09-05,48.64,49.07,49.11,48.64,48.64,724100,yahoo
2007-09-06,49.03,48.99,49.18,48.65,49.03,1559700,yahoo
2007-09-07,48.27,48.37,48.53,48.03,48.27,870300,yahoo
2007-09-10,47.9,48.42,48.48,47.57,47.9,838300,yahoo
2007-09-11,48.53,48.16,48.58,48.1,48.53,1338000,yahoo
2007-09-12,48.45,48.42,48.79,48.38,48.45,707000,yahoo
2007-09-13,48.77,48.75,49.02,48.62,48.77,254800,yahoo
2007-09-14,48.94,48.54,48.97,48.5,48.94,628600,yahoo
2007-09-17,48.65,48.81,48.81,48.45,48.65,178600,yahoo
2007-09-18,50.14,48.93,50.16,48.76,50.14,465000,yahoo
2007-09-19,50.49,50.49,50.85,50.28,50.49,561300,yahoo
2007-09-20,50.03,50.44,50.48,49.96,50.03,669100,yahoo
2007-09-21,49.98,50.2,50.24,49.98,49.98,189200,yahoo
2007-09-24,49.72,50.03,50.17,49.65,49.72,2317400,yahoo
2007-09-25,49.67,49.4,49.68,49.24,49.67,563700,yahoo
2007-09-26,49.94,49.82,50.03,49.7,49.94,409700,yahoo
2007-09-27,50.12,50.1,50.18,49.96,50.12,502700,yahoo
2007-09-28,49.99,50.17,50.25,49.87,49.99,309900,yahoo
2007-10-01,50.67,50.1,50.76,50.1,50.67,377700,yahoo
2007-10-02,50.77,50.71,50.85,50.58,50.77,259900,yahoo
2007-10-03,50.7,50.61,50.88,50.53,50.7,463300,yahoo
2007-10-04,50.69,50.74,50.8,50.57,50.69,353500,yahoo
2007-10-05,51.35,51.03,51.52,50.92,51.35,313500,yahoo
2007-10-08,51.14,51.26,51.33,51.06,51.14,503700,yahoo
2007-10-09,51.5,51.3,51.52,51.05,51.5,219300,yahoo
2007-10-10,51.43,51.42,51.5,51.18,51.43,223100,yahoo
2007-10-11,51.08,51.71,51.82,50.84,51.08,664600,yahoo
2007-10-12,51.26,51.06,51.36,51.04,51.26,280200,yahoo
2007-10-15,50.78,51.32,51.43,50.54,50.78,745000,yahoo
2007-10-16,50.39,50.76,50.76,50.3,50.39,1244900,yahoo
2007-10-17,50.47,50.76,50.81,49.91,50.47,1521200,yahoo
2007-10-18,50.34,50.22,50.5,50.04,50.34,1123100,yahoo
2007-10-19,48.97,50.16,50.21,48.97,48.97,608700,yahoo
2007-10-22,49.4,48.69,49.46,48.64,49.4,1958000,yahoo
2007-10-23,49.8,49.73,49.8,49.23,49.8,821100,yahoo
2007-10-24,49.55,49.51,49.64,48.75,49.55,2287300,yahoo
2007-10-25,49.56,49.66,49.94,49.06,49.56,1059700,yahoo
2007-10-26,50.23,50.1,50.23,49.6,50.23,609800,yahoo
2007-10-29,50.28,50.26,50.47,50.14,50.28,429100,yahoo
2007-10-30,50.03,50.12,50.31,49.99,50.03,490800,yahoo
2007-10-31,50.55,50.35,50.75,50.0,50.55,848000,yahoo
2007-11-01,49.17,50.06,50.29,49.17,49.17,1958100,yahoo
2007-11-02,49.24,49.52,49.52,48.8,49.24,1124900,yahoo
2007-11-05,49.07,47.5,49.31,47.5,49.07,924700,yahoo
2007-11-06,49.51,49.28,49.52,48.78,49.51,620500,yahoo
2007-11-07,48.27,48.77,49.2,48.17,48.27,488800,yahoo
2007-11-08,48.17,48.32,48.47,47.45,48.17,2523600,yahoo
2007-11-09,47.7,47.97,48.36,47.52,47.7,1020200,yahoo
2007-11-12,47.16,47.8,48.08,47.07,47.16,1213600,yahoo
2007-11-13,48.42,47.18,48.5,47.18,48.42,932000,yahoo
2007-11-14,48.03,48.78,48.87,48.01,48.03,694500,yahoo
2007-11-15,47.58,47.95,48.19,47.25,47.58,890500,yahoo
2007-11-16,47.56,47.9,47.9,47.11,47.56,873300,yahoo
2007-11-19,46.67,47.64,47.64,46.55,46.67,752500,yahoo
2007-11-20,46.6,46.7,47.24,46.0,46.6,1055300,yahoo
2007-11-21,46.01,46.65,46.65,45.85,46.01,876200,yahoo
2007-11-23,46.76,46.46,46.88,46.28,46.76,169300,yahoo
2007-11-26,45.7,46.55,47.03,45.7,45.7,1079200,yahoo
2007-11-27,46.39,46.1,46.46,45.82,46.39,1601700,yahoo
2007-11-28,47.72,46.46,47.88,46.46,47.72,1685600,yahoo
2007-11-29,47.63,47.93,47.93,47.4,47.63,815700,yahoo
2007-11-30,48.2,48.25,48.53,47.92,48.2,538300,yahoo
2007-12-03,47.94,48.15,48.23,47.87,47.94,239000,yahoo
2007-12-04,47.67,47.61,47.9,47.55,47.67,553400,yahoo
2007-12-05,48.35,48.0,48.42,48.0,48.35,429000,yahoo
2007-12-06,49.08,48.09,49.17,48.09,49.08,791800,yahoo
2007-12-07,49.13,49.18,49.34,49.09,49.13,1121800,yahoo
2007-12-10,49.6,49.08,49.68,49.08,49.6,352700,yahoo
2007-12-11,48.05,49.48,49.74,48.04,48.05,1369700,yahoo
2007-12-12,48.37,49.38,49.38,47.75,48.37,897200,yahoo
2007-12-13,48.31,48.32,48.33,47.74,48.31,627800,yahoo
2007-12-14,47.58,47.54,48.17,47.54,47.58,300700,yahoo
2007-12-17,46.92,47.26,47.51,46.89,46.92,318400,yahoo
2007-12-18,47.14,47.08,47.34,46.59,47.14,573000,yahoo
2007-12-19,47.14,47.05,47.41,46.85,47.14,876300,yahoo
2007-12-20,47.33,47.27,47.56,46.84,47.33,998200,yahoo
2007-12-21,47.86,47.5,47.89,47.5,47.86,256800,yahoo
2007-12-24,48.31,47.91,48.34,47.91,48.31,122600,yahoo
2007-12-26,48.22,47.99,48.28,47.94,48.22,431000,yahoo
2007-12-27,47.55,48.26,48.26,47.5,47.55,396000,yahoo
2007-12-28,47.47,47.74,47.9,47.33,47.47,151300,yahoo
2007-12-31,47.18,47.16,47.55,47.06,47.18,425000,yahoo
2008-01-02,46.46,47.1,47.33,46.35,46.46,524900,yahoo
2008-01-03,46.25,46.48,46.67,46.11,46.25,297900,yahoo
2008-01-04,44.94,46.0,46.0,44.86,44.94,671000,yahoo
2008-01-07,45.06,45.05,45.27,44.6,45.06,817900,yahoo
2008-01-08,43.9,45.26,45.47,43.88,43.9,473500,yahoo
2008-01-09,44.37,44.0,44.43,43.31,44.37,741400,yahoo
2008-01-10,44.99,44.1,45.31,43.92,44.99,1469800,yahoo
2008-01-11,44.38,44.54,44.9,44.21,44.38,593300,yahoo
2008-01-14,44.83,44.56,44.87,44.41,44.83,598200,yahoo
2008-01-15,43.68,44.23,44.34,43.64,43.68,838500,yahoo
2008-01-16,43.76,43.49,44.33,43.33,43.76,1036400,yahoo
2008-01-17,42.47,43.74,43.86,42.39,42.47,1382200,yahoo
2008-01-18,42.16,42.77,43.08,41.85,42.16,1072300,yahoo
2008-01-22,42.17,39.32,42.48,39.3,42.17,1005800,yahoo
2008-01-23,43.51,40.69,43.53,40.69,43.51,783600,yahoo
2008-01-24,43.7,43.56,43.91,43.23,43.7,719200,yahoo
2008-01-25,43.24,44.25,44.35,43.06,43.24,999700,yahoo
2008-01-28,44.16,43.23,44.16,42.89,44.16,793700,yahoo
2008-01-29,44.54,44.28,44.64,43.95,44.54,1050800,yahoo
2008-01-30,44.05,44.54,45.35,44.04,44.05,562300,yahoo
2008-01-31,45.15,43.61,45.53,43.45,45.15,499800,yahoo
2008-02-01,46.08,45.23,46.21,45.23,46.08,441800,yahoo
2008-02-04,45.49,46.16,46.16,45.48,45.49,274800,yahoo
2008-02-05,44.19,44.9,45.02,44.11,44.19,530300,yahoo
2008-02-06,43.84,44.45,44.73,43.71,43.84,1002600,yahoo
2008-02-07,44.23,43.6,44.53,43.49,44.23,710600,yahoo
2008-02-08,43.87,44.13,44.38,43.65,43.87,769100,yahoo
2008-02-11,44.33,43.89,44.39,43.66,44.33,315000,yahoo
2008-02-12,44.59,44.5,45.04,44.23,44.59,315200,yahoo
2008-02-13,45.15,44.8,45.23,44.59,45.15,393500,yahoo
2008-02-14,44.46,45.18,45.18,44.37,44.46,389700,yahoo
2008-02-15,44.45,44.22,44.45,44.0,44.45,318100,yahoo
2008-02-19,44.5,44.81,45.03,44.28,44.5,575100,yahoo
2008-02-20,44.92,44.22,45.03,44.06,44.92,574800,yahoo
2008-02-21,44.24,45.13,45.25,44.15,44.24,471300,yahoo
2008-02-22,44.6,44.43,44.62,43.7,44.6,374300,yahoo
2008-02-25,45.38,44.67,45.56,44.36,45.38,702900,yahoo
2008-02-26,45.79,45.2,46.0,45.16,45.79,379200,yahoo
2008-02-27,45.46,45.68,46.09,45.46,45.46,227000,yahoo
2008-02-28,45.07,45.34,45.43,44.94,45.07,460500,yahoo
2008-02-29,43.79,44.64,44.64,43.53,43.79,141000,yahoo
2008-03-03,43.71,43.55,43.84,43.28,43.71,456700,yahoo
2008-03-04,43.59,43.34,43.71,42.91,43.59,177900,yahoo
2008-03-05,43.84,43.64,44.23,43.4,43.84,382800,yahoo
2008-03-06,42.57,43.56,43.64,42.57,42.57,279900,yahoo
2008-03-07,42.38,42.32,43.01,41.96,42.38,287300,yahoo
2008-03-10,41.67,42.32,42.42,41.55,41.67,319400,yahoo
2008-03-11,43.23,42.45,43.23,41.93,43.23,220000,yahoo
2008-03-12,42.77,43.27,43.66,42.77,42.77,120000,yahoo
2008-03-13,43.06,42.27,43.28,41.85,43.06,159400,yahoo
2008-03-14,42.25,43.3,43.32,41.72,42.25,251400,yahoo
2008-03-17,41.48,41.07,41.87,40.87,41.48,625200,yahoo
2008-03-18,43.2,42.09,43.21,42.07,43.2,535900,yahoo
2008-03-19,42.27,43.45,43.74,42.27,42.27,249900,yahoo
2008-03-20,43.0,42.28,43.16,41.98,43.0,149700,yahoo
2008-03-24,44.08,43.39,44.43,43.35,44.08,157000,yahoo
2008-03-25,44.29,44.21,44.44,43.82,44.29,476000,yahoo
2008-03-26,43.61,44.06,44.13,43.61,43.61,301300,yahoo
2008-03-27,43.19,43.79,43.95,43.19,43.19,236900,yahoo
2008-03-28,42.73,43.26,43.4,42.63,42.73,198000,yahoo
2008-03-31,42.81,42.67,43.18,42.58,42.81,1305300,yahoo
2008-04-01,44.73,43.56,45.06,43.5,44.73,798200,yahoo
2008-04-02,44.85,44.84,45.2,44.64,44.85,175900,yahoo
2008-04-03,44.88,44.7,45.11,44.37,44.88,252500,yahoo
2008-04-04,45.0,45.02,45.32,44.7,45.0,380400,yahoo
2008-04-07,44.86,45.2,45.48,44.5,44.86,235400,yahoo
2008-04-08,44.72,44.67,44.86,44.5,44.72,106700,yahoo
2008-04-09,44.17,44.66,44.77,43.99,44.17,211800,yahoo
2008-04-10,44.27,44.05,44.52,43.91,44.27,1290700,yahoo
2008-04-11,43.52,44.02,44.09,43.45,43.52,148200,yahoo
2008-04-14,43.32,43.47,43.6,43.27,43.32,145900,yahoo
2008-04-15,43.48,43.58,43.59,43.11,43.48,127600,yahoo
2008-04-16,44.66,43.8,44.66,43.8,44.66,397900,yahoo
2008-04-17,44.63,44.45,44.75,44.33,44.63,128700,yahoo
2008-04-18,45.35,45.63,45.68,45.28,45.35,398500,yahoo
2008-04-21,45.28,45.17,45.41,45.03,45.28,139000,yahoo
2008-04-22,44.71,45.15,45.15,44.43,44.71,116900,yahoo
2008-04-23,44.84,44.76,45.12,44.59,44.84,148400,yahoo
2008-04-24,45.18,44.78,45.49,44.51,45.18,121800,yahoo
2008-04-25,45.69,45.36,45.73,44.99,45.69,141700,yahoo
2008-04-28,45.74,45.74,45.93,45.51,45.74,114900,yahoo
2008-04-29,45.67,45.65,45.77,45.41,45.67,285900,yahoo
2008-04-30,45.26,45.63,46.03,45.2,45.26,202000,yahoo
2008-05-01,46.26,45.19,46.28,45.15,46.26,184600,yahoo
2008-05-02,46.39,46.61,46.8,46.12,46.39,230700,yahoo
2008-05-05,46.13,46.16,46.35,45.94,46.13,142400,yahoo
2008-05-06,46.52,45.94,46.64,45.74,46.52,147300,yahoo
2008-05-07,45.77,46.62,46.67,45.69,45.77,112800,yahoo
2008-05-08,45.77,45.74,46.0,45.54,45.77,120300,yahoo
2008-05-09,45.56,45.39,45.79,45.34,45.56,130000,yahoo
2008-05-12,46.28,45.71,46.28,45.54,46.28,1382000,yahoo
2008-05-13,46.34,46.37,46.44,46.07,46.34,296600,yahoo
2008-05-14,46.58,46.5,47.02,46.5,46.58,355000,yahoo
2008-05-15,47.17,46.67,47.25,46.54,47.17,184100,yahoo
2008-05-16,47.17,47.27,47.27,46.79,47.17,95100,yahoo
2008-05-19,47.1,47.13,47.66,46.98,47.1,141100,yahoo
2008-05-20,46.75,46.9,46.9,46.5,46.75,300300,yahoo
2008-05-21,45.89,46.84,46.92,45.85,45.89,229000,yahoo
2008-05-22,46.0,45.98,46.22,45.88,46.0,445500,yahoo
2008-05-23,45.38,45.75,45.82,45.26,45.38,184900,yahoo
2008-05-27,45.82,45.49,45.85,45.36,45.82,203900,yahoo
2008-05-28,46.11,45.92,46.11,45.69,46.11,117700,yahoo
2008-05-29,46.36,46.02,46.6,46.02,46.36,118700,yahoo
2008-05-30,46.46,46.53,46.58,46.31,46.46,186400,yahoo
2008-06-02,45.95,46.27,46.44,45.66,45.95,154100,yahoo
2008-06-03,45.79,46.16,46.23,45.45,45.79,362800,yahoo
2008-06-04,45.77,45.64,46.22,45.54,45.77,395800,yahoo
2008-06-05,46.56,46.02,46.62,45.91,46.56,93200,yahoo
2008-06-06,44.99,46.16,46.17,44.99,44.99,563300,yahoo
2008-06-09,45.0,45.16,45.46,44.65,45.0,734500,yahoo
2008-06-10,44.82,44.68,45.12,44.63,44.82,221100,yahoo
2008-06-11,43.93,44.72,44.76,43.88,43.93,629600,yahoo
2008-06-12,44.13,44.31,44.65,43.86,44.13,476200,yahoo
2008-06-13,44.93,44.34,44.93,44.28,44.93,414500,yahoo
2008-06-16,45.0,44.7,45.13,44.57,45.0,199800,yahoo
2008-06-17,44.56,45.18,45.18,44.56,44.56,503400,yahoo
2008-06-18,44.09,44.33,44.39,43.9,44.09,291300,yahoo
2008-06-19,44.38,44.02,44.51,43.88,44.38,250600,yahoo
2008-06-20,43.39,43.79,43.84,43.21,43.39,177600,yahoo
2008-06-23,43.11,43.49,43.57,43.05,43.11,350600,yahoo
2008-06-24,42.99,43.03,43.42,42.57,42.99,490100,yahoo
2008-06-25,43.3,43.25,43.81,43.11,43.3,429400,yahoo
2008-06-26,42.0,42.85,42.85,42.0,42.0,409400,yahoo
2008-06-27,41.95,42.14,42.2,41.6,41.95,447900,yahoo
2008-06-30,41.74,42.75,42.75,41.58,41.74,191700,yahoo
2008-07-01,41.83,41.21,41.86,40.96,41.83,1283900,yahoo
2008-07-02,40.97,42.03,42.14,40.97,40.97,272500,yahoo
2008-07-03,40.72,41.2,41.41,40.53,40.72,435800,yahoo
2008-07-07,40.44,41.02,41.28,40.03,40.44,951100,yahoo
2008-07-08,41.43,40.32,41.43,40.16,41.43,947300,yahoo
2008-07-09,40.39,41.33,41.58,40.36,40.39,361300,yahoo
2008-07-10,40.39,40.47,40.7,39.92,40.39,492200,yahoo
2008-07-11,40.08,40.05,40.54,39.36,40.08,513300,yahoo
2008-07-14,39.36,40.3,40.5,39.32,39.36,353500,yahoo
2008-07-15,39.07,39.0,39.76,38.39,39.07,570600,yahoo
2008-07-16,40.44,39.19,40.44,38.96,40.44,627800,yahoo
2008-07-17,41.27,40.79,41.32,40.23,41.27,1487800,yahoo
2008-07-18,41.24,41.45,41.45,40.9,41.24,540300,yahoo
2008-07-21,41.2,41.25,41.53,41.03,41.2,423400,yahoo
2008-07-22,41.89,41.0,41.91,40.68,41.89,523800,yahoo
2008-07-23,42.27,41.71,42.74,41.5,42.27,1532500,yahoo
2008-07-24,40.99,42.33,42.36,40.9,40.99,750600,yahoo
2008-07-25,41.03,41.22,41.34,40.85,41.03,378500,yahoo
2008-07-28,40.27,41.0,41.17,40.26,40.27,308000,yahoo
2008-07-29,41.45,40.35,41.45,40.35,41.45,468200,yahoo
2008-07-30,42.04,41.75,42.04,41.31,42.04,274600,yahoo
2008-07-31,41.53,41.54,42.03,41.48,41.53,337200,yahoo
2008-08-01,41.28,41.88,41.88,40.96,41.28,267600,yahoo
2008-08-04,41.01,41.45,41.45,40.82,41.01,196700,yahoo
2008-08-05,42.25,41.17,42.25,41.17,42.25,332000,yahoo
2008-08-06,42.41,42.21,42.5,41.86,42.41,417800,yahoo
2008-08-07,41.62,42.0,42.2,41.55,41.62,266900,yahoo
2008-08-08,42.78,41.74,42.9,41.69,42.78,1416000,yahoo
2008-08-11,43.34,42.85,43.71,42.59,43.34,1202300,yahoo
2008-08-12,42.69,43.4,43.4,42.56,42.69,1252900,yahoo
2008-08-13,42.5,42.96,42.96,42.02,42.5,1508200,yahoo
2008-08-14,43.0,42.51,43.2,42.14,43.0,324800,yahoo
2008-08-15,43.32,43.2,43.47,43.03,43.32,1054800,yahoo
2008-08-18,42.59,43.49,43.49,42.42,42.59,1390600,yahoo
2008-08-19,41.94,42.33,42.37,41.83,41.94,1626000,yahoo
2008-08-20,42.05,42.13,42.24,41.62,42.05,1814900,yahoo
2008-08-21,41.85,41.93,42.18,41.62,41.85,66900,yahoo
2008-08-22,42.66,42.17,42.66,42.17,42.66,653800,yahoo
2008-08-25,41.8,42.61,42.61,41.75,41.8,157400,yahoo
2008-08-26,41.87,41.84,42.08,41.6,41.87,453100,yahoo
2008-08-27,42.35,41.9,42.45,41.86,42.35,112000,yahoo
2008-08-28,43.12,42.55,43.16,42.55,43.12,144300,yahoo
2008-08-29,42.76,43.09,43.09,42.68,42.76,942700,yahoo
2008-09-02,42.8,43.2,43.7,42.5,42.8,971700,yahoo
2008-09-03,42.56,42.76,42.95,42.38,42.56,952900,yahoo
2008-09-04,41.41,42.42,42.42,41.4,41.41,243600,yahoo
2008-09-05,41.79,41.17,41.85,40.7,41.79,271700,yahoo
2008-09-08,42.66,41.8,43.41,41.8,42.66,1179000,yahoo
2008-09-09,41.14,42.82,42.82,41.14,41.14,240300,yahoo
2008-09-10,41.3,41.26,41.73,40.87,41.3,226400,yahoo
2008-09-11,41.83,40.8,41.87,40.53,41.83,411400,yahoo
2008-09-12,42.02,41.67,42.17,41.37,42.02,202200,yahoo
2008-09-15,40.27,40.3,41.6,40.26,40.27,585700,yahoo
2008-09-16,40.63,39.36,40.73,39.25,40.63,808800,yahoo
2008-09-17,38.78,40.31,40.31,38.78,38.78,520000,yahoo
2008-09-18,40.46,39.18,40.72,37.79,40.46,796500,yahoo
2008-09-19,41.8,41.8,41.8,41.28,41.8,642000,yahoo
2008-09-22,40.19,40.76,41.54,40.16,40.19,526100,yahoo
2008-09-23,39.57,40.5,40.69,39.53,39.57,147700,yahoo
2008-09-24,40.09,39.51,40.98,38.81,40.09,175500,yahoo
2008-09-25,40.05,40.97,40.98,39.59,40.05,485500,yahoo
2008-09-26,40.0,40.52,41.02,39.14,40.0,1060700,yahoo
2008-09-29,36.9,39.75,39.75,36.34,36.9,1394400,yahoo
2008-09-30,37.93,38.0,38.04,36.74,37.93,378300,yahoo
2008-10-01,37.87,37.94,38.0,37.19,37.87,941400,yahoo
2008-10-02,36.2,37.78,37.78,35.87,36.2,509200,yahoo
2008-10-03,35.28,36.58,37.2,35.23,35.28,715200,yahoo
2008-10-06,34.04,34.39,34.86,32.16,34.04,781300,yahoo
2008-10-07,31.75,34.38,35.17,31.47,31.75,387100,yahoo
2008-10-08,31.48,31.07,32.61,30.23,31.48,809200,yahoo
2008-10-09,29.2,31.76,32.01,28.96,29.2,1513900,yahoo
2008-10-10,28.81,27.8,29.63,26.2,28.81,1166600,yahoo
2008-10-13,32.0,29.32,32.0,29.32,32.0,1266600,yahoo
2008-10-14,31.71,33.36,34.04,30.86,31.71,1173500,yahoo
2008-10-15,28.88,30.51,31.42,28.72,28.88,477900,yahoo
2008-10-16,29.77,28.97,29.8,27.31,29.77,541700,yahoo
2008-10-17,29.3,29.23,30.99,28.92,29.3,478300,yahoo
2008-10-20,31.1,30.07,31.44,29.72,31.1,317800,yahoo
2008-10-21,30.03,30.76,31.01,29.89,30.03,408700,yahoo
2008-10-22,28.11,29.42,29.42,27.31,28.11,288700,yahoo
2008-10-23,27.93,27.84,28.52,26.36,27.93,446100,yahoo
2008-10-24,26.81,25.25,27.62,25.0,26.81,580700,yahoo
2008-10-27,25.5,25.79,27.23,25.5,25.5,406400,yahoo
2008-10-28,28.55,26.68,28.55,25.64,28.55,389300,yahoo
2008-10-29,28.44,29.29,29.7,28.21,28.44,468700,yahoo
2008-10-30,29.38,29.88,29.88,28.5,29.38,365400,yahoo
2008-10-31,30.0,29.56,30.46,28.89,30.0,324600,yahoo
2008-11-03,29.94,29.84,30.24,29.7,29.94,214700,yahoo
2008-11-04,31.12,30.8,31.19,30.34,31.12,709900,yahoo
2008-11-05,29.45,30.77,31.0,29.45,29.45,327600,yahoo
2008-11-06,27.92,29.06,29.51,27.86,27.92,453000,yahoo
2008-11-07,28.71,28.34,28.73,28.01,28.71,346400,yahoo
2008-11-10,28.18,29.45,29.45,27.77,28.18,261700,yahoo
2008-11-11,27.32,27.58,27.98,26.92,27.32,337100,yahoo
2008-11-12,25.94,26.9,26.9,25.78,25.94,379800,yahoo
2008-11-13,27.72,26.07,27.72,24.75,27.72,363600,yahoo
2008-11-14,26.45,27.04,27.76,26.37,26.45,246400,yahoo
2008-11-17,25.66,26.13,26.62,25.66,25.66,754000,yahoo
2008-11-18,25.61,25.52,26.08,24.85,25.61,244800,yahoo
2008-11-19,23.95,25.79,25.83,23.93,23.95,320700,yahoo
2008-11-20,22.32,23.61,24.29,22.15,22.32,1208400,yahoo
2008-11-21,23.58,22.55,23.67,21.87,23.58,1056700,yahoo
2008-11-24,25.28,24.08,25.75,23.8,25.28,1242000,yahoo
2008-11-25,25.65,25.94,26.0,24.91,25.65,340600,yahoo
2008-11-26,26.83,24.93,26.85,24.93,26.83,828700,yahoo
2008-11-28,27.11,26.7,27.11,26.6,27.11,474600,yahoo
2008-12-01,24.65,26.54,26.56,24.59,24.65,648600,yahoo
2008-12-02,25.58,24.75,25.58,24.63,25.58,409300,yahoo
2008-12-03,26.28,24.93,26.28,24.81,26.28,330100,yahoo
2008-12-04,25.46,25.81,26.51,25.08,25.46,666100,yahoo
2008-12-05,26.44,25.11,26.55,24.55,26.44,900400,yahoo
2008-12-08,27.4,26.95,27.75,26.91,27.4,1353600,yahoo
2008-12-09,27.06,27.35,27.9,26.86,27.06,720900,yahoo
2008-12-10,27.4,27.26,27.73,26.99,27.4,337000,yahoo
2008-12-11,26.67,27.26,27.65,26.33,26.67,1198400,yahoo
2008-12-12,26.88,25.84,26.92,25.64,26.88,433000,yahoo
2008-12-15,26.38,26.93,26.99,25.96,26.38,366200,yahoo
2008-12-16,27.98,27.98,27.98,26.67,27.98,665000,yahoo
2008-12-17,27.83,27.57,28.23,27.37,27.83,2531000,yahoo
2008-12-18,27.34,27.92,28.17,26.99,27.34,1257200,yahoo
2008-12-19,27.35,27.43,27.97,27.12,27.35,904800,yahoo
2008-12-22,26.51,27.41,27.41,26.08,26.51,798500,yahoo
2008-12-23,26.12,26.59,26.79,26.02,26.12,1152600,yahoo
2008-12-24,26.27,26.22,26.37,26.08,26.27,289200,yahoo
2008-12-26,26.61,26.43,26.61,26.24,26.61,226900,yahoo
2008-12-29,26.3,26.51,26.53,25.9,26.3,380000,yahoo
2008-12-30,27.13,26.41,27.2,26.38,27.13,631800,yahoo
2008-12-31,27.8,27.22,27.92,27.02,27.8,574300,yahoo
2009-01-02,28.75,27.33,28.92,27.33,28.75,1813500,yahoo
2009-01-05,28.9,28.59,29.24,28.42,28.9,2954300,yahoo
2009-01-06,29.57,29.25,29.83,29.1,29.57,963800,yahoo
2009-01-07,28.59,29.19,29.19,28.44,28.59,884500,yahoo
2009-01-08,28.82,28.4,28.84,28.18,28.82,544900,yahoo
2009-01-09,28.06,28.89,28.9,28.02,28.06,458700,yahoo
2009-01-12,27.15,28.0,28.03,26.98,27.15,599100,yahoo
2009-01-13,27.16,27.03,27.44,26.82,27.16,1318000,yahoo
2009-01-14,26.13,26.66,26.67,25.89,26.13,1494000,yahoo
2009-01-15,26.31,26.2,26.69,25.28,26.31,1985700,yahoo
2009-01-16,26.67,26.72,26.88,25.9,26.67,1617600,yahoo
2009-01-20,24.96,26.47,26.47,24.96,24.96,973400,yahoo
2009-01-21,26.17,25.42,26.17,24.92,26.17,835900,yahoo
2009-01-22,25.61,25.65,26.06,25.09,25.61,1250800,yahoo
2009-01-23,25.86,24.96,26.15,24.8,25.86,642600,yahoo
2009-01-26,25.96,25.95,26.6,25.67,25.96,635800,yahoo
2009-01-27,26.31,26.03,26.49,25.93,26.31,482200,yahoo
2009-01-28,27.38,26.86,27.62,26.86,27.38,481300,yahoo
2009-01-29,26.31,27.0,27.0,26.27,26.31,250900,yahoo
2009-01-30,25.48,26.43,26.51,25.34,25.48,642900,yahoo
2009-02-02,25.42,25.1,25.59,24.99,25.42,407800,yahoo
2009-02-03,25.84,25.5,25.99,25.25,25.84,327300,yahoo
2009-02-04,25.7,25.9,26.34,25.64,25.7,379300,yahoo
2009-02-05,26.21,25.5,26.48,25.36,26.21,517400,yahoo
2009-02-06,27.01,26.2,27.16,26.2,27.01,580700,yahoo
2009-02-09,27.06,27.01,27.35,26.81,27.06,904400,yahoo
2009-02-10,25.62,26.82,27.1,25.46,25.62,721100,yahoo
2009-02-11,25.85,25.82,26.06,25.43,25.85,1074500,yahoo
2009-02-12,25.97,25.43,26.01,25.04,25.97,951200,yahoo
2009-02-13,25.71,25.89,26.16,25.62,25.71,846300,yahoo
2009-02-17,24.38,24.86,24.86,24.37,24.38,577600,yahoo
2009-02-18,24.2,24.63,24.63,23.94,24.2,999600,yahoo
2009-02-19,23.87,24.42,24.69,23.8,23.87,760400,yahoo
2009-02-20,23.66,23.36,23.94,23.04,23.66,1109200,yahoo
2009-02-23,22.74,23.77,23.9,22.69,22.74,638800,yahoo
2009-02-24,23.77,22.85,23.88,22.73,23.77,595200,yahoo
2009-02-25,23.49,23.61,23.99,23.08,23.49,620100,yahoo
2009-02-26,23.04,23.77,23.97,23.02,23.04,357300,yahoo
2009-02-27,22.62,22.53,23.16,22.48,22.62,650700,yahoo
2009-03-02,21.39,22.1,22.28,21.29,21.39,1608900,yahoo
2009-03-03,21.17,21.62,21.73,21.01,21.17,873500,yahoo
2009-03-04,21.83,21.58,22.24,21.4,21.83,381500,yahoo
2009-03-05,20.83,21.31,21.54,20.66,20.83,887500,yahoo
2009-03-06,20.74,21.09,21.3,20.19,20.74,678600,yahoo
2009-03-09,20.59,20.59,21.16,20.42,20.59,623000,yahoo
2009-03-10,22.03,20.94,22.03,20.93,22.03,640800,yahoo
2009-03-11,22.15,22.27,22.51,21.88,22.15,459200,yahoo
2009-03-12,23.04,22.07,23.17,21.89,23.04,445700,yahoo
2009-03-13,23.3,23.2,23.41,22.82,23.3,994500,yahoo
2009-03-16,23.14,23.65,23.92,23.14,23.14,738000,yahoo
2009-03-17,23.94,23.25,23.96,22.98,23.94,1492600,yahoo
2009-03-18,24.81,23.78,25.0,23.62,24.81,1284100,yahoo
2009-03-19,24.58,25.21,25.21,24.48,24.58,1182200,yahoo
2009-03-20,23.67,24.54,24.54,23.54,23.67,1159600,yahoo
2009-03-23,25.64,24.68,25.68,24.31,25.64,432600,yahoo
2009-03-24,25.09,25.33,25.72,25.08,25.09,929400,yahoo
2009-03-25,25.37,25.28,26.0,24.52,25.37,3031200,yahoo
2009-03-26,26.18,25.74,26.25,25.49,26.18,708000,yahoo
2009-03-27,25.63,25.81,25.99,25.55,25.63,760300,yahoo
2009-03-30,24.45,24.9,24.93,24.17,24.45,260300,yahoo
2009-03-31,24.77,24.77,25.23,24.48,24.77,1056600,yahoo
2009-04-01,25.3,24.65,25.37,24.32,25.3,568700,yahoo
2009-04-02,26.41,26.43,26.77,25.64,26.41,1407900,yahoo
2009-04-03,26.92,26.42,26.92,26.12,26.92,971000,yahoo
2009-04-06,26.53,26.51,26.65,26.12,26.53,666700,yahoo
2009-04-07,25.73,26.04,26.18,25.71,25.73,954300,yahoo
2009-04-08,26.26,26.06,26.28,25.83,26.26,709400,yahoo
2009-04-09,27.85,28.14,28.14,26.92,27.85,3995400,yahoo
2009-04-13,27.93,27.5,28.18,27.2,27.93,1228000,yahoo
2009-04-14,27.21,27.6,28.04,27.18,27.21,1062600,yahoo
2009-04-15,27.71,27.16,27.78,26.94,27.71,2994000,yahoo
2009-04-16,28.35,27.89,28.62,27.61,28.35,1757200,yahoo
2009-04-17,28.8,28.56,29.02,28.23,28.8,1704500,yahoo
2009-04-20,27.15,28.47,28.47,27.11,27.15,2451500,yahoo
2009-04-21,27.95,26.99,27.98,26.56,27.95,3468000,yahoo
2009-04-22,28.01,27.7,28.75,27.51,28.01,2282200,yahoo
2009-04-23,28.33,28.01,28.37,27.68,28.33,3137200,yahoo
2009-04-24,29.01,28.53,29.28,28.42,29.01,1615700,yahoo
2009-04-27,28.48,28.73,29.02,28.33,28.48,1923200,yahoo
2009-04-28,28.36,28.27,28.77,28.02,28.36,4259300,yahoo
2009-04-29,29.25,28.56,29.56,28.56,29.25,2144700,yahoo
2009-04-30,29.4,29.68,30.03,29.22,29.4,1878400,yahoo
2009-05-01,29.55,29.41,29.79,29.18,29.55,1427900,yahoo
2009-05-04,30.93,29.86,31.0,29.78,30.93,1842100,yahoo
2009-05-05,30.89,30.92,31.02,30.54,30.89,3733500,yahoo
2009-05-06,31.49,31.32,31.59,30.81,31.49,2599100,yahoo
2009-05-07,30.77,31.92,31.99,30.56,30.77,2178800,yahoo
2009-05-08,32.05,31.28,32.05,31.11,32.05,4245600,yahoo
2009-05-11,31.11,31.67,31.67,30.98,31.11,2420600,yahoo
2009-05-12,30.65,31.44,31.49,30.11,30.65,3053600,yahoo
2009-05-13,29.3,30.18,30.18,29.26,29.3,1836800,yahoo
2009-05-14,29.85,29.28,30.14,29.18,29.85,2487200,yahoo
2009-05-15,29.43,29.87,30.16,29.25,29.43,1253000,yahoo
2009-05-18,30.69,29.76,30.73,29.76,30.69,2046300,yahoo
2009-05-19,30.75,30.58,31.12,30.48,30.75,1075600,yahoo
2009-05-20,30.54,31.07,31.61,30.46,30.54,1430600,yahoo
2009-05-21,29.93,30.18,30.21,29.55,29.93,1072900,yahoo
2009-05-22,29.87,30.09,30.21,29.69,29.87,978600,yahoo
2009-05-26,30.82,29.55,30.9,29.54,30.82,1517300,yahoo
2009-05-27,30.2,30.86,31.1,30.2,30.2,995100,yahoo
2009-05-28,30.63,30.55,30.71,29.87,30.63,872500,yahoo
2009-05-29,31.3,30.82,31.3,30.6,31.3,2313400,yahoo
2009-06-01,32.43,31.74,32.62,31.73,32.43,1811900,yahoo
2009-06-02,32.43,32.36,32.63,32.19,32.43,1663000,yahoo
2009-06-03,31.72,32.25,32.25,31.4,31.72,1710300,yahoo
2009-06-04,32.37,31.8,32.37,31.58,32.37,1470700,yahoo
2009-06-05,32.36,32.69,32.73,31.88,32.36,1887700,yahoo
2009-06-08,31.97,32.06,32.34,31.54,31.97,2870200,yahoo
2009-06-09,32.29,32.28,32.47,31.95,32.29,1715200,yahoo
2009-06-10,32.64,32.59,32.68,31.77,32.64,1120900,yahoo
2009-06-11,32.33,32.37,32.78,32.31,32.33,976600,yahoo
2009-06-12,32.31,32.24,32.33,31.87,32.31,868200,yahoo
2009-06-15,31.35,31.91,31.93,31.23,31.35,847500,yahoo
2009-06-16,30.83,31.51,31.62,30.78,30.83,1025500,yahoo
2009-06-17,30.67,30.74,30.96,30.25,30.67,1776600,yahoo
2009-06-18,30.77,30.62,30.99,30.46,30.77,2613900,yahoo
2009-06-19,30.88,30.92,31.17,30.72,30.88,1374000,yahoo
2009-06-22,29.78,30.6,30.6,29.78,29.78,1956300,yahoo
2009-06-23,29.77,29.91,30.0,29.53,29.77,2368400,yahoo
2009-06-24,30.11,29.99,30.48,29.91,30.11,2381800,yahoo
2009-06-25,30.87,30.01,30.88,29.92,30.87,1844600,yahoo
2009-06-26,30.76,30.78,30.94,30.57,30.76,823200,yahoo
2009-06-29,31.08,30.84,31.15,30.68,31.08,1033700,yahoo
2009-06-30,30.81,31.08,31.21,30.61,30.81,2215500,yahoo
2009-07-01,31.01,31.05,31.32,30.96,31.01,3122100,yahoo
2009-07-02,30.02,30.75,30.75,29.99,30.02,1492700,yahoo
2009-07-06,29.93,29.71,29.95,29.51,29.93,1215500,yahoo
2009-07-07,29.23,29.93,29.93,29.19,29.23,2382500,yahoo
2009-07-08,29.12,29.41,29.44,28.74,29.12,3314900,yahoo
2009-07-09,29.35,29.28,29.55,29.14,29.35,1397500,yahoo
2009-07-10,29.25,29.1,29.42,28.95,29.25,762600,yahoo
2009-07-13,29.93,29.35,29.96,28.97,29.93,1293600,yahoo
2009-07-14,30.25,30.01,30.25,29.8,30.25,1109000,yahoo
2009-07-15,31.21,30.61,31.28,30.6,31.21,1626500,yahoo
2009-07-16,31.56,31.15,31.69,30.94,31.56,1539500,yahoo
2009-07-17,31.49,31.5,31.56,31.28,31.49,1105700,yahoo
2009-07-20,32.0,31.7,32.04,31.59,32.0,932200,yahoo
2009-07-21,31.98,32.37,32.37,31.53,31.98,2298100,yahoo
2009-07-22,32.08,31.77,32.25,31.73,32.08,1236300,yahoo
2009-07-23,32.98,32.08,33.11,32.08,32.98,1992000,yahoo
2009-07-24,33.23,32.91,33.25,32.66,33.23,1280800,yahoo
2009-07-27,33.45,33.22,33.45,33.02,33.45,1442000,yahoo
2009-07-28,33.33,33.31,33.47,32.95,33.33,942700,yahoo
2009-07-29,33.11,33.22,33.27,32.87,33.11,600400,yahoo
2009-07-30,33.63,33.7,33.95,33.51,33.63,1522500,yahoo
2009-07-31,33.64,33.64,33.9,33.41,33.64,942500,yahoo
2009-08-03,34.35,34.0,34.38,33.85,34.35,1032900,yahoo
2009-08-04,34.56,34.24,34.66,34.1,34.56,784200,yahoo
2009-08-05,34.5,34.64,34.68,34.12,34.5,859100,yahoo
2009-08-06,34.32,34.75,34.83,34.17,34.32,688100,yahoo
2009-08-07,35.11,34.75,35.35,34.57,35.11,1587200,yahoo
2009-08-10,34.92,35.01,35.09,34.65,34.92,783800,yahoo
2009-08-11,34.45,34.82,34.84,34.31,34.45,591700,yahoo
2009-08-12,34.93,34.45,35.22,34.45,34.93,429900,yahoo
2009-08-13,35.28,35.07,35.3,34.73,35.28,576400,yahoo
2009-08-14,34.82,35.3,35.3,34.5,34.82,725700,yahoo
2009-08-17,33.84,34.16,34.17,33.75,33.84,1303200,yahoo
2009-08-18,34.24,33.99,34.33,33.88,34.24,454700,yahoo
2009-08-19,34.48,33.93,34.61,33.85,34.48,389500,yahoo
2009-08-20,34.88,34.58,34.94,34.43,34.88,801000,yahoo
2009-08-21,35.62,35.13,35.73,35.13,35.62,843400,yahoo
2009-08-24,35.52,35.85,36.01,35.43,35.52,1113700,yahoo
2009-08-25,35.72,35.64,36.07,35.63,35.72,732300,yahoo
2009-08-26,35.83,35.56,35.91,35.41,35.83,962800,yahoo
2009-08-27,35.89,35.82,36.0,35.21,35.89,495800,yahoo
2009-08-28,36.02,36.25,36.34,35.65,36.02,1120600,yahoo
2009-08-31,35.54,35.59,35.65,35.29,35.54,501800,yahoo
2009-09-01,34.57,35.41,35.91,34.53,34.57,858900,yahoo
2009-09-02,34.4,34.41,34.64,34.24,34.4,1167000,yahoo
2009-09-03,34.89,34.7,34.89,34.29,34.89,770100,yahoo
2009-09-04,35.3,35.0,35.33,34.69,35.3,1014900,yahoo
2009-09-08,35.71,35.71,35.75,35.47,35.71,563600,yahoo
2009-09-09,36.19,35.82,36.3,35.63,36.19,2328100,yahoo
2009-09-10,36.67,36.22,36.69,35.9,36.67,1023600,yahoo
2009-09-11,36.7,36.8,36.91,36.44,36.7,1495600,yahoo
2009-09-14,37.02,36.46,37.06,36.33,37.02,675600,yahoo
2009-09-15,37.36,37.09,37.46,36.86,37.36,770400,yahoo
2009-09-16,38.09,37.54,38.1,37.36,38.09,1144200,yahoo
2009-09-17,37.86,38.06,38.38,37.62,37.86,796600,yahoo
2009-09-18,37.79,37.96,37.97,37.57,37.79,480100,yahoo
2009-09-21,37.69,37.52,37.78,37.29,37.69,547200,yahoo
2009-09-22,37.95,37.88,38.05,37.74,37.95,502400,yahoo
2009-09-23,37.53,38.07,38.19,37.47,37.53,796300,yahoo
2009-09-24,36.91,37.54,37.65,36.7,36.91,1218900,yahoo
2009-09-25,36.63,36.77,36.99,36.5,36.63,1198600,yahoo
2009-09-28,37.39,36.8,37.48,36.77,37.39,640700,yahoo
2009-09-29,37.42,37.52,37.75,37.25,37.42,593900,yahoo
2009-09-30,37.3,37.56,37.6,36.84,37.3,930400,yahoo
2009-10-01,36.11,37.19,37.19,36.11,36.11,1198000,yahoo
2009-10-02,35.91,35.72,36.14,35.38,35.91,1429100,yahoo
2009-10-05,36.53,36.0,36.61,35.89,36.53,949100,yahoo
2009-10-06,37.05,36.87,37.3,36.73,37.05,1221000,yahoo
2009-10-07,37.12,36.91,37.14,36.83,37.12,1514500,yahoo
2009-10-08,37.57,37.45,37.71,37.24,37.57,677800,yahoo
2009-10-09,37.76,37.53,37.79,37.46,37.76,640600,yahoo
2009-10-12,37.92,38.02,38.13,37.77,37.92,362300,yahoo
2009-10-13,37.84,37.78,37.93,37.57,37.84,582600,yahoo
2009-10-14,38.54,38.23,38.56,38.06,38.54,1494200,yahoo
2009-10-15,38.67,38.3,38.67,38.3,38.67,460700,yahoo
2009-10-16,38.34,38.35,38.48,38.05,38.34,440700,yahoo
2009-10-19,38.73,38.43,38.85,38.27,38.73,642100,yahoo
2009-10-20,38.45,38.79,38.82,38.21,38.45,585200,yahoo
2009-10-21,38.05,38.41,38.88,38.04,38.05,1041300,yahoo
2009-10-22,38.57,38.1,38.68,37.74,38.57,894800,yahoo
2009-10-23,37.97,38.7,38.7,37.84,37.97,524200,yahoo
2009-10-26,37.48,37.95,38.53,37.41,37.48,682100,yahoo
2009-10-27,37.16,37.57,37.67,37.11,37.16,645800,yahoo
2009-10-28,36.14,37.0,37.12,36.11,36.14,1624500,yahoo
2009-10-29,37.03,36.44,37.14,36.41,37.03,1750500,yahoo
2009-10-30,35.92,37.0,37.06,35.85,35.92,1304100,yahoo
2009-11-02,36.14,36.05,36.6,35.65,36.14,1216800,yahoo
2009-11-03,36.46,35.92,36.48,35.84,36.46,791800,yahoo
2009-11-04,36.4,36.81,37.08,36.37,36.4,1130500,yahoo
2009-11-05,37.22,36.74,37.22,36.66,37.22,900000,yahoo
2009-11-06,37.27,36.99,37.42,36.9,37.27,969700,yahoo
2009-11-09,38.26,37.57,38.26,37.57,38.26,899100,yahoo
2009-11-10,38.11,38.2,38.3,37.9,38.11,1344400,yahoo
2009-11-11,38.34,38.38,38.64,38.12,38.34,955100,yahoo
2009-11-12,37.87,38.28,38.51,37.79,37.87,711200,yahoo
2009-11-13,38.11,38.05,38.28,37.79,38.11,701300,yahoo
2009-11-16,38.73,38.4,38.95,38.36,38.73,806900,yahoo
2009-11-17,38.74,38.73,38.77,38.42,38.74,469900,yahoo
2009-11-18,38.63,38.78,38.78,38.41,38.63,401300,yahoo
2009-11-19,38.02,38.43,38.43,37.75,38.02,597100,yahoo
2009-11-20,37.83,37.8,37.95,37.64,37.83,386200,yahoo
2009-11-23,38.25,38.3,38.66,38.16,38.25,941500,yahoo
2009-11-24,38.24,38.24,38.34,37.94,38.24,1328900,yahoo
2009-11-25,38.55,38.39,38.57,38.25,38.55,304100,yahoo
2009-11-27,37.78,37.5,38.11,37.3,37.78,214400,yahoo
2009-11-30,37.91,37.83,37.97,37.52,37.91,1310800,yahoo
2009-12-01,38.39,38.39,38.58,38.04,38.39,926900,yahoo
2009-12-02,38.61,38.42,38.81,38.41,38.61,745200,yahoo
2009-12-03,38.22,38.74,38.93,38.17,38.22,835900,yahoo
2009-12-04,38.61,38.79,39.05,38.13,38.61,982200,yahoo
2009-12-07,38.58,38.65,38.85,38.48,38.58,240900,yahoo
2009-12-08,38.25,38.41,38.46,38.03,38.25,205700,yahoo
2009-12-09,38.32,38.3,38.38,38.0,38.32,183100,yahoo
2009-12-10,38.6,38.58,38.72,38.46,38.6,223100,yahoo
2009-12-11,38.83,38.77,38.85,38.57,38.83,821300,yahoo
2009-12-14,39.32,39.14,39.36,39.0,39.32,2050600,yahoo
2009-12-15,39.16,39.12,39.34,39.01,39.16,1495100,yahoo
2009-12-16,39.33,39.33,39.51,39.22,39.33,687900,yahoo
2009-12-17,38.85,39.11,39.11,38.79,38.85,624200,yahoo
2009-12-18,38.89,38.93,38.98,38.53,38.89,377700,yahoo
2009-12-21,39.4,39.12,39.46,39.07,39.4,318600,yahoo
2009-12-22,39.6,39.52,39.74,39.41,39.6,1065500,yahoo
2009-12-23,39.85,39.77,39.86,39.57,39.85,393900,yahoo
2009-12-24,40.05,39.99,40.09,39.92,40.05,341000,yahoo
2009-12-28,40.06,40.2,40.22,39.89,40.06,928000,yahoo
2009-12-29,39.96,40.17,40.17,39.93,39.96,517200,yahoo
2009-12-30,39.97,39.79,39.97,39.78,39.97,322900,yahoo
2009-12-31,39.53,40.07,40.07,39.5,39.53,426200,yahoo
2010-01-04,40.18,39.91,40.19,39.88,40.18,742200,yahoo
2010-01-05,40.41,40.17,40.41,39.98,40.41,1217900,yahoo
2010-01-06,40.56,40.28,41.03,40.26,40.56,1330200,yahoo
2010-01-07,40.76,40.48,40.77,40.31,40.76,707800,yahoo
2010-01-08,40.9,40.65,40.9,40.49,40.9,690700,yahoo
2010-01-11,40.93,40.96,41.1,40.73,40.93,885100,yahoo
2010-01-12,40.46,40.7,40.7,40.27,40.46,335500,yahoo
2010-01-13,40.89,40.51,40.94,40.31,40.89,423400,yahoo
2010-01-14,40.95,40.87,41.0,40.72,40.95,557200,yahoo
2010-01-15,40.47,40.9,40.9,40.25,40.47,459900,yahoo
2010-01-19,41.04,40.43,41.04,40.43,41.04,410700,yahoo
2010-01-20,40.55,40.75,40.75,40.2,40.55,389500,yahoo
2010-01-21,39.87,40.56,40.78,39.84,39.87,697900,yahoo
2010-01-22,38.9,39.72,39.79,38.89,38.9,968100,yahoo
2010-01-25,39.14,39.16,39.39,38.96,39.14,2123100,yahoo
2010-01-26,39.0,39.07,39.37,38.5,39.0,3099500,yahoo
2010-01-27,39.11,38.92,39.17,38.5,39.11,746800,yahoo
2010-01-28,38.7,39.34,39.35,38.41,38.7,1092100,yahoo
2010-01-29,38.22,38.83,39.15,38.14,38.22,1837000,yahoo
2010-02-01,38.87,38.39,38.91,38.38,38.87,1211300,yahoo
2010-02-02,39.46,38.99,39.52,38.87,39.46,752200,yahoo
2010-02-03,39.2,39.38,39.44,39.09,39.2,471200,yahoo
2010-02-04,37.89,38.94,38.94,37.86,37.89,1116900,yahoo
2010-02-05,37.99,37.92,38.06,37.13,37.99,1237900,yahoo
2010-02-08,37.7,38.0,38.27,37.68,37.7,688000,yahoo
2010-02-09,38.28,38.07,38.55,37.85,38.28,1143900,yahoo
2010-02-10,38.19,38.23,38.37,37.77,38.19,543300,yahoo
2010-02-11,38.61,38.1,38.64,37.84,38.61,328000,yahoo
2010-02-12,38.58,38.2,38.59,38.02,38.58,1055200,yahoo
2010-02-16,39.28,38.92,39.34,38.78,39.28,1572900,yahoo
2010-02-17,39.53,39.58,39.61,39.31,39.53,1023200,yahoo
2010-02-18,39.8,39.47,39.82,39.43,39.8,1112400,yahoo
2010-02-19,39.98,39.74,40.08,39.6,39.98,527600,yahoo
2010-02-22,39.95,40.14,40.14,39.84,39.95,890000,yahoo
2010-02-23,39.38,39.91,39.96,39.31,39.38,1458600,yahoo
2010-02-24,39.78,39.51,39.8,39.4,39.78,465300,yahoo
2010-02-25,39.85,39.25,39.85,39.06,39.85,539400,yahoo
2010-02-26,39.82,39.85,39.97,39.56,39.82,438700,yahoo
2010-03-01,40.48,39.98,40.48,39.98,40.48,918800,yahoo
2010-03-02,40.59,40.75,40.81,40.53,40.59,1381200,yahoo
2010-03-03,40.72,40.77,40.97,40.57,40.72,997200,yahoo
2010-03-04,40.76,40.79,40.85,40.54,40.76,664200,yahoo
2010-03-05,41.45,41.07,41.49,40.98,41.45,1021100,yahoo
2010-03-08,41.53,41.51,41.59,41.41,41.53,2466700,yahoo
2010-03-09,41.53,41.33,41.74,41.31,41.53,1531500,yahoo
2010-03-10,41.81,41.56,41.9,41.54,41.81,843300,yahoo
2010-03-11,41.92,41.62,41.95,41.51,41.92,749100,yahoo
2010-03-12,41.94,42.15,42.16,41.85,41.94,646200,yahoo
2010-03-15,41.92,41.94,41.94,41.58,41.92,357100,yahoo
2010-03-16,42.35,42.09,42.37,41.9,42.35,1533300,yahoo
2010-03-17,42.69,42.51,42.81,42.44,42.69,1640000,yahoo
2010-03-18,42.5,42.72,42.74,42.4,42.5,745000,yahoo
2010-03-19,42.16,42.16,42.57,41.98,42.16,1550400,yahoo
2010-03-22,42.44,42.0,42.49,41.82,42.44,1057600,yahoo
2010-03-23,42.77,42.54,42.77,42.33,42.77,659100,yahoo
2010-03-24,42.45,42.61,42.67,42.39,42.45,853500,yahoo
2010-03-25,42.27,42.7,42.86,42.23,42.27,1370200,yahoo
2010-03-26,42.34,42.41,42.62,42.09,42.34,796900,yahoo
2010-03-29,42.68,42.59,42.71,42.48,42.68,819900,yahoo
2010-03-30,42.71,42.74,42.84,42.47,42.71,575700,yahoo
2010-03-31,42.57,42.56,42.77,42.41,42.57,425800,yahoo
2010-04-01,42.92,42.9,43.07,42.65,42.92,1030200,yahoo
2010-04-05,43.48,43.15,43.48,43.0,43.48,920000,yahoo
2010-04-06,43.57,43.36,43.67,43.25,43.57,1373200,yahoo
2010-04-07,43.3,43.55,43.57,43.08,43.3,1509400,yahoo
2010-04-08,43.36,43.15,43.41,42.89,43.36,751500,yahoo
2010-04-09,43.68,43.47,43.69,43.34,43.68,662200,yahoo
2010-04-12,43.75,43.7,43.87,43.67,43.75,726400,yahoo
2010-04-13,43.82,43.75,43.87,43.46,43.82,616500,yahoo
2010-04-14,44.39,43.97,44.39,43.89,44.39,671100,yahoo
2010-04-15,44.39,44.31,44.51,44.25,44.39,1253100,yahoo
2010-04-16,43.66,44.21,44.34,43.41,43.66,1788700,yahoo
2010-04-19,43.67,43.44,43.79,43.15,43.67,1014900,yahoo
2010-04-20,44.26,43.99,44.27,43.89,44.26,579900,yahoo
2010-04-21,44.35,44.33,44.42,44.07,44.35,764800,yahoo
2010-04-22,44.71,44.03,44.77,43.75,44.71,893300,yahoo
2010-04-23,45.08,44.75,45.12,44.58,45.08,701600,yahoo
2010-04-26,44.92,45.16,45.29,44.87,44.92,852300,yahoo
2010-04-27,43.71,44.68,44.87,43.62,43.71,1021100,yahoo
2010-04-28,43.95,43.98,44.13,43.6,43.95,759400,yahoo
2010-04-29,44.56,44.28,44.65,44.21,44.56,708200,yahoo
2010-04-30,43.7,44.56,44.62,43.69,43.7,576700,yahoo
2010-05-03,44.34,43.82,44.44,43.82,44.34,442800,yahoo
2010-05-04,43.14,43.83,43.84,42.95,43.14,1661800,yahoo
2010-05-05,42.82,42.89,43.35,42.47,42.82,2147300,yahoo
2010-05-06,41.25,42.74,43.0,18.0,41.25,4523400,yahoo
2010-05-07,40.59,41.19,41.73,40.0,40.59,3409200,yahoo
2010-05-10,42.69,42.09,42.7,42.09,42.69,2181400,yahoo
2010-05-11,42.54,42.23,43.13,42.15,42.54,1115100,yahoo
2010-05-12,43.32,42.79,43.35,42.64,43.32,1340500,yahoo
2010-05-13,42.79,43.27,43.45,42.7,42.79,964400,yahoo
2010-05-14,41.88,42.33,42.44,41.49,41.88,1201800,yahoo
2010-05-17,41.92,41.88,42.22,41.03,41.92,1683500,yahoo
2010-05-18,41.37,42.29,42.52,41.2,41.37,1616900,yahoo
2010-05-19,41.0,41.09,41.49,40.22,41.0,1966700,yahoo
2010-05-20,39.37,40.14,40.24,39.29,39.37,3119000,yahoo
2010-05-21,40.02,38.81,40.2,38.27,40.02,4777900,yahoo
2010-05-24,39.51,39.78,40.18,39.49,39.51,1552700,yahoo
2010-05-25,39.62,38.41,39.66,38.2,39.62,2903100,yahoo
2010-05-26,39.5,40.0,40.41,39.41,39.5,1316200,yahoo
2010-05-27,40.97,40.34,41.0,40.19,40.97,782400,yahoo
2010-05-28,40.48,41.0,41.04,40.28,40.48,740200,yahoo
2010-06-01,39.5,40.0,40.61,39.48,39.5,1336500,yahoo
2010-06-02,40.67,39.65,40.67,39.55,40.67,842600,yahoo
2010-06-03,40.91,40.81,40.97,40.47,40.91,2083400,yahoo
2010-06-04,39.25,40.05,40.34,39.11,39.25,2064100,yahoo
2010-06-07,38.61,39.43,39.56,38.58,38.61,1665500,yahoo
2010-06-08,38.97,38.56,39.04,38.19,38.97,2800900,yahoo
2010-06-09,38.93,39.36,39.84,38.79,38.93,1134000,yahoo
2010-06-10,40.26,39.48,40.28,39.48,40.26,774500,yahoo
2010-06-11,40.53,39.89,40.53,39.78,40.53,604500,yahoo
2010-06-14,40.53,40.76,41.18,40.5,40.53,1226000,yahoo
2010-06-15,41.56,40.77,41.59,40.77,41.56,2124000,yahoo
2010-06-16,41.52,41.32,41.74,41.2,41.52,6139700,yahoo
2010-06-17,41.52,41.68,41.68,41.09,41.52,2167000,yahoo
2010-06-18,41.38,41.51,41.56,41.24,41.38,1491200,yahoo
2010-06-21,41.19,41.97,41.97,40.94,41.19,3773600,yahoo
2010-06-22,40.42,41.21,41.39,40.28,40.42,1969000,yahoo
2010-06-23,40.31,40.41,40.57,39.86,40.31,1034000,yahoo
2010-06-24,39.56,40.05,40.13,39.43,39.56,1267500,yahoo
2010-06-25,39.79,39.63,39.97,39.25,39.79,966900,yahoo
2010-06-28,39.67,39.85,40.01,39.52,39.67,796300,yahoo
2010-06-29,38.24,39.09,39.09,37.94,38.24,3740100,yahoo
2010-06-30,37.8,38.11,38.56,37.71,37.8,3539800,yahoo
2010-07-01,37.72,37.8,37.95,36.96,37.72,4910300,yahoo
2010-07-02,37.49,37.8,37.97,37.28,37.49,1743000,yahoo
2010-07-06,37.59,37.96,38.33,37.24,37.59,1921600,yahoo
2010-07-07,38.86,37.65,38.9,37.65,38.86,928800,yahoo
2010-07-08,39.26,39.31,39.35,38.81,39.26,1011100,yahoo
2010-07-09,39.62,39.23,39.65,39.19,39.62,928200,yahoo
2010-07-12,39.54,39.5,39.75,39.23,39.54,727100,yahoo
2010-07-13,40.3,39.99,40.47,39.94,40.3,1545300,yahoo
2010-07-14,40.22,40.18,40.4,39.92,40.22,941800,yahoo
2010-07-15,40.29,40.27,40.38,39.64,40.29,558500,yahoo
2010-07-16,39.02,40.06,40.06,38.96,39.02,1121700,yahoo
2010-07-19,39.33,39.19,39.45,38.87,39.33,440600,yahoo
2010-07-20,39.91,38.85,39.94,38.74,39.91,1100500,yahoo
2010-07-21,39.3,40.17,40.18,39.17,39.3,715600,yahoo
2010-07-22,40.29,39.79,40.44,39.76,40.29,759800,yahoo
2010-07-23,40.78,40.15,40.8,40.07,40.78,825000,yahoo
2010-07-26,41.34,40.79,41.35,40.69,41.34,1588900,yahoo
2010-07-27,41.11,41.58,41.58,40.97,41.11,1604500,yahoo
2010-07-28,40.74,41.02,41.13,40.59,40.74,737000,yahoo
2010-07-29,40.54,41.09,41.13,40.15,40.54,1126600,yahoo
2010-07-30,40.58,40.17,40.76,39.95,40.58,871200,yahoo
2010-08-02,41.49,41.26,41.54,41.03,41.49,820100,yahoo
2010-08-03,41.15,41.36,41.45,41.0,41.15,1315800,yahoo
2010-08-04,41.51,41.27,41.55,41.12,41.51,661100,yahoo
2010-08-05,41.45,41.24,41.49,41.12,41.45,419100,yahoo
2010-08-06,41.26,40.93,41.35,40.68,41.26,1144100,yahoo
2010-08-09,41.55,41.59,41.6,41.29,41.55,719500,yahoo
2010-08-10,41.22,41.13,41.45,40.87,41.22,721500,yahoo
2010-08-11,39.93,40.48,40.49,39.86,39.93,1446400,yahoo
2010-08-12,39.69,39.19,39.82,39.09,39.69,1761500,yahoo
2010-08-13,39.55,39.53,39.85,39.52,39.55,785000,yahoo
2010-08-16,39.52,39.36,39.67,39.15,39.52,1018700,yahoo
2010-08-17,40.17,39.9,40.43,39.8,40.17,1822100,yahoo
2010-08-18,40.25,40.11,40.47,39.89,40.25,1061700,yahoo
2010-08-19,39.55,40.05,40.19,39.37,39.55,587900,yahoo
2010-08-20,39.47,39.44,39.51,39.09,39.47,568400,yahoo
2010-08-23,39.27,39.7,39.85,39.25,39.27,378200,yahoo
2010-08-24,38.69,38.79,38.96,38.38,38.69,1955700,yahoo
2010-08-25,38.84,38.39,38.97,38.12,38.84,1422500,yahoo
2010-08-26,38.59,38.98,39.14,38.47,38.59,1173300,yahoo
2010-08-27,39.29,38.92,39.33,38.24,39.29,949800,yahoo
2010-08-30,38.66,39.16,39.29,38.66,38.66,482800,yahoo
2010-08-31,38.65,38.5,38.9,38.31,38.65,2060400,yahoo
2010-09-01,39.86,39.22,39.94,39.19,39.86,881800,yahoo
2010-09-02,40.38,39.97,40.41,39.93,40.38,653500,yahoo
2010-09-03,40.95,40.78,41.03,40.6,40.95,904600,yahoo
2010-09-07,40.43,40.71,40.76,40.37,40.43,597600,yahoo
2010-09-08,40.7,40.46,40.86,40.46,40.7,333000,yahoo
2010-09-09,40.84,41.15,41.18,40.67,40.84,474500,yahoo
2010-09-10,41.06,40.86,41.09,40.79,41.06,305300,yahoo
2010-09-13,41.55,41.46,41.63,41.35,41.55,963500,yahoo
2010-09-14,41.56,41.48,41.78,41.28,41.56,534500,yahoo
2010-09-15,41.7,41.39,41.74,41.26,41.7,477700,yahoo
2010-09-16,41.61,41.55,41.65,41.4,41.61,500900,yahoo
2010-09-17,41.46,41.72,41.72,41.28,41.46,611100,yahoo
2010-09-20,42.22,41.58,42.28,41.5,42.22,1483100,yahoo
2010-09-21,42.0,42.2,42.33,41.84,42.0,2528700,yahoo
2010-09-22,41.72,41.9,42.18,41.59,41.72,1555800,yahoo
2010-09-23,41.4,41.35,41.86,41.25,41.4,1215800,yahoo
2010-09-24,42.36,41.92,42.43,41.89,42.36,1399400,yahoo
2010-09-27,42.2,42.46,42.46,42.15,42.2,1163600,yahoo
2010-09-28,42.5,42.33,42.59,41.75,42.5,1619100,yahoo
2010-09-29,42.45,42.33,42.63,42.25,42.45,1004800,yahoo
2010-09-30,42.38,42.76,43.0,42.12,42.38,2066300,yahoo
2010-10-01,42.5,42.72,42.75,42.26,42.5,1249000,yahoo
2010-10-04,42.16,42.36,42.58,41.91,42.16,651200,yahoo
2010-10-05,43.06,42.61,43.17,42.51,43.06,890100,yahoo
2010-10-06,42.91,43.14,43.14,42.75,42.91,1260800,yahoo
2010-10-07,42.89,43.09,43.17,42.59,42.89,731200,yahoo
2010-10-08,43.22,43.0,43.36,42.81,43.22,884500,yahoo
2010-10-11,43.34,43.36,43.45,43.2,43.34,608900,yahoo
2010-10-12,43.49,43.23,43.58,42.93,43.49,784400,yahoo
2010-10-13,43.84,43.8,44.07,43.6,43.84,1030900,yahoo
2010-10-14,43.62,43.82,43.88,43.33,43.62,698400,yahoo
2010-10-15,43.66,43.92,43.92,43.31,43.66,738500,yahoo
2010-10-18,43.81,43.68,43.92,43.57,43.81,561900,yahoo
2010-10-19,43.17,43.34,43.66,42.93,43.17,1038500,yahoo
2010-10-20,43.6,43.28,43.8,43.25,43.6,1017500,yahoo
2010-10-21,43.63,43.82,44.05,43.29,43.63,1042800,yahoo
2010-10-22,43.79,43.72,43.82,43.6,43.79,675500,yahoo
2010-10-25,43.95,44.08,44.36,43.9,43.95,766400,yahoo
2010-10-26,43.87,43.68,43.94,43.53,43.87,527600,yahoo
2010-10-27,43.76,43.57,43.81,43.33,43.76,642800,yahoo
2010-10-28,43.73,44.02,44.05,43.48,43.73,751000,yahoo
2010-10-29,43.89,43.69,43.94,43.58,43.89,562000,yahoo
2010-11-01,43.82,44.02,44.33,43.58,43.82,601500,yahoo
2010-11-02,44.24,44.19,44.33,44.04,44.24,852900,yahoo
2010-11-03,44.35,44.37,44.37,43.77,44.35,1085000,yahoo
2010-11-04,45.25,44.94,45.28,44.82,45.25,1031600,yahoo
2010-11-05,45.48,45.29,45.6,45.24,45.48,1036800,yahoo
2010-11-08,45.43,45.4,45.47,45.18,45.43,915400,yahoo
2010-11-09,44.98,45.57,45.57,44.79,44.98,980400,yahoo
2010-11-10,45.17,45.01,45.19,44.6,45.17,887800,yahoo
2010-11-11,45.15,44.75,45.2,44.67,45.15,714400,yahoo
2010-11-12,44.55,44.85,45.02,44.34,44.55,827000,yahoo
2010-11-15,44.48,44.65,44.88,44.46,44.48,446000,yahoo
2010-11-16,43.72,44.21,44.26,43.52,43.72,698800,yahoo
2010-11-17,43.82,43.7,44.0,43.61,43.82,537300,yahoo
2010-11-18,44.45,44.38,44.65,44.29,44.45,618800,yahoo
2010-11-19,44.66,44.45,44.66,44.19,44.66,279800,yahoo
2010-11-22,44.73,44.52,44.75,44.19,44.73,336100,yahoo
2010-11-23,44.11,44.24,44.27,43.96,44.11,496000,yahoo
2010-11-24,44.87,44.44,44.87,44.3,44.87,429500,yahoo
2010-11-26,44.54,44.5,44.74,44.43,44.54,242100,yahoo
2010-11-29,44.43,44.26,44.56,43.9,44.43,461600,yahoo
2010-11-30,44.25,44.03,44.5,43.94,44.25,495900,yahoo
2010-12-01,45.24,44.85,45.31,44.85,45.24,555000,yahoo
2010-12-02,45.9,45.32,45.93,45.25,45.9,1326400,yahoo
2010-12-03,46.08,45.78,46.14,45.72,46.08,727000,yahoo
2010-12-06,46.05,46.02,46.14,45.88,46.05,8644800,yahoo
2010-12-07,46.06,46.56,46.56,46.05,46.06,772100,yahoo
2010-12-08,46.18,46.17,46.28,45.84,46.18,489600,yahoo
2010-12-09,46.38,46.52,46.52,46.15,46.38,4439100,yahoo
2010-12-10,46.68,46.53,46.71,46.36,46.68,511000,yahoo
2010-12-13,46.61,46.93,46.93,46.61,46.61,564900,yahoo
2010-12-14,46.61,46.7,46.85,46.49,46.61,994500,yahoo
2010-12-15,46.42,46.56,46.78,46.33,46.42,543800,yahoo
2010-12-16,46.75,46.42,46.77,46.29,46.75,3639100,yahoo
2010-12-17,46.79,46.66,46.84,46.39,46.79,561000,yahoo
2010-12-20,46.94,47.01,47.03,46.69,46.94,530700,yahoo
2010-12-21,47.27,47.13,47.34,47.05,47.27,1027400,yahoo
2010-12-22,47.38,47.36,47.41,47.26,47.38,694200,yahoo
2010-12-23,47.27,47.36,47.38,47.16,47.27,457100,yahoo
2010-12-27,47.3,47.19,47.32,47.0,47.3,454200,yahoo
2010-12-28,47.3,47.3,47.39,47.15,47.3,265300,yahoo
2010-12-29,47.32,47.39,47.43,47.32,47.32,2191900,yahoo
2010-12-30,47.34,47.33,47.42,47.22,47.34,420800,yahoo
2010-12-31,47.31,47.3,47.38,47.16,47.31,548100,yahoo
2011-01-03,47.79,47.72,47.99,47.65,47.79,950100,yahoo
2011-01-04,47.56,47.98,47.98,47.29,47.56,1846400,yahoo
2011-01-05,47.81,47.4,47.84,47.29,47.81,864200,yahoo
2011-01-06,47.71,47.92,47.92,47.6,47.71,487400,yahoo
2011-01-07,47.62,47.83,47.91,47.24,47.62,1046200,yahoo
2011-01-10,47.6,47.43,47.68,47.22,47.6,716400,yahoo
2011-01-11,47.83,47.84,47.94,47.63,47.83,1179200,yahoo
2011-01-12,48.27,48.15,48.31,48.03,48.27,493800,yahoo
2011-01-13,48.21,48.31,48.34,48.1,48.21,618600,yahoo
2011-01-14,48.49,48.17,48.56,48.1,48.49,598900,yahoo
2011-01-18,48.7,48.58,48.73,48.5,48.7,510400,yahoo
2011-01-19,48.06,48.69,48.69,47.92,48.06,518600,yahoo
2011-01-20,47.96,47.92,48.07,47.6,47.96,1003000,yahoo
2011-01-21,47.97,48.28,48.37,47.94,47.97,470300,yahoo
2011-01-24,48.28,47.99,48.36,47.94,48.28,649100,yahoo
2011-01-25,48.25,48.21,48.3,47.89,48.25,502700,yahoo
2011-01-26,48.61,48.36,48.71,48.33,48.61,730000,yahoo
2011-01-27,48.84,48.64,48.89,48.6,48.84,1237800,yahoo
2011-01-28,47.87,48.86,48.96,47.83,47.87,988700,yahoo
2011-01-31,48.31,47.98,48.38,47.98,48.31,678600,yahoo
2011-02-01,49.0,48.63,49.09,48.58,49.0,579400,yahoo
2011-02-02,48.91,48.9,49.08,48.84,48.91,449300,yahoo
2011-02-03,49.17,48.97,49.21,48.63,49.17,612200,yahoo
2011-02-04,49.4,49.3,49.44,49.03,49.4,669100,yahoo
2011-02-07,49.72,49.55,49.9,49.5,49.72,1136000,yahoo
2011-02-08,49.93,49.79,49.94,49.58,49.93,668000,yahoo
2011-02-09,49.81,49.83,49.95,49.6,49.81,537100,yahoo
2011-02-10,49.95,49.59,50.03,49.5,49.95,653100,yahoo
2011-02-11,50.34,49.84,50.39,49.74,50.34,570100,yahoo
2011-02-14,50.42,50.4,50.43,50.23,50.42,668800,yahoo
2011-02-15,50.24,50.32,50.34,50.1,50.24,1625200,yahoo
2011-02-16,50.65,50.47,50.72,50.41,50.65,718200,yahoo
2011-02-17,50.89,50.44,50.94,50.44,50.89,949800,yahoo
2011-02-18,50.95,50.89,51.05,50.79,50.95,599600,yahoo
2011-02-22,49.75,50.42,50.78,49.65,49.75,1474700,yahoo
2011-02-23,49.3,49.74,49.88,48.88,49.3,989200,yahoo
2011-02-24,49.32,49.24,49.56,48.81,49.32,15598900,yahoo
2011-02-25,50.01,49.51,50.04,49.51,50.01,740800,yahoo
2011-02-28,50.25,50.28,50.33,49.94,50.25,808800,yahoo
2011-03-01,49.37,50.5,50.5,49.34,49.37,777500,yahoo
2011-03-02,49.52,49.33,49.74,49.22,49.52,726800,yahoo
2011-03-03,50.42,50.02,50.47,49.98,50.42,1071600,yahoo
2011-03-04,50.09,50.43,50.43,49.73,50.09,1023700,yahoo
2011-03-07,49.6,50.35,50.36,49.3,49.6,552700,yahoo
2011-03-08,50.06,49.73,50.24,49.42,50.06,2025500,yahoo
2011-03-09,49.97,50.02,50.12,49.64,49.97,468700,yahoo
2011-03-10,49.01,49.5,49.5,48.98,49.01,856900,yahoo
2011-03-11,49.47,48.82,49.62,48.82,49.47,1232800,yahoo
2011-03-14,49.16,49.1,49.37,48.8,49.16,988600,yahoo
2011-03-15,48.71,48.0,48.99,47.71,48.71,2527300,yahoo
2011-03-16,47.9,48.58,48.8,47.56,47.9,2184600,yahoo
2011-03-17,48.42,48.61,48.7,48.21,48.42,848800,yahoo
2011-03-18,48.51,48.91,48.91,48.37,48.51,805200,yahoo
2011-03-21,49.22,49.11,49.32,49.01,49.22,1044000,yahoo
2011-03-22,48.99,49.26,49.3,48.96,48.99,1572800,yahoo
2011-03-23,49.18,48.85,49.3,48.61,49.18,422500,yahoo
2011-03-24,49.71,49.42,49.77,49.19,49.71,450000,yahoo
2011-03-25,49.89,49.82,50.12,49.71,49.89,660900,yahoo
2011-03-28,49.69,50.03,50.1,49.69,49.69,913000,yahoo
2011-03-29,50.03,49.67,50.05,49.46,50.03,1956200,yahoo
2011-03-30,50.5,50.38,50.57,50.25,50.5,778200,yahoo
2011-03-31,50.46,50.44,50.57,50.33,50.46,413200,yahoo
2011-04-01,50.72,50.8,50.95,50.59,50.72,561400,yahoo
2011-04-04,50.73,50.88,50.93,50.56,50.73,1284200,yahoo
2011-04-05,50.86,50.67,51.1,50.66,50.86,496900,yahoo
2011-04-06,50.97,51.03,51.17,50.76,50.97,841000,yahoo
2011-04-07,50.86,50.95,51.09,50.6,50.86,838400,yahoo
2011-04-08,50.55,51.07,51.11,50.35,50.55,389800,yahoo
2011-04-11,50.35,50.61,50.77,50.23,50.35,347700,yahoo
2011-04-12,50.02,50.12,50.22,49.84,50.02,1065000,yahoo
2011-04-13,50.07,50.28,50.35,49.86,50.07,465300,yahoo
2011-04-14,50.13,49.79,50.2,49.6,50.13,581700,yahoo
2011-04-15,50.46,50.22,50.53,50.12,50.46,414300,yahoo
2011-04-18,49.83,49.88,49.95,49.49,49.83,595600,yahoo
2011-04-19,50.09,49.97,50.12,49.79,50.09,540200,yahoo
2011-04-20,50.88,50.75,50.97,50.73,50.88,2453000,yahoo
2011-04-21,51.16,51.21,51.21,50.94,51.16,449200,yahoo
2011-04-25,51.09,51.2,51.2,50.92,51.09,533000,yahoo
2011-04-26,51.5,51.28,51.62,51.21,51.5,755400,yahoo
2011-04-27,51.76,51.64,51.83,51.36,51.76,687500,yahoo
2011-04-28,51.94,51.73,52.0,51.71,51.94,551700,yahoo
2011-04-29,52.04,51.99,52.08,51.87,52.04,475000,yahoo
2011-05-02,51.94,52.28,52.33,51.85,51.94,736900,yahoo
2011-05-03,51.65,51.78,51.9,51.39,51.65,477400,yahoo
2011-05-04,51.28,51.63,51.63,51.01,51.28,721000,yahoo
2011-05-05,51.02,51.04,51.5,50.79,51.02,636200,yahoo
2011-05-06,51.23,51.55,51.79,51.02,51.23,395200,yahoo
2011-05-09,51.5,51.29,51.61,51.17,51.5,315500,yahoo
2011-05-10,52.07,51.71,52.15,51.65,52.07,637100,yahoo
2011-05-11,51.52,52.02,52.02,51.27,51.52,432000,yahoo
2011-05-12,51.86,51.42,51.94,51.15,51.86,531000,yahoo
2011-05-13,51.43,51.93,51.95,51.28,51.43,505500,yahoo
2011-05-16,51.13,51.3,51.69,51.05,51.13,483800,yahoo
2011-05-17,51.04,50.95,51.14,50.65,51.04,1600200,yahoo
2011-05-18,51.57,51.11,51.64,51.0,51.57,656900,yahoo
2011-05-19,51.7,51.81,51.83,51.41,51.7,441800,yahoo
2011-05-20,51.34,51.62,51.64,51.16,51.34,604300,yahoo
2011-05-23,50.66,50.64,50.85,50.51,50.66,635300,yahoo
2011-05-24,50.58,50.85,50.94,50.46,50.58,953900,yahoo
2011-05-25,50.75,50.31,50.94,50.29,50.75,423100,yahoo
2011-05-26,51.03,50.63,51.12,50.5,51.03,375500,yahoo
2011-05-27,51.28,51.16,51.39,51.11,51.28,526300,yahoo
2011-05-31,51.72,51.78,51.78,51.32,51.72,550000,yahoo
2011-06-01,50.5,51.66,51.66,50.47,50.5,489200,yahoo
2011-06-02,50.45,50.59,50.71,50.16,50.45,557000,yahoo
2011-06-03,49.82,49.87,50.27,49.75,49.82,830200,yahoo
2011-06-06,49.18,49.64,49.79,49.16,49.18,1676200,yahoo
2011-06-07,49.3,49.5,49.7,49.27,49.3,1670500,yahoo
2011-06-08,48.94,49.18,49.25,48.86,48.94,974500,yahoo
2011-06-09,49.3,49.05,49.5,48.95,49.3,589600,yahoo
2011-06-10,48.57,49.15,49.15,48.49,48.57,856900,yahoo
2011-06-13,48.54,48.68,48.85,48.3,48.54,1086200,yahoo
2011-06-14,49.32,49.02,49.46,49.01,49.32,662700,yahoo
2011-06-15,48.44,48.97,49.09,48.33,48.44,1018100,yahoo
2011-06-16,48.44,48.44,48.75,48.06,48.44,1550200,yahoo
2011-06-17,48.49,48.71,48.82,48.35,48.49,810300,yahoo
2011-06-20,48.82,48.37,48.93,48.37,48.82,746000,yahoo
2011-06-21,49.6,49.1,49.67,49.06,49.6,2701900,yahoo
2011-06-22,49.32,49.49,49.76,49.28,49.32,1595800,yahoo
2011-06-23,49.22,48.68,49.25,48.34,49.22,1492100,yahoo
2011-06-24,48.68,49.26,49.27,48.6,48.68,421800,yahoo
2011-06-27,49.01,48.69,49.17,48.55,49.01,563500,yahoo
2011-06-28,49.71,49.21,49.74,49.16,49.71,1066500,yahoo
2011-06-29,50.15,49.99,50.26,49.74,50.15,825000,yahoo
2011-06-30,50.62,50.34,50.7,50.26,50.62,881800,yahoo
2011-07-01,51.39,50.65,51.48,50.55,51.39,1035200,yahoo
2011-07-05,51.27,51.37,51.42,51.07,51.27,1647900,yahoo
2011-07-06,51.3,51.2,51.35,50.97,51.3,2065300,yahoo
2011-07-07,51.92,51.81,52.04,51.72,51.92,1743300,yahoo
2011-07-08,51.46,51.35,51.46,51.03,51.46,1100800,yahoo
2011-07-11,50.37,50.89,50.93,50.24,50.37,678200,yahoo
2011-07-12,50.16,50.2,50.63,50.08,50.16,1517300,yahoo
2011-07-13,50.27,50.33,50.85,50.16,50.27,880400,yahoo
2011-07-14,49.76,50.36,50.57,49.66,49.76,868200,yahoo
2011-07-15,50.04,50.06,50.06,49.64,50.04,588800,yahoo
2011-07-18,49.44,49.84,49.86,49.12,49.44,538700,yahoo
2011-07-19,50.31,49.79,50.37,49.79,50.31,423600,yahoo
2011-07-20,50.29,50.49,50.5,50.16,50.29,621500,yahoo
2011-07-21,50.95,50.56,51.08,50.44,50.95,1408500,yahoo
2011-07-22,51.0,50.98,51.08,50.66,51.0,808300,yahoo
2011-07-25,50.68,50.49,50.94,50.43,50.68,536200,yahoo
2011-07-26,50.45,50.68,50.7,50.34,50.45,721900,yahoo
2011-07-27,49.25,50.17,50.21,49.22,49.25,1034200,yahoo
2011-07-28,49.03,49.24,49.69,48.96,49.03,1213000,yahoo
2011-07-29,48.79,48.6,49.24,48.27,48.79,954100,yahoo
2011-08-01,48.42,49.66,49.66,48.0,48.42,1606300,yahoo
2011-08-02,46.95,48.05,48.29,46.95,46.95,2396800,yahoo
2011-08-03,47.24,46.96,47.25,46.08,47.24,5647500,yahoo
2011-08-04,44.74,46.56,46.56,44.72,44.74,3448200,yahoo
2011-08-05,44.57,45.42,45.5,43.37,44.57,3477800,yahoo
2011-08-08,41.3,43.27,43.76,41.19,41.3,4469300,yahoo
2011-08-09,43.39,41.73,43.4,40.7,43.39,4033500,yahoo
2011-08-10,41.53,42.55,43.09,41.48,41.53,2628300,yahoo
2011-08-11,43.66,41.93,44.21,41.74,43.66,1865700,yahoo
2011-08-12,43.9,44.11,44.34,43.56,43.9,2156400,yahoo
2011-08-15,44.97,44.32,44.98,44.28,44.97,1897100,yahoo
2011-08-16,44.44,44.55,44.92,43.99,44.44,1233500,yahoo
2011-08-17,44.36,44.65,45.05,44.0,44.36,1345600,yahoo
2011-08-18,42.21,43.15,43.15,41.83,42.21,2700700,yahoo
2011-08-19,41.51,41.6,42.77,41.47,41.51,1370900,yahoo
2011-08-22,41.57,42.29,42.55,41.42,41.57,922500,yahoo
2011-08-23,43.08,41.71,43.08,41.48,43.08,1333200,yahoo
2011-08-24,43.73,43.02,43.78,42.83,43.73,1436400,yahoo
2011-08-25,42.9,43.93,44.21,42.78,42.9,878800,yahoo
2011-08-26,43.67,42.65,43.9,41.97,43.67,985000,yahoo
2011-08-29,45.18,44.29,45.21,44.24,45.18,686300,yahoo
2011-08-30,45.37,45.02,45.7,44.64,45.37,2161300,yahoo
2011-08-31,45.69,45.71,46.2,45.31,45.69,2297800,yahoo
2011-09-01,45.06,45.66,46.08,45.02,45.06,1590900,yahoo
2011-09-02,43.75,44.16,44.32,43.64,43.75,1867400,yahoo
2011-09-06,43.46,42.53,43.5,42.37,43.46,910700,yahoo
2011-09-07,44.91,44.1,44.92,44.04,44.91,595900,yahoo
2011-09-08,44.31,44.59,45.08,44.18,44.31,2198600,yahoo
2011-09-09,43.1,43.82,43.97,42.83,43.1,845200,yahoo
2011-09-12,43.37,42.5,43.41,42.35,43.37,1014200,yahoo
2011-09-13,43.89,43.47,44.04,43.19,43.89,1344400,yahoo
2011-09-14,44.57,44.14,45.09,43.48,44.57,789700,yahoo
2011-09-15,45.31,45.09,45.34,44.59,45.31,976400,yahoo
2011-09-16,45.33,45.31,45.61,44.94,45.33,664400,yahoo
2011-09-19,44.74,44.47,45.0,44.17,44.74,1045300,yahoo
2011-09-20,44.55,44.92,45.38,44.51,44.55,914700,yahoo
2011-09-21,42.97,44.54,44.68,42.97,42.97,845400,yahoo
2011-09-22,41.54,41.81,42.09,40.93,41.54,3336800,yahoo
2011-09-23,41.83,41.25,42.1,41.21,41.83,2802100,yahoo
2011-09-26,42.87,42.31,42.93,41.54,42.87,1071400,yahoo
2011-09-27,43.45,43.89,44.28,43.19,43.45,1090000,yahoo
2011-09-28,42.25,43.51,43.7,42.23,42.25,843500,yahoo
2011-09-29,42.6,42.97,43.24,41.76,42.6,1206900,yahoo
2011-09-30,41.4,42.02,42.28,41.38,41.4,851200,yahoo
2011-10-03,39.89,41.08,41.67,39.89,39.89,2085400,yahoo
2011-10-04,41.06,39.46,41.15,39.03,41.06,3600000,yahoo
2011-10-05,41.99,41.19,42.12,40.82,41.99,1813100,yahoo
2011-10-06,42.96,41.96,43.0,41.7,42.96,1677700,yahoo
2011-10-07,42.48,43.3,43.3,42.2,42.48,1283500,yahoo
2011-10-10,43.96,43.24,43.96,43.14,43.96,641000,yahoo
2011-10-11,44.02,43.68,44.14,43.6,44.02,789100,yahoo
2011-10-12,44.49,44.38,45.04,44.28,44.49,1714700,yahoo
2011-10-13,44.36,44.24,44.55,43.74,44.36,845300,yahoo
2011-10-14,45.13,44.97,45.15,44.57,45.13,1030200,yahoo
2011-10-17,44.1,44.98,44.98,43.99,44.1,926600,yahoo
2011-10-18,45.15,44.07,45.5,43.62,45.15,908800,yahoo
2011-10-19,44.58,45.06,45.38,44.42,44.58,1550900,yahoo
2011-10-20,44.79,44.77,44.95,43.99,44.79,959500,yahoo
2011-10-21,45.87,45.45,45.91,45.38,45.87,1856100,yahoo
2011-10-24,46.73,46.01,46.86,45.94,46.73,7201400,yahoo
2011-10-25,45.67,46.45,46.5,45.57,45.67,3560200,yahoo
2011-10-26,46.17,46.19,46.38,45.31,46.17,1157900,yahoo
2011-10-27,48.04,47.64,48.4,47.16,48.04,4181300,yahoo
2011-10-28,48.07,47.89,48.18,47.75,48.07,2019100,yahoo
2011-10-31,46.81,47.57,47.59,46.75,46.81,2122800,yahoo
2011-11-01,45.36,45.45,46.0,45.06,45.36,8451600,yahoo
2011-11-02,46.22,46.05,46.42,45.69,46.22,4921500,yahoo
2011-11-03,47.14,46.71,47.26,45.96,47.14,889400,yahoo
2011-11-04,46.96,46.82,47.09,46.29,46.96,834200,yahoo
2011-11-07,47.18,46.95,47.21,46.34,47.18,569100,yahoo
2011-11-08,47.71,47.36,47.78,46.84,47.71,912400,yahoo
2011-11-09,45.75,46.57,46.69,45.67,45.75,1014600,yahoo
2011-11-10,46.16,46.47,46.48,45.72,46.16,632600,yahoo
2011-11-11,47.18,46.85,47.34,46.73,47.18,667000,yahoo
2011-11-14,46.75,47.0,47.09,46.49,46.75,345700,yahoo
2011-11-15,46.95,46.54,47.18,46.3,46.95,646200,yahoo
2011-11-16,46.14,46.46,47.03,46.1,46.14,326600,yahoo
2011-11-17,45.27,46.05,46.13,44.95,45.27,1266900,yahoo
2011-11-18,45.18,45.42,45.52,45.0,45.18,1153100,yahoo
2011-11-21,44.35,44.43,44.59,43.92,44.35,1423700,yahoo
2011-11-22,44.1,44.3,44.5,43.84,44.1,546800,yahoo
2011-11-23,43.05,43.69,43.69,43.04,43.05,1564000,yahoo
2011-11-25,42.96,42.89,43.46,42.07,42.96,621500,yahoo
2011-11-28,44.31,44.2,44.53,43.96,44.31,1760400,yahoo
2011-11-29,44.4,44.39,44.73,44.23,44.4,980900,yahoo
2011-11-30,46.4,45.76,46.45,45.72,46.4,858400,yahoo
2011-12-01,46.37,46.39,46.68,46.19,46.37,706300,yahoo
2011-12-02,46.32,46.84,47.0,46.25,46.32,749500,yahoo
2011-12-05,46.87,47.06,47.29,46.6,46.87,687100,yahoo
2011-12-06,46.84,46.93,47.12,46.61,46.84,1079400,yahoo
2011-12-07,46.9,46.7,47.07,46.2,46.9,499600,yahoo
2011-12-08,45.72,46.54,46.61,45.61,45.72,614100,yahoo
2011-12-09,46.58,45.84,46.69,45.84,46.58,409500,yahoo
2011-12-12,45.85,46.23,46.23,45.45,45.85,535900,yahoo
2011-12-13,45.16,46.06,46.3,44.94,45.16,2512700,yahoo
2011-12-14,44.64,44.94,45.12,44.54,44.64,1109300,yahoo
2011-12-15,44.85,45.1,45.25,44.74,44.85,923300,yahoo
2011-12-16,44.78,44.94,45.33,44.65,44.78,381300,yahoo
2011-12-19,44.16,44.9,45.07,44.05,44.16,419500,yahoo
2011-12-20,45.62,44.85,45.72,44.85,45.62,606300,yahoo
2011-12-21,45.79,45.62,45.85,45.18,45.79,591300,yahoo
2011-12-22,46.31,45.99,46.38,45.86,46.31,779600,yahoo
2011-12-23,46.68,46.41,46.68,46.34,46.68,527200,yahoo
2011-12-27,46.66,46.53,46.77,46.47,46.66,550100,yahoo
2011-12-28,46.0,46.63,46.65,45.92,46.0,433500,yahoo
2011-12-29,46.49,46.07,46.54,46.07,46.49,515700,yahoo
2011-12-30,46.28,46.51,46.56,46.28,46.28,709500,yahoo
2012-01-03,46.99,47.14,47.43,46.95,46.99,632100,yahoo
2012-01-04,46.95,46.89,47.05,46.61,46.95,960900,yahoo
2012-01-05,47.14,46.76,47.23,46.42,47.14,880500,yahoo
2012-01-06,47.08,47.26,47.26,46.88,47.08,835400,yahoo
2012-01-09,47.21,47.15,47.3,46.96,47.21,353300,yahoo
2012-01-10,47.82,47.81,47.91,47.72,47.82,553800,yahoo
2012-01-11,47.89,47.74,47.96,47.6,47.89,1061200,yahoo
2012-01-12,48.09,48.08,48.15,47.62,48.09,659200,yahoo
2012-01-13,47.8,47.8,47.81,47.37,47.8,618200,yahoo
2012-01-17,47.9,48.28,48.33,47.81,47.9,594100,yahoo
2012-01-18,48.6,47.96,48.62,47.81,48.6,443000,yahoo
2012-01-19,48.97,48.8,49.06,48.68,48.97,1474200,yahoo
2012-01-20,48.91,48.86,48.93,48.73,48.91,514900,yahoo
2012-01-23,48.94,48.94,49.25,48.72,48.94,779700,yahoo
2012-01-24,49.02,48.74,49.04,48.56,49.02,641500,yahoo
2012-01-25,49.51,48.94,49.6,48.7,49.51,1214200,yahoo
2012-01-26,49.18,49.77,49.87,48.97,49.18,1186600,yahoo
2012-01-27,49.2,48.98,49.33,48.93,49.2,407300,yahoo
2012-01-30,48.92,48.78,48.99,48.48,48.92,452500,yahoo
2012-01-31,48.91,49.2,49.29,48.66,48.91,517300,yahoo
2012-02-01,49.55,49.32,49.75,49.26,49.55,680500,yahoo
2012-02-02,49.62,49.64,49.76,49.44,49.62,556300,yahoo
2012-02-03,50.44,50.1,50.5,50.08,50.44,954000,yahoo
2012-02-06,50.36,50.23,50.4,50.15,50.36,380200,yahoo
2012-02-07,50.46,50.29,50.55,50.02,50.46,428700,yahoo
2012-02-08,50.62,50.42,50.71,50.3,50.62,481600,yahoo
2012-02-09,50.68,50.63,50.79,50.32,50.68,518400,yahoo
2012-02-10,50.29,50.26,50.35,50.03,50.29,641100,yahoo
2012-02-13,50.59,50.66,50.71,50.33,50.59,495500,yahoo
2012-02-14,50.51,50.47,50.55,50.18,50.51,359300,yahoo
2012-02-15,50.36,50.78,50.81,50.26,50.36,1383800,yahoo
2012-02-16,50.99,50.35,51.06,50.32,50.99,453800,yahoo
2012-02-17,51.13,51.24,51.26,50.96,51.13,258900,yahoo
2012-02-21,50.98,51.21,51.32,50.83,50.98,454800,yahoo
2012-02-22,50.75,50.87,51.03,50.66,50.75,611400,yahoo
2012-02-23,51.05,50.75,51.09,50.56,51.05,398800,yahoo
2012-02-24,51.11,51.11,51.31,51.04,51.11,428200,yahoo
2012-02-27,51.17,50.81,51.33,50.67,51.17,449900,yahoo
2012-02-28,51.22,51.2,51.34,51.02,51.22,346500,yahoo
2012-02-29,50.87,51.29,51.4,50.82,50.87,679500,yahoo
2012-03-01,51.18,51.03,51.31,50.98,51.18,620700,yahoo
2012-03-02,50.94,51.11,51.26,50.83,50.94,222600,yahoo
2012-03-05,50.62,50.79,50.84,50.46,50.62,608000,yahoo
2012-03-06,49.74,50.07,50.09,49.63,49.74,945400,yahoo
2012-03-07,50.15,49.91,50.23,49.84,50.15,449700,yahoo
2012-03-08,50.75,50.48,50.85,50.36,50.75,406900,yahoo
2012-03-09,51.09,50.89,51.24,50.82,51.09,638800,yahoo
2012-03-12,50.96,51.09,51.15,50.83,50.96,204900,yahoo
2012-03-13,51.92,51.23,51.95,51.18,51.92,398000,yahoo
2012-03-14,51.79,52.01,52.06,51.64,51.79,526300,yahoo
2012-03-15,52.21,51.81,52.25,51.67,52.21,444100,yahoo
2012-03-16,52.09,52.13,52.19,52.0,52.09,401800,yahoo
2012-03-19,52.23,52.05,52.43,52.0,52.23,473700,yahoo
2012-03-20,51.97,51.89,52.03,51.68,51.97,424700,yahoo
2012-03-21,51.91,52.02,52.08,51.78,51.91,762400,yahoo
2012-03-22,51.46,51.51,51.62,51.26,51.46,429700,yahoo
2012-03-23,51.67,51.53,51.71,51.14,51.67,642400,yahoo
2012-03-26,52.32,52.06,52.34,52.05,52.32,348700,yahoo
2012-03-27,52.2,52.44,52.48,52.16,52.2,607000,yahoo
2012-03-28,51.77,52.13,52.2,51.47,51.77,345000,yahoo
2012-03-29,51.72,51.46,51.78,51.2,51.72,522800,yahoo
2012-03-30,51.87,51.98,52.03,51.6,51.87,362400,yahoo
2012-04-02,52.27,51.82,52.45,51.71,52.27,657300,yahoo
2012-04-03,52.08,52.22,52.3,51.73,52.08,813500,yahoo
2012-04-04,51.48,51.63,51.7,51.32,51.48,544500,yahoo
2012-04-05,51.33,51.29,51.57,51.23,51.33,531600,yahoo
2012-04-09,50.66,50.65,50.82,50.5,50.66,496200,yahoo
2012-04-10,49.73,50.52,50.68,49.69,49.73,2312500,yahoo
2012-04-11,50.19,50.27,50.41,50.14,50.19,817400,yahoo
2012-04-12,51.01,50.26,51.06,50.22,51.01,481700,yahoo
2012-04-13,50.41,50.87,50.97,50.41,50.41,423600,yahoo
2012-04-16,50.42,50.72,50.8,50.2,50.42,741200,yahoo
2012-04-17,51.13,50.74,51.27,50.68,51.13,375300,yahoo
2012-04-18,50.92,50.85,51.07,50.82,50.92,409400,yahoo
2012-04-19,50.71,50.87,51.24,50.47,50.71,400500,yahoo
2012-04-20,50.8,50.9,51.09,50.78,50.8,1765800,yahoo
2012-04-23,50.26,50.21,50.32,49.91,50.26,440800,yahoo
2012-04-24,50.45,50.25,50.57,50.22,50.45,499500,yahoo
2012-04-25,51.07,50.83,51.09,50.74,51.07,470500,yahoo
2012-04-26,51.48,50.91,51.55,50.82,51.48,495800,yahoo
2012-04-27,51.63,51.63,51.75,51.31,51.63,584200,yahoo
2012-04-30,51.48,51.53,51.56,51.32,51.48,1976600,yahoo
2012-05-01,51.81,51.48,52.16,51.35,51.81,471800,yahoo
2012-05-02,51.67,51.5,51.73,51.32,51.67,327200,yahoo
2012-05-03,51.15,51.65,51.68,51.05,51.15,543000,yahoo
2012-05-04,50.34,50.91,50.91,50.26,50.34,1037700,yahoo
2012-05-07,50.29,50.11,50.47,50.01,50.29,614000,yahoo
2012-05-08,50.0,50.0,50.06,49.3,50.0,1224600,yahoo
2012-05-09,49.79,49.42,50.11,49.21,49.79,561600,yahoo
2012-05-10,49.82,50.22,50.22,49.74,49.82,705800,yahoo
2012-05-11,49.76,49.5,50.2,49.5,49.76,326800,yahoo
2012-05-14,49.17,49.25,49.53,49.08,49.17,709100,yahoo
2012-05-15,48.82,49.09,49.37,48.72,48.82,686500,yahoo
2012-05-16,48.5,48.99,49.24,48.47,48.5,842500,yahoo
2012-05-17,47.55,48.51,48.54,47.55,47.55,1407100,yahoo
2012-05-18,47.1,47.75,47.84,47.01,47.1,1544800,yahoo
2012-05-21,48.04,47.19,48.07,47.18,48.04,1296600,yahoo
2012-05-22,48.13,48.2,48.54,47.83,48.13,796400,yahoo
2012-05-23,48.29,47.73,48.35,47.35,48.29,755000,yahoo
2012-05-24,48.34,48.39,48.43,47.9,48.34,491700,yahoo
2012-05-25,48.34,48.34,48.54,48.2,48.34,448900,yahoo
2012-05-29,48.93,48.65,49.04,48.58,48.93,445300,yahoo
2012-05-30,48.04,48.49,48.58,47.98,48.04,298700,yahoo
2012-05-31,47.88,48.03,48.23,47.38,47.88,660400,yahoo
2012-06-01,46.55,47.01,47.17,46.52,46.55,1094600,yahoo
2012-06-04,46.45,46.55,46.77,46.03,46.45,2131400,yahoo
2012-06-05,46.91,46.35,47.02,46.27,46.91,691000,yahoo
2012-06-06,48.03,47.25,48.04,47.25,48.03,433100,yahoo
2012-06-07,47.98,48.65,48.69,47.88,47.98,869600,yahoo
2012-06-08,48.35,47.9,48.37,47.64,48.35,529200,yahoo
2012-06-11,47.61,48.79,48.84,47.57,47.61,374500,yahoo
2012-06-12,48.17,47.76,48.21,47.5,48.17,323400,yahoo
2012-06-13,47.74,48.02,48.27,47.59,47.74,205400,yahoo
2012-06-14,48.22,47.92,48.39,47.71,48.22,430600,yahoo
2012-06-15,48.57,48.13,48.62,48.13,48.57,244700,yahoo
2012-06-18,48.7,48.43,48.81,48.25,48.7,441500,yahoo
2012-06-19,49.29,48.94,49.5,48.93,49.29,476600,yahoo
2012-06-20,49.23,49.29,49.52,48.88,49.23,1014800,yahoo
2012-06-21,47.96,49.3,49.33,47.94,47.96,597000,yahoo
2012-06-22,48.32,48.14,48.44,47.98,48.32,219800,yahoo
2012-06-25,47.46,47.76,47.78,47.25,47.46,300500,yahoo
2012-06-26,47.72,47.56,47.87,47.29,47.72,220000,yahoo
2012-06-27,48.17,47.85,48.31,47.81,48.17,408400,yahoo
2012-06-28,48.19,47.9,48.23,47.58,48.19,337000,yahoo
2012-06-29,49.52,49.21,49.54,49.02,49.52,529300,yahoo
2012-07-02,49.64,49.74,49.76,49.27,49.64,684600,yahoo
2012-07-03,50.09,49.65,50.14,49.6,50.09,407200,yahoo
2012-07-05,49.88,49.88,50.12,49.62,49.88,553600,yahoo
2012-07-06,49.33,49.39,49.42,49.06,49.33,386000,yahoo
2012-07-09,49.05,49.23,49.32,48.86,49.05,389600,yahoo
2012-07-10,48.53,49.28,49.44,48.34,48.53,364600,yahoo
2012-07-11,48.54,48.46,48.73,48.26,48.54,256000,yahoo
2012-07-12,48.26,48.17,48.45,47.82,48.26,2191000,yahoo
2012-07-13,49.03,48.25,49.09,48.25,49.03,335300,yahoo
2012-07-16,48.84,48.88,49.02,48.62,48.84,258100,yahoo
2012-07-17,49.19,49.04,49.27,48.51,49.19,254200,yahoo
2012-07-18,49.62,49.08,49.8,49.06,49.62,285300,yahoo
2012-07-19,49.78,49.77,49.96,49.55,49.78,375200,yahoo
2012-07-20,49.23,49.5,49.55,49.16,49.23,333500,yahoo
2012-07-23,48.64,48.49,48.8,48.2,48.64,462200,yahoo
2012-07-24,48.11,48.69,48.69,47.78,48.11,470100,yahoo
2012-07-25,48.13,48.21,48.45,47.89,48.13,463700,yahoo
2012-07-26,48.97,48.85,49.09,48.59,48.97,355300,yahoo
2012-07-27,49.99,49.29,50.17,49.2,49.99,386200,yahoo
2012-07-30,49.94,49.94,50.17,49.72,49.94,293300,yahoo
2012-07-31,49.58,49.91,50.0,49.58,49.58,513800,yahoo
2012-08-01,49.4,49.89,49.89,49.35,49.4,322500,yahoo
2012-08-02,49.02,48.95,49.43,48.62,49.02,1569700,yahoo
2012-08-03,50.05,49.74,50.19,49.74,50.05,762500,yahoo
2012-08-06,50.29,50.32,50.45,50.22,50.29,405800,yahoo
2012-08-07,50.79,50.44,51.02,50.44,50.79,496200,yahoo
2012-08-08,50.93,50.57,50.96,50.57,50.93,266800,yahoo
2012-08-09,51.01,50.79,51.11,50.79,51.01,192700,yahoo
2012-08-10,51.08,50.76,51.11,50.71,51.08,214600,yahoo
2012-08-13,51.02,51.0,51.1,50.72,51.02,161200,yahoo
2012-08-14,50.92,51.17,51.28,50.78,50.92,338200,yahoo
2012-08-15,51.11,50.82,51.18,50.82,51.11,213900,yahoo
2012-08-16,51.55,51.23,51.61,51.08,51.55,464800,yahoo
2012-08-17,51.65,51.59,51.7,51.53,51.65,220900,yahoo
2012-08-20,51.6,51.6,51.63,51.33,51.6,160500,yahoo
2012-08-21,51.55,51.71,52.0,51.43,51.55,385900,yahoo
2012-08-22,51.48,51.36,51.56,51.18,51.48,295000,yahoo
2012-08-23,51.01,51.33,51.35,50.88,51.01,255600,yahoo
2012-08-24,51.28,50.86,51.36,50.79,51.28,370200,yahoo
2012-08-27,51.18,51.36,51.44,51.14,51.18,222900,yahoo
2012-08-28,51.15,51.12,51.36,51.0,51.15,290700,yahoo
2012-08-29,51.27,51.23,51.36,51.03,51.27,196700,yahoo
2012-08-30,50.87,51.01,51.03,50.7,50.87,204100,yahoo
2012-08-31,51.1,51.16,51.34,50.85,51.1,341700,yahoo
2012-09-04,51.06,51.06,51.23,50.7,51.06,262100,yahoo
2012-09-05,51.01,51.07,51.19,50.87,51.01,182700,yahoo
2012-09-06,52.11,51.3,52.14,51.3,52.11,401100,yahoo
2012-09-07,52.47,52.25,52.47,52.21,52.47,584200,yahoo
2012-09-10,52.2,52.41,52.57,52.2,52.2,634400,yahoo
2012-09-11,52.49,52.26,52.61,52.25,52.49,1560500,yahoo
2012-09-12,52.69,52.67,52.78,52.53,52.69,414100,yahoo
2012-09-13,53.46,52.68,53.61,52.48,53.46,423000,yahoo
2012-09-14,53.87,53.59,54.21,53.59,53.87,1144600,yahoo
2012-09-17,53.48,53.8,53.8,53.36,53.48,294300,yahoo
2012-09-18,53.31,53.44,53.44,53.17,53.31,400600,yahoo
2012-09-19,53.43,53.35,53.55,53.23,53.43,204900,yahoo
2012-09-20,53.29,53.22,53.31,52.86,53.29,412100,yahoo
2012-09-21,53.06,53.31,53.38,53.04,53.06,238500,yahoo
2012-09-24,52.89,52.89,53.02,52.74,52.89,188700,yahoo
2012-09-25,52.21,52.95,53.03,52.15,52.21,1485800,yahoo
2012-09-26,51.88,52.13,52.17,51.65,51.88,300200,yahoo
2012-09-27,52.35,52.06,52.48,51.94,52.35,323700,yahoo
2012-09-28,52.18,52.18,52.36,51.91,52.18,466100,yahoo
2012-10-01,52.25,52.4,52.78,52.15,52.25,189800,yahoo
2012-10-02,52.35,52.45,52.54,52.13,52.35,144300,yahoo
2012-10-03,52.46,52.5,52.63,52.18,52.46,162400,yahoo
2012-10-04,52.93,52.67,52.97,52.6,52.93,326100,yahoo
2012-10-05,52.97,53.22,53.37,52.83,52.97,302800,yahoo
2012-10-08,52.85,52.75,52.98,52.73,52.85,344400,yahoo
2012-10-09,52.35,52.85,52.9,52.32,52.35,427300,yahoo
2012-10-10,51.99,52.33,52.35,51.91,51.99,144700,yahoo
2012-10-11,52.21,52.29,52.57,52.2,52.21,288900,yahoo
2012-10-12,51.96,52.22,52.38,51.86,51.96,212800,yahoo
2012-10-15,52.34,52.04,52.39,51.86,52.34,220800,yahoo
2012-10-16,52.95,52.55,52.98,52.55,52.95,381900,yahoo
2012-10-17,53.24,53.0,53.29,52.93,53.24,166200,yahoo
2012-10-18,53.26,53.18,53.42,53.06,53.26,393400,yahoo
2012-10-19,52.41,53.12,53.12,52.24,52.41,346400,yahoo
2012-10-22,52.37,52.35,52.59,52.0,52.37,287800,yahoo
2012-10-23,51.75,51.75,51.95,51.35,51.75,437600,yahoo
2012-10-24,51.5,51.95,52.02,51.43,51.5,233600,yahoo
2012-10-25,51.7,51.84,52.0,51.38,51.7,418800,yahoo
2012-10-26,51.65,51.67,51.89,51.35,51.65,171400,yahoo
2012-10-31,51.75,51.84,52.03,51.51,51.75,413400,yahoo
2012-11-01,52.49,51.88,52.49,51.81,52.49,248100,yahoo
2012-11-02,51.98,52.74,52.77,51.96,51.98,512100,yahoo
2012-11-05,52.17,51.9,52.24,51.76,52.17,268900,yahoo
2012-11-06,52.63,52.3,52.81,52.27,52.63,237100,yahoo
2012-11-07,51.56,52.13,52.15,51.23,51.56,673900,yahoo
2012-11-08,50.88,51.46,51.7,50.86,50.88,1119900,yahoo
2012-11-09,50.91,50.67,51.37,50.66,50.91,955000,yahoo
2012-11-12,50.95,51.01,51.08,50.81,50.95,552700,yahoo
2012-11-13,50.79,50.63,51.31,50.61,50.79,481400,yahoo
2012-11-14,50.1,51.0,51.06,50.0,50.1,684100,yahoo
2012-11-15,50.1,50.12,50.35,49.85,50.1,946300,yahoo
2012-11-16,50.39,50.07,50.46,49.79,50.39,938900,yahoo
2012-11-19,51.3,50.93,51.3,50.89,51.3,347500,yahoo
2012-11-20,51.33,51.21,51.39,50.94,51.33,275200,yahoo
2012-11-21,51.45,51.37,51.46,51.25,51.45,173900,yahoo
2012-11-23,52.07,51.64,52.07,51.62,52.07,132900,yahoo
2012-11-26,51.92,51.88,51.95,51.67,51.92,216800,yahoo
2012-11-27,51.72,51.91,52.09,51.7,51.72,214900,yahoo
2012-11-28,52.18,51.57,52.18,51.27,52.18,192400,yahoo
2012-11-29,52.35,52.32,52.5,52.11,52.35,658400,yahoo
2012-11-30,52.41,52.42,52.48,52.24,52.41,274400,yahoo
2012-12-03,52.19,52.68,52.72,52.12,52.19,449000,yahoo
2012-12-04,52.14,52.19,52.32,51.97,52.14,431900,yahoo
2012-12-05,52.35,52.26,52.52,51.93,52.35,591500,yahoo
2012-12-06,52.5,52.34,52.52,52.22,52.5,280200,yahoo
2012-12-07,52.76,52.74,52.8,52.49,52.76,380100,yahoo
2012-12-10,52.88,52.65,52.94,52.65,52.88,5067700,yahoo
2012-12-11,53.18,53.04,53.34,52.99,53.18,411100,yahoo
2012-12-12,53.21,53.31,53.59,53.14,53.21,1007600,yahoo
2012-12-13,52.94,53.21,53.39,52.79,52.94,444200,yahoo
2012-12-14,52.84,52.8,53.02,52.78,52.84,308600,yahoo
2012-12-17,53.47,53.01,53.47,53.01,53.47,546200,yahoo
2012-12-18,54.14,53.58,54.17,53.45,54.14,829100,yahoo
2012-12-19,53.88,54.24,54.29,53.86,53.88,547000,yahoo
2012-12-20,54.14,53.98,54.16,53.74,54.14,1059200,yahoo
2012-12-21,53.45,53.3,53.51,53.11,53.45,580300,yahoo
2012-12-24,53.27,53.25,53.34,53.18,53.27,191300,yahoo
2012-12-26,52.97,53.33,53.42,52.92,52.97,219900,yahoo
2012-12-27,52.86,53.02,53.08,52.27,52.86,653800,yahoo
2012-12-28,52.32,52.56,52.83,52.32,52.32,373900,yahoo
2012-12-31,53.32,52.31,53.32,52.18,53.32,620300,yahoo
2013-01-02,54.6,54.37,54.6,54.11,54.6,1072000,yahoo
2013-01-03,54.57,54.58,54.87,54.45,54.57,7143800,yahoo
2013-01-04,55.01,54.71,55.05,54.59,55.01,909200,yahoo
2013-01-07,54.8,54.85,54.85,54.61,54.8,700000,yahoo
2013-01-08,54.57,54.68,54.7,54.33,54.57,463800,yahoo
2013-01-09,54.76,54.62,54.85,54.62,54.76,863600,yahoo
2013-01-10,55.09,54.95,55.11,54.75,55.09,1172300,yahoo
2013-01-11,55.11,55.12,55.15,54.88,55.11,549500,yahoo
2013-01-14,55.14,55.11,55.16,54.88,55.14,443500,yahoo
2013-01-15,55.37,54.95,55.4,54.84,55.37,508000,yahoo
2013-01-16,55.29,55.24,55.35,55.13,55.29,466700,yahoo
2013-01-17,55.78,55.55,55.92,55.43,55.78,700400,yahoo
2013-01-18,55.94,55.83,55.98,55.61,55.94,341600,yahoo
2013-01-22,56.35,55.99,56.35,55.85,56.35,403100,yahoo
2013-01-23,56.29,56.39,56.39,56.12,56.29,514300,yahoo
2013-01-24,56.54,56.38,56.78,56.33,56.54,584100,yahoo
2013-01-25,56.95,56.74,56.95,56.59,56.95,693700,yahoo
2013-01-28,56.82,56.93,57.01,56.64,56.82,513500,yahoo
2013-01-29,56.98,56.79,57.01,56.65,56.98,577800,yahoo
2013-01-30,56.81,56.96,57.09,56.74,56.81,425300,yahoo
2013-01-31,56.79,56.77,56.93,56.59,56.79,319600,yahoo
2013-02-01,57.31,57.17,57.37,57.05,57.31,456900,yahoo
2013-02-04,56.74,57.04,57.11,56.65,56.74,788900,yahoo
2013-02-05,57.22,57.02,57.37,56.92,57.22,403700,yahoo
2013-02-06,57.41,57.08,57.41,57.0,57.41,778300,yahoo
2013-02-07,57.29,57.46,57.46,56.88,57.29,614100,yahoo
2013-02-08,57.57,57.3,57.6,57.3,57.57,358100,yahoo
2013-02-11,57.59,57.64,57.64,57.42,57.59,328200,yahoo
2013-02-12,57.78,57.65,57.85,57.6,57.78,287700,yahoo
2013-02-13,57.79,57.93,57.99,57.68,57.79,373300,yahoo
2013-02-14,57.93,57.71,57.97,57.59,57.93,341900,yahoo
2013-02-15,57.88,58.0,58.04,57.65,57.88,355000,yahoo
2013-02-19,58.28,58.02,58.28,57.94,58.28,1180900,yahoo
2013-02-20,57.35,58.25,58.28,57.31,57.35,689600,yahoo
2013-02-21,56.82,57.2,57.2,56.62,56.82,839000,yahoo
2013-02-22,57.38,57.11,57.41,57.05,57.38,536400,yahoo
2013-02-25,56.24,57.77,57.82,56.24,56.24,626300,yahoo
2013-02-26,56.62,56.59,56.67,56.07,56.62,839500,yahoo
2013-02-27,57.41,56.56,57.58,56.56,57.41,258000,yahoo
2013-02-28,57.34,57.36,57.82,57.34,57.34,780600,yahoo
2013-03-01,57.58,57.21,57.63,56.85,57.58,730600,yahoo
2013-03-04,57.8,57.59,57.82,57.28,57.8,578000,yahoo
2013-03-05,58.41,58.08,58.52,58.08,58.41,667500,yahoo
2013-03-06,58.47,58.62,58.7,58.39,58.47,458100,yahoo
2013-03-07,58.64,58.53,58.68,58.52,58.64,362500,yahoo
2013-03-08,59.02,58.94,59.06,58.63,59.02,671400,yahoo
2013-03-11,59.2,59.02,59.23,58.9,59.2,595600,yahoo
2013-03-12,59.19,59.17,59.28,58.97,59.19,400100,yahoo
2013-03-13,59.34,59.24,59.41,59.03,59.34,673800,yahoo
2013-03-14,59.68,59.44,59.73,59.44,59.68,274700,yahoo
2013-03-15,59.4,59.49,59.49,59.23,59.4,282000,yahoo
2013-03-18,59.01,58.75,59.27,58.74,59.01,624700,yahoo
2013-03-19,58.77,59.14,59.19,58.39,58.77,474400,yahoo
2013-03-20,59.27,59.12,59.39,59.04,59.27,447500,yahoo
2013-03-21,58.74,59.03,59.16,58.64,58.74,475100,yahoo
2013-03-22,59.04,58.95,59.08,58.85,59.04,248000,yahoo
2013-03-25,58.92,59.29,59.38,58.63,58.92,594600,yahoo
2013-03-26,59.35,59.07,59.35,59.03,59.35,297000,yahoo
2013-03-27,59.35,59.04,59.39,58.85,59.35,352200,yahoo
2013-03-28,59.64,59.36,59.75,59.29,59.64,516500,yahoo
2013-04-01,59.33,59.7,59.74,59.14,59.33,523100,yahoo
2013-04-02,59.33,59.48,59.64,59.2,59.33,1299500,yahoo
2013-04-03,58.66,59.42,59.44,58.49,58.66,665300,yahoo
2013-04-04,58.97,58.71,59.0,58.66,58.97,423900,yahoo
2013-04-05,58.76,58.25,58.81,58.08,58.76,478800,yahoo
2013-04-08,59.27,58.84,59.27,58.61,59.27,354700,yahoo
2013-04-09,59.49,59.4,59.67,59.14,59.49,341900,yahoo
2013-04-10,60.2,59.65,60.24,59.65,60.2,400400,yahoo
2013-04-11,60.5,60.26,60.7,60.25,60.5,461600,yahoo
2013-04-12,60.25,60.31,60.36,59.91,60.25,405800,yahoo
2013-04-15,58.65,60.03,60.04,58.62,58.65,439400,yahoo
2013-04-16,59.53,59.02,59.53,58.9,59.53,328100,yahoo
2013-04-17,58.55,59.05,59.08,58.23,58.55,12313000,yahoo
2013-04-18,58.27,58.65,58.76,58.03,58.27,935100,yahoo
2013-04-19,58.8,58.44,58.83,58.24,58.8,336500,yahoo
2013-04-22,59.06,58.87,59.18,58.42,59.06,363800,yahoo
2013-04-23,59.67,59.37,59.71,59.12,59.67,435300,yahoo
2013-04-24,59.95,59.74,60.02,59.71,59.95,375300,yahoo
2013-04-25,60.28,60.19,60.59,60.01,60.28,514400,yahoo
2013-04-26,60.08,60.22,60.27,59.87,60.08,515100,yahoo
2013-04-29,60.42,60.23,60.54,60.12,60.42,522000,yahoo
2013-04-30,60.65,60.46,60.65,60.14,60.65,380900,yahoo
2013-05-01,60.03,60.51,60.57,60.01,60.03,612400,yahoo
2013-05-02,60.65,60.22,60.71,60.22,60.65,524600,yahoo
2013-05-03,61.37,61.16,61.59,61.15,61.37,495800,yahoo
2013-05-06,61.58,61.43,61.65,61.37,61.58,625700,yahoo
2013-05-07,61.97,61.73,61.97,61.55,61.97,686900,yahoo
2013-05-08,62.27,61.91,62.27,61.87,62.27,877800,yahoo
2013-05-09,62.09,62.22,62.38,61.96,62.09,609100,yahoo
2013-05-10,62.48,62.14,62.49,62.05,62.48,363300,yahoo
2013-05-13,62.4,62.44,62.53,62.17,62.4,379200,yahoo
2013-05-14,63.13,62.41,63.19,62.41,63.13,794300,yahoo
2013-05-15,63.54,63.0,63.64,63.0,63.54,430000,yahoo
2013-05-16,63.14,63.45,63.58,63.03,63.14,408800,yahoo
2013-05-17,63.87,63.41,63.88,63.29,63.87,553800,yahoo
2013-05-20,63.9,63.82,64.14,63.79,63.9,889700,yahoo
2013-05-21,63.96,63.97,64.17,63.72,63.96,488300,yahoo
2013-05-22,63.17,64.07,64.55,62.9,63.17,950400,yahoo
2013-05-23,63.08,62.53,63.19,62.35,63.08,540800,yahoo
2013-05-24,62.87,62.76,62.91,62.39,62.87,439700,yahoo
2013-05-28,63.31,63.62,63.86,63.08,63.31,619800,yahoo
2013-05-29,62.86,63.03,63.08,62.52,62.86,538300,yahoo
2013-05-30,63.16,62.9,63.44,62.88,63.16,2567400,yahoo
2013-05-31,62.28,62.98,63.37,62.27,62.28,541600,yahoo
2013-06-03,62.43,62.41,62.51,61.74,62.43,780600,yahoo
2013-06-04,62.14,62.42,62.72,61.77,62.14,542400,yahoo
2013-06-05,61.23,62.0,62.01,61.13,61.23,3390600,yahoo
2013-06-06,61.8,61.22,61.8,60.88,61.8,668700,yahoo
2013-06-07,62.68,62.23,62.72,62.0,62.68,689600,yahoo
2013-06-10,62.65,62.84,62.92,62.44,62.65,672200,yahoo
2013-06-11,61.96,62.24,62.55,61.81,61.96,453100,yahoo
2013-06-12,61.35,62.38,62.45,61.31,61.35,471100,yahoo
2013-06-13,62.45,61.35,62.57,61.27,62.45,548600,yahoo
2013-06-14,62.12,62.42,62.7,61.96,62.12,460600,yahoo
2013-06-17,62.64,62.54,62.85,62.28,62.64,482400,yahoo
2013-06-18,63.13,62.6,63.21,62.6,63.13,504100,yahoo
2013-06-19,62.21,63.06,63.13,62.2,62.21,721800,yahoo
2013-06-20,60.63,61.5,61.61,60.43,60.63,1235200,yahoo
2013-06-21,60.5,60.77,60.92,59.83,60.5,1458100,yahoo
2013-06-24,59.75,59.93,60.25,59.18,59.75,1200200,yahoo
2013-06-25,60.44,60.4,60.62,59.93,60.44,658800,yahoo
2013-06-26,60.98,61.05,61.15,60.67,60.98,618600,yahoo
2013-06-27,61.56,61.38,61.73,61.37,61.56,1529800,yahoo
2013-06-28,61.27,61.45,61.7,61.07,61.27,676200,yahoo
2013-07-01,61.81,61.65,62.15,61.65,61.81,651900,yahoo
2013-07-02,61.65,61.73,62.04,61.36,61.65,470100,yahoo
2013-07-03,61.6,61.4,61.76,61.24,61.6,204100,yahoo
2013-07-05,62.3,62.06,62.3,61.57,62.3,574100,yahoo
2013-07-08,62.58,62.68,62.77,62.5,62.58,998500,yahoo
2013-07-09,63.11,63.05,63.18,62.78,63.11,1151900,yahoo
2013-07-10,63.2,63.07,63.32,62.91,63.2,1308500,yahoo
2013-07-11,64.12,64.03,64.15,63.77,64.12,1237600,yahoo
2013-07-12,64.28,64.13,64.31,64.0,64.28,579500,yahoo
2013-07-15,64.43,64.39,64.49,64.22,64.43,1150200,yahoo
2013-07-16,64.11,64.53,64.54,63.89,64.11,709700,yahoo
2013-07-17,64.26,64.28,64.45,64.16,64.26,566400,yahoo
2013-07-18,64.73,64.48,64.84,64.43,64.73,1350000,yahoo
2013-07-19,64.85,64.63,64.88,64.55,64.85,659600,yahoo
2013-07-22,64.99,65.0,65.1,64.82,64.99,674500,yahoo
2013-07-23,64.84,65.13,65.16,64.79,64.84,461700,yahoo
2013-07-24,64.38,65.05,65.07,64.25,64.38,653700,yahoo
2013-07-25,64.72,64.29,64.73,64.22,64.72,783900,yahoo
2013-07-26,64.7,64.44,64.71,64.13,64.7,352600,yahoo
2013-07-29,64.47,64.57,64.7,64.28,64.47,305900,yahoo
2013-07-30,64.6,64.66,64.75,64.42,64.6,360600,yahoo
2013-07-31,64.72,64.77,65.2,64.64,64.72,1309100,yahoo
2013-08-01,65.67,65.3,65.76,65.26,65.67,690100,yahoo
2013-08-02,65.77,65.61,65.81,65.44,65.77,909600,yahoo
2013-08-05,65.72,65.68,65.81,65.58,65.72,591300,yahoo
2013-08-06,65.31,65.57,65.64,65.13,65.31,675200,yahoo
2013-08-07,64.98,65.17,65.17,64.75,64.98,608800,yahoo
2013-08-08,65.36,65.28,65.5,64.97,65.36,545200,yahoo
2013-08-09,65.28,65.21,65.53,65.07,65.28,512700,yahoo
2013-08-12,65.23,65.02,65.32,65.0,65.23,531300,yahoo
2013-08-13,65.31,65.36,65.46,64.94,65.31,548400,yahoo
2013-08-14,64.97,65.27,65.34,64.96,64.97,475600,yahoo
2013-08-15,63.98,64.48,64.48,63.87,63.98,1486300,yahoo
2013-08-16,63.79,63.84,64.1,63.66,63.79,467400,yahoo
2013-08-19,63.27,63.7,63.84,63.26,63.27,722300,yahoo
2013-08-20,63.78,63.31,63.99,63.31,63.78,624600,yahoo
2013-08-21,63.34,63.61,63.86,63.16,63.34,893300,yahoo
2013-08-22,64.0,63.41,64.13,63.41,64.0,548500,yahoo
2013-08-23,64.22,64.1,64.28,63.86,64.22,360500,yahoo
2013-08-26,64.01,64.32,64.48,63.94,64.01,644900,yahoo
2013-08-27,62.81,63.34,63.45,62.77,62.81,1032400,yahoo
2013-08-28,62.98,62.84,63.2,62.65,62.98,571000,yahoo
2013-08-29,63.16,62.73,63.42,62.73,63.16,580900,yahoo
2013-08-30,62.83,63.27,63.27,62.7,62.83,305600,yahoo
2013-09-03,63.2,63.53,63.77,62.89,63.2,623100,yahoo
2013-09-04,63.79,63.23,63.89,63.1,63.79,863400,yahoo
2013-09-05,63.96,63.82,64.1,63.8,63.96,569500,yahoo
2013-09-06,64.02,64.21,64.39,63.44,64.02,970200,yahoo
2013-09-09,64.77,64.22,64.8,64.2,64.77,804500,yahoo
2013-09-10,65.33,65.19,65.33,65.04,65.33,1507800,yahoo
2013-09-11,65.52,65.28,65.53,65.11,65.52,1047700,yahoo
2013-09-12,65.24,65.57,65.6,65.2,65.24,597500,yahoo
2013-09-13,65.45,65.32,65.45,65.14,65.45,393300,yahoo
2013-09-16,65.91,66.27,66.33,65.81,65.91,3880500,yahoo
2013-09-17,66.22,66.05,66.23,66.02,66.22,611600,yahoo
2013-09-18,67.03,66.24,67.14,65.97,67.03,1502400,yahoo
2013-09-19,66.87,67.23,67.27,66.78,66.87,1077900,yahoo
2013-09-20,66.09,66.79,66.8,66.03,66.09,492900,yahoo
2013-09-23,65.75,65.98,65.99,65.5,65.75,519900,yahoo
2013-09-24,65.75,65.75,66.1,65.5,65.75,693000,yahoo
2013-09-25,65.58,65.82,65.92,65.53,65.58,611800,yahoo
2013-09-26,65.8,65.69,65.99,65.55,65.8,471600,yahoo
2013-09-27,65.4,65.52,65.56,65.31,65.4,483800,yahoo
2013-09-30,65.2,64.91,65.34,64.68,65.2,1101600,yahoo
2013-10-01,65.73,65.31,65.78,65.24,65.73,1044800,yahoo
2013-10-02,65.71,65.39,65.71,65.14,65.71,551200,yahoo
2013-10-03,65.12,65.56,65.61,64.73,65.12,1106100,yahoo
2013-10-04,65.63,65.18,65.74,65.04,65.63,1055600,yahoo
2013-10-07,65.05,65.05,65.44,64.97,65.05,482700,yahoo
2013-10-08,64.19,65.04,65.15,64.17,64.19,3717700,yahoo
2013-10-09,64.2,64.38,64.47,63.79,64.2,939300,yahoo
2013-10-10,65.65,64.94,65.68,64.77,65.65,900700,yahoo
2013-10-11,66.08,65.54,66.11,65.46,66.08,1015100,yahoo
2013-10-14,66.29,65.7,66.33,65.57,66.29,697100,yahoo
2013-10-15,65.7,66.11,66.27,65.58,65.7,1024600,yahoo
2013-10-16,66.63,66.18,66.63,66.0,66.63,1105600,yahoo
2013-10-17,67.2,66.44,67.24,66.36,67.2,1514400,yahoo
2013-10-18,67.51,67.52,67.62,67.21,67.51,1525600,yahoo
2013-10-21,67.54,67.64,67.65,67.34,67.54,986400,yahoo
2013-10-22,68.01,67.78,68.18,67.67,68.01,1695400,yahoo
2013-10-23,67.63,67.76,67.81,67.36,67.63,1254500,yahoo
2013-10-24,67.82,67.73,67.85,67.5,67.82,562000,yahoo
2013-10-25,68.16,67.9,68.16,67.76,68.16,482900,yahoo
2013-10-28,68.17,68.22,68.26,67.98,68.17,724700,yahoo
2013-10-29,68.62,68.35,68.62,68.27,68.62,515400,yahoo
2013-10-30,68.12,68.69,68.72,67.88,68.12,668200,yahoo
2013-10-31,67.99,67.98,68.39,67.81,67.99,541600,yahoo
2013-11-01,68.2,68.21,68.35,67.77,68.2,476400,yahoo
2013-11-04,68.56,68.29,68.58,68.27,68.56,499600,yahoo
2013-11-05,68.3,68.36,68.45,67.97,68.3,575300,yahoo
2013-11-06,68.43,68.61,68.68,68.22,68.43,1053100,yahoo
2013-11-07,67.46,68.5,68.65,67.37,67.46,664100,yahoo
2013-11-08,68.33,67.46,68.33,67.39,68.33,645600,yahoo
2013-11-11,68.44,68.32,68.49,68.23,68.44,383500,yahoo
2013-11-12,68.24,68.33,68.39,68.02,68.24,602200,yahoo
2013-11-13,68.9,67.99,68.9,67.88,68.9,899900,yahoo
2013-11-14,69.26,68.98,69.3,68.82,69.26,859900,yahoo
2013-11-15,69.55,69.43,69.55,69.24,69.55,696200,yahoo
2013-11-18,69.17,69.73,69.73,69.0,69.17,745000,yahoo
2013-11-19,68.86,69.16,69.26,68.73,68.86,483700,yahoo
2013-11-20,68.67,69.05,69.23,68.46,68.67,447100,yahoo
2013-11-21,69.27,68.88,69.32,68.8,69.27,636500,yahoo
2013-11-22,69.55,69.33,69.56,69.15,69.55,960400,yahoo
2013-11-25,69.4,69.74,69.74,69.3,69.4,521200,yahoo
2013-11-26,69.46,69.47,69.64,69.35,69.46,421300,yahoo
2013-11-27,69.61,69.57,69.66,69.44,69.61,439200,yahoo
2013-11-29,69.5,69.77,69.79,69.44,69.5,288100,yahoo
2013-12-02,69.35,69.53,69.75,69.26,69.35,527700,yahoo
2013-12-03,69.11,69.18,69.31,68.83,69.11,518800,yahoo
2013-12-04,69.0,68.81,69.34,68.43,69.0,388700,yahoo
2013-12-05,68.76,68.87,69.02,68.68,68.76,427600,yahoo
2013-12-06,69.54,69.49,69.58,69.24,69.54,326800,yahoo
2013-12-09,69.61,69.81,69.83,69.53,69.61,439700,yahoo
2013-12-10,69.45,69.47,69.77,69.41,69.45,407000,yahoo
2013-12-11,68.55,69.5,69.5,68.46,68.55,734900,yahoo
2013-12-12,68.41,68.51,68.66,68.23,68.41,600700,yahoo
2013-12-13,68.48,68.54,68.73,68.35,68.48,563200,yahoo
2013-12-16,68.98,68.83,69.14,68.83,68.98,359600,yahoo
2013-12-17,68.9,69.0,69.05,68.63,68.9,518000,yahoo
2013-12-18,69.92,69.0,69.93,68.35,69.92,832500,yahoo
2013-12-19,69.81,69.74,69.92,69.53,69.81,659400,yahoo
2013-12-20,70.12,69.71,70.23,69.62,70.12,1123300,yahoo
2013-12-23,70.46,70.41,70.5,70.28,70.46,666600,yahoo
2013-12-24,70.68,70.52,70.72,70.47,70.68,283800,yahoo
2013-12-26,70.92,70.9,70.97,70.79,70.92,3008100,yahoo
2013-12-27,70.94,71.07,71.07,70.87,70.94,469500,yahoo
2013-12-30,71.07,71.0,71.08,70.92,71.07,562400,yahoo
2013-12-31,71.25,71.23,71.35,71.06,71.25,608100,yahoo
2014-01-02,70.6,71.04,71.08,70.38,70.6,1288800,yahoo
2014-01-03,70.54,70.74,70.85,70.48,70.54,538200,yahoo
2014-01-06,70.32,70.68,70.89,70.26,70.32,593200,yahoo
2014-01-07,70.74,70.56,70.87,70.49,70.74,662800,yahoo
2014-01-08,70.85,70.8,70.93,70.54,70.85,747700,yahoo
2014-01-09,70.93,71.08,71.12,70.58,70.93,739000,yahoo
2014-01-10,71.24,71.0,71.26,70.87,71.24,520300,yahoo
2014-01-13,70.22,71.14,71.25,70.11,70.22,916400,yahoo
2014-01-14,71.03,70.48,71.06,70.34,71.03,579100,yahoo
2014-01-15,71.29,71.19,71.39,71.09,71.29,828900,yahoo
2014-01-16,71.22,71.2,71.22,70.94,71.22,856400,yahoo
2014-01-17,70.98,71.18,71.26,70.86,70.98,1078800,yahoo
2014-01-21,71.2,71.4,71.44,70.81,71.2,1065000,yahoo
2014-01-22,71.37,71.3,71.45,71.15,71.37,988400,yahoo
2014-01-23,70.67,71.13,71.13,70.34,70.67,992200,yahoo
2014-01-24,69.04,70.2,70.2,69.02,69.04,1371400,yahoo
2014-01-27,68.71,69.02,69.33,68.32,68.71,5040000,yahoo
2014-01-28,69.33,68.96,69.42,68.95,69.33,962200,yahoo
2014-01-29,68.7,68.85,69.2,68.56,68.7,1038000,yahoo
2014-01-30,69.47,69.27,69.66,69.1,69.47,721900,yahoo
2014-01-31,69.14,68.71,69.56,68.61,69.14,1048500,yahoo
2014-02-03,67.44,68.99,69.14,67.35,67.44,2004800,yahoo
2014-02-04,68.0,67.8,68.16,67.46,68.0,1671200,yahoo
2014-02-05,67.88,67.82,68.02,67.23,67.88,1172300,yahoo
2014-02-06,68.86,68.1,68.87,67.97,68.86,674000,yahoo
2014-02-07,69.71,69.2,69.76,68.96,69.71,873100,yahoo
2014-02-10,69.83,69.72,69.86,69.48,69.83,676900,yahoo
2014-02-11,70.54,69.9,70.68,69.85,70.54,945100,yahoo
2014-02-12,70.63,70.73,70.93,70.51,70.63,1573100,yahoo
2014-02-13,71.07,70.2,71.12,70.08,71.07,837300,yahoo
2014-02-14,71.43,71.03,71.5,70.89,71.43,696300,yahoo
2014-02-18,71.69,71.59,71.75,71.34,71.69,944500,yahoo
2014-02-19,71.37,71.56,72.03,71.28,71.37,680600,yahoo
2014-02-20,71.88,71.42,71.99,71.21,71.88,468400,yahoo
2014-02-21,71.92,72.03,72.19,71.85,71.92,635700,yahoo
2014-02-24,72.3,72.06,72.82,72.06,72.3,1212700,yahoo
2014-02-25,72.24,72.36,72.53,71.99,72.24,757800,yahoo
2014-02-26,72.33,72.22,72.65,72.17,72.33,995300,yahoo
2014-02-27,72.63,72.26,72.66,72.18,72.63,550000,yahoo
2014-02-28,72.83,72.66,73.14,72.38,72.83,848300,yahoo
2014-03-03,72.32,72.26,72.51,71.87,72.32,1003300,yahoo
2014-03-04,73.4,73.14,73.51,73.06,73.4,852400,yahoo
2014-03-05,73.36,73.45,73.51,73.28,73.36,1105600,yahoo
2014-03-06,73.55,73.6,73.72,73.47,73.55,699500,yahoo
2014-03-07,73.55,73.84,73.87,73.26,73.55,757400,yahoo
2014-03-10,73.38,73.46,73.53,73.02,73.38,506100,yahoo
2014-03-11,73.0,73.52,73.64,72.83,73.0,717400,yahoo
2014-03-12,73.03,72.64,73.04,72.44,73.03,508900,yahoo
2014-03-13,72.2,73.28,73.28,71.99,72.2,890300,yahoo
2014-03-14,72.16,72.07,72.54,72.0,72.16,613600,yahoo
2014-03-17,72.76,72.58,72.92,72.42,72.76,703000,yahoo
2014-03-18,73.32,72.92,73.38,72.86,73.32,804200,yahoo
2014-03-19,72.92,73.49,73.49,72.48,72.92,667000,yahoo
2014-03-20,73.23,72.74,73.31,72.61,73.23,1068400,yahoo
2014-03-21,72.84,73.33,73.54,72.78,72.84,699800,yahoo
2014-03-24,72.32,73.03,73.19,72.06,72.32,704700,yahoo
2014-03-25,72.56,72.68,72.87,72.22,72.56,415000,yahoo
2014-03-26,72.0,72.86,72.99,71.99,72.0,565500,yahoo
2014-03-27,71.86,71.9,72.14,71.59,71.86,894300,yahoo
2014-03-28,72.33,72.08,72.65,72.02,72.33,361200,yahoo
2014-03-31,72.99,72.8,73.09,72.71,72.99,662200,yahoo
2014-04-01,73.6,73.29,73.61,73.18,73.6,1161500,yahoo
2014-04-02,73.89,73.73,73.99,73.51,73.89,2711600,yahoo
2014-04-03,73.8,74.03,74.05,73.55,73.8,528300,yahoo
2014-04-04,72.96,74.19,74.3,72.82,72.96,794200,yahoo
2014-04-07,71.99,72.81,72.89,71.8,71.99,699500,yahoo
2014-04-08,72.38,71.99,72.5,71.72,72.38,607600,yahoo
2014-04-09,73.08,72.58,73.08,72.35,73.08,727000,yahoo
2014-04-10,71.55,73.08,73.13,71.45,71.55,881200,yahoo
2014-04-11,70.74,71.15,71.55,70.63,70.74,1317500,yahoo
2014-04-14,71.37,71.17,71.52,70.79,71.37,682100,yahoo
2014-04-15,71.82,71.51,71.86,70.75,71.82,1692800,yahoo
2014-04-16,72.56,72.34,72.56,72.0,72.56,805300,yahoo
2014-04-17,72.69,72.56,72.85,72.37,72.69,637400,yahoo
2014-04-21,72.88,72.72,72.89,72.54,72.88,1466900,yahoo
2014-04-22,73.21,72.96,73.41,72.91,73.21,868600,yahoo
2014-04-23,73.15,73.2,73.35,73.06,73.15,585400,yahoo
2014-04-24,73.25,73.48,73.5,72.92,73.25,703200,yahoo
2014-04-25,72.58,73.01,73.02,72.42,72.58,709800,yahoo
2014-04-28,72.56,72.82,72.99,71.85,72.56,639800,yahoo
2014-04-29,72.88,72.84,72.96,72.6,72.88,435200,yahoo
2014-04-30,73.27,72.74,73.27,72.69,73.27,575800,yahoo
2014-05-01,73.3,73.27,73.5,72.97,73.3,1007800,yahoo
2014-05-02,73.25,73.3,73.71,73.18,73.25,822800,yahoo
2014-05-05,73.35,72.95,73.39,72.66,73.35,686000,yahoo
2014-05-06,72.73,73.23,73.28,72.73,72.73,359200,yahoo
2014-05-07,73.17,72.97,73.2,72.42,73.17,475100,yahoo
2014-05-08,73.07,73.04,73.72,72.82,73.07,958400,yahoo
2014-05-09,73.18,73.1,73.18,72.71,73.18,375800,yahoo
2014-05-12,73.99,73.49,74.02,73.45,73.99,2469700,yahoo
2014-05-13,73.96,74.08,74.24,73.91,73.96,1860400,yahoo
2014-05-14,73.53,73.93,73.95,73.45,73.53,850800,yahoo
2014-05-15,72.9,73.44,73.44,72.4,72.9,861000,yahoo
2014-05-16,73.2,72.91,73.2,72.63,73.2,641300,yahoo
2014-05-19,73.47,73.1,73.51,72.96,73.47,791900,yahoo
2014-05-20,72.83,73.38,73.38,72.66,72.83,613500,yahoo
2014-05-21,73.36,73.09,73.38,72.99,73.36,562900,yahoo
2014-05-22,73.58,73.42,73.77,73.28,73.58,438300,yahoo
2014-05-23,73.96,73.67,73.97,73.59,73.96,608200,yahoo
2014-05-27,74.39,74.27,74.43,74.2,74.39,822200,yahoo
2014-05-28,74.31,74.51,74.53,74.18,74.31,1270700,yahoo
2014-05-29,74.75,74.53,74.75,74.29,74.75,608100,yahoo
2014-05-30,74.85,74.7,74.87,74.59,74.85,1143200,yahoo
2014-06-02,74.98,74.96,75.02,74.58,74.98,392500,yahoo
2014-06-03,74.96,74.82,75.0,74.72,74.96,411700,yahoo
2014-06-04,75.19,74.8,75.23,74.76,75.19,469500,yahoo
2014-06-05,75.7,75.36,75.76,74.95,75.7,468700,yahoo
2014-06-06,76.1,75.89,76.16,75.82,76.1,598200,yahoo
2014-06-09,76.21,76.12,76.44,76.03,76.21,434800,yahoo
2014-06-10,76.07,76.11,76.11,75.87,76.07,772700,yahoo
2014-06-11,75.8,75.8,75.87,75.62,75.8,675500,yahoo
2014-06-12,75.36,75.71,75.79,75.15,75.36,619900,yahoo
2014-06-13,75.62,75.42,75.67,75.2,75.62,480400,yahoo
2014-06-16,75.75,75.56,75.86,75.48,75.75,399700,yahoo
2014-06-17,76.1,75.67,76.15,75.59,76.1,389900,yahoo
2014-06-18,76.67,76.13,76.69,75.95,76.67,486200,yahoo
2014-06-19,76.78,76.77,76.81,76.48,76.78,420100,yahoo
2014-06-20,76.73,76.73,76.73,76.55,76.73,388800,yahoo
2014-06-23,76.66,76.75,76.81,76.56,76.66,600600,yahoo
2014-06-24,76.11,76.56,76.9,76.11,76.11,700100,yahoo
2014-06-25,76.47,76.0,76.53,75.95,76.47,476400,yahoo
2014-06-26,76.48,76.55,76.55,75.95,76.48,1057100,yahoo
2014-06-27,76.68,76.3,76.68,76.3,76.68,314700,yahoo
2014-06-30,76.71,76.63,76.78,76.55,76.71,770800,yahoo
2014-07-01,77.11,76.87,77.36,76.87,77.11,623100,yahoo
2014-07-02,77.06,77.18,77.2,76.97,77.06,452200,yahoo
2014-07-03,77.5,77.33,77.5,77.22,77.5,482400,yahoo
2014-07-07,77.0,77.38,77.38,76.95,77.0,505600,yahoo
2014-07-08,76.6,76.9,76.97,76.37,76.6,670800,yahoo
2014-07-09,76.91,76.77,76.95,76.63,76.91,417000,yahoo
2014-07-10,76.55,76.1,76.74,76.04,76.55,1011200,yahoo
2014-07-11,76.57,76.46,76.63,76.28,76.57,358500,yahoo
2014-07-14,76.84,76.96,77.0,76.79,76.84,561600,yahoo
2014-07-15,76.65,76.88,77.05,76.34,76.65,436000,yahoo
2014-07-16,76.91,76.97,77.02,76.63,76.91,574600,yahoo
2014-07-17,75.98,76.64,76.88,75.88,75.98,938000,yahoo
2014-07-18,76.72,76.21,76.78,76.16,76.72,768200,yahoo
2014-07-21,76.56,76.49,76.63,76.22,76.56,449500,yahoo
2014-07-22,76.9,76.86,77.05,76.81,76.9,1181600,yahoo
2014-07-23,76.93,76.96,77.0,76.72,76.93,299700,yahoo
2014-07-24,77.09,77.03,77.17,76.91,77.09,438600,yahoo
2014-07-25,76.74,76.89,76.97,76.63,76.74,385000,yahoo
2014-07-28,76.75,76.81,76.86,76.35,76.75,391100,yahoo
2014-07-29,76.39,76.92,77.03,76.39,76.39,633600,yahoo
2014-07-30,76.38,76.66,76.81,76.09,76.38,366500,yahoo
2014-07-31,74.92,75.88,75.96,74.91,74.92,963100,yahoo
2014-08-01,74.76,74.8,75.21,74.33,74.76,1060200,yahoo
2014-08-04,75.28,74.8,75.38,74.52,75.28,614600,yahoo
2014-08-05,74.59,74.96,75.28,74.39,74.59,638000,yahoo
2014-08-06,74.6,74.29,74.92,74.22,74.6,519200,yahoo
2014-08-07,74.18,74.96,74.99,74.02,74.18,701300,yahoo
2014-08-08,75.17,74.29,75.2,74.19,75.17,790700,yahoo
2014-08-11,75.39,75.47,75.74,75.37,75.39,761300,yahoo
2014-08-12,75.23,75.34,75.53,75.03,75.23,475500,yahoo
2014-08-13,75.73,75.45,75.76,75.33,75.73,429100,yahoo
2014-08-14,76.09,75.81,76.09,75.72,76.09,655600,yahoo
2014-08-15,76.06,76.38,76.44,75.55,76.06,878800,yahoo
2014-08-18,76.73,76.5,76.74,76.44,76.73,802900,yahoo
2014-08-19,77.14,76.89,77.16,76.87,77.14,2802800,yahoo
2014-08-20,77.41,77.03,77.47,77.0,77.41,597100,yahoo
2014-08-21,77.54,77.47,77.63,77.33,77.54,947800,yahoo
2014-08-22,77.41,77.5,77.58,77.22,77.41,380000,yahoo
2014-08-25,77.79,77.86,77.9,77.64,77.79,595600,yahoo
2014-08-26,77.86,77.87,78.05,77.81,77.86,742900,yahoo
2014-08-27,77.82,77.92,77.96,77.68,77.82,389100,yahoo
2014-08-28,77.79,77.52,77.84,77.41,77.79,330200,yahoo
2014-08-29,78.07,77.96,78.09,77.71,78.07,312800,yahoo
2014-09-02,78.01,78.21,78.23,77.77,78.01,749900,yahoo
2014-09-03,78.07,78.31,78.37,77.99,78.07,563100,yahoo
2014-09-04,77.97,78.19,78.48,77.77,77.97,537100,yahoo
2014-09-05,78.32,77.9,78.33,77.67,78.32,650600,yahoo
2014-09-08,78.09,78.21,78.35,77.83,78.09,2283100,yahoo
2014-09-09,77.53,78.05,78.13,77.38,77.53,909200,yahoo
2014-09-10,77.69,77.61,77.72,77.22,77.69,472500,yahoo
2014-09-11,77.83,77.4,77.84,77.36,77.83,461600,yahoo
2014-09-12,77.27,77.75,77.75,77.03,77.27,455800,yahoo
2014-09-15,77.1,77.27,77.27,76.92,77.1,421000,yahoo
2014-09-16,77.63,77.03,77.79,76.95,77.63,665100,yahoo
2014-09-17,77.7,77.79,78.07,77.34,77.7,813500,yahoo
2014-09-18,77.99,77.96,78.02,77.8,77.99,673700,yahoo
2014-09-19,77.55,77.96,78.06,77.37,77.55,648600,yahoo
2014-09-22,76.83,77.41,77.53,76.71,76.83,696800,yahoo
2014-09-23,76.29,76.59,76.86,76.27,76.29,3144900,yahoo
2014-09-24,76.89,76.34,76.92,76.09,76.89,507300,yahoo
2014-09-25,75.75,76.7,76.7,75.7,75.75,1218500,yahoo
2014-09-26,76.28,75.85,76.43,75.77,76.28,1244800,yahoo
2014-09-29,76.14,75.7,76.28,75.54,76.14,730300,yahoo
2014-09-30,75.79,76.28,76.36,75.68,75.79,856400,yahoo
2014-10-01,74.78,75.73,75.8,74.62,74.78,1395700,yahoo
2014-10-02,74.86,74.72,75.11,73.97,74.86,1386900,yahoo
2014-10-03,75.6,75.39,75.77,75.12,75.6,2087100,yahoo
2014-10-06,75.48,75.93,76.06,75.23,75.48,752800,yahoo
2014-10-07,74.26,75.14,75.25,74.25,74.26,929900,yahoo
2014-10-08,75.5,74.36,75.58,73.86,75.5,1814200,yahoo
2014-10-09,73.82,75.31,75.42,73.8,73.82,1127100,yahoo
2014-10-10,72.92,73.84,74.16,72.92,72.92,1737700,yahoo
2014-10-13,71.68,72.92,73.21,71.63,71.68,2663300,yahoo
2014-10-14,72.07,72.01,72.87,71.82,72.07,1894200,yahoo
2014-10-15,71.79,71.25,72.02,70.01,71.79,3965000,yahoo
2014-10-16,72.02,70.53,72.48,70.26,72.02,1943400,yahoo
2014-10-17,72.82,72.95,73.26,72.41,72.82,1400200,yahoo
2014-10-20,73.59,72.78,73.61,72.71,73.59,1203700,yahoo
2014-10-21,75.12,74.04,75.2,73.96,75.12,2040600,yahoo
2014-10-22,74.49,75.3,75.49,74.46,74.49,2232800,yahoo
2014-10-23,75.38,75.21,75.88,75.11,75.38,1120200,yahoo
2014-10-24,75.92,75.42,75.98,75.16,75.92,1127000,yahoo
2014-10-27,75.79,75.73,75.9,75.3,75.79,1009200,yahoo
2014-10-28,76.75,76.11,76.75,75.92,76.75,883600,yahoo
2014-10-29,76.59,76.86,77.05,76.04,76.59,827000,yahoo
2014-10-30,77.14,76.4,77.36,76.34,77.14,1260500,yahoo
2014-10-31,78.08,78.14,78.19,77.65,78.08,1369200,yahoo
2014-11-03,78.1,78.26,78.45,77.94,78.1,1193000,yahoo
2014-11-04,77.71,77.93,77.98,77.37,77.71,998200,yahoo
2014-11-05,78.31,78.27,78.35,77.96,78.31,1153900,yahoo
2014-11-06,78.66,78.37,78.69,78.03,78.66,1113700,yahoo
2014-11-07,78.76,78.67,78.86,78.44,78.76,826700,yahoo
2014-11-10,78.96,78.81,79.02,78.72,78.96,797900,yahoo
2014-11-11,78.98,79.03,79.09,78.82,78.98,835600,yahoo
2014-11-12,78.99,78.73,79.07,78.69,78.99,594700,yahoo
2014-11-13,78.84,79.08,79.17,78.52,78.84,666000,yahoo
2014-11-14,78.88,78.87,78.99,78.66,78.88,987900,yahoo
2014-11-17,78.99,78.69,79.05,78.67,78.99,1217700,yahoo
2014-11-18,79.49,79.06,79.61,79.02,79.49,1043500,yahoo
2014-11-19,79.32,79.4,79.49,79.0,79.32,1293100,yahoo
2014-11-20,79.6,78.99,79.67,78.95,79.6,849900,yahoo
2014-11-21,80.08,80.41,80.47,79.83,80.08,1177300,yahoo
2014-11-24,80.36,80.32,80.39,80.18,80.36,754700,yahoo
2014-11-25,80.3,80.47,80.58,80.1,80.3,1117600,yahoo
2014-11-26,80.35,80.36,80.44,80.17,80.35,568100,yahoo
2014-11-28,80.16,80.32,80.4,80.04,80.16,300200,yahoo
2014-12-01,79.53,79.82,79.91,79.34,79.53,1250900,yahoo
2014-12-02,79.96,79.51,80.02,79.45,79.96,1224900,yahoo
2014-12-03,80.44,80.04,80.52,79.92,80.44,726700,yahoo
2014-12-04,80.27,80.34,80.52,79.96,80.27,1254500,yahoo
2014-12-05,80.42,80.39,80.55,80.21,80.42,850600,yahoo
2014-12-08,79.82,80.28,80.48,79.57,79.82,1190600,yahoo
2014-12-09,79.9,79.06,79.95,78.97,79.9,1508000,yahoo
2014-12-10,78.59,79.71,79.72,78.48,78.59,1757700,yahoo
2014-12-11,78.99,78.79,79.68,78.79,78.99,1587400,yahoo
2014-12-12,77.76,78.47,78.8,77.71,77.76,1211900,yahoo
2014-12-15,77.37,78.17,78.36,76.98,77.37,1518900,yahoo
2014-12-16,76.89,76.94,78.43,76.83,76.89,1379000,yahoo
2014-12-17,78.47,77.15,78.62,77.04,78.47,1772300,yahoo
2014-12-18,80.2,79.57,80.2,79.15,80.2,1909600,yahoo
2014-12-19,80.24,80.22,80.57,79.93,80.24,2656100,yahoo
2014-12-22,80.57,80.42,80.57,80.13,80.57,1052300,yahoo
2014-12-23,80.84,80.88,81.02,80.78,80.84,1439800,yahoo
2014-12-24,80.85,80.9,81.03,80.8,80.85,491500,yahoo
2014-12-26,81.05,81.07,81.23,81.02,81.05,1068300,yahoo
2014-12-29,81.27,80.97,81.38,80.96,81.27,825500,yahoo
2014-12-30,80.79,81.09,81.16,80.79,80.79,1109600,yahoo
2014-12-31,80.05,81.03,81.03,80.0,80.05,1279600,yahoo
2015-01-02,80.03,80.38,80.55,79.46,80.03,2049100,yahoo
2015-01-05,78.44,79.57,79.6,78.23,78.44,3922400,yahoo
2015-01-06,77.59,78.51,78.73,77.18,77.59,2766800,yahoo
2015-01-07,78.52,78.27,78.64,77.95,78.52,1216800,yahoo
2015-01-08,79.9,79.19,79.97,79.15,79.9,1951500,yahoo
2015-01-09,79.25,80.07,80.08,78.95,79.25,1569300,yahoo
2015-01-12,78.46,79.26,79.26,78.2,78.46,1517300,yahoo
2015-01-13,78.26,79.03,79.56,77.63,78.26,1828000,yahoo
2015-01-14,77.85,77.34,77.89,76.85,77.85,2031000,yahoo
2015-01-15,77.13,78.15,78.36,77.07,77.13,1685600,yahoo
2015-01-16,78.19,77.09,78.28,76.94,78.19,994700,yahoo
2015-01-20,78.23,78.43,78.55,77.51,78.23,1499800,yahoo
2015-01-21,78.77,78.03,78.93,77.86,78.77,1388000,yahoo
2015-01-22,79.87,79.13,79.94,78.5,79.87,1203000,yahoo
2015-01-23,79.44,79.79,79.86,79.39,79.44,1144600,yahoo
2015-01-26,79.83,79.41,79.84,79.0,79.83,711200,yahoo
2015-01-27,79.19,79.02,79.62,78.66,79.19,1114700,yahoo
2015-01-28,77.98,79.56,79.56,77.92,77.98,1307500,yahoo
2015-01-29,78.7,78.1,78.84,77.44,78.7,862300,yahoo
2015-01-30,77.71,78.2,78.78,77.66,77.71,910900,yahoo
2015-02-02,78.55,78.04,78.81,77.16,78.55,4156900,yahoo
2015-02-03,80.16,79.12,80.16,79.04,80.16,1386700,yahoo
2015-02-04,79.71,79.75,80.21,79.51,79.71,1110900,yahoo
2015-02-05,80.65,80.07,80.66,80.0,80.65,1080700,yahoo
2015-02-06,80.31,80.77,80.92,80.09,80.31,935300,yahoo
2015-02-09,80.03,80.08,80.38,79.84,80.03,972300,yahoo
2015-02-10,80.81,80.4,80.9,79.94,80.81,1217800,yahoo
2015-02-11,80.73,80.66,80.93,80.34,80.73,936700,yahoo
2015-02-12,81.59,81.14,81.6,81.03,81.59,1408400,yahoo
2015-02-13,81.91,81.62,81.95,81.53,81.91,1482300,yahoo
2015-02-17,82.12,81.84,82.18,81.63,82.12,891200,yahoo
2015-02-18,82.2,81.95,82.22,81.82,82.2,939900,yahoo
2015-02-19,82.16,81.92,82.34,81.79,82.16,861300,yahoo
2015-02-20,82.61,82.02,82.62,81.61,82.61,1126900,yahoo
2015-02-23,82.51,82.54,82.55,82.24,82.51,1098100,yahoo
2015-02-24,82.66,82.53,82.74,82.33,82.66,817300,yahoo
2015-02-25,82.65,82.65,82.86,82.48,82.65,866200,yahoo
2015-02-26,82.31,82.61,82.67,82.08,82.31,901700,yahoo
2015-02-27,82.16,82.31,82.45,82.12,82.16,960000,yahoo
2015-03-02,82.56,82.27,82.62,82.11,82.56,1068200,yahoo
2015-03-03,82.25,82.4,82.43,81.9,82.25,1283200,yahoo
2015-03-04,81.86,81.99,81.99,81.4,81.86,641700,yahoo
2015-03-05,82.01,82.03,82.07,81.76,82.01,1991100,yahoo
2015-03-06,80.78,81.58,81.71,80.61,80.78,974600,yahoo
2015-03-09,80.98,80.75,81.11,80.75,80.98,915900,yahoo
2015-03-10,79.75,80.3,80.38,79.75,79.75,1138800,yahoo
2015-03-11,79.75,79.84,79.97,79.59,79.75,872300,yahoo
2015-03-12,80.77,79.96,80.8,79.92,80.77,686800,yahoo
2015-03-13,80.21,80.53,80.6,79.69,80.21,1013200,yahoo
2015-03-16,81.31,80.52,81.33,80.52,81.31,971300,yahoo
2015-03-17,81.01,80.98,81.2,80.65,81.01,943300,yahoo
2015-03-18,82.16,80.83,82.48,80.64,82.16,1358000,yahoo
2015-03-19,81.68,82.01,82.01,81.47,81.68,1179400,yahoo
2015-03-20,82.15,81.87,82.37,81.74,82.15,1439600,yahoo
2015-03-23,82.1,82.15,82.52,82.1,82.1,772900,yahoo
2015-03-24,81.61,82.01,82.14,81.59,81.61,865500,yahoo
2015-03-25,80.52,81.76,81.86,80.52,80.52,1101600,yahoo
2015-03-26,80.31,80.23,80.71,79.93,80.31,902200,yahoo
2015-03-27,80.66,80.24,80.69,80.23,80.66,717200,yahoo
2015-03-30,81.61,81.08,81.74,81.02,81.61,697700,yahoo
2015-03-31,81.05,81.21,81.63,80.98,81.05,1010200,yahoo
2015-04-01,80.84,80.99,80.99,80.33,80.84,1286800,yahoo
2015-04-02,81.2,80.78,81.43,80.69,81.2,952400,yahoo
2015-04-06,81.83,80.8,82.03,80.78,81.83,826900,yahoo
2015-04-07,81.53,81.84,82.07,81.52,81.53,745900,yahoo
2015-04-08,81.8,81.58,81.96,81.37,81.8,825500,yahoo
2015-04-09,82.12,81.72,82.2,81.48,82.12,899600,yahoo
2015-04-10,82.34,82.2,82.36,82.08,82.34,4363000,yahoo
2015-04-13,81.93,82.29,82.47,81.92,81.93,791900,yahoo
2015-04-14,82.15,81.89,82.18,81.6,82.15,809300,yahoo
2015-04-15,82.66,82.43,82.88,82.36,82.66,994300,yahoo
2015-04-16,82.5,82.5,82.77,82.25,82.5,984300,yahoo
2015-04-17,81.57,82.09,82.09,81.26,81.57,1636000,yahoo
2015-04-20,82.21,82.01,82.39,81.99,82.21,768300,yahoo
2015-04-21,82.11,82.48,82.58,81.95,82.11,1272200,yahoo
2015-04-22,82.39,82.26,82.45,81.76,82.39,1023200,yahoo
2015-04-23,82.65,82.16,82.91,82.16,82.65,965500,yahoo
2015-04-24,82.55,82.71,82.71,82.38,82.55,833600,yahoo
2015-04-27,82.1,82.77,82.85,82.02,82.1,1128300,yahoo
2015-04-28,82.33,82.04,82.33,81.53,82.33,929900,yahoo
2015-04-29,81.99,81.99,82.29,81.7,81.99,1103800,yahoo
2015-04-30,81.38,81.83,81.96,81.04,81.38,1257800,yahoo
2015-05-01,82.21,81.57,82.3,81.57,82.21,3225000,yahoo
2015-05-04,82.5,82.45,82.66,82.29,82.5,734500,yahoo
2015-05-05,81.49,82.4,82.63,81.44,81.49,2376800,yahoo
2015-05-06,81.21,81.78,81.89,80.76,81.21,860500,yahoo
2015-05-07,81.4,81.03,81.59,80.92,81.4,990400,yahoo
2015-05-08,82.4,82.0,82.51,82.0,82.4,821400,yahoo
2015-05-11,82.07,82.31,82.51,82.05,82.07,756800,yahoo
2015-05-12,81.83,81.77,82.06,81.37,81.83,796200,yahoo
2015-05-13,81.83,82.08,82.29,81.73,81.83,536900,yahoo
2015-05-14,82.5,82.34,82.54,82.1,82.5,571600,yahoo
2015-05-15,82.68,82.63,82.68,82.34,82.68,647800,yahoo
2015-05-18,82.99,82.6,83.05,82.55,82.99,973100,yahoo
2015-05-19,82.81,82.98,82.99,82.64,82.81,1444500,yahoo
2015-05-20,82.81,82.88,83.15,82.64,82.81,566700,yahoo
2015-05-21,83.03,82.78,83.14,82.73,83.03,693400,yahoo
2015-05-22,82.89,82.86,83.09,82.82,82.89,608700,yahoo
2015-05-26,81.94,82.58,82.64,81.8,81.94,834700,yahoo
2015-05-27,82.61,82.13,82.73,81.96,82.61,628000,yahoo
2015-05-28,82.46,82.51,82.56,82.14,82.46,637900,yahoo
2015-05-29,81.97,82.39,82.5,81.88,81.97,771000,yahoo
2015-06-01,82.1,82.25,82.37,81.73,82.1,1100300,yahoo
2015-06-02,82.11,81.89,82.43,81.7,82.11,1045400,yahoo
2015-06-03,82.26,82.29,82.52,82.07,82.26,567500,yahoo
2015-06-04,81.52,81.94,82.11,81.4,81.52,739300,yahoo
2015-06-05,81.51,81.47,81.71,81.07,81.51,951400,yahoo
2015-06-08,80.99,81.45,81.58,80.97,80.99,671500,yahoo
2015-06-09,80.94,81.06,81.22,80.78,80.94,985800,yahoo
2015-06-10,81.86,81.29,82.03,81.22,81.86,741400,yahoo
2015-06-11,82.03,82.03,82.24,81.92,82.03,746000,yahoo
2015-06-12,81.52,81.76,81.81,81.43,81.52,616500,yahoo
2015-06-15,81.14,81.0,81.3,80.68,81.14,899900,yahoo
2015-06-16,81.57,81.02,81.59,81.02,81.57,585100,yahoo
2015-06-17,81.76,81.76,81.99,81.26,81.76,1072500,yahoo
2015-06-18,82.5,81.99,82.76,81.99,82.5,943400,yahoo
2015-06-19,81.78,82.08,82.19,81.78,81.78,1934900,yahoo
2015-06-22,82.27,82.39,82.5,82.15,82.27,778100,yahoo
2015-06-23,82.21,82.4,82.43,82.07,82.21,1587500,yahoo
2015-06-24,81.58,82.13,82.23,81.57,81.58,785800,yahoo
2015-06-25,81.26,81.82,81.82,81.23,81.26,831500,yahoo
2015-06-26,81.35,81.46,81.5,81.08,81.35,814900,yahoo
2015-06-29,79.6,80.63,80.96,79.54,79.6,4279600,yahoo
2015-06-30,79.8,80.26,80.29,79.55,79.8,1691100,yahoo
2015-07-01,80.3,80.52,80.52,80.0,80.3,1991300,yahoo
2015-07-02,80.27,80.47,80.66,80.06,80.27,1302100,yahoo
2015-07-06,79.91,79.7,80.34,79.55,79.91,1007900,yahoo
2015-07-07,80.57,80.02,80.64,79.01,80.57,1584000,yahoo
2015-07-08,79.14,79.97,80.12,79.01,79.14,1006800,yahoo
2015-07-09,79.33,79.92,80.23,79.31,79.33,856700,yahoo
2015-07-10,80.19,80.12,80.33,79.81,80.19,555800,yahoo
2015-07-13,81.0,80.82,81.04,80.69,81.0,512800,yahoo
2015-07-14,81.24,81.07,81.37,80.91,81.24,630900,yahoo
2015-07-15,80.96,81.33,81.33,80.75,80.96,914000,yahoo
2015-07-16,81.46,81.3,81.48,81.24,81.46,520600,yahoo
2015-07-17,81.05,81.36,81.36,80.9,81.05,690800,yahoo
2015-07-20,80.89,81.1,81.1,80.81,80.89,543800,yahoo
2015-07-21,80.59,80.84,81.03,80.43,80.59,493500,yahoo
2015-07-22,80.61,80.4,80.76,80.4,80.61,1236000,yahoo
2015-07-23,80.23,80.73,80.8,80.07,80.23,736100,yahoo
2015-07-24,79.34,80.2,80.2,79.2,79.34,994400,yahoo
2015-07-27,78.86,79.04,79.18,78.66,78.86,989000,yahoo
2015-07-28,79.85,79.19,79.94,78.79,79.85,899800,yahoo
2015-07-29,80.52,79.89,80.58,79.8,80.52,795000,yahoo
2015-07-30,80.56,80.21,80.61,80.02,80.56,491700,yahoo
2015-07-31,80.57,80.81,80.94,80.48,80.57,528500,yahoo
2015-08-03,80.26,80.59,80.59,79.9,80.26,1686600,yahoo
2015-08-04,80.17,80.3,80.56,79.99,80.17,825300,yahoo
2015-08-05,80.45,80.59,81.01,80.3,80.45,539500,yahoo
2015-08-06,79.91,80.44,80.45,79.51,79.91,535200,yahoo
2015-08-07,79.77,79.79,79.87,79.46,79.77,870100,yahoo
2015-08-10,80.9,80.28,80.93,80.28,80.9,702100,yahoo
2015-08-11,80.23,80.27,80.47,79.9,80.23,728900,yahoo
2015-08-12,80.37,79.65,80.48,79.09,80.37,915000,yahoo
2015-08-13,80.24,80.36,80.51,80.03,80.24,374600,yahoo
2015-08-14,80.56,80.11,80.58,80.11,80.56,436400,yahoo
2015-08-17,80.97,80.25,81.01,80.06,80.97,730800,yahoo
2015-08-18,80.8,80.9,81.05,80.69,80.8,256400,yahoo
2015-08-19,80.18,80.41,80.76,79.77,80.18,854700,yahoo
2015-08-20,78.52,79.63,79.74,78.49,78.52,5048100,yahoo
2015-08-21,76.38,77.89,78.12,76.35,76.38,3150300,yahoo
2015-08-24,73.33,71.39,75.57,71.39,73.33,6327800,yahoo
2015-08-25,72.27,75.51,75.57,72.27,72.27,4330600,yahoo
2015-08-26,74.64,74.29,74.74,72.58,74.64,2139700,yahoo
2015-08-27,76.56,75.61,76.73,75.15,76.56,1520300,yahoo
2015-08-28,76.73,76.23,76.94,76.23,76.73,834800,yahoo
2015-08-31,76.17,76.41,76.75,75.88,76.17,2712000,yahoo
2015-09-01,74.0,74.42,75.12,73.6,74.0,3138200,yahoo
2015-09-02,75.18,74.84,75.2,74.09,75.18,1539700,yahoo
2015-09-03,75.5,75.48,76.33,75.24,75.5,1290100,yahoo
2015-09-04,74.35,74.75,74.86,74.02,74.35,1090300,yahoo
2015-09-08,76.23,75.56,76.29,75.31,76.23,980000,yahoo
2015-09-09,75.26,76.9,76.99,75.13,75.26,1243200,yahoo
2015-09-10,75.53,75.19,76.07,75.01,75.53,1056600,yahoo
2015-09-11,75.82,75.32,75.82,74.96,75.82,687200,yahoo
2015-09-14,75.5,75.85,75.85,75.33,75.5,792100,yahoo
2015-09-15,76.4,75.78,76.55,75.54,76.4,595400,yahoo
2015-09-16,77.18,76.45,77.26,76.41,77.18,809700,yahoo
2015-09-17,77.04,77.09,78.24,76.9,77.04,1668900,yahoo
2015-09-18,75.37,75.7,76.28,75.23,75.37,866900,yahoo
2015-09-21,75.69,75.84,76.29,75.39,75.69,639400,yahoo
2015-09-22,74.55,74.68,74.9,74.1,74.55,672900,yahoo
2015-09-23,74.24,74.55,74.76,74.03,74.24,631700,yahoo
2015-09-24,73.96,73.74,74.18,73.07,73.96,919100,yahoo
2015-09-25,74.01,74.53,74.68,73.59,74.01,902400,yahoo
2015-09-28,71.96,73.62,73.62,71.84,71.96,1080500,yahoo
2015-09-29,72.02,71.97,72.58,71.61,72.02,1706300,yahoo
2015-09-30,73.56,72.83,73.56,72.48,73.56,1129700,yahoo
2015-10-01,73.4,73.6,73.75,72.59,73.4,826000,yahoo
2015-10-02,74.62,72.66,74.62,72.33,74.62,899900,yahoo
2015-10-05,76.15,75.07,76.24,75.07,76.15,943000,yahoo
2015-10-06,75.93,76.06,76.34,75.64,75.93,563700,yahoo
2015-10-07,76.71,76.39,76.88,75.88,76.71,770400,yahoo
2015-10-08,77.63,76.56,77.81,76.47,77.63,1014100,yahoo
2015-10-09,77.61,77.73,77.87,77.35,77.61,1683900,yahoo
2015-10-12,77.49,77.61,77.61,77.28,77.49,536900,yahoo
2015-10-13,76.86,77.12,77.7,76.78,76.86,933300,yahoo
2015-10-14,76.59,76.9,77.18,76.47,76.59,692500,yahoo
2015-10-15,77.59,76.74,77.6,76.48,77.59,583300,yahoo
2015-10-16,77.7,77.7,77.73,77.21,77.7,545400,yahoo
2015-10-19,77.59,77.48,77.65,77.23,77.59,522800,yahoo
2015-10-20,77.7,77.41,78.0,77.41,77.7,460800,yahoo
2015-10-21,77.09,77.86,78.0,77.04,77.09,548800,yahoo
2015-10-22,78.28,77.5,78.45,77.46,78.28,805800,yahoo
2015-10-23,78.59,78.69,78.69,78.1,78.59,1290600,yahoo
2015-10-26,78.3,78.5,78.58,78.18,78.3,652700,yahoo
2015-10-27,77.92,78.02,78.03,77.52,77.92,903500,yahoo
2015-10-28,78.84,78.0,78.86,77.82,78.84,832200,yahoo
2015-10-29,78.74,78.64,78.9,78.48,78.74,639400,yahoo
2015-10-30,78.7,78.86,79.19,78.59,78.7,754100,yahoo
2015-11-02,79.73,78.91,79.82,78.76,79.73,2163900,yahoo
2015-11-03,79.86,79.53,80.17,79.5,79.86,1200500,yahoo
2015-11-04,79.59,80.03,80.09,79.33,79.59,879100,yahoo
2015-11-05,79.47,79.58,79.75,79.04,79.47,657000,yahoo
2015-11-06,79.33,79.54,79.54,78.73,79.33,541400,yahoo
2015-11-09,78.57,79.16,79.18,78.13,78.57,579400,yahoo
2015-11-10,78.83,78.34,78.83,78.26,78.83,917800,yahoo
2015-11-11,78.36,78.95,78.95,78.31,78.36,409000,yahoo
2015-11-12,77.17,77.88,78.07,77.14,77.17,754200,yahoo
2015-11-13,76.34,76.95,77.1,76.29,76.34,666100,yahoo
2015-11-16,77.53,76.26,77.56,76.25,77.53,702800,yahoo
2015-11-17,77.36,77.68,78.07,77.21,77.36,1070200,yahoo
2015-11-18,78.59,77.67,78.68,77.62,78.59,553400,yahoo
2015-11-19,78.51,78.55,78.74,78.36,78.51,594200,yahoo
2015-11-20,78.79,78.82,79.07,78.59,78.79,808000,yahoo
2015-11-23,78.79,78.84,79.15,78.6,78.79,586500,yahoo
2015-11-24,79.05,78.44,79.19,78.22,79.05,579400,yahoo
2015-11-25,79.1,79.04,79.22,78.85,79.1,337900,yahoo
2015-11-27,79.08,79.03,79.2,78.85,79.08,219100,yahoo
2015-11-30,78.94,79.09,79.22,78.84,78.94,557600,yahoo
2015-12-01,79.67,79.16,79.69,79.11,79.67,2974300,yahoo
2015-12-02,78.62,79.57,79.63,78.52,78.62,844200,yahoo
2015-12-03,77.5,78.78,78.84,77.18,77.5,895200,yahoo
2015-12-04,78.73,77.65,78.88,77.59,78.73,921900,yahoo
2015-12-07,78.1,78.49,78.55,77.79,78.1,575200,yahoo
2015-12-08,77.55,77.38,78.0,77.15,77.55,949800,yahoo
2015-12-09,77.01,77.28,78.31,76.63,77.01,1287900,yahoo
2015-12-10,77.12,77.05,77.69,76.91,77.12,676800,yahoo
2015-12-11,75.62,76.16,76.49,75.49,75.62,1077500,yahoo
2015-12-14,75.73,75.56,76.01,74.8,75.73,1528900,yahoo
2015-12-15,76.52,76.32,76.88,76.27,76.52,1073900,yahoo
2015-12-16,77.62,76.94,77.73,76.69,77.62,1718300,yahoo
2015-12-17,76.31,77.7,77.76,76.31,76.31,1176600,yahoo
2015-12-18,74.81,75.67,75.7,74.78,74.81,1695500,yahoo
2015-12-21,75.4,75.18,75.54,74.89,75.4,820200,yahoo
2015-12-22,76.23,75.73,76.42,75.37,76.23,1079100,yahoo
2015-12-23,77.55,76.63,77.55,76.63,77.55,894600,yahoo
2015-12-24,77.41,77.38,77.67,77.28,77.41,576100,yahoo
2015-12-28,77.05,77.08,77.11,76.57,77.05,796700,yahoo
2015-12-29,77.86,77.55,77.96,77.53,77.86,937700,yahoo
2015-12-30,77.23,77.71,77.83,77.17,77.23,740700,yahoo
2015-12-31,76.64,77.05,77.33,76.64,76.64,1114300,yahoo
2016-01-04,75.79,75.4,75.81,74.84,75.79,3957900,yahoo
2016-01-05,75.97,75.93,76.08,75.44,75.97,1367300,yahoo
2016-01-06,74.58,74.81,75.11,74.07,74.58,2094600,yahoo
2016-01-07,72.89,73.21,74.04,72.68,72.89,2613100,yahoo
2016-01-08,72.0,73.24,73.47,71.92,72.0,2007800,yahoo
2016-01-11,71.77,72.27,72.51,71.01,71.77,3731800,yahoo
2016-01-12,72.11,72.31,72.65,71.13,72.11,2219200,yahoo
2016-01-13,70.3,72.34,72.58,70.09,70.3,2761200,yahoo
2016-01-14,71.26,70.49,71.72,69.68,71.26,2812000,yahoo
2016-01-15,69.9,69.4,70.11,68.89,69.9,2788600,yahoo
2016-01-19,69.69,70.5,70.72,69.0,69.69,2835900,yahoo
2016-01-20,68.95,68.72,69.62,66.94,68.95,3984000,yahoo
2016-01-21,69.58,69.21,70.38,68.65,69.58,1671100,yahoo
2016-01-22,70.95,70.59,71.24,70.33,70.95,1068100,yahoo
2016-01-25,69.6,70.68,70.78,69.54,69.6,1235700,yahoo
2016-01-26,70.88,69.97,70.97,69.85,70.88,775400,yahoo
2016-01-27,70.34,70.68,71.66,69.91,70.34,1400100,yahoo
2016-01-28,70.39,70.91,71.07,69.87,70.39,1169800,yahoo
2016-01-29,72.38,70.77,72.38,70.73,72.38,1000400,yahoo
2016-02-01,72.35,71.83,72.72,71.55,72.35,3406400,yahoo
2016-02-02,70.85,71.68,71.68,70.63,70.85,1211800,yahoo
2016-02-03,71.54,71.31,71.74,69.79,71.54,2214400,yahoo
2016-02-04,71.95,71.38,72.54,71.38,71.95,1521100,yahoo
2016-02-05,70.73,71.71,71.73,70.51,70.73,1297900,yahoo
2016-02-08,69.24,69.86,69.86,68.3,69.24,2050200,yahoo
2016-02-09,69.03,68.43,69.58,68.41,69.03,2052100,yahoo
2016-02-10,69.07,69.37,70.14,69.01,69.07,1236800,yahoo
2016-02-11,68.09,67.91,68.52,67.35,68.09,2591000,yahoo
2016-02-12,69.57,68.71,69.58,68.37,69.57,1333900,yahoo
2016-02-16,70.96,70.26,70.96,69.94,70.96,1481000,yahoo
2016-02-17,72.27,71.44,72.46,71.44,72.27,880600,yahoo
2016-02-18,72.12,72.36,72.36,71.81,72.12,1129400,yahoo
2016-02-19,71.9,71.7,71.93,71.26,71.9,819400,yahoo
2016-02-22,73.16,72.6,73.18,72.6,73.16,693700,yahoo
2016-02-23,72.29,72.88,73.07,72.24,72.29,590500,yahoo
2016-02-24,72.72,71.66,72.83,71.19,72.72,1093400,yahoo
2016-02-25,73.53,72.85,73.54,72.53,73.53,943200,yahoo
2016-02-26,73.66,73.91,74.09,73.51,73.66,976400,yahoo
2016-02-29,73.1,73.6,74.07,73.1,73.1,1034700,yahoo
2016-03-01,74.79,73.71,74.79,73.42,74.79,2011700,yahoo
2016-03-02,75.33,74.58,75.35,74.4,75.33,2157300,yahoo
2016-03-03,76.02,75.22,76.06,75.14,76.02,1749800,yahoo
2016-03-04,76.41,76.09,76.84,75.8,76.41,1689000,yahoo
2016-03-07,76.78,76.04,76.98,76.01,76.78,1198900,yahoo
2016-03-08,75.52,76.34,76.34,75.45,75.52,1358800,yahoo
2016-03-09,75.92,75.8,76.12,75.5,75.92,871500,yahoo
2016-03-10,76.03,76.07,76.52,75.16,76.03,1391200,yahoo
2016-03-11,77.46,76.68,77.51,76.64,77.46,1308300,yahoo
2016-03-14,77.35,77.2,77.52,77.03,77.35,803700,yahoo
2016-03-15,76.91,76.83,76.91,76.55,76.91,534900,yahoo
2016-03-16,77.64,76.71,77.78,76.71,77.64,844500,yahoo
2016-03-17,78.36,77.67,78.59,77.45,78.36,989600,yahoo
2016-03-18,78.32,78.16,78.53,78.1,78.32,1183000,yahoo
2016-03-21,78.34,78.23,78.48,77.99,78.34,811900,yahoo
2016-03-22,78.28,77.96,78.5,77.79,78.28,1498000,yahoo
2016-03-23,77.48,78.12,78.12,77.42,77.48,669200,yahoo
2016-03-24,77.39,76.99,77.39,76.69,77.39,982300,yahoo
2016-03-28,77.5,77.57,77.71,77.17,77.5,634300,yahoo
2016-03-29,78.29,77.3,78.3,77.08,78.29,749100,yahoo
2016-03-30,78.53,78.69,78.9,78.3,78.53,797300,yahoo
2016-03-31,78.53,78.47,78.72,78.4,78.53,1901200,yahoo
2016-04-01,78.84,78.08,78.91,77.7,78.84,3030700,yahoo
2016-04-04,78.33,78.83,78.91,78.24,78.33,641400,yahoo
2016-04-05,77.45,77.83,77.9,77.37,77.45,929700,yahoo
2016-04-06,78.27,77.48,78.3,77.32,78.27,533600,yahoo
2016-04-07,77.29,77.87,78.04,76.96,77.29,647200,yahoo
2016-04-08,77.63,77.84,78.14,77.43,77.63,536100,yahoo
2016-04-11,77.54,77.92,78.36,77.51,77.54,696900,yahoo
2016-04-12,78.38,77.63,78.52,77.45,78.38,585600,yahoo
2016-04-13,79.37,78.76,79.38,78.67,79.37,1003400,yahoo
2016-04-14,79.21,79.42,79.42,79.03,79.21,622500,yahoo
2016-04-15,79.19,79.16,79.26,78.93,79.19,656700,yahoo
2016-04-18,79.76,78.93,79.77,78.76,79.76,543100,yahoo
2016-04-19,80.11,79.94,80.31,79.76,80.11,691200,yahoo
2016-04-20,80.26,80.2,80.6,79.89,80.26,681100,yahoo
2016-04-21,79.72,80.26,80.38,79.64,79.72,633600,yahoo
2016-04-22,80.22,79.88,80.34,79.8,80.22,748000,yahoo
2016-04-25,79.88,79.94,80.06,79.55,79.88,726200,yahoo
2016-04-26,80.44,80.03,80.44,79.95,80.44,1199600,yahoo
2016-04-27,80.96,80.37,81.11,80.34,80.96,895300,yahoo
2016-04-28,80.0,80.35,80.97,79.84,80.0,933500,yahoo
2016-04-29,79.51,79.78,79.83,78.84,79.51,831700,yahoo
2016-05-02,79.98,79.72,80.07,79.33,79.98,734400,yahoo
2016-05-03,79.08,79.38,79.38,78.73,79.08,1243200,yahoo
2016-05-04,78.57,78.68,79.04,78.32,78.57,1157100,yahoo
2016-05-05,78.55,78.76,79.06,78.39,78.55,599900,yahoo
2016-05-06,78.8,78.23,78.87,78.12,78.8,585100,yahoo
2016-05-09,78.77,78.71,78.98,78.52,78.77,481400,yahoo
2016-05-10,79.74,79.05,79.76,78.98,79.74,474600,yahoo
2016-05-11,78.94,79.5,79.73,78.94,78.94,519800,yahoo
2016-05-12,78.92,79.32,79.47,78.43,78.92,578200,yahoo
2016-05-13,78.16,78.71,79.01,78.01,78.16,785100,yahoo
2016-05-16,78.96,78.27,79.16,78.26,78.96,1463200,yahoo
2016-05-17,78.42,78.77,79.17,78.19,78.42,918100,yahoo
2016-05-18,78.23,78.21,78.82,77.75,78.23,793300,yahoo
2016-05-19,78.0,77.83,78.17,77.39,78.0,758000,yahoo
2016-05-20,78.58,78.28,78.72,78.17,78.58,462200,yahoo
2016-05-23,78.53,78.57,78.78,78.46,78.53,431500,yahoo
2016-05-24,79.54,78.81,79.71,78.81,79.54,553400,yahoo
2016-05-25,80.16,79.79,80.35,79.78,80.16,752600,yahoo
2016-05-26,80.1,80.29,80.41,80.02,80.1,876700,yahoo
2016-05-27,80.56,80.16,80.56,80.16,80.56,487100,yahoo
2016-05-31,80.59,80.71,80.86,80.29,80.59,705800,yahoo
2016-06-01,80.76,80.25,80.82,80.09,80.76,563400,yahoo
2016-06-02,81.11,80.57,81.11,80.46,81.11,825200,yahoo
2016-06-03,80.83,80.86,80.98,80.24,80.83,764100,yahoo
2016-06-06,81.38,81.04,81.51,80.94,81.38,495700,yahoo
2016-06-07,81.68,81.43,81.9,81.38,81.68,716600,yahoo
2016-06-08,81.91,81.79,82.01,81.65,81.91,701400,yahoo
2016-06-09,81.7,81.53,81.78,81.35,81.7,880200,yahoo
2016-06-10,80.61,81.12,81.12,80.34,80.61,497000,yahoo
2016-06-13,79.89,80.34,80.8,79.87,79.89,609100,yahoo
2016-06-14,79.64,79.74,80.02,79.16,79.64,1017000,yahoo
2016-06-15,79.65,79.8,80.23,79.58,79.65,836700,yahoo
2016-06-16,79.74,79.24,79.81,78.65,79.74,1107800,yahoo
2016-06-17,79.69,79.51,79.86,79.3,79.69,602400,yahoo
2016-06-20,80.35,80.59,80.99,80.26,80.35,579300,yahoo
2016-06-21,80.4,80.48,80.65,80.11,80.4,670500,yahoo
2016-06-22,80.32,80.55,80.88,80.27,80.32,794700,yahoo
2016-06-23,81.49,81.01,81.5,80.85,81.49,697300,yahoo
2016-06-24,78.12,78.72,79.69,78.01,78.12,2750900,yahoo
2016-06-27,76.14,77.47,77.49,75.79,76.14,2316800,yahoo
2016-06-28,77.63,76.78,77.66,76.78,77.63,2993300,yahoo
2016-06-29,79.12,78.26,79.26,78.24,79.12,1657100,yahoo
2016-06-30,80.35,79.31,80.36,78.99,80.35,1035900,yahoo
2016-07-01,80.6,80.34,80.87,80.09,80.6,1242100,yahoo
2016-07-05,79.63,80.24,80.27,79.25,79.63,1360600,yahoo
2016-07-06,80.11,79.34,80.14,79.0,80.11,941700,yahoo
2016-07-07,80.1,80.23,80.67,79.75,80.1,762500,yahoo
2016-07-08,81.6,80.72,81.71,80.72,81.6,609100,yahoo
2016-07-11,81.92,81.78,82.12,81.69,81.92,651200,yahoo
2016-07-12,82.89,82.36,83.04,82.36,82.89,1601300,yahoo
2016-07-13,82.84,83.06,83.16,82.48,82.84,638500,yahoo
2016-07-14,83.19,83.43,83.52,83.08,83.19,705700,yahoo
2016-07-15,83.14,83.44,83.44,82.95,83.14,481000,yahoo
2016-07-18,83.29,83.15,83.36,82.95,83.29,421800,yahoo
2016-07-19,83.07,83.09,83.11,82.82,83.07,370200,yahoo
2016-07-20,83.48,83.21,83.57,82.91,83.48,540200,yahoo
2016-07-21,83.17,83.43,83.67,83.0,83.17,372900,yahoo
2016-07-22,83.7,83.26,83.72,83.12,83.7,489400,yahoo
2016-07-25,83.51,83.57,83.61,83.25,83.51,559100,yahoo
2016-07-26,83.88,83.49,83.9,83.36,83.88,565000,yahoo
2016-07-27,83.44,83.92,83.93,83.07,83.44,603300,yahoo
2016-07-28,83.6,83.32,83.73,83.12,83.6,513400,yahoo
2016-07-29,83.68,83.34,83.81,83.09,83.68,421500,yahoo
2016-08-01,83.37,83.64,83.74,83.18,83.37,650800,yahoo
2016-08-02,82.52,83.29,83.37,82.15,82.52,655300,yahoo
2016-08-03,82.99,82.42,83.02,82.24,82.99,544400,yahoo
2016-08-04,83.04,82.95,83.24,82.82,83.04,688800,yahoo
2016-08-05,83.73,83.34,83.81,83.34,83.73,796700,yahoo
2016-08-08,83.79,83.84,84.1,83.7,83.79,467000,yahoo
2016-08-09,83.66,83.78,83.97,83.56,83.66,547400,yahoo
2016-08-10,83.44,83.72,83.8,83.32,83.44,712300,yahoo
2016-08-11,84.06,83.73,84.14,83.67,84.06,552000,yahoo
2016-08-12,83.98,83.97,84.13,83.74,83.98,858000,yahoo
2016-08-15,84.38,84.11,84.56,84.01,84.38,861500,yahoo
2016-08-16,83.9,84.18,84.21,83.89,83.9,581500,yahoo
2016-08-17,83.96,83.9,84.03,83.43,83.96,606200,yahoo
2016-08-18,84.41,83.97,84.43,83.97,84.41,591400,yahoo
2016-08-19,84.44,84.16,84.5,84.03,84.44,680400,yahoo
2016-08-22,84.34,84.25,84.43,84.06,84.34,499300,yahoo
2016-08-23,84.71,84.65,84.9,84.65,84.71,570400,yahoo
2016-08-24,84.12,84.61,84.71,83.96,84.12,774600,yahoo
2016-08-25,84.11,84.0,84.39,83.93,84.11,611300,yahoo
2016-08-26,83.85,84.24,84.73,83.47,83.85,701100,yahoo
2016-08-29,84.32,83.91,84.49,83.91,84.32,589700,yahoo
2016-08-30,84.19,84.36,84.43,83.9,84.19,488500,yahoo
2016-08-31,83.81,84.07,84.07,83.42,83.81,784300,yahoo
2016-09-01,83.79,83.85,84.01,83.21,83.79,980800,yahoo
2016-09-02,84.21,84.02,84.42,83.98,84.21,596900,yahoo
2016-09-06,84.35,84.37,84.42,83.91,84.35,634000,yahoo
2016-09-07,84.59,84.35,84.59,84.22,84.59,592800,yahoo
2016-09-08,84.45,84.42,84.6,84.23,84.45,1255700,yahoo
2016-09-09,82.17,83.84,84.07,82.13,82.17,1333900,yahoo
2016-09-12,83.33,81.78,83.56,81.65,83.33,1076100,yahoo
2016-09-13,81.93,82.68,82.85,81.64,81.93,1470200,yahoo
2016-09-14,81.81,81.97,82.46,81.53,81.81,1055200,yahoo
2016-09-15,82.63,81.74,82.8,81.62,82.63,869900,yahoo
2016-09-16,81.97,82.08,82.1,81.63,81.97,797100,yahoo
2016-09-19,82.16,82.3,82.7,81.98,82.16,1235100,yahoo
2016-09-20,81.96,82.53,82.57,81.96,81.96,788500,yahoo
2016-09-21,83.07,82.26,83.16,82.08,83.07,1297700,yahoo
2016-09-22,83.72,83.48,83.85,83.34,83.72,843800,yahoo
2016-09-23,83.3,83.53,83.69,83.26,83.3,509100,yahoo
2016-09-26,82.66,82.96,83.08,82.61,82.66,676900,yahoo
2016-09-27,83.03,82.59,83.09,82.42,83.03,630100,yahoo
2016-09-28,83.61,83.19,83.69,82.69,83.61,988000,yahoo
2016-09-29,82.91,83.51,83.79,82.66,82.91,1090900,yahoo
2016-09-30,83.59,83.21,83.88,83.06,83.59,798900,yahoo
2016-10-03,83.24,83.34,83.45,83.03,83.24,830600,yahoo
2016-10-04,82.73,83.36,83.41,82.46,82.73,1684600,yahoo
2016-10-05,83.22,83.01,83.41,82.85,83.22,592700,yahoo
2016-10-06,83.26,83.07,83.33,82.8,83.26,736100,yahoo
2016-10-07,82.81,83.34,83.49,82.5,82.81,660100,yahoo
2016-10-10,83.18,83.14,83.54,83.14,83.18,464000,yahoo
2016-10-11,81.94,82.93,82.93,81.61,81.94,869800,yahoo
2016-10-12,82.05,81.96,82.28,81.74,82.05,772000,yahoo
2016-10-13,81.75,81.48,82.0,80.95,81.75,632900,yahoo
2016-10-14,81.69,82.18,82.45,81.69,81.69,941600,yahoo
2016-10-17,81.41,81.71,81.85,81.35,81.41,560600,yahoo
2016-10-18,81.97,82.14,82.2,81.76,81.97,525100,yahoo
2016-10-19,82.37,82.12,82.5,81.88,82.37,578100,yahoo
2016-10-20,82.21,82.19,82.47,81.89,82.21,610300,yahoo
2016-10-21,82.16,81.79,82.25,81.61,82.16,470000,yahoo
2016-10-24,82.42,82.55,82.76,82.27,82.42,404600,yahoo
2016-10-25,81.95,82.27,82.29,81.87,81.95,766200,yahoo
2016-10-26,81.91,81.65,82.11,81.57,81.91,535100,yahoo
2016-10-27,81.43,82.15,82.2,81.38,81.43,447700,yahoo
2016-10-28,81.42,81.41,82.0,81.12,81.42,729400,yahoo
2016-10-31,81.55,81.65,81.78,81.45,81.55,605400,yahoo
2016-11-01,80.88,81.75,81.75,80.33,80.88,1802400,yahoo
2016-11-02,80.3,80.74,80.94,80.12,80.3,848400,yahoo
2016-11-03,80.04,80.45,80.6,79.9,80.04,731800,yahoo
2016-11-04,80.05,80.1,80.66,79.94,80.05,891800,yahoo
2016-11-07,81.78,81.37,81.8,81.12,81.78,1131500,yahoo
2016-11-08,82.09,81.68,82.34,81.39,82.09,931800,yahoo
2016-11-09,83.06,81.41,83.37,80.88,83.06,2302300,yahoo
2016-11-10,83.67,83.54,84.17,83.04,83.67,3215400,yahoo
2016-11-11,83.67,83.46,83.74,83.07,83.67,1771600,yahoo
2016-11-14,84.37,83.99,84.46,83.88,84.37,2660400,yahoo
2016-11-15,84.99,84.57,84.99,84.34,84.99,1617300,yahoo
2016-11-16,84.62,84.79,84.8,84.41,84.62,1455800,yahoo
2016-11-17,85.07,84.74,85.11,84.62,85.07,1636100,yahoo
2016-11-18,84.87,85.14,85.14,84.79,84.87,1209900,yahoo
2016-11-21,85.54,85.18,85.56,85.12,85.54,2311700,yahoo
2016-11-22,85.8,85.76,85.86,85.4,85.8,1528700,yahoo
2016-11-23,86.01,85.66,86.04,85.53,86.01,1265400,yahoo
2016-11-25,86.32,86.19,86.32,86.05,86.32,670000,yahoo
2016-11-28,85.74,86.18,86.24,85.69,85.74,1302800,yahoo
2016-11-29,85.8,85.79,86.02,85.54,85.8,1262100,yahoo
2016-11-30,85.82,86.19,86.27,85.81,85.82,2193000,yahoo
2016-12-01,85.56,86.05,86.16,85.37,85.56,2467800,yahoo
2016-12-02,85.58,85.57,85.86,85.44,85.58,1186200,yahoo
2016-12-05,86.22,85.98,86.4,85.98,86.22,1661300,yahoo
2016-12-06,86.66,86.38,86.67,86.07,86.66,1447600,yahoo
2016-12-07,87.9,86.69,87.94,86.64,87.9,1608200,yahoo
2016-12-08,88.26,87.95,88.53,87.76,88.26,1743600,yahoo
2016-12-09,88.51,88.39,88.51,88.16,88.51,1869700,yahoo
2016-12-12,88.05,88.49,88.58,87.88,88.05,1359700,yahoo
2016-12-13,88.42,88.38,88.63,88.08,88.42,1563300,yahoo
2016-12-14,87.5,88.3,88.54,87.29,87.5,2074700,yahoo
2016-12-15,87.81,87.5,88.22,87.34,87.81,1707200,yahoo
2016-12-16,87.42,87.81,87.9,87.23,87.42,1448400,yahoo
2016-12-19,87.55,87.53,87.8,87.33,87.55,1233300,yahoo
2016-12-20,87.84,87.75,87.98,87.67,87.84,1205800,yahoo
2016-12-21,87.64,87.84,87.9,87.62,87.64,1193100,yahoo
2016-12-22,87.29,87.55,87.55,87.09,87.29,1172300,yahoo
2016-12-23,87.47,87.27,87.47,87.27,87.47,410100,yahoo
2016-12-27,87.76,87.5,87.9,87.5,87.76,1009000,yahoo
2016-12-28,86.86,87.88,87.88,86.82,86.86,839900,yahoo
2016-12-29,86.89,86.89,87.11,86.7,86.89,847200,yahoo
2016-12-30,86.64,87.15,87.15,86.36,86.64,1303200,yahoo
2017-01-03,87.33,87.27,87.67,86.8,87.33,2197200,yahoo
2017-01-04,88.18,87.51,88.29,87.51,88.18,1862200,yahoo
2017-01-05,87.94,88.09,88.1,87.57,87.94,1281700,yahoo
2017-01-06,88.18,88.07,88.4,87.72,88.18,993000,yahoo
2017-01-09,87.7,88.15,88.15,87.67,87.7,1332700,yahoo
2017-01-10,87.78,87.79,88.16,87.65,87.78,1223500,yahoo
2017-01-11,88.01,87.77,88.05,87.5,88.01,1489400,yahoo
2017-01-12,87.87,87.89,87.94,87.16,87.87,1093000,yahoo
2017-01-13,88.05,87.87,88.18,87.87,88.05,1001700,yahoo
2017-01-17,87.82,87.86,88.13,87.64,87.82,1137500,yahoo
2017-01-18,88.08,87.96,88.09,87.62,88.08,929200,yahoo
2017-01-19,87.64,88.07,88.21,87.41,87.64,751000,yahoo
2017-01-20,87.97,87.97,88.2,87.63,87.97,827400,yahoo
2017-01-23,87.71,87.9,87.97,87.37,87.71,1180200,yahoo
2017-01-24,88.58,87.92,88.73,87.9,88.58,1876500,yahoo
2017-01-25,89.25,88.98,89.28,88.91,89.25,1293400,yahoo
2017-01-26,89.01,89.25,89.32,88.93,89.01,943800,yahoo
2017-01-27,88.74,89.11,89.11,88.65,88.74,910100,yahoo
2017-01-30,88.24,88.44,88.45,87.66,88.24,1420000,yahoo
2017-01-31,88.38,88.08,88.38,87.76,88.38,903500,yahoo
2017-02-01,88.16,88.56,88.68,87.84,88.16,1089800,yahoo
2017-02-02,88.35,87.98,88.47,87.86,88.35,826300,yahoo
2017-02-03,88.96,88.69,89.05,88.61,88.96,794700,yahoo
2017-02-06,88.72,88.85,88.98,88.57,88.72,766700,yahoo
2017-02-07,88.63,88.83,88.94,88.48,88.63,830700,yahoo
2017-02-08,88.82,88.63,88.86,88.31,88.82,657200,yahoo
2017-02-09,89.37,88.94,89.55,88.9,89.37,1169100,yahoo
2017-02-10,89.87,89.64,89.97,89.59,89.87,947200,yahoo
2017-02-13,90.27,90.14,90.41,90.07,90.27,856300,yahoo
2017-02-14,90.51,90.16,90.55,90.01,90.51,772800,yahoo
2017-02-15,90.95,90.41,91.08,90.38,90.95,794600,yahoo
2017-02-16,90.72,90.99,91.1,90.44,90.72,791400,yahoo
2017-02-17,90.9,90.5,90.91,90.37,90.9,668200,yahoo
2017-02-21,91.54,91.04,91.62,91.04,91.54,961000,yahoo
2017-02-22,91.32,91.34,91.48,91.19,91.32,671100,yahoo
2017-02-23,91.16,91.59,91.61,90.92,91.16,1023100,yahoo
2017-02-24,91.41,90.8,91.41,90.7,91.41,809800,yahoo
2017-02-27,91.62,91.41,91.68,91.24,91.62,713400,yahoo
2017-02-28,91.15,91.41,91.44,91.05,91.15,720000,yahoo
2017-03-01,92.27,91.85,92.53,91.85,92.27,1166800,yahoo
2017-03-02,91.67,92.2,92.2,91.64,91.67,786700,yahoo
2017-03-03,91.66,91.61,91.74,91.36,91.66,645800,yahoo
2017-03-06,91.25,91.29,91.52,91.01,91.25,512400,yahoo
2017-03-07,90.84,91.11,91.15,90.77,90.84,942300,yahoo
2017-03-08,90.63,90.9,91.12,90.56,90.63,848700,yahoo
2017-03-09,90.55,90.64,90.87,90.14,90.55,1001900,yahoo
2017-03-10,90.91,91.0,91.15,90.47,90.91,488000,yahoo
2017-03-13,91.09,90.91,91.12,90.8,91.09,545300,yahoo
2017-03-14,90.66,90.79,90.79,90.33,90.66,1294300,yahoo
2017-03-15,91.65,90.88,91.89,90.85,91.65,881300,yahoo
2017-03-16,91.44,91.74,91.75,91.3,91.44,676300,yahoo
2017-03-17,91.06,91.28,91.31,90.99,91.06,539000,yahoo
2017-03-20,90.8,91.06,91.1,90.61,90.8,579300,yahoo
2017-03-21,89.61,91.11,91.11,89.51,89.61,1444000,yahoo
2017-03-22,89.77,89.58,89.9,89.26,89.77,873900,yahoo
2017-03-23,89.81,89.75,90.37,89.64,89.81,787800,yahoo
2017-03-24,89.81,89.96,90.22,89.46,89.81,682500,yahoo
2017-03-27,89.65,89.1,89.79,88.88,89.65,780600,yahoo
2017-03-28,90.39,89.62,90.56,89.5,90.39,764800,yahoo
2017-03-29,90.7,90.32,90.75,90.2,90.7,459000,yahoo
2017-03-30,90.88,90.67,91.01,90.57,90.88,512000,yahoo
2017-03-31,90.82,90.82,91.09,90.72,90.82,591800,yahoo
2017-04-03,90.46,90.9,90.93,89.92,90.46,2521200,yahoo
2017-04-04,90.35,90.32,90.42,90.09,90.35,934000,yahoo
2017-04-05,90.1,90.67,91.17,89.99,90.1,980600,yahoo
2017-04-06,90.58,90.21,90.8,90.06,90.58,682000,yahoo
2017-04-07,90.5,90.57,90.8,90.31,90.5,400700,yahoo
2017-04-10,90.71,90.59,91.03,90.43,90.71,489500,yahoo
2017-04-11,90.74,90.55,90.74,90.0,90.74,617200,yahoo
2017-04-12,90.18,90.63,90.65,90.07,90.18,544500,yahoo
2017-04-13,89.55,90.04,90.29,89.54,89.55,605400,yahoo
2017-04-17,90.28,89.82,90.3,89.64,90.28,802300,yahoo
2017-04-18,90.02,89.96,90.25,89.67,90.02,607100,yahoo
2017-04-19,90.05,90.33,90.55,89.93,90.05,656700,yahoo
2017-04-20,90.79,90.31,90.99,90.18,90.79,582100,yahoo
2017-04-21,90.5,90.74,90.78,90.31,90.5,824200,yahoo
2017-04-24,91.39,91.47,91.6,91.16,91.39,698500,yahoo
2017-04-25,91.87,91.63,92.0,91.54,91.87,649900,yahoo
2017-04-26,91.89,91.89,92.34,91.67,91.89,710200,yahoo
2017-04-27,91.85,91.97,92.04,91.56,91.85,662000,yahoo
2017-04-28,91.42,91.88,91.91,91.34,91.42,632900,yahoo
2017-05-01,91.38,91.63,91.63,91.24,91.38,862000,yahoo
2017-05-02,91.46,91.49,91.57,91.26,91.46,512600,yahoo
2017-05-03,91.17,91.28,91.38,90.91,91.17,621900,yahoo
2017-05-04,91.25,91.27,91.34,90.83,91.25,560800,yahoo
2017-05-05,91.85,91.46,91.85,91.35,91.85,453500,yahoo
2017-05-08,91.64,91.88,91.93,91.48,91.64,541000,yahoo
2017-05-09,91.58,91.73,91.8,91.45,91.58,590800,yahoo
2017-05-10,91.93,91.62,91.95,91.41,91.93,744200,yahoo
2017-05-11,91.55,91.69,91.71,91.0,91.55,590400,yahoo
2017-05-12,91.14,91.42,91.49,91.05,91.14,355700,yahoo
2017-05-15,91.69,91.36,91.87,91.36,91.69,337700,yahoo
2017-05-16,91.45,91.83,91.85,91.3,91.45,542500,yahoo
2017-05-17,90.04,90.77,90.95,89.98,90.04,1293300,yahoo
2017-05-18,90.24,89.92,90.61,89.75,90.24,949800,yahoo
2017-05-19,90.97,90.48,91.27,90.27,90.97,721500,yahoo
2017-05-22,91.44,91.15,91.53,91.01,91.44,418700,yahoo
2017-05-23,91.46,91.63,91.67,91.35,91.46,399500,yahoo
2017-05-24,91.66,91.54,91.7,91.44,91.66,318800,yahoo
2017-05-25,92.03,91.89,92.21,91.82,92.03,557100,yahoo
2017-05-26,92.01,91.98,92.04,91.9,92.01,592300,yahoo
2017-05-30,91.84,91.88,91.99,91.68,91.84,495300,yahoo
2017-05-31,91.93,91.96,91.97,91.46,91.93,527700,yahoo
2017-06-01,92.88,92.13,92.9,91.95,92.88,739700,yahoo
2017-06-02,93.01,92.94,93.13,92.72,93.01,517800,yahoo
2017-06-05,92.81,92.93,93.0,92.74,92.81,369100,yahoo
2017-06-06,92.44,92.52,92.69,92.33,92.44,457300,yahoo
2017-06-07,92.53,92.58,92.7,92.26,92.53,555400,yahoo
2017-06-08,92.6,92.55,92.79,92.34,92.6,312900,yahoo
2017-06-09,92.88,92.67,93.2,92.48,92.88,532100,yahoo
2017-06-12,93.0,92.8,93.09,92.67,93.0,310200,yahoo
2017-06-13,93.59,93.22,93.59,93.1,93.59,530800,yahoo
2017-06-14,93.38,93.63,93.64,93.08,93.38,563500,yahoo
2017-06-15,93.18,92.83,93.24,92.74,93.18,442300,yahoo
2017-06-16,92.88,92.92,92.92,92.47,92.88,425300,yahoo
2017-06-19,93.46,93.18,93.49,93.05,93.46,672100,yahoo
2017-06-20,92.7,93.36,93.36,92.66,92.7,355100,yahoo
2017-06-21,92.44,92.83,92.86,92.23,92.44,312300,yahoo
2017-06-22,92.47,92.43,92.76,92.3,92.47,386300,yahoo
2017-06-23,92.68,92.53,92.78,92.39,92.68,285800,yahoo
2017-06-26,92.95,92.93,93.21,92.83,92.95,248700,yahoo
2017-06-27,92.33,92.95,93.1,92.33,92.33,539600,yahoo
2017-06-28,93.05,92.74,93.25,92.74,93.05,334500,yahoo
2017-06-29,92.39,93.15,93.26,91.87,92.39,432000,yahoo
2017-06-30,92.68,92.76,93.03,92.5,92.68,359600,yahoo
2017-07-03,93.07,93.14,93.4,93.07,93.07,390600,yahoo
2017-07-05,92.93,93.2,93.2,92.66,92.93,601100,yahoo
2017-07-06,91.91,92.56,92.61,91.81,91.91,508200,yahoo
2017-07-07,92.5,92.03,92.58,92.01,92.5,377000,yahoo
2017-07-10,92.52,92.44,92.68,92.32,92.52,271400,yahoo
2017-07-11,92.44,92.46,92.56,91.93,92.44,417500,yahoo
2017-07-12,93.08,92.92,93.25,92.92,93.08,1126600,yahoo
2017-07-13,93.35,93.18,93.39,93.06,93.35,594100,yahoo
2017-07-14,93.76,93.44,93.93,93.31,93.76,391200,yahoo
2017-07-17,93.87,93.73,94.04,93.68,93.87,358600,yahoo
2017-07-18,93.67,93.75,93.75,93.43,93.67,411200,yahoo
2017-07-19,94.34,93.87,94.34,93.77,94.34,538700,yahoo
2017-07-20,94.29,94.46,94.46,94.12,94.29,311300,yahoo
2017-07-21,94.31,94.12,94.33,94.04,94.31,272900,yahoo
2017-07-24,94.24,94.26,94.41,94.08,94.24,383900,yahoo
2017-07-25,94.61,94.54,94.8,94.39,94.61,261900,yahoo
2017-07-26,94.42,94.67,94.67,94.33,94.42,367000,yahoo
2017-07-27,94.32,94.43,94.46,93.78,94.32,552900,yahoo
2017-07-28,94.2,94.14,94.26,94.01,94.2,371300,yahoo
2017-07-31,94.16,94.42,94.46,94.01,94.16,494000,yahoo
2017-08-01,94.26,94.41,94.43,93.97,94.26,398200,yahoo
2017-08-02,93.96,94.13,94.13,93.61,93.96,449200,yahoo
2017-08-03,93.72,93.87,93.96,93.62,93.72,616400,yahoo
2017-08-04,93.86,93.91,93.95,93.68,93.86,487300,yahoo
2017-08-07,93.96,93.88,94.02,93.81,93.96,388300,yahoo
2017-08-08,93.73,93.89,94.38,93.56,93.73,477300,yahoo
2017-08-09,93.6,93.45,93.62,93.28,93.6,579900,yahoo
2017-08-10,92.26,93.23,93.3,92.23,92.26,670100,yahoo
2017-08-11,92.28,92.13,92.58,92.13,92.28,928800,yahoo
2017-08-14,93.15,92.75,93.33,92.75,93.15,423500,yahoo
2017-08-15,92.98,93.23,93.23,92.84,92.98,311900,yahoo
2017-08-16,93.22,93.2,93.41,93.08,93.22,322700,yahoo
2017-08-17,91.79,92.98,93.15,91.79,91.79,662400,yahoo
2017-08-18,91.58,91.68,92.1,91.4,91.58,1150600,yahoo
2017-08-21,91.66,91.6,91.77,91.31,91.66,648700,yahoo
2017-08-22,92.53,91.88,92.61,91.76,92.53,658600,yahoo
2017-08-23,92.26,92.19,92.45,92.15,92.26,355600,yahoo
2017-08-24,92.14,92.45,92.62,92.11,92.14,390900,yahoo
2017-08-25,92.46,92.45,92.71,92.37,92.46,379600,yahoo
2017-08-28,92.35,92.64,92.65,92.15,92.35,625700,yahoo
2017-08-29,92.26,91.77,92.37,91.77,92.26,473900,yahoo
2017-08-30,92.7,92.2,92.81,92.11,92.7,301800,yahoo
2017-08-31,93.22,92.92,93.35,92.92,93.22,285000,yahoo
2017-09-01,93.6,93.44,93.73,93.39,93.6,355800,yahoo
2017-09-05,92.96,93.37,93.55,92.52,92.96,626400,yahoo
2017-09-06,93.29,93.25,93.4,93.1,93.29,361200,yahoo
2017-09-07,93.25,93.4,93.45,93.03,93.25,488100,yahoo
2017-09-08,93.33,93.05,93.46,92.99,93.33,500400,yahoo
2017-09-11,94.27,93.77,94.33,93.77,94.27,436700,yahoo
2017-09-12,94.64,94.39,94.65,94.3,94.64,719700,yahoo
2017-09-13,94.65,94.57,94.67,94.51,94.65,398100,yahoo
2017-09-14,94.64,94.46,94.76,94.38,94.64,385000,yahoo
2017-09-15,94.37,94.16,94.4,94.05,94.37,339100,yahoo
2017-09-18,94.52,94.53,94.72,94.37,94.52,526700,yahoo
2017-09-19,94.39,94.62,94.62,94.29,94.39,248300,yahoo
2017-09-20,94.55,94.47,94.56,94.13,94.55,314600,yahoo
2017-09-21,94.35,94.45,94.56,94.29,94.35,452000,yahoo
2017-09-22,94.55,94.3,94.6,94.3,94.55,304700,yahoo
2017-09-25,94.66,94.45,94.79,94.26,94.66,311500,yahoo
2017-09-26,94.77,94.82,94.92,94.69,94.77,265700,yahoo
2017-09-27,95.15,95.06,95.3,94.64,95.15,477300,yahoo
2017-09-28,95.21,95.04,95.22,94.91,95.21,423000,yahoo
2017-09-29,95.54,95.19,95.55,95.17,95.54,518700,yahoo
2017-10-02,95.95,95.59,95.95,95.44,95.95,1314000,yahoo
2017-10-03,96.11,96.03,96.16,95.82,96.11,420600,yahoo
2017-10-04,96.31,96.12,96.42,96.01,96.31,362600,yahoo
2017-10-05,96.69,96.44,96.78,96.37,96.69,441700,yahoo
2017-10-06,96.49,96.52,96.58,96.32,96.49,442400,yahoo
2017-10-09,96.15,96.56,96.56,96.05,96.15,509400,yahoo
2017-10-10,96.39,96.41,96.63,96.27,96.39,525600,yahoo
2017-10-11,96.41,96.34,96.43,96.24,96.41,283800,yahoo
2017-10-12,96.44,96.23,96.52,96.15,96.44,2808600,yahoo
2017-10-13,96.54,96.62,96.77,96.48,96.54,310000,yahoo
2017-10-16,96.57,96.69,96.7,96.43,96.57,294200,yahoo
2017-10-17,96.56,96.55,96.63,96.37,96.56,305400,yahoo
2017-10-18,96.64,96.63,96.75,96.54,96.64,302500,yahoo
2017-10-19,96.76,96.24,96.76,96.09,96.76,266400,yahoo
2017-10-20,97.41,97.12,97.42,96.95,97.41,273800,yahoo
2017-10-23,97.08,97.56,97.61,97.03,97.08,346400,yahoo
2017-10-24,97.18,97.14,97.31,97.07,97.18,382100,yahoo
2017-10-25,96.53,96.91,97.25,95.99,96.53,392100,yahoo
2017-10-26,96.72,96.74,96.91,96.55,96.72,355700,yahoo
2017-10-27,96.87,96.61,96.87,96.26,96.87,323200,yahoo
2017-10-30,96.4,96.61,96.71,96.29,96.4,463500,yahoo
2017-10-31,96.58,96.5,96.7,96.41,96.58,509700,yahoo
2017-11-01,96.61,96.9,97.1,96.52,96.61,376200,yahoo
2017-11-02,96.59,96.55,96.72,96.2,96.59,282300,yahoo
2017-11-03,96.73,96.49,96.77,96.39,96.73,412000,yahoo
2017-11-06,97.13,96.72,97.18,96.71,97.13,559800,yahoo
2017-11-07,96.98,97.19,97.36,96.79,96.98,415600,yahoo
2017-11-08,97.1,96.84,97.17,96.73,97.1,264100,yahoo
2017-11-09,96.84,96.58,97.0,96.26,96.84,577900,yahoo
2017-11-10,96.9,96.62,96.92,96.56,96.9,236500,yahoo
2017-11-13,97.05,96.64,97.14,96.61,97.05,237000,yahoo
2017-11-14,97.0,96.72,97.01,96.56,97.0,394400,yahoo
2017-11-15,96.47,96.58,96.74,96.1,96.47,422100,yahoo
2017-11-16,97.3,96.69,97.47,96.69,97.3,313900,yahoo
2017-11-17,97.47,97.24,97.6,97.24,97.47,518900,yahoo
2017-11-20,97.62,97.52,97.68,97.42,97.62,341900,yahoo
2017-11-21,97.98,97.87,98.02,97.81,97.98,390900,yahoo
2017-11-22,97.94,97.99,98.09,97.9,97.94,278300,yahoo
2017-11-24,97.99,98.08,98.18,97.98,97.99,204200,yahoo
2017-11-27,97.89,97.99,98.06,97.79,97.89,320900,yahoo
2017-11-28,99.02,98.01,99.02,97.98,99.02,416500,yahoo
2017-11-29,99.48,99.03,99.62,99.03,99.48,321300,yahoo
2017-11-30,100.25,99.73,100.71,99.73,100.25,477800,yahoo
2017-12-01,100.05,100.27,100.48,98.56,100.05,681200,yahoo
2017-12-04,100.26,100.7,101.06,100.26,100.26,714100,yahoo
2017-12-05,99.62,100.4,100.4,99.6,99.62,482300,yahoo
2017-12-06,99.44,99.5,99.65,99.35,99.44,397400,yahoo
2017-12-07,99.89,99.32,99.94,99.32,99.89,372700,yahoo
2017-12-08,100.51,100.24,100.52,100.07,100.51,327100,yahoo
2017-12-11,100.6,100.49,100.7,100.39,100.6,669700,yahoo
2017-12-12,100.61,100.7,100.84,100.56,100.61,382600,yahoo
2017-12-13,100.52,100.67,100.88,100.49,100.52,472400,yahoo
2017-12-14,99.91,100.55,100.68,99.91,99.91,411300,yahoo
2017-12-15,100.34,99.91,100.61,99.75,100.34,401100,yahoo
2017-12-18,101.1,100.93,101.2,100.59,101.1,501900,yahoo
2017-12-19,100.76,101.26,101.28,100.75,100.76,501200,yahoo
2017-12-20,100.77,101.15,101.15,100.63,100.77,640900,yahoo
2017-12-21,100.97,100.95,101.2,100.81,100.97,427200,yahoo
2017-12-22,101.07,101.03,101.17,100.82,101.07,302000,yahoo
2017-12-26,101.19,101.01,101.34,101.01,101.19,259600,yahoo
2017-12-27,101.19,101.3,101.36,101.09,101.19,645000,yahoo
2017-12-28,101.44,101.33,101.55,101.09,101.44,418300,yahoo
2017-12-29,101.03,101.81,101.81,100.98,101.03,567100,yahoo
2018-01-02,101.78,101.34,101.8,101.23,101.78,1132600,yahoo
2018-01-03,102.3,101.95,102.38,101.7,102.3,553300,yahoo
2018-01-04,102.65,102.58,102.76,102.47,102.65,577300,yahoo
2018-01-05,103.14,102.92,103.2,102.7,103.14,727800,yahoo
2018-01-08,103.48,103.14,103.54,103.04,103.48,558300,yahoo
2018-01-09,103.53,103.62,103.86,103.37,103.53,835100,yahoo
2018-01-10,103.22,103.18,103.39,102.88,103.22,593900,yahoo
2018-01-11,104.21,103.48,104.22,103.43,104.21,361900,yahoo
2018-01-12,104.88,104.43,104.93,104.23,104.88,475600,yahoo
2018-01-16,104.17,105.28,105.43,103.92,104.17,794000,yahoo
2018-01-17,105.04,104.58,105.28,104.32,105.04,403900,yahoo
2018-01-18,104.75,104.96,105.09,104.57,104.75,522900,yahoo
2018-01-19,105.44,105.01,105.44,104.86,105.44,500000,yahoo
2018-01-22,106.19,105.4,106.19,105.35,106.19,422500,yahoo
2018-01-23,106.48,106.19,106.6,106.04,106.48,587900,yahoo
2018-01-24,106.53,106.72,107.03,106.07,106.53,613000,yahoo
2018-01-25,106.44,106.88,106.88,106.12,106.44,482500,yahoo
2018-01-26,107.43,106.71,107.44,106.58,107.43,400400,yahoo
2018-01-29,106.66,107.26,107.41,106.62,106.66,610900,yahoo
2018-01-30,105.48,105.9,106.2,105.37,105.48,1048500,yahoo
2018-01-31,105.46,105.79,106.03,104.98,105.46,548400,yahoo
2018-02-01,105.21,105.12,105.68,104.91,105.21,798900,yahoo
2018-02-02,103.05,104.62,104.74,103.03,103.05,1473400,yahoo
2018-02-05,99.23,102.5,103.18,99.15,99.23,1753800,yahoo
2018-02-06,100.59,97.55,100.88,96.78,100.59,1568400,yahoo
2018-02-07,100.32,100.41,101.91,100.1,100.32,2255100,yahoo
2018-02-08,96.79,100.33,100.34,96.79,96.79,1403400,yahoo
2018-02-09,98.12,97.8,98.79,94.97,98.12,3589600,yahoo
2018-02-12,99.33,98.68,99.94,98.08,99.33,1640700,yahoo
2018-02-13,99.57,98.88,99.78,98.72,99.57,720800,yahoo
2018-02-14,101.08,99.0,101.2,99.0,101.08,1157000,yahoo
2018-02-15,102.13,101.68,102.13,100.71,102.13,946800,yahoo
2018-02-16,102.18,101.86,102.89,101.85,102.18,814400,yahoo
2018-02-20,101.53,101.78,102.35,101.21,101.53,636700,yahoo
2018-02-21,100.92,101.57,102.64,100.92,100.92,700500,yahoo
2018-02-22,100.97,101.23,102.03,100.74,100.97,584800,yahoo
2018-02-23,102.51,101.5,102.52,101.28,102.51,584700,yahoo
2018-02-26,103.28,102.82,103.34,102.36,103.28,889500,yahoo
2018-02-27,101.94,103.34,103.72,101.93,101.94,671600,yahoo
2018-02-28,100.83,102.3,102.53,100.83,100.83,547200,yahoo
2018-03-01,99.75,100.82,101.44,99.13,99.75,984800,yahoo
2018-03-02,100.41,99.18,100.59,98.82,100.41,923500,yahoo
2018-03-05,101.62,99.96,101.85,99.89,101.62,614900,yahoo
2018-03-06,102.07,101.91,102.14,101.33,102.07,556600,yahoo
2018-03-07,101.98,101.26,102.12,101.18,101.98,507800,yahoo
2018-03-08,102.33,102.28,102.4,101.73,102.33,515200,yahoo
2018-03-09,103.92,102.87,103.95,102.69,103.92,492600,yahoo
2018-03-12,103.78,104.01,104.21,103.6,103.78,316800,yahoo
2018-03-13,103.34,104.22,104.41,103.12,103.34,596000,yahoo
2018-03-14,102.72,103.7,103.78,102.53,102.72,904100,yahoo
2018-03-15,102.45,102.92,103.0,102.23,102.45,420600,yahoo
2018-03-16,102.44,102.15,102.75,102.15,102.44,305500,yahoo
2018-03-19,101.29,102.16,102.44,100.65,101.29,947300,yahoo
2018-03-20,101.4,101.58,101.71,101.17,101.4,515500,yahoo
2018-03-21,101.43,101.34,102.22,101.3,101.43,494900,yahoo
2018-03-22,99.18,100.69,101.06,99.12,99.18,847000,yahoo
2018-03-23,97.29,99.38,99.59,97.2,97.29,888000,yahoo
2018-03-26,99.53,98.5,99.62,97.79,99.53,638400,yahoo
2018-03-27,98.35,99.89,100.16,97.85,98.35,1451700,yahoo
2018-03-28,98.23,98.49,99.01,97.97,98.23,865000,yahoo
2018-03-29,99.48,98.7,100.01,98.61,99.48,1132300,yahoo
2018-04-02,97.3,99.28,99.43,96.37,97.3,1341100,yahoo
2018-04-03,98.47,97.69,98.64,97.2,98.47,905700,yahoo
2018-04-04,99.62,97.26,99.77,97.2,99.62,1166600,yahoo
2018-04-05,100.26,100.11,100.57,99.72,100.26,454400,yahoo
2018-04-06,98.14,99.43,100.0,97.42,98.14,737000,yahoo
2018-04-09,98.34,98.72,99.7,98.27,98.34,279600,yahoo
2018-04-10,99.74,99.46,100.09,99.15,99.74,606100,yahoo
2018-04-11,99.39,98.98,99.97,98.98,99.39,509100,yahoo
2018-04-12,99.86,99.83,100.22,99.62,99.86,489300,yahoo
2018-04-13,99.65,100.36,100.52,99.28,99.65,539900,yahoo
2018-04-16,100.61,100.2,100.92,100.0,100.61,720100,yahoo
2018-04-17,101.43,101.2,101.68,100.99,101.43,677600,yahoo
2018-04-18,101.7,101.74,102.17,101.58,101.7,342600,yahoo
2018-04-19,100.99,101.56,101.56,100.56,100.99,386000,yahoo
2018-04-20,100.28,101.0,101.11,99.93,100.28,338500,yahoo
2018-04-23,100.41,100.36,100.84,100.0,100.41,274000,yahoo
2018-04-24,99.45,100.85,100.98,98.82,99.45,482400,yahoo
2018-04-25,99.73,99.37,99.91,98.76,99.73,370300,yahoo
2018-04-26,100.5,99.97,100.75,99.72,100.5,278900,yahoo
2018-04-27,100.77,100.5,100.93,100.32,100.77,196300,yahoo
2018-04-30,99.85,100.86,101.15,99.85,99.85,606200,yahoo
2018-05-01,99.89,99.66,99.9,98.92,99.89,602800,yahoo
2018-05-02,99.06,99.62,99.95,98.93,99.06,260400,yahoo
2018-05-03,98.73,98.81,98.97,97.53,98.73,606300,yahoo
2018-05-04,99.83,98.29,100.18,98.22,99.83,482500,yahoo
2018-05-07,100.0,100.08,100.38,99.76,100.0,353300,yahoo
2018-05-08,99.93,99.83,100.11,99.39,99.93,322000,yahoo
2018-05-09,100.74,100.21,100.92,100.07,100.74,311800,yahoo
2018-05-10,101.62,101.1,101.75,100.93,101.62,432100,yahoo
2018-05-11,101.72,101.57,101.98,101.44,101.72,218500,yahoo
2018-05-14,101.76,101.98,102.17,101.52,101.76,429200,yahoo
2018-05-15,101.25,101.29,101.37,100.92,101.25,485500,yahoo
2018-05-16,101.81,101.38,102.0,101.38,101.81,361200,yahoo
2018-05-17,101.94,101.81,102.24,101.54,101.94,489500,yahoo
2018-05-18,101.73,101.75,101.89,101.53,101.73,336600,yahoo
2018-05-21,102.39,102.26,102.57,102.18,102.39,260300,yahoo
2018-05-22,102.0,102.57,102.75,101.91,102.0,383800,yahoo
2018-05-23,102.19,101.67,102.19,101.53,102.19,375700,yahoo
2018-05-24,102.17,102.02,102.22,101.49,102.17,554400,yahoo
2018-05-25,101.95,101.93,102.14,101.73,101.95,301100,yahoo
2018-05-29,100.87,101.39,101.53,100.43,100.87,812200,yahoo
2018-05-30,102.21,101.35,102.44,101.34,102.21,510400,yahoo
2018-05-31,101.3,102.08,102.08,101.05,101.3,714300,yahoo
2018-06-01,102.16,101.81,102.29,101.76,102.16,566400,yahoo
2018-06-04,102.51,102.5,102.67,102.19,102.51,399600,yahoo
2018-06-05,102.7,102.55,102.8,102.33,102.7,451100,yahoo
2018-06-06,103.48,102.86,103.48,102.62,103.48,544000,yahoo
2018-06-07,103.53,103.58,103.91,103.2,103.53,400700,yahoo
2018-06-08,104.02,103.37,104.02,103.33,104.02,324800,yahoo
2018-06-11,104.24,104.08,104.48,104.08,104.24,385500,yahoo
2018-06-12,104.54,104.43,104.65,104.21,104.54,422200,yahoo
2018-06-13,104.02,104.62,104.64,103.98,104.02,432900,yahoo
2018-06-14,104.29,104.25,104.55,104.07,104.29,473600,yahoo
2018-06-15,103.89,103.59,103.91,103.17,103.89,482600,yahoo
2018-06-18,103.7,103.32,103.75,103.18,103.7,395700,yahoo
2018-06-19,103.28,102.81,103.35,102.45,103.28,446200,yahoo
2018-06-20,103.57,103.57,103.72,103.29,103.57,443100,yahoo
2018-06-21,102.97,103.56,103.57,102.78,102.97,292000,yahoo
2018-06-22,103.24,103.5,103.6,103.16,103.24,589800,yahoo
2018-06-25,102.11,102.86,102.92,101.55,102.11,865800,yahoo
2018-06-26,102.21,102.26,102.51,101.94,102.21,497200,yahoo
2018-06-27,101.3,102.34,102.89,101.3,101.3,597500,yahoo
2018-06-28,101.71,101.2,101.97,100.85,101.71,535900,yahoo
2018-06-29,101.89,102.04,102.63,101.83,101.89,740900,yahoo
2018-07-02,101.85,101.31,101.89,100.99,101.85,889800,yahoo
2018-07-03,101.8,102.21,102.42,101.62,101.8,310700,yahoo
2018-07-05,102.56,102.18,102.57,101.76,102.56,476500,yahoo
2018-07-06,103.34,102.57,103.52,102.46,103.34,584300,yahoo
2018-07-09,104.13,103.74,104.18,103.74,104.13,421000,yahoo
2018-07-10,104.4,104.32,104.46,104.08,104.4,557900,yahoo
2018-07-11,103.58,103.89,104.01,103.44,103.58,317900,yahoo
2018-07-12,104.16,104.04,104.25,103.66,104.16,665200,yahoo
2018-07-13,104.26,104.14,104.45,104.1,104.26,384300,yahoo
2018-07-16,103.95,104.25,104.33,103.77,103.95,572200,yahoo
2018-07-17,104.28,103.74,104.43,103.74,104.28,322500,yahoo
2018-07-18,104.52,104.28,104.56,104.14,104.52,280700,yahoo
2018-07-19,104.5,104.25,104.74,103.98,104.5,483500,yahoo
2018-07-20,104.16,104.25,104.39,104.08,104.16,208300,yahoo
2018-07-23,104.17,104.1,104.28,103.87,104.17,206300,yahoo
2018-07-24,104.12,104.46,104.6,103.84,104.12,1505300,yahoo
2018-07-25,105.04,104.05,105.08,104.03,105.04,447600,yahoo
2018-07-26,105.41,105.06,105.61,104.96,105.41,377000,yahoo
2018-07-27,104.79,105.55,105.6,104.48,104.79,301300,yahoo
2018-07-30,104.34,104.73,105.07,104.26,104.34,303800,yahoo
2018-07-31,105.05,104.7,105.22,104.65,105.05,1085700,yahoo
2018-08-01,104.37,104.94,104.94,104.17,104.37,405400,yahoo
2018-08-02,104.79,103.85,104.87,103.69,104.79,383300,yahoo
2018-08-03,105.32,104.89,105.34,104.81,105.32,309500,yahoo
2018-08-06,105.57,105.28,105.72,105.16,105.57,398200,yahoo
2018-08-07,105.78,105.74,105.93,105.61,105.78,451700,yahoo
2018-08-08,105.59,105.73,105.73,105.42,105.59,277200,yahoo
2018-08-09,105.47,105.66,105.86,105.42,105.47,291600,yahoo
2018-08-10,104.76,104.96,105.12,104.55,104.76,319400,yahoo
2018-08-13,104.22,104.87,104.94,104.06,104.22,1100300,yahoo
2018-08-14,105.1,104.54,105.24,104.54,105.1,286800,yahoo
2018-08-15,104.4,104.6,104.6,103.81,104.4,396700,yahoo
2018-08-16,105.23,104.82,105.52,104.82,105.23,366600,yahoo
2018-08-17,105.79,105.09,105.96,105.09,105.79,275600,yahoo
2018-08-20,106.29,105.97,106.37,105.96,106.29,399900,yahoo
2018-08-21,106.56,106.41,106.81,106.39,106.56,345100,yahoo
2018-08-22,106.33,106.46,106.54,106.22,106.33,331600,yahoo
2018-08-23,106.07,106.23,106.41,105.96,106.07,273600,yahoo
2018-08-24,106.64,106.26,106.69,106.19,106.64,206500,yahoo
2018-08-27,107.24,107.03,107.4,107.03,107.24,1752900,yahoo
2018-08-28,107.34,107.43,107.54,107.06,107.34,1666600,yahoo
2018-08-29,107.76,107.41,107.89,107.23,107.76,767900,yahoo
2018-08-30,107.07,107.53,107.57,106.87,107.07,399400,yahoo
2018-08-31,107.11,106.9,107.25,106.74,107.11,376300,yahoo
2018-09-04,107.01,107.0,107.19,106.61,107.01,718200,yahoo
2018-09-05,107.06,106.86,107.18,106.49,107.06,430400,yahoo
2018-09-06,106.86,107.1,107.35,106.59,106.86,579300,yahoo
2018-09-07,106.48,106.49,106.88,106.27,106.48,474600,yahoo
2018-09-10,106.88,106.87,107.18,106.81,106.88,443900,yahoo
2018-09-11,106.96,106.63,107.2,106.46,106.96,1394500,yahoo
2018-09-12,107.15,106.93,107.27,106.73,107.15,2770000,yahoo
2018-09-13,107.6,107.46,107.72,107.34,107.6,1526600,yahoo
2018-09-14,107.74,107.64,107.84,107.44,107.74,423300,yahoo
2018-09-17,107.38,107.8,107.84,107.29,107.38,372400,yahoo
2018-09-18,107.88,107.45,108.03,107.34,107.88,478300,yahoo
2018-09-19,107.83,107.91,108.22,107.78,107.83,514800,yahoo
2018-09-20,108.51,108.18,108.61,108.16,108.51,439600,yahoo
2018-09-21,108.58,108.76,108.89,108.54,108.58,397900,yahoo
2018-09-24,107.33,107.93,107.98,107.18,107.33,380000,yahoo
2018-09-25,107.04,107.53,107.6,106.96,107.04,432200,yahoo
2018-09-26,106.63,107.07,107.49,106.51,106.63,920100,yahoo
2018-09-27,106.64,106.7,107.13,106.52,106.64,598000,yahoo
2018-09-28,106.81,106.49,106.99,106.46,106.81,444400,yahoo
2018-10-01,106.81,107.23,107.37,106.61,106.81,1042700,yahoo
2018-10-02,106.66,106.75,107.03,106.49,106.66,522600,yahoo
2018-10-03,106.67,107.01,107.13,106.52,106.67,637000,yahoo
2018-10-04,105.93,106.47,106.5,105.39,105.93,964300,yahoo
2018-10-05,105.41,105.92,106.28,104.91,105.41,1082000,yahoo
2018-10-08,105.54,105.19,105.68,104.86,105.54,486200,yahoo
2018-10-09,105.04,105.38,105.63,105.0,105.04,607900,yahoo
2018-10-10,102.03,104.82,105.18,101.96,102.03,1317400,yahoo
2018-10-11,99.77,101.73,102.2,99.34,99.77,2233600,yahoo
2018-10-12,100.64,101.12,101.19,99.5,100.64,1857900,yahoo
2018-10-15,100.6,100.5,101.44,100.47,100.6,1018500,yahoo
2018-10-16,102.62,101.17,102.75,100.93,102.62,906000,yahoo
2018-10-17,102.41,102.55,102.69,101.46,102.41,801500,yahoo
2018-10-18,101.1,102.03,102.4,100.59,101.1,895600,yahoo
2018-10-19,100.8,101.19,101.95,100.59,100.8,713800,yahoo
2018-10-22,100.13,100.99,101.15,100.06,100.13,603000,yahoo
2018-10-23,99.49,98.76,100.01,97.81,99.49,1527900,yahoo
2018-10-24,96.85,99.43,99.76,96.72,96.85,1818100,yahoo
2018-10-25,98.12,97.35,98.76,97.01,98.12,3390500,yahoo
2018-10-26,96.59,96.93,97.75,95.5,96.59,2564400,yahoo
2018-10-29,96.63,97.86,98.54,95.4,96.63,2543200,yahoo
2018-10-30,98.5,96.76,98.6,96.73,98.5,2558500,yahoo
2018-10-31,99.07,99.36,100.07,99.04,99.07,3480300,yahoo
2018-11-01,100.51,99.32,100.63,99.2,100.51,4104000,yahoo
2018-11-02,100.15,101.2,101.31,99.34,100.15,2029000,yahoo
2018-11-05,100.9,100.36,101.11,100.08,100.9,834100,yahoo
2018-11-06,101.6,100.89,101.63,100.89,101.6,624900,yahoo
2018-11-07,103.16,102.32,103.24,101.85,103.16,941200,yahoo
2018-11-08,103.08,102.92,103.36,102.67,103.08,634700,yahoo
2018-11-09,102.17,102.58,102.65,101.53,102.17,519700,yahoo
2018-11-12,100.61,101.99,102.0,100.46,100.61,746400,yahoo
2018-11-13,100.57,100.9,101.65,100.25,100.57,830900,yahoo
2018-11-14,99.93,101.14,101.48,99.33,99.93,935200,yahoo
2018-11-15,100.78,99.39,100.96,98.78,100.78,1253800,yahoo
2018-11-16,101.1,100.45,101.45,100.35,101.1,856300,yahoo
2018-11-19,99.78,100.95,101.18,99.41,99.78,947600,yahoo
2018-11-20,98.03,98.68,99.03,97.76,98.03,1285000,yahoo
2018-11-21,98.64,98.47,99.34,98.44,98.64,683300,yahoo
2018-11-23,98.35,98.0,98.83,97.98,98.35,151200,yahoo
2018-11-26,99.68,99.23,99.7,98.97,99.68,610000,yahoo
2018-11-27,99.73,99.31,99.76,99.14,99.73,596000,yahoo
2018-11-28,101.55,100.06,101.55,99.5,101.55,818200,yahoo
2018-11-29,101.25,101.26,101.82,100.74,101.25,528700,yahoo
2018-11-30,101.66,101.19,101.88,101.03,101.66,689600,yahoo
2018-12-03,102.89,103.04,103.34,102.11,102.89,1289600,yahoo
2018-12-04,99.8,102.73,102.88,99.6,99.8,1194500,yahoo
2018-12-06,99.5,98.41,99.5,96.87,99.5,2091100,yahoo
2018-12-07,97.34,99.36,99.98,96.97,97.34,1373100,yahoo
2018-12-10,97.16,97.34,97.53,95.38,97.16,1665000,yahoo
2018-12-11,97.09,98.32,98.65,96.61,97.09,711900,yahoo
2018-12-12,97.58,98.29,98.72,97.56,97.58,670500,yahoo
2018-12-13,97.12,97.84,98.07,96.8,97.12,655600,yahoo
2018-12-14,95.74,96.25,96.88,95.49,95.74,982700,yahoo
2018-12-17,93.67,95.42,95.73,93.16,93.67,1721100,yahoo
2018-12-18,93.54,94.29,94.77,92.97,93.54,2954100,yahoo
2018-12-19,92.07,93.54,95.02,91.58,92.07,2041300,yahoo
2018-12-20,90.62,91.68,92.26,89.67,90.62,2758600,yahoo
2018-12-21,89.01,90.89,92.13,88.82,89.01,2648200,yahoo
2018-12-24,86.19,87.96,88.16,86.16,86.19,1472700,yahoo
2018-12-26,90.09,86.61,90.09,85.76,90.09,2744400,yahoo
2018-12-27,90.9,88.91,90.9,87.66,90.9,2794700,yahoo
2018-12-28,90.67,91.18,91.87,90.21,90.67,2436600,yahoo
2018-12-31,91.4,91.19,91.43,90.36,91.4,3096200,yahoo
2019-01-02,91.45,90.06,91.79,89.9,91.45,1783300,yahoo
2019-01-03,89.68,90.99,91.11,89.47,89.68,1738900,yahoo
2019-01-04,92.66,90.76,92.92,90.72,92.66,1308100,yahoo
2019-01-07,93.63,92.78,94.34,92.44,93.63,1055100,yahoo
2019-01-08,94.64,94.46,94.69,93.56,94.64,1195800,yahoo
2019-01-09,95.31,94.97,95.66,94.62,95.31,1142400,yahoo
2019-01-10,95.89,94.72,95.92,94.48,95.89,1420600,yahoo
2019-01-11,95.96,95.45,96.04,95.2,95.96,1933000,yahoo
2019-01-14,95.44,95.28,95.8,95.07,95.44,754700,yahoo
2019-01-15,96.17,95.52,96.31,95.52,96.17,891700,yahoo
2019-01-16,96.41,96.26,96.78,96.17,96.41,764600,yahoo
2019-01-17,97.31,96.1,97.64,96.04,97.31,947700,yahoo
2019-01-18,98.79,97.94,98.92,97.82,98.79,1057900,yahoo
2019-01-22,97.47,98.24,98.25,96.89,97.47,3144100,yahoo
2019-01-23,97.39,97.83,98.06,96.47,97.39,1446300,yahoo
2019-01-24,97.84,97.35,98.06,97.29,97.84,1133200,yahoo
2019-01-25,98.88,98.57,99.13,98.54,98.88,926000,yahoo
2019-01-28,98.49,98.12,98.52,97.72,98.49,1084700,yahoo
2019-01-29,98.66,98.63,98.82,98.24,98.66,809500,yahoo
2019-01-30,99.71,99.02,100.07,98.48,99.71,1086100,yahoo
2019-01-31,100.37,99.59,100.47,99.49,100.37,1924000,yahoo
2019-02-01,100.62,100.5,100.81,100.22,100.62,1213900,yahoo
2019-02-04,101.17,100.67,101.17,100.16,101.17,803800,yahoo
2019-02-05,101.56,101.3,101.63,101.06,101.56,1752700,yahoo
2019-02-06,101.47,101.41,101.64,101.22,101.47,661500,yahoo
2019-02-07,100.74,100.93,101.25,100.05,100.74,1118200,yahoo
2019-02-08,100.93,100.42,100.93,99.91,100.93,787200,yahoo
2019-02-11,101.21,101.16,101.3,100.9,101.21,457900,yahoo
2019-02-12,102.46,101.87,102.66,101.85,102.46,1003600,yahoo
2019-02-13,102.91,102.75,103.13,102.57,102.91,804000,yahoo
2019-02-14,102.67,102.45,103.15,102.13,102.67,703800,yahoo
2019-02-15,103.82,103.36,103.82,103.34,103.82,742100,yahoo
2019-02-19,104.01,103.54,104.29,103.28,104.01,1337600,yahoo
2019-02-20,104.38,104.05,104.59,103.99,104.38,700300,yahoo
2019-02-21,103.98,104.21,104.33,103.6,103.98,547500,yahoo
2019-02-22,104.53,104.21,104.61,104.08,104.53,729800,yahoo
2019-02-25,104.55,105.05,105.26,104.5,104.55,696600,yahoo
2019-02-26,104.27,104.43,104.74,104.26,104.27,701100,yahoo
2019-02-27,104.3,104.02,104.42,103.76,104.3,636300,yahoo
2019-02-28,104.05,104.17,104.33,103.88,104.05,1383000,yahoo
2019-03-01,104.75,104.77,105.04,104.12,104.75,911100,yahoo
2019-03-04,104.25,105.11,105.14,103.28,104.25,1636500,yahoo
2019-03-05,103.93,104.3,104.31,103.84,103.93,314200,yahoo
2019-03-06,103.02,103.9,103.94,102.93,103.02,512200,yahoo
2019-03-07,102.22,102.86,102.86,101.88,102.22,1083100,yahoo
2019-03-08,101.9,101.55,101.93,101.21,101.9,1117500,yahoo
2019-03-11,103.22,102.13,103.25,102.13,103.22,641800,yahoo
2019-03-12,103.56,103.39,103.78,103.32,103.56,636600,yahoo
2019-03-13,104.18,103.87,104.55,103.82,104.18,725300,yahoo
2019-03-14,104.03,104.22,104.36,103.84,104.03,326400,yahoo
2019-03-15,104.41,104.18,104.77,104.11,104.41,491300,yahoo
2019-03-18,104.42,104.09,104.48,103.73,104.42,608800,yahoo
2019-03-19,104.24,104.74,105.05,103.9,104.24,734100,yahoo
2019-03-20,103.51,104.13,104.34,103.11,103.51,1057300,yahoo
2019-03-21,104.84,103.25,105.05,103.25,104.84,722200,yahoo
2019-03-22,102.69,104.37,104.45,102.65,102.69,920100,yahoo
2019-03-25,102.72,102.62,103.18,102.12,102.72,661700,yahoo
2019-03-26,103.58,103.3,103.91,102.97,103.58,523800,yahoo
2019-03-27,103.24,103.6,103.87,102.63,103.24,771200,yahoo
2019-03-28,103.82,103.43,103.97,103.09,103.82,736700,yahoo
2019-03-29,104.44,104.39,104.6,104.06,104.44,782900,yahoo
2019-04-01,105.77,105.19,105.85,105.12,105.77,1259600,yahoo
2019-04-02,105.69,105.81,105.84,105.39,105.69,722400,yahoo
2019-04-03,105.98,106.2,106.43,105.7,105.98,912000,yahoo
2019-04-04,106.33,106.01,106.36,105.86,106.33,1785900,yahoo
2019-04-05,107.02,106.59,107.04,106.52,107.02,851900,yahoo
2019-04-08,107.09,106.9,107.1,106.61,107.09,836000,yahoo
2019-04-09,106.25,106.71,106.71,106.04,106.25,535500,yahoo
2019-04-10,106.77,106.4,106.81,106.23,106.77,471800,yahoo
2019-04-11,106.91,106.98,107.09,106.59,106.91,462900,yahoo
2019-04-12,107.77,107.57,107.9,107.37,107.77,456700,yahoo
2019-04-15,107.47,107.86,107.86,107.34,107.47,423300,yahoo
2019-04-16,107.51,107.86,107.86,107.28,107.51,544700,yahoo
2019-04-17,106.88,107.9,108.0,106.74,106.88,463200,yahoo
2019-04-18,107.13,107.15,107.23,106.62,107.13,529800,yahoo
2019-04-22,106.86,106.88,106.98,106.65,106.86,474500,yahoo
2019-04-23,107.85,107.01,107.97,107.01,107.85,530800,yahoo
2019-04-24,107.82,107.87,108.12,107.72,107.82,573700,yahoo
2019-04-25,107.19,107.16,107.51,106.69,107.19,564500,yahoo
2019-04-26,107.84,107.26,107.84,107.02,107.84,520600,yahoo
2019-04-29,107.83,107.88,108.14,107.79,107.83,365900,yahoo
2019-04-30,108.19,107.95,108.3,107.31,108.19,671800,yahoo
2019-05-01,107.1,108.29,108.49,107.1,107.1,866600,yahoo
2019-05-02,107.11,106.97,107.51,106.39,107.11,600400,yahoo
2019-05-03,108.07,107.5,108.13,107.38,108.07,440900,yahoo
2019-05-06,107.56,106.4,107.75,106.23,107.56,522600,yahoo
2019-05-07,105.83,106.7,106.84,105.09,105.83,1552600,yahoo
2019-05-08,105.66,105.69,106.3,105.46,105.66,904200,yahoo
2019-05-09,105.53,104.94,105.73,104.21,105.53,637300,yahoo
2019-05-10,105.99,105.17,106.27,103.9,105.99,977700,yahoo
2019-05-13,103.35,104.21,104.29,102.9,103.35,1200800,yahoo
2019-05-14,104.37,103.72,104.96,103.6,104.37,827600,yahoo
2019-05-15,104.7,103.75,104.97,103.51,104.7,871000,yahoo
2019-05-16,105.41,104.93,105.97,104.93,105.41,701000,yahoo
2019-05-17,104.71,104.58,105.68,104.58,104.71,684800,yahoo
2019-05-20,104.05,104.12,104.53,103.75,104.05,410900,yahoo
2019-05-21,105.17,104.67,105.32,104.64,105.17,423000,yahoo
2019-05-22,104.64,104.8,105.06,104.45,104.64,651500,yahoo
2019-05-23,103.33,103.77,103.77,102.77,103.33,972900,yahoo
2019-05-24,103.52,103.83,104.05,103.21,103.52,715500,yahoo
2019-05-28,102.39,103.62,103.96,102.39,102.39,552600,yahoo
2019-05-29,101.69,101.95,102.1,101.12,101.69,735200,yahoo
2019-05-30,101.85,101.95,102.44,101.46,101.85,705300,yahoo
2019-05-31,100.69,100.86,101.2,100.5,100.69,1224500,yahoo
2019-06-03,101.27,100.75,101.71,100.74,101.27,1346300,yahoo
2019-06-04,103.54,102.12,103.58,102.12,103.54,659500,yahoo
2019-06-05,104.36,104.1,104.41,103.28,104.36,580900,yahoo
2019-06-06,104.88,104.45,105.13,104.16,104.88,518400,yahoo
2019-06-07,105.56,105.25,105.98,105.21,105.56,663400,yahoo
2019-06-10,105.89,106.04,106.5,105.85,105.89,391800,yahoo
2019-06-11,105.78,106.52,106.75,105.5,105.78,436600,yahoo
2019-06-12,105.65,105.68,105.91,105.44,105.65,1951000,yahoo
2019-06-13,106.27,105.95,106.33,105.81,106.27,960200,yahoo
2019-06-14,105.98,106.22,106.22,105.7,105.98,308700,yahoo
2019-06-17,105.81,106.1,106.19,105.77,105.81,287900,yahoo
2019-06-18,106.85,106.39,107.33,106.39,106.85,564800,yahoo
2019-06-19,107.24,106.9,107.42,106.67,107.24,610900,yahoo
2019-06-20,108.18,108.22,108.33,107.34,108.18,853800,yahoo
2019-06-21,107.93,108.08,108.3,107.74,107.93,620400,yahoo
2019-06-24,106.98,107.46,107.52,106.95,106.98,428700,yahoo
2019-06-25,106.33,107.07,107.11,106.28,106.33,358000,yahoo
2019-06-26,106.15,106.6,106.75,106.12,106.15,383000,yahoo
2019-06-27,106.82,106.43,106.92,106.43,106.82,404400,yahoo
2019-06-28,107.8,107.16,107.88,107.15,107.8,447000,yahoo
2019-07-01,108.57,109.0,109.24,108.01,108.57,1172000,yahoo
2019-07-02,108.45,108.49,108.57,108.02,108.45,813100,yahoo
2019-07-03,109.44,108.78,109.45,108.77,109.44,228800,yahoo
2019-07-05,109.3,108.96,109.33,108.29,109.3,388400,yahoo
2019-07-08,108.7,108.9,109.14,108.46,108.7,349600,yahoo
2019-07-09,108.66,108.22,108.71,108.15,108.66,370900,yahoo
2019-07-10,108.78,109.01,109.26,108.55,108.78,741100,yahoo
2019-07-11,109.0,108.94,109.05,108.45,109.0,345300,yahoo
2019-07-12,109.74,109.16,109.78,109.12,109.74,379500,yahoo
2019-07-15,109.65,109.85,109.85,109.42,109.65,330400,yahoo
2019-07-16,109.43,109.63,109.85,109.34,109.43,478500,yahoo
2019-07-17,108.52,109.43,109.43,108.52,108.52,319200,yahoo
2019-07-18,108.94,108.31,109.11,108.19,108.94,271700,yahoo
2019-07-19,108.48,109.27,109.41,108.44,108.48,410100,yahoo
2019-07-22,108.51,108.68,108.82,108.33,108.51,413800,yahoo
2019-07-23,109.45,108.83,109.48,108.72,109.45,410700,yahoo
2019-07-24,110.18,109.31,110.24,109.18,110.18,359100,yahoo
2019-07-25,109.47,110.0,110.0,109.23,109.47,417000,yahoo
2019-07-26,110.02,109.63,110.07,109.48,110.02,1105900,yahoo
2019-07-29,109.7,110.02,110.02,109.55,109.7,493700,yahoo
2019-07-30,109.8,109.11,109.8,108.87,109.8,260900,yahoo
2019-07-31,108.71,109.75,109.91,107.87,108.71,564000,yahoo
2019-08-01,107.32,108.67,109.43,106.91,107.32,921900,yahoo
2019-08-02,106.46,107.02,107.03,105.93,106.46,651000,yahoo
2019-08-05,103.44,104.99,104.99,102.59,103.44,1455800,yahoo
2019-08-06,104.59,104.01,104.65,103.21,104.59,1056900,yahoo
2019-08-07,104.73,103.35,104.99,102.64,104.73,1022800,yahoo
2019-08-08,106.62,105.22,106.67,105.14,106.62,456700,yahoo
2019-08-09,105.64,106.2,106.33,105.13,105.64,440400,yahoo
2019-08-12,104.29,105.06,105.13,103.92,104.29,439900,yahoo
2019-08-13,105.64,104.1,106.43,103.9,105.64,412000,yahoo
2019-08-14,102.4,104.05,104.08,102.3,102.4,701300,yahoo
2019-08-15,102.43,102.71,102.85,101.73,102.43,768800,yahoo
2019-08-16,104.09,102.97,104.23,102.97,104.09,564200,yahoo
2019-08-19,105.29,105.2,105.62,105.0,105.29,455700,yahoo
2019-08-20,104.44,105.06,105.15,104.39,104.44,442400,yahoo
2019-08-21,105.29,105.24,105.4,105.05,105.29,324800,yahoo
2019-08-22,105.36,105.52,105.81,104.77,105.36,337500,yahoo
2019-08-23,102.51,104.79,105.34,102.08,102.51,856800,yahoo
2019-08-26,103.41,103.36,103.54,102.73,103.41,636000,yahoo
2019-08-27,102.83,103.9,104.06,102.67,102.83,440400,yahoo
2019-08-28,103.72,102.58,103.81,102.4,103.72,420000,yahoo
2019-08-29,105.12,104.73,105.33,104.46,105.12,570700,yahoo
2019-08-30,105.16,105.6,105.86,104.93,105.16,1026700,yahoo
2019-09-03,104.57,104.49,104.81,103.96,104.57,422400,yahoo
2019-09-04,105.81,105.41,105.84,105.25,105.81,540000,yahoo
2019-09-05,107.36,106.84,107.69,106.79,107.36,525600,yahoo
2019-09-06,107.62,107.53,107.86,107.28,107.62,388400,yahoo
2019-09-09,108.21,107.95,108.22,107.7,108.21,380100,yahoo
2019-09-10,108.71,107.96,108.71,107.67,108.71,510600,yahoo
2019-09-11,109.54,108.77,109.57,108.27,109.54,643500,yahoo
2019-09-12,109.67,109.82,110.01,109.26,109.67,522800,yahoo
2019-09-13,109.69,109.95,110.25,109.64,109.69,282500,yahoo
2019-09-16,109.77,109.44,109.86,109.27,109.77,331500,yahoo
2019-09-17,109.79,109.69,109.82,109.32,109.79,283000,yahoo
2019-09-18,109.67,109.59,109.68,108.71,109.67,394200,yahoo
2019-09-19,109.37,109.78,109.98,109.25,109.37,250200,yahoo
2019-09-20,108.88,109.57,109.8,108.75,108.88,1150800,yahoo
2019-09-23,108.48,108.09,108.72,107.98,108.48,289500,yahoo
2019-09-24,107.6,108.83,108.88,107.21,107.6,870400,yahoo
2019-09-25,108.21,107.6,108.36,107.19,108.21,325500,yahoo
2019-09-26,107.95,108.24,108.24,107.43,107.95,401700,yahoo
2019-09-27,107.57,108.23,108.4,106.98,107.57,371800,yahoo
2019-09-30,108.08,107.75,108.3,107.75,108.08,1065400,yahoo
2019-10-01,106.4,108.26,108.56,106.26,106.4,903600,yahoo
2019-10-02,104.39,105.77,105.86,103.96,104.39,721200,yahoo
2019-10-03,105.15,104.23,105.15,103.14,105.15,720400,yahoo
2019-10-04,106.32,105.31,106.36,105.23,106.32,303600,yahoo
2019-10-07,105.75,106.0,106.58,105.7,105.75,446100,yahoo
2019-10-08,103.92,105.03,105.03,103.92,103.92,574700,yahoo
2019-10-09,104.84,104.74,105.21,104.41,104.84,380900,yahoo
2019-10-10,105.63,104.8,105.91,104.8,105.63,325700,yahoo
2019-10-11,107.07,106.69,107.95,106.69,107.07,695500,yahoo
2019-10-14,106.83,106.9,107.0,106.58,106.83,229300,yahoo
2019-10-15,107.74,107.17,108.06,107.04,107.74,429900,yahoo
2019-10-16,107.56,107.6,107.95,107.44,107.56,358400,yahoo
2019-10-17,107.97,107.99,108.33,107.72,107.97,356300,yahoo
2019-10-18,107.84,107.68,108.09,107.44,107.84,272300,yahoo
2019-10-21,108.66,108.41,108.7,108.25,108.66,276700,yahoo
2019-10-22,108.67,108.84,109.25,108.59,108.67,384200,yahoo
2019-10-23,108.98,108.49,109.0,108.34,108.98,353500,yahoo
2019-10-24,109.03,109.29,109.38,108.57,109.03,213000,yahoo
2019-10-25,109.43,108.91,109.66,108.88,109.43,335100,yahoo
2019-10-28,109.77,109.81,110.12,109.74,109.77,363500,yahoo
2019-10-29,109.97,109.55,110.29,109.48,109.97,305800,yahoo
2019-10-30,109.98,110.0,110.08,109.31,109.98,318500,yahoo
2019-10-31,109.41,109.79,109.79,108.8,109.41,392200,yahoo
2019-11-01,110.76,110.0,110.78,109.99,110.76,359900,yahoo
2019-11-04,111.4,111.33,111.49,111.18,111.4,385300,yahoo
2019-11-05,111.4,111.51,111.94,111.23,111.4,369500,yahoo
2019-11-06,111.28,111.44,111.44,110.95,111.28,655900,yahoo
2019-11-07,111.55,111.83,112.16,111.38,111.55,595900,yahoo
2019-11-08,111.81,111.36,111.81,111.0,111.81,324500,yahoo
2019-11-11,111.51,111.23,111.6,111.11,111.51,401000,yahoo
2019-11-12,111.57,111.6,112.06,111.38,111.57,255800,yahoo
2019-11-13,111.49,111.15,111.67,110.98,111.49,338800,yahoo
2019-11-14,111.74,111.44,111.76,111.32,111.74,298700,yahoo
2019-11-15,112.56,112.29,112.56,112.02,112.56,275000,yahoo
2019-11-18,112.42,112.4,112.5,112.21,112.42,386600,yahoo
2019-11-19,112.33,112.63,112.69,112.0,112.33,428300,yahoo
2019-11-20,111.9,112.01,112.32,111.37,111.9,496900,yahoo
2019-11-21,111.67,112.03,112.03,111.41,111.67,289700,yahoo
2019-11-22,112.0,111.9,112.07,111.59,112.0,377800,yahoo
2019-11-25,113.01,112.4,113.03,112.32,113.01,358400,yahoo
2019-11-26,113.14,112.94,113.21,112.8,113.14,479400,yahoo
2019-11-27,113.62,113.39,113.64,113.16,113.62,272500,yahoo
2019-11-29,113.13,113.44,113.46,113.0,113.13,151000,yahoo
2019-12-02,112.18,113.16,113.16,112.12,112.18,834800,yahoo
2019-12-03,111.27,111.17,111.32,110.52,111.27,808500,yahoo
2019-12-04,112.08,111.6,112.45,111.47,112.08,319500,yahoo
2019-12-05,112.27,112.32,112.33,111.84,112.27,369100,yahoo
2019-12-06,113.31,113.04,113.52,113.04,113.31,371400,yahoo
2019-12-09,112.96,113.16,113.37,112.96,112.96,207600,yahoo
2019-12-10,112.84,112.96,113.23,112.68,112.84,378100,yahoo
2019-12-11,113.17,113.01,113.25,112.85,113.17,400500,yahoo
2019-12-12,114.36,113.19,114.59,113.06,114.36,618100,yahoo
2019-12-13,114.04,114.27,114.82,113.69,114.04,551500,yahoo
2019-12-16,114.76,114.78,115.07,114.64,114.76,381700,yahoo
2019-12-17,114.78,114.89,114.95,114.73,114.78,529600,yahoo
2019-12-18,114.95,114.9,115.08,114.73,114.95,302500,yahoo
2019-12-19,115.34,115.05,115.42,114.96,115.34,1710700,yahoo
2019-12-20,115.93,115.71,116.04,115.65,115.93,434400,yahoo
2019-12-23,115.52,115.74,115.85,115.42,115.52,330000,yahoo
2019-12-24,115.6,115.62,115.67,115.48,115.6,213700,yahoo
2019-12-26,115.85,115.74,115.87,115.54,115.85,335100,yahoo
2019-12-27,115.69,116.13,116.13,115.55,115.69,372600,yahoo
2019-12-30,115.29,115.74,115.8,115.13,115.29,582400,yahoo
2019-12-31,115.72,115.14,115.75,115.01,115.72,328700,yahoo
2020-01-02,116.05,116.27,116.37,115.37,116.05,700900,yahoo
2020-01-03,115.39,114.99,115.58,114.92,115.39,542900,yahoo
2020-01-06,115.54,114.77,115.57,114.77,115.54,570000,yahoo
2020-01-07,115.44,115.41,115.69,115.12,115.44,477700,yahoo
2020-01-08,115.78,115.5,116.25,115.35,115.78,498300,yahoo
2020-01-09,116.31,116.19,116.35,115.92,116.31,518700,yahoo
2020-01-10,115.95,116.52,116.52,115.8,115.95,353000,yahoo
2020-01-13,116.67,116.12,116.7,115.97,116.67,293500,yahoo
2020-01-14,116.9,116.58,117.19,116.51,116.9,350900,yahoo
2020-01-15,117.08,116.78,117.5,116.78,117.08,346600,yahoo
2020-01-16,118.17,117.53,118.2,117.53,118.17,281600,yahoo
2020-01-17,118.4,118.35,118.47,118.21,118.4,342300,yahoo
2020-01-21,117.91,117.94,118.25,117.79,117.91,415000,yahoo
2020-01-22,117.76,118.23,118.41,117.66,117.76,315100,yahoo
2020-01-23,118.02,117.41,118.09,116.79,118.02,449900,yahoo
2020-01-24,116.81,118.18,118.18,116.18,116.81,473800,yahoo
2020-01-27,114.89,114.9,115.45,114.72,114.89,536500,yahoo
2020-01-28,115.96,115.43,116.36,115.22,115.96,859500,yahoo
2020-01-29,115.6,116.32,116.43,115.58,115.6,701500,yahoo
2020-01-30,115.85,114.65,115.9,114.39,115.85,482500,yahoo
2020-01-31,113.54,115.28,115.32,113.23,113.54,747600,yahoo
2020-02-03,114.3,114.14,115.11,114.14,114.3,519600,yahoo
2020-02-04,115.98,115.71,116.4,115.7,115.98,431200,yahoo
2020-02-05,117.67,117.03,117.75,116.91,117.67,384800,yahoo
2020-02-06,117.64,118.05,118.14,117.54,117.64,449200,yahoo
2020-02-07,116.69,117.18,117.18,116.52,116.69,416900,yahoo
2020-02-10,117.2,116.41,117.2,116.33,117.2,364100,yahoo
2020-02-11,117.9,117.72,118.29,117.67,117.9,330300,yahoo
2020-02-12,118.71,118.45,118.82,118.43,118.71,450500,yahoo
2020-02-13,118.6,118.21,118.78,117.97,118.6,306400,yahoo
2020-02-14,118.62,118.65,118.71,118.2,118.62,547300,yahoo
2020-02-18,118.26,118.38,118.51,117.72,118.26,438100,yahoo
2020-02-19,118.68,118.61,118.92,118.53,118.68,348400,yahoo
2020-02-20,118.65,118.46,118.98,117.55,118.65,349600,yahoo
2020-02-21,117.57,118.06,118.15,117.32,117.57,371600,yahoo
2020-02-24,114.01,114.41,114.9,113.51,114.01,1197800,yahoo
2020-02-25,110.18,114.47,114.47,109.91,110.18,1797500,yahoo
2020-02-26,109.13,110.76,111.75,109.06,109.13,1428800,yahoo
2020-02-27,104.58,107.13,108.87,104.58,104.58,2006200,yahoo
2020-02-28,103.47,101.69,103.62,100.45,103.47,5815800,yahoo
2020-03-02,107.42,103.87,107.46,102.58,107.42,2376700,yahoo
2020-03-03,104.74,107.45,109.34,103.81,104.74,1795400,yahoo
2020-03-04,108.87,106.58,108.89,105.75,108.87,1295600,yahoo
2020-03-05,104.97,106.06,106.97,104.11,104.97,932400,yahoo
2020-03-06,102.82,101.77,103.51,100.46,102.82,2283300,yahoo
2020-03-09,93.91,95.57,97.25,93.43,93.91,2468700,yahoo
2020-03-10,98.43,97.03,98.49,93.25,98.43,2283500,yahoo
2020-03-11,93.12,95.65,96.09,92.0,93.12,2959400,yahoo
2020-03-12,83.72,86.69,89.69,82.73,83.72,3807400,yahoo
2020-03-13,90.52,88.52,90.53,83.48,90.52,2484000,yahoo
2020-03-16,79.62,80.69,85.33,78.9,79.62,3294000,yahoo
2020-03-17,84.13,81.07,84.87,78.27,84.13,3632900,yahoo
2020-03-18,78.65,78.58,80.67,74.12,78.65,2692000,yahoo
2020-03-19,78.86,77.52,80.42,75.02,78.86,2218600,yahoo
2020-03-20,75.03,79.52,80.55,74.82,75.03,2544900,yahoo
2020-03-23,71.66,74.13,74.3,70.56,71.66,2958200,yahoo
2020-03-24,79.31,75.45,79.47,75.42,79.31,2508800,yahoo
2020-03-25,81.3,79.67,84.42,78.05,81.3,1991500,yahoo
2020-03-26,85.98,82.13,86.58,82.11,85.98,2197200,yahoo
2020-03-27,83.42,83.23,85.69,82.33,83.42,3237500,yahoo
2020-03-30,85.61,83.83,85.88,82.81,85.61,2380700,yahoo
2020-03-31,84.02,85.25,85.85,83.54,84.02,1201700,yahoo
2020-04-01,79.88,80.74,81.4,79.08,79.88,2655800,yahoo
2020-04-02,81.14,79.33,82.39,79.22,81.14,1391900,yahoo
2020-04-03,79.83,80.76,81.68,79.0,79.83,1199400,yahoo
2020-04-06,85.87,82.83,86.41,82.83,85.87,2226700,yahoo
2020-04-07,86.56,88.91,89.8,86.46,86.56,1564200,yahoo
2020-04-08,90.14,87.47,90.58,86.82,90.14,1586000,yahoo
2020-04-09,92.22,91.52,93.57,91.13,92.22,2168100,yahoo
2020-04-13,90.23,91.86,91.92,89.11,90.23,2221400,yahoo
2020-04-14,92.62,92.01,93.03,91.49,92.62,1499800,yahoo
2020-04-15,89.63,90.13,90.21,88.88,89.63,1203300,yahoo
2020-04-16,89.63,89.87,90.06,88.54,89.63,1633800,yahoo
2020-04-17,92.98,92.09,93.2,91.45,92.98,985400,yahoo
2020-04-20,91.07,91.4,92.7,90.78,91.07,1086500,yahoo
2020-04-21,88.41,89.02,90.04,88.11,88.41,1148800,yahoo
2020-04-22,90.07,90.06,90.7,89.34,90.07,1177100,yahoo
2020-04-23,90.15,90.47,91.81,90.1,90.15,904900,yahoo
2020-04-24,91.44,90.75,91.81,89.98,91.44,1099200,yahoo
2020-04-27,94.07,92.06,94.42,91.98,94.07,1562900,yahoo
2020-04-28,95.37,95.72,96.75,94.51,95.37,2456500,yahoo
2020-04-29,98.68,97.61,99.15,97.32,98.68,1928100,yahoo
2020-04-30,96.14,97.43,97.43,95.7,96.14,2126900,yahoo
2020-05-01,92.67,94.08,94.27,92.18,92.67,1327800,yahoo
2020-05-04,92.74,91.56,92.86,90.83,92.74,2316300,yahoo
2020-05-05,93.16,93.97,94.78,92.99,93.16,1218400,yahoo
2020-05-06,91.82,93.71,94.05,91.78,91.82,1284700,yahoo
2020-05-07,93.47,93.14,94.7,93.14,93.47,1749500,yahoo
2020-05-08,96.03,94.9,96.19,94.56,96.03,1453400,yahoo
2020-05-11,94.89,94.99,95.65,94.1,94.89,1370000,yahoo
2020-05-12,92.41,95.24,95.54,92.41,92.41,2404800,yahoo
2020-05-13,89.7,92.0,92.01,88.9,89.7,2939300,yahoo
2020-05-14,91.09,88.46,91.12,87.0,91.09,3231100,yahoo
2020-05-15,91.26,90.22,91.6,89.65,91.26,1013400,yahoo
2020-05-18,96.25,94.35,96.78,94.32,96.25,1905200,yahoo
2020-05-19,94.92,95.93,96.55,94.86,94.92,1549300,yahoo
2020-05-20,96.65,96.27,97.18,96.2,96.65,924800,yahoo
2020-05-21,96.22,96.48,97.1,95.64,96.22,662800,yahoo
2020-05-22,96.3,96.23,96.38,95.34,96.3,947900,yahoo
2020-05-26,99.42,99.04,100.17,99.04,99.42,1638300,yahoo
2020-05-27,101.88,101.5,101.93,99.44,101.88,2545100,yahoo
2020-05-28,100.86,102.78,102.78,100.6,100.86,1381300,yahoo
2020-05-29,100.71,100.25,101.04,99.12,100.71,1500200,yahoo
2020-06-01,101.89,100.54,102.22,100.42,101.89,1369900,yahoo
2020-06-02,103.18,102.53,103.18,102.08,103.18,1442500,yahoo
2020-06-03,105.97,104.1,106.33,104.1,105.97,4706600,yahoo
2020-06-04,106.51,105.5,106.8,105.06,106.51,2275000,yahoo
2020-06-05,110.44,110.54,111.84,109.93,110.44,5838300,yahoo
2020-06-08,113.09,111.91,113.16,111.45,113.09,1944000,yahoo
2020-06-09,110.26,111.49,111.49,109.66,110.26,4173000,yahoo
2020-06-10,107.54,110.0,110.0,107.43,107.54,2135600,yahoo
2020-06-11,100.1,103.1,104.03,99.73,100.1,2533700,yahoo
2020-06-12,102.1,103.34,103.92,99.75,102.1,3291700,yahoo
2020-06-15,103.23,99.42,103.75,98.61,103.23,1740400,yahoo
2020-06-16,105.38,107.0,107.28,103.53,105.38,1438300,yahoo
2020-06-17,104.2,105.59,105.59,103.99,104.2,1013800,yahoo
2020-06-18,104.13,103.21,104.76,103.02,104.13,733300,yahoo
2020-06-19,103.05,105.75,105.81,102.49,103.05,1534200,yahoo
2020-06-22,102.74,102.19,103.03,101.38,102.74,2112100,yahoo
2020-06-23,102.86,103.82,103.99,102.8,102.86,799100,yahoo
2020-06-24,99.46,101.85,101.85,98.74,99.46,1681200,yahoo
2020-06-25,100.48,99.0,100.59,98.37,100.48,1116900,yahoo
2020-06-26,98.44,100.09,100.26,98.06,98.44,1577600,yahoo
2020-06-29,100.4,99.17,100.5,98.43,100.4,798600,yahoo
2020-06-30,101.76,100.3,102.3,100.06,101.76,972800,yahoo
2020-07-01,101.62,102.04,102.78,101.14,101.62,1211400,yahoo
2020-07-02,102.23,103.16,103.76,102.02,102.23,819200,yahoo
2020-07-06,103.35,103.78,104.27,102.96,103.35,752100,yahoo
2020-07-07,101.7,102.56,102.88,101.57,101.7,614500,yahoo
2020-07-08,102.0,101.83,102.32,101.0,102.0,1398200,yahoo
2020-07-09,100.38,101.99,102.05,99.4,100.38,5261000,yahoo
2020-07-10,102.07,100.3,102.09,100.28,102.07,4634900,yahoo
2020-07-13,101.59,102.67,103.74,101.51,101.59,3302900,yahoo
2020-07-14,103.24,101.26,103.35,100.97,103.24,1397000,yahoo
2020-07-15,105.63,105.0,105.96,104.52,105.63,1351300,yahoo
2020-07-16,105.48,105.01,105.94,104.73,105.48,977100,yahoo
2020-07-17,105.84,105.87,106.14,105.22,105.84,650000,yahoo
2020-07-20,105.28,105.61,105.84,104.91,105.28,1220700,yahoo
2020-07-21,106.33,105.96,106.93,105.9,106.33,1767200,yahoo
2020-07-22,107.18,106.09,107.24,105.95,107.18,1107500,yahoo
2020-07-23,107.0,107.09,107.92,106.38,107.0,1294300,yahoo
2020-07-24,106.22,106.67,106.84,105.85,106.22,2315900,yahoo
2020-07-27,106.65,106.29,106.72,105.57,106.65,1007100,yahoo
2020-07-28,106.0,106.31,106.78,105.87,106.0,787200,yahoo
2020-07-29,107.74,106.4,107.97,106.4,107.74,826500,yahoo
2020-07-30,106.89,106.56,107.07,105.66,106.89,1173800,yahoo
2020-07-31,106.84,106.75,106.84,105.21,106.84,1888700,yahoo
2020-08-03,107.1,107.02,107.45,106.43,107.1,1053600,yahoo
2020-08-04,107.63,106.96,107.72,106.9,107.63,710400,yahoo
2020-08-05,108.5,108.32,108.6,108.16,108.5,1429600,yahoo
2020-08-06,108.42,108.13,108.57,107.88,108.42,1786000,yahoo
2020-08-07,109.52,108.03,109.52,107.97,109.52,1620000,yahoo
2020-08-10,110.67,109.73,110.78,109.7,110.67,3978700,yahoo
2020-08-11,110.55,111.81,112.3,110.23,110.55,4910300,yahoo
2020-08-12,111.2,111.52,111.7,110.8,111.2,1522100,yahoo
2020-08-13,110.66,110.7,111.22,110.35,110.66,1583500,yahoo
2020-08-14,110.98,110.37,111.3,110.27,110.98,649800,yahoo
2020-08-17,111.03,111.14,111.19,110.72,111.03,821400,yahoo
2020-08-18,110.39,111.0,111.03,110.21,110.39,696900,yahoo
2020-08-19,109.96,110.54,110.86,109.73,109.96,981900,yahoo
2020-08-20,109.45,109.21,109.74,108.88,109.45,613500,yahoo
2020-08-21,109.25,109.31,109.41,108.9,109.25,574500,yahoo
2020-08-24,111.04,109.89,111.04,109.56,111.04,967200,yahoo
2020-08-25,111.04,111.5,111.6,110.41,111.04,1465200,yahoo
2020-08-26,110.85,110.9,111.11,110.44,110.85,935800,yahoo
2020-08-27,111.42,111.25,111.88,111.03,111.42,1743600,yahoo
2020-08-28,112.34,111.83,112.41,111.31,112.34,720400,yahoo
2020-08-31,111.4,112.13,112.3,111.4,111.4,1603200,yahoo
2020-09-01,111.97,111.12,111.99,110.71,111.97,2348400,yahoo
2020-09-02,113.96,112.21,114.31,112.09,113.96,1904800,yahoo
2020-09-03,111.34,113.85,114.45,110.49,111.34,1864800,yahoo
2020-09-04,111.08,112.13,112.4,109.45,111.08,3138700,yahoo
2020-09-08,108.77,109.97,109.97,108.54,108.77,1584400,yahoo
2020-09-09,110.03,109.62,110.86,109.38,110.03,1899000,yahoo
2020-09-10,108.45,110.3,110.94,108.27,108.45,2408900,yahoo
2020-09-11,109.02,109.01,109.5,108.06,109.02,1330100,yahoo
2020-09-14,110.78,109.9,111.14,109.78,110.78,984900,yahoo
2020-09-15,110.89,111.34,111.72,110.75,110.89,1354700,yahoo
2020-09-16,111.63,111.5,112.94,111.3,111.63,1321900,yahoo
2020-09-17,111.15,110.24,111.56,109.71,111.15,1613000,yahoo
2020-09-18,109.81,111.23,111.32,109.23,109.81,1173500,yahoo
2020-09-21,106.56,107.51,107.62,105.41,106.56,1780800,yahoo
2020-09-22,107.06,106.67,107.49,106.13,107.06,1372500,yahoo
2020-09-23,104.76,107.31,107.84,104.71,104.76,1508300,yahoo
2020-09-24,104.93,104.5,106.14,103.48,104.93,2346200,yahoo
2020-09-25,106.39,104.5,106.67,104.3,106.39,1121600,yahoo
2020-09-28,108.44,107.75,108.81,107.63,108.44,1276600,yahoo
2020-09-29,107.57,108.42,108.46,107.03,107.57,1128000,yahoo
2020-09-30,108.11,107.9,109.23,107.41,108.11,1771400,yahoo
2020-10-01,108.5,108.65,109.21,107.71,108.5,1076600,yahoo
2020-10-02,108.98,106.77,109.4,106.71,108.98,1907300,yahoo
2020-10-05,110.89,109.72,111.01,109.72,110.89,1204000,yahoo
2020-10-06,109.75,111.45,112.39,109.57,109.75,2366500,yahoo
2020-10-07,111.75,110.84,112.06,110.84,111.75,2988700,yahoo
2020-10-08,113.4,112.41,113.42,112.28,113.4,4542400,yahoo
2020-10-09,113.57,114.02,114.31,113.23,113.57,1831000,yahoo
2020-10-12,114.45,114.06,114.68,113.74,114.45,1469700,yahoo
2020-10-13,113.29,113.95,114.15,112.96,113.29,992400,yahoo
2020-10-14,112.98,113.45,114.13,112.87,112.98,764800,yahoo
2020-10-15,113.5,111.74,113.58,111.57,113.5,1052000,yahoo
2020-10-16,113.4,113.76,114.08,113.27,113.4,896000,yahoo
2020-10-19,111.89,113.62,114.0,111.66,111.89,1286200,yahoo
2020-10-20,112.5,112.49,113.66,112.34,112.5,1585100,yahoo
2020-10-21,112.12,112.43,113.0,112.05,112.12,1077800,yahoo
2020-10-22,113.55,112.24,113.66,111.86,113.55,1227500,yahoo
2020-10-23,114.15,114.13,114.25,113.21,114.15,1280900,yahoo
2020-10-26,111.49,112.92,112.92,110.39,111.49,1813300,yahoo
2020-10-27,110.15,111.51,111.61,110.13,110.15,1244700,yahoo
2020-10-28,106.78,108.04,108.8,106.62,106.78,2317500,yahoo
2020-10-29,107.86,106.61,108.68,105.95,107.86,1970700,yahoo
2020-10-30,107.51,107.25,107.95,106.0,107.51,1844600,yahoo
2020-11-02,109.91,108.99,110.06,108.28,109.91,1862200,yahoo
2020-11-03,112.2,111.38,112.82,111.28,112.2,2303200,yahoo
2020-11-04,112.29,112.68,114.18,111.3,112.29,3016900,yahoo
2020-11-05,114.47,113.61,115.06,113.51,114.47,2319800,yahoo
2020-11-06,114.0,114.38,114.82,113.69,114.0,1548100,yahoo
2020-11-09,118.89,121.13,122.46,118.74,118.89,4505900,yahoo
2020-11-10,119.54,118.93,119.8,118.41,119.54,3757600,yahoo
2020-11-11,119.32,120.33,120.36,118.73,119.32,2885600,yahoo
2020-11-12,117.46,118.56,118.86,116.5,117.46,2249900,yahoo
2020-11-13,120.05,118.33,120.35,118.2,120.05,3897800,yahoo
2020-11-16,122.56,122.33,122.61,121.13,122.56,3030400,yahoo
2020-11-17,122.27,121.75,122.56,120.65,122.27,1795000,yahoo
2020-11-18,120.82,122.54,123.01,120.77,120.82,2234300,yahoo
2020-11-19,121.43,120.44,121.49,119.82,121.43,1785400,yahoo
2020-11-20,120.74,121.39,121.5,120.57,120.74,1435500,yahoo
2020-11-23,122.53,121.65,122.89,121.55,122.53,1635000,yahoo
2020-11-24,125.2,124.22,125.43,123.81,125.2,2984800,yahoo
2020-11-25,124.27,124.87,124.87,123.77,124.27,3255500,yahoo
2020-11-27,124.21,124.57,124.68,123.89,124.21,861400,yahoo
2020-11-30,122.88,123.88,123.96,122.38,122.88,1823300,yahoo
2020-12-01,124.02,124.42,124.98,123.92,124.02,4167500,yahoo
2020-12-02,124.37,123.71,124.5,123.3,124.37,2231800,yahoo
2020-12-03,125.07,124.6,125.75,124.4,125.07,1534900,yahoo
2020-12-04,127.08,125.66,127.1,125.66,127.08,1117400,yahoo
2020-12-07,126.45,126.87,126.89,125.98,126.45,3665800,yahoo
2020-12-08,126.8,125.71,127.07,125.63,126.8,2336600,yahoo
2020-12-09,126.39,127.33,127.45,125.67,126.39,2372100,yahoo
2020-12-10,126.5,125.64,126.67,125.51,126.5,2550300,yahoo
2020-12-11,125.72,125.67,126.19,124.83,125.72,1805500,yahoo
2020-12-14,124.82,127.01,127.23,124.76,124.82,2101300,yahoo
2020-12-15,126.89,125.65,126.92,125.21,126.89,2874200,yahoo
2020-12-16,126.62,127.1,127.1,126.19,126.62,2062400,yahoo
2020-12-17,127.34,127.21,127.39,126.7,127.34,2290200,yahoo
2020-12-18,127.04,127.54,127.61,126.15,127.04,4389300,yahoo
2020-12-21,125.59,124.58,125.92,123.52,125.59,2145400,yahoo
2020-12-22,125.11,125.66,125.68,124.91,125.11,1177400,yahoo
2020-12-23,125.84,125.6,126.44,125.54,125.84,3870400,yahoo
2020-12-24,126.08,125.99,126.16,125.45,126.08,886000,yahoo
2020-12-28,126.46,127.02,127.24,126.32,126.46,1272600,yahoo
2020-12-29,125.83,126.94,127.11,125.44,125.83,1986700,yahoo
2020-12-30,126.73,126.03,127.01,126.03,126.73,832600,yahoo
2020-12-31,127.54,126.71,127.7,126.09,127.54,1614900,yahoo
2021-01-04,125.7,127.96,128.22,124.62,125.7,3623900,yahoo
2021-01-05,126.77,125.56,127.4,125.54,126.77,3296600,yahoo
2021-01-06,129.8,127.36,130.63,127.34,129.8,4797800,yahoo
2021-01-07,131.09,130.7,131.5,130.43,131.09,2602400,yahoo
2021-01-08,131.32,131.62,131.68,129.94,131.32,1470800,yahoo
2021-01-11,131.17,130.1,131.46,129.93,131.17,1723700,yahoo
2021-01-12,132.2,131.33,132.34,131.1,132.2,1513300,yahoo
2021-01-13,131.77,132.07,132.24,131.32,131.77,2199800,yahoo
2021-01-14,132.21,132.3,132.98,132.06,132.21,1925000,yahoo
2021-01-15,131.22,131.31,131.62,130.01,131.22,2199200,yahoo
2021-01-19,131.85,132.15,132.21,131.41,131.85,1689700,yahoo
2021-01-20,132.67,132.27,132.84,131.84,132.67,1676100,yahoo
2021-01-21,132.0,132.52,132.81,131.76,132.0,2770800,yahoo
2021-01-22,131.44,131.21,131.7,130.64,131.44,1547200,yahoo
2021-01-25,131.32,131.0,131.75,129.82,131.32,2302800,yahoo
2021-01-26,130.67,131.79,132.0,130.48,130.67,2425700,yahoo
2021-01-27,127.66,128.88,129.26,127.01,127.66,3483000,yahoo
2021-01-28,128.79,128.47,129.92,128.45,128.79,2472600,yahoo
2021-01-29,126.5,128.46,128.86,125.83,126.5,2603600,yahoo
2021-02-01,128.18,127.54,128.53,126.74,128.18,1905300,yahoo
2021-02-02,129.87,129.35,130.54,129.19,129.87,2524400,yahoo
2021-02-03,130.21,129.64,130.47,129.28,130.21,2945000,yahoo
2021-02-04,131.87,130.5,131.89,130.38,131.87,1358100,yahoo
2021-02-05,132.55,132.76,132.98,132.31,132.55,1398200,yahoo
2021-02-08,134.1,133.24,134.1,132.97,134.1,908200,yahoo
2021-02-09,134.05,133.88,134.34,133.47,134.05,1483700,yahoo
2021-02-10,134.46,134.67,134.92,133.55,134.46,2615000,yahoo
2021-02-11,134.5,134.71,135.05,133.38,134.5,2329100,yahoo
2021-02-12,135.31,134.15,135.37,134.09,135.31,1676600,yahoo
2021-02-16,135.41,135.94,136.03,135.1,135.41,949600,yahoo
2021-02-17,135.34,134.98,135.39,134.32,135.34,1569000,yahoo
2021-02-18,134.58,134.55,134.92,133.8,134.58,1767400,yahoo
2021-02-19,135.6,135.26,135.98,135.23,135.6,1586500,yahoo
2021-02-22,135.83,134.99,136.61,134.99,135.83,3109800,yahoo
2021-02-23,136.19,135.69,136.65,133.85,136.19,3126800,yahoo
2021-02-24,138.34,136.13,138.54,135.99,138.34,3127000,yahoo
2021-02-25,135.12,138.29,138.43,134.57,135.12,2648200,yahoo
2021-02-26,134.2,135.48,135.75,133.13,134.2,3919800,yahoo
2021-03-01,137.24,135.96,137.95,135.96,137.24,1647800,yahoo
2021-03-02,136.56,137.28,137.49,136.31,136.56,7091100,yahoo
2021-03-03,135.86,136.61,137.48,135.86,135.86,3769200,yahoo
2021-03-04,134.01,135.83,136.4,132.0,134.01,4664600,yahoo
2021-03-05,137.07,135.77,137.46,132.6,137.07,4718900,yahoo
2021-03-08,137.97,137.64,139.75,137.15,137.97,5378700,yahoo
2021-03-09,138.17,139.08,139.51,138.06,138.17,4569400,yahoo
2021-03-10,139.59,138.73,140.17,138.66,139.59,4141500,yahoo
2021-03-11,140.53,140.13,141.37,139.82,140.53,2886800,yahoo
2021-03-12,141.6,140.7,141.62,140.5,141.6,2890300,yahoo
2021-03-15,142.8,141.89,142.88,141.1,142.8,3732300,yahoo
2021-03-16,141.48,142.6,142.63,141.14,141.48,2960800,yahoo
2021-03-17,142.21,141.19,142.25,140.56,142.21,2329200,yahoo
2021-03-18,140.82,141.76,142.93,140.52,140.82,3131300,yahoo
2021-03-19,140.56,140.8,141.48,139.41,140.56,4131100,yahoo
2021-03-22,140.1,140.16,140.56,139.45,140.1,3249100,yahoo
2021-03-23,138.08,139.59,139.86,137.63,138.08,3110600,yahoo
2021-03-24,137.9,138.76,139.82,137.9,137.9,3069000,yahoo
2021-03-25,139.56,137.47,139.87,136.56,139.56,4005600,yahoo
2021-03-26,142.17,140.38,142.27,139.98,142.17,3298800,yahoo
2021-03-29,141.43,141.65,142.09,140.67,141.43,2355900,yahoo
2021-03-30,141.7,141.05,141.97,140.95,141.7,3239900,yahoo
2021-03-31,141.66,141.88,142.37,141.47,141.66,5188800,yahoo
2021-04-01,143.08,142.14,143.09,141.77,143.08,4569200,yahoo
2021-04-05,144.38,144.18,144.59,143.77,144.38,2611300,yahoo
2021-04-06,144.57,144.29,144.97,144.23,144.57,2715600,yahoo
2021-04-07,144.03,144.65,144.76,143.66,144.03,2521700,yahoo
2021-04-08,144.3,144.29,144.33,143.43,144.3,2442900,yahoo
2021-04-09,145.13,144.51,145.16,144.17,145.13,2340100,yahoo
2021-04-12,145.38,145.15,145.46,144.85,145.38,1682800,yahoo
2021-04-13,145.13,145.05,145.39,144.39,145.13,2648000,yahoo
2021-04-14,145.36,145.17,146.09,145.09,145.36,2033500,yahoo
2021-04-15,146.5,146.07,146.59,145.56,146.5,2824300,yahoo
2021-04-16,147.15,147.22,147.4,146.74,147.15,1578600,yahoo
2021-04-19,146.46,146.98,147.02,146.03,146.46,1987600,yahoo
2021-04-20,145.37,146.11,146.2,144.81,145.37,3054400,yahoo
2021-04-21,147.29,145.27,147.35,145.11,147.29,3009300,yahoo
2021-04-22,146.36,147.38,147.79,145.98,146.36,2459100,yahoo
2021-04-23,147.94,146.59,148.35,146.44,147.94,1597400,yahoo
2021-04-26,148.19,148.2,148.66,147.9,148.19,1721400,yahoo
2021-04-27,148.35,148.19,148.49,147.85,148.35,1416700,yahoo
2021-04-28,148.39,148.46,148.76,148.15,148.39,1678200,yahoo
2021-04-29,149.36,149.19,149.52,148.27,149.36,2276800,yahoo
2021-04-30,148.28,148.66,148.94,147.91,148.28,1766000,yahoo
2021-05-03,149.16,149.14,149.81,148.77,149.16,2499100,yahoo
2021-05-04,148.99,148.64,149.0,147.64,148.99,3329900,yahoo
2021-05-05,149.3,149.43,149.73,148.43,149.3,2963500,yahoo
2021-05-06,150.06,149.31,150.12,148.37,150.06,2270800,yahoo
2021-05-07,151.64,149.88,151.72,149.67,151.64,3671100,yahoo
2021-05-10,151.13,152.04,152.85,151.05,151.13,4154400,yahoo
2021-05-11,149.31,149.54,150.17,148.01,149.31,4273700,yahoo
2021-05-12,146.0,148.67,149.08,145.78,146.0,4357100,yahoo
2021-05-13,147.97,146.27,148.69,146.07,147.97,2993700,yahoo
2021-05-14,150.29,148.86,150.64,148.82,150.29,2992200,yahoo
2021-05-17,150.13,149.91,150.39,149.22,150.13,3319500,yahoo
2021-05-18,148.8,150.32,150.36,148.79,148.8,2383100,yahoo
2021-05-19,148.03,147.06,148.08,145.93,148.03,3919400,yahoo
2021-05-20,149.15,148.3,149.65,148.03,149.15,2460200,yahoo
2021-05-21,149.35,149.67,150.47,149.01,149.35,2968500,yahoo
2021-05-24,150.21,150.12,150.71,149.78,150.21,3187600,yahoo
2021-05-25,149.58,150.64,150.79,149.36,149.58,1637300,yahoo
2021-05-26,150.09,149.79,150.19,149.56,150.09,3546000,yahoo
2021-05-27,150.83,150.8,151.02,150.6,150.83,1843300,yahoo
2021-05-28,151.12,151.35,151.49,150.77,151.12,1552200,yahoo
2021-06-01,151.62,152.19,152.33,151.23,151.62,2395400,yahoo
2021-06-02,151.73,151.9,151.98,151.22,151.73,1741100,yahoo
2021-06-03,151.51,151.07,151.79,150.41,151.51,2884300,yahoo
2021-06-04,152.26,152.13,152.43,151.62,152.26,2075800,yahoo
2021-06-07,151.99,152.53,152.53,151.75,151.99,2400100,yahoo
2021-06-08,152.18,152.15,152.38,151.28,152.18,1646000,yahoo
2021-06-09,151.49,152.38,152.38,151.49,151.49,1600900,yahoo
2021-06-10,151.78,152.17,152.47,151.22,151.78,1756400,yahoo
2021-06-11,152.18,152.02,152.29,151.6,152.18,1315500,yahoo
2021-06-14,151.71,152.15,152.26,150.98,151.71,1441900,yahoo
2021-06-15,151.73,151.85,152.07,151.17,151.73,2714500,yahoo
2021-06-16,150.7,151.62,151.72,150.04,150.7,2776700,yahoo
2021-06-17,149.22,150.51,150.91,148.19,149.22,3518800,yahoo
2021-06-18,146.65,147.88,148.01,146.58,146.65,2341900,yahoo
2021-06-21,149.05,147.18,149.12,147.08,149.05,4364700,yahoo
2021-06-22,149.36,149.1,149.76,148.42,149.36,2095500,yahoo
2021-06-23,149.11,149.49,149.76,149.07,149.11,2445700,yahoo
2021-06-24,150.09,149.85,150.26,149.47,150.09,1848400,yahoo
2021-06-25,151.14,150.49,151.32,150.32,151.14,2162900,yahoo
2021-06-28,150.51,151.4,151.42,149.98,150.51,2222200,yahoo
2021-06-29,150.4,150.8,151.27,150.3,150.4,1883000,yahoo
2021-06-30,150.73,150.32,150.95,150.32,150.73,2614000,yahoo
2021-07-01,151.78,151.23,151.98,151.14,151.78,2159200,yahoo
2021-07-02,152.23,152.07,152.36,151.62,152.23,1228400,yahoo
2021-07-06,150.9,152.11,152.11,149.87,150.9,2424500,yahoo
2021-07-07,151.26,150.84,151.43,150.08,151.26,2481700,yahoo
2021-07-08,149.87,149.34,150.45,148.62,149.87,3747100,yahoo
2021-07-09,152.0,150.81,152.11,150.75,152.0,3006800,yahoo
2021-07-12,152.49,151.63,152.54,151.22,152.49,1809600,yahoo
2021-07-13,151.05,152.17,152.25,151.01,151.05,2234300,yahoo
2021-07-14,150.83,151.53,152.14,150.49,150.83,2338600,yahoo
2021-07-15,150.43,150.12,150.79,149.66,150.43,5040600,yahoo
2021-07-16,149.31,150.93,151.09,149.12,149.31,2092400,yahoo
2021-07-19,146.61,147.19,147.42,145.61,146.61,6121100,yahoo
2021-07-20,149.39,146.96,149.86,146.78,149.39,2391600,yahoo
2021-07-21,150.89,150.15,151.09,150.13,150.89,1733600,yahoo
2021-07-22,150.47,150.88,150.88,149.91,150.47,1664700,yahoo
2021-07-23,151.72,151.21,151.87,150.68,151.72,2106100,yahoo
2021-07-26,152.15,151.59,152.39,151.5,152.15,2110500,yahoo
2021-07-27,151.88,151.66,152.01,151.0,151.88,4277300,yahoo
2021-07-28,151.96,152.14,152.56,151.07,151.96,2638000,yahoo
2021-07-29,153.1,152.66,153.59,152.54,153.1,2714100,yahoo
2021-07-30,152.68,152.52,153.63,152.48,152.68,2070000,yahoo
2021-08-02,152.45,153.38,154.3,152.38,152.45,2172000,yahoo
2021-08-03,153.73,152.72,153.75,151.53,153.73,2180700,yahoo
2021-08-04,152.28,152.97,153.39,152.28,152.28,2270300,yahoo
2021-08-05,153.43,152.84,153.43,152.76,153.43,1476400,yahoo
2021-08-06,154.06,153.92,154.37,153.64,154.06,1910600,yahoo
2021-08-09,153.71,153.82,154.08,153.26,153.71,1861900,yahoo
2021-08-10,154.43,153.91,154.84,153.71,154.43,1845700,yahoo
2021-08-11,155.42,154.75,155.43,154.27,155.42,2127200,yahoo
2021-08-12,155.34,155.35,155.46,154.63,155.34,1601800,yahoo
2021-08-13,155.32,155.48,155.62,155.13,155.32,1672800,yahoo
2021-08-16,155.37,154.75,155.42,154.08,155.37,2458800,yahoo
2021-08-17,154.2,154.48,154.53,152.94,154.2,3097700,yahoo
2021-08-18,152.61,153.84,154.38,152.51,152.61,1788100,yahoo
2021-08-19,152.27,151.45,152.81,151.22,152.27,2900600,yahoo
2021-08-20,153.37,152.23,153.54,151.97,153.37,2207100,yahoo
2021-08-23,154.52,154.25,154.87,154.16,154.52,1745500,yahoo
2021-08-24,155.15,154.88,155.44,154.8,155.15,1144400,yahoo
2021-08-25,155.97,155.3,156.35,154.89,155.97,1225400,yahoo
2021-08-26,154.9,155.85,155.89,154.75,154.9,1735300,yahoo
2021-08-27,156.56,155.25,156.8,155.25,156.56,1623800,yahoo
2021-08-30,156.33,156.69,156.88,156.17,156.33,1514900,yahoo
2021-08-31,156.3,156.33,156.51,155.96,156.3,1477800,yahoo
2021-09-01,156.33,156.69,156.69,155.77,156.33,1300100,yahoo
2021-09-02,157.39,156.92,157.46,156.84,157.39,1321600,yahoo
2021-09-03,156.88,157.08,157.22,156.71,156.88,1118900,yahoo
2021-09-07,155.57,156.61,156.86,155.43,155.57,1626100,yahoo
2021-09-08,155.47,155.32,155.9,154.82,155.47,1438600,yahoo
2021-09-09,155.03,155.35,156.24,154.97,155.03,1464200,yahoo
2021-09-10,154.01,155.79,155.9,153.97,154.01,1987200,yahoo
2021-09-13,154.44,155.15,155.33,153.67,154.44,2194700,yahoo
2021-09-14,153.34,154.91,155.01,153.01,153.34,2146300,yahoo
2021-09-15,154.7,153.37,154.93,153.05,154.7,2816800,yahoo
2021-09-16,154.41,154.63,155.0,153.6,154.41,2159100,yahoo
2021-09-17,153.04,154.04,154.43,152.94,153.04,3120900,yahoo
2021-09-20,150.18,150.15,150.73,148.4,150.18,4130100,yahoo
2021-09-21,149.64,151.05,151.31,149.44,149.64,2452700,yahoo
2021-09-22,151.32,150.66,152.3,150.56,151.32,3319000,yahoo
2021-09-23,153.54,152.13,154.4,152.08,153.54,3218400,yahoo
2021-09-24,153.8,153.09,154.16,153.06,153.8,2444000,yahoo
2021-09-27,154.31,154.1,155.14,154.03,154.31,3239300,yahoo
2021-09-28,152.0,153.87,153.98,151.79,152.0,4857900,yahoo
2021-09-29,152.33,152.5,153.09,152.01,152.33,2633500,yahoo
2021-09-30,149.82,152.76,152.76,149.77,149.82,4426400,yahoo
2021-10-01,151.84,150.58,152.63,149.41,151.84,3351600,yahoo
2021-10-04,150.88,151.57,152.51,150.22,150.88,4596900,yahoo
2021-10-05,151.96,151.44,152.91,150.89,151.96,2497600,yahoo
2021-10-06,152.17,150.66,152.18,149.64,152.17,2846900,yahoo
2021-10-07,153.46,153.22,154.49,153.22,153.46,2243800,yahoo
2021-10-08,153.1,153.67,153.92,152.98,153.1,1861000,yahoo
2021-10-11,152.26,153.21,154.12,152.23,152.26,1408300,yahoo
2021-10-12,152.3,152.43,153.16,151.93,152.3,1524000,yahoo
2021-10-13,152.55,152.33,152.99,151.05,152.55,2283400,yahoo
2021-10-14,155.17,153.83,155.18,153.67,155.17,1646800,yahoo
2021-10-15,155.7,156.09,156.57,155.63,155.7,2032700,yahoo
2021-10-18,155.76,155.06,156.09,154.69,155.76,1658200,yahoo
2021-10-19,156.67,156.4,156.74,155.89,156.67,1576200,yahoo
2021-10-20,157.87,156.65,158.01,156.63,157.87,1919700,yahoo
2021-10-21,158.06,157.64,158.08,157.14,158.06,1870600,yahoo
2021-10-22,158.51,158.25,159.04,157.8,158.51,1547500,yahoo
2021-10-25,158.87,158.85,159.35,158.27,158.87,2595000,yahoo
2021-10-26,158.56,159.29,159.39,158.51,158.56,2502700,yahoo
2021-10-27,156.45,158.51,158.56,156.42,156.45,2476600,yahoo
2021-10-28,158.04,156.8,158.06,156.75,158.04,1758500,yahoo
2021-10-29,157.76,157.69,158.24,157.23,157.76,1324400,yahoo
2021-11-01,159.02,158.28,159.1,158.11,159.02,2186400,yahoo
2021-11-02,159.46,159.36,159.62,158.82,159.46,1759200,yahoo
2021-11-03,160.4,158.99,160.56,158.97,160.4,2342600,yahoo
2021-11-04,160.07,160.53,160.98,159.51,160.07,2505200,yahoo
2021-11-05,161.29,161.3,162.14,160.73,161.29,2047600,yahoo
2021-11-08,161.53,162.0,162.26,161.2,161.53,1344700,yahoo
2021-11-09,161.51,161.54,161.87,160.85,161.51,1152300,yahoo
2021-11-10,160.48,161.1,161.76,160.06,160.48,2132400,yahoo
2021-11-11,160.87,160.77,161.02,160.45,160.87,1083100,yahoo
2021-11-12,161.65,161.3,161.85,160.85,161.65,1188500,yahoo
2021-11-15,161.93,162.17,162.23,161.61,161.93,1194200,yahoo
2021-11-16,162.14,162.01,162.8,161.85,162.14,1732100,yahoo
2021-11-17,161.28,161.97,162.06,160.9,161.28,1608600,yahoo
2021-11-18,160.69,161.63,161.63,159.92,160.69,1280400,yahoo
2021-11-19,159.65,160.37,160.45,159.53,159.65,1595000,yahoo
2021-11-22,159.9,160.25,161.29,159.86,159.9,2230300,yahoo
2021-11-23,160.56,160.07,160.77,159.36,160.56,2112100,yahoo
2021-11-24,160.64,159.82,160.78,159.68,160.64,1595200,yahoo
2021-11-26,156.46,157.24,157.57,155.78,156.46,3644300,yahoo
2021-11-29,157.77,158.28,158.67,156.68,157.77,2657000,yahoo
2021-11-30,153.59,156.57,156.75,153.54,153.59,4223100,yahoo
2021-12-01,151.68,155.92,156.91,151.57,151.68,6193400,yahoo
2021-12-02,155.35,152.25,155.96,152.1,155.35,5321200,yahoo
2021-12-03,154.5,156.08,156.35,153.17,154.5,5924200,yahoo
2021-12-06,156.79,155.91,157.82,155.3,156.79,4885400,yahoo
2021-12-07,159.44,158.38,160.2,158.28,159.44,2510800,yahoo
2021-12-08,159.85,159.72,160.19,159.27,159.85,3000100,yahoo
2021-12-09,158.71,159.21,159.65,158.69,158.71,1829500,yahoo
2021-12-10,159.74,159.67,159.86,158.49,159.74,2200800,yahoo
2021-12-13,158.58,159.54,159.54,157.99,158.58,3743000,yahoo
2021-12-14,157.63,157.55,158.82,157.15,157.63,3265000,yahoo
2021-12-15,159.35,157.75,159.48,156.74,159.35,4800700,yahoo
2021-12-16,159.07,160.19,160.87,158.55,159.07,4805000,yahoo
2021-12-17,156.96,158.49,159.28,155.81,156.96,6970300,yahoo
2021-12-20,154.9,155.0,155.11,153.42,154.9,6794600,yahoo
2021-12-21,158.04,156.16,158.11,156.0,158.04,3589700,yahoo
2021-12-22,159.15,157.91,159.19,157.79,159.15,1855000,yahoo
2021-12-23,160.23,159.66,160.73,159.66,160.23,1614100,yahoo
2021-12-27,162.28,160.51,162.29,160.24,162.28,2518200,yahoo
2021-12-28,162.53,162.24,163.1,162.14,162.53,2754600,yahoo
2021-12-29,163.01,162.54,163.32,162.36,163.01,2915200,yahoo
2021-12-30,162.75,163.19,163.86,162.58,162.75,2090100,yahoo
2021-12-31,162.75,162.58,163.45,162.46,162.75,3194700,yahoo
2022-01-03,162.89,163.13,163.47,161.8,162.89,3841500,yahoo
2022-01-04,164.2,163.6,164.62,163.59,164.2,3532000,yahoo
2022-01-05,161.67,164.32,164.9,161.6,161.67,5266400,yahoo
2022-01-06,162.03,162.35,163.02,161.16,162.03,3597700,yahoo
2022-01-07,161.77,162.04,162.57,161.42,161.77,4051800,yahoo
2022-01-10,160.96,161.09,161.28,158.8,160.96,5845200,yahoo
2022-01-11,162.48,161.14,162.53,159.96,162.48,4053700,yahoo
2022-01-12,162.61,162.98,163.46,161.85,162.61,3526500,yahoo
2022-01-13,161.86,163.03,163.67,161.49,161.86,3157800,yahoo
2022-01-14,161.58,160.79,161.73,159.75,161.58,3948500,yahoo
2022-01-18,159.01,160.5,160.55,158.54,159.01,4653200,yahoo
2022-01-19,157.36,159.71,160.0,157.3,157.36,4899600,yahoo
2022-01-20,155.36,157.78,159.59,155.21,155.36,7227200,yahoo
2022-01-21,153.09,155.15,156.04,152.82,153.09,8646900,yahoo
2022-01-24,154.24,151.04,154.48,148.16,154.24,10105000,yahoo
2022-01-25,152.78,152.05,154.3,149.64,152.78,6199200,yahoo
2022-01-26,151.55,154.08,155.36,150.15,151.55,8083200,yahoo
2022-01-27,150.7,153.13,154.49,149.86,150.7,5311300,yahoo
2022-01-28,153.28,150.44,153.28,148.97,153.28,5525700,yahoo
2022-01-31,155.64,152.54,155.76,152.29,155.64,5070600,yahoo
2022-02-01,156.85,155.7,157.03,154.65,156.85,5615600,yahoo
2022-02-02,157.87,156.98,158.17,156.27,157.87,4974300,yahoo
2022-02-03,155.87,156.87,157.62,155.66,155.87,5293900,yahoo
2022-02-04,155.73,155.24,156.93,154.16,155.73,5358900,yahoo
2022-02-07,155.83,155.92,157.01,155.51,155.83,2881100,yahoo
2022-02-08,157.26,155.96,157.56,155.43,157.26,3488800,yahoo
2022-02-09,159.92,158.76,160.07,158.58,159.92,3969700,yahoo
2022-02-10,157.4,158.0,160.45,156.67,157.4,4940500,yahoo
2022-02-11,155.32,157.48,158.52,154.74,155.32,4224800,yahoo
2022-02-14,154.08,155.38,155.75,153.07,154.08,4231900,yahoo
2022-02-15,156.43,155.4,156.56,155.23,156.43,2927000,yahoo
2022-02-16,156.95,155.8,157.39,155.46,156.95,4015700,yahoo
2022-02-17,154.13,155.76,156.0,153.87,154.13,3052100,yahoo
2022-02-18,153.55,154.01,155.12,152.85,153.55,3681700,yahoo
2022-02-22,152.02,153.3,153.99,150.97,152.02,4534400,yahoo
2022-02-23,149.67,153.01,153.43,149.49,149.67,4773700,yahoo
2022-02-24,151.1,146.54,151.27,146.12,151.1,8030900,yahoo
2022-02-25,155.16,151.48,155.18,151.46,155.16,6433300,yahoo
2022-02-28,154.25,152.9,154.96,152.4,154.25,6172900,yahoo
2022-03-01,151.6,153.58,154.48,150.62,151.6,7314500,yahoo
2022-03-02,154.83,152.49,155.46,152.46,154.83,5611900,yahoo
2022-03-03,154.51,155.55,155.87,153.41,154.51,4578400,yahoo
2022-03-04,153.58,153.04,153.68,151.77,153.58,4066500,yahoo
2022-03-07,149.33,153.14,153.35,149.22,149.33,4467100,yahoo
2022-03-08,148.26,149.64,151.77,148.24,148.26,5654700,yahoo
2022-03-09,151.4,150.91,152.27,150.5,151.4,4120100,yahoo
2022-03-10,151.11,149.67,151.38,149.4,151.11,2684000,yahoo
2022-03-11,149.52,151.95,152.41,149.41,149.52,2091100,yahoo
2022-03-14,148.97,150.17,151.06,148.36,148.97,2753400,yahoo
2022-03-15,151.37,149.62,151.6,149.39,151.37,3326000,yahoo
2022-03-16,154.23,152.47,154.24,150.88,154.23,4260500,yahoo
2022-03-17,156.17,153.59,156.17,153.44,156.17,3085000,yahoo
2022-03-18,157.17,155.63,157.34,155.31,157.17,2489600,yahoo
2022-03-21,156.08,156.37,157.25,155.06,156.08,2529300,yahoo
2022-03-22,157.39,156.77,157.71,156.72,157.39,2010300,yahoo
2022-03-23,155.14,156.7,156.92,155.11,155.14,1802700,yahoo
2022-03-24,156.95,155.71,156.97,155.18,156.95,953200,yahoo
2022-03-25,158.02,157.34,158.09,156.59,158.02,988100,yahoo
2022-03-28,158.49,157.77,158.49,156.73,158.49,1943100,yahoo
2022-03-29,161.12,159.86,161.24,159.57,161.12,1903100,yahoo
2022-03-30,159.89,160.69,161.01,159.12,159.89,2053100,yahoo
2022-03-31,157.71,159.67,160.2,157.63,157.71,2252000,yahoo
2022-04-01,158.22,158.42,158.55,156.93,158.22,2171600,yahoo
2022-04-04,158.56,158.31,158.68,157.49,158.56,1814300,yahoo
2022-04-05,156.87,158.21,159.08,156.45,156.87,1669600,yahoo
2022-04-06,156.08,155.79,156.57,154.94,156.08,2000700,yahoo
2022-04-07,156.56,155.91,157.2,154.79,156.56,1312300,yahoo
2022-04-08,156.89,156.5,157.81,155.99,156.89,2334800,yahoo
2022-04-11,155.37,156.12,157.03,155.19,155.37,1553500,yahoo
2022-04-12,154.85,155.93,157.27,154.35,154.85,2301400,yahoo
2022-04-13,156.6,154.99,156.79,154.99,156.6,1957000,yahoo
2022-04-14,155.53,156.8,157.54,155.48,155.53,1735500,yahoo
2022-04-18,155.2,155.2,156.04,154.5,155.2,1922500,yahoo
2022-04-19,157.95,155.3,158.21,155.3,157.95,2264000,yahoo
2022-04-20,158.96,158.62,159.77,158.39,158.96,2557200,yahoo
2022-04-21,156.66,160.25,160.48,156.34,156.66,2620800,yahoo
2022-04-22,152.39,156.07,156.16,152.27,152.39,3873000,yahoo
2022-04-25,152.85,151.5,153.03,149.41,152.85,3456600,yahoo
2022-04-26,149.19,151.94,152.21,149.13,149.19,2998400,yahoo
2022-04-27,149.47,149.53,151.03,148.57,149.47,3588900,yahoo
2022-04-28,152.07,150.74,152.71,148.73,152.07,4006200,yahoo
2022-04-29,147.45,151.42,152.27,147.19,147.45,4108000,yahoo
2022-05-02,147.85,147.6,148.83,144.74,147.85,5308800,yahoo
2022-05-03,149.07,148.12,150.03,147.92,149.07,2430400,yahoo
2022-05-04,153.22,149.3,153.46,148.17,153.22,2935800,yahoo
2022-05-05,148.61,151.91,152.15,147.18,148.61,5450600,yahoo
2022-05-06,147.25,147.77,148.21,145.21,147.25,3421500,yahoo
2022-05-09,142.88,145.27,145.77,142.32,142.88,4993600,yahoo
2022-05-10,142.51,144.73,145.33,140.66,142.51,5322100,yahoo
2022-05-11,140.67,142.49,144.87,140.52,140.67,3826000,yahoo
2022-05-12,141.27,140.0,142.25,138.88,141.27,4555100,yahoo
2022-05-13,144.5,142.59,145.09,142.48,144.5,2373400,yahoo
2022-05-16,143.99,144.02,145.13,142.97,143.99,2105600,yahoo
2022-05-17,147.04,146.03,147.07,144.95,147.04,5057700,yahoo
2022-05-18,141.51,145.56,145.59,141.01,141.51,2108300,yahoo
2022-05-19,141.19,140.2,142.78,139.88,141.19,2515000,yahoo
2022-05-20,141.19,142.36,142.57,138.12,141.19,4302400,yahoo
2022-05-23,143.18,142.58,143.59,141.17,143.18,2905500,yahoo
2022-05-24,142.29,142.21,142.7,139.81,142.29,4026400,yahoo
2022-05-25,143.93,141.84,144.47,141.77,143.93,1937100,yahoo
2022-05-26,146.97,144.77,147.61,144.77,146.97,3162500,yahoo
2022-05-27,150.34,147.78,150.34,147.75,150.34,3196700,yahoo
2022-05-31,148.93,149.46,150.12,148.14,148.93,2746200,yahoo
2022-06-01,147.35,149.58,149.89,146.13,147.35,2113400,yahoo
2022-06-02,149.94,147.45,149.98,146.69,149.94,1872400,yahoo
2022-06-03,148.17,148.62,149.17,147.89,148.17,1591900,yahoo
2022-06-06,148.71,149.37,149.91,148.35,148.71,2004800,yahoo
2022-06-07,150.13,147.42,150.28,147.28,150.13,1581100,yahoo
2022-06-08,148.01,149.43,149.72,147.71,148.01,1370300,yahoo
2022-06-09,144.65,147.41,147.71,144.65,144.65,1182100,yahoo
2022-06-10,140.71,142.39,142.5,140.71,140.71,2594700,yahoo
2022-06-13,135.05,137.42,137.89,134.39,135.05,3705400,yahoo
2022-06-14,134.35,135.79,136.12,133.16,134.35,3562600,yahoo
2022-06-15,135.64,135.55,137.42,133.45,135.64,2899900,yahoo
2022-06-16,130.84,132.85,132.85,129.92,130.84,2967400,yahoo
2022-06-17,131.14,131.15,132.26,129.56,131.14,3359100,yahoo
2022-06-21,132.69,132.38,133.26,132.04,132.69,1833300,yahoo
2022-06-22,132.62,131.07,133.82,130.89,132.62,3062800,yahoo
2022-06-23,133.72,133.22,133.97,131.99,133.72,2607900,yahoo
2022-06-24,138.07,134.85,138.12,134.8,138.07,2259500,yahoo
2022-06-27,138.0,138.49,138.78,137.27,138.0,2063000,yahoo
2022-06-28,135.9,138.75,139.94,135.78,135.9,1664200,yahoo
2022-06-29,135.07,135.94,135.97,134.3,135.07,2203500,yahoo
2022-06-30,134.23,133.54,135.45,132.5,134.23,1868600,yahoo
2022-07-01,135.87,133.98,136.18,133.2,135.87,2679100,yahoo
2022-07-05,135.55,134.03,135.57,132.46,135.55,1646500,yahoo
2022-07-06,135.58,135.52,136.51,134.4,135.58,1318500,yahoo
2022-07-07,137.55,136.45,137.85,136.43,137.55,1481400,yahoo
2022-07-08,137.04,137.37,137.94,136.28,137.04,1120400,yahoo
2022-07-11,135.78,136.04,136.53,135.55,135.78,1346600,yahoo
2022-07-12,135.13,135.25,136.69,134.51,135.13,1622200,yahoo
2022-07-13,134.38,133.31,135.22,132.8,134.38,1679700,yahoo
2022-07-14,133.32,132.24,133.49,131.48,133.32,1818900,yahoo
2022-07-15,135.85,134.91,135.89,133.86,135.85,1669400,yahoo
2022-07-18,135.26,136.96,137.29,134.8,135.26,1122600,yahoo
2022-07-19,139.14,136.68,139.42,136.68,139.14,1441400,yahoo
2022-07-20,140.07,138.97,140.41,138.71,140.07,2179800,yahoo
2022-07-21,141.16,139.59,141.16,138.91,141.16,1331500,yahoo
2022-07-22,140.34,141.41,141.97,139.46,140.34,1215400,yahoo
2022-07-25,140.69,140.6,140.97,139.71,140.69,1571600,yahoo
2022-07-26,139.59,140.25,140.26,139.25,139.59,903500,yahoo
2022-07-27,142.3,140.33,142.82,140.09,142.3,2192800,yahoo
2022-07-28,144.55,142.64,144.68,141.54,144.55,2438200,yahoo
2022-07-29,145.84,144.53,146.2,144.21,145.84,1981900,yahoo
2022-08-01,145.56,145.11,146.04,144.36,145.56,2047000,yahoo
2022-08-02,144.53,145.02,146.26,144.24,144.53,1446900,yahoo
2022-08-03,146.03,145.28,146.41,144.77,146.03,1772500,yahoo
2022-08-04,145.72,145.85,146.18,145.5,145.72,1662700,yahoo
2022-08-05,145.88,144.42,146.07,144.31,145.88,1454500,yahoo
2022-08-08,146.29,146.68,147.7,146.03,146.29,1441500,yahoo
2022-08-09,145.44,146.1,146.21,145.01,145.44,1237700,yahoo
2022-08-10,148.55,147.84,148.76,147.63,148.55,3283100,yahoo
2022-08-11,149.21,149.59,150.9,148.95,149.21,3091600,yahoo
2022-08-12,151.62,149.89,151.64,149.68,151.62,2342600,yahoo
2022-08-15,151.95,150.72,152.13,150.64,151.95,2753200,yahoo
2022-08-16,152.39,151.51,153.1,151.39,152.39,1361700,yahoo
2022-08-17,150.96,151.03,151.81,150.13,150.96,1394100,yahoo
2022-08-18,151.44,151.05,151.64,150.66,151.44,1148500,yahoo
2022-08-19,149.44,150.41,150.56,149.02,149.44,997400,yahoo
2022-08-22,146.32,147.75,147.75,145.94,146.32,2248300,yahoo
2022-08-23,145.94,146.39,147.17,145.76,145.94,1557400,yahoo
2022-08-24,146.67,145.97,147.17,145.72,146.67,878800,yahoo
2022-08-25,148.93,147.27,148.93,147.07,148.93,1779700,yahoo
2022-08-26,144.13,149.1,149.13,144.07,144.13,1560500,yahoo
2022-08-29,143.29,143.07,144.47,142.69,143.29,2167300,yahoo
2022-08-30,141.78,143.73,143.78,141.18,141.78,2164600,yahoo
2022-08-31,140.76,142.28,142.72,140.61,140.76,2165500,yahoo
2022-09-01,140.88,139.81,140.99,138.64,140.88,1838600,yahoo
2022-09-02,139.86,142.34,142.95,139.21,139.86,1296200,yahoo
2022-09-06,139.47,140.3,140.49,138.53,139.47,1868500,yahoo
2022-09-07,142.53,139.35,142.76,139.33,142.53,2094900,yahoo
2022-09-08,143.76,141.69,143.82,141.12,143.76,2110200,yahoo
2022-09-09,145.74,144.73,146.11,144.5,145.74,1548200,yahoo
2022-09-12,147.1,146.59,147.45,146.26,147.1,1844600,yahoo
2022-09-13,141.28,143.96,144.35,140.87,141.28,2008000,yahoo
2022-09-14,141.27,141.55,141.8,140.07,141.27,1575900,yahoo
2022-09-15,140.15,140.86,142.26,139.79,140.15,1678700,yahoo
2022-09-16,138.75,138.61,139.04,137.58,138.75,2430900,yahoo
2022-09-19,139.15,136.86,139.22,136.86,139.15,1283100,yahoo
2022-09-20,136.91,138.01,138.1,135.92,136.91,1497600,yahoo
2022-09-21,134.64,137.64,138.8,134.64,134.64,2226800,yahoo
2022-09-22,132.71,134.56,134.71,132.6,132.71,3304900,yahoo
2022-09-23,130.48,131.38,131.38,128.69,130.48,4099600,yahoo
2022-09-26,128.59,129.99,130.98,128.09,128.59,2987200,yahoo
2022-09-27,128.18,129.86,130.57,127.26,128.18,2756000,yahoo
2022-09-28,131.16,128.95,131.81,128.45,131.16,4854500,yahoo
2022-09-29,128.68,129.97,130.0,127.74,128.68,3154600,yahoo
2022-09-30,127.28,128.57,129.85,127.08,127.28,2548300,yahoo
2022-10-03,130.83,128.67,131.6,127.94,130.83,4943300,yahoo
2022-10-04,135.34,132.85,135.36,132.81,135.34,4074600,yahoo
2022-10-05,134.81,133.69,135.69,132.8,134.81,2399300,yahoo
2022-10-06,133.31,134.26,135.3,133.08,133.31,1698900,yahoo
2022-10-07,130.15,132.01,132.2,129.39,130.15,3197700,yahoo
2022-10-10,129.27,130.61,130.76,128.4,129.27,3571800,yahoo
2022-10-11,128.69,128.79,130.44,127.73,128.69,2521900,yahoo
2022-10-12,128.02,128.74,129.14,127.91,128.02,2419900,yahoo
2022-10-13,131.1,125.46,131.7,124.92,131.1,4820200,yahoo
2022-10-14,128.2,131.98,132.7,127.92,128.2,2663400,yahoo
2022-10-17,130.99,130.31,131.68,130.31,130.99,2500700,yahoo
2022-10-18,132.93,133.51,134.21,131.67,132.93,4707000,yahoo
2022-10-19,131.36,132.01,132.78,130.37,131.36,2030400,yahoo
2022-10-20,129.9,131.53,132.77,129.62,129.9,2821500,yahoo
2022-10-21,132.87,129.89,133.06,129.28,132.87,2535100,yahoo
2022-10-24,134.35,133.52,134.72,132.67,134.35,2637600,yahoo
2022-10-25,136.93,134.36,137.05,134.27,136.93,3735900,yahoo
2022-10-26,137.2,137.06,138.87,136.81,137.2,2762100,yahoo
2022-10-27,137.33,138.0,139.15,137.17,137.33,2734800,yahoo
2022-10-28,140.18,137.4,140.33,137.22,140.18,3407200,yahoo
2022-10-31,139.56,139.44,140.45,139.11,139.56,3715700,yahoo
2022-11-01,139.9,141.03,141.23,139.25,139.9,3684400,yahoo
2022-11-02,136.49,139.64,143.55,136.49,136.49,4326800,yahoo
2022-11-03,135.8,135.08,136.74,134.09,135.8,4013800,yahoo
2022-11-04,137.91,137.7,138.84,135.74,137.91,5355300,yahoo
2022-11-07,139.01,138.47,139.2,137.54,139.01,3693600,yahoo
2022-11-08,139.84,139.36,141.13,138.34,139.84,6172400,yahoo
2022-11-09,137.33,138.92,139.7,137.12,137.33,2566800,yahoo
2022-11-10,144.69,142.07,144.88,141.75,144.69,6723100,yahoo
2022-11-11,146.08,145.18,146.58,144.74,146.08,7571900,yahoo
2022-11-14,144.49,145.56,146.62,144.41,144.49,3673600,yahoo
2022-11-15,145.85,146.64,146.96,144.46,145.85,3981800,yahoo
2022-11-16,144.3,145.14,145.32,144.01,144.3,4210900,yahoo
2022-11-17,143.46,142.37,143.49,141.75,143.46,5512600,yahoo
2022-11-18,144.53,144.91,145.16,143.34,144.53,3439700,yahoo
2022-11-21,144.47,143.91,144.67,143.56,144.47,1938100,yahoo
2022-11-22,146.39,145.26,146.46,144.93,146.39,3184200,yahoo
2022-11-23,147.0,146.15,147.24,146.08,147.0,2213200,yahoo
2022-11-25,147.5,147.0,147.5,147.0,147.5,825500,yahoo
2022-11-28,144.87,146.28,146.74,144.58,144.87,1915600,yahoo
2022-11-29,145.33,145.14,145.79,144.63,145.33,2202100,yahoo
2022-11-30,148.82,145.5,148.89,144.32,148.82,4546500,yahoo
2022-12-01,149.03,149.62,150.2,148.35,149.03,3723600,yahoo
2022-12-02,148.94,147.17,149.36,147.17,148.94,2260600,yahoo
2022-12-05,146.06,147.88,147.97,145.62,146.06,2811400,yahoo
2022-12-06,144.46,146.1,146.27,143.47,144.46,2693600,yahoo
2022-12-07,144.22,144.06,145.27,143.91,144.22,2269900,yahoo
2022-12-08,145.15,145.07,145.87,144.51,145.15,2570600,yahoo
2022-12-09,144.03,144.66,145.41,143.97,144.03,1650200,yahoo
2022-12-12,146.15,144.27,146.15,143.87,146.15,1914200,yahoo
2022-12-13,147.17,150.08,150.08,146.12,147.17,4117400,yahoo
2022-12-14,146.3,147.1,148.36,145.23,146.3,2919500,yahoo
2022-12-15,143.09,144.46,144.72,142.55,143.09,3411200,yahoo
2022-12-16,141.36,141.83,142.24,140.43,141.36,2988000,yahoo
2022-12-19,139.63,140.86,141.15,138.96,139.63,4400500,yahoo
2022-12-20,139.77,139.46,140.36,139.01,139.77,2076800,yahoo
2022-12-21,141.93,140.94,142.27,140.78,141.93,3052200,yahoo
2022-12-22,140.39,140.83,140.89,138.01,140.39,3763300,yahoo
2022-12-23,141.29,140.28,141.34,139.57,141.29,2284500,yahoo
2022-12-27,141.38,141.42,141.85,140.56,141.38,2010700,yahoo
2022-12-28,139.35,141.48,141.9,139.32,139.35,2306100,yahoo
2022-12-29,141.83,140.28,142.22,140.14,141.83,2587400,yahoo
2022-12-30,141.25,140.94,141.34,139.96,141.25,2805100,yahoo
2023-01-03,141.12,142.08,142.84,140.0,141.12,3859700,yahoo
2023-01-04,143.32,142.08,143.92,141.85,143.32,2506200,yahoo
2023-01-05,141.83,142.39,142.53,141.4,141.83,2243500,yahoo
2023-01-06,145.23,143.32,145.64,142.31,145.23,2841600,yahoo
2023-01-09,145.29,145.97,147.15,145.22,145.29,2701400,yahoo
2023-01-10,146.38,145.1,146.41,144.65,146.38,2115300,yahoo
2023-01-11,148.16,146.97,148.18,146.8,148.16,3979800,yahoo
2023-01-12,148.72,148.61,149.24,147.22,148.72,2916800,yahoo
2023-01-13,149.07,147.53,149.27,147.31,149.07,2069900,yahoo
2023-01-17,148.74,148.97,149.66,148.56,148.74,3228600,yahoo
2023-01-18,146.45,149.33,149.68,146.37,146.45,2689300,yahoo
2023-01-19,144.94,145.55,145.82,144.37,144.94,2753100,yahoo
2023-01-20,147.46,145.44,147.54,144.56,147.46,2564800,yahoo
2023-01-23,149.33,147.79,149.95,147.5,149.33,2475700,yahoo
2023-01-24,148.98,148.9,149.37,148.03,148.98,2383300,yahoo
2023-01-25,149.32,147.73,149.35,146.95,149.32,2948800,yahoo
2023-01-26,150.52,150.15,150.61,149.0,150.52,4367800,yahoo
2023-01-27,150.8,150.21,151.54,149.98,150.8,2888300,yahoo
2023-01-30,149.2,149.73,150.86,149.1,149.2,2587000,yahoo
2023-01-31,151.73,149.58,151.73,149.24,151.73,3279900,yahoo
2023-02-01,153.28,150.94,154.29,150.23,153.28,3688100,yahoo
2023-02-02,154.96,154.35,155.72,153.7,154.96,4528000,yahoo
2023-02-03,153.06,153.38,154.28,152.63,153.06,4671900,yahoo
2023-02-06,151.98,152.07,152.46,151.47,151.98,1874000,yahoo
2023-02-07,153.4,151.64,153.85,150.77,153.4,4267400,yahoo
2023-02-08,151.89,152.59,153.14,151.6,151.89,2797000,yahoo
2023-02-09,150.5,153.07,153.36,150.06,150.5,2179500,yahoo
2023-02-10,150.96,150.09,151.1,149.81,150.96,2329900,yahoo
2023-02-13,152.65,151.14,152.67,150.85,152.65,2036100,yahoo
2023-02-14,152.36,152.26,153.46,151.02,152.36,3398000,yahoo
2023-02-15,153.08,151.6,153.1,151.3,153.08,1892400,yahoo
2023-02-16,151.35,151.29,152.74,150.93,151.35,2223700,yahoo
2023-02-17,151.03,150.71,151.15,149.81,151.03,1673900,yahoo
2023-02-21,147.75,149.71,149.8,147.52,147.75,2587800,yahoo
2023-02-22,147.57,147.85,148.51,146.99,147.57,3720800,yahoo
2023-02-23,148.12,148.47,148.81,146.56,148.12,2632600,yahoo
2023-02-24,146.85,146.37,147.16,145.67,146.85,3517500,yahoo
2023-02-27,147.03,148.1,148.67,146.68,147.03,2366500,yahoo
2023-02-28,146.6,147.08,147.76,146.6,146.6,2763300,yahoo
2023-03-01,146.33,146.35,146.89,145.74,146.33,2872500,yahoo
2023-03-02,147.48,145.77,147.79,145.3,147.48,3517300,yahoo
2023-03-03,149.55,148.18,149.72,147.61,149.55,3095000,yahoo
2023-03-06,148.83,149.73,150.21,148.6,148.83,2626400,yahoo
2023-03-07,146.43,148.87,149.02,146.22,146.43,2875200,yahoo
2023-03-08,146.74,146.49,147.17,145.88,146.74,3049300,yahoo
2023-03-09,143.5,146.85,147.29,143.19,143.5,3693800,yahoo
2023-03-10,140.47,143.13,143.51,139.65,140.47,7123300,yahoo
2023-03-13,138.75,138.01,140.7,137.02,138.75,8104700,yahoo
2023-03-14,140.7,141.22,141.95,139.11,140.7,3819100,yahoo
2023-03-15,138.73,138.11,138.73,136.67,138.73,6605200,yahoo
2023-03-16,140.4,137.52,140.69,137.14,140.4,8420400,yahoo
2023-03-17,138.03,139.96,139.96,137.58,138.03,4967300,yahoo
2023-03-20,139.12,137.89,139.67,137.89,139.12,3404300,yahoo
2023-03-21,140.98,140.7,141.26,140.14,140.98,2214900,yahoo
2023-03-22,137.81,140.99,141.49,137.68,137.81,5039600,yahoo
2023-03-23,137.35,138.52,139.89,136.37,137.35,7020600,yahoo
2023-03-24,138.52,136.61,138.62,135.79,138.52,6862600,yahoo
2023-03-27,139.44,139.71,140.15,138.86,139.44,3065600,yahoo
2023-03-28,139.72,139.23,140.13,139.1,139.72,1693400,yahoo
2023-03-29,141.82,141.0,141.93,140.83,141.82,2480600,yahoo
2023-03-30,142.52,142.94,143.18,141.93,142.52,2695900,yahoo
2023-03-31,144.62,143.08,144.68,143.08,144.62,2737800,yahoo
2023-04-03,144.74,144.72,145.29,144.06,144.74,3390800,yahoo
2023-04-04,143.29,145.03,145.1,142.65,143.29,2904000,yahoo
2023-04-05,142.99,142.85,143.41,142.37,142.99,3234000,yahoo
2023-04-06,143.09,142.83,143.28,142.38,143.09,2182700,yahoo
2023-04-10,143.96,142.49,144.0,142.36,143.96,2635300,yahoo
2023-04-11,144.9,144.39,145.44,144.32,144.9,2225200,yahoo
2023-04-12,144.2,145.81,145.87,143.98,144.2,3066100,yahoo
2023-04-13,145.31,144.45,145.56,143.86,145.31,3190500,yahoo
2023-04-14,144.65,145.28,145.99,143.91,144.65,2504300,yahoo
2023-04-17,145.63,144.71,145.64,144.44,145.63,2399800,yahoo
2023-04-18,145.64,146.04,146.21,145.12,145.64,1569400,yahoo
2023-04-19,145.68,145.0,145.85,144.87,145.68,1784900,yahoo
2023-04-20,144.88,144.72,145.4,144.39,144.88,3451700,yahoo
2023-04-21,144.92,145.13,145.13,144.13,144.92,2160900,yahoo
2023-04-24,145.19,144.86,145.29,144.59,145.19,1523600,yahoo
2023-04-25,142.72,144.4,144.43,142.64,142.72,2563200,yahoo
2023-04-26,141.23,142.4,142.48,140.94,141.23,5378700,yahoo
2023-04-27,143.55,141.82,143.58,141.43,143.55,5993000,yahoo
2023-04-28,145.14,143.26,145.19,143.23,145.14,2965600,yahoo
2023-05-01,145.01,145.03,145.83,144.86,145.01,3000900,yahoo
2023-05-02,142.84,144.53,144.53,141.45,142.84,4489800,yahoo
2023-05-03,142.01,143.1,144.25,141.89,142.01,5835800,yahoo
2023-05-04,140.66,141.69,141.91,140.16,140.66,5483300,yahoo
2023-05-05,143.03,141.9,143.43,141.9,143.03,4860300,yahoo
2023-05-08,142.77,143.42,143.44,142.3,142.77,2332900,yahoo
2023-05-09,142.24,142.12,142.58,141.76,142.24,2242700,yahoo
2023-05-10,142.22,143.26,143.43,140.92,142.22,3871400,yahoo
2023-05-11,141.51,141.61,141.75,140.78,141.51,3839400,yahoo
2023-05-12,141.52,142.04,142.18,140.6,141.52,3477400,yahoo
2023-05-15,142.32,141.73,142.54,141.26,142.32,2322700,yahoo
2023-05-16,140.31,141.86,141.86,140.29,140.31,4668100,yahoo
2023-05-17,142.09,141.06,142.4,140.42,142.09,6902700,yahoo
2023-05-18,143.24,141.87,143.39,141.61,143.24,3800000,yahoo
2023-05-19,142.86,143.68,143.87,142.33,142.86,5758200,yahoo
2023-05-22,143.08,142.94,143.68,142.22,143.08,4411500,yahoo
2023-05-23,141.55,142.6,143.1,141.44,141.55,6919600,yahoo
2023-05-24,140.01,140.93,141.01,139.73,140.01,2940500,yahoo
2023-05-25,139.92,140.18,140.4,138.95,139.92,4696000,yahoo
2023-05-26,141.09,140.21,141.27,140.03,141.09,4572500,yahoo
2023-05-30,140.84,141.37,141.72,140.36,140.84,8268500,yahoo
2023-05-31,139.61,140.13,140.22,138.81,139.61,7611200,yahoo
2023-06-01,140.66,139.87,141.11,139.05,140.66,4478300,yahoo
2023-06-02,143.73,141.9,144.03,141.83,143.73,10284600,yahoo
2023-06-05,143.24,143.91,143.96,143.0,143.24,5415100,yahoo
2023-06-06,144.21,143.17,144.42,143.03,144.21,5333300,yahoo
2023-06-07,145.27,144.48,145.47,144.16,145.27,13306200,yahoo
2023-06-08,145.33,145.05,145.54,144.34,145.33,5882400,yahoo
2023-06-09,145.16,145.5,145.84,144.83,145.16,4396800,yahoo
2023-06-12,146.12,145.45,146.21,145.0,146.12,3733100,yahoo
2023-06-13,147.53,146.59,147.75,146.4,147.53,6802500,yahoo
2023-06-14,147.25,147.92,148.46,146.42,147.25,8456400,yahoo
2023-06-15,148.95,146.95,149.3,146.95,148.95,5177400,yahoo
2023-06-16,148.83,149.61,149.88,148.6,148.83,11152900,yahoo
2023-06-20,146.84,147.47,147.49,146.29,146.84,4514200,yahoo
2023-06-21,146.63,146.4,147.16,145.83,146.63,5481700,yahoo
2023-06-22,146.03,146.42,146.55,145.47,146.03,3852200,yahoo
2023-06-23,144.77,145.01,145.48,144.52,144.77,3869600,yahoo
2023-06-26,145.65,144.77,146.04,144.77,145.65,4300000,yahoo
2023-06-27,147.43,145.86,147.64,145.59,147.43,8880500,yahoo
2023-06-28,147.18,147.17,147.32,146.48,147.18,4335600,yahoo
2023-06-29,148.33,147.13,148.35,146.84,148.33,7610700,yahoo
2023-06-30,149.64,149.25,150.01,148.89,149.64,4742300,yahoo
2023-07-03,150.01,149.35,150.24,149.15,150.01,2797300,yahoo
2023-07-05,149.37,149.39,149.83,148.87,149.37,4333900,yahoo
2023-07-06,148.15,148.0,148.29,146.94,148.15,7769500,yahoo
2023-07-07,148.52,147.91,149.79,147.82,148.52,3213100,yahoo
2023-07-10,149.85,148.42,150.03,148.36,149.85,4145800,yahoo
2023-07-11,151.54,150.22,151.72,150.19,151.54,10166300,yahoo
2023-07-12,152.24,152.97,153.02,152.07,152.24,6668900,yahoo
2023-07-13,152.96,152.69,153.2,152.34,152.96,5458400,yahoo
2023-07-14,152.06,153.1,153.1,151.68,152.06,6345100,yahoo
2023-07-17,152.35,151.78,152.77,151.32,152.35,5352900,yahoo
2023-07-18,153.29,152.35,153.6,152.22,153.29,5442200,yahoo
2023-07-19,154.05,153.59,154.32,153.43,154.05,8551800,yahoo
2023-07-20,153.89,153.89,154.17,153.35,153.89,7542400,yahoo
2023-07-21,154.11,154.4,154.59,153.63,154.11,5511700,yahoo
2023-07-24,154.54,154.4,154.83,154.06,154.54,3358000,yahoo
2023-07-25,154.65,154.34,155.08,154.11,154.65,5010400,yahoo
2023-07-26,155.0,154.35,155.33,154.26,155.0,5149100,yahoo
2023-07-27,153.64,155.77,155.77,153.37,153.64,6057500,yahoo
2023-07-28,154.4,155.05,155.1,153.79,154.4,6004400,yahoo
2023-07-31,154.88,154.75,155.19,154.35,154.88,3809500,yahoo
2023-08-01,154.25,154.18,154.65,153.78,154.25,3038100,yahoo
2023-08-02,152.78,153.07,153.53,152.45,152.78,6038100,yahoo
2023-08-03,152.02,152.2,152.54,151.44,152.02,4871400,yahoo
2023-08-04,151.34,152.35,153.13,151.15,151.34,4016200,yahoo
2023-08-07,152.62,151.92,152.71,151.87,152.62,3359000,yahoo
2023-08-08,151.86,151.26,152.01,150.4,151.86,3521700,yahoo
2023-08-09,151.42,151.98,152.44,151.2,151.42,5116400,yahoo
2023-08-10,151.24,152.16,153.11,150.91,151.24,3943500,yahoo
2023-08-11,151.27,150.77,151.68,150.63,151.27,4139400,yahoo
2023-08-14,151.24,150.99,151.26,150.45,151.24,2929100,yahoo
2023-08-15,149.25,150.34,150.39,149.09,149.25,3439800,yahoo
2023-08-16,148.16,149.05,149.67,148.12,148.16,5386200,yahoo
2023-08-17,147.02,148.74,148.83,146.93,147.02,5092200,yahoo
2023-08-18,147.28,146.13,147.52,145.92,147.28,4654100,yahoo
2023-08-21,147.25,147.41,147.68,146.24,147.25,3909100,yahoo
2023-08-22,146.67,147.53,147.74,146.52,146.67,3955500,yahoo
2023-08-23,147.89,146.98,148.02,146.66,147.89,3683200,yahoo
2023-08-24,146.47,147.79,148.81,146.45,146.47,3281000,yahoo
2023-08-25,147.21,147.07,147.81,145.96,147.21,5393300,yahoo
2023-08-28,148.31,147.88,148.69,147.77,148.31,4273700,yahoo
2023-08-29,149.98,148.41,150.02,148.15,149.98,5362000,yahoo
2023-08-30,150.45,150.06,150.67,149.91,150.45,6138000,yahoo
2023-08-31,149.92,150.71,150.77,149.87,149.92,5314200,yahoo
2023-09-01,150.54,150.86,151.17,150.1,150.54,4846200,yahoo
2023-09-05,148.68,150.31,150.31,148.63,148.68,3754600,yahoo
2023-09-06,148.17,148.41,148.79,147.44,148.17,5019700,yahoo
2023-09-07,147.58,147.76,148.09,147.06,147.58,4834200,yahoo
2023-09-08,147.65,147.78,148.03,147.39,147.65,2480800,yahoo
2023-09-11,147.89,148.33,148.58,147.62,147.89,2917500,yahoo
2023-09-12,147.7,147.55,148.37,147.51,147.7,3062400,yahoo
2023-09-13,147.11,147.84,148.03,146.69,147.11,3821800,yahoo
2023-09-14,148.83,148.11,148.93,147.96,148.83,3080600,yahoo
2023-09-15,147.58,148.35,148.71,147.44,147.58,3637700,yahoo
2023-09-18,146.59,146.9,147.05,146.21,146.59,2843700,yahoo
2023-09-19,146.35,146.58,146.75,145.66,146.35,3814000,yahoo
2023-09-20,145.68,146.91,147.41,145.63,145.68,4128100,yahoo
2023-09-21,143.26,145.02,145.17,143.18,143.26,4778100,yahoo
2023-09-22,142.69,143.51,143.69,142.56,142.69,3362700,yahoo
2023-09-25,143.05,142.08,143.08,142.05,143.05,6184600,yahoo
2023-09-26,141.04,142.25,142.6,140.91,141.04,4013000,yahoo
2023-09-27,141.09,141.65,141.81,140.14,141.09,5306400,yahoo
2023-09-28,142.07,141.09,142.6,141.09,142.07,6516300,yahoo
2023-09-29,141.69,142.99,143.21,141.28,141.69,5839300,yahoo
2023-10-02,140.09,141.25,141.48,139.41,140.09,7668900,yahoo
2023-10-03,138.41,139.3,139.92,137.91,138.41,6579100,yahoo
2023-10-04,139.2,138.77,139.33,137.51,139.2,7483500,yahoo
2023-10-05,138.8,139.1,139.39,137.96,138.8,4976800,yahoo
2023-10-06,140.0,138.12,140.74,137.32,140.0,8193300,yahoo
2023-10-09,141.0,139.42,141.21,139.33,141.0,3955400,yahoo
2023-10-10,142.08,141.37,142.92,141.28,142.08,5192900,yahoo
2023-10-11,142.38,142.22,142.69,141.39,142.38,4211300,yahoo
2023-10-12,140.6,142.57,142.61,139.78,140.6,6378300,yahoo
2023-10-13,140.29,141.02,141.45,139.69,140.29,5019900,yahoo
2023-10-16,142.04,141.28,142.3,140.66,142.04,3995000,yahoo
2023-10-17,142.74,141.21,143.5,141.21,142.74,4954900,yahoo
2023-10-18,140.48,142.03,142.11,140.29,140.48,3986800,yahoo
2023-10-19,138.74,140.45,141.06,138.51,138.74,6056300,yahoo
2023-10-20,137.01,138.46,138.69,136.97,137.01,5247800,yahoo
2023-10-23,136.14,136.34,137.63,135.89,136.14,7157000,yahoo
2023-10-24,137.01,136.8,137.65,136.34,137.01,6337700,yahoo
2023-10-25,135.5,136.36,136.6,135.31,135.5,6627700,yahoo
2023-10-26,135.22,135.39,136.42,135.02,135.22,13893800,yahoo
2023-10-27,133.66,135.56,135.56,133.34,133.66,7744900,yahoo
2023-10-30,134.71,134.51,135.04,133.54,134.71,10830300,yahoo
2023-10-31,135.83,135.03,135.97,134.5,135.83,6021900,yahoo
2023-11-01,136.29,135.87,136.54,135.17,136.29,6508700,yahoo
2023-11-02,139.31,137.43,139.42,137.38,139.31,7961700,yahoo
2023-11-03,141.59,140.82,142.25,140.77,141.59,7473300,yahoo
2023-11-06,140.85,141.71,141.84,140.38,140.85,5054800,yahoo
2023-11-07,140.55,140.59,140.92,140.07,140.55,3636800,yahoo
2023-11-08,140.32,140.72,140.94,139.73,140.32,3994900,yahoo
2023-11-09,139.13,140.88,140.94,139.04,139.13,6288500,yahoo
2023-11-10,140.76,139.71,140.89,139.03,140.76,6783800,yahoo
2023-11-13,140.58,140.31,140.96,140.06,140.58,4142700,yahoo
2023-11-14,144.59,142.78,145.04,142.77,144.59,15157800,yahoo
2023-11-15,145.27,144.89,146.23,144.89,145.27,8133800,yahoo
2023-11-16,144.79,145.15,145.53,144.35,144.79,5466700,yahoo
2023-11-17,145.49,145.45,145.66,144.96,145.49,5027100,yahoo
2023-11-20,146.07,145.33,146.42,144.83,146.07,6441800,yahoo
2023-11-21,145.8,145.82,146.08,145.49,145.8,4612600,yahoo
2023-11-22,146.48,146.26,146.86,146.01,146.48,4388100,yahoo
2023-11-24,146.91,146.43,147.03,146.35,146.91,1156200,yahoo
2023-11-27,146.61,146.55,146.83,146.12,146.61,3848000,yahoo
2023-11-28,146.47,146.43,147.15,146.09,146.47,3960800,yahoo
2023-11-29,147.05,147.12,148.08,146.85,147.05,5732900,yahoo
2023-11-30,148.3,147.55,148.37,146.87,148.3,7763200,yahoo
2023-12-01,150.53,148.16,150.57,148.01,150.53,12060800,yahoo
2023-12-04,150.6,149.53,151.01,149.53,150.6,9572900,yahoo
2023-12-05,149.26,149.98,150.02,148.94,149.26,6384200,yahoo
2023-12-06,149.31,149.97,150.62,149.18,149.31,5237800,yahoo
2023-12-07,150.1,149.79,150.27,149.41,150.1,6054300,yahoo
2023-12-08,150.57,149.97,150.95,149.89,150.57,5181700,yahoo
2023-12-11,151.91,150.76,151.93,150.68,151.91,7130700,yahoo
2023-12-12,152.18,151.98,152.38,151.23,152.18,4633800,yahoo
2023-12-13,155.41,152.16,155.45,151.93,155.41,11782700,yahoo
2023-12-14,157.53,156.66,158.25,156.66,157.53,21351900,yahoo
2023-12-15,156.41,157.29,157.31,155.88,156.41,8883500,yahoo
2023-12-18,155.87,156.4,156.51,155.63,155.87,8628600,yahoo
2023-12-19,157.18,156.4,157.25,156.2,157.18,10130900,yahoo
2023-12-20,154.58,156.8,157.38,154.51,154.58,7411100,yahoo
2023-12-21,156.48,155.83,156.52,155.07,156.48,6988900,yahoo
2023-12-22,157.01,156.92,157.59,156.34,157.01,5749900,yahoo
2023-12-26,157.91,157.29,158.32,157.05,157.91,4053100,yahoo
2023-12-27,158.06,158.08,158.32,157.59,158.06,4380300,yahoo
2023-12-28,158.41,158.06,158.6,158.05,158.41,4047000,yahoo
2023-12-29,157.8,158.04,158.53,157.33,157.8,5339200,yahoo
2024-01-02,157.85,157.02,158.35,156.77,157.85,9816500,yahoo
2024-01-03,155.52,156.98,156.98,155.3,155.52,9207500,yahoo
2024-01-04,155.26,155.46,156.29,155.2,155.26,5621600,yahoo
2024-01-05,155.71,155.01,156.6,154.83,155.71,8379600,yahoo
2024-01-08,157.38,155.66,157.38,155.3,157.38,7954000,yahoo
2024-01-09,156.58,156.38,157.08,156.07,156.58,6419100,yahoo
2024-01-10,156.85,156.58,157.15,156.07,156.85,4620700,yahoo
2024-01-11,156.4,156.8,156.83,155.16,156.4,7070600,yahoo
2024-01-12,156.05,157.14,157.38,155.71,156.05,5568500,yahoo
2024-01-16,155.06,155.36,155.47,154.52,155.06,6942300,yahoo
2024-01-17,153.84,153.87,154.6,153.1,153.84,5775000,yahoo
2024-01-18,154.63,154.03,154.77,153.16,154.63,7267100,yahoo
2024-01-19,155.82,154.99,156.15,154.07,155.82,8488600,yahoo
2024-01-22,156.64,156.29,157.21,156.25,156.64,9964200,yahoo
2024-01-23,156.72,157.0,157.39,156.17,156.72,4785800,yahoo
2024-01-24,155.91,157.7,157.71,155.81,155.91,5688000,yahoo
2024-01-25,157.48,157.17,157.5,156.36,157.48,5832000,yahoo
2024-01-26,157.5,157.66,157.98,157.2,157.5,5997700,yahoo
2024-01-29,158.46,157.34,158.52,157.08,158.46,4501700,yahoo
2024-01-30,158.49,158.01,158.84,157.85,158.49,7258200,yahoo
2024-01-31,156.46,158.48,158.59,156.38,156.46,8928200,yahoo
2024-02-01,158.28,156.79,158.38,155.79,158.28,8008200,yahoo
2024-02-02,158.14,157.61,158.91,156.74,158.14,8128900,yahoo
2024-02-05,156.78,157.36,157.43,156.13,156.78,8633400,yahoo
2024-02-06,157.77,156.95,157.87,156.76,157.77,6059000,yahoo
2024-02-07,158.39,158.51,158.77,157.62,158.39,6706000,yahoo
2024-02-08,158.74,158.43,158.84,157.97,158.74,4900200,yahoo
2024-02-09,158.93,158.69,159.08,158.15,158.93,5055000,yahoo
2024-02-12,160.01,159.0,160.53,158.99,160.01,6971900,yahoo
2024-02-13,157.35,157.85,158.21,156.16,157.35,9741100,yahoo
2024-02-14,158.79,158.15,158.9,157.59,158.79,11291300,yahoo
2024-02-15,160.76,159.42,160.91,159.37,160.76,5846600,yahoo
2024-02-16,160.03,160.19,161.09,159.88,160.03,5061200,yahoo
2024-02-20,159.66,159.3,159.96,159.24,159.66,6827700,yahoo
2024-02-21,159.98,159.25,160.03,158.92,159.98,4602900,yahoo
2024-02-22,161.57,160.82,161.98,160.48,161.57,9128000,yahoo
2024-02-23,162.0,161.94,162.41,161.63,162.0,6375200,yahoo
2024-02-26,161.35,161.98,162.41,161.24,161.35,5164000,yahoo
2024-02-27,162.06,161.87,162.1,161.52,162.06,4362900,yahoo
2024-02-28,162.12,161.67,162.49,161.49,162.12,4296800,yahoo
2024-02-29,162.79,162.89,163.22,162.11,162.79,6298500,yahoo
2024-03-01,163.93,163.0,164.0,162.23,163.93,6389300,yahoo
2024-03-04,164.23,163.84,164.7,163.84,164.23,5165000,yahoo
2024-03-05,163.48,163.96,164.67,162.87,163.48,6260600,yahoo
2024-03-06,164.41,164.37,164.97,163.9,164.41,6041100,yahoo
2024-03-07,165.7,165.42,165.97,165.31,165.7,6407600,yahoo
2024-03-08,165.51,166.16,166.72,165.28,165.51,9114500,yahoo
2024-03-11,165.72,165.16,165.82,164.63,165.72,5503800,yahoo
2024-03-12,166.15,166.02,166.46,165.24,166.15,6357900,yahoo
2024-03-13,166.23,166.27,166.82,165.74,166.23,4644000,yahoo
2024-03-14,164.74,166.28,166.35,163.7,164.74,7757600,yahoo
2024-03-15,164.42,163.67,164.98,163.66,164.42,7973400,yahoo
2024-03-18,164.19,164.33,164.74,163.69,164.19,4712600,yahoo
2024-03-19,165.17,164.17,165.21,164.04,165.17,5789400,yahoo
2024-03-20,166.58,165.08,166.73,164.8,166.58,4925700,yahoo
2024-03-21,167.72,167.34,168.18,167.16,167.72,6010900,yahoo
2024-03-22,166.64,167.8,168.0,166.61,166.64,3178700,yahoo
2024-03-25,166.28,166.63,167.05,166.26,166.28,2903700,yahoo
2024-03-26,166.12,166.8,166.99,166.06,166.12,3669800,yahoo
2024-03-27,168.78,167.14,168.79,167.05,168.78,5999200,yahoo
2024-03-28,169.37,169.16,169.8,168.96,169.37,3728100,yahoo
2024-04-01,168.37,169.6,169.67,168.24,168.37,4757200,yahoo
2024-04-02,166.92,167.51,167.51,166.43,166.92,4598400,yahoo
2024-04-03,167.1,166.71,167.4,166.58,167.1,4442700,yahoo
2024-04-04,165.4,168.39,168.57,165.01,165.4,7150800,yahoo
2024-04-05,166.39,165.59,166.83,165.2,166.39,5697000,yahoo
2024-04-08,166.9,166.63,167.42,166.51,166.9,22497300,yahoo
2024-04-09,167.56,167.46,167.77,166.05,167.56,5483600,yahoo
2024-04-10,164.71,165.2,165.79,164.11,164.71,7550600,yahoo
2024-04-11,164.59,165.01,165.26,163.54,164.59,6831200,yahoo
2024-04-12,161.98,163.55,163.93,161.53,161.98,6567600,yahoo
2024-04-15,160.58,163.65,163.8,160.03,160.58,9546700,yahoo
2024-04-16,159.69,160.41,160.54,159.2,159.69,7389600,yahoo
2024-04-17,159.36,160.47,160.6,158.87,159.36,8056700,yahoo
2024-04-18,159.21,159.95,160.48,158.83,159.21,6683000,yahoo
2024-04-19,159.81,159.52,160.34,159.31,159.81,8816300,yahoo
2024-04-22,161.03,160.51,161.85,159.62,161.03,4775500,yahoo
2024-04-23,162.46,161.34,162.82,161.21,162.46,3998000,yahoo
2024-04-24,162.69,162.2,162.85,161.78,162.69,4164000,yahoo
2024-04-25,162.35,161.96,162.6,160.56,162.35,7408300,yahoo
2024-04-26,162.43,162.0,162.99,161.81,162.43,5649500,yahoo
2024-04-29,163.56,162.89,163.69,162.82,163.56,3882800,yahoo
2024-04-30,161.2,162.85,162.95,161.17,161.2,4935800,yahoo
2024-05-01,160.65,160.75,162.81,160.18,160.65,9285200,yahoo
2024-05-02,161.64,161.65,162.04,160.09,161.64,5677900,yahoo
2024-05-03,162.79,162.97,163.53,162.13,162.79,9751400,yahoo
2024-05-06,164.04,163.65,164.05,163.27,164.04,4928700,yahoo
2024-05-07,164.5,164.5,164.99,164.36,164.5,4511200,yahoo
2024-05-08,164.46,163.94,164.59,163.79,164.46,3346100,yahoo
2024-05-09,165.84,164.42,165.88,164.34,165.84,3413000,yahoo
2024-05-10,166.11,166.4,166.55,165.85,166.11,3425000,yahoo
2024-05-13,166.07,166.66,167.15,165.94,166.07,2514400,yahoo
2024-05-14,166.73,166.6,167.1,166.05,166.73,5446900,yahoo
2024-05-15,168.06,167.71,168.2,167.41,168.06,5739400,yahoo
2024-05-16,167.79,168.17,168.39,167.77,167.79,4779400,yahoo
2024-05-17,168.04,167.85,168.13,167.55,168.04,3461400,yahoo
2024-05-20,167.9,168.19,168.47,167.65,167.9,3756300,yahoo
2024-05-21,167.83,167.77,167.9,167.33,167.83,3751200,yahoo
2024-05-22,167.19,167.36,167.92,166.75,167.19,2841500,yahoo
2024-05-23,164.85,167.49,167.5,164.71,164.85,5841400,yahoo
2024-05-24,165.94,165.55,166.23,165.4,165.94,3252000,yahoo
2024-05-28,164.79,165.96,166.02,164.31,164.79,4160000,yahoo
2024-05-29,162.86,163.47,163.47,162.78,162.86,6843200,yahoo
2024-05-30,163.61,162.93,163.78,162.68,163.61,5335500,yahoo
2024-05-31,165.78,163.94,165.83,163.32,165.78,4335200,yahoo
2024-06-03,164.9,166.1,166.12,163.6,164.9,6125400,yahoo
2024-06-04,164.4,164.13,164.85,163.73,164.4,5446500,yahoo
2024-06-05,165.4,164.77,165.45,163.83,165.4,5788700,yahoo
2024-06-06,165.08,165.17,165.75,164.7,165.08,6251200,yahoo
2024-06-07,164.56,164.35,165.5,164.05,164.56,2865700,yahoo
2024-06-10,165.0,163.99,165.11,163.76,165.0,5769700,yahoo
2024-06-11,164.32,164.25,164.56,163.32,164.32,4772800,yahoo
2024-06-12,165.2,166.17,166.39,164.79,165.2,8818900,yahoo
2024-06-13,164.73,164.9,165.0,163.74,164.73,7385200,yahoo
2024-06-14,163.68,163.8,164.12,162.69,163.68,4557100,yahoo
2024-06-17,164.87,163.32,165.02,163.01,164.87,4265800,yahoo
2024-06-18,165.28,164.67,165.67,164.67,165.28,6283800,yahoo
2024-06-20,165.38,165.24,165.69,165.0,165.38,5806800,yahoo
2024-06-21,165.59,165.5,165.7,164.62,165.59,3996200,yahoo
2024-06-24,165.72,165.29,166.57,164.86,165.72,7588700,yahoo
2024-06-25,164.58,165.81,165.81,164.05,164.58,4349100,yahoo
2024-06-26,163.96,164.01,164.13,163.41,163.96,3995900,yahoo
2024-06-27,164.16,163.96,164.2,163.51,164.16,3430700,yahoo
2024-06-28,164.28,164.53,165.21,163.54,164.28,4761000,yahoo
2024-07-01,162.95,164.8,164.96,162.74,162.95,6813100,yahoo
2024-07-02,163.68,162.9,163.69,162.85,163.68,3692900,yahoo
2024-07-03,163.75,164.02,164.44,163.6,163.75,2745100,yahoo
2024-07-05,163.68,163.66,163.84,162.73,163.68,3950800,yahoo
2024-07-08,164.0,163.92,164.6,163.49,164.0,4654500,yahoo
2024-07-09,163.72,163.89,164.58,163.36,163.72,4267800,yahoo
2024-07-10,165.07,164.06,165.21,163.75,165.07,5327600,yahoo
2024-07-11,167.06,165.88,167.38,165.81,167.06,10924400,yahoo
2024-07-12,168.53,167.82,169.36,167.73,168.53,11488500,yahoo
2024-07-15,168.72,168.75,169.61,168.32,168.72,5139500,yahoo
2024-07-16,171.71,169.2,171.71,169.05,171.71,9921100,yahoo
2024-07-17,171.01,170.81,172.19,170.66,171.01,12609800,yahoo
2024-07-18,169.54,170.85,172.38,169.16,169.54,8887600,yahoo
2024-07-19,168.4,169.66,169.88,168.01,168.4,5683900,yahoo
2024-07-22,169.73,169.09,169.8,167.77,169.73,8973100,yahoo
2024-07-23,169.13,169.42,169.84,169.02,169.13,5344300,yahoo
2024-07-24,167.15,168.81,169.23,166.98,167.15,8067000,yahoo
2024-07-25,167.35,167.2,169.68,166.85,167.35,10680400,yahoo
2024-07-26,169.74,168.62,170.28,168.35,169.74,7472300,yahoo
2024-07-29,169.97,170.14,170.39,169.17,169.97,5737800,yahoo
2024-07-30,170.79,170.64,171.31,169.94,170.79,7333100,yahoo
2024-07-31,171.6,172.01,173.08,171.09,171.6,9957500,yahoo
2024-08-01,169.69,171.9,172.71,168.78,169.69,10567900,yahoo
2024-08-02,166.77,168.23,168.41,165.1,166.77,11666300,yahoo
2024-08-05,162.83,163.42,164.59,161.8,162.83,13747600,yahoo
2024-08-06,164.5,163.34,166.55,163.01,164.5,8774600,yahoo
2024-08-07,163.34,166.08,166.98,163.24,163.34,5938500,yahoo
2024-08-08,166.3,164.15,166.45,163.88,166.3,6628600,yahoo
2024-08-09,166.65,166.44,167.13,165.16,166.65,3650000,yahoo
2024-08-12,165.85,166.7,166.88,165.52,165.85,5633600,yahoo
2024-08-13,167.74,166.65,167.96,166.11,167.74,4208300,yahoo
2024-08-14,168.09,168.02,168.56,167.6,168.09,4156200,yahoo
2024-08-15,170.37,169.77,170.64,169.33,170.37,6926700,yahoo
2024-08-16,170.78,170.0,170.92,170.0,170.78,3454700,yahoo
2024-08-19,172.08,170.93,172.12,170.91,172.08,5580000,yahoo
2024-08-20,171.4,171.91,172.19,171.17,171.4,5054900,yahoo
2024-08-21,172.6,172.09,172.76,171.66,172.6,4594900,yahoo
2024-08-22,172.11,173.0,173.21,171.8,172.11,3817200,yahoo
2024-08-23,174.3,173.0,174.52,172.66,174.3,6000300,yahoo
2024-08-26,174.27,174.97,175.39,174.07,174.27,7487600,yahoo
2024-08-27,174.35,173.91,174.41,173.7,174.35,3560300,yahoo
2024-08-28,173.87,174.1,174.62,173.05,173.87,3964500,yahoo
2024-08-29,174.52,174.5,175.58,173.5,174.52,5095000,yahoo
2024-08-30,175.87,175.08,175.96,173.92,175.87,4635800,yahoo
2024-09-03,173.61,175.0,175.4,172.91,173.61,6616300,yahoo
2024-09-04,173.36,173.44,174.4,172.86,173.36,10109400,yahoo
2024-09-05,172.3,173.61,173.74,171.61,172.3,6015500,yahoo
2024-09-06,170.45,172.52,173.33,170.22,170.45,9197200,yahoo
2024-09-09,172.1,171.51,172.97,171.2,172.1,6402300,yahoo
2024-09-10,172.2,172.46,172.61,170.92,172.2,4356800,yahoo
2024-09-11,172.28,171.6,172.49,168.79,172.28,7108100,yahoo
2024-09-12,173.35,172.31,173.46,171.45,173.35,5460300,yahoo
2024-09-13,175.01,174.01,175.34,173.89,175.01,5248100,yahoo
2024-09-16,176.28,175.63,176.59,175.38,176.28,4845200,yahoo
2024-09-17,176.54,176.68,177.6,176.04,176.54,5489300,yahoo
2024-09-18,176.21,176.89,178.4,175.95,176.21,9390000,yahoo
2024-09-19,178.09,178.55,178.83,177.38,178.09,7678100,yahoo
2024-09-20,177.44,177.58,177.58,176.61,177.44,5392000,yahoo
2024-09-23,177.65,177.25,177.72,176.91,177.65,5866400,yahoo
2024-09-24,177.91,178.04,178.23,177.54,177.91,6316200,yahoo
2024-09-25,176.81,178.1,178.26,176.54,176.81,4614900,yahoo
2024-09-26,178.29,178.11,178.81,177.75,178.29,6061500,yahoo
2024-09-27,178.93,179.02,179.94,178.65,178.93,5693800,yahoo
2024-09-30,179.16,178.77,179.35,177.6,179.16,5068500,yahoo
2024-10-01,178.21,178.95,179.17,177.27,178.21,8274200,yahoo
2024-10-02,178.02,177.73,178.45,177.22,178.02,4117100,yahoo
2024-10-03,177.18,177.45,177.69,176.57,177.18,5361900,yahoo
2024-10-04,178.57,178.67,178.68,177.31,178.57,5400400,yahoo
2024-10-07,177.18,178.02,178.02,176.42,177.18,4207300,yahoo
2024-10-08,177.6,177.37,177.8,176.74,177.6,3845700,yahoo
2024-10-09,178.82,177.64,179.05,177.33,178.82,3925200,yahoo
2024-10-10,178.15,178.47,178.67,177.75,178.15,3171900,yahoo
2024-10-11,179.9,178.48,180.14,178.39,179.9,4033900,yahoo
2024-10-14,181.22,180.01,181.34,179.59,181.22,3222600,yahoo
2024-10-15,180.4,181.26,182.22,180.29,180.4,5152200,yahoo
2024-10-16,181.62,180.85,181.87,180.71,181.62,4840200,yahoo
2024-10-17,181.33,182.12,182.15,181.13,181.33,3595400,yahoo
2024-10-18,181.87,181.86,182.01,180.91,181.87,3275700,yahoo
2024-10-21,180.32,181.59,181.85,179.93,180.32,3998700,yahoo
2024-10-22,179.51,179.6,179.8,178.73,179.51,3730700,yahoo
2024-10-23,178.92,178.99,179.49,177.93,178.92,4665700,yahoo
2024-10-24,178.96,179.47,179.67,178.53,178.96,4361800,yahoo
2024-10-25,178.11,179.94,180.15,177.97,178.11,4555200,yahoo
2024-10-28,179.12,178.85,179.6,178.76,179.12,3040100,yahoo
2024-10-29,178.58,178.55,179.21,178.05,178.58,5505400,yahoo
2024-10-30,178.19,177.94,179.35,177.94,178.19,5630200,yahoo
2024-10-31,176.29,177.73,178.0,176.25,176.29,6143700,yahoo
2024-11-01,176.4,176.94,177.96,176.25,176.4,4247000,yahoo
2024-11-04,176.61,176.59,177.59,176.07,176.61,3954200,yahoo
2024-11-05,178.67,176.68,178.73,176.21,178.67,4550700,yahoo
2024-11-06,182.9,183.34,183.38,181.3,182.9,12965500,yahoo
2024-11-07,183.08,183.39,183.55,182.62,183.08,8402000,yahoo
2024-11-08,184.1,183.29,184.47,183.04,184.1,7541600,yahoo
2024-11-11,185.02,184.82,185.79,184.73,185.02,6861800,yahoo
2024-11-12,183.61,184.74,184.89,183.03,183.61,5098300,yahoo
2024-11-13,183.71,183.94,184.54,183.45,183.71,9745300,yahoo
2024-11-14,182.24,183.79,183.99,182.12,182.24,7379500,yahoo
2024-11-15,180.94,181.9,182.33,180.65,180.94,5450400,yahoo
2024-11-18,181.67,181.11,182.06,180.87,181.67,3702600,yahoo
2024-11-19,181.18,180.11,181.57,179.65,181.18,5787700,yahoo
2024-11-20,181.79,181.31,181.87,180.34,181.79,4496700,yahoo
2024-11-21,184.08,182.4,184.41,181.74,184.08,5642600,yahoo
2024-11-22,185.53,184.52,185.79,184.49,185.53,6371300,yahoo
2024-11-25,187.21,187.16,187.99,186.77,187.21,8582500,yahoo
2024-11-26,187.23,187.26,187.39,186.31,187.23,5590500,yahoo
2024-11-27,187.05,187.51,188.09,186.89,187.05,4801900,yahoo
2024-11-29,187.62,187.46,188.16,187.34,187.62,3752500,yahoo
2024-12-02,187.15,187.7,187.87,186.47,187.15,7664300,yahoo
2024-12-03,186.32,187.15,187.39,186.12,186.32,8580300,yahoo
2024-12-04,186.33,186.57,186.61,185.6,186.33,6576700,yahoo
2024-12-05,185.4,186.32,186.48,185.34,185.4,6060200,yahoo
2024-12-06,185.19,186.05,186.41,185.05,185.19,4527300,yahoo
2024-12-09,184.43,185.71,185.87,184.39,184.43,5121100,yahoo
2024-12-10,183.3,184.46,184.46,182.79,183.3,6296400,yahoo
2024-12-11,183.47,184.12,184.18,183.28,183.47,6041800,yahoo
2024-12-12,182.8,183.44,183.64,182.8,182.8,3648800,yahoo
2024-12-13,182.16,182.8,183.01,181.82,182.16,5418500,yahoo
2024-12-16,181.56,182.19,182.83,181.39,181.56,5199800,yahoo
2024-12-17,180.13,180.91,181.31,179.85,180.13,7334500,yahoo
2024-12-18,174.8,180.36,180.57,174.66,174.8,11216700,yahoo
2024-12-19,174.22,175.7,176.61,174.17,174.22,10243000,yahoo
2024-12-20,176.66,173.96,177.77,173.69,176.66,10861700,yahoo
2024-12-23,176.28,175.4,176.44,174.71,176.28,8102400,yahoo
2024-12-24,177.61,176.37,177.7,176.04,177.61,2266500,yahoo
2024-12-26,177.9,176.95,178.15,176.81,177.9,3493100,yahoo
2024-12-27,176.69,177.0,177.99,175.79,176.69,5401800,yahoo
2024-12-30,174.91,175.25,175.61,173.57,174.91,6274500,yahoo
2024-12-31,175.23,175.53,176.07,174.55,175.23,6324500,yahoo
2025-01-02,174.72,176.32,176.68,173.91,174.72,9011900,yahoo
2025-01-03,176.32,175.25,176.59,174.58,176.32,4949100,yahoo
2025-01-06,176.2,177.13,177.96,175.94,176.2,8748100,yahoo
2025-01-07,175.61,176.81,177.39,175.03,175.61,8469400,yahoo
2025-01-08,175.82,175.18,175.95,174.14,175.82,6932900,yahoo
2025-01-10,173.25,174.66,174.95,173.07,173.25,7406800,yahoo
2025-01-13,174.67,172.56,174.72,172.38,174.67,8191400,yahoo
2025-01-14,176.08,175.43,176.29,174.7,176.08,8081800,yahoo
2025-01-15,177.77,178.73,179.01,177.29,177.77,9989500,yahoo
2025-01-16,179.17,177.92,179.43,177.37,179.17,5759000,yahoo
2025-01-17,180.04,180.09,180.71,179.7,180.04,5945500,yahoo
2025-01-21,182.13,181.09,182.21,180.95,182.13,7561500,yahoo
2025-01-22,181.49,182.28,182.4,181.43,181.49,8400200,yahoo
2025-01-23,182.35,181.59,182.36,180.88,182.35,5414500,yahoo
2025-01-24,182.19,182.11,182.85,181.94,182.19,8858500,yahoo
2025-01-27,182.31,181.26,182.35,181.16,182.31,11280900,yahoo
2025-01-28,181.41,182.3,182.35,181.02,181.41,14005300,yahoo
2025-01-29,180.81,181.42,182.08,180.47,180.81,7849500,yahoo
2025-01-30,182.74,181.84,183.16,181.49,182.74,8669000,yahoo
2025-01-31,181.24,182.4,183.23,181.04,181.24,10222400,yahoo
2025-02-03,180.25,178.92,180.9,177.7,180.25,23419700,yahoo
2025-02-04,180.47,179.86,180.86,179.74,180.47,7359000,yahoo
2025-02-05,181.35,180.9,181.44,179.73,181.35,5616100,yahoo
2025-02-06,181.11,182.1,182.1,180.11,181.11,5858800,yahoo
2025-02-07,180.22,181.68,181.79,179.94,180.22,6525000,yahoo
2025-02-10,180.73,181.03,181.1,180.08,180.73,5193400,yahoo
2025-02-11,180.75,180.13,180.84,179.81,180.75,4882000,yahoo
2025-02-12,179.7,178.75,180.11,178.65,179.7,8593000,yahoo
2025-02-13,181.26,180.3,181.42,179.81,181.26,7191600,yahoo
2025-02-14,181.08,181.75,182.18,181.02,181.08,10416200,yahoo
2025-02-18,182.47,181.56,182.5,181.06,182.47,5629500,yahoo
2025-02-19,182.84,182.0,183.02,181.68,182.84,6982400,yahoo
2025-02-20,182.38,182.62,182.62,181.17,182.38,5153400,yahoo
2025-02-21,179.82,182.62,182.62,179.4,179.82,7674000,yahoo
2025-02-24,179.97,180.37,180.79,179.21,179.97,6196800,yahoo
2025-02-25,180.15,180.22,180.75,179.16,180.15,9329900,yahoo
2025-02-26,179.77,180.71,181.38,179.39,179.77,5829700,yahoo
2025-02-27,178.2,179.8,180.56,178.1,178.2,6878000,yahoo
2025-02-28,180.18,178.68,180.25,177.51,180.18,9252600,yahoo
2025-03-03,178.26,180.88,181.4,177.31,178.26,7704400,yahoo
2025-03-04,175.38,177.27,177.86,174.84,175.38,10009200,yahoo
2025-03-05,177.01,175.22,177.5,174.54,177.01,6327500,yahoo
2025-03-06,175.05,175.41,176.55,174.2,175.05,8624700,yahoo
2025-03-07,176.69,174.59,177.12,174.02,176.69,11727400,yahoo
2025-03-10,174.2,175.08,176.73,172.92,174.2,16835700,yahoo
2025-03-11,171.88,174.23,174.32,170.96,171.88,17834700,yahoo
2025-03-12,171.07,172.61,173.09,170.1,171.07,15640500,yahoo
2025-03-13,169.43,171.08,171.7,168.84,169.43,8687700,yahoo
2025-03-14,172.66,170.87,172.89,170.3,172.66,7120600,yahoo
2025-03-17,174.99,172.55,175.64,172.55,174.99,8485500,yahoo
2025-03-18,174.08,174.78,174.78,173.34,174.08,6404500,yahoo
2025-03-19,175.37,174.26,176.21,173.84,175.37,7666100,yahoo
2025-03-20,174.64,174.56,175.76,174.16,174.64,7686200,yahoo
2025-03-21,173.84,173.47,174.18,172.31,173.84,7787700,yahoo
2025-03-24,175.69,174.64,175.97,174.34,175.69,9323400,yahoo
2025-03-25,175.27,175.96,176.09,174.53,175.27,4313100,yahoo
2025-03-26,174.94,175.62,176.32,174.38,174.94,4641600,yahoo
2025-03-27,174.49,174.65,175.51,173.61,174.49,5538300,yahoo
2025-03-28,171.8,174.41,174.45,171.55,171.8,6786800,yahoo
2025-03-31,173.23,170.79,173.99,170.17,173.23,10869400,yahoo
2025-04-01,173.41,173.0,173.9,171.26,173.41,6370100,yahoo
2025-04-02,174.86,171.94,175.39,171.94,174.86,7288600,yahoo
2025-04-03,166.53,170.0,170.63,166.46,166.53,15808200,yahoo
2025-04-04,157.18,162.85,163.11,156.94,157.18,29019500,yahoo
2025-04-07,155.87,153.64,161.69,150.35,155.87,34004200,yahoo
2025-04-08,152.93,160.33,160.7,150.79,152.93,17732800,yahoo
2025-04-09,165.16,151.24,165.89,150.81,165.16,37769600,yahoo
2025-04-10,159.6,162.15,162.3,155.48,159.6,20112100,yahoo
2025-04-11,162.02,159.39,162.77,157.69,162.02,11819300,yahoo
2025-04-14,164.09,164.27,164.97,162.47,164.09,14031000,yahoo
2025-04-15,163.56,164.34,165.47,163.4,163.56,8519400,yahoo
2025-04-16,161.46,162.9,164.08,160.21,161.46,10385800,yahoo
2025-04-17,162.66,161.83,163.91,161.69,162.66,7874400,yahoo
2025-04-21,159.39,161.39,161.65,157.71,159.39,6286600,yahoo
2025-04-22,163.32,161.19,163.7,160.93,163.32,8645400,yahoo
2025-04-23,164.9,166.51,168.49,164.34,164.9,12717500,yahoo
2025-04-24,167.69,165.21,167.97,164.58,167.69,5767900,yahoo
2025-04-25,167.45,167.27,167.64,166.04,167.45,5190000,yahoo
2025-04-28,167.92,167.72,168.68,166.42,167.92,7232100,yahoo
2025-04-29,168.9,167.45,169.32,167.12,168.9,5877300,yahoo
2025-04-30,169.14,167.15,169.55,165.39,169.14,7497400,yahoo
2025-05-01,168.91,169.14,170.51,168.48,168.91,9380300,yahoo
2025-05-02,171.89,171.02,172.29,170.59,171.89,6865200,yahoo
2025-05-05,171.32,170.93,172.23,170.59,171.32,5732400,yahoo
2025-05-06,170.05,169.92,171.38,169.48,170.05,5246400,yahoo
2025-05-07,171.17,170.6,171.73,169.96,171.17,6912400,yahoo
2025-05-08,172.61,172.24,174.27,171.79,172.61,5238800,yahoo
2025-05-09,172.57,173.03,173.3,172.11,172.57,3460100,yahoo
2025-05-12,177.3,177.26,177.51,176.04,177.3,8903700,yahoo
2025-05-13,177.7,177.43,178.52,177.22,177.7,8960000,yahoo
2025-05-14,176.63,177.55,177.63,176.22,176.63,7785500,yahoo
2025-05-15,178.24,176.26,178.28,176.26,178.24,6989300,yahoo
2025-05-16,179.99,178.42,179.99,177.89,179.99,6304500,yahoo
2025-05-19,179.97,178.36,180.18,178.26,179.97,4145500,yahoo
2025-05-20,179.5,179.49,180.18,178.79,179.5,5888300,yahoo
2025-05-21,175.59,178.09,178.36,175.41,175.59,13219500,yahoo
2025-05-22,175.03,175.13,176.03,174.1,175.03,10673200,yahoo
2025-05-23,174.33,173.22,174.88,173.0,174.33,11014300,yahoo
2025-05-27,177.58,176.46,177.68,175.48,177.58,8780200,yahoo
2025-05-28,176.07,177.56,177.69,175.77,176.07,13696600,yahoo
2025-05-29,176.5,176.73,176.76,174.99,176.5,7823900,yahoo
2025-05-30,176.43,176.0,177.01,174.94,176.43,8433600,yahoo
2025-06-02,176.57,176.07,176.62,174.27,176.57,12499600,yahoo
2025-06-03,178.04,176.52,178.21,175.93,178.04,9725900,yahoo
2025-06-04,177.64,178.31,178.45,177.57,177.64,6957400,yahoo
2025-06-05,177.16,177.85,178.3,176.67,177.16,11662900,yahoo
2025-06-06,178.69,178.66,179.01,178.01,178.69,7257800,yahoo
2025-06-09,178.72,179.13,179.58,178.23,178.72,11541800,yahoo
2025-06-10,179.61,179.16,179.86,178.87,179.61,13056400,yahoo
2025-06-11,179.1,180.0,180.03,178.52,179.1,11864700,yahoo
2025-06-12,179.52,178.62,179.55,178.15,179.52,8786000,yahoo
2025-06-13,177.35,178.19,179.03,176.87,177.35,16262000,yahoo
2025-06-16,179.06,178.36,179.76,178.32,179.06,10888000,yahoo
2025-06-17,177.34,178.32,178.77,177.03,177.34,9216000,yahoo
2025-06-18,177.36,177.34,178.58,177.15,177.36,12988300,yahoo
2025-06-20,177.65,178.38,178.68,177.21,177.65,9401300,yahoo
2025-06-23,178.49,176.94,178.58,175.98,178.49,12724300,yahoo
2025-06-24,180.18,179.42,180.5,178.92,180.18,10283300,yahoo
2025-06-25,178.88,179.97,180.04,178.6,178.88,11833600,yahoo
2025-06-26,180.23,179.44,180.42,179.35,180.23,8981500,yahoo
2025-06-27,180.89,180.59,181.81,179.95,180.89,9276900,yahoo
2025-06-30,181.74,181.16,182.03,180.83,181.74,9990600,yahoo
2025-07-01,183.87,181.3,184.77,181.3,183.87,21421100,yahoo
2025-07-02,184.29,183.8,184.44,183.05,184.29,12842400,yahoo
2025-07-03,185.18,184.65,185.52,184.65,185.18,8503400,yahoo
2025-07-07,183.7,184.75,185.07,182.7,183.7,14145700,yahoo
2025-07-08,184.16,183.76,184.78,183.55,184.16,11259100,yahoo
2025-07-09,184.71,184.75,184.88,183.55,184.71,11300700,yahoo
2025-07-10,185.78,184.71,186.49,184.46,185.78,13045900,yahoo
2025-07-11,184.42,184.64,184.91,184.01,184.42,10362200,yahoo
2025-07-14,184.61,184.13,184.76,183.71,184.61,9821500,yahoo
2025-07-15,182.05,184.88,185.05,182.02,182.05,11203400,yahoo
2025-07-16,182.76,182.67,182.98,180.56,182.76,11395700,yahoo
2025-07-17,184.25,182.83,184.4,182.62,184.25,9663600,yahoo
2025-07-18,184.18,184.81,184.96,183.71,184.18,9431700,yahoo
2025-07-21,183.55,184.57,184.98,183.55,183.55,9822000,yahoo
2025-07-22,185.89,183.82,186.16,183.82,185.89,12111800,yahoo
2025-07-23,187.43,186.93,187.46,186.49,187.43,13828000,yahoo
2025-07-24,186.83,187.15,187.79,186.79,186.83,11816300,yahoo
2025-07-25,187.73,187.16,187.84,186.35,187.73,9579400,yahoo
2025-07-28,186.62,187.69,187.72,186.5,186.62,8148100,yahoo
2025-07-29,186.53,187.01,187.01,186.07,186.53,9571500,yahoo
2025-07-30,185.32,186.52,186.92,184.4,185.32,13965200,yahoo
2025-07-31,183.63,184.59,185.75,183.2,183.63,21530000,yahoo
2025-08-01,181.56,182.26,182.34,179.94,181.56,19418200,yahoo
2025-08-04,183.78,182.27,183.93,182.27,183.78,10694200,yahoo
2025-08-05,183.27,184.01,184.14,182.58,183.27,12675600,yahoo
2025-08-06,182.86,183.48,183.56,182.48,182.86,10196200,yahoo
2025-08-07,182.75,184.04,184.44,182.11,182.75,12164900,yahoo
2025-08-08,183.08,183.18,183.81,182.75,183.08,9185200,yahoo
2025-08-11,182.58,183.31,184.04,182.27,182.58,9324600,yahoo
2025-08-12,184.9,183.2,184.99,182.93,184.9,9790500,yahoo
2025-08-13,187.54,185.54,187.63,185.3,187.54,13402800,yahoo
2025-08-14,186.32,186.25,186.49,185.41,186.32,12180800,yahoo
2025-08-15,185.86,186.7,186.72,185.65,185.86,11734800,yahoo
2025-08-18,185.82,185.82,186.36,185.68,185.82,7559000,yahoo
2025-08-19,186.69,185.91,187.57,185.91,186.69,10692900,yahoo
2025-08-20,186.52,186.72,187.23,185.84,186.52,12877700,yahoo
2025-08-21,185.87,185.93,186.36,185.37,185.87,12848300,yahoo
2025-08-22,189.49,186.82,189.99,186.79,189.49,14820900,yahoo
2025-08-25,188.04,188.99,189.22,188.0,188.04,12121000,yahoo
2025-08-26,188.17,187.82,188.38,187.59,188.17,10758100,yahoo
2025-08-27,188.85,188.02,189.08,187.85,188.85,10330900,yahoo
2025-08-28,188.76,189.18,189.26,187.89,188.76,11258800,yahoo
2025-08-29,188.62,188.65,189.35,188.05,188.62,11791100,yahoo
2025-09-02,187.13,186.74,187.34,186.05,187.13,13874500,yahoo
2025-09-03,186.84,186.77,187.47,185.95,186.84,13431600,yahoo
2025-09-04,188.22,187.18,188.26,186.47,188.22,10706800,yahoo
2025-09-05,188.44,188.67,189.8,187.32,188.44,19713400,yahoo
2025-09-08,188.29,188.48,188.48,187.04,188.29,16212100,yahoo
2025-09-09,187.71,187.98,188.25,187.33,187.71,18432700,yahoo
2025-09-10,187.52,187.7,188.49,186.94,187.52,17279300,yahoo
2025-09-11,190.33,187.72,190.54,187.72,190.33,19182500,yahoo
2025-09-12,188.96,190.09,190.32,188.81,188.96,14126100,yahoo
2025-09-15,188.63,189.32,189.72,188.45,188.63,14177200,yahoo
2025-09-16,188.13,188.64,188.99,187.63,188.13,13418400,yahoo
2025-09-17,188.31,188.37,190.52,187.18,188.31,21025400,yahoo
2025-09-18,189.54,188.83,190.06,188.53,189.54,16984500,yahoo
2025-09-19,189.21,190.0,190.0,188.57,189.21,11333500,yahoo
2025-09-22,188.48,187.82,188.8,187.45,188.48,9302300,yahoo
2025-09-23,188.71,188.6,189.88,188.37,188.71,9921600,yahoo
2025-09-24,188.27,188.71,189.24,188.09,188.27,10626000,yahoo
2025-09-25,186.72,187.61,187.64,186.03,186.72,12979600,yahoo
2025-09-26,188.57,187.23,188.72,187.11,188.57,11428800,yahoo
2025-09-29,189.2,189.4,189.5,188.4,189.2,11846900,yahoo
2025-09-30,189.7,188.86,189.88,188.35,189.7,13098600,yahoo
2025-10-01,190.13,189.27,190.42,189.27,190.13,10806400,yahoo
2025-10-02,190.58,190.2,190.95,189.7,190.58,12839600,yahoo
2025-10-03,191.25,190.91,192.3,190.89,191.25,15326900,yahoo
2025-10-06,191.19,192.1,192.1,190.89,191.19,10695400,yahoo
2025-10-07,190.35,191.63,191.91,189.97,190.35,13431800,yahoo
2025-10-08,190.97,190.59,191.27,189.84,190.97,11800200,yahoo
2025-10-09,189.39,191.11,191.31,189.08,189.39,12641800,yahoo
2025-10-10,185.12,189.59,190.01,185.09,185.12,40484500,yahoo
2025-10-13,186.92,186.43,187.54,186.1,186.92,16088800,yahoo
2025-10-14,188.47,185.55,189.3,185.42,188.47,17544300,yahoo
2025-10-15,188.85,189.4,190.5,187.43,188.85,11078500,yahoo
2025-10-16,187.06,189.22,189.46,186.43,187.06,20569900,yahoo
2025-10-17,188.01,187.04,188.37,186.84,188.01,21042200,yahoo
2025-10-20,189.89,189.02,190.16,189.0,189.89,9171600,yahoo
2025-10-21,190.76,189.86,191.33,189.63,190.76,9444800,yahoo
2025-10-22,189.84,190.84,191.12,189.16,189.84,15088600,yahoo
2025-10-23,190.74,190.12,191.09,189.58,190.74,9809400,yahoo
2025-10-24,191.26,192.11,192.22,191.18,191.26,13012000,yahoo
2025-10-27,192.11,192.23,192.33,191.53,192.11,10311100,yahoo
2025-10-28,190.46,191.76,191.76,190.35,190.46,12596700,yahoo
2025-10-29,188.33,189.85,190.13,187.71,188.33,25832400,yahoo
2025-10-30,187.52,187.51,189.49,187.42,187.52,16213800,yahoo
2025-10-31,187.93,187.11,188.48,186.86,187.93,14994200,yahoo
2025-11-03,187.47,187.97,187.97,185.47,187.47,16031300,yahoo
2025-11-04,186.23,186.2,186.96,185.74,186.23,15934300,yahoo
2025-11-05,187.32,186.18,187.98,186.02,187.32,15322600,yahoo
2025-11-06,186.0,187.14,187.94,185.63,186.0,19140600,yahoo
2025-11-07,187.56,185.67,187.64,185.35,187.56,24166700,yahoo
2025-11-10,188.64,188.28,189.01,187.06,188.64,15983200,yahoo
2025-11-11,189.73,188.87,190.22,188.75,189.73,11465600,yahoo
2025-11-12,190.18,189.94,190.93,189.94,190.18,17683800,yahoo
2025-11-13,188.03,189.64,190.33,187.72,188.03,23906200,yahoo
2025-11-14,187.34,187.12,188.46,186.53,187.34,31184400,yahoo
2025-11-17,184.88,187.12,187.51,184.35,184.88,24821300,yahoo
2025-11-18,184.99,184.34,186.05,183.86,184.99,39684900,yahoo
2025-11-19,184.43,184.86,185.36,183.67,184.43,21903500,yahoo
2025-11-20,182.18,186.24,186.78,182.11,182.18,45169400,yahoo
2025-11-21,185.76,183.21,186.81,182.81,185.76,57508500,yahoo
2025-11-24,186.53,186.19,187.16,185.28,186.53,15833500,yahoo
2025-11-25,189.18,186.98,189.53,186.9,189.18,22726500,yahoo
2025-11-26,190.5,189.4,191.16,189.31,190.5,14643700,yahoo
2025-11-28,191.53,190.71,191.83,190.56,191.53,5185500,yahoo
2025-12-01,190.22,190.34,191.65,190.12,190.22,13035100,yahoo
2025-12-02,190.04,190.74,190.75,189.53,190.04,11714200,yahoo
2025-12-03,191.49,190.27,191.62,190.25,191.49,13576800,yahoo
2025-12-04,191.55,191.48,192.06,191.01,191.55,11086800,yahoo
2025-12-05,192.0,191.82,192.81,191.59,192.0,12887200,yahoo
2025-12-08,190.85,192.24,192.27,190.67,190.85,8686100,yahoo
2025-12-09,190.49,190.71,191.69,190.42,190.49,7896700,yahoo
2025-12-10,193.17,190.76,193.6,190.61,193.17,17968600,yahoo
2025-12-11,194.73,193.02,194.88,193.0,194.73,17852700,yahoo
2025-12-12,193.41,195.33,195.47,193.06,193.41,26817100,yahoo
2025-12-15,193.65,194.51,194.57,192.91,193.65,26605900,yahoo
2025-12-16,192.29,193.77,193.96,191.59,192.29,16005500,yahoo
2025-12-17,191.77,192.45,193.61,191.54,191.77,13546100,yahoo
2025-12-18,192.18,192.92,193.76,191.81,192.18,18124000,yahoo
2025-12-19,192.88,192.24,193.52,192.07,192.88,13707900,yahoo
2025-12-22,193.54,192.61,193.73,192.42,193.54,8322300,yahoo
2025-12-23,193.09,193.34,193.66,192.73,193.09,6422600,yahoo
2025-12-24,193.79,193.17,194.11,193.0,193.79,4193200,yahoo
2025-12-26,193.84,193.8,193.93,193.17,193.84,9570500,yahoo
2025-12-29,193.52,193.61,194.06,193.13,193.52,7381000,yahoo
2025-12-30,193.21,193.54,193.75,193.16,193.21,5089000,yahoo
2025-12-31,191.56,193.16,193.16,191.52,191.56,12684500,yahoo
2026-01-02,192.86,192.21,193.29,191.04,192.86,13722500,yahoo
2026-01-05,194.65,193.01,195.24,192.84,194.65,17525900,yahoo
2026-01-06,197.0,194.43,197.25,194.41,197.0,18100800,yahoo
2026-01-07,194.79,197.16,197.48,194.67,194.79,19819100,yahoo
2026-01-08,196.46,194.36,196.97,194.17,196.46,21391900,yahoo
2026-01-09,197.6,197.0,198.07,196.63,197.6,14223300,yahoo
2026-01-12,197.78,197.08,197.88,196.58,197.78,12469900,yahoo
2026-01-13,197.78,198.13,198.4,197.11,197.78,18149500,yahoo
2026-01-14,198.68,197.48,198.68,197.44,198.68,24857600,yahoo
2026-01-15,199.56,199.32,200.11,198.75,199.56,20666000,yahoo
2026-01-16,199.05,199.3,199.78,198.7,199.05,13913900,yahoo
2026-01-20,196.08,196.87,197.91,195.78,196.08,21111300,yahoo
2026-01-21,199.4,197.18,199.89,197.11,199.4,19619100,yahoo
2026-01-22,199.66,200.1,200.78,199.46,199.66,17094600,yahoo
2026-01-23,198.77,199.29,199.47,198.03,198.77,13501000,yahoo
2026-01-26,199.24,199.22,199.79,198.95,199.24,13080500,yahoo
2026-01-27,198.93,199.17,199.42,198.58,198.93,10553600,yahoo
2026-01-28,198.26,198.92,199.48,197.91,198.26,20805900,yahoo
2026-01-29,198.52,199.18,199.9,197.14,198.52,23925700,yahoo
2026-01-30,198.08,198.01,198.73,196.25,198.08,25403000,yahoo
2026-02-02,199.1,197.69,199.33,197.15,199.1,14618600,yahoo
2026-02-03,198.57,198.73,200.08,196.98,198.57,28998500,yahoo
2026-02-04,200.3,199.22,200.95,199.12,200.3,31319200,yahoo
2026-02-05,198.56,199.64,200.04,198.12,198.56,36587400,yahoo
2026-02-06,202.26,200.07,202.49,199.9,202.26,26921600,yahoo
2026-02-09,202.38,201.61,202.82,200.99,202.38,14600900,yahoo
2026-02-10,203.1,202.55,203.86,202.47,203.1,16784300,yahoo
2026-02-11,203.46,203.89,204.17,202.53,203.46,18897200,yahoo
2026-02-12,200.79,204.27,205.24,200.39,200.79,38641100,yahoo
2026-02-13,202.87,201.2,203.82,200.43,202.87,29358500,yahoo
2026-02-17,202.52,203.08,203.98,200.85,202.52,29787300,yahoo
2026-02-18,203.57,202.83,204.22,202.25,203.57,20934100,yahoo
2026-02-19,203.14,203.09,203.61,201.93,203.14,15448200,yahoo
2026-02-20,204.09,202.5,204.78,202.34,204.09,27280200,yahoo
2026-02-23,201.85,203.38,204.08,201.05,201.85,16437700,yahoo
2026-02-24,203.46,201.88,203.71,201.79,203.46,19725000,yahoo
2026-02-25,203.58,204.1,204.14,202.25,203.58,16772400,yahoo
2026-02-26,204.73,204.12,205.03,203.18,204.73,23866200,yahoo
2026-02-27,204.97,203.37,205.08,202.91,204.97,16234500,yahoo
2026-03-02,204.59,203.34,205.24,202.84,204.59,22037000,yahoo
2026-03-03,202.08,201.05,203.03,198.55,202.08,37315700,yahoo
2026-03-04,202.89,202.7,203.35,201.42,202.89,16696700,yahoo
2026-03-05,200.54,201.79,202.71,199.46,200.54,23144500,yahoo
2026-03-06,198.15,198.44,198.77,196.52,198.15,23634400,yahoo
2026-03-09,198.71,196.28,199.25,193.97,198.71,26828200,yahoo
2026-03-10,197.22,198.44,199.58,196.85,197.22,19304300,yahoo
2026-03-11,196.57,197.01,197.38,195.68,196.57,16887500,yahoo
2026-03-12,193.53,194.87,196.01,193.51,193.53,24793800,yahoo
2026-03-13,193.52,195.02,195.68,193.29,193.52,13023200,yahoo
2026-03-16,194.96,195.25,196.19,194.59,194.96,12128800,yahoo
2026-03-17,196.05,196.31,197.25,195.91,196.05,10977500,yahoo
2026-03-18,193.47,195.15,195.64,193.39,193.47,12514600,yahoo
2026-03-19,193.32,192.26,194.47,191.9,193.32,17371100,yahoo
2026-03-20,190.48,193.03,193.42,189.5,190.48,15312100,yahoo
2026-03-23,191.69,192.5,194.05,191.44,191.69,15965500,yahoo
2026-03-24,191.92,190.52,192.97,190.08,191.92,15258500,yahoo
2026-03-25,192.85,193.46,194.15,191.34,192.85,14017300,yahoo
2026-03-26,191.08,191.71,193.5,190.84,191.08,17145700,yahoo
2026-03-27,188.46,190.43,190.69,188.03,188.46,13998800,yahoo
2026-03-30,188.07,190.16,190.36,187.36,188.07,10947400,yahoo
2026-03-31,191.92,190.02,192.64,188.73,191.92,19696500,yahoo
2026-04-01,192.54,192.54,193.47,192.18,192.54,17589200,yahoo
2026-04-02,193.09,190.55,194.3,190.21,193.09,10796600,yahoo
2026-04-06,193.92,192.95,194.02,192.55,193.92,4600400,yahoo
2026-04-07,193.49,193.34,194.02,192.4,193.49,8382700,yahoo
2026-04-08,197.96,197.3,198.3,196.92,197.96,11173900,yahoo
2026-04-09,198.08,197.24,198.73,196.8,198.08,7321100,yahoo
2026-04-10,196.65,198.25,198.43,196.33,196.65,6701900,yahoo
2026-04-13,198.83,196.23,198.93,195.95,198.83,5789300,yahoo
2026-04-14,199.66,199.09,200.03,198.53,199.66,10283900,yahoo
2026-04-15,199.73,199.73,200.2,198.93,199.73,8666800,yahoo
2026-04-16,200.64,200.1,201.08,199.91,200.64,9802500,yahoo
2026-04-17,203.16,201.69,204.08,201.63,203.16,10807200,yahoo
2026-04-20,203.8,202.69,203.93,202.67,203.8,6061800,yahoo
2026-04-21,202.55,204.27,205.18,202.21,202.55,8702400,yahoo
2026-04-22,202.46,203.78,204.19,201.94,202.46,7198100,yahoo
2026-04-23,202.45,202.44,202.94,200.38,202.45,10703900,yahoo
2026-04-24,202.03,202.58,202.94,201.65,202.03,8816800,yahoo
2026-04-27,201.79,201.97,202.94,201.68,201.79,6866800,yahoo
2026-04-28,200.76,201.79,202.28,200.16,200.76,6560200,yahoo
2026-04-29,200.41,200.79,201.27,199.7,200.41,8269200,yahoo
2026-04-30,203.44,200.54,203.55,200.2,203.44,9591200,yahoo
2026-05-01,202.82,204.01,204.31,202.79,202.82,13811300,yahoo
2026-05-04,201.64,202.37,203.58,201.23,201.64,9495200,yahoo
2026-05-05,203.24,202.28,203.78,201.62,203.24,6566000,yahoo
2026-05-06,204.85,204.58,205.51,204.06,204.85,10908200,yahoo
2026-05-07,203.54,204.96,205.53,202.95,203.54,10151400,yahoo
2026-05-08,204.1,204.45,204.58,203.19,204.1,8492500,yahoo
2026-05-11,203.99,204.46,204.82,203.64,203.99,7428700,yahoo
2026-05-12,203.81,203.73,204.09,202.17,203.81,9576200,yahoo
2026-05-13,202.92,203.68,203.68,202.34,202.92,7388900,yahoo
2026-05-14,203.66,203.46,204.51,203.04,203.66,9841600,yahoo
2026-05-15,201.56,202.6,202.92,201.45,201.56,8957400,yahoo
2026-05-18,202.8,201.88,203.28,201.46,202.8,13792400,yahoo
2026-05-19,201.62,201.98,202.64,200.91,201.62,10548600,yahoo
2026-05-20,203.83,201.98,203.99,200.7,203.83,18985500,yahoo
2026-05-21,204.71,202.94,204.9,201.81,204.71,11504200,yahoo
2026-05-22,206.58,205.73,206.97,205.52,206.58,11148200,yahoo
2026-05-26,207.64,207.83,208.18,206.93,207.64,10318200,yahoo
2026-05-27,207.49,208.05,208.73,207.34,207.49,9745500,yahoo
2026-05-28,208.25,207.38,208.89,206.64,208.25,6643900,yahoo
2026-05-29,208.83,208.75,209.32,208.21,208.83,8578100,yahoo
2026-06-01,209.21,208.05,209.77,207.79,209.21,8484900,yahoo
2026-06-02,210.04,209.11,210.12,208.78,210.04,8103000,yahoo
2026-06-03,209.25,209.43,209.81,208.84,209.25,9765200,yahoo
2026-06-04,210.83,210.02,210.95,209.74,210.83,10142800,yahoo
2026-06-05,207.83,209.87,210.36,207.29,207.83,10969800,yahoo
2026-06-08,207.61,208.64,209.08,207.45,207.61,7771400,yahoo
2026-06-09,209.19,208.64,210.36,205.74,209.19,17170300,yahoo
2026-06-10,206.53,208.53,209.93,206.45,206.53,11015800,yahoo
2026-06-11,209.75,207.34,210.46,206.87,209.75,16751800,yahoo
2026-06-12,211.65,210.7,212.12,209.65,211.65,11412500,yahoo
2026-06-15,212.88,213.6,214.29,212.62,212.88,7980500,yahoo
2026-06-16,212.17,213.49,214.3,212.08,212.17,6167000,yahoo
2026-06-17,208.99,212.11,213.0,208.59,208.99,11355500,yahoo
2026-06-18,209.96,211.22,211.29,209.77,209.96,10811900,yahoo
2026-06-22,209.61,209.53,210.34,209.1,209.61,7256400,yahoo
2026-06-23,208.89,208.34,209.68,207.64,208.89,10942600,yahoo
2026-06-24,210.38,209.38,211.55,209.25,210.38,8243700,yahoo
2026-06-25,211.75,211.89,213.79,211.37,211.75,13830900,yahoo
2026-06-26,210.31,211.35,213.09,210.31,210.31,16750500,yahoo
2026-06-29,213.05,213.02,213.37,212.09,213.05,11408000,yahoo
2026-06-30,212.77,212.79,213.36,212.0,212.77,9001600,yahoo
2026-07-01,213.41,212.58,214.95,212.58,213.41,12587500,yahoo
2026-07-02,214.91,214.49,215.61,213.29,214.91,10679600,yahoo
2026-07-06,215.0,215.04,215.47,214.13,215.0,6442400,yahoo
2026-07-07,214.73,215.81,216.37,214.51,214.73,8044100,yahoo
2026-07-08,212.2,213.54,213.7,211.44,212.2,13646800,yahoo
2026-07-09,213.5,212.84,214.19,212.48,213.5,7278100,yahoo
2026-07-10,214.3,214.15,214.6,213.06,214.3,5540400,yahoo
2026-07-13,214.23,214.48,215.5,213.8,214.23,6899100,yahoo
2026-07-14,213.45,214.14,214.9,213.22,213.45,9049600,yahoo
2026-07-15,212.97,213.75,214.16,212.55,212.97,8412500,yahoo
2026-07-16,215.06,213.08,215.1,213.07,215.06,7125000,yahoo
2026-07-17,213.37,214.36,215.95,213.05,213.37,12176200,yahoo
2026-07-20,212.42,213.87,214.0,212.11,212.42,6433000,yahoo
2026-07-21,212.76,212.57,213.15,211.79,212.76,6363400,yahoo
2026-07-22,212.7,213.03,213.94,212.37,212.7,4234900,yahoo
2026-07-23,211.92,212.1,212.94,211.27,211.92,7189700,yahoo
2026-07-24,213.57,212.37,214.47,212.23,213.57,7269100,yahoo
2026-07-27,215.18,214.8,215.84,214.46,215.18,6002000,yahoo
2026-07-28,217.69,216.17,218.05,215.99,217.69,12864200,yahoo
2026-07-29,215.73,217.2,218.11,215.55,215.73,12991700,yahoo
2026-07-30,215.38,215.83,215.95,213.06,215.38,13366300,yahoo
2026-07-31,215.01,215.42,215.63,213.55,215.01,9729500,yahoo
2026-08-03,217.11,215.87,217.27,215.87,217.11,8530300,yahoo
2026-08-04,220.23,217.57,220.45,216.92,220.23,9185200,yahoo
2026-08-05,219.73,220.82,221.09,219.24,219.73,8105900,yahoo
2026-08-06,218.58,220.16,220.16,218.2,218.58,5486000,yahoo
2026-08-07,220.09,219.03,220.37,218.41,220.09,6233700,yahoo
2026-08-10,220.22,220.28,220.42,219.41,220.22,6332900,yahoo
2026-08-11,220.69,219.97,221.23,219.91,220.69,7213700,yahoo
2026-08-12,221.08,220.95,221.37,219.87,221.08,4791400,yahoo
2026-08-13,222.73,221.77,222.91,221.49,222.73,6406600,yahoo
2026-08-14,222.77,222.93,222.96,222.33,222.77,3810100,yahoo
2026-08-17,220.79,222.07,222.21,220.73,220.79,5091500,yahoo
2026-08-18,219.79,220.86,221.43,219.71,219.79,5623700,yahoo
2026-08-19,222.07,221.61,223.44,221.45,222.07,7591600,yahoo
2026-08-20,220.28,220.74,222.1,220.19,220.28,5567000,yahoo
2026-08-21,221.67,221.3,222.14,221.02,221.67,5220500,yahoo
2026-08-24,221.93,221.75,222.32,221.26,221.93,4822900,yahoo
2026-08-25,221.77,222.24,222.28,221.24,221.77,5598400,yahoo
2026-08-26,222.11,221.31,222.72,221.24,222.11,4612400,yahoo
2026-08-27,221.45,221.56,222.11,221.24,221.45,5197400,yahoo
2026-08-28,220.69,221.84,222.14,220.31,220.69,5412500,yahoo
2026-08-31,219.39,219.77,220.0,219.15,219.39,6092400,yahoo
2026-09-01,217.59,218.87,219.44,217.2,217.59,6899700,yahoo
2026-09-02,218.6,217.73,219.13,217.64,218.6,5988800,yahoo
2026-09-03,220.05,219.57,220.28,218.42,220.05,5445800,yahoo
2026-09-04,219.0,218.81,219.77,218.51,219.0,4442200,yahoo
2026-09-08,216.73,218.12,218.4,216.63,216.73,6504200,yahoo
2026-09-09,214.64,216.14,216.42,214.61,214.64,7038800,yahoo
2026-09-10,213.17,213.81,214.44,213.03,213.17,8029900,yahoo
2026-09-11,214.87,214.99,215.33,214.34,214.87,5318400,yahoo
2026-09-14,215.01,214.65,215.78,214.31,215.01,6726300,yahoo
2026-09-15,213.96,214.7,214.85,213.63,213.96,7113200,yahoo
2026-09-16,212.28,214.19,214.51,210.96,212.28,8046200,yahoo
2026-09-17,213.31,214.12,214.28,212.95,213.31,5232800,yahoo
2026-09-18,212.29,212.84,212.98,211.66,212.29,6023500,yahoo
2026-09-21,212.68,212.6,213.2,211.61,212.68,5653300,yahoo
2026-09-22,212.8,213.56,213.87,212.31,212.8,6542300,yahoo
2026-09-23,211.31,212.27,212.54,211.23,211.31,5964300,yahoo
2026-09-24,210.26,211.07,211.47,209.81,210.26,7709200,yahoo
2026-09-25,211.11,210.66,211.52,209.89,211.11,5651200,yahoo
