date,value,open,high,low,close,volume,source
1993-01-29,43.9375,43.9688,43.9688,43.75,43.9375,1003200,yahoo
1993-02-01,44.25,43.9688,44.25,43.9688,44.25,480500,yahoo
1993-02-02,44.3438,44.2188,44.375,44.125,44.3438,201300,yahoo
1993-02-03,44.8125,44.4062,44.8438,44.375,44.8125,529400,yahoo
1993-02-04,45.0,44.9688,45.0938,44.4688,45.0,531500,yahoo
1993-02-05,44.9688,44.9688,45.0625,44.7188,44.9688,492100,yahoo
1993-02-08,44.9688,44.9688,45.125,44.9062,44.9688,596100,yahoo
1993-02-09,44.6562,44.8125,44.8125,44.5625,44.6562,122100,yahoo
1993-02-10,44.7188,44.6562,44.75,44.5312,44.7188,379600,yahoo
1993-02-11,44.9375,44.7812,45.125,44.7812,44.9375,19500,yahoo
1993-02-12,44.5938,44.875,44.875,44.5938,44.5938,42500,yahoo
1993-02-16,43.4688,44.4688,44.4688,43.4062,43.4688,374800,yahoo
1993-02-17,43.4375,43.4688,43.5312,43.2812,43.4375,210900,yahoo
1993-02-18,43.4062,43.9375,43.9375,42.8125,43.4062,378100,yahoo
1993-02-19,43.5625,43.4062,43.5625,43.3438,43.5625,34900,yahoo
1993-02-22,43.7188,43.6875,43.7812,43.5625,43.7188,513600,yahoo
1993-02-23,43.6875,43.8438,43.875,43.4688,43.6875,373700,yahoo
1993-02-24,44.25,43.7188,44.25,43.7188,44.25,26300,yahoo
1993-02-25,44.3438,44.2188,44.375,44.125,44.3438,44500,yahoo
1993-02-26,44.4062,44.4375,44.4375,44.1875,44.4062,66200,yahoo
1993-03-01,44.2812,44.5625,44.5625,44.2188,44.2812,66500,yahoo
1993-03-02,44.9375,44.3125,44.9375,44.25,44.9375,182400,yahoo
1993-03-03,45.125,45.0,45.1562,44.9375,45.125,280100,yahoo
1993-03-04,44.875,45.1875,45.1875,44.875,44.875,89500,yahoo
1993-03-05,44.75,44.9375,45.125,44.7188,44.75,40000,yahoo
1993-03-08,45.75,44.8438,45.75,44.8438,45.75,50800,yahoo
1993-03-09,45.5938,45.6562,45.6875,45.5,45.5938,169300,yahoo
1993-03-10,45.6875,45.5938,45.6875,45.4062,45.6875,194400,yahoo
1993-03-11,45.5625,45.7188,45.8438,45.5,45.5625,70900,yahoo
1993-03-12,45.0938,45.1875,45.2188,44.8125,45.0938,643600,yahoo
1993-03-15,45.3125,45.0625,45.3125,45.0625,45.3125,310800,yahoo
1993-03-16,45.3125,45.3125,45.4375,45.3125,45.3125,30800,yahoo
1993-03-17,45.0312,45.25,45.25,44.9688,45.0312,21800,yahoo
1993-03-18,45.3125,45.2188,45.5,45.2188,45.3125,59300,yahoo
1993-03-19,45.0312,45.2812,45.2812,45.0312,45.0312,66900,yahoo
1993-03-22,44.7812,44.5938,44.875,44.5625,44.7812,183400,yahoo
1993-03-23,44.875,44.9062,44.9375,44.8125,44.875,55200,yahoo
1993-03-24,44.875,44.8125,45.0625,44.5938,44.875,37200,yahoo
1993-03-25,45.1562,44.9062,45.25,44.8438,45.1562,110100,yahoo
1993-03-26,44.9062,45.125,45.1562,44.875,44.9062,101500,yahoo
1993-03-29,45.0938,44.9375,45.3125,44.9375,45.0938,87100,yahoo
1993-03-30,45.2188,45.1562,45.2188,45.0938,45.2188,56000,yahoo
1993-03-31,45.1875,45.3438,45.4688,45.1875,45.1875,111600,yahoo
1993-04-01,45.0312,45.25,45.25,44.9375,45.0312,129500,yahoo
1993-04-02,44.0938,44.6562,44.6562,44.0938,44.0938,59400,yahoo
1993-04-05,44.3125,44.4375,44.4375,44.1875,44.3125,172200,yahoo
1993-04-06,44.1875,44.4062,44.4062,44.0625,44.1875,129700,yahoo
1993-04-07,44.3438,44.25,44.3438,44.1562,44.3438,28000,yahoo
1993-04-08,44.2812,44.5312,44.5312,44.0938,44.2812,180800,yahoo
1993-04-12,44.9062,44.7188,44.9375,44.6562,44.9062,348500,yahoo
1993-04-13,45.0,44.875,45.1562,44.8438,45.0,146100,yahoo
1993-04-14,44.9375,45.0312,45.0625,44.9062,44.9375,119600,yahoo
1993-04-15,44.9375,44.9062,45.0312,44.75,44.9375,148600,yahoo
1993-04-16,44.9375,44.9688,45.0312,44.875,44.9375,47900,yahoo
1993-04-19,44.75,44.9375,45.0625,44.7188,44.75,157000,yahoo
1993-04-20,44.5312,44.6875,44.75,44.25,44.5312,279500,yahoo
1993-04-21,44.5,44.625,44.625,44.375,44.5,67900,yahoo
1993-04-22,43.9375,44.3125,44.6875,43.9375,43.9375,97700,yahoo
1993-04-23,43.75,43.8438,43.9688,43.6875,43.75,106000,yahoo
1993-04-26,43.4062,43.7812,43.9375,43.2812,43.4062,62600,yahoo
1993-04-27,43.875,43.3438,43.875,43.3438,43.875,156800,yahoo
1993-04-28,43.7812,43.8125,43.9062,43.7188,43.7812,85900,yahoo
1993-04-29,43.9688,43.875,43.9688,43.625,43.9688,85000,yahoo
1993-04-30,44.0312,44.125,44.2812,44.0312,44.0312,88500,yahoo
1993-05-03,44.3125,44.0938,44.3125,43.9062,44.3125,80500,yahoo
1993-05-04,44.4688,44.4062,44.625,44.3438,44.4688,149100,yahoo
1993-05-05,44.5938,44.4688,44.75,44.4688,44.5938,109000,yahoo
1993-05-06,44.4375,44.5312,44.5625,44.4062,44.4375,54700,yahoo
1993-05-07,44.3438,44.4688,44.4688,44.2812,44.3438,68000,yahoo
1993-05-10,44.4375,44.4062,44.6875,44.4062,44.4375,113900,yahoo
1993-05-11,44.625,44.4375,44.625,44.3125,44.625,42600,yahoo
1993-05-12,44.5625,44.4375,44.5938,44.4375,44.5625,31000,yahoo
1993-05-13,44.0312,44.375,44.375,44.0,44.0312,129100,yahoo
1993-05-14,44.0,44.0312,44.1562,43.9688,44.0,63500,yahoo
1993-05-17,44.1562,44.125,44.1562,43.9375,44.1562,34000,yahoo
1993-05-18,44.125,44.1875,44.2188,43.9688,44.125,105200,yahoo
1993-05-19,45.0312,44.125,45.0312,43.8438,45.0312,50200,yahoo
1993-05-20,45.1562,45.0312,45.1562,44.9375,45.1562,98200,yahoo
1993-05-21,44.75,45.1875,45.25,44.7188,44.75,221400,yahoo
1993-05-24,44.9375,44.8438,45.0938,44.8438,44.9375,30500,yahoo
1993-05-25,45.0312,45.125,45.125,45.0312,45.0312,191800,yahoo
1993-05-26,45.5938,45.1562,45.625,45.125,45.5938,102400,yahoo
1993-05-27,45.4375,45.6562,45.6562,45.375,45.4375,53800,yahoo
1993-05-28,45.2188,45.4062,45.4062,45.0,45.2188,79100,yahoo
1993-06-01,45.6562,45.375,45.8125,45.3125,45.6562,28300,yahoo
1993-06-02,45.5938,45.5312,45.75,45.3438,45.5938,20300,yahoo
1993-06-03,45.4375,45.5,45.5,45.3438,45.4375,21600,yahoo
1993-06-04,45.2812,45.3125,45.3125,45.0938,45.2812,32000,yahoo
1993-06-07,45.125,45.375,45.375,45.125,45.125,121400,yahoo
1993-06-08,44.7188,45.0,45.0,44.7188,44.7188,104500,yahoo
1993-06-09,44.875,44.875,45.0625,44.8125,44.875,43300,yahoo
1993-06-10,44.9062,44.8438,44.9375,44.75,44.9062,17900,yahoo
1993-06-11,45.0938,45.0625,45.1562,44.9062,45.0938,647400,yahoo
1993-06-14,45.0312,45.1562,45.1875,45.0312,45.0312,64200,yahoo
1993-06-15,44.9375,45.0938,45.125,44.9375,44.9375,142400,yahoo
1993-06-16,45.0312,44.9375,45.0312,44.8125,45.0312,330900,yahoo
1993-06-17,45.1875,45.125,45.1875,45.0312,45.1875,37400,yahoo
1993-06-18,44.5,44.8438,44.8438,44.5,44.5,58500,yahoo
1993-06-21,44.5938,44.625,44.625,44.5312,44.5938,29300,yahoo
1993-06-22,44.625,44.6562,44.6562,44.5625,44.625,137500,yahoo
1993-06-23,44.2188,44.625,44.625,44.2188,44.2188,227600,yahoo
1993-06-24,44.8125,44.3438,44.8125,44.3438,44.8125,243700,yahoo
1993-06-25,44.7812,44.7812,44.9062,44.75,44.7812,44800,yahoo
1993-06-28,45.2812,45.0,45.2812,44.9375,45.2812,439900,yahoo
1993-06-29,45.0625,45.2188,45.2188,45.0,45.0625,207500,yahoo
1993-06-30,45.0625,45.125,45.2188,45.0,45.0625,437600,yahoo
1993-07-01,44.9375,45.125,45.125,44.875,44.9375,605700,yahoo
1993-07-02,44.6875,44.7812,44.8125,44.5312,44.6875,285400,yahoo
1993-07-06,44.2188,44.625,44.75,44.1562,44.2188,246400,yahoo
1993-07-07,44.3438,44.1875,44.4062,44.1875,44.3438,343700,yahoo
1993-07-08,44.8438,44.375,44.9375,44.3125,44.8438,248200,yahoo
1993-07-09,44.9688,44.8438,44.9688,44.75,44.9688,378200,yahoo
1993-07-12,44.9375,44.9062,44.9688,44.8438,44.9375,373700,yahoo
1993-07-13,44.9062,44.9688,45.0938,44.6562,44.9062,389600,yahoo
1993-07-14,45.0625,44.9375,45.1875,44.9062,45.0625,617300,yahoo
1993-07-15,44.875,45.0312,45.0312,44.7812,44.875,443800,yahoo
1993-07-16,44.75,44.9062,44.9375,44.6875,44.75,216400,yahoo
1993-07-19,44.7188,44.75,44.75,44.5938,44.7188,188200,yahoo
1993-07-20,44.8438,44.6875,44.8438,44.4688,44.8438,68500,yahoo
1993-07-21,44.8125,44.7812,44.8125,44.6562,44.8125,142700,yahoo
1993-07-22,44.5,44.75,44.8125,44.5,44.5,632400,yahoo
1993-07-23,44.7188,44.5938,44.7188,44.5625,44.7188,286200,yahoo
1993-07-26,44.9688,44.8438,45.0625,44.8438,44.9688,121300,yahoo
1993-07-27,44.9375,45.0,45.0312,44.7812,44.9375,92800,yahoo
1993-07-28,44.8438,44.8438,44.9375,44.7812,44.8438,30800,yahoo
1993-07-29,45.0938,44.9375,45.2188,44.875,45.0938,331000,yahoo
1993-07-30,44.8438,45.0938,45.0938,44.7812,44.8438,75300,yahoo
1993-08-02,44.9688,44.9062,45.125,44.9062,44.9688,41300,yahoo
1993-08-03,45.0,45.0625,45.1875,44.8438,45.0,81600,yahoo
1993-08-04,45.0,45.0,45.0938,44.875,45.0,434000,yahoo
1993-08-05,44.9062,45.0,45.0,44.8438,44.9062,36800,yahoo
1993-08-06,44.9688,45.0312,45.0625,44.9062,44.9688,402300,yahoo
1993-08-09,45.2188,45.0938,45.3438,45.0,45.2188,828200,yahoo
1993-08-10,45.1875,45.1875,45.2188,45.125,45.1875,604900,yahoo
1993-08-11,45.1875,45.1562,45.3125,45.1562,45.1875,542200,yahoo
1993-08-12,45.0625,45.3125,45.3125,44.9062,45.0625,303700,yahoo
1993-08-13,45.125,45.0938,45.1562,45.0938,45.125,103500,yahoo
1993-08-16,45.375,45.1562,45.5,45.1562,45.375,241800,yahoo
1993-08-17,45.5312,45.3438,45.5312,45.3438,45.5312,369300,yahoo
1993-08-18,45.7812,45.6875,45.875,45.6562,45.7812,414300,yahoo
1993-08-19,45.7812,45.8125,45.8125,45.7188,45.7812,28500,yahoo
1993-08-20,45.8125,45.6875,45.8125,45.6562,45.8125,80700,yahoo
1993-08-23,45.7188,45.625,45.75,45.625,45.7188,15600,yahoo
1993-08-24,46.2188,45.7188,46.2188,45.7188,46.2188,273400,yahoo
1993-08-25,46.25,46.2188,46.4375,46.1562,46.25,242300,yahoo
1993-08-26,46.2812,46.2812,46.5312,46.0938,46.2812,120000,yahoo
1993-08-27,46.25,46.1562,46.25,46.1562,46.25,25700,yahoo
1993-08-30,46.4375,46.2812,46.5,46.2812,46.4375,183500,yahoo
1993-08-31,46.5625,46.4062,46.5625,46.3438,46.5625,66500,yahoo
1993-09-01,46.5,46.4062,46.5938,46.4062,46.5,136500,yahoo
1993-09-02,46.3438,46.5312,46.5938,46.3125,46.3438,472400,yahoo
1993-09-03,46.375,46.3125,46.4375,46.25,46.375,630500,yahoo
1993-09-07,46.0625,46.375,46.4375,46.0,46.0625,196400,yahoo
1993-09-08,45.9062,46.0625,46.0625,45.5938,45.9062,269900,yahoo
1993-09-09,46.0,45.7188,46.0312,45.7188,46.0,239200,yahoo
1993-09-10,46.4062,46.125,46.4375,46.0625,46.4062,106500,yahoo
1993-09-13,46.4375,46.5625,46.5625,46.4375,46.4375,66900,yahoo
1993-09-14,46.25,46.3125,46.3125,46.0938,46.25,184500,yahoo
1993-09-15,46.375,46.0625,46.4062,45.9062,46.375,101000,yahoo
1993-09-16,46.1875,46.3125,46.3438,46.1562,46.1875,54300,yahoo
1993-09-17,45.8125,45.875,45.9062,45.75,45.8125,200900,yahoo
1993-09-20,45.4375,45.875,45.9688,45.4375,45.4375,57800,yahoo
1993-09-21,45.2812,45.5,45.5625,44.8125,45.2812,318200,yahoo
1993-09-22,45.6562,45.4375,45.7188,45.375,45.6562,439700,yahoo
1993-09-23,45.9062,45.7812,45.9375,45.7188,45.9062,88500,yahoo
1993-09-24,45.7812,45.8438,45.875,45.7188,45.7812,53500,yahoo
1993-09-27,46.2812,46.125,46.2812,46.125,46.2812,274600,yahoo
1993-09-28,46.1875,46.3125,46.3125,46.1562,46.1875,158300,yahoo
1993-09-29,46.0312,46.1875,46.3125,45.9688,46.0312,221000,yahoo
1993-09-30,45.9375,46.0312,46.125,45.8438,45.9375,99300,yahoo
1993-10-01,46.1562,45.875,46.2188,45.8125,46.1562,22700,yahoo
1993-10-04,46.2188,46.2188,46.2188,46.0938,46.2188,1038500,yahoo
1993-10-05,46.1562,46.3125,46.3125,46.0,46.1562,436500,yahoo
1993-10-06,46.125,46.1875,46.375,46.125,46.125,209200,yahoo
1993-10-07,46.0,46.1875,46.1875,45.9688,46.0,59400,yahoo
1993-10-08,46.0625,46.125,46.1562,45.7188,46.0625,54400,yahoo
1993-10-11,46.1562,46.1562,46.25,46.1562,46.1562,467100,yahoo
1993-10-12,46.2188,46.2188,46.25,46.1875,46.2188,26200,yahoo
1993-10-13,46.2188,46.25,46.25,46.1562,46.2188,139100,yahoo
1993-10-14,46.8125,46.4062,46.8125,46.2812,46.8125,108100,yahoo
1993-10-15,47.0625,47.0312,47.1562,46.9062,47.0625,1502500,yahoo
1993-10-18,46.9375,47.0312,47.0312,46.875,46.9375,722400,yahoo
1993-10-19,46.5938,46.875,46.9688,46.5938,46.5938,880100,yahoo
1993-10-20,46.6562,46.75,46.75,46.5625,46.6562,230400,yahoo
1993-10-21,46.5938,46.6875,46.6875,46.5312,46.5938,56200,yahoo
1993-10-22,46.375,46.6562,46.8438,46.375,46.375,390700,yahoo
1993-10-25,46.5,46.4062,46.5625,46.2812,46.5,114500,yahoo
1993-10-26,46.4688,46.4688,46.5,46.3125,46.4688,186200,yahoo
1993-10-27,46.5,46.4062,46.5312,46.4062,46.5,118400,yahoo
1993-10-28,46.8438,46.5625,46.9688,46.5625,46.8438,129600,yahoo
1993-10-29,46.8438,46.8125,46.875,46.7812,46.8438,80700,yahoo
1993-11-01,46.9688,46.7812,47.0,46.7812,46.9688,36400,yahoo
1993-11-02,46.9375,46.9062,47.0,46.6562,46.9375,262100,yahoo
1993-11-03,46.3438,46.9062,46.9062,46.125,46.3438,479100,yahoo
1993-11-04,45.8438,46.3438,46.3438,45.8125,45.8438,130400,yahoo
1993-11-05,46.0625,45.7188,46.0625,45.5312,46.0625,363200,yahoo
1993-11-08,46.125,46.0938,46.25,45.9688,46.125,367600,yahoo
1993-11-09,46.1562,46.4375,46.4688,46.125,46.1562,246900,yahoo
1993-11-10,46.5,46.1562,46.5,46.0312,46.5,46500,yahoo
1993-11-11,46.375,46.5,46.625,46.3438,46.375,88900,yahoo
1993-11-12,46.5938,46.4688,46.75,46.4375,46.5938,108200,yahoo
1993-11-15,46.5625,46.6875,46.6875,46.4375,46.5625,243300,yahoo
1993-11-16,46.7812,46.6562,46.8125,46.4688,46.7812,492600,yahoo
1993-11-17,46.5312,46.8125,46.8125,46.4062,46.5312,39600,yahoo
1993-11-18,46.4062,46.4688,46.5625,46.2812,46.4062,240800,yahoo
1993-11-19,46.3125,46.25,46.375,46.2188,46.3125,106000,yahoo
1993-11-22,46.0312,46.1875,46.2188,45.875,46.0312,165300,yahoo
1993-11-23,46.2812,46.2812,46.3125,46.0312,46.2812,89700,yahoo
1993-11-24,46.4688,46.4062,46.5,46.3438,46.4688,77200,yahoo
1993-11-26,46.5,46.5938,46.5938,46.4688,46.5,1019800,yahoo
1993-11-29,46.3125,46.625,46.7188,46.3125,46.3125,517500,yahoo
1993-11-30,46.3438,46.2812,46.5625,46.25,46.3438,230000,yahoo
1993-12-01,46.4062,46.5938,46.625,46.4062,46.4062,379200,yahoo
1993-12-02,46.5312,46.5,46.5625,46.4062,46.5312,352000,yahoo
1993-12-03,46.7188,46.5,46.7188,46.5,46.7188,306000,yahoo
1993-12-06,46.875,46.7812,46.9375,46.7812,46.875,99500,yahoo
1993-12-07,46.8438,46.875,46.9062,46.7812,46.8438,88800,yahoo
1993-12-08,46.8438,46.8438,46.8438,46.7812,46.8438,146700,yahoo
1993-12-09,46.6875,46.8438,46.9062,46.625,46.6875,416500,yahoo
1993-12-10,46.5938,46.7188,46.7188,46.5,46.5938,412900,yahoo
1993-12-13,46.875,46.5938,46.875,46.5312,46.875,273200,yahoo
1993-12-14,46.5312,46.9062,46.9062,46.5312,46.5312,41900,yahoo
1993-12-15,46.4688,46.5938,46.625,46.4688,46.4688,82600,yahoo
1993-12-16,46.625,46.6562,46.6562,46.5625,46.625,78200,yahoo
1993-12-17,46.5625,46.4062,46.5938,46.375,46.5625,104700,yahoo
1993-12-20,46.625,46.5312,46.6562,46.5,46.625,68800,yahoo
1993-12-21,46.4688,46.5625,46.5625,46.4062,46.4688,205700,yahoo
1993-12-22,46.7812,46.5938,46.8125,46.5,46.7812,410300,yahoo
1993-12-23,46.75,46.75,46.8438,46.6875,46.75,533800,yahoo
1993-12-27,47.0,46.75,47.0,46.75,47.0,447100,yahoo
1993-12-28,47.0938,46.9688,47.125,46.9375,47.0938,880600,yahoo
1993-12-29,47.0312,47.125,47.1562,47.0,47.0312,266700,yahoo
1993-12-30,46.8438,47.0,47.0,46.75,46.8438,219900,yahoo
1993-12-31,46.5938,46.9375,47.0,46.5625,46.5938,312900,yahoo
1994-01-03,46.4688,46.5938,46.6562,46.4062,46.4688,960900,yahoo
1994-01-04,46.6562,46.5312,46.6562,46.4688,46.6562,164300,yahoo
1994-01-05,46.75,46.7188,46.7812,46.5312,46.75,710900,yahoo
1994-01-06,46.75,46.8125,46.8438,46.6875,46.75,201000,yahoo
1994-01-07,47.0312,46.8438,47.0625,46.7188,47.0312,775500,yahoo
1994-01-10,47.5938,47.0938,47.5938,46.9688,47.5938,593700,yahoo
1994-01-11,47.5,47.5625,47.5625,47.3438,47.5,295200,yahoo
1994-01-12,47.3438,47.5312,47.5312,47.1875,47.3438,158400,yahoo
1994-01-13,47.2188,47.2188,47.3125,47.1562,47.2188,244300,yahoo
1994-01-14,47.4062,47.375,47.5,47.375,47.4062,137200,yahoo
1994-01-17,47.4062,47.4062,47.4688,47.3125,47.4062,17700,yahoo
1994-01-18,47.4688,47.4688,47.5312,47.375,47.4688,166400,yahoo
1994-01-19,47.3438,47.4062,47.4688,47.25,47.3438,200800,yahoo
1994-01-20,47.4688,47.4062,47.5,47.375,47.4688,281100,yahoo
1994-01-21,47.375,47.5312,47.5312,47.3438,47.375,85600,yahoo
1994-01-24,47.1875,47.3438,47.5625,47.1875,47.1875,373800,yahoo
1994-01-25,47.1875,47.2188,47.25,47.0938,47.1875,310400,yahoo
1994-01-26,47.3125,47.1875,47.3438,47.125,47.3125,145100,yahoo
1994-01-27,47.75,47.4062,47.8125,47.3438,47.75,344500,yahoo
1994-01-28,47.875,47.9375,48.0312,47.875,47.875,356500,yahoo
1994-01-31,48.2188,48.0625,48.3125,48.0,48.2188,313800,yahoo
1994-02-01,47.9688,48.1562,48.1562,47.9062,47.9688,303600,yahoo
1994-02-02,48.2812,48.125,48.2812,48.0938,48.2812,307600,yahoo
1994-02-03,48.0625,48.1875,48.1875,47.9062,48.0625,466100,yahoo
1994-02-04,46.9688,48.0625,48.125,46.9688,46.9688,1403200,yahoo
1994-02-07,47.1875,46.8438,47.3125,46.8438,47.1875,516400,yahoo
1994-02-08,47.2188,47.2812,47.2812,47.0312,47.2188,188200,yahoo
1994-02-09,47.4062,47.25,47.4375,47.1875,47.4062,144600,yahoo
1994-02-10,47.0,47.375,47.4062,47.0,47.0,883900,yahoo
1994-02-11,47.1562,47.0312,47.2812,46.8125,47.1562,519400,yahoo
1994-02-14,47.2188,47.0625,47.375,47.0,47.2188,2742100,yahoo
1994-02-15,47.4688,47.3125,47.5,47.25,47.4688,374700,yahoo
1994-02-16,47.4375,47.5312,47.5312,47.3438,47.4375,287600,yahoo
1994-02-17,47.1562,47.6562,47.6875,47.0312,47.1562,342400,yahoo
1994-02-18,46.875,47.1875,47.2188,46.75,46.875,313300,yahoo
1994-02-22,47.3438,47.0,47.3438,47.0,47.3438,154500,yahoo
1994-02-23,47.2188,47.4062,47.4375,47.0625,47.2188,391700,yahoo
1994-02-24,46.5938,47.0625,47.0625,46.5625,46.5938,770800,yahoo
1994-02-25,46.8125,46.6562,46.8125,46.5625,46.8125,531300,yahoo
1994-02-28,46.8125,46.9375,47.0625,46.8125,46.8125,333000,yahoo
1994-03-01,46.625,46.8125,46.9062,46.375,46.625,423600,yahoo
1994-03-02,46.6875,46.0312,46.6875,45.9062,46.6875,581500,yahoo
1994-03-03,46.5625,46.625,46.625,46.4375,46.5625,223200,yahoo
1994-03-04,46.6875,46.5625,46.8125,46.4062,46.6875,595800,yahoo
1994-03-07,46.9375,46.8438,47.0,46.8438,46.9375,539800,yahoo
1994-03-08,46.75,46.9688,46.9688,46.6875,46.75,880300,yahoo
1994-03-09,46.9688,46.8125,47.0,46.5938,46.9688,2500100,yahoo
1994-03-10,46.5938,46.9375,46.9375,46.4375,46.5938,207400,yahoo
1994-03-11,46.8438,46.6562,46.9062,46.4062,46.8438,576600,yahoo
1994-03-14,46.9062,47.0312,47.0312,46.8438,46.9062,345900,yahoo
1994-03-15,46.875,47.0,47.0938,46.8438,46.875,748600,yahoo
1994-03-16,47.25,46.9375,47.25,46.7812,47.25,455500,yahoo
1994-03-17,47.25,47.0938,47.3125,47.0938,47.25,133000,yahoo
1994-03-18,46.9688,46.75,47.0312,46.7188,46.9688,365500,yahoo
1994-03-21,46.8438,46.8125,46.9375,46.7188,46.8438,324800,yahoo
1994-03-22,46.9688,46.8438,47.0625,46.75,46.9688,435700,yahoo
1994-03-23,46.9375,46.9375,47.0625,46.9062,46.9375,698500,yahoo
1994-03-24,46.375,46.75,46.8438,46.1562,46.375,1200500,yahoo
1994-03-25,45.9375,46.4062,46.5312,45.9375,45.9375,100900,yahoo
1994-03-28,46.0,46.0,46.0625,45.5938,46.0,1117200,yahoo
1994-03-29,45.0938,46.0,46.0312,45.0938,45.0938,338400,yahoo
1994-03-30,44.4688,45.125,45.25,44.4688,44.4688,1123900,yahoo
1994-03-31,44.5938,44.4688,44.6875,43.5312,44.5938,788800,yahoo
1994-04-04,43.9062,43.3438,44.0312,43.3438,43.9062,2627300,yahoo
1994-04-05,44.8125,44.3438,44.8125,44.3438,44.8125,1179000,yahoo
1994-04-06,44.8125,44.875,44.9062,44.5,44.8125,516500,yahoo
1994-04-07,45.0312,44.7812,45.125,44.5312,45.0312,666100,yahoo
1994-04-08,44.6875,44.9375,44.9375,44.4688,44.6875,242400,yahoo
1994-04-11,44.875,44.8125,45.0625,44.7031,44.875,203300,yahoo
1994-04-12,44.8125,44.9219,45.0,44.7188,44.8125,1409200,yahoo
1994-04-13,44.5781,44.7969,44.9062,44.25,44.5781,364100,yahoo
1994-04-14,44.5938,44.5,44.8281,44.4062,44.5938,419900,yahoo
1994-04-15,44.5938,44.5781,44.7812,44.5156,44.5938,387300,yahoo
1994-04-18,44.2969,44.6406,44.7656,44.1562,44.2969,369100,yahoo
1994-04-19,44.3594,44.25,44.5312,43.9844,44.3594,472200,yahoo
1994-04-20,44.3125,44.4062,44.5156,44.0781,44.3125,508000,yahoo
1994-04-21,44.9062,44.5,44.9688,44.3438,44.9062,200300,yahoo
1994-04-22,44.8594,45.0156,45.0469,44.7344,44.8594,301800,yahoo
1994-04-25,45.3281,44.8438,45.3594,44.8438,45.3281,394600,yahoo
1994-04-26,45.2812,45.2656,45.3438,45.1875,45.2812,399000,yahoo
1994-04-28,44.9531,45.1875,45.25,44.8125,44.9531,287000,yahoo
1994-04-29,45.0938,44.875,45.1562,44.8125,45.0938,481900,yahoo
1994-05-02,45.375,45.0938,45.7188,44.9375,45.375,275000,yahoo
1994-05-03,45.3281,45.3906,45.4062,45.0625,45.3281,183400,yahoo
1994-05-04,45.25,45.4219,45.4219,45.0781,45.25,401900,yahoo
1994-05-05,45.1875,45.2969,45.375,45.1875,45.1875,659800,yahoo
1994-05-06,44.75,44.9688,44.9688,44.5938,44.75,216300,yahoo
1994-05-09,44.3594,44.625,44.75,44.2812,44.3594,499300,yahoo
1994-05-10,44.7031,44.5781,44.8438,44.5469,44.7031,583400,yahoo
1994-05-11,44.2969,44.6562,44.7188,44.1719,44.2969,210600,yahoo
1994-05-12,44.5156,44.5781,44.625,44.4062,44.5156,305200,yahoo
1994-05-13,44.5156,44.6406,44.6406,44.2969,44.5156,321300,yahoo
1994-05-16,44.5312,44.6094,44.75,44.5156,44.5312,450400,yahoo
1994-05-17,45.1875,44.5625,45.1875,44.5,45.1875,470200,yahoo
1994-05-18,45.5156,45.2188,45.6875,45.0156,45.5156,824800,yahoo
1994-05-19,45.7344,45.4219,45.8594,45.4219,45.7344,531000,yahoo
1994-05-20,45.5625,45.6562,45.6875,45.5,45.5625,370400,yahoo
1994-05-23,45.4844,45.5156,45.5312,45.3438,45.4844,262700,yahoo
1994-05-24,45.6719,45.6094,45.8438,45.6094,45.6719,549600,yahoo
1994-05-25,45.7969,45.5,45.8281,45.3438,45.7969,738200,yahoo
1994-05-26,45.8281,45.7812,45.9375,45.7344,45.8281,369600,yahoo
1994-05-27,45.875,45.75,45.875,45.6719,45.875,162000,yahoo
1994-05-31,45.8125,45.7344,45.9062,45.6562,45.8125,160000,yahoo
1994-06-01,46.0156,45.7031,46.0156,45.5625,46.0156,200500,yahoo
1994-06-02,45.9688,46.0469,46.0469,45.8906,45.9688,55100,yahoo
1994-06-03,46.2344,46.0,46.3906,45.8594,46.2344,550400,yahoo
1994-06-06,46.2188,46.3281,46.4688,46.1875,46.2188,99300,yahoo
1994-06-07,46.1562,46.1406,46.2188,46.0312,46.1562,120600,yahoo
1994-06-08,45.7812,46.2656,46.2656,45.7812,45.7812,131900,yahoo
1994-06-09,46.0312,45.9844,46.0312,45.8906,46.0312,80500,yahoo
1994-06-10,46.1094,46.0781,46.2031,46.0781,46.1094,83100,yahoo
1994-06-13,46.1719,46.0469,46.1875,46.0312,46.1719,109700,yahoo
1994-06-14,46.5312,46.3125,46.5469,46.3125,46.5312,161000,yahoo
1994-06-15,46.3438,46.5469,46.5625,46.3125,46.3438,142800,yahoo
1994-06-16,46.4375,46.3438,46.4688,46.2969,46.4375,44000,yahoo
1994-06-17,45.875,46.1562,46.2031,45.8125,45.875,403800,yahoo
1994-06-20,45.4844,45.5469,45.625,45.4375,45.4844,137400,yahoo
1994-06-21,45.0938,45.4531,45.4531,44.9062,45.0938,139200,yahoo
1994-06-22,45.2656,45.2188,45.4219,45.1719,45.2656,279900,yahoo
1994-06-23,45.0,45.3438,45.4062,44.9375,45.0,922500,yahoo
1994-06-24,44.0625,44.7812,44.7812,44.0,44.0625,353800,yahoo
1994-06-27,44.8281,44.2344,44.8281,44.0156,44.8281,371200,yahoo
1994-06-28,44.6094,44.8438,44.8438,44.25,44.6094,5382300,yahoo
1994-06-29,44.75,44.6719,45.0156,44.625,44.75,311800,yahoo
1994-06-30,44.4688,44.8281,44.8438,44.3125,44.4688,271900,yahoo
1994-07-01,44.5625,44.6875,44.6875,44.375,44.5625,406900,yahoo
1994-07-05,44.7969,44.6562,44.8594,44.5156,44.7969,112000,yahoo
1994-07-06,44.7344,44.625,44.8125,44.4688,44.7344,174800,yahoo
1994-07-07,44.9219,44.7344,44.9219,44.6875,44.9219,66700,yahoo
1994-07-08,44.9062,44.6406,44.9844,44.625,44.9062,148400,yahoo
1994-07-11,44.75,44.9375,45.0156,44.5312,44.75,124000,yahoo
1994-07-12,44.8125,44.7656,44.8281,44.5156,44.8125,257300,yahoo
1994-07-13,44.8906,44.8281,45.0312,44.8281,44.8906,532700,yahoo
1994-07-14,45.375,45.1094,45.4688,45.0781,45.375,494200,yahoo
1994-07-15,45.3906,45.3438,45.4844,45.3281,45.3906,49100,yahoo
1994-07-18,45.4688,45.3906,45.5781,45.3906,45.4688,72300,yahoo
1994-07-19,45.375,45.5469,45.5625,45.375,45.375,609500,yahoo
1994-07-20,45.1719,45.4062,45.4062,45.0625,45.1719,185300,yahoo
1994-07-21,45.2656,45.1719,45.2969,45.0781,45.2656,86300,yahoo
1994-07-22,45.3438,45.375,45.4062,45.25,45.3438,151600,yahoo
1994-07-25,45.4062,45.3594,45.4531,45.3125,45.4062,120900,yahoo
1994-07-26,45.3594,45.3906,45.4219,45.3125,45.3594,489600,yahoo
1994-07-27,45.3594,45.3594,45.3594,45.1719,45.3594,83200,yahoo
1994-07-28,45.4531,45.3594,45.5781,45.3594,45.4531,828200,yahoo
1994-07-29,45.9062,45.7656,46.0469,45.75,45.9062,459100,yahoo
1994-08-01,46.125,45.9375,46.1562,45.8906,46.125,486300,yahoo
1994-08-02,46.1875,46.2812,46.375,46.0312,46.1875,505500,yahoo
1994-08-03,46.2031,46.1719,46.2344,46.0938,46.2031,144100,yahoo
1994-08-04,45.9375,46.1719,46.2188,45.9219,45.9375,231700,yahoo
1994-08-05,45.7812,45.7031,45.8438,45.6562,45.7812,138400,yahoo
1994-08-08,45.8906,45.8281,45.9375,45.7812,45.8906,328600,yahoo
1994-08-09,45.9688,45.7188,45.9688,45.7188,45.9688,105900,yahoo
1994-08-10,46.1406,46.0,46.1875,45.9375,46.1406,840300,yahoo
1994-08-11,45.9688,46.0312,46.2344,45.7344,45.9688,876200,yahoo
1994-08-12,46.3281,46.0469,46.3438,46.0469,46.3281,184100,yahoo
1994-08-15,46.3125,46.375,46.4844,46.3125,46.3125,325900,yahoo
1994-08-16,46.6406,46.3438,46.6875,46.1562,46.6406,1089500,yahoo
1994-08-17,46.6094,46.7031,46.7344,46.5781,46.6094,133700,yahoo
1994-08-18,46.4531,46.4531,46.5625,46.4062,46.4531,620000,yahoo
1994-08-19,46.4219,46.4688,46.5156,46.3125,46.4219,103200,yahoo
1994-08-22,46.375,46.4375,46.4375,46.2812,46.375,79700,yahoo
1994-08-23,46.6406,46.5781,46.8594,46.5156,46.6406,268600,yahoo
1994-08-24,47.1406,46.6875,47.1406,46.6719,47.1406,254700,yahoo
1994-08-25,47.0156,47.0938,47.2031,46.8906,47.0156,147400,yahoo
1994-08-26,47.6875,47.125,47.7812,47.125,47.6875,339500,yahoo
1994-08-29,47.6562,47.8125,47.9844,47.6406,47.6562,350300,yahoo
1994-08-30,47.7812,47.6406,47.8594,47.5781,47.7812,36000,yahoo
1994-08-31,47.6562,47.7031,47.8906,47.5938,47.6562,356200,yahoo
1994-09-01,47.5,47.5,47.5312,47.3281,47.5,294600,yahoo
1994-09-02,47.2969,47.7188,47.7188,47.2188,47.2969,99600,yahoo
1994-09-06,47.3125,47.2656,47.3594,47.125,47.3125,229800,yahoo
1994-09-07,47.2656,47.4219,47.4219,47.2188,47.2656,27900,yahoo
1994-09-08,47.5,47.3594,47.5625,47.3438,47.5,284800,yahoo
1994-09-09,47.0,47.0312,47.125,46.8125,47.0,488400,yahoo
1994-09-12,46.8594,47.0,47.0625,46.7812,46.8594,129400,yahoo
1994-09-13,47.0,46.9531,47.125,46.8594,47.0,389200,yahoo
1994-09-14,47.0469,46.8438,47.1094,46.8438,47.0469,423500,yahoo
1994-09-15,47.6406,47.1719,47.6406,47.1719,47.6406,779800,yahoo
1994-09-16,47.0156,47.0,47.1406,46.8438,47.0156,571300,yahoo
1994-09-19,47.0625,47.125,47.3281,47.0156,47.0625,167300,yahoo
1994-09-20,46.1719,46.8125,46.8594,46.1719,46.1719,355600,yahoo
1994-09-21,46.1719,46.3125,46.3125,45.7344,46.1719,397500,yahoo
1994-09-22,46.0625,46.2812,46.2812,46.0156,46.0625,266400,yahoo
1994-09-23,45.9062,46.0781,46.1719,45.8281,45.9062,176600,yahoo
1994-09-26,46.1406,46.0781,46.1719,45.9844,46.1406,223000,yahoo
1994-09-27,46.1094,46.1406,46.2656,46.0,46.1094,479500,yahoo
1994-09-28,46.4688,46.3594,46.5312,46.3281,46.4688,324000,yahoo
1994-09-29,46.2344,46.4688,46.4688,46.0938,46.2344,195900,yahoo
1994-09-30,46.1719,46.2188,46.4375,46.1719,46.1719,5200,yahoo
1994-10-03,46.0625,46.2031,46.25,45.9844,46.0625,72600,yahoo
1994-10-04,45.375,46.2969,46.2969,45.3438,45.375,84200,yahoo
1994-10-05,45.3906,45.2969,45.3906,45.0,45.3906,461900,yahoo
1994-10-06,45.25,45.4219,45.4531,45.1719,45.25,345200,yahoo
1994-10-07,45.4531,45.25,45.5781,45.2031,45.4531,188700,yahoo
1994-10-10,45.9375,45.6562,46.0156,45.6406,45.9375,213600,yahoo
1994-10-11,46.625,46.1406,46.75,46.1406,46.625,461400,yahoo
1994-10-12,46.6875,46.6875,46.75,46.5781,46.6875,162400,yahoo
1994-10-13,46.8438,47.2188,47.3281,46.7969,46.8438,1564500,yahoo
1994-10-14,47.0469,47.0,47.0625,46.6875,47.0469,72800,yahoo
1994-10-17,46.9531,47.0,47.0625,46.9062,46.9531,282300,yahoo
1994-10-18,46.8438,46.9062,46.9062,46.6875,46.8438,132100,yahoo
1994-10-19,47.0625,46.6719,47.2344,46.6562,47.0625,136700,yahoo
1994-10-20,46.75,47.0625,47.0625,46.6094,46.75,290300,yahoo
1994-10-21,46.5625,46.625,46.6875,46.3594,46.5625,87800,yahoo
1994-10-24,46.1719,46.5781,46.7656,46.1562,46.1719,149600,yahoo
1994-10-25,46.2188,46.0156,46.3125,46.0,46.2188,91800,yahoo
1994-10-26,46.3906,46.3906,46.4375,46.1719,46.3906,201000,yahoo
1994-10-27,46.6719,46.5625,46.6719,46.4531,46.6719,210300,yahoo
1994-10-28,47.6562,46.7656,47.7031,46.7656,47.6562,192100,yahoo
1994-10-31,47.4844,47.5469,47.5938,47.4688,47.4844,36300,yahoo
1994-11-01,46.9531,47.2812,47.2812,46.9375,46.9531,435200,yahoo
1994-11-02,46.6875,46.8125,47.2344,46.6875,46.6875,115600,yahoo
1994-11-03,46.9375,46.8438,47.0156,46.7812,46.9375,87000,yahoo
1994-11-04,46.3281,47.1562,47.1562,46.3281,46.3281,124400,yahoo
1994-11-07,46.4688,46.4375,46.5938,46.3125,46.4688,115000,yahoo
1994-11-08,46.8281,46.625,46.9844,46.5469,46.8281,308300,yahoo
1994-11-09,46.9062,47.3281,47.3281,46.5,46.9062,318500,yahoo
1994-11-10,46.5781,46.9375,47.0312,46.5469,46.5781,172100,yahoo
1994-11-11,46.4062,46.5156,46.5625,46.2812,46.4062,302200,yahoo
1994-11-14,46.8438,46.6094,46.8594,46.6094,46.8438,181400,yahoo
1994-11-15,46.6875,46.7969,47.0938,46.3281,46.6875,316900,yahoo
1994-11-16,46.8438,46.7656,46.8438,46.6094,46.8438,106900,yahoo
1994-11-17,46.5312,46.875,46.875,46.3438,46.5312,104700,yahoo
1994-11-18,46.4688,46.5469,46.625,46.2656,46.4688,269300,yahoo
1994-11-21,46.0,46.4375,46.5781,46.0,46.0,283100,yahoo
1994-11-22,45.0,45.8281,46.0,45.0,45.0,483600,yahoo
1994-11-23,45.25,45.0312,45.2656,44.6094,45.25,601600,yahoo
1994-11-25,45.4688,45.2812,45.5312,45.2812,45.4688,77300,yahoo
1994-11-28,45.6719,45.4531,45.6875,45.3438,45.6719,79900,yahoo
1994-11-29,45.6562,45.6562,45.75,45.5,45.6562,105500,yahoo
1994-11-30,45.5938,45.8906,45.9531,45.5938,45.5938,218800,yahoo
1994-12-01,45.1406,45.6406,45.6406,45.0469,45.1406,439000,yahoo
1994-12-02,45.5625,45.0469,45.5625,45.0469,45.5625,318500,yahoo
1994-12-05,45.6094,45.6562,45.8125,45.5,45.6094,139200,yahoo
1994-12-06,45.6406,45.4375,45.6562,45.3594,45.6406,249900,yahoo
1994-12-07,45.3125,45.3594,45.5,45.2656,45.3125,531900,yahoo
1994-12-08,44.875,45.5,45.5625,44.75,44.875,261500,yahoo
1994-12-09,45.0469,44.875,45.0781,44.6875,45.0469,235900,yahoo
1994-12-12,45.3438,44.9531,45.3438,44.9531,45.3438,151100,yahoo
1994-12-13,45.5156,45.3125,45.5312,45.3125,45.5156,70900,yahoo
1994-12-14,45.75,45.4531,45.9531,45.4531,45.75,203300,yahoo
1994-12-15,45.8906,45.8125,46.0312,45.8125,45.8906,130100,yahoo
1994-12-16,45.75,45.6719,45.8438,45.625,45.75,266100,yahoo
1994-12-19,45.8125,45.75,45.8438,45.6094,45.8125,1120200,yahoo
1994-12-20,45.6719,45.8594,45.8906,45.6719,45.6719,675600,yahoo
1994-12-21,46.1562,45.7031,46.2656,45.7031,46.1562,544500,yahoo
1994-12-22,46.0156,46.1562,46.2031,45.9688,46.0156,222000,yahoo
1994-12-23,46.0625,45.9844,46.1719,45.9844,46.0625,125800,yahoo
1994-12-27,46.3125,46.2188,46.4062,46.1875,46.3125,95200,yahoo
1994-12-28,46.0781,46.3594,46.3594,45.9688,46.0781,358200,yahoo
1994-12-29,46.1094,46.25,46.25,46.0625,46.1094,220100,yahoo
1994-12-30,45.5625,46.2031,46.25,45.5625,45.5625,2209500,yahoo
1995-01-03,45.7812,45.7031,45.8438,45.6875,45.7812,324300,yahoo
1995-01-04,46.0,45.9844,46.0,45.75,46.0,351800,yahoo
1995-01-05,46.0,46.0312,46.1094,45.9531,46.0,89800,yahoo
1995-01-06,46.0469,46.0938,46.25,45.9062,46.0469,448400,yahoo
1995-01-09,46.0938,46.0312,46.0938,46.0,46.0938,36800,yahoo
1995-01-10,46.1406,46.2031,46.3906,46.1406,46.1406,229800,yahoo
1995-01-11,46.1719,46.2969,46.2969,45.8125,46.1719,222400,yahoo
1995-01-12,46.1875,46.125,46.2188,46.0312,46.1875,40300,yahoo
1995-01-13,46.7344,46.4375,46.7344,46.375,46.7344,170600,yahoo
1995-01-16,47.0156,46.7188,47.0312,46.7188,47.0156,105100,yahoo
1995-01-17,47.0312,46.9219,47.0625,46.8594,47.0312,89500,yahoo
1995-01-18,46.9844,47.0,47.0781,46.875,46.9844,84500,yahoo
1995-01-19,46.7188,46.8281,46.875,46.6875,46.7188,139100,yahoo
1995-01-20,46.5469,46.6562,46.6719,46.4531,46.5469,78700,yahoo
1995-01-23,46.6875,46.2344,46.6875,46.2031,46.6875,53700,yahoo
1995-01-24,46.75,46.6719,46.75,46.6406,46.75,32400,yahoo
1995-01-25,46.875,46.5156,47.0469,46.5156,46.875,15700,yahoo
1995-01-26,46.9219,46.8438,46.9844,46.75,46.9219,9800,yahoo
1995-01-27,47.1094,47.2344,47.2344,46.9219,47.1094,91200,yahoo
1995-01-30,46.9062,47.0156,47.0469,46.8438,46.9062,26600,yahoo
1995-01-31,47.0938,47.0,47.1719,46.9219,47.0938,127500,yahoo
1995-02-01,47.0781,47.1562,47.3281,47.0,47.0781,380200,yahoo
1995-02-02,47.3594,47.0625,47.3594,47.0625,47.3594,131700,yahoo
1995-02-03,48.0312,47.6562,48.1094,47.5781,48.0312,405100,yahoo
1995-02-06,48.2344,48.0156,48.375,47.9688,48.2344,405400,yahoo
1995-02-07,48.2969,48.3125,48.3125,48.1406,48.2969,702900,yahoo
1995-02-08,48.2969,48.2344,48.4688,48.2031,48.2969,521500,yahoo
1995-02-09,48.2969,48.2188,48.2969,48.125,48.2969,390700,yahoo
1995-02-10,48.3594,48.2344,48.3594,48.0938,48.3594,148300,yahoo
1995-02-13,48.375,48.3281,48.4688,48.3281,48.375,79700,yahoo
1995-02-14,48.4375,48.5312,48.5312,48.25,48.4375,170200,yahoo
1995-02-15,48.7031,48.4375,48.7656,48.3906,48.7031,431500,yahoo
1995-02-16,48.6406,48.6406,48.6875,48.5,48.6406,99300,yahoo
1995-02-17,48.4531,48.5938,48.625,48.4375,48.4531,49100,yahoo
1995-02-21,48.4375,48.4531,48.5312,48.4219,48.4375,168000,yahoo
1995-02-22,48.7969,48.4844,48.7969,48.4531,48.7969,386400,yahoo
1995-02-23,48.875,48.9844,49.1562,48.8594,48.875,402800,yahoo
1995-02-24,49.0,48.9375,49.0156,48.8125,49.0,307600,yahoo
1995-02-27,48.6094,48.8594,49.0,48.5312,48.6094,280900,yahoo
1995-02-28,49.0156,48.5625,49.0156,48.5625,49.0156,493500,yahoo
1995-03-01,48.7031,48.9688,49.0312,48.6562,48.7031,242600,yahoo
1995-03-02,48.7656,48.6875,48.7656,48.5469,48.7656,488600,yahoo
1995-03-03,48.7812,48.6094,48.7812,48.4844,48.7812,290000,yahoo
1995-03-06,48.8125,48.4531,48.8125,48.3906,48.8125,85700,yahoo
1995-03-07,48.4375,48.6406,48.75,48.2188,48.4375,180900,yahoo
1995-03-08,48.5625,48.5156,48.625,48.3438,48.5625,155900,yahoo
1995-03-09,48.5469,48.5469,48.5938,48.4219,48.5469,63500,yahoo
1995-03-10,49.2656,48.5938,49.3906,48.5312,49.2656,192100,yahoo
1995-03-13,49.2188,49.2344,49.3906,49.1719,49.2188,261300,yahoo
1995-03-14,49.5781,49.3594,49.6406,49.3594,49.5781,223300,yahoo
1995-03-15,49.4844,49.5,49.5781,49.2969,49.4844,278500,yahoo
1995-03-16,49.7812,49.4375,49.8125,49.4375,49.7812,20400,yahoo
1995-03-17,49.5625,49.4375,49.625,49.4062,49.5625,89900,yahoo
1995-03-20,49.5625,49.625,49.625,49.4688,49.5625,91700,yahoo
1995-03-21,49.4375,49.5625,49.875,49.3594,49.4375,104400,yahoo
1995-03-22,49.4844,49.5312,49.5312,49.3281,49.4844,74900,yahoo
1995-03-23,49.5156,49.4219,49.6562,49.3594,49.5156,220500,yahoo
1995-03-24,50.2188,49.6719,50.2188,49.6719,50.2188,134000,yahoo
1995-03-27,50.4219,50.2969,50.4219,50.1719,50.4219,132100,yahoo
1995-03-28,50.4219,50.2969,50.4219,50.2344,50.4219,121900,yahoo
1995-03-29,50.4062,50.375,50.8906,50.125,50.4062,246100,yahoo
1995-03-30,50.3125,50.5156,50.5156,50.1094,50.3125,298400,yahoo
1995-03-31,50.1094,49.9219,50.1719,49.5469,50.1094,541300,yahoo
1995-04-03,50.2344,50.0938,50.2344,50.0625,50.2344,193300,yahoo
1995-04-04,50.5625,50.25,50.5625,50.25,50.5625,66900,yahoo
1995-04-05,50.5625,50.4531,50.6094,50.4219,50.5625,107200,yahoo
1995-04-06,50.75,50.6875,50.7969,50.5938,50.75,352500,yahoo
1995-04-07,50.7031,50.8594,50.8594,50.4688,50.7031,361400,yahoo
1995-04-10,50.7969,50.625,50.7969,50.5938,50.7969,285400,yahoo
1995-04-11,50.625,50.9219,50.9375,50.5938,50.625,250300,yahoo
1995-04-12,50.7969,50.7031,50.7969,50.6094,50.7969,150900,yahoo
1995-04-13,51.0781,50.8906,51.0938,50.8594,51.0781,243400,yahoo
1995-04-17,50.7812,51.2656,51.3125,50.625,50.7812,178900,yahoo
1995-04-18,50.6094,50.8281,50.8281,50.4844,50.6094,329500,yahoo
1995-04-19,50.5625,50.6094,50.7188,50.2969,50.5625,223000,yahoo
1995-04-20,50.6406,50.7031,50.7812,50.4375,50.6406,207900,yahoo
1995-04-21,50.8906,50.6562,50.9062,50.6562,50.8906,145000,yahoo
1995-04-24,51.4844,50.8594,51.4844,50.8594,51.4844,169000,yahoo
1995-04-25,51.3438,51.4062,51.4844,51.3125,51.3438,293200,yahoo
1995-04-26,51.3906,51.25,51.4219,51.125,51.3906,204400,yahoo
1995-04-27,51.5156,51.3125,51.5469,51.2812,51.5156,502200,yahoo
1995-04-28,51.5938,51.5,51.6719,51.1719,51.5938,130800,yahoo
1995-05-01,51.4531,51.5469,51.6562,51.4531,51.4531,518700,yahoo
1995-05-02,51.5625,51.5,51.6406,51.3906,51.5625,228400,yahoo
1995-05-03,52.2812,51.7344,52.2812,51.7344,52.2812,724700,yahoo
1995-05-04,52.25,52.3438,52.6875,52.125,52.25,311400,yahoo
1995-05-05,52.1875,52.4688,52.4688,52.0781,52.1875,314900,yahoo
1995-05-08,52.5625,52.1406,52.7344,52.0938,52.5625,183100,yahoo
1995-05-09,52.5156,52.7812,52.8438,52.4375,52.5156,180600,yahoo
1995-05-10,52.5781,52.6562,52.6719,52.3281,52.5781,330300,yahoo
1995-05-11,52.7188,52.6562,52.7188,52.4844,52.7188,351700,yahoo
1995-05-12,52.75,52.5156,52.875,52.5,52.75,94600,yahoo
1995-05-15,53.0,52.8906,53.0,52.7812,53.0,147200,yahoo
1995-05-16,53.0312,52.9844,53.1562,52.8906,53.0312,221600,yahoo
1995-05-17,52.8281,53.0312,53.0469,52.7812,52.8281,189200,yahoo
1995-05-18,52.0625,52.7344,52.7656,52.0625,52.0625,577800,yahoo
1995-05-19,52.0938,51.9844,52.1875,51.9062,52.0938,363900,yahoo
1995-05-22,52.6719,52.2656,52.75,52.2344,52.6719,216000,yahoo
1995-05-23,53.1562,52.7656,53.1562,52.6094,53.1562,136800,yahoo
1995-05-24,53.125,53.25,53.4219,52.7969,53.125,370800,yahoo
1995-05-25,53.1719,52.9688,53.2188,52.7188,53.1719,379900,yahoo
1995-05-26,52.5625,52.9688,52.9844,52.3594,52.5625,518600,yahoo
1995-05-30,52.5469,52.6875,52.8281,52.375,52.5469,61500,yahoo
1995-05-31,53.6406,52.4531,53.6406,52.4531,53.6406,564500,yahoo
1995-06-01,53.5,53.4062,53.9062,53.25,53.5,810100,yahoo
1995-06-02,53.5469,53.2812,53.9219,53.0938,53.5469,112900,yahoo
1995-06-05,53.875,53.5469,54.0469,53.5,53.875,257200,yahoo
1995-06-06,53.7812,53.8281,54.0156,53.7812,53.7812,165800,yahoo
1995-06-07,53.5,53.6719,53.7031,53.4375,53.5,41900,yahoo
1995-06-08,53.375,53.4844,53.6406,53.375,53.375,141100,yahoo
1995-06-09,53.0625,53.2656,53.3281,52.75,53.0625,304900,yahoo
1995-06-12,53.3594,53.2344,53.5781,53.2031,53.3594,378500,yahoo
1995-06-13,53.9375,53.6094,53.9688,53.5625,53.9375,120000,yahoo
1995-06-14,53.8906,53.8594,53.9531,53.6875,53.8906,389400,yahoo
1995-06-15,54.125,53.9688,54.2344,53.875,54.125,274500,yahoo
1995-06-16,53.9688,53.7031,53.9688,53.7031,53.9688,325100,yahoo
1995-06-19,54.5781,54.125,54.6094,54.0938,54.5781,134600,yahoo
1995-06-20,54.4375,54.4219,54.6094,54.3906,54.4375,287800,yahoo
1995-06-21,54.4062,54.6094,54.6562,54.4062,54.4062,158200,yahoo
1995-06-22,55.125,54.6406,55.1562,54.6406,55.125,297000,yahoo
1995-06-23,55.0156,55.0,55.0312,54.8438,55.0156,315400,yahoo
1995-06-26,54.3594,54.8594,54.9531,54.3594,54.3594,132900,yahoo
1995-06-27,54.25,54.3438,54.7031,54.2188,54.25,127700,yahoo
1995-06-28,54.5312,54.25,54.75,54.0781,54.5312,212600,yahoo
1995-06-29,54.4375,54.5312,54.6719,54.0625,54.4375,89200,yahoo
1995-06-30,54.4062,54.5469,54.7344,54.2969,54.4062,714100,yahoo
1995-07-03,54.6094,54.4688,54.6094,54.4688,54.6094,9500,yahoo
1995-07-05,54.8125,54.7656,55.0625,54.6406,54.8125,409300,yahoo
1995-07-06,55.5156,54.8281,55.5156,54.7188,55.5156,202500,yahoo
1995-07-07,55.7656,55.4062,55.7812,55.375,55.7656,481700,yahoo
1995-07-10,55.7969,55.8125,55.9531,55.7031,55.7969,400400,yahoo
1995-07-11,55.5312,55.75,55.7969,55.4531,55.5312,420500,yahoo
1995-07-12,56.2188,55.6406,56.3125,55.5312,56.2188,203400,yahoo
1995-07-13,56.0938,56.1406,56.2656,56.0312,56.0938,215600,yahoo
1995-07-14,56.0469,55.7969,56.0938,55.75,56.0469,543700,yahoo
1995-07-17,56.3594,56.125,56.4219,56.0781,56.3594,171500,yahoo
1995-07-18,55.875,56.2656,56.2656,55.8281,55.875,221200,yahoo
1995-07-19,55.2656,55.6562,55.7188,54.2031,55.2656,486600,yahoo
1995-07-20,55.4688,55.3281,55.5781,55.0312,55.4688,318900,yahoo
1995-07-21,55.4062,55.4219,55.625,55.1875,55.4062,94000,yahoo
1995-07-24,55.8125,55.4844,55.875,55.4844,55.8125,108400,yahoo
1995-07-25,56.2344,55.875,56.3125,55.7031,56.2344,107400,yahoo
1995-07-26,56.1875,56.2031,56.4688,56.1719,56.1875,167800,yahoo
1995-07-27,56.6562,56.4531,56.7031,56.4531,56.6562,187700,yahoo
1995-07-28,56.2969,56.7031,56.7031,56.25,56.2969,415600,yahoo
1995-07-31,56.1562,56.3438,56.3906,56.0312,56.1562,342500,yahoo
1995-08-01,56.0625,56.2344,56.2344,55.75,56.0625,141000,yahoo
1995-08-02,55.9375,56.3906,56.7969,55.8438,55.9375,240400,yahoo
1995-08-03,55.9219,55.5469,55.9531,55.4531,55.9219,1193600,yahoo
1995-08-04,55.9844,56.0312,56.0781,55.9219,55.9844,240500,yahoo
1995-08-07,56.1094,56.1094,56.2812,56.0781,56.1094,193100,yahoo
1995-08-08,56.1094,56.1406,56.3125,55.9375,56.1094,951900,yahoo
1995-08-09,56.0938,56.2969,56.2969,56.0469,56.0938,107100,yahoo
1995-08-10,55.9688,56.1562,56.2812,55.7344,55.9688,280800,yahoo
1995-08-11,55.6562,55.9219,55.9844,55.4219,55.6562,257200,yahoo
1995-08-14,56.1562,55.7969,56.1562,55.6719,56.1562,254800,yahoo
1995-08-15,56.0469,56.1406,56.1406,55.6562,56.0469,44400,yahoo
1995-08-16,56.2031,56.0,56.2031,55.9375,56.2031,374900,yahoo
1995-08-17,56.1094,56.2344,56.2344,55.9062,56.1094,353800,yahoo
1995-08-18,56.1719,56.3906,56.4062,56.125,56.1719,85400,yahoo
1995-08-21,56.0156,56.4062,56.6406,56.0,56.0156,266700,yahoo
1995-08-22,56.125,56.0938,56.2188,55.8125,56.125,220200,yahoo
1995-08-23,55.9219,56.1719,56.2031,55.9219,55.9219,176500,yahoo
1995-08-24,55.9844,55.9375,56.0938,55.75,55.9844,167400,yahoo
1995-08-25,56.2969,56.0781,56.3906,56.0781,56.2969,195000,yahoo
1995-08-28,56.0938,56.4531,56.4531,56.0,56.0938,293000,yahoo
1995-08-29,56.2344,56.1562,56.25,55.7656,56.2344,1133100,yahoo
1995-08-30,56.3594,56.2812,56.4219,56.2188,56.3594,437400,yahoo
1995-08-31,56.4062,56.3438,56.5,56.2969,56.4062,491900,yahoo
1995-09-01,56.6562,56.3906,56.75,56.3438,56.6562,629900,yahoo
1995-09-05,57.1875,56.8281,57.2188,56.7344,57.1875,272200,yahoo
1995-09-06,57.2969,57.2344,57.3594,57.2188,57.2969,214500,yahoo
1995-09-07,57.3281,57.3594,57.3906,57.25,57.3281,258800,yahoo
1995-09-08,57.5469,57.5469,57.5469,57.1719,57.5469,107300,yahoo
1995-09-11,57.7031,57.6406,57.8125,57.6406,57.7031,260700,yahoo
1995-09-12,57.9688,57.7188,57.9688,57.5781,57.9688,139500,yahoo
1995-09-13,58.2344,57.9062,58.3125,57.8906,58.2344,239800,yahoo
1995-09-14,58.7656,58.4375,58.8125,58.2812,58.7656,457600,yahoo
1995-09-15,58.4375,58.4062,58.5781,58.2031,58.4375,431200,yahoo
1995-09-18,58.2188,58.2344,58.2656,57.9375,58.2188,307500,yahoo
1995-09-19,58.5,58.3281,58.5312,58.125,58.5,549600,yahoo
1995-09-20,58.7812,58.5938,58.7812,58.5469,58.7812,290800,yahoo
1995-09-21,58.2969,58.7031,58.75,58.0625,58.2969,508500,yahoo
1995-09-22,58.3125,57.8281,58.375,57.7812,58.3125,449900,yahoo
1995-09-25,58.2188,58.375,58.375,58.0156,58.2188,130000,yahoo
1995-09-26,58.2031,58.3906,58.5312,58.0625,58.2031,466600,yahoo
1995-09-27,58.1562,57.9531,58.1875,57.5938,58.1562,654400,yahoo
1995-09-28,58.5938,58.2031,58.5938,58.1562,58.5938,456200,yahoo
1995-09-29,58.4844,58.5469,58.9062,58.4062,58.4844,606600,yahoo
1995-10-02,58.1875,58.4844,58.625,58.0469,58.1875,293100,yahoo
1995-10-03,58.25,58.1875,58.3438,57.9531,58.25,839700,yahoo
1995-10-04,58.1875,58.2812,58.2812,58.1094,58.1875,248800,yahoo
1995-10-05,58.3594,58.25,58.3594,58.0938,58.3594,268800,yahoo
1995-10-06,58.4062,58.3906,58.5781,58.3906,58.4062,75300,yahoo
1995-10-09,57.9219,58.1875,58.2188,57.8125,57.9219,358200,yahoo
1995-10-10,57.8906,57.3281,57.8906,57.2656,57.8906,360800,yahoo
1995-10-11,58.0781,58.0938,58.0938,57.875,58.0781,228100,yahoo
1995-10-12,58.4375,58.125,58.4688,58.125,58.4375,199800,yahoo
1995-10-13,58.625,58.7031,58.8594,58.625,58.625,488100,yahoo
1995-10-16,58.3438,58.4531,58.5625,58.3438,58.3438,443600,yahoo
1995-10-17,58.7344,58.4062,58.7969,58.2969,58.7344,146000,yahoo
1995-10-18,58.9062,59.0156,59.0938,58.7188,58.9062,228100,yahoo
1995-10-19,59.1875,58.875,59.1875,58.7969,59.1875,500600,yahoo
1995-10-20,58.8281,59.1406,59.1875,58.8281,58.8281,748400,yahoo
1995-10-23,58.7031,58.5469,58.8125,58.5469,58.7031,533000,yahoo
1995-10-24,58.7656,58.7812,58.8438,58.625,58.7656,172200,yahoo
1995-10-25,58.2812,58.8125,58.8906,58.2812,58.2812,302700,yahoo
1995-10-26,57.75,58.375,58.4219,57.2812,57.75,606800,yahoo
1995-10-27,58.1875,57.6875,58.1875,57.4219,58.1875,905800,yahoo
1995-10-30,58.5625,58.3281,58.5938,58.3281,58.5625,488700,yahoo
1995-10-31,58.3125,58.7188,58.8438,58.3125,58.3125,508200,yahoo
1995-11-01,58.7812,58.2812,58.7812,58.2344,58.7812,415700,yahoo
1995-11-02,59.1562,58.6875,59.1562,58.6875,59.1562,326000,yahoo
1995-11-03,59.2344,59.2344,59.25,59.0625,59.2344,615000,yahoo
1995-11-06,59.0312,59.2188,59.2188,59.0156,59.0312,311200,yahoo
1995-11-07,58.8125,59.0,59.0,58.625,58.8125,358200,yahoo
1995-11-08,59.3438,58.8906,59.375,58.8906,59.3438,357200,yahoo
1995-11-09,59.5625,59.5781,59.5781,59.2812,59.5625,503700,yahoo
1995-11-10,59.5312,59.2344,59.6094,59.2188,59.5312,795600,yahoo
1995-11-13,59.4688,59.4219,59.6562,59.3125,59.4688,818500,yahoo
1995-11-14,59.0781,59.3594,59.4844,59.0781,59.0781,341800,yahoo
1995-11-15,59.6719,59.1406,59.6875,59.1094,59.6719,584700,yahoo
1995-11-16,60.0,59.6719,60.0625,59.6562,60.0,577700,yahoo
1995-11-17,60.1875,60.0938,60.2031,60.0156,60.1875,267000,yahoo
1995-11-20,59.875,60.2812,60.2969,59.8594,59.875,448800,yahoo
1995-11-21,60.3594,59.9375,60.3594,59.9219,60.3594,119200,yahoo
1995-11-22,60.1719,60.3125,60.375,60.1719,60.1719,351600,yahoo
1995-11-24,60.3281,60.2344,60.3281,60.1875,60.3281,62400,yahoo
1995-11-27,60.3438,60.4531,60.6406,60.3438,60.3438,273000,yahoo
1995-11-28,60.9844,60.2969,60.9844,60.1562,60.9844,479000,yahoo
1995-11-29,61.0469,61.0938,61.0938,60.8438,61.0469,549200,yahoo
1995-11-30,60.9062,61.0469,61.2031,60.8438,60.9062,286200,yahoo
1995-12-01,60.9844,60.9844,61.0781,60.8438,60.9844,465200,yahoo
1995-12-04,61.7344,61.125,61.7344,61.0469,61.7344,631700,yahoo
1995-12-05,62.1406,61.6719,62.2031,61.625,62.1406,567700,yahoo
1995-12-06,62.2812,62.2969,62.5312,62.0,62.2812,272800,yahoo
1995-12-07,61.9531,62.2031,62.2812,61.9062,61.9531,289700,yahoo
1995-12-08,62.1562,62.2188,62.2344,61.7656,62.1562,296900,yahoo
1995-12-11,62.4219,62.2812,62.5469,62.1562,62.4219,186500,yahoo
1995-12-12,62.2344,62.1406,62.3594,62.1406,62.2344,299400,yahoo
1995-12-13,62.625,62.3125,62.7031,62.3125,62.625,390700,yahoo
1995-12-14,62.1719,62.6875,62.7969,62.0156,62.1719,395000,yahoo
1995-12-15,61.8125,61.875,61.875,61.5938,61.8125,416700,yahoo
1995-12-18,60.625,61.2656,61.2656,60.6094,60.625,862300,yahoo
1995-12-19,61.2656,60.6562,61.3438,60.5781,61.2656,1022600,yahoo
1995-12-20,60.6719,61.4531,61.5156,60.6719,60.6719,1349800,yahoo
1995-12-21,60.9844,61.0312,61.1719,60.75,60.9844,857600,yahoo
1995-12-22,61.2031,61.3125,61.375,61.1406,61.2031,332800,yahoo
1995-12-26,61.5,61.4531,61.5312,61.3281,61.5,432200,yahoo
1995-12-27,61.4688,61.6562,61.6562,61.3594,61.4688,151800,yahoo
1995-12-28,61.4062,61.3438,61.6562,61.25,61.4062,256200,yahoo
1995-12-29,61.4844,61.4688,61.5312,61.25,61.4844,339200,yahoo
1996-01-02,62.1406,61.4062,62.1406,61.3438,62.1406,514400,yahoo
1996-01-03,62.3125,62.3438,62.5,62.0,62.3125,610300,yahoo
1996-01-04,61.7188,62.3906,62.625,61.2188,61.7188,1129700,yahoo
1996-01-05,61.5938,61.3125,61.75,61.1719,61.5938,302400,yahoo
1996-01-08,61.8281,61.8125,61.9062,61.7344,61.8281,179900,yahoo
1996-01-09,60.7656,62.0156,62.0625,60.625,60.7656,415500,yahoo
1996-01-10,59.9688,60.6875,60.8125,59.6406,59.9688,787700,yahoo
1996-01-11,60.3281,60.0625,60.3281,59.7812,60.3281,513200,yahoo
1996-01-12,60.2344,60.4844,60.5,59.6719,60.2344,390400,yahoo
1996-01-15,60.1094,60.25,60.4531,59.8594,60.1094,154200,yahoo
1996-01-16,60.8438,60.4062,60.8906,59.8906,60.8438,454600,yahoo
1996-01-17,60.6562,60.7031,61.125,60.4531,60.6562,407600,yahoo
1996-01-18,60.8594,60.8906,60.9062,60.375,60.8594,425600,yahoo
1996-01-19,61.2656,60.8594,61.4219,60.7969,61.2656,169800,yahoo
1996-01-22,61.2812,61.2188,61.4219,61.1094,61.2812,288200,yahoo
1996-01-23,61.4219,61.25,61.4219,61.125,61.4219,362200,yahoo
1996-01-24,61.9219,61.5156,62.0469,61.4844,61.9219,1506500,yahoo
1996-01-25,61.7031,61.9688,62.0,61.625,61.7031,298400,yahoo
1996-01-26,62.2344,61.6562,62.2656,61.5781,62.2344,726300,yahoo
1996-01-29,62.4844,62.1875,62.4844,62.1406,62.4844,254800,yahoo
1996-01-30,63.0156,62.6094,63.1406,62.5312,63.0156,272100,yahoo
1996-01-31,63.6719,63.0,63.6875,62.9688,63.6719,498000,yahoo
1996-02-01,63.9062,63.6094,63.9062,63.5625,63.9062,373900,yahoo
1996-02-02,63.6406,63.875,64.0156,63.5,63.6406,496200,yahoo
1996-02-05,64.1562,63.5312,64.25,63.4375,64.1562,295300,yahoo
1996-02-06,64.7656,64.1875,64.8281,64.0938,64.7656,301600,yahoo
1996-02-07,65.1406,64.75,65.1406,64.6875,65.1406,585100,yahoo
1996-02-08,65.8438,65.0469,65.9062,64.9219,65.8438,1526600,yahoo
1996-02-09,65.8281,65.8125,66.375,65.5156,65.8281,804600,yahoo
1996-02-12,66.3281,65.9531,66.625,65.8906,66.3281,626500,yahoo
1996-02-13,66.1875,66.0469,66.6875,66.0,66.1875,1045900,yahoo
1996-02-14,65.6094,66.1406,66.3594,65.5781,65.6094,431400,yahoo
1996-02-15,65.2031,65.4688,65.9062,65.125,65.2031,889500,yahoo
1996-02-16,64.9375,65.0781,65.2344,64.7344,64.9375,606100,yahoo
1996-02-20,64.2969,64.4375,64.625,63.875,64.2969,492300,yahoo
1996-02-21,65.0938,64.4219,65.1406,64.4219,65.0938,434000,yahoo
1996-02-22,66.125,65.4531,66.3281,65.4062,66.125,721400,yahoo
1996-02-23,65.9375,66.5,66.6094,65.3281,65.9375,1430400,yahoo
1996-02-26,65.0,65.75,65.8906,64.9688,65.0,1408400,yahoo
1996-02-27,64.7969,65.1562,65.1719,64.5,64.7969,601000,yahoo
1996-02-28,64.5,65.3125,65.7344,64.5,64.5,865900,yahoo
1996-02-29,63.875,64.125,64.9531,63.875,63.875,914300,yahoo
1996-03-01,64.8906,64.6406,64.8906,63.6094,64.8906,1452600,yahoo
1996-03-04,65.2656,65.0312,65.6562,64.8125,65.2656,652600,yahoo
1996-03-05,65.875,65.1094,65.875,65.0781,65.875,402000,yahoo
1996-03-06,65.2969,65.7812,65.9688,65.2969,65.2969,624700,yahoo
1996-03-07,65.625,65.4219,65.6562,65.2344,65.625,534200,yahoo
1996-03-08,63.5,64.1875,64.875,62.0,63.5,2289900,yahoo
1996-03-11,64.2344,63.25,64.3281,63.0625,64.2344,1511400,yahoo
1996-03-12,63.7344,63.8125,64.0469,62.9062,63.7344,1385300,yahoo
1996-03-13,64.1719,64.1562,64.4375,63.7969,64.1719,1019300,yahoo
1996-03-14,64.4531,64.2656,64.8125,64.2344,64.4531,725600,yahoo
1996-03-15,64.125,64.0625,64.3281,63.75,64.125,869200,yahoo
1996-03-18,65.3594,64.7188,65.3594,64.5781,65.3594,917600,yahoo
1996-03-19,65.2188,65.9375,65.9375,65.0,65.2188,858300,yahoo
1996-03-20,65.1406,65.5312,65.5312,64.6406,65.1406,744300,yahoo
1996-03-21,64.9844,65.2188,65.25,64.7656,64.9844,650800,yahoo
1996-03-22,65.1562,65.0156,65.3281,64.9375,65.1562,344500,yahoo
1996-03-25,65.0312,65.75,65.8125,64.8594,65.0312,802400,yahoo
1996-03-26,65.3438,64.9219,65.5156,64.8594,65.3438,969400,yahoo
1996-03-27,64.75,65.4375,65.4844,64.6875,64.75,809600,yahoo
1996-03-28,65.0,64.5156,65.0312,64.5,65.0,1001300,yahoo
1996-03-29,64.6875,65.1875,65.1875,64.375,64.6875,457700,yahoo
1996-04-01,65.4375,65.0,65.4531,64.7969,65.4375,773400,yahoo
1996-04-02,65.5625,65.5156,65.5625,65.2969,65.5625,638800,yahoo
1996-04-03,65.5625,65.3281,65.6094,65.1719,65.5625,288000,yahoo
1996-04-04,65.5156,65.5625,65.7188,65.5,65.5156,934900,yahoo
1996-04-08,64.3906,63.875,64.3906,63.5938,64.3906,2217200,yahoo
1996-04-09,64.1406,64.6406,64.6406,64.0156,64.1406,1180900,yahoo
1996-04-10,63.0,64.0312,64.3125,62.75,63.0,939500,yahoo
1996-04-11,62.9219,63.1562,63.4688,62.125,62.9219,1276000,yahoo
1996-04-12,63.7188,63.3594,63.8125,63.1719,63.7188,411300,yahoo
1996-04-15,64.25,64.0469,64.3281,63.8438,64.25,484200,yahoo
1996-04-16,64.4375,64.375,64.6562,64.2344,64.4375,429700,yahoo
1996-04-17,64.2812,64.375,64.5625,63.8438,64.2812,525300,yahoo
1996-04-18,64.375,64.4375,64.5781,64.0938,64.375,818600,yahoo
1996-04-19,64.5312,64.6875,64.8594,64.4219,64.5312,885100,yahoo
1996-04-22,65.0312,65.125,65.2812,64.5938,65.0312,828900,yahoo
1996-04-23,65.2344,64.9219,65.2812,64.7812,65.2344,225400,yahoo
1996-04-24,65.0,65.5625,65.5625,64.8594,65.0,699000,yahoo
1996-04-25,65.2969,65.1406,65.5625,64.75,65.2969,475500,yahoo
1996-04-26,65.4375,65.4688,65.8125,65.2344,65.4375,563300,yahoo
1996-04-29,65.4375,65.1562,65.5625,65.1562,65.4375,219900,yahoo
1996-04-30,65.3906,65.4375,65.5625,65.125,65.3906,184400,yahoo
1996-05-01,65.5312,65.375,65.7969,65.2812,65.5312,561900,yahoo
1996-05-02,64.4062,65.0156,65.375,64.0938,64.4062,1299600,yahoo
1996-05-03,64.3125,64.7812,64.9844,63.75,64.3125,1329300,yahoo
1996-05-06,64.25,64.5625,64.5625,63.6875,64.25,647500,yahoo
1996-05-07,63.9844,64.25,64.25,63.7656,63.9844,582100,yahoo
1996-05-08,64.7812,63.6719,64.7812,63.0781,64.7812,1694700,yahoo
1996-05-09,64.7344,64.5625,65.0625,64.5,64.7344,593400,yahoo
1996-05-10,65.375,65.375,65.5938,65.0625,65.375,925100,yahoo
1996-05-13,66.3594,65.5312,66.6406,65.4688,66.3594,867500,yahoo
1996-05-14,66.7656,66.625,66.9375,66.5625,66.7656,632300,yahoo
1996-05-15,66.6875,66.7812,67.3125,66.6406,66.6875,466100,yahoo
1996-05-16,66.8281,66.3125,66.9375,66.2812,66.8281,514400,yahoo
1996-05-17,67.1875,67.0,67.2969,67.0,67.1875,427700,yahoo
1996-05-20,67.6406,67.6562,67.75,66.9844,67.6406,788500,yahoo
1996-05-21,67.5469,67.75,67.875,67.5,67.5469,352700,yahoo
1996-05-22,68.1875,67.625,68.1875,67.3906,68.1875,1218100,yahoo
1996-05-23,67.9062,68.2812,68.4375,67.5312,67.9062,967900,yahoo
1996-05-24,68.1719,67.9688,68.3281,67.9375,68.1719,659100,yahoo
1996-05-28,67.4844,68.375,68.375,67.3125,67.4844,456400,yahoo
1996-05-29,67.0312,67.625,67.6875,66.8125,67.0312,649600,yahoo
1996-05-30,67.375,66.9375,67.7188,66.75,67.375,895800,yahoo
1996-05-31,66.875,67.3594,67.6406,66.875,66.875,923500,yahoo
1996-06-03,67.0625,66.8906,67.1094,66.7031,67.0625,503100,yahoo
1996-06-04,67.5312,67.375,67.5938,67.25,67.5312,627100,yahoo
1996-06-05,68.125,67.5625,68.2031,67.4219,68.125,428000,yahoo
1996-06-06,67.625,68.5,68.5,67.5,67.625,523300,yahoo
1996-06-07,67.625,66.1875,67.6406,66.1875,67.625,1422800,yahoo
1996-06-10,67.4062,67.5312,67.7344,67.2969,67.4062,548800,yahoo
1996-06-11,67.3438,67.6562,68.0312,67.3438,67.3438,688700,yahoo
1996-06-12,67.2188,67.5625,67.7344,67.1094,67.2188,1120600,yahoo
1996-06-13,67.2188,67.375,67.4688,66.8281,67.2188,1502000,yahoo
1996-06-14,66.9375,67.25,67.25,66.7188,66.9375,1468200,yahoo
1996-06-17,66.8906,66.9688,67.2188,66.7188,66.8906,1101000,yahoo
1996-06-18,66.3438,66.8438,67.0312,66.3281,66.3438,718000,yahoo
1996-06-19,66.6406,66.6562,67.0,66.4219,66.6406,552100,yahoo
1996-06-20,66.5938,66.7031,66.9219,66.1875,66.5938,1234400,yahoo
1996-06-21,66.8125,66.5625,66.8125,66.375,66.8125,573300,yahoo
1996-06-24,66.9375,66.9688,67.2188,66.8438,66.9375,416500,yahoo
1996-06-25,66.8594,67.125,67.1719,66.7812,66.8594,454400,yahoo
1996-06-26,66.4062,66.7812,66.9219,66.3906,66.4062,838200,yahoo
1996-06-27,66.875,66.4062,67.0469,66.1562,66.875,1090500,yahoo
1996-06-28,67.1094,67.1562,67.5,66.9688,67.1094,1060800,yahoo
1996-07-01,67.6875,67.2812,67.7031,67.1875,67.6875,471300,yahoo
1996-07-02,67.4375,67.625,67.6406,67.3281,67.4375,389400,yahoo
1996-07-03,67.2969,67.4062,67.5,67.0625,67.2969,308300,yahoo
1996-07-05,65.5781,66.125,66.4375,65.375,65.5781,842900,yahoo
1996-07-08,65.3125,65.625,65.9844,65.125,65.3125,942000,yahoo
1996-07-09,65.5781,65.6094,65.8125,65.375,65.5781,716300,yahoo
1996-07-10,65.8438,65.5625,65.8438,64.9219,65.8438,1132300,yahoo
1996-07-11,64.5156,65.5625,65.6875,63.875,64.5156,1587400,yahoo
1996-07-12,64.5625,64.625,64.9062,64.0781,64.5625,1312000,yahoo
1996-07-15,62.6562,64.7188,64.7188,62.6562,62.6562,1951300,yahoo
1996-07-16,62.8125,62.8438,63.5,60.375,62.8125,4141000,yahoo
1996-07-17,63.5625,63.75,64.0,63.0,63.5625,1340500,yahoo
1996-07-18,64.4375,63.75,64.5469,63.3281,64.4375,1432500,yahoo
1996-07-19,63.9688,64.2812,64.375,63.625,63.9688,1216000,yahoo
1996-07-22,63.5,63.5312,63.75,63.0156,63.5,519800,yahoo
1996-07-23,62.6875,63.5938,63.9375,62.5781,62.6875,1479800,yahoo
1996-07-24,62.8125,61.9375,63.1875,61.625,62.8125,2463400,yahoo
1996-07-25,63.375,63.4375,63.5625,63.125,63.375,1989800,yahoo
1996-07-26,63.7188,63.5625,63.8125,63.3906,63.7188,642300,yahoo
1996-07-29,63.0156,63.625,63.7188,62.9375,63.0156,1297900,yahoo
1996-07-30,63.625,63.4375,63.6875,62.9375,63.625,1868200,yahoo
1996-07-31,64.0938,63.6719,64.2656,63.5156,64.0938,767100,yahoo
1996-08-01,65.1562,64.1562,65.3906,64.0625,65.1562,1168600,yahoo
1996-08-02,66.5625,66.0,66.5938,65.75,66.5625,1098500,yahoo
1996-08-05,66.1719,66.5781,66.5938,65.9688,66.1719,710200,yahoo
1996-08-06,66.375,66.1562,66.5156,65.7969,66.375,640000,yahoo
1996-08-07,66.5469,66.625,66.75,66.125,66.5469,917800,yahoo
1996-08-08,66.4375,66.5625,66.5625,66.1875,66.4375,925100,yahoo
1996-08-09,66.2188,66.6719,66.7656,66.0625,66.2188,648800,yahoo
1996-08-12,66.7031,66.25,66.8594,66.0,66.7031,764200,yahoo
1996-08-13,66.1719,66.5781,66.625,66.0,66.1719,805200,yahoo
1996-08-14,66.4062,66.1875,66.4688,66.0,66.4062,533800,yahoo
1996-08-15,66.2812,66.2344,66.625,66.2031,66.2812,632600,yahoo
1996-08-16,66.8438,66.4688,66.875,66.4688,66.8438,475100,yahoo
1996-08-19,66.875,66.8594,66.9219,66.625,66.875,436400,yahoo
1996-08-20,66.8281,66.8906,66.9062,66.6719,66.8281,645700,yahoo
1996-08-21,66.5938,66.6562,66.8125,66.375,66.5938,266400,yahoo
1996-08-22,67.2188,66.75,67.3438,66.7188,67.2188,584800,yahoo
1996-08-23,66.8594,67.0938,67.2031,66.6406,66.8594,757100,yahoo
1996-08-26,66.5312,66.7031,66.7812,66.4219,66.5312,784700,yahoo
1996-08-27,66.7812,66.7188,66.8438,66.5,66.7812,389400,yahoo
1996-08-28,66.6719,66.9375,67.0,66.6562,66.6719,227600,yahoo
1996-08-29,66.0156,66.5938,66.5938,65.625,66.0156,680200,yahoo
1996-08-30,65.3281,66.0,66.0156,65.125,65.3281,1500900,yahoo
1996-09-03,65.75,64.4688,65.8438,64.375,65.75,1782000,yahoo
1996-09-04,65.8125,65.75,66.75,65.4844,65.8125,930200,yahoo
1996-09-05,65.0156,65.5,65.7656,65.0156,65.0156,616600,yahoo
1996-09-06,65.9375,65.25,66.1719,65.1406,65.9375,804900,yahoo
1996-09-09,66.7188,66.1875,66.7344,66.0781,66.7188,719200,yahoo
1996-09-10,66.6875,66.625,66.9062,66.375,66.6875,669900,yahoo
1996-09-11,67.0625,66.5625,67.125,66.4062,67.0625,713500,yahoo
1996-09-12,67.5312,67.25,67.7344,67.1562,67.5312,713300,yahoo
1996-09-13,68.5625,68.3125,68.625,68.125,68.5625,2008800,yahoo
1996-09-16,68.8125,68.6562,69.1562,68.5625,68.8125,1220200,yahoo
1996-09-17,68.6562,68.875,68.9844,68.2344,68.6562,604700,yahoo
1996-09-18,68.4844,68.5625,68.75,68.2188,68.4844,225500,yahoo
1996-09-19,68.75,68.375,68.7969,68.2812,68.75,410000,yahoo
1996-09-20,68.6406,68.5938,68.7812,68.375,68.6406,948400,yahoo
1996-09-23,68.625,68.4688,68.75,68.1562,68.625,466800,yahoo
1996-09-24,68.6094,68.5625,69.25,68.3125,68.6094,1269800,yahoo
1996-09-25,68.6562,68.9375,68.9375,68.5,68.6562,1353300,yahoo
1996-09-26,68.625,68.75,69.1875,68.3906,68.625,773200,yahoo
1996-09-27,68.6875,68.7188,68.7188,68.375,68.6875,407600,yahoo
1996-09-30,68.625,68.7812,69.0625,68.5781,68.625,578200,yahoo
1996-10-01,69.0,68.7031,69.0469,68.4375,69.0,561400,yahoo
1996-10-02,69.4688,69.25,69.5938,69.1562,69.4688,609000,yahoo
1996-10-03,69.4062,69.5,69.5312,69.2031,69.4062,342200,yahoo
1996-10-04,70.3438,69.6875,70.3438,69.5,70.3438,754100,yahoo
1996-10-07,70.4219,70.3125,70.625,70.25,70.4219,235100,yahoo
1996-10-08,70.1406,70.4531,70.6875,70.0156,70.1406,386200,yahoo
1996-10-09,69.5938,70.25,70.375,69.5156,69.5938,528800,yahoo
1996-10-10,69.4531,69.5938,69.8594,69.375,69.4531,1562200,yahoo
1996-10-11,70.3125,69.7188,70.3125,69.7188,70.3125,331300,yahoo
1996-10-14,70.4062,70.3125,70.6875,70.2969,70.4062,201600,yahoo
1996-10-15,70.3125,71.125,71.125,69.9531,70.3125,776900,yahoo
1996-10-16,70.6562,70.5,70.6562,69.9375,70.6562,590100,yahoo
1996-10-17,70.8438,70.875,71.0312,70.5469,70.8438,792500,yahoo
1996-10-18,71.2188,70.875,71.3125,70.7188,71.2188,695800,yahoo
1996-10-21,71.125,71.2812,71.625,70.9375,71.125,879200,yahoo
1996-10-22,70.625,71.0625,71.0781,70.5938,70.625,848900,yahoo
1996-10-23,70.8594,70.4688,70.8906,70.1875,70.8594,735900,yahoo
1996-10-24,70.25,70.8594,70.9844,70.2188,70.25,379300,yahoo
1996-10-25,70.3125,70.2344,70.5625,70.125,70.3125,568300,yahoo
1996-10-28,69.8438,70.375,70.7344,69.8125,69.8438,975400,yahoo
1996-10-29,70.4062,70.0625,70.5781,69.7031,70.4062,815900,yahoo
1996-10-30,70.1719,70.625,70.625,70.0938,70.1719,495400,yahoo
1996-10-31,70.8438,70.2656,70.875,70.1875,70.8438,726300,yahoo
1996-11-01,70.5938,70.9844,71.1562,70.2656,70.5938,821300,yahoo
1996-11-04,71.0625,70.6875,71.0625,70.5312,71.0625,1608400,yahoo
1996-11-05,71.4688,71.2969,71.7969,71.2812,71.4688,764000,yahoo
1996-11-06,72.8438,71.5938,72.875,71.5312,72.8438,1665000,yahoo
1996-11-07,73.0156,72.625,73.2969,72.5312,73.0156,1446300,yahoo
1996-11-08,73.4219,73.0312,73.4375,72.75,73.4219,1355700,yahoo
1996-11-11,73.3438,73.25,73.5156,73.2188,73.3438,655900,yahoo
1996-11-12,73.125,73.5469,73.5938,73.0156,73.125,719900,yahoo
1996-11-13,73.4531,73.2031,73.5625,73.0156,73.4531,481900,yahoo
1996-11-14,73.9375,73.1875,73.9375,73.1562,73.9375,558800,yahoo
1996-11-15,74.0312,74.125,74.5,73.7188,74.0312,2250900,yahoo
1996-11-18,74.0469,74.1719,74.25,73.7344,74.0469,1518200,yahoo
1996-11-19,74.5781,74.1406,74.5938,74.0312,74.5781,1029300,yahoo
1996-11-20,74.7031,74.5625,75.0156,74.3125,74.7031,730000,yahoo
1996-11-21,74.5938,74.7969,74.8438,74.375,74.5938,653000,yahoo
1996-11-22,75.1719,74.7031,75.25,74.7031,75.1719,965100,yahoo
1996-11-25,76.125,75.25,76.1562,75.0781,76.125,2058800,yahoo
1996-11-26,75.875,76.2812,76.6875,75.4688,75.875,2861800,yahoo
1996-11-27,75.7344,76.0625,76.1875,75.6406,75.7344,872000,yahoo
1996-11-29,76.0156,76.0,76.2188,75.8594,76.0156,1073400,yahoo
1996-12-02,76.0469,75.9219,76.125,75.3906,76.0469,1350600,yahoo
1996-12-03,74.75,76.0625,76.5781,74.75,74.75,1777800,yahoo
1996-12-04,74.9531,74.875,75.0625,74.0938,74.9531,2365100,yahoo
1996-12-05,74.75,74.8438,75.1406,74.5312,74.75,1697700,yahoo
1996-12-06,74.3125,73.25,74.75,72.6562,74.3125,3401800,yahoo
1996-12-09,75.4062,74.6875,75.4219,74.5781,75.4062,1864600,yahoo
1996-12-10,75.0469,75.5625,75.6719,74.9688,75.0469,1331600,yahoo
1996-12-11,74.3594,73.625,74.625,73.3125,74.3594,1847900,yahoo
1996-12-12,73.125,74.7812,74.875,72.9375,73.125,2540200,yahoo
1996-12-13,73.3125,73.0625,73.5781,72.4062,73.3125,1678300,yahoo
1996-12-16,72.375,73.5,73.6875,72.0625,72.375,1831100,yahoo
1996-12-17,72.9531,72.1562,73.2812,71.875,72.9531,2023200,yahoo
1996-12-18,73.5312,73.375,73.7656,73.2656,73.5312,1666800,yahoo
1996-12-19,75.0469,74.1875,75.125,73.8906,75.0469,2269300,yahoo
1996-12-20,74.8438,75.125,75.7188,74.75,74.8438,1543200,yahoo
1996-12-23,74.6562,75.0938,75.2031,74.3281,74.6562,1263700,yahoo
1996-12-24,75.2031,74.8438,75.2031,74.7969,75.2031,633000,yahoo
1996-12-26,75.7812,75.4375,75.8281,75.375,75.7812,1384300,yahoo
1996-12-27,75.875,75.7812,76.0312,75.5,75.875,410400,yahoo
1996-12-30,75.2188,76.125,76.125,75.1562,75.2188,694100,yahoo
1996-12-31,73.8438,75.2812,75.375,73.8438,73.8438,1378100,yahoo
1997-01-02,74.0312,74.375,74.375,72.75,74.0312,2031900,yahoo
1997-01-03,75.0938,74.375,75.125,74.0781,75.0938,2123200,yahoo
1997-01-06,74.4375,75.0938,75.4375,74.3125,74.4375,1374100,yahoo
1997-01-07,75.3438,74.4375,75.4688,74.125,75.3438,939000,yahoo
1997-01-08,74.6875,75.75,75.7812,74.6875,74.6875,1802200,yahoo
1997-01-09,75.3125,75.0625,75.875,74.9375,75.3125,1415700,yahoo
1997-01-10,76.125,74.25,76.25,74.25,76.125,2369500,yahoo
1997-01-13,76.0156,76.5,76.5,75.6406,76.0156,1364600,yahoo
1997-01-14,76.9688,76.6875,77.3906,76.5,76.9688,2111200,yahoo
1997-01-15,76.7812,76.7188,77.2031,76.375,76.7812,1583900,yahoo
1997-01-16,77.0938,77.0312,77.2969,76.5,77.0938,1308400,yahoo
1997-01-17,77.5625,77.2031,77.75,77.1094,77.5625,1604000,yahoo
1997-01-20,77.6562,77.75,78.0938,77.4688,77.6562,1889900,yahoo
1997-01-21,78.2812,77.375,78.5469,77.1094,78.2812,2785800,yahoo
1997-01-22,78.8438,78.3125,78.8438,77.875,78.8438,1201600,yahoo
1997-01-23,77.75,79.0625,79.6875,76.9062,77.75,2601100,yahoo
1997-01-24,76.75,77.875,77.9062,76.75,76.75,2176000,yahoo
1997-01-27,76.5312,76.875,77.2344,76.375,76.5312,2108500,yahoo
1997-01-28,76.75,77.625,77.8438,76.0,76.75,4376000,yahoo
1997-01-29,77.5,76.875,77.5,76.5938,77.5,1122700,yahoo
1997-01-30,78.5,77.875,78.5312,77.4062,78.5,2126300,yahoo
1997-01-31,78.4062,78.9375,79.4062,78.375,78.4062,3208100,yahoo
1997-02-03,78.6406,78.7188,78.8906,78.3594,78.6406,755000,yahoo
1997-02-04,79.125,78.75,79.2031,78.4375,79.125,654100,yahoo
1997-02-05,77.6406,79.2344,79.4688,77.125,77.6406,2255400,yahoo
1997-02-06,78.1562,77.7812,78.2031,77.4062,78.1562,2483100,yahoo
1997-02-07,79.2188,78.8125,79.25,77.7812,79.2188,2321000,yahoo
1997-02-10,78.4688,79.25,79.5312,78.4219,78.4688,1670000,yahoo
1997-02-11,79.375,78.7812,79.375,78.125,79.375,1664300,yahoo
1997-02-12,80.5,79.375,80.6406,79.2656,80.5,2675400,yahoo
1997-02-13,81.375,80.8125,81.5625,80.6875,81.375,1104800,yahoo
1997-02-14,81.1875,81.1875,81.4688,80.9062,81.1875,1112900,yahoo
1997-02-18,81.875,81.3438,81.9375,80.75,81.875,833100,yahoo
1997-02-19,81.3281,81.6562,82.0,81.1562,81.3281,648100,yahoo
1997-02-20,80.3438,81.0312,81.3594,80.1562,80.3438,1193900,yahoo
1997-02-21,80.375,80.4062,80.7656,80.1406,80.375,1844400,yahoo
1997-02-24,81.3281,79.9688,81.375,79.9688,81.3281,787300,yahoo
1997-02-25,81.3906,81.4062,81.5312,80.875,81.3906,1653900,yahoo
1997-02-26,80.5938,81.3125,81.4375,79.625,80.5938,1597800,yahoo
1997-02-27,79.3906,80.8125,80.8125,79.375,79.3906,1813100,yahoo
1997-02-28,79.1562,79.25,79.875,79.0625,79.1562,2961200,yahoo
1997-03-03,79.6875,78.75,79.75,78.6875,79.6875,1210400,yahoo
1997-03-04,79.25,79.9062,80.125,79.0938,79.25,1478700,yahoo
1997-03-05,80.5938,79.7188,80.5938,79.4531,80.5938,1254800,yahoo
1997-03-06,80.125,80.625,80.9062,79.875,80.125,1528500,yahoo
1997-03-07,80.8438,80.4375,81.1562,80.25,80.8438,1859300,yahoo
1997-03-10,81.6875,80.9375,81.6875,80.5469,81.6875,1074900,yahoo
1997-03-11,81.25,81.75,81.7969,81.25,81.25,624600,yahoo
1997-03-12,80.5312,81.3125,81.3438,80.2969,80.5312,1055600,yahoo
1997-03-13,79.2812,80.25,80.4688,79.0625,79.2812,2514100,yahoo
1997-03-14,79.6875,79.6406,80.0312,79.25,79.6875,1642700,yahoo
1997-03-17,79.9062,79.25,80.0312,78.4375,79.9062,3013500,yahoo
1997-03-18,79.0469,80.0,80.1094,78.7188,79.0469,1352500,yahoo
1997-03-19,78.7812,78.8438,79.5,78.0625,78.7812,1510000,yahoo
1997-03-20,78.375,78.75,79.0,77.875,78.375,1808200,yahoo
1997-03-21,78.4375,78.6875,78.75,78.3438,78.4375,2810600,yahoo
1997-03-24,79.5312,78.5,79.5781,78.0938,79.5312,2145600,yahoo
1997-03-25,78.75,79.3438,79.9688,78.5312,78.75,2125800,yahoo
1997-03-26,79.0938,79.0625,79.6562,78.6875,79.0938,1335300,yahoo
1997-03-27,77.0,79.375,79.375,76.1562,77.0,2898500,yahoo
1997-03-31,75.375,76.9062,77.125,75.25,75.375,4270700,yahoo
1997-04-01,75.8594,75.25,76.1875,75.0469,75.8594,3210900,yahoo
1997-04-02,74.5,75.625,75.9375,74.4375,74.5,2672700,yahoo
1997-04-03,74.9062,74.4375,75.125,74.1875,74.9062,2284200,yahoo
1997-04-04,75.8438,74.5,75.8594,74.1562,75.8438,3706700,yahoo
1997-04-07,76.1406,76.1875,76.625,76.1406,76.1406,2596200,yahoo
1997-04-08,76.6875,76.125,76.7812,75.8438,76.6875,1822700,yahoo
1997-04-09,76.0625,77.0,77.0469,75.8438,76.0625,2453200,yahoo
1997-04-10,75.7812,76.0938,76.5469,75.6875,75.7812,1996500,yahoo
1997-04-11,73.375,75.0625,75.3125,73.375,73.375,4221600,yahoo
1997-04-14,74.3594,73.7344,74.4531,73.3125,74.3594,3988500,yahoo
1997-04-15,75.625,75.25,75.6406,74.5,75.625,2760400,yahoo
1997-04-16,76.5,75.375,76.6094,75.25,76.5,2273300,yahoo
1997-04-17,76.1875,76.5,77.0,76.0,76.1875,1386000,yahoo
1997-04-18,76.5625,76.8125,76.9844,76.25,76.5625,1702100,yahoo
1997-04-21,76.0625,76.75,76.9062,75.4688,76.0625,2809400,yahoo
1997-04-22,77.7344,76.1094,77.7344,76.0,77.7344,3215000,yahoo
1997-04-23,77.8125,77.6562,78.0312,77.1875,77.8125,2047700,yahoo
1997-04-24,77.4219,78.0469,78.2812,76.875,77.4219,2689900,yahoo
1997-04-25,76.5312,77.0625,77.2031,76.4219,76.5312,1606200,yahoo
1997-04-28,77.2812,76.5,77.8125,76.375,77.2812,1666500,yahoo
1997-04-29,79.7188,78.5938,79.7812,78.2969,79.7188,3197400,yahoo
1997-04-30,80.0938,79.25,80.6875,79.2188,80.0938,3372200,yahoo
1997-05-01,80.0,80.2188,80.5312,79.3125,80.0,2149500,yahoo
1997-05-02,81.4375,80.2812,81.6719,80.0625,81.4375,1448300,yahoo
1997-05-05,83.375,81.6562,83.5625,81.2969,83.375,3636200,yahoo
1997-05-06,83.3125,82.9688,83.4688,82.5,83.3125,1721100,yahoo
1997-05-07,81.5,83.0,83.0,81.4062,81.5,2327200,yahoo
1997-05-08,82.0625,81.3125,83.2188,81.1875,82.0625,2923700,yahoo
1997-05-09,82.625,82.9688,83.125,81.6562,82.625,2558200,yahoo
1997-05-12,84.0,82.9375,84.25,82.875,84.0,2357900,yahoo
1997-05-13,83.6562,83.9375,84.0938,83.0156,83.6562,1195100,yahoo
1997-05-14,83.8125,84.2344,84.5,83.4375,83.8125,2772000,yahoo
1997-05-15,84.375,83.8125,84.5938,83.5156,84.375,884100,yahoo
1997-05-16,83.2188,84.125,84.3125,83.0,83.2188,1934200,yahoo
1997-05-19,83.4688,83.3125,83.9062,83.0625,83.4688,1375800,yahoo
1997-05-20,84.4688,83.2812,84.6875,82.75,84.4688,1756400,yahoo
1997-05-21,84.2812,84.6875,84.9844,83.6562,84.2812,1208000,yahoo
1997-05-22,84.0,84.375,84.4688,83.5625,84.0,907600,yahoo
1997-05-23,84.7812,84.375,85.2188,84.1562,84.7812,644400,yahoo
1997-05-27,85.125,84.375,85.5312,84.2656,85.125,1531000,yahoo
1997-05-28,85.1094,85.125,85.4531,84.5156,85.1094,716700,yahoo
1997-05-29,84.6094,85.0938,85.25,84.5,84.6094,1282700,yahoo
1997-05-30,85.1562,83.2188,85.5625,83.125,85.1562,2143300,yahoo
1997-06-02,84.7812,85.3438,85.5,84.7188,84.7812,1479100,yahoo
1997-06-03,84.5,84.4062,85.4375,84.3438,84.5,1562100,yahoo
1997-06-04,84.4062,84.5312,84.75,84.0781,84.4062,1063100,yahoo
1997-06-05,84.7188,84.5938,85.3125,84.4219,84.7188,1180800,yahoo
1997-06-06,86.375,84.5938,86.4375,84.5938,86.375,1511100,yahoo
1997-06-09,86.8125,86.4375,86.875,86.3438,86.8125,1823400,yahoo
1997-06-10,87.0781,86.8438,87.4062,86.5,87.0781,1217500,yahoo
1997-06-11,87.2812,87.0,87.4062,86.8281,87.2812,1673800,yahoo
1997-06-12,88.9688,87.875,89.0,87.5625,88.9688,4273300,yahoo
1997-06-13,89.7188,89.0625,90.0,88.9062,89.7188,2132900,yahoo
1997-06-16,89.75,89.75,90.0,89.4688,89.75,800400,yahoo
1997-06-17,89.625,89.4375,90.2344,88.9375,89.625,2048100,yahoo
1997-06-18,89.3125,89.125,89.625,88.9688,89.3125,1971900,yahoo
1997-06-19,90.2344,89.6094,90.5,89.375,90.2344,2029900,yahoo
1997-06-20,89.5781,89.9375,90.3438,89.5,89.5781,1396900,yahoo
1997-06-23,87.4062,89.4062,89.9062,87.3438,87.4062,3991500,yahoo
1997-06-24,89.625,88.25,89.875,88.0,89.625,4895100,yahoo
1997-06-25,89.0,89.4844,90.25,87.9375,89.0,4708900,yahoo
1997-06-26,88.5625,88.8438,89.625,87.6875,88.5625,2569900,yahoo
1997-06-27,88.9062,88.9688,89.7188,88.6875,88.9062,2617900,yahoo
1997-06-30,88.3125,88.9062,89.4688,87.875,88.3125,2384900,yahoo
1997-07-01,89.3438,88.5,89.5625,88.3906,89.3438,1749000,yahoo
1997-07-02,90.8125,89.5625,90.8125,89.2188,90.8125,1961800,yahoo
1997-07-03,92.0625,91.875,92.1562,91.4688,92.0625,2539100,yahoo
1997-07-07,91.125,92.375,92.5,90.9062,91.125,1158600,yahoo
1997-07-08,92.0781,91.25,92.1875,91.1875,92.0781,3396500,yahoo
1997-07-09,91.0625,92.3125,92.375,90.0312,91.0625,5390300,yahoo
1997-07-10,91.4688,91.125,91.8438,90.4844,91.4688,2072200,yahoo
1997-07-11,91.7812,91.5938,92.1875,91.375,91.7812,2258900,yahoo
1997-07-14,92.0625,91.8906,92.3125,91.2188,92.0625,3186400,yahoo
1997-07-15,92.5312,92.3125,92.7656,91.4688,92.5312,2983100,yahoo
1997-07-16,93.75,93.125,94.0938,92.8906,93.75,2621300,yahoo
1997-07-17,93.2812,93.625,93.8125,92.7812,93.2812,1794800,yahoo
1997-07-18,91.2969,93.0156,93.2188,91.0625,91.2969,3961900,yahoo
1997-07-21,91.3125,91.2812,91.5938,90.6875,91.3125,3810300,yahoo
1997-07-22,93.7344,91.6875,93.7969,91.625,93.7344,4243400,yahoo
1997-07-23,93.6562,93.9375,94.4844,93.5312,93.6562,3204300,yahoo
1997-07-24,94.0938,93.9375,94.2656,92.6875,94.0938,4152700,yahoo
1997-07-25,94.0312,94.5625,94.8125,93.625,94.0312,2364800,yahoo
1997-07-28,93.9688,94.25,94.5625,93.5,93.9688,2794700,yahoo
1997-07-29,94.2812,93.625,94.4688,93.4219,94.2812,2737100,yahoo
1997-07-30,95.4062,94.5,95.625,94.4062,95.4062,4839800,yahoo
1997-07-31,95.3125,95.4062,96.0312,95.0312,95.3125,2138700,yahoo
1997-08-01,94.9375,95.5,95.7188,93.8125,94.9375,7077700,yahoo
1997-08-04,95.1875,94.7812,95.5469,94.4062,95.1875,2339500,yahoo
1997-08-05,95.25,95.0938,95.6875,94.9062,95.25,1466700,yahoo
1997-08-06,96.0312,95.4375,96.5312,95.0625,96.0312,2478200,yahoo
1997-08-07,95.3125,96.5,96.625,95.125,95.3125,3641900,yahoo
1997-08-08,93.375,94.3125,94.75,92.4062,93.375,7113100,yahoo
1997-08-11,94.0625,93.75,94.2812,92.625,94.0625,6355900,yahoo
1997-08-12,92.5625,94.2188,94.5469,92.4688,92.5625,6132500,yahoo
1997-08-13,92.2812,93.6875,93.8438,91.4688,92.2812,6982300,yahoo
1997-08-14,92.625,93.0938,93.3125,91.7188,92.625,3462700,yahoo
1997-08-15,89.7812,92.125,92.125,89.625,89.7812,4907100,yahoo
1997-08-18,91.7812,90.375,91.7812,89.3438,91.7812,5638900,yahoo
1997-08-19,92.8438,92.2188,92.9062,91.5312,92.8438,3802800,yahoo
1997-08-20,94.25,92.9375,94.3125,92.6094,94.25,3564600,yahoo
1997-08-21,92.5938,94.125,94.25,92.0938,92.5938,5392600,yahoo
1997-08-22,92.5625,91.0,92.7344,90.5625,92.5625,8087800,yahoo
1997-08-25,92.2188,92.7812,93.4062,91.8438,92.2188,3888000,yahoo
1997-08-26,90.8594,92.0,92.5625,90.7031,90.8594,4290000,yahoo
1997-08-27,91.4062,91.0,91.9688,90.4062,91.4062,5484300,yahoo
1997-08-28,90.0156,91.1875,91.9375,90.0,90.0156,4287900,yahoo
1997-08-29,90.375,90.125,91.1094,89.7188,90.375,2652300,yahoo
1997-09-02,93.3125,90.6875,93.3594,90.5938,93.3125,7294000,yahoo
1997-09-03,92.8125,93.2969,94.0,92.75,92.8125,2812500,yahoo
1997-09-04,93.4062,93.0625,93.7188,92.75,93.4062,2473700,yahoo
1997-09-05,93.1406,93.9688,94.4375,92.5938,93.1406,3663300,yahoo
1997-09-08,93.5469,93.7188,94.0,93.3125,93.5469,803500,yahoo
1997-09-09,93.5938,93.2188,94.2812,92.9062,93.5938,1885200,yahoo
1997-09-10,91.6562,93.125,93.5,91.6562,91.6562,3623700,yahoo
1997-09-11,91.1875,91.7812,91.9062,90.25,91.1875,7055900,yahoo
1997-09-12,92.6562,92.0,92.9688,90.9375,92.6562,6708000,yahoo
1997-09-15,92.5,92.6562,93.3125,92.1875,92.5,2060500,yahoo
1997-09-16,94.8125,93.3125,95.2812,93.0312,94.8125,6979000,yahoo
1997-09-17,94.8125,95.375,95.5,94.5,94.8125,2220000,yahoo
1997-09-18,95.2188,95.0,96.375,94.9688,95.2188,5045400,yahoo
1997-09-19,95.0312,94.6562,95.3594,94.4062,95.0312,1566400,yahoo
1997-09-22,95.5625,95.5,96.2031,95.2188,95.5625,3259000,yahoo
1997-09-23,95.125,95.5625,95.7031,94.75,95.125,1872800,yahoo
1997-09-24,94.3438,95.375,96.1094,94.2812,94.3438,2793100,yahoo
1997-09-25,93.6875,94.25,94.75,93.625,93.6875,6327800,yahoo
1997-09-26,94.4688,94.4375,94.8125,94.1875,94.4688,3995800,yahoo
1997-09-29,95.375,94.5,95.5625,94.1562,95.375,2065000,yahoo
1997-09-30,94.375,95.0,95.6875,94.375,94.375,4137600,yahoo
1997-10-01,95.625,95.25,95.8125,94.7812,95.625,3567500,yahoo
1997-10-02,96.1562,95.5312,96.1875,95.3125,96.1562,2577500,yahoo
1997-10-03,96.6406,97.4688,97.75,95.3438,96.6406,6499900,yahoo
1997-10-06,97.2812,97.3125,97.6094,96.9062,97.2812,2272100,yahoo
1997-10-07,98.1875,97.5312,98.5,97.2031,98.1875,1832800,yahoo
1997-10-08,97.5,98.3594,98.375,96.7344,97.5,4439400,yahoo
1997-10-09,97.1562,96.7812,97.6094,96.2188,97.1562,3607600,yahoo
1997-10-10,96.875,96.3125,96.9844,96.25,96.875,2858100,yahoo
1997-10-13,96.9688,97.3438,97.5469,96.7188,96.9688,1760300,yahoo
1997-10-14,97.0,97.4688,97.5,96.1875,97.0,2235700,yahoo
1997-10-15,96.7812,96.3125,97.0625,96.2812,96.7812,2601700,yahoo
1997-10-16,95.25,97.3125,97.5,95.0,95.25,9488100,yahoo
1997-10-17,94.2812,95.0156,95.375,93.0,94.2812,8151300,yahoo
1997-10-20,95.625,94.8438,95.75,94.1562,95.625,3636400,yahoo
1997-10-21,97.4844,96.2188,97.5,96.0312,97.4844,5225400,yahoo
1997-10-22,96.8438,97.3438,97.3906,96.5312,96.8438,4485200,yahoo
1997-10-23,94.9375,94.9375,95.75,94.2812,94.9375,8054100,yahoo
1997-10-24,94.0,96.1562,96.1562,93.6719,94.0,6778700,yahoo
1997-10-27,87.1875,93.0156,93.9375,86.8438,87.1875,10840700,yahoo
1997-10-28,92.2188,84.375,92.875,84.375,92.2188,19548000,yahoo
1997-10-29,91.9688,92.5,93.75,91.2812,91.9688,10134400,yahoo
1997-10-30,89.9375,90.625,92.5625,89.75,89.9375,9772900,yahoo
1997-10-31,92.0625,91.8125,92.5,90.4375,92.0625,7072700,yahoo
1997-11-03,94.0,93.1875,94.375,92.875,94.0,5548500,yahoo
1997-11-04,94.0,93.875,94.4375,93.2812,94.0,3455700,yahoo
1997-11-05,94.3125,94.1875,95.2812,93.8438,94.3125,4774900,yahoo
1997-11-06,93.9531,94.0312,94.3438,93.5,93.9531,3679800,yahoo
1997-11-07,92.9375,92.375,93.25,91.4375,92.9375,10606800,yahoo
1997-11-10,92.375,93.625,93.8438,92.0,92.375,4347900,yahoo
1997-11-11,92.4062,92.6875,93.0625,92.0312,92.4062,3212400,yahoo
1997-11-12,90.5,91.625,92.7188,90.375,90.5,6775300,yahoo
1997-11-13,91.8125,91.4688,92.1562,90.0938,91.8125,8589600,yahoo
1997-11-14,93.0625,92.3125,93.3906,91.6094,93.0625,5827900,yahoo
1997-11-17,94.7812,94.375,95.3125,94.0312,94.7812,5149900,yahoo
1997-11-18,94.1875,94.8125,95.0938,93.8906,94.1875,3433600,yahoo
1997-11-19,94.6562,93.6875,95.0625,92.75,94.6562,4387900,yahoo
1997-11-20,96.0938,95.3125,96.5312,95.2812,96.0938,4822700,yahoo
1997-11-21,96.75,96.625,96.8125,95.6562,96.75,5436500,yahoo
1997-11-24,95.0,96.0,96.3438,94.625,95.0,4337200,yahoo
1997-11-25,95.25,95.625,95.8125,94.6562,95.25,4525000,yahoo
1997-11-26,95.5312,95.875,95.9844,95.3125,95.5312,2681100,yahoo
1997-11-28,95.625,95.75,96.25,95.5938,95.625,1564700,yahoo
1997-12-01,98.0938,96.2188,98.0938,96.0312,98.0938,4850900,yahoo
1997-12-02,97.5,97.6875,97.9844,97.25,97.5,1974900,yahoo
1997-12-03,97.7812,97.625,98.5312,96.875,97.7812,3302500,yahoo
1997-12-04,97.6875,98.5,98.7188,97.375,97.6875,2872500,yahoo
1997-12-05,98.9375,97.375,99.0,97.125,98.9375,3458800,yahoo
1997-12-08,98.6562,98.9688,99.0,98.25,98.6562,2289200,yahoo
1997-12-09,98.0625,98.2188,98.5938,97.625,98.0625,1703000,yahoo
1997-12-10,97.2188,97.5625,97.8438,96.4688,97.2188,3558400,yahoo
1997-12-11,95.5625,96.3125,96.5938,95.3125,95.5625,5072800,yahoo
1997-12-12,95.75,96.4375,96.5,94.9062,95.75,4478400,yahoo
1997-12-15,96.7188,96.25,97.1094,95.875,96.7188,4674700,yahoo
1997-12-16,97.3125,97.2188,97.8125,96.875,97.3125,2885800,yahoo
1997-12-17,96.8125,97.8438,97.875,96.7031,96.8125,2236300,yahoo
1997-12-18,95.875,96.9375,96.9375,95.2188,95.875,4658300,yahoo
1997-12-19,94.7812,94.5312,95.875,92.375,94.7812,8556000,yahoo
1997-12-22,95.3906,95.4375,95.9062,94.5625,95.3906,5136800,yahoo
1997-12-23,93.6875,95.4375,95.625,93.5312,93.6875,4436500,yahoo
1997-12-24,93.4062,94.4375,94.4375,93.25,93.4062,2019200,yahoo
1997-12-26,93.7812,94.125,94.125,93.4062,93.7812,941800,yahoo
1997-12-29,95.625,94.5938,95.7188,94.4375,95.625,2080000,yahoo
1997-12-30,97.125,95.9375,97.25,95.8438,97.125,3616000,yahoo
1997-12-31,97.0625,96.875,97.625,96.6875,97.0625,4359500,yahoo
1998-01-02,97.5625,97.3125,97.6562,96.5312,97.5625,2360900,yahoo
1998-01-05,97.7812,97.8438,98.4375,96.7812,97.7812,4191800,yahoo
1998-01-06,96.2188,97.25,97.2812,96.1875,96.2188,3154900,yahoo
1998-01-07,96.4688,96.0938,96.7188,95.2188,96.4688,4424200,yahoo
1998-01-08,95.625,96.3125,96.3125,95.375,95.625,3831000,yahoo
1998-01-09,92.3125,95.25,95.5,91.9062,92.3125,10258800,yahoo
1998-01-12,94.0,91.125,94.1875,90.9062,94.0,12097900,yahoo
1998-01-13,95.3125,94.625,95.375,94.2188,95.3125,5224900,yahoo
1998-01-14,95.75,95.6875,95.9688,94.7188,95.75,3770400,yahoo
1998-01-15,94.9531,95.5,95.75,94.8125,94.9531,2875400,yahoo
1998-01-16,96.3125,96.25,96.6875,95.6562,96.3125,4374800,yahoo
1998-01-20,97.875,96.6875,98.0156,96.5,97.875,5091700,yahoo
1998-01-21,96.9375,97.2188,97.6875,96.1562,96.9375,4699400,yahoo
1998-01-22,96.0781,96.1562,96.875,95.875,96.0781,4543400,yahoo
1998-01-23,95.9375,96.5,96.7812,95.0,95.9375,6350300,yahoo
1998-01-26,95.875,96.375,96.7344,95.4062,95.875,4362900,yahoo
1998-01-27,96.8438,95.8125,97.5,95.6562,96.8438,7044200,yahoo
1998-01-28,97.7188,97.4062,98.1094,97.1875,97.7188,4268600,yahoo
1998-01-29,98.25,97.8438,99.5625,97.5625,98.25,8007700,yahoo
1998-01-30,98.3125,98.7812,98.9688,98.0,98.3125,3649100,yahoo
1998-02-02,99.9375,99.9062,100.5,99.75,99.9375,5756300,yahoo
1998-02-03,100.6875,100.0,100.8125,99.7188,100.6875,2759600,yahoo
1998-02-04,100.5625,100.2812,101.1562,99.9375,100.5625,3374000,yahoo
1998-02-05,100.5,101.3125,101.5938,100.0312,100.5,5076200,yahoo
1998-02-06,101.625,101.0,101.625,100.6875,101.625,5701200,yahoo
1998-02-09,101.2812,101.7188,101.75,100.7188,101.2812,2322200,yahoo
1998-02-10,102.25,101.4375,102.4688,101.1875,102.25,3660400,yahoo
1998-02-11,102.1562,102.0938,102.3438,101.7031,102.1562,4073200,yahoo
1998-02-12,102.5938,101.7188,102.9375,100.875,102.5938,5024700,yahoo
1998-02-13,102.0,102.1875,102.5156,101.875,102.0,2101300,yahoo
1998-02-17,102.5,102.8125,103.0938,102.1562,102.5,3055500,yahoo
1998-02-18,103.4375,102.3125,103.4844,102.2812,103.4375,3007400,yahoo
1998-02-19,102.8906,103.25,103.4062,102.75,102.8906,3387800,yahoo
1998-02-20,103.6562,103.1562,103.7188,102.375,103.6562,3707000,yahoo
1998-02-23,104.0625,104.25,104.25,103.3438,104.0625,3227800,yahoo
1998-02-24,103.25,103.9062,104.0938,102.9375,103.25,3386800,yahoo
1998-02-25,104.5312,103.75,104.875,103.625,104.5312,3481800,yahoo
1998-02-26,105.125,104.4375,105.2188,104.1875,105.125,3187600,yahoo
1998-02-27,105.125,104.9688,105.5312,104.5312,105.125,3442900,yahoo
1998-03-02,104.9062,105.25,105.75,104.625,104.9062,4252300,yahoo
1998-03-03,105.5,104.5312,105.625,104.5312,105.5,3349200,yahoo
1998-03-04,104.8125,105.0938,105.4062,104.4375,104.8125,4404100,yahoo
1998-03-05,103.8438,103.5,104.4375,103.1562,103.8438,7268000,yahoo
1998-03-06,105.9375,104.5625,105.9375,104.4375,105.9375,6896300,yahoo
1998-03-09,105.5625,105.5312,106.2188,105.25,105.5625,3362800,yahoo
1998-03-10,106.5625,106.2188,106.8438,105.9375,106.5625,5481900,yahoo
1998-03-11,107.0625,106.9688,107.3125,106.7812,107.0625,3439600,yahoo
1998-03-12,107.5,107.0938,107.5938,106.5,107.5,3191300,yahoo
1998-03-13,107.0938,107.8438,108.0,106.875,107.0938,2879400,yahoo
1998-03-16,108.25,107.8438,108.375,107.5312,108.25,3223600,yahoo
1998-03-17,108.5625,108.3125,108.5625,107.6562,108.5625,4581900,yahoo
1998-03-18,108.9688,108.25,108.9688,108.0312,108.9688,1944100,yahoo
1998-03-19,109.25,108.9688,109.375,108.6562,109.25,2554800,yahoo
1998-03-20,109.875,109.5625,110.1875,108.875,109.875,3123300,yahoo
1998-03-23,109.625,109.7188,110.3125,109.4062,109.625,4453100,yahoo
1998-03-24,110.5625,110.0625,110.8125,109.9375,110.5625,3333600,yahoo
1998-03-25,110.1562,111.4062,111.5312,109.1875,110.1562,4597600,yahoo
1998-03-26,110.0938,109.875,110.75,109.625,110.0938,3333500,yahoo
1998-03-27,109.625,110.75,110.7812,109.0,109.625,2611300,yahoo
1998-03-30,109.5625,109.625,110.0938,108.9688,109.5625,3108700,yahoo
1998-03-31,109.9375,110.1562,111.1875,109.75,109.9375,5926500,yahoo
1998-04-01,110.8281,110.3125,111.0781,109.4062,110.8281,2929000,yahoo
1998-04-02,112.0312,110.9375,112.25,110.75,112.0312,3920900,yahoo
1998-04-03,112.5938,112.3438,112.8125,111.8438,112.5938,3787600,yahoo
1998-04-06,111.6875,113.25,113.375,111.6875,111.6875,4550500,yahoo
1998-04-07,110.9375,111.75,111.9375,110.1562,110.9375,5583700,yahoo
1998-04-08,110.3125,111.2188,111.2812,109.75,110.3125,4854800,yahoo
1998-04-09,111.1875,110.5625,111.2812,110.5312,111.1875,4481200,yahoo
1998-04-13,110.875,111.375,111.375,110.0,110.875,4350200,yahoo
1998-04-14,111.8125,111.125,111.8125,110.9062,111.8125,3279100,yahoo
1998-04-15,112.125,111.9688,112.125,111.1562,112.125,3867200,yahoo
1998-04-16,110.8125,111.3125,111.5,110.5,110.8125,7177900,yahoo
1998-04-17,112.2812,110.7188,112.4375,110.4375,112.2812,5688800,yahoo
1998-04-20,112.25,112.0,112.5625,111.875,112.25,3688300,yahoo
1998-04-21,112.7812,112.4375,113.1562,111.9062,112.7812,4573200,yahoo
1998-04-22,113.0938,112.875,113.4375,112.8125,113.0938,2386100,yahoo
1998-04-23,112.0,112.625,113.0,111.75,112.0,5062000,yahoo
1998-04-24,110.8125,111.75,112.4688,110.3438,110.8125,11039700,yahoo
1998-04-27,108.7188,109.375,109.6875,107.625,108.7188,14510200,yahoo
1998-04-28,108.5625,109.7812,109.8125,108.125,108.5625,6511400,yahoo
1998-04-29,109.3125,109.0312,109.9688,108.4375,109.3125,7703100,yahoo
1998-04-30,111.3438,110.5625,111.9219,110.4062,111.3438,8684500,yahoo
1998-05-01,112.5938,111.75,112.5938,111.3125,112.5938,4008800,yahoo
1998-05-04,112.3125,112.7188,113.3125,112.1562,112.3125,4537200,yahoo
1998-05-05,111.5312,112.0,112.1562,111.125,111.5312,5146400,yahoo
1998-05-06,110.2188,112.125,112.125,110.1875,110.2188,5526100,yahoo
1998-05-07,109.3438,110.5,110.5625,109.3438,109.3438,6940400,yahoo
1998-05-08,111.125,110.0,111.375,110.0,111.125,7951000,yahoo
1998-05-11,110.75,111.5625,112.2188,110.375,110.75,6336300,yahoo
1998-05-12,111.9375,110.8125,111.9688,110.3438,111.9375,6045200,yahoo
1998-05-13,112.2188,112.0625,112.5625,111.5938,112.2188,4441500,yahoo
1998-05-14,111.6562,111.5312,112.6875,111.3438,111.6562,4187500,yahoo
1998-05-15,111.0312,112.0,112.2188,110.8125,111.0312,6716100,yahoo
1998-05-18,110.5938,110.7188,111.5938,109.8281,110.5938,4847200,yahoo
1998-05-19,111.3438,111.0,111.6875,110.7812,111.3438,5918700,yahoo
1998-05-20,112.4062,112.0938,112.5,110.875,112.4062,5716600,yahoo
1998-05-21,111.6875,112.375,112.7812,111.3125,111.6875,6301500,yahoo
1998-05-22,111.25,111.75,112.0625,110.9375,111.25,4862200,yahoo
1998-05-26,109.4688,112.0938,112.0938,109.1875,109.4688,6899300,yahoo
1998-05-27,109.625,108.5312,109.9062,107.5781,109.625,10202600,yahoo
1998-05-28,110.125,109.875,110.375,109.0625,110.125,4907600,yahoo
1998-05-29,109.0312,110.625,110.8125,109.0312,109.0312,4772600,yahoo
1998-06-01,109.5312,108.9688,110.2188,108.5625,109.5312,6092200,yahoo
1998-06-02,109.625,110.0,110.3438,109.1562,109.625,6701100,yahoo
1998-06-03,107.875,109.875,110.1875,107.875,107.875,6445100,yahoo
1998-06-04,109.875,108.25,110.0625,108.0625,109.875,6566300,yahoo
1998-06-05,112.0,110.375,112.0,109.875,112.0,8463200,yahoo
1998-06-08,111.875,111.9375,112.4688,111.6562,111.875,4159900,yahoo
1998-06-09,112.2188,111.7188,112.4219,111.4062,112.2188,2725300,yahoo
1998-06-10,111.5,111.625,113.0625,111.25,111.5,6186900,yahoo
1998-06-11,109.4062,111.4375,111.875,109.375,109.4062,8056600,yahoo
1998-06-12,110.4375,109.875,110.4375,108.25,110.4375,9779000,yahoo
1998-06-15,107.5312,108.8125,109.9062,107.5,107.5312,10234200,yahoo
1998-06-16,109.1875,108.4062,109.2188,107.75,109.1875,7471500,yahoo
1998-06-17,111.4688,110.1562,111.7812,109.9375,111.4688,12057700,yahoo
1998-06-18,110.9688,111.1875,111.4375,110.75,110.9688,3844600,yahoo
1998-06-19,110.0625,111.0625,111.2344,109.625,110.0625,3549100,yahoo
1998-06-22,110.5938,110.25,111.0625,110.0625,110.5938,5438300,yahoo
1998-06-23,111.9062,111.0938,112.0625,111.0,111.9062,5004600,yahoo
1998-06-24,113.4062,112.1562,113.6875,111.6094,113.4062,8291900,yahoo
1998-06-25,113.2188,113.9062,114.4375,112.8125,113.2188,5854800,yahoo
1998-06-26,113.6875,113.3125,113.8438,113.125,113.6875,4833100,yahoo
1998-06-29,114.0938,114.25,114.6875,113.7969,114.0938,5953400,yahoo
1998-06-30,113.3125,113.9062,114.1875,113.0625,113.3125,4284800,yahoo
1998-07-01,114.625,114.0625,114.9375,113.625,114.625,3489500,yahoo
1998-07-02,114.8438,114.7188,114.875,114.25,114.8438,3503900,yahoo
1998-07-06,116.0,114.7812,116.0,114.5625,116.0,3144400,yahoo
1998-07-07,115.7812,115.9844,116.125,115.2812,115.7812,4920700,yahoo
1998-07-08,116.625,115.875,116.9375,115.75,116.625,6875000,yahoo
1998-07-09,115.8438,116.2812,116.7188,115.625,115.8438,6942500,yahoo
1998-07-10,116.4688,116.0312,116.9375,115.0625,116.4688,7849700,yahoo
1998-07-13,116.5,116.5625,116.8438,116.0625,116.5,6555100,yahoo
1998-07-14,117.8125,116.9375,118.1562,116.9375,117.8125,6983600,yahoo
1998-07-15,117.5938,118.0625,118.2812,117.5312,117.5938,4977500,yahoo
1998-07-16,118.4062,117.6875,118.5938,117.0625,118.4062,6315600,yahoo
1998-07-17,118.5625,118.625,119.0,118.3125,118.5625,3539500,yahoo
1998-07-20,118.5625,118.75,119.2344,117.9375,118.5625,2338400,yahoo
1998-07-21,116.5,119.0,119.0,116.2812,116.5,5518600,yahoo
1998-07-22,116.5,116.3438,116.9844,115.5312,116.5,10417300,yahoo
1998-07-23,114.1875,116.3125,116.5938,113.9062,114.1875,15110900,yahoo
1998-07-24,114.0938,114.9688,115.0938,112.875,114.0938,11540500,yahoo
1998-07-27,114.9062,113.625,115.0,112.8438,114.9062,9600000,yahoo
1998-07-28,112.9688,114.4375,114.6562,111.875,112.9688,13693000,yahoo
1998-07-29,112.5312,113.7188,114.125,112.25,112.5312,7462400,yahoo
1998-07-30,114.2188,113.625,114.5938,113.4062,114.2188,6821600,yahoo
1998-07-31,111.7812,114.3438,114.5,111.3125,111.7812,7680500,yahoo
1998-08-03,111.3125,111.7812,112.4219,111.0312,111.3125,10486500,yahoo
1998-08-04,107.0,112.2188,112.2188,107.0,107.0,15091600,yahoo
1998-08-05,108.4688,107.9375,108.875,105.5938,108.4688,21718400,yahoo
1998-08-06,108.9375,108.125,109.5,107.5625,108.9375,13084400,yahoo
1998-08-07,109.125,109.6875,110.5938,108.4688,109.125,12083800,yahoo
1998-08-10,108.5,108.75,109.6562,108.1875,108.5,6273000,yahoo
1998-08-11,106.875,106.7812,107.4375,105.5,106.875,14287100,yahoo
1998-08-12,108.6875,107.75,108.875,107.5,108.6875,11158400,yahoo
1998-08-13,107.375,108.8125,109.6562,107.375,107.375,9073900,yahoo
1998-08-14,106.125,108.3438,108.7188,105.7812,106.125,8628500,yahoo
1998-08-17,108.375,106.0,108.9375,105.5,108.375,11290000,yahoo
1998-08-18,110.375,109.0,110.5938,108.7812,110.375,7603900,yahoo
1998-08-19,110.0938,111.0938,111.0938,109.625,110.0938,6258600,yahoo
1998-08-20,109.4375,109.6875,110.4062,109.1562,109.4375,7402800,yahoo
1998-08-21,108.5625,108.1875,108.7188,105.5,108.5625,16685400,yahoo
1998-08-24,109.25,109.25,109.9375,108.3125,109.25,7201700,yahoo
1998-08-25,109.5,110.375,111.25,108.6406,109.5,9688300,yahoo
1998-08-26,108.875,108.2812,109.625,107.75,108.875,9339700,yahoo
1998-08-27,103.75,107.0,107.5625,103.4688,103.75,24887800,yahoo
1998-08-28,103.375,104.9688,105.7188,102.1562,103.375,23735900,yahoo
1998-08-31,96.0,103.75,104.0156,95.0,96.0,22563100,yahoo
1998-09-01,100.0625,96.0625,100.5625,93.625,100.0625,24748500,yahoo
1998-09-02,99.3438,99.8125,101.75,98.7812,99.3438,13843200,yahoo
1998-09-03,98.5625,97.625,99.375,96.75,98.5625,17311300,yahoo
1998-09-04,97.75,99.4375,99.8125,95.75,97.75,17783800,yahoo
1998-09-08,103.0,100.875,103.0,99.8125,103.0,14746500,yahoo
1998-09-09,100.5,102.75,103.125,100.4375,100.5,12109700,yahoo
1998-09-10,98.5,98.4375,99.3438,96.8125,98.5,19889300,yahoo
1998-09-11,101.6875,98.1875,101.6875,97.0,101.6875,20379800,yahoo
1998-09-14,103.4375,102.875,104.4531,102.0938,103.4375,10686800,yahoo
1998-09-15,104.0625,102.875,104.3125,102.2812,104.0625,8337900,yahoo
1998-09-16,105.0,104.75,105.25,103.1562,105.0,11024900,yahoo
1998-09-17,102.0,102.25,103.0312,101.7812,102.0,12945200,yahoo
1998-09-18,102.0938,102.375,102.4062,101.0938,102.0938,7019200,yahoo
1998-09-21,102.0312,99.625,103.4062,98.9375,102.0312,8834600,yahoo
1998-09-22,102.875,103.5,103.6562,102.1562,102.875,7270100,yahoo
1998-09-23,107.0,103.875,107.0,103.7812,107.0,13688500,yahoo
1998-09-24,104.375,106.3125,106.8125,103.25,104.375,11129500,yahoo
1998-09-25,104.25,103.125,105.4219,102.625,104.25,10247400,yahoo
1998-09-28,105.1875,105.3125,106.3125,104.25,105.1875,8847800,yahoo
1998-09-29,104.9375,105.375,105.9375,103.375,104.9375,10618100,yahoo
1998-09-30,101.75,103.5,104.3125,101.375,101.75,7908400,yahoo
1998-10-01,98.8125,100.0312,101.5469,98.0938,98.8125,13335600,yahoo
1998-10-02,100.7188,98.875,100.875,97.2188,100.7188,14351800,yahoo
1998-10-05,98.6875,99.5938,99.9688,96.3438,98.6875,12807200,yahoo
1998-10-06,98.5938,100.75,101.2812,97.5312,98.5938,12621000,yahoo
1998-10-07,97.125,98.625,100.0312,95.75,97.125,14348500,yahoo
1998-10-08,96.5938,94.5625,96.75,92.2188,96.5938,20625000,yahoo
1998-10-09,98.5312,97.0,98.7812,94.0625,98.5312,12708500,yahoo
1998-10-12,99.9688,100.625,101.4375,99.6875,99.9688,9508500,yahoo
1998-10-13,99.625,99.5625,100.4062,98.75,99.625,6256800,yahoo
1998-10-14,100.5625,98.9375,101.8125,98.8438,100.5625,8176900,yahoo
1998-10-15,105.9688,100.125,107.25,99.9375,105.9688,20541100,yahoo
1998-10-16,106.0,106.125,106.75,105.0,106.0,16573900,yahoo
1998-10-19,106.375,105.6875,106.8125,105.5,106.375,7915900,yahoo
1998-10-20,107.0,107.5625,108.7969,106.0938,107.0,14611600,yahoo
1998-10-21,106.625,106.875,107.625,105.875,106.625,9178400,yahoo
1998-10-22,108.2188,106.7812,108.4688,106.1562,108.2188,8277500,yahoo
1998-10-23,106.8438,107.9688,108.0,106.7812,106.8438,6237200,yahoo
1998-10-26,107.625,107.7188,108.4688,106.7812,107.625,5838600,yahoo
1998-10-27,107.0,108.4375,108.9688,106.2812,107.0,10089700,yahoo
1998-10-28,106.8125,106.5625,107.5312,106.0312,106.8125,5650600,yahoo
1998-10-29,109.4062,107.0938,109.4375,106.625,109.4062,9625600,yahoo
1998-10-30,110.0,110.125,110.9062,109.5,110.0,9872800,yahoo
1998-11-02,111.875,110.8125,111.875,110.1875,111.875,6501400,yahoo
1998-11-03,111.0625,111.5938,111.8125,110.75,111.0625,6866000,yahoo
1998-11-04,112.25,112.4688,113.0938,111.0938,112.25,8233600,yahoo
1998-11-05,113.7812,111.5312,113.9375,111.125,113.7812,6841500,yahoo
1998-11-06,114.125,113.4688,114.5625,113.3125,114.125,5224800,yahoo
1998-11-09,113.3125,113.9375,114.25,112.5,113.3125,6188700,yahoo
1998-11-10,113.0,113.0,113.9375,112.25,113.0,14015200,yahoo
1998-11-11,112.25,113.8125,114.0,111.8906,112.25,10922400,yahoo
1998-11-12,112.125,112.3125,113.125,111.6875,112.125,5457400,yahoo
1998-11-13,113.2188,112.2188,113.2188,112.125,113.2188,5524600,yahoo
1998-11-16,114.0625,114.2188,114.3594,112.8906,114.0625,6023700,yahoo
1998-11-17,114.0625,113.6562,115.625,113.0,114.0625,9058900,yahoo
1998-11-18,114.75,114.3125,115.0,113.5,114.75,4567700,yahoo
1998-11-19,115.75,115.2812,115.9062,114.625,115.75,5249300,yahoo
1998-11-20,116.625,116.3594,116.75,115.8438,116.625,5562000,yahoo
1998-11-23,119.375,117.4688,119.625,117.1562,119.375,7151300,yahoo
1998-11-24,118.625,119.0,119.6562,118.4531,118.625,5323700,yahoo
1998-11-25,118.625,118.9375,119.1875,118.2188,118.625,4393500,yahoo
1998-11-27,119.5,119.4688,119.7188,119.0156,119.5,4557900,yahoo
1998-11-30,116.125,119.0156,119.375,116.125,116.125,8705400,yahoo
1998-12-01,117.625,116.125,118.0312,115.2188,117.625,8950600,yahoo
1998-12-02,117.2812,117.2188,117.9062,116.0,117.2812,7495500,yahoo
1998-12-03,115.3438,117.25,118.3125,115.0938,115.3438,12145300,yahoo
1998-12-04,118.375,116.625,118.5,116.5,118.375,10339500,yahoo
1998-12-07,118.9375,118.0625,119.4688,118.0,118.9375,4290000,yahoo
1998-12-08,118.4062,118.5312,119.75,117.5,118.4062,10102600,yahoo
1998-12-09,118.625,118.6875,118.9688,117.875,118.625,5327900,yahoo
1998-12-10,116.8906,118.8438,118.8438,116.7188,116.8906,5966600,yahoo
1998-12-11,117.125,116.4375,117.3438,115.5625,117.125,8198200,yahoo
1998-12-14,113.75,116.1562,116.4062,113.75,113.75,9521400,yahoo
1998-12-15,116.6875,114.6875,116.75,114.5312,116.6875,9631500,yahoo
1998-12-16,116.5312,117.125,117.125,115.75,116.5312,7260000,yahoo
1998-12-17,118.3906,117.2188,118.5938,117.0312,118.3906,6914700,yahoo
1998-12-18,118.5,118.3125,119.125,117.875,118.5,4802400,yahoo
1998-12-21,120.1562,119.25,121.3438,119.0,120.1562,8580700,yahoo
1998-12-22,120.6875,120.4062,121.2188,119.1875,120.6875,5461100,yahoo
1998-12-23,123.2188,121.1875,123.2188,120.8125,123.2188,7791000,yahoo
1998-12-24,122.6875,123.1562,123.25,122.5,122.6875,1507100,yahoo
1998-12-28,122.375,123.25,123.3125,122.0,122.375,4203600,yahoo
1998-12-29,124.3125,122.7188,124.4844,122.125,124.3125,3935800,yahoo
1998-12-30,123.3125,123.9375,124.75,123.0312,123.3125,6810700,yahoo
1998-12-31,123.3125,123.3125,123.9375,122.4688,123.3125,6790500,yahoo
1999-01-04,123.0312,123.375,125.2188,121.7188,123.0312,9450400,yahoo
1999-01-05,124.4375,122.9375,124.875,122.9375,124.4375,8031000,yahoo
1999-01-06,127.4375,125.8125,127.75,125.75,127.4375,7737700,yahoo
1999-01-07,126.8125,126.375,127.2188,125.7812,126.8125,5504900,yahoo
1999-01-08,127.75,128.1875,128.5,125.9688,127.75,6224400,yahoo
1999-01-11,126.5312,127.6875,127.6875,125.2188,126.5312,7578300,yahoo
1999-01-12,124.25,126.2188,126.2188,123.75,124.25,7768800,yahoo
1999-01-13,123.375,120.4062,125.125,120.375,123.375,10810600,yahoo
1999-01-14,121.2188,123.625,123.9062,120.9062,121.2188,11400700,yahoo
1999-01-15,124.375,122.375,124.7812,122.0625,124.375,7817700,yahoo
1999-01-19,125.1875,125.2969,125.625,123.5,125.1875,6535100,yahoo
1999-01-20,126.1875,126.0938,127.9375,125.0312,126.1875,6534400,yahoo
1999-01-21,122.8438,125.5781,125.8438,122.5938,122.8438,6937500,yahoo
1999-01-22,122.5625,122.125,123.8438,121.7812,122.5625,7522300,yahoo
1999-01-25,123.8125,123.2812,124.0,121.9062,123.8125,5700300,yahoo
1999-01-26,126.0625,124.125,126.0625,123.625,126.0625,6047000,yahoo
1999-01-27,124.5938,126.375,126.625,124.1562,124.5938,7399400,yahoo
1999-01-28,126.6875,125.25,126.9688,125.1875,126.6875,5961700,yahoo
1999-01-29,127.6562,127.3438,128.2969,125.4062,127.6562,6456800,yahoo
1999-02-01,126.9062,128.6875,128.6875,126.9062,126.9062,9426800,yahoo
1999-02-02,126.125,127.0781,127.2188,124.7656,126.125,9194500,yahoo
1999-02-03,127.4062,125.6875,127.9375,125.6562,127.4062,10290700,yahoo
1999-02-04,125.5,127.375,127.5,124.7812,125.5,7761100,yahoo
1999-02-05,124.0625,125.6562,125.6562,123.2188,124.0625,7516100,yahoo
1999-02-08,124.3125,125.0938,125.0938,123.3438,124.3125,8528400,yahoo
1999-02-09,121.5312,124.375,124.5,121.5156,121.5312,8985700,yahoo
1999-02-10,122.3125,122.125,123.0,121.3281,122.3125,6936700,yahoo
1999-02-11,125.125,123.0625,126.0938,122.5,125.125,9181800,yahoo
1999-02-12,123.625,124.8125,125.5,122.625,123.625,10676600,yahoo
1999-02-16,122.875,124.75,125.625,122.875,122.875,6915500,yahoo
1999-02-17,122.75,123.1875,125.3594,122.25,122.75,7858100,yahoo
1999-02-18,123.7188,123.1875,124.375,122.2188,123.7188,9048900,yahoo
1999-02-19,124.25,124.0,125.75,123.375,124.25,5312200,yahoo
1999-02-22,127.5625,124.4375,127.7188,124.2812,127.5625,10695800,yahoo
1999-02-23,127.5,127.5938,128.5,126.5938,127.5,7770700,yahoo
1999-02-24,125.25,127.8438,128.8438,125.0,125.25,7271000,yahoo
1999-02-25,124.0625,124.5312,125.2812,122.6875,124.0625,11633000,yahoo
1999-02-26,123.5625,124.75,124.8438,122.8125,123.5625,9621300,yahoo
1999-03-01,123.9062,123.6562,124.3125,122.375,123.9062,7607200,yahoo
1999-03-02,122.8125,124.5,125.3125,122.3125,122.8125,9651500,yahoo
1999-03-03,123.4688,123.0938,123.5625,121.7812,123.4688,7881400,yahoo
1999-03-04,125.0312,124.0625,125.4844,123.2656,125.0312,8256400,yahoo
1999-03-05,127.5469,127.5,128.125,126.5625,127.5469,10703100,yahoo
1999-03-08,128.375,128.2812,128.7969,127.25,128.375,4802200,yahoo
1999-03-09,128.0625,128.125,129.9375,127.75,128.0625,7893400,yahoo
1999-03-10,129.1875,128.4688,129.25,127.7812,129.1875,3950000,yahoo
1999-03-11,130.625,129.6875,131.1875,128.875,130.625,6583700,yahoo
1999-03-12,129.375,131.0,131.0312,129.2188,129.375,5286500,yahoo
1999-03-15,131.2188,129.9375,131.25,129.5,131.2188,5394400,yahoo
1999-03-16,130.7188,131.125,131.6562,130.4688,130.7188,4547500,yahoo
1999-03-17,130.1562,130.6875,130.9375,129.625,130.1562,4524100,yahoo
1999-03-18,132.25,129.7812,132.375,129.75,132.25,3506300,yahoo
1999-03-19,129.6875,132.3125,132.625,129.6875,129.6875,5526700,yahoo
1999-03-22,129.9375,130.0625,130.5938,129.4219,129.9375,4603800,yahoo
1999-03-23,126.1875,129.3125,129.5312,125.7031,126.1875,9713800,yahoo
1999-03-24,126.9062,126.8438,127.1719,125.625,126.9062,6280900,yahoo
1999-03-25,129.5,128.0625,129.5,127.75,129.5,6639600,yahoo
1999-03-26,128.5625,128.625,129.125,127.7188,128.5625,6159700,yahoo
1999-03-29,131.1562,129.1562,131.4375,129.1562,131.1562,5863900,yahoo
1999-03-30,130.4688,129.9375,131.2188,129.5625,130.4688,5401400,yahoo
1999-03-31,128.375,131.1562,131.6094,128.3125,128.375,7413600,yahoo
1999-04-01,129.3438,129.6875,129.6875,128.125,129.3438,7683600,yahoo
1999-04-05,132.4062,130.9375,132.5938,130.25,132.4062,5791100,yahoo
1999-04-06,132.0938,132.1875,132.9844,131.1562,132.0938,5381300,yahoo
1999-04-07,133.1562,132.6875,133.375,131.375,133.1562,6248600,yahoo
1999-04-08,134.8438,133.1875,134.9375,132.2812,134.8438,5909100,yahoo
1999-04-09,134.875,134.4375,135.5,133.5938,134.875,4365800,yahoo
1999-04-12,136.3125,133.4688,136.4062,133.2188,136.3125,8213200,yahoo
1999-04-13,135.4375,136.25,136.4688,134.5,135.4375,10071400,yahoo
1999-04-14,133.1562,136.0625,136.0625,132.6875,133.1562,11551700,yahoo
1999-04-15,132.6562,133.4375,133.5625,131.0,132.6562,11150000,yahoo
1999-04-16,131.5312,132.9062,132.9062,131.1875,131.5312,6476200,yahoo
1999-04-19,129.5,132.6875,134.5312,128.375,129.5,12487200,yahoo
1999-04-20,131.125,129.8125,131.1875,129.0,131.125,9049600,yahoo
1999-04-21,134.875,131.0625,135.625,130.4062,134.875,5772200,yahoo
1999-04-22,136.1562,135.125,136.375,134.3906,136.1562,6897400,yahoo
1999-04-23,135.8125,135.875,136.75,135.0,135.8125,4593100,yahoo
1999-04-26,136.5938,136.5,136.8125,135.4688,136.5938,3606500,yahoo
1999-04-27,137.25,137.125,137.5,135.8438,137.25,5147200,yahoo
1999-04-28,135.375,136.4375,137.25,135.0,135.375,5544300,yahoo
1999-04-29,134.3438,135.5625,136.0625,133.8125,134.3438,9824300,yahoo
1999-04-30,133.25,135.0938,135.625,131.5,133.25,10991900,yahoo
1999-05-03,135.6875,133.4375,135.8438,133.0938,135.6875,10709700,yahoo
1999-05-04,133.75,135.125,135.8125,133.125,133.75,10509300,yahoo
1999-05-05,134.8125,133.9375,135.0625,131.8438,134.8125,10032300,yahoo
1999-05-06,133.9844,134.4375,135.125,132.375,133.9844,13507200,yahoo
1999-05-07,135.0,134.5,135.125,133.4375,135.0,8680700,yahoo
1999-05-10,134.3281,134.8438,135.7188,133.5312,134.3281,5580100,yahoo
1999-05-11,135.6875,135.3125,136.875,134.7188,135.6875,7000600,yahoo
1999-05-12,136.75,135.75,137.2188,131.5,136.75,13865800,yahoo
1999-05-13,137.3438,137.25,138.0,136.8125,137.3438,4485700,yahoo
1999-05-14,133.7812,134.5625,135.875,133.5,133.7812,8370100,yahoo
1999-05-17,134.1875,133.625,134.4844,132.375,134.1875,6268100,yahoo
1999-05-18,133.9375,134.5312,134.9844,132.625,133.9375,8218600,yahoo
1999-05-19,134.9062,134.4688,135.0,133.25,134.9062,5052400,yahoo
1999-05-20,134.0938,135.125,135.5938,134.0625,134.0938,4670400,yahoo
1999-05-21,133.3438,134.125,134.6875,132.5938,133.3438,6418200,yahoo
1999-05-24,131.125,133.8438,133.8438,130.3906,131.125,7952000,yahoo
1999-05-25,129.0,131.375,132.3438,128.4375,129.0,15406400,yahoo
1999-05-26,130.4375,129.3125,131.0,128.0938,130.4375,12575900,yahoo
1999-05-27,128.5625,129.8438,130.2812,128.0,128.5625,14515400,yahoo
1999-05-28,130.2031,129.0,130.75,128.5938,130.2031,8748000,yahoo
1999-06-01,129.75,130.125,130.1562,128.375,129.75,6705300,yahoo
1999-06-02,129.875,129.75,130.1875,128.0156,129.875,6981900,yahoo
1999-06-03,130.5938,130.6875,130.875,129.7812,130.5938,6076600,yahoo
1999-06-04,133.2188,131.4688,133.3594,130.9375,133.2188,9787200,yahoo
1999-06-07,133.5625,133.4375,134.1875,132.9062,133.5625,5299100,yahoo
1999-06-08,132.25,133.375,133.7969,131.5938,132.25,4895700,yahoo
1999-06-09,132.125,132.4062,133.0938,131.8125,132.125,7409700,yahoo
1999-06-10,130.9062,131.4375,131.4688,129.5938,130.9062,7040700,yahoo
1999-06-11,129.8125,131.2188,132.2188,129.0938,129.8125,12824800,yahoo
1999-06-14,129.9375,130.6875,130.75,129.5469,129.9375,6823500,yahoo
1999-06-15,130.8125,130.4688,131.6562,130.0781,130.8125,5700900,yahoo
1999-06-16,133.3125,132.375,133.875,132.375,133.3125,7865800,yahoo
1999-06-17,134.5625,132.875,135.5625,132.625,134.5625,8162800,yahoo
1999-06-18,134.3125,134.0625,134.6875,133.375,134.3125,2875100,yahoo
1999-06-21,134.625,134.4688,135.25,133.6562,134.625,4646400,yahoo
1999-06-22,133.6875,134.0,135.1875,133.5,133.6875,5862400,yahoo
1999-06-23,133.0312,133.0,133.625,132.125,133.0312,9629200,yahoo
1999-06-24,132.0312,132.875,132.9375,130.6562,132.0312,9176900,yahoo
1999-06-25,131.7031,132.5938,133.0156,131.25,131.7031,4087000,yahoo
1999-06-28,133.3125,132.6875,133.625,132.5,133.3125,5028900,yahoo
1999-06-29,134.5625,133.0,135.1875,132.7812,134.5625,6956200,yahoo
1999-06-30,137.0,134.625,137.5,133.8438,137.0,16856100,yahoo
1999-07-01,138.0312,137.0,138.5,136.0625,138.0312,9939500,yahoo
1999-07-02,139.4062,138.125,139.5,137.9062,139.4062,3772800,yahoo
1999-07-06,139.375,139.25,140.75,138.5938,139.375,11221100,yahoo
1999-07-07,139.5625,139.0625,139.7188,138.5156,139.5625,3230700,yahoo
1999-07-08,139.6719,139.0625,140.625,138.75,139.6719,7101500,yahoo
1999-07-09,140.5,140.0,140.5938,139.5625,140.5,2976800,yahoo
1999-07-12,139.875,140.9375,140.9375,139.5,139.875,4436300,yahoo
1999-07-13,139.375,139.375,139.9219,138.6562,139.375,6477600,yahoo
1999-07-14,140.1562,140.0,140.2188,138.75,140.1562,4382500,yahoo
1999-07-15,141.0469,140.7812,141.375,140.3125,141.0469,3348600,yahoo
1999-07-16,141.8125,141.25,142.1562,140.75,141.8125,2281500,yahoo
1999-07-19,140.875,142.1875,142.25,140.5625,140.875,4287000,yahoo
1999-07-20,137.9844,140.125,140.4062,137.5312,137.9844,7060100,yahoo
1999-07-21,137.8281,138.0938,138.9062,137.3125,137.8281,4793700,yahoo
1999-07-22,136.0156,137.4375,138.0,135.4688,136.0156,7804100,yahoo
1999-07-23,135.75,136.6562,137.0,135.125,135.75,4603000,yahoo
1999-07-26,134.75,134.875,136.125,134.625,134.75,4333400,yahoo
1999-07-27,135.875,136.0,137.2031,135.375,135.875,5908500,yahoo
1999-07-28,136.3125,136.25,137.3125,135.5938,136.3125,3955500,yahoo
1999-07-29,134.4062,134.9375,135.25,133.3125,134.4062,7760600,yahoo
1999-07-30,132.75,134.8125,135.3438,132.5625,132.75,5994300,yahoo
1999-08-02,133.0625,132.75,134.75,132.5,133.0625,6065500,yahoo
1999-08-03,132.4375,133.7188,133.8438,131.375,132.4375,5445400,yahoo
1999-08-04,130.625,132.7188,133.875,130.4375,130.625,6497900,yahoo
1999-08-05,131.8125,130.875,131.9375,128.8438,131.8125,10322000,yahoo
1999-08-06,130.375,131.2188,132.0,129.5,130.375,7537700,yahoo
1999-08-09,130.0938,130.5938,131.7969,129.75,130.0938,5565900,yahoo
1999-08-10,128.6562,129.875,130.1562,127.0,128.6562,9793300,yahoo
1999-08-11,130.2188,129.6875,130.5312,128.625,130.2188,8003400,yahoo
1999-08-12,130.1406,130.6875,131.8125,129.9062,130.1406,7036800,yahoo
1999-08-13,133.1562,131.625,133.25,131.125,133.1562,5857700,yahoo
1999-08-16,133.75,133.125,133.9688,132.25,133.75,3927000,yahoo
1999-08-17,134.625,134.4375,134.8438,133.125,134.625,4808000,yahoo
1999-08-18,133.6562,134.2031,134.375,133.25,133.6562,4355500,yahoo
1999-08-19,132.5625,132.375,133.2344,131.6875,132.5625,6448100,yahoo
1999-08-20,133.9062,133.0625,134.125,132.6875,133.9062,3663700,yahoo
1999-08-23,136.4688,134.8125,136.5469,134.6562,136.4688,5637800,yahoo
1999-08-24,136.9688,136.0625,137.9688,135.375,136.9688,9279500,yahoo
1999-08-25,138.375,137.1875,138.7812,136.1562,138.375,6005300,yahoo
1999-08-26,136.7188,138.2812,138.4219,136.5,136.7188,4322300,yahoo
1999-08-27,135.0625,136.875,137.0625,135.0625,135.0625,6247400,yahoo
1999-08-30,132.5625,135.3438,135.5,132.0,132.5625,4652000,yahoo
1999-08-31,132.0625,132.9375,133.75,130.875,132.0625,11453700,yahoo
1999-09-01,133.6875,132.9375,133.7344,132.3125,133.6875,6863900,yahoo
1999-09-02,132.1094,132.125,132.6719,130.6562,132.1094,10896300,yahoo
1999-09-03,135.9688,134.875,136.5,134.6875,135.9688,9160800,yahoo
1999-09-07,135.4688,136.0625,136.625,135.2188,135.4688,4560800,yahoo
1999-09-08,134.8125,134.8438,136.0625,134.0312,134.8125,6159600,yahoo
1999-09-09,134.75,134.75,135.25,133.6875,134.75,6177800,yahoo
1999-09-10,135.875,136.25,136.3594,134.9375,135.875,2934500,yahoo
1999-09-13,134.9531,135.125,135.4688,134.5,134.9531,2320500,yahoo
1999-09-14,134.0625,134.0625,134.5625,133.375,134.0625,3736000,yahoo
1999-09-15,131.9375,135.4375,135.4375,131.875,131.9375,6984500,yahoo
1999-09-16,132.4531,132.5,132.8125,130.3125,132.4531,15377600,yahoo
1999-09-17,133.75,132.625,133.9375,132.1562,133.75,8542300,yahoo
1999-09-20,133.5625,133.9375,134.0,133.0938,133.5625,2803900,yahoo
1999-09-21,130.75,132.25,132.4688,130.1562,130.75,9335200,yahoo
1999-09-22,130.6094,131.25,131.8438,129.75,130.6094,13009100,yahoo
1999-09-23,127.875,131.8125,131.8125,127.625,127.875,12204100,yahoo
1999-09-24,127.75,127.75,128.375,126.3125,127.75,13792900,yahoo
1999-09-27,128.5938,128.75,129.75,128.2812,128.5938,6970300,yahoo
1999-09-28,128.3438,127.9375,128.8125,125.5625,128.3438,11063400,yahoo
1999-09-29,126.8125,128.4375,129.125,126.75,126.8125,7580300,yahoo
1999-09-30,128.75,127.4375,129.4375,126.9688,128.75,7498900,yahoo
1999-10-01,128.4688,127.9375,128.5625,126.625,128.4688,11127100,yahoo
1999-10-04,130.75,129.1875,130.875,128.75,130.75,6341600,yahoo
1999-10-05,130.625,130.7188,131.9688,128.6875,130.625,11976000,yahoo
1999-10-06,132.625,130.75,132.8125,130.6875,132.625,10308200,yahoo
1999-10-07,131.875,132.8594,133.0,131.5,131.875,6535600,yahoo
1999-10-08,133.875,131.75,133.875,131.2344,133.875,9674300,yahoo
1999-10-11,133.6562,133.5938,134.125,133.3125,133.6562,4282000,yahoo
1999-10-12,131.5938,133.125,133.3125,131.1875,131.5938,8686100,yahoo
1999-10-13,128.1875,130.6875,131.3125,128.1875,128.1875,10469300,yahoo
1999-10-14,128.1562,128.4844,129.1875,126.75,128.1562,10562200,yahoo
1999-10-15,124.875,126.0,126.75,124.5,124.875,14238700,yahoo
1999-10-18,125.7812,124.9375,125.9375,123.4375,125.7812,9758800,yahoo
1999-10-19,127.0,127.1875,128.25,125.9375,127.0,14392900,yahoo
1999-10-20,128.25,127.75,129.4688,127.125,128.25,9759400,yahoo
1999-10-21,129.0,127.2188,129.0,126.625,129.0,9105400,yahoo
1999-10-22,130.0938,129.75,131.2188,129.5625,130.0938,8309600,yahoo
1999-10-25,129.4375,129.3125,130.4688,128.75,129.4375,8114300,yahoo
1999-10-26,127.8125,130.1875,130.6875,127.8125,127.8125,6256300,yahoo
1999-10-27,130.125,128.375,130.3125,128.25,130.125,5433300,yahoo
1999-10-28,134.5625,132.4375,134.8594,132.1875,134.5625,10509700,yahoo
1999-10-29,137.0,135.8438,137.6875,135.7188,137.0,10988600,yahoo
1999-11-01,135.5625,136.5,137.0,135.5625,135.5625,4006500,yahoo
1999-11-02,134.5938,135.9688,137.25,134.5938,134.5938,6516900,yahoo
1999-11-03,135.5,136.0,136.375,135.125,135.5,7222300,yahoo
1999-11-04,136.5312,136.75,137.3594,135.7656,136.5312,7907500,yahoo
1999-11-05,137.875,138.625,139.1094,136.7812,137.875,7431500,yahoo
1999-11-08,138.0,137.0,138.375,136.75,138.0,4649200,yahoo
1999-11-09,136.7031,138.5,138.6875,136.2812,136.7031,4533700,yahoo
1999-11-10,137.7188,136.25,138.3906,136.0781,137.7188,6405600,yahoo
1999-11-11,138.5,138.1875,138.5,137.4688,138.5,4794100,yahoo
1999-11-12,139.75,139.25,139.9844,137.125,139.75,11802900,yahoo
1999-11-15,140.0781,139.8438,140.25,139.4062,140.0781,2187500,yahoo
1999-11-16,141.25,140.5625,143.0,140.0938,141.25,7544800,yahoo
1999-11-17,141.625,142.25,142.9375,141.3125,141.625,9459000,yahoo
1999-11-18,142.625,142.4375,143.0,141.625,142.625,4491000,yahoo
1999-11-19,142.5,142.4062,142.9688,142.0,142.5,4832100,yahoo
1999-11-22,142.4688,142.4375,143.0,141.5,142.4688,4155400,yahoo
1999-11-23,141.2188,142.8438,142.8438,140.375,141.2188,5918000,yahoo
1999-11-24,141.9688,140.75,142.4375,140.0,141.9688,4459700,yahoo
1999-11-26,141.4375,142.4688,142.875,141.25,141.4375,1693900,yahoo
1999-11-29,140.9375,140.875,141.9219,140.4375,140.9375,7348600,yahoo
1999-11-30,139.2812,140.75,142.3125,139.0,139.2812,7682000,yahoo
1999-12-01,140.4062,139.3125,140.5,139.0,140.4062,6980200,yahoo
1999-12-02,141.25,140.625,141.375,140.375,141.25,6698300,yahoo
1999-12-03,143.8438,143.0312,145.3438,143.0312,143.8438,10045400,yahoo
1999-12-06,142.7812,143.5312,143.7188,142.25,142.7812,3138900,yahoo
1999-12-07,141.625,143.2812,143.3125,141.375,141.625,10714200,yahoo
1999-12-08,140.7188,141.3438,142.0625,140.5,140.7188,4611400,yahoo
1999-12-09,141.4062,141.8125,142.2188,139.375,141.4062,6474700,yahoo
1999-12-10,141.875,142.2812,142.8125,140.875,141.875,5127300,yahoo
1999-12-13,142.125,141.4375,142.7188,141.2812,142.125,4210800,yahoo
1999-12-14,140.75,141.625,142.4844,140.625,140.75,5739000,yahoo
1999-12-15,141.5,140.375,142.2031,140.0312,141.5,6879100,yahoo
1999-12-16,142.125,142.1875,142.6562,141.1562,142.125,5854900,yahoo
1999-12-17,142.6875,143.0,143.3125,142.0625,142.6875,4775400,yahoo
1999-12-20,141.6562,142.5625,143.1875,141.0938,141.6562,4608700,yahoo
1999-12-21,143.8125,141.5938,144.0625,141.3438,143.8125,7981300,yahoo
1999-12-22,144.1875,143.625,144.1875,142.9688,144.1875,5377500,yahoo
1999-12-23,146.4844,145.0156,146.4844,145.0,146.4844,5721700,yahoo
1999-12-27,146.2812,146.5,146.7812,145.0625,146.2812,2691000,yahoo
1999-12-28,146.1875,145.875,146.5,145.4844,146.1875,4084500,yahoo
1999-12-29,146.8125,146.3125,146.8125,145.3125,146.8125,3001000,yahoo
1999-12-30,146.6406,147.125,147.5625,146.1875,146.6406,3641300,yahoo
1999-12-31,146.875,146.8438,147.5,146.25,146.875,3172700,yahoo
2000-01-03,145.4375,148.25,148.25,143.875,145.4375,8164300,yahoo
2000-01-04,139.75,143.5312,144.0625,139.6406,139.75,8089800,yahoo
2000-01-05,140.0,139.9375,141.5312,137.25,140.0,12177900,yahoo
2000-01-06,137.75,139.625,141.5,137.75,137.75,6227200,yahoo
2000-01-07,145.75,140.3125,145.75,140.0625,145.75,8066500,yahoo
2000-01-10,146.25,146.25,146.9062,145.0312,146.25,5741700,yahoo
2000-01-11,144.5,145.8125,146.0938,143.5,144.5,7503700,yahoo
2000-01-12,143.0625,144.5938,144.5938,142.875,143.0625,6907700,yahoo
2000-01-13,145.0,144.4688,145.75,143.2812,145.0,5158300,yahoo
2000-01-14,146.9688,146.5312,147.4688,145.9688,146.9688,7437300,yahoo
2000-01-18,145.8125,145.3438,146.625,145.1875,145.8125,6488500,yahoo
2000-01-19,147.0,145.3125,147.0,145.0,147.0,6157900,yahoo
2000-01-20,144.75,146.9688,146.9688,143.8125,144.75,5800100,yahoo
2000-01-21,144.4375,145.5,145.5,144.0625,144.4375,6244800,yahoo
2000-01-24,140.3438,145.6562,145.8438,139.4062,140.3438,7896900,yahoo
2000-01-25,141.9375,140.5156,141.9375,139.0,141.9375,9942500,yahoo
2000-01-26,140.8125,141.0,141.5469,140.0938,140.8125,5158100,yahoo
2000-01-27,140.25,141.8438,142.2188,138.125,140.25,10922700,yahoo
2000-01-28,135.875,139.4375,140.0625,135.5312,135.875,11916200,yahoo
2000-01-31,139.5625,135.8125,139.6719,135.0,139.5625,10768700,yahoo
2000-02-01,140.9375,139.75,141.6875,138.5312,140.9375,8419900,yahoo
2000-02-02,141.0625,141.2812,142.25,140.375,141.0625,6205900,yahoo
2000-02-03,143.1875,140.875,143.25,140.0,143.1875,7997500,yahoo
2000-02-04,142.5938,143.1875,144.0,142.125,142.5938,4925400,yahoo
2000-02-07,142.375,142.5625,142.7812,141.4375,142.375,5845800,yahoo
2000-02-08,144.3125,143.9688,144.5625,143.625,144.3125,4936400,yahoo
2000-02-09,141.2812,144.4688,144.4688,141.2656,141.2812,8511500,yahoo
2000-02-10,141.5625,141.625,142.5625,140.875,141.5625,6690600,yahoo
2000-02-11,138.6875,141.8438,141.9375,138.0312,138.6875,9849800,yahoo
2000-02-14,139.5,139.7812,139.7812,138.3125,139.5,8528800,yahoo
2000-02-15,141.0781,139.25,141.2188,137.7969,141.0781,11078300,yahoo
2000-02-16,139.0,140.375,140.9375,138.7969,139.0,8845400,yahoo
2000-02-17,138.2812,140.4375,140.4375,138.2188,138.2812,7584200,yahoo
2000-02-18,135.3125,138.875,138.875,134.625,135.3125,9409200,yahoo
2000-02-22,134.9688,135.1875,136.3438,133.5312,134.9688,16415400,yahoo
2000-02-23,136.5625,135.625,137.4688,134.5,136.5625,12119000,yahoo
2000-02-24,133.8125,136.6875,137.0312,133.0938,133.8125,17375000,yahoo
2000-02-25,133.3281,135.1875,136.7188,133.125,133.3281,10559900,yahoo
2000-02-28,136.125,133.375,136.6875,132.7188,136.125,13397800,yahoo
2000-02-29,137.4375,136.0625,137.4375,135.75,137.4375,8242500,yahoo
2000-03-01,138.4375,137.625,139.0,137.2188,138.4375,6868000,yahoo
2000-03-02,138.5312,138.6875,139.125,137.3438,138.5312,7600200,yahoo
2000-03-03,141.125,140.4375,141.7188,139.7188,141.125,12770300,yahoo
2000-03-06,139.75,140.8125,141.3438,138.75,139.75,11967100,yahoo
2000-03-07,137.0469,140.0,140.1562,135.2188,137.0469,20062000,yahoo
2000-03-08,136.875,136.4688,137.8438,135.0312,136.875,11808500,yahoo
2000-03-09,140.875,137.25,140.875,136.125,140.875,5500900,yahoo
2000-03-10,140.125,140.1875,142.0,139.5312,140.125,7924600,yahoo
2000-03-13,138.5938,136.6875,140.4688,135.6875,138.5938,10540500,yahoo
2000-03-14,136.625,139.2812,140.0938,136.1562,136.625,8263900,yahoo
2000-03-15,139.8125,136.875,140.4375,136.0625,139.8125,10300800,yahoo
2000-03-16,146.3438,141.625,146.8438,140.875,146.3438,25601400,yahoo
2000-03-17,146.9375,145.8125,148.0,145.4375,146.9375,10272900,yahoo
2000-03-20,146.1875,146.875,147.3438,144.7812,146.1875,12502300,yahoo
2000-03-21,149.1875,145.5312,149.75,144.5,149.1875,13612600,yahoo
2000-03-22,150.0938,149.5625,150.8438,148.6875,150.0938,8260000,yahoo
2000-03-23,152.6562,149.1562,153.4688,149.1562,152.6562,11654500,yahoo
2000-03-24,153.5625,152.875,155.75,151.7188,153.5625,11462900,yahoo
2000-03-27,151.9375,153.375,153.7812,151.8125,151.9375,8798600,yahoo
2000-03-28,151.0625,151.25,152.9844,150.5938,151.0625,6334400,yahoo
2000-03-29,151.2188,151.5625,152.4844,149.6562,151.2188,6747500,yahoo
2000-03-30,148.6875,150.1562,151.9219,147.125,148.6875,9491900,yahoo
2000-03-31,150.375,149.625,152.3125,148.4375,150.375,9249100,yahoo
2000-04-03,151.25,150.125,151.25,148.6875,151.25,8508200,yahoo
2000-04-04,150.125,151.75,153.0,141.3906,150.125,19585500,yahoo
2000-04-05,149.1875,147.875,150.8125,147.625,149.1875,8387200,yahoo
2000-04-06,150.4844,150.25,151.6875,149.0,150.4844,6378500,yahoo
2000-04-07,151.4375,151.5625,152.125,150.5,151.4375,6023600,yahoo
2000-04-10,150.8438,151.75,153.1094,150.3125,150.8438,9624200,yahoo
2000-04-11,150.4062,150.0,151.625,148.375,150.4062,9006400,yahoo
2000-04-12,146.2812,150.375,151.1562,146.1562,146.2812,10779200,yahoo
2000-04-13,144.25,147.4688,148.1562,143.7812,144.25,12225800,yahoo
2000-04-14,136.0,142.625,142.8125,133.5,136.0,29604000,yahoo
2000-04-17,140.75,135.1875,140.75,134.6875,140.75,23918200,yahoo
2000-04-18,144.4688,140.5625,144.4688,139.7812,144.4688,11069200,yahoo
2000-04-19,143.125,144.5,145.125,142.5312,143.125,6553700,yahoo
2000-04-20,143.8125,143.5625,143.9375,142.375,143.8125,8537600,yahoo
2000-04-24,142.25,141.5,143.3125,140.5,142.25,12893100,yahoo
2000-04-25,148.1562,144.625,148.1562,144.4375,148.1562,14102000,yahoo
2000-04-26,146.4844,147.9688,148.75,146.0,146.4844,7711100,yahoo
2000-04-27,146.0,143.0,147.3438,143.0,146.0,15595300,yahoo
2000-04-28,145.0938,147.0,147.8594,145.0625,145.0938,8743400,yahoo
2000-05-01,147.0625,146.5625,148.4844,145.8438,147.0625,7328300,yahoo
2000-05-02,144.125,145.5,147.125,144.125,144.125,9411900,yahoo
2000-05-03,140.75,144.0,144.0,139.7812,140.75,12630700,yahoo
2000-05-04,141.8125,142.0,142.3594,140.75,141.8125,5963600,yahoo
2000-05-05,143.5312,141.0625,144.0,140.9375,143.5312,7862400,yahoo
2000-05-08,142.4531,142.75,143.375,141.8438,142.4531,5064100,yahoo
2000-05-09,141.3125,143.0625,143.4062,140.2656,141.3125,5620300,yahoo
2000-05-10,138.125,140.5,140.9688,137.75,138.125,10293900,yahoo
2000-05-11,141.2812,140.125,141.5,139.125,141.2812,7091100,yahoo
2000-05-12,142.8125,141.8125,143.4688,141.625,142.8125,5960800,yahoo
2000-05-15,145.2812,142.75,145.6094,142.0,145.2812,4441300,yahoo
2000-05-16,146.6875,146.5625,147.7188,145.3125,146.6875,8192200,yahoo
2000-05-17,145.1562,145.6875,146.1875,144.4688,145.1562,5907200,yahoo
2000-05-18,143.375,145.625,146.3125,143.375,143.375,4325600,yahoo
2000-05-19,141.125,142.5625,143.2344,140.4062,141.125,6518400,yahoo
2000-05-22,140.0625,141.25,141.4688,137.0,140.0625,10839400,yahoo
2000-05-23,138.0,140.4375,140.8125,137.5625,138.0,7979200,yahoo
2000-05-24,140.25,138.0,140.6875,136.5,140.25,11081500,yahoo
2000-05-25,137.8438,140.6875,141.8125,137.7188,137.8438,8278900,yahoo
2000-05-26,138.0,138.8125,139.6875,137.3281,138.0,4814000,yahoo
2000-05-30,142.5,140.0,142.9375,139.4688,142.5,5362700,yahoo
2000-05-31,142.8125,142.5625,144.0,142.0938,142.8125,6056500,yahoo
2000-06-01,145.3125,143.6875,145.4375,143.0,145.3125,8961600,yahoo
2000-06-02,147.8438,148.9375,149.0938,147.4844,147.8438,8962200,yahoo
2000-06-05,147.125,147.4688,148.2188,146.875,147.125,6998100,yahoo
2000-06-06,146.4688,146.625,147.7812,145.9062,146.4688,4858900,yahoo
2000-06-07,147.4844,146.625,148.0,146.0,147.4844,4919500,yahoo
2000-06-08,146.9062,147.5,147.75,146.0625,146.9062,5723100,yahoo
2000-06-09,146.5938,147.5,147.9688,145.625,146.5938,3085300,yahoo
2000-06-12,144.875,146.9688,146.9688,144.875,144.875,3678900,yahoo
2000-06-13,147.5938,144.8125,147.75,144.625,147.5938,6558700,yahoo
2000-06-14,147.8438,148.25,148.875,147.1875,147.8438,6420500,yahoo
2000-06-15,148.1562,148.125,148.75,146.8438,148.1562,5881200,yahoo
2000-06-16,146.5938,148.3125,148.3125,145.875,146.5938,5567900,yahoo
2000-06-19,148.4688,146.4688,149.1562,146.25,148.4688,5106900,yahoo
2000-06-20,147.9375,148.1875,148.875,147.0,147.9375,6480000,yahoo
2000-06-21,147.875,146.9375,148.4375,146.8906,147.875,3115000,yahoo
2000-06-22,145.625,147.5625,147.6875,145.0,145.625,7490500,yahoo
2000-06-23,144.375,145.8125,146.125,143.875,144.375,4863300,yahoo
2000-06-26,146.2344,145.375,146.25,144.875,146.2344,5201300,yahoo
2000-06-27,145.1562,145.9844,146.7188,145.0156,145.1562,4159500,yahoo
2000-06-28,145.5625,145.625,146.9844,145.3125,145.5625,5347700,yahoo
2000-06-29,144.1875,144.75,145.75,143.5156,144.1875,6345700,yahoo
2000-06-30,145.2812,143.9375,145.5938,143.8906,145.2812,7420200,yahoo
2000-07-03,147.2812,145.4375,147.4375,145.1875,147.2812,1436600,yahoo
2000-07-05,144.625,146.375,146.6562,144.375,144.625,2748200,yahoo
2000-07-06,145.75,144.9375,146.4688,144.2188,145.75,5963200,yahoo
2000-07-07,148.0938,146.6875,148.7812,146.25,148.0938,3034800,yahoo
2000-07-10,147.8438,147.875,148.9062,147.5312,147.8438,2816100,yahoo
2000-07-11,148.1562,147.4688,149.125,147.1562,148.1562,5431600,yahoo
2000-07-12,149.125,149.2812,150.125,148.6875,149.125,5883000,yahoo
2000-07-13,149.7812,149.9844,150.375,149.1875,149.7812,5356000,yahoo
2000-07-14,151.25,150.4375,151.25,149.6719,151.25,5341900,yahoo
2000-07-17,151.0,150.9844,151.9844,150.6875,151.0,4208300,yahoo
2000-07-18,149.7656,150.625,150.625,149.3438,149.7656,4262100,yahoo
2000-07-19,148.5625,149.4688,149.9062,148.25,148.5625,8506800,yahoo
2000-07-20,150.625,149.0,150.625,148.8125,150.625,4538900,yahoo
2000-07-21,147.6875,149.75,149.75,147.6875,147.6875,5656900,yahoo
2000-07-24,146.8438,148.125,148.8594,146.5625,146.8438,5628500,yahoo
2000-07-25,147.3125,147.75,147.8438,146.7812,147.3125,4757100,yahoo
2000-07-26,145.875,146.9688,147.1562,145.6406,145.875,12062500,yahoo
2000-07-27,145.375,145.9375,146.625,144.6875,145.375,7652600,yahoo
2000-07-28,142.0938,145.7188,145.9062,141.5156,142.0938,6229500,yahoo
2000-07-31,143.0,142.9375,144.125,142.0625,143.0,5265500,yahoo
2000-08-01,143.875,143.625,144.7188,143.125,143.875,3946600,yahoo
2000-08-02,144.5938,143.875,145.4062,143.625,144.5938,7439800,yahoo
2000-08-03,145.5938,142.875,145.8125,142.625,145.5938,4607100,yahoo
2000-08-04,146.375,146.3125,146.7188,145.4062,146.375,3686600,yahoo
2000-08-07,148.125,146.7188,148.4375,146.375,148.125,4159800,yahoo
2000-08-08,148.6875,147.5,148.8125,147.5,148.6875,3658700,yahoo
2000-08-09,147.4375,149.1406,149.2188,147.375,147.4375,5383800,yahoo
2000-08-10,146.7188,147.5312,147.8594,146.2812,146.7188,4193400,yahoo
2000-08-11,147.4062,146.625,148.0,145.5625,147.4062,5089400,yahoo
2000-08-14,149.2812,147.7812,149.5625,147.0625,149.2812,2966700,yahoo
2000-08-15,149.1562,149.3438,149.8125,148.5625,149.1562,5564600,yahoo
2000-08-16,148.625,149.3125,149.9375,147.8438,148.625,5191600,yahoo
2000-08-17,150.1875,148.6875,150.4375,148.3438,150.1875,5652200,yahoo
2000-08-18,149.6875,150.375,150.375,149.2188,149.6875,4626400,yahoo
2000-08-21,150.5,150.0312,150.7188,149.4062,150.5,2380600,yahoo
2000-08-22,150.25,150.5625,151.3125,150.0938,150.25,3075300,yahoo
2000-08-23,150.8438,149.8125,151.2812,149.2812,150.8438,5483200,yahoo
2000-08-24,151.3125,151.1562,151.5,150.5,151.3125,4529000,yahoo
2000-08-25,151.25,151.1562,151.625,150.9375,151.25,2822200,yahoo
2000-08-28,151.7656,151.25,152.9062,151.25,151.7656,5518700,yahoo
2000-08-29,151.7969,151.4375,151.875,150.9062,151.7969,3561900,yahoo
2000-08-30,150.3438,151.3125,151.5,150.3438,150.3438,3964800,yahoo
2000-08-31,152.3438,151.0625,153.0938,150.9062,152.3438,4863100,yahoo
2000-09-01,152.5,153.25,153.5938,152.0,152.5,3191200,yahoo
2000-09-05,151.2812,151.875,152.2031,150.8125,151.2812,3470800,yahoo
2000-09-06,149.5625,151.1875,151.9531,149.5312,149.5625,4322200,yahoo
2000-09-07,150.8438,150.25,151.0781,149.8281,150.8438,4265500,yahoo
2000-09-08,149.8125,150.2812,150.5,149.3281,149.8125,3518200,yahoo
2000-09-11,149.5938,149.75,151.1875,148.6875,149.5938,3937500,yahoo
2000-09-12,148.5,149.75,150.25,148.4375,148.5,4769100,yahoo
2000-09-13,148.8906,148.0,149.3438,147.6562,148.8906,7691600,yahoo
2000-09-14,149.6406,149.875,149.9375,148.1562,149.6406,3397100,yahoo
2000-09-15,146.0,148.1875,148.25,146.0,146.0,4085700,yahoo
2000-09-18,144.6562,146.375,146.9688,144.2031,144.6562,5109300,yahoo
2000-09-19,145.9688,145.125,146.3125,144.7031,145.9688,6588200,yahoo
2000-09-20,144.8906,145.6875,146.0312,143.1562,144.8906,6508100,yahoo
2000-09-21,142.6875,144.4688,145.5625,142.625,142.6875,5972300,yahoo
2000-09-22,145.2812,142.625,145.3125,142.4219,145.2812,7791300,yahoo
2000-09-25,144.25,145.9375,146.0625,143.7188,144.25,9726300,yahoo
2000-09-26,142.4062,144.375,145.0,142.4062,142.4062,5302400,yahoo
2000-09-27,143.1562,143.5625,143.9688,142.125,143.1562,7186200,yahoo
2000-09-28,145.0,143.1875,146.3281,142.8906,145.0,7036400,yahoo
2000-09-29,143.625,145.4688,145.9688,143.625,143.625,9333600,yahoo
2000-10-02,143.8438,144.2812,144.9062,143.1406,143.8438,5517800,yahoo
2000-10-03,142.5,144.5312,145.75,142.2812,142.5,9347200,yahoo
2000-10-04,143.6875,142.875,144.25,141.75,143.6875,6148900,yahoo
2000-10-05,144.1875,143.4062,144.8438,143.3125,144.1875,4566900,yahoo
2000-10-06,141.0625,143.875,144.6406,139.75,141.0625,10014900,yahoo
2000-10-09,140.0,141.3125,141.3125,139.375,140.0,4508000,yahoo
2000-10-10,137.6875,140.0938,141.25,137.6875,137.6875,6104700,yahoo
2000-10-11,136.5312,137.625,138.625,135.125,136.5312,10346000,yahoo
2000-10-12,133.125,137.2812,137.5938,132.7812,133.125,12336900,yahoo
2000-10-13,137.5625,132.9375,137.6562,132.875,137.5625,11778800,yahoo
2000-10-16,138.1875,137.4062,138.2344,136.6875,138.1875,5659000,yahoo
2000-10-17,134.75,138.4375,138.5625,134.4062,134.75,7831700,yahoo
2000-10-18,134.25,132.625,136.125,130.1562,134.25,10897300,yahoo
2000-10-19,139.3125,136.8438,139.4531,136.4375,139.3125,8767300,yahoo
2000-10-20,139.9062,138.375,141.1875,138.375,139.9062,7373500,yahoo
2000-10-23,140.5312,139.9375,141.0312,138.9375,140.5312,5290000,yahoo
2000-10-24,139.5938,140.9688,141.9375,139.0,139.5938,5750700,yahoo
2000-10-25,136.3125,138.75,139.5625,136.125,136.3125,9137600,yahoo
2000-10-26,136.6875,137.125,137.6562,134.0312,136.6875,9345800,yahoo
2000-10-27,139.2812,137.875,139.2812,136.625,139.2812,9762900,yahoo
2000-10-30,140.5312,138.4375,141.0938,138.1562,140.5312,10154100,yahoo
2000-10-31,142.9531,141.0156,143.6875,140.0625,142.9531,7752400,yahoo
2000-11-01,142.4688,142.25,143.25,141.2188,142.4688,6753600,yahoo
2000-11-02,142.7031,143.1562,143.9062,142.5156,142.7031,11395100,yahoo
2000-11-03,142.7812,143.4688,143.75,142.375,142.7812,5187100,yahoo
2000-11-06,143.7812,143.1562,144.2969,143.0312,143.7812,4042500,yahoo
2000-11-07,143.75,143.1406,144.0,142.5625,143.75,5231300,yahoo
2000-11-08,140.5625,144.0625,144.0625,140.5625,140.5625,6123300,yahoo
2000-11-09,140.0312,140.0,141.2188,137.25,140.0312,10635300,yahoo
2000-11-10,136.625,139.0,139.4688,136.5312,136.625,8569500,yahoo
2000-11-13,135.5625,135.625,136.9844,133.0156,135.5625,17285300,yahoo
2000-11-14,139.125,137.4688,139.625,137.0,139.125,7668900,yahoo
2000-11-15,139.5625,139.0625,140.1094,137.75,139.5625,8837700,yahoo
2000-11-16,137.375,138.5781,139.875,137.3125,137.375,6684100,yahoo
2000-11-17,136.6406,137.3125,139.0,135.75,136.6406,6551100,yahoo
2000-11-20,134.6875,135.75,136.375,134.3125,134.6875,5458500,yahoo
2000-11-21,135.375,134.875,136.1875,133.5156,135.375,7684300,yahoo
2000-11-22,132.1406,134.3438,134.875,132.125,132.1406,5736900,yahoo
2000-11-24,134.8438,133.625,134.9688,133.625,134.8438,3411600,yahoo
2000-11-27,136.0312,136.4688,136.6875,135.3125,136.0312,5992000,yahoo
2000-11-28,133.6875,135.125,136.5938,133.6406,133.6875,5336100,yahoo
2000-11-29,133.4375,134.375,135.9062,133.2656,133.4375,6914100,yahoo
2000-11-30,132.2812,132.5,133.5,129.75,132.2812,11201600,yahoo
2000-12-01,132.2188,133.1875,134.0625,131.0,132.2188,7587200,yahoo
2000-12-04,133.3438,131.875,133.875,131.5,133.3438,6996600,yahoo
2000-12-05,137.7188,134.875,138.25,134.4062,137.7188,8883400,yahoo
2000-12-06,135.5156,137.7812,138.3438,135.0312,135.5156,12888000,yahoo
2000-12-07,133.6562,134.875,135.875,133.6562,133.6562,6529100,yahoo
2000-12-08,133.9688,137.0625,139.4688,133.875,133.9688,10276300,yahoo
2000-12-11,138.625,137.375,139.5625,136.7188,138.625,6405600,yahoo
2000-12-12,138.0312,138.1875,138.8125,137.375,138.0312,5022900,yahoo
2000-12-13,136.1406,139.25,139.4062,136.0312,136.1406,6070500,yahoo
2000-12-14,134.4062,135.875,136.5,134.0312,134.4062,7678400,yahoo
2000-12-15,130.9688,133.125,133.125,130.5625,130.9688,9065300,yahoo
2000-12-18,132.7188,132.0625,133.4688,131.7656,132.7188,7235400,yahoo
2000-12-19,130.0156,132.4688,134.9688,130.0156,130.0156,9616600,yahoo
2000-12-20,126.25,128.625,128.9375,126.0938,126.25,9994300,yahoo
2000-12-21,127.125,126.0,128.8594,125.5312,127.125,14331500,yahoo
2000-12-22,130.9375,129.0,131.1094,128.8438,130.9375,10182900,yahoo
2000-12-26,132.3438,130.8438,132.3438,130.2812,132.3438,4665300,yahoo
2000-12-27,133.3125,131.75,133.7344,131.25,133.3125,4854100,yahoo
2000-12-28,133.7188,132.8125,133.875,132.5938,133.7188,8358700,yahoo
2000-12-29,131.1875,134.0625,134.2812,131.1875,131.1875,8774600,yahoo
2001-01-02,128.8125,132.0,132.1562,127.5625,128.8125,8737500,yahoo
2001-01-03,135.0,128.3125,136.0,127.6562,135.0,19431600,yahoo
2001-01-04,133.5469,134.9375,135.4688,133.0,133.5469,9219000,yahoo
2001-01-05,129.1875,133.4688,133.625,129.1875,129.1875,12911400,yahoo
2001-01-08,130.1875,129.875,130.1875,127.6875,130.1875,6625300,yahoo
2001-01-09,129.8438,131.0469,131.5,129.4219,129.8438,5702400,yahoo
2001-01-10,132.125,129.0,132.125,128.8125,132.125,8746100,yahoo
2001-01-11,132.25,131.0938,133.4844,131.0938,132.25,7245100,yahoo
2001-01-12,132.0,132.6875,133.7188,131.2812,132.0,7244000,yahoo
2001-01-16,132.8438,132.0,133.1875,131.5156,132.8438,8542200,yahoo
2001-01-17,133.4531,134.8438,135.0469,132.6406,133.4531,7851400,yahoo
2001-01-18,134.7812,133.4375,135.7031,132.9375,134.7812,8107000,yahoo
2001-01-19,134.0156,136.1875,136.1875,133.875,134.0156,7782500,yahoo
2001-01-22,134.9062,134.25,135.7812,133.5625,134.9062,7050900,yahoo
2001-01-23,135.9688,134.4688,136.6562,134.1562,135.9688,8463100,yahoo
2001-01-24,136.375,136.25,137.3125,135.8438,136.375,6199900,yahoo
2001-01-25,136.0312,136.25,137.25,135.6562,136.0312,10818300,yahoo
2001-01-26,135.875,135.1562,136.125,134.4531,135.875,7136800,yahoo
2001-01-29,136.6,135.5,136.9,135.37,136.6,6705900,yahoo
2001-01-30,137.8,136.3,137.92,135.79,137.8,7069100,yahoo
2001-01-31,137.02,137.4,138.7,136.6,137.02,9706900,yahoo
2001-02-01,137.93,137.1,137.95,136.25,137.93,8239100,yahoo
2001-02-02,134.8,137.4,137.99,134.75,134.8,8276600,yahoo
2001-02-05,135.79,134.8,135.94,134.75,135.79,4352900,yahoo
2001-02-06,135.39,135.3,136.7,135.22,135.39,7106700,yahoo
2001-02-07,134.69,134.72,135.4,133.68,134.69,5748700,yahoo
2001-02-08,133.12,134.8,135.4,133.1,133.12,5943300,yahoo
2001-02-09,131.84,133.35,133.35,131.26,131.84,9913000,yahoo
2001-02-12,133.35,131.7,133.5,131.7,133.35,5804400,yahoo
2001-02-13,132.26,133.7,134.17,132.0,132.26,6587600,yahoo
2001-02-14,132.06,132.65,132.65,130.66,132.06,8400100,yahoo
2001-02-15,133.34,132.84,133.52,131.99,133.34,5929800,yahoo
2001-02-16,130.4,131.0,131.29,129.3,130.4,6434900,yahoo
2001-02-20,128.39,131.04,131.14,128.1,128.39,5760000,yahoo
2001-02-21,125.62,127.9,128.84,125.5,125.62,10910800,yahoo
2001-02-22,125.81,126.35,126.54,123.02,125.81,21281600,yahoo
2001-02-23,124.96,125.08,125.54,121.8,124.96,20173000,yahoo
2001-02-26,127.62,125.8,127.62,124.5,127.62,11503700,yahoo
2001-02-27,126.44,126.8,127.84,125.51,126.44,11415000,yahoo
2001-02-28,123.95,126.75,126.84,123.27,123.95,14825800,yahoo
2001-03-01,124.6,124.05,124.6,121.75,124.6,14672000,yahoo
2001-03-02,123.61,122.5,125.65,122.3,123.61,12564300,yahoo
2001-03-05,124.74,124.15,124.78,123.81,124.74,5293200,yahoo
2001-03-06,126.08,126.35,127.75,125.49,126.08,6917000,yahoo
2001-03-07,126.98,126.9,127.04,125.76,126.98,6371700,yahoo
2001-03-08,127.12,126.6,127.24,126.14,127.12,6055000,yahoo
2001-03-09,123.36,126.1,126.1,123.11,123.36,10020300,yahoo
2001-03-12,118.08,122.34,122.5,117.75,118.08,13972900,yahoo
2001-03-13,120.02,119.4,120.44,117.53,120.02,12888000,yahoo
2001-03-14,117.65,117.05,119.29,115.75,117.65,19883400,yahoo
2001-03-15,117.68,118.45,118.86,117.36,117.68,10370300,yahoo
2001-03-16,115.01,117.13,117.4,114.81,115.01,58514600,yahoo
2001-03-19,117.35,115.76,117.69,114.82,117.35,10067800,yahoo
2001-03-20,114.2,117.9,118.46,114.11,114.2,15083900,yahoo
2001-03-21,112.26,114.18,115.26,111.9,112.26,19004600,yahoo
2001-03-22,111.12,112.02,112.6,108.04,111.12,28624800,yahoo
2001-03-23,114.48,113.25,114.66,111.5,114.48,12861700,yahoo
2001-03-26,115.94,115.7,116.27,114.77,115.94,9943800,yahoo
2001-03-27,118.31,115.62,118.65,115.28,118.31,12880700,yahoo
2001-03-28,115.04,116.9,116.95,114.9,115.04,10953300,yahoo
2001-03-29,115.48,114.7,116.5,112.14,115.48,12060300,yahoo
2001-03-30,116.69,115.55,116.69,114.5,116.69,9183600,yahoo
2001-04-02,114.2,116.3,117.38,113.8,114.2,10561000,yahoo
2001-04-03,110.39,113.98,114.15,110.06,110.39,12836000,yahoo
2001-04-04,110.85,110.57,112.1,109.3,110.85,14884300,yahoo
2001-04-05,115.05,113.3,115.49,112.5,115.05,21522800,yahoo
2001-04-06,113.3,113.99,114.4,112.06,113.3,14937800,yahoo
2001-04-09,114.56,114.0,114.99,112.78,114.56,9034300,yahoo
2001-04-10,116.65,115.45,117.75,115.17,116.65,17873600,yahoo
2001-04-11,116.73,118.78,118.99,116.14,116.73,12722300,yahoo
2001-04-12,118.85,116.3,118.94,115.96,118.85,9233200,yahoo
2001-04-16,117.6,118.29,118.89,116.91,117.6,7350000,yahoo
2001-04-17,119.26,117.31,119.66,117.02,119.26,10924700,yahoo
2001-04-18,124.0,121.06,126.0,120.69,124.0,32481600,yahoo
2001-04-19,125.65,124.25,125.84,123.58,125.65,13809900,yahoo
2001-04-20,124.5,124.9,125.4,123.66,124.5,7626700,yahoo
2001-04-23,122.24,123.65,123.89,121.91,122.24,8451800,yahoo
2001-04-24,121.58,122.52,123.65,121.1,121.58,10044700,yahoo
2001-04-25,123.17,121.42,123.67,120.95,123.17,8249000,yahoo
2001-04-26,123.72,123.73,125.22,123.5,123.72,10590400,yahoo
2001-04-27,125.78,124.92,125.84,124.2,125.78,7938700,yahoo
2001-04-30,126.66,126.45,127.27,124.67,126.66,10766900,yahoo
2001-05-01,127.05,125.07,127.15,124.6,127.05,10578000,yahoo
2001-05-02,126.82,127.41,127.69,126.0,126.82,9572900,yahoo
2001-05-03,125.21,126.13,126.15,124.22,125.21,9926200,yahoo
2001-05-04,127.34,123.65,127.35,123.44,127.34,12145300,yahoo
2001-05-07,126.24,126.86,127.38,126.23,126.24,7185200,yahoo
2001-05-08,126.18,126.86,127.1,125.56,126.18,6952600,yahoo
2001-05-09,125.65,125.25,126.55,125.06,125.65,9507400,yahoo
2001-05-10,126.02,127.26,127.5,125.77,126.02,6872400,yahoo
2001-05-11,125.15,126.0,126.49,124.4,125.15,7734400,yahoo
2001-05-14,125.4,124.9,125.44,124.46,125.4,7914000,yahoo
2001-05-15,125.98,125.55,126.5,124.85,125.98,9782200,yahoo
2001-05-16,128.95,124.84,129.2,124.62,128.95,14909000,yahoo
2001-05-17,129.15,129.0,130.08,128.56,129.15,11824600,yahoo
2001-05-18,129.74,129.09,129.74,128.1,129.74,6683100,yahoo
2001-05-21,131.65,129.84,131.84,129.15,131.65,11531500,yahoo
2001-05-22,131.48,131.83,132.09,131.07,131.48,8342700,yahoo
2001-05-23,129.25,131.05,131.05,129.25,129.25,12330800,yahoo
2001-05-24,129.63,129.47,130.0,128.55,129.63,7902800,yahoo
2001-05-25,128.1,129.65,129.7,127.9,128.1,7425000,yahoo
2001-05-29,127.08,128.22,128.35,126.9,127.08,9003900,yahoo
2001-05-30,125.3,126.59,127.09,125.0,125.3,10041800,yahoo
2001-05-31,125.95,125.43,126.76,125.26,125.95,9874200,yahoo
2001-06-01,126.73,126.2,127.1,125.12,126.73,8848300,yahoo
2001-06-04,127.34,126.8,127.43,126.08,127.34,5623500,yahoo
2001-06-05,128.8,127.49,129.23,127.27,128.8,9115400,yahoo
2001-06-06,127.73,128.83,128.83,127.36,127.73,12064900,yahoo
2001-06-07,128.19,127.05,128.35,127.0,128.19,7355300,yahoo
2001-06-08,127.0,127.7,127.87,126.14,127.0,8170600,yahoo
2001-06-11,126.1,126.71,126.99,125.41,126.1,7012200,yahoo
2001-06-12,125.88,124.86,126.74,124.04,125.88,9364400,yahoo
2001-06-13,124.8,126.17,126.58,124.65,124.8,7629400,yahoo
2001-06-14,122.0,124.18,124.3,121.75,122.0,12603000,yahoo
2001-06-15,121.85,120.91,122.4,120.4,121.85,16821100,yahoo
2001-06-18,121.26,121.65,122.44,120.91,121.26,11368300,yahoo
2001-06-19,121.79,122.38,122.89,120.89,121.79,7732300,yahoo
2001-06-20,122.43,121.19,122.86,121.1,122.43,8787200,yahoo
2001-06-21,123.82,122.22,124.31,122.15,123.82,12259100,yahoo
2001-06-22,122.85,123.49,123.59,122.16,122.85,12212000,yahoo
2001-06-25,121.72,123.28,123.44,121.5,121.72,8406800,yahoo
2001-06-26,121.55,120.9,122.39,120.57,121.55,8005800,yahoo
2001-06-27,121.48,121.6,122.24,120.91,121.48,10105100,yahoo
2001-06-28,122.15,122.0,123.94,121.93,122.15,10269300,yahoo
2001-06-29,122.6,122.8,124.01,122.26,122.6,9824200,yahoo
2001-07-02,124.13,122.8,124.32,122.62,124.13,8522200,yahoo
2001-07-03,124.1,123.98,124.1,123.05,124.1,3303100,yahoo
2001-07-05,121.68,123.07,123.65,121.66,121.68,5517900,yahoo
2001-07-06,119.05,121.31,121.49,119.05,119.05,11665900,yahoo
2001-07-09,119.7,119.49,120.54,119.2,119.7,8339300,yahoo
2001-07-10,118.26,120.29,120.64,118.21,118.26,8630700,yahoo
2001-07-11,118.38,118.1,118.89,117.09,118.38,15328600,yahoo
2001-07-12,121.19,119.5,121.47,119.31,121.19,12002800,yahoo
2001-07-13,122.24,120.84,122.32,120.62,122.24,10433800,yahoo
2001-07-16,120.71,121.77,122.28,120.29,120.71,6915300,yahoo
2001-07-17,121.84,120.2,121.95,119.83,121.84,7469800,yahoo
2001-07-18,121.01,120.56,121.64,120.06,121.01,7709300,yahoo
2001-07-19,122.07,122.18,122.98,120.76,122.07,10082900,yahoo
2001-07-20,121.34,121.15,121.94,120.92,121.34,6705800,yahoo
2001-07-23,118.95,121.8,121.88,118.95,118.95,8065200,yahoo
2001-07-24,117.8,119.0,119.2,116.75,117.8,12269000,yahoo
2001-07-25,119.1,117.92,119.48,117.46,119.1,12088500,yahoo
2001-07-26,120.35,119.06,120.85,118.56,120.35,12898200,yahoo
2001-07-27,120.81,120.83,121.35,119.91,120.81,8478800,yahoo
2001-07-30,120.85,121.19,121.35,120.3,120.85,8547700,yahoo
2001-07-31,121.35,121.0,122.68,120.8,121.35,11918100,yahoo
2001-08-01,122.11,121.97,122.7,121.55,122.11,11940800,yahoo
2001-08-02,122.61,123.23,123.25,121.89,122.61,11070100,yahoo
2001-08-03,121.94,122.36,122.36,120.9,121.94,10816300,yahoo
2001-08-06,120.3,121.35,121.51,120.1,120.3,8550100,yahoo
2001-08-07,120.77,120.27,121.2,119.91,120.77,8865100,yahoo
2001-08-08,118.53,120.12,121.16,118.43,118.53,15183800,yahoo
2001-08-09,118.88,118.7,118.97,117.86,118.88,14118500,yahoo
2001-08-10,119.29,118.8,119.84,117.34,119.29,11173300,yahoo
2001-08-13,119.32,119.6,119.85,118.81,119.32,7431600,yahoo
2001-08-14,119.27,120.14,120.35,118.8,119.27,13178100,yahoo
2001-08-15,118.24,119.23,119.61,118.08,118.24,8520600,yahoo
2001-08-16,118.65,117.8,118.75,117.0,118.65,10734700,yahoo
2001-08-17,116.75,117.65,117.87,116.01,116.75,11604600,yahoo
2001-08-20,117.83,116.8,117.9,116.55,117.83,10417400,yahoo
2001-08-21,115.82,117.8,118.54,115.8,115.82,14480800,yahoo
2001-08-22,117.02,116.75,117.43,115.78,117.02,11752300,yahoo
2001-08-23,116.6,116.96,117.52,116.49,116.6,8744100,yahoo
2001-08-24,119.02,117.21,119.13,116.74,119.02,11687700,yahoo
2001-08-27,118.31,118.97,119.2,118.26,118.31,7425100,yahoo
2001-08-28,116.58,118.28,118.49,116.58,116.58,12046600,yahoo
2001-08-29,115.54,117.13,117.18,115.17,115.54,16180000,yahoo
2001-08-30,113.32,114.85,115.74,112.04,113.32,17692600,yahoo
2001-08-31,114.15,113.4,114.77,113.13,114.15,15985400,yahoo
2001-09-04,113.42,113.85,116.17,113.37,113.42,24473400,yahoo
2001-09-05,113.7,113.7,114.19,111.95,113.7,21477100,yahoo
2001-09-06,110.77,112.65,113.3,110.77,110.77,21653000,yahoo
2001-09-07,108.72,110.02,111.25,108.63,108.72,33133900,yahoo
2001-09-10,110.05,107.7,110.35,107.7,110.05,23408700,yahoo
2001-09-17,104.3,101.0,106.4,100.0,104.3,32388700,yahoo
2001-09-18,104.05,104.33,105.3,103.36,104.05,22029200,yahoo
2001-09-19,101.95,104.1,104.5,98.56,101.95,42771800,yahoo
2001-09-20,98.71,100.4,101.81,98.56,98.71,36210900,yahoo
2001-09-21,97.28,94.28,98.99,93.8,97.28,49782100,yahoo
2001-09-24,100.7,99.72,101.16,99.06,100.7,25549600,yahoo
2001-09-25,101.75,100.75,102.0,99.9,101.75,25466200,yahoo
2001-09-26,101.39,102.35,102.4,100.43,101.39,18587500,yahoo
2001-09-27,102.27,101.25,102.29,100.0,102.27,20536800,yahoo
2001-09-28,104.44,102.98,109.62,102.5,104.44,21687200,yahoo
2001-10-01,104.27,103.9,104.32,102.83,104.27,20457400,yahoo
2001-10-02,105.58,104.0,105.58,103.65,105.58,19833100,yahoo
2001-10-03,107.35,104.6,107.88,104.35,107.35,32045800,yahoo
2001-10-04,107.44,108.29,108.97,106.75,107.44,32674100,yahoo
2001-10-05,107.23,107.25,107.62,105.52,107.23,29796100,yahoo
2001-10-08,106.53,106.27,107.3,105.87,106.53,12970300,yahoo
2001-10-09,105.96,106.61,106.75,105.6,105.96,15976300,yahoo
2001-10-10,108.32,105.8,108.55,105.52,108.32,19987400,yahoo
2001-10-11,110.0,108.95,110.3,108.95,110.0,23006300,yahoo
2001-10-12,109.5,109.15,109.89,107.3,109.5,31360500,yahoo
2001-10-15,109.3,108.63,109.45,108.06,109.3,16873000,yahoo
2001-10-16,109.99,109.8,110.61,108.95,109.99,15877100,yahoo
2001-10-17,107.65,111.07,111.15,107.65,107.65,28542300,yahoo
2001-10-18,107.42,107.82,108.16,106.75,107.42,16510000,yahoo
2001-10-19,107.35,107.0,107.91,106.01,107.35,21912500,yahoo
2001-10-22,109.47,107.3,109.57,107.21,109.47,17540600,yahoo
2001-10-23,108.91,109.96,110.28,108.38,108.91,22062500,yahoo
2001-10-24,108.62,108.98,109.45,108.22,108.62,16065200,yahoo
2001-10-25,110.57,107.45,110.6,106.74,110.57,27467900,yahoo
2001-10-26,110.32,109.95,111.79,109.67,110.32,18623300,yahoo
2001-10-29,107.45,110.16,110.55,107.45,107.45,18727500,yahoo
2001-10-30,106.16,107.35,107.7,105.56,106.16,26178600,yahoo
2001-10-31,105.8,106.9,107.86,105.8,105.8,28124200,yahoo
2001-11-01,108.51,106.6,109.01,105.7,108.51,29806800,yahoo
2001-11-02,109.25,108.44,109.38,107.87,109.25,17575900,yahoo
2001-11-05,110.68,110.12,111.09,109.95,110.68,15929500,yahoo
2001-11-06,112.4,110.35,112.48,109.85,112.4,23245800,yahoo
2001-11-07,112.25,111.77,113.12,111.64,112.25,19716000,yahoo
2001-11-08,112.6,112.87,114.08,111.9,112.6,22563500,yahoo
2001-11-09,112.72,112.25,112.96,111.44,112.72,15895800,yahoo
2001-11-12,112.03,111.0,112.65,110.0,112.03,26068800,yahoo
2001-11-13,114.55,113.44,114.55,113.18,114.55,15296200,yahoo
2001-11-14,114.66,115.17,115.4,113.71,114.66,17571300,yahoo
2001-11-15,114.87,114.37,115.18,113.93,114.87,19470200,yahoo
2001-11-16,114.36,115.08,115.1,113.4,114.36,18134900,yahoo
2001-11-19,115.77,114.92,115.85,114.45,115.77,13625400,yahoo
2001-11-20,114.8,115.37,115.8,114.64,114.8,16209700,yahoo
2001-11-21,114.04,114.5,114.67,113.51,114.04,11470200,yahoo
2001-11-23,115.68,114.04,115.75,114.0,115.68,6717100,yahoo
2001-11-26,115.93,115.75,116.34,115.07,115.93,13726000,yahoo
2001-11-27,115.43,115.62,116.9,114.09,115.43,19261400,yahoo
2001-11-28,113.34,114.74,115.17,113.25,113.34,20195500,yahoo
2001-11-29,114.87,113.66,114.92,113.0,114.87,16354700,yahoo
2001-11-30,114.05,114.4,114.91,114.02,114.05,13680300,yahoo
2001-12-03,113.37,113.65,114.08,113.01,113.37,15220400,yahoo
2001-12-04,115.29,113.92,115.3,113.35,115.29,17239900,yahoo
2001-12-05,117.4,115.61,118.0,115.56,117.4,25204000,yahoo
2001-12-06,117.34,117.34,117.94,116.93,117.34,17972900,yahoo
2001-12-07,116.56,116.9,117.09,115.7,116.56,18857800,yahoo
2001-12-10,114.38,115.85,116.39,114.35,114.38,13862700,yahoo
2001-12-11,114.15,114.9,115.72,113.9,114.15,20833300,yahoo
2001-12-12,114.28,114.55,114.78,113.11,114.28,16171500,yahoo
2001-12-13,112.06,113.45,113.7,112.04,112.06,19026700,yahoo
2001-12-14,113.13,112.33,113.49,112.0,113.13,16721900,yahoo
2001-12-17,114.3,112.99,114.36,112.9,114.3,13925900,yahoo
2001-12-18,114.98,114.63,115.15,114.34,114.98,13663700,yahoo
2001-12-19,115.79,114.09,115.92,114.0,115.79,20143400,yahoo
2001-12-20,114.65,115.5,115.8,114.55,114.65,14867900,yahoo
2001-12-21,114.95,115.03,115.07,114.2,114.95,14037700,yahoo
2001-12-24,114.73,114.83,115.04,114.61,114.73,5728800,yahoo
2001-12-26,115.36,114.65,116.21,114.65,115.36,10304800,yahoo
2001-12-27,116.06,115.3,116.08,115.25,116.06,9407300,yahoo
2001-12-28,116.0,116.29,116.75,115.92,116.0,10593800,yahoo
2001-12-31,114.3,116.15,116.39,114.23,114.3,14619500,yahoo
2002-01-02,115.53,115.11,115.75,113.81,115.53,18651900,yahoo
2002-01-03,116.84,115.65,116.95,115.54,116.84,15743000,yahoo
2002-01-04,117.62,117.17,117.98,116.55,117.62,20140700,yahoo
2002-01-07,116.79,117.7,117.99,116.56,116.79,13106500,yahoo
2002-01-08,116.52,116.79,117.06,115.97,116.52,12683700,yahoo
2002-01-09,115.57,116.68,117.78,115.34,115.57,16610300,yahoo
2002-01-10,116.08,115.69,116.35,115.3,116.08,12823400,yahoo
2002-01-11,114.94,116.21,116.28,114.7,114.94,13708400,yahoo
2002-01-14,114.22,114.65,114.84,113.96,114.22,12301100,yahoo
2002-01-15,115.15,114.55,115.39,113.9,115.15,20219900,yahoo
2002-01-16,112.82,114.3,114.4,112.69,112.82,17067000,yahoo
2002-01-17,113.67,113.76,114.24,113.4,113.67,17283400,yahoo
2002-01-18,113.15,113.0,113.85,112.67,113.15,17028000,yahoo
2002-01-22,112.37,113.75,113.93,112.02,112.37,11689300,yahoo
2002-01-23,113.23,112.63,113.55,112.02,113.23,12438900,yahoo
2002-01-24,113.58,113.64,114.25,113.32,113.58,12142800,yahoo
2002-01-25,113.55,113.12,114.18,113.04,113.55,12810700,yahoo
2002-01-28,113.86,113.9,114.19,112.92,113.86,10589200,yahoo
2002-01-29,110.28,113.85,114.13,110.05,110.28,27720800,yahoo
2002-01-30,111.87,110.39,113.39,108.4,111.87,34711800,yahoo
2002-01-31,113.18,112.15,113.3,111.62,113.18,19909200,yahoo
2002-02-01,112.65,113.09,113.3,112.17,112.65,15838500,yahoo
2002-02-04,109.85,112.23,112.23,109.44,109.85,24243400,yahoo
2002-02-05,109.17,109.4,110.49,108.53,109.17,33614000,yahoo
2002-02-06,108.7,109.65,109.74,108.06,108.7,29486000,yahoo
2002-02-07,108.02,108.72,109.86,108.0,108.02,23445400,yahoo
2002-02-08,110.09,108.63,110.75,108.3,110.09,19277800,yahoo
2002-02-11,111.44,110.05,111.64,109.82,111.44,18792400,yahoo
2002-02-12,111.09,110.96,111.71,110.03,111.09,13942500,yahoo
2002-02-13,112.27,111.48,112.54,111.35,112.27,16781100,yahoo
2002-02-14,112.06,112.51,112.97,111.59,112.06,20453800,yahoo
2002-02-15,110.89,112.15,112.24,110.71,110.89,18366800,yahoo
2002-02-19,108.76,110.15,110.29,108.61,108.76,15988100,yahoo
2002-02-20,110.59,109.05,110.59,107.82,110.59,29242800,yahoo
2002-02-21,108.3,109.93,110.63,108.26,108.3,26288600,yahoo
2002-02-22,109.64,108.35,109.94,107.87,109.64,26572900,yahoo
2002-02-25,111.45,109.74,111.81,109.7,111.45,17458700,yahoo
2002-02-26,111.22,111.6,112.04,110.57,111.22,22346500,yahoo
2002-02-27,111.65,111.96,112.86,110.65,111.65,28597900,yahoo
2002-02-28,111.15,111.83,112.75,111.03,111.15,23755400,yahoo
2002-03-01,113.74,111.72,113.85,111.51,113.74,26273600,yahoo
2002-03-04,115.75,113.9,115.99,113.65,115.75,27184600,yahoo
2002-03-05,115.38,115.33,116.4,114.97,115.38,22718900,yahoo
2002-03-06,116.75,115.1,117.15,115.07,116.75,20143200,yahoo
2002-03-07,116.5,117.36,117.5,115.57,116.5,19330800,yahoo
2002-03-08,116.99,117.38,117.9,116.48,116.99,19930100,yahoo
2002-03-11,117.24,116.89,117.9,116.43,117.24,15621800,yahoo
2002-03-12,117.17,116.1,117.25,115.94,117.17,17153600,yahoo
2002-03-13,116.04,116.63,116.75,115.64,116.04,17175300,yahoo
2002-03-14,115.88,116.04,116.43,115.63,115.88,11168100,yahoo
2002-03-15,116.65,115.97,116.95,115.9,116.65,21220100,yahoo
2002-03-18,116.67,117.1,117.56,116.1,116.67,17548900,yahoo
2002-03-19,117.45,117.3,117.74,116.82,117.45,17912000,yahoo
2002-03-20,115.24,116.5,116.58,115.19,115.24,17114500,yahoo
2002-03-21,115.29,115.3,115.9,114.12,115.29,25846800,yahoo
2002-03-22,115.04,115.5,115.94,114.7,115.04,15235400,yahoo
2002-03-25,113.61,115.09,115.36,113.3,113.61,17499600,yahoo
2002-03-26,114.27,113.52,115.02,113.47,114.27,19947600,yahoo
2002-03-27,114.57,114.03,115.01,113.76,114.57,19020300,yahoo
2002-03-28,114.52,114.97,115.77,114.5,114.52,17532900,yahoo
2002-04-01,114.57,114.23,115.1,113.5,114.57,17711000,yahoo
2002-04-02,113.94,113.98,114.95,113.77,113.94,15669500,yahoo
2002-04-03,113.14,114.01,114.21,112.16,113.14,25658500,yahoo
2002-04-04,112.67,112.6,113.4,112.23,112.67,23549000,yahoo
2002-04-05,112.69,113.19,113.63,112.18,112.69,19404900,yahoo
2002-04-08,112.93,111.32,113.03,111.23,112.93,16470100,yahoo
2002-04-09,112.14,113.18,113.18,111.93,112.14,15122700,yahoo
2002-04-10,113.41,112.1,113.54,112.09,113.41,17199300,yahoo
2002-04-11,110.59,112.89,113.05,110.5,110.59,25453700,yahoo
2002-04-12,111.42,111.02,111.65,110.04,111.42,14950600,yahoo
2002-04-15,110.57,111.62,111.86,110.2,110.57,17394900,yahoo
2002-04-16,113.2,111.7,113.32,111.67,113.2,15040900,yahoo
2002-04-17,112.96,113.39,113.67,112.6,112.96,12920100,yahoo
2002-04-18,112.47,112.9,113.46,111.15,112.47,25204800,yahoo
2002-04-19,112.88,113.2,113.24,112.56,112.88,10499200,yahoo
2002-04-22,111.0,112.38,112.43,110.84,111.0,13922900,yahoo
2002-04-23,110.52,111.09,111.48,110.17,110.52,16967000,yahoo
2002-04-24,109.41,110.56,111.81,109.4,109.41,18902700,yahoo
2002-04-25,109.47,109.21,109.74,108.72,109.47,25451500,yahoo
2002-04-26,107.39,109.79,110.01,107.29,107.39,19769800,yahoo
2002-04-29,106.86,107.93,108.26,106.63,106.86,17724400,yahoo
2002-04-30,107.86,107.02,108.64,106.64,107.86,19473500,yahoo
2002-05-01,109.18,107.97,109.25,106.8,109.18,24575600,yahoo
2002-05-02,108.76,109.1,109.91,107.78,108.76,15666800,yahoo
2002-05-03,107.58,108.6,108.76,107.2,107.58,18185500,yahoo
2002-05-06,105.47,107.64,107.99,105.31,105.47,23630400,yahoo
2002-05-07,105.1,106.1,106.32,104.9,105.1,21910000,yahoo
2002-05-08,109.01,107.05,109.36,106.79,109.01,27917400,yahoo
2002-05-09,107.75,108.65,109.1,107.58,107.75,18085600,yahoo
2002-05-10,105.72,107.97,108.05,105.6,105.72,18958900,yahoo
2002-05-13,107.87,106.22,107.95,105.79,107.87,14677700,yahoo
2002-05-14,110.22,109.62,110.37,109.0,110.22,34201200,yahoo
2002-05-15,109.79,109.5,110.91,109.29,109.79,29535300,yahoo
2002-05-16,110.36,109.7,110.48,109.33,110.36,28092000,yahoo
2002-05-17,110.9,110.66,111.25,110.1,110.9,27823700,yahoo
2002-05-20,109.7,110.64,110.69,109.49,109.7,13833800,yahoo
2002-05-21,108.7,110.11,110.48,108.32,108.7,16877200,yahoo
2002-05-22,108.94,108.22,109.12,108.0,108.94,15844200,yahoo
2002-05-23,110.1,109.26,110.36,108.48,110.1,13879800,yahoo
2002-05-24,108.69,109.98,110.2,108.61,108.69,11877000,yahoo
2002-05-28,108.1,109.05,109.13,107.45,108.1,24236900,yahoo
2002-05-29,107.3,107.62,108.02,107.13,107.3,14773300,yahoo
2002-05-30,107.0,106.55,107.51,105.9,107.0,18217900,yahoo
2002-05-31,107.22,107.4,108.56,106.85,107.22,19826300,yahoo
2002-06-03,104.37,107.09,107.6,104.13,104.37,26056300,yahoo
2002-06-04,104.63,104.15,105.2,103.55,104.63,25856200,yahoo
2002-06-05,105.61,104.95,105.67,104.35,105.61,19695900,yahoo
2002-06-06,103.46,105.54,105.6,103.15,103.46,22998500,yahoo
2002-06-07,103.34,101.78,103.92,101.72,103.34,24011600,yahoo
2002-06-10,103.74,103.24,104.46,103.02,103.74,18759900,yahoo
2002-06-11,101.96,104.13,104.54,101.73,101.96,19990700,yahoo
2002-06-12,102.58,101.71,102.81,100.78,102.58,31266000,yahoo
2002-06-13,101.55,102.13,103.0,101.34,101.55,21043900,yahoo
2002-06-14,101.4,100.31,101.56,98.5,101.4,39267500,yahoo
2002-06-17,104.12,101.92,104.34,101.85,104.12,17647200,yahoo
2002-06-18,104.97,103.74,105.03,103.63,104.97,21628500,yahoo
2002-06-19,102.52,103.5,104.43,102.24,102.52,21540700,yahoo
2002-06-20,101.21,102.26,103.05,100.96,101.21,25691000,yahoo
2002-06-21,99.28,100.47,100.93,98.68,99.28,31190700,yahoo
2002-06-24,99.8,98.61,100.69,97.25,99.8,37169700,yahoo
2002-06-25,97.56,100.3,100.89,97.54,97.56,33355000,yahoo
2002-06-26,97.72,95.2,98.15,95.19,97.72,37913600,yahoo
2002-06-27,99.43,98.5,99.49,96.57,99.43,31616400,yahoo
2002-06-28,98.96,99.24,100.5,98.88,98.96,28184200,yahoo
2002-07-01,97.03,99.18,99.8,96.89,97.03,20270200,yahoo
2002-07-02,94.97,96.86,97.2,94.77,94.97,34213900,yahoo
2002-07-03,95.51,94.62,95.84,93.72,95.51,30565800,yahoo
2002-07-05,99.31,96.78,99.53,96.66,99.31,19013500,yahoo
2002-07-08,98.07,98.98,99.7,97.56,98.07,19118600,yahoo
2002-07-09,95.6,97.73,98.34,95.01,95.6,28620400,yahoo
2002-07-10,92.12,96.0,96.07,92.04,92.12,50522500,yahoo
2002-07-11,92.87,91.76,93.35,90.32,92.87,59476500,yahoo
2002-07-12,91.85,93.33,93.89,91.52,91.85,39018600,yahoo
2002-07-15,92.34,91.64,92.4,87.89,92.34,77317200,yahoo
2002-07-16,90.56,91.12,92.38,89.87,90.56,53282400,yahoo
2002-07-17,90.74,92.46,93.3,89.75,90.74,48880600,yahoo
2002-07-18,87.8,90.7,91.1,87.75,87.8,32656700,yahoo
2002-07-19,84.71,86.76,87.55,84.3,84.71,77572600,yahoo
2002-07-22,82.2,84.1,85.91,81.45,82.2,78134000,yahoo
2002-07-23,79.95,82.55,83.24,79.75,79.95,74484100,yahoo
2002-07-24,84.72,78.13,85.12,77.68,84.72,107022800,yahoo
2002-07-25,84.0,84.27,85.85,81.6,84.0,87176600,yahoo
2002-07-26,85.6,84.65,85.93,83.8,85.6,41206800,yahoo
2002-07-29,89.77,87.5,90.34,87.3,89.77,53492900,yahoo
2002-07-30,90.94,89.32,91.4,88.72,90.94,47532200,yahoo
2002-07-31,91.16,90.49,91.55,89.25,91.16,44669900,yahoo
2002-08-01,88.78,90.88,91.35,88.33,88.78,66571900,yahoo
2002-08-02,86.79,88.5,88.91,85.62,86.79,51772900,yahoo
2002-08-05,83.77,86.49,86.93,83.55,83.77,47191300,yahoo
2002-08-06,86.59,85.23,87.9,85.11,86.59,64730000,yahoo
2002-08-07,88.1,87.87,88.5,85.77,88.1,43289400,yahoo
2002-08-08,90.95,88.42,91.1,87.8,90.95,48339800,yahoo
2002-08-09,91.29,90.1,91.94,89.35,91.29,41879200,yahoo
2002-08-12,90.62,89.99,91.27,89.55,90.62,25841700,yahoo
2002-08-13,88.97,90.15,91.66,88.65,88.97,49690500,yahoo
2002-08-14,92.22,89.02,92.63,88.02,92.22,57423600,yahoo
2002-08-15,93.5,92.84,93.99,92.2,93.5,45551500,yahoo
2002-08-16,93.22,92.82,94.08,92.0,93.22,36517300,yahoo
2002-08-19,95.4,93.46,95.75,93.1,95.4,33669900,yahoo
2002-08-20,94.39,94.82,95.4,93.62,94.39,30508300,yahoo
2002-08-21,95.75,95.06,95.78,93.57,95.75,39628900,yahoo
2002-08-22,96.68,95.49,97.15,95.07,96.68,38399800,yahoo
2002-08-23,94.6,96.01,96.15,94.15,94.6,33716400,yahoo
2002-08-26,95.26,94.91,95.64,93.5,95.26,33830100,yahoo
2002-08-27,94.16,95.7,96.25,93.5,94.16,35335700,yahoo
2002-08-28,92.1,93.28,93.49,91.8,92.1,38970600,yahoo
2002-08-29,92.14,91.27,93.05,90.81,92.14,42965700,yahoo
2002-08-30,91.78,91.68,93.39,91.4,91.78,30366700,yahoo
2002-09-03,88.28,90.73,91.0,88.15,88.28,76586400,yahoo
2002-09-04,89.54,88.61,90.25,88.06,89.54,51099500,yahoo
2002-09-05,88.78,88.49,89.43,87.5,88.78,67250900,yahoo
2002-09-06,90.0,89.75,90.57,89.34,90.0,38622200,yahoo
2002-09-09,90.66,89.1,91.35,88.8,90.66,33998400,yahoo
2002-09-10,91.7,91.14,91.78,90.56,91.7,41416600,yahoo
2002-09-11,91.13,92.47,93.33,91.1,91.13,27711200,yahoo
2002-09-12,89.45,90.75,90.84,88.99,89.45,43601700,yahoo
2002-09-13,89.67,88.69,89.9,88.25,89.67,41131000,yahoo
2002-09-16,89.89,89.31,89.89,88.46,89.89,28167600,yahoo
2002-09-17,87.83,90.89,91.19,87.75,87.83,47609700,yahoo
2002-09-18,86.95,87.01,88.5,86.28,86.95,54719400,yahoo
2002-09-19,84.7,85.99,86.8,84.7,84.7,48510500,yahoo
2002-09-20,84.35,84.92,85.2,84.05,84.35,46325600,yahoo
2002-09-23,83.66,83.65,84.06,82.69,83.66,46893800,yahoo
2002-09-24,82.31,82.44,83.65,81.85,82.31,69507000,yahoo
2002-09-25,84.35,83.37,84.77,82.04,84.35,59294400,yahoo
2002-09-26,85.73,85.02,85.97,84.45,85.73,53638000,yahoo
2002-09-27,82.75,85.0,85.63,82.75,82.75,64648300,yahoo
2002-09-30,81.79,82.0,82.8,80.9,81.79,73096400,yahoo
2002-10-01,85.72,82.43,85.77,81.47,85.72,67198100,yahoo
2002-10-02,83.15,84.69,85.53,82.6,83.15,56749100,yahoo
2002-10-03,82.31,83.14,84.6,81.95,82.31,55547000,yahoo
2002-10-04,80.8,82.8,82.92,79.58,80.8,68483700,yahoo
2002-10-07,79.13,80.06,81.2,78.55,79.13,53188000,yahoo
2002-10-08,80.37,79.81,81.31,78.2,80.37,79531000,yahoo
2002-10-09,78.1,79.09,79.7,77.78,78.1,79956400,yahoo
2002-10-10,80.63,77.94,81.07,77.07,80.63,76749000,yahoo
2002-10-11,84.16,82.1,84.73,81.82,84.16,82308300,yahoo
2002-10-14,84.63,83.2,84.85,83.04,84.63,40631900,yahoo
2002-10-15,88.7,86.99,88.72,86.85,88.7,82320300,yahoo
2002-10-16,86.55,87.41,87.8,85.92,86.55,62977800,yahoo
2002-10-17,88.27,88.87,89.3,87.85,88.27,68534100,yahoo
2002-10-18,88.64,87.65,89.11,86.93,88.64,47448700,yahoo
2002-10-21,90.17,88.12,90.5,87.57,90.17,45859100,yahoo
2002-10-22,89.52,89.05,90.01,88.52,89.52,40966800,yahoo
2002-10-23,90.2,88.77,90.27,87.68,90.2,54905800,yahoo
2002-10-24,88.36,90.75,90.9,88.1,88.36,54987400,yahoo
2002-10-25,90.2,88.21,90.39,87.94,90.2,43672100,yahoo
2002-10-28,89.61,91.15,91.29,88.85,89.61,39416100,yahoo
2002-10-29,88.57,89.08,89.49,87.0,88.57,59508200,yahoo
2002-10-30,89.43,88.68,89.96,88.23,89.43,41688600,yahoo
2002-10-31,88.52,89.66,90.3,88.19,88.52,41620600,yahoo
2002-11-01,90.27,88.35,90.82,88.05,90.27,51878900,yahoo
2002-11-04,91.13,91.8,92.94,90.9,91.13,49080600,yahoo
2002-11-05,91.85,90.84,92.07,90.84,91.85,37270800,yahoo
2002-11-06,93.04,92.48,93.07,90.79,93.04,65013100,yahoo
2002-11-07,90.76,92.02,92.22,90.22,90.76,51572000,yahoo
2002-11-08,89.65,90.53,91.57,89.52,89.65,37905400,yahoo
2002-11-11,88.26,89.51,89.56,87.8,88.26,33505100,yahoo
2002-11-12,88.96,88.66,89.93,88.37,88.96,37724500,yahoo
2002-11-13,89.05,88.32,89.74,87.45,89.05,63891500,yahoo
2002-11-14,90.73,90.07,91.0,89.75,90.73,31896800,yahoo
2002-11-15,91.4,90.0,91.55,89.95,91.4,39152100,yahoo
2002-11-18,90.48,92.15,92.15,90.35,90.48,28934800,yahoo
2002-11-19,90.36,90.02,91.1,89.76,90.36,32806600,yahoo
2002-11-20,92.37,89.98,92.42,89.95,92.37,36688400,yahoo
2002-11-21,94.09,92.6,94.19,92.43,94.09,55128200,yahoo
2002-11-22,93.42,93.48,94.27,93.27,93.42,32513800,yahoo
2002-11-25,93.48,93.43,94.26,92.77,93.48,33846400,yahoo
2002-11-26,91.7,93.07,93.45,91.62,91.7,42284700,yahoo
2002-11-27,94.28,92.52,94.65,92.43,94.28,37764000,yahoo
2002-11-29,93.98,94.8,94.95,93.77,93.98,19385700,yahoo
2002-12-02,94.13,95.47,96.05,93.22,94.13,49911900,yahoo
2002-12-03,92.87,93.25,93.4,92.35,92.87,34407700,yahoo
2002-12-04,92.45,91.77,93.14,91.43,92.45,64040800,yahoo
2002-12-05,91.43,92.73,92.8,91.1,91.43,36724900,yahoo
2002-12-06,92.03,90.12,92.17,89.98,92.03,49824100,yahoo
2002-12-09,89.5,91.07,91.46,89.48,89.5,36789600,yahoo
2002-12-10,90.7,90.02,91.1,89.76,90.7,33319900,yahoo
2002-12-11,90.78,90.42,91.62,90.16,90.78,39201000,yahoo
2002-12-12,90.77,91.2,91.49,90.2,90.77,34465600,yahoo
2002-12-13,89.34,89.91,90.48,89.27,89.34,36862200,yahoo
2002-12-16,91.65,89.82,91.79,89.66,91.65,37098400,yahoo
2002-12-17,90.85,91.37,91.74,90.74,90.85,32353900,yahoo
2002-12-18,89.8,90.32,90.4,89.33,89.8,35612600,yahoo
2002-12-19,89.16,89.35,90.7,88.6,89.16,39264200,yahoo
2002-12-20,89.99,89.2,90.02,89.1,89.99,31176900,yahoo
2002-12-23,90.02,89.59,90.47,89.31,90.02,22599300,yahoo
2002-12-24,89.35,89.59,89.86,89.25,89.35,10937000,yahoo
2002-12-26,89.39,89.7,90.61,88.84,89.39,17485600,yahoo
2002-12-27,87.38,88.96,89.29,87.38,87.38,22205700,yahoo
2002-12-30,88.11,87.79,88.47,87.22,88.11,29968000,yahoo
2002-12-31,88.23,87.99,88.43,87.11,88.23,34036600,yahoo
2003-01-02,91.07,88.85,91.3,88.54,91.07,44516300,yahoo
2003-01-03,91.35,90.91,91.38,90.5,91.35,32222600,yahoo
2003-01-06,92.96,91.24,93.49,91.17,92.96,40984500,yahoo
2003-01-07,92.73,92.9,93.37,92.2,92.73,38640400,yahoo
2003-01-08,91.39,92.2,92.4,91.05,91.39,38702200,yahoo
2003-01-09,92.81,91.82,93.18,91.41,92.81,34804900,yahoo
2003-01-10,93.06,91.95,93.64,91.8,93.06,37768900,yahoo
2003-01-13,93.03,93.54,93.86,92.44,93.03,31649900,yahoo
2003-01-14,93.33,92.69,93.83,92.41,93.33,30733000,yahoo
2003-01-15,92.4,93.54,93.57,91.91,92.4,33511800,yahoo
2003-01-16,92.02,92.5,92.93,91.45,92.02,44812100,yahoo
2003-01-17,90.66,90.99,92.3,90.15,90.66,35618300,yahoo
2003-01-21,89.25,90.87,90.92,88.95,89.25,36826200,yahoo
2003-01-22,88.17,88.77,89.8,88.0,88.17,42286500,yahoo
2003-01-23,88.71,88.75,89.38,87.95,88.71,55919800,yahoo
2003-01-24,86.38,88.59,88.68,86.17,86.38,68633900,yahoo
2003-01-27,85.2,85.73,86.8,84.5,85.2,57884400,yahoo
2003-01-28,85.83,85.63,86.4,85.13,85.83,46929100,yahoo
2003-01-29,86.48,85.42,87.18,84.77,86.48,53712200,yahoo
2003-01-30,84.43,86.79,86.88,84.4,84.43,49845900,yahoo
2003-01-31,86.06,84.15,86.21,84.15,86.06,55317000,yahoo
2003-02-03,86.23,86.14,86.81,85.92,86.23,39696000,yahoo
2003-02-04,85.38,85.31,85.75,84.3,85.38,43633400,yahoo
2003-02-05,84.85,85.75,86.54,84.48,84.85,55270600,yahoo
2003-02-06,84.45,84.37,84.89,83.65,84.45,53638000,yahoo
2003-02-07,83.42,84.91,84.99,82.97,83.42,43165000,yahoo
2003-02-10,84.01,83.46,84.13,82.65,84.01,45455900,yahoo
2003-02-11,83.43,84.37,84.88,82.83,83.43,46861000,yahoo
2003-02-12,82.1,83.16,83.62,82.09,82.1,35873600,yahoo
2003-02-13,82.35,82.15,82.66,81.0,82.35,57934100,yahoo
2003-02-14,84.15,82.37,84.2,81.82,84.15,59580900,yahoo
2003-02-18,85.63,84.53,85.8,84.39,85.63,39492700,yahoo
2003-02-19,85.18,85.32,85.47,84.28,85.18,31432000,yahoo
2003-02-20,84.33,85.21,85.42,84.05,84.33,29280100,yahoo
2003-02-21,85.18,84.38,85.74,83.46,85.18,60955800,yahoo
2003-02-24,83.8,84.93,85.0,83.59,83.8,30628600,yahoo
2003-02-25,84.47,82.95,84.49,82.22,84.47,56770600,yahoo
2003-02-26,83.24,84.02,84.53,83.08,83.24,37787200,yahoo
2003-02-27,84.34,83.7,84.75,83.16,84.34,51126000,yahoo
2003-02-28,84.9,84.47,85.23,84.16,84.9,43666800,yahoo
2003-03-03,84.09,85.26,85.78,83.72,84.09,42923100,yahoo
2003-03-04,82.75,83.95,84.01,82.65,82.75,31440500,yahoo
2003-03-05,83.45,82.61,83.54,82.36,83.45,43974700,yahoo
2003-03-06,82.75,82.87,83.52,82.47,82.75,41217700,yahoo
2003-03-07,83.32,81.61,83.99,81.43,83.32,63538000,yahoo
2003-03-10,81.32,82.6,82.86,81.1,81.32,41014100,yahoo
2003-03-11,80.52,81.48,82.0,80.48,80.52,48102700,yahoo
2003-03-12,81.06,80.38,81.1,79.38,81.06,62459800,yahoo
2003-03-13,83.86,82.18,83.91,81.53,83.86,72117800,yahoo
2003-03-14,84.13,84.2,84.77,83.35,84.13,63951800,yahoo
2003-03-17,86.78,83.46,86.95,83.22,86.78,88217500,yahoo
2003-03-18,87.29,87.15,87.35,86.28,87.29,50792300,yahoo
2003-03-19,87.96,87.28,88.16,86.68,87.96,49630800,yahoo
2003-03-20,88.15,87.33,88.59,86.35,88.15,67321600,yahoo
2003-03-21,89.67,88.8,89.88,87.93,89.67,71165300,yahoo
2003-03-24,86.69,88.02,88.14,86.35,86.69,65398900,yahoo
2003-03-25,87.52,86.74,88.26,86.44,87.52,61040100,yahoo
2003-03-26,87.08,87.56,87.85,86.8,87.08,45740800,yahoo
2003-03-27,87.15,86.4,87.66,85.99,87.15,53120200,yahoo
2003-03-28,86.71,86.47,87.28,86.25,86.71,32583000,yahoo
2003-03-31,84.74,85.35,86.59,84.4,84.74,61119500,yahoo
2003-04-01,86.04,85.25,86.39,84.91,86.04,53574000,yahoo
2003-04-02,88.12,87.54,88.77,87.5,88.12,50431200,yahoo
2003-04-03,87.7,88.87,88.99,87.65,87.7,48755500,yahoo
2003-04-04,88.22,88.43,88.59,87.62,88.22,36250100,yahoo
2003-04-07,88.05,90.34,90.85,87.97,88.05,69776200,yahoo
2003-04-08,88.19,88.3,88.65,87.71,88.19,39712700,yahoo
2003-04-09,87.03,88.36,89.1,86.77,87.03,55647300,yahoo
2003-04-10,87.51,87.09,87.63,85.71,87.51,41812400,yahoo
2003-04-11,87.15,88.16,88.7,86.86,87.15,47730100,yahoo
2003-04-14,88.95,87.47,89.0,87.0,88.95,36711700,yahoo
2003-04-15,89.78,88.84,89.78,88.42,89.78,49709800,yahoo
2003-04-16,88.25,89.91,90.06,88.03,88.25,51788000,yahoo
2003-04-17,89.56,88.3,89.72,88.19,89.56,37403100,yahoo
2003-04-21,89.65,89.86,90.16,89.06,89.65,32052700,yahoo
2003-04-22,91.34,89.1,91.56,88.89,91.34,59763600,yahoo
2003-04-23,92.18,91.62,92.35,91.24,92.18,44227100,yahoo
2003-04-24,91.36,91.53,92.08,90.96,91.36,49692400,yahoo
2003-04-25,90.23,91.3,91.47,90.02,90.23,43917200,yahoo
2003-04-28,91.79,90.44,92.19,90.3,91.79,46432900,yahoo
2003-04-29,92.11,92.14,92.8,91.4,92.11,52017100,yahoo
2003-04-30,91.91,91.91,92.57,91.41,91.91,48709100,yahoo
2003-05-01,91.9,91.92,92.73,90.5,91.9,50240400,yahoo
2003-05-02,93.21,91.56,93.47,91.49,93.21,50201500,yahoo
2003-05-05,93.03,93.47,93.78,92.5,93.03,35437800,yahoo
2003-05-06,93.91,93.04,94.38,93.0,93.91,44401000,yahoo
2003-05-07,93.39,93.42,94.14,92.97,93.39,41413100,yahoo
2003-05-08,92.45,92.52,93.33,92.28,92.45,40570700,yahoo
2003-05-09,93.73,92.83,93.8,92.61,93.73,33608100,yahoo
2003-05-12,94.88,93.5,95.12,93.28,94.88,35662300,yahoo
2003-05-13,94.71,94.53,95.18,94.26,94.71,39253600,yahoo
2003-05-14,94.51,95.09,95.24,93.91,94.51,32195100,yahoo
2003-05-15,95.11,94.89,95.33,94.25,95.11,43879200,yahoo
2003-05-16,94.87,94.89,95.45,94.26,94.87,38905000,yahoo
2003-05-19,92.65,94.15,94.42,92.33,92.65,41606000,yahoo
2003-05-20,92.46,92.82,93.03,91.59,92.46,55404600,yahoo
2003-05-21,92.65,92.11,92.88,91.91,92.65,49333800,yahoo
2003-05-22,93.57,92.95,94.05,92.68,93.57,38421800,yahoo
2003-05-23,93.76,93.53,93.98,93.14,93.76,26155900,yahoo
2003-05-27,95.4,93.3,95.84,93.07,95.4,43719200,yahoo
2003-05-28,95.67,95.85,96.47,95.43,95.67,37727100,yahoo
2003-05-29,95.42,95.88,96.82,95.08,95.42,50844200,yahoo
2003-05-30,96.95,95.9,97.09,95.56,96.95,52529500,yahoo
2003-06-02,97.35,97.53,98.45,96.67,97.35,50305500,yahoo
2003-06-03,97.75,97.15,97.84,96.85,97.75,38254500,yahoo
2003-06-04,99.16,97.66,99.35,97.57,99.16,49360700,yahoo
2003-06-05,99.65,98.58,99.65,98.27,99.65,46262400,yahoo
2003-06-06,99.26,100.4,101.4,99.13,99.26,60356800,yahoo
2003-06-09,98.25,98.77,99.1,97.77,98.25,37808500,yahoo
2003-06-10,99.25,98.46,99.26,98.19,99.25,29965900,yahoo
2003-06-11,100.3,99.16,100.39,98.71,100.3,37610200,yahoo
2003-06-12,100.61,100.75,100.9,99.62,100.61,36442000,yahoo
2003-06-13,99.56,100.61,100.75,98.95,99.56,48628300,yahoo
2003-06-16,101.66,99.96,101.7,99.8,101.66,36326300,yahoo
2003-06-17,101.66,102.07,102.18,101.23,101.66,36801800,yahoo
2003-06-18,101.57,101.29,102.14,101.0,101.57,35521000,yahoo
2003-06-19,100.02,101.64,101.73,99.84,100.02,43551700,yahoo
2003-06-20,99.44,100.39,100.5,99.42,99.44,41545000,yahoo
2003-06-23,98.42,99.45,99.66,97.92,98.42,34237500,yahoo
2003-06-24,98.52,98.22,99.09,98.02,98.52,36213600,yahoo
2003-06-25,97.53,98.53,99.44,97.53,97.53,47743400,yahoo
2003-06-26,98.8,97.78,98.98,96.96,98.8,33477300,yahoo
2003-06-27,97.66,98.75,99.19,97.58,97.66,54208800,yahoo
2003-06-30,97.63,98.22,98.67,97.47,97.63,33349000,yahoo
2003-07-01,98.53,97.25,98.85,96.43,98.53,51322800,yahoo
2003-07-02,99.77,98.77,99.79,98.57,99.77,34662100,yahoo
2003-07-03,98.74,99.07,99.85,97.9,98.74,30792800,yahoo
2003-07-07,100.7,99.65,100.9,99.65,100.7,31391100,yahoo
2003-07-08,101.15,100.5,101.29,100.17,101.15,30952500,yahoo
2003-07-09,100.58,100.92,101.4,100.03,100.58,36528500,yahoo
2003-07-10,99.3,99.84,100.04,98.63,99.3,49777700,yahoo
2003-07-11,100.24,99.39,100.45,99.39,100.24,39976300,yahoo
2003-07-14,100.73,101.2,101.9,100.45,100.73,42114900,yahoo
2003-07-15,100.51,101.38,101.46,99.95,100.51,42573600,yahoo
2003-07-16,99.92,100.81,100.87,99.23,99.92,39894200,yahoo
2003-07-17,98.5,99.15,99.88,98.16,98.5,52253500,yahoo
2003-07-18,99.51,99.02,99.8,98.46,99.51,35698100,yahoo
2003-07-21,98.28,99.45,99.49,97.85,98.28,34786000,yahoo
2003-07-22,99.17,98.69,99.41,97.92,99.17,49968300,yahoo
2003-07-23,99.24,99.21,99.45,98.28,99.24,37275400,yahoo
2003-07-24,98.49,99.99,100.34,98.37,98.49,40896200,yahoo
2003-07-25,100.23,98.66,100.29,98.04,100.23,43241100,yahoo
2003-07-28,99.86,100.37,100.98,99.67,99.86,34382800,yahoo
2003-07-29,99.4,100.14,100.26,98.68,99.4,53472100,yahoo
2003-07-30,99.16,99.6,99.75,98.93,99.16,28363300,yahoo
2003-07-31,99.39,99.98,100.91,99.17,99.39,54937200,yahoo
2003-08-01,98.51,99.19,99.53,98.24,98.51,49321000,yahoo
2003-08-04,98.51,98.31,99.0,97.0,98.51,55214100,yahoo
2003-08-05,96.42,98.41,98.76,96.34,96.42,61415600,yahoo
2003-08-06,96.98,96.69,98.06,96.42,96.98,50096900,yahoo
2003-08-07,98.0,97.17,98.07,96.76,98.0,43427400,yahoo
2003-08-08,98.28,98.32,98.55,97.76,98.28,27357300,yahoo
2003-08-11,98.65,98.26,99.04,97.84,98.65,34631400,yahoo
2003-08-12,99.55,98.71,99.59,98.42,99.55,43285600,yahoo
2003-08-13,99.04,99.82,99.85,98.53,99.04,36152000,yahoo
2003-08-14,99.31,99.1,99.75,98.45,99.31,35525100,yahoo
2003-08-15,99.62,99.36,99.79,99.12,99.62,12567000,yahoo
2003-08-18,100.48,99.93,100.6,99.74,100.48,22873800,yahoo
2003-08-19,100.86,100.69,100.94,100.0,100.86,37437700,yahoo
2003-08-20,100.45,100.29,100.89,100.16,100.45,21295300,yahoo
2003-08-21,100.77,101.05,101.52,100.4,100.77,46494200,yahoo
2003-08-22,99.77,101.75,101.82,99.73,99.77,52040300,yahoo
2003-08-25,99.93,99.71,100.83,99.28,99.93,23473000,yahoo
2003-08-26,100.11,99.5,100.39,98.83,100.11,45065800,yahoo
2003-08-27,100.14,100.05,100.36,99.57,100.14,18919500,yahoo
2003-08-28,100.76,100.4,101.0,99.66,100.76,27402400,yahoo
2003-08-29,101.44,100.61,101.48,100.48,101.44,28706600,yahoo
2003-09-02,102.8,101.64,102.88,101.05,102.8,49419100,yahoo
2003-09-03,103.36,103.03,103.7,102.78,103.36,44912400,yahoo
2003-09-04,103.41,103.1,103.55,102.76,103.41,28381000,yahoo
2003-09-05,102.83,102.94,103.55,102.4,102.83,31637300,yahoo
2003-09-08,103.68,103.04,103.88,102.93,103.68,32632800,yahoo
2003-09-09,103.0,103.37,103.46,102.68,103.0,35053200,yahoo
2003-09-10,101.96,102.53,102.8,101.55,101.96,45904900,yahoo
2003-09-11,102.26,102.1,102.76,101.84,102.26,38396300,yahoo
2003-09-12,102.45,101.91,102.64,101.35,102.45,42524800,yahoo
2003-09-15,102.09,102.52,102.63,101.95,102.09,21312800,yahoo
2003-09-16,103.58,102.23,103.64,102.17,103.58,37892600,yahoo
2003-09-17,103.38,103.48,103.79,103.05,103.38,31885800,yahoo
2003-09-18,104.6,103.4,104.7,103.17,104.6,30243600,yahoo
2003-09-19,103.67,104.27,104.6,103.4,103.67,34331600,yahoo
2003-09-22,102.55,102.85,102.96,102.03,102.55,36677400,yahoo
2003-09-23,102.94,102.59,103.29,102.36,102.94,32489200,yahoo
2003-09-24,101.11,103.12,103.22,101.07,101.11,41694700,yahoo
2003-09-25,100.28,101.41,101.88,100.2,100.28,52673100,yahoo
2003-09-26,99.95,100.44,100.66,99.85,99.95,42914700,yahoo
2003-09-29,100.93,100.3,100.99,99.79,100.93,36771600,yahoo
2003-09-30,99.95,100.48,100.76,99.25,99.95,70764500,yahoo
2003-10-01,102.08,100.24,102.18,100.2,102.08,65797600,yahoo
2003-10-02,102.45,101.93,102.56,101.63,102.45,44591500,yahoo
2003-10-03,103.39,103.67,104.28,103.08,103.39,48806900,yahoo
2003-10-06,103.86,103.48,103.99,103.2,103.86,20226500,yahoo
2003-10-07,104.26,103.26,104.31,102.91,104.26,42602900,yahoo
2003-10-08,104.0,104.33,104.39,103.41,104.0,30920800,yahoo
2003-10-09,104.28,104.88,105.22,103.83,104.28,40066500,yahoo
2003-10-10,104.57,104.27,104.6,103.91,104.57,22682800,yahoo
2003-10-13,104.9,104.71,105.29,104.51,104.9,23825600,yahoo
2003-10-14,105.27,104.8,105.43,104.36,105.27,38484400,yahoo
2003-10-15,104.99,105.86,105.89,104.64,104.99,39021700,yahoo
2003-10-16,105.41,104.68,105.73,104.65,105.41,32772200,yahoo
2003-10-17,104.26,105.47,105.63,103.98,104.26,32790300,yahoo
2003-10-20,105.04,104.45,105.04,103.94,105.04,27657000,yahoo
2003-10-21,104.86,104.82,105.28,104.32,104.86,26729100,yahoo
2003-10-22,103.54,104.03,104.19,103.19,103.54,33914500,yahoo
2003-10-23,103.35,102.89,103.95,102.84,103.35,45830500,yahoo
2003-10-24,103.58,102.83,103.58,102.18,103.58,51723600,yahoo
2003-10-27,103.63,103.74,104.18,103.27,103.63,32460200,yahoo
2003-10-28,105.04,103.98,105.15,103.82,105.04,34956200,yahoo
2003-10-29,105.18,104.77,105.43,103.87,105.18,30955400,yahoo
2003-10-30,105.4,105.79,105.97,104.8,105.4,39123100,yahoo
2003-10-31,105.3,105.4,105.74,105.22,105.3,25761600,yahoo
2003-11-03,105.99,105.75,106.61,105.71,105.99,37589300,yahoo
2003-11-04,105.76,105.99,106.27,105.58,105.76,31421600,yahoo
2003-11-05,105.84,105.49,105.97,104.9,105.84,33558800,yahoo
2003-11-06,106.4,105.6,106.44,105.1,106.4,28392300,yahoo
2003-11-07,105.61,106.64,106.72,105.57,105.61,31723200,yahoo
2003-11-10,105.18,105.74,105.84,105.01,105.18,25530800,yahoo
2003-11-11,105.15,105.09,105.33,104.8,105.15,26558600,yahoo
2003-11-12,106.33,105.23,106.47,105.16,106.33,28000000,yahoo
2003-11-13,106.36,106.01,106.54,105.78,106.36,29714800,yahoo
2003-11-14,105.46,106.4,106.95,105.29,105.46,49158500,yahoo
2003-11-17,104.93,104.91,105.14,104.04,104.93,44382100,yahoo
2003-11-18,103.84,105.24,105.45,103.7,103.84,41155000,yahoo
2003-11-19,104.72,104.03,105.01,103.92,104.72,29827000,yahoo
2003-11-20,103.78,104.0,105.24,103.75,103.78,53578700,yahoo
2003-11-21,104.21,104.24,104.33,103.62,104.21,30016000,yahoo
2003-11-24,105.59,104.69,105.78,104.68,105.59,28906400,yahoo
2003-11-25,105.99,105.73,106.42,105.45,105.99,37580000,yahoo
2003-11-26,106.37,106.42,106.45,105.39,106.37,33053600,yahoo
2003-11-28,106.45,106.28,106.66,106.2,106.45,10507500,yahoo
2003-12-01,107.6,106.85,107.68,106.8,107.6,38699000,yahoo
2003-12-02,107.33,107.38,107.77,107.07,107.33,35352000,yahoo
2003-12-03,107.16,107.65,108.08,107.07,107.16,39078600,yahoo
2003-12-04,107.6,107.17,107.72,106.94,107.6,36089500,yahoo
2003-12-05,106.85,107.12,107.8,106.62,106.85,28824400,yahoo
2003-12-08,107.57,106.74,107.64,106.68,107.57,32482900,yahoo
2003-12-09,106.74,107.9,107.93,106.54,106.74,43596100,yahoo
2003-12-10,106.73,106.77,106.98,105.96,106.73,36915400,yahoo
2003-12-11,107.93,106.68,108.1,106.67,107.93,45304000,yahoo
2003-12-12,108.14,107.97,108.2,107.39,108.14,34142200,yahoo
2003-12-15,107.6,109.17,109.23,107.48,107.6,38693400,yahoo
2003-12-16,108.16,107.68,108.5,107.52,108.16,32894200,yahoo
2003-12-17,108.5,108.06,108.5,107.8,108.5,23198800,yahoo
2003-12-18,109.72,108.55,109.73,108.39,109.72,29353100,yahoo
2003-12-19,108.9,109.3,109.37,108.58,108.9,41465100,yahoo
2003-12-22,109.66,108.79,109.66,108.78,109.66,27611300,yahoo
2003-12-23,109.73,109.48,109.95,109.38,109.73,24741200,yahoo
2003-12-24,109.62,109.52,109.88,109.43,109.62,8055800,yahoo
2003-12-26,109.7,109.71,110.08,109.63,109.7,8308400,yahoo
2003-12-29,111.16,110.1,111.27,109.78,111.16,22483700,yahoo
2003-12-30,111.18,111.09,111.27,110.85,111.18,19559500,yahoo
2003-12-31,111.28,111.22,111.52,110.84,111.28,31501800,yahoo
2004-01-02,111.23,111.74,112.19,110.73,111.23,38072300,yahoo
2004-01-05,112.44,111.69,112.52,111.59,112.44,27959800,yahoo
2004-01-06,112.55,112.16,112.73,112.0,112.55,20472800,yahoo
2004-01-07,112.93,112.39,113.06,111.89,112.93,30170400,yahoo
2004-01-08,113.38,113.25,113.41,112.77,113.38,36438400,yahoo
2004-01-09,112.39,112.83,113.5,112.27,112.39,54084300,yahoo
2004-01-12,113.22,112.55,113.25,112.36,113.22,31564100,yahoo
2004-01-13,112.56,113.09,113.23,111.76,112.56,54239700,yahoo
2004-01-14,113.5,112.76,113.66,112.67,113.5,30112800,yahoo
2004-01-15,113.78,113.57,114.06,112.58,113.78,38408700,yahoo
2004-01-16,114.23,114.04,114.31,113.63,114.23,31922700,yahoo
2004-01-20,114.2,114.53,114.65,113.82,114.2,29863000,yahoo
2004-01-21,115.1,114.13,115.3,113.72,115.1,30725000,yahoo
2004-01-22,114.8,115.14,115.38,114.58,114.8,29888500,yahoo
2004-01-23,114.43,115.0,115.37,113.95,114.43,44245300,yahoo
2004-01-26,115.87,114.39,115.93,114.38,115.87,30460600,yahoo
2004-01-27,114.68,115.75,116.5,114.65,114.68,35322800,yahoo
2004-01-28,113.37,114.98,115.28,112.94,113.37,52621300,yahoo
2004-01-29,113.48,113.56,113.85,112.56,113.48,60117100,yahoo
2004-01-30,113.48,113.52,113.72,113.09,113.48,30984400,yahoo
2004-02-02,113.97,113.7,114.68,113.12,113.97,38832400,yahoo
2004-02-03,113.78,113.74,114.14,113.44,113.78,25093500,yahoo
2004-02-04,112.85,113.19,113.73,112.79,112.85,39332600,yahoo
2004-02-05,113.18,113.17,113.54,112.78,113.18,37226800,yahoo
2004-02-06,114.45,113.42,114.7,113.2,114.45,37216000,yahoo
2004-02-09,114.48,114.67,114.87,114.29,114.48,24851300,yahoo
2004-02-10,114.85,114.28,115.14,114.26,114.85,27908100,yahoo
2004-02-11,116.07,114.85,116.39,114.17,116.07,42965700,yahoo
2004-02-12,115.65,115.97,116.27,115.58,115.65,27814700,yahoo
2004-02-13,115.13,115.82,116.2,114.75,115.13,44739900,yahoo
2004-02-17,116.17,115.85,116.43,115.77,116.17,23984300,yahoo
2004-02-18,115.66,116.2,116.6,115.35,115.66,28618000,yahoo
2004-02-19,115.23,116.33,116.39,115.06,115.23,51146200,yahoo
2004-02-20,114.88,115.48,115.56,114.32,114.88,46728800,yahoo
2004-02-23,114.59,115.22,115.26,114.17,114.59,36357000,yahoo
2004-02-24,114.39,114.27,114.99,113.03,114.39,43953000,yahoo
2004-02-25,114.87,114.46,115.06,114.32,114.87,31213600,yahoo
2004-02-26,114.94,114.61,115.29,114.34,114.94,29683000,yahoo
2004-02-27,115.02,115.19,115.74,114.63,115.02,39312000,yahoo
2004-03-01,116.16,115.43,116.34,115.25,116.16,33130800,yahoo
2004-03-02,115.48,115.94,116.97,115.23,115.48,38556400,yahoo
2004-03-03,115.69,115.25,115.87,114.92,115.69,31346200,yahoo
2004-03-04,115.99,115.72,116.1,115.52,115.99,21060000,yahoo
2004-03-05,116.38,115.42,116.95,115.28,116.38,55905600,yahoo
2004-03-08,114.96,116.34,116.62,114.91,114.96,39281600,yahoo
2004-03-09,114.5,115.1,115.21,114.24,114.5,39746100,yahoo
2004-03-10,112.58,114.72,114.77,112.56,112.58,67671800,yahoo
2004-03-11,111.12,112.4,113.27,111.1,111.12,89134800,yahoo
2004-03-12,112.58,111.73,112.71,111.58,112.58,54012200,yahoo
2004-03-15,111.2,112.27,112.35,110.9,111.2,57677200,yahoo
2004-03-16,111.79,111.78,112.06,110.84,111.79,59832600,yahoo
2004-03-17,113.04,112.18,113.26,112.1,113.04,41607300,yahoo
2004-03-18,113.07,112.7,113.27,111.93,113.07,60014300,yahoo
2004-03-19,111.06,112.41,112.57,111.04,111.06,48636200,yahoo
2004-03-22,109.65,110.54,110.57,109.1,109.65,62752100,yahoo
2004-03-23,109.46,110.25,110.4,109.36,109.46,54080200,yahoo
2004-03-24,109.55,109.58,110.14,108.85,109.55,51584300,yahoo
2004-03-25,111.0,110.08,111.3,109.79,111.0,49873600,yahoo
2004-03-26,111.03,110.96,111.79,110.8,111.03,37409500,yahoo
2004-03-29,112.59,111.63,112.74,111.58,112.59,44113600,yahoo
2004-03-30,112.97,112.3,113.07,112.22,112.97,39059900,yahoo
2004-03-31,113.1,112.99,113.4,112.38,113.1,48517600,yahoo
2004-04-01,113.78,113.07,113.87,113.05,113.78,45103800,yahoo
2004-04-02,114.64,114.81,114.84,113.9,114.64,50987700,yahoo
2004-04-05,115.27,114.46,115.38,114.44,115.27,30251800,yahoo
2004-04-06,114.9,114.83,115.18,114.62,114.9,28420900,yahoo
2004-04-07,114.63,114.95,114.98,114.11,114.63,45890500,yahoo
2004-04-08,114.37,115.41,115.41,113.74,114.37,46929700,yahoo
2004-04-12,114.82,114.58,115.08,114.57,114.82,23085200,yahoo
2004-04-13,113.21,115.26,115.3,113.02,113.21,56210300,yahoo
2004-04-14,113.39,112.61,113.64,112.55,113.39,62322300,yahoo
2004-04-15,112.96,113.45,113.78,112.36,112.96,61602500,yahoo
2004-04-16,113.83,113.38,114.05,112.98,113.83,47059200,yahoo
2004-04-19,113.83,113.55,113.99,113.27,113.83,28277600,yahoo
2004-04-20,111.92,114.08,114.32,111.78,111.92,53299400,yahoo
2004-04-21,112.67,112.2,112.95,111.87,112.67,50177300,yahoo
2004-04-22,114.25,112.48,114.67,112.44,114.25,62071500,yahoo
2004-04-23,114.36,114.42,114.57,113.79,114.36,29395700,yahoo
2004-04-26,114.2,114.5,114.94,113.6,114.2,35515200,yahoo
2004-04-27,114.3,114.23,115.12,113.96,114.3,43485500,yahoo
2004-04-28,112.82,113.89,114.01,112.5,112.82,50165800,yahoo
2004-04-29,111.83,112.72,113.32,111.16,111.83,69687600,yahoo
2004-04-30,110.96,112.17,112.38,110.9,110.96,48681400,yahoo
2004-05-03,112.15,111.37,112.29,111.35,112.15,33758000,yahoo
2004-05-04,112.06,112.25,113.26,111.66,112.06,51185100,yahoo
2004-05-05,112.78,112.41,112.96,112.16,112.78,34405000,yahoo
2004-05-06,111.81,112.02,112.59,111.0,111.81,54997000,yahoo
2004-05-07,109.96,111.22,112.23,109.96,109.96,60950000,yahoo
2004-05-10,108.83,109.44,109.75,108.36,108.83,75279400,yahoo
2004-05-11,109.75,109.46,110.05,109.33,109.75,48300600,yahoo
2004-05-12,110.45,109.57,110.54,108.06,110.45,90830500,yahoo
2004-05-13,109.99,109.76,110.81,109.63,109.99,57393700,yahoo
2004-05-14,110.04,109.95,110.74,109.27,110.04,54123100,yahoo
2004-05-17,109.1,108.89,109.5,108.41,109.1,55020400,yahoo
2004-05-18,109.65,109.49,109.94,109.33,109.65,30193100,yahoo
2004-05-19,109.27,110.5,111.18,109.15,109.27,54804100,yahoo
2004-05-20,109.62,109.45,109.87,109.04,109.62,38082900,yahoo
2004-05-21,109.81,109.97,110.55,109.47,109.81,47480400,yahoo
2004-05-24,110.27,110.53,110.76,109.68,110.27,40961500,yahoo
2004-05-25,111.85,109.9,111.98,109.6,111.85,48668000,yahoo
2004-05-26,112.24,111.66,112.29,111.51,112.24,35977000,yahoo
2004-05-27,112.87,112.54,113.03,112.06,112.87,45306900,yahoo
2004-05-28,112.86,112.73,112.88,112.36,112.86,23367200,yahoo
2004-06-01,112.71,112.46,112.86,111.87,112.71,41044700,yahoo
2004-06-02,113.13,113.03,113.48,112.46,113.13,39774200,yahoo
2004-06-03,112.09,112.81,113.19,112.07,112.09,38688300,yahoo
2004-06-04,112.98,112.98,113.58,112.71,112.98,32739500,yahoo
2004-06-07,114.7,113.43,114.81,113.42,114.7,31643800,yahoo
2004-06-08,114.86,114.37,114.92,114.17,114.86,32846500,yahoo
2004-06-09,113.79,114.51,114.7,113.72,113.79,36737600,yahoo
2004-06-10,114.35,114.04,114.35,113.93,114.35,21711000,yahoo
2004-06-14,113.22,113.82,113.85,112.87,113.22,34633000,yahoo
2004-06-15,114.02,113.9,114.45,113.51,114.02,37445000,yahoo
2004-06-16,114.0,114.0,114.2,113.7,114.0,26633400,yahoo
2004-06-17,113.83,113.85,114.07,113.33,113.83,28402400,yahoo
2004-06-18,113.63,113.27,114.22,113.18,113.63,31799800,yahoo
2004-06-21,113.2,113.75,114.14,113.13,113.2,25284000,yahoo
2004-06-22,113.77,113.13,113.88,112.67,113.77,37334000,yahoo
2004-06-23,114.75,113.61,114.84,113.42,114.75,35580000,yahoo
2004-06-24,114.39,114.56,114.93,114.26,114.39,35272100,yahoo
2004-06-25,113.84,114.41,114.94,113.68,113.84,32837900,yahoo
2004-06-28,113.45,114.52,114.61,113.41,113.45,40824500,yahoo
2004-06-29,113.92,113.53,114.17,113.42,113.92,28418100,yahoo
2004-06-30,114.53,114.07,114.79,113.65,114.53,52230600,yahoo
2004-07-01,112.94,114.25,114.4,112.58,112.94,57734700,yahoo
2004-07-02,112.88,113.16,113.29,112.6,112.88,34615100,yahoo
2004-07-06,111.89,112.37,112.45,111.63,111.89,38698200,yahoo
2004-07-07,112.22,111.81,112.57,111.75,112.22,29839800,yahoo
2004-07-08,111.44,111.81,112.32,111.2,111.44,45291100,yahoo
2004-07-09,111.73,111.72,111.94,111.38,111.73,27412900,yahoo
2004-07-12,111.78,111.52,112.04,111.0,111.78,35691300,yahoo
2004-07-13,111.86,111.92,112.02,111.6,111.86,26752000,yahoo
2004-07-14,111.52,111.26,112.39,111.12,111.52,54089400,yahoo
2004-07-15,110.8,111.74,111.91,110.7,110.8,38403500,yahoo
2004-07-16,110.71,111.57,111.67,110.44,110.71,40871200,yahoo
2004-07-19,110.24,110.75,110.96,109.99,110.24,39592800,yahoo
2004-07-20,111.64,110.53,111.9,110.25,111.64,46679800,yahoo
2004-07-21,109.58,111.82,112.06,109.45,109.58,56241100,yahoo
2004-07-22,109.88,109.36,110.39,108.77,109.88,72477100,yahoo
2004-07-23,108.96,109.62,109.71,108.69,108.96,49610500,yahoo
2004-07-26,108.75,109.19,109.43,108.21,108.75,49679100,yahoo
2004-07-27,109.77,109.05,110.11,108.97,109.77,51295100,yahoo
2004-07-28,110.1,109.55,110.37,108.59,110.1,65862300,yahoo
2004-07-29,110.57,110.54,110.87,110.0,110.57,52200500,yahoo
2004-07-30,110.84,110.32,110.9,110.1,110.84,41581700,yahoo
2004-08-02,111.07,110.19,111.36,110.05,111.07,38263100,yahoo
2004-08-03,110.21,110.93,111.06,110.16,110.21,40948800,yahoo
2004-08-04,110.2,109.89,110.75,109.64,110.2,40763200,yahoo
2004-08-05,108.4,110.29,110.38,108.27,108.4,50772000,yahoo
2004-08-06,106.85,107.63,107.96,106.62,106.85,74729000,yahoo
2004-08-09,107.0,107.02,107.48,106.87,107.0,37476300,yahoo
2004-08-10,108.38,107.31,108.41,107.26,108.38,55870600,yahoo
2004-08-11,108.16,107.68,108.33,107.1,108.16,52933200,yahoo
2004-08-12,106.98,107.68,107.95,106.63,106.98,50015900,yahoo
2004-08-13,107.19,107.1,107.35,106.59,107.19,41634700,yahoo
2004-08-16,108.3,107.14,108.64,107.1,108.3,45731900,yahoo
2004-08-17,108.91,108.75,109.28,108.53,108.91,40701600,yahoo
2004-08-18,110.03,108.52,110.17,108.49,110.03,43165400,yahoo
2004-08-19,109.71,109.81,110.02,109.18,109.71,39881600,yahoo
2004-08-20,110.48,109.61,110.63,109.51,110.48,44870900,yahoo
2004-08-23,110.2,110.55,110.77,110.05,110.2,33745100,yahoo
2004-08-24,110.35,110.64,110.73,109.85,110.35,30453100,yahoo
2004-08-25,111.1,110.33,111.27,109.9,111.1,38551400,yahoo
2004-08-26,111.1,110.96,111.31,110.85,111.1,26629500,yahoo
2004-08-27,111.45,111.2,111.63,111.05,111.45,24902900,yahoo
2004-08-30,110.53,111.22,111.34,110.45,110.53,26726500,yahoo
2004-08-31,111.11,110.66,111.16,110.1,111.11,44125300,yahoo
2004-09-01,111.32,110.95,111.64,110.48,111.32,52778300,yahoo
2004-09-02,112.58,111.24,112.7,111.24,112.58,42736600,yahoo
2004-09-03,112.12,112.33,112.82,112.01,112.12,30480500,yahoo
2004-09-07,112.86,112.54,113.13,112.32,112.86,37338800,yahoo
2004-09-08,112.58,112.62,113.06,112.31,112.58,32963100,yahoo
2004-09-09,112.48,112.57,112.88,112.03,112.48,34314800,yahoo
2004-09-10,113.06,112.52,113.27,112.08,113.06,27900600,yahoo
2004-09-13,113.43,113.31,113.74,113.01,113.43,44398100,yahoo
2004-09-14,113.66,113.3,113.69,113.19,113.66,28048900,yahoo
2004-09-15,112.8,113.3,113.36,112.68,112.8,38295000,yahoo
2004-09-16,113.14,112.85,113.37,112.8,113.14,23911700,yahoo
2004-09-17,113.15,112.95,113.36,112.69,113.15,33683000,yahoo
2004-09-20,112.47,112.67,112.99,112.28,112.47,37149400,yahoo
2004-09-21,112.96,112.75,113.47,112.54,112.96,40920800,yahoo
2004-09-22,111.55,112.5,112.52,111.47,111.55,49042100,yahoo
2004-09-23,110.95,111.6,111.7,110.95,110.95,44068700,yahoo
2004-09-24,111.46,111.17,111.73,111.13,111.46,34981100,yahoo
2004-09-27,110.75,111.1,111.2,110.58,110.75,39355100,yahoo
2004-09-28,111.28,110.91,111.51,110.41,111.28,41662900,yahoo
2004-09-29,111.84,111.21,111.85,111.0,111.84,33325700,yahoo
2004-09-30,111.76,111.55,111.98,111.26,111.76,43536700,yahoo
2004-10-01,113.65,112.26,113.65,112.21,113.65,62824300,yahoo
2004-10-04,113.84,114.1,114.44,113.8,113.84,33082400,yahoo
2004-10-05,113.9,113.85,114.16,113.54,113.9,36910600,yahoo
2004-10-06,114.68,113.77,114.68,113.68,114.68,42297800,yahoo
2004-10-07,113.45,114.38,114.4,113.36,113.45,39388800,yahoo
2004-10-08,112.51,113.15,113.77,112.35,112.51,51872600,yahoo
2004-10-11,112.97,112.78,113.02,112.64,112.97,20229100,yahoo
2004-10-12,112.53,112.2,112.83,111.94,112.53,41754700,yahoo
2004-10-13,111.54,113.0,113.07,111.32,111.54,54212600,yahoo
2004-10-14,110.64,111.68,111.93,110.58,110.64,64082200,yahoo
2004-10-15,111.26,111.02,111.74,110.57,111.26,63482200,yahoo
2004-10-18,111.68,110.89,111.9,110.7,111.68,43535100,yahoo
2004-10-19,110.74,112.02,112.23,110.59,110.74,55851900,yahoo
2004-10-20,110.52,110.38,110.82,109.75,110.52,57118500,yahoo
2004-10-21,111.24,110.79,111.32,110.21,111.24,53218300,yahoo
2004-10-22,109.99,111.19,111.25,109.86,109.99,48752400,yahoo
2004-10-25,109.86,109.75,110.12,109.35,109.86,43990900,yahoo
2004-10-26,111.54,110.13,111.6,109.88,111.54,54337400,yahoo
2004-10-27,112.88,111.38,113.1,111.12,112.88,73896000,yahoo
2004-10-28,113.22,112.78,113.56,112.49,113.22,54413300,yahoo
2004-10-29,113.2,113.12,113.64,112.9,113.2,48820200,yahoo
2004-11-01,113.51,113.56,113.84,113.2,113.51,36720900,yahoo
2004-11-02,113.55,113.67,114.57,113.22,113.55,56210000,yahoo
2004-11-03,114.98,115.03,115.36,114.24,114.98,76960200,yahoo
2004-11-04,116.55,114.78,116.67,114.68,116.55,55350300,yahoo
2004-11-05,117.28,117.05,117.64,116.49,117.28,63287200,yahoo
2004-11-08,117.11,116.98,117.23,116.72,117.11,33863800,yahoo
2004-11-09,116.88,117.08,117.5,116.76,116.88,44658100,yahoo
2004-11-10,116.97,117.06,117.55,116.76,116.97,45265400,yahoo
2004-11-11,117.86,117.18,118.12,117.1,117.86,37863200,yahoo
2004-11-12,118.79,117.97,119.0,117.68,118.79,55583700,yahoo
2004-11-15,118.73,118.5,118.77,118.23,118.73,35297900,yahoo
2004-11-16,117.88,118.36,118.41,117.73,117.88,40028700,yahoo
2004-11-17,118.58,118.37,119.14,118.07,118.58,54494000,yahoo
2004-11-18,118.74,118.53,118.8,118.23,118.74,31854300,yahoo
2004-11-19,117.42,118.7,118.72,117.14,117.42,54276500,yahoo
2004-11-22,117.98,117.17,118.12,117.03,117.98,37560200,yahoo
2004-11-23,118.16,117.93,118.26,117.37,118.16,41968800,yahoo
2004-11-24,118.44,118.27,118.59,118.05,118.44,29724800,yahoo
2004-11-26,118.35,118.51,118.98,118.3,118.35,15487700,yahoo
2004-11-29,117.81,118.79,119.01,117.48,117.81,61460800,yahoo
2004-11-30,117.89,118.0,118.24,117.64,117.89,53685200,yahoo
2004-12-01,119.23,118.16,119.5,118.1,119.23,49898300,yahoo
2004-12-02,119.33,119.1,119.87,119.01,119.33,60163500,yahoo
2004-12-03,119.25,119.31,120.14,119.09,119.25,49067900,yahoo
2004-12-06,119.21,119.21,119.64,118.84,119.21,33030500,yahoo
2004-12-07,118.1,119.49,119.62,118.04,118.1,52047200,yahoo
2004-12-08,118.79,118.21,118.82,118.01,118.79,43895100,yahoo
2004-12-09,119.21,118.14,119.46,117.73,119.21,60922800,yahoo
2004-12-10,119.33,118.92,119.56,118.85,119.33,47828600,yahoo
2004-12-13,120.37,119.76,120.4,119.35,120.37,38541000,yahoo
2004-12-14,120.79,120.18,120.96,120.18,120.79,41500700,yahoo
2004-12-15,120.88,120.7,121.11,120.31,120.88,46699200,yahoo
2004-12-16,120.81,120.72,121.24,120.04,120.81,51641800,yahoo
2004-12-17,119.44,119.46,119.97,119.16,119.44,70761900,yahoo
2004-12-20,119.47,119.75,120.29,119.17,119.47,47187400,yahoo
2004-12-21,120.39,119.6,120.48,119.46,120.39,33094200,yahoo
2004-12-22,120.68,120.38,121.08,120.3,120.68,31500700,yahoo
2004-12-23,120.77,120.87,121.28,120.66,120.77,25646100,yahoo
2004-12-27,120.52,121.2,121.36,120.39,120.52,29944100,yahoo
2004-12-28,121.18,120.64,121.33,120.6,121.18,23422900,yahoo
2004-12-29,121.36,121.08,121.4,120.95,121.36,22650600,yahoo
2004-12-30,121.13,121.4,121.57,121.04,121.13,21076900,yahoo
2004-12-31,120.87,121.3,121.66,120.8,120.87,28648800,yahoo
2005-01-03,120.3,121.56,121.76,119.9,120.3,55748000,yahoo
2005-01-04,118.83,120.46,120.54,118.44,118.83,69167600,yahoo
2005-01-05,118.01,118.74,119.25,118.0,118.01,65667300,yahoo
2005-01-06,118.61,118.44,119.15,118.26,118.61,47814700,yahoo
2005-01-07,118.44,118.97,119.23,118.13,118.44,55847700,yahoo
2005-01-10,119.0,118.34,119.46,118.34,119.0,56563300,yahoo
2005-01-11,118.18,118.64,118.74,117.99,118.18,63099700,yahoo
2005-01-12,118.57,118.4,118.84,117.52,118.57,72720500,yahoo
2005-01-13,117.62,118.64,118.73,117.5,117.62,55537500,yahoo
2005-01-14,118.24,117.97,118.53,117.76,118.24,42032500,yahoo
2005-01-18,119.47,118.05,119.62,117.95,119.47,57391700,yahoo
2005-01-19,118.22,119.43,119.52,118.21,118.22,54378900,yahoo
2005-01-20,117.5,117.89,118.2,117.29,117.5,72049300,yahoo
2005-01-21,116.78,117.79,118.0,116.65,116.78,63160400,yahoo
2005-01-24,116.55,117.09,117.34,116.37,116.55,58441900,yahoo
2005-01-25,116.88,116.91,117.47,116.72,116.88,68245000,yahoo
2005-01-26,117.23,117.32,117.6,117.04,117.23,57195100,yahoo
2005-01-27,117.43,117.19,117.75,116.98,117.43,55878800,yahoo
2005-01-28,117.43,117.49,117.55,116.61,117.43,60738900,yahoo
2005-01-31,118.16,117.95,118.25,117.71,118.16,52532700,yahoo
2005-02-01,118.91,118.25,119.08,118.1,118.91,49841200,yahoo
2005-02-02,119.27,119.06,119.59,118.9,119.27,52468900,yahoo
2005-02-03,118.96,119.06,119.16,118.57,118.96,48837100,yahoo
2005-02-04,120.23,119.0,120.43,118.98,120.23,50024600,yahoo
2005-02-07,120.07,120.25,120.52,119.96,120.07,45412000,yahoo
2005-02-08,120.21,120.17,120.65,120.07,120.21,39263500,yahoo
2005-02-09,119.31,120.42,120.49,119.25,119.31,55279400,yahoo
2005-02-10,119.74,119.66,120.02,119.26,119.74,45858600,yahoo
2005-02-11,120.77,119.7,121.04,119.46,120.77,53133000,yahoo
2005-02-14,120.68,120.69,120.86,120.48,120.68,32432100,yahoo
2005-02-15,121.13,120.8,121.43,120.68,121.13,43852700,yahoo
2005-02-16,121.21,120.93,121.46,120.67,121.21,55523000,yahoo
2005-02-17,120.23,121.23,121.33,120.22,120.23,58124000,yahoo
2005-02-18,120.39,120.24,120.48,119.9,120.39,47723300,yahoo
2005-02-22,118.6,119.9,120.47,118.58,118.6,80697600,yahoo
2005-02-23,119.45,118.93,119.57,118.62,119.45,68292600,yahoo
2005-02-24,120.24,119.24,120.32,118.98,120.24,68563600,yahoo
2005-02-25,121.43,120.27,121.67,120.18,121.43,60899900,yahoo
2005-02-28,120.63,121.15,121.3,120.04,120.63,69381300,yahoo
2005-03-01,121.23,120.82,121.52,120.78,121.23,47294400,yahoo
2005-03-02,121.17,120.76,121.93,120.65,121.17,64226500,yahoo
2005-03-03,121.22,121.66,121.9,120.7,121.22,61230800,yahoo
2005-03-04,122.73,122.05,122.83,121.79,122.73,56168500,yahoo
2005-03-07,122.79,122.66,123.25,122.4,122.79,43442400,yahoo
2005-03-08,122.33,122.67,123.0,122.11,122.33,44362000,yahoo
2005-03-09,120.97,121.97,122.29,120.96,120.97,73263600,yahoo
2005-03-10,121.24,121.2,121.5,120.4,121.24,65149000,yahoo
2005-03-11,120.39,121.31,121.72,120.16,120.39,57976500,yahoo
2005-03-14,121.14,120.61,121.16,120.28,121.14,36336400,yahoo
2005-03-15,120.14,121.42,121.46,120.08,120.14,62438500,yahoo
2005-03-16,119.12,119.7,120.16,118.9,119.12,74874200,yahoo
2005-03-17,119.36,119.31,119.74,118.98,119.36,62584200,yahoo
2005-03-18,118.54,119.11,119.53,118.15,118.54,60232000,yahoo
2005-03-21,118.1,118.71,118.78,117.76,118.1,61244300,yahoo
2005-03-22,116.9,118.37,118.93,116.9,116.9,92472400,yahoo
2005-03-23,117.0,116.95,117.72,116.75,117.0,70817300,yahoo
2005-03-24,117.14,117.46,117.99,117.06,117.14,51932500,yahoo
2005-03-28,117.31,117.42,117.94,117.31,117.31,46765500,yahoo
2005-03-29,116.53,117.14,117.9,116.25,116.53,71160300,yahoo
2005-03-30,118.18,116.78,118.2,116.77,118.18,62002100,yahoo
2005-03-31,117.96,118.19,118.46,117.87,117.96,64575400,yahoo
2005-04-01,117.43,118.63,118.99,116.91,117.43,95255300,yahoo
2005-04-04,117.63,117.36,117.86,116.74,117.63,71581200,yahoo
2005-04-05,118.19,117.78,118.38,117.67,118.19,46853900,yahoo
2005-04-06,118.6,118.45,118.95,118.18,118.6,53268200,yahoo
2005-04-07,119.24,118.41,119.26,118.32,119.24,46734600,yahoo
2005-04-08,118.0,119.17,119.21,118.0,118.0,63772900,yahoo
2005-04-11,118.09,118.29,118.42,117.83,118.09,44945000,yahoo
2005-04-12,118.7,117.89,119.06,117.07,118.7,86144800,yahoo
2005-04-13,117.3,118.56,118.8,117.13,117.3,65949000,yahoo
2005-04-14,115.77,117.4,117.5,115.77,115.77,96119800,yahoo
2005-04-15,114.15,115.74,116.2,114.1,114.15,128677300,yahoo
2005-04-18,114.5,114.12,114.96,113.96,114.5,100035200,yahoo
2005-04-19,115.41,115.1,115.53,114.83,115.41,64930100,yahoo
2005-04-20,113.8,115.38,115.63,113.55,113.8,107735900,yahoo
2005-04-21,116.01,114.79,116.21,114.38,116.01,86952200,yahoo
2005-04-22,115.57,115.74,116.5,114.27,115.57,88845800,yahoo
2005-04-25,116.33,115.86,116.5,115.72,116.33,52284100,yahoo
2005-04-26,115.2,115.96,116.77,115.15,115.2,72626000,yahoo
2005-04-27,115.65,114.86,116.07,114.44,115.65,84131900,yahoo
2005-04-28,114.2,115.27,115.68,114.2,114.2,72481500,yahoo
2005-04-29,115.75,115.07,115.87,113.97,115.75,103993800,yahoo
2005-05-02,116.4,116.07,116.41,115.52,116.4,56026400,yahoo
2005-05-03,116.6,116.07,116.85,115.69,116.6,86000300,yahoo
2005-05-04,117.5,116.65,117.75,116.28,117.5,81055700,yahoo
2005-05-05,117.46,117.67,118.0,116.74,117.46,96906700,yahoo
2005-05-06,117.09,117.93,117.99,117.06,117.09,67415400,yahoo
2005-05-09,117.82,117.21,118.08,117.05,117.82,43750500,yahoo
2005-05-10,116.6,117.36,117.5,116.39,116.6,74613500,yahoo
2005-05-11,117.24,116.93,117.4,115.85,117.24,91647400,yahoo
2005-05-12,115.95,117.32,117.59,115.95,115.95,95086800,yahoo
2005-05-13,115.72,116.3,116.62,114.8,115.72,85267000,yahoo
2005-05-16,116.8,115.7,116.84,115.66,116.8,49207000,yahoo
2005-05-17,117.58,116.41,117.7,116.16,117.58,61071800,yahoo
2005-05-18,118.79,118.09,119.08,118.01,118.79,77944900,yahoo
2005-05-19,119.29,119.02,119.41,118.7,119.29,61768100,yahoo
2005-05-20,119.12,119.34,119.39,118.74,119.12,46345500,yahoo
2005-05-23,119.78,119.21,120.04,119.19,119.78,51047900,yahoo
2005-05-24,119.5,119.44,119.83,119.2,119.5,50654100,yahoo
2005-05-25,119.41,119.35,119.87,118.83,119.41,47608800,yahoo
2005-05-26,120.05,119.79,120.21,119.62,120.05,43256200,yahoo
2005-05-27,120.25,120.06,120.25,119.8,120.25,24596100,yahoo
2005-05-31,119.48,120.08,120.17,119.4,119.48,43377200,yahoo
2005-06-01,120.5,119.52,120.92,119.45,120.5,69611000,yahoo
2005-06-02,120.76,120.23,120.84,120.1,120.76,39704500,yahoo
2005-06-03,120.15,120.55,120.89,119.73,120.15,60999400,yahoo
2005-06-06,120.04,119.95,120.2,119.55,120.04,36046400,yahoo
2005-06-07,120.13,120.39,121.25,120.01,120.13,66501300,yahoo
2005-06-08,119.91,120.43,120.59,119.67,119.91,46881200,yahoo
2005-06-09,120.48,119.74,120.58,119.44,120.48,56653300,yahoo
2005-06-10,120.2,120.56,120.65,119.6,120.2,36465300,yahoo
2005-06-13,120.58,119.94,121.08,119.81,120.58,49383200,yahoo
2005-06-14,120.86,120.45,121.2,120.38,120.86,33857100,yahoo
2005-06-15,121.09,121.16,121.24,120.23,121.09,53195600,yahoo
2005-06-16,121.4,121.06,121.64,120.92,121.4,46564500,yahoo
2005-06-17,121.36,121.54,121.9,121.22,121.36,51529400,yahoo
2005-06-20,121.4,121.08,121.84,120.94,121.4,41019400,yahoo
2005-06-21,121.47,121.5,121.65,121.03,121.47,39879800,yahoo
2005-06-22,121.57,121.68,121.94,121.07,121.57,46310100,yahoo
2005-06-23,119.86,121.32,121.6,119.83,119.86,62185600,yahoo
2005-06-24,118.98,119.88,120.01,118.84,118.98,58572500,yahoo
2005-06-27,119.15,118.97,119.41,118.75,119.15,48183800,yahoo
2005-06-28,120.15,119.4,120.24,119.37,120.15,41174200,yahoo
2005-06-29,119.83,120.37,120.4,119.76,119.83,42316500,yahoo
2005-06-30,119.18,120.22,120.32,118.95,119.18,62288800,yahoo
2005-07-01,119.53,119.45,119.8,119.21,119.53,49737500,yahoo
2005-07-05,120.49,119.25,120.65,119.19,120.49,51549000,yahoo
2005-07-06,119.48,120.39,120.65,119.41,119.48,52363600,yahoo
2005-07-07,119.95,118.29,119.95,118.26,119.95,103268800,yahoo
2005-07-08,121.32,119.97,121.32,119.72,121.32,64491200,yahoo
2005-07-11,121.94,121.33,122.1,121.31,121.94,49688300,yahoo
2005-07-12,122.26,121.99,122.63,121.64,122.26,51871100,yahoo
2005-07-13,122.43,122.27,122.52,121.99,122.43,41182300,yahoo
2005-07-14,122.91,122.98,123.44,122.49,122.91,63638800,yahoo
2005-07-15,122.84,122.79,123.04,122.36,122.84,56075900,yahoo
2005-07-18,122.35,122.5,122.63,122.05,122.35,56598400,yahoo
2005-07-19,123.02,122.71,123.11,122.41,123.02,59165700,yahoo
2005-07-20,123.44,122.59,123.73,122.3,123.44,69477000,yahoo
2005-07-21,122.72,123.55,123.61,122.47,122.72,101110900,yahoo
2005-07-22,123.54,122.88,123.56,122.63,123.54,52607100,yahoo
2005-07-25,123.19,123.41,123.95,122.85,123.19,57301600,yahoo
2005-07-26,123.34,123.23,123.53,122.95,123.34,42758800,yahoo
2005-07-27,123.79,123.5,123.89,123.05,123.79,43181600,yahoo
2005-07-28,124.57,123.96,124.64,123.64,124.57,47880700,yahoo
2005-07-29,123.74,124.41,124.63,123.5,123.74,62358100,yahoo
2005-08-01,123.65,123.83,124.04,123.45,123.65,40418200,yahoo
2005-08-02,124.39,123.87,124.6,123.74,124.39,45147400,yahoo
2005-08-03,124.72,124.25,124.74,124.12,124.72,36837200,yahoo
2005-08-04,123.72,124.23,124.31,123.57,123.72,50855600,yahoo
2005-08-05,122.88,123.45,123.98,122.67,122.88,53595500,yahoo
2005-08-08,122.65,123.15,123.41,122.38,122.65,47616000,yahoo
2005-08-09,123.39,123.06,123.59,122.87,123.39,47170000,yahoo
2005-08-10,123.33,123.82,124.5,122.82,123.33,72863700,yahoo
2005-08-11,123.82,123.27,124.03,123.01,123.82,58570200,yahoo
2005-08-12,123.06,123.57,123.69,122.75,123.06,54776900,yahoo
2005-08-15,123.82,123.22,123.87,122.83,123.82,36208500,yahoo
2005-08-16,122.21,123.44,123.52,122.09,122.21,71942100,yahoo
2005-08-17,122.2,122.19,122.87,122.03,122.2,62275100,yahoo
2005-08-18,122.19,122.05,122.56,121.84,122.19,53388600,yahoo
2005-08-19,122.47,122.63,122.82,122.2,122.47,39842100,yahoo
2005-08-22,122.47,122.58,123.23,121.88,122.47,69912000,yahoo
2005-08-23,122.24,122.5,122.61,121.15,122.24,55168600,yahoo
2005-08-24,121.15,121.94,122.73,121.09,121.15,79104600,yahoo
2005-08-25,121.59,121.35,121.67,121.21,121.59,35631100,yahoo
2005-08-26,120.76,121.48,121.49,120.68,120.76,61956800,yahoo
2005-08-29,121.69,120.41,121.78,120.38,121.69,56179200,yahoo
2005-08-30,121.05,121.25,121.3,120.39,121.05,74160200,yahoo
2005-08-31,122.58,121.19,122.66,120.74,122.58,102945200,yahoo
2005-09-01,122.49,122.52,123.15,121.14,122.49,74578700,yahoo
2005-09-02,122.27,122.85,122.88,122.04,122.27,47653400,yahoo
2005-09-06,123.7,122.66,123.8,122.65,123.7,57251300,yahoo
2005-09-07,123.91,123.63,124.13,123.46,123.91,41749700,yahoo
2005-09-08,123.5,123.66,124.0,123.31,123.5,39068700,yahoo
2005-09-09,124.6,123.83,124.74,123.8,124.6,43093900,yahoo
2005-09-12,124.35,124.45,124.67,124.27,124.35,33017600,yahoo
2005-09-13,123.66,124.13,124.42,123.52,123.66,58427500,yahoo
2005-09-14,123.21,123.74,123.92,123.02,123.21,57694600,yahoo
2005-09-15,123.15,123.59,123.65,122.9,123.15,73156900,yahoo
2005-09-16,123.5,123.3,123.74,122.87,123.5,75424100,yahoo
2005-09-19,123.09,123.47,123.55,122.64,123.09,53355300,yahoo
2005-09-20,122.05,123.2,123.61,121.87,122.05,84480300,yahoo
2005-09-21,120.91,121.79,121.87,120.78,120.91,94469100,yahoo
2005-09-22,121.34,120.95,121.66,120.44,121.34,84597200,yahoo
2005-09-23,121.44,121.24,121.89,120.9,121.44,59368100,yahoo
2005-09-26,121.58,122.02,122.24,121.08,121.58,70415400,yahoo
2005-09-27,121.55,121.52,121.99,121.02,121.55,66150800,yahoo
2005-09-28,121.67,121.93,122.12,121.2,121.67,58620500,yahoo
2005-09-29,122.66,121.55,122.86,121.08,122.66,66607700,yahoo
2005-09-30,123.04,122.62,123.04,121.74,123.04,47824200,yahoo
2005-10-03,122.6,122.96,123.34,122.45,122.6,50994800,yahoo
2005-10-04,121.22,122.79,123.03,121.16,121.22,60776300,yahoo
2005-10-05,119.63,121.25,121.31,119.57,119.63,106052100,yahoo
2005-10-06,119.2,119.78,120.26,118.17,119.2,140941800,yahoo
2005-10-07,119.61,119.7,120.05,119.13,119.61,75661400,yahoo
2005-10-10,118.6,119.68,119.71,118.3,118.6,52677000,yahoo
2005-10-11,118.43,118.99,119.39,118.32,118.43,75629800,yahoo
2005-10-12,117.5,118.39,119.13,117.41,117.5,100510400,yahoo
2005-10-13,117.43,117.46,118.08,116.88,117.43,99052900,yahoo
2005-10-14,118.67,118.12,118.81,117.56,118.67,88651000,yahoo
2005-10-17,119.11,118.8,119.27,118.45,119.11,68109300,yahoo
2005-10-18,117.82,118.94,118.96,117.8,117.82,74996900,yahoo
2005-10-19,119.78,117.5,119.8,117.12,119.78,116563800,yahoo
2005-10-20,117.67,119.49,119.81,117.3,117.67,131966700,yahoo
2005-10-21,118.13,118.29,118.78,117.51,118.13,96579500,yahoo
2005-10-24,119.96,118.44,120.09,118.41,119.96,71308400,yahoo
2005-10-25,119.72,119.72,120.24,118.94,119.72,76594500,yahoo
2005-10-26,119.37,119.51,120.54,119.19,119.37,80855800,yahoo
2005-10-27,118.1,119.2,119.37,117.93,118.1,66623100,yahoo
2005-10-28,119.8,118.43,119.95,118.1,119.8,72322000,yahoo
2005-10-31,120.13,120.29,121.3,120.13,120.13,77698900,yahoo
2005-11-01,120.49,120.58,120.9,120.22,120.49,66365100,yahoo
2005-11-02,121.75,120.17,121.75,120.13,121.75,74012300,yahoo
2005-11-03,122.27,122.15,122.66,121.75,122.27,84897600,yahoo
2005-11-04,122.11,122.4,122.46,121.55,122.11,59156000,yahoo
2005-11-07,122.23,122.37,122.62,121.85,122.23,46765400,yahoo
2005-11-08,122.23,121.93,122.42,121.79,122.23,42152800,yahoo
2005-11-09,122.39,122.08,122.95,121.86,122.39,57666800,yahoo
2005-11-10,123.34,122.34,123.52,121.75,123.34,79048100,yahoo
2005-11-11,123.76,123.35,123.84,122.43,123.76,34867000,yahoo
2005-11-14,123.69,123.79,124.02,123.38,123.69,45092200,yahoo
2005-11-15,123.24,123.55,124.09,122.86,123.24,69592500,yahoo
2005-11-16,123.49,123.37,123.55,122.98,123.49,51133000,yahoo
2005-11-17,124.64,123.68,124.65,123.14,124.64,55717500,yahoo
2005-11-18,125.13,125.06,125.28,124.33,125.13,72437200,yahoo
2005-11-21,125.76,125.15,125.91,124.98,125.76,50021200,yahoo
2005-11-22,126.3,125.56,126.52,125.42,126.3,66438800,yahoo
2005-11-23,127.03,126.25,127.41,126.21,127.03,50854700,yahoo
2005-11-25,127.13,126.98,127.22,126.81,127.13,15270000,yahoo
2005-11-28,126.23,127.25,127.27,126.04,126.23,54498500,yahoo
2005-11-29,126.09,126.65,126.98,126.09,126.09,51738900,yahoo
2005-11-30,125.41,126.16,126.52,125.29,125.41,56007200,yahoo
2005-12-01,126.69,126.02,127.03,125.98,126.69,65468200,yahoo
2005-12-02,126.85,126.77,127.08,126.5,126.85,46699400,yahoo
2005-12-05,126.58,126.7,126.73,126.18,126.58,59273400,yahoo
2005-12-06,126.82,127.05,127.74,126.63,126.82,57935200,yahoo
2005-12-07,126.08,126.77,126.87,125.68,126.08,66816500,yahoo
2005-12-08,126.0,126.22,126.82,125.48,126.0,62608600,yahoo
2005-12-09,126.33,126.16,126.78,125.82,126.33,50744500,yahoo
2005-12-12,126.45,126.71,126.86,125.96,126.45,48389900,yahoo
2005-12-13,127.31,126.42,127.7,126.29,127.31,88630900,yahoo
2005-12-14,127.81,127.19,128.09,127.14,127.81,64375000,yahoo
2005-12-15,127.44,127.84,128.0,127.18,127.44,55900300,yahoo
2005-12-16,126.36,127.28,127.36,126.36,126.36,46238300,yahoo
2005-12-19,125.71,126.73,126.87,125.69,125.71,48733000,yahoo
2005-12-20,125.83,125.86,126.59,125.48,125.83,46603200,yahoo
2005-12-21,126.03,126.22,126.76,125.8,126.03,51806900,yahoo
2005-12-22,126.69,126.31,126.69,126.08,126.69,32247900,yahoo
2005-12-23,126.76,126.78,126.86,126.42,126.76,27977300,yahoo
2005-12-27,125.47,126.96,127.05,125.38,125.47,44499500,yahoo
2005-12-28,125.75,125.74,125.99,125.5,125.75,30764300,yahoo
2005-12-29,125.19,125.72,125.96,125.06,125.19,32788900,yahoo
2005-12-30,124.51,124.8,125.06,124.36,124.51,44645600,yahoo
2006-01-03,126.7,125.19,127.0,124.39,126.7,73256700,yahoo
2006-01-04,127.3,126.86,127.49,126.7,127.3,51899600,yahoo
2006-01-05,127.38,127.15,127.59,126.88,127.38,47307500,yahoo
2006-01-06,128.44,128.02,128.58,127.36,128.44,62885900,yahoo
2006-01-09,128.77,128.42,129.06,128.38,128.77,43527400,yahoo
2006-01-10,128.9,128.39,128.98,128.26,128.9,44960800,yahoo
2006-01-11,129.31,129.02,129.44,128.73,129.31,49598900,yahoo
2006-01-12,128.8,129.08,129.28,128.44,128.8,40509200,yahoo
2006-01-13,128.68,128.57,128.9,128.2,128.68,44856700,yahoo
2006-01-17,128.33,128.2,128.42,127.81,128.33,52066600,yahoo
2006-01-18,127.82,127.58,128.9,127.16,127.82,75067600,yahoo
2006-01-19,128.31,128.13,128.77,127.81,128.31,81530400,yahoo
2006-01-20,125.97,128.28,128.31,125.97,125.97,114957800,yahoo
2006-01-23,126.42,126.21,126.82,126.13,126.42,67017400,yahoo
2006-01-24,126.55,126.63,127.15,126.42,126.55,53008800,yahoo
2006-01-25,126.66,127.04,127.18,125.84,126.66,87747700,yahoo
2006-01-26,127.36,127.25,127.67,126.76,127.36,71294000,yahoo
2006-01-27,128.54,127.66,128.66,127.45,128.54,65771200,yahoo
2006-01-30,128.44,128.44,128.81,128.35,128.44,33709600,yahoo
2006-01-31,127.5,128.32,128.54,127.49,127.5,72937000,yahoo
2006-02-01,128.39,127.82,128.43,127.72,128.39,63561000,yahoo
2006-02-02,126.9,128.1,128.14,126.8,126.9,83626900,yahoo
2006-02-03,126.27,126.58,128.39,126.14,126.27,86040400,yahoo
2006-02-06,126.6,126.44,126.8,126.17,126.6,45511900,yahoo
2006-02-07,125.48,126.38,126.66,125.4,125.48,71208100,yahoo
2006-02-08,126.62,125.85,128.1,125.6,126.62,59422200,yahoo
2006-02-09,126.41,126.92,127.6,126.37,126.41,62023300,yahoo
2006-02-10,126.64,126.43,127.13,125.45,126.64,64508700,yahoo
2006-02-13,126.41,126.6,126.79,125.95,126.41,52308700,yahoo
2006-02-14,127.75,126.46,128.03,126.21,127.75,90964400,yahoo
2006-02-15,128.2,127.68,128.32,127.24,128.2,85471300,yahoo
2006-02-16,129.16,128.34,129.21,128.18,129.16,61017900,yahoo
2006-02-17,128.81,129.05,129.16,128.58,128.81,40342600,yahoo
2006-02-21,128.49,129.11,129.4,128.29,128.49,46456300,yahoo
2006-02-22,129.27,128.77,129.65,128.65,129.27,42326700,yahoo
2006-02-23,129.08,129.27,129.64,128.28,129.08,43423200,yahoo
2006-02-24,129.41,129.11,129.48,128.76,129.41,36777400,yahoo
2006-02-27,129.46,129.4,130.04,129.28,129.46,35858600,yahoo
2006-02-28,128.23,129.2,129.91,128.13,128.23,74394800,yahoo
2006-03-01,129.37,128.6,129.49,128.5,129.37,48641600,yahoo
2006-03-02,129.36,128.9,129.42,128.61,129.36,60642300,yahoo
2006-03-03,128.76,128.67,130.07,128.65,128.76,73402500,yahoo
2006-03-06,128.17,129.14,129.18,127.85,128.17,57478400,yahoo
2006-03-07,127.97,127.86,128.06,127.4,127.97,61780800,yahoo
2006-03-08,128.24,127.7,128.44,127.18,128.24,66692400,yahoo
2006-03-09,127.38,128.28,128.68,127.38,127.38,56313600,yahoo
2006-03-10,128.59,127.71,128.84,127.44,128.59,60490800,yahoo
2006-03-13,128.83,128.84,129.16,128.53,128.83,45479100,yahoo
2006-03-14,130.18,128.71,130.23,128.61,130.18,69877300,yahoo
2006-03-15,130.76,130.15,130.86,129.85,130.76,53398900,yahoo
2006-03-16,131.03,131.01,131.47,130.84,131.03,65526400,yahoo
2006-03-17,130.62,130.68,130.9,130.38,130.62,47286800,yahoo
2006-03-20,130.41,130.64,130.9,130.21,130.41,45538500,yahoo
2006-03-21,129.59,130.37,130.99,129.45,129.59,87102700,yahoo
2006-03-22,130.38,129.51,130.51,129.45,130.38,51605700,yahoo
2006-03-23,130.11,130.26,130.39,129.66,130.11,46704200,yahoo
2006-03-24,130.21,129.99,130.57,129.74,130.21,43209200,yahoo
2006-03-27,130.02,130.03,130.28,129.74,130.02,32523000,yahoo
2006-03-28,129.22,129.93,130.53,129.05,129.22,82079900,yahoo
2006-03-29,130.03,129.41,130.5,129.29,130.03,61505700,yahoo
2006-03-30,129.8,130.11,130.98,129.55,129.8,70571700,yahoo
2006-03-31,129.83,130.02,130.24,129.37,129.83,62925600,yahoo
2006-04-03,129.73,130.07,130.87,129.49,129.73,61624700,yahoo
2006-04-04,130.56,129.73,130.73,129.36,130.56,54809300,yahoo
2006-04-05,131.01,130.61,131.28,130.38,131.01,50607200,yahoo
2006-04-06,130.87,130.85,131.21,130.19,130.87,57906200,yahoo
2006-04-07,129.54,131.06,131.4,129.35,129.54,80180900,yahoo
2006-04-10,129.74,129.74,130.08,129.26,129.74,41496500,yahoo
2006-04-11,128.64,129.85,130.06,128.25,128.64,72799400,yahoo
2006-04-12,128.88,128.77,129.13,128.61,128.88,43033700,yahoo
2006-04-13,128.71,128.59,129.25,128.31,128.71,51051800,yahoo
2006-04-17,128.66,128.83,129.31,128.02,128.66,64167700,yahoo
2006-04-18,130.7,128.93,130.94,128.93,130.7,92531800,yahoo
2006-04-19,130.95,130.75,131.07,130.24,130.95,87269000,yahoo
2006-04-20,131.13,131.0,131.86,130.6,131.13,86005500,yahoo
2006-04-21,131.15,131.69,131.79,130.62,131.15,72342600,yahoo
2006-04-24,130.91,130.89,131.07,130.38,130.91,52546400,yahoo
2006-04-25,130.37,131.04,131.12,129.92,130.37,84359800,yahoo
2006-04-26,130.4,130.5,131.14,130.3,130.4,67262400,yahoo
2006-04-27,131.03,129.9,131.63,129.59,131.03,124478600,yahoo
2006-04-28,131.47,130.79,131.75,130.71,131.47,55854400,yahoo
2006-05-01,130.4,131.47,131.8,130.32,130.4,64990300,yahoo
2006-05-02,131.38,131.01,131.46,130.74,131.38,49063500,yahoo
2006-05-03,130.89,131.15,131.32,130.45,130.89,60821300,yahoo
2006-05-04,131.36,131.08,131.62,130.97,131.36,42921400,yahoo
2006-05-05,132.52,132.05,132.8,131.85,132.52,62588200,yahoo
2006-05-08,132.36,132.51,132.77,132.36,132.36,30016700,yahoo
2006-05-09,132.62,132.42,132.77,132.31,132.62,29864000,yahoo
2006-05-10,132.55,132.41,132.75,131.89,132.55,64378200,yahoo
2006-05-11,130.95,132.51,132.55,130.52,130.95,80626900,yahoo
2006-05-12,129.24,130.36,130.72,129.19,129.24,91726500,yahoo
2006-05-15,129.5,128.79,129.74,128.61,129.5,84029300,yahoo
2006-05-16,129.31,129.76,130.0,129.01,129.31,62137600,yahoo
2006-05-17,126.85,128.67,129.1,126.77,126.85,144789500,yahoo
2006-05-18,126.21,127.35,127.75,126.11,126.21,87906300,yahoo
2006-05-19,127.1,126.87,127.49,125.8,127.1,124309400,yahoo
2006-05-22,126.13,126.28,127.17,125.5,126.13,110852800,yahoo
2006-05-23,125.17,127.18,127.63,125.17,125.17,92006500,yahoo
2006-05-24,126.17,125.68,126.89,124.76,126.17,168405000,yahoo
2006-05-25,127.73,126.92,127.73,126.43,127.73,78977900,yahoo
2006-05-26,128.38,128.01,128.38,127.51,128.38,62989700,yahoo
2006-05-30,126.1,127.97,128.0,126.05,126.1,72419900,yahoo
2006-05-31,127.51,126.62,127.51,126.2,127.51,86926200,yahoo
2006-06-01,128.73,127.38,128.94,127.27,128.73,73721700,yahoo
2006-06-02,129.0,129.25,129.43,128.32,129.0,91702600,yahoo
2006-06-05,127.12,128.85,128.86,126.77,127.12,86105100,yahoo
2006-06-06,126.81,127.21,127.38,125.76,126.81,130498600,yahoo
2006-06-07,125.86,126.91,127.65,125.79,125.86,108599400,yahoo
2006-06-08,125.75,125.58,126.5,123.87,125.75,204957200,yahoo
2006-06-09,125.35,126.36,126.96,125.29,125.35,94972200,yahoo
2006-06-12,123.99,125.88,125.93,123.82,123.99,95815900,yahoo
2006-06-13,122.55,123.74,124.84,122.55,122.55,185688800,yahoo
2006-06-14,123.5,122.84,123.63,122.34,123.5,163566400,yahoo
2006-06-15,126.12,123.95,126.36,123.86,126.12,134057000,yahoo
2006-06-16,124.65,125.29,125.56,124.46,124.65,94253500,yahoo
2006-06-19,123.67,125.4,125.48,123.55,123.67,95804400,yahoo
2006-06-20,124.09,124.01,124.81,123.72,124.09,65494700,yahoo
2006-06-21,125.01,124.0,125.7,123.96,125.01,75008200,yahoo
2006-06-22,124.46,124.95,125.06,124.04,124.46,74566100,yahoo
2006-06-23,124.44,124.33,125.3,124.03,124.44,54107000,yahoo
2006-06-26,124.99,124.54,125.06,124.25,124.99,37899600,yahoo
2006-06-27,123.91,125.01,125.29,123.77,123.91,69780200,yahoo
2006-06-28,124.75,124.19,124.77,123.65,124.75,62368100,yahoo
2006-06-29,127.27,125.2,127.35,125.17,127.27,110634800,yahoo
2006-06-30,127.28,127.54,127.66,126.96,127.28,54227800,yahoo
2006-07-03,127.8,127.43,128.01,127.31,127.8,23914000,yahoo
2006-07-05,127.07,127.29,127.45,126.52,127.07,69653400,yahoo
2006-07-06,127.44,127.2,127.85,127.08,127.44,50100300,yahoo
2006-07-07,126.61,127.19,127.56,126.29,126.61,81626500,yahoo
2006-07-10,126.85,126.94,127.43,126.41,126.85,60964100,yahoo
2006-07-11,127.41,126.61,127.41,125.94,127.41,73640800,yahoo
2006-07-12,126.05,127.15,127.4,125.72,126.05,82561300,yahoo
2006-07-13,124.0,125.45,125.68,124.0,124.0,102405700,yahoo
2006-07-14,123.52,124.13,124.26,122.83,123.52,103242500,yahoo
2006-07-17,123.34,123.52,124.1,123.15,123.34,81159000,yahoo
2006-07-18,123.97,123.71,124.05,122.39,123.97,122771000,yahoo
2006-07-19,125.69,124.18,126.26,123.72,125.69,133565300,yahoo
2006-07-20,124.83,126.12,126.3,124.66,124.83,112259800,yahoo
2006-07-21,123.95,125.15,125.19,123.82,123.95,101560000,yahoo
2006-07-24,126.21,124.44,126.32,124.44,126.21,92884000,yahoo
2006-07-25,126.66,125.98,127.3,125.72,126.66,95480700,yahoo
2006-07-26,126.83,126.59,127.45,126.18,126.83,84525800,yahoo
2006-07-27,126.71,127.38,127.69,126.2,126.71,87257100,yahoo
2006-07-28,127.98,127.04,128.14,126.86,127.98,82137000,yahoo
2006-07-31,127.85,127.66,127.96,127.45,127.85,49593100,yahoo
2006-08-01,127.22,127.34,127.38,126.6,127.22,65225600,yahoo
2006-08-02,128.08,127.58,128.46,127.55,128.08,64770900,yahoo
2006-08-03,128.42,127.34,128.55,127.15,128.42,63693800,yahoo
2006-08-04,128.2,129.08,129.43,127.48,128.2,96294200,yahoo
2006-08-07,127.9,127.9,128.08,127.4,127.9,45377300,yahoo
2006-08-08,127.41,128.09,128.46,126.95,127.41,90901300,yahoo
2006-08-09,126.98,128.18,128.6,126.61,126.98,78910600,yahoo
2006-08-10,127.37,126.58,127.5,126.28,127.37,69322300,yahoo
2006-08-11,127.01,127.17,127.2,126.39,127.01,47482200,yahoo
2006-08-14,127.11,127.63,128.16,126.92,127.11,57839000,yahoo
2006-08-15,128.63,128.25,128.87,127.9,128.63,68143000,yahoo
2006-08-16,129.7,129.32,129.89,129.04,129.7,71737600,yahoo
2006-08-17,130.03,129.58,130.37,129.49,130.03,70992800,yahoo
2006-08-18,130.69,130.19,130.69,129.59,130.69,58288400,yahoo
2006-08-21,130.13,130.18,130.28,129.8,130.13,42133600,yahoo
2006-08-22,130.12,129.99,130.52,129.68,130.12,60839900,yahoo
2006-08-23,129.76,130.18,130.44,129.19,129.76,66592100,yahoo
2006-08-24,129.65,129.99,130.1,129.4,129.65,57983000,yahoo
2006-08-25,129.81,129.64,130.25,129.55,129.81,41756000,yahoo
2006-08-28,130.43,129.65,130.82,129.64,130.43,52681500,yahoo
2006-08-29,130.58,130.49,130.83,129.81,130.58,61817800,yahoo
2006-08-30,130.66,130.87,131.04,130.55,130.66,50052200,yahoo
2006-08-31,130.64,130.85,130.99,130.58,130.64,37510300,yahoo
2006-09-01,131.42,131.14,131.58,130.84,131.42,48794500,yahoo
2006-09-05,131.67,131.51,131.85,131.2,131.67,52348300,yahoo
2006-09-06,130.51,131.11,131.16,130.33,130.51,53795600,yahoo
2006-09-07,129.91,130.06,130.57,129.35,129.91,86269400,yahoo
2006-09-08,130.28,130.08,130.46,129.83,130.28,45096300,yahoo
2006-09-11,130.41,129.86,130.69,129.48,130.41,68496600,yahoo
2006-09-12,131.69,130.56,131.84,130.37,131.69,69875600,yahoo
2006-09-13,132.22,131.64,132.45,131.52,132.22,62898400,yahoo
2006-09-14,132.23,131.96,132.24,131.75,132.23,57805400,yahoo
2006-09-15,131.96,132.31,132.39,131.68,131.96,76703100,yahoo
2006-09-18,132.14,131.79,132.39,131.65,132.14,64154100,yahoo
2006-09-19,131.81,132.12,132.13,131.07,131.81,92089100,yahoo
2006-09-20,132.51,132.25,132.77,132.06,132.51,75204100,yahoo
2006-09-21,131.87,132.61,132.75,131.42,131.87,88932500,yahoo
2006-09-22,131.47,131.67,131.68,131.0,131.47,65966800,yahoo
2006-09-25,132.48,131.73,132.85,131.05,132.48,92299100,yahoo
2006-09-26,133.58,132.5,133.6,132.4,133.58,73962700,yahoo
2006-09-27,133.74,133.49,133.97,133.27,133.74,82432200,yahoo
2006-09-28,133.69,133.74,133.99,133.28,133.69,58597500,yahoo
2006-09-29,133.58,133.8,133.94,133.48,133.58,47966600,yahoo
2006-10-02,133.08,133.54,133.83,132.95,133.08,51687400,yahoo
2006-10-03,133.36,132.89,133.87,132.65,133.36,73108100,yahoo
2006-10-04,134.92,133.23,135.0,133.08,134.92,80890500,yahoo
2006-10-05,135.18,134.92,135.41,134.75,135.18,60505900,yahoo
2006-10-06,135.01,134.95,135.1,134.4,135.01,64983600,yahoo
2006-10-09,135.09,134.85,135.3,134.64,135.09,41176800,yahoo
2006-10-10,135.27,135.1,135.45,134.84,135.27,56403700,yahoo
2006-10-11,135.11,134.84,135.43,134.3,135.11,104071800,yahoo
2006-10-12,136.28,135.45,136.39,135.4,136.28,59158600,yahoo
2006-10-13,136.63,136.16,136.71,136.04,136.63,53944000,yahoo
2006-10-16,136.84,136.52,137.05,136.42,136.84,42273000,yahoo
2006-10-17,136.41,136.47,136.7,135.67,136.41,90500600,yahoo
2006-10-18,136.59,137.04,137.37,136.1,136.59,86848600,yahoo
2006-10-19,136.81,136.39,136.88,136.23,136.81,64063200,yahoo
2006-10-20,136.84,136.84,136.95,136.33,136.84,48094500,yahoo
2006-10-23,137.47,136.56,137.8,136.39,137.47,66219900,yahoo
2006-10-24,137.88,137.28,137.93,137.22,137.88,53234900,yahoo
2006-10-25,138.35,137.74,138.41,137.51,138.35,78105400,yahoo
2006-10-26,138.78,138.66,139.0,137.98,138.78,66843700,yahoo
2006-10-27,137.91,138.61,138.75,137.63,137.91,80238000,yahoo
2006-10-30,137.81,137.66,138.2,137.4,137.81,49717800,yahoo
2006-10-31,137.79,138.07,138.26,137.25,137.79,71274100,yahoo
2006-11-01,136.86,138.22,138.31,136.72,136.86,83005600,yahoo
2006-11-02,136.78,136.51,137.01,136.36,136.78,60693100,yahoo
2006-11-03,136.54,137.27,137.39,135.62,136.54,71346400,yahoo
2006-11-06,138.08,136.96,138.28,136.95,138.08,63303300,yahoo
2006-11-07,138.61,138.2,138.98,138.0,138.61,63318900,yahoo
2006-11-08,138.91,138.0,139.05,136.86,138.91,87517800,yahoo
2006-11-09,138.18,139.01,139.14,137.9,138.18,95916300,yahoo
2006-11-10,138.24,138.14,138.34,137.72,138.24,48991500,yahoo
2006-11-13,138.58,138.18,139.04,138.07,138.58,59398200,yahoo
2006-11-14,139.62,138.97,139.74,138.12,139.62,96704000,yahoo
2006-11-15,140.02,139.57,140.45,139.53,140.02,76509600,yahoo
2006-11-16,140.38,140.44,140.68,139.49,140.38,76728800,yahoo
2006-11-17,140.42,139.93,140.43,139.73,140.42,56353800,yahoo
2006-11-20,140.5,140.3,140.74,139.94,140.5,69174200,yahoo
2006-11-21,140.64,140.49,140.67,140.29,140.64,51367900,yahoo
2006-11-22,140.92,140.75,141.16,140.5,140.92,45505300,yahoo
2006-11-24,140.35,140.24,140.84,140.2,140.35,30998000,yahoo
2006-11-27,138.42,140.28,140.35,138.38,138.42,84545100,yahoo
2006-11-28,139.02,138.24,139.16,138.11,139.02,106652900,yahoo
2006-11-29,140.47,139.47,140.53,139.08,140.47,90034900,yahoo
2006-11-30,140.53,140.44,141.05,139.76,140.53,83994300,yahoo
2006-12-01,140.22,140.53,140.66,138.97,140.22,126080000,yahoo
2006-12-04,141.29,140.25,141.55,140.23,141.29,87813200,yahoo
2006-12-05,141.9,141.56,141.96,141.26,141.9,73374400,yahoo
2006-12-06,141.78,141.87,142.07,141.5,141.78,53253200,yahoo
2006-12-07,141.16,142.03,142.3,141.11,141.16,62857400,yahoo
2006-12-08,141.42,141.13,141.9,140.78,141.42,79625500,yahoo
2006-12-11,141.83,141.42,142.09,141.34,141.83,39779400,yahoo
2006-12-12,141.72,141.69,141.87,140.89,141.72,77451600,yahoo
2006-12-13,141.87,142.23,142.34,141.56,141.87,55520200,yahoo
2006-12-14,143.12,141.86,143.24,141.84,143.12,64755200,yahoo
2006-12-15,142.34,142.64,142.89,142.24,142.34,70857400,yahoo
2006-12-18,141.95,142.54,142.88,141.75,141.95,48954600,yahoo
2006-12-19,142.22,141.55,142.56,141.19,142.22,65023600,yahoo
2006-12-20,142.14,142.28,142.66,142.01,142.14,41469600,yahoo
2006-12-21,141.62,142.27,142.43,141.32,141.62,48698400,yahoo
2006-12-22,140.75,141.64,141.65,140.67,140.75,62069100,yahoo
2006-12-26,141.58,140.81,141.61,140.78,141.58,32696900,yahoo
2006-12-27,142.51,141.87,142.6,141.83,142.51,39727100,yahoo
2006-12-28,142.21,142.41,142.7,141.99,142.21,37288800,yahoo
2006-12-29,141.62,142.06,142.54,141.43,141.62,45461200,yahoo
2007-01-03,141.37,142.25,142.86,140.57,141.37,94807600,yahoo
2007-01-04,141.67,141.23,142.05,140.61,141.67,69620600,yahoo
2007-01-05,140.54,141.33,141.4,140.38,140.54,76645300,yahoo
2007-01-08,141.19,140.82,141.41,140.25,141.19,71655000,yahoo
2007-01-09,141.07,141.31,141.6,140.4,141.07,75680100,yahoo
2007-01-10,141.54,140.58,141.57,140.3,141.54,72428000,yahoo
2007-01-11,142.16,141.58,142.62,141.5,142.16,54476800,yahoo
2007-01-12,143.24,142.15,143.24,142.11,143.24,55370600,yahoo
2007-01-16,142.96,143.07,143.44,142.73,142.96,44871300,yahoo
2007-01-17,143.02,142.85,143.46,142.73,143.02,50241400,yahoo
2007-01-18,142.54,143.17,143.26,142.31,142.54,68177300,yahoo
2007-01-19,142.82,142.54,143.1,142.46,142.82,56973000,yahoo
2007-01-22,142.38,143.07,143.1,141.93,142.38,60253600,yahoo
2007-01-23,142.8,142.26,143.08,142.06,142.8,54064400,yahoo
2007-01-24,143.95,142.97,143.98,142.91,143.95,55834700,yahoo
2007-01-25,142.26,143.86,143.92,142.01,142.26,73583800,yahoo
2007-01-26,142.13,142.57,142.65,141.58,142.13,67255600,yahoo
2007-01-29,142.05,142.19,142.8,141.74,142.05,66114600,yahoo
2007-01-30,142.79,142.35,142.86,142.06,142.79,70407600,yahoo
2007-01-31,143.75,142.63,144.13,142.4,143.75,91868600,yahoo
2007-02-01,144.61,144.15,144.66,143.91,144.61,69312400,yahoo
2007-02-02,144.81,144.73,144.95,144.38,144.81,49607000,yahoo
2007-02-05,144.85,144.7,144.94,144.34,144.85,45705300,yahoo
2007-02-06,144.89,144.97,145.03,144.33,144.89,57081300,yahoo
2007-02-07,145.21,145.12,145.36,144.57,145.21,55669700,yahoo
2007-02-08,145.02,144.78,145.12,144.27,145.02,70641000,yahoo
2007-02-09,143.94,145.06,145.33,143.39,143.94,79084400,yahoo
2007-02-12,143.45,143.94,144.04,143.19,143.45,65657000,yahoo
2007-02-13,144.66,143.77,144.9,143.76,144.66,64081800,yahoo
2007-02-14,145.61,144.8,145.9,144.78,145.61,66039400,yahoo
2007-02-15,145.8,145.67,145.95,145.43,145.8,38715200,yahoo
2007-02-16,145.73,145.44,145.76,145.23,145.73,39841800,yahoo
2007-02-20,146.04,145.56,146.2,145.0,146.04,56911800,yahoo
2007-02-21,145.98,145.61,146.07,145.35,145.98,63971600,yahoo
2007-02-22,145.87,146.05,146.42,145.17,145.87,79067400,yahoo
2007-02-23,145.3,145.74,145.79,145.03,145.3,71966200,yahoo
2007-02-26,145.17,145.83,145.95,144.75,145.17,69192800,yahoo
2007-02-27,139.5,143.88,144.2,139.0,139.5,274466500,yahoo
2007-02-28,140.93,140.39,141.98,139.8,140.93,177536300,yahoo
2007-03-01,140.51,139.34,141.25,138.05,140.51,212828600,yahoo
2007-03-02,138.67,140.05,140.66,138.66,138.67,162574000,yahoo
2007-03-05,137.35,137.93,139.58,137.33,137.35,143750400,yahoo
2007-03-06,139.7,138.78,140.12,137.72,139.7,143333300,yahoo
2007-03-07,139.56,139.59,140.46,139.4,139.56,115144900,yahoo
2007-03-08,140.74,140.54,141.16,140.07,140.74,117891600,yahoo
2007-03-09,140.78,141.31,141.42,140.08,140.78,107765100,yahoo
2007-03-12,140.99,140.42,141.34,140.16,140.99,80366900,yahoo
2007-03-13,138.25,140.18,140.77,138.04,138.25,190605200,yahoo
2007-03-14,139.28,138.43,139.36,136.75,139.28,231853800,yahoo
2007-03-15,139.47,138.97,139.99,138.8,139.47,132435900,yahoo
2007-03-16,138.53,139.31,139.63,138.12,138.53,121531600,yahoo
2007-03-19,140.2,139.26,140.33,139.15,140.2,96161200,yahoo
2007-03-20,140.97,140.08,141.05,139.96,140.97,82147400,yahoo
2007-03-21,143.29,141.1,143.65,140.82,143.29,152368700,yahoo
2007-03-22,143.18,143.48,143.68,142.79,143.18,118942200,yahoo
2007-03-23,143.39,143.28,143.81,143.15,143.39,74416800,yahoo
2007-03-26,143.2,143.5,143.65,142.09,143.2,113787500,yahoo
2007-03-27,142.86,143.12,143.16,142.39,142.86,99864600,yahoo
2007-03-28,141.82,142.14,142.47,141.26,141.82,152907900,yahoo
2007-03-29,141.97,142.54,142.61,141.19,141.97,139432700,yahoo
2007-03-30,142.0,142.24,142.84,140.56,142.0,128194100,yahoo
2007-04-02,142.16,142.16,142.46,141.48,142.16,79416400,yahoo
2007-04-03,143.69,142.97,143.98,142.91,143.69,82417800,yahoo
2007-04-04,143.85,143.69,143.95,143.16,143.85,63995200,yahoo
2007-04-05,144.24,143.67,144.44,143.61,144.24,46822800,yahoo
2007-04-09,144.44,144.65,144.8,144.15,144.44,50967400,yahoo
2007-04-10,144.61,144.33,144.85,144.27,144.61,56620000,yahoo
2007-04-11,144.02,144.82,144.86,143.54,144.02,106365700,yahoo
2007-04-12,144.66,143.74,144.92,143.34,144.66,115534400,yahoo
2007-04-13,145.32,144.9,145.32,144.36,145.32,84287000,yahoo
2007-04-16,146.7,145.83,146.86,145.82,146.7,83064600,yahoo
2007-04-17,147.09,146.97,147.4,146.65,147.09,108424100,yahoo
2007-04-18,147.27,146.6,147.7,146.57,147.27,88345300,yahoo
2007-04-19,147.23,146.55,147.4,146.36,147.23,102947700,yahoo
2007-04-20,148.62,148.22,148.62,147.04,148.62,124114100,yahoo
2007-04-23,148.06,148.37,148.73,147.97,148.06,77270800,yahoo
2007-04-24,148.12,148.23,148.4,147.32,148.12,114471000,yahoo
2007-04-25,149.48,148.73,149.66,148.02,149.48,108418800,yahoo
2007-04-26,149.65,149.49,149.8,149.1,149.65,88741600,yahoo
2007-04-27,149.53,149.09,149.74,148.84,149.53,108191100,yahoo
2007-04-30,148.29,149.64,149.74,148.21,148.29,100874100,yahoo
2007-05-01,148.67,148.42,149.47,147.67,148.67,134342700,yahoo
2007-05-02,149.54,148.9,149.95,148.75,149.54,87129800,yahoo
2007-05-03,150.35,149.97,150.4,149.73,150.35,86569700,yahoo
2007-05-04,150.92,150.75,151.12,150.22,150.92,96409000,yahoo
2007-05-07,150.95,150.88,151.2,150.81,150.95,63461400,yahoo
2007-05-08,150.75,150.58,150.92,150.13,150.75,80584000,yahoo
2007-05-09,151.16,150.64,152.82,150.37,151.16,102070100,yahoo
2007-05-10,149.58,150.73,151.02,149.27,149.58,153617800,yahoo
2007-05-11,150.86,149.75,150.93,149.72,150.86,113408900,yahoo
2007-05-14,150.53,150.86,151.3,149.79,150.53,108027500,yahoo
2007-05-15,150.57,150.7,151.66,150.19,150.57,180673300,yahoo
2007-05-16,151.6,150.8,151.63,150.38,151.6,114166500,yahoo
2007-05-17,151.3,151.38,151.96,151.11,151.3,101132800,yahoo
2007-05-18,152.62,152.01,152.62,151.81,152.62,99182000,yahoo
2007-05-21,152.54,152.58,153.23,152.5,152.54,174664600,yahoo
2007-05-22,152.42,152.7,153.16,152.38,152.42,82148800,yahoo
2007-05-23,152.44,152.95,153.5,152.36,152.44,133786600,yahoo
2007-05-24,151.06,152.53,153.21,150.74,151.06,187593000,yahoo
2007-05-25,151.69,151.5,152.02,151.18,151.69,83309200,yahoo
2007-05-29,152.24,151.94,152.5,151.45,152.24,82020000,yahoo
2007-05-30,153.48,151.46,153.54,151.34,153.48,129013600,yahoo
2007-05-31,153.32,153.67,153.89,153.12,153.32,114866700,yahoo
2007-06-01,154.08,153.88,154.4,153.51,154.08,107771700,yahoo
2007-06-04,154.1,153.54,154.39,153.48,154.1,78008800,yahoo
2007-06-05,153.49,153.74,153.9,152.86,153.49,126917900,yahoo
2007-06-06,151.84,152.86,152.95,151.75,151.84,164096800,yahoo
2007-06-07,149.1,151.56,152.5,149.06,149.1,232414600,yahoo
2007-06-08,151.04,149.58,151.19,149.09,151.04,175886000,yahoo
2007-06-11,151.3,150.93,151.95,150.7,151.3,102015600,yahoo
2007-06-12,149.65,150.67,151.54,149.55,149.65,233898000,yahoo
2007-06-13,151.89,150.5,152.07,149.72,151.89,193208200,yahoo
2007-06-14,152.86,152.06,153.12,152.03,152.86,146396500,yahoo
2007-06-15,153.07,153.14,153.66,152.93,153.07,154030800,yahoo
2007-06-18,152.89,153.38,153.39,152.66,152.89,88537500,yahoo
2007-06-19,153.27,152.55,153.38,152.36,153.27,110851700,yahoo
2007-06-20,151.14,153.58,153.58,150.96,151.14,177119700,yahoo
2007-06-21,151.98,151.08,152.11,150.25,151.98,205262000,yahoo
2007-06-22,150.55,151.52,151.77,149.85,150.55,204964700,yahoo
2007-06-25,149.83,150.24,151.25,149.02,149.83,232014400,yahoo
2007-06-26,148.29,150.21,150.46,148.28,148.29,198445700,yahoo
2007-06-27,150.4,148.13,150.57,148.06,150.4,213638000,yahoo
2007-06-28,150.38,150.38,151.41,149.67,150.38,157705000,yahoo
2007-06-29,150.43,150.9,151.65,149.15,150.43,199701800,yahoo
2007-07-02,151.79,150.87,151.92,150.77,151.79,103357000,yahoo
2007-07-03,152.34,152.18,152.5,151.99,152.34,54048400,yahoo
2007-07-05,152.18,152.4,152.56,151.63,152.18,89279000,yahoo
2007-07-06,152.98,152.38,153.17,151.93,152.98,81109000,yahoo
2007-07-09,153.1,153.16,153.36,152.62,153.1,72348100,yahoo
2007-07-10,150.92,152.29,152.61,150.77,150.92,180362600,yahoo
2007-07-11,151.99,150.75,152.05,150.52,151.99,175607600,yahoo
2007-07-12,154.39,152.37,154.75,152.34,154.39,133882500,yahoo
2007-07-13,154.85,154.57,155.46,154.39,154.85,111794300,yahoo
2007-07-16,154.83,154.99,155.53,154.58,154.83,98378700,yahoo
2007-07-17,154.75,154.93,155.48,154.68,154.75,126201300,yahoo
2007-07-18,154.47,154.23,154.8,153.3,154.47,237887400,yahoo
2007-07-19,155.07,155.2,155.53,154.75,155.07,145212700,yahoo
2007-07-20,153.5,154.89,154.99,152.83,153.5,245502500,yahoo
2007-07-23,153.97,154.18,154.72,153.3,153.97,121183900,yahoo
2007-07-24,151.3,153.12,154.28,150.76,151.3,256732400,yahoo
2007-07-25,151.61,152.02,152.39,150.25,151.61,265214500,yahoo
2007-07-26,148.02,150.19,150.8,146.39,148.02,467592500,yahoo
2007-07-27,145.11,148.21,148.87,145.05,145.11,422987600,yahoo
2007-07-30,147.38,145.93,147.81,145.29,147.38,283017500,yahoo
2007-07-31,145.72,148.33,149.46,145.04,145.72,316976700,yahoo
2007-08-01,146.43,145.18,147.01,143.95,146.43,467670000,yahoo
2007-08-02,147.6,146.76,147.76,145.26,147.6,294758400,yahoo
2007-08-03,143.8,147.28,147.58,143.2,143.8,359398200,yahoo
2007-08-06,146.21,144.21,146.83,142.53,146.21,324980000,yahoo
2007-08-07,147.77,145.94,149.0,145.23,147.77,232568700,yahoo
2007-08-08,149.83,148.41,150.59,147.34,149.83,274930600,yahoo
2007-08-09,145.39,147.43,148.95,145.29,145.39,357622100,yahoo
2007-08-10,144.71,144.39,146.5,143.12,144.71,411018400,yahoo
2007-08-13,145.23,146.5,146.89,145.02,145.23,181917200,yahoo
2007-08-14,143.01,145.7,146.06,142.72,143.01,264134500,yahoo
2007-08-15,141.04,142.72,144.46,140.62,141.04,323834000,yahoo
2007-08-16,142.1,139.79,142.94,137.0,142.1,546743700,yahoo
2007-08-17,144.71,145.5,145.81,141.39,144.71,388218100,yahoo
2007-08-20,144.64,145.17,145.47,143.29,144.64,187320400,yahoo
2007-08-21,144.93,144.6,145.97,144.14,144.93,157066400,yahoo
2007-08-22,146.65,146.01,146.8,145.33,146.65,173156700,yahoo
2007-08-23,146.52,147.34,147.65,145.61,146.52,203915300,yahoo
2007-08-24,148.33,146.48,148.33,146.28,148.33,128901900,yahoo
2007-08-27,146.95,147.85,148.33,146.73,146.95,113024300,yahoo
2007-08-28,143.72,146.16,146.25,143.46,143.72,219790700,yahoo
2007-08-29,146.54,144.37,146.74,143.96,146.54,207654200,yahoo
2007-08-30,146.15,145.45,147.19,145.31,146.15,191817300,yahoo
2007-08-31,147.59,147.65,148.5,146.83,147.59,185477500,yahoo
2007-09-04,149.08,147.45,149.98,147.4,149.08,120062000,yahoo
2007-09-05,147.79,148.2,148.36,147.0,147.79,166261800,yahoo
2007-09-06,148.13,147.95,148.61,147.12,148.13,127878400,yahoo
2007-09-07,146.07,146.48,146.89,145.26,146.07,235447600,yahoo
2007-09-10,145.79,146.52,146.72,144.33,145.79,192305900,yahoo
2007-09-11,147.49,146.24,147.7,146.13,147.49,162081900,yahoo
2007-09-12,147.87,147.29,148.44,146.98,147.87,149554600,yahoo
2007-09-13,148.91,148.55,149.45,148.2,148.91,154079000,yahoo
2007-09-14,148.9,147.96,149.09,147.74,148.9,121911000,yahoo
2007-09-17,148.1,148.31,148.65,147.63,148.1,109870800,yahoo
2007-09-18,152.46,148.83,152.5,148.13,152.46,263759500,yahoo
2007-09-19,153.36,153.41,154.39,152.71,153.36,193779900,yahoo
2007-09-20,152.28,153.34,153.43,152.11,152.28,175186800,yahoo
2007-09-21,151.97,152.71,153.12,151.74,151.97,141457500,yahoo
2007-09-24,151.69,152.42,152.82,151.36,151.69,139450200,yahoo
2007-09-25,151.39,150.81,151.66,150.47,151.39,142289900,yahoo
2007-09-26,152.19,152.25,152.77,151.39,152.19,135547000,yahoo
2007-09-27,153.09,152.91,153.1,152.19,153.09,102713300,yahoo
2007-09-28,152.58,152.85,153.19,151.98,152.58,133372100,yahoo
2007-10-01,154.3,152.6,154.75,152.5,154.3,148162300,yahoo
2007-10-02,154.09,154.61,154.65,153.81,154.09,112978800,yahoo
2007-10-03,153.78,153.81,154.41,153.01,153.78,119055900,yahoo
2007-10-04,154.02,154.11,154.26,153.59,154.02,76864400,yahoo
2007-10-05,155.85,155.03,156.1,154.63,155.85,134579700,yahoo
2007-10-08,155.02,155.39,155.49,154.77,155.02,71280400,yahoo
2007-10-09,156.48,155.6,156.5,155.03,156.48,94054300,yahoo
2007-10-10,156.22,156.04,156.44,155.41,156.22,101711100,yahoo
2007-10-11,155.47,156.93,157.52,154.54,155.47,233529100,yahoo
2007-10-12,156.33,155.46,156.35,155.27,156.33,124546700,yahoo
2007-10-15,155.01,156.27,156.36,153.94,155.01,161151900,yahoo
2007-10-16,153.78,154.41,154.52,153.47,153.78,166525700,yahoo
2007-10-17,154.25,154.98,155.09,152.47,154.25,216687300,yahoo
2007-10-18,153.69,153.45,154.19,153.08,153.69,148367500,yahoo
2007-10-19,149.67,153.09,156.48,149.66,149.67,297169900,yahoo
2007-10-22,150.54,148.86,150.76,148.66,150.54,261989800,yahoo
2007-10-23,151.76,151.46,151.95,150.25,151.76,180085100,yahoo
2007-10-24,151.48,151.21,151.74,148.84,151.48,326694200,yahoo
2007-10-25,151.84,151.65,152.29,149.88,151.84,237374500,yahoo
2007-10-26,153.62,153.06,153.62,151.9,153.62,176484000,yahoo
2007-10-29,154.13,153.93,154.44,153.55,154.13,106841000,yahoo
2007-10-30,153.06,153.45,153.75,152.87,153.06,132981600,yahoo
2007-10-31,154.65,153.98,155.27,152.84,154.65,220954400,yahoo
2007-11-01,151.03,153.29,153.41,150.59,151.03,333040800,yahoo
2007-11-02,151.2,151.53,152.0,149.21,151.2,331228200,yahoo
2007-11-05,150.05,149.64,151.16,148.97,150.05,226841000,yahoo
2007-11-06,152.07,150.86,152.11,149.9,152.07,177800500,yahoo
2007-11-07,147.91,150.44,151.13,147.55,147.91,306639700,yahoo
2007-11-08,147.16,147.99,148.4,145.07,147.16,374509900,yahoo
2007-11-09,145.14,145.69,147.54,144.89,145.14,277745100,yahoo
2007-11-12,143.7,145.21,146.61,143.7,143.7,243087800,yahoo
2007-11-13,148.08,145.37,148.31,145.22,148.08,191117400,yahoo
2007-11-14,147.67,149.22,149.4,146.78,147.67,230558800,yahoo
2007-11-15,145.54,146.57,147.49,144.52,145.54,263111100,yahoo
2007-11-16,145.79,146.31,146.47,144.57,145.79,308770600,yahoo
2007-11-19,143.76,145.28,145.36,143.19,143.76,267746000,yahoo
2007-11-20,144.64,144.02,145.53,142.11,144.64,414767500,yahoo
2007-11-21,141.68,143.08,143.91,141.67,141.68,259012400,yahoo
2007-11-23,144.13,143.07,144.34,142.7,144.13,77688400,yahoo
2007-11-26,140.95,144.43,144.88,140.66,140.95,214232000,yahoo
2007-11-27,142.57,141.74,143.23,140.95,142.57,293897900,yahoo
2007-11-28,147.13,144.19,147.47,144.14,147.13,258596900,yahoo
2007-11-29,147.18,146.62,147.72,146.1,147.18,199409900,yahoo
2007-11-30,148.66,149.04,149.87,147.33,148.66,222908000,yahoo
2007-12-03,147.68,148.19,148.45,147.29,147.68,146430400,yahoo
2007-12-04,146.36,146.66,147.54,146.31,146.36,136533900,yahoo
2007-12-05,148.81,147.93,149.2,147.83,148.81,171130000,yahoo
2007-12-06,150.94,148.63,151.21,148.57,150.94,154457400,yahoo
2007-12-07,150.91,151.42,151.5,150.55,150.91,148980100,yahoo
2007-12-10,152.08,151.28,152.25,150.86,152.08,123914300,yahoo
2007-12-11,147.91,152.14,152.89,147.83,147.91,250346400,yahoo
2007-12-12,149.37,151.06,151.77,147.2,149.37,322435600,yahoo
2007-12-13,149.06,148.32,149.39,147.3,149.06,237551300,yahoo
2007-12-14,147.17,147.93,149.1,147.1,147.17,159152900,yahoo
2007-12-17,145.07,146.61,146.87,144.86,145.07,177269400,yahoo
2007-12-18,145.88,146.1,146.48,143.96,145.88,245569300,yahoo
2007-12-19,145.88,145.94,146.89,144.94,145.88,198917200,yahoo
2007-12-20,146.8,146.84,146.86,145.18,146.8,214813800,yahoo
2007-12-21,148.13,147.37,148.42,147.09,148.13,146084400,yahoo
2007-12-24,149.23,148.82,149.48,148.48,149.23,45601400,yahoo
2007-12-26,149.55,148.65,149.68,148.5,149.55,67093100,yahoo
2007-12-27,147.67,149.02,149.03,147.32,147.67,122981700,yahoo
2007-12-28,147.3,148.54,148.61,146.9,147.3,116398100,yahoo
2007-12-31,146.21,147.1,147.61,146.06,146.21,108126800,yahoo
2008-01-02,144.93,146.53,146.99,143.88,144.93,204935600,yahoo
2008-01-03,144.86,144.91,145.49,144.07,144.86,125133300,yahoo
2008-01-04,141.31,143.34,143.44,140.91,141.31,232330900,yahoo
2008-01-07,141.19,141.81,142.23,140.1,141.19,234991000,yahoo
2008-01-08,138.91,142.08,142.9,138.44,138.91,326365700,yahoo
2008-01-09,140.37,139.09,140.79,137.7,140.37,301824900,yahoo
2008-01-10,141.29,139.68,142.8,139.37,141.29,335701200,yahoo
2008-01-11,140.15,140.78,141.9,139.0,140.15,267076600,yahoo
2008-01-14,141.28,141.16,141.86,140.4,141.28,170365500,yahoo
2008-01-15,138.17,139.79,141.49,137.9,138.17,239940100,yahoo
2008-01-16,136.98,137.36,139.12,136.28,136.98,378802600,yahoo
2008-01-17,133.43,137.81,137.88,132.93,133.43,397892600,yahoo
2008-01-18,132.06,134.74,135.02,131.1,132.06,348561500,yahoo
2008-01-22,130.72,127.21,132.43,126.0,130.72,435923700,yahoo
2008-01-23,133.86,127.09,134.19,126.84,133.86,511913000,yahoo
2008-01-24,134.99,134.48,135.46,133.31,134.99,259949300,yahoo
2008-01-25,133.04,136.51,136.76,132.6,133.04,269603900,yahoo
2008-01-28,135.24,133.26,135.52,132.06,135.24,217934600,yahoo
2008-01-29,135.91,136.1,136.45,134.88,135.91,168968300,yahoo
2008-01-30,134.91,135.58,138.54,134.6,134.91,334939200,yahoo
2008-01-31,137.37,133.4,138.54,133.2,137.37,343680800,yahoo
2008-02-01,139.58,137.94,139.61,137.52,139.58,206843600,yahoo
2008-02-04,137.82,139.21,139.3,137.64,137.82,124694300,yahoo
2008-02-05,134.13,135.94,136.25,133.67,134.13,286882500,yahoo
2008-02-06,133.05,134.58,135.25,132.41,133.05,250792900,yahoo
2008-02-07,133.93,131.8,134.79,131.73,133.93,297368100,yahoo
2008-02-08,133.07,133.09,134.22,132.1,133.07,221643500,yahoo
2008-02-11,133.75,133.1,134.23,132.04,133.75,188576300,yahoo
2008-02-12,134.99,134.91,136.31,133.98,134.99,256654400,yahoo
2008-02-13,136.37,136.01,137.06,135.14,136.37,181967800,yahoo
2008-02-14,135.17,136.95,137.0,134.79,135.17,215207200,yahoo
2008-02-15,135.14,134.5,135.22,133.91,135.14,154110300,yahoo
2008-02-19,135.52,136.72,136.89,134.61,135.52,145190000,yahoo
2008-02-20,135.92,133.99,136.55,133.76,135.92,220085700,yahoo
2008-02-21,134.79,136.66,137.01,134.07,134.79,201051200,yahoo
2008-02-22,135.62,134.97,135.85,132.86,135.62,205491000,yahoo
2008-02-25,137.33,135.54,137.65,134.78,137.33,190107000,yahoo
2008-02-26,138.36,136.75,138.95,136.5,138.36,212420700,yahoo
2008-02-27,138.22,137.56,139.14,137.41,138.22,168395800,yahoo
2008-02-28,136.87,137.24,137.96,136.55,136.87,170831100,yahoo
2008-02-29,133.82,135.6,135.68,132.78,133.82,252715200,yahoo
2008-03-03,133.5,133.14,133.81,132.24,133.5,189483500,yahoo
2008-03-04,132.99,132.23,133.4,130.99,132.99,282513100,yahoo
2008-03-05,133.83,133.42,134.77,132.34,133.83,270681400,yahoo
2008-03-06,131.06,132.98,133.22,130.55,131.06,247911700,yahoo
2008-03-07,129.71,129.77,131.74,128.58,129.71,326434600,yahoo
2008-03-10,128.0,129.84,129.93,127.59,128.0,235683600,yahoo
2008-03-11,132.6,130.72,132.72,128.95,132.6,341440600,yahoo
2008-03-12,131.36,132.74,133.77,131.16,131.36,229161100,yahoo
2008-03-13,131.65,129.61,132.64,128.6,131.65,351504200,yahoo
2008-03-14,129.61,132.77,132.81,127.78,129.61,484687800,yahoo
2008-03-17,128.3,126.57,129.26,126.07,128.3,405311100,yahoo
2008-03-18,133.63,130.62,133.69,129.98,133.63,334416600,yahoo
2008-03-19,130.32,134.14,134.65,130.04,130.32,345971600,yahoo
2008-03-20,132.08,130.05,132.91,129.26,132.08,245320700,yahoo
2008-03-24,134.72,133.31,135.81,133.24,134.72,208977300,yahoo
2008-03-25,134.85,134.86,135.55,133.77,134.85,192947200,yahoo
2008-03-26,133.2,134.46,135.09,133.11,133.2,196934300,yahoo
2008-03-27,132.78,134.2,134.44,132.36,132.78,225153200,yahoo
2008-03-28,131.51,132.99,133.36,131.06,131.51,180896100,yahoo
2008-03-31,131.97,131.29,132.73,131.09,131.97,166692100,yahoo
2008-04-01,136.61,133.61,136.84,133.51,136.61,254547300,yahoo
2008-04-02,136.7,137.05,137.67,135.98,136.7,210910800,yahoo
2008-04-03,137.04,135.96,137.44,135.71,137.04,175884800,yahoo
2008-04-04,136.89,137.12,137.96,136.12,136.89,204446800,yahoo
2008-04-07,136.96,137.87,138.57,136.74,136.96,154245500,yahoo
2008-04-08,136.82,136.19,136.92,135.95,136.82,148937300,yahoo
2008-04-09,135.83,136.61,136.8,134.89,135.83,195610600,yahoo
2008-04-10,136.02,135.42,136.67,134.9,136.02,192967800,yahoo
2008-04-11,133.38,134.49,135.12,133.01,133.38,222973300,yahoo
2008-04-14,132.93,133.19,133.54,132.55,132.93,160522000,yahoo
2008-04-15,133.24,133.58,133.69,132.33,133.24,172389200,yahoo
2008-04-16,136.85,134.54,136.91,134.52,136.85,189268900,yahoo
2008-04-17,137.05,136.02,137.25,135.66,137.05,179665700,yahoo
2008-04-18,138.48,138.94,139.56,138.26,138.48,218530600,yahoo
2008-04-21,138.55,138.23,138.98,137.85,138.55,118587400,yahoo
2008-04-22,137.94,138.19,138.31,136.9,137.94,162166000,yahoo
2008-04-23,137.72,138.09,138.78,137.12,137.72,193309000,yahoo
2008-04-24,138.32,138.08,139.74,137.04,138.32,229381300,yahoo
2008-04-25,139.6,139.4,139.89,137.91,139.6,190788100,yahoo
2008-04-28,139.63,139.88,140.25,139.38,139.63,105610200,yahoo
2008-04-29,139.08,139.39,139.73,138.61,139.08,125514100,yahoo
2008-04-30,138.26,139.29,140.59,138.26,138.26,208395900,yahoo
2008-05-01,141.12,138.38,141.12,138.27,141.12,187279500,yahoo
2008-05-02,141.51,142.34,142.37,140.56,141.51,181585500,yahoo
2008-05-05,140.83,141.05,141.61,140.41,140.83,118504500,yahoo
2008-05-06,142.05,140.02,142.2,139.69,142.05,179339800,yahoo
2008-05-07,139.52,141.89,142.04,139.13,139.52,199267300,yahoo
2008-05-08,139.16,139.74,140.32,138.98,139.16,178321200,yahoo
2008-05-09,138.9,138.6,139.39,138.45,138.9,152588200,yahoo
2008-05-12,140.46,139.25,140.56,138.73,140.46,147865900,yahoo
2008-05-13,140.48,140.8,140.89,139.73,140.48,159132200,yahoo
2008-05-14,140.77,141.07,142.2,140.46,140.77,181910800,yahoo
2008-05-15,142.53,141.04,142.63,140.83,142.53,166927000,yahoo
2008-05-16,142.66,142.86,142.87,141.61,142.66,204236800,yahoo
2008-05-19,143.05,142.81,144.3,142.3,143.05,165664400,yahoo
2008-05-20,141.89,142.27,142.34,141.0,141.89,178552100,yahoo
2008-05-21,139.49,141.81,142.12,139.0,139.49,252724800,yahoo
2008-05-22,139.51,139.43,140.17,139.0,139.51,170820400,yahoo
2008-05-23,137.64,139.05,139.66,137.52,137.64,181376400,yahoo
2008-05-27,138.66,137.8,139.0,137.53,138.66,168322900,yahoo
2008-05-28,139.3,139.17,140.0,138.0,139.3,181288100,yahoo
2008-05-29,140.0,139.13,140.93,139.08,140.0,173927200,yahoo
2008-05-30,140.35,140.47,140.74,139.94,140.35,117362000,yahoo
2008-06-02,138.9,139.83,139.86,138.0,138.9,181069900,yahoo
2008-06-03,138.09,139.3,139.62,137.23,138.09,271965700,yahoo
2008-06-04,138.02,137.7,139.16,137.46,138.02,246637700,yahoo
2008-06-05,140.78,138.58,140.89,138.32,140.78,237867100,yahoo
2008-06-06,136.29,139.55,139.8,136.22,136.29,384276300,yahoo
2008-06-09,136.62,136.86,137.5,135.41,136.62,228263900,yahoo
2008-06-10,135.94,135.67,137.1,135.35,135.94,260234900,yahoo
2008-06-11,133.94,135.97,136.26,133.93,133.94,283890100,yahoo
2008-06-12,134.45,134.6,135.87,133.52,134.45,252791800,yahoo
2008-06-13,136.15,135.17,136.52,134.42,136.15,244726900,yahoo
2008-06-16,136.23,135.55,136.93,135.46,136.23,185832500,yahoo
2008-06-17,135.57,137.07,137.12,135.37,135.57,191707700,yahoo
2008-06-18,134.25,134.69,135.52,133.71,134.25,265893000,yahoo
2008-06-19,134.42,134.15,135.24,133.5,134.42,304204900,yahoo
2008-06-20,131.58,132.84,133.09,131.22,131.58,289275700,yahoo
2008-06-23,131.45,132.09,132.23,131.32,131.45,165096400,yahoo
2008-06-24,131.19,131.05,132.44,130.19,131.19,267300600,yahoo
2008-06-25,131.81,131.72,133.4,131.24,131.81,287853900,yahoo
2008-06-26,128.23,130.57,131.42,128.08,128.23,297775000,yahoo
2008-06-27,127.53,128.28,128.86,127.04,127.53,303423400,yahoo
2008-06-30,127.98,127.89,128.91,127.3,127.98,258842600,yahoo
2008-07-01,128.38,126.52,128.47,125.93,128.38,388622000,yahoo
2008-07-02,126.18,128.79,129.16,125.95,126.18,288064600,yahoo
2008-07-03,126.31,127.11,127.11,124.99,126.31,239352500,yahoo
2008-07-07,125.02,126.79,127.34,123.92,125.02,372427300,yahoo
2008-07-08,127.24,124.99,127.39,124.2,127.24,375973700,yahoo
2008-07-09,124.79,127.5,127.74,124.39,124.79,336729400,yahoo
2008-07-10,125.3,124.43,125.79,123.58,125.3,436475700,yahoo
2008-07-11,123.84,123.97,125.9,122.49,123.84,481124600,yahoo
2008-07-14,122.72,125.26,125.5,122.4,122.72,322720800,yahoo
2008-07-15,120.99,121.8,123.49,120.02,120.99,502502500,yahoo
2008-07-16,123.96,121.45,124.57,121.1,123.96,371642900,yahoo
2008-07-17,125.2,125.14,126.26,124.09,125.2,375490600,yahoo
2008-07-18,125.98,126.17,126.42,125.15,125.98,267030100,yahoo
2008-07-21,126.05,126.51,126.8,125.19,126.05,222863000,yahoo
2008-07-22,127.48,125.15,127.8,124.85,127.48,296904200,yahoo
2008-07-23,128.17,127.89,129.15,127.55,128.17,311698400,yahoo
2008-07-24,125.51,128.34,128.41,125.16,125.51,248634500,yahoo
2008-07-25,125.48,125.89,126.49,125.17,125.48,219131000,yahoo
2008-07-28,123.64,125.51,126.06,123.42,123.64,205201300,yahoo
2008-07-29,126.28,123.98,126.38,123.64,126.28,261505600,yahoo
2008-07-30,128.53,127.11,128.6,126.28,128.53,354710000,yahoo
2008-07-31,126.83,127.4,128.57,126.63,126.83,277402100,yahoo
2008-08-01,126.16,127.12,127.28,125.46,126.16,248690900,yahoo
2008-08-04,124.99,126.04,126.14,124.76,124.99,188239600,yahoo
2008-08-05,128.36,126.02,128.56,124.97,128.36,251577600,yahoo
2008-08-06,128.93,128.02,129.3,127.48,128.93,209555400,yahoo
2008-08-07,127.01,127.96,128.44,126.54,127.01,246312500,yahoo
2008-08-08,129.37,126.58,129.93,126.38,129.37,260811700,yahoo
2008-08-11,130.71,129.47,131.51,129.23,130.71,249425800,yahoo
2008-08-12,129.35,130.28,130.7,128.73,129.35,213200800,yahoo
2008-08-13,128.57,128.79,129.65,127.67,128.57,256393200,yahoo
2008-08-14,129.54,127.84,130.28,127.75,129.54,239555300,yahoo
2008-08-15,130.17,129.93,130.5,129.3,130.17,181000800,yahoo
2008-08-18,128.39,130.43,130.48,127.66,128.39,172275100,yahoo
2008-08-19,126.99,127.42,127.69,126.53,126.99,194673700,yahoo
2008-08-20,127.58,127.39,127.95,126.34,127.58,225498200,yahoo
2008-08-21,127.8,126.75,128.44,126.6,127.8,180609800,yahoo
2008-08-22,129.65,128.67,129.65,127.8,129.65,167715300,yahoo
2008-08-25,127.02,128.8,129.65,126.75,127.02,171936900,yahoo
2008-08-26,127.39,127.02,127.87,126.58,127.39,159117200,yahoo
2008-08-27,128.63,127.55,128.83,127.3,128.63,171032800,yahoo
2008-08-28,130.19,129.28,130.34,129.11,130.19,167537100,yahoo
2008-08-29,128.79,129.73,130.14,128.51,128.79,189195800,yahoo
2008-09-02,127.99,130.03,130.71,127.52,127.99,252364900,yahoo
2008-09-03,127.88,127.88,128.5,126.93,127.88,251947000,yahoo
2008-09-04,124.03,126.97,127.23,123.96,124.03,340042500,yahoo
2008-09-05,124.42,123.29,124.95,122.0,124.42,289503400,yahoo
2008-09-08,126.99,128.04,128.24,124.42,126.99,364075300,yahoo
2008-09-09,123.22,127.1,127.36,122.8,123.22,377326800,yahoo
2008-09-10,123.72,123.89,124.9,122.55,123.72,298916600,yahoo
2008-09-11,125.51,122.12,125.74,121.6,125.51,375369400,yahoo
2008-09-12,126.09,124.29,126.21,123.83,126.09,297851200,yahoo
2008-09-15,120.09,121.63,125.65,119.89,120.09,483607000,yahoo
2008-09-16,122.1,117.2,122.32,117.0,122.1,581744300,yahoo
2008-09-17,116.61,119.64,121.85,116.0,116.61,624095600,yahoo
2008-09-18,120.07,118.05,121.79,113.8,120.07,776114700,yahoo
2008-09-19,124.12,126.7,128.0,123.33,124.12,501087800,yahoo
2008-09-22,121.31,124.45,124.75,120.36,121.31,249966500,yahoo
2008-09-23,118.55,120.85,122.02,118.28,118.55,327470400,yahoo
2008-09-24,118.93,119.35,120.0,117.79,118.93,311818400,yahoo
2008-09-25,120.79,119.4,121.91,118.44,120.79,328253000,yahoo
2008-09-26,120.85,118.83,121.5,118.51,120.85,285917400,yahoo
2008-09-29,111.38,119.14,119.34,110.97,111.38,459562300,yahoo
2008-09-30,115.99,113.51,116.8,110.53,115.99,328154400,yahoo
2008-10-01,116.06,115.27,116.69,113.95,116.06,332783000,yahoo
2008-10-02,111.85,114.95,115.11,111.06,111.85,365337800,yahoo
2008-10-03,110.34,112.86,115.45,109.68,110.34,461798000,yahoo
2008-10-06,104.72,107.15,107.62,100.64,104.72,610637500,yahoo
2008-10-07,100.03,106.84,107.33,99.65,100.03,540012100,yahoo
2008-10-08,97.51,97.52,102.18,96.81,97.51,725414800,yahoo
2008-10-09,90.7,99.66,100.62,90.25,90.7,534485200,yahoo
2008-10-10,88.5,86.76,93.94,83.58,88.5,871026300,yahoo
2008-10-13,101.35,93.87,101.35,89.95,101.35,455584000,yahoo
2008-10-14,99.85,104.7,105.53,97.11,99.85,546268300,yahoo
2008-10-15,90.02,97.46,97.8,89.71,90.02,484627500,yahoo
2008-10-16,93.77,91.29,94.77,86.54,93.77,708811200,yahoo
2008-10-17,93.21,91.99,98.59,91.65,93.21,476649000,yahoo
2008-10-20,98.81,95.35,99.1,94.09,98.81,321294200,yahoo
2008-10-21,95.86,96.97,98.64,95.22,95.86,356502000,yahoo
2008-10-22,90.64,93.2,95.86,87.53,90.64,516168000,yahoo
2008-10-23,91.69,90.29,92.45,85.81,91.69,634666400,yahoo
2008-10-24,87.04,84.06,89.92,84.0,87.04,545812600,yahoo
2008-10-27,83.95,85.97,89.51,83.7,83.95,397288600,yahoo
2008-10-28,93.76,87.34,94.24,84.53,93.76,639939500,yahoo
2008-10-29,93.08,93.77,97.17,92.1,93.08,531270100,yahoo
2008-10-30,96.3,95.78,96.54,92.9,96.3,414582100,yahoo
2008-10-31,96.83,95.08,98.57,94.48,96.83,411394000,yahoo
2008-11-03,97.11,96.78,97.69,95.95,97.11,205419400,yahoo
2008-11-04,100.41,99.06,100.86,96.71,100.41,346793400,yahoo
2008-11-05,96.19,99.2,100.71,95.0,96.19,387844100,yahoo
2008-11-06,90.86,94.46,95.44,90.06,90.86,477721900,yahoo
2008-11-07,93.86,91.65,94.0,90.5,93.86,380391000,yahoo
2008-11-10,92.63,95.21,95.53,90.92,92.63,301773000,yahoo
2008-11-11,89.77,90.76,92.14,88.65,89.77,418498200,yahoo
2008-11-12,85.82,88.23,88.95,85.12,85.82,454330600,yahoo
2008-11-13,91.17,86.13,91.73,82.09,91.17,753141900,yahoo
2008-11-14,86.62,89.41,92.06,86.52,86.62,540352300,yahoo
2008-11-17,85.47,86.38,88.56,85.16,85.47,415254900,yahoo
2008-11-18,87.08,85.15,87.22,82.91,87.08,523811800,yahoo
2008-11-19,81.5,85.91,86.87,80.92,81.5,558327600,yahoo
2008-11-20,75.45,80.13,82.51,75.05,75.45,814180400,yahoo
2008-11-21,79.52,77.46,80.9,74.34,79.52,718536500,yahoo
2008-11-24,85.03,81.92,86.99,80.36,85.03,523305300,yahoo
2008-11-25,85.66,87.3,87.51,83.82,85.66,454112400,yahoo
2008-11-26,88.97,84.3,89.19,84.24,88.97,370134200,yahoo
2008-11-28,90.09,88.63,90.13,88.48,90.09,118308100,yahoo
2008-12-01,82.11,87.51,87.55,81.86,82.11,369927100,yahoo
2008-12-02,85.27,83.47,85.49,82.04,85.27,469508400,yahoo
2008-12-03,87.32,83.4,87.83,83.14,87.32,519863500,yahoo
2008-12-04,85.3,86.06,88.05,83.74,85.3,444173800,yahoo
2008-12-05,87.93,83.65,88.42,82.24,87.93,471905300,yahoo
2008-12-08,91.0,90.34,92.38,88.08,91.0,412859300,yahoo
2008-12-09,89.5,90.37,92.13,88.98,89.5,370790000,yahoo
2008-12-10,90.11,90.32,91.36,89.0,90.11,396187400,yahoo
2008-12-11,87.94,89.54,91.0,87.37,87.94,365061000,yahoo
2008-12-12,88.99,85.55,89.07,85.2,88.99,415060400,yahoo
2008-12-15,87.75,89.02,89.15,86.29,87.75,256694200,yahoo
2008-12-16,91.88,91.88,92.02,88.18,91.88,377699500,yahoo
2008-12-17,90.99,90.84,92.43,90.06,90.99,281819800,yahoo
2008-12-18,89.29,91.4,91.67,88.21,89.29,374673300,yahoo
2008-12-19,88.19,89.1,90.62,88.09,88.19,301451300,yahoo
2008-12-22,87.06,88.58,88.67,85.49,87.06,243759500,yahoo
2008-12-23,86.16,87.53,87.93,85.8,86.16,221625200,yahoo
2008-12-24,86.66,86.45,86.87,86.0,86.66,62061600,yahoo
2008-12-26,87.16,87.24,87.3,86.5,87.16,74767700,yahoo
2008-12-29,86.91,87.24,87.33,85.6,86.91,127795900,yahoo
2008-12-30,88.97,87.51,89.05,86.88,88.97,168256300,yahoo
2008-12-31,90.24,89.08,90.97,88.87,90.24,193987200,yahoo
2009-01-02,92.96,90.44,93.44,89.85,92.96,227566300,yahoo
2009-01-05,92.85,92.63,93.66,91.89,92.85,240349700,yahoo
2009-01-06,93.47,93.64,94.45,92.68,93.47,328260900,yahoo
2009-01-07,90.67,92.0,92.26,90.2,90.67,280899200,yahoo
2009-01-08,91.04,90.16,91.09,89.67,91.04,263834400,yahoo
2009-01-09,89.09,91.16,91.32,85.36,89.09,330953600,yahoo
2009-01-12,86.95,88.84,88.91,86.41,86.95,277858500,yahoo
2009-01-13,87.11,86.73,87.88,86.2,87.11,356432300,yahoo
2009-01-14,84.37,85.54,85.75,83.16,84.37,435491600,yahoo
2009-01-15,84.4,84.12,85.25,81.72,84.4,532647300,yahoo
2009-01-16,85.06,85.86,85.99,83.05,85.06,399237200,yahoo
2009-01-20,80.57,84.23,85.06,80.05,80.57,419855200,yahoo
2009-01-21,84.05,81.94,84.24,80.47,84.05,364360700,yahoo
2009-01-22,82.75,82.42,84.04,81.17,82.75,427940300,yahoo
2009-01-23,83.11,80.9,83.99,80.57,83.11,386800600,yahoo
2009-01-26,83.68,83.59,85.36,82.81,83.68,317978800,yahoo
2009-01-27,84.53,84.13,85.15,83.3,84.53,273789700,yahoo
2009-01-28,87.39,86.4,87.95,86.07,87.39,330007000,yahoo
2009-01-29,84.55,86.11,87.49,84.47,84.55,294392500,yahoo
2009-01-30,82.83,84.98,85.4,82.21,82.83,383383600,yahoo
2009-02-02,82.58,81.57,83.18,81.31,82.58,288233300,yahoo
2009-02-03,83.74,83.1,84.36,82.22,83.74,278385800,yahoo
2009-02-04,83.33,84.3,85.37,83.04,83.33,322989300,yahoo
2009-02-05,84.57,82.7,85.29,77.73,84.57,417679400,yahoo
2009-02-06,86.98,84.86,87.34,84.68,86.98,366101700,yahoo
2009-02-09,87.1,86.96,87.74,86.32,87.1,240075200,yahoo
2009-02-10,83.11,86.27,87.03,82.45,83.11,536212800,yahoo
2009-02-11,83.6,83.45,84.05,82.4,83.6,324442500,yahoo
2009-02-12,83.66,82.17,83.82,81.05,83.66,469302200,yahoo
2009-02-13,82.76,83.55,84.24,82.74,82.76,293998400,yahoo
2009-02-17,79.22,80.16,82.96,79.17,79.22,478910100,yahoo
2009-02-18,79.03,79.79,79.94,78.28,79.03,362964800,yahoo
2009-02-19,78.18,79.84,80.15,78.02,78.18,316867500,yahoo
2009-02-20,77.42,76.73,78.34,75.77,77.42,477176600,yahoo
2009-02-23,74.65,78.27,78.27,74.59,74.65,379641400,yahoo
2009-02-24,77.48,75.29,77.95,74.7,77.48,426260900,yahoo
2009-02-25,76.87,77.14,78.42,75.63,76.87,461985800,yahoo
2009-02-26,75.62,77.82,79.67,75.53,75.62,363353900,yahoo
2009-02-27,73.93,74.01,75.69,73.81,73.93,470510900,yahoo
2009-03-02,70.6,72.52,73.92,70.37,70.6,426452600,yahoo
2009-03-03,70.07,71.61,71.7,69.64,70.07,443761000,yahoo
2009-03-04,71.73,71.23,72.87,70.07,71.73,462753100,yahoo
2009-03-05,68.8,70.1,71.73,68.17,68.8,485549400,yahoo
2009-03-06,68.92,69.4,70.45,67.1,68.92,490470000,yahoo
2009-03-09,68.11,67.95,70.0,67.73,68.11,379905300,yahoo
2009-03-10,72.17,69.51,72.37,69.37,72.17,406227900,yahoo
2009-03-11,72.64,73.0,73.75,71.83,72.64,356648300,yahoo
2009-03-12,75.5,72.62,75.75,71.97,75.5,409702700,yahoo
2009-03-13,76.09,76.01,76.98,74.73,76.09,337474700,yahoo
2009-03-16,75.86,76.96,77.97,75.81,75.86,360644900,yahoo
2009-03-17,78.18,76.07,78.36,75.45,78.18,356814300,yahoo
2009-03-18,79.93,77.81,80.9,77.07,79.93,473273200,yahoo
2009-03-19,78.94,80.93,81.0,78.69,78.94,428520400,yahoo
2009-03-20,76.71,78.76,78.91,76.53,76.71,371078200,yahoo
2009-03-23,82.22,78.74,82.29,78.31,82.22,419933300,yahoo
2009-03-24,80.6,81.24,82.36,80.51,80.6,330271000,yahoo
2009-03-25,81.45,81.23,82.7,79.06,81.45,441775100,yahoo
2009-03-26,83.11,82.25,83.3,81.32,83.11,422025200,yahoo
2009-03-27,81.61,82.05,82.53,81.31,81.61,322332300,yahoo
2009-03-30,78.79,79.8,79.87,77.96,78.79,324108500,yahoo
2009-03-31,79.52,79.56,81.08,79.05,79.52,364238300,yahoo
2009-04-01,81.06,78.53,81.42,78.33,81.06,377018300,yahoo
2009-04-02,83.43,83.08,84.61,81.13,83.43,476230700,yahoo
2009-04-03,84.26,83.49,84.28,82.67,84.26,284646300,yahoo
2009-04-06,83.6,83.34,84.28,82.29,83.6,264866600,yahoo
2009-04-07,81.65,82.25,82.65,81.51,81.65,258947800,yahoo
2009-04-08,82.53,82.06,82.94,81.54,82.53,230402800,yahoo
2009-04-09,85.81,84.67,85.82,84.33,85.81,269653500,yahoo
2009-04-13,85.83,84.92,86.54,84.58,85.83,224847500,yahoo
2009-04-14,84.35,85.03,85.76,84.08,84.35,276598800,yahoo
2009-04-15,85.25,83.84,85.42,83.61,85.25,250726100,yahoo
2009-04-16,86.5,85.93,87.15,84.77,86.5,335202900,yahoo
2009-04-17,87.08,86.83,87.65,86.14,87.08,262649000,yahoo
2009-04-20,83.43,85.54,87.05,83.34,83.43,293690100,yahoo
2009-04-21,85.06,82.82,85.13,82.75,85.06,114090900,yahoo
2009-04-22,84.54,84.29,86.34,84.07,84.54,340395200,yahoo
2009-04-23,85.37,84.71,85.42,83.63,85.37,324903700,yahoo
2009-04-24,86.66,86.03,87.31,85.69,86.66,287703000,yahoo
2009-04-27,85.84,85.68,87.01,85.54,85.84,289581600,yahoo
2009-04-28,85.57,84.97,86.59,84.76,85.57,247926300,yahoo
2009-04-29,87.39,86.52,88.36,86.3,87.39,311505700,yahoo
2009-04-30,87.42,88.55,89.02,86.92,87.42,301419800,yahoo
2009-05-01,87.89,87.44,88.21,86.72,87.89,236110300,yahoo
2009-05-04,90.88,88.55,90.94,88.38,90.88,287120000,yahoo
2009-05-05,90.57,90.57,90.93,89.84,90.57,243036300,yahoo
2009-05-06,92.14,91.68,92.2,90.61,92.14,291941000,yahoo
2009-05-07,90.86,93.01,93.15,90.28,90.86,317728000,yahoo
2009-05-08,92.98,92.03,93.22,91.44,92.98,299081700,yahoo
2009-05-11,91.24,91.7,92.11,91.04,91.24,247923600,yahoo
2009-05-12,90.97,91.63,91.83,89.85,90.97,282431300,yahoo
2009-05-13,88.68,89.74,90.01,88.5,88.68,269619100,yahoo
2009-05-14,89.44,88.72,90.12,88.5,89.44,260098700,yahoo
2009-05-15,88.71,89.37,90.0,88.15,88.71,271502700,yahoo
2009-05-18,91.23,89.55,91.34,88.57,91.23,241447400,yahoo
2009-05-19,91.12,91.18,91.97,90.81,91.12,206102200,yahoo
2009-05-20,90.51,91.95,92.8,90.41,90.51,285722200,yahoo
2009-05-21,89.21,89.46,89.8,88.26,89.21,258988400,yahoo
2009-05-22,89.02,89.46,90.0,88.68,89.02,166811900,yahoo
2009-05-26,91.3,88.36,91.56,88.32,91.3,236318500,yahoo
2009-05-27,89.67,91.44,91.75,89.53,89.67,246015800,yahoo
2009-05-28,90.92,90.46,91.34,89.1,90.92,289095000,yahoo
2009-05-29,92.53,91.42,93.7,90.68,92.53,258641500,yahoo
2009-06-01,94.77,93.67,95.17,93.43,94.77,276246800,yahoo
2009-06-02,94.85,94.4,95.37,94.23,94.85,230874500,yahoo
2009-06-03,93.65,94.04,94.13,92.76,93.65,235310500,yahoo
2009-06-04,94.53,94.0,94.67,93.3,94.53,210102300,yahoo
2009-06-05,94.55,95.49,95.67,93.8,94.55,284257900,yahoo
2009-06-08,94.16,93.84,95.1,93.04,94.16,238565100,yahoo
2009-06-09,94.64,94.69,95.14,94.02,94.64,225125500,yahoo
2009-06-10,94.4,95.48,95.49,93.19,94.4,296100400,yahoo
2009-06-11,94.82,94.58,96.11,94.56,94.82,275414200,yahoo
2009-06-12,95.08,94.4,95.14,94.0,95.08,184361800,yahoo
2009-06-15,92.9,93.96,94.02,92.4,92.9,224190500,yahoo
2009-06-16,91.64,93.23,93.29,91.58,91.64,227319000,yahoo
2009-06-17,91.55,91.6,92.33,90.83,91.55,223445200,yahoo
2009-06-18,92.22,91.69,92.67,91.25,92.22,211725100,yahoo
2009-06-19,92.04,92.58,92.7,91.52,92.04,215655600,yahoo
2009-06-22,89.28,91.14,91.19,89.25,89.28,251913600,yahoo
2009-06-23,89.35,89.47,89.88,88.85,89.35,188309800,yahoo
2009-06-24,90.12,90.16,91.08,89.6,90.12,211577700,yahoo
2009-06-25,92.08,89.67,92.17,89.57,92.08,279411000,yahoo
2009-06-26,91.84,91.77,92.24,91.27,91.84,167579000,yahoo
2009-06-29,92.7,92.11,92.82,91.6,92.7,168481300,yahoo
2009-06-30,91.95,92.72,93.06,91.27,91.95,228888200,yahoo
2009-07-01,92.33,92.34,93.23,92.21,92.33,173041100,yahoo
2009-07-02,89.81,91.13,92.36,89.76,89.81,212309900,yahoo
2009-07-06,89.8,88.94,89.93,88.66,89.8,174499600,yahoo
2009-07-07,88.06,89.71,89.82,88.0,88.06,197088900,yahoo
2009-07-08,88.0,88.59,88.8,87.0,88.0,248050500,yahoo
2009-07-09,88.17,88.61,88.9,87.91,88.17,163777600,yahoo
2009-07-10,87.96,87.7,88.49,87.35,87.96,173520300,yahoo
2009-07-13,90.1,88.31,90.17,87.59,90.1,217413500,yahoo
2009-07-14,90.61,90.38,90.69,89.73,90.61,181487400,yahoo
2009-07-15,93.26,91.81,93.51,90.68,93.26,220877900,yahoo
2009-07-16,94.15,93.0,94.51,92.82,94.15,231174500,correct:yahoo
2009-07-17,94.13,94.06,94.32,93.54,94.13,138561700,yahoo
2009-07-20,95.13,94.68,95.29,94.19,95.13,164179400,yahoo
2009-07-21,95.57,95.87,95.9,94.42,95.57,217718300,yahoo
2009-07-22,95.55,94.96,96.13,94.89,95.55,196068100,yahoo
2009-07-23,97.66,95.61,98.08,95.53,97.66,258795500,yahoo
2009-07-24,98.06,97.2,98.14,96.69,98.06,154003100,yahoo
2009-07-27,98.35,97.88,98.4,97.34,98.35,159259400,yahoo
2009-07-28,97.89,97.66,98.37,97.06,97.89,186685200,yahoo
2009-07-29,97.65,97.44,98.09,96.98,97.65,194399300,yahoo
2009-07-30,98.67,98.83,99.83,98.6,98.67,225575400,yahoo
2009-07-31,98.81,98.65,99.47,98.38,98.81,207358000,yahoo
2009-08-03,100.44,99.85,100.53,99.31,100.44,175776900,yahoo
2009-08-04,100.7,99.99,100.84,99.78,100.7,176714600,yahoo
2009-08-05,100.41,100.77,100.86,99.58,100.41,184726400,yahoo
2009-08-06,99.89,100.87,101.02,99.42,99.89,193203800,yahoo
2009-08-07,101.2,100.94,102.03,100.39,101.2,220640900,yahoo
2009-08-10,100.99,100.74,101.22,100.27,100.99,130898700,yahoo
2009-08-11,99.73,100.54,100.61,99.46,99.73,157301000,yahoo
2009-08-12,100.8,99.56,101.56,99.51,100.8,219052400,yahoo
2009-08-13,101.57,101.26,101.61,100.26,101.57,176449500,yahoo
2009-08-14,100.79,101.52,101.6,99.7,100.79,199616100,yahoo
2009-08-17,98.31,98.85,98.95,98.11,98.31,237667500,yahoo
2009-08-18,99.09,98.53,99.44,98.35,99.09,173461500,yahoo
2009-08-19,99.96,98.31,100.3,98.21,99.96,192812800,yahoo
2009-08-20,100.99,100.09,101.22,99.87,100.99,174131300,yahoo
2009-08-21,102.97,101.82,103.13,101.62,102.97,224605000,yahoo
2009-08-24,102.96,103.39,103.95,102.59,102.96,191279000,yahoo
2009-08-25,103.16,103.37,104.26,102.94,103.16,215310600,yahoo
2009-08-26,103.17,102.84,103.64,102.49,103.17,194620700,yahoo
2009-08-27,103.4,103.11,103.72,101.94,103.4,196230100,yahoo
2009-08-28,103.38,104.23,104.35,102.67,103.38,147024400,yahoo
2009-08-31,102.46,102.37,102.58,101.79,102.46,176051600,yahoo
2009-09-01,100.2,101.95,103.24,99.99,100.2,321276800,yahoo
2009-09-02,99.82,99.78,100.44,99.57,99.82,171805000,yahoo
2009-09-03,100.65,100.4,100.77,99.59,100.65,143572300,yahoo
2009-09-04,102.06,100.85,102.09,100.55,102.06,142687900,yahoo
2009-09-08,102.94,103.0,103.05,102.39,102.94,132909100,yahoo
2009-09-09,103.73,103.12,104.08,102.8,103.73,154612500,yahoo
2009-09-10,104.79,103.8,104.86,103.22,104.79,162902400,yahoo
2009-09-11,104.77,104.99,105.3,104.28,104.77,152360100,yahoo
2009-09-14,105.28,103.88,105.46,103.15,105.28,149593800,yahoo
2009-09-15,105.72,105.45,106.11,104.76,105.72,196795900,yahoo
2009-09-16,107.32,106.1,107.34,105.73,107.32,206406300,yahoo
2009-09-17,107.16,107.17,108.06,106.57,107.16,229170900,yahoo
2009-09-18,106.72,107.15,107.16,106.36,106.72,153799100,yahoo
2009-09-21,106.45,105.89,107.0,105.66,106.45,151892000,yahoo
2009-09-22,107.07,107.08,107.37,106.6,107.07,143126700,yahoo
2009-09-23,106.18,107.32,108.03,105.99,106.18,225947400,yahoo
2009-09-24,105.01,106.41,106.64,104.55,105.01,228636800,yahoo
2009-09-25,104.45,104.78,105.36,104.09,104.45,204059000,yahoo
2009-09-28,106.32,104.85,106.55,104.83,106.32,118285800,yahoo
2009-09-29,106.0,106.51,107.02,105.78,106.0,133733900,yahoo
2009-09-30,105.59,106.36,106.46,104.62,105.59,254383000,yahoo
2009-10-01,102.97,103.0,105.73,102.95,102.97,281840600,yahoo
2009-10-02,102.49,102.02,103.1,101.99,102.49,224748800,yahoo
2009-10-05,104.02,102.9,104.32,102.6,104.02,149875000,yahoo
2009-10-06,105.51,104.77,106.11,104.71,105.51,202491100,yahoo
2009-10-07,105.8,105.27,105.91,105.07,105.8,159200300,yahoo
2009-10-08,106.61,106.55,107.17,105.85,106.61,183305800,yahoo
2009-10-09,107.26,106.64,107.26,106.36,107.26,135008300,yahoo
2009-10-12,107.68,107.76,108.09,107.28,107.68,118031000,yahoo
2009-10-13,107.46,107.39,107.71,106.76,107.46,157692700,yahoo
2009-10-14,109.31,108.72,109.42,107.42,109.31,191421600,yahoo
2009-10-15,109.71,108.78,109.71,108.73,109.71,173873600,yahoo
2009-10-16,108.89,108.8,109.27,108.23,108.89,192069400,yahoo
2009-10-19,109.79,109.07,110.13,108.73,109.79,159530400,yahoo
2009-10-20,109.21,109.95,109.99,108.68,109.21,180921100,yahoo
2009-10-21,108.23,109.04,110.31,108.15,108.23,225379300,yahoo
2009-10-22,109.33,108.19,109.68,107.5,109.33,238444000,yahoo
2009-10-23,108.08,109.69,109.76,107.63,108.08,240033200,yahoo
2009-10-26,106.91,108.2,109.31,106.61,106.91,242028200,yahoo
2009-10-27,106.42,107.03,107.39,106.16,106.42,253266300,yahoo
2009-10-28,104.41,106.15,106.48,104.35,104.41,248821400,yahoo
2009-10-29,106.65,105.19,106.86,104.94,106.65,198110600,yahoo
2009-10-30,103.56,106.3,106.62,103.44,103.56,325608100,yahoo
2009-11-02,104.32,104.13,105.41,103.08,104.32,254222900,yahoo
2009-11-03,104.65,103.74,104.8,103.54,104.65,228362600,yahoo
2009-11-04,104.92,105.51,106.33,104.65,104.92,247996700,yahoo
2009-11-05,106.85,105.66,106.88,105.44,106.85,180015300,yahoo
2009-11-06,107.13,106.26,107.4,106.05,107.13,170954100,yahoo
2009-11-09,109.57,107.95,109.63,107.87,109.57,159495700,yahoo
2009-11-10,109.59,109.31,109.93,108.97,109.59,171899800,yahoo
2009-11-11,110.15,110.31,110.82,109.62,110.15,169466200,yahoo
2009-11-12,109.03,110.0,110.57,108.75,109.03,157144500,yahoo
2009-11-13,109.62,109.31,110.09,108.75,109.62,150963000,yahoo
2009-11-16,111.21,110.38,111.69,110.32,111.21,210922200,yahoo
2009-11-17,111.34,110.92,111.39,110.5,111.34,147134100,yahoo
2009-11-18,111.27,111.26,111.43,110.57,111.27,156486800,yahoo
2009-11-19,109.82,110.51,111.31,109.13,109.82,208734600,yahoo
2009-11-20,109.43,109.25,109.76,109.01,109.43,134196000,yahoo
2009-11-23,110.82,110.72,111.74,110.6,110.82,148010200,yahoo
2009-11-24,110.99,111.0,111.2,110.01,110.99,138420100,yahoo
2009-11-25,111.38,111.17,111.5,110.82,111.38,109564800,yahoo
2009-11-27,109.57,108.4,110.32,108.29,109.57,126001800,yahoo
2009-11-30,109.94,109.48,110.2,108.12,109.94,160874800,yahoo
2009-12-01,111.3,110.92,111.66,110.73,111.3,159613700,yahoo
2009-12-02,111.25,111.28,112.01,110.92,111.25,132315100,yahoo
2009-12-03,110.38,111.55,112.18,110.29,110.38,167324900,yahoo
2009-12-04,111.01,111.84,112.38,110.04,111.01,274907800,yahoo
2009-12-07,110.84,110.91,111.53,110.49,110.84,127973800,yahoo
2009-12-08,109.61,110.04,110.77,109.27,109.61,169863700,yahoo
2009-12-09,110.02,109.58,110.18,109.02,110.02,155063400,yahoo
2009-12-10,110.64,110.7,111.12,110.45,110.64,138014600,yahoo
2009-12-11,111.11,111.11,111.36,110.61,111.11,124854000,yahoo
2009-12-14,111.87,111.87,112.0,111.13,111.87,107141500,yahoo
2009-12-15,111.35,111.46,111.92,111.0,111.35,120408800,yahoo
2009-12-16,111.52,111.8,112.13,111.27,111.52,155358200,yahoo
2009-12-17,110.18,110.72,110.93,110.08,110.18,183390100,yahoo
2009-12-18,110.21,110.2,110.3,109.28,110.21,174591200,yahoo
2009-12-21,111.33,110.76,111.7,110.76,111.33,118039600,yahoo
2009-12-22,111.73,111.57,111.97,111.43,111.73,91707500,yahoo
2009-12-23,111.95,112.0,112.11,111.5,111.95,111783100,yahoo
2009-12-24,112.48,112.19,112.6,112.0,112.48,39677500,yahoo
2009-12-28,112.72,112.9,112.99,112.32,112.72,87508500,yahoo
2009-12-29,112.56,113.01,113.03,112.55,112.56,80572500,yahoo
2009-12-30,112.52,112.23,112.65,112.17,112.52,73138400,yahoo
2009-12-31,111.44,112.77,112.8,111.39,111.44,90637900,yahoo
2010-01-04,113.33,112.37,113.39,111.51,113.33,118944600,yahoo
2010-01-05,113.63,113.26,113.68,112.85,113.63,111579900,yahoo
2010-01-06,113.71,113.52,113.99,113.43,113.71,116074400,yahoo
2010-01-07,114.19,113.5,114.33,113.18,114.19,131091100,yahoo
2010-01-08,114.57,113.89,114.62,113.66,114.57,126402800,yahoo
2010-01-11,114.73,115.08,115.13,114.24,114.73,106375700,yahoo
2010-01-12,113.66,113.97,114.21,113.22,113.66,163333500,yahoo
2010-01-13,114.62,113.95,114.94,113.37,114.62,161822000,yahoo
2010-01-14,114.93,114.49,115.14,114.42,114.93,115718800,yahoo
2010-01-15,113.64,114.73,114.84,113.2,113.64,212283100,yahoo
2010-01-19,115.06,113.62,115.13,113.59,115.06,139172700,yahoo
2010-01-20,113.89,114.28,114.45,112.98,113.89,216490200,yahoo
2010-01-21,111.7,113.92,114.27,111.56,111.7,344859600,yahoo
2010-01-22,109.21,111.2,111.74,109.09,109.21,345942400,yahoo
2010-01-25,109.77,110.21,110.41,109.41,109.77,186937500,yahoo
2010-01-26,109.31,109.34,110.47,109.04,109.31,211168800,yahoo
2010-01-27,109.83,109.17,110.08,108.33,109.83,271863600,yahoo
2010-01-28,108.57,110.19,110.25,107.91,108.57,316104000,yahoo
2010-01-29,107.39,109.04,109.8,107.22,107.39,310677600,yahoo
2010-02-01,109.06,108.15,109.07,107.5,109.06,187865000,yahoo
2010-02-02,110.38,109.26,110.59,108.88,110.38,216327900,yahoo
2010-02-03,109.83,109.88,110.48,109.51,109.83,172730700,yahoo
2010-02-04,106.44,108.98,109.03,106.42,106.44,356715700,yahoo
2010-02-05,106.66,106.56,106.88,104.58,106.66,493585800,yahoo
2010-02-08,105.89,106.74,107.33,105.81,105.89,224166900,yahoo
2010-02-09,107.22,107.13,108.15,106.27,107.22,337820500,yahoo
2010-02-10,107.01,107.05,107.6,106.11,107.01,240511500,yahoo
2010-02-11,108.13,106.87,108.25,106.25,108.13,223591600,yahoo
2010-02-12,108.04,106.99,108.1,106.51,108.04,304622100,yahoo
2010-02-16,109.74,108.86,109.85,107.82,109.74,159317500,yahoo
2010-02-17,110.26,110.27,110.41,109.74,110.26,168845100,yahoo
2010-02-18,110.91,110.08,111.14,110.04,110.91,193708600,yahoo
2010-02-19,111.14,110.62,111.57,110.36,111.14,222684900,yahoo
2010-02-22,111.16,111.55,111.58,110.83,111.16,132346900,yahoo
2010-02-23,109.81,110.86,111.2,109.52,109.81,207497000,yahoo
2010-02-24,110.82,110.14,111.0,109.86,110.82,176350700,yahoo
2010-02-25,110.67,109.24,110.75,108.94,110.67,259634700,yahoo
2010-02-26,110.74,110.77,111.12,110.11,110.74,173589300,yahoo
2010-03-01,111.89,111.2,112.0,111.17,111.89,147709700,yahoo
2010-03-02,112.2,112.37,112.74,112.0,112.2,160992400,yahoo
2010-03-03,112.3,112.49,112.97,112.02,112.3,150785000,yahoo
2010-03-04,112.64,112.45,112.8,112.03,112.64,135770400,yahoo
2010-03-05,114.25,113.37,114.34,113.1,114.25,176118800,yahoo
2010-03-08,114.27,114.26,114.52,114.07,114.27,114631200,yahoo
2010-03-09,114.46,113.93,114.99,113.87,114.46,154556700,yahoo
2010-03-10,114.97,114.51,115.28,114.41,114.97,186088800,yahoo
2010-03-11,115.45,114.7,115.48,114.35,115.45,160791100,yahoo
2010-03-12,115.46,115.95,115.97,115.14,115.46,162074800,yahoo
2010-03-15,115.49,115.26,115.57,114.6,115.49,146816800,yahoo
2010-03-16,116.41,115.81,116.52,115.49,116.41,168673000,yahoo
2010-03-17,117.1,116.76,117.48,116.42,117.1,177468100,yahoo
2010-03-18,117.04,117.11,117.27,116.57,117.04,196509100,yahoo
2010-03-19,115.97,115.97,117.29,115.52,115.97,226641100,yahoo
2010-03-22,116.59,115.31,116.8,115.24,116.59,184477800,yahoo
2010-03-23,117.41,116.76,117.51,116.38,117.41,182941600,yahoo
2010-03-24,116.84,116.97,117.43,115.58,116.84,196072600,yahoo
2010-03-25,116.65,117.63,118.17,116.51,116.65,223396300,yahoo
2010-03-26,116.58,116.87,117.42,116.12,116.58,205808500,yahoo
2010-03-29,117.32,117.17,117.53,116.69,117.32,134513500,yahoo
2010-03-30,117.4,117.46,117.83,116.91,117.4,145772500,yahoo
2010-03-31,117.0,116.95,117.52,116.61,117.0,161078700,yahoo
2010-04-01,117.8,117.8,118.25,117.1,117.8,161215200,yahoo
2010-04-05,118.76,118.25,118.84,117.92,118.76,105847600,yahoo
2010-04-06,119.04,118.42,119.25,118.29,119.04,110384200,yahoo
2010-04-07,118.36,118.8,119.36,117.81,118.36,184576300,yahoo
2010-04-08,118.77,117.95,118.97,117.6,118.77,158704000,yahoo
2010-04-09,119.55,119.02,119.6,118.8,119.55,133006500,yahoo
2010-04-12,119.74,119.7,120.05,119.56,119.74,110279000,yahoo
2010-04-13,119.83,119.62,120.04,119.0,119.83,125043600,yahoo
2010-04-14,121.19,120.27,121.19,120.08,121.19,161609000,yahoo
2010-04-15,121.29,120.99,121.57,120.95,121.29,144615300,yahoo
2010-04-16,119.36,120.86,121.29,118.75,119.36,366786700,yahoo
2010-04-19,119.81,119.01,119.93,118.47,119.81,217947800,yahoo
2010-04-20,120.88,120.56,120.98,119.87,120.88,157708000,yahoo
2010-04-21,120.66,120.95,121.23,119.99,120.66,192910100,yahoo
2010-04-22,121.02,119.81,121.17,119.12,121.02,115360300,yahoo
2010-04-23,121.81,120.94,121.86,120.63,121.81,177335500,yahoo
2010-04-26,121.35,121.85,122.12,121.23,121.35,143457300,yahoo
2010-04-27,118.48,120.65,121.34,118.25,118.48,355853300,yahoo
2010-04-28,119.38,119.05,119.68,118.27,119.38,300674100,yahoo
2010-04-29,120.86,120.1,121.11,120.07,120.86,193775000,yahoo
2010-04-30,118.81,120.88,121.01,118.78,118.81,270000900,yahoo
2010-05-03,120.35,119.38,120.68,119.2,120.35,182747900,yahoo
2010-05-04,117.52,119.01,119.03,116.92,117.52,360353400,yahoo
2010-05-05,116.82,116.56,117.8,115.97,116.82,328973200,yahoo
2010-05-06,112.94,116.26,117.0,105.0,112.94,647356600,yahoo
2010-05-07,111.26,112.64,113.77,109.41,111.26,637558800,yahoo
2010-05-10,116.16,115.81,116.65,114.91,116.16,396159600,yahoo
2010-05-11,115.83,115.07,117.36,114.91,115.83,317849800,yahoo
2010-05-12,117.45,116.29,117.62,116.09,117.45,235607100,yahoo
2010-05-13,115.99,117.13,117.68,115.89,115.99,234452500,yahoo
2010-05-14,113.89,115.12,115.33,112.87,113.89,345601400,yahoo
2010-05-17,113.95,114.2,114.52,111.77,113.95,325739800,yahoo
2010-05-18,112.4,114.88,115.22,112.03,112.4,360556800,yahoo
2010-05-19,111.76,111.77,112.77,110.36,111.76,394742700,yahoo
2010-05-20,107.54,109.38,109.89,107.47,107.54,530418300,yahoo
2010-05-21,109.11,105.91,109.38,105.36,109.11,500909400,yahoo
2010-05-24,107.71,108.52,109.39,107.61,107.71,269823000,yahoo
2010-05-25,107.82,105.11,107.87,104.38,107.82,396505200,yahoo
2010-05-26,107.17,108.48,109.47,106.85,107.17,349719300,yahoo
2010-05-27,110.76,109.19,110.8,108.78,110.76,300870500,yahoo
2010-05-28,109.37,110.64,110.72,108.85,109.37,297933500,yahoo
2010-06-01,107.53,108.35,109.95,107.37,107.53,277909400,yahoo
2010-06-02,110.33,108.08,110.34,107.51,110.33,240243700,yahoo
2010-06-03,110.71,110.65,111.06,109.58,110.71,226618300,yahoo
2010-06-04,106.82,108.61,109.33,106.46,106.82,398475600,yahoo
2010-06-07,105.49,107.2,107.61,105.41,105.49,264609100,yahoo
2010-06-08,106.62,105.57,106.83,104.65,106.62,357774300,yahoo
2010-06-09,106.05,107.24,108.28,105.6,106.05,268023300,yahoo
2010-06-10,109.15,107.86,109.28,106.04,109.15,317890600,yahoo
2010-06-11,109.68,108.19,109.75,108.12,109.68,214128200,yahoo
2010-06-14,109.51,110.52,111.12,109.4,109.51,207196100,yahoo
2010-06-15,112.0,110.28,112.1,110.09,112.0,238268700,yahoo
2010-06-16,111.96,111.42,112.42,111.2,111.96,216374000,yahoo
2010-06-17,112.14,112.28,112.33,111.05,112.14,263185800,yahoo
2010-06-18,111.73,111.83,112.13,111.37,111.73,174006600,yahoo
2010-06-21,111.41,113.12,113.2,110.79,111.41,213140700,yahoo
2010-06-22,109.57,111.41,111.9,109.41,109.57,239355400,yahoo
2010-06-23,109.23,109.64,110.03,108.48,109.23,254639900,yahoo
2010-06-24,107.42,108.69,108.83,107.14,107.42,268523600,yahoo
2010-06-25,107.87,107.74,108.42,106.77,107.87,238726500,yahoo
2010-06-28,107.53,108.03,108.32,107.14,107.53,169218600,yahoo
2010-06-29,104.21,106.02,107.51,103.55,104.21,373649500,yahoo
2010-06-30,103.22,103.92,104.88,102.88,103.22,284101700,yahoo
2010-07-01,102.76,103.15,103.49,101.13,102.76,382924800,yahoo
2010-07-02,102.2,103.11,103.42,101.62,102.2,233385200,yahoo
2010-07-06,102.87,103.64,104.37,101.88,102.87,256935300,yahoo
2010-07-07,106.11,103.13,106.24,103.02,106.11,253769400,yahoo
2010-07-08,107.16,107.0,107.28,105.91,107.16,210842100,yahoo
2010-07-09,107.96,107.13,107.97,106.93,107.96,144999900,yahoo
2010-07-12,108.03,107.6,108.24,107.15,108.03,131283600,yahoo
2010-07-13,109.66,109.15,110.09,108.93,109.66,213025900,yahoo
2010-07-14,109.65,109.31,110.08,108.86,109.65,184426800,yahoo
2010-07-15,109.68,109.61,110.06,108.17,109.68,232337900,yahoo
2010-07-16,106.66,109.09,109.21,106.45,106.66,282693400,yahoo
2010-07-19,107.29,107.05,107.63,106.22,107.29,186709000,yahoo
2010-07-20,108.48,105.87,108.56,105.82,108.48,258162400,yahoo
2010-07-21,107.07,109.04,109.07,106.63,107.07,264527000,yahoo
2010-07-22,109.46,108.34,109.94,108.33,109.46,274781300,yahoo
2010-07-23,110.41,109.24,110.57,108.93,110.41,222020800,yahoo
2010-07-26,111.56,110.6,111.67,110.29,111.56,184445700,yahoo
2010-07-27,111.55,112.17,112.29,111.11,111.55,204855600,yahoo
2010-07-28,110.83,111.32,111.66,110.46,110.83,163056200,yahoo
2010-07-29,110.29,111.52,111.82,109.41,110.29,220149100,yahoo
2010-07-30,110.27,109.17,110.86,108.98,110.27,220070600,yahoo
2010-08-02,112.76,111.99,112.94,111.54,112.76,188263200,yahoo
2010-08-03,112.22,112.48,112.77,111.85,112.22,146657300,yahoo
2010-08-04,112.97,112.53,113.11,112.16,112.97,158171700,yahoo
2010-08-05,112.85,112.25,112.91,112.08,112.85,140473800,yahoo
2010-08-06,112.39,111.74,112.57,110.92,112.39,239728300,yahoo
2010-08-09,112.99,112.92,113.18,112.32,112.99,120800400,yahoo
2010-08-10,112.38,112.03,112.98,111.37,112.38,242916300,yahoo
2010-08-11,109.3,110.65,110.69,109.12,109.3,273406900,yahoo
2010-08-12,108.63,107.65,109.02,107.6,108.63,239542600,yahoo
2010-08-13,108.31,108.29,108.96,108.18,108.31,158698500,yahoo
2010-08-16,108.26,107.57,108.61,107.18,108.26,147895300,yahoo
2010-08-17,109.59,109.19,110.39,108.88,109.59,172270300,yahoo
2010-08-18,109.79,109.54,110.38,108.91,109.79,182922100,yahoo
2010-08-19,107.88,109.22,109.49,107.43,107.88,265847600,yahoo
2010-08-20,107.53,107.56,107.94,106.75,107.53,209714200,yahoo
2010-08-23,107.12,108.04,108.57,107.07,107.12,163490300,yahoo
2010-08-24,105.53,105.95,106.39,104.97,105.53,280677800,yahoo
2010-08-25,105.94,104.95,106.34,104.29,105.94,272234800,yahoo
2010-08-26,105.23,106.44,106.58,104.88,105.23,224439500,yahoo
2010-08-27,106.86,105.89,106.97,104.31,106.86,272649000,yahoo
2010-08-30,105.31,106.58,106.91,105.3,105.31,167238600,yahoo
2010-08-31,105.31,104.92,105.98,104.49,105.31,273933100,yahoo
2010-09-01,108.46,106.73,108.61,106.66,108.46,256828100,yahoo
2010-09-02,109.47,108.72,109.49,108.49,109.47,156112200,yahoo
2010-09-03,110.89,110.54,110.99,109.95,110.89,212197300,yahoo
2010-09-07,109.64,110.37,110.51,109.55,109.64,141973700,yahoo
2010-09-08,110.41,109.86,110.85,109.81,110.41,149924400,yahoo
2010-09-09,110.92,111.65,111.68,110.62,110.92,147017900,yahoo
2010-09-10,111.48,111.12,111.61,110.87,111.48,127819000,yahoo
2010-09-13,112.72,112.58,112.95,112.13,112.72,178503500,yahoo
2010-09-14,112.65,112.5,113.29,112.08,112.65,209823600,yahoo
2010-09-15,113.08,112.32,113.21,111.98,113.08,168608400,yahoo
2010-09-16,113.05,112.73,113.12,112.35,113.05,199962900,yahoo
2010-09-17,112.49,113.04,113.15,112.18,112.49,195836900,yahoo
2010-09-20,114.21,112.88,114.46,112.52,114.21,214555200,yahoo
2010-09-21,113.98,114.3,114.84,113.51,113.98,268389100,yahoo
2010-09-22,113.42,113.8,114.44,113.1,113.42,191322400,yahoo
2010-09-23,112.5,112.49,113.67,112.18,112.5,202354300,yahoo
2010-09-24,114.82,113.75,114.9,113.65,114.82,209671800,yahoo
2010-09-27,114.27,114.86,114.99,114.16,114.27,128761800,yahoo
2010-09-28,114.67,114.42,115.04,113.18,114.67,209207500,yahoo
2010-09-29,114.47,114.38,114.91,114.02,114.47,179665800,yahoo
2010-09-30,114.13,115.05,115.79,113.59,114.13,287106700,yahoo
2010-10-01,114.61,114.99,115.12,113.93,114.61,174638700,yahoo
2010-10-04,113.75,114.37,114.85,113.18,113.75,166153200,yahoo
2010-10-05,116.04,114.8,116.32,114.67,116.04,229634100,yahoo
2010-10-06,116.03,116.02,116.33,115.56,116.03,148626600,yahoo
2010-10-07,115.89,116.5,116.53,115.19,115.89,164860000,yahoo
2010-10-08,116.54,116.05,116.86,115.61,116.54,177760100,yahoo
2010-10-11,116.65,116.72,116.97,116.25,116.65,103098300,yahoo
2010-10-12,117.01,116.27,117.35,115.65,117.01,182210000,yahoo
2010-10-13,117.92,117.66,118.55,117.38,117.92,194347200,yahoo
2010-10-14,117.46,117.81,118.01,116.72,117.46,217764300,yahoo
2010-10-15,117.7,118.28,118.35,116.76,117.7,243705000,yahoo
2010-10-18,118.28,117.74,118.67,117.31,118.28,141204800,yahoo
2010-10-19,116.73,117.19,117.85,116.02,116.73,280604700,yahoo
2010-10-20,117.87,116.94,118.44,116.87,117.87,200051800,yahoo
2010-10-21,118.13,118.4,119.09,117.21,118.13,221585500,yahoo
2010-10-22,118.35,118.31,118.53,118.0,118.35,108212400,yahoo
2010-10-25,118.7,119.14,119.76,118.61,118.7,151145700,yahoo
2010-10-26,118.72,118.1,118.84,117.87,118.72,158982900,yahoo
2010-10-27,118.38,117.89,118.51,117.26,118.38,190024000,yahoo
2010-10-28,118.4,119.06,119.11,117.83,118.4,168576000,yahoo
2010-10-29,118.49,118.28,118.72,118.07,118.49,144305500,yahoo
2010-11-01,118.53,119.07,119.75,117.85,118.53,174074800,yahoo
2010-11-02,119.47,119.42,119.75,119.1,119.47,158345900,yahoo
2010-11-03,119.95,119.68,120.02,118.45,119.95,226702800,yahoo
2010-11-04,122.26,121.28,122.32,119.97,122.26,215039400,yahoo
2010-11-05,122.72,122.34,122.92,122.18,122.72,180654100,yahoo
2010-11-08,122.49,122.34,122.69,121.94,122.49,156107100,yahoo
2010-11-09,121.61,122.82,122.95,121.12,121.61,186621600,yahoo
2010-11-10,122.1,121.58,122.16,120.66,122.1,221387400,yahoo
2010-11-11,121.64,121.05,121.82,120.68,121.64,158017600,yahoo
2010-11-12,120.2,120.82,121.35,119.65,120.2,239068800,yahoo
2010-11-15,120.03,120.58,121.05,119.98,120.03,163940800,yahoo
2010-11-16,118.16,119.29,119.49,117.59,118.16,299566200,yahoo
2010-11-17,118.22,118.21,118.71,117.86,118.22,172308900,yahoo
2010-11-18,119.96,119.36,120.39,119.35,119.96,197723700,yahoo
2010-11-19,120.29,119.9,120.34,119.25,120.29,156852900,yahoo
2010-11-22,120.19,119.69,120.24,118.77,120.19,181361000,yahoo
2010-11-23,118.45,118.77,119.02,117.99,118.45,222309000,yahoo
2010-11-24,120.2,119.2,120.23,119.18,120.2,140046100,yahoo
2010-11-26,118.8,119.16,119.81,118.8,118.8,76007800,yahoo
2010-11-29,119.16,118.5,119.48,117.74,119.16,223642300,yahoo
2010-11-30,118.49,117.98,119.17,117.81,118.49,233930700,yahoo
2010-12-01,121.01,120.2,121.24,120.19,121.01,221037200,yahoo
2010-12-02,122.56,121.2,122.65,121.13,122.56,191213600,yahoo
2010-12-03,122.89,122.14,123.03,122.11,122.89,151288900,yahoo
2010-12-06,122.76,122.63,123.04,122.5,122.76,103050500,yahoo
2010-12-07,122.83,123.94,124.01,122.76,122.83,206581000,yahoo
2010-12-08,123.28,122.98,123.38,122.41,123.28,138019200,yahoo
2010-12-09,123.76,123.97,124.02,123.15,123.76,123705100,yahoo
2010-12-10,124.48,124.14,124.6,123.73,124.48,117571700,yahoo
2010-12-13,124.56,125.05,125.2,124.52,124.56,133812700,yahoo
2010-12-14,124.67,124.75,125.23,124.29,124.67,147249600,yahoo
2010-12-15,124.1,124.44,124.93,123.89,124.1,160823100,yahoo
2010-12-16,124.82,124.18,124.91,123.75,124.82,185035200,yahoo
2010-12-17,124.3,124.08,124.46,123.82,124.3,141075300,yahoo
2010-12-20,124.6,124.64,124.9,123.98,124.6,119085500,yahoo
2010-12-21,125.39,124.99,125.47,124.87,125.39,94965500,yahoo
2010-12-22,125.78,125.48,125.82,125.41,125.78,78878100,yahoo
2010-12-23,125.6,125.64,125.78,125.29,125.6,70053700,yahoo
2010-12-27,125.65,125.13,125.77,125.04,125.65,58126000,yahoo
2010-12-28,125.83,125.9,125.95,125.5,125.83,55309100,yahoo
2010-12-29,125.92,125.98,126.2,125.9,125.92,58033100,yahoo
2010-12-30,125.72,125.8,126.13,125.53,125.72,76616900,yahoo
2010-12-31,125.75,125.53,125.87,125.33,125.75,91218900,yahoo
2011-01-03,127.05,126.71,127.6,125.7,127.05,138725200,yahoo
2011-01-04,126.98,127.33,127.37,126.19,126.98,137409700,yahoo
2011-01-05,127.64,126.58,127.72,126.46,127.64,133975300,yahoo
2011-01-06,127.39,127.69,127.83,127.01,127.39,122519000,yahoo
2011-01-07,127.14,127.56,127.77,126.15,127.14,156034600,yahoo
2011-01-10,126.98,126.58,127.16,126.2,126.98,122401700,yahoo
2011-01-11,127.43,127.44,127.74,126.95,127.43,110287000,yahoo
2011-01-12,128.58,128.21,128.72,127.46,128.58,107929200,yahoo
2011-01-13,128.37,128.63,128.69,128.05,128.37,129048400,yahoo
2011-01-14,129.3,128.19,129.33,128.1,129.3,117677900,yahoo
2011-01-18,129.52,129.18,129.64,129.03,129.52,114401300,yahoo
2011-01-19,128.25,129.41,129.54,127.91,128.25,151958400,yahoo
2011-01-20,128.08,127.96,128.4,127.13,128.08,175745700,yahoo
2011-01-21,128.37,128.88,129.17,128.23,128.37,151462900,yahoo
2011-01-24,129.1,128.29,129.25,128.26,129.1,113715500,yahoo
2011-01-25,129.17,128.76,129.28,128.11,129.17,167552200,yahoo
2011-01-26,129.67,129.49,130.05,129.23,129.67,141281500,yahoo
2011-01-27,129.99,129.7,130.21,129.47,129.99,123302700,yahoo
2011-01-28,127.72,130.14,130.35,127.51,127.72,295637300,yahoo
2011-01-31,128.68,128.07,128.78,127.75,128.68,149249200,yahoo
2011-02-01,130.74,129.46,130.97,129.38,130.74,167194300,yahoo
2011-02-02,130.49,130.4,130.84,130.33,130.49,118323600,yahoo
2011-02-03,130.78,130.26,130.98,129.57,130.78,145886700,yahoo
2011-02-04,131.15,130.83,131.2,130.23,131.15,134634800,yahoo
2011-02-07,131.97,131.44,132.4,131.43,131.97,112439100,yahoo
2011-02-08,132.57,132.09,132.64,131.73,132.57,99072800,yahoo
2011-02-09,132.27,132.21,132.63,131.61,132.27,146436700,yahoo
2011-02-10,132.32,131.6,132.47,131.3,132.32,162708500,yahoo
2011-02-11,133.11,131.8,133.28,131.77,133.11,137710300,yahoo
2011-02-14,133.43,133.03,133.54,132.88,133.43,101690700,yahoo
2011-02-15,133.01,133.02,133.22,132.32,133.01,119575400,yahoo
2011-02-16,133.85,133.46,134.01,133.19,133.85,130183500,yahoo
2011-02-17,134.25,133.46,134.43,133.34,134.25,109810500,yahoo
2011-02-18,134.53,134.37,134.69,134.06,134.53,130002400,yahoo
2011-02-22,131.83,133.12,134.56,131.47,131.83,233116400,yahoo
2011-02-23,131.02,131.75,132.07,130.21,131.02,227584000,yahoo
2011-02-24,130.93,130.88,131.44,129.7,130.93,260431400,yahoo
2011-02-25,132.33,131.48,132.41,131.4,132.33,141686900,yahoo
2011-02-28,133.15,132.82,133.32,132.38,133.15,141585500,yahoo
2011-03-01,130.93,133.57,133.69,130.89,130.93,258565500,yahoo
2011-03-02,131.21,130.75,131.82,130.35,131.21,200277400,yahoo
2011-03-03,133.47,132.4,133.62,132.39,133.47,176480100,yahoo
2011-03-04,132.47,133.37,133.63,131.6,132.47,277202300,yahoo
2011-03-07,131.43,132.86,133.16,130.74,131.43,216790400,yahoo
2011-03-08,132.58,131.64,133.0,131.07,132.58,174615000,yahoo
2011-03-09,132.39,132.32,132.8,131.6,132.39,153806000,yahoo
2011-03-10,129.94,131.0,131.18,129.81,129.94,301291800,yahoo
2011-03-11,130.84,129.52,131.31,129.49,130.84,225621800,yahoo
2011-03-14,130.05,129.99,130.48,129.06,130.05,234974100,yahoo
2011-03-15,128.56,126.59,129.33,126.5,128.56,359585400,yahoo
2011-03-16,126.18,128.15,128.57,125.28,126.18,468670300,yahoo
2011-03-17,127.85,128.0,128.39,127.1,127.85,254303700,yahoo
2011-03-18,127.76,128.84,128.88,127.51,127.76,230435400,yahoo
2011-03-21,129.74,129.35,130.01,129.2,129.74,153992600,yahoo
2011-03-22,129.29,129.72,129.89,129.17,129.29,129538600,yahoo
2011-03-23,129.66,128.93,130.0,128.32,129.66,148603100,yahoo
2011-03-24,130.9,130.4,131.09,129.67,130.9,159129800,yahoo
2011-03-25,131.3,131.24,131.87,130.89,131.3,155642800,yahoo
2011-03-28,130.98,131.58,131.92,130.94,130.98,109762400,yahoo
2011-03-29,131.86,130.87,131.9,130.44,131.86,129798800,yahoo
2011-03-30,132.77,132.55,133.16,132.36,132.77,135835000,yahoo
2011-03-31,132.59,132.6,132.96,132.45,132.59,132537100,yahoo
2011-04-01,133.15,133.41,133.77,132.83,133.15,153850100,yahoo
2011-04-04,133.26,133.43,133.67,132.88,133.26,100768900,yahoo
2011-04-05,133.24,133.0,133.83,132.94,133.24,120791500,yahoo
2011-04-06,133.66,133.88,134.0,133.12,133.66,120411600,yahoo
2011-04-07,133.32,133.42,133.98,132.66,133.32,170731500,yahoo
2011-04-08,132.86,133.91,133.99,132.31,132.86,147945400,yahoo
2011-04-11,132.46,133.0,133.45,132.14,132.46,121385400,yahoo
2011-04-12,131.47,131.72,131.98,130.99,131.47,161187400,yahoo
2011-04-13,131.46,132.08,132.18,130.96,131.46,162059000,yahoo
2011-04-14,131.56,130.7,131.76,130.27,131.56,161220400,yahoo
2011-04-15,132.04,131.8,132.37,131.41,132.04,170006700,yahoo
2011-04-18,130.56,130.59,132.03,129.51,130.56,210759300,yahoo
2011-04-19,131.31,130.76,131.35,130.44,131.31,124258800,yahoo
2011-04-20,133.1,132.88,133.39,132.79,133.1,156133800,yahoo
2011-04-21,133.78,133.79,133.84,133.1,133.78,135935400,yahoo
2011-04-25,133.64,133.68,133.86,133.2,133.64,65757100,yahoo
2011-04-26,134.79,134.05,135.06,133.91,134.79,146600000,yahoo
2011-04-27,135.67,135.05,135.87,134.5,135.67,143031000,yahoo
2011-04-28,136.11,135.43,136.29,135.41,136.11,124791100,yahoo
2011-04-29,136.43,136.16,136.57,135.98,136.43,115094100,yahoo
2011-05-02,136.22,137.07,137.18,135.95,136.22,126278700,yahoo
2011-05-03,135.73,135.96,136.19,135.04,135.73,138375000,yahoo
2011-05-04,134.83,135.67,135.73,134.23,134.83,182678500,yahoo
2011-05-05,133.61,134.08,134.95,133.02,133.61,226900000,yahoo
2011-05-06,134.2,134.94,135.63,133.68,134.2,222787200,yahoo
2011-05-09,134.72,134.19,135.11,133.98,134.72,114104500,yahoo
2011-05-10,135.87,135.17,136.11,135.0,135.87,114806900,yahoo
2011-05-11,134.44,135.67,135.69,133.82,134.44,193564200,yahoo
2011-05-12,135.08,134.08,135.36,133.39,135.08,171550700,yahoo
2011-05-13,134.04,135.15,135.34,133.56,134.04,157444900,yahoo
2011-05-16,133.19,133.56,134.61,132.97,133.19,141675400,yahoo
2011-05-17,133.17,132.69,133.35,132.12,133.17,192686200,yahoo
2011-05-18,134.36,133.24,134.5,132.95,134.36,135217900,yahoo
2011-05-19,134.68,134.8,135.03,133.94,134.68,119489500,yahoo
2011-05-20,133.61,134.33,134.68,133.36,133.61,182594900,yahoo
2011-05-23,132.06,131.98,132.72,131.59,132.06,168700000,yahoo
2011-05-24,131.95,132.44,132.73,131.7,131.95,147199600,yahoo
2011-05-25,132.39,131.42,132.94,131.38,132.39,151050100,yahoo
2011-05-26,133.0,132.03,133.24,131.78,133.0,164850000,yahoo
2011-05-27,133.51,133.37,133.87,132.96,133.51,120921900,yahoo
2011-05-31,134.9,134.77,134.92,133.84,134.9,164731200,yahoo
2011-06-01,131.87,134.51,134.92,131.76,131.87,233094300,yahoo
2011-06-02,131.73,131.96,132.24,130.96,131.73,200466800,yahoo
2011-06-03,130.42,130.15,131.42,130.08,130.42,234690200,yahoo
2011-06-06,129.04,130.09,130.36,128.87,129.04,179951200,yahoo
2011-06-07,128.96,129.7,130.07,128.85,128.96,161660500,yahoo
2011-06-08,128.42,128.76,129.19,128.18,128.42,198696400,yahoo
2011-06-09,129.4,128.77,129.93,128.46,129.4,160964400,yahoo
2011-06-10,127.6,128.85,128.93,127.26,127.6,238629400,yahoo
2011-06-13,127.7,127.89,128.24,127.05,127.7,207599800,yahoo
2011-06-14,129.32,128.87,129.77,128.82,129.32,160570400,yahoo
2011-06-15,127.02,128.24,129.3,126.68,127.02,300958000,yahoo
2011-06-16,127.3,127.06,127.97,126.32,127.3,308032800,yahoo
2011-06-17,127.05,127.93,127.94,126.62,127.05,233284900,yahoo
2011-06-20,127.7,126.62,127.97,126.58,127.7,159479000,yahoo
2011-06-21,129.45,128.36,129.7,127.75,129.45,193157300,yahoo
2011-06-22,128.67,129.05,129.81,128.59,128.67,176703000,yahoo
2011-06-23,128.3,127.16,128.64,126.19,128.3,334286500,yahoo
2011-06-24,126.81,128.27,128.37,126.62,126.81,226129300,yahoo
2011-06-27,127.94,126.89,128.43,126.64,127.94,168904700,yahoo
2011-06-28,129.61,128.45,129.63,128.27,129.61,165556300,yahoo
2011-06-29,130.72,130.2,130.93,129.63,130.72,244295500,yahoo
2011-06-30,131.97,131.14,132.18,130.71,131.97,223322700,yahoo
2011-07-01,133.92,132.09,134.1,131.78,133.92,202385700,yahoo
2011-07-05,133.81,133.78,134.08,133.39,133.81,165936000,yahoo
2011-07-06,133.97,133.49,134.14,133.11,133.97,143331600,yahoo
2011-07-07,135.36,135.16,135.7,134.88,135.36,170464200,yahoo
2011-07-08,134.4,133.83,135.36,133.39,134.4,194100500,yahoo
2011-07-11,131.97,132.75,133.18,131.66,131.97,195918600,yahoo
2011-07-12,131.4,131.69,132.78,131.36,131.4,214675700,yahoo
2011-07-13,131.84,132.09,133.22,131.52,131.84,204062600,yahoo
2011-07-14,130.93,132.17,132.78,130.68,130.93,226111800,yahoo
2011-07-15,131.69,131.66,131.87,130.77,131.69,220012800,yahoo
2011-07-18,130.61,131.08,131.28,129.63,130.61,196872100,yahoo
2011-07-19,132.73,131.34,132.89,131.31,132.73,166554900,yahoo
2011-07-20,132.65,133.07,133.15,132.42,132.65,137145400,yahoo
2011-07-21,134.49,133.4,134.82,132.67,134.49,245246300,yahoo
2011-07-22,134.58,134.52,134.72,133.76,134.58,126019400,yahoo
2011-07-25,133.83,133.3,134.49,133.16,133.83,136653800,yahoo
2011-07-26,133.33,133.74,133.96,133.03,133.33,131278200,yahoo
2011-07-27,130.6,132.59,132.63,130.43,130.6,249020100,yahoo
2011-07-28,130.22,130.6,131.77,130.01,130.22,207939900,yahoo
2011-07-29,129.33,128.91,130.55,127.97,129.33,307038400,yahoo
2011-08-01,128.78,130.84,130.96,127.53,128.78,325790900,yahoo
2011-08-02,125.49,127.81,128.5,125.49,125.49,346653800,yahoo
2011-08-03,126.17,125.66,126.31,123.53,126.17,370830800,yahoo
2011-08-04,120.26,124.42,124.62,120.06,120.26,520721800,yahoo
2011-08-05,120.08,121.76,122.07,116.86,120.08,655619200,yahoo
2011-08-08,112.26,116.91,120.12,112.02,112.26,702263900,yahoo
2011-08-09,117.48,114.07,117.64,110.27,117.48,717828700,yahoo
2011-08-10,112.29,115.26,116.28,111.95,112.29,662607400,yahoo
2011-08-11,117.33,113.26,118.92,112.32,117.33,487979700,yahoo
2011-08-12,118.12,118.4,119.21,117.28,118.12,313731600,yahoo
2011-08-15,120.62,119.19,120.74,119.0,120.62,258810600,yahoo
2011-08-16,119.59,119.47,120.69,118.31,119.59,294095200,yahoo
2011-08-17,119.67,120.25,121.2,118.72,119.67,238201100,yahoo
2011-08-18,114.51,116.5,119.71,113.39,114.51,512956300,yahoo
2011-08-19,112.64,112.96,115.88,112.5,112.64,428281300,yahoo
2011-08-22,112.73,115.17,115.23,112.41,112.73,275090600,yahoo
2011-08-23,116.44,113.15,116.57,112.58,116.44,331136600,yahoo
2011-08-24,118.08,116.19,118.24,115.92,118.08,246869700,yahoo
2011-08-25,116.28,118.73,119.4,115.87,116.28,312365400,yahoo
2011-08-26,117.97,115.69,118.51,113.85,117.97,314495900,yahoo
2011-08-29,121.36,119.56,121.43,118.06,121.36,190977200,yahoo
2011-08-30,121.68,120.83,122.43,119.26,121.68,241315700,yahoo
2011-08-31,122.22,122.46,123.51,121.3,122.22,301828400,yahoo
2011-09-01,120.94,122.29,123.4,120.78,120.94,254585900,yahoo
2011-09-02,117.85,118.42,120.87,117.43,117.85,255517200,yahoo
2011-09-06,116.99,114.39,117.16,114.38,116.99,285130500,yahoo
2011-09-07,120.29,118.76,120.34,118.36,120.29,209803200,yahoo
2011-09-08,119.04,119.57,120.94,118.77,119.04,250568200,yahoo
2011-09-09,115.92,117.68,119.06,115.28,115.92,380195100,yahoo
2011-09-12,116.67,114.47,116.76,114.05,116.67,305793500,yahoo
2011-09-13,117.74,117.05,118.18,116.22,117.74,272514700,yahoo
2011-09-14,119.37,118.34,120.8,116.72,119.37,319389500,yahoo
2011-09-15,121.43,120.65,121.47,119.4,121.43,326777200,yahoo
2011-09-16,121.52,121.29,121.97,120.32,121.52,284528300,yahoo
2011-09-19,120.31,119.53,120.93,118.72,120.31,241517000,yahoo
2011-09-20,120.17,120.82,121.99,120.01,120.17,218932200,yahoo
2011-09-21,116.63,120.23,120.6,116.44,116.63,316251300,yahoo
2011-09-22,112.86,113.25,114.21,111.3,112.86,513911300,yahoo
2011-09-23,113.54,112.11,114.16,112.02,113.54,307242500,yahoo
2011-09-26,116.24,114.61,116.4,112.98,116.24,260673700,yahoo
2011-09-27,117.54,118.53,119.56,116.84,117.54,311753900,yahoo
2011-09-28,115.14,117.78,118.49,114.97,115.14,286696800,yahoo
2011-09-29,116.05,117.05,117.63,113.93,116.05,298108900,yahoo
2011-09-30,113.15,114.45,115.45,113.07,113.15,288392300,yahoo
2011-10-03,109.93,112.49,113.95,109.81,109.93,365136800,yahoo
2011-10-04,112.34,108.35,112.58,107.43,112.34,459177500,yahoo
2011-10-05,114.42,112.62,114.72,111.58,114.42,284108000,yahoo
2011-10-06,116.49,114.36,116.66,113.51,116.49,257800800,yahoo
2011-10-07,115.71,117.17,117.25,115.06,115.71,312657900,yahoo
2011-10-10,119.58,117.68,119.63,117.67,119.58,230666300,yahoo
2011-10-11,119.7,118.87,120.04,118.75,119.7,209088000,yahoo
2011-10-12,120.75,120.6,122.14,120.33,120.75,281544900,yahoo
2011-10-13,120.51,120.04,120.87,119.12,120.51,212538800,yahoo
2011-10-14,122.57,121.91,122.6,121.23,122.57,211397600,yahoo
2011-10-17,120.23,121.99,122.55,119.93,120.23,202311600,yahoo
2011-10-18,122.58,120.14,123.5,119.2,122.58,318857900,yahoo
2011-10-19,121.13,122.38,123.08,120.71,121.13,226601300,yahoo
2011-10-20,121.66,121.43,122.1,119.82,121.66,262075600,yahoo
2011-10-21,123.97,123.09,124.12,122.72,123.97,278999400,yahoo
2011-10-24,125.49,124.17,125.8,124.06,125.49,203215600,yahoo
2011-10-25,123.05,124.89,124.95,122.78,123.05,268596800,yahoo
2011-10-26,124.3,124.35,124.77,122.21,124.3,289053800,yahoo
2011-10-27,128.63,127.63,129.42,126.61,128.63,393220200,yahoo
2011-10-28,128.6,128.0,128.85,127.8,128.6,225906500,yahoo
2011-10-31,125.5,127.16,128.62,125.32,125.5,228146700,yahoo
2011-11-01,122.0,122.03,123.51,121.52,122.0,416565800,yahoo
2011-11-02,123.99,123.83,124.4,122.79,123.99,244717600,yahoo
2011-11-03,126.25,125.27,126.5,123.6,126.25,291174800,yahoo
2011-11-04,125.48,125.23,125.7,124.01,125.48,249401600,yahoo
2011-11-07,126.26,125.39,126.39,124.2,126.26,196617200,yahoo
2011-11-08,127.88,126.92,128.02,125.71,127.88,224426300,yahoo
2011-11-09,123.16,124.89,125.8,122.86,123.16,337982000,yahoo
2011-11-10,124.32,124.79,124.94,123.02,124.32,231866500,yahoo
2011-11-11,126.66,125.83,126.99,125.79,126.66,189924400,yahoo
2011-11-14,125.46,126.19,127.45,124.92,125.46,159258300,yahoo
2011-11-15,126.08,125.17,126.75,124.72,126.08,184709400,yahoo
2011-11-16,124.08,124.81,126.34,123.9,124.08,235782500,yahoo
2011-11-17,122.11,123.85,124.16,121.23,122.11,331219600,yahoo
2011-11-18,121.98,122.5,122.75,121.47,121.98,215580400,yahoo
2011-11-21,119.66,120.2,120.35,118.65,119.66,229611600,yahoo
2011-11-22,119.19,119.4,120.1,118.52,119.19,216494900,yahoo
2011-11-23,116.56,118.07,119.19,116.56,116.56,224329100,yahoo
2011-11-25,116.34,116.38,117.7,116.2,116.34,99557000,yahoo
2011-11-28,119.71,119.54,120.18,118.82,119.71,210686000,yahoo
2011-11-29,120.05,120.05,121.0,119.61,120.05,199241500,yahoo
2011-11-30,124.99,123.49,125.22,120.0,124.99,324439500,yahoo
2011-12-01,124.97,124.85,125.64,124.43,124.97,176954800,yahoo
2011-12-02,124.86,126.12,126.5,124.78,124.86,221109700,yahoo
2011-12-05,126.22,126.84,127.18,125.44,126.22,225263900,yahoo
2011-12-06,126.26,126.21,127.11,125.76,126.26,178842100,yahoo
2011-12-07,126.73,125.84,127.26,124.97,126.73,237802500,yahoo
2011-12-08,123.95,125.9,126.18,123.65,123.95,240862800,yahoo
2011-12-09,126.05,124.51,126.37,124.4,126.05,209111400,yahoo
2011-12-12,124.21,124.95,124.97,123.16,124.21,215826100,yahoo
2011-12-13,123.05,124.86,125.57,122.45,123.05,245159800,yahoo
2011-12-14,121.74,122.56,123.03,121.47,121.74,238618800,yahoo
2011-12-15,122.18,123.03,123.2,121.99,122.18,199109200,yahoo
2011-12-16,121.59,122.23,122.95,121.3,121.59,220481400,yahoo
2011-12-19,120.29,122.06,122.32,120.03,120.29,183903000,yahoo
2011-12-20,123.93,122.18,124.14,120.37,123.93,225418100,yahoo
2011-12-21,124.17,123.93,124.36,122.75,124.17,194230900,yahoo
2011-12-22,125.27,124.63,125.4,124.23,125.27,119465400,yahoo
2011-12-23,126.39,125.67,126.43,125.41,126.39,92187200,yahoo
2011-12-27,126.49,126.17,126.82,126.06,126.49,86075700,yahoo
2011-12-28,124.83,126.51,126.53,124.73,124.83,119107100,yahoo
2011-12-29,126.12,125.24,126.25,124.86,126.12,123507200,yahoo
2011-12-30,125.5,126.02,126.33,125.5,125.5,95599000,yahoo
2012-01-03,127.5,127.76,128.38,127.43,127.5,193697900,yahoo
2012-01-04,127.7,127.2,127.81,126.71,127.7,127186500,yahoo
2012-01-05,128.04,127.01,128.23,126.43,128.04,173895000,yahoo
2012-01-06,127.71,128.2,128.22,127.29,127.71,148050000,yahoo
2012-01-09,128.02,128.0,128.18,127.41,128.02,99530200,yahoo
2012-01-10,129.13,129.39,129.65,128.95,129.13,115282000,yahoo
2012-01-11,129.2,128.73,129.37,128.52,129.2,111540700,yahoo
2012-01-12,129.51,129.57,129.7,128.54,129.51,118983700,yahoo
2012-01-13,128.84,128.64,129.05,127.72,128.84,179836200,yahoo
2012-01-17,129.34,130.08,130.32,128.9,129.34,132209200,yahoo
2012-01-18,130.77,129.31,130.84,129.08,130.77,163395200,yahoo
2012-01-19,131.46,131.22,131.57,130.8,131.46,126328900,yahoo
2012-01-20,131.95,131.24,131.95,130.92,131.95,138230200,yahoo
2012-01-23,131.61,131.51,132.25,130.98,131.61,129295800,yahoo
2012-01-24,131.46,130.8,131.5,130.6,131.46,103083300,yahoo
2012-01-25,132.56,131.26,132.87,130.75,132.56,198613200,yahoo
2012-01-26,131.88,133.15,133.4,131.36,131.88,184880500,yahoo
2012-01-27,131.82,131.24,132.05,131.15,131.82,135259100,yahoo
2012-01-30,131.37,130.51,131.44,130.06,131.37,147311800,yahoo
2012-01-31,131.32,132.02,132.18,130.68,131.32,157212000,yahoo
2012-02-01,132.47,132.29,133.14,132.13,132.47,166234500,yahoo
2012-02-02,132.68,132.73,133.02,132.21,132.68,113090400,yahoo
2012-02-03,134.54,134.0,134.62,133.77,134.54,160598500,yahoo
2012-02-06,134.45,133.98,134.51,133.83,134.45,107694500,yahoo
2012-02-07,134.79,134.17,135.02,133.64,134.79,135528100,yahoo
2012-02-08,135.19,134.86,135.22,134.31,135.19,139361400,yahoo
2012-02-09,135.36,135.41,135.59,134.56,135.36,148602900,yahoo
2012-02-10,134.36,134.16,134.47,133.84,134.36,167907500,yahoo
2012-02-13,135.36,135.32,135.52,134.74,135.36,115841900,yahoo
2012-02-14,135.19,135.0,135.27,134.25,135.19,165329500,yahoo
2012-02-15,134.56,135.63,135.83,134.29,134.56,195195100,yahoo
2012-02-16,136.05,134.57,136.17,134.33,136.05,186567800,yahoo
2012-02-17,136.41,136.52,136.63,135.96,136.41,129869400,yahoo
2012-02-21,136.47,136.73,137.05,136.05,136.47,134042300,yahoo
2012-02-22,136.03,136.26,136.55,135.79,136.03,124455300,yahoo
2012-02-23,136.63,135.96,136.73,135.5,136.63,137704300,yahoo
2012-02-24,136.93,136.93,137.2,136.63,136.93,105539100,yahoo
2012-02-27,137.16,136.02,137.53,135.8,137.16,145728900,yahoo
2012-02-28,137.56,137.2,137.72,136.93,137.56,129355900,yahoo
2012-02-29,137.02,137.76,138.19,136.54,137.02,185934700,yahoo
2012-03-01,137.73,137.31,137.99,136.93,137.73,145023500,yahoo
2012-03-02,137.31,137.64,137.82,137.0,137.31,120638300,yahoo
2012-03-05,136.75,137.1,137.2,136.28,136.75,140765000,yahoo
2012-03-06,134.75,135.35,135.43,134.36,134.75,202129900,yahoo
2012-03-07,135.69,135.06,135.91,134.93,135.69,143692200,yahoo
2012-03-08,137.04,136.52,137.32,136.24,137.04,116968900,yahoo
2012-03-09,137.57,137.3,137.93,137.13,137.57,122836800,yahoo
2012-03-12,137.58,137.55,137.76,137.09,137.58,104003500,yahoo
2012-03-13,140.06,138.32,140.13,138.09,140.06,184090500,yahoo
2012-03-14,139.91,140.1,140.45,139.48,139.91,145163600,yahoo
2012-03-15,140.72,140.12,140.78,139.76,140.72,165118500,yahoo
2012-03-16,140.3,140.36,140.48,140.0,140.3,152893500,yahoo
2012-03-19,140.85,140.21,141.28,140.11,140.85,125291100,yahoo
2012-03-20,140.44,140.05,140.61,139.64,140.44,121729700,yahoo
2012-03-21,140.21,140.52,140.65,139.92,140.21,122388400,yahoo
2012-03-22,139.2,139.18,139.55,138.74,139.2,135216700,yahoo
2012-03-23,139.65,139.32,139.81,138.55,139.65,120521000,yahoo
2012-03-26,141.61,140.65,141.61,140.6,141.61,120164000,yahoo
2012-03-27,141.17,141.74,141.83,141.08,141.17,119868500,yahoo
2012-03-28,140.47,141.1,141.32,139.64,140.47,148562100,yahoo
2012-03-29,140.23,139.64,140.49,139.09,140.23,164963700,yahoo
2012-03-30,140.81,140.92,141.05,140.05,140.81,135486800,yahoo
2012-04-02,141.84,140.64,142.21,140.36,141.84,151741100,yahoo
2012-04-03,141.26,141.64,141.88,140.43,141.26,155806700,yahoo
2012-04-04,139.86,140.22,140.34,139.34,139.86,146896000,yahoo
2012-04-05,139.79,139.38,140.2,139.26,139.79,137439400,yahoo
2012-04-09,138.22,138.03,139.84,137.84,138.22,127555900,yahoo
2012-04-10,135.9,137.95,138.34,135.76,135.9,235360300,yahoo
2012-04-11,137.0,137.29,137.54,136.75,137.0,154133000,yahoo
2012-04-12,138.79,137.13,138.9,137.03,138.79,154321500,yahoo
2012-04-13,137.14,138.47,138.82,137.01,137.14,169246700,yahoo
2012-04-16,137.05,137.84,138.04,136.58,137.05,147825300,yahoo
2012-04-17,139.08,137.84,139.36,137.7,139.08,147877600,yahoo
2012-04-18,138.61,138.46,139.08,138.38,138.61,123884200,yahoo
2012-04-19,137.72,138.63,139.15,137.07,137.72,198666700,yahoo
2012-04-20,137.95,138.33,138.83,137.87,137.95,143199600,yahoo
2012-04-23,136.79,136.54,136.91,135.94,136.79,171844900,yahoo
2012-04-24,137.31,136.91,137.66,136.8,137.31,137484200,yahoo
2012-04-25,139.19,138.65,139.25,138.53,139.19,150252200,yahoo
2012-04-26,140.16,138.89,140.32,138.81,140.16,136291600,yahoo
2012-04-27,140.39,140.58,140.79,139.8,140.39,130725000,yahoo
2012-04-30,139.87,140.11,140.21,139.49,139.87,115092200,yahoo
2012-05-01,140.74,139.79,141.66,139.63,140.74,138832200,yahoo
2012-05-02,140.32,139.92,140.46,139.46,140.32,121081000,yahoo
2012-05-03,139.25,140.34,140.45,138.99,139.25,143759700,yahoo
2012-05-04,137.0,138.52,139.3,136.92,137.0,193927300,yahoo
2012-05-07,137.1,136.51,137.56,136.46,137.1,127765900,yahoo
2012-05-08,136.55,136.28,136.77,134.92,136.55,213377700,yahoo
2012-05-09,135.74,135.1,136.61,134.49,135.74,220752500,yahoo
2012-05-10,136.02,136.68,136.85,135.71,136.02,150600000,yahoo
2012-05-11,135.61,135.17,136.87,135.11,135.61,153032400,yahoo
2012-05-14,134.11,134.31,135.61,133.91,134.11,163910000,yahoo
2012-05-15,133.34,134.02,134.81,133.13,133.34,207629300,yahoo
2012-05-16,132.83,133.94,134.55,132.8,132.83,207265500,yahoo
2012-05-17,130.86,132.86,133.02,130.79,130.86,247992900,yahoo
2012-05-18,129.74,131.37,131.6,129.55,129.74,319615900,yahoo
2012-05-21,131.97,130.16,132.02,129.95,131.97,177861100,yahoo
2012-05-22,132.2,132.31,133.23,131.34,132.2,197531200,yahoo
2012-05-23,132.27,131.25,132.46,129.99,132.27,204958400,yahoo
2012-05-24,132.53,132.63,132.84,131.42,132.53,167357600,yahoo
2012-05-25,132.1,132.48,132.85,131.78,132.1,135465600,yahoo
2012-05-29,133.7,133.16,133.93,131.17,133.7,152883500,yahoo
2012-05-30,131.76,132.56,133.69,131.49,131.76,162370400,yahoo
2012-05-31,131.47,131.71,132.45,130.34,131.47,196186000,yahoo
2012-06-01,128.16,129.41,131.5,128.16,128.16,253240900,yahoo
2012-06-04,128.1,128.39,128.74,127.14,128.1,202545800,yahoo
2012-06-05,129.07,127.85,129.26,127.78,129.07,164149400,yahoo
2012-06-06,131.97,129.97,132.03,129.93,131.97,184202800,yahoo
2012-06-07,132.05,133.47,133.53,131.78,132.05,184772700,yahoo
2012-06-08,133.1,131.71,133.13,131.29,133.1,143915400,yahoo
2012-06-11,131.41,134.17,134.25,131.28,131.41,169756100,yahoo
2012-06-12,132.92,131.79,133.01,131.16,132.92,181931800,yahoo
2012-06-13,132.07,132.53,133.36,131.62,132.07,172223900,yahoo
2012-06-14,133.47,132.34,134.0,131.98,133.47,230615500,yahoo
2012-06-15,134.14,133.38,134.26,133.1,134.14,169444500,yahoo
2012-06-18,134.4,133.58,134.73,133.28,134.4,131360900,yahoo
2012-06-19,135.7,135.08,136.25,134.37,135.7,137382600,yahoo
2012-06-20,135.48,135.71,136.1,134.27,135.48,206451800,yahoo
2012-06-21,132.44,135.64,135.78,132.33,132.44,205272200,yahoo
2012-06-22,133.46,133.13,133.71,132.62,133.46,130029200,yahoo
2012-06-25,131.32,132.05,132.1,130.85,131.32,146375700,yahoo
2012-06-26,131.98,131.7,132.38,130.93,131.98,141634000,yahoo
2012-06-27,133.17,132.42,133.43,131.97,133.17,108088000,yahoo
2012-06-28,132.79,132.29,132.99,131.28,132.79,169242100,yahoo
2012-06-29,136.1,135.2,136.27,134.85,136.1,212250900,yahoo
2012-07-02,136.51,136.48,136.65,135.52,136.51,129524500,yahoo
2012-07-03,137.41,136.48,137.51,136.34,137.41,80450000,yahoo
2012-07-05,136.79,136.9,137.8,136.29,136.79,126177500,yahoo
2012-07-06,135.49,135.47,135.77,134.85,135.49,151192100,yahoo
2012-07-09,135.32,135.38,135.57,134.7,135.32,103780500,yahoo
2012-07-10,134.14,136.01,136.23,133.68,134.14,167884800,yahoo
2012-07-11,134.16,134.21,134.6,133.38,134.16,141733400,yahoo
2012-07-12,133.51,133.38,134.23,132.6,133.51,143583200,yahoo
2012-07-13,135.75,133.86,135.89,133.84,135.75,129642600,yahoo
2012-07-16,135.43,135.44,135.83,134.9,135.43,97525200,yahoo
2012-07-17,136.36,135.97,136.64,134.55,136.36,138860300,yahoo
2012-07-18,137.37,136.04,137.64,135.96,137.37,113349700,yahoo
2012-07-19,137.73,137.65,138.18,137.21,137.73,129847300,yahoo
2012-07-20,136.47,136.95,137.16,136.32,136.47,142904500,yahoo
2012-07-23,135.09,134.47,136.38,133.84,135.09,145210900,yahoo
2012-07-24,133.93,135.19,135.25,133.03,133.93,173301200,yahoo
2012-07-25,133.96,134.21,134.56,133.25,133.96,129122300,yahoo
2012-07-26,136.17,135.89,136.46,135.26,136.17,156526500,yahoo
2012-07-27,138.68,136.89,139.07,136.14,138.68,236768900,yahoo
2012-07-30,138.68,138.52,139.34,138.27,138.68,106782000,yahoo
2012-07-31,137.71,138.49,138.87,137.71,137.71,120575900,yahoo
2012-08-01,137.59,138.7,138.73,137.4,137.59,138293800,yahoo
2012-08-02,136.64,136.55,137.57,135.58,136.64,199556600,yahoo
2012-08-03,139.35,138.56,139.64,136.68,139.35,157825000,yahoo
2012-08-06,139.62,139.72,140.17,139.56,139.62,86326200,yahoo
2012-08-07,140.32,140.18,140.92,140.03,140.32,109545100,yahoo
2012-08-08,140.49,139.85,140.65,139.81,140.49,89754700,yahoo
2012-08-09,140.61,140.29,140.89,140.15,140.61,90291700,yahoo
2012-08-10,140.84,140.04,140.89,139.81,140.84,99792700,yahoo
2012-08-13,140.77,140.6,140.84,140.04,140.77,79426900,yahoo
2012-08-14,140.79,141.29,141.38,140.37,140.79,102379400,yahoo
2012-08-15,140.95,140.64,141.19,140.55,140.95,71085900,yahoo
2012-08-16,141.99,141.15,142.16,140.8,141.99,112014200,yahoo
2012-08-17,142.18,142.23,142.3,141.86,142.18,90813700,yahoo
2012-08-20,142.19,141.98,142.22,141.59,142.19,78255700,yahoo
2012-08-21,141.76,142.54,143.09,141.45,141.76,105581100,yahoo
2012-08-22,141.82,141.4,142.05,141.07,141.82,133243500,yahoo
2012-08-23,140.66,141.47,141.48,140.44,140.66,111466400,yahoo
2012-08-24,141.51,140.31,141.83,140.22,141.51,99481200,yahoo
2012-08-27,141.54,141.89,142.08,141.34,141.54,68785900,yahoo
2012-08-28,141.4,141.18,141.84,140.97,141.4,75689600,yahoo
2012-08-29,141.51,141.52,141.89,141.12,141.51,65421300,yahoo
2012-08-30,140.49,140.9,140.94,140.19,140.49,96589900,yahoo
2012-08-31,141.16,141.29,141.82,140.36,141.16,151970400,yahoo
2012-09-04,141.03,141.04,141.46,140.13,141.03,120226200,yahoo
2012-09-05,140.91,141.09,141.47,140.63,140.91,100660300,yahoo
2012-09-06,143.77,141.76,143.78,141.75,143.77,158272500,yahoo
2012-09-07,144.33,144.01,144.39,143.88,144.33,107272100,yahoo
2012-09-10,143.51,144.19,144.44,143.46,143.51,86458500,yahoo
2012-09-11,143.91,143.6,144.37,143.56,143.91,88760000,yahoo
2012-09-12,144.39,144.39,144.55,143.9,144.39,87640900,yahoo
2012-09-13,146.59,144.37,147.04,143.99,146.59,225470200,yahoo
2012-09-14,147.24,146.88,148.11,146.76,147.24,169777000,yahoo
2012-09-17,146.74,146.94,147.19,146.37,146.74,119427800,yahoo
2012-09-18,146.62,146.49,146.81,146.25,146.62,98326600,yahoo
2012-09-19,146.7,146.79,147.17,146.41,146.7,128318300,yahoo
2012-09-20,146.71,146.03,146.79,145.63,146.71,154009800,yahoo
2012-09-21,145.87,146.64,146.67,145.81,145.87,108737500,yahoo
2012-09-24,145.65,145.15,145.98,145.04,145.65,95682000,yahoo
2012-09-25,144.1,145.96,146.24,144.06,144.1,133165200,yahoo
2012-09-26,143.29,144.07,144.11,142.95,143.29,146502200,yahoo
2012-09-27,144.64,143.89,144.97,143.51,144.64,111830300,yahoo
2012-09-28,143.97,144.09,144.56,143.46,143.97,150696100,yahoo
2012-10-01,144.35,144.52,145.69,144.01,144.35,135911200,yahoo
2012-10-02,144.5,144.92,145.15,143.83,144.5,113422200,yahoo
2012-10-03,145.09,144.89,145.43,144.13,145.09,121283100,yahoo
2012-10-04,146.13,145.64,146.34,145.44,146.13,124311600,yahoo
2012-10-05,146.14,146.91,147.16,145.7,146.14,124842100,yahoo
2012-10-08,145.64,145.6,146.12,145.31,145.64,78415400,yahoo
2012-10-09,144.2,145.53,145.65,144.15,144.2,148872900,yahoo
2012-10-10,143.28,144.18,144.32,143.09,143.28,124247500,yahoo
2012-10-11,143.36,144.28,144.49,143.33,143.36,123601500,yahoo
2012-10-12,142.89,143.46,143.95,142.58,142.89,124181900,yahoo
2012-10-15,144.08,143.23,144.23,142.77,144.08,107689100,yahoo
2012-10-16,145.54,144.76,145.64,144.66,145.54,108815500,yahoo
2012-10-17,146.2,145.64,146.32,145.42,146.2,128834100,yahoo
2012-10-18,145.82,145.82,146.52,145.33,145.82,148108500,yahoo
2012-10-19,143.39,145.55,145.56,143.05,143.39,185645200,yahoo
2012-10-22,143.41,143.15,143.67,142.28,143.41,125578600,yahoo
2012-10-23,141.42,141.86,142.06,140.83,141.42,192056300,yahoo
2012-10-24,141.02,141.93,142.1,140.8,141.02,120179400,yahoo
2012-10-25,141.43,142.02,142.28,140.57,141.43,134457400,yahoo
2012-10-26,141.35,141.3,141.84,140.39,141.35,146023500,yahoo
2012-10-31,141.35,141.85,142.03,140.68,141.35,103438500,yahoo
2012-11-01,142.83,141.65,143.01,141.52,142.83,100995600,yahoo
2012-11-02,141.56,143.68,143.72,141.41,141.56,137702200,yahoo
2012-11-05,141.85,141.35,142.17,140.93,141.85,98378500,yahoo
2012-11-06,142.96,142.28,143.52,142.13,142.96,107068100,yahoo
2012-11-07,139.72,141.66,141.68,139.06,139.72,264304500,yahoo
2012-11-08,138.04,139.7,140.41,137.93,138.04,181517300,yahoo
2012-11-09,138.16,137.62,139.44,137.55,138.16,201055300,yahoo
2012-11-12,138.27,138.59,138.81,137.96,138.27,97677500,yahoo
2012-11-13,137.79,137.54,139.25,137.36,137.79,123018300,yahoo
2012-11-14,135.93,138.21,138.43,135.62,135.93,191505000,yahoo
2012-11-15,135.7,135.98,136.49,135.18,135.7,178128400,yahoo
2012-11-16,136.37,135.9,136.64,134.7,136.37,239483900,yahoo
2012-11-19,139.13,137.9,139.15,136.41,139.13,151495800,yahoo
2012-11-20,139.19,138.91,139.42,138.08,139.19,119807400,yahoo
2012-11-21,139.45,139.31,139.57,139.03,139.45,81710800,yahoo
2012-11-23,141.35,140.13,141.4,140.04,141.35,65409200,yahoo
2012-11-26,141.05,140.65,141.36,140.19,141.05,100124400,yahoo
2012-11-27,140.33,140.91,141.39,140.24,140.33,128646200,yahoo
2012-11-28,141.46,139.76,141.54,139.0,141.46,177086500,yahoo
2012-11-29,142.12,141.99,142.51,141.37,142.12,151085900,yahoo
2012-11-30,142.15,142.14,142.42,141.66,142.15,136568300,yahoo
2012-12-03,141.45,142.8,142.92,141.34,141.45,124656300,yahoo
2012-12-04,141.25,141.44,141.87,140.87,141.25,127512200,yahoo
2012-12-05,141.5,141.37,142.16,140.37,141.5,147300500,yahoo
2012-12-06,141.98,141.37,142.04,141.16,141.98,103220600,yahoo
2012-12-07,142.41,142.53,142.69,141.67,142.41,108726400,yahoo
2012-12-10,142.47,142.21,142.81,142.15,142.47,98840700,yahoo
2012-12-11,143.44,143.06,144.11,142.99,143.44,152570400,yahoo
2012-12-12,143.51,144.0,144.55,143.31,143.51,145880100,yahoo
2012-12-13,142.63,143.42,143.83,142.27,142.63,135715000,yahoo
2012-12-14,142.1,142.32,142.58,141.88,142.1,137701700,yahoo
2012-12-17,143.77,142.47,143.85,142.43,143.77,143238200,yahoo
2012-12-18,145.37,144.0,145.5,143.79,145.37,177762800,yahoo
2012-12-19,144.29,145.53,145.58,144.24,144.29,150895400,yahoo
2012-12-20,145.12,144.38,145.14,143.98,145.12,168487000,yahoo
2012-12-21,142.79,142.17,144.09,141.94,142.79,245883800,yahoo
2012-12-24,142.35,142.48,142.56,142.19,142.35,53874600,yahoo
2012-12-26,141.75,142.64,142.71,141.35,141.75,106947700,yahoo
2012-12-27,141.56,141.79,142.08,139.92,141.56,167920600,yahoo
2012-12-28,140.03,140.64,141.42,139.87,140.03,148806700,yahoo
2012-12-31,142.41,139.66,142.56,139.54,142.41,243935200,yahoo
2013-01-02,146.06,145.11,146.15,144.73,146.06,192059000,yahoo
2013-01-03,145.73,145.99,146.37,145.34,145.73,144761800,yahoo
2013-01-04,146.37,145.97,146.61,145.67,146.37,116817700,yahoo
2013-01-07,145.97,145.85,146.11,145.43,145.97,110002500,yahoo
2013-01-08,145.55,145.71,145.91,144.98,145.55,121265100,yahoo
2013-01-09,145.92,145.87,146.32,145.64,145.92,90745600,yahoo
2013-01-10,147.08,146.73,147.09,145.97,147.08,130735400,yahoo
2013-01-11,147.07,147.04,147.15,146.61,147.07,113917300,yahoo
2013-01-14,146.97,146.89,147.07,146.43,146.97,89567200,yahoo
2013-01-15,147.07,146.29,147.21,146.2,147.07,93172600,yahoo
2013-01-16,147.05,146.77,147.28,146.61,147.05,104849500,yahoo
2013-01-17,148.0,147.7,148.42,147.15,148.0,133833500,yahoo
2013-01-18,148.33,147.97,148.49,147.43,148.33,169906000,yahoo
2013-01-22,149.13,148.33,149.13,147.98,149.13,111797300,yahoo
2013-01-23,149.37,149.13,149.5,148.86,149.37,104596100,yahoo
2013-01-24,149.41,149.15,150.14,149.01,149.41,146426400,yahoo
2013-01-25,150.25,149.88,150.25,149.37,150.25,147211600,yahoo
2013-01-28,150.07,150.29,150.33,149.51,150.07,113357700,yahoo
2013-01-29,150.66,149.77,150.85,149.67,150.66,105694400,yahoo
2013-01-30,150.07,150.64,150.94,149.93,150.07,137447700,yahoo
2013-01-31,149.7,149.89,150.38,149.6,149.7,108975800,yahoo
2013-02-01,151.24,150.65,151.42,150.39,151.24,131173000,yahoo
2013-02-04,149.54,150.32,151.27,149.43,149.54,159073600,yahoo
2013-02-05,151.05,150.35,151.48,150.29,151.05,113912400,yahoo
2013-02-06,151.16,150.52,151.26,150.41,151.16,138762800,yahoo
2013-02-07,150.96,151.21,151.35,149.86,150.96,162490000,yahoo
2013-02-08,151.8,151.22,151.89,151.22,151.8,103133700,yahoo
2013-02-11,151.77,151.74,151.9,151.39,151.77,73775000,yahoo
2013-02-12,152.02,151.78,152.3,151.61,152.02,65392700,yahoo
2013-02-13,152.15,152.33,152.61,151.72,152.15,82322600,yahoo
2013-02-14,152.29,151.69,152.47,151.52,152.29,80834300,yahoo
2013-02-15,152.11,152.43,152.59,151.55,152.11,215226500,yahoo
2013-02-19,153.25,152.37,153.28,152.16,153.25,95105400,yahoo
2013-02-20,151.34,153.14,153.19,151.26,151.34,160574800,yahoo
2013-02-21,150.42,150.96,151.42,149.94,150.42,183257000,yahoo
2013-02-22,151.89,151.15,151.89,150.49,151.89,106356600,yahoo
2013-02-25,149.0,152.63,152.86,149.0,149.0,245824800,yahoo
2013-02-26,150.02,149.72,150.2,148.73,150.02,186596200,yahoo
2013-02-27,151.91,149.89,152.33,149.76,151.91,150781900,yahoo
2013-02-28,151.61,151.9,152.87,151.41,151.61,126866000,yahoo
2013-03-01,152.11,151.09,152.34,150.41,152.11,170634800,yahoo
2013-03-04,152.92,151.76,152.92,151.52,152.92,99010200,yahoo
2013-03-05,154.29,153.66,154.7,153.64,154.29,121431900,yahoo
2013-03-06,154.5,154.84,154.92,154.16,154.5,94469900,yahoo
2013-03-07,154.78,154.7,154.98,154.52,154.78,86101400,yahoo
2013-03-08,155.44,155.46,155.65,154.66,155.44,123477800,yahoo
2013-03-11,156.03,155.32,156.04,155.13,156.03,83746800,yahoo
2013-03-12,155.68,155.92,156.1,155.21,155.68,105755800,yahoo
2013-03-13,155.9,155.76,156.12,155.23,155.9,92550900,yahoo
2013-03-14,156.73,156.31,156.8,155.91,156.73,126329900,yahoo
2013-03-15,155.83,155.85,156.04,155.31,155.83,138601100,yahoo
2013-03-18,154.97,154.34,155.64,154.2,154.97,126704300,yahoo
2013-03-19,154.61,155.3,155.51,153.59,154.61,167567300,yahoo
2013-03-20,155.69,155.52,155.95,155.26,155.69,113759300,yahoo
2013-03-21,154.36,154.76,155.64,154.1,154.36,128605000,yahoo
2013-03-22,155.6,154.85,155.6,154.73,155.6,111163600,yahoo
2013-03-25,154.95,156.01,156.27,154.35,154.95,151322300,yahoo
2013-03-26,156.19,155.59,156.23,155.42,156.19,86856600,yahoo
2013-03-27,156.19,155.26,156.24,155.0,156.19,99950600,yahoo
2013-03-28,156.67,156.09,156.85,155.75,156.67,102932800,yahoo
2013-04-01,156.05,156.59,156.91,155.67,156.05,99194100,yahoo
2013-04-02,156.82,156.61,157.21,156.37,156.82,101504300,yahoo
2013-04-03,155.23,156.91,157.03,154.82,155.23,154167400,yahoo
2013-04-04,155.86,155.43,156.17,155.09,155.86,131885000,yahoo
2013-04-05,155.16,153.95,155.35,153.77,155.16,159666000,yahoo
2013-04-08,156.21,155.27,156.22,154.75,156.21,86571200,yahoo
2013-04-09,156.75,156.5,157.32,155.98,156.75,101922200,yahoo
2013-04-10,158.67,157.17,158.87,157.13,158.67,135711100,yahoo
2013-04-11,159.19,158.7,159.71,158.54,159.19,110142500,yahoo
2013-04-12,158.8,158.68,159.04,157.92,158.8,116359900,yahoo
2013-04-15,155.12,158.0,158.13,155.1,155.12,217259000,yahoo
2013-04-16,157.41,156.29,157.49,155.91,157.41,147507800,yahoo
2013-04-17,155.11,156.29,156.32,154.28,155.11,226834800,yahoo
2013-04-18,154.14,155.37,155.41,153.55,154.14,167583200,yahoo
2013-04-19,155.48,154.5,155.55,154.12,155.48,149687600,yahoo
2013-04-22,156.17,155.78,156.54,154.75,156.17,106553500,yahoo
2013-04-23,157.78,156.95,157.93,156.17,157.78,166141300,yahoo
2013-04-24,157.88,157.83,158.3,157.54,157.88,96781200,yahoo
2013-04-25,158.52,158.34,159.27,158.1,158.52,131060600,yahoo
2013-04-26,158.24,158.33,158.6,157.73,158.24,95918800,yahoo
2013-04-29,159.3,158.67,159.65,158.42,159.3,88572800,yahoo
2013-04-30,159.68,159.27,159.72,158.61,159.68,116010700,yahoo
2013-05-01,158.28,159.33,159.41,158.1,158.28,138874200,yahoo
2013-05-02,159.75,158.68,159.89,158.53,159.75,96407600,yahoo
2013-05-03,161.37,161.14,161.88,159.78,161.37,144202300,yahoo
2013-05-06,161.78,161.49,162.01,161.42,161.78,66882100,yahoo
2013-05-07,162.6,162.13,162.65,161.67,162.6,90359200,yahoo
2013-05-08,163.34,162.42,163.39,162.33,163.34,97419200,yahoo
2013-05-09,162.88,163.27,163.7,162.47,162.88,106738600,yahoo
2013-05-10,163.41,162.99,163.55,162.51,163.41,103203000,yahoo
2013-05-13,163.54,163.2,163.81,162.82,163.54,81843200,yahoo
2013-05-14,165.23,163.67,165.35,163.67,165.23,119000900,yahoo
2013-05-15,166.12,164.96,166.45,164.91,166.12,120718500,yahoo
2013-05-16,165.34,165.78,166.36,165.09,165.34,109913600,yahoo
2013-05-17,166.94,165.95,167.04,165.73,166.94,129801000,yahoo
2013-05-20,166.93,166.78,167.58,166.61,166.93,85071200,yahoo
2013-05-21,167.17,167.08,167.8,166.5,167.17,95804200,yahoo
2013-05-22,165.93,167.34,169.07,165.17,165.93,244031800,yahoo
2013-05-23,165.45,164.16,165.91,163.94,165.45,211064400,yahoo
2013-05-24,165.31,164.47,165.38,163.98,165.31,151573900,yahoo
2013-05-28,166.3,167.04,167.78,165.81,166.3,143679800,yahoo
2013-05-29,165.22,165.42,165.8,164.34,165.22,160363400,yahoo
2013-05-30,165.83,165.35,166.59,165.22,165.83,107793800,yahoo
2013-05-31,163.45,165.37,166.31,163.13,163.45,176850100,yahoo
2013-06-03,164.35,163.83,164.46,162.66,164.35,168390700,yahoo
2013-06-04,163.56,164.44,165.1,162.73,163.56,157631500,yahoo
2013-06-05,161.27,163.09,163.42,161.13,161.27,211737800,yahoo
2013-06-06,162.73,161.2,162.74,160.25,162.73,200225500,yahoo
2013-06-07,164.8,163.85,164.95,163.14,164.8,188337800,yahoo
2013-06-10,164.8,165.31,165.4,164.37,164.8,105667100,yahoo
2013-06-11,163.1,163.3,164.54,162.74,163.1,159505400,yahoo
2013-06-12,161.75,164.22,164.39,161.6,161.75,177361500,yahoo
2013-06-13,164.21,161.66,164.5,161.3,164.21,163587800,yahoo
2013-06-14,163.18,164.03,164.67,162.91,163.18,141197500,yahoo
2013-06-17,164.44,164.29,165.22,163.22,164.44,136295600,yahoo
2013-06-18,165.74,164.53,165.99,164.52,165.74,114695600,yahoo
2013-06-19,163.45,165.6,165.89,163.38,163.45,206149500,yahoo
2013-06-20,159.4,161.86,163.47,158.98,159.4,321255900,yahoo
2013-06-21,159.07,159.64,159.76,157.47,159.07,271956800,yahoo
2013-06-24,157.06,157.41,158.43,155.73,157.06,222329000,yahoo
2013-06-25,158.57,158.48,160.1,157.42,158.57,162262200,yahoo
2013-06-26,160.14,159.87,160.5,159.25,160.14,134848000,yahoo
2013-06-27,161.08,161.1,161.82,160.95,161.08,129483700,yahoo
2013-06-28,160.42,160.63,161.4,159.86,160.42,160402900,yahoo
2013-07-01,161.36,161.26,162.48,161.08,161.36,131954800,yahoo
2013-07-02,161.21,161.12,162.3,160.5,161.21,154863700,yahoo
2013-07-03,161.28,160.48,161.77,160.22,161.28,75216400,yahoo
2013-07-05,163.02,162.47,163.08,161.3,163.02,122416900,yahoo
2013-07-08,163.95,163.86,164.39,163.08,163.95,108092500,yahoo
2013-07-09,165.13,164.98,165.33,164.27,165.13,119298000,yahoo
2013-07-10,165.19,164.97,165.75,164.63,165.19,121410100,yahoo
2013-07-11,167.44,167.11,167.61,165.18,167.44,135592200,yahoo
2013-07-12,167.51,167.39,167.93,167.13,167.51,104212700,yahoo
2013-07-15,168.15,167.97,168.39,167.68,168.15,69450600,yahoo
2013-07-16,167.52,168.26,168.36,167.07,167.52,88702100,yahoo
2013-07-17,167.95,168.16,168.48,167.73,167.95,92873900,yahoo
2013-07-18,168.87,168.31,169.27,168.2,168.87,103620100,yahoo
2013-07-19,169.17,168.52,169.23,168.31,169.17,103831700,yahoo
2013-07-22,169.5,169.41,169.74,169.01,169.5,79428600,yahoo
2013-07-23,169.14,169.8,169.83,169.05,169.14,80829700,yahoo
2013-07-24,168.52,169.79,169.86,168.18,168.52,112914000,yahoo
2013-07-25,168.93,168.22,169.08,167.94,168.93,111088600,yahoo
2013-07-26,169.11,168.22,169.16,167.52,169.11,107814600,yahoo
2013-07-29,168.59,168.68,169.06,168.11,168.59,79695000,yahoo
2013-07-30,168.59,169.1,169.28,168.19,168.59,85209600,yahoo
2013-07-31,168.71,168.94,169.85,168.49,168.71,142388700,yahoo
2013-08-01,170.66,169.99,170.81,169.9,170.66,110438400,yahoo
2013-08-02,170.95,170.28,170.97,170.05,170.95,91116700,yahoo
2013-08-05,170.7,170.57,170.96,170.35,170.7,54072700,yahoo
2013-08-06,169.73,170.37,170.74,169.35,169.73,87495000,yahoo
2013-08-07,169.18,169.19,169.43,168.55,169.18,84854700,yahoo
2013-08-08,169.8,169.98,170.18,168.93,169.8,102181300,yahoo
2013-08-09,169.31,169.58,170.1,168.72,169.31,91757700,yahoo
2013-08-12,169.11,168.46,169.31,168.38,169.11,68593300,yahoo
2013-08-13,169.61,169.41,169.9,168.41,169.61,80806000,yahoo
2013-08-14,168.74,169.53,169.8,168.7,168.74,79829200,yahoo
2013-08-15,166.38,167.41,167.43,166.09,166.38,152931800,yahoo
2013-08-16,165.83,166.06,166.63,165.5,165.83,130868200,yahoo
2013-08-19,164.77,165.64,166.21,164.76,164.77,96437600,yahoo
2013-08-20,165.58,165.04,166.2,164.86,165.58,89294400,yahoo
2013-08-21,164.56,165.12,166.03,164.19,164.56,159530500,yahoo
2013-08-22,166.06,164.9,166.3,164.89,166.06,101471400,yahoo
2013-08-23,166.62,166.55,166.83,165.77,166.62,90888900,yahoo
2013-08-26,166.0,166.79,167.3,165.89,166.0,89702100,yahoo
2013-08-27,163.33,164.36,166.0,163.21,163.33,158619400,yahoo
2013-08-28,163.91,163.26,164.49,163.05,163.91,108113000,yahoo
2013-08-29,164.17,163.55,165.04,163.4,164.17,119200500,yahoo
2013-08-30,163.65,164.51,164.53,163.17,163.65,134928900,yahoo
2013-09-03,164.39,165.23,165.58,163.7,164.39,142375100,yahoo
2013-09-04,165.75,164.43,166.03,164.13,165.75,97389400,yahoo
2013-09-05,165.96,165.85,166.4,165.73,165.96,63090500,yahoo
2013-09-06,166.04,166.51,166.98,164.48,166.04,159756500,yahoo
2013-09-09,167.63,166.45,167.73,166.45,167.63,87559300,yahoo
2013-09-10,168.87,168.64,168.9,168.26,168.87,105847200,yahoo
2013-09-11,169.4,168.64,169.4,168.35,169.4,94545900,yahoo
2013-09-12,168.95,169.34,169.56,168.72,168.95,83209000,yahoo
2013-09-13,169.33,169.13,169.46,168.74,169.33,72727800,yahoo
2013-09-16,170.31,171.16,171.24,170.04,170.31,106299200,yahoo
2013-09-17,171.07,170.46,171.11,170.46,171.07,82523300,yahoo
2013-09-18,173.05,171.01,173.52,170.58,173.05,203460600,yahoo
2013-09-19,172.76,173.52,173.6,172.59,172.76,146616900,yahoo
2013-09-20,170.72,172.33,172.33,170.58,170.72,132867100,yahoo
2013-09-23,169.93,170.49,170.65,169.39,169.93,104616500,yahoo
2013-09-24,169.53,169.9,170.53,169.21,169.53,106333100,yahoo
2013-09-25,169.04,169.64,169.98,168.89,169.04,117306500,yahoo
2013-09-26,169.69,169.32,170.17,169.05,169.69,77146900,yahoo
2013-09-27,168.91,168.84,169.14,168.47,168.91,99141800,yahoo
2013-09-30,168.01,167.48,168.54,167.15,168.01,143937000,yahoo
2013-10-01,169.34,168.14,169.5,167.97,169.34,127160000,yahoo
2013-10-02,169.18,168.35,169.34,167.83,169.18,113350000,yahoo
2013-10-03,167.62,168.79,168.94,166.84,167.62,176698000,yahoo
2013-10-04,168.89,167.75,169.06,167.53,168.89,96878000,yahoo
2013-10-07,167.43,167.42,168.45,167.25,167.43,96295000,yahoo
2013-10-08,165.48,167.4,167.62,165.36,165.48,178015000,yahoo
2013-10-09,165.6,165.8,166.2,164.53,165.6,168973000,yahoo
2013-10-10,169.17,167.29,169.26,167.23,169.17,195955000,yahoo
2013-10-11,170.26,168.91,170.32,168.77,170.26,105040000,yahoo
2013-10-14,170.94,169.21,171.08,169.08,170.94,112106000,yahoo
2013-10-15,169.7,170.51,171.15,169.47,169.7,155485000,yahoo
2013-10-16,172.07,170.72,172.16,170.64,172.07,161676000,yahoo
2013-10-17,173.22,171.37,173.32,171.34,173.22,129389000,yahoo
2013-10-18,174.39,173.86,174.51,173.51,174.39,138316000,yahoo
2013-10-21,174.4,174.45,174.75,174.01,174.4,104104000,yahoo
2013-10-22,175.41,174.91,175.93,174.43,175.41,126663000,yahoo
2013-10-23,174.57,174.81,174.89,173.96,174.57,105484000,yahoo
2013-10-24,175.15,174.92,175.37,174.51,175.15,70350000,yahoo
2013-10-25,175.95,175.51,176.0,175.17,175.95,93625000,yahoo
2013-10-28,176.23,175.89,176.47,175.7,176.23,84979000,yahoo
2013-10-29,177.17,176.63,177.24,176.38,177.17,87401000,yahoo
2013-10-30,176.29,177.38,177.51,175.66,176.29,140002000,yahoo
2013-10-31,175.79,176.15,176.89,175.53,175.79,133795000,yahoo
2013-11-01,176.21,176.02,176.61,175.22,176.21,142805000,yahoo
2013-11-04,176.83,176.69,176.9,175.98,176.83,85677000,yahoo
2013-11-05,176.27,176.14,176.75,175.57,176.27,85825000,yahoo
2013-11-06,177.17,177.03,177.5,176.54,177.17,87348000,yahoo
2013-11-07,174.93,177.5,177.64,174.76,174.93,157000000,yahoo
2013-11-08,177.29,174.87,177.31,174.85,177.29,136713000,yahoo
2013-11-11,177.32,177.12,177.53,176.91,177.32,62614000,yahoo
2013-11-12,176.96,176.94,177.36,176.37,176.96,83990000,yahoo
2013-11-13,178.38,176.09,178.43,176.09,178.38,103844000,yahoo
2013-11-14,179.27,178.54,179.42,178.25,179.27,103435000,yahoo
2013-11-15,180.05,179.56,180.12,179.33,180.05,102818000,yahoo
2013-11-18,179.42,180.35,180.5,179.02,179.42,104796000,yahoo
2013-11-19,179.03,179.33,179.87,178.72,179.03,93891000,yahoo
2013-11-20,178.47,179.39,179.93,177.98,178.47,124909000,yahoo
2013-11-21,179.91,178.97,180.05,178.86,179.91,92841000,yahoo
2013-11-22,180.81,179.98,180.83,179.77,180.81,81296000,yahoo
2013-11-25,180.63,181.13,181.17,180.37,180.63,79486000,yahoo
2013-11-26,180.68,180.72,181.22,180.41,180.68,86994000,yahoo
2013-11-27,181.12,180.87,181.24,180.65,181.12,58800000,yahoo
2013-11-29,181.0,181.32,181.75,180.8,181.0,55870900,yahoo
2013-12-02,180.53,181.09,181.43,180.25,180.53,99726000,yahoo
2013-12-03,179.75,179.94,180.39,179.17,179.75,116563000,yahoo
2013-12-04,179.73,179.1,180.48,178.35,179.73,123033000,yahoo
2013-12-05,178.94,179.41,179.74,178.77,178.94,106934000,yahoo
2013-12-06,180.94,180.67,181.11,180.15,180.94,127728000,yahoo
2013-12-09,181.4,181.47,181.67,181.16,181.4,70124000,yahoo
2013-12-10,180.75,180.98,181.36,180.64,180.75,80976000,yahoo
2013-12-11,178.72,180.82,180.85,178.5,178.72,130591000,yahoo
2013-12-12,178.13,178.64,178.86,177.76,178.13,115565000,yahoo
2013-12-13,178.11,178.5,178.66,177.77,178.11,107808000,yahoo
2013-12-16,179.22,178.95,179.81,178.9,179.22,96195000,yahoo
2013-12-17,178.65,179.38,179.41,178.25,178.65,89886000,yahoo
2013-12-18,181.7,178.92,181.73,177.32,181.7,234906000,yahoo
2013-12-19,181.49,181.18,181.7,180.71,181.49,136531200,yahoo
2013-12-20,181.56,180.69,181.99,180.57,181.56,197087000,yahoo
2013-12-23,182.53,182.45,182.64,182.07,182.53,85598000,yahoo
2013-12-24,182.93,182.54,183.01,182.53,182.93,45368800,yahoo
2013-12-26,183.86,183.34,183.96,183.32,183.86,63365000,yahoo
2013-12-27,183.85,184.1,184.18,183.66,183.85,61814000,yahoo
2013-12-30,183.82,183.87,184.02,183.58,183.82,56857000,yahoo
2013-12-31,184.69,184.07,184.69,183.93,184.69,86119900,yahoo
2014-01-02,182.92,183.98,184.07,182.48,182.92,119636900,yahoo
2014-01-03,182.89,183.23,183.6,182.63,182.89,81390600,yahoo
2014-01-06,182.36,183.49,183.56,182.08,182.36,108028200,yahoo
2014-01-07,183.48,183.09,183.79,182.95,183.48,86144200,yahoo
2014-01-08,183.52,183.45,183.83,182.89,183.52,96582300,yahoo
2014-01-09,183.64,184.11,184.13,182.8,183.64,90683400,yahoo
2014-01-10,184.14,183.95,184.22,183.01,184.14,102026400,yahoo
2014-01-13,181.69,183.67,184.18,181.34,181.69,149892000,yahoo
2014-01-14,183.67,182.29,183.77,181.95,183.67,105016100,yahoo
2014-01-15,184.66,184.1,184.94,183.71,184.66,98525800,yahoo
2014-01-16,184.42,184.28,184.66,183.83,184.42,72290600,yahoo
2014-01-17,183.64,184.1,184.45,183.32,183.64,107848700,yahoo
2014-01-21,184.18,184.7,184.77,183.05,184.18,88621200,yahoo
2014-01-22,184.3,184.49,184.57,183.91,184.3,61270900,yahoo
2014-01-23,182.79,183.37,183.4,181.82,182.79,132496900,yahoo
2014-01-24,178.89,181.6,181.66,178.83,178.89,208677100,yahoo
2014-01-27,178.01,179.06,179.52,177.12,178.01,180843100,yahoo
2014-01-28,179.07,178.14,179.3,178.12,179.07,110463200,yahoo
2014-01-29,177.35,177.58,178.55,176.88,177.35,216597300,yahoo
2014-01-30,179.23,178.83,179.81,178.26,179.23,118938100,yahoo
2014-01-31,178.18,177.01,179.29,176.92,178.18,194677900,yahoo
2014-02-03,174.17,177.97,178.37,173.83,174.17,254837100,yahoo
2014-02-04,175.39,174.95,175.84,174.11,175.39,165012400,yahoo
2014-02-05,175.17,174.78,175.56,173.71,175.17,164230500,yahoo
2014-02-06,177.48,175.58,177.48,175.22,177.48,132877600,yahoo
2014-02-07,179.68,178.31,179.87,177.73,179.68,170787200,yahoo
2014-02-10,180.01,179.7,180.07,179.21,180.01,92218800,yahoo
2014-02-11,181.98,180.16,182.44,180.04,181.98,117814100,yahoo
2014-02-12,182.07,182.25,182.83,181.71,182.07,94717700,yahoo
2014-02-13,183.01,180.84,183.2,180.83,183.01,100542200,yahoo
2014-02-14,184.02,182.84,184.36,182.67,184.02,96498400,yahoo
2014-02-18,184.24,184.18,184.49,183.65,184.24,80460900,yahoo
2014-02-19,183.02,183.76,184.95,182.87,183.02,126524300,yahoo
2014-02-20,184.1,183.27,184.52,182.6,184.1,104998100,yahoo
2014-02-21,183.89,184.45,184.89,183.8,183.89,118116400,yahoo
2014-02-24,184.91,184.28,186.15,184.2,184.91,114063900,yahoo
2014-02-25,184.84,185.06,185.59,184.23,184.84,117085000,yahoo
2014-02-26,184.85,185.11,185.6,184.33,184.85,98677200,yahoo
2014-02-27,185.82,184.58,185.87,184.37,185.82,93880800,yahoo
2014-02-28,186.29,185.79,187.15,185.05,186.29,150842000,yahoo
2014-03-03,184.98,184.65,185.45,183.75,184.98,167748500,yahoo
2014-03-04,187.58,186.79,187.98,186.75,187.58,167545900,yahoo
2014-03-05,187.75,187.74,188.07,187.45,187.75,88376900,yahoo
2014-03-06,188.18,188.21,188.61,187.78,188.18,82516500,yahoo
2014-03-07,188.26,188.96,188.96,187.43,188.26,114513500,yahoo
2014-03-10,188.16,187.97,188.23,187.08,188.16,74939200,yahoo
2014-03-11,187.23,188.44,188.71,186.8,187.23,99009100,yahoo
2014-03-12,187.28,186.32,187.35,185.9,187.28,104824400,yahoo
2014-03-13,185.18,187.84,187.99,184.66,185.18,155014300,yahoo
2014-03-14,184.66,184.85,185.8,184.44,184.66,153919600,yahoo
2014-03-17,186.33,185.59,186.77,185.51,186.33,98359500,yahoo
2014-03-18,187.66,186.71,187.91,186.51,187.66,101804600,yahoo
2014-03-19,186.66,187.68,187.94,185.47,186.66,176267300,yahoo
2014-03-20,187.75,186.25,187.89,185.92,187.75,117241000,yahoo
2014-03-21,186.2,187.71,189.02,186.03,186.2,163128000,yahoo
2014-03-24,185.43,186.84,187.07,184.62,185.43,121411000,yahoo
2014-03-25,186.31,186.37,186.94,185.27,186.31,103852000,yahoo
2014-03-26,184.97,187.04,187.34,184.92,184.97,119843000,yahoo
2014-03-27,184.58,184.75,185.34,183.9,184.58,142383000,yahoo
2014-03-28,185.49,185.11,186.42,185.0,185.49,101642000,yahoo
2014-03-31,187.01,186.67,187.3,185.52,187.01,99745000,yahoo
2014-04-01,188.25,187.62,188.36,187.0,188.25,89193000,yahoo
2014-04-02,188.88,188.49,189.13,188.14,188.88,78774000,yahoo
2014-04-03,188.63,189.17,189.22,188.05,188.63,77435000,yahoo
2014-04-04,186.4,189.66,189.7,186.1,186.4,169381000,yahoo
2014-04-07,184.34,185.95,186.26,183.96,184.34,140803000,yahoo
2014-04-08,185.1,184.26,185.4,183.59,185.1,112660000,yahoo
2014-04-09,187.09,185.6,187.15,185.06,187.09,100254000,yahoo
2014-04-10,183.16,187.08,187.17,182.93,183.16,172959000,yahoo
2014-04-11,181.51,182.14,183.42,181.31,181.51,167251000,yahoo
2014-04-14,182.94,182.93,183.37,181.44,182.94,132382000,yahoo
2014-04-15,184.2,183.32,184.33,181.51,184.2,157093000,yahoo
2014-04-16,186.13,185.47,186.14,184.65,186.13,105197000,yahoo
2014-04-17,186.39,185.88,186.91,185.56,186.39,105255000,yahoo
2014-04-21,187.04,186.44,187.1,186.21,187.04,68329000,yahoo
2014-04-22,187.89,187.23,188.4,187.13,187.89,85790000,yahoo
2014-04-23,187.45,187.82,187.92,187.3,187.45,73869000,yahoo
2014-04-24,187.83,188.37,188.39,186.93,187.83,88170000,yahoo
2014-04-25,186.29,187.22,187.33,185.87,186.29,100380000,yahoo
2014-04-28,186.88,187.05,187.69,184.96,186.88,135121000,yahoo
2014-04-29,187.75,187.48,188.04,187.08,187.75,84098000,yahoo
2014-04-30,188.31,187.44,188.5,187.18,188.31,101508000,yahoo
2014-05-01,188.33,188.22,188.84,187.73,188.33,93019000,yahoo
2014-05-02,188.06,188.31,189.14,187.78,188.06,98122000,yahoo
2014-05-05,188.42,187.14,188.55,186.62,188.42,75883000,yahoo
2014-05-06,186.78,188.0,188.13,186.74,186.78,85454000,yahoo
2014-05-07,187.88,187.41,187.97,186.01,187.88,106500000,yahoo
2014-05-08,187.68,187.71,189.05,187.08,187.68,93618000,yahoo
2014-05-09,187.96,187.71,188.04,186.83,187.96,83679000,yahoo
2014-05-12,189.79,188.8,189.88,188.0,189.79,86940000,yahoo
2014-05-13,189.96,190.04,190.42,189.77,189.96,66454000,yahoo
2014-05-14,189.06,189.79,189.88,188.79,189.06,72367000,yahoo
2014-05-15,187.4,188.68,188.72,186.48,187.4,154956000,yahoo
2014-05-16,188.05,187.51,188.13,186.72,188.05,97458000,yahoo
2014-05-19,188.74,187.69,188.89,187.52,188.74,63839000,yahoo
2014-05-20,187.55,188.65,188.67,187.07,187.55,111644000,yahoo
2014-05-21,189.13,188.09,189.22,188.06,189.13,89093000,yahoo
2014-05-22,189.59,189.18,189.98,188.86,189.59,61549000,yahoo
2014-05-23,190.35,189.76,190.48,189.59,190.35,61092800,yahoo
2014-05-27,191.52,191.06,191.58,190.95,191.52,72010000,yahoo
2014-05-28,191.38,191.52,191.82,191.06,191.38,66723000,yahoo
2014-05-29,192.37,191.82,192.4,191.33,192.37,64377000,yahoo
2014-05-30,192.68,192.19,192.8,192.03,192.68,76316000,yahoo
2014-06-02,192.9,192.95,192.99,191.97,192.9,64656000,yahoo
2014-06-03,192.8,192.43,192.9,192.25,192.8,65047000,yahoo
2014-06-04,193.19,192.47,193.3,192.27,193.19,55529000,yahoo
2014-06-05,194.45,193.41,194.65,192.7,194.45,92103000,yahoo
2014-06-06,195.38,194.87,195.43,194.78,195.38,78696000,yahoo
2014-06-09,195.58,195.35,196.05,195.17,195.58,65119000,yahoo
2014-06-10,195.6,195.34,195.64,194.92,195.6,57129000,yahoo
2014-06-11,194.92,194.9,195.12,194.48,194.92,68772000,yahoo
2014-06-12,193.54,194.69,194.8,193.11,193.54,106350000,yahoo
2014-06-13,194.13,193.92,194.32,193.3,194.13,82017000,yahoo
2014-06-16,194.29,193.89,194.7,193.66,194.29,87424000,yahoo
2014-06-17,194.83,194.02,194.97,193.81,194.83,84834000,yahoo
2014-06-18,196.26,194.83,196.37,194.4,196.26,105267000,yahoo
2014-06-19,196.48,196.43,196.6,195.8,196.48,85929000,yahoo
2014-06-20,195.94,196.03,196.1,195.7,195.94,100587000,yahoo
2014-06-23,195.88,195.99,196.05,195.52,195.88,70611000,yahoo
2014-06-24,194.7,195.53,196.5,194.48,194.7,96237000,yahoo
2014-06-25,195.58,194.29,195.78,194.25,195.58,82782000,yahoo
2014-06-26,195.44,195.61,195.63,194.13,195.44,84312000,yahoo
2014-06-27,195.82,194.98,195.88,194.89,195.82,71445100,yahoo
2014-06-30,195.72,195.7,196.17,195.53,195.72,70201200,yahoo
2014-07-01,197.03,196.2,197.63,196.13,197.03,90470000,yahoo
2014-07-02,197.23,197.05,197.48,196.96,197.23,52475000,yahoo
2014-07-03,198.2,197.79,198.29,197.64,198.2,52938800,yahoo
2014-07-07,197.51,197.82,197.98,197.22,197.51,61696000,yahoo
2014-07-08,196.24,197.15,197.22,195.76,196.24,108143000,yahoo
2014-07-09,197.12,196.73,197.3,196.31,197.12,72992000,yahoo
2014-07-10,196.34,195.22,196.86,195.06,196.34,99040000,yahoo
2014-07-11,196.61,196.22,196.75,195.78,196.61,64243000,yahoo
2014-07-14,197.6,197.61,197.86,197.44,197.6,58658000,yahoo
2014-07-15,197.23,197.72,198.1,196.36,197.23,111307000,yahoo
2014-07-16,197.96,198.11,198.26,197.42,197.96,79986400,yahoo
2014-07-17,195.71,197.35,198.1,195.43,195.71,145398000,yahoo
2014-07-18,197.71,196.35,197.91,196.24,197.71,124330000,yahoo
2014-07-21,197.34,197.09,197.5,196.43,197.34,67592000,yahoo
2014-07-22,198.2,198.01,198.56,197.87,198.2,67678000,yahoo
2014-07-23,198.64,198.5,198.85,198.1,198.64,65612000,yahoo
2014-07-24,198.65,198.83,199.06,198.45,198.65,56888000,yahoo
2014-07-25,197.72,198.09,198.26,197.33,197.72,76837000,yahoo
2014-07-28,197.8,197.76,198.09,196.62,197.8,69259000,yahoo
2014-07-29,196.95,198.17,198.45,196.92,196.95,80466000,yahoo
2014-07-30,196.98,197.65,197.91,196.16,196.98,104222000,yahoo
2014-07-31,193.09,195.61,195.78,192.97,193.09,183479000,yahoo
2014-08-01,192.5,192.56,193.76,191.57,192.5,189261000,yahoo
2014-08-04,193.89,192.87,194.3,192.05,193.89,91340000,yahoo
2014-08-05,192.01,193.1,193.6,191.31,192.01,152690000,yahoo
2014-08-06,192.07,191.11,192.89,191.08,192.07,94818000,yahoo
2014-08-07,191.03,192.94,193.13,190.55,191.03,135733000,yahoo
2014-08-08,193.24,191.46,193.37,190.95,193.24,117014000,yahoo
2014-08-11,193.8,193.97,194.66,193.71,193.8,74544000,yahoo
2014-08-12,193.53,193.61,194.15,192.94,193.53,73632000,yahoo
2014-08-13,194.84,194.29,195.06,193.96,194.84,69047000,yahoo
2014-08-14,195.76,195.16,195.76,194.98,195.76,57371000,yahoo
2014-08-15,195.72,196.47,196.65,194.31,195.72,139951000,yahoo
2014-08-18,197.36,196.8,197.45,196.69,197.36,75424000,yahoo
2014-08-19,198.39,197.84,198.54,197.44,198.39,59135000,yahoo
2014-08-20,198.92,198.12,199.16,198.08,198.92,72763000,yahoo
2014-08-21,199.5,199.09,199.76,198.93,199.5,67791000,yahoo
2014-08-22,199.19,199.34,199.69,198.74,199.19,76107000,yahoo
2014-08-25,200.2,200.14,200.59,199.15,200.2,63855000,yahoo
2014-08-26,200.33,200.33,200.82,200.28,200.33,47298000,yahoo
2014-08-27,200.25,200.43,200.57,199.94,200.25,47874000,yahoo
2014-08-28,200.14,199.59,200.27,199.39,200.14,58330000,yahoo
2014-08-29,200.71,200.45,200.73,199.82,200.71,65907000,yahoo
2014-09-02,200.61,200.97,201.0,199.86,200.61,72426000,yahoo
2014-09-03,200.5,201.38,201.41,200.22,200.5,57462000,yahoo
2014-09-04,200.21,200.84,201.58,199.66,200.21,85236000,yahoo
2014-09-05,201.11,200.17,201.19,199.41,201.11,102177000,yahoo
2014-09-08,200.59,200.92,201.21,200.0,200.59,64146000,yahoo
2014-09-09,199.32,200.41,200.55,198.91,199.32,88591000,yahoo
2014-09-10,200.07,199.43,200.2,198.77,200.07,67251000,yahoo
2014-09-11,200.3,199.27,200.33,199.12,200.3,66774400,yahoo
2014-09-12,199.13,200.1,200.12,198.56,199.13,117409300,yahoo
2014-09-15,198.98,199.16,199.32,198.38,198.98,76401000,yahoo
2014-09-16,200.48,198.61,200.84,198.5,200.48,116201000,yahoo
2014-09-17,200.75,200.77,201.68,199.75,200.75,151266000,yahoo
2014-09-18,201.82,201.36,201.85,201.1,201.82,94990000,yahoo
2014-09-19,200.7,201.52,201.9,200.29,200.7,121649000,yahoo
2014-09-22,199.15,200.35,200.38,198.73,199.15,125553000,yahoo
2014-09-23,198.01,198.43,199.26,197.95,198.01,111393000,yahoo
2014-09-24,199.56,198.04,199.69,197.52,199.56,107276000,yahoo
2014-09-25,196.34,199.04,199.05,196.27,196.34,150300000,yahoo
2014-09-26,197.9,196.7,198.39,196.42,197.9,103547000,yahoo
2014-09-29,197.54,196.2,197.89,196.05,197.54,95112000,yahoo
2014-09-30,197.02,197.69,198.3,196.61,197.02,131302000,yahoo
2014-10-01,194.35,196.7,196.77,193.91,194.35,177798000,yahoo
2014-10-02,194.38,194.18,195.06,192.35,194.38,157285000,yahoo
2014-10-03,196.52,195.68,196.94,195.08,196.52,121569000,yahoo
2014-10-06,196.29,197.34,197.6,195.58,196.29,104778000,yahoo
2014-10-07,193.26,195.28,195.72,193.22,193.26,147913000,yahoo
2014-10-08,196.64,193.37,196.92,192.36,196.64,186461000,yahoo
2014-10-09,192.74,196.33,196.6,192.58,192.74,210705000,yahoo
2014-10-10,190.54,192.69,193.65,190.49,190.54,221909000,yahoo
2014-10-13,187.41,190.46,191.15,187.3,187.41,230939000,yahoo
2014-10-14,187.7,188.42,189.82,187.04,187.7,215847000,yahoo
2014-10-15,186.43,185.16,187.69,181.92,186.43,380715000,yahoo
2014-10-16,186.27,183.06,187.58,182.89,186.27,270391000,yahoo
2014-10-17,188.47,188.42,189.75,187.62,188.47,214625000,yahoo
2014-10-20,190.3,188.13,190.45,188.07,190.3,130011000,yahoo
2014-10-21,194.07,191.68,194.2,191.48,194.07,154949000,yahoo
2014-10-22,192.69,194.41,194.91,192.61,192.69,151822000,yahoo
2014-10-23,194.93,194.62,196.2,194.26,194.93,154944000,yahoo
2014-10-24,196.43,195.25,196.49,194.49,196.43,117927000,yahoo
2014-10-27,196.16,195.73,196.45,195.03,196.16,82954000,yahoo
2014-10-28,198.41,196.82,198.42,196.73,198.41,106736000,yahoo
2014-10-29,198.11,198.55,199.12,196.8,198.11,142557000,yahoo
2014-10-30,199.38,197.58,199.95,197.4,199.38,113330000,yahoo
2014-10-31,201.66,201.78,201.82,200.77,201.66,146903000,yahoo
2014-11-03,201.77,201.92,202.45,201.31,201.77,93600000,yahoo
2014-11-04,201.07,201.23,201.6,200.06,201.07,93343000,yahoo
2014-11-05,202.34,202.54,202.59,201.45,202.34,91709000,yahoo
2014-11-06,203.15,202.39,203.26,201.64,203.15,107089000,yahoo
2014-11-07,203.34,203.17,203.6,202.61,203.34,89540000,yahoo
2014-11-10,203.98,203.38,204.04,203.13,203.98,66319000,yahoo
2014-11-11,204.18,204.06,204.31,203.65,204.18,54499400,yahoo
2014-11-12,203.96,203.35,204.24,203.31,203.96,90120300,yahoo
2014-11-13,204.19,204.16,204.83,203.21,204.19,85357900,yahoo
2014-11-14,204.24,204.1,204.49,203.72,204.24,80417500,yahoo
2014-11-17,204.37,203.85,204.58,203.65,204.37,80441000,yahoo
2014-11-18,205.55,204.44,205.92,204.44,205.55,76068100,yahoo
2014-11-19,205.22,205.31,205.55,204.3,205.22,82373000,yahoo
2014-11-20,205.58,204.26,205.71,204.18,205.58,72840300,yahoo
2014-11-21,206.68,207.64,207.84,205.98,206.68,142327300,yahoo
2014-11-24,207.26,207.17,207.39,206.91,207.26,65880800,yahoo
2014-11-25,207.11,207.54,207.79,206.8,207.11,79108300,yahoo
2014-11-26,207.64,207.29,207.76,207.03,207.64,62167800,yahoo
2014-11-28,207.2,207.49,207.87,206.91,207.2,57890100,yahoo
2014-12-01,205.76,206.4,206.54,205.38,205.76,103968400,yahoo
2014-12-02,207.09,205.81,207.34,205.78,207.09,74507200,yahoo
2014-12-03,207.89,207.3,208.15,207.1,207.89,68952000,yahoo
2014-12-04,207.66,207.54,208.27,206.7,207.66,91316600,yahoo
2014-12-05,208.0,207.87,208.47,207.55,208.0,91025500,yahoo
2014-12-08,206.61,207.52,208.12,205.93,206.61,108588200,yahoo
2014-12-09,206.47,204.37,206.6,203.91,206.47,125180100,yahoo
2014-12-10,203.16,205.91,205.98,202.93,203.16,159856400,yahoo
2014-12-11,204.19,203.88,206.19,203.71,204.19,159012800,yahoo
2014-12-12,200.89,202.64,203.82,200.85,200.89,202330200,yahoo
2014-12-15,199.51,201.98,202.53,198.78,199.51,189965800,yahoo
2014-12-16,197.91,198.58,202.4,197.86,197.91,259543800,yahoo
2014-12-17,201.79,198.44,202.34,198.29,201.79,253910100,yahoo
2014-12-18,206.78,204.74,212.97,203.92,206.78,257633900,yahoo
2014-12-19,206.52,206.43,207.33,205.61,206.52,245084600,yahoo
2014-12-22,207.47,206.75,207.47,206.46,207.47,148318900,yahoo
2014-12-23,207.75,208.17,208.23,207.4,207.75,122167900,yahoo
2014-12-24,207.77,208.02,208.34,207.72,207.77,42963400,yahoo
2014-12-26,208.44,208.31,208.85,208.25,208.44,57326700,yahoo
2014-12-29,208.72,208.22,208.97,208.14,208.72,79643900,yahoo
2014-12-30,207.6,208.21,208.37,207.51,207.6,73540800,yahoo
2014-12-31,205.54,207.99,208.19,205.39,205.54,130333800,yahoo
2015-01-02,205.43,206.38,206.88,204.18,205.43,121465900,yahoo
2015-01-05,201.72,204.17,204.37,201.35,201.72,169632600,yahoo
2015-01-06,199.82,202.09,202.72,198.86,199.82,209151400,yahoo
2015-01-07,202.31,201.42,202.72,200.88,202.31,125346700,yahoo
2015-01-08,205.9,204.01,206.16,203.99,205.9,147217800,yahoo
2015-01-09,204.25,206.4,206.42,203.51,204.25,158567300,yahoo
2015-01-12,202.65,204.41,204.6,201.92,202.65,144396100,yahoo
2015-01-13,202.08,204.12,205.48,200.51,202.08,214553300,yahoo
2015-01-14,200.86,199.65,201.1,198.57,200.86,192991100,yahoo
2015-01-15,199.02,201.63,202.01,198.88,199.02,176613900,yahoo
2015-01-16,201.63,198.77,201.82,198.55,201.63,211879600,yahoo
2015-01-20,202.06,202.4,202.72,200.17,202.06,130991100,yahoo
2015-01-21,203.08,201.5,203.66,200.94,203.08,122942700,yahoo
2015-01-22,206.1,203.99,206.26,202.33,206.1,174356000,yahoo
2015-01-23,204.97,205.79,206.1,204.81,204.97,117516800,yahoo
2015-01-26,205.45,204.71,205.56,203.85,205.45,92009700,yahoo
2015-01-27,202.74,202.97,204.12,201.74,202.74,134044600,yahoo
2015-01-28,200.14,204.17,204.29,199.91,200.14,168514300,yahoo
2015-01-29,201.99,200.38,202.3,198.68,201.99,173585400,yahoo
2015-01-30,199.45,200.57,202.17,199.13,199.45,197729700,yahoo
2015-02-02,201.92,200.05,202.03,197.86,201.92,163107000,yahoo
2015-02-03,204.84,203.0,204.85,202.55,204.84,124212900,yahoo
2015-02-04,204.06,203.92,205.38,203.51,204.06,134306700,yahoo
2015-02-05,206.12,204.86,206.3,204.77,206.12,97953200,yahoo
2015-02-06,205.55,206.56,207.24,204.92,205.55,125672000,yahoo
2015-02-09,204.63,204.77,205.64,204.14,204.63,87219000,yahoo
2015-02-10,206.81,205.88,207.12,204.68,206.81,96164200,yahoo
2015-02-11,206.93,206.61,207.45,205.83,206.93,91087800,yahoo
2015-02-12,208.92,207.89,208.99,206.97,208.92,97545900,yahoo
2015-02-13,209.78,209.07,209.84,208.76,209.78,93670400,yahoo
2015-02-17,210.11,209.4,210.32,209.1,210.11,76968200,yahoo
2015-02-18,210.13,209.66,210.22,209.34,210.13,80652900,yahoo
2015-02-19,209.98,209.41,210.42,209.24,209.98,91462500,yahoo
2015-02-20,211.24,209.48,211.33,208.73,211.24,140896400,yahoo
2015-02-23,211.21,210.94,211.21,210.48,211.21,74411100,yahoo
2015-02-24,211.81,211.12,212.05,210.76,211.81,72472300,yahoo
2015-02-25,211.63,211.66,212.24,211.22,211.63,73061700,yahoo
2015-02-26,211.38,211.52,211.71,210.65,211.38,72697900,yahoo
2015-02-27,210.66,211.26,211.58,210.6,210.66,108076000,yahoo
2015-03-02,211.99,210.78,212.06,210.72,211.99,87491400,yahoo
2015-03-03,211.12,211.47,212.05,210.08,211.12,110325800,yahoo
2015-03-04,210.23,210.4,210.49,209.06,210.23,114497200,yahoo
2015-03-05,210.46,210.62,210.8,209.85,210.46,76873000,yahoo
2015-03-06,207.5,209.42,209.94,207.1,207.5,188128000,yahoo
2015-03-09,208.36,207.74,208.79,207.55,208.36,89818900,yahoo
2015-03-10,204.98,206.71,206.81,204.93,204.98,157121300,yahoo
2015-03-11,204.5,205.29,205.5,204.4,204.5,110145700,yahoo
2015-03-12,207.1,205.26,207.18,205.2,207.1,93993500,yahoo
2015-03-13,205.83,206.77,207.93,204.58,205.83,162410900,yahoo
2015-03-16,208.58,206.71,208.69,205.86,208.58,136099200,yahoo
2015-03-17,207.96,207.69,208.42,206.98,207.96,94510400,yahoo
2015-03-18,210.46,207.39,211.27,206.62,210.46,228808500,yahoo
2015-03-19,209.5,209.96,210.47,209.03,209.5,117917300,yahoo
2015-03-20,210.41,209.71,211.02,209.49,210.41,177715100,yahoo
2015-03-23,210.0,210.42,211.11,210.0,210.0,71784500,yahoo
2015-03-24,208.82,209.85,210.4,208.74,208.82,77805300,yahoo
2015-03-25,205.76,209.07,209.35,205.71,205.76,159521700,yahoo
2015-03-26,205.27,204.96,206.37,204.12,205.27,153067200,yahoo
2015-03-27,205.74,205.13,205.95,204.9,205.74,118939000,yahoo
2015-03-30,208.25,206.98,208.61,206.96,208.25,96180400,yahoo
2015-03-31,206.43,207.26,208.1,206.36,206.43,126768700,yahoo
2015-04-01,205.7,206.39,206.42,204.51,205.7,137303600,yahoo
2015-04-02,206.44,205.62,206.98,205.4,206.44,86900900,yahoo
2015-04-06,207.83,205.37,208.45,205.21,207.83,114368200,yahoo
2015-04-07,207.28,207.86,208.76,207.24,207.28,81236300,yahoo
2015-04-08,207.98,207.55,208.51,207.08,207.98,89351900,yahoo
2015-04-09,208.9,207.78,209.18,207.19,208.9,85548900,yahoo
2015-04-10,210.04,209.2,210.09,208.96,210.04,72722900,yahoo
2015-04-13,209.09,209.87,210.63,209.03,209.09,74436600,yahoo
2015-04-14,209.49,208.85,209.71,208.1,209.49,75099900,yahoo
2015-04-15,210.43,210.05,211.04,209.95,210.43,99529300,yahoo
2015-04-16,210.37,210.03,210.98,209.79,210.37,68934900,yahoo
2015-04-17,207.95,208.94,209.23,207.01,207.95,191113200,yahoo
2015-04-20,209.85,209.06,210.25,208.96,209.85,92189500,yahoo
2015-04-21,209.6,210.67,210.86,209.24,209.6,72559800,yahoo
2015-04-22,210.63,210.01,210.85,208.9,210.63,78264600,yahoo
2015-04-23,211.16,210.15,211.94,210.01,211.16,102585900,yahoo
2015-04-24,211.65,211.66,211.97,211.11,211.65,61327400,yahoo
2015-04-27,210.77,212.33,212.48,210.54,210.77,79358100,yahoo
2015-04-28,211.44,210.74,211.5,209.33,211.44,86863500,yahoo
2015-04-29,210.57,210.37,211.29,209.6,210.57,125684900,yahoo
2015-04-30,208.46,209.88,210.35,207.62,208.46,161304900,yahoo
2015-05-01,210.72,209.4,210.77,209.28,210.72,103399700,yahoo
2015-05-04,211.32,211.23,212.02,211.1,211.32,70927200,yahoo
2015-05-05,208.9,211.03,211.46,208.73,208.9,113326200,yahoo
2015-05-06,208.04,209.56,209.93,206.76,208.04,135060200,yahoo
2015-05-07,208.87,207.92,209.38,207.52,208.87,88244900,yahoo
2015-05-08,211.62,210.88,211.86,210.78,211.62,155877300,yahoo
2015-05-11,210.61,211.57,211.89,210.52,210.61,75708100,yahoo
2015-05-12,209.98,209.61,210.63,208.62,209.98,119727600,yahoo
2015-05-13,210.02,210.47,211.22,209.74,210.02,94667900,yahoo
2015-05-14,212.21,211.24,212.32,210.91,212.21,95934000,yahoo
2015-05-15,212.44,212.44,212.61,211.86,212.44,76510100,yahoo
2015-05-18,213.1,212.24,213.4,212.16,213.1,74549700,yahoo
2015-05-19,213.03,213.24,213.57,212.69,213.03,72114600,yahoo
2015-05-20,212.88,213.15,213.78,212.5,212.88,76857500,yahoo
2015-05-21,213.5,212.71,213.75,212.51,213.5,64764600,yahoo
2015-05-22,212.99,213.04,213.54,212.91,212.99,57433500,yahoo
2015-05-26,210.7,212.4,212.91,210.2,210.7,124308600,yahoo
2015-05-27,212.7,211.25,212.98,210.76,212.7,93214000,yahoo
2015-05-28,212.46,212.33,212.59,211.63,212.46,74974600,yahoo
2015-05-29,211.14,212.38,212.43,210.82,211.14,124919600,yahoo
2015-06-01,211.57,211.94,212.34,210.62,211.57,93338800,yahoo
2015-06-02,211.36,211.02,212.19,210.27,211.36,91531000,yahoo
2015-06-03,211.92,212.0,212.67,211.33,211.92,87820900,yahoo
2015-06-04,210.13,211.07,211.86,209.75,210.13,151882800,yahoo
2015-06-05,209.77,209.95,210.58,208.98,209.77,121704700,yahoo
2015-06-08,208.48,209.64,209.82,208.39,208.48,89063300,yahoo
2015-06-09,208.45,208.45,209.1,207.69,208.45,105034700,yahoo
2015-06-10,210.95,209.37,211.41,209.3,210.95,134551300,yahoo
2015-06-11,211.63,211.48,212.09,211.2,211.63,73876400,yahoo
2015-06-12,210.01,210.64,211.48,209.68,210.01,135382400,yahoo
2015-06-15,209.11,208.64,209.45,207.79,209.11,124384200,yahoo
2015-06-16,210.25,208.93,210.35,208.72,210.25,85308200,yahoo
2015-06-17,210.59,210.59,211.32,209.36,210.59,126708600,yahoo
2015-06-18,212.78,211.31,213.34,210.63,212.78,165867900,yahoo
2015-06-19,210.81,211.46,211.55,210.36,210.81,130478700,yahoo
2015-06-22,211.89,211.91,212.59,211.64,211.89,70696000,yahoo
2015-06-23,212.04,212.14,212.44,211.57,212.04,68476800,yahoo
2015-06-24,210.5,211.72,212.17,210.47,210.5,92307300,yahoo
2015-06-25,209.86,211.1,211.25,209.77,209.86,97107400,yahoo
2015-06-26,209.82,210.29,210.58,209.16,209.82,104174800,yahoo
2015-06-29,205.42,208.05,209.83,205.33,205.42,202621300,yahoo
2015-06-30,205.85,207.26,207.32,205.28,205.85,182925100,yahoo
2015-07-01,207.5,207.73,208.03,206.56,207.5,135979900,yahoo
2015-07-02,207.31,208.07,208.27,206.81,207.31,104373700,yahoo
2015-07-06,206.72,205.77,207.65,205.53,206.72,117975400,yahoo
2015-07-07,208.02,206.96,208.17,204.11,208.02,173820200,yahoo
2015-07-08,204.53,206.42,206.76,204.25,204.53,164020100,yahoo
2015-07-09,204.9,207.04,207.35,204.77,204.9,144113100,yahoo
2015-07-10,207.48,207.29,207.98,204.95,207.48,129456900,yahoo
2015-07-13,209.77,208.99,209.9,208.94,209.77,106069400,yahoo
2015-07-14,210.68,209.72,211.05,209.65,210.68,81709600,yahoo
2015-07-15,210.61,210.73,211.28,210.04,210.61,97914100,yahoo
2015-07-16,212.3,211.87,212.3,211.58,212.3,106683300,yahoo
2015-07-17,212.48,212.29,212.55,211.8,212.48,89030000,yahoo
2015-07-20,212.59,212.75,213.18,212.21,212.59,70446800,yahoo
2015-07-21,211.75,212.43,212.74,211.39,211.75,77965000,yahoo
2015-07-22,211.37,210.93,211.77,210.89,211.37,88667900,yahoo
2015-07-23,210.18,211.53,211.65,209.75,210.18,90509100,yahoo
2015-07-24,208.0,210.3,210.37,207.6,208.0,117755000,yahoo
2015-07-27,206.79,206.94,207.55,206.26,206.79,132361100,yahoo
2015-07-28,209.33,207.79,209.5,206.8,209.33,123544800,yahoo
2015-07-29,210.77,209.48,211.04,209.31,210.77,105791300,yahoo
2015-07-30,210.82,210.16,211.02,209.42,210.82,91304400,yahoo
2015-07-31,210.5,211.42,211.45,210.16,210.5,103266900,yahoo
2015-08-03,209.79,210.46,210.53,208.65,209.79,113965700,yahoo
2015-08-04,209.38,209.7,210.25,208.8,209.38,81820800,yahoo
2015-08-05,210.07,210.45,211.31,209.73,210.07,85786800,yahoo
2015-08-06,208.35,210.29,210.42,207.65,208.35,116030800,yahoo
2015-08-07,207.95,208.16,208.34,206.87,207.95,117858000,yahoo
2015-08-10,210.57,209.28,210.67,209.28,210.57,80270700,yahoo
2015-08-11,208.67,208.97,209.47,207.76,208.67,126081400,yahoo
2015-08-12,208.92,207.11,209.14,205.36,208.92,172123700,yahoo
2015-08-13,208.66,208.73,209.55,208.01,208.66,89383300,yahoo
2015-08-14,209.42,208.43,209.51,208.26,209.42,72786500,yahoo
2015-08-17,210.59,208.71,210.59,208.16,210.59,79072600,yahoo
2015-08-18,209.98,210.26,210.68,209.7,209.98,71692700,yahoo
2015-08-19,208.32,209.09,210.01,207.35,208.32,172946000,yahoo
2015-08-20,203.97,206.51,208.29,203.9,203.97,194327900,yahoo
2015-08-21,197.83,201.73,203.94,197.52,197.83,346588500,yahoo
2015-08-24,189.5,187.49,197.48,182.4,189.5,507244300,yahoo
2015-08-25,187.27,195.43,195.45,186.92,187.27,369833100,yahoo
2015-08-26,194.46,192.08,194.79,188.37,194.46,339257000,yahoo
2015-08-27,199.27,197.02,199.42,195.21,199.27,274143900,yahoo
2015-08-28,199.28,198.5,199.84,197.92,199.28,160414400,yahoo
2015-08-31,197.67,198.11,199.13,197.01,197.67,163298800,yahoo
2015-09-01,191.77,193.12,194.77,190.73,191.77,256000400,yahoo
2015-09-02,195.41,194.62,195.46,192.42,195.41,160269300,yahoo
2015-09-03,195.55,196.26,198.05,194.96,195.55,152087800,yahoo
2015-09-04,192.59,192.85,193.86,191.61,192.59,207081000,yahoo
2015-09-08,197.43,195.94,197.61,195.17,197.43,116025700,yahoo
2015-09-09,194.79,199.32,199.47,194.35,194.79,149347700,yahoo
2015-09-10,195.85,194.56,197.22,194.25,195.85,158611100,yahoo
2015-09-11,196.74,195.38,196.82,194.53,196.74,119691200,yahoo
2015-09-14,196.01,196.95,197.01,195.43,196.01,79452000,yahoo
2015-09-15,198.46,196.61,198.99,195.96,198.46,113806200,yahoo
2015-09-16,200.18,198.82,200.41,198.41,200.18,99581600,yahoo
2015-09-17,199.73,200.02,202.89,199.28,199.73,276046600,yahoo
2015-09-18,195.45,195.71,198.68,194.96,195.45,223657500,yahoo
2015-09-21,196.46,196.44,197.68,195.21,196.46,105726200,yahoo
2015-09-22,193.91,193.88,194.46,192.56,193.91,153890900,yahoo
2015-09-23,193.6,194.11,194.67,192.91,193.6,92790600,yahoo
2015-09-24,192.9,192.15,193.45,190.56,192.9,159378800,yahoo
2015-09-25,192.85,194.64,195.0,191.81,192.85,155054800,yahoo
2015-09-28,188.01,191.78,191.91,187.64,188.01,178515900,yahoo
2015-09-29,188.12,188.27,189.74,186.93,188.12,159045600,yahoo
2015-09-30,191.63,190.37,191.83,189.44,191.63,163452000,yahoo
2015-10-01,192.13,192.08,192.49,189.82,192.13,131079000,yahoo
2015-10-02,195.0,189.77,195.03,189.12,195.0,211003300,yahoo
2015-10-05,198.47,196.46,198.74,196.33,198.47,126320800,yahoo
2015-10-06,197.79,198.31,198.98,197.0,197.79,110274500,yahoo
2015-10-07,199.41,198.9,199.83,197.48,199.41,124307300,yahoo
2015-10-08,201.21,198.95,201.55,198.59,201.21,153055200,yahoo
2015-10-09,201.33,201.38,201.9,200.58,201.33,107069200,yahoo
2015-10-12,201.52,201.42,201.76,200.91,201.52,56395600,yahoo
2015-10-13,200.25,200.65,202.16,200.05,200.25,88038700,yahoo
2015-10-14,199.29,200.18,200.87,198.94,199.29,99106200,yahoo
2015-10-15,202.35,200.08,202.36,199.64,202.35,134142200,yahoo
2015-10-16,203.27,202.83,203.29,201.92,203.27,114580100,yahoo
2015-10-19,203.37,202.5,203.37,202.13,203.37,76523900,yahoo
2015-10-20,203.11,202.85,203.84,202.55,203.11,78448500,yahoo
2015-10-21,201.85,203.61,203.79,201.65,201.85,102038000,yahoo
2015-10-22,205.26,202.98,205.51,201.85,205.26,174911700,yahoo
2015-10-23,207.51,207.25,207.95,206.3,207.51,144442300,yahoo
2015-10-26,207.0,207.3,207.37,206.56,207.0,69033000,yahoo
2015-10-27,206.6,206.2,207.0,205.79,206.6,77905800,yahoo
2015-10-28,208.95,207.0,208.98,206.21,208.95,135906700,yahoo
2015-10-29,208.83,208.35,209.27,208.21,208.83,90525500,yahoo
2015-10-30,207.93,209.06,209.44,207.74,207.93,131076900,yahoo
2015-11-02,210.39,208.32,210.62,208.17,210.39,86270800,yahoo
2015-11-03,211.0,209.97,211.66,209.7,211.0,95246100,yahoo
2015-11-04,210.36,211.35,211.5,209.72,210.36,96224500,yahoo
2015-11-05,210.15,210.43,210.98,209.09,210.15,78408700,yahoo
2015-11-06,210.04,209.74,210.32,208.46,210.04,110471500,yahoo
2015-11-09,208.08,209.31,209.49,206.95,208.08,131008700,yahoo
2015-11-10,208.56,207.51,208.6,207.19,208.56,75874600,yahoo
2015-11-11,207.74,208.88,208.94,207.66,207.74,67846000,yahoo
2015-11-12,204.84,206.5,207.06,204.82,204.84,121315200,yahoo
2015-11-13,202.54,204.35,204.67,202.44,202.54,153577100,yahoo
2015-11-16,205.62,202.32,205.69,202.18,205.62,117645200,yahoo
2015-11-17,205.47,205.99,207.04,204.88,205.47,121123700,yahoo
2015-11-18,208.73,206.04,208.9,205.99,208.73,121342500,yahoo
2015-11-19,208.55,208.59,209.05,208.2,208.55,88220500,yahoo
2015-11-20,209.31,209.45,210.12,208.86,209.31,94011500,yahoo
2015-11-23,209.07,209.38,209.98,208.52,209.07,64931200,yahoo
2015-11-24,209.35,207.87,209.83,207.41,209.35,98874400,yahoo
2015-11-25,209.32,209.5,209.74,209.01,209.32,51980100,yahoo
2015-11-27,209.56,209.43,209.8,208.86,209.56,37317800,yahoo
2015-11-30,208.69,209.75,209.89,208.56,208.69,112822700,yahoo
2015-12-01,210.68,209.44,210.82,209.11,210.68,97858400,yahoo
2015-12-02,208.53,210.62,211.0,208.23,208.53,108441300,yahoo
2015-12-03,205.61,208.83,209.15,204.75,205.61,166224200,yahoo
2015-12-04,209.62,205.61,209.97,205.61,209.62,192913900,yahoo
2015-12-07,208.35,209.23,209.73,207.2,208.35,102027100,yahoo
2015-12-08,206.95,206.49,208.29,205.78,206.95,103372400,yahoo
2015-12-09,205.34,206.19,208.68,204.18,205.34,162401500,yahoo
2015-12-10,205.87,205.42,207.43,205.14,205.87,116128900,yahoo
2015-12-11,201.88,203.35,204.14,201.51,201.88,211173300,yahoo
2015-12-14,202.9,202.07,203.05,199.95,202.9,182385200,yahoo
2015-12-15,205.03,204.7,206.11,202.87,205.03,154069600,yahoo
2015-12-16,208.03,206.37,208.39,204.8,208.03,197017000,yahoo
2015-12-17,204.86,208.4,208.48,204.84,204.86,173092500,yahoo
2015-12-18,200.02,202.77,202.93,199.83,200.02,251393500,yahoo
2015-12-21,201.67,201.41,201.88,200.09,201.67,99094300,yahoo
2015-12-22,203.5,202.72,203.85,201.55,203.5,111026200,yahoo
2015-12-23,206.02,204.69,206.07,204.58,206.02,110987200,yahoo
2015-12-24,205.68,205.72,206.33,205.42,205.68,48539600,yahoo
2015-12-28,205.21,204.86,205.26,203.94,205.21,65899900,yahoo
2015-12-29,207.4,206.51,207.79,206.47,207.4,92640700,yahoo
2015-12-30,205.93,207.11,207.21,205.76,205.93,63317700,yahoo
2015-12-31,203.87,205.13,205.89,203.87,203.87,114877900,yahoo
2016-01-04,201.02,200.49,201.03,198.59,201.02,222353500,yahoo
2016-01-05,201.36,201.4,201.9,200.05,201.36,110845800,yahoo
2016-01-06,198.82,198.34,200.06,197.6,198.82,152112600,yahoo
2016-01-07,194.05,195.33,197.44,193.59,194.05,213436100,yahoo
2016-01-08,191.92,195.19,195.85,191.58,191.92,209817200,yahoo
2016-01-11,192.11,193.01,193.41,189.82,192.11,187941300,yahoo
2016-01-12,193.66,193.82,194.55,191.14,193.66,172330500,yahoo
2016-01-13,188.83,194.45,194.86,188.38,188.83,221168900,yahoo
2016-01-14,191.93,189.55,193.26,187.66,191.93,240795600,yahoo
2016-01-15,187.81,186.77,188.76,185.52,187.81,324846400,yahoo
2016-01-19,188.06,189.96,190.11,186.2,188.06,195244400,yahoo
2016-01-20,185.65,185.03,187.5,181.02,185.65,286547800,yahoo
2016-01-21,186.69,186.21,188.87,184.64,186.69,195772900,yahoo
2016-01-22,190.52,189.78,190.76,188.88,190.52,168319600,yahoo
2016-01-25,187.64,189.92,190.15,187.41,187.64,130371700,yahoo
2016-01-26,190.2,188.42,190.53,188.02,190.2,141036800,yahoo
2016-01-27,188.13,189.58,191.56,187.06,188.13,185681700,yahoo
2016-01-28,189.11,189.96,190.2,187.16,189.11,143798800,yahoo
2016-01-29,193.72,190.02,193.88,189.88,193.72,210529300,yahoo
2016-02-01,193.65,192.53,194.58,191.84,193.65,136061600,yahoo
2016-02-02,190.16,191.96,191.97,189.54,190.16,182564900,yahoo
2016-02-03,191.3,191.41,191.78,187.1,191.3,205054900,yahoo
2016-02-04,191.6,190.71,192.75,189.96,191.6,139531800,yahoo
2016-02-05,187.95,190.99,191.67,187.2,187.95,180788300,yahoo
2016-02-08,185.42,185.77,186.12,182.8,185.42,191526700,yahoo
2016-02-09,185.43,183.36,186.94,183.2,185.43,184513100,yahoo
2016-02-10,185.27,186.41,188.34,185.12,185.27,148214100,yahoo
2016-02-11,182.86,182.34,184.1,181.09,182.86,219058900,yahoo
2016-02-12,186.63,184.96,186.65,183.96,186.63,127632400,yahoo
2016-02-16,189.78,188.77,189.81,187.63,189.78,120250700,yahoo
2016-02-17,192.88,191.16,193.32,191.01,192.88,136009500,yahoo
2016-02-18,192.09,193.2,193.27,191.72,192.09,102343000,yahoo
2016-02-19,192.0,191.17,192.18,190.45,192.0,114793000,yahoo
2016-02-22,194.78,193.87,194.95,193.79,194.78,103640300,yahoo
2016-02-23,192.32,194.0,194.32,192.18,192.32,111455300,yahoo
2016-02-24,193.2,190.63,193.53,189.32,193.2,150812200,yahoo
2016-02-25,195.54,193.73,195.55,192.83,195.54,110728300,yahoo
2016-02-26,195.09,196.57,196.68,194.9,195.09,129833700,yahoo
2016-02-29,193.56,195.11,196.23,193.33,193.56,125918100,yahoo
2016-03-01,198.11,195.01,198.21,194.45,198.11,141799700,yahoo
2016-03-02,199.0,197.74,199.06,197.25,199.0,102415000,yahoo
2016-03-03,199.78,198.79,199.8,198.11,199.78,95172200,yahoo
2016-03-04,200.43,200.01,201.35,199.03,200.43,129293600,yahoo
2016-03-07,200.59,199.34,201.07,199.25,200.59,100219000,yahoo
2016-03-08,198.4,199.32,199.92,198.21,198.4,123974900,yahoo
2016-03-09,199.38,199.36,199.79,198.43,199.38,94801200,yahoo
2016-03-10,199.54,199.96,201.07,197.38,199.54,156838700,yahoo
2016-03-11,202.76,201.26,202.81,199.52,202.76,137964500,yahoo
2016-03-14,202.5,202.16,203.04,201.77,202.5,73612000,yahoo
2016-03-15,202.17,201.36,202.53,201.05,202.17,93169100,yahoo
2016-03-16,203.34,201.6,203.82,201.55,203.34,129303200,yahoo
2016-03-17,204.63,203.24,205.23,202.77,204.63,134278500,yahoo
2016-03-18,204.38,204.17,204.78,203.8,204.38,138372400,yahoo
2016-03-21,204.67,204.07,204.94,203.8,204.67,72926700,yahoo
2016-03-22,204.56,203.76,205.23,203.57,204.56,97471900,yahoo
2016-03-23,203.21,204.11,204.33,203.01,203.21,81052500,yahoo
2016-03-24,203.12,202.0,203.16,201.74,203.12,84360900,yahoo
2016-03-28,203.24,203.61,203.86,202.71,203.24,62408200,yahoo
2016-03-29,205.12,202.76,205.25,202.4,205.12,92922900,yahoo
2016-03-30,206.02,206.3,206.87,205.59,206.02,86365300,yahoo
2016-03-31,205.52,205.91,206.41,205.33,205.52,94584100,yahoo
2016-04-01,206.92,204.35,207.14,203.98,206.92,114423500,yahoo
2016-04-04,206.25,206.83,207.07,205.89,206.25,63497000,yahoo
2016-04-05,204.19,204.67,206.26,203.89,204.19,99662200,yahoo
2016-04-06,206.42,204.19,206.49,203.98,206.42,91839800,yahoo
2016-04-07,203.95,205.14,205.56,203.09,203.95,113859000,yahoo
2016-04-08,204.5,205.34,205.85,203.87,204.5,95040600,yahoo
2016-04-11,204.02,205.25,206.07,203.91,204.02,83757500,yahoo
2016-04-12,205.92,204.22,206.25,203.7,205.92,115350600,yahoo
2016-04-13,208.0,207.0,208.1,206.84,208.0,96336400,yahoo
2016-04-14,208.01,208.07,208.6,207.6,208.01,65212900,yahoo
2016-04-15,207.78,208.01,208.17,207.4,207.78,75761600,yahoo
2016-04-18,209.24,207.78,209.28,207.0,209.24,82531000,yahoo
2016-04-19,209.9,209.74,210.2,208.94,209.9,88316100,yahoo
2016-04-20,210.1,209.95,210.92,209.39,210.1,81100300,yahoo
2016-04-21,208.97,210.12,210.25,208.65,208.97,85695000,yahoo
2016-04-22,208.97,208.55,209.29,207.91,208.97,99251700,yahoo
2016-04-25,208.61,208.26,208.66,207.54,208.61,66166500,yahoo
2016-04-26,208.92,209.04,209.52,208.36,208.92,75864200,yahoo
2016-04-27,209.35,208.47,209.81,208.05,209.35,77329400,yahoo
2016-04-28,207.45,208.46,209.76,206.96,207.45,97216200,yahoo
2016-04-29,206.33,206.72,207.13,205.03,206.33,142424100,yahoo
2016-05-02,207.97,206.92,208.18,206.41,207.97,62188000,yahoo
2016-05-03,206.16,206.52,206.8,205.28,206.16,106422100,yahoo
2016-05-04,205.01,204.99,205.85,204.42,205.01,92243800,yahoo
2016-05-05,204.97,205.56,205.98,204.47,204.97,67619200,yahoo
2016-05-06,205.72,204.06,205.77,203.88,205.72,89315000,yahoo
2016-05-09,205.89,205.57,206.4,205.36,205.89,74374900,yahoo
2016-05-10,208.45,206.72,208.47,206.64,208.45,77472200,yahoo
2016-05-11,206.5,207.91,208.54,206.5,206.5,81727000,yahoo
2016-05-12,206.56,207.29,207.49,205.37,206.56,89586300,yahoo
2016-05-13,204.76,206.21,206.86,204.38,204.76,96474600,yahoo
2016-05-16,206.78,204.96,207.34,204.89,206.78,77486800,yahoo
2016-05-17,204.85,206.46,206.8,204.23,204.85,114924900,yahoo
2016-05-18,204.91,204.44,206.3,203.63,204.91,120062100,yahoo
2016-05-19,204.2,204.06,204.54,202.78,204.2,115430500,yahoo
2016-05-20,205.49,204.92,206.1,204.86,205.49,104990400,yahoo
2016-05-23,205.21,205.51,205.84,204.99,205.21,58682600,yahoo
2016-05-24,207.87,206.17,208.24,206.14,207.87,93537800,yahoo
2016-05-25,209.28,208.67,209.77,207.87,209.28,76621400,yahoo
2016-05-26,209.34,209.44,209.71,208.97,209.34,55280700,yahoo
2016-05-27,210.24,209.53,210.25,209.47,210.24,64211200,yahoo
2016-05-31,209.84,210.56,210.69,209.18,209.84,109879400,yahoo
2016-06-01,210.27,209.12,210.48,208.89,210.27,69936200,yahoo
2016-06-02,210.91,209.8,210.93,209.24,210.91,63044700,yahoo
2016-06-03,210.28,210.25,210.69,208.86,210.28,101757100,yahoo
2016-06-06,211.35,210.7,211.77,210.51,211.35,64887000,yahoo
2016-06-07,211.68,211.53,212.34,211.5,211.68,60974800,yahoo
2016-06-08,212.37,211.84,212.52,211.69,212.37,66170900,yahoo
2016-06-09,212.08,211.51,212.22,211.19,212.08,73786900,yahoo
2016-06-10,210.07,210.46,210.86,209.43,210.07,113829200,yahoo
2016-06-13,208.45,209.36,210.37,208.35,208.45,117751200,yahoo
2016-06-14,208.04,208.0,208.74,206.92,208.04,125059300,yahoo
2016-06-15,207.75,208.04,209.36,207.53,207.75,109124500,yahoo
2016-06-16,208.37,207.75,208.57,205.59,208.37,149533100,yahoo
2016-06-17,206.52,207.17,207.2,205.75,206.52,117055700,yahoo
2016-06-20,207.85,208.82,209.61,207.75,207.85,82789600,yahoo
2016-06-21,208.44,208.3,208.92,207.78,208.44,72461700,yahoo
2016-06-22,208.1,208.65,209.5,207.93,208.1,95560500,yahoo
2016-06-23,210.81,209.81,210.87,209.27,210.81,102731400,yahoo
2016-06-24,203.24,203.63,210.85,202.72,203.24,333444400,yahoo
2016-06-27,199.6,201.59,201.6,198.65,199.6,230775800,yahoo
2016-06-28,203.2,201.48,203.23,201.12,203.2,159382400,yahoo
2016-06-29,206.66,204.84,206.93,204.72,206.66,137328600,yahoo
2016-06-30,209.48,207.21,209.54,206.56,209.48,165021900,yahoo
2016-07-01,209.92,209.48,210.49,209.29,209.92,106055300,yahoo
2016-07-05,208.41,208.95,209.08,207.71,208.41,109803700,yahoo
2016-07-06,209.66,207.83,209.8,207.06,209.66,96021500,yahoo
2016-07-07,209.53,209.87,210.65,208.63,209.53,85593800,yahoo
2016-07-08,212.65,211.05,212.94,210.78,212.65,133971000,yahoo
2016-07-11,213.4,213.19,214.07,212.95,213.4,73633900,yahoo
2016-07-12,214.95,214.53,215.3,213.43,214.95,101275600,yahoo
2016-07-13,214.92,215.44,215.45,214.35,214.92,87324100,yahoo
2016-07-14,216.12,216.4,216.67,215.66,216.12,91230900,yahoo
2016-07-15,215.83,216.78,217.01,215.31,215.83,107155400,yahoo
2016-07-18,216.41,215.97,216.6,215.67,216.41,58725900,yahoo
2016-07-19,216.19,215.92,216.23,215.63,216.19,54345700,yahoo
2016-07-20,217.09,216.19,217.37,216.19,217.09,58159500,yahoo
2016-07-21,216.27,216.96,217.22,215.75,216.27,67777300,yahoo
2016-07-22,217.24,216.41,217.3,216.1,217.24,62787500,yahoo
2016-07-25,216.65,217.0,217.06,215.97,216.65,55873100,yahoo
2016-07-26,216.75,216.53,217.17,215.76,216.75,70080500,yahoo
2016-07-27,216.52,217.19,217.27,215.62,216.52,84083900,yahoo
2016-07-28,216.77,216.29,217.11,215.75,216.77,65035700,yahoo
2016-07-29,217.12,216.46,217.54,216.13,217.12,79519400,yahoo
2016-08-01,216.94,217.19,217.65,216.41,216.94,73311400,yahoo
2016-08-02,215.55,216.65,216.83,214.57,215.55,92295500,yahoo
2016-08-03,216.18,215.48,216.25,215.13,216.18,53993600,yahoo
2016-08-04,216.41,216.31,216.78,214.25,216.41,46585500,yahoo
2016-08-05,218.18,216.41,218.23,216.41,218.18,71892200,yahoo
2016-08-08,218.05,218.4,218.52,217.74,218.05,39906500,yahoo
2016-08-09,218.18,218.13,218.76,217.8,218.18,51251700,yahoo
2016-08-10,217.64,218.31,218.4,217.23,217.64,57941100,yahoo
2016-08-11,218.65,218.26,218.94,217.95,218.65,72504300,yahoo
2016-08-12,218.46,218.29,218.71,217.99,218.46,61313500,yahoo
2016-08-15,219.09,218.89,219.5,218.88,219.09,49813500,yahoo
2016-08-16,217.96,218.6,218.68,217.96,217.96,53213600,yahoo
2016-08-17,218.37,218.0,218.53,217.02,218.37,75134300,yahoo
2016-08-18,218.86,218.34,218.9,218.21,218.86,52989300,yahoo
2016-08-19,218.54,218.31,218.75,217.74,218.54,75443000,yahoo
2016-08-22,218.53,218.26,218.8,217.83,218.53,61368800,yahoo
2016-08-23,218.97,219.25,219.6,218.9,218.97,53399200,yahoo
2016-08-24,217.85,218.8,218.91,217.36,217.85,71728900,yahoo
2016-08-25,217.7,217.4,218.19,217.22,217.7,69224800,yahoo
2016-08-26,217.29,217.92,219.12,216.25,217.29,122506300,yahoo
2016-08-29,218.36,217.44,218.67,217.4,218.36,70502200,yahoo
2016-08-30,218.0,218.26,218.59,217.35,218.0,58114500,yahoo
2016-08-31,217.38,217.61,217.75,216.47,217.38,85269500,yahoo
2016-09-01,217.39,217.37,217.73,216.03,217.39,97844200,yahoo
2016-09-02,218.37,218.39,218.87,217.7,218.37,79293900,yahoo
2016-09-06,219.03,218.7,219.12,217.86,219.03,56702100,yahoo
2016-09-07,219.01,218.84,219.22,218.3,219.01,76554900,yahoo
2016-09-08,218.51,218.62,218.94,218.15,218.51,74102900,yahoo
2016-09-09,213.28,216.97,217.03,213.25,213.28,221589100,yahoo
2016-09-12,216.34,212.39,216.81,212.31,216.34,168110900,yahoo
2016-09-13,213.23,214.84,215.15,212.5,213.23,182828800,yahoo
2016-09-14,213.15,213.29,214.7,212.5,213.15,134185500,yahoo
2016-09-15,215.28,212.96,215.73,212.75,215.28,134427900,yahoo
2016-09-16,213.37,213.48,213.69,212.57,213.37,155236400,yahoo
2016-09-19,213.41,214.13,214.88,213.03,213.41,80250500,yahoo
2016-09-20,213.42,214.41,214.59,213.38,213.42,69665300,yahoo
2016-09-21,215.82,214.24,216.03,213.44,215.82,110284400,yahoo
2016-09-22,217.18,217.0,217.53,216.71,217.18,76678700,yahoo
2016-09-23,215.99,216.72,216.88,215.88,215.99,73630900,yahoo
2016-09-26,214.24,215.02,215.23,214.01,214.24,89827300,yahoo
2016-09-27,215.57,214.05,215.68,213.62,215.57,78494800,yahoo
2016-09-28,216.64,215.83,216.82,214.71,216.64,87411000,yahoo
2016-09-29,214.68,216.4,216.87,214.04,214.68,128070600,yahoo
2016-09-30,216.3,215.65,217.12,215.36,216.3,117202900,yahoo
2016-10-03,215.78,215.82,216.04,215.04,215.78,83512100,yahoo
2016-10-04,214.68,215.91,216.17,213.99,214.68,119948100,yahoo
2016-10-05,215.63,215.41,216.13,215.33,215.63,72816000,yahoo
2016-10-06,215.78,215.37,216.04,214.74,215.78,62927400,yahoo
2016-10-07,215.04,216.1,216.3,214.19,215.04,89788300,yahoo
2016-10-10,216.16,216.16,216.7,215.99,216.16,51855000,yahoo
2016-10-11,213.43,215.66,215.74,212.58,213.43,130367400,yahoo
2016-10-12,213.71,213.59,214.32,213.01,213.71,73866100,yahoo
2016-10-13,213.01,212.16,213.59,211.21,213.01,101357000,yahoo
2016-10-14,213.12,214.15,214.69,213.03,213.12,93346200,yahoo
2016-10-17,212.38,213.09,213.39,212.17,212.38,58275700,yahoo
2016-10-18,213.71,214.24,214.31,213.27,213.71,76869700,yahoo
2016-10-19,214.28,214.02,214.64,213.6,214.28,66519200,yahoo
2016-10-20,213.88,213.87,214.53,213.11,213.88,73639800,yahoo
2016-10-21,213.98,213.88,214.08,212.76,213.98,89089100,yahoo
2016-10-24,214.89,215.0,215.32,214.48,214.89,60146600,yahoo
2016-10-25,214.17,214.68,214.98,213.98,214.17,66542300,yahoo
2016-10-26,213.74,213.21,214.42,212.93,213.74,75705500,yahoo
2016-10-27,213.17,214.58,214.62,213.08,213.17,77220200,yahoo
2016-10-28,212.54,213.14,213.93,211.71,212.54,140623200,yahoo
2016-10-31,212.55,212.93,213.19,212.36,212.55,61272500,yahoo
2016-11-01,211.01,212.93,212.99,209.6,211.01,122781800,yahoo
2016-11-02,209.74,210.65,211.1,209.23,209.74,103330800,yahoo
2016-11-03,208.78,209.99,210.24,208.46,208.78,88939300,yahoo
2016-11-04,208.55,208.91,209.89,208.38,208.55,109122100,yahoo
2016-11-07,213.15,208.55,213.19,208.55,213.15,109794900,yahoo
2016-11-08,214.11,212.69,214.77,212.38,214.11,106772100,yahoo
2016-11-09,216.38,212.37,217.1,212.34,216.38,258429000,yahoo
2016-11-10,216.92,217.3,218.31,215.22,216.92,172113300,yahoo
2016-11-11,216.42,216.08,216.7,215.32,216.42,100552700,yahoo
2016-11-14,216.59,217.03,217.27,215.72,216.59,94580000,yahoo
2016-11-15,218.28,217.04,218.28,216.8,218.28,91652600,yahoo
2016-11-16,217.87,217.56,218.14,217.42,217.87,65617700,yahoo
2016-11-17,218.99,218.05,219.06,217.92,218.99,69797200,yahoo
2016-11-18,218.5,219.07,219.27,218.29,218.5,86265800,yahoo
2016-11-21,220.15,219.17,220.18,219.0,220.15,72402600,yahoo
2016-11-22,220.58,220.51,220.79,219.73,220.58,67429000,yahoo
2016-11-23,220.7,219.98,220.76,219.75,220.7,56620200,yahoo
2016-11-25,221.52,221.1,221.56,221.01,221.52,37872300,yahoo
2016-11-28,220.48,221.16,221.48,220.36,220.48,76572500,yahoo
2016-11-29,220.91,220.52,221.44,220.17,220.91,69886700,yahoo
2016-11-30,220.38,221.63,221.82,220.31,220.38,113291800,yahoo
2016-12-01,219.57,220.73,220.73,219.15,219.57,79040500,yahoo
2016-12-02,219.68,219.67,220.25,219.26,219.68,74840300,yahoo
2016-12-05,221.0,220.65,221.4,220.42,221.0,67837800,yahoo
2016-12-06,221.7,221.22,221.74,220.66,221.7,59877400,yahoo
2016-12-07,224.6,221.52,224.67,221.38,224.6,110738100,yahoo
2016-12-08,225.15,224.57,225.7,224.26,225.15,99714400,yahoo
2016-12-09,226.51,225.41,226.53,225.37,226.51,88005800,yahoo
2016-12-12,226.25,226.4,226.96,225.76,226.25,102016100,yahoo
2016-12-13,227.76,227.02,228.34,227.0,227.76,110477500,yahoo
2016-12-14,225.88,227.41,228.23,225.37,225.88,142501800,yahoo
2016-12-15,226.81,226.16,227.81,225.89,226.81,124972600,yahoo
2016-12-16,225.04,226.01,226.08,224.67,225.04,156420200,yahoo
2016-12-19,225.53,225.25,226.02,225.08,225.53,90341100,yahoo
2016-12-20,226.4,226.15,226.57,225.88,226.4,89838800,yahoo
2016-12-21,225.77,226.25,226.45,225.77,225.77,67909000,yahoo
2016-12-22,225.38,225.6,225.74,224.92,225.38,56219100,yahoo
2016-12-23,225.71,225.43,225.72,225.21,225.71,36697800,yahoo
2016-12-27,226.27,226.02,226.73,226.0,226.27,42672500,yahoo
2016-12-28,224.4,226.57,226.59,224.27,224.4,64095000,yahoo
2016-12-29,224.35,224.48,224.89,223.84,224.35,48696100,yahoo
2016-12-30,223.53,224.73,224.83,222.73,223.53,108998300,yahoo
2017-01-03,225.24,225.04,225.83,223.88,225.24,91366500,yahoo
2017-01-04,226.58,225.62,226.75,225.61,226.58,78744400,yahoo
2017-01-05,226.4,226.27,226.58,225.48,226.4,78379000,yahoo
2017-01-06,227.21,226.53,227.75,225.9,227.21,71559900,yahoo
2017-01-09,226.46,226.91,227.07,226.42,226.46,46939700,yahoo
2017-01-10,226.46,226.48,227.45,226.01,226.46,63771900,yahoo
2017-01-11,227.1,226.36,227.1,225.59,227.1,74650000,yahoo
2017-01-12,226.53,226.5,226.75,224.96,226.53,72113200,yahoo
2017-01-13,227.05,226.73,227.4,226.69,227.05,62717900,yahoo
2017-01-17,226.25,226.31,226.78,225.8,226.25,61240800,yahoo
2017-01-18,226.75,226.54,226.8,225.9,226.75,54793300,yahoo
2017-01-19,225.91,226.84,227.0,225.41,225.91,66608800,yahoo
2017-01-20,226.74,226.7,227.31,225.97,226.74,129168600,yahoo
2017-01-23,226.15,226.74,226.81,225.27,226.15,75061600,yahoo
2017-01-24,227.6,226.4,228.08,226.27,227.6,95555300,yahoo
2017-01-25,229.57,228.7,229.57,228.51,229.57,84437700,yahoo
2017-01-26,229.33,229.4,229.71,229.01,229.33,59970700,yahoo
2017-01-27,228.97,229.42,229.59,228.76,228.97,59711100,yahoo
2017-01-30,227.55,228.17,228.2,226.41,227.55,79737300,yahoo
2017-01-31,227.53,226.98,227.6,226.32,227.53,75880800,yahoo
2017-02-01,227.62,227.53,228.59,226.94,227.62,79117700,yahoo
2017-02-02,227.77,227.62,228.1,226.82,227.77,69657600,yahoo
2017-02-03,229.34,228.82,229.55,228.46,229.34,80563200,yahoo
2017-02-06,228.93,228.87,229.33,228.54,228.93,57790100,yahoo
2017-02-07,228.94,229.38,229.66,228.72,228.94,57931200,yahoo
2017-02-08,229.24,228.94,229.39,228.31,229.24,51566200,yahoo
2017-02-09,230.6,229.24,230.95,229.24,230.6,65955200,yahoo
2017-02-10,231.51,231.0,231.77,230.62,231.51,66015900,yahoo
2017-02-13,232.77,232.08,233.07,232.05,232.77,55182100,yahoo
2017-02-14,233.7,232.56,233.71,232.16,233.7,71109000,yahoo
2017-02-15,234.92,233.45,235.14,233.39,234.92,86785800,yahoo
2017-02-16,234.72,234.95,235.16,233.85,234.72,84722400,yahoo
2017-02-17,235.09,233.95,235.09,233.93,235.09,77204100,yahoo
2017-02-21,236.49,235.52,236.69,235.51,236.49,88946100,yahoo
2017-02-22,236.28,236.02,236.54,235.83,236.28,62115200,yahoo
2017-02-23,236.44,236.88,236.9,235.56,236.44,74615900,yahoo
2017-02-24,236.74,235.46,236.79,235.41,236.74,82381600,yahoo
2017-02-27,237.11,236.64,237.31,236.35,237.11,56515400,yahoo
2017-02-28,236.47,236.67,236.95,236.02,236.47,96961900,yahoo
2017-03-01,239.78,238.39,240.32,238.37,239.78,149158200,yahoo
2017-03-02,238.27,239.56,239.57,238.21,238.27,70246000,yahoo
2017-03-03,238.42,238.17,238.61,237.73,238.42,81974300,yahoo
2017-03-06,237.71,237.5,238.12,237.01,237.71,55391500,yahoo
2017-03-07,237.0,237.36,237.77,236.76,237.0,65103700,yahoo
2017-03-08,236.56,237.34,237.64,236.4,236.56,78168800,yahoo
2017-03-09,236.86,236.7,237.24,235.74,236.86,90683900,yahoo
2017-03-10,237.69,237.97,238.02,236.59,237.69,81991700,yahoo
2017-03-13,237.81,237.62,237.86,237.24,237.81,57256800,yahoo
2017-03-14,236.9,237.18,237.24,236.19,236.9,59880800,yahoo
2017-03-15,238.95,237.56,239.44,237.29,238.95,96081800,yahoo
2017-03-16,238.48,239.11,239.2,238.1,238.48,78344000,yahoo
2017-03-17,237.03,237.75,237.97,237.03,237.03,89002100,yahoo
2017-03-20,236.77,237.03,237.36,236.32,236.77,52537000,yahoo
2017-03-21,233.73,237.47,237.61,233.58,233.73,131809300,yahoo
2017-03-22,234.28,233.77,234.61,233.05,234.28,97569200,yahoo
2017-03-23,234.03,234.28,235.34,233.6,234.03,100410300,yahoo
2017-03-24,233.86,234.38,235.04,232.96,233.86,112504900,yahoo
2017-03-27,233.62,231.93,233.92,231.61,233.62,87454500,yahoo
2017-03-28,235.32,233.27,235.81,233.14,235.32,93483900,yahoo
2017-03-29,235.54,234.99,235.81,234.73,235.54,61950400,yahoo
2017-03-30,236.29,235.47,236.52,235.27,236.29,56737900,yahoo
2017-03-31,235.74,235.9,236.51,235.68,235.74,73733100,yahoo
2017-04-03,235.33,235.8,236.03,233.91,235.33,85546500,yahoo
2017-04-04,235.48,235.0,235.58,234.56,235.48,56466200,yahoo
2017-04-05,234.78,236.26,237.39,234.54,234.78,108800600,yahoo
2017-04-06,235.44,234.94,236.04,234.43,235.44,69135800,yahoo
2017-04-07,235.2,235.15,236.0,234.64,235.2,74412300,yahoo
2017-04-10,235.34,235.36,236.26,234.73,235.34,67615300,yahoo
2017-04-11,235.06,234.9,235.18,233.34,235.06,88045300,yahoo
2017-04-12,234.03,234.74,234.96,233.77,234.03,81864400,yahoo
2017-04-13,232.51,233.64,234.49,232.51,232.51,92880400,yahoo
2017-04-17,234.57,233.11,234.57,232.88,234.57,68405400,yahoo
2017-04-18,233.87,233.72,234.49,233.08,233.87,83225800,yahoo
2017-04-19,233.44,234.52,234.95,233.18,233.44,68699900,yahoo
2017-04-20,235.34,234.15,235.85,233.78,235.34,92572200,yahoo
2017-04-21,234.59,235.25,235.31,234.13,234.59,110389800,yahoo
2017-04-24,237.17,237.18,237.41,234.56,237.17,119209900,yahoo
2017-04-25,238.55,237.91,238.95,237.81,238.55,76698300,yahoo
2017-04-26,238.4,238.51,239.53,238.35,238.4,84702500,yahoo
2017-04-27,238.6,238.77,238.95,237.98,238.6,57410300,yahoo
2017-04-28,238.08,238.9,238.93,237.93,238.08,63532800,yahoo
2017-05-01,238.68,238.68,239.17,238.2,238.68,66882500,yahoo
2017-05-02,238.77,238.84,238.98,238.3,238.77,57375700,yahoo
2017-05-03,238.48,238.77,238.88,237.7,238.48,73137700,yahoo
2017-05-04,238.76,238.83,238.92,237.78,238.76,61462700,yahoo
2017-05-05,239.7,239.19,239.72,238.68,239.7,62001300,yahoo
2017-05-08,239.66,239.75,239.92,239.17,239.66,48385700,yahoo
2017-05-09,239.44,239.96,240.19,239.04,239.44,51363200,yahoo
2017-05-10,239.87,239.39,239.87,239.15,239.87,54293800,yahoo
2017-05-11,239.38,239.35,239.57,238.13,239.38,62358300,yahoo
2017-05-12,238.98,239.09,239.43,238.67,238.98,53912700,yahoo
2017-05-15,240.3,239.47,240.44,239.45,240.3,61918900,yahoo
2017-05-16,240.08,240.64,240.67,239.63,240.08,51241800,yahoo
2017-05-17,235.82,240.08,240.08,235.75,235.82,172174100,yahoo
2017-05-18,236.77,235.73,237.75,235.43,236.77,107047700,yahoo
2017-05-19,238.31,237.33,239.08,237.27,238.31,115011400,yahoo
2017-05-22,239.52,238.9,239.71,238.82,239.52,61010600,yahoo
2017-05-23,240.05,239.95,240.24,239.51,240.05,48341700,yahoo
2017-05-24,240.61,240.32,240.73,239.93,240.61,46927700,yahoo
2017-05-25,241.76,241.2,242.08,240.96,241.76,64071700,yahoo
2017-05-26,241.71,241.54,241.9,241.45,241.71,46629900,yahoo
2017-05-30,241.5,241.34,241.79,241.16,241.5,35201900,yahoo
2017-05-31,241.44,241.84,241.88,240.64,241.44,91796000,yahoo
2017-06-01,243.36,241.97,243.38,241.64,243.36,68962000,yahoo
2017-06-02,244.17,243.42,244.35,243.08,244.17,88666100,yahoo
2017-06-05,243.99,243.97,244.3,243.76,243.99,44698800,yahoo
2017-06-06,243.21,243.34,243.98,243.12,243.21,50375400,yahoo
2017-06-07,243.66,243.6,243.92,242.83,243.66,54144300,yahoo
2017-06-08,243.78,243.77,244.33,243.17,243.78,65950700,yahoo
2017-06-09,243.41,244.09,245.01,241.95,243.41,132256400,yahoo
2017-06-12,243.36,243.13,243.42,242.38,243.36,86108100,yahoo
2017-06-13,244.55,243.98,244.61,243.58,244.55,60067000,yahoo
2017-06-14,244.24,244.86,244.87,243.29,244.24,78602300,yahoo
2017-06-15,243.77,242.68,243.91,242.36,243.77,66464900,yahoo
2017-06-16,242.64,242.77,242.83,241.63,242.64,84553100,yahoo
2017-06-19,244.66,243.59,244.73,243.48,244.66,65123800,yahoo
2017-06-20,243.01,244.25,244.26,242.99,243.01,56906400,yahoo
2017-06-21,242.95,243.46,243.59,242.41,242.95,55977600,yahoo
2017-06-22,242.84,242.96,243.53,242.64,242.84,44148100,yahoo
2017-06-23,243.13,242.91,243.51,242.47,243.13,66986800,yahoo
2017-06-26,243.29,243.9,244.38,243.05,243.29,56700500,yahoo
2017-06-27,241.33,243.04,243.38,241.31,241.33,82247700,yahoo
2017-06-28,243.49,242.5,243.72,242.23,243.49,70042600,yahoo
2017-06-29,241.35,243.66,243.72,239.96,241.35,106949700,yahoo
2017-06-30,241.8,242.28,242.71,241.58,241.8,86820700,yahoo
2017-07-03,242.21,242.88,243.38,242.21,242.21,39153800,yahoo
2017-07-05,242.77,242.63,243.01,241.7,242.77,54427600,yahoo
2017-07-06,240.55,241.89,242.03,240.34,240.55,65400800,yahoo
2017-07-07,242.11,241.21,242.28,240.56,242.11,57972300,yahoo
2017-07-10,242.37,242.11,242.8,241.76,242.37,36663300,yahoo
2017-07-11,242.19,242.37,242.55,240.85,242.19,50354600,yahoo
2017-07-12,244.01,243.3,244.2,243.3,244.01,59610400,yahoo
2017-07-13,244.42,244.02,244.55,243.76,244.42,39471600,yahoo
2017-07-14,245.56,244.42,245.97,244.31,245.56,60262700,yahoo
2017-07-17,245.53,245.47,245.91,245.33,245.53,33531900,yahoo
2017-07-18,245.66,245.06,245.72,244.67,245.66,42742500,yahoo
2017-07-19,246.99,246.02,247.0,246.01,246.99,51034300,yahoo
2017-07-20,247.1,247.28,247.42,246.47,247.1,47135200,yahoo
2017-07-21,246.88,246.44,246.91,246.18,246.88,82340800,yahoo
2017-07-24,246.82,246.79,246.98,246.28,246.82,46622300,yahoo
2017-07-25,247.42,247.68,247.8,247.16,247.42,54915600,yahoo
2017-07-26,247.43,247.75,247.79,247.13,247.43,47575400,yahoo
2017-07-27,247.2,247.96,248.0,245.68,247.2,70766600,yahoo
2017-07-28,246.91,246.65,247.06,246.13,246.91,50088400,yahoo
2017-07-31,246.77,247.37,247.48,246.53,246.77,65838700,yahoo
2017-08-01,247.32,247.46,247.5,246.72,247.32,55050400,yahoo
2017-08-02,247.44,247.47,247.6,246.37,247.44,47211200,yahoo
2017-08-03,246.96,247.31,247.34,246.64,246.96,40856000,yahoo
2017-08-04,247.41,247.52,247.79,246.97,247.41,60191800,yahoo
2017-08-07,247.87,247.49,247.87,247.37,247.87,31995000,yahoo
2017-08-08,247.26,247.51,248.91,246.83,247.26,61719400,yahoo
2017-08-09,247.25,246.47,247.31,246.06,247.25,62632600,yahoo
2017-08-10,243.76,246.29,246.44,243.7,243.76,120479500,yahoo
2017-08-11,244.12,244.02,244.8,243.75,244.12,74869900,yahoo
2017-08-14,246.54,245.59,246.79,245.55,246.54,73291900,yahoo
2017-08-15,246.51,246.98,247.0,246.16,246.51,55242700,yahoo
2017-08-16,246.94,247.11,247.57,246.45,246.94,56715500,yahoo
2017-08-17,243.09,246.24,246.6,243.09,243.09,128490400,yahoo
2017-08-18,242.71,242.9,244.19,242.2,242.71,136748000,yahoo
2017-08-21,242.9,242.64,243.2,241.83,242.9,65469700,yahoo
2017-08-22,245.44,243.57,245.62,243.55,245.44,63140100,yahoo
2017-08-23,244.56,244.33,245.05,244.16,244.56,50203800,yahoo
2017-08-24,243.99,245.0,245.18,243.75,243.99,50741700,yahoo
2017-08-25,244.56,244.9,245.61,244.39,244.56,64445900,yahoo
2017-08-28,244.57,245.17,245.2,244.09,244.57,40565600,yahoo
2017-08-29,244.85,243.06,245.15,242.93,244.85,51135700,yahoo
2017-08-30,246.01,244.83,246.32,244.62,246.01,62030800,yahoo
2017-08-31,247.49,246.72,247.77,246.05,247.49,103803900,yahoo
2017-09-01,247.84,247.92,248.33,247.67,247.84,62007000,yahoo
2017-09-05,246.06,247.26,247.52,244.95,246.06,91398800,yahoo
2017-09-06,246.9,246.84,247.28,246.23,246.9,57916900,yahoo
2017-09-07,246.87,247.25,247.27,246.4,246.87,58034700,yahoo
2017-09-08,246.58,246.54,247.11,246.3,246.58,63832800,yahoo
2017-09-11,249.21,248.04,249.3,248.02,249.21,71364800,yahoo
2017-09-12,250.05,249.63,250.09,249.42,250.05,56896000,yahoo
2017-09-13,250.17,249.72,250.21,249.59,250.17,59228000,yahoo
2017-09-14,250.09,249.8,250.32,249.6,250.09,95446300,yahoo
2017-09-15,249.19,248.69,249.29,248.57,249.19,95432400,yahoo
2017-09-18,249.72,249.61,250.12,249.28,249.72,46235200,yahoo
2017-09-19,249.97,250.0,250.07,249.6,249.97,47108100,yahoo
2017-09-20,250.06,250.07,250.19,248.92,250.06,59574100,yahoo
2017-09-21,249.39,249.88,249.98,249.19,249.39,48211400,yahoo
2017-09-22,249.44,249.05,249.63,249.02,249.44,51214000,yahoo
2017-09-25,248.93,249.15,249.55,248.08,248.93,57064400,yahoo
2017-09-26,249.08,249.42,249.7,248.81,249.08,54082000,yahoo
2017-09-27,250.05,249.88,250.49,248.87,250.05,81001400,yahoo
2017-09-28,250.35,249.73,250.44,249.63,250.35,44778800,yahoo
2017-09-29,251.23,250.34,251.32,250.13,251.23,85578000,yahoo
2017-10-02,252.32,251.49,252.32,251.29,252.32,59023000,yahoo
2017-10-03,252.86,252.32,252.89,252.23,252.86,66810200,yahoo
2017-10-04,253.16,252.69,253.44,252.56,253.16,55953600,yahoo
2017-10-05,254.66,253.54,254.68,253.2,254.66,63522800,yahoo
2017-10-06,254.37,254.15,254.7,253.85,254.37,80646000,yahoo
2017-10-09,253.95,254.63,254.7,253.65,253.95,35803100,yahoo
2017-10-10,254.62,254.6,255.05,253.98,254.62,43057400,yahoo
2017-10-11,255.02,254.51,255.02,254.32,255.02,47674300,yahoo
2017-10-12,254.64,254.66,255.06,254.37,254.64,47065100,yahoo
2017-10-13,254.95,255.14,255.27,254.64,254.95,54800400,yahoo
2017-10-16,255.29,255.21,255.51,254.82,255.29,38221700,yahoo
2017-10-17,255.47,255.23,255.52,254.98,255.47,31561000,yahoo
2017-10-18,255.72,255.9,255.95,255.5,255.72,40888300,yahoo
2017-10-19,255.79,254.83,255.83,254.35,255.79,61903800,yahoo
2017-10-20,257.11,256.7,257.14,255.77,257.11,89176400,yahoo
2017-10-23,256.11,257.48,257.51,256.02,256.11,63915300,yahoo
2017-10-24,256.56,256.6,256.83,256.15,256.56,66935900,yahoo
2017-10-25,255.29,256.18,256.31,254.0,255.29,103715300,yahoo
2017-10-26,255.62,255.99,256.3,255.48,255.62,69798000,yahoo
2017-10-27,257.71,256.47,257.89,255.63,257.71,85562500,yahoo
2017-10-30,256.75,256.47,257.6,256.41,256.75,54285700,yahoo
2017-10-31,257.15,257.18,257.44,256.81,257.15,60304800,yahoo
2017-11-01,257.49,258.04,258.43,257.07,257.49,54202700,yahoo
2017-11-02,257.59,257.41,257.75,256.19,257.59,56449500,yahoo
2017-11-03,258.45,257.77,258.5,257.3,258.45,59589700,yahoo
2017-11-06,258.85,258.3,259.0,258.22,258.85,49652600,yahoo
2017-11-07,258.67,258.97,259.35,258.09,258.67,57502200,yahoo
2017-11-08,259.11,258.47,259.22,258.15,259.11,50469600,yahoo
2017-11-09,258.17,257.73,258.39,256.36,258.17,95085500,yahoo
2017-11-10,258.09,257.73,258.29,257.37,258.09,59984700,yahoo
2017-11-13,258.33,257.31,258.59,257.27,258.33,50228600,yahoo
2017-11-14,257.73,257.41,257.85,256.52,257.73,61315200,yahoo
2017-11-15,256.44,256.62,257.22,255.63,256.44,80811500,yahoo
2017-11-16,258.62,257.52,259.04,257.47,258.62,67777000,yahoo
2017-11-17,257.86,258.22,258.59,257.77,257.86,75756800,yahoo
2017-11-20,258.3,258.14,258.52,257.86,258.3,48075500,yahoo
2017-11-21,259.99,259.18,260.2,258.26,259.99,69176800,yahoo
2017-11-22,259.76,260.0,260.15,259.57,259.76,45033400,yahoo
2017-11-24,260.36,260.32,260.48,260.16,260.36,27856500,yahoo
2017-11-27,260.23,260.41,260.75,260.0,260.23,52274900,yahoo
2017-11-28,262.87,260.76,262.9,260.65,262.87,98971700,yahoo
2017-11-29,262.71,263.02,263.63,262.2,262.71,77512100,yahoo
2017-11-30,265.01,263.76,266.05,263.67,265.01,127894400,yahoo
2017-12-01,264.46,264.76,265.31,260.76,264.46,164390900,yahoo
2017-12-04,264.14,266.31,266.8,264.08,264.14,94040600,yahoo
2017-12-05,263.19,263.19,265.15,263.04,263.19,77994500,yahoo
2017-12-06,263.24,263.3,263.73,262.71,263.24,75898600,yahoo
2017-12-07,264.07,264.07,264.43,262.94,264.07,77218600,yahoo
2017-12-08,265.51,265.16,265.52,264.03,265.51,76563900,yahoo
2017-12-11,266.31,266.31,266.38,265.48,266.31,83077500,yahoo
2017-12-12,266.78,267.21,267.32,266.35,266.78,85195800,yahoo
2017-12-13,266.75,267.06,267.56,266.65,266.75,102905400,yahoo
2017-12-14,265.66,267.09,267.22,265.6,265.66,100666700,yahoo
2017-12-15,266.51,265.45,267.04,265.39,266.51,144610300,yahoo
2017-12-18,268.2,268.1,268.6,267.98,268.2,83653600,yahoo
2017-12-19,267.17,268.48,268.53,267.09,267.17,82382900,yahoo
2017-12-20,267.03,268.27,268.33,266.69,267.03,76751500,yahoo
2017-12-21,267.58,267.74,268.39,267.3,267.58,67032300,yahoo
2017-12-22,267.51,267.6,267.64,266.9,267.51,78720900,yahoo
2017-12-26,267.19,267.05,267.44,266.89,267.19,45244400,yahoo
2017-12-27,267.32,267.38,267.73,267.01,267.32,57751000,yahoo
2017-12-28,267.87,267.89,267.92,267.45,267.87,45116100,yahoo
2017-12-29,266.86,268.53,268.55,266.64,266.86,96007400,yahoo
2018-01-02,268.77,267.84,268.81,267.4,268.77,86655700,yahoo
2018-01-03,270.47,268.96,270.64,268.96,270.47,90070400,yahoo
2018-01-04,271.61,271.2,272.16,270.54,271.61,80636400,yahoo
2018-01-05,273.42,272.51,273.56,271.95,273.42,83524000,yahoo
2018-01-08,273.92,273.31,274.1,272.98,273.92,57319200,yahoo
2018-01-09,274.54,274.4,275.25,274.08,274.54,57254000,yahoo
2018-01-10,274.12,273.68,274.42,272.92,274.12,69574300,yahoo
2018-01-11,276.12,274.75,276.12,274.56,276.12,62361500,yahoo
2018-01-12,277.92,276.42,278.11,276.08,277.92,90816100,yahoo
2018-01-16,276.97,279.35,280.09,276.18,276.97,106555100,yahoo
2018-01-17,279.61,278.03,280.05,276.97,279.61,113258800,yahoo
2018-01-18,279.14,279.48,279.96,278.58,279.14,100728000,yahoo
2018-01-19,280.41,279.8,280.41,279.14,280.41,140920100,yahoo
2018-01-22,282.69,280.17,282.69,280.11,282.69,91322400,yahoo
2018-01-23,283.29,282.74,283.62,282.37,283.29,97084700,yahoo
2018-01-24,283.18,284.02,284.7,281.84,283.18,134816100,yahoo
2018-01-25,283.3,284.16,284.27,282.4,283.3,84587300,yahoo
2018-01-26,286.58,284.25,286.63,283.96,286.58,107743100,yahoo
2018-01-29,284.68,285.93,286.43,284.5,284.68,90118300,yahoo
2018-01-30,281.76,282.6,284.74,281.22,281.76,131796400,yahoo
2018-01-31,281.9,282.73,283.3,280.68,281.9,108364800,yahoo
2018-02-01,281.58,281.07,283.06,280.68,281.58,90102500,yahoo
2018-02-02,275.45,280.08,280.23,275.41,275.45,173174800,yahoo
2018-02-05,263.93,273.45,275.85,263.31,263.93,294681800,yahoo
2018-02-06,269.13,259.94,269.7,258.7,269.13,355026800,yahoo
2018-02-07,267.67,268.5,272.36,267.58,267.67,167376100,yahoo
2018-02-08,257.63,268.01,268.17,257.59,257.63,246449500,yahoo
2018-02-09,261.5,260.8,263.61,252.92,261.5,283565300,yahoo
2018-02-12,265.34,263.83,267.01,261.66,265.34,143736000,yahoo
2018-02-13,266.0,263.97,266.62,263.31,266.0,81223600,yahoo
2018-02-14,269.59,264.31,270.0,264.3,269.59,120735700,yahoo
2018-02-15,273.03,271.57,273.04,268.77,273.03,111200300,yahoo
2018-02-16,273.11,272.32,275.32,272.27,273.11,160420100,yahoo
2018-02-20,271.4,272.03,273.67,270.5,271.4,86369700,yahoo
2018-02-21,270.05,271.9,274.72,269.94,270.05,98883700,yahoo
2018-02-22,270.4,271.1,273.05,269.64,270.4,110511300,yahoo
2018-02-23,274.71,271.79,274.71,271.25,274.71,92766400,yahoo
2018-02-26,277.9,275.93,278.01,275.26,277.9,86491400,yahoo
2018-02-27,274.43,278.11,278.92,274.36,274.43,99099200,yahoo
2018-02-28,271.65,275.68,276.19,271.29,271.65,121907800,yahoo
2018-03-01,267.7,271.41,273.17,266.0,267.7,176855100,yahoo
2018-03-02,269.08,265.8,269.72,264.82,269.08,139083200,yahoo
2018-03-05,272.19,267.73,272.89,267.61,272.19,97307400,yahoo
2018-03-06,272.88,273.3,273.39,271.18,272.88,79213200,yahoo
2018-03-07,272.78,270.42,273.18,270.2,272.78,87063500,yahoo
2018-03-08,274.1,273.55,274.24,272.42,274.1,66901200,yahoo
2018-03-09,278.87,275.7,278.87,275.34,278.87,113625300,yahoo
2018-03-12,278.52,279.2,279.91,278.08,278.52,71924800,yahoo
2018-03-13,276.72,279.84,280.41,276.03,276.72,91968900,yahoo
2018-03-14,275.3,277.81,278.02,274.67,275.3,105895100,yahoo
2018-03-15,275.0,275.88,276.61,274.43,275.0,83433000,yahoo
2018-03-16,274.2,274.5,275.39,274.14,274.2,100343700,yahoo
2018-03-19,270.49,273.35,274.4,268.62,270.49,109208400,yahoo
2018-03-20,270.95,270.94,271.67,270.18,270.95,59757300,yahoo
2018-03-21,270.43,270.9,273.27,270.19,270.43,78709600,yahoo
2018-03-22,263.67,267.91,268.87,263.36,263.67,148785900,yahoo
2018-03-23,258.05,264.17,264.54,257.83,258.05,183534800,yahoo
2018-03-26,265.11,262.13,265.43,259.41,265.11,141956100,yahoo
2018-03-27,260.6,266.17,266.77,258.84,260.6,129941400,yahoo
2018-03-28,259.83,260.75,262.64,258.58,259.83,146452300,yahoo
2018-03-29,263.15,261.12,265.26,259.84,263.15,111601600,yahoo
2018-04-02,257.47,262.55,263.13,254.67,257.47,186286300,yahoo
2018-04-03,260.77,258.87,261.31,256.84,260.77,119956900,yahoo
2018-04-04,263.56,256.75,264.36,256.6,263.56,123715300,yahoo
2018-04-05,265.64,265.55,266.64,264.32,265.64,82652600,yahoo
2018-04-06,259.72,263.42,265.11,258.0,259.72,179521200,yahoo
2018-04-09,261.0,261.37,264.84,259.94,261.0,105442900,yahoo
2018-04-10,265.15,264.27,266.04,262.98,265.15,103529000,yahoo
2018-04-11,263.76,263.47,265.64,263.39,263.76,91140200,yahoo
2018-04-12,265.93,265.26,267.0,265.06,265.93,68890500,yahoo
2018-04-13,265.15,267.41,267.54,264.01,265.15,85079200,yahoo
2018-04-16,267.33,267.0,268.2,266.07,267.33,63405300,yahoo
2018-04-17,270.19,269.33,270.87,268.75,270.19,64682000,yahoo
2018-04-18,270.39,270.69,271.3,269.87,270.39,57303900,yahoo
2018-04-19,268.89,269.65,269.88,267.72,268.89,77655900,yahoo
2018-04-20,266.61,268.81,269.06,265.61,266.61,99953100,yahoo
2018-04-23,266.57,267.26,267.89,265.35,266.57,65558000,yahoo
2018-04-24,262.98,267.73,267.98,261.28,262.98,112885500,yahoo
2018-04-25,263.63,262.91,264.13,260.85,263.63,103840900,yahoo
2018-04-26,266.31,264.79,267.25,264.29,266.31,67731900,yahoo
2018-04-27,266.56,267.0,267.34,265.5,266.56,57053600,yahoo
2018-04-30,264.51,267.26,267.89,264.43,264.51,82182300,yahoo
2018-05-01,264.98,263.87,265.1,262.11,264.98,74203400,yahoo
2018-05-02,263.2,264.76,265.68,262.76,263.2,86368900,yahoo
2018-05-03,262.62,262.26,263.36,259.05,262.62,136311500,yahoo
2018-05-04,266.02,261.52,266.79,261.15,266.02,91222100,yahoo
2018-05-07,266.92,266.89,268.02,266.11,266.92,55304900,yahoo
2018-05-08,266.92,266.5,267.33,265.15,266.92,67499200,yahoo
2018-05-09,269.5,267.68,269.87,267.09,269.5,59666100,yahoo
2018-05-10,272.02,270.34,272.39,270.22,272.02,72063900,yahoo
2018-05-11,272.85,272.16,273.15,271.58,272.85,59871500,yahoo
2018-05-14,272.98,273.34,274.08,272.36,272.98,54790600,yahoo
2018-05-15,271.1,271.59,271.61,270.03,271.1,87036100,yahoo
2018-05-16,272.24,271.14,272.76,271.11,272.24,53942600,yahoo
2018-05-17,272.01,271.94,273.23,271.13,272.01,56536400,yahoo
2018-05-18,271.33,271.62,272.03,270.93,271.33,64368000,yahoo
2018-05-21,273.37,273.01,273.98,272.57,273.37,58025900,yahoo
2018-05-22,272.61,273.96,274.25,272.24,272.61,52966400,yahoo
2018-05-23,273.36,271.17,273.39,270.99,273.36,64694200,yahoo
2018-05-24,272.8,272.91,273.22,270.78,272.8,76043800,yahoo
2018-05-25,272.15,272.15,272.86,271.58,272.15,56374800,yahoo
2018-05-29,269.02,270.31,271.17,267.76,269.02,115908600,yahoo
2018-05-30,272.61,270.5,273.11,270.42,272.61,69678400,yahoo
2018-05-31,270.94,272.15,272.49,270.26,270.94,93519900,yahoo
2018-06-01,273.6,272.41,273.94,272.33,273.6,71258400,yahoo
2018-06-04,274.9,274.53,275.19,274.26,274.9,45385200,yahoo
2018-06-05,275.1,275.05,275.53,274.18,275.1,51135000,yahoo
2018-06-06,277.4,275.79,277.52,275.09,277.4,62732200,yahoo
2018-06-07,277.37,277.95,278.28,276.34,277.37,72969400,yahoo
2018-06-08,278.19,276.85,278.25,276.66,278.19,72139700,yahoo
2018-06-11,278.56,278.44,279.37,278.31,278.56,58892500,yahoo
2018-06-12,278.92,279.03,279.33,278.19,278.92,72329000,yahoo
2018-06-13,278.03,279.19,279.48,277.8,278.03,79070600,yahoo
2018-06-14,278.73,279.01,279.33,278.06,278.73,77097600,yahoo
2018-06-15,277.13,276.6,277.51,275.35,277.13,120041600,yahoo
2018-06-18,276.56,275.49,276.7,274.95,276.56,52917600,yahoo
2018-06-19,275.5,274.0,275.75,273.53,275.5,97531500,yahoo
2018-06-20,275.97,276.27,276.72,275.59,275.97,53785500,yahoo
2018-06-21,274.24,275.96,275.98,273.68,274.24,71061400,yahoo
2018-06-22,274.74,275.66,275.79,274.49,274.74,54898500,yahoo
2018-06-25,271.0,273.44,273.62,269.1,271.0,137854200,yahoo
2018-06-26,271.6,271.64,272.56,270.79,271.6,68547400,yahoo
2018-06-27,269.35,272.26,273.87,269.18,269.35,105110700,yahoo
2018-06-28,270.89,269.29,271.75,268.49,270.89,76650500,yahoo
2018-06-29,271.28,272.12,273.66,271.15,271.28,97592500,yahoo
2018-07-02,271.86,269.51,272.04,269.24,271.86,63554800,yahoo
2018-07-03,270.9,272.87,272.98,270.42,270.9,42187100,yahoo
2018-07-05,273.11,272.17,273.18,270.96,273.11,56925900,yahoo
2018-07-06,275.42,273.14,275.84,272.71,275.42,66493700,yahoo
2018-07-09,277.9,276.55,277.96,276.5,277.9,50550400,yahoo
2018-07-10,278.9,278.41,279.01,278.08,278.9,51966800,yahoo
2018-07-11,276.86,277.15,278.04,276.52,276.86,77054700,yahoo
2018-07-12,279.37,278.28,279.43,277.6,279.37,60124700,yahoo
2018-07-13,279.59,279.17,279.93,278.66,279.59,48216000,yahoo
2018-07-16,279.34,279.64,279.8,278.84,279.34,48201000,yahoo
2018-07-17,280.47,278.47,280.91,278.41,280.47,52315500,yahoo
2018-07-18,281.06,280.56,281.18,280.06,281.06,44593500,yahoo
2018-07-19,280.0,280.31,280.74,279.46,280.0,61412100,yahoo
2018-07-20,279.68,279.77,280.48,279.5,279.68,82337700,yahoo
2018-07-23,280.2,279.45,280.43,279.06,280.2,47047600,yahoo
2018-07-24,281.61,281.79,282.56,280.63,281.61,68026900,yahoo
2018-07-25,284.01,281.33,284.37,281.28,284.01,78882900,yahoo
2018-07-26,283.34,283.2,284.11,283.09,283.34,57919500,yahoo
2018-07-27,281.42,283.71,283.82,280.38,281.42,76768700,yahoo
2018-07-30,279.95,281.51,281.69,279.36,279.95,63742500,yahoo
2018-07-31,281.33,280.81,282.02,280.38,281.33,68570500,yahoo
2018-08-01,280.86,281.56,282.13,280.13,280.86,53853300,yahoo
2018-08-02,282.39,279.39,282.58,279.16,282.39,63426400,yahoo
2018-08-03,283.6,282.53,283.66,282.33,283.6,53935400,yahoo
2018-08-06,284.64,283.64,284.99,283.2,284.64,39400900,yahoo
2018-08-07,285.58,285.39,286.01,285.24,285.58,43196600,yahoo
2018-08-08,285.46,285.39,285.91,284.94,285.46,42114600,yahoo
2018-08-09,285.07,285.53,285.97,284.92,285.07,35717000,yahoo
2018-08-10,283.16,283.45,284.06,282.36,283.16,77076000,yahoo
2018-08-13,282.1,283.47,284.16,281.77,282.1,65732900,yahoo
2018-08-14,283.9,282.92,284.17,282.48,283.9,43842000,yahoo
2018-08-15,281.78,282.38,282.54,280.16,281.78,102925400,yahoo
2018-08-16,284.06,283.4,285.04,283.36,284.06,69967900,yahoo
2018-08-17,285.06,283.83,285.56,283.37,285.06,65618500,yahoo
2018-08-20,285.67,285.57,285.97,285.06,285.67,39807500,yahoo
2018-08-21,286.34,286.25,287.31,285.71,286.34,67272000,yahoo
2018-08-22,286.17,285.88,286.76,285.58,286.17,44993300,yahoo
2018-08-23,285.79,285.97,286.94,285.43,285.79,49204900,yahoo
2018-08-24,287.51,286.44,287.67,286.38,287.51,57487400,yahoo
2018-08-27,289.78,288.86,289.9,288.68,289.78,57072400,yahoo
2018-08-28,289.92,290.3,290.42,289.4,289.92,46943500,yahoo
2018-08-29,291.48,290.16,291.74,289.89,291.48,61485500,yahoo
2018-08-30,290.3,290.94,291.36,289.63,290.3,61229500,yahoo
2018-08-31,290.31,289.84,290.81,289.29,290.31,66140800,yahoo
2018-09-04,289.81,289.84,290.21,288.68,289.81,57594400,yahoo
2018-09-05,289.03,289.41,289.64,287.89,289.03,72452400,yahoo
2018-09-06,288.16,289.15,289.49,287.0,288.16,65909900,yahoo
2018-09-07,287.6,286.98,288.7,286.71,287.6,73524800,yahoo
2018-09-10,288.1,288.74,289.04,287.88,288.1,50210900,yahoo
2018-09-11,289.05,287.37,289.55,286.98,289.05,50530500,yahoo
2018-09-12,289.12,289.06,289.8,288.23,289.12,59810800,yahoo
2018-09-13,290.83,290.32,291.04,290.0,290.83,51034200,yahoo
2018-09-14,290.88,291.06,291.27,290.0,290.88,55079900,yahoo
2018-09-17,289.34,290.82,290.86,289.03,289.34,68244000,yahoo
2018-09-18,290.91,289.58,291.58,289.55,290.91,61930400,yahoo
2018-09-19,291.22,290.97,291.69,290.83,291.22,49080600,yahoo
2018-09-20,293.58,292.64,293.94,291.24,293.58,100360600,yahoo
2018-09-21,291.99,293.09,293.22,291.81,291.99,105479700,yahoo
2018-09-24,291.02,291.34,291.5,290.37,291.02,53409600,yahoo
2018-09-25,290.75,291.53,291.65,290.48,290.75,44370000,yahoo
2018-09-26,289.88,290.91,292.24,289.41,289.88,79739700,yahoo
2018-09-27,290.69,290.41,291.91,290.1,290.69,59249500,yahoo
2018-09-28,290.72,289.99,291.28,289.95,290.72,70091400,yahoo
2018-10-01,291.73,292.11,292.93,290.98,291.73,62078900,yahoo
2018-10-02,291.56,291.56,292.36,291.14,291.56,47258200,yahoo
2018-10-03,291.72,292.74,293.21,291.32,291.72,64694600,yahoo
2018-10-04,289.44,291.18,291.24,287.66,289.44,111545900,yahoo
2018-10-05,287.82,289.69,290.27,286.22,287.82,105951700,yahoo
2018-10-08,287.82,287.05,288.22,285.5,287.82,87742200,yahoo
2018-10-09,287.4,287.39,288.86,286.77,287.4,74339000,yahoo
2018-10-10,278.3,286.83,286.91,277.88,278.3,214731000,yahoo
2018-10-11,272.17,277.08,278.9,270.36,272.17,274840500,yahoo
2018-10-12,275.95,276.77,277.09,272.37,275.95,183186500,yahoo
2018-10-15,274.4,275.55,277.04,274.3,274.4,102263700,yahoo
2018-10-16,280.4,276.6,280.82,276.07,280.4,118255800,yahoo
2018-10-17,280.45,280.44,281.15,277.56,280.45,110626000,yahoo
2018-10-18,276.4,279.4,280.07,274.97,276.4,134557500,yahoo
2018-10-19,276.25,277.13,279.3,275.47,276.25,139901600,yahoo
2018-10-22,275.01,277.0,277.36,274.41,275.01,82415800,yahoo
2018-10-23,273.61,270.95,274.87,268.61,273.61,146352700,yahoo
2018-10-24,265.32,273.33,273.76,264.7,265.32,177806700,yahoo
2018-10-25,270.08,267.38,271.81,266.23,270.08,138061500,yahoo
2018-10-26,265.33,265.92,271.0,262.29,265.33,201574600,yahoo
2018-10-29,263.86,268.8,270.25,259.85,263.86,160749100,yahoo
2018-10-30,267.77,263.67,268.12,263.12,267.77,157116000,yahoo
2018-10-31,270.63,270.65,273.23,270.12,270.63,128296300,yahoo
2018-11-01,273.51,271.6,273.73,270.38,273.51,99495000,yahoo
2018-11-02,271.89,274.75,275.23,269.59,271.89,122634100,yahoo
2018-11-05,273.39,272.44,274.01,271.35,273.39,65622500,yahoo
2018-11-06,275.12,273.32,275.3,273.25,275.12,60085900,yahoo
2018-11-07,281.01,277.56,281.1,277.08,281.01,102752100,yahoo
2018-11-08,280.5,280.11,281.22,279.22,280.5,65584900,yahoo
2018-11-09,277.76,279.03,279.24,276.18,277.76,98812600,yahoo
2018-11-12,272.57,277.19,277.46,271.99,272.57,99673600,yahoo
2018-11-13,272.06,273.09,275.33,271.25,272.06,98176600,yahoo
2018-11-14,270.2,274.16,274.61,268.45,270.2,125335900,yahoo
2018-11-15,273.02,268.78,273.54,267.01,273.02,135101400,yahoo
2018-11-16,273.73,271.79,274.75,271.21,273.73,126668000,yahoo
2018-11-19,269.1,273.05,273.38,268.07,269.1,103061700,yahoo
2018-11-20,264.12,265.36,267.0,263.15,264.12,136021300,yahoo
2018-11-21,265.02,265.86,267.15,265.01,265.02,75563700,yahoo
2018-11-23,263.25,263.18,264.82,263.07,263.25,42807900,yahoo
2018-11-26,267.5,265.78,267.75,265.34,267.5,79981400,yahoo
2018-11-27,268.4,266.34,268.4,265.66,268.4,75502400,yahoo
2018-11-28,274.58,269.6,274.58,268.33,274.58,127629600,yahoo
2018-11-29,273.98,273.71,275.55,272.43,273.98,82346400,yahoo
2018-11-30,275.65,273.81,276.28,273.45,275.65,98204200,yahoo
2018-12-03,279.3,280.28,280.4,277.51,279.3,103176300,yahoo
2018-12-04,270.25,278.37,278.85,269.9,270.25,177986000,yahoo
2018-12-06,269.84,265.92,269.97,262.44,269.84,204185400,yahoo
2018-12-07,263.57,269.46,271.22,262.63,263.57,161018900,yahoo
2018-12-10,264.07,263.37,265.16,258.62,264.07,151445900,yahoo
2018-12-11,264.13,267.66,267.87,262.48,264.13,121504400,yahoo
2018-12-12,265.46,267.47,269.0,265.37,265.46,97976700,yahoo
2018-12-13,265.37,266.52,267.49,264.12,265.37,96662700,yahoo
2018-12-14,260.47,262.96,264.03,259.85,260.47,116961100,yahoo
2018-12-17,255.36,259.4,260.65,253.53,255.36,165492300,yahoo
2018-12-18,255.08,257.2,257.95,253.28,255.08,134515100,yahoo
2018-12-19,251.26,255.17,259.4,249.35,251.26,214992800,yahoo
2018-12-20,247.17,249.86,251.62,244.65,247.17,252053400,yahoo
2018-12-21,240.7,246.74,249.71,239.98,240.7,255345600,yahoo
2018-12-24,234.34,239.04,240.84,234.27,234.34,147311600,yahoo
2018-12-26,246.18,235.97,246.18,233.76,246.18,218485400,yahoo
2018-12-27,248.07,242.57,248.29,238.96,248.07,186267300,yahoo
2018-12-28,247.75,249.58,251.4,246.45,247.75,153100200,yahoo
2018-12-31,249.92,249.56,250.19,247.47,249.92,144299400,yahoo
2019-01-02,250.18,245.98,251.21,245.95,250.18,126925200,yahoo
2019-01-03,244.21,248.23,248.57,243.67,244.21,144140700,yahoo
2019-01-04,252.39,247.59,253.11,247.17,252.39,142628800,yahoo
2019-01-07,254.38,252.69,255.95,251.69,254.38,103139100,yahoo
2019-01-08,256.77,256.82,257.31,254.0,256.77,102512600,yahoo
2019-01-09,257.97,257.56,258.91,256.19,257.97,95006600,yahoo
2019-01-10,258.88,256.26,259.16,255.5,258.88,96823900,yahoo
2019-01-11,258.98,257.68,259.01,257.03,258.98,73858100,yahoo
2019-01-14,257.4,256.86,258.3,256.41,257.4,70908200,yahoo
2019-01-15,260.35,257.82,260.7,257.81,260.35,85208300,yahoo
2019-01-16,260.98,260.83,261.97,260.6,260.98,77636700,yahoo
2019-01-17,262.96,260.01,263.92,259.96,262.96,96118400,yahoo
2019-01-18,266.46,264.98,266.98,263.0,266.46,127900300,yahoo
2019-01-22,262.86,264.82,265.06,261.06,262.86,115531200,yahoo
2019-01-23,263.41,264.01,264.79,260.66,263.41,86030300,yahoo
2019-01-24,263.55,263.21,264.2,262.08,263.55,59204100,yahoo
2019-01-25,265.78,265.61,266.7,263.66,265.78,96883400,yahoo
2019-01-28,263.76,263.39,263.83,261.79,263.76,85613700,yahoo
2019-01-29,263.41,263.92,264.55,262.48,263.41,66136300,yahoo
2019-01-30,267.58,265.1,268.52,264.25,267.58,92473700,yahoo
2019-01-31,269.93,267.51,270.47,267.27,269.93,104012100,yahoo
2019-02-01,270.06,270.15,271.2,269.18,270.06,85782500,yahoo
2019-02-04,271.96,270.11,272.03,269.36,271.96,60744800,yahoo
2019-02-05,273.1,272.44,273.44,271.88,273.1,79552800,yahoo
2019-02-06,272.74,272.79,273.34,271.92,272.74,58347800,yahoo
2019-02-07,270.14,270.94,271.55,268.29,270.14,95482000,yahoo
2019-02-08,270.47,268.75,270.58,267.83,270.47,75788900,yahoo
2019-02-11,270.62,271.2,271.49,270.03,270.62,68021400,yahoo
2019-02-12,274.1,272.42,274.52,272.34,274.1,72270200,yahoo
2019-02-13,274.99,275.03,275.93,274.56,274.99,65277200,yahoo
2019-02-14,274.38,273.78,275.64,272.87,274.38,83234400,yahoo
2019-02-15,277.37,276.36,277.41,276.13,277.37,97088700,yahoo
2019-02-19,277.85,276.48,278.58,276.47,277.85,59120800,yahoo
2019-02-20,278.41,277.81,278.92,277.25,278.41,76610800,yahoo
2019-02-21,277.42,277.7,278.1,276.35,277.42,64214700,yahoo
2019-02-22,279.14,278.11,279.36,277.4,279.14,78114600,yahoo
2019-02-25,279.52,280.73,281.31,279.43,279.52,69030700,yahoo
2019-02-26,279.32,279.13,280.3,278.9,279.32,56844100,yahoo
2019-02-27,279.2,278.52,279.59,277.48,279.2,56921600,yahoo
2019-02-28,278.68,278.96,279.45,278.32,278.68,69268300,yahoo
2019-03-01,280.42,280.44,280.88,278.82,280.42,78880500,yahoo
2019-03-04,279.4,281.6,281.87,276.84,279.4,106494600,yahoo
2019-03-05,279.02,279.54,279.76,278.41,279.02,59114600,yahoo
2019-03-06,277.33,279.15,279.16,276.97,277.33,75039800,yahoo
2019-03-07,275.01,276.83,276.99,274.07,275.01,94885100,yahoo
2019-03-08,274.46,272.94,274.65,272.42,274.46,85795800,yahoo
2019-03-11,278.44,275.26,278.62,275.23,278.44,65098900,yahoo
2019-03-12,279.49,279.06,280.07,278.85,279.49,79667500,yahoo
2019-03-13,281.34,280.48,282.38,280.3,281.34,80639200,yahoo
2019-03-14,281.16,281.37,281.84,280.67,281.16,67518400,yahoo
2019-03-15,281.31,280.54,282.21,280.33,281.31,81309000,yahoo
2019-03-18,282.33,281.55,282.66,281.3,282.33,62199800,yahoo
2019-03-19,282.4,283.51,284.36,281.41,282.4,90268100,yahoo
2019-03-20,281.55,282.16,283.5,280.32,281.55,84609200,yahoo
2019-03-21,284.73,280.64,285.18,280.59,284.73,79550400,yahoo
2019-03-22,279.25,283.22,283.8,279.18,279.25,122659300,yahoo
2019-03-25,279.04,278.87,280.19,277.64,279.04,85575200,yahoo
2019-03-26,281.12,280.99,282.18,279.56,281.12,68125900,yahoo
2019-03-27,279.65,281.11,281.76,277.93,279.65,72224700,yahoo
2019-03-28,280.71,280.35,281.21,279.07,280.71,56238500,yahoo
2019-03-29,282.48,282.39,282.84,281.14,282.48,82186800,yahoo
2019-04-01,285.83,284.7,286.16,284.4,285.83,77617900,yahoo
2019-04-02,285.97,286.04,286.23,285.09,285.97,40070400,yahoo
2019-04-03,286.42,287.32,287.76,285.75,286.42,68243200,yahoo
2019-04-04,287.18,286.78,287.46,286.01,287.18,48997500,yahoo
2019-04-05,288.57,287.92,288.63,287.6,288.57,58621700,yahoo
2019-04-08,288.79,288.1,288.91,287.37,288.79,53566300,yahoo
2019-04-09,287.31,287.72,288.08,286.7,287.31,66142300,yahoo
2019-04-10,288.29,287.77,288.39,287.31,288.29,52601500,yahoo
2019-04-11,288.21,288.83,288.84,287.58,288.21,55093100,yahoo
2019-04-12,290.16,290.0,290.47,288.26,290.16,69727800,yahoo
2019-04-15,289.97,290.24,290.35,289.08,289.97,49596700,yahoo
2019-04-16,290.16,290.95,291.01,289.5,290.16,52153200,yahoo
2019-04-17,289.45,291.4,291.43,288.99,289.45,58268300,yahoo
2019-04-18,290.02,290.1,290.32,288.66,290.02,68708500,yahoo
2019-04-22,290.27,289.17,290.44,289.07,290.27,40160100,yahoo
2019-04-23,292.88,290.68,293.14,290.42,292.88,52246600,yahoo
2019-04-24,292.23,292.79,293.16,292.07,292.23,50392900,yahoo
2019-04-25,292.05,292.12,292.78,290.73,292.05,57770900,yahoo
2019-04-26,293.41,292.1,293.49,291.24,293.41,50916400,yahoo
2019-04-29,293.87,293.51,294.45,293.41,293.87,57197700,yahoo
2019-04-30,294.02,293.49,294.34,291.92,294.02,81111700,yahoo
2019-05-01,291.81,294.72,294.95,291.8,291.81,71671900,yahoo
2019-05-02,291.18,291.68,292.7,289.52,291.18,65030200,yahoo
2019-05-03,294.03,292.82,294.34,291.3,294.03,56543700,yahoo
2019-05-06,292.82,289.25,293.31,288.9,292.82,107198100,yahoo
2019-05-07,287.93,290.15,290.81,285.81,287.93,144729900,yahoo
2019-05-08,287.53,287.53,289.43,286.87,287.53,91568300,yahoo
2019-05-09,286.66,285.23,287.33,283.3,286.66,103471100,yahoo
2019-05-10,288.1,285.62,288.94,282.3,288.1,112429300,yahoo
2019-05-13,280.86,282.42,283.49,279.93,280.86,127290500,yahoo
2019-05-14,283.4,281.99,285.1,281.85,283.4,77003200,yahoo
2019-05-15,285.06,281.59,285.77,281.36,285.06,73956400,yahoo
2019-05-16,287.7,285.84,289.21,285.76,287.7,76749600,yahoo
2019-05-17,285.84,285.14,288.6,285.12,285.84,100353000,yahoo
2019-05-20,283.95,284.06,285.96,283.12,283.95,62877600,yahoo
2019-05-21,286.51,285.83,286.93,285.55,286.51,46847100,yahoo
2019-05-22,285.63,285.45,286.69,285.1,285.63,49482500,yahoo
2019-05-23,282.14,283.16,283.21,280.57,282.14,98733800,yahoo
2019-05-24,282.78,283.74,284.2,282.09,282.78,55268100,yahoo
2019-05-28,280.15,283.09,284.15,280.13,280.15,70029400,yahoo
2019-05-29,278.27,278.91,279.36,276.71,278.27,104972900,yahoo
2019-05-30,279.03,279.11,280.04,277.81,279.03,62523800,yahoo
2019-05-31,275.27,276.2,277.12,275.24,275.27,86862800,yahoo
2019-06-03,274.57,275.31,276.55,273.09,274.57,96428000,yahoo
2019-06-04,280.53,277.12,280.68,276.62,280.53,77231900,yahoo
2019-06-05,282.96,282.33,282.99,280.32,282.96,71169700,yahoo
2019-06-06,284.8,283.29,285.55,282.57,284.8,69430400,yahoo
2019-06-07,287.65,285.93,288.85,285.74,287.65,74272200,yahoo
2019-06-10,288.97,289.37,290.82,288.87,288.97,60799100,yahoo
2019-06-11,288.9,290.99,291.4,288.18,288.9,58641300,yahoo
2019-06-12,288.39,288.64,289.26,287.82,288.39,47096300,yahoo
2019-06-13,289.58,289.4,289.98,288.62,289.58,48945200,yahoo
2019-06-14,289.26,289.26,289.93,288.41,289.26,52324700,yahoo
2019-06-17,289.37,289.52,290.22,289.18,289.37,39205700,yahoo
2019-06-18,292.4,291.39,293.57,290.99,292.4,85434800,yahoo
2019-06-19,293.06,292.55,293.65,291.47,293.06,78674400,yahoo
2019-06-20,295.86,296.04,296.31,293.13,295.86,116570000,yahoo
2019-06-21,294.0,294.13,295.52,293.76,294.0,83309500,yahoo
2019-06-24,293.64,294.23,294.58,293.47,293.64,47582700,yahoo
2019-06-25,290.76,293.7,293.73,290.64,290.76,82028700,yahoo
2019-06-26,290.47,291.75,292.31,290.35,290.47,51584900,yahoo
2019-06-27,291.5,291.31,292.06,290.89,291.5,40355200,yahoo
2019-06-28,293.0,292.58,293.55,292.01,293.0,59350900,yahoo
2019-07-01,295.66,296.68,296.92,294.33,295.66,78705600,yahoo
2019-07-02,296.43,295.61,296.49,294.68,296.43,61504500,yahoo
2019-07-03,298.8,297.18,298.82,297.02,298.8,40898900,yahoo
2019-07-05,298.46,297.44,298.64,296.01,298.46,51677300,yahoo
2019-07-08,296.82,297.01,298.26,296.22,296.82,45841800,yahoo
2019-07-09,297.19,295.54,297.52,295.48,297.19,41101300,yahoo
2019-07-10,298.61,298.37,299.66,297.78,298.61,58448500,yahoo
2019-07-11,299.31,299.32,299.58,298.2,299.31,50826100,yahoo
2019-07-12,300.65,299.85,300.73,299.51,300.65,40326000,yahoo
2019-07-15,300.75,301.13,301.13,300.19,300.75,33900000,yahoo
2019-07-16,299.78,300.65,300.88,299.44,299.78,36650100,yahoo
2019-07-17,297.74,299.75,299.93,297.74,297.74,36036300,yahoo
2019-07-18,298.83,297.19,299.25,296.7,298.83,51392600,yahoo
2019-07-19,297.17,300.04,300.07,296.98,297.17,58678600,yahoo
2019-07-22,297.9,297.61,298.5,297.04,297.9,43638100,yahoo
2019-07-23,300.03,299.14,300.03,298.22,300.03,44564500,yahoo
2019-07-24,301.44,299.19,301.44,299.09,301.44,47213200,yahoo
2019-07-25,300.0,300.94,301.0,299.11,300.0,55394100,yahoo
2019-07-26,302.01,300.76,302.23,300.62,302.01,45084100,yahoo
2019-07-29,301.46,301.88,302.01,300.85,301.46,38126500,yahoo
2019-07-30,300.72,299.91,301.17,299.49,300.72,45849000,yahoo
2019-07-31,297.43,300.99,301.2,295.2,297.43,104245200,yahoo
2019-08-01,294.84,297.6,300.87,293.96,294.84,142646600,yahoo
2019-08-02,292.62,293.85,294.12,290.9,292.62,116749700,yahoo
2019-08-05,283.82,288.09,288.21,281.72,283.82,178745400,yahoo
2019-08-06,287.8,285.91,288.04,284.28,287.8,120711700,yahoo
2019-08-07,287.97,284.4,288.82,282.04,287.97,140572300,yahoo
2019-08-08,293.62,289.62,293.62,289.01,293.62,87713900,yahoo
2019-08-09,291.62,292.58,293.24,289.65,291.62,93730000,yahoo
2019-08-12,288.07,289.96,291.61,287.02,288.07,65527600,yahoo
2019-08-13,292.55,287.74,294.15,287.36,292.55,94299800,yahoo
2019-08-14,283.9,288.07,288.74,283.76,283.9,135622100,yahoo
2019-08-15,284.65,284.88,285.64,282.39,284.65,99556600,yahoo
2019-08-16,288.85,286.48,289.33,284.71,288.85,83018300,yahoo
2019-08-19,292.33,292.19,293.08,291.44,292.33,53571800,yahoo
2019-08-20,290.09,291.77,292.36,289.95,290.09,51596400,yahoo
2019-08-21,292.45,292.48,292.86,291.72,292.45,49524700,yahoo
2019-08-22,292.36,293.23,293.93,290.4,292.36,51666400,yahoo
2019-08-23,284.85,290.92,292.76,283.47,284.85,149161500,yahoo
2019-08-26,288.0,287.27,288.0,285.58,288.0,72423800,yahoo
2019-08-27,286.87,289.54,289.95,286.03,286.87,66668900,yahoo
2019-08-28,288.89,286.14,289.07,285.25,288.89,59696700,yahoo
2019-08-29,292.58,291.72,293.16,290.61,292.58,57899400,yahoo
2019-08-30,292.45,294.22,294.24,291.42,292.45,62901200,yahoo
2019-09-03,290.74,290.57,291.58,289.27,290.74,69101400,yahoo
2019-09-04,294.04,293.14,294.06,292.31,294.04,46887300,yahoo
2019-09-05,297.82,296.79,298.83,294.0,297.82,83258100,yahoo
2019-09-06,298.05,298.17,298.76,297.42,298.05,49584300,yahoo
2019-09-09,298.2,299.14,299.24,297.16,298.2,51260300,yahoo
2019-09-10,298.13,297.36,298.2,295.97,298.13,57947100,yahoo
2019-09-11,300.25,298.47,300.34,297.75,300.25,68821100,yahoo
2019-09-12,301.29,301.25,302.46,300.41,301.29,72908700,yahoo
2019-09-13,301.09,301.78,302.17,300.68,301.09,62104800,yahoo
2019-09-16,300.16,299.84,301.14,299.45,300.16,58191200,yahoo
2019-09-17,300.92,299.94,301.02,299.75,300.92,41475500,yahoo
2019-09-18,301.1,300.49,301.22,298.24,301.1,73375800,yahoo
2019-09-19,301.08,301.53,302.63,300.71,301.08,76560500,yahoo
2019-09-20,298.28,300.36,300.67,297.41,298.28,89565000,yahoo
2019-09-23,298.21,297.55,299.0,297.27,298.21,43476800,yahoo
2019-09-24,295.87,299.41,299.84,294.81,295.87,94869400,yahoo
2019-09-25,297.62,295.96,298.11,294.33,297.62,71854000,yahoo
2019-09-26,297.0,297.63,297.86,295.45,297.0,56179700,yahoo
2019-09-27,295.4,297.83,297.95,293.69,295.4,84746600,yahoo
2019-09-30,296.77,295.97,297.55,295.92,296.77,51662400,yahoo
2019-10-01,293.24,297.74,298.46,293.0,293.24,88242400,yahoo
2019-10-02,288.06,291.5,291.51,286.64,288.06,122539500,yahoo
2019-10-03,290.42,287.81,290.45,284.82,290.42,85278800,yahoo
2019-10-04,294.35,291.14,294.63,291.08,294.35,65091200,yahoo
2019-10-07,293.08,293.47,295.26,292.77,293.08,59610500,yahoo
2019-10-08,288.53,291.04,291.85,288.49,288.53,95708100,yahoo
2019-10-09,291.27,290.75,292.3,290.06,291.27,62359400,yahoo
2019-10-10,293.24,291.18,294.21,291.0,293.24,55296300,yahoo
2019-10-11,296.28,296.27,298.74,296.14,296.28,98720400,yahoo
2019-10-14,295.95,295.93,296.67,295.57,295.95,40394800,yahoo
2019-10-15,298.88,297.1,299.7,296.97,298.88,46754500,yahoo
2019-10-16,298.4,298.37,299.16,297.92,298.4,48928200,yahoo
2019-10-17,299.28,299.68,300.24,298.52,299.28,45736600,yahoo
2019-10-18,297.97,298.69,299.4,297.03,297.97,64304000,yahoo
2019-10-21,299.99,299.42,300.21,298.94,299.99,39048600,yahoo
2019-10-22,299.01,300.58,300.9,298.91,299.01,48594700,yahoo
2019-10-23,299.88,298.73,299.94,298.5,299.88,34352200,yahoo
2019-10-24,300.37,300.91,301.07,299.46,300.37,35453100,yahoo
2019-10-25,301.6,299.74,302.2,299.68,301.6,45205400,yahoo
2019-10-28,303.3,302.94,303.85,302.91,303.3,42147000,yahoo
2019-10-29,303.21,303.0,304.23,302.86,303.21,44284900,yahoo
2019-10-30,304.14,303.43,304.55,301.99,304.14,49643900,yahoo
2019-10-31,303.33,304.13,304.13,301.73,303.33,69053800,yahoo
2019-11-01,306.14,304.92,306.19,304.74,306.14,71141500,yahoo
2019-11-04,307.37,307.85,308.0,306.96,307.37,60606900,yahoo
2019-11-05,307.03,307.59,307.92,306.71,307.03,42933200,yahoo
2019-11-06,307.1,307.03,307.4,306.06,307.1,46487100,yahoo
2019-11-07,308.18,308.57,309.65,307.66,308.18,54272300,yahoo
2019-11-08,308.94,307.8,309.0,307.03,308.94,49032100,yahoo
2019-11-11,308.35,307.42,308.54,307.27,308.35,35797300,yahoo
2019-11-12,309.0,308.75,309.99,308.15,309.0,46484600,yahoo
2019-11-13,309.1,307.91,309.54,307.66,309.1,53917700,yahoo
2019-11-14,309.55,308.79,309.64,308.09,309.55,51219900,yahoo
2019-11-15,311.79,311.02,311.84,310.26,311.79,62023600,yahoo
2019-11-18,312.02,311.53,312.28,311.03,312.02,49228000,yahoo
2019-11-19,311.93,312.68,312.69,311.22,311.93,67804700,yahoo
2019-11-20,310.77,311.28,311.85,309.06,310.77,79406200,yahoo
2019-11-21,310.27,310.89,311.01,309.39,310.27,54664700,yahoo
2019-11-22,310.96,311.09,311.24,309.85,310.96,44850200,yahoo
2019-11-25,313.37,311.98,313.37,311.98,313.37,48647200,yahoo
2019-11-26,314.08,313.41,314.28,313.06,314.08,37569000,yahoo
2019-11-27,315.48,314.61,315.48,314.37,315.48,44444600,yahoo
2019-11-29,314.31,314.86,315.13,314.06,314.31,36592700,yahoo
2019-12-02,311.64,314.59,314.66,311.17,311.64,75767800,yahoo
2019-12-03,309.55,308.65,309.64,307.13,309.55,73941700,yahoo
2019-12-04,311.46,310.7,312.12,310.32,311.46,49080000,yahoo
2019-12-05,312.02,312.23,312.25,310.58,312.02,40709000,yahoo
2019-12-06,314.87,314.12,315.31,314.11,314.87,48927000,yahoo
2019-12-09,313.88,314.44,315.18,313.8,313.88,34838500,yahoo
2019-12-10,313.53,313.82,314.55,312.81,313.53,52649800,yahoo
2019-12-11,314.42,314.03,314.7,313.44,314.42,53429100,yahoo
2019-12-12,317.13,314.43,317.99,314.17,317.13,96389600,yahoo
2019-12-13,317.32,316.87,318.67,316.02,317.32,81503900,yahoo
2019-12-16,319.5,319.22,320.15,317.25,319.5,82749700,yahoo
2019-12-17,319.57,319.92,320.25,319.48,319.57,61097700,yahoo
2019-12-18,319.59,320.0,320.25,319.53,319.59,48133000,yahoo
2019-12-19,320.9,319.8,320.98,319.52,320.9,85310500,yahoo
2019-12-20,320.73,320.46,321.97,319.39,320.73,147142100,yahoo
2019-12-23,321.22,321.59,321.65,321.06,321.22,52990000,yahoo
2019-12-24,321.23,321.47,321.52,320.9,321.23,20270000,yahoo
2019-12-26,322.94,321.65,322.95,321.64,322.94,30911200,yahoo
2019-12-27,322.86,323.74,323.8,322.28,322.86,42528800,yahoo
2019-12-30,321.08,322.95,323.1,320.55,321.08,49729100,yahoo
2019-12-31,321.86,320.53,322.13,320.15,321.86,57077300,yahoo
2020-01-02,324.87,323.54,324.89,322.53,324.87,59151200,yahoo
2020-01-03,322.41,321.16,323.64,321.1,322.41,77709700,yahoo
2020-01-06,323.64,320.49,323.73,320.36,323.64,55653900,yahoo
2020-01-07,322.73,323.02,323.54,322.24,322.73,40496400,yahoo
2020-01-08,324.45,322.94,325.78,322.67,324.45,68296000,yahoo
2020-01-09,326.65,326.16,326.73,325.52,326.65,48473300,yahoo
2020-01-10,325.71,327.29,327.46,325.2,325.71,53029300,yahoo
2020-01-13,327.95,326.39,327.96,325.92,327.95,47086800,yahoo
2020-01-14,327.45,327.47,328.62,326.84,327.45,62832800,yahoo
2020-01-15,328.19,327.35,329.02,327.26,328.19,72056600,yahoo
2020-01-16,330.92,329.7,330.92,329.45,330.92,54050300,yahoo
2020-01-17,331.95,331.7,332.18,330.85,331.95,95846000,yahoo
2020-01-21,331.3,330.9,332.18,330.82,331.3,77742400,yahoo
2020-01-22,331.34,332.24,332.95,331.17,331.34,48914900,yahoo
2020-01-23,331.72,330.63,332.17,329.41,331.72,51963000,yahoo
2020-01-24,328.77,332.44,332.53,327.36,328.77,87578400,yahoo
2020-01-27,323.5,323.03,325.12,322.66,323.5,84062500,yahoo
2020-01-28,326.89,325.06,327.85,323.6,326.89,63834000,yahoo
2020-01-29,326.62,328.38,328.63,326.4,326.62,53888900,yahoo
2020-01-30,327.68,324.36,327.91,323.54,327.68,75491800,yahoo
2020-01-31,321.73,327.0,327.17,320.73,321.73,113845600,yahoo
2020-02-03,324.12,323.35,326.16,323.22,324.12,69083000,yahoo
2020-02-04,329.06,328.07,330.01,327.72,329.06,62573200,yahoo
2020-02-05,332.86,332.27,333.09,330.67,332.86,65951100,yahoo
2020-02-06,333.98,333.91,334.19,332.8,333.98,50359700,yahoo
2020-02-07,332.2,332.82,333.99,331.6,332.2,64139400,yahoo
2020-02-10,334.68,331.23,334.75,331.19,334.68,42070000,yahoo
2020-02-11,335.26,336.16,337.02,334.68,335.26,54864500,yahoo
2020-02-12,337.42,336.83,337.65,336.43,337.42,43992700,yahoo
2020-02-13,337.06,335.86,338.12,335.56,337.06,54501900,yahoo
2020-02-14,337.6,337.51,337.73,336.2,337.6,64582200,yahoo
2020-02-18,336.73,336.51,337.67,335.21,336.73,57226200,yahoo
2020-02-19,338.34,337.79,339.08,337.48,338.34,48814700,yahoo
2020-02-20,336.95,337.74,338.64,333.68,336.95,74163400,yahoo
2020-02-21,333.48,335.47,335.81,332.58,333.48,113788200,yahoo
2020-02-24,322.42,323.14,333.56,321.24,322.42,161088400,yahoo
2020-02-25,312.65,323.94,324.61,311.69,312.65,218913200,yahoo
2020-02-26,311.5,314.18,318.11,310.7,311.5,194773800,yahoo
2020-02-27,297.51,305.46,311.56,297.51,297.51,284353500,yahoo
2020-02-28,296.26,288.7,297.89,285.54,296.26,384975800,yahoo
2020-03-02,309.09,298.21,309.16,294.46,309.09,238703600,yahoo
2020-03-03,300.24,309.5,313.84,297.57,300.24,300139100,yahoo
2020-03-04,312.86,306.12,313.1,303.33,312.86,176613400,yahoo
2020-03-05,302.46,304.98,308.47,300.01,302.46,186366800,yahoo
2020-03-06,297.46,293.15,298.78,290.23,297.46,228667200,yahoo
2020-03-09,274.23,275.3,284.19,273.45,274.23,309417300,yahoo
2020-03-10,288.42,284.64,288.52,273.5,288.42,276444100,yahoo
2020-03-11,274.36,280.7,281.94,270.88,274.36,255316300,yahoo
2020-03-12,248.11,256.0,266.66,247.68,248.11,392220700,yahoo
2020-03-13,269.32,263.09,271.48,248.52,269.32,329566100,yahoo
2020-03-16,239.85,241.18,256.9,237.36,239.85,297240000,yahoo
2020-03-17,252.8,245.04,256.17,237.07,252.8,262070500,yahoo
2020-03-18,240.0,236.25,248.37,228.02,240.0,327597100,yahoo
2020-03-19,240.51,239.25,247.38,232.22,240.51,289322000,yahoo
2020-03-20,228.8,242.53,244.47,228.5,228.8,347158800,yahoo
2020-03-23,222.95,228.19,229.68,218.26,222.95,326025200,yahoo
2020-03-24,243.15,234.42,244.1,233.8,243.15,235494500,yahoo
2020-03-25,246.79,244.87,256.35,239.75,246.79,299430300,yahoo
2020-03-26,261.2,249.52,262.8,249.05,261.2,257632800,yahoo
2020-03-27,253.42,253.27,260.81,251.05,253.42,224341200,yahoo
2020-03-30,261.65,255.7,262.43,253.53,261.65,171369500,yahoo
2020-03-31,257.75,260.56,263.33,256.22,257.75,194881100,yahoo
2020-04-01,246.15,247.98,257.66,243.9,246.15,189554600,yahoo
2020-04-02,251.83,245.19,252.68,244.59,251.83,177660400,yahoo
2020-04-03,248.19,250.76,253.32,245.22,248.19,135561200,yahoo
2020-04-06,264.86,257.84,267.0,248.17,264.86,188061200,yahoo
2020-04-07,265.13,274.21,275.03,264.89,265.13,201427200,yahoo
2020-04-08,274.03,267.96,276.0,265.25,274.03,153774500,yahoo
2020-04-09,278.2,277.58,281.2,275.47,278.2,189999200,yahoo
2020-04-13,275.66,277.14,277.51,271.41,275.66,114839100,yahoo
2020-04-14,283.79,280.98,284.9,275.51,283.79,134143400,yahoo
2020-04-15,277.76,277.57,283.94,275.46,277.76,121775000,yahoo
2020-04-16,279.1,279.15,280.03,275.76,279.1,131798300,yahoo
2020-04-17,286.64,285.38,287.3,282.4,286.64,146684800,yahoo
2020-04-20,281.59,282.61,286.79,281.35,281.59,100109300,yahoo
2020-04-21,273.04,276.73,278.04,272.02,273.04,126385700,yahoo
2020-04-22,279.1,278.35,281.0,276.91,279.1,92951600,yahoo
2020-04-23,279.08,280.49,283.94,278.75,279.08,104709700,yahoo
2020-04-24,282.97,280.73,283.7,278.5,282.97,85063200,yahoo
2020-04-27,287.05,285.12,288.27,284.62,287.05,77896600,yahoo
2020-04-28,285.73,291.02,291.4,285.4,285.73,105270000,yahoo
2020-04-29,293.21,291.53,294.88,290.41,293.21,118745600,yahoo
2020-04-30,290.48,291.71,293.32,288.59,290.48,122901700,yahoo
2020-05-01,282.79,285.31,290.66,281.52,282.79,125180000,yahoo
2020-05-04,283.57,280.74,283.9,279.13,283.57,80873200,yahoo
2020-05-05,286.19,286.64,289.25,283.71,286.19,79569900,yahoo
2020-05-06,284.25,288.04,288.46,283.78,284.25,73632600,yahoo
2020-05-07,287.68,287.75,289.78,287.13,287.68,75250400,yahoo
2020-05-08,292.44,291.09,292.95,289.86,292.44,76452400,yahoo
2020-05-11,292.5,290.34,294.0,289.88,292.5,79514200,yahoo
2020-05-12,286.67,293.79,294.24,286.52,286.67,95870800,yahoo
2020-05-13,281.6,286.06,287.19,278.96,281.6,144721100,yahoo
2020-05-14,284.97,278.95,285.11,272.99,284.97,121977900,yahoo
2020-05-15,286.28,282.37,286.33,281.34,286.28,111146300,yahoo
2020-05-18,295.0,293.05,296.75,292.7,295.0,119703800,yahoo
2020-05-19,291.97,294.35,296.21,291.95,291.97,95189300,yahoo
2020-05-20,296.93,295.82,297.87,295.57,296.93,85861700,yahoo
2020-05-21,294.88,296.79,297.67,293.69,294.88,78293900,yahoo
2020-05-22,295.44,294.57,295.63,293.22,295.44,63958200,yahoo
2020-05-26,299.08,301.93,302.19,295.46,299.08,88951400,yahoo
2020-05-27,303.53,302.12,303.57,296.87,303.53,104817400,yahoo
2020-05-28,302.97,304.65,306.84,302.24,302.97,90405200,yahoo
2020-05-29,304.32,302.46,304.96,299.47,304.32,119090800,yahoo
2020-06-01,305.55,303.62,306.21,303.06,305.55,55758300,yahoo
2020-06-02,308.08,306.55,308.13,305.1,308.08,74267200,yahoo
2020-06-03,312.18,310.24,313.22,309.94,312.18,92567600,yahoo
2020-06-04,311.36,311.11,313.0,309.08,311.36,75794400,yahoo
2020-06-05,319.34,317.23,321.27,317.16,319.34,150524700,yahoo
2020-06-08,323.2,320.22,323.41,319.63,323.2,73641200,yahoo
2020-06-09,320.79,320.3,323.28,319.36,320.79,77479200,yahoo
2020-06-10,319.0,321.42,322.39,318.22,319.0,95000800,yahoo
2020-06-11,300.61,311.46,312.15,300.01,300.61,209243600,yahoo
2020-06-12,304.21,308.24,309.08,298.6,304.21,194678900,yahoo
2020-06-15,307.05,298.02,308.28,296.74,307.05,135782700,yahoo
2020-06-16,312.96,315.48,315.64,307.67,312.96,137627500,yahoo
2020-06-17,311.66,314.07,314.39,310.86,311.66,83398900,yahoo
2020-06-18,311.78,310.01,312.3,309.51,311.78,80828700,yahoo
2020-06-19,308.64,314.17,314.38,306.53,308.64,135549600,yahoo
2020-06-22,310.62,307.99,311.05,306.75,310.62,74649400,yahoo
2020-06-23,312.05,313.49,314.5,311.61,312.05,68471200,yahoo
2020-06-24,304.09,309.84,310.51,302.1,304.09,132813500,yahoo
2020-06-25,307.35,303.47,307.64,301.28,307.35,89468000,yahoo
2020-06-26,300.05,306.16,306.39,299.42,300.05,127961000,yahoo
2020-06-29,304.46,301.41,304.61,298.93,304.46,79773300,yahoo
2020-06-30,308.36,303.99,310.2,303.82,308.36,113394800,yahoo
2020-07-01,310.52,309.57,311.89,309.07,310.52,72396500,yahoo
2020-07-02,312.23,314.24,315.7,311.51,312.23,69344200,yahoo
2020-07-06,317.05,316.37,317.68,315.56,317.05,61713800,yahoo
2020-07-07,313.78,315.38,317.52,313.37,313.78,82910000,yahoo
2020-07-08,316.18,314.61,316.3,312.7,316.18,54638600,yahoo
2020-07-09,314.38,316.84,317.1,310.68,314.38,83354200,yahoo
2020-07-10,317.59,314.31,317.88,312.76,317.59,57550400,yahoo
2020-07-13,314.84,320.13,322.71,314.13,314.84,102997500,yahoo
2020-07-14,318.92,313.3,319.76,312.0,318.92,93657000,yahoo
2020-07-15,321.85,322.41,323.04,319.27,321.85,87196500,yahoo
2020-07-16,320.79,319.79,321.28,319.09,320.79,54622500,yahoo
2020-07-17,321.72,321.88,322.57,319.74,321.72,62774900,yahoo
2020-07-20,324.32,321.43,325.13,320.62,324.32,56308800,yahoo
2020-07-21,325.01,326.45,326.93,323.94,325.01,57292200,yahoo
2020-07-22,326.86,324.62,327.2,324.5,326.86,57792900,yahoo
2020-07-23,322.96,326.47,327.23,321.48,322.96,75738000,yahoo
2020-07-24,320.88,320.95,321.99,319.25,320.88,73766600,yahoo
2020-07-27,323.22,321.63,323.41,320.77,323.22,48293000,yahoo
2020-07-28,321.17,322.43,323.64,320.85,321.17,57495000,yahoo
2020-07-29,325.12,322.12,325.73,322.08,325.12,48454200,yahoo
2020-07-30,323.96,321.9,324.41,319.64,323.96,61861700,yahoo
2020-07-31,326.52,325.9,326.63,321.33,326.52,84986800,yahoo
2020-08-03,328.79,328.32,329.62,327.73,328.79,53077900,yahoo
2020-08-04,330.06,327.86,330.06,327.86,330.06,41917900,yahoo
2020-08-05,332.11,331.47,332.39,331.18,332.11,42697700,yahoo
2020-08-06,334.33,331.48,334.46,331.13,334.33,43679400,yahoo
2020-08-07,334.57,333.28,334.88,332.3,334.57,57308300,yahoo
2020-08-10,335.57,335.06,335.77,332.96,335.57,44282100,yahoo
2020-08-11,332.8,336.85,337.54,332.01,332.8,69601100,yahoo
2020-08-12,337.44,335.44,338.28,335.41,337.44,53774400,yahoo
2020-08-13,336.83,336.61,338.25,335.83,336.83,41816100,yahoo
2020-08-14,336.84,336.41,337.42,335.62,336.84,47260400,yahoo
2020-08-17,337.91,337.94,338.34,336.85,337.91,35481000,yahoo
2020-08-18,338.64,338.34,339.1,336.61,338.64,38733900,yahoo
2020-08-19,337.23,339.05,339.61,336.62,337.23,68054200,yahoo
2020-08-20,338.28,335.36,338.8,335.22,338.28,42207800,yahoo
2020-08-21,339.48,337.92,339.72,337.55,339.48,55106600,yahoo
2020-08-24,342.92,342.12,343.0,339.45,342.92,48588700,yahoo
2020-08-25,344.12,343.53,344.21,342.27,344.12,38463400,yahoo
2020-08-26,347.57,344.76,347.86,344.17,347.57,50790200,yahoo
2020-08-27,348.33,348.51,349.9,346.53,348.33,58034100,yahoo
2020-08-28,350.58,349.44,350.72,348.15,350.58,48588900,yahoo
2020-08-31,349.31,350.35,351.3,349.06,349.31,66099200,yahoo
2020-09-01,352.6,350.21,352.71,349.24,352.6,54908700,yahoo
2020-09-02,357.7,354.67,358.75,353.43,357.7,69540000,yahoo
2020-09-03,345.39,355.87,356.38,342.59,345.39,148011100,yahoo
2020-09-04,342.57,346.13,347.83,334.87,342.57,139156300,yahoo
2020-09-08,333.21,336.71,342.64,332.88,333.21,114465300,yahoo
2020-09-09,339.79,337.55,342.46,336.61,339.79,91462300,yahoo
2020-09-10,333.89,341.82,342.53,332.85,333.89,90569500,yahoo
2020-09-11,334.06,335.82,336.97,331.0,334.06,84680200,yahoo
2020-09-14,338.46,337.49,340.38,334.22,338.46,65605700,yahoo
2020-09-15,340.17,341.12,342.02,338.47,340.17,52920900,yahoo
2020-09-16,338.82,341.51,343.06,338.52,338.82,82096000,yahoo
2020-09-17,335.84,333.56,337.7,332.99,335.84,91523300,yahoo
2020-09-18,330.65,335.37,335.49,327.97,330.65,105877900,yahoo
2020-09-21,326.97,325.7,327.13,321.73,326.97,99450800,yahoo
2020-09-22,330.3,328.57,330.9,325.86,330.3,63612100,yahoo
2020-09-23,322.64,330.9,331.2,322.1,322.64,93112200,yahoo
2020-09-24,323.5,321.22,326.8,319.8,323.5,76681300,yahoo
2020-09-25,328.73,322.58,329.58,321.64,328.73,71069400,yahoo
2020-09-28,334.19,333.22,334.96,332.15,334.19,64584600,yahoo
2020-09-29,332.37,333.97,334.77,331.62,332.37,51304000,yahoo
2020-09-30,334.89,333.09,338.29,332.88,334.89,104081100,yahoo
2020-10-01,337.04,337.69,338.74,335.01,337.04,88698700,yahoo
2020-10-02,333.84,331.7,337.01,331.19,333.84,89431100,yahoo
2020-10-05,339.76,336.06,339.96,336.01,339.76,45713100,yahoo
2020-10-06,334.93,339.91,342.17,334.38,334.93,90128900,yahoo
2020-10-07,340.76,338.12,341.63,338.09,340.76,56999600,yahoo
2020-10-08,343.78,342.85,343.85,341.86,343.78,45242500,yahoo
2020-10-09,346.85,345.56,347.35,344.89,346.85,59528600,yahoo
2020-10-12,352.43,349.59,354.02,349.06,352.43,80388500,yahoo
2020-10-13,350.13,352.28,352.47,349.09,350.13,73255500,yahoo
2020-10-14,347.93,350.75,351.93,347.14,347.93,57727900,yahoo
2020-10-15,347.5,343.71,348.02,343.13,347.5,60357700,yahoo
2020-10-16,347.29,348.96,350.75,347.1,347.29,89501900,yahoo
2020-10-19,342.01,348.65,349.33,341.04,342.01,68425600,yahoo
2020-10-20,343.38,343.46,346.88,342.64,343.38,60051900,yahoo
2020-10-21,342.73,343.33,345.67,342.4,342.73,63575000,yahoo
2020-10-22,344.61,342.96,345.24,340.65,344.61,55399300,yahoo
2020-10-23,345.78,345.93,345.99,343.13,345.78,49143900,yahoo
2020-10-26,339.39,342.13,342.98,335.62,339.39,91473000,yahoo
2020-10-27,338.22,339.76,340.12,337.99,338.22,65994100,yahoo
2020-10-28,326.66,332.1,338.25,326.13,326.66,127094300,yahoo
2020-10-29,329.98,326.91,333.4,325.09,329.98,90597700,yahoo
2020-10-30,326.54,328.28,329.69,322.6,326.54,120287300,yahoo
2020-11-02,330.2,330.2,332.36,327.24,330.2,86068300,yahoo
2020-11-03,336.03,333.69,338.25,330.29,336.03,93294200,yahoo
2020-11-04,343.54,340.86,347.94,339.59,343.54,126959700,yahoo
2020-11-05,350.24,349.24,352.19,348.86,350.24,82039700,yahoo
2020-11-06,350.16,349.93,351.51,347.65,350.16,74973000,yahoo
2020-11-09,354.56,363.97,364.38,354.06,354.56,172304200,yahoo
2020-11-10,354.04,353.49,355.18,350.51,354.04,85552000,yahoo
2020-11-11,356.67,356.4,357.56,355.06,356.67,58649000,yahoo
2020-11-12,353.21,355.58,356.72,351.26,353.21,67546200,yahoo
2020-11-13,358.1,355.27,358.9,354.71,358.1,62892200,yahoo
2020-11-16,362.57,360.98,362.78,359.59,362.57,74541100,yahoo
2020-11-17,360.62,359.97,361.92,358.34,360.62,66111000,yahoo
2020-11-18,356.28,360.91,361.5,356.24,356.28,70591300,yahoo
2020-11-19,357.78,355.6,358.18,354.15,357.78,59940900,yahoo
2020-11-20,355.33,357.5,357.72,355.25,355.33,70417300,yahoo
2020-11-23,357.46,357.28,358.82,354.87,357.46,63230600,yahoo
2020-11-24,363.22,360.21,363.81,359.29,363.22,62415900,yahoo
2020-11-25,362.66,363.13,363.16,361.48,362.66,45330900,yahoo
2020-11-27,363.67,363.84,364.18,362.58,363.67,28514100,yahoo
2020-11-30,362.06,362.83,363.12,359.17,362.06,83872700,yahoo
2020-12-01,366.02,365.57,367.68,364.93,366.02,74231400,yahoo
2020-12-02,366.79,364.82,366.96,364.2,366.79,45927000,yahoo
2020-12-03,366.69,366.68,368.19,365.5,366.69,62882000,yahoo
2020-12-04,369.85,367.32,369.85,367.22,369.85,50749900,yahoo
2020-12-07,369.09,369.02,369.62,367.72,369.09,48944300,yahoo
2020-12-08,370.17,367.72,370.78,367.67,370.17,42458900,yahoo
2020-12-09,366.85,370.88,371.05,365.95,366.85,74098300,yahoo
2020-12-10,366.73,365.37,367.86,364.43,366.73,57735400,yahoo
2020-12-11,366.3,364.9,366.74,363.26,366.3,57698600,yahoo
2020-12-14,364.66,368.64,369.8,364.47,364.66,69216200,yahoo
2020-12-15,369.59,367.4,369.59,365.92,369.59,63865300,yahoo
2020-12-16,370.17,369.82,371.16,368.87,370.17,58420500,yahoo
2020-12-17,372.24,371.94,372.46,371.05,372.24,64119500,yahoo
2020-12-18,369.18,370.97,371.15,367.02,369.18,136542300,yahoo
2020-12-21,367.86,364.97,378.46,362.03,367.86,96386700,yahoo
2020-12-22,367.24,368.21,368.33,366.03,367.24,47949000,yahoo
2020-12-23,367.57,368.28,369.62,367.22,367.57,46201400,yahoo
2020-12-24,369.0,368.08,369.03,367.45,369.0,26457900,yahoo
2020-12-28,372.17,371.74,372.59,371.07,372.17,39000400,yahoo
2020-12-29,371.46,373.81,374.0,370.83,371.46,53680500,yahoo
2020-12-30,371.99,372.34,373.1,371.57,371.99,49455300,yahoo
2020-12-31,373.88,371.78,374.66,371.23,373.88,78520700,yahoo
2021-01-04,368.79,375.31,375.45,364.82,368.79,110210800,yahoo
2021-01-05,371.33,368.1,372.5,368.05,371.33,66426200,yahoo
2021-01-06,373.55,369.71,376.98,369.12,373.55,107997700,yahoo
2021-01-07,379.1,376.1,379.9,375.91,379.1,68766800,yahoo
2021-01-08,381.26,380.59,381.49,377.1,381.26,71677200,yahoo
2021-01-11,378.69,377.85,380.58,377.72,378.69,51034700,yahoo
2021-01-12,378.77,378.89,379.86,376.36,378.77,52547700,yahoo
2021-01-13,379.79,378.69,380.86,377.85,379.79,45303600,yahoo
2021-01-14,378.46,380.59,381.13,378.1,378.46,49989100,yahoo
2021-01-15,375.7,376.72,377.58,373.7,375.7,107160000,yahoo
2021-01-19,378.65,378.34,379.23,376.75,378.65,51233300,yahoo
2021-01-20,383.89,381.11,384.79,380.69,383.89,61836100,yahoo
2021-01-21,384.24,384.49,384.95,383.25,384.24,47840100,yahoo
2021-01-22,382.88,382.25,384.13,381.84,382.88,52860500,yahoo
2021-01-25,384.39,383.67,384.77,378.46,384.39,70402000,yahoo
2021-01-26,383.79,385.41,385.85,383.54,383.79,42665300,yahoo
2021-01-27,374.41,380.22,380.32,372.01,374.41,123351100,yahoo
2021-01-28,377.63,376.36,381.93,375.89,377.63,94198100,yahoo
2021-01-29,370.07,375.63,376.67,368.27,370.07,126765100,yahoo
2021-02-01,376.23,373.72,377.34,370.38,376.23,75817600,yahoo
2021-02-02,381.55,379.65,383.22,376.32,381.55,64450700,yahoo
2021-02-03,381.85,382.44,383.7,380.48,381.85,52427100,yahoo
2021-02-04,386.19,382.96,386.24,381.97,386.19,47142600,yahoo
2021-02-05,387.71,388.2,388.47,386.14,387.71,48669800,yahoo
2021-02-08,390.51,389.27,390.56,388.35,390.51,38365200,yahoo
2021-02-09,390.25,389.61,390.89,389.17,390.25,35551100,yahoo
2021-02-10,390.08,392.12,392.28,387.5,390.08,59154400,yahoo
2021-02-11,390.71,391.24,391.69,388.1,390.71,42913300,yahoo
2021-02-12,392.64,389.85,392.9,389.77,392.64,50593300,yahoo
2021-02-16,392.3,393.96,394.17,391.53,392.3,50972400,yahoo
2021-02-17,392.39,390.42,392.66,389.33,392.39,52290600,yahoo
2021-02-18,390.72,389.59,391.52,387.74,390.72,59712800,yahoo
2021-02-19,390.03,392.07,392.38,389.55,390.03,83241000,yahoo
2021-02-22,387.03,387.06,389.62,386.74,387.03,67414200,yahoo
2021-02-23,387.5,384.66,388.95,380.2,387.5,107284100,yahoo
2021-02-24,391.77,386.33,392.23,385.27,391.77,72433900,yahoo
2021-02-25,382.33,390.41,391.88,380.78,382.33,146670500,yahoo
2021-02-26,380.36,384.35,385.58,378.23,380.36,152701600,yahoo
2021-03-01,389.58,385.59,390.92,380.57,389.58,105348800,yahoo
2021-03-02,386.54,389.82,390.07,386.0,386.54,79595300,yahoo
2021-03-03,381.42,385.79,386.83,381.31,381.42,119940200,yahoo
2021-03-04,376.7,381.22,384.0,371.88,376.7,183433000,yahoo
2021-03-05,383.63,380.46,384.76,372.64,383.63,152039600,yahoo
2021-03-08,381.72,384.66,387.68,381.42,381.72,123149200,yahoo
2021-03-09,387.17,385.85,389.91,385.31,387.17,113633600,yahoo
2021-03-10,389.58,389.69,391.4,388.17,389.58,109899400,yahoo
2021-03-11,393.53,392.23,395.65,391.74,393.53,86245000,yahoo
2021-03-12,394.06,392.07,394.21,391.2,394.06,64653600,yahoo
2021-03-15,396.41,394.33,396.69,392.03,396.41,73427200,yahoo
2021-03-16,395.91,397.07,397.83,395.08,395.91,73722500,yahoo
2021-03-17,397.26,394.53,398.12,393.3,397.26,97959300,yahoo
2021-03-18,391.48,394.48,396.72,390.75,391.48,115349100,yahoo
2021-03-19,389.48,389.88,391.57,387.15,389.48,113624500,yahoo
2021-03-22,392.59,390.03,394.07,389.97,392.59,73778600,yahoo
2021-03-23,389.5,391.91,393.46,388.66,389.5,90686600,yahoo
2021-03-24,387.52,391.0,392.75,387.47,387.52,97588600,yahoo
2021-03-25,389.7,385.98,390.55,383.9,389.7,116128600,yahoo
2021-03-26,395.98,390.93,396.41,390.29,395.98,114409100,yahoo
2021-03-29,395.78,394.4,396.75,392.81,395.78,108107600,yahoo
2021-03-30,394.73,394.42,395.45,393.02,394.73,76262200,yahoo
2021-03-31,396.33,395.34,398.0,395.31,396.33,112734200,yahoo
2021-04-01,400.61,398.4,400.67,398.18,400.61,99682900,yahoo
2021-04-05,406.36,403.46,406.94,403.38,406.36,91684800,yahoo
2021-04-06,406.12,405.76,407.24,405.4,406.12,62021000,yahoo
2021-04-07,406.59,405.94,406.96,405.45,406.59,55836300,yahoo
2021-04-08,408.52,407.93,408.58,406.93,408.52,57863100,yahoo
2021-04-09,411.49,408.39,411.67,408.26,411.49,61104600,yahoo
2021-04-12,411.64,410.85,411.93,410.2,411.64,56704900,yahoo
2021-04-13,412.86,411.53,413.53,411.12,412.86,56551000,yahoo
2021-04-14,411.45,412.83,413.96,410.87,411.45,61659900,yahoo
2021-04-15,415.87,413.74,416.16,413.69,415.87,60229800,yahoo
2021-04-16,417.26,417.25,417.91,415.73,417.26,82037300,yahoo
2021-04-19,415.21,416.26,416.74,413.79,415.21,78498500,yahoo
2021-04-20,412.17,413.91,415.09,410.59,412.17,81851800,yahoo
2021-04-21,416.07,411.51,416.29,411.36,416.07,66793000,yahoo
2021-04-22,412.27,415.89,416.78,411.13,412.27,97582800,yahoo
2021-04-23,416.74,412.87,418.25,412.79,416.74,73209200,yahoo
2021-04-26,417.61,417.44,418.22,416.81,417.61,52182400,yahoo
2021-04-27,417.52,417.93,418.14,416.3,417.52,51303100,yahoo
2021-04-28,417.4,417.81,419.01,416.9,417.4,51238900,yahoo
2021-04-29,420.06,420.32,420.72,416.44,420.06,78544300,yahoo
2021-04-30,417.3,417.63,418.54,416.34,417.3,85527000,yahoo
2021-05-03,418.2,419.43,419.84,417.67,418.2,68128300,yahoo
2021-05-04,415.62,416.07,416.6,411.67,415.62,101591200,yahoo
2021-05-05,415.75,417.38,417.63,415.15,415.75,60162200,yahoo
2021-05-06,419.07,415.83,419.21,413.68,419.07,74321400,yahoo
2021-05-07,422.12,419.89,422.82,419.16,422.12,67733800,yahoo
2021-05-10,417.94,422.5,422.74,417.81,417.94,81852400,yahoo
2021-05-11,414.21,413.1,415.27,410.06,414.21,116888000,yahoo
2021-05-12,405.41,411.23,412.59,404.0,405.41,134811000,yahoo
2021-05-13,410.28,407.07,412.35,407.02,410.28,106394000,yahoo
2021-05-14,416.58,413.21,417.49,413.18,416.58,82201600,yahoo
2021-05-17,415.52,415.39,416.39,413.36,415.52,65129200,yahoo
2021-05-18,411.94,415.8,416.06,411.77,411.94,59810200,yahoo
2021-05-19,410.86,406.92,411.05,405.33,410.86,106467100,yahoo
2021-05-20,415.28,411.8,416.63,411.67,415.28,78022200,yahoo
2021-05-21,414.94,416.87,418.2,414.45,414.94,76578700,yahoo
2021-05-24,419.17,417.34,420.32,417.08,419.17,51376700,yahoo
2021-05-25,418.24,420.33,420.71,417.62,418.24,57451400,yahoo
2021-05-26,419.07,418.87,419.61,417.76,419.07,43088600,yahoo
2021-05-27,419.29,420.17,420.72,418.99,419.29,56707700,yahoo
2021-05-28,420.04,420.97,421.25,419.79,420.04,58520200,yahoo
2021-06-01,419.67,422.57,422.72,419.2,419.67,54216600,yahoo
2021-06-02,420.33,420.37,421.23,419.29,420.33,49097100,yahoo
2021-06-03,418.77,417.85,419.99,416.28,418.77,58138800,yahoo
2021-06-04,422.6,420.75,422.92,418.84,422.6,55938800,yahoo
2021-06-07,422.19,422.59,422.78,421.19,422.19,51555000,yahoo
2021-06-08,422.28,423.11,423.21,420.32,422.28,47134300,yahoo
2021-06-09,421.65,423.18,423.26,421.41,421.65,48436300,yahoo
2021-06-10,423.61,422.96,424.63,421.55,423.61,51020100,yahoo
2021-06-11,424.31,424.2,424.43,422.82,424.31,45570800,yahoo
2021-06-14,425.26,424.43,425.37,423.1,425.26,42358500,yahoo
2021-06-15,424.48,425.42,425.46,423.54,424.48,51508500,yahoo
2021-06-16,422.11,424.63,424.87,419.92,422.11,80386100,yahoo
2021-06-17,421.97,421.67,423.02,419.32,421.97,90949700,yahoo
2021-06-18,414.92,417.09,417.83,414.7,414.92,118676300,yahoo
2021-06-21,420.86,416.8,421.06,415.93,420.86,72822000,yahoo
2021-06-22,423.11,420.85,424.0,420.08,423.11,57700300,yahoo
2021-06-23,422.6,423.19,424.05,422.51,422.6,49445400,yahoo
2021-06-24,425.1,424.89,425.55,424.62,425.1,45110300,yahoo
2021-06-25,426.61,425.9,427.09,425.55,426.61,58129500,yahoo
2021-06-28,427.47,427.17,427.65,425.89,427.47,53159600,yahoo
2021-06-29,427.7,427.88,428.56,427.13,427.7,35970500,yahoo
2021-06-30,428.06,427.21,428.78,427.18,428.06,64827900,yahoo
2021-07-01,430.43,428.87,430.6,428.8,430.43,53441000,yahoo
2021-07-02,433.72,431.67,434.1,430.52,433.72,57697700,yahoo
2021-07-06,432.93,433.78,434.01,430.01,432.93,68710400,yahoo
2021-07-07,434.46,433.66,434.76,431.51,434.46,63549500,yahoo
2021-07-08,430.92,428.78,431.73,427.52,430.92,97595200,yahoo
2021-07-09,435.52,432.53,435.84,430.71,435.52,76238600,yahoo
2021-07-12,437.08,435.43,437.35,434.97,437.08,52889600,yahoo
2021-07-13,435.59,436.24,437.84,435.31,435.59,52911300,yahoo
2021-07-14,436.24,437.4,437.92,434.91,436.24,64130400,yahoo
2021-07-15,434.75,434.81,435.53,432.72,434.75,55126400,yahoo
2021-07-16,431.34,436.01,436.06,430.92,431.34,75874700,yahoo
2021-07-19,424.97,426.19,431.41,421.97,424.97,147987000,yahoo
2021-07-20,431.06,425.68,432.42,424.83,431.06,99608200,yahoo
2021-07-21,434.55,432.34,434.7,431.01,434.55,64724400,yahoo
2021-07-22,435.46,434.74,435.72,433.69,435.46,47878500,yahoo
2021-07-23,439.94,437.52,440.3,436.79,439.94,63766600,yahoo
2021-07-26,441.02,439.31,441.03,439.26,441.02,43719200,yahoo
2021-07-27,439.01,439.91,439.94,435.99,439.01,67397100,yahoo
2021-07-28,438.83,439.68,440.3,437.31,438.83,52472400,yahoo
2021-07-29,440.65,439.82,441.8,439.81,440.65,47435300,yahoo
2021-07-30,438.51,437.91,440.06,437.77,438.51,68951200,yahoo
2021-08-02,437.59,440.34,440.93,437.21,437.59,58783300,yahoo
2021-08-03,441.15,438.44,441.28,436.1,441.15,58053900,yahoo
2021-08-04,438.98,439.78,441.12,438.73,438.98,46732200,yahoo
2021-08-05,441.76,440.22,441.85,439.88,441.76,38969700,yahoo
2021-08-06,442.49,442.1,442.94,441.8,442.49,46930000,yahoo
2021-08-09,442.13,442.46,442.8,441.31,442.13,41222600,yahoo
2021-08-10,442.68,442.61,443.44,441.88,442.68,43339300,yahoo
2021-08-11,443.78,443.82,443.88,442.62,443.78,44034300,yahoo
2021-08-12,445.11,443.62,445.26,442.66,445.11,38909400,yahoo
2021-08-13,445.92,445.59,445.94,445.07,445.92,39470300,yahoo
2021-08-16,446.97,444.53,447.11,442.87,446.97,73740000,yahoo
2021-08-17,444.04,444.24,444.96,440.85,444.04,92673900,yahoo
2021-08-18,439.18,442.96,444.63,438.92,439.18,89351900,yahoo
2021-08-19,439.86,436.27,441.14,436.12,439.86,92812200,yahoo
2021-08-20,443.36,440.23,443.71,439.71,443.36,72008700,yahoo
2021-08-23,447.26,445.16,448.23,443.44,447.26,54973000,yahoo
2021-08-24,447.97,447.97,448.54,447.42,447.97,38744700,yahoo
2021-08-25,448.91,448.17,449.46,447.77,448.91,40529700,yahoo
2021-08-26,446.26,448.61,448.86,446.16,446.26,57829600,yahoo
2021-08-27,450.25,447.12,450.65,447.06,450.25,77235100,yahoo
2021-08-30,452.23,450.97,453.07,450.71,452.23,48357400,yahoo
2021-08-31,451.56,452.13,452.49,450.92,451.56,59300200,yahoo
2021-09-01,451.8,452.56,453.11,451.55,451.8,48721400,yahoo
2021-09-02,453.19,453.32,454.05,451.91,453.19,42501000,yahoo
2021-09-03,453.08,451.98,453.63,451.55,453.08,47170500,yahoo
2021-09-07,451.46,452.71,452.81,450.74,451.46,51671500,yahoo
2021-09-08,450.91,450.89,451.67,448.86,450.91,56181900,yahoo
2021-09-09,448.98,450.7,452.57,448.72,448.98,57970400,yahoo
2021-09-10,445.44,451.04,451.49,445.31,445.44,89948200,yahoo
2021-09-13,446.58,448.64,448.92,444.11,446.58,83738600,yahoo
2021-09-14,444.17,448.12,448.34,443.22,444.17,78197100,yahoo
2021-09-15,447.88,444.62,448.41,443.44,447.88,78792200,yahoo
2021-09-16,447.17,447.32,448.36,444.02,447.17,77786700,yahoo
2021-09-17,441.4,444.92,445.37,441.02,441.4,118425000,yahoo
2021-09-20,434.04,434.88,436.56,428.86,434.04,166445500,yahoo
2021-09-21,433.63,436.53,437.91,433.07,433.63,92526100,yahoo
2021-09-22,437.86,436.05,440.03,433.75,437.86,102350100,yahoo
2021-09-23,443.18,439.85,444.89,439.6,443.18,76396000,yahoo
2021-09-24,443.91,441.44,444.67,441.21,443.91,62094800,yahoo
2021-09-27,442.64,442.81,444.05,441.9,442.64,61371100,yahoo
2021-09-28,433.72,439.69,440.04,432.94,433.72,130436300,yahoo
2021-09-29,434.45,435.19,437.04,433.85,434.45,82329200,yahoo
2021-09-30,429.14,436.02,436.77,428.78,429.14,140506000,yahoo
2021-10-01,434.24,430.98,436.03,427.23,434.24,129240100,yahoo
2021-10-04,428.64,433.0,433.96,426.36,428.64,128570000,yahoo
2021-10-05,433.1,430.24,435.49,429.39,433.1,90682500,yahoo
2021-10-06,434.9,429.27,435.12,427.54,434.9,113032200,yahoo
2021-10-07,438.66,438.39,441.68,438.2,438.66,72437500,yahoo
2021-10-08,437.86,439.48,439.89,437.19,437.86,74557400,yahoo
2021-10-11,434.69,437.16,440.26,434.62,434.69,65233300,yahoo
2021-10-12,433.62,435.67,436.1,432.78,433.62,71181200,yahoo
2021-10-13,435.18,434.71,436.05,431.54,435.18,72974000,yahoo
2021-10-14,442.5,439.08,442.66,438.58,442.5,70236800,yahoo
2021-10-15,445.87,444.75,446.26,444.09,445.87,66260200,yahoo
2021-10-18,447.19,443.97,447.55,443.27,447.19,62213200,yahoo
2021-10-19,450.64,448.92,450.71,448.27,450.64,46996800,yahoo
2021-10-20,452.41,451.13,452.73,451.01,452.41,49571600,yahoo
2021-10-21,453.59,451.77,453.83,451.31,453.59,41305400,yahoo
2021-10-22,453.12,453.13,454.67,451.05,453.12,58845100,yahoo
2021-10-25,455.55,454.28,455.9,452.39,455.55,45214500,yahoo
2021-10-26,455.96,457.2,458.49,455.56,455.96,56075100,yahoo
2021-10-27,453.94,456.45,457.16,453.86,453.94,72438000,yahoo
2021-10-28,458.32,455.46,458.4,455.45,458.32,51437900,yahoo
2021-10-29,459.25,455.87,459.56,455.56,459.25,70162400,yahoo
2021-11-01,460.04,460.3,460.7,458.2,460.04,48433600,yahoo
2021-11-02,461.9,460.22,462.23,460.08,461.9,48908400,yahoo
2021-11-03,464.72,461.3,465.15,460.83,464.72,52509800,yahoo
2021-11-04,466.91,465.36,467.0,464.99,466.91,52847100,yahoo
2021-11-05,468.53,469.28,470.65,466.92,468.53,66390600,yahoo
2021-11-08,468.93,469.7,470.23,468.2,468.93,50405200,yahoo
2021-11-09,467.38,469.32,469.57,465.88,467.38,51149100,yahoo
2021-11-10,463.62,465.58,467.38,462.04,463.62,69429700,yahoo
2021-11-11,463.77,465.21,465.29,463.75,463.77,34848500,yahoo
2021-11-12,467.27,465.12,467.86,464.11,467.27,53466700,yahoo
2021-11-15,467.43,468.64,468.81,466.23,467.43,46980500,yahoo
2021-11-16,469.28,467.15,470.49,467.07,469.28,48857500,yahoo
2021-11-17,468.14,469.0,469.19,467.48,468.14,47858300,yahoo
2021-11-18,469.73,469.24,470.01,466.34,469.73,50625600,yahoo
2021-11-19,468.89,469.61,470.94,468.5,468.89,57315600,yahoo
2021-11-22,467.57,470.89,473.54,467.35,467.57,72762000,yahoo
2021-11-23,468.19,467.22,469.1,464.45,468.19,73206500,yahoo
2021-11-24,469.44,466.06,469.57,465.19,469.44,61858800,yahoo
2021-11-26,458.97,462.34,463.9,457.77,458.97,112669600,yahoo
2021-11-29,464.6,464.07,466.56,461.73,464.6,86268800,yahoo
2021-11-30,455.56,462.0,464.03,455.3,455.56,148559600,yahoo
2021-12-01,450.5,461.64,464.67,450.29,450.5,131939200,yahoo
2021-12-02,457.4,450.73,459.07,450.31,457.4,127637800,yahoo
2021-12-03,453.42,459.17,460.3,448.92,453.42,137331600,yahoo
2021-12-06,458.79,456.13,460.79,453.56,458.79,98977500,yahoo
2021-12-07,468.28,464.41,468.88,458.65,468.28,95484700,yahoo
2021-12-08,469.52,468.7,470.0,466.83,469.52,72238800,yahoo
2021-12-09,466.35,468.15,469.63,466.14,466.35,61272600,yahoo
2021-12-10,470.74,469.23,470.9,466.51,470.74,77159800,yahoo
2021-12-13,466.57,470.19,470.56,466.27,466.57,87724700,yahoo
2021-12-14,463.36,463.09,465.74,460.25,463.36,97264100,yahoo
2021-12-15,470.6,463.42,470.86,460.74,470.6,116899300,yahoo
2021-12-16,466.45,472.57,472.87,464.8,466.45,116568600,yahoo
2021-12-17,459.87,461.55,464.74,458.06,459.87,135511600,yahoo
2021-12-20,454.98,454.48,455.4,451.14,454.98,107134800,yahoo
2021-12-21,463.06,458.61,463.21,456.31,463.06,69806300,yahoo
2021-12-22,467.69,462.79,467.81,462.58,467.69,58890200,yahoo
2021-12-23,470.6,468.75,472.19,468.64,470.6,56439700,yahoo
2021-12-27,477.26,472.06,477.31,472.01,477.26,56808600,yahoo
2021-12-28,476.87,477.72,478.81,476.06,476.87,47274600,yahoo
2021-12-29,477.48,476.98,478.56,475.92,477.48,54503000,yahoo
2021-12-30,476.16,477.93,479.0,475.67,476.16,55329000,yahoo
2021-12-31,474.96,475.64,476.86,474.67,474.96,65237400,yahoo
2022-01-03,477.71,476.3,477.85,473.85,477.71,72668200,yahoo
2022-01-04,477.55,479.22,479.98,475.58,477.55,71178700,yahoo
2022-01-05,468.38,477.16,477.98,468.28,468.38,104538900,yahoo
2022-01-06,467.94,467.89,470.82,465.43,467.94,86858900,yahoo
2022-01-07,466.09,467.95,469.2,464.65,466.09,85111600,yahoo
2022-01-10,465.51,462.7,465.74,456.6,465.51,119362000,yahoo
2022-01-11,469.75,465.23,469.85,462.05,469.75,74303100,yahoo
2022-01-12,471.02,471.59,473.2,468.94,471.02,67605400,yahoo
2022-01-13,464.53,472.19,472.88,463.44,464.53,91173100,yahoo
2022-01-14,464.72,461.19,465.09,459.9,464.72,95890900,yahoo
2022-01-18,456.49,459.74,459.96,455.31,456.49,109709100,yahoo
2022-01-19,451.75,458.13,459.61,451.46,451.75,109357600,yahoo
2022-01-20,446.75,453.75,458.74,444.5,446.75,122379700,yahoo
2022-01-21,437.98,445.56,448.06,437.95,437.98,202271200,yahoo
2022-01-24,439.84,432.03,440.38,420.76,439.84,251783900,yahoo
2022-01-25,434.47,433.06,439.72,427.15,434.47,167997300,yahoo
2022-01-26,433.38,440.72,444.04,428.86,433.38,186391100,yahoo
2022-01-27,431.24,438.26,441.59,429.45,431.24,149878300,yahoo
2022-01-28,441.95,432.68,442.0,427.82,441.95,164457400,yahoo
2022-01-31,449.91,441.24,450.28,439.81,449.91,152251400,yahoo
2022-02-01,452.95,450.68,453.63,446.94,452.95,123155400,yahoo
2022-02-02,457.35,455.5,458.12,453.05,457.35,117361000,yahoo
2022-02-03,446.6,450.95,452.97,445.71,446.6,118024400,yahoo
2022-02-04,448.7,446.35,452.78,443.83,448.7,118454400,yahoo
2022-02-07,447.26,449.51,450.99,445.85,447.26,84472900,yahoo
2022-02-08,450.94,446.73,451.92,445.22,450.94,81012000,yahoo
2022-02-09,457.54,455.22,457.88,455.01,457.54,92589900,yahoo
2022-02-10,449.32,451.34,457.71,447.2,449.32,140103700,yahoo
2022-02-11,440.46,449.41,451.61,438.94,440.46,153214600,yahoo
2022-02-14,439.02,439.92,441.6,435.34,439.02,123006300,yahoo
2022-02-15,446.1,443.73,446.28,443.18,446.1,88482700,yahoo
2022-02-16,446.6,443.93,448.06,441.94,446.6,84863600,yahoo
2022-02-17,437.06,443.22,446.57,436.42,437.06,102259100,yahoo
2022-02-18,434.23,437.33,438.66,431.82,434.23,132642900,yahoo
2022-02-22,429.57,431.89,435.5,425.86,429.57,124391800,yahoo
2022-02-23,421.95,432.66,433.26,421.35,421.95,132578000,yahoo
2022-02-24,428.3,411.02,428.76,410.64,428.3,213942900,yahoo
2022-02-25,437.75,429.61,437.84,427.86,437.75,121804500,yahoo
2022-02-28,436.63,432.03,438.2,430.7,436.63,145615000,yahoo
2022-03-01,429.98,435.04,437.17,427.11,429.98,137785900,yahoo
2022-03-02,437.89,432.37,439.72,431.57,437.89,117726500,yahoo
2022-03-03,435.71,440.47,441.11,433.8,435.71,105501700,yahoo
2022-03-04,432.17,431.75,433.37,427.88,432.17,113978200,yahoo
2022-03-07,419.43,431.55,432.3,419.36,419.43,137896600,yahoo
2022-03-08,416.25,419.62,427.21,415.12,416.25,164772700,yahoo
2022-03-09,427.41,425.14,429.51,422.82,427.41,116990800,yahoo
2022-03-10,425.48,422.52,426.43,420.44,425.48,93972700,yahoo
2022-03-11,420.07,428.12,428.77,419.53,420.07,95636300,yahoo
2022-03-14,417.0,420.89,424.55,415.79,417.0,95729200,yahoo
2022-03-15,426.17,419.77,426.84,418.42,426.17,106219100,yahoo
2022-03-16,435.62,429.89,435.68,424.8,435.62,144954800,yahoo
2022-03-17,441.07,433.59,441.07,433.19,441.07,102676900,yahoo
2022-03-18,444.52,438.0,444.86,437.22,444.52,106345500,yahoo
2022-03-21,444.39,444.34,446.46,440.68,444.39,88349800,yahoo
2022-03-22,449.59,445.86,450.58,445.86,449.59,74650400,yahoo
2022-03-23,443.8,446.91,448.49,443.71,443.8,79426100,yahoo
2022-03-24,450.49,445.94,450.5,444.76,450.49,64736900,yahoo
2022-03-25,452.69,451.16,452.98,448.43,452.69,77101300,yahoo
2022-03-28,455.91,452.06,455.91,450.06,455.91,68529800,yahoo
2022-03-29,461.55,460.02,462.07,457.18,461.55,86581500,yahoo
2022-03-30,458.7,460.34,461.2,456.47,458.7,79666900,yahoo
2022-03-31,451.64,457.89,458.76,451.16,451.64,121699900,yahoo
2022-04-01,452.92,453.31,453.46,449.14,452.92,89048800,yahoo
2022-04-04,456.8,453.13,456.91,452.26,456.8,59601000,yahoo
2022-04-05,451.03,455.22,457.83,449.82,451.03,74214500,yahoo
2022-04-06,446.52,446.89,448.93,443.47,446.52,106898000,yahoo
2022-04-07,448.77,445.59,450.69,443.53,448.77,78097200,yahoo
2022-04-08,447.57,447.97,450.63,445.94,447.57,79272700,yahoo
2022-04-11,439.92,444.11,445.0,439.39,439.92,89770500,yahoo
2022-04-12,438.29,443.08,445.75,436.65,438.29,84363600,yahoo
2022-04-13,443.31,438.03,444.11,437.84,443.31,74070400,yahoo
2022-04-14,437.79,443.55,444.73,437.68,437.79,97869500,yahoo
2022-04-18,437.97,436.81,439.75,435.61,437.97,66002500,yahoo
2022-04-19,445.04,437.86,445.8,437.68,445.04,77821000,yahoo
2022-04-20,444.71,446.92,447.57,443.48,444.71,65224400,yahoo
2022-04-21,438.06,448.54,450.01,437.1,438.06,85417300,yahoo
2022-04-22,426.04,436.91,438.08,425.44,426.04,132471800,yahoo
2022-04-25,428.51,423.67,428.69,418.84,428.51,119647700,yahoo
2022-04-26,416.1,425.83,426.04,416.07,416.1,103996300,yahoo
2022-04-27,417.27,417.24,422.92,415.01,417.27,122030000,yahoo
2022-04-28,427.81,422.29,429.64,417.6,427.81,105449100,yahoo
2022-04-29,412.0,423.59,425.87,411.21,412.0,145491100,yahoo
2022-05-02,414.48,412.07,415.92,405.02,414.48,158312500,yahoo
2022-05-03,416.38,415.01,418.93,413.36,416.38,100028200,yahoo
2022-05-04,429.06,417.08,429.66,413.71,429.06,144247900,yahoo
2022-05-05,413.81,424.55,425.0,409.44,413.81,172929100,yahoo
2022-05-06,411.34,411.1,414.8,405.73,411.34,151770800,yahoo
2022-05-09,398.17,405.1,406.41,396.5,398.17,155586100,yahoo
2022-05-10,399.09,404.49,406.08,394.82,399.09,132497200,yahoo
2022-05-11,392.75,398.07,404.04,391.96,392.75,142361000,yahoo
2022-05-12,392.34,389.37,395.8,385.15,392.34,125090800,yahoo
2022-05-13,401.72,396.71,403.18,395.61,401.72,104174400,yahoo
2022-05-16,400.09,399.98,403.97,397.6,400.09,78622400,yahoo
2022-05-17,408.32,406.53,408.57,402.58,408.32,83029700,yahoo
2022-05-18,391.86,403.5,403.8,390.55,391.86,117674500,yahoo
2022-05-19,389.46,388.62,394.14,387.11,389.46,98510700,yahoo
2022-05-20,389.63,393.25,397.03,380.54,389.63,131432200,yahoo
2022-05-23,396.92,392.83,397.73,390.38,396.92,76414900,yahoo
2022-05-24,393.89,392.56,395.15,386.96,393.89,91448800,yahoo
2022-05-25,397.37,392.31,399.45,391.89,397.37,91472900,yahoo
2022-05-26,405.31,398.67,407.04,398.45,405.31,82168300,yahoo
2022-05-27,415.26,407.91,415.38,407.7,415.26,84768700,yahoo
2022-05-31,412.93,413.55,416.46,410.03,412.93,95937000,yahoo
2022-06-01,409.59,415.17,416.24,406.93,409.59,86585800,yahoo
2022-06-02,417.39,409.42,417.44,407.04,417.39,79609600,yahoo
2022-06-03,410.54,412.4,414.04,409.51,410.54,71874300,yahoo
2022-06-06,411.79,414.78,416.61,410.55,411.79,57508900,yahoo
2022-06-07,415.74,408.1,416.22,407.61,415.74,59272400,yahoo
2022-06-08,411.22,413.93,415.82,410.38,411.22,64350000,yahoo
2022-06-09,401.44,409.34,411.74,401.44,401.44,86289800,yahoo
2022-06-10,389.8,394.88,395.78,389.75,389.8,132893900,yahoo
2022-06-13,375.0,379.85,381.81,373.3,375.0,170004900,yahoo
2022-06-14,373.87,376.85,377.94,370.59,373.87,104011800,yahoo
2022-06-15,379.2,377.36,383.9,372.12,379.2,125666800,yahoo
2022-06-16,366.65,370.51,370.94,364.08,366.65,134473300,yahoo
2022-06-17,365.86,365.51,369.38,362.17,365.86,111113900,yahoo
2022-06-21,375.07,371.89,376.53,371.81,375.07,76811900,yahoo
2022-06-22,374.39,370.62,378.72,370.18,374.39,90059400,yahoo
2022-06-23,378.06,376.64,378.83,372.89,378.06,79292100,yahoo
2022-06-24,390.08,381.4,390.09,381.37,390.08,98050300,yahoo
2022-06-27,388.59,391.05,391.36,387.44,388.59,66009600,yahoo
2022-06-28,380.65,390.23,393.16,380.53,380.65,86548900,yahoo
2022-06-29,380.34,381.23,382.27,378.42,380.34,65676000,yahoo
2022-06-30,377.25,376.24,380.66,372.56,377.25,112508300,yahoo
2022-07-01,381.24,376.56,381.7,373.8,381.24,74839700,yahoo
2022-07-05,381.96,375.88,381.98,372.9,381.96,81438000,yahoo
2022-07-06,383.25,382.11,385.87,379.6,383.25,70426200,yahoo
2022-07-07,388.99,385.12,389.83,383.27,388.99,64525900,yahoo
2022-07-08,388.67,387.27,390.64,385.66,388.67,72397800,yahoo
2022-07-11,384.23,385.85,386.87,383.5,384.23,58366900,yahoo
2022-07-12,380.83,383.65,386.16,378.99,380.83,62219200,yahoo
2022-07-13,378.83,375.1,381.92,374.66,378.83,84224600,yahoo
2022-07-14,377.91,373.61,379.05,371.04,377.91,89704800,yahoo
2022-07-15,385.13,382.55,385.25,380.54,385.13,79060400,yahoo
2022-07-18,381.95,388.38,389.09,380.66,381.95,63203600,yahoo
2022-07-19,392.27,386.08,392.87,385.39,392.27,78506000,yahoo
2022-07-20,394.77,392.47,396.26,391.03,394.77,71843800,yahoo
2022-07-21,398.79,394.16,398.84,391.63,398.79,64903900,yahoo
2022-07-22,395.09,398.92,400.18,392.75,395.09,72197300,yahoo
2022-07-25,395.57,395.75,396.47,393.21,395.57,53631500,yahoo
2022-07-26,390.89,393.84,394.06,389.95,390.89,52946400,yahoo
2022-07-27,401.04,394.36,402.88,394.05,401.04,82342100,yahoo
2022-07-28,406.07,401.89,406.8,398.15,406.07,73966600,yahoo
2022-07-29,411.99,407.58,413.03,406.77,411.99,87003700,yahoo
2022-08-01,410.77,409.15,413.41,408.4,410.77,69997500,yahoo
2022-08-02,408.06,409.12,413.0,406.82,408.06,63435400,yahoo
2022-08-03,414.45,410.3,415.68,410.0,414.45,67820600,yahoo
2022-08-04,414.17,414.37,415.09,412.44,414.17,45656600,yahoo
2022-08-05,413.47,409.66,414.15,409.6,413.47,56814900,yahoo
2022-08-08,412.99,415.25,417.62,411.83,412.99,53886100,yahoo
2022-08-09,411.35,412.22,412.75,410.22,411.35,44931800,yahoo
2022-08-10,419.99,418.78,420.14,416.72,419.99,68665700,yahoo
2022-08-11,419.99,422.99,424.95,419.21,419.99,59489700,yahoo
2022-08-12,427.1,422.03,427.21,421.03,427.1,61694500,yahoo
2022-08-15,428.86,424.77,429.41,424.71,428.86,54048300,yahoo
2022-08-16,429.7,427.73,431.73,426.88,429.7,59289000,yahoo
2022-08-17,426.65,425.91,429.5,424.54,426.65,63563400,yahoo
2022-08-18,427.89,426.86,428.61,425.5,427.89,49023200,yahoo
2022-08-19,422.14,424.98,425.26,421.22,422.14,68016900,yahoo
2022-08-22,413.35,417.05,417.23,412.4,413.35,77695600,yahoo
2022-08-23,412.35,412.9,415.42,411.77,412.35,49105200,yahoo
2022-08-24,413.67,412.11,415.11,411.39,413.67,49177800,yahoo
2022-08-25,419.51,415.24,419.56,414.09,419.51,50942300,yahoo
2022-08-26,405.31,419.39,419.96,405.25,405.31,103087000,yahoo
2022-08-29,402.63,402.2,405.84,401.2,402.63,65370800,yahoo
2022-08-30,398.21,403.85,404.1,396.0,398.21,85652400,yahoo
2022-08-31,395.18,399.93,401.24,395.04,395.18,76029700,yahoo
2022-09-01,396.42,392.89,396.78,390.04,396.42,78740100,yahoo
2022-09-02,392.24,400.28,401.56,390.33,392.24,99632100,yahoo
2022-09-06,390.76,393.13,394.12,388.42,390.76,76637400,yahoo
2022-09-07,397.78,390.43,398.59,390.2,397.78,70964200,yahoo
2022-09-08,400.38,395.39,400.86,394.12,400.38,80821700,yahoo
2022-09-09,406.6,402.74,407.51,402.46,406.6,76706900,yahoo
2022-09-12,410.97,408.78,411.73,408.46,410.97,69256300,yahoo
2022-09-13,393.1,401.83,403.1,391.92,393.1,122947100,yahoo
2022-09-14,394.6,394.47,396.2,391.12,394.6,85023700,yahoo
2022-09-15,390.12,392.96,395.96,388.78,390.12,87633800,yahoo
2022-09-16,385.56,384.14,386.25,382.11,385.56,103084800,yahoo
2022-09-19,388.55,382.26,388.55,382.18,388.55,73278500,yahoo
2022-09-20,384.09,385.06,386.12,381.2,384.09,77274900,yahoo
2022-09-21,377.39,386.11,389.31,377.38,377.39,106746600,yahoo
2022-09-22,374.22,376.58,378.3,373.44,374.22,89472600,yahoo
2022-09-23,367.95,370.58,370.62,363.29,367.95,122346900,yahoo
2022-09-26,364.31,366.41,370.21,363.03,364.31,92581200,yahoo
2022-09-27,363.38,368.02,370.4,360.87,363.38,108294100,yahoo
2022-09-28,370.53,364.38,372.3,362.6,370.53,110802200,yahoo
2022-09-29,362.79,366.81,367.11,359.7,362.79,112952300,yahoo
2022-09-30,357.18,361.8,365.91,357.04,357.18,153711200,yahoo
2022-10-03,366.61,361.08,368.55,359.21,366.61,89756500,yahoo
2022-10-04,377.97,372.4,378.0,366.57,377.97,103602800,yahoo
2022-10-05,377.09,373.39,379.46,370.95,377.09,88065700,yahoo
2022-10-06,373.2,375.62,378.72,372.68,373.2,82333500,yahoo
2022-10-07,362.79,368.97,373.29,360.94,362.79,107789500,yahoo
2022-10-10,360.02,363.96,364.21,357.67,360.02,76042800,yahoo
2022-10-11,357.74,358.24,363.03,355.71,357.74,92482800,yahoo
2022-10-12,356.56,358.17,359.82,356.3,356.56,76991800,yahoo
2022-10-13,365.97,349.21,367.51,348.11,365.97,147254500,yahoo
2022-10-14,357.63,368.55,370.26,356.96,357.63,123737000,yahoo
2022-10-17,366.82,364.01,367.98,357.28,366.82,93168200,yahoo
2022-10-18,371.13,375.13,375.45,367.52,371.13,97162900,yahoo
2022-10-19,368.5,368.99,371.85,365.55,368.5,79746900,yahoo
2022-10-20,365.41,368.03,372.67,364.61,365.41,88283100,yahoo
2022-10-21,374.29,365.12,374.8,363.54,374.29,131038400,yahoo
2022-10-24,378.87,375.89,380.06,373.11,378.87,85436900,yahoo
2022-10-25,384.92,378.79,385.25,378.67,384.92,78846300,yahoo
2022-10-26,382.02,381.62,387.58,381.35,382.02,104087300,yahoo
2022-10-27,379.98,383.07,385.0,379.33,379.98,81971800,yahoo
2022-10-28,389.02,379.87,389.52,379.68,389.02,100302000,yahoo
2022-10-31,386.21,386.44,388.4,385.26,386.21,96631300,yahoo
2022-11-01,384.52,390.14,390.39,383.29,384.52,85407600,yahoo
2022-11-02,374.87,383.9,388.63,374.76,374.87,126990400,yahoo
2022-11-03,371.01,371.47,374.2,368.79,371.01,87100100,yahoo
2022-11-04,376.35,377.0,378.87,370.0,376.35,103505200,yahoo
2022-11-07,379.95,377.71,380.57,375.53,379.95,68286900,yahoo
2022-11-08,382.0,381.11,385.12,377.72,382.0,84641100,yahoo
2022-11-09,374.13,379.93,381.14,373.61,374.13,78495500,yahoo
2022-11-10,394.69,388.05,395.04,385.64,394.69,141455800,yahoo
2022-11-11,398.51,395.59,399.35,393.61,398.51,93839900,yahoo
2022-11-14,395.12,396.66,400.18,394.83,395.12,71903500,yahoo
2022-11-15,398.49,401.15,402.31,394.49,398.49,93194500,yahoo
2022-11-16,395.45,396.78,397.78,394.79,395.45,68508500,yahoo
2022-11-17,394.24,390.46,394.95,390.14,394.24,74496300,yahoo
2022-11-18,396.03,397.74,397.81,393.04,396.03,92922500,yahoo
2022-11-21,394.59,394.64,395.82,392.66,394.59,51243200,yahoo
2022-11-22,399.9,396.63,400.07,395.15,399.9,60429000,yahoo
2022-11-23,402.42,399.55,402.93,399.31,402.42,68261600,yahoo
2022-11-25,402.33,401.83,402.91,401.54,402.33,30545400,yahoo
2022-11-28,395.91,399.09,400.81,395.11,395.91,67881600,yahoo
2022-11-29,395.23,396.05,397.3,393.3,395.23,52310000,yahoo
2022-11-30,407.68,395.49,407.68,393.48,407.68,144566700,yahoo
2022-12-01,407.38,408.77,410.0,404.75,407.38,76398200,yahoo
2022-12-02,406.91,402.25,407.86,402.14,406.91,85342700,yahoo
2022-12-05,399.59,403.95,404.93,398.17,399.59,77289800,yahoo
2022-12-06,393.83,399.42,399.99,391.64,393.83,77972200,yahoo
2022-12-07,393.16,392.94,395.64,391.97,393.16,65927900,yahoo
2022-12-08,396.24,395.14,397.36,393.27,396.24,60737900,yahoo
2022-12-09,393.28,394.94,397.62,393.15,393.28,81447700,yahoo
2022-12-12,398.95,394.11,398.95,393.41,398.95,75405800,yahoo
2022-12-13,401.97,410.22,410.49,399.07,401.97,123782500,yahoo
2022-12-14,399.4,401.61,405.5,396.31,399.4,108111300,yahoo
2022-12-15,389.63,394.3,395.25,387.89,389.63,117705900,yahoo
2022-12-16,383.27,385.18,386.58,381.04,383.27,119858000,yahoo
2022-12-19,380.02,383.47,383.82,378.28,380.02,79878100,yahoo
2022-12-20,380.54,379.23,382.23,377.85,380.54,74427200,yahoo
2022-12-21,386.23,383.25,387.41,382.69,386.23,78167400,yahoo
2022-12-22,380.72,383.05,386.21,374.77,380.72,100120900,yahoo
2022-12-23,382.91,379.65,383.06,378.03,382.91,59857300,yahoo
2022-12-27,381.4,382.79,383.15,379.65,381.4,51638200,yahoo
2022-12-28,376.66,381.33,383.39,376.42,376.66,70911500,yahoo
2022-12-29,383.44,379.63,384.35,379.08,383.44,66970900,yahoo
2022-12-30,382.43,380.64,382.58,378.43,382.43,84022200,yahoo
2023-01-03,380.82,384.37,386.43,377.83,380.82,74850700,yahoo
2023-01-04,383.76,383.18,385.88,380.0,383.76,85934100,yahoo
2023-01-05,379.38,381.72,381.84,378.76,379.38,76970500,yahoo
2023-01-06,388.08,382.61,389.25,379.41,388.08,104189600,yahoo
2023-01-09,387.86,390.37,393.7,387.67,387.86,73978100,yahoo
2023-01-10,390.58,387.25,390.65,386.27,390.58,65358100,yahoo
2023-01-11,395.52,392.23,395.6,391.38,395.52,68881100,yahoo
2023-01-12,396.96,396.67,398.49,392.42,396.96,90157700,yahoo
2023-01-13,398.5,393.62,399.1,393.34,398.5,63903900,yahoo
2023-01-17,397.77,398.48,400.23,397.06,397.77,62677300,yahoo
2023-01-18,391.49,399.01,400.12,391.28,391.49,99632300,yahoo
2023-01-19,388.64,389.36,391.08,387.26,388.64,86958900,yahoo
2023-01-20,395.88,390.1,396.04,388.38,395.88,91806400,yahoo
2023-01-23,400.63,396.72,402.65,395.72,400.63,84178800,yahoo
2023-01-24,400.2,398.88,401.15,397.64,400.2,59524900,yahoo
2023-01-25,400.35,395.95,400.7,393.56,400.35,84800300,yahoo
2023-01-26,404.75,403.13,404.92,400.03,404.75,72287400,yahoo
2023-01-27,405.68,403.66,408.16,403.44,405.68,68346200,yahoo
2023-01-30,400.59,402.8,405.13,400.28,400.59,74202000,yahoo
2023-01-31,406.48,401.13,406.53,400.77,406.48,86811800,yahoo
2023-02-01,410.8,405.21,413.67,402.35,410.8,101459200,yahoo
2023-02-02,416.78,414.86,418.31,412.88,416.78,101654500,yahoo
2023-02-03,412.35,411.59,416.97,411.09,412.35,94736800,yahoo
2023-02-06,409.83,409.79,411.29,408.1,409.83,60295300,yahoo
2023-02-07,415.19,408.87,416.49,407.57,415.19,90990700,yahoo
2023-02-08,410.65,413.13,414.53,409.93,410.65,76227500,yahoo
2023-02-09,407.09,414.41,414.57,405.81,407.09,78694900,yahoo
2023-02-10,408.04,405.86,408.44,405.01,408.04,70769700,yahoo
2023-02-13,412.83,408.72,412.97,408.24,412.83,64913500,yahoo
2023-02-14,412.64,411.24,415.05,408.51,412.64,88389300,yahoo
2023-02-15,413.98,410.35,414.06,409.47,413.98,61555700,yahoo
2023-02-16,408.28,408.79,412.91,408.14,408.28,76431500,yahoo
2023-02-17,407.26,406.06,407.51,404.05,407.26,89257800,yahoo
2023-02-21,399.09,403.06,404.16,398.82,399.09,82655900,yahoo
2023-02-22,398.54,399.52,401.13,397.02,398.54,83742300,yahoo
2023-02-23,400.66,401.56,402.2,396.25,400.66,96242400,yahoo
2023-02-24,396.38,395.42,397.25,393.64,396.38,108194400,yahoo
2023-02-27,397.73,399.87,401.29,396.75,397.73,80444700,yahoo
2023-02-28,396.26,397.23,399.28,396.15,396.26,96438600,yahoo
2023-03-01,394.74,395.41,396.69,393.38,394.74,99706800,yahoo
2023-03-02,397.81,392.68,398.69,392.33,397.81,85127800,yahoo
2023-03-03,404.19,399.71,404.45,399.03,404.19,90120000,yahoo
2023-03-06,404.47,405.05,407.45,404.01,404.47,72795900,yahoo
2023-03-07,398.27,404.42,404.67,397.63,398.27,108310600,yahoo
2023-03-08,398.92,398.39,399.71,396.59,398.92,74746600,yahoo
2023-03-09,391.56,399.74,401.48,390.53,391.56,111945300,yahoo
2023-03-10,385.91,390.99,393.16,384.32,385.91,189253000,yahoo
2023-03-13,385.36,381.81,390.39,380.65,385.36,157790000,yahoo
2023-03-14,391.73,390.5,393.45,387.05,391.73,149752400,yahoo
2023-03-15,389.28,385.89,389.49,383.71,389.28,172996900,yahoo
2023-03-16,396.11,386.82,396.47,386.29,396.11,143254200,yahoo
2023-03-17,389.99,393.22,394.4,388.55,389.99,140553400,yahoo
2023-03-20,393.74,390.8,394.17,390.07,393.74,93055800,yahoo
2023-03-21,398.91,397.24,399.41,395.58,398.91,91524200,yahoo
2023-03-22,392.11,398.73,402.49,392.07,392.11,111746600,yahoo
2023-03-23,393.17,395.09,399.29,390.35,393.17,119351300,yahoo
2023-03-24,395.75,391.84,395.84,389.4,395.75,107682400,yahoo
2023-03-27,396.49,398.12,398.92,395.56,396.49,74010400,yahoo
2023-03-28,395.6,395.77,396.49,393.69,395.6,62871700,yahoo
2023-03-29,401.35,399.93,401.6,398.68,401.35,77497900,yahoo
2023-03-30,403.7,404.09,404.35,401.76,403.7,69840000,yahoo
2023-03-31,409.39,404.66,409.7,404.55,409.39,112062600,yahoo
2023-04-03,410.95,408.85,411.37,408.44,410.95,67391100,yahoo
2023-04-04,408.67,411.62,411.92,407.24,408.67,66601500,yahoo
2023-04-05,407.6,407.91,408.7,405.88,407.6,65200200,yahoo
2023-04-06,409.19,406.77,409.48,405.68,409.19,63743300,yahoo
2023-04-10,409.61,406.61,409.69,405.97,409.61,63681000,yahoo
2023-04-11,409.72,410.26,411.18,408.92,409.72,59297900,yahoo
2023-04-12,408.05,411.87,412.17,407.44,408.05,86420400,yahoo
2023-04-13,413.47,409.18,413.84,407.99,413.47,85814800,yahoo
2023-04-14,412.46,412.81,415.09,410.06,412.46,78161500,yahoo
2023-04-17,413.94,412.37,413.96,411.09,413.94,66436400,yahoo
2023-04-18,414.21,415.58,415.72,412.78,414.21,63560000,yahoo
2023-04-19,414.14,412.22,415.08,412.16,414.14,55227300,yahoo
2023-04-20,411.88,411.21,413.7,410.27,411.88,75840400,yahoo
2023-04-21,412.2,412.19,412.68,410.17,412.2,73457400,yahoo
2023-04-24,412.63,411.99,413.07,410.6,412.63,64332100,yahoo
2023-04-25,406.08,410.58,411.16,406.02,406.08,97766700,yahoo
2023-04-26,404.36,406.72,407.84,403.78,404.36,80447000,yahoo
2023-04-27,412.41,407.0,412.69,406.74,412.41,92968400,yahoo
2023-04-28,415.93,411.49,415.94,411.43,415.93,89433100,yahoo
2023-05-01,415.51,415.47,417.62,415.27,415.51,62122300,yahoo
2023-05-02,410.84,414.77,414.82,407.82,410.84,103998500,yahoo
2023-05-03,408.02,411.36,413.87,407.77,408.02,91531800,yahoo
2023-05-04,405.13,406.93,407.27,403.74,405.13,94901900,yahoo
2023-05-05,412.63,408.91,413.72,408.64,412.63,87891800,yahoo
2023-05-08,412.74,412.97,413.24,411.28,412.74,50046800,yahoo
2023-05-09,410.93,411.13,412.09,410.69,410.93,49220100,yahoo
2023-05-10,412.85,413.88,414.54,408.87,412.85,96142900,yahoo
2023-05-11,412.13,411.95,412.43,409.97,412.13,70157100,yahoo
2023-05-12,411.59,413.42,413.64,409.07,411.59,70481500,yahoo
2023-05-15,413.01,412.22,413.43,410.23,413.01,54289400,yahoo
2023-05-16,410.25,411.86,412.82,410.24,410.25,57705500,yahoo
2023-05-17,415.23,412.35,415.86,410.64,415.23,87287000,yahoo
2023-05-18,419.23,414.9,419.67,414.67,419.23,97177200,yahoo
2023-05-19,418.62,420.17,420.72,417.35,418.62,103793300,yahoo
2023-05-22,418.79,418.64,420.39,417.35,418.79,60745400,yahoo
2023-05-23,414.09,417.08,418.72,413.68,414.09,86383500,yahoo
2023-05-24,411.09,412.42,412.82,409.88,411.09,89213700,yahoo
2023-05-25,414.65,414.74,416.16,412.41,414.65,90961600,yahoo
2023-05-26,420.02,415.33,420.77,415.25,420.02,93830000,yahoo
2023-05-30,420.18,422.03,422.58,418.74,420.18,72216000,yahoo
2023-05-31,417.85,418.28,419.22,416.22,417.85,110811800,yahoo
2023-06-01,421.82,418.09,422.92,416.79,421.82,88865000,yahoo
2023-06-02,427.92,424.5,428.74,423.95,427.92,91426200,yahoo
2023-06-05,427.1,428.28,429.62,426.37,427.1,65460200,yahoo
2023-06-06,428.03,426.67,428.58,425.99,428.03,64022200,yahoo
2023-06-07,426.55,428.44,429.62,426.11,426.55,85373300,yahoo
2023-06-08,429.13,426.62,429.6,425.82,429.13,61952800,yahoo
2023-06-09,429.9,429.96,431.99,428.87,429.9,85742800,yahoo
2023-06-12,433.8,430.92,433.88,430.17,433.8,76104300,yahoo
2023-06-13,436.66,435.32,437.33,434.63,436.66,95899700,yahoo
2023-06-14,437.18,437.01,439.06,433.59,437.18,100612100,yahoo
2023-06-15,442.6,436.33,443.9,436.23,442.6,110303100,yahoo
2023-06-16,439.46,443.02,443.61,438.97,439.46,114165800,yahoo
2023-06-20,437.18,437.45,438.37,435.03,437.18,76160400,yahoo
2023-06-21,434.94,436.16,436.99,434.33,434.94,76982300,yahoo
2023-06-22,436.51,433.95,436.62,433.6,436.51,70637200,yahoo
2023-06-23,433.21,432.93,435.06,432.47,433.21,92074500,yahoo
2023-06-26,431.44,432.62,434.61,431.19,431.44,72823600,yahoo
2023-06-27,436.17,432.35,436.81,431.88,436.17,72813700,yahoo
2023-06-28,436.39,435.05,437.44,434.41,436.39,75636000,yahoo
2023-06-29,438.11,435.96,438.28,435.54,438.11,67882300,yahoo
2023-06-30,443.28,441.44,444.3,441.11,443.28,104964000,yahoo
2023-07-03,443.79,442.92,444.08,442.63,443.79,32793400,yahoo
2023-07-05,443.13,441.91,443.89,441.9,443.13,58418400,yahoo
2023-07-06,439.66,439.42,440.1,437.06,439.66,80658300,yahoo
2023-07-07,438.55,438.63,442.64,438.3,438.55,86134200,yahoo
2023-07-10,439.66,438.18,439.84,437.59,439.66,62443500,yahoo
2023-07-11,442.46,440.45,442.97,439.44,442.46,64463800,yahoo
2023-07-12,446.02,446.39,447.48,444.91,446.02,91924500,yahoo
2023-07-13,449.56,447.9,450.38,447.45,449.56,72425200,yahoo
2023-07-14,449.28,450.48,451.36,448.49,449.28,69815800,yahoo
2023-07-17,450.84,449.13,451.93,449.08,450.84,52680200,yahoo
2023-07-18,454.19,450.5,454.86,450.05,454.19,80668200,yahoo
2023-07-19,455.2,455.01,456.43,454.11,455.2,65891700,yahoo
2023-07-20,452.18,454.17,455.1,451.44,452.18,70591600,yahoo
2023-07-21,452.18,453.96,454.17,452.17,452.18,71275600,yahoo
2023-07-24,454.2,453.37,455.04,452.3,454.2,54023400,yahoo
2023-07-25,455.44,453.92,456.74,453.87,455.44,55191200,yahoo
2023-07-26,455.51,454.47,456.99,453.38,455.51,71052900,yahoo
2023-07-27,452.49,459.02,459.44,451.55,452.49,92194400,yahoo
2023-07-28,456.92,455.88,457.78,452.49,456.92,80011800,yahoo
2023-07-31,457.79,457.41,458.16,456.05,457.79,62040400,yahoo
2023-08-01,456.48,456.27,457.25,455.49,456.48,55291500,yahoo
2023-08-02,450.13,453.25,453.52,449.35,450.13,93933400,yahoo
2023-08-03,448.84,448.04,450.79,447.37,448.84,64276100,yahoo
2023-08-04,446.81,450.72,452.9,446.27,446.81,100128900,yahoo
2023-08-07,450.71,448.71,450.87,447.99,450.71,58357500,yahoo
2023-08-08,448.75,448.08,450.7,445.27,448.75,71361300,yahoo
2023-08-09,445.75,449.03,449.2,444.96,445.75,78789600,yahoo
2023-08-10,445.91,448.19,451.7,444.7,445.91,93005500,yahoo
2023-08-11,445.65,443.97,446.7,443.35,445.65,68690900,yahoo
2023-08-14,448.11,444.7,448.11,444.38,448.11,47867400,yahoo
2023-08-15,442.89,446.27,446.64,442.3,442.89,75707500,yahoo
2023-08-16,439.64,442.46,444.18,439.53,439.64,80107200,yahoo
2023-08-17,436.29,441.16,441.43,435.75,436.29,95711300,yahoo
2023-08-18,436.5,433.37,437.57,433.01,436.5,98852000,yahoo
2023-08-21,439.34,437.55,440.11,435.32,439.34,68719000,yahoo
2023-08-22,438.15,441.18,441.18,437.57,438.15,64994200,yahoo
2023-08-23,443.03,439.25,443.67,439.1,443.03,68441000,yahoo
2023-08-24,436.89,444.69,445.22,436.86,436.89,88517300,yahoo
2023-08-25,439.97,438.68,441.3,435.0,439.97,102325100,yahoo
2023-08-28,442.76,442.24,443.4,439.97,442.76,61595400,yahoo
2023-08-29,449.16,442.65,449.45,442.46,449.16,83081900,yahoo
2023-08-30,451.01,449.51,451.67,448.78,451.01,69053900,yahoo
2023-08-31,450.35,451.65,452.83,450.16,450.35,66084600,yahoo
2023-09-01,451.19,453.17,453.67,449.68,451.19,58944100,yahoo
2023-09-05,449.24,450.73,451.06,449.17,449.24,55166200,yahoo
2023-09-06,446.22,448.4,448.51,443.81,446.22,70758500,yahoo
2023-09-07,444.85,443.11,445.55,442.75,444.85,70355400,yahoo
2023-09-08,445.52,444.9,447.11,444.53,445.52,61659700,yahoo
2023-09-11,448.45,448.24,448.77,446.47,448.45,60180100,yahoo
2023-09-12,445.99,446.95,448.53,445.39,445.99,67565400,yahoo
2023-09-13,446.51,446.22,447.71,445.08,446.51,60199300,yahoo
2023-09-14,450.36,449.07,451.08,447.72,450.36,83430800,yahoo
2023-09-15,443.37,447.14,447.48,442.92,443.37,111848900,yahoo
2023-09-18,443.63,443.05,444.97,442.56,443.63,55752200,yahoo
2023-09-19,442.71,442.68,443.29,439.94,442.71,66514600,yahoo
2023-09-20,438.64,444.01,444.44,438.43,438.64,82562600,yahoo
2023-09-21,431.39,435.7,435.97,431.23,431.39,104095800,yahoo
2023-09-22,430.42,432.45,434.1,429.99,430.42,100829700,yahoo
2023-09-25,432.23,429.17,432.27,428.72,432.23,70874500,yahoo
2023-09-26,425.88,429.09,429.82,425.02,425.88,96168400,yahoo
2023-09-27,426.05,427.09,427.67,422.29,426.05,104705800,yahoo
2023-09-28,428.52,425.48,430.25,424.87,428.52,92258300,yahoo
2023-09-29,427.48,431.67,431.85,425.91,427.48,115111300,yahoo
2023-10-02,427.31,426.62,428.6,424.46,427.31,83798600,yahoo
2023-10-03,421.59,425.06,427.37,420.18,421.59,103760600,yahoo
2023-10-04,424.66,422.07,425.43,420.56,424.66,87453000,yahoo
2023-10-05,424.5,424.36,425.37,421.17,424.5,70142700,yahoo
2023-10-06,429.54,421.97,431.13,420.6,429.54,113273300,yahoo
2023-10-09,432.29,427.58,432.88,427.01,432.29,80374400,yahoo
2023-10-10,434.54,432.94,437.22,432.53,434.54,78607300,yahoo
2023-10-11,436.32,435.64,436.58,433.18,436.32,62451700,yahoo
2023-10-12,433.66,436.95,437.34,431.23,433.66,81154200,yahoo
2023-10-13,431.5,435.21,436.45,429.88,431.5,95143100,yahoo
2023-10-16,436.04,433.82,437.14,433.57,436.04,75433200,yahoo
2023-10-17,436.02,432.81,438.14,432.45,436.02,75324700,yahoo
2023-10-18,430.21,434.19,435.18,429.09,430.21,93559800,yahoo
2023-10-19,426.43,430.95,432.82,425.73,426.43,121323000,yahoo
2023-10-20,421.19,425.98,426.54,421.08,421.19,123919900,yahoo
2023-10-23,420.46,419.61,424.45,417.8,420.46,92035100,yahoo
2023-10-24,423.63,422.65,424.82,420.74,423.63,78564200,yahoo
2023-10-25,417.55,421.89,421.92,417.02,417.55,94223200,yahoo
2023-10-26,412.55,416.45,417.33,411.6,412.55,115156800,yahoo
2023-10-27,410.68,414.19,414.6,409.21,410.68,107367700,yahoo
2023-10-30,415.59,413.56,416.68,412.22,415.59,86562700,yahoo
2023-10-31,418.2,416.18,418.53,414.21,418.2,79665200,yahoo
2023-11-01,422.66,419.2,423.5,418.65,422.66,98068100,yahoo
2023-11-02,430.76,426.58,430.92,426.56,430.76,94938900,yahoo
2023-11-03,434.69,433.14,436.29,433.01,434.69,100167800,yahoo
2023-11-06,435.69,435.47,436.15,433.68,435.69,67831700,yahoo
2023-11-07,436.93,435.69,437.59,434.51,436.93,64256100,yahoo
2023-11-08,437.25,437.55,438.09,434.87,437.25,61746000,yahoo
2023-11-09,433.84,438.43,438.47,433.4,433.84,83174400,yahoo
2023-11-10,440.61,435.98,440.93,433.83,440.61,89462200,yahoo
2023-11-13,440.19,439.23,441.33,438.42,440.19,52236100,yahoo
2023-11-14,448.73,446.32,450.06,446.09,448.73,97176900,yahoo
2023-11-15,449.68,450.11,451.38,448.8,449.68,77327600,yahoo
2023-11-16,450.23,449.22,450.56,448.12,450.23,66665800,yahoo
2023-11-17,450.79,450.24,451.42,449.29,450.79,83133200,yahoo
2023-11-20,454.26,450.53,455.13,450.52,454.26,69936200,yahoo
2023-11-21,453.27,453.18,454.13,451.96,453.27,49244600,yahoo
2023-11-22,455.02,454.98,456.38,453.89,455.02,59394900,yahoo
2023-11-24,455.3,455.07,455.5,454.73,455.3,29737400,yahoo
2023-11-27,454.48,454.65,455.49,454.08,454.48,50506000,yahoo
2023-11-28,454.93,454.08,456.27,453.5,454.93,62115000,yahoo
2023-11-29,454.61,457.15,458.32,454.2,454.61,63146000,yahoo
2023-11-30,456.4,455.48,456.76,453.34,456.4,79752700,yahoo
2023-12-01,459.1,455.77,459.65,455.16,459.1,89183400,yahoo
2023-12-04,456.69,455.6,459.12,454.34,456.69,72430900,yahoo
2023-12-05,456.6,455.26,457.59,454.87,456.6,69793500,yahoo
2023-12-06,454.76,458.81,458.84,454.31,454.76,69124700,yahoo
2023-12-07,458.23,456.91,458.9,456.29,458.23,66995400,yahoo
2023-12-08,460.2,457.46,460.75,457.21,460.2,83194400,yahoo
2023-12-11,461.99,459.69,462.17,459.47,461.99,65002200,yahoo
2023-12-12,464.1,461.63,464.2,460.6,464.1,68327600,yahoo
2023-12-13,470.5,464.49,470.76,464.12,470.5,93278000,yahoo
2023-12-14,472.01,472.5,473.73,469.25,472.01,119026000,yahoo
2023-12-15,469.33,469.49,470.7,467.43,469.33,141553700,yahoo
2023-12-18,471.97,470.98,472.98,469.89,471.97,70375300,yahoo
2023-12-19,474.84,472.53,474.92,472.45,474.84,55761800,yahoo
2023-12-20,468.26,473.96,475.9,467.82,468.26,102921000,yahoo
2023-12-21,472.7,471.33,472.98,468.84,472.7,86667500,yahoo
2023-12-22,473.65,473.86,475.38,471.7,473.65,67160400,yahoo
2023-12-26,475.65,474.07,476.58,473.99,475.65,55387000,yahoo
2023-12-27,476.51,475.44,476.66,474.89,476.51,68000300,yahoo
2023-12-28,476.69,476.88,477.55,476.26,476.69,77158100,yahoo
2023-12-29,475.31,476.49,477.03,473.3,475.31,122283100,yahoo
2024-01-02,472.65,472.16,473.67,470.49,472.65,123623700,yahoo
2024-01-03,468.79,470.43,471.19,468.17,468.79,103585900,yahoo
2024-01-04,467.28,468.3,470.96,467.05,467.28,84232200,yahoo
2024-01-05,467.92,467.49,470.44,466.43,467.92,86118900,yahoo
2024-01-08,474.6,468.43,474.75,468.3,474.6,74879100,yahoo
2024-01-09,473.88,471.87,474.93,471.35,473.88,65931400,yahoo
2024-01-10,476.56,474.16,477.45,473.87,476.56,67310600,yahoo
2024-01-11,476.35,477.59,478.12,472.26,476.35,77940700,yahoo
2024-01-12,476.68,477.84,478.6,475.23,476.68,58026400,yahoo
2024-01-16,474.93,475.26,476.61,473.06,474.93,85014900,yahoo
2024-01-17,472.29,471.82,472.79,469.87,472.29,68843900,yahoo
2024-01-18,476.49,474.01,477.06,472.42,476.49,91856200,yahoo
2024-01-19,482.43,477.65,482.72,476.54,482.43,110834500,yahoo
2024-01-22,483.45,484.01,485.22,482.78,483.45,75844900,yahoo
2024-01-23,484.86,484.01,485.11,482.89,484.86,49945300,yahoo
2024-01-24,485.39,487.81,488.77,484.88,485.39,81765000,yahoo
2024-01-25,488.03,487.58,488.31,485.39,488.03,72525000,yahoo
2024-01-26,487.41,487.59,489.12,486.54,487.41,76641600,yahoo
2024-01-29,491.27,487.73,491.42,487.17,491.27,61322800,yahoo
2024-01-30,490.89,490.56,491.62,490.11,490.89,58618400,yahoo
2024-01-31,482.88,488.62,489.08,482.86,482.88,126011100,yahoo
2024-02-01,489.2,484.63,489.23,483.8,489.2,91891600,yahoo
2024-02-02,494.35,489.65,496.05,489.3,494.35,99228200,yahoo
2024-02-05,492.55,493.7,494.38,490.23,492.55,75757100,yahoo
2024-02-06,493.98,493.52,494.32,492.05,493.98,55918600,yahoo
2024-02-07,498.1,496.29,498.53,495.36,498.1,70556500,yahoo
2024-02-08,498.32,498.1,498.71,497.26,498.32,52343600,yahoo
2024-02-09,501.2,498.84,501.65,498.49,501.2,63979400,yahoo
2024-02-12,500.98,501.17,503.5,500.24,500.98,56502300,yahoo
2024-02-13,494.08,494.53,497.09,490.72,494.08,113099200,yahoo
2024-02-14,498.57,496.79,499.07,494.4,498.57,68387800,yahoo
2024-02-15,502.01,499.29,502.2,498.8,502.01,61683000,yahoo
2024-02-16,499.51,501.7,502.87,498.75,499.51,75532900,yahoo
2024-02-20,496.76,497.72,498.41,494.45,496.76,71736700,yahoo
2024-02-21,497.21,495.42,497.37,493.56,497.21,59293400,yahoo
2024-02-22,507.5,504.01,508.49,503.02,507.5,76402500,yahoo
2024-02-23,507.85,509.27,510.13,507.1,507.85,61321800,yahoo
2024-02-26,505.99,508.3,508.75,505.86,505.99,50386700,yahoo
2024-02-27,506.93,506.7,507.16,504.75,506.93,48854500,yahoo
2024-02-28,506.26,505.33,506.86,504.96,506.26,56506600,yahoo
2024-02-29,508.08,508.07,509.74,505.35,508.08,83924800,yahoo
2024-03-01,512.85,508.98,513.29,508.56,512.85,76844800,yahoo
2024-03-04,512.3,512.03,514.2,512.0,512.3,49799300,yahoo
2024-03-05,507.18,510.24,510.7,504.91,507.18,72855600,yahoo
2024-03-06,509.75,510.55,512.07,508.42,509.75,68382400,yahoo
2024-03-07,514.81,513.14,515.89,509.81,514.81,58652100,yahoo
2024-03-08,511.72,515.46,518.22,511.13,511.72,86532500,yahoo
2024-03-11,511.28,510.48,511.88,508.5,511.28,62557200,yahoo
2024-03-12,516.78,513.45,517.38,510.86,516.78,73114400,yahoo
2024-03-13,515.97,517.11,517.29,514.49,515.97,55104100,yahoo
2024-03-14,514.95,516.97,517.13,511.82,514.95,110171800,yahoo
2024-03-15,509.83,510.21,511.7,508.12,509.83,107646300,yahoo
2024-03-18,512.86,514.0,515.48,512.44,512.86,88893300,yahoo
2024-03-19,515.71,512.15,516.0,511.12,515.71,60755300,yahoo
2024-03-20,520.48,515.77,520.62,515.08,520.48,69594600,yahoo
2024-03-21,522.2,523.39,524.11,521.91,522.2,60256100,yahoo
2024-03-22,521.21,522.11,522.61,520.97,521.21,79070800,yahoo
2024-03-25,519.77,519.8,520.95,519.61,519.77,48512100,yahoo
2024-03-26,518.81,521.23,521.58,518.4,518.81,65463700,yahoo
2024-03-27,523.17,521.71,523.21,519.49,523.17,82999800,yahoo
2024-03-28,523.07,523.21,524.61,522.78,523.07,96294900,yahoo
2024-04-01,522.16,523.83,524.38,520.97,522.16,62477500,yahoo
2024-04-02,518.84,518.24,518.98,516.48,518.84,74230300,yahoo
2024-04-03,519.41,517.72,520.95,517.67,519.41,59155800,yahoo
2024-04-04,513.07,523.52,523.87,512.76,513.07,96858100,yahoo
2024-04-05,518.43,514.46,520.44,514.01,518.43,74546500,yahoo
2024-04-08,518.72,519.15,520.18,517.89,518.72,48401800,yahoo
2024-04-09,519.32,520.5,520.75,514.35,519.32,68049200,yahoo
2024-04-10,514.12,513.48,516.16,512.09,514.12,82652800,yahoo
2024-04-11,518.0,515.68,519.48,512.08,518.0,70099000,yahoo
2024-04-12,510.85,514.37,515.82,509.08,510.85,92561100,yahoo
2024-04-15,504.45,515.13,515.3,503.58,504.45,92101400,yahoo
2024-04-16,503.53,504.94,506.5,502.21,503.53,73484000,yahoo
2024-04-17,500.55,506.05,506.22,499.12,500.55,75910300,yahoo
2024-04-18,499.52,501.98,504.13,498.56,499.52,74548100,yahoo
2024-04-19,495.16,499.44,500.46,493.86,495.16,102212600,yahoo
2024-04-22,499.72,497.83,502.38,495.43,499.72,67961000,yahoo
2024-04-23,505.65,501.78,506.09,499.53,505.65,64633600,yahoo
2024-04-24,505.41,506.56,507.37,503.13,505.41,55928100,yahoo
2024-04-25,503.49,499.18,504.27,497.49,503.49,69122400,yahoo
2024-04-26,508.26,506.35,509.88,505.7,508.26,64306100,yahoo
2024-04-29,510.06,510.09,510.75,507.25,510.06,46415400,yahoo
2024-04-30,501.98,508.56,509.56,501.98,501.98,77483600,yahoo
2024-05-01,500.35,501.38,508.19,499.87,500.35,80242800,yahoo
2024-05-02,505.03,504.15,505.89,499.55,505.03,62550200,yahoo
2024-05-03,511.29,511.16,512.55,508.56,511.29,72756700,yahoo
2024-05-06,516.57,513.75,516.61,513.3,516.57,47264700,yahoo
2024-05-07,517.14,517.56,518.57,516.45,517.14,52561300,yahoo
2024-05-08,517.19,515.26,517.74,515.14,517.19,42047200,yahoo
2024-05-09,520.17,517.38,520.21,516.71,520.17,43643700,yahoo
2024-05-10,520.84,521.81,522.64,519.59,520.84,52233200,yahoo
2024-05-13,520.91,522.56,522.67,519.74,520.91,36716400,yahoo
2024-05-14,523.3,521.11,523.83,520.56,523.3,57535900,yahoo
2024-05-15,529.78,525.83,530.08,525.18,529.78,59504900,yahoo
2024-05-16,528.69,529.88,531.52,528.54,528.69,50244800,yahoo
2024-05-17,529.45,528.81,529.52,527.32,529.45,59187600,yahoo
2024-05-20,530.06,529.57,531.56,529.17,530.06,37764200,yahoo
2024-05-21,531.36,529.28,531.52,529.07,531.36,33437000,yahoo
2024-05-22,529.83,530.65,531.38,527.6,529.83,48390000,yahoo
2024-05-23,525.96,532.96,533.07,524.72,525.96,57211200,yahoo
2024-05-24,529.44,527.85,530.27,526.88,529.44,41291100,yahoo
2024-05-28,529.81,530.27,530.51,527.11,529.81,36269600,yahoo
2024-05-29,526.1,525.68,527.31,525.37,526.1,45190300,yahoo
2024-05-30,522.61,524.52,525.2,521.33,522.61,46377600,yahoo
2024-05-31,527.37,523.59,527.5,518.36,527.37,90785800,yahoo
2024-06-03,527.8,529.02,529.31,522.6,527.8,46835700,yahoo
2024-06-04,528.39,526.46,529.15,524.96,528.39,34632700,yahoo
2024-06-05,534.67,530.77,534.69,528.73,534.67,47610400,yahoo
2024-06-06,534.66,534.98,535.42,532.68,534.66,30808500,yahoo
2024-06-07,534.01,533.66,536.89,532.54,534.01,43224500,yahoo
2024-06-10,535.66,533.18,535.99,532.57,535.66,35686100,yahoo
2024-06-11,536.95,534.07,537.01,532.05,536.95,36383400,yahoo
2024-06-12,541.36,541.63,544.12,540.3,541.36,63251300,yahoo
2024-06-13,542.45,543.15,543.33,539.59,542.45,44760900,yahoo
2024-06-14,542.78,540.88,542.81,539.85,542.78,40089900,yahoo
2024-06-17,547.1,542.08,548.53,541.61,547.1,55839500,yahoo
2024-06-18,548.49,547.16,548.62,546.73,548.49,41376400,yahoo
2024-06-20,547.0,549.44,550.12,545.18,547.0,70328200,yahoo
2024-06-21,544.51,544.4,545.65,543.02,544.51,64338600,yahoo
2024-06-24,542.74,544.33,546.95,542.62,542.74,45528700,yahoo
2024-06-25,544.83,543.99,545.2,542.44,544.83,37936200,yahoo
2024-06-26,545.51,543.69,546.24,543.03,545.51,38550600,yahoo
2024-06-27,546.37,545.37,546.96,544.61,546.37,35041500,yahoo
2024-06-28,544.22,547.16,550.28,542.95,544.22,76144500,yahoo
2024-07-01,545.34,545.63,545.88,542.52,545.34,40297800,yahoo
2024-07-02,549.01,543.7,549.01,543.65,549.01,40434800,yahoo
2024-07-03,551.46,548.69,551.83,548.65,551.46,32789900,yahoo
2024-07-05,554.64,551.77,555.05,551.12,554.64,41488400,yahoo
2024-07-08,555.28,555.44,556.25,554.19,555.28,36110500,yahoo
2024-07-09,555.82,556.26,557.18,555.52,555.82,27289700,yahoo
2024-07-10,561.32,557.07,561.67,556.77,561.32,38701200,yahoo
2024-07-11,556.48,561.44,562.33,555.83,556.48,53054200,yahoo
2024-07-12,559.99,557.63,563.67,557.15,559.99,53084400,yahoo
2024-07-15,561.53,562.03,564.84,559.63,561.53,40584300,yahoo
2024-07-16,564.86,562.87,565.16,562.1,564.86,36475300,yahoo
2024-07-17,556.94,558.8,560.51,556.61,556.94,57119000,yahoo
2024-07-18,552.66,558.51,559.52,550.43,552.66,56270400,yahoo
2024-07-19,548.99,552.42,554.08,547.91,548.99,65509100,yahoo
2024-07-22,554.65,553.0,555.27,551.02,554.65,43346700,yahoo
2024-07-23,553.78,554.54,556.74,553.28,553.78,34439600,yahoo
2024-07-24,541.23,548.86,549.17,540.29,541.23,74515300,yahoo
2024-07-25,538.41,541.35,547.46,537.45,538.41,61158300,yahoo
2024-07-26,544.44,542.28,547.19,541.49,544.44,53763800,yahoo
2024-07-29,544.76,546.02,547.05,542.72,544.76,39515800,yahoo
2024-07-30,542.0,546.26,547.34,538.52,542.0,46853600,yahoo
2024-07-31,550.81,548.98,553.5,547.58,550.81,65663400,yahoo
2024-08-01,543.01,552.57,554.87,539.43,543.01,76428700,yahoo
2024-08-02,532.9,535.75,536.99,528.6,532.9,82789100,yahoo
2024-08-05,517.38,511.64,523.58,510.27,517.38,146267400,yahoo
2024-08-06,522.15,519.22,529.75,517.87,522.15,84826300,yahoo
2024-08-07,518.66,528.47,531.59,518.05,518.66,70698300,yahoo
2024-08-08,530.65,523.91,531.29,521.84,530.65,63276600,yahoo
2024-08-09,532.99,529.81,534.51,528.56,532.99,45619600,yahoo
2024-08-12,533.27,534.21,535.73,530.95,533.27,42542100,yahoo
2024-08-13,542.04,536.53,542.28,536.28,542.04,52333100,yahoo
2024-08-14,543.75,542.85,544.96,540.12,543.75,42446900,yahoo
2024-08-15,553.07,549.5,553.36,548.88,553.07,60846800,yahoo
2024-08-16,554.31,551.42,555.02,551.26,554.31,44430700,yahoo
2024-08-19,559.61,554.73,559.61,553.86,559.61,39121800,yahoo
2024-08-20,558.7,559.15,560.84,557.33,558.7,33732300,yahoo
2024-08-21,560.62,559.77,562.11,554.73,560.62,41514600,yahoo
2024-08-22,556.22,562.56,563.18,554.98,556.22,56121500,yahoo
2024-08-23,562.13,559.53,563.09,557.29,562.13,50639400,yahoo
2024-08-26,560.79,563.18,563.91,559.05,560.79,35788600,yahoo
2024-08-27,561.56,559.49,562.06,558.32,561.56,32693900,yahoo
2024-08-28,558.3,561.21,561.65,555.04,558.3,41066000,yahoo
2024-08-29,558.35,560.31,563.68,557.18,558.35,38715200,yahoo
2024-08-30,563.68,560.77,564.2,557.14,563.68,62700100,yahoo
2024-09-03,552.08,560.47,560.81,549.51,552.08,60600100,yahoo
2024-09-04,550.95,550.2,554.43,549.46,550.95,47224900,yahoo
2024-09-05,549.61,550.89,553.8,547.1,549.61,44264300,yahoo
2024-09-06,540.36,549.94,551.6,539.44,540.36,68493800,yahoo
2024-09-09,546.41,544.65,547.71,542.68,546.41,40445800,yahoo
2024-09-10,548.79,548.36,549.15,543.38,548.79,36394600,yahoo
2024-09-11,554.42,548.7,555.36,539.96,554.42,75248600,yahoo
2024-09-12,559.09,555.01,559.4,552.74,559.09,51819600,yahoo
2024-09-13,562.01,559.71,563.03,559.45,562.01,39310500,yahoo
2024-09-16,562.84,561.74,563.11,559.9,562.84,36656100,yahoo
2024-09-17,563.07,565.1,566.58,560.79,563.07,49321000,yahoo
2024-09-18,561.4,563.74,568.69,560.83,561.4,59044900,yahoo
2024-09-19,570.98,571.01,572.88,568.08,570.98,75315500,yahoo
2024-09-20,568.25,567.84,569.31,565.17,568.25,77503100,yahoo
2024-09-23,569.67,569.34,570.33,568.1,569.67,44116900,yahoo
2024-09-24,571.3,570.48,571.36,567.6,571.3,46805700,yahoo
2024-09-25,570.04,571.14,571.89,568.91,570.04,38428600,yahoo
2024-09-26,572.3,574.38,574.71,569.9,572.3,48336000,yahoo
2024-09-27,571.47,573.39,574.22,570.42,571.47,42100900,yahoo
2024-09-30,573.76,570.42,574.38,568.08,573.76,63557400,yahoo
2024-10-01,568.62,573.4,574.06,566.0,568.62,72668800,yahoo
2024-10-02,568.86,567.71,569.9,565.27,568.86,38097800,yahoo
2024-10-03,567.82,567.36,569.8,565.49,567.82,40846500,yahoo
2024-10-04,572.98,572.35,573.36,568.1,572.98,42939100,yahoo
2024-10-07,567.8,571.3,571.96,566.63,567.8,49964700,yahoo
2024-10-08,573.17,570.42,573.78,569.53,573.17,37398700,yahoo
2024-10-09,577.14,573.16,577.71,572.55,577.14,37912200,yahoo
2024-10-10,576.13,575.77,577.58,574.49,576.13,44138100,yahoo
2024-10-11,579.58,576.05,580.33,575.91,579.58,42268000,yahoo
2024-10-14,584.32,581.22,585.27,580.73,584.32,36217200,yahoo
2024-10-15,579.78,584.59,584.9,578.54,579.78,54203600,yahoo
2024-10-16,582.3,579.78,582.83,578.96,582.3,30725400,yahoo
2024-10-17,582.35,585.91,586.12,582.16,582.35,34393700,yahoo
2024-10-18,584.59,584.07,585.39,582.58,584.59,37416800,yahoo
2024-10-21,583.63,583.85,584.85,580.6,583.63,36439000,yahoo
2024-10-22,583.32,581.05,584.5,580.38,583.32,34183800,yahoo
2024-10-23,577.99,581.26,581.71,574.42,577.99,49314600,yahoo
2024-10-24,579.24,579.98,580.06,576.57,579.24,34979900,yahoo
2024-10-25,579.04,581.51,584.46,578.08,579.04,47268200,yahoo
2024-10-28,580.83,582.58,582.71,580.52,580.83,30174700,yahoo
2024-10-29,581.77,579.85,582.91,578.43,581.77,42899700,yahoo
2024-10-30,580.01,581.29,583.32,579.29,580.01,41435800,yahoo
2024-10-31,568.64,575.56,575.63,568.44,568.64,60182500,yahoo
2024-11-01,571.04,571.32,575.55,570.62,571.04,45667500,yahoo
2024-11-04,569.81,571.18,572.5,567.89,569.81,38217000,yahoo
2024-11-05,576.7,570.74,576.74,570.52,576.7,39478300,yahoo
2024-11-06,591.04,589.2,591.93,585.39,591.04,68182000,yahoo
2024-11-07,595.61,593.08,596.65,593.0,595.61,47233200,yahoo
2024-11-08,598.19,596.17,599.64,596.17,598.19,46444900,yahoo
2024-11-11,598.76,599.81,600.17,597.0,598.76,37586800,yahoo
2024-11-12,596.9,598.68,599.29,594.37,596.9,43006100,yahoo
2024-11-13,597.19,597.37,599.23,594.96,597.19,47388600,yahoo
2024-11-14,593.35,597.32,597.81,592.65,593.35,38904100,yahoo
2024-11-15,585.75,589.72,590.2,583.86,585.75,75988800,yahoo
2024-11-18,588.15,586.22,589.49,585.34,588.15,37001700,yahoo
2024-11-19,590.3,584.71,591.04,584.03,590.3,49412000,yahoo
2024-11-20,590.5,590.38,590.79,584.63,590.5,50032600,yahoo
2024-11-21,593.67,593.4,595.12,587.45,593.67,46750300,yahoo
2024-11-22,595.51,593.66,596.15,593.15,595.51,38226400,yahoo
2024-11-25,597.53,599.52,600.86,595.2,597.53,42441400,yahoo
2024-11-26,600.65,598.8,601.33,598.07,600.65,45621300,yahoo
2024-11-27,598.83,600.46,600.85,597.28,598.83,34000200,yahoo
2024-11-29,602.55,599.66,603.35,599.38,602.55,30177400,yahoo
2024-12-02,603.63,602.97,604.32,602.47,603.63,31746000,yahoo
2024-12-03,603.91,603.39,604.16,602.34,603.91,26906600,yahoo
2024-12-04,607.66,605.63,607.91,604.95,607.66,42787600,yahoo
2024-12-05,606.66,607.66,608.48,606.3,606.66,28762200,yahoo
2024-12-06,607.81,607.44,609.07,607.02,607.81,31241500,yahoo
2024-12-09,604.68,607.69,607.86,604.08,604.68,34742700,yahoo
2024-12-10,602.8,605.37,605.8,602.13,602.8,37234500,yahoo
2024-12-11,607.46,605.78,608.43,605.5,607.46,28677700,yahoo
2024-12-12,604.33,606.58,607.16,604.33,604.33,31543800,yahoo
2024-12-13,604.21,606.4,607.13,602.81,604.21,35904700,yahoo
2024-12-16,606.79,606.0,607.78,605.21,606.79,43695200,yahoo
2024-12-17,604.29,604.19,605.17,602.89,604.29,55773500,yahoo
2024-12-18,586.28,603.98,606.41,585.89,586.28,108248700,yahoo
2024-12-19,586.1,591.36,593.0,585.85,586.1,85919500,yahoo
2024-12-20,591.15,581.77,595.75,580.91,591.15,125716700,yahoo
2024-12-23,594.69,590.89,595.3,587.66,594.69,57635800,yahoo
2024-12-24,601.3,596.06,601.34,595.47,601.3,33160100,yahoo
2024-12-26,601.34,599.5,602.48,598.08,601.34,41219100,yahoo
2024-12-27,595.01,597.54,597.78,590.76,595.01,64969300,yahoo
2024-12-30,588.22,587.89,591.74,584.41,588.22,56578800,yahoo
2024-12-31,586.08,589.91,590.64,584.42,586.08,57052700,yahoo
2025-01-02,584.64,589.39,591.13,580.5,584.64,50204000,yahoo
2025-01-03,591.95,587.53,592.6,586.43,591.95,37888500,yahoo
2025-01-06,595.36,596.27,599.7,593.6,595.36,47679400,yahoo
2025-01-07,588.63,597.42,597.75,586.78,588.63,60393100,yahoo
2025-01-08,589.49,588.7,590.58,585.2,589.49,47304700,yahoo
2025-01-10,580.49,585.88,585.95,578.55,580.49,73105000,yahoo
2025-01-13,581.39,575.77,581.75,575.35,581.39,47910100,yahoo
2025-01-14,582.19,584.36,585.0,578.35,582.19,48420600,yahoo
2025-01-15,592.78,590.33,593.94,589.2,592.78,56900200,yahoo
2025-01-16,591.64,594.17,594.35,590.93,591.64,43319700,yahoo
2025-01-17,597.58,596.96,599.36,595.61,597.58,58070600,yahoo
2025-01-21,603.05,600.67,603.06,598.67,603.05,42532900,yahoo
2025-01-22,606.44,605.92,607.82,605.36,606.44,48196000,yahoo
2025-01-23,609.75,605.8,609.75,605.52,609.75,41152100,yahoo
2025-01-24,607.97,609.81,610.78,606.8,607.97,34604700,yahoo
2025-01-27,599.37,594.81,599.69,594.64,599.37,70361100,yahoo
2025-01-28,604.52,600.62,605.37,597.25,604.52,44433300,yahoo
2025-01-29,601.81,603.72,604.13,599.22,601.81,37177400,yahoo
2025-01-30,605.04,603.96,606.6,600.72,605.04,39281300,yahoo
2025-01-31,601.82,607.5,609.96,601.05,601.82,66566900,yahoo
2025-02-03,597.77,592.67,600.29,590.49,597.77,65857200,yahoo
2025-02-04,601.78,597.83,602.3,597.28,601.78,33457800,yahoo
2025-02-05,604.22,600.64,604.37,598.58,604.22,30653100,yahoo
2025-02-06,606.32,605.99,606.45,602.63,606.32,35771500,yahoo
2025-02-07,600.77,606.89,608.13,600.05,600.77,50788500,yahoo
2025-02-10,604.85,604.03,605.5,602.74,604.85,26048700,yahoo
2025-02-11,605.31,602.55,605.86,602.43,605.31,30056700,yahoo
2025-02-12,603.36,599.2,604.55,598.51,603.36,45076100,yahoo
2025-02-13,609.73,604.48,609.94,603.2,609.73,40921300,yahoo
2025-02-14,609.7,609.94,610.99,609.07,609.7,26910400,yahoo
2025-02-18,611.49,610.88,611.49,608.38,611.49,26749000,yahoo
2025-02-19,612.93,610.08,613.23,609.56,612.93,31011100,yahoo
2025-02-20,610.38,611.54,611.68,607.02,610.38,36554000,yahoo
2025-02-21,599.94,610.16,610.3,599.47,599.94,76519800,yahoo
2025-02-24,597.21,602.02,603.03,596.49,597.21,50737200,yahoo
2025-02-25,594.24,597.15,597.89,589.56,594.24,58266500,yahoo
2025-02-26,594.54,595.93,599.58,591.86,594.54,43321600,yahoo
2025-02-27,585.05,596.85,598.02,584.65,585.05,74196700,yahoo
2025-02-28,594.18,585.56,594.72,582.44,594.18,88744100,yahoo
2025-03-03,583.77,596.18,597.34,579.9,583.77,74249200,yahoo
2025-03-04,576.86,579.71,585.39,572.25,576.86,109648200,yahoo
2025-03-05,583.06,576.69,584.88,573.08,583.06,71230500,yahoo
2025-03-06,572.71,575.48,580.17,570.12,572.71,80094900,yahoo
2025-03-07,575.92,570.9,577.39,565.63,575.92,81158800,yahoo
2025-03-10,560.58,567.59,569.54,555.59,560.58,99326600,yahoo
2025-03-11,555.92,559.4,564.02,552.02,555.92,88102100,yahoo
2025-03-12,558.87,562.17,563.11,553.69,558.87,69588200,yahoo
2025-03-13,551.42,558.49,559.11,549.68,551.42,74079400,yahoo
2025-03-14,562.81,556.11,563.83,551.49,562.81,62660300,yahoo
2025-03-17,567.15,562.79,569.71,562.35,567.15,49008700,yahoo
2025-03-18,561.02,564.8,565.02,559.06,561.02,66041400,yahoo
2025-03-19,567.13,562.83,570.95,561.63,567.13,66556000,yahoo
2025-03-20,565.49,563.33,570.57,562.6,565.49,62958200,yahoo
2025-03-21,563.98,559.28,564.89,558.03,563.98,83763000,yahoo
2025-03-24,574.08,570.8,575.15,570.2,574.08,58766800,yahoo
2025-03-25,575.46,575.3,576.41,573.69,575.46,38355700,yahoo
2025-03-26,568.59,575.19,576.33,567.19,568.59,51848300,yahoo
2025-03-27,567.08,567.18,570.9,564.94,567.08,42164200,yahoo
2025-03-28,555.66,565.53,566.27,555.07,555.66,71662700,yahoo
2025-03-31,559.39,549.83,560.71,546.87,559.39,95328200,yahoo
2025-04-01,560.97,557.45,562.94,553.68,560.97,54609600,yahoo
2025-04-02,564.52,555.05,567.42,554.81,564.52,76014500,yahoo
2025-04-03,536.7,545.11,547.97,536.7,536.7,125986000,yahoo
2025-04-04,505.28,523.67,525.87,505.06,505.28,217965100,yahoo
2025-04-07,504.38,489.19,523.17,481.8,504.38,256611400,yahoo
2025-04-08,496.48,521.86,524.98,489.16,496.48,165816600,yahoo
2025-04-09,548.62,493.44,548.62,493.05,548.62,241867300,yahoo
2025-04-10,524.58,532.17,533.5,509.32,524.58,162331200,yahoo
2025-04-11,533.94,523.01,536.43,520.07,533.94,97866300,yahoo
2025-04-14,539.12,544.05,544.28,533.86,539.12,68034000,yahoo
2025-04-15,537.61,539.67,543.23,536.81,537.61,56892900,yahoo
2025-04-16,525.66,531.68,537.89,520.29,525.66,83484800,yahoo
2025-04-17,526.41,527.64,531.17,523.91,526.41,79868100,yahoo
2025-04-21,513.88,521.16,521.7,508.46,513.88,69368100,yahoo
2025-04-22,527.25,520.14,529.3,519.19,527.25,75948100,yahoo
2025-04-23,535.42,540.43,545.43,533.88,535.42,90590700,yahoo
2025-04-24,546.69,536.72,547.43,535.45,546.69,64150400,yahoo
2025-04-25,550.64,546.65,551.05,543.69,550.64,61119600,yahoo
2025-04-28,550.85,551.39,553.55,545.02,550.85,47613800,yahoo
2025-04-29,554.32,548.91,555.45,548.55,554.32,47775100,yahoo
2025-04-30,554.54,547.57,556.52,541.52,554.54,93101500,yahoo
2025-05-01,558.47,560.37,564.07,557.86,558.47,63186100,yahoo
2025-05-02,566.76,564.73,568.38,562.38,566.76,60717300,yahoo
2025-05-05,563.51,562.57,566.65,561.7,563.51,38659200,yahoo
2025-05-06,558.8,557.93,563.35,556.96,558.8,48264700,yahoo
2025-05-07,561.15,560.15,563.82,556.04,561.15,55588000,yahoo
2025-05-08,565.06,565.24,570.31,561.7,565.06,65130800,yahoo
2025-05-09,564.34,566.48,567.5,562.76,564.34,37603400,yahoo
2025-05-12,582.99,581.47,583.0,577.04,582.99,78993600,yahoo
2025-05-13,586.84,583.41,589.08,582.84,586.84,67947200,yahoo
2025-05-14,587.59,587.81,588.98,585.54,587.59,66283500,yahoo
2025-05-15,590.46,585.56,590.97,585.1,590.46,71268100,yahoo
2025-05-16,594.2,591.25,594.5,589.28,594.2,76052100,yahoo
2025-05-19,594.85,588.1,595.54,588.1,594.85,68168500,yahoo
2025-05-20,592.85,593.09,594.05,589.6,592.85,60614500,yahoo
2025-05-21,582.86,588.44,592.58,581.82,582.86,95197700,yahoo
2025-05-22,583.09,582.66,586.62,581.41,583.09,70860400,yahoo
2025-05-23,579.11,575.98,581.81,575.6,579.11,76029000,yahoo
2025-05-27,591.15,586.07,591.31,578.43,591.15,72588500,yahoo
2025-05-28,587.73,591.56,592.77,586.99,587.73,68445500,yahoo
2025-05-29,590.05,593.06,593.2,586.07,590.05,69973300,yahoo
2025-05-30,589.39,588.93,591.13,583.24,589.39,90601200,yahoo
2025-06-02,592.71,587.76,592.79,585.06,592.71,61630500,yahoo
2025-06-03,596.09,592.34,597.08,591.85,596.09,63606200,yahoo
2025-06-04,595.93,596.96,597.95,595.49,595.93,57314200,yahoo
2025-06-05,593.05,597.63,599.0,591.05,593.05,92278700,yahoo
2025-06-06,599.14,598.66,600.83,596.86,599.14,66588700,yahoo
2025-06-09,599.68,599.72,601.25,598.49,599.68,53016400,yahoo
2025-06-10,603.08,600.22,603.47,599.09,603.08,66247000,yahoo
2025-06-11,601.36,604.19,605.06,599.27,601.36,73658200,yahoo
2025-06-12,603.75,600.01,603.75,599.52,603.75,64129000,yahoo
2025-06-13,597.0,598.5,601.85,595.48,597.0,89506000,yahoo
2025-06-16,602.68,600.4,604.45,600.22,602.68,79984100,yahoo
2025-06-17,597.53,600.21,601.75,596.76,597.53,82209400,yahoo
2025-06-18,597.44,598.44,601.22,596.47,597.44,76605000,yahoo
2025-06-20,594.28,598.38,599.46,592.86,594.28,94051400,yahoo
2025-06-23,600.15,595.04,600.54,591.89,600.15,87426000,yahoo
2025-06-24,606.78,604.33,607.85,603.41,606.78,67735300,yahoo
2025-06-25,607.12,607.91,608.61,605.54,607.12,62114800,yahoo
2025-06-26,611.87,608.99,612.31,608.37,611.87,78548400,yahoo
2025-06-27,614.91,612.88,616.39,610.83,614.91,86258400,yahoo
2025-06-30,617.85,617.38,619.22,615.04,617.85,92502500,yahoo
2025-07-01,617.65,616.36,618.83,615.52,617.65,70030100,yahoo
2025-07-02,620.45,617.24,620.49,616.61,620.45,66510400,yahoo
2025-07-03,625.34,622.45,626.28,622.43,625.34,51065800,yahoo
2025-07-07,620.68,623.36,624.03,617.87,620.68,74814500,yahoo
2025-07-08,620.34,621.35,622.11,619.52,620.34,59024600,yahoo
2025-07-09,624.06,622.77,624.72,620.91,624.06,66113300,yahoo
2025-07-10,625.82,624.2,626.87,623.01,625.82,57529000,yahoo
2025-07-11,623.62,622.74,624.86,621.53,623.62,63670200,yahoo
2025-07-14,624.81,623.16,625.16,621.8,624.81,51898500,yahoo
2025-07-15,622.14,627.52,627.86,622.06,622.14,74317300,yahoo
2025-07-16,624.22,623.74,624.73,618.05,624.22,88987500,yahoo
2025-07-17,628.04,624.4,628.4,624.18,628.04,68885700,yahoo
2025-07-18,627.58,629.3,629.47,626.46,627.58,65621600,yahoo
2025-07-21,628.77,628.77,631.54,628.34,628.77,63375000,yahoo
2025-07-22,628.86,629.1,629.73,626.19,628.86,60046300,yahoo
2025-07-23,634.21,631.55,634.21,629.73,634.21,70511000,yahoo
2025-07-24,634.42,634.6,636.15,633.99,634.42,71307100,yahoo
2025-07-25,637.1,635.09,637.58,634.84,637.1,56865400,yahoo
2025-07-28,636.94,637.48,638.04,635.54,636.94,54917100,yahoo
2025-07-29,635.26,638.35,638.67,634.34,635.26,60556300,yahoo
2025-07-30,634.46,635.92,637.68,631.54,634.46,80418900,yahoo
2025-07-31,632.08,639.46,639.85,630.77,632.08,103385200,yahoo
2025-08-01,621.72,626.3,626.34,619.29,621.72,140103600,yahoo
2025-08-04,631.17,625.67,631.22,625.58,631.17,73218000,yahoo
2025-08-05,627.97,631.79,632.61,627.04,627.97,68051400,yahoo
2025-08-06,632.78,629.05,633.44,628.13,632.78,64357500,yahoo
2025-08-07,632.25,636.24,636.98,629.11,632.25,74205800,yahoo
2025-08-08,637.18,634.06,637.65,633.74,637.18,64051600,yahoo
2025-08-11,635.92,637.46,638.95,634.66,635.92,58742300,yahoo
2025-08-12,642.69,638.29,642.85,636.79,642.69,64730800,yahoo
2025-08-13,644.89,644.91,646.19,642.68,644.89,60092800,yahoo
2025-08-14,644.95,642.79,645.62,642.34,644.95,59327500,yahoo
2025-08-15,643.44,645.99,646.09,642.52,643.44,68592500,yahoo
2025-08-18,643.3,642.86,644.0,642.18,643.3,43804900,yahoo
2025-08-19,639.81,643.12,644.11,638.48,639.81,69750700,yahoo
2025-08-20,638.11,639.4,639.66,632.95,638.11,88890300,yahoo
2025-08-21,635.55,636.28,637.97,633.81,635.55,54805800,yahoo
2025-08-22,645.31,637.76,646.5,637.25,645.31,84083200,yahoo
2025-08-25,642.47,644.04,645.29,642.35,642.47,51274300,yahoo
2025-08-26,645.16,642.2,645.51,641.57,645.16,51581600,yahoo
2025-08-27,646.63,644.57,647.37,644.42,646.63,48341100,yahoo
2025-08-28,648.92,647.24,649.48,645.34,648.92,61519500,yahoo
2025-08-29,645.05,647.47,647.84,643.14,645.05,74522200,yahoo
2025-09-02,640.27,637.5,640.49,634.92,640.27,81983500,yahoo
2025-09-03,643.74,642.67,644.21,640.46,643.74,70820900,yahoo
2025-09-04,649.12,644.42,649.15,643.51,649.12,65219200,yahoo
2025-09-05,647.24,651.48,652.21,643.33,647.24,85178900,yahoo
2025-09-08,648.83,648.62,649.84,647.23,648.83,63133100,yahoo
2025-09-09,650.33,648.97,650.86,647.22,650.33,66133900,yahoo
2025-09-10,652.21,653.62,654.55,650.63,652.21,78034500,yahoo
2025-09-11,657.63,654.18,658.33,653.59,657.63,69934400,yahoo
2025-09-12,657.41,657.6,659.11,656.9,657.41,72780100,yahoo
2025-09-15,660.91,659.64,661.04,659.34,660.91,63772400,yahoo
2025-09-16,660.0,661.47,661.78,659.21,660.0,61169000,yahoo
2025-09-17,659.18,660.01,661.72,654.3,659.18,101952200,yahoo
2025-09-18,662.26,661.89,664.89,660.27,662.26,90459200,yahoo
2025-09-19,663.7,662.33,664.55,660.37,663.7,97945600,yahoo
2025-09-22,666.84,662.2,667.29,662.17,666.84,69452200,yahoo
2025-09-23,663.21,666.72,667.34,661.98,663.21,81708900,yahoo
2025-09-24,661.1,664.51,664.61,659.67,661.1,68082200,yahoo
2025-09-25,658.05,657.94,659.41,654.41,658.05,89622100,yahoo
2025-09-26,661.82,659.51,662.37,657.88,661.82,69179200,yahoo
2025-09-29,663.68,664.36,665.28,661.86,663.68,73499000,yahoo
2025-09-30,666.18,662.93,666.65,661.61,666.18,86288000,yahoo
2025-10-01,668.45,663.17,669.37,663.06,668.45,72545400,yahoo
2025-10-02,669.22,670.45,670.57,666.78,669.22,56896000,yahoo
2025-10-03,669.21,669.99,672.68,668.16,669.21,70494400,yahoo
2025-10-06,671.61,671.62,672.51,669.46,671.61,54623300,yahoo
2025-10-07,669.12,672.54,672.99,667.67,669.12,72020100,yahoo
2025-10-08,673.11,670.25,673.21,669.42,673.11,60702200,yahoo
2025-10-09,671.16,673.53,673.94,669.21,671.16,66501900,yahoo
2025-10-10,653.02,672.13,673.95,652.84,653.02,159422600,yahoo
2025-10-13,663.04,660.65,665.13,659.77,663.04,79560500,yahoo
2025-10-14,662.23,657.17,665.83,653.17,662.23,88779600,yahoo
2025-10-15,665.17,666.82,670.23,658.93,665.17,81702600,yahoo
2025-10-16,660.64,666.82,668.71,657.11,660.64,110563300,yahoo
2025-10-17,664.39,659.5,665.76,658.14,664.39,96500900,yahoo
2025-10-20,671.3,667.32,672.21,667.27,671.3,60493400,yahoo
2025-10-21,671.29,671.44,672.99,669.98,671.29,56249000,yahoo
2025-10-22,667.8,672.0,672.0,663.3,667.8,80564000,yahoo
2025-10-23,671.76,668.12,672.71,667.8,671.76,65604500,yahoo
2025-10-24,677.25,676.46,678.47,675.65,677.25,74356500,yahoo
2025-10-27,685.24,682.73,685.54,682.12,685.24,63339800,yahoo
2025-10-28,687.06,687.05,688.91,684.83,687.06,61738100,yahoo
2025-10-29,687.39,688.72,689.7,682.87,687.39,85657100,yahoo
2025-10-30,679.83,683.9,685.94,679.83,679.83,76335800,yahoo
2025-10-31,682.06,685.04,685.08,679.24,682.06,87164100,yahoo
2025-11-03,683.34,685.67,685.8,679.94,683.34,57315000,yahoo
2025-11-04,675.24,676.11,679.96,674.58,675.24,78427000,yahoo
2025-11-05,677.58,674.98,680.86,674.17,677.58,74402400,yahoo
2025-11-06,670.31,676.47,677.38,668.72,670.31,85035300,yahoo
2025-11-07,670.97,667.91,671.08,661.21,670.97,100592400,yahoo
2025-11-10,681.44,677.24,682.18,675.03,681.44,75842900,yahoo
2025-11-11,683.0,679.95,683.57,678.73,683.0,58953400,yahoo
2025-11-12,683.38,684.79,684.96,680.95,683.38,62312500,yahoo
2025-11-13,672.04,680.5,680.86,670.52,672.04,103457800,yahoo
2025-11-14,671.93,665.38,675.66,663.27,671.93,96846700,yahoo
2025-11-17,665.67,669.7,673.71,662.17,665.67,90456100,yahoo
2025-11-18,660.08,662.1,665.12,655.86,660.08,114467500,yahoo
2025-11-19,662.63,660.78,667.34,658.75,662.63,94703000,yahoo
2025-11-20,652.53,672.91,675.56,651.89,652.53,165293500,yahoo
2025-11-21,659.03,655.05,664.55,650.85,659.03,123956200,yahoo
2025-11-24,668.73,662.69,670.06,661.59,668.73,80437900,yahoo
2025-11-25,675.02,668.63,676.21,664.48,675.02,81077100,yahoo
2025-11-26,679.68,677.63,681.7,676.72,679.68,71879600,yahoo
2025-11-28,683.39,680.86,683.67,680.5,683.39,49212000,yahoo
2025-12-01,680.27,678.81,682.99,678.74,680.27,61201200,yahoo
2025-12-02,681.53,681.92,683.82,679.33,681.53,62953800,yahoo
2025-12-03,683.89,680.57,684.91,679.69,683.89,57238500,yahoo
2025-12-04,684.39,685.3,685.37,681.34,684.39,61970300,yahoo
2025-12-05,685.69,685.47,688.39,684.58,685.69,79241000,yahoo
2025-12-08,683.63,686.59,686.64,681.57,683.63,55231500,yahoo
2025-12-09,683.04,683.15,685.39,682.59,683.04,58310100,yahoo
2025-12-10,687.57,682.56,688.97,681.31,687.57,85671300,yahoo
2025-12-11,689.17,685.14,689.25,682.17,689.17,86173700,yahoo
2025-12-12,681.76,688.17,688.88,679.17,681.76,113160300,yahoo
2025-12-15,680.73,685.74,685.76,679.25,680.73,90811000,yahoo
2025-12-16,678.87,679.23,681.08,674.98,678.87,122030600,yahoo
2025-12-17,671.4,679.89,680.44,671.2,671.4,110625200,yahoo
2025-12-18,676.47,677.6,680.74,674.9,676.47,108650100,yahoo
2025-12-19,680.59,676.59,681.09,676.47,680.59,103599500,yahoo
2025-12-22,684.83,683.94,685.36,680.59,684.83,69556700,yahoo
2025-12-23,687.96,683.92,688.2,683.87,687.96,64840000,yahoo
2025-12-24,690.38,687.95,690.83,687.8,690.38,39445600,yahoo
2025-12-26,690.31,690.64,691.66,689.27,690.31,41613300,yahoo
2025-12-29,687.85,687.54,689.2,686.07,687.85,62559500,yahoo
2025-12-30,687.01,687.45,688.56,686.58,687.01,47160700,yahoo
2025-12-31,681.92,687.14,687.36,681.71,681.92,74144800,yahoo
2026-01-02,683.17,685.71,686.87,679.82,683.17,89377200,yahoo
2026-01-05,687.72,686.54,689.43,686.38,687.72,71927200,yahoo
2026-01-06,691.81,687.93,692.32,687.78,691.81,69273800,yahoo
2026-01-07,689.58,692.19,693.96,689.32,689.58,75588300,yahoo
2026-01-08,689.51,688.82,690.62,687.49,689.51,64019200,yahoo
2026-01-09,694.07,690.63,695.31,689.18,694.07,80125500,yahoo
2026-01-12,695.16,690.68,696.09,690.63,695.16,63976000,yahoo
2026-01-13,693.77,695.49,696.09,691.35,693.77,78309700,yahoo
2026-01-14,690.36,691.0,691.72,686.04,690.36,94676700,yahoo
2026-01-15,692.24,694.57,695.45,691.25,692.24,77862000,yahoo
2026-01-16,691.66,693.66,694.25,690.1,691.66,79289200,yahoo
2026-01-20,677.58,681.49,684.77,676.57,677.58,111623300,yahoo
2026-01-21,685.4,679.65,688.74,678.13,685.4,127844500,yahoo
2026-01-22,688.98,689.85,691.13,686.92,688.98,77112200,yahoo
2026-01-23,689.23,688.15,690.96,687.16,689.23,63059600,yahoo
2026-01-26,692.73,690.49,694.13,689.92,692.73,60473800,yahoo
2026-01-27,695.49,694.18,696.53,693.57,695.49,55506100,yahoo
2026-01-28,695.42,697.05,697.84,693.94,695.42,61172200,yahoo
2026-01-29,694.04,696.39,697.06,684.83,694.04,97486200,yahoo
2026-01-30,691.97,691.79,694.21,687.12,691.97,101835100,yahoo
2026-02-02,695.41,689.58,696.93,689.42,695.41,79286500,yahoo
2026-02-03,689.53,696.21,696.96,684.03,689.53,107904600,yahoo
2026-02-04,686.19,690.35,691.45,681.76,686.19,105204600,yahoo
2026-02-05,677.62,680.94,683.69,675.79,677.62,113610800,yahoo
2026-02-06,690.62,681.46,692.31,680.85,690.62,89127600,yahoo
2026-02-09,693.95,689.42,695.87,688.34,693.95,73885200,yahoo
2026-02-10,692.12,694.95,696.54,691.66,692.12,65185700,yahoo
2026-02-11,691.96,696.39,697.14,689.18,691.96,76353900,yahoo
2026-02-12,681.27,694.24,695.35,680.37,681.27,118829000,yahoo
2026-02-13,681.75,681.69,686.28,677.52,681.75,96267500,yahoo
2026-02-17,682.85,680.14,684.94,675.78,682.85,81354700,yahoo
2026-02-18,686.29,684.02,689.15,682.83,686.29,73570300,yahoo
2026-02-19,684.48,683.84,686.18,681.55,684.48,58649400,yahoo
2026-02-20,689.43,682.32,690.06,681.73,689.43,100034000,yahoo
2026-02-23,682.39,687.83,690.0,680.37,682.39,90558100,yahoo
2026-02-24,687.35,681.9,688.35,680.0,687.35,73798700,yahoo
2026-02-25,693.15,690.18,693.68,690.1,693.15,56369500,yahoo
2026-02-26,689.3,693.28,693.3,684.35,689.3,71671000,yahoo
2026-02-27,685.99,683.09,686.86,681.64,685.99,83308900,yahoo
2026-03-02,686.38,678.7,688.62,678.02,686.38,87477200,yahoo
2026-03-03,680.33,675.06,682.61,669.66,680.33,105003100,yahoo
2026-03-04,685.13,681.63,687.09,679.62,685.13,79182200,yahoo
2026-03-05,681.31,682.08,685.53,675.61,681.31,106606500,yahoo
2026-03-06,672.38,673.41,676.11,669.76,672.38,100687000,yahoo
2026-03-09,678.27,666.39,679.92,662.39,678.27,102667700,yahoo
2026-03-10,677.18,677.72,683.36,674.76,677.18,81505300,yahoo
2026-03-11,676.33,677.58,680.08,673.34,676.33,68441700,yahoo
2026-03-12,666.06,671.16,671.65,665.87,666.06,108882200,yahoo
2026-03-13,662.29,669.27,672.34,661.36,662.29,97200200,yahoo
2026-03-16,669.03,668.38,672.07,667.12,669.03,82023100,yahoo
2026-03-17,670.79,672.39,674.44,669.7,670.79,87128000,yahoo
2026-03-18,661.43,668.36,669.72,661.19,661.43,82062600,yahoo
2026-03-19,659.8,656.97,662.98,655.17,659.8,111272500,yahoo
2026-03-20,648.57,656.51,656.69,644.72,648.57,163617500,yahoo
2026-03-23,655.38,658.07,662.62,653.94,655.38,134802700,yahoo
2026-03-24,653.18,651.32,657.03,649.88,653.18,96457500,yahoo
2026-03-25,656.82,658.67,660.89,654.24,656.82,90653800,yahoo
2026-03-26,645.09,652.06,654.85,644.82,645.09,96494400,yahoo
2026-03-27,634.09,642.5,642.66,633.11,634.09,103649400,yahoo
2026-03-30,631.97,640.11,640.37,629.28,631.97,99275900,yahoo
2026-03-31,650.34,638.94,651.54,637.98,650.34,152534100,yahoo
2026-04-01,655.24,653.9,658.52,653.0,655.24,97841500,yahoo
2026-04-02,655.83,646.42,658.2,645.11,655.83,68358700,yahoo
2026-04-06,658.93,655.86,659.72,655.52,658.93,39105800,yahoo
2026-04-07,659.22,656.65,659.61,651.06,659.22,69980400,yahoo
2026-04-08,676.01,676.39,677.08,671.46,676.01,93606100,yahoo
2026-04-09,679.91,674.84,681.16,673.77,679.91,57134400,yahoo
2026-04-10,679.46,681.32,682.03,678.45,679.46,42253500,yahoo
2026-04-13,686.1,677.41,686.3,676.58,686.1,54185800,yahoo
2026-04-14,694.46,687.69,694.58,687.66,694.46,63480500,yahoo
2026-04-15,699.94,695.26,700.28,694.2,699.94,58240400,yahoo
2026-04-16,701.66,701.06,702.78,698.53,701.66,49972400,yahoo
2026-04-17,710.14,706.14,712.39,705.76,710.14,70661900,yahoo
2026-04-20,708.72,708.78,709.91,706.14,708.72,43546800,yahoo
2026-04-21,704.08,710.28,711.28,702.64,704.08,58941400,yahoo
2026-04-22,711.21,709.15,711.45,708.22,711.21,42518500,yahoo
2026-04-23,708.45,709.5,712.36,702.28,708.45,56174000,yahoo
2026-04-24,713.94,710.75,714.47,709.01,713.94,45182000,yahoo
2026-04-27,715.17,713.17,715.63,712.3,715.17,33135900,yahoo
2026-04-28,711.69,711.82,712.88,709.25,711.69,43117400,yahoo
2026-04-29,711.58,711.0,712.2,708.37,711.58,41859200,yahoo
2026-04-30,718.66,714.63,719.79,710.45,718.66,67240900,yahoo
2026-05-01,720.65,721.25,724.87,720.47,720.65,43049800,yahoo
2026-05-04,718.01,720.07,722.12,714.99,718.01,51950600,yahoo
2026-05-05,723.77,721.77,725.04,721.49,723.77,36933200,yahoo
2026-05-06,733.83,728.16,734.59,727.82,733.83,53288900,yahoo
2026-05-07,731.58,735.05,736.13,729.75,731.58,51724600,yahoo
2026-05-08,737.62,734.93,738.08,734.57,737.62,47227100,yahoo
2026-05-11,739.3,736.45,740.79,736.45,739.3,44024000,yahoo
2026-05-12,738.18,736.89,738.84,731.83,738.18,54185300,yahoo
2026-05-13,742.31,738.47,743.91,735.47,742.31,44200200,yahoo
2026-05-14,748.17,743.65,749.53,743.56,748.17,45307600,yahoo
2026-05-15,739.17,741.79,743.46,737.96,739.17,60410800,yahoo
2026-05-18,738.65,739.83,741.42,733.39,738.65,47843900,yahoo
2026-05-19,733.73,734.78,737.65,731.53,733.73,54255900,yahoo
2026-05-20,741.25,735.71,741.87,733.89,741.25,45768000,yahoo
2026-05-21,742.72,738.64,744.87,737.03,742.72,43332200,yahoo
2026-05-22,745.64,746.24,748.94,744.48,745.64,41762000,yahoo
2026-05-26,750.59,750.01,752.13,748.37,750.59,41123600,yahoo
2026-05-27,750.46,750.88,751.38,748.22,750.46,42106300,yahoo
2026-05-28,754.6,750.25,755.15,749.23,754.6,41562600,yahoo
2026-05-29,756.48,755.9,758.08,754.69,756.48,55075700,yahoo
2026-06-01,758.54,755.36,760.28,754.69,758.54,43634900,yahoo
2026-06-02,759.57,757.03,760.4,756.75,759.57,31581900,yahoo
2026-06-03,754.24,758.15,758.8,753.57,754.24,51402500,yahoo
2026-06-04,757.09,752.1,758.31,751.47,757.09,49923000,yahoo
2026-06-05,737.55,752.31,752.82,735.53,737.55,93989400,yahoo
2026-06-08,739.22,743.36,745.34,738.19,739.22,49319100,yahoo
2026-06-09,737.05,743.63,746.9,722.59,737.05,87683500,yahoo
2026-06-10,725.43,733.39,738.38,725.33,725.43,60341300,yahoo
2026-06-11,737.76,728.76,740.0,724.41,737.76,86330500,yahoo
2026-06-12,741.75,740.71,744.44,735.03,741.75,57079500,yahoo
2026-06-15,754.83,751.85,756.68,751.76,754.83,60176400,yahoo
2026-06-16,750.33,754.55,755.44,749.88,750.33,67093100,yahoo
2026-06-17,740.96,751.29,752.15,739.22,740.96,85945200,yahoo
2026-06-18,746.74,747.76,748.23,743.86,746.74,80875700,yahoo
2026-06-22,744.39,747.7,750.18,743.13,744.39,46628100,yahoo
2026-06-23,733.58,733.81,739.63,732.3,733.58,66846800,yahoo
2026-06-24,733.24,735.17,739.95,730.84,733.24,57439500,yahoo
2026-06-25,734.3,738.91,739.37,729.6,734.3,53934400,yahoo
2026-06-26,728.99,728.95,736.53,716.58,728.99,71034000,yahoo
2026-06-29,741.0,736.53,741.56,732.09,741.0,58035200,yahoo
2026-06-30,746.77,741.29,748.02,740.89,746.77,55626000,yahoo
2026-07-01,745.76,745.0,749.44,742.38,745.76,47100900,yahoo
2026-07-02,744.78,747.4,751.31,740.03,744.78,57447800,yahoo
2026-07-06,751.28,748.74,752.41,747.41,751.28,50673300,yahoo
2026-07-07,747.71,750.22,750.96,745.21,747.71,43721500,yahoo
2026-07-08,745.4,743.16,746.15,739.51,745.4,43767400,yahoo
2026-07-09,751.71,747.35,751.97,745.59,751.71,41441700,yahoo
2026-07-10,754.95,752.05,755.42,748.1,754.95,42191300,yahoo
2026-07-13,749.17,752.47,753.91,748.0,749.17,44013600,yahoo
2026-07-14,751.83,750.91,753.34,748.66,751.83,35143100,yahoo
2026-07-15,754.81,754.24,755.58,750.2,754.81,43844800,yahoo
2026-07-16,750.72,752.76,754.57,747.88,750.72,46409800,yahoo
2026-07-17,743.29,742.08,747.29,740.8,743.29,62651000,yahoo
2026-07-20,742.09,747.06,748.73,741.51,742.09,50422300,yahoo
2026-07-21,748.28,746.29,749.04,744.18,748.28,34324300,yahoo
2026-07-22,747.41,746.62,750.02,746.37,747.41,32836200,yahoo
2026-07-23,738.18,739.37,742.56,735.21,738.18,55437300,yahoo
2026-07-24,738.93,738.51,743.72,737.29,738.93,44782000,yahoo
2026-07-27,739.09,744.91,745.53,735.87,739.09,41461200,yahoo
2026-07-28,740.86,739.19,742.79,735.98,740.86,47322200,yahoo
2026-07-29,729.46,739.97,742.68,729.1,729.46,70697200,yahoo
2026-07-30,741.69,736.05,742.45,734.59,741.69,66811300,yahoo
2026-07-31,747.03,744.68,748.9,737.68,747.03,62445900,yahoo
2026-08-03,757.67,749.44,758.58,748.8,757.67,59927500,yahoo
2026-08-04,771.33,760.63,773.41,760.52,771.33,69154800,yahoo
2026-08-05,769.79,775.85,776.85,769.51,769.79,44689100,yahoo
2026-08-06,768.56,770.21,771.82,767.46,768.56,38416900,yahoo
2026-08-07,773.26,771.02,773.92,769.61,773.26,43586300,yahoo
2026-08-10,773.03,772.6,775.05,771.62,773.03,39249500,yahoo
2026-08-11,770.56,774.53,774.61,769.2,770.56,36740600,yahoo
2026-08-12,772.49,774.71,774.9,771.28,772.49,33179100,yahoo
2026-08-13,777.88,774.87,779.37,774.11,777.88,35634500,yahoo
2026-08-14,776.34,778.54,778.8,775.43,776.34,31367900,yahoo
2026-08-17,772.67,776.18,776.78,772.51,772.67,34356600,yahoo
2026-08-18,767.45,768.7,769.5,766.92,767.45,43920900,yahoo
2026-08-19,769.06,770.36,772.47,768.1,769.06,40306000,yahoo
2026-08-20,762.6,765.96,768.15,762.04,762.6,45520300,yahoo
2026-08-21,765.72,766.05,767.85,764.17,765.72,39188700,yahoo
2026-08-24,763.47,764.78,765.22,762.08,763.47,32430900,yahoo
2026-08-25,765.91,766.16,766.78,763.05,765.91,27422300,yahoo
2026-08-26,766.08,764.73,767.35,763.93,766.08,28751600,yahoo
2026-08-27,771.1,768.5,772.36,767.16,771.1,34557100,yahoo
2026-08-28,769.35,771.76,775.3,768.31,769.35,36744300,yahoo
2026-08-31,767.05,767.33,768.0,764.72,767.05,38810800,yahoo
2026-09-01,761.78,762.01,764.67,759.48,761.78,41126300,yahoo
2026-09-02,765.16,762.45,766.43,761.73,765.16,29566200,yahoo
2026-09-03,773.17,767.9,774.03,767.45,773.17,43531600,yahoo
2026-09-04,770.19,772.01,772.87,769.0,770.19,34054200,yahoo
2026-09-08,765.96,769.07,769.7,765.14,765.96,44746100,yahoo
2026-09-09,762.4,764.08,764.47,760.94,762.4,32812400,yahoo
2026-09-10,757.83,758.03,760.11,756.64,757.83,42740400,yahoo
2026-09-11,764.29,764.72,766.38,763.6,764.29,45512700,yahoo
2026-09-14,760.88,759.0,763.52,757.93,760.88,43992400,yahoo
2026-09-15,757.39,760.12,760.35,756.15,757.39,46195000,yahoo
2026-09-16,754.05,759.5,761.67,749.6,754.05,59217700,yahoo
2026-09-17,762.6,763.15,763.57,759.96,762.6,49652800,yahoo
2026-09-18,761.69,761.31,762.0,757.97,761.69,65395100,yahoo
2026-09-21,773.5,766.25,774.89,766.03,773.5,50484700,yahoo
2026-09-22,773.38,774.03,775.14,772.57,773.38,34802300,yahoo
2026-09-23,767.81,772.79,773.05,766.5,767.81,54931700,yahoo
2026-09-24,767.18,764.07,768.95,763.25,767.18,43983700,yahoo
2026-09-25,771.35,768.78,772.28,766.29,771.35,36629600,yahoo
